rep,host,t,Ec
0,0,1000.0,1.0
0,0,2000.0,0.0
0,0,3000.0,0.24631242781236
0,0,4000.0,0.33896467684098
0,0,5000.0,0.23984953928419
0,0,6000.0,0.17381329645712
0,0,7000.0,0.32536113151716
0,0,8000.0,0.31943618938554
0,0,9000.0,0.20351327097967
0,0,10000.0,0.28993807435092
0,0,11000.0,0.25429297843604
0,0,12000.0,0.2087997914396
0,0,13000.0,0.33929211715502
0,0,14000.0,0.26625378153435
0,0,15000.0,0.19940074898781
0,0,16000.0,0.29803576909202
0,0,17000.0,0.2468758169979
0,0,18000.0,0.26598313141248
0,0,19000.0,0.31976032081524
0,0,20000.0,0.2159262151343
0,0,21000.0,0.25677519075337
0,0,22000.0,0.22835365470381
0,0,23000.0,0.15437741530111
0,0,24000.0,0.27353755050647
0,0,25000.0,0.23068742345544
0,0,26000.0,0.21809712148002
0,0,27000.0,0.24193338302238
0,0,28000.0,0.29186745655634
0,0,29000.0,0.21937082651427
0,0,30000.0,0.21470042534156
0,0,31000.0,0.29241057726825
0,0,32000.0,0.20947907310533
0,0,33000.0,0.20141268230632
0,0,34000.0,0.2738744777697
0,0,35000.0,0.25996554106308
0,0,36000.0,0.25252358339997
0,0,37000.0,0.22655991962475
0,0,38000.0,0.17559152959082
0,0,39000.0,0.27908384678219
0,0,40000.0,0.23154134038011
0,0,41000.0,0.12419373250902
0,0,42000.0,0.12936534004879
0,0,43000.0,0.16010072425312
0,0,44000.0,0.22196627368157
0,0,45000.0,0.070908189560642
0,0,46000.0,0.10796415974817
0,0,47000.0,0.18535461796744
0,0,48000.0,0.17232880692763
0,0,49000.0,0.18401286381046
0,0,50000.0,0.14372525968061
0,1,1000.0,1.0
0,1,2000.0,0.0
0,1,3000.0,0.30660048110595
0,1,4000.0,0.38927481774938
0,1,5000.0,0.29039278912565
0,1,6000.0,0.29623960276726
0,1,7000.0,0.31732998971666
0,1,8000.0,0.3495404293969
0,1,9000.0,0.34744385961319
0,1,10000.0,0.32333881101715
0,1,11000.0,0.29700142640008
0,1,12000.0,0.29401621211845
0,1,13000.0,0.27195271720584
0,1,14000.0,0.31616706896308
0,1,15000.0,0.25603407544464
0,1,16000.0,0.22752217316989
0,1,17000.0,0.21141178661795
0,1,18000.0,0.32072922941106
0,1,19000.0,0.30543046326893
0,1,20000.0,0.23500108155089
0,1,21000.0,0.28094670959341
0,1,22000.0,0.28075918776691
0,1,23000.0,0.22694071746127
0,1,24000.0,0.32252592443852
0,1,25000.0,0.25399857645949
0,1,26000.0,0.24061760464092
0,1,27000.0,0.3271676926932
0,1,28000.0,0.34653724144203
0,1,29000.0,0.19858946019864
0,1,30000.0,0.2529786381498
0,1,31000.0,0.31664137534889
0,1,32000.0,0.24944668768032
0,1,33000.0,0.32502710250106
0,1,34000.0,0.29542621968084
0,1,35000.0,0.27649899336197
0,1,36000.0,0.35995409618176
0,1,37000.0,0.25074814347003
0,1,38000.0,0.16605515958838
0,1,39000.0,0.3457293449458
0,1,40000.0,0.3466696378014
0,1,41000.0,0.16356551872332
0,1,42000.0,0.18011314437279
0,1,43000.0,0.25929714921057
0,1,44000.0,0.29653327185455
0,1,45000.0,0.23304766415009
0,1,46000.0,0.30713734387754
0,1,47000.0,0.29665157598145
0,1,48000.0,0.27570674319028
0,1,49000.0,0.29424047025312
0,1,50000.0,0.20205551682469
0,2,1000.0,1.0
0,2,2000.0,0.0
0,2,3000.0,0.23886004475475
0,2,4000.0,0.33625962628772
0,2,5000.0,0.25743906882532
0,2,6000.0,0.20044980290527
0,2,7000.0,0.32028055882955
0,2,8000.0,0.32882660804517
0,2,9000.0,0.30011710863167
0,2,10000.0,0.29147098435139
0,2,11000.0,0.15313960652202
0,2,12000.0,0.21089244540095
0,2,13000.0,0.30055384872892
0,2,14000.0,0.28665764691627
0,2,15000.0,0.088767368041624
0,2,16000.0,0.32457431132952
0,2,17000.0,0.207419007796
0,2,18000.0,0.33707477102628
0,2,19000.0,0.31180988040642
0,2,20000.0,0.18752859860092
0,2,21000.0,0.26465858897891
0,2,22000.0,0.29930659577696
0,2,23000.0,0.22748680970937
0,2,24000.0,0.34086652372258
0,2,25000.0,0.23206937169582
0,2,26000.0,0.27862410836477
0,2,27000.0,0.35585790730127
0,2,28000.0,0.33373460681112
0,2,29000.0,0.20148706968727
0,2,30000.0,0.31893972061954
0,2,31000.0,0.31888839192159
0,2,32000.0,0.24283835744763
0,2,33000.0,0.29683521158938
0,2,34000.0,0.23837272762853
0,2,35000.0,0.27847232291851
0,2,36000.0,0.33312642052843
0,2,37000.0,0.31010869179765
0,2,38000.0,0.18546703833974
0,2,39000.0,0.3383888360355
0,2,40000.0,0.34070895200395
0,2,41000.0,0.19802221286911
0,2,42000.0,0.27058686894788
0,2,43000.0,0.24650241999545
0,2,44000.0,0.32558159410744
0,2,45000.0,0.19141751373573
0,2,46000.0,0.32511958703452
0,2,47000.0,0.24654210410761
0,2,48000.0,0.32169229016453
0,2,49000.0,0.31919978530957
0,2,50000.0,0.2283696660648
0,4,1000.0,1.0
0,4,2000.0,0.0
0,4,3000.0,0.36095811839549
0,4,4000.0,0.4778340128205
0,4,5000.0,0.42372206531128
0,4,6000.0,0.33454200465047
0,4,7000.0,0.39928661604661
0,4,8000.0,0.4649713857795
0,4,9000.0,0.31820061798743
0,4,10000.0,0.44683625148851
0,4,11000.0,0.39333762221574
0,4,12000.0,0.36052572175246
0,4,13000.0,0.43023836882222
0,4,14000.0,0.45332236394296
0,4,15000.0,0.4139052675169
0,4,16000.0,0.40921496995709
0,4,17000.0,0.40340141198426
0,4,18000.0,0.40688045077667
0,4,19000.0,0.48471043671358
0,4,20000.0,0.43949783779266
0,4,21000.0,0.3759720154549
0,4,22000.0,0.4587787642668
0,4,23000.0,0.44757205864614
0,4,24000.0,0.41730886403965
0,4,25000.0,0.45677580601935
0,4,26000.0,0.44548588997054
0,4,27000.0,0.44974389261237
0,4,28000.0,0.49563686729585
0,4,29000.0,0.46479288501902
0,4,30000.0,0.41651505989255
0,4,31000.0,0.48473298064068
0,4,32000.0,0.44616744308687
0,4,33000.0,0.46351911754244
0,4,34000.0,0.48442041458953
0,4,35000.0,0.45328493596761
0,4,36000.0,0.47577755212368
0,4,37000.0,0.49049084231025
0,4,38000.0,0.43139184589165
0,4,39000.0,0.49408107779361
0,4,40000.0,0.50526466191706
0,4,41000.0,0.45779539132182
0,4,42000.0,0.3889484324339
0,4,43000.0,0.44038506506182
0,4,44000.0,0.48584789507406
0,4,45000.0,0.43289259150058
0,4,46000.0,0.48427259739169
0,4,47000.0,0.48936435930048
0,4,48000.0,0.4725541396126
0,4,49000.0,0.49209303200276
0,4,50000.0,0.46289608721407
0,5,1000.0,1.0
0,5,2000.0,0.0
0,5,3000.0,0.27836483651189
0,5,4000.0,0.32355442232218
0,5,5000.0,0.28492188110909
0,5,6000.0,0.22068066891236
0,5,7000.0,0.27660407779349
0,5,8000.0,0.32739015102402
0,5,9000.0,0.30350766939216
0,5,10000.0,0.2622685711118
0,5,11000.0,0.36347408342178
0,5,12000.0,0.34724745773914
0,5,13000.0,0.36050089220572
0,5,14000.0,0.30830400185314
0,5,15000.0,0.38186262476112
0,5,16000.0,0.36682839585401
0,5,17000.0,0.22650001094661
0,5,18000.0,0.35653366554321
0,5,19000.0,0.36388529315375
0,5,20000.0,0.37305337566917
0,5,21000.0,0.37301437203581
0,5,22000.0,0.26055018248441
0,5,23000.0,0.36518662590374
0,5,24000.0,0.35081127539921
0,5,25000.0,0.36919090162005
0,5,26000.0,0.31657804355257
0,5,27000.0,0.32770359490566
0,5,28000.0,0.32546002839064
0,5,29000.0,0.35031982962372
0,5,30000.0,0.39411199427721
0,5,31000.0,0.38199969467148
0,5,32000.0,0.31657500081148
0,5,33000.0,0.30968807362736
0,5,34000.0,0.37232902248577
0,5,35000.0,0.41155441891911
0,5,36000.0,0.42226147335081
0,5,37000.0,0.37831663733441
0,5,38000.0,0.34215135450154
0,5,39000.0,0.4027875166286
0,5,40000.0,0.4207113575393
0,5,41000.0,0.38250451312086
0,5,42000.0,0.41528205183665
0,5,43000.0,0.26452743865429
0,5,44000.0,0.42169647786781
0,5,45000.0,0.32334157392875
0,5,46000.0,0.35679220391023
0,5,47000.0,0.39451317450169
0,5,48000.0,0.37582931994353
0,5,49000.0,0.40763176783718
0,5,50000.0,0.38637144472723
0,6,1000.0,1.0
0,6,2000.0,0.0
0,6,3000.0,0.28417746565159
0,6,4000.0,0.40776672020398
0,6,5000.0,0.30905696517749
0,6,6000.0,0.22421900351397
0,6,7000.0,0.31280643334479
0,6,8000.0,0.33848686620917
0,6,9000.0,0.35437726813748
0,6,10000.0,0.31926251289206
0,6,11000.0,0.25474293855242
0,6,12000.0,0.33307444413446
0,6,13000.0,0.33679588697534
0,6,14000.0,0.3570359445687
0,6,15000.0,0.35863101658058
0,6,16000.0,0.3823374198454
0,6,17000.0,0.28991691232307
0,6,18000.0,0.38248233669975
0,6,19000.0,0.41334630789636
0,6,20000.0,0.30855207987221
0,6,21000.0,0.39003297411643
0,6,22000.0,0.38028923261295
0,6,23000.0,0.32515268299209
0,6,24000.0,0.37518893016098
0,6,25000.0,0.35739091951322
0,6,26000.0,0.32947370454756
0,6,27000.0,0.42009260696481
0,6,28000.0,0.42908455747915
0,6,29000.0,0.37309969937361
0,6,30000.0,0.33940917984831
0,6,31000.0,0.43873459797516
0,6,32000.0,0.35352153325271
0,6,33000.0,0.43876316362438
0,6,34000.0,0.45511265574611
0,6,35000.0,0.41443802509229
0,6,36000.0,0.4699981550497
0,6,37000.0,0.42719908671939
0,6,38000.0,0.36132119156309
0,6,39000.0,0.4537305590311
0,6,40000.0,0.46485194704971
0,6,41000.0,0.3606214386257
0,6,42000.0,0.39048324863143
0,6,43000.0,0.41780475635821
0,6,44000.0,0.45385913748362
0,6,45000.0,0.45729710955892
0,6,46000.0,0.47259521726096
0,6,47000.0,0.48989509396851
0,6,48000.0,0.49219923176013
0,6,49000.0,0.47648394277829
0,6,50000.0,0.36008054231942
0,7,1000.0,1.0
0,7,2000.0,0.0
0,7,3000.0,0.049996717274344
0,7,4000.0,0.096358416028831
0,7,5000.0,0.0
0,7,6000.0,0.058892048061179
0,7,7000.0,0.13908557278109
0,7,8000.0,0.10474487144267
0,7,9000.0,0.0075560243327674
0,7,10000.0,0.13190100584191
0,7,11000.0,0.055256962916484
0,7,12000.0,0.0
0,7,13000.0,0.13980523572647
0,7,14000.0,0.10999704693926
0,7,15000.0,0.13018670613158
0,7,16000.0,0.013235336972672
0,7,17000.0,0.055160297918646
0,7,18000.0,0.12793998203925
0,7,19000.0,0.0
0,7,20000.0,0.025689400550789
0,7,21000.0,0.10886376269951
0,7,22000.0,0.0046525815651519
0,7,23000.0,0.0
0,7,24000.0,0.11218985647368
0,7,25000.0,0.073877987608646
0,7,26000.0,0.067292215073691
0,7,27000.0,0.019028060580425
0,7,28000.0,0.097437341263717
0,7,29000.0,0.025139304358911
0,7,30000.0,0.054177660928508
0,7,31000.0,0.0075133594954884
0,7,32000.0,0.0087148127244928
0,7,33000.0,0.02297440851482
0,7,34000.0,0.0
0,7,35000.0,0.072382710011218
0,7,36000.0,0.09658647825211
0,7,37000.0,0.018055995226488
0,7,38000.0,0.0
0,7,39000.0,0.17900351805517
0,7,40000.0,0.1243574350567
0,7,41000.0,0.0
0,7,42000.0,0.056705148266944
0,7,43000.0,0.085129760128577
0,7,44000.0,0.15121217641717
0,7,45000.0,0.05162560623453
0,7,46000.0,0.083314691346363
0,7,47000.0,0.052928740790747
0,7,48000.0,0.062554741809947
0,7,49000.0,0.10658725039457
0,7,50000.0,0.043241989749649
0,8,1000.0,1.0
0,8,2000.0,0.0
0,8,3000.0,0.0
0,8,4000.0,0.12658459082371
0,8,5000.0,0.065173541285852
0,8,6000.0,0.060222894246632
0,8,7000.0,0.095853737163549
0,8,8000.0,0.057141979950791
0,8,9000.0,0.075828504074589
0,8,10000.0,0.13752053175494
0,8,11000.0,0.0
0,8,12000.0,0.16151342666551
0,8,13000.0,0.21215884975522
0,8,14000.0,0.16186300798955
0,8,15000.0,0.08976425880569
0,8,16000.0,0.18575923281115
0,8,17000.0,0.10585048338119
0,8,18000.0,0.050600111889926
0,8,19000.0,0.11332604010813
0,8,20000.0,0.033373363821605
0,8,21000.0,0.084828993039915
0,8,22000.0,0.040076215283002
0,8,23000.0,0.084780973212695
0,8,24000.0,0.10467150322601
0,8,25000.0,0.059627181770453
0,8,26000.0,0.070564700908012
0,8,27000.0,0.10590977848915
0,8,28000.0,0.16388019879315
0,8,29000.0,0.053169857206861
0,8,30000.0,0.0
0,8,31000.0,0.13414347655087
0,8,32000.0,0.012140394868361
0,8,33000.0,0.07955392447708
0,8,34000.0,0.079082998452752
0,8,35000.0,0.055222284483725
0,8,36000.0,0.050955814000251
0,8,37000.0,0.10896159165648
0,8,38000.0,0.0
0,8,39000.0,0.20240709706789
0,8,40000.0,0.23624339837894
0,8,41000.0,0.087419138520499
0,8,42000.0,0.033286955608826
0,8,43000.0,0.15625376978538
0,8,44000.0,0.15829683438228
0,8,45000.0,0.048759308160219
0,8,46000.0,0.034331641975531
0,8,47000.0,0.10684357175915
0,8,48000.0,0.082784176193157
0,8,49000.0,0.12857990691381
0,8,50000.0,0.11637310824526
0,9,1000.0,1.0
0,9,2000.0,0.0
0,9,3000.0,0.37287858621239
0,9,4000.0,0.3971040669117
0,9,5000.0,0.38110725497537
0,9,6000.0,0.31295675041812
0,9,7000.0,0.36692803527013
0,9,8000.0,0.42073817723178
0,9,9000.0,0.32679275138912
0,9,10000.0,0.39891882118537
0,9,11000.0,0.364365278799
0,9,12000.0,0.312989831859
0,9,13000.0,0.35684523461669
0,9,14000.0,0.3471138625744
0,9,15000.0,0.35568062841608
0,9,16000.0,0.3022014766985
0,9,17000.0,0.26850010410437
0,9,18000.0,0.37936110136639
0,9,19000.0,0.3870999457113
0,9,20000.0,0.27480712379557
0,9,21000.0,0.29490238080512
0,9,22000.0,0.23207454288743
0,9,23000.0,0.25301156583487
0,9,24000.0,0.36644954476109
0,9,25000.0,0.36855107957338
0,9,26000.0,0.2842765833731
0,9,27000.0,0.33136215245428
0,9,28000.0,0.32261363275354
0,9,29000.0,0.29597550675667
0,9,30000.0,0.31913991835336
0,9,31000.0,0.33533205236928
0,9,32000.0,0.20084632318873
0,9,33000.0,0.32752570006134
0,9,34000.0,0.33994793286885
0,9,35000.0,0.30131208583315
0,9,36000.0,0.40386475634394
0,9,37000.0,0.2209929105109
0,9,38000.0,0.25527264544843
0,9,39000.0,0.28874085611871
0,9,40000.0,0.33311172299838
0,9,41000.0,0.11926529585571
0,9,42000.0,0.23473260346252
0,9,43000.0,0.19091087980932
0,9,44000.0,0.33075591097781
0,9,45000.0,0.22471481187303
0,9,46000.0,0.27693181918549
0,9,47000.0,0.32493472837431
0,9,48000.0,0.27522783916379
0,9,49000.0,0.26930229741742
0,9,50000.0,0.22601724936608
0,10,1000.0,1.0
0,10,2000.0,0.0
0,10,3000.0,0.31466141686491
0,10,4000.0,0.47657050847702
0,10,5000.0,0.30323246277934
0,10,6000.0,0.40118695870035
0,10,7000.0,0.34279707612961
0,10,8000.0,0.38244305275349
0,10,9000.0,0.48474948555511
0,10,10000.0,0.39345588672713
0,10,11000.0,0.39608961081608
0,10,12000.0,0.45710900269591
0,10,13000.0,0.49211314803034
0,10,14000.0,0.44842646762503
0,10,15000.0,0.50064333171067
0,10,16000.0,0.47497308999515
0,10,17000.0,0.44211360921906
0,10,18000.0,0.47276268410277
0,10,19000.0,0.47705540230931
0,10,20000.0,0.44999287698717
0,10,21000.0,0.5095507922124
0,10,22000.0,0.49516485267792
0,10,23000.0,0.46530924888572
0,10,24000.0,0.51176772699101
0,10,25000.0,0.51627685641085
0,10,26000.0,0.49804862502072
0,10,27000.0,0.51964187954532
0,10,28000.0,0.53588169972224
0,10,29000.0,0.46306203953668
0,10,30000.0,0.52644209010217
0,10,31000.0,0.49003003819256
0,10,32000.0,0.49364550559445
0,10,33000.0,0.49776537562284
0,10,34000.0,0.49354954970078
0,10,35000.0,0.48713743545995
0,10,36000.0,0.52747471692641
0,10,37000.0,0.53447210587193
0,10,38000.0,0.40305374658479
0,10,39000.0,0.54992426889987
0,10,40000.0,0.52839711176437
0,10,41000.0,0.45958005195566
0,10,42000.0,0.51575566474618
0,10,43000.0,0.50046647814233
0,10,44000.0,0.53069710216052
0,10,45000.0,0.5079051165237
0,10,46000.0,0.54278791271953
0,10,47000.0,0.5394573907391
0,10,48000.0,0.54542442048451
0,10,49000.0,0.50327014632114
0,10,50000.0,0.55662416815931
0,11,1000.0,1.0
0,11,2000.0,0.0
0,11,3000.0,0.28830222144495
0,11,4000.0,0.35528756574935
0,11,5000.0,0.32743263004841
0,11,6000.0,0.25812930786018
0,11,7000.0,0.35112126479445
0,11,8000.0,0.38543613865414
0,11,9000.0,0.33939400659319
0,11,10000.0,0.39407738515242
0,11,11000.0,0.39481521867862
0,11,12000.0,0.32822592058077
0,11,13000.0,0.39764719254448
0,11,14000.0,0.28022608930769
0,11,15000.0,0.344467601239
0,11,16000.0,0.28080467960749
0,11,17000.0,0.14282924298626
0,11,18000.0,0.36332380759746
0,11,19000.0,0.33707512364668
0,11,20000.0,0.31184447109695
0,11,21000.0,0.34997245478563
0,11,22000.0,0.24485630469962
0,11,23000.0,0.31319121360569
0,11,24000.0,0.35110400199726
0,11,25000.0,0.3465396892632
0,11,26000.0,0.34454526825561
0,11,27000.0,0.33211460540164
0,11,28000.0,0.31033307195087
0,11,29000.0,0.33615117442765
0,11,30000.0,0.34665735155406
0,11,31000.0,0.32440322658534
0,11,32000.0,0.28804778449869
0,11,33000.0,0.31859089566701
0,11,34000.0,0.26842573742151
0,11,35000.0,0.35561526840436
0,11,36000.0,0.39231007192395
0,11,37000.0,0.32815994902371
0,11,38000.0,0.27242217617351
0,11,39000.0,0.36576446994117
0,11,40000.0,0.34581782592517
0,11,41000.0,0.27232294556062
0,11,42000.0,0.33149557862318
0,11,43000.0,0.22181795601797
0,11,44000.0,0.32422895812215
0,11,45000.0,0.26210507704561
0,11,46000.0,0.21482179495186
0,11,47000.0,0.27757580958033
0,11,48000.0,0.34062367382673
0,11,49000.0,0.30786231768733
0,11,50000.0,0.26039461797146
0,12,1000.0,1.0
0,12,2000.0,0.0
0,12,3000.0,0.056053455825283
0,12,4000.0,0.25070079494738
0,12,5000.0,0.07404773065968
0,12,6000.0,0.17892599235345
0,12,7000.0,0.10174148893823
0,12,8000.0,0.093171886663256
0,12,9000.0,0.19838832759858
0,12,10000.0,0.17124293861055
0,12,11000.0,0.082107322304766
0,12,12000.0,0.015019759296364
0,12,13000.0,0.16689156913777
0,12,14000.0,0.018353525715033
0,12,15000.0,0.095693371724426
0,12,16000.0,0.13620548771827
0,12,17000.0,0.0
0,12,18000.0,0.14199888406983
0,12,19000.0,0.10223311550043
0,12,20000.0,0.0
0,12,21000.0,0.1792473558354
0,12,22000.0,0.064567947224582
0,12,23000.0,0.0
0,12,24000.0,0.15703464438677
0,12,25000.0,0.099751476870263
0,12,26000.0,0.069952730277287
0,12,27000.0,0.10812145471524
0,12,28000.0,0.13087768085144
0,12,29000.0,0.0
0,12,30000.0,0.15217832307209
0,12,31000.0,0.039733372466695
0,12,32000.0,0.057452612675301
0,12,33000.0,0.1830477376928
0,12,34000.0,0.059853886844742
0,12,35000.0,0.00020458710749049
0,12,36000.0,0.15704117288496
0,12,37000.0,0.10054010652985
0,12,38000.0,0.0
0,12,39000.0,0.22149507829932
0,12,40000.0,0.08741460750494
0,12,41000.0,0.0
0,12,42000.0,0.039619469788482
0,12,43000.0,0.070866645238255
0,12,44000.0,0.088554592319985
0,12,45000.0,0.034881785471293
0,12,46000.0,0.06294910865139
0,12,47000.0,0.11569010495044
0,12,48000.0,0.13201536189932
0,12,49000.0,0.16710108073245
0,12,50000.0,0.01497524137434
0,13,1000.0,1.0
0,13,2000.0,0.0
0,13,3000.0,0.17542016468815
0,13,4000.0,0.26319762859054
0,13,5000.0,0.16183876962721
0,13,6000.0,0.13179223733849
0,13,7000.0,0.22922785855312
0,13,8000.0,0.18306119745339
0,13,9000.0,0.16600484574164
0,13,10000.0,0.18512917405351
0,13,11000.0,0.088385539822236
0,13,12000.0,0.16114153725652
0,13,13000.0,0.21412061640284
0,13,14000.0,0.12269764397567
0,13,15000.0,0.17206772799247
0,13,16000.0,0.14095206066661
0,13,17000.0,0.12587486293783
0,13,18000.0,0.17721683686311
0,13,19000.0,0.14711230739825
0,13,20000.0,0.0
0,13,21000.0,0.1774047912759
0,13,22000.0,0.11381297379371
0,13,23000.0,0.14432727124492
0,13,24000.0,0.23803510144342
0,13,25000.0,0.22550497329404
0,13,26000.0,0.14723719246674
0,13,27000.0,0.2309900889261
0,13,28000.0,0.25741683271291
0,13,29000.0,0.18081269712024
0,13,30000.0,0.16724007272295
0,13,31000.0,0.25350544176463
0,13,32000.0,0.090628511479293
0,13,33000.0,0.16949788421614
0,13,34000.0,0.19684275947747
0,13,35000.0,0.15561461121622
0,13,36000.0,0.236862371546
0,13,37000.0,0.17685408171347
0,13,38000.0,0.029339183363343
0,13,39000.0,0.21993917755099
0,13,40000.0,0.20104424690898
0,13,41000.0,0.0
0,13,42000.0,0.061813890400236
0,13,43000.0,0.095791813883208
0,13,44000.0,0.15542200971271
0,13,45000.0,0.11518555572348
0,13,46000.0,0.19255288048622
0,13,47000.0,0.14283622677994
0,13,48000.0,0.16039702636743
0,13,49000.0,0.17431705611319
0,13,50000.0,0.0
0,14,1000.0,1.0
0,14,2000.0,0.0
0,14,3000.0,0.27304311773427
0,14,4000.0,0.3816324956548
0,14,5000.0,0.31299123423212
0,14,6000.0,0.28835146393809
0,14,7000.0,0.36868262058871
0,14,8000.0,0.36909122187262
0,14,9000.0,0.27367843455559
0,14,10000.0,0.30630005413801
0,14,11000.0,0.22047572753248
0,14,12000.0,0.28790887024012
0,14,13000.0,0.35451795023579
0,14,14000.0,0.24643339825893
0,14,15000.0,0.30953018817661
0,14,16000.0,0.33045731417827
0,14,17000.0,0.24102902064141
0,14,18000.0,0.32512825756408
0,14,19000.0,0.36045748528811
0,14,20000.0,0.31225099475186
0,14,21000.0,0.2777324797812
0,14,22000.0,0.31377924965041
0,14,23000.0,0.24015427186167
0,14,24000.0,0.33370025550267
0,14,25000.0,0.26960586660505
0,14,26000.0,0.34395282008536
0,14,27000.0,0.31796605053894
0,14,28000.0,0.32381518536294
0,14,29000.0,0.31511683423501
0,14,30000.0,0.26303563352752
0,14,31000.0,0.31653154942171
0,14,32000.0,0.30896252990256
0,14,33000.0,0.2954024748444
0,14,34000.0,0.27223708657194
0,14,35000.0,0.29497777998194
0,14,36000.0,0.30156881124587
0,14,37000.0,0.26229648630267
0,14,38000.0,0.24068564518153
0,14,39000.0,0.34659496997166
0,14,40000.0,0.31324238811268
0,14,41000.0,0.2732408317576
0,14,42000.0,0.22444944860191
0,14,43000.0,0.26603753039918
0,14,44000.0,0.32988824596544
0,14,45000.0,0.2261619744751
0,14,46000.0,0.2618157922164
0,14,47000.0,0.25977947036716
0,14,48000.0,0.29039515598158
0,14,49000.0,0.31528764727445
0,14,50000.0,0.28700893574262
0,15,1000.0,1.0
0,15,2000.0,0.0
0,15,3000.0,0.1348019170029
0,15,4000.0,0.26007868325364
0,15,5000.0,0.03202982301319
0,15,6000.0,0.068306422488889
0,15,7000.0,0.21242868743554
0,15,8000.0,0.24637216536251
0,15,9000.0,0.1436882304196
0,15,10000.0,0.17003224630049
0,15,11000.0,0.17063100711091
0,15,12000.0,0.20366915434869
0,15,13000.0,0.20477439772893
0,15,14000.0,0.24520337357325
0,15,15000.0,0.22988618672012
0,15,16000.0,0.18326171030823
0,15,17000.0,0.16179686725414
0,15,18000.0,0.24064722588539
0,15,19000.0,0.14136409043515
0,15,20000.0,0.1982816759775
0,15,21000.0,0.19354441536278
0,15,22000.0,0.16135840923524
0,15,23000.0,0.14610919704376
0,15,24000.0,0.2023889493472
0,15,25000.0,0.20000093340348
0,15,26000.0,0.21674441998327
0,15,27000.0,0.084251412191243
0,15,28000.0,0.21979227417882
0,15,29000.0,0.12065500577544
0,15,30000.0,0.1506632766542
0,15,31000.0,0.1605531176634
0,15,32000.0,0.14479882866307
0,15,33000.0,0.1373358421609
0,15,34000.0,0.13846092494391
0,15,35000.0,0.17409396867982
0,15,36000.0,0.20657624070857
0,15,37000.0,0.15162382240521
0,15,38000.0,0.077399855845481
0,15,39000.0,0.19207233383074
0,15,40000.0,0.2117361948699
0,15,41000.0,0.0
0,15,42000.0,0.12686548790703
0,15,43000.0,0.12086257413962
0,15,44000.0,0.18328244098595
0,15,45000.0,0.0
0,15,46000.0,0.18256930800418
0,15,47000.0,0.17715617075629
0,15,48000.0,0.16433729261697
0,15,49000.0,0.20910700364724
0,15,50000.0,0.048349841101085
0,16,1000.0,1.0
0,16,2000.0,0.0
0,16,3000.0,0.19679321902362
0,16,4000.0,0.32812637259165
0,16,5000.0,0.21390392725276
0,16,6000.0,0.0
0,16,7000.0,0.30848917023612
0,16,8000.0,0.34463842055698
0,16,9000.0,0.27396109278963
0,16,10000.0,0.33860313920338
0,16,11000.0,0.22670663687274
0,16,12000.0,0.30187829495963
0,16,13000.0,0.33473653971935
0,16,14000.0,0.34349316675757
0,16,15000.0,0.22412294499041
0,16,16000.0,0.28123186496417
0,16,17000.0,0.28129382009362
0,16,18000.0,0.36232473546257
0,16,19000.0,0.38318615382766
0,16,20000.0,0.30287742135891
0,16,21000.0,0.35183858658009
0,16,22000.0,0.31417835944831
0,16,23000.0,0.27831610757103
0,16,24000.0,0.4241704304572
0,16,25000.0,0.44361060848172
0,16,26000.0,0.40498291544989
0,16,27000.0,0.38847836490215
0,16,28000.0,0.41645188774761
0,16,29000.0,0.43183089799039
0,16,30000.0,0.47636767762254
0,16,31000.0,0.46779757891689
0,16,32000.0,0.43060110350368
0,16,33000.0,0.48092652072773
0,16,34000.0,0.4707885605725
0,16,35000.0,0.38325249746362
0,16,36000.0,0.47643346909701
0,16,37000.0,0.39922767968443
0,16,38000.0,0.45091143781518
0,16,39000.0,0.38225449139075
0,16,40000.0,0.47445668832738
0,16,41000.0,0.35523140232105
0,16,42000.0,0.38958264949995
0,16,43000.0,0.43743329509992
0,16,44000.0,0.44163483988938
0,16,45000.0,0.41578789994171
0,16,46000.0,0.41351657580109
0,16,47000.0,0.43034299848747
0,16,48000.0,0.39001990976285
0,16,49000.0,0.4088372836885
0,16,50000.0,0.29879648754365
0,17,1000.0,1.0
0,17,2000.0,0.0
0,17,3000.0,0.18543450835388
0,17,4000.0,0.32171074529533
0,17,5000.0,0.24218922887759
0,17,6000.0,0.024394159079941
0,17,7000.0,0.29448749456956
0,17,8000.0,0.24524910805691
0,17,9000.0,0.18644356224346
0,17,10000.0,0.27497036112435
0,17,11000.0,0.19281380653276
0,17,12000.0,0.18633840687629
0,17,13000.0,0.30596353444648
0,17,14000.0,0.19614432033925
0,17,15000.0,0.14208340379665
0,17,16000.0,0.26717803724857
0,17,17000.0,0.066456920462174
0,17,18000.0,0.20756214994226
0,17,19000.0,0.20948222671357
0,17,20000.0,0.12629432471055
0,17,21000.0,0.16503660897622
0,17,22000.0,0.16910508520786
0,17,23000.0,0.11054408763158
0,17,24000.0,0.15445287082074
0,17,25000.0,0.25948853684457
0,17,26000.0,0.14116557084787
0,17,27000.0,0.21164135104983
0,17,28000.0,0.27958148426096
0,17,29000.0,0.1462845771775
0,17,30000.0,0.17884165257053
0,17,31000.0,0.29167614806311
0,17,32000.0,0.22178426726399
0,17,33000.0,0.28066985483315
0,17,34000.0,0.27986137288274
0,17,35000.0,0.23824845571615
0,17,36000.0,0.34610929210997
0,17,37000.0,0.31841459212708
0,17,38000.0,0.13432124921379
0,17,39000.0,0.33333670681744
0,17,40000.0,0.35688392217623
0,17,41000.0,0.14620390605354
0,17,42000.0,0.19970706603951
0,17,43000.0,0.24166441230253
0,17,44000.0,0.27760888000187
0,17,45000.0,0.16875587425105
0,17,46000.0,0.23114782816003
0,17,47000.0,0.29050853874955
0,17,48000.0,0.26720473726534
0,17,49000.0,0.2434318919534
0,17,50000.0,0.13870150112029
0,18,1000.0,1.0
0,18,2000.0,0.0
0,18,3000.0,0.3372060465315
0,18,4000.0,0.42292769822589
0,18,5000.0,0.31972332371529
0,18,6000.0,0.22548837717692
0,18,7000.0,0.28647989689717
0,18,8000.0,0.39286310977827
0,18,9000.0,0.26621579227509
0,18,10000.0,0.31534276082099
0,18,11000.0,0.40753219690053
0,18,12000.0,0.36423345743344
0,18,13000.0,0.39862276542692
0,18,14000.0,0.41980166523759
0,18,15000.0,0.4247786685774
0,18,16000.0,0.42185105635379
0,18,17000.0,0.40938989680188
0,18,18000.0,0.40562916764291
0,18,19000.0,0.41867689130204
0,18,20000.0,0.43927530756132
0,18,21000.0,0.44527684058212
0,18,22000.0,0.40734095813174
0,18,23000.0,0.38339218142189
0,18,24000.0,0.48499580369405
0,18,25000.0,0.4777094680192
0,18,26000.0,0.4188592337452
0,18,27000.0,0.38219983983336
0,18,28000.0,0.46705189297461
0,18,29000.0,0.47689298075364
0,18,30000.0,0.48589895304214
0,18,31000.0,0.42245072586396
0,18,32000.0,0.47368232803281
0,18,33000.0,0.37310984135214
0,18,34000.0,0.45728933960521
0,18,35000.0,0.48041003133225
0,18,36000.0,0.50472797310919
0,18,37000.0,0.42262929956934
0,18,38000.0,0.38554396291247
0,18,39000.0,0.52573468582873
0,18,40000.0,0.50997340774917
0,18,41000.0,0.48340262456433
0,18,42000.0,0.52301050733087
0,18,43000.0,0.38480087800655
0,18,44000.0,0.54619799528796
0,18,45000.0,0.34937147843701
0,18,46000.0,0.46061856325337
0,18,47000.0,0.48324410093544
0,18,48000.0,0.47151061882756
0,18,49000.0,0.52565201275004
0,18,50000.0,0.49685163995979
0,19,1000.0,1.0
0,19,2000.0,0.0
0,19,3000.0,0.18658040745525
0,19,4000.0,0.37786946440725
0,19,5000.0,0.26800678763442
0,19,6000.0,0.1926396591592
0,19,7000.0,0.2622181540802
0,19,8000.0,0.3676152925939
0,19,9000.0,0.34585453411377
0,19,10000.0,0.14520883856716
0,19,11000.0,0.25515636992773
0,19,12000.0,0.35850964712724
0,19,13000.0,0.23850666688478
0,19,14000.0,0.22154665014614
0,19,15000.0,0.34904007176798
0,19,16000.0,0.28207862910828
0,19,17000.0,0.18875319716494
0,19,18000.0,0.33486345174519
0,19,19000.0,0.29095113893692
0,19,20000.0,0.25711051028006
0,19,21000.0,0.29346677737882
0,19,22000.0,0.26110572681404
0,19,23000.0,0.2480878422303
0,19,24000.0,0.342688900546
0,19,25000.0,0.27012840390439
0,19,26000.0,0.29807782214891
0,19,27000.0,0.35404890574524
0,19,28000.0,0.31893414105824
0,19,29000.0,0.31022507993675
0,19,30000.0,0.34999708932382
0,19,31000.0,0.3388654660133
0,19,32000.0,0.34324233455221
0,19,33000.0,0.30044261248051
0,19,34000.0,0.33159950646138
0,19,35000.0,0.33663434252529
0,19,36000.0,0.39540553458337
0,19,37000.0,0.33959666566218
0,19,38000.0,0.27960153868881
0,19,39000.0,0.37942890205376
0,19,40000.0,0.32336848723206
0,19,41000.0,0.28774860047193
0,19,42000.0,0.37827077000544
0,19,43000.0,0.16245509462662
0,19,44000.0,0.3660648887942
0,19,45000.0,0.25468325818752
0,19,46000.0,0.34404890370326
0,19,47000.0,0.39952245222794
0,19,48000.0,0.35406404379523
0,19,49000.0,0.3357585366015
0,19,50000.0,0.31955794148928
0,20,1000.0,1.0
0,20,2000.0,0.0
0,20,3000.0,0.23985776207554
0,20,4000.0,0.34436974808609
0,20,5000.0,0.23559163498552
0,20,6000.0,0.14853299891052
0,20,7000.0,0.28434640591436
0,20,8000.0,0.31795118378019
0,20,9000.0,0.2562973513781
0,20,10000.0,0.29386081742863
0,20,11000.0,0.27918625101856
0,20,12000.0,0.20539420114939
0,20,13000.0,0.3290625347
0,20,14000.0,0.27497267995951
0,20,15000.0,0.27180147328322
0,20,16000.0,0.294990068281
0,20,17000.0,0.21952130486995
0,20,18000.0,0.30219501457136
0,20,19000.0,0.34857761141793
0,20,20000.0,0.29617429958997
0,20,21000.0,0.18275160963335
0,20,22000.0,0.25552390645526
0,20,23000.0,0.19447778568101
0,20,24000.0,0.24937997547946
0,20,25000.0,0.18865782737197
0,20,26000.0,0.32483048837257
0,20,27000.0,0.30722003532097
0,20,28000.0,0.26324845525644
0,20,29000.0,0.30381523520572
0,20,30000.0,0.26870865349051
0,20,31000.0,0.29226190380048
0,20,32000.0,0.26625193203379
0,20,33000.0,0.32560944331003
0,20,34000.0,0.32345250331515
0,20,35000.0,0.13775624529284
0,20,36000.0,0.3615830553121
0,20,37000.0,0.31547261554852
0,20,38000.0,0.17022274582997
0,20,39000.0,0.30429555400843
0,20,40000.0,0.3004811621426
0,20,41000.0,0.21338040218664
0,20,42000.0,0.13799638588376
0,20,43000.0,0.16152930044598
0,20,44000.0,0.29566418841036
0,20,45000.0,0.14996653286543
0,20,46000.0,0.10743297326766
0,20,47000.0,0.25416175528449
0,20,48000.0,0.22021296156394
0,20,49000.0,0.28210964824184
0,20,50000.0,0.20160446326821
0,21,1000.0,1.0
0,21,2000.0,0.0
0,21,3000.0,0.19971516767481
0,21,4000.0,0.3245790556805
0,21,5000.0,0.12511385802605
0,21,6000.0,0.24125026400731
0,21,7000.0,0.27006089107252
0,21,8000.0,0.1824550608796
0,21,9000.0,0.28182201965136
0,21,10000.0,0.26399279079531
0,21,11000.0,0.12941697509559
0,21,12000.0,0.22224034222174
0,21,13000.0,0.27890684583361
0,21,14000.0,0.21625375988875
0,21,15000.0,0.18897871849675
0,21,16000.0,0.2092205536765
0,21,17000.0,0.14473729351568
0,21,18000.0,0.27440926340893
0,21,19000.0,0.23846684446164
0,21,20000.0,0.14333254230241
0,21,21000.0,0.27414432268534
0,21,22000.0,0.22433169017738
0,21,23000.0,0.11414614134551
0,21,24000.0,0.24763606411309
0,21,25000.0,0.24071069504102
0,21,26000.0,0.22464702491963
0,21,27000.0,0.224061864547
0,21,28000.0,0.27270583983718
0,21,29000.0,0.18561279835181
0,21,30000.0,0.21409607662823
0,21,31000.0,0.21744279286229
0,21,32000.0,0.17445904395746
0,21,33000.0,0.20740915432428
0,21,34000.0,0.14730902820344
0,21,35000.0,0.19314193938714
0,21,36000.0,0.25689688311812
0,21,37000.0,0.19541573931894
0,21,38000.0,0.0
0,21,39000.0,0.18144802422072
0,21,40000.0,0.22536758187437
0,21,41000.0,0.061482493647824
0,21,42000.0,0.12011717700155
0,21,43000.0,0.16855627372374
0,21,44000.0,0.18995037565471
0,21,45000.0,0.13290171230878
0,21,46000.0,0.16322888507162
0,21,47000.0,0.14479916075175
0,21,48000.0,0.17054928285132
0,21,49000.0,0.097668312339033
0,21,50000.0,0.039851842244264
0,22,1000.0,1.0
0,22,2000.0,0.0
0,22,3000.0,0.30616313175989
0,22,4000.0,0.39842320738878
0,22,5000.0,0.26114856610016
0,22,6000.0,0.28045647663687
0,22,7000.0,0.31966971510679
0,22,8000.0,0.34451870154186
0,22,9000.0,0.4089987961741
0,22,10000.0,0.34507727633185
0,22,11000.0,0.35470643126329
0,22,12000.0,0.35509102068601
0,22,13000.0,0.32492960542663
0,22,14000.0,0.3772827704974
0,22,15000.0,0.44059806133149
0,22,16000.0,0.40722154072389
0,22,17000.0,0.26477875430511
0,22,18000.0,0.4373633806833
0,22,19000.0,0.42808898635643
0,22,20000.0,0.35149912974516
0,22,21000.0,0.39797600586983
0,22,22000.0,0.26078650981084
0,22,23000.0,0.30255150205602
0,22,24000.0,0.37528293411042
0,22,25000.0,0.42614347619394
0,22,26000.0,0.33385497354926
0,22,27000.0,0.36258563191539
0,22,28000.0,0.37659347617843
0,22,29000.0,0.29328277065665
0,22,30000.0,0.37533064731879
0,22,31000.0,0.33937779534378
0,22,32000.0,0.31802554529109
0,22,33000.0,0.41149750399776
0,22,34000.0,0.37938274927752
0,22,35000.0,0.34800219522745
0,22,36000.0,0.44384481169605
0,22,37000.0,0.38001497683831
0,22,38000.0,0.24297815608527
0,22,39000.0,0.42823105601494
0,22,40000.0,0.35316926511973
0,22,41000.0,0.2833137996551
0,22,42000.0,0.37131657897149
0,22,43000.0,0.29754980783018
0,22,44000.0,0.37358351383108
0,22,45000.0,0.34522899685585
0,22,46000.0,0.30284636621477
0,22,47000.0,0.33406495676505
0,22,48000.0,0.39075961207639
0,22,49000.0,0.37366210451476
0,22,50000.0,0.27013598960538
0,23,1000.0,1.0
0,23,2000.0,0.0
0,23,3000.0,0.14200896018818
0,23,4000.0,0.18828888634948
0,23,5000.0,0.065961719486215
0,23,6000.0,0.1312248934283
0,23,7000.0,0.099681994534882
0,23,8000.0,0.11637738055532
0,23,9000.0,0.16397539092108
0,23,10000.0,0.14407117679905
0,23,11000.0,0.058868045681616
0,23,12000.0,0.029848721351079
0,23,13000.0,0.13000608664468
0,23,14000.0,0.079446705736282
0,23,15000.0,0.13939496450707
0,23,16000.0,0.07680967391873
0,23,17000.0,0.039657470105866
0,23,18000.0,0.12665180743842
0,23,19000.0,0.05803714693223
0,23,20000.0,0.013718952936694
0,23,21000.0,0.10466966524287
0,23,22000.0,0.041726613156378
0,23,23000.0,0.067636171802194
0,23,24000.0,0.11201911906656
0,23,25000.0,0.11975989848353
0,23,26000.0,0.049705342918777
0,23,27000.0,0.039115591327681
0,23,28000.0,0.09062175516788
0,23,29000.0,0.0
0,23,30000.0,0.040812785466477
0,23,31000.0,0.015179304701531
0,23,32000.0,0.0025605791521857
0,23,33000.0,0.081951117623176
0,23,34000.0,0.057535309515191
0,23,35000.0,0.030331247620227
0,23,36000.0,0.07154702987972
0,23,37000.0,0.052181396399407
0,23,38000.0,0.0
0,23,39000.0,0.18836418187408
0,23,40000.0,0.14716377254039
0,23,41000.0,0.0
0,23,42000.0,0.084724727389468
0,23,43000.0,0.062570826842698
0,23,44000.0,0.10653974463654
0,23,45000.0,0.01731236222015
0,23,46000.0,0.089714270192906
0,23,47000.0,0.073691613742447
0,23,48000.0,0.11466393050179
0,23,49000.0,0.071703661181629
0,23,50000.0,0.014463229021837
0,24,1000.0,1.0
0,24,2000.0,0.0
0,24,3000.0,0.10109343804229
0,24,4000.0,0.26875311577989
0,24,5000.0,0.16887019099501
0,24,6000.0,0.14023112574719
0,24,7000.0,0.17849658793593
0,24,8000.0,0.21935867147093
0,24,9000.0,0.23826402053039
0,24,10000.0,0.14110750897426
0,24,11000.0,0.059362353053264
0,24,12000.0,0.065314802787012
0,24,13000.0,0.15343494995014
0,24,14000.0,0.17366995975447
0,24,15000.0,0.1595780445051
0,24,16000.0,0.10725214052756
0,24,17000.0,0.047874945416921
0,24,18000.0,0.19635004003187
0,24,19000.0,0.2146634119431
0,24,20000.0,0.15456740413842
0,24,21000.0,0.18782854192469
0,24,22000.0,0.060355494770653
0,24,23000.0,0.15680673522254
0,24,24000.0,0.2261173938471
0,24,25000.0,0.071456929810689
0,24,26000.0,0.20626666019186
0,24,27000.0,0.21582832234746
0,24,28000.0,0.23269977734792
0,24,29000.0,0.1542875331722
0,24,30000.0,0.13389435845238
0,24,31000.0,0.17982503028901
0,24,32000.0,0.17375931272125
0,24,33000.0,0.14915629368121
0,24,34000.0,0.080106802641482
0,24,35000.0,0.20614425050182
0,24,36000.0,0.18167080466635
0,24,37000.0,0.19060549043228
0,24,38000.0,0.087415708501714
0,24,39000.0,0.25321068261807
0,24,40000.0,0.19837013847473
0,24,41000.0,0.071812708614927
0,24,42000.0,0.17850428341612
0,24,43000.0,0.13570865419678
0,24,44000.0,0.22041202692756
0,24,45000.0,0.13437478918068
0,24,46000.0,0.14340881697289
0,24,47000.0,0.21168071226958
0,24,48000.0,0.21148012128247
0,24,49000.0,0.14090508734884
0,24,50000.0,0.17203252781399
1,0,1000.0,1.0
1,0,2000.0,0.0
1,0,3000.0,0.36064988658724
1,0,4000.0,0.47172333056057
1,0,5000.0,0.4308206356984
1,0,6000.0,0.39739377368214
1,0,7000.0,0.30742397784129
1,0,8000.0,0.43569072224637
1,0,9000.0,0.44923638244865
1,0,10000.0,0.39066125840742
1,0,11000.0,0.29848378305357
1,0,12000.0,0.46245109183147
1,0,13000.0,0.46174791637456
1,0,14000.0,0.34570716855637
1,0,15000.0,0.41407044850541
1,0,16000.0,0.46288901588337
1,0,17000.0,0.38759878920269
1,0,18000.0,0.33707214426909
1,0,19000.0,0.40088961451895
1,0,20000.0,0.38863795324043
1,0,21000.0,0.35532766662461
1,0,22000.0,0.43549028872072
1,0,23000.0,0.33284458776845
1,0,24000.0,0.43809329914416
1,0,25000.0,0.4255984992045
1,0,26000.0,0.38049030774338
1,0,27000.0,0.45136152802387
1,0,28000.0,0.45589541141769
1,0,29000.0,0.45852441021117
1,0,30000.0,0.42597256525304
1,0,31000.0,0.43304414851756
1,0,32000.0,0.4635967087173
1,0,33000.0,0.46553942944208
1,0,34000.0,0.39753937991402
1,0,35000.0,0.45740123674134
1,0,36000.0,0.45270075245154
1,0,37000.0,0.47775551948541
1,0,38000.0,0.42294309177935
1,0,39000.0,0.43425918323254
1,0,40000.0,0.44459096875708
1,0,41000.0,0.46075112488965
1,0,42000.0,0.3630280699917
1,0,43000.0,0.45475908368645
1,0,44000.0,0.42108011884859
1,0,45000.0,0.45793522788811
1,0,46000.0,0.40613403300243
1,0,47000.0,0.4587357559709
1,0,48000.0,0.41966043540243
1,0,49000.0,0.40272434118016
1,0,50000.0,0.40941758743582
1,1,1000.0,1.0
1,1,2000.0,0.0
1,1,3000.0,0.0
1,1,4000.0,0.32427163720842
1,1,5000.0,0.24050201162592
1,1,6000.0,0.13963336265697
1,1,7000.0,0.15603368571265
1,1,8000.0,0.30382527036646
1,1,9000.0,0.30048617740725
1,1,10000.0,0.2937811792677
1,1,11000.0,0.15904681282142
1,1,12000.0,0.2774860196575
1,1,13000.0,0.31000905303991
1,1,14000.0,0.14959252117274
1,1,15000.0,0.17902644952942
1,1,16000.0,0.28657437613795
1,1,17000.0,0.17646923282019
1,1,18000.0,0.092994222741986
1,1,19000.0,0.19031644618803
1,1,20000.0,0.20152545910207
1,1,21000.0,0.166104396825
1,1,22000.0,0.11415245292854
1,1,23000.0,0.11181609840368
1,1,24000.0,0.2042396751497
1,1,25000.0,0.26928798099626
1,1,26000.0,0.018164654158229
1,1,27000.0,0.20501550491418
1,1,28000.0,0.2436591182315
1,1,29000.0,0.15611391043785
1,1,30000.0,0.12305566765266
1,1,31000.0,0.2004397817273
1,1,32000.0,0.19921501206189
1,1,33000.0,0.21025382050942
1,1,34000.0,0.21761502277434
1,1,35000.0,0.043479472371889
1,1,36000.0,0.16842367758775
1,1,37000.0,0.29702704362304
1,1,38000.0,0.063444490860179
1,1,39000.0,0.0
1,1,40000.0,0.22120734423737
1,1,41000.0,0.20455867790429
1,1,42000.0,0.19322730737468
1,1,43000.0,0.22412456477748
1,1,44000.0,0.14007870663452
1,1,45000.0,0.23561265622961
1,1,46000.0,0.24607128717987
1,1,47000.0,0.09207256697034
1,1,48000.0,0.13896027609154
1,1,49000.0,0.2574112917187
1,1,50000.0,0.079686524317477
1,2,1000.0,1.0
1,2,2000.0,0.0
1,2,3000.0,0.22693578253421
1,2,4000.0,0.35818727360712
1,2,5000.0,0.29437804946312
1,2,6000.0,0.26636821565398
1,2,7000.0,0.12656768979953
1,2,8000.0,0.35002971764693
1,2,9000.0,0.35035507408484
1,2,10000.0,0.24888208440094
1,2,11000.0,0.12629805711773
1,2,12000.0,0.28597872847338
1,2,13000.0,0.3075567085177
1,2,14000.0,0.24880260121555
1,2,15000.0,0.25699883129917
1,2,16000.0,0.34778296743705
1,2,17000.0,0.29437862745361
1,2,18000.0,0.16140920024232
1,2,19000.0,0.23727604662103
1,2,20000.0,0.33405579684134
1,2,21000.0,0.21768574858696
1,2,22000.0,0.15498945939531
1,2,23000.0,0.23131376819813
1,2,24000.0,0.3394656419795
1,2,25000.0,0.33593263039643
1,2,26000.0,0.014473511568388
1,2,27000.0,0.29318693295953
1,2,28000.0,0.34217772123668
1,2,29000.0,0.31263433047977
1,2,30000.0,0.13570778390528
1,2,31000.0,0.24559980738141
1,2,32000.0,0.30573616374142
1,2,33000.0,0.27558486359505
1,2,34000.0,0.090145976878866
1,2,35000.0,0.20309757775202
1,2,36000.0,0.2714746626253
1,2,37000.0,0.33975807130829
1,2,38000.0,0.16488490266069
1,2,39000.0,0.026385413595637
1,2,40000.0,0.25171935027654
1,2,41000.0,0.13031223917058
1,2,42000.0,0.087763110746246
1,2,43000.0,0.16744575076365
1,2,44000.0,0.071731229655785
1,2,45000.0,0.18445818583436
1,2,46000.0,0.24923899850751
1,2,47000.0,0.18385279675895
1,2,48000.0,0.21160998335995
1,2,49000.0,0.23568992052047
1,2,50000.0,0.14116579085782
1,4,1000.0,1.0
1,4,2000.0,0.0
1,4,3000.0,0.3844636947657
1,4,4000.0,0.40283615383121
1,4,5000.0,0.37541419704647
1,4,6000.0,0.33508534344352
1,4,7000.0,0.23916465259619
1,4,8000.0,0.37410935110921
1,4,9000.0,0.27960653520324
1,4,10000.0,0.35092705014503
1,4,11000.0,0.12344840677451
1,4,12000.0,0.39538509727459
1,4,13000.0,0.32444130157334
1,4,14000.0,0.28764617644658
1,4,15000.0,0.26960514329908
1,4,16000.0,0.39092317104225
1,4,17000.0,0.19383717914636
1,4,18000.0,0.30364788994873
1,4,19000.0,0.29106099247045
1,4,20000.0,0.28894993128372
1,4,21000.0,0.33056481377271
1,4,22000.0,0.37867056225838
1,4,23000.0,0.3387682533356
1,4,24000.0,0.36817050139907
1,4,25000.0,0.30523258117532
1,4,26000.0,0.36377125313384
1,4,27000.0,0.30495145835019
1,4,28000.0,0.32961506454332
1,4,29000.0,0.37587657157555
1,4,30000.0,0.31953636524339
1,4,31000.0,0.33282974733775
1,4,32000.0,0.30299807160774
1,4,33000.0,0.32784027950822
1,4,34000.0,0.32091641956913
1,4,35000.0,0.23804640968069
1,4,36000.0,0.33215519194224
1,4,37000.0,0.38044045472213
1,4,38000.0,0.27925391283603
1,4,39000.0,0.24052482071612
1,4,40000.0,0.30416858598466
1,4,41000.0,0.34706279834719
1,4,42000.0,0.24269825718205
1,4,43000.0,0.33007224649993
1,4,44000.0,0.21193030768776
1,4,45000.0,0.26479922992382
1,4,46000.0,0.29222263222347
1,4,47000.0,0.29065272110493
1,4,48000.0,0.26165902596651
1,4,49000.0,0.23673717407844
1,4,50000.0,0.27626301800919
1,5,1000.0,1.0
1,5,2000.0,0.0
1,5,3000.0,0.25964902908481
1,5,4000.0,0.38192709807633
1,5,5000.0,0.33169794049706
1,5,6000.0,0.24478370639318
1,5,7000.0,0.11682552493052
1,5,8000.0,0.35347309197395
1,5,9000.0,0.36370735632309
1,5,10000.0,0.30726803032416
1,5,11000.0,0.1524431248044
1,5,12000.0,0.3624306824595
1,5,13000.0,0.3563415518328
1,5,14000.0,0.20654342106279
1,5,15000.0,0.23990843656683
1,5,16000.0,0.35106283030985
1,5,17000.0,0.22745280069334
1,5,18000.0,0.11206597348336
1,5,19000.0,0.29655875877458
1,5,20000.0,0.27588171468658
1,5,21000.0,0.12381879844193
1,5,22000.0,0.25794298627795
1,5,23000.0,0.24847527529053
1,5,24000.0,0.27647749776192
1,5,25000.0,0.26020731454852
1,5,26000.0,0.18059110648226
1,5,27000.0,0.27487311290323
1,5,28000.0,0.2781984417892
1,5,29000.0,0.26778318491951
1,5,30000.0,0.19862181174099
1,5,31000.0,0.27445776667176
1,5,32000.0,0.1778648122477
1,5,33000.0,0.25043068174932
1,5,34000.0,0.19386779697983
1,5,35000.0,0.1995458123567
1,5,36000.0,0.18263650820552
1,5,37000.0,0.30689681133763
1,5,38000.0,0.15348757154554
1,5,39000.0,0.06144290954081
1,5,40000.0,0.17695046195706
1,5,41000.0,0.214211193747
1,5,42000.0,0.092787084857285
1,5,43000.0,0.20684369792014
1,5,44000.0,0.10217115093043
1,5,45000.0,0.183952967213
1,5,46000.0,0.15039556257515
1,5,47000.0,0.12179963843786
1,5,48000.0,0.071682806763121
1,5,49000.0,0.15411224434889
1,5,50000.0,0.0
1,6,1000.0,1.0
1,6,2000.0,0.0
1,6,3000.0,0.1455738602666
1,6,4000.0,0.2939965050988
1,6,5000.0,0.15663757704943
1,6,6000.0,0.1531163556788
1,6,7000.0,0.21538466023673
1,6,8000.0,0.25966315822486
1,6,9000.0,0.24584187330992
1,6,10000.0,0.20088911287228
1,6,11000.0,0.13408078375506
1,6,12000.0,0.22531873488661
1,6,13000.0,0.28261761669072
1,6,14000.0,0.18367108047948
1,6,15000.0,0.22061309746705
1,6,16000.0,0.2880877636488
1,6,17000.0,0.17630091704491
1,6,18000.0,0.00033796937010555
1,6,19000.0,0.12506330312967
1,6,20000.0,0.19102754639663
1,6,21000.0,0.054445023836346
1,6,22000.0,0.17451771171598
1,6,23000.0,0.045999899542059
1,6,24000.0,0.18955988763529
1,6,25000.0,0.27347272965863
1,6,26000.0,0.013169931083212
1,6,27000.0,0.17269229989343
1,6,28000.0,0.20134665044358
1,6,29000.0,0.07748671336758
1,6,30000.0,0.021011740057895
1,6,31000.0,0.1926962213278
1,6,32000.0,0.093871420439428
1,6,33000.0,0.078337894443076
1,6,34000.0,0.079429773732248
1,6,35000.0,0.040285271474473
1,6,36000.0,0.091701405748664
1,6,37000.0,0.22106380344246
1,6,38000.0,0.0
1,6,39000.0,0.0
1,6,40000.0,0.15295911900303
1,6,41000.0,0.14756983995909
1,6,42000.0,0.096895693990616
1,6,43000.0,0.10052259920007
1,6,44000.0,0.14750713406128
1,6,45000.0,0.12550898327854
1,6,46000.0,0.18570560710794
1,6,47000.0,0.15512095308435
1,6,48000.0,0.14552822520167
1,6,49000.0,0.23270449299929
1,6,50000.0,0.075029903289776
1,7,1000.0,1.0
1,7,2000.0,0.0
1,7,3000.0,0.056301921452904
1,7,4000.0,0.28098253511908
1,7,5000.0,0.20593769049725
1,7,6000.0,0.066726800909796
1,7,7000.0,0.17884262043764
1,7,8000.0,0.21586160175516
1,7,9000.0,0.22731010765726
1,7,10000.0,0.22618359881773
1,7,11000.0,0.065725601909608
1,7,12000.0,0.10327288092195
1,7,13000.0,0.29367067531616
1,7,14000.0,0.15304933462464
1,7,15000.0,0.1702975026712
1,7,16000.0,0.25184804378058
1,7,17000.0,0.16899262513781
1,7,18000.0,0.12686382029127
1,7,19000.0,0.18785065064577
1,7,20000.0,0.14093804099767
1,7,21000.0,0.12840380780603
1,7,22000.0,0.14847470661597
1,7,23000.0,0.17837048563036
1,7,24000.0,0.13224890210673
1,7,25000.0,0.27311386182422
1,7,26000.0,0.016315197489658
1,7,27000.0,0.15445596200814
1,7,28000.0,0.16726233757411
1,7,29000.0,0.12351261265566
1,7,30000.0,0.10219149219645
1,7,31000.0,0.18263637403715
1,7,32000.0,0.13978627209934
1,7,33000.0,0.071830450655878
1,7,34000.0,0.16862387369098
1,7,35000.0,0.060994195302474
1,7,36000.0,0.11731589786649
1,7,37000.0,0.17744641550663
1,7,38000.0,0.10128454850327
1,7,39000.0,0.014485373033771
1,7,40000.0,0.12495078478289
1,7,41000.0,0.15974806044463
1,7,42000.0,0.046034782759154
1,7,43000.0,0.21613860113127
1,7,44000.0,0.13196493600776
1,7,45000.0,0.12907701862248
1,7,46000.0,0.22205725338667
1,7,47000.0,0.11364839680089
1,7,48000.0,0.12360236124831
1,7,49000.0,0.11775187631009
1,7,50000.0,0.0
1,8,1000.0,1.0
1,8,2000.0,0.0
1,8,3000.0,0.34617731317622
1,8,4000.0,0.46373321453725
1,8,5000.0,0.32517277620115
1,8,6000.0,0.33461044343568
1,8,7000.0,0.34334386597207
1,8,8000.0,0.37566064330514
1,8,9000.0,0.37389008666964
1,8,10000.0,0.33770844248763
1,8,11000.0,0.35316515727432
1,8,12000.0,0.34107458952423
1,8,13000.0,0.37768805906277
1,8,14000.0,0.3118926561514
1,8,15000.0,0.33478444785747
1,8,16000.0,0.37067136982959
1,8,17000.0,0.37813023829625
1,8,18000.0,0.24128021982352
1,8,19000.0,0.38927317539775
1,8,20000.0,0.22358764367253
1,8,21000.0,0.23904975045926
1,8,22000.0,0.30266576536983
1,8,23000.0,0.19031840084914
1,8,24000.0,0.25154699195976
1,8,25000.0,0.37541415279861
1,8,26000.0,0.22434895363045
1,8,27000.0,0.26605422730856
1,8,28000.0,0.41610559816014
1,8,29000.0,0.14347565466889
1,8,30000.0,0.12276381731483
1,8,31000.0,0.32159724592897
1,8,32000.0,0.2635418886967
1,8,33000.0,0.19217478133039
1,8,34000.0,0.31766259663543
1,8,35000.0,0.12286847117811
1,8,36000.0,0.17371780735133
1,8,37000.0,0.39704602051401
1,8,38000.0,0.20904895015767
1,8,39000.0,0.0164860752574
1,8,40000.0,0.3403326037722
1,8,41000.0,0.32518923420705
1,8,42000.0,0.20563849319814
1,8,43000.0,0.28248618060832
1,8,44000.0,0.22686624223669
1,8,45000.0,0.2800102996757
1,8,46000.0,0.37197902081505
1,8,47000.0,0.11252532288815
1,8,48000.0,0.27836850565399
1,8,49000.0,0.34698151694403
1,8,50000.0,0.0841855011479
1,9,1000.0,1.0
1,9,2000.0,0.0
1,9,3000.0,0.17544812607214
1,9,4000.0,0.39623297353141
1,9,5000.0,0.34548087300237
1,9,6000.0,0.21239700549986
1,9,7000.0,0.23159766187797
1,9,8000.0,0.38447682478141
1,9,9000.0,0.36384118379659
1,9,10000.0,0.33324683588289
1,9,11000.0,0.26905401900557
1,9,12000.0,0.24173639984304
1,9,13000.0,0.38130785099382
1,9,14000.0,0.30736208426345
1,9,15000.0,0.18391418468511
1,9,16000.0,0.31810417949585
1,9,17000.0,0.32600327591809
1,9,18000.0,0.15906343885072
1,9,19000.0,0.28215209169774
1,9,20000.0,0.19979295717656
1,9,21000.0,0.29493979311331
1,9,22000.0,0.2971918888494
1,9,23000.0,0.22053781624759
1,9,24000.0,0.21250814330291
1,9,25000.0,0.33917726228913
1,9,26000.0,0.17694196642904
1,9,27000.0,0.2508004002896
1,9,28000.0,0.27184134346456
1,9,29000.0,0.2774311378845
1,9,30000.0,0.18265065255427
1,9,31000.0,0.3033401656263
1,9,32000.0,0.27523436449071
1,9,33000.0,0.29048013632501
1,9,34000.0,0.25539693005523
1,9,35000.0,0.23223397621228
1,9,36000.0,0.25618534743523
1,9,37000.0,0.30667151233666
1,9,38000.0,0.21118763810859
1,9,39000.0,0.1399658278671
1,9,40000.0,0.22216873332679
1,9,41000.0,0.21151700258768
1,9,42000.0,0.20852989911098
1,9,43000.0,0.29815620560747
1,9,44000.0,0.15981767695577
1,9,45000.0,0.15089321909738
1,9,46000.0,0.26660894579689
1,9,47000.0,0.12582241669089
1,9,48000.0,0.16721368364426
1,9,49000.0,0.21532896965071
1,9,50000.0,0.1877450382356
1,10,1000.0,1.0
1,10,2000.0,0.0
1,10,3000.0,0.16717301160305
1,10,4000.0,0.39560010567528
1,10,5000.0,0.27276593278474
1,10,6000.0,0.27105502544536
1,10,7000.0,0.17925125325137
1,10,8000.0,0.34610183317343
1,10,9000.0,0.31227560663037
1,10,10000.0,0.26486220869152
1,10,11000.0,0.19114276328669
1,10,12000.0,0.29530776998353
1,10,13000.0,0.33457355287608
1,10,14000.0,0.30920234758151
1,10,15000.0,0.20116954953219
1,10,16000.0,0.27193453673062
1,10,17000.0,0.28838892975687
1,10,18000.0,0.10724285901147
1,10,19000.0,0.32479630165764
1,10,20000.0,0.20556727998357
1,10,21000.0,0.19666503424119
1,10,22000.0,0.25024820675944
1,10,23000.0,0.22080404225304
1,10,24000.0,0.12351876302717
1,10,25000.0,0.34500520490681
1,10,26000.0,0.19072200802187
1,10,27000.0,0.13503409262189
1,10,28000.0,0.29176308549504
1,10,29000.0,0.19548466769884
1,10,30000.0,0.14400554247711
1,10,31000.0,0.25812390690306
1,10,32000.0,0.29386651034927
1,10,33000.0,0.2533507275709
1,10,34000.0,0.1737269811053
1,10,35000.0,0.23792782726392
1,10,36000.0,0.25024790964896
1,10,37000.0,0.33371613325405
1,10,38000.0,0.11831594539456
1,10,39000.0,0.13974146436033
1,10,40000.0,0.29291976276831
1,10,41000.0,0.31399681349709
1,10,42000.0,0.13048117561269
1,10,43000.0,0.33735011533461
1,10,44000.0,0.2910399326051
1,10,45000.0,0.25541161200517
1,10,46000.0,0.35310582075822
1,10,47000.0,0.32562264655052
1,10,48000.0,0.30758486316624
1,10,49000.0,0.31196608292505
1,10,50000.0,0.20666070814751
1,11,1000.0,1.0
1,11,2000.0,0.0
1,11,3000.0,0.042002669310706
1,11,4000.0,0.16511832680117
1,11,5000.0,0.10725110857434
1,11,6000.0,0.10251588801303
1,11,7000.0,0.10546101161101
1,11,8000.0,0.089337723974647
1,11,9000.0,0.11762743153432
1,11,10000.0,0.051764676532203
1,11,11000.0,0.057044049867676
1,11,12000.0,0.038736193485437
1,11,13000.0,0.16245844793261
1,11,14000.0,0.058611022756442
1,11,15000.0,0.092597963088787
1,11,16000.0,0.12562600956673
1,11,17000.0,0.13711090737653
1,11,18000.0,0.032460506042027
1,11,19000.0,0.15972832899765
1,11,20000.0,0.0
1,11,21000.0,0.14749347350402
1,11,22000.0,0.15213504763237
1,11,23000.0,0.033842963388485
1,11,24000.0,0.012303584939178
1,11,25000.0,0.17598677419097
1,11,26000.0,0.11690649407421
1,11,27000.0,0.061279483936178
1,11,28000.0,0.095361013102533
1,11,29000.0,0.0026855367923321
1,11,30000.0,0.028910812953848
1,11,31000.0,0.096951548696247
1,11,32000.0,0.027724038154086
1,11,33000.0,0.0
1,11,34000.0,0.0
1,11,35000.0,0.0
1,11,36000.0,0.0
1,11,37000.0,0.10774074389279
1,11,38000.0,0.0
1,11,39000.0,0.023859347525906
1,11,40000.0,0.1448141780946
1,11,41000.0,0.0
1,11,42000.0,0.023679733291247
1,11,43000.0,0.14997900986187
1,11,44000.0,0.046122802128851
1,11,45000.0,0.0
1,11,46000.0,0.20645978374919
1,11,47000.0,0.0035298300117826
1,11,48000.0,0.0
1,11,49000.0,0.087154614445159
1,11,50000.0,0.0
1,12,1000.0,1.0
1,12,2000.0,0.0
1,12,3000.0,0.013486068341592
1,12,4000.0,0.12067114116749
1,12,5000.0,0.080126692946391
1,12,6000.0,0.083407316467555
1,12,7000.0,0.0
1,12,8000.0,0.10998783422854
1,12,9000.0,0.11741126920804
1,12,10000.0,0.11822948348319
1,12,11000.0,0.039909021184448
1,12,12000.0,0.11491034355056
1,12,13000.0,0.11407064081881
1,12,14000.0,0.055541553585493
1,12,15000.0,0.005677911189943
1,12,16000.0,0.10225694903557
1,12,17000.0,0.094165750318781
1,12,18000.0,0.093592502400943
1,12,19000.0,0.058994520353086
1,12,20000.0,0.11862123456149
1,12,21000.0,0.10573642590614
1,12,22000.0,0.0
1,12,23000.0,0.013810228939485
1,12,24000.0,0.054938982032539
1,12,25000.0,0.099530298750429
1,12,26000.0,0.0
1,12,27000.0,0.15778422641959
1,12,28000.0,0.17366710238652
1,12,29000.0,0.15328910057859
1,12,30000.0,0.085972905923061
1,12,31000.0,0.095475726053216
1,12,32000.0,0.16304742143976
1,12,33000.0,0.10079990714997
1,12,34000.0,0.092653194322365
1,12,35000.0,0.040903604788421
1,12,36000.0,0.17296446335716
1,12,37000.0,0.18869564367898
1,12,38000.0,0.10586521101778
1,12,39000.0,0.079938289775883
1,12,40000.0,0.15576826857597
1,12,41000.0,0.069669176263846
1,12,42000.0,0.15797091084709
1,12,43000.0,0.038300603711985
1,12,44000.0,0.14060484914866
1,12,45000.0,0.17399196269083
1,12,46000.0,0.0
1,12,47000.0,0.044212618126484
1,12,48000.0,0.11394940487682
1,12,49000.0,0.15877541750674
1,12,50000.0,0.083357483268851
1,13,1000.0,1.0
1,13,2000.0,0.0
1,13,3000.0,0.24747734721218
1,13,4000.0,0.42534396034932
1,13,5000.0,0.37518881378335
1,13,6000.0,0.29344711730015
1,13,7000.0,0.11315530177992
1,13,8000.0,0.3967128489931
1,13,9000.0,0.3110821888377
1,13,10000.0,0.22244060369783
1,13,11000.0,0.14967706448253
1,13,12000.0,0.37554502265105
1,13,13000.0,0.34346216641405
1,13,14000.0,0.24891206682412
1,13,15000.0,0.14699618431418
1,13,16000.0,0.37816993109095
1,13,17000.0,0.20583499038882
1,13,18000.0,0.080397673702656
1,13,19000.0,0.30317383781338
1,13,20000.0,0.16040873530696
1,13,21000.0,0.16059993852701
1,13,22000.0,0.22823500410026
1,13,23000.0,0.20562895352627
1,13,24000.0,0.26994777625104
1,13,25000.0,0.34688316254571
1,13,26000.0,0.073963353942705
1,13,27000.0,0.27870039730695
1,13,28000.0,0.35124871260945
1,13,29000.0,0.26133924604992
1,13,30000.0,0.19653865245388
1,13,31000.0,0.32417617119
1,13,32000.0,0.29007377236627
1,13,33000.0,0.30455667793482
1,13,34000.0,0.26217572617094
1,13,35000.0,0.15387615998516
1,13,36000.0,0.28387438070451
1,13,37000.0,0.37229232954598
1,13,38000.0,0.12886846038036
1,13,39000.0,0.077843331433776
1,13,40000.0,0.28935710266164
1,13,41000.0,0.24887040905724
1,13,42000.0,0.11345712776432
1,13,43000.0,0.29465232724742
1,13,44000.0,0.19144256666313
1,13,45000.0,0.18708347654969
1,13,46000.0,0.27963059210292
1,13,47000.0,0.15123468320678
1,13,48000.0,0.16806093601771
1,13,49000.0,0.2708149931557
1,13,50000.0,0.14642186074243
1,14,1000.0,1.0
1,14,2000.0,0.0
1,14,3000.0,0.1138758834497
1,14,4000.0,0.22163195236073
1,14,5000.0,0.19354861110655
1,14,6000.0,0.11780969796378
1,14,7000.0,0.18830501892349
1,14,8000.0,0.20594170633726
1,14,9000.0,0.14512752322414
1,14,10000.0,0.18835574060508
1,14,11000.0,0.068150617788011
1,14,12000.0,0.14574991597955
1,14,13000.0,0.19678345070735
1,14,14000.0,0.19898933467822
1,14,15000.0,0.11726228430146
1,14,16000.0,0.18091777787225
1,14,17000.0,0.21206945540432
1,14,18000.0,0.13118164345233
1,14,19000.0,0.20032815107689
1,14,20000.0,0.0689061713065
1,14,21000.0,0.14401759272166
1,14,22000.0,0.19932306508257
1,14,23000.0,0.088220022236755
1,14,24000.0,0.090110526241697
1,14,25000.0,0.22487246361923
1,14,26000.0,0.13481237745147
1,14,27000.0,0.07968888917895
1,14,28000.0,0.1626377314944
1,14,29000.0,0.10454139323588
1,14,30000.0,0.090276459284779
1,14,31000.0,0.12272698369069
1,14,32000.0,0.096396844330005
1,14,33000.0,0.085792920399045
1,14,34000.0,0.031285034022535
1,14,35000.0,0.021705721279998
1,14,36000.0,0.02127767941818
1,14,37000.0,0.1266096430907
1,14,38000.0,0.0
1,14,39000.0,0.0
1,14,40000.0,0.080529532888934
1,14,41000.0,0.1514894632341
1,14,42000.0,0.0
1,14,43000.0,0.2340122093239
1,14,44000.0,0.062834085224254
1,14,45000.0,0.14146164206315
1,14,46000.0,0.23220626266574
1,14,47000.0,0.16444671033969
1,14,48000.0,0.15190070188762
1,14,49000.0,0.18815164794575
1,14,50000.0,0.079853936216522
1,15,1000.0,1.0
1,15,2000.0,0.0
1,15,3000.0,0.17541493337683
1,15,4000.0,0.34975539268232
1,15,5000.0,0.29543695201024
1,15,6000.0,0.27017772773898
1,15,7000.0,0.2349259800879
1,15,8000.0,0.31614802799073
1,15,9000.0,0.27294003867555
1,15,10000.0,0.22645104925863
1,15,11000.0,0.24875871688209
1,15,12000.0,0.25392635839696
1,15,13000.0,0.31180448933333
1,15,14000.0,0.23768449370911
1,15,15000.0,0.19341378181458
1,15,16000.0,0.29365667707011
1,15,17000.0,0.21325737753141
1,15,18000.0,0.017312459602737
1,15,19000.0,0.20015646791581
1,15,20000.0,0.20074005150559
1,15,21000.0,0.098852963718853
1,15,22000.0,0.2166828366083
1,15,23000.0,0.13018304794405
1,15,24000.0,0.10720856756171
1,15,25000.0,0.22793191174011
1,15,26000.0,0.15019862763153
1,15,27000.0,0.10035074667317
1,15,28000.0,0.1676609563156
1,15,29000.0,0.17024489722866
1,15,30000.0,0.048253377046606
1,15,31000.0,0.21178672404185
1,15,32000.0,0.13555179535209
1,15,33000.0,0.12110407189925
1,15,34000.0,0.084801549957273
1,15,35000.0,0.12007429398438
1,15,36000.0,0.066589904051422
1,15,37000.0,0.28328528168987
1,15,38000.0,0.047405236268958
1,15,39000.0,0.0
1,15,40000.0,0.11228567575476
1,15,41000.0,0.1404601595167
1,15,42000.0,0.017771453646375
1,15,43000.0,0.16030641971463
1,15,44000.0,0.13692480465327
1,15,45000.0,0.13101802723414
1,15,46000.0,0.22443237542823
1,15,47000.0,0.13076081161897
1,15,48000.0,0.062108554240739
1,15,49000.0,0.14849080514566
1,15,50000.0,0.13671372539315
1,16,1000.0,1.0
1,16,2000.0,0.0
1,16,3000.0,0.33653438121724
1,16,4000.0,0.36565287885889
1,16,5000.0,0.32680244064946
1,16,6000.0,0.24767525430532
1,16,7000.0,0.1775980612205
1,16,8000.0,0.33699798125519
1,16,9000.0,0.28399917582203
1,16,10000.0,0.3303297447268
1,16,11000.0,0.2035841924647
1,16,12000.0,0.34555986450191
1,16,13000.0,0.33728987757604
1,16,14000.0,0.2992918448094
1,16,15000.0,0.25867042452551
1,16,16000.0,0.33881558775496
1,16,17000.0,0.27239323094816
1,16,18000.0,0.20328217016874
1,16,19000.0,0.30044839199511
1,16,20000.0,0.3235768827927
1,16,21000.0,0.22534763870565
1,16,22000.0,0.30688778840305
1,16,23000.0,0.28439532082816
1,16,24000.0,0.29520406986747
1,16,25000.0,0.22704335293329
1,16,26000.0,0.23214342656787
1,16,27000.0,0.24494761810013
1,16,28000.0,0.26852302942853
1,16,29000.0,0.29974835879631
1,16,30000.0,0.19791744207871
1,16,31000.0,0.26883363185655
1,16,32000.0,0.31754096134512
1,16,33000.0,0.25521311214934
1,16,34000.0,0.23064094507259
1,16,35000.0,0.19530950311256
1,16,36000.0,0.22987969718451
1,16,37000.0,0.28963453793258
1,16,38000.0,0.14074562040034
1,16,39000.0,0.10106829839686
1,16,40000.0,0.22057278029233
1,16,41000.0,0.23114177912186
1,16,42000.0,0.03286350151823
1,16,43000.0,0.2112508974444
1,16,44000.0,0.14051874010931
1,16,45000.0,0.11345482485827
1,16,46000.0,0.1676591449783
1,16,47000.0,0.12584769592044
1,16,48000.0,0.091788844487554
1,16,49000.0,0.1620922645678
1,16,50000.0,0.14859059860726
1,17,1000.0,1.0
1,17,2000.0,0.0
1,17,3000.0,0.0
1,17,4000.0,0.30546140978431
1,17,5000.0,0.18652409129329
1,17,6000.0,0.19073772040124
1,17,7000.0,0.19434817784457
1,17,8000.0,0.17663769834099
1,17,9000.0,0.24364153746233
1,17,10000.0,0.0
1,17,11000.0,0.17698605373693
1,17,12000.0,0.18442128928762
1,17,13000.0,0.28628146120087
1,17,14000.0,0.11775420127096
1,17,15000.0,0.084999767179984
1,17,16000.0,0.22463363625192
1,17,17000.0,0.15848315568548
1,17,18000.0,0.018532979421725
1,17,19000.0,0.16138095573131
1,17,20000.0,0.13407286859143
1,17,21000.0,0.14354619859153
1,17,22000.0,0.20990435866982
1,17,23000.0,0.0
1,17,24000.0,0.16300909535729
1,17,25000.0,0.24408809902967
1,17,26000.0,0.0087068782081626
1,17,27000.0,0.068214652232353
1,17,28000.0,0.095243144848034
1,17,29000.0,0.076234375628568
1,17,30000.0,0.0
1,17,31000.0,0.13734282775553
1,17,32000.0,0.020362062748915
1,17,33000.0,0.11664199778296
1,17,34000.0,0.11527389744683
1,17,35000.0,0.0
1,17,36000.0,0.0
1,17,37000.0,0.28269756771521
1,17,38000.0,0.0
1,17,39000.0,0.0
1,17,40000.0,0.23737161632836
1,17,41000.0,0.1779756907829
1,17,42000.0,0.16220602833498
1,17,43000.0,0.22762316092644
1,17,44000.0,0.046411431889388
1,17,45000.0,0.01856575853253
1,17,46000.0,0.23787878755861
1,17,47000.0,0.16528720304203
1,17,48000.0,0.11671831156302
1,17,49000.0,0.15365189820288
1,17,50000.0,0.085075920763136
1,18,1000.0,1.0
1,18,2000.0,0.0
1,18,3000.0,0.12611893871953
1,18,4000.0,0.33208488991981
1,18,5000.0,0.20224131999296
1,18,6000.0,0.22027628526521
1,18,7000.0,0.2307030986486
1,18,8000.0,0.25620538869543
1,18,9000.0,0.30278636676055
1,18,10000.0,0.23479749109112
1,18,11000.0,0.17590474845277
1,18,12000.0,0.22066690976891
1,18,13000.0,0.31408388315293
1,18,14000.0,0.23146712917773
1,18,15000.0,0.2301776387055
1,18,16000.0,0.26089531985206
1,18,17000.0,0.24626344967306
1,18,18000.0,0.13938182010166
1,18,19000.0,0.30159800111802
1,18,20000.0,0.10935058233634
1,18,21000.0,0.23881867084409
1,18,22000.0,0.28213614174638
1,18,23000.0,0.11333720128205
1,18,24000.0,0.16960663750214
1,18,25000.0,0.31941307666317
1,18,26000.0,0.22300958745116
1,18,27000.0,0.2507873438969
1,18,28000.0,0.26733820668857
1,18,29000.0,0.1700519720125
1,18,30000.0,0.22780149712936
1,18,31000.0,0.23927207497153
1,18,32000.0,0.1786953035317
1,18,33000.0,0.14947754122791
1,18,34000.0,0.13441547462226
1,18,35000.0,0.19084612963099
1,18,36000.0,0.13265657317517
1,18,37000.0,0.1950530085888
1,18,38000.0,0.063421944573688
1,18,39000.0,0.0
1,18,40000.0,0.18310955844744
1,18,41000.0,0.15330026412949
1,18,42000.0,0.10592165395903
1,18,43000.0,0.23889856560372
1,18,44000.0,0.10404306304938
1,18,45000.0,0.14110430499607
1,18,46000.0,0.23477918335309
1,18,47000.0,0.18633876064602
1,18,48000.0,0.14868599363002
1,18,49000.0,0.29551275229144
1,18,50000.0,0.18882647602383
1,19,1000.0,1.0
1,19,2000.0,0.0
1,19,3000.0,4.5112120080515e-05
1,19,4000.0,0.18586273326386
1,19,5000.0,0.0
1,19,6000.0,0.037336585176024
1,19,7000.0,0.11020876498061
1,19,8000.0,0.16247041186213
1,19,9000.0,0.16152305209871
1,19,10000.0,0.13860878414409
1,19,11000.0,0.010137969271026
1,19,12000.0,0.10723802492913
1,19,13000.0,0.23053483672746
1,19,14000.0,0.13547051647341
1,19,15000.0,0.065431042030978
1,19,16000.0,0.26303152625828
1,19,17000.0,0.182753903633
1,19,18000.0,0.079655367725299
1,19,19000.0,0.18219082908118
1,19,20000.0,0.17335051295089
1,19,21000.0,0.11063864454756
1,19,22000.0,0.19892347585999
1,19,23000.0,0.081268136415321
1,19,24000.0,0.12609335508286
1,19,25000.0,0.26174298471557
1,19,26000.0,0.045815869539226
1,19,27000.0,0.075410165502819
1,19,28000.0,0.19451559114546
1,19,29000.0,0.13340636466633
1,19,30000.0,0.054266115181671
1,19,31000.0,0.20415247014591
1,19,32000.0,0.14750234787051
1,19,33000.0,0.10000260612489
1,19,34000.0,0.15132011007247
1,19,35000.0,0.12029015036567
1,19,36000.0,0.098104837668763
1,19,37000.0,0.19580884534081
1,19,38000.0,0.0043413719978642
1,19,39000.0,0.0
1,19,40000.0,0.19880009282937
1,19,41000.0,0.12545924059415
1,19,42000.0,0.064086727874799
1,19,43000.0,0.22293154599034
1,19,44000.0,0.13989210021761
1,19,45000.0,0.14481974121404
1,19,46000.0,0.23815737585577
1,19,47000.0,0.061421285567152
1,19,48000.0,0.065289655041445
1,19,49000.0,0.22910942064008
1,19,50000.0,0.050232797100625
1,20,1000.0,1.0
1,20,2000.0,0.0
1,20,3000.0,0.022184888101363
1,20,4000.0,0.31286331718961
1,20,5000.0,0.19057081318249
1,20,6000.0,0.10738427302156
1,20,7000.0,0.14914600534643
1,20,8000.0,0.28820206094263
1,20,9000.0,0.20084213761294
1,20,10000.0,0.21822714879637
1,20,11000.0,0.16113906054417
1,20,12000.0,0.24281099328625
1,20,13000.0,0.26983097182563
1,20,14000.0,0.22067037588243
1,20,15000.0,0.041274304160647
1,20,16000.0,0.2260287623369
1,20,17000.0,0.17380653401661
1,20,18000.0,0.18530548667931
1,20,19000.0,0.22946977824652
1,20,20000.0,0.17006536863463
1,20,21000.0,0.17526786740966
1,20,22000.0,0.19718697766473
1,20,23000.0,0.15180352938248
1,20,24000.0,0.12724387716099
1,20,25000.0,0.28093474829553
1,20,26000.0,0.0
1,20,27000.0,0.14432991090732
1,20,28000.0,0.24045688261692
1,20,29000.0,0.13180742471538
1,20,30000.0,0.016159168999363
1,20,31000.0,0.15757062959189
1,20,32000.0,0.14083261176442
1,20,33000.0,0.073077053038101
1,20,34000.0,0.053905519144914
1,20,35000.0,0.051903872534799
1,20,36000.0,0.013980283779332
1,20,37000.0,0.22943525502729
1,20,38000.0,0.0
1,20,39000.0,0.0
1,20,40000.0,0.1979546528045
1,20,41000.0,0.12167838636191
1,20,42000.0,0.046995989779064
1,20,43000.0,0.18315725066976
1,20,44000.0,0.13834443623115
1,20,45000.0,0.1098774515958
1,20,46000.0,0.27037211301936
1,20,47000.0,0.14328526559066
1,20,48000.0,0.052564137059539
1,20,49000.0,0.18780933298475
1,20,50000.0,0.14313596168508
1,21,1000.0,1.0
1,21,2000.0,0.0
1,21,3000.0,0.19302939111647
1,21,4000.0,0.21161417627395
1,21,5000.0,0.17817455285553
1,21,6000.0,0.14466224805109
1,21,7000.0,0.020489965330107
1,21,8000.0,0.17154972180082
1,21,9000.0,0.045852676375322
1,21,10000.0,0.15750520367854
1,21,11000.0,0.0
1,21,12000.0,0.1858085659749
1,21,13000.0,0.12793938574053
1,21,14000.0,0.15925074039094
1,21,15000.0,0.0
1,21,16000.0,0.2035038100869
1,21,17000.0,0.092361695729979
1,21,18000.0,0.098143415514029
1,21,19000.0,0.0
1,21,20000.0,0.16852854386113
1,21,21000.0,0.098937374353288
1,21,22000.0,0.14882188771044
1,21,23000.0,0.023970386165003
1,21,24000.0,0.040343460577341
1,21,25000.0,0.037306818821143
1,21,26000.0,0.0
1,21,27000.0,0.0
1,21,28000.0,0.093850183845243
1,21,29000.0,0.083299028636641
1,21,30000.0,0.0
1,21,31000.0,0.096883767008729
1,21,32000.0,0.15377273989917
1,21,33000.0,0.050481143875037
1,21,34000.0,0.14008706070861
1,21,35000.0,0.00082683653947246
1,21,36000.0,0.012325223468691
1,21,37000.0,0.17978955949307
1,21,38000.0,0.047326468375886
1,21,39000.0,0.0
1,21,40000.0,0.29317502051287
1,21,41000.0,0.29945039182875
1,21,42000.0,0.17909071270316
1,21,43000.0,0.24833348350486
1,21,44000.0,0.22955173033722
1,21,45000.0,0.19244350383112
1,21,46000.0,0.30573065279124
1,21,47000.0,0.16277724778918
1,21,48000.0,0.18360402333344
1,21,49000.0,0.27204305602909
1,21,50000.0,0.21424175328186
1,22,1000.0,1.0
1,22,2000.0,0.0
1,22,3000.0,0.21956460870662
1,22,4000.0,0.29391042071707
1,22,5000.0,0.13967787849239
1,22,6000.0,0.28512203968885
1,22,7000.0,0.26972873557991
1,22,8000.0,0.28888797750535
1,22,9000.0,0.24784633213097
1,22,10000.0,0.27048539413181
1,22,11000.0,0.25841122773179
1,22,12000.0,0.23297886829803
1,22,13000.0,0.29193079692023
1,22,14000.0,0.25700850956114
1,22,15000.0,0.20531025239826
1,22,16000.0,0.26779055672419
1,22,17000.0,0.2497426991947
1,22,18000.0,0.21132440655101
1,22,19000.0,0.25320093899072
1,22,20000.0,0.26821946478011
1,22,21000.0,0.21730484151794
1,22,22000.0,0.27440356363457
1,22,23000.0,0.27667623682351
1,22,24000.0,0.27266365359732
1,22,25000.0,0.27865757623805
1,22,26000.0,0.1958945066833
1,22,27000.0,0.27550011158876
1,22,28000.0,0.29924246538059
1,22,29000.0,0.29687537846835
1,22,30000.0,0.27161431250432
1,22,31000.0,0.1763252394463
1,22,32000.0,0.29320538218035
1,22,33000.0,0.22900674809602
1,22,34000.0,0.27594655362235
1,22,35000.0,0.27986876942651
1,22,36000.0,0.30792583035869
1,22,37000.0,0.28851571768393
1,22,38000.0,0.13500170166969
1,22,39000.0,0.25220554859676
1,22,40000.0,0.28641568673073
1,22,41000.0,0.26604120531461
1,22,42000.0,0.28447211280543
1,22,43000.0,0.22312342438754
1,22,44000.0,0.24779373019929
1,22,45000.0,0.27260295906112
1,22,46000.0,0.20371466047946
1,22,47000.0,0.2515918593976
1,22,48000.0,0.23704135592021
1,22,49000.0,0.28463396490186
1,22,50000.0,0.20532104253764
1,23,1000.0,1.0
1,23,2000.0,0.0
1,23,3000.0,0.17625189200832
1,23,4000.0,0.44246107346969
1,23,5000.0,0.33542486379347
1,23,6000.0,0.3027043897448
1,23,7000.0,0.26404177248683
1,23,8000.0,0.40414694806889
1,23,9000.0,0.37385983842878
1,23,10000.0,0.40355134607625
1,23,11000.0,0.27293190923796
1,23,12000.0,0.40703494424264
1,23,13000.0,0.42592819999886
1,23,14000.0,0.40577178012337
1,23,15000.0,0.34236207983563
1,23,16000.0,0.42373823727437
1,23,17000.0,0.37798296990886
1,23,18000.0,0.3531386265112
1,23,19000.0,0.44443483940429
1,23,20000.0,0.40603944334964
1,23,21000.0,0.37257031198234
1,23,22000.0,0.43424131870574
1,23,23000.0,0.38749440048567
1,23,24000.0,0.35618700983407
1,23,25000.0,0.46972776506671
1,23,26000.0,0.37433417298186
1,23,27000.0,0.37888093546409
1,23,28000.0,0.44144492750201
1,23,29000.0,0.30767439071249
1,23,30000.0,0.33632146310659
1,23,31000.0,0.41738879802626
1,23,32000.0,0.35341177045814
1,23,33000.0,0.37809503643869
1,23,34000.0,0.39444231500416
1,23,35000.0,0.36333736210135
1,23,36000.0,0.33101240117416
1,23,37000.0,0.43953730876604
1,23,38000.0,0.34778337632374
1,23,39000.0,0.26118582904743
1,23,40000.0,0.41013287199876
1,23,41000.0,0.41821886243577
1,23,42000.0,0.33383713862202
1,23,43000.0,0.39282516467684
1,23,44000.0,0.40157761020024
1,23,45000.0,0.40774125847415
1,23,46000.0,0.44506801617717
1,23,47000.0,0.35021201390796
1,23,48000.0,0.33406871411963
1,23,49000.0,0.40847966034976
1,23,50000.0,0.36001008124613
1,24,1000.0,1.0
1,24,2000.0,0.0
1,24,3000.0,0.24556537132856
1,24,4000.0,0.37337668045967
1,24,5000.0,0.30878553770777
1,24,6000.0,0.29605233201217
1,24,7000.0,0.12187144975639
1,24,8000.0,0.33132598384622
1,24,9000.0,0.34521073383391
1,24,10000.0,0.28295023998781
1,24,11000.0,0.19801249790877
1,24,12000.0,0.34032198870965
1,24,13000.0,0.2769063355027
1,24,14000.0,0.24455040974355
1,24,15000.0,0.20512511913502
1,24,16000.0,0.3496727624295
1,24,17000.0,0.20708130117987
1,24,18000.0,0.033569606478196
1,24,19000.0,0.15772790548285
1,24,20000.0,0.22183764751502
1,24,21000.0,0.10939268308601
1,24,22000.0,0.25033258504567
1,24,23000.0,0.1265149189734
1,24,24000.0,0.24628487911908
1,24,25000.0,0.28944388611221
1,24,26000.0,0.03775405153209
1,24,27000.0,0.20758738424383
1,24,28000.0,0.27290368406691
1,24,29000.0,0.18265085708457
1,24,30000.0,0.086789983078077
1,24,31000.0,0.1449841746234
1,24,32000.0,0.1974622147966
1,24,33000.0,0.21558841569216
1,24,34000.0,0.12001949826262
1,24,35000.0,0.026182917183553
1,24,36000.0,0.15769966734027
1,24,37000.0,0.26768786027779
1,24,38000.0,0.10736440110038
1,24,39000.0,0.024488588736679
1,24,40000.0,0.16881297836283
1,24,41000.0,0.17399246422183
1,24,42000.0,0.10149550505384
1,24,43000.0,0.18209498337086
1,24,44000.0,0.0917433680297
1,24,45000.0,0.15387768633804
1,24,46000.0,0.20785502320835
1,24,47000.0,0.0
1,24,48000.0,0.039976388497785
1,24,49000.0,0.17879005941774
1,24,50000.0,0.0
2,0,1000.0,1.0
2,0,2000.0,0.0
2,0,3000.0,0.29719529940791
2,0,4000.0,0.35017844588093
2,0,5000.0,0.087691592050177
2,0,6000.0,0.313301883169
2,0,7000.0,0.14498709671629
2,0,8000.0,0.23245662135272
2,0,9000.0,0.32268293029732
2,0,10000.0,0.24749997650851
2,0,11000.0,0.017045348838251
2,0,12000.0,0.25089862251708
2,0,13000.0,0.25458161623277
2,0,14000.0,0.24931881127851
2,0,15000.0,0.24219533881757
2,0,16000.0,0.1508373314538
2,0,17000.0,0.23101073164927
2,0,18000.0,0.24514790960752
2,0,19000.0,0.05707356137954
2,0,20000.0,0.22667876751933
2,0,21000.0,0.21968509590136
2,0,22000.0,0.24836933472883
2,0,23000.0,0.088041615979222
2,0,24000.0,0.14612947523306
2,0,25000.0,0.25236786319997
2,0,26000.0,0.21977723677111
2,0,27000.0,0.16391326904865
2,0,28000.0,0.22057174730391
2,0,29000.0,0.19160262069354
2,0,30000.0,0.23179723404646
2,0,31000.0,0.21074991264857
2,0,32000.0,0.17216293308133
2,0,33000.0,0.31457908921891
2,0,34000.0,0.17263301056775
2,0,35000.0,0.26610770069408
2,0,36000.0,0.25222751437005
2,0,37000.0,0.24447604178881
2,0,38000.0,0.17795786780736
2,0,39000.0,0.27531468255433
2,0,40000.0,0.25076598379245
2,0,41000.0,0.06895422273114
2,0,42000.0,0.24315881111481
2,0,43000.0,0.26873341241855
2,0,44000.0,0.18856509856077
2,0,45000.0,0.23267145204928
2,0,46000.0,0.20072892014289
2,0,47000.0,0.23113631234548
2,0,48000.0,0.15521284252388
2,0,49000.0,0.26675164538809
2,0,50000.0,0.21349710530186
2,1,1000.0,1.0
2,1,2000.0,0.0
2,1,3000.0,0.0
2,1,4000.0,0.12029355811067
2,1,5000.0,0.045572815308236
2,1,6000.0,0.10165571570174
2,1,7000.0,0.074199467553055
2,1,8000.0,0.14714116732851
2,1,9000.0,0.0
2,1,10000.0,0.14580292258535
2,1,11000.0,0.078793993724628
2,1,12000.0,0.13445147138527
2,1,13000.0,0.069284400980346
2,1,14000.0,0.12778296209875
2,1,15000.0,0.050662029975346
2,1,16000.0,0.10225797753672
2,1,17000.0,0.11234158540936
2,1,18000.0,0.13585410614664
2,1,19000.0,0.098075877137
2,1,20000.0,0.052960789373044
2,1,21000.0,0.098241372365102
2,1,22000.0,0.073561120585885
2,1,23000.0,0.084268874203392
2,1,24000.0,0.035832180273678
2,1,25000.0,0.11940761414307
2,1,26000.0,0.084169663843519
2,1,27000.0,0.10147696853335
2,1,28000.0,0.039760138069413
2,1,29000.0,0.10612983992835
2,1,30000.0,0.084342834899526
2,1,31000.0,0.11645098482385
2,1,32000.0,0.014243376401942
2,1,33000.0,0.050155519847241
2,1,34000.0,0.057088508041799
2,1,35000.0,0.11875874571135
2,1,36000.0,0.0
2,1,37000.0,0.044606460656214
2,1,38000.0,0.10551765939208
2,1,39000.0,0.027392362069975
2,1,40000.0,0.054567469268201
2,1,41000.0,0.078091682346722
2,1,42000.0,0.0
2,1,43000.0,0.086417984519794
2,1,44000.0,0.0
2,1,45000.0,0.16174217819939
2,1,46000.0,0.075368141783852
2,1,47000.0,0.15542682382272
2,1,48000.0,0.16308215100639
2,1,49000.0,0.22439887566917
2,1,50000.0,0.24689850215374
2,2,1000.0,1.0
2,2,2000.0,0.0
2,2,3000.0,0.76145292345117
2,2,4000.0,0.77552275333277
2,2,5000.0,0.76513288730994
2,2,6000.0,0.77288360527898
2,2,7000.0,0.67787459649971
2,2,8000.0,0.79787534831438
2,2,9000.0,0.78684026134552
2,2,10000.0,0.77823933944839
2,2,11000.0,0.74944751340366
2,2,12000.0,0.79104027644246
2,2,13000.0,0.78192652166214
2,2,14000.0,0.79891165419699
2,2,15000.0,0.77489515232516
2,2,16000.0,0.76703797476212
2,2,17000.0,0.78610686934087
2,2,18000.0,0.79310700997427
2,2,19000.0,0.74030851875717
2,2,20000.0,0.740996240483
2,2,21000.0,0.79642448426035
2,2,22000.0,0.75923340757653
2,2,23000.0,0.7639225828169
2,2,24000.0,0.74661072988911
2,2,25000.0,0.77155079625909
2,2,26000.0,0.78594637787173
2,2,27000.0,0.78036451691054
2,2,28000.0,0.76690751400167
2,2,29000.0,0.77567152277437
2,2,30000.0,0.79372956588368
2,2,31000.0,0.77794004211515
2,2,32000.0,0.77049435998003
2,2,33000.0,0.78427474430483
2,2,34000.0,0.78060040366996
2,2,35000.0,0.77321140184217
2,2,36000.0,0.7597148032666
2,2,37000.0,0.77239562426508
2,2,38000.0,0.77561909092932
2,2,39000.0,0.74815730018526
2,2,40000.0,0.69823324063507
2,2,41000.0,0.73500899307743
2,2,42000.0,0.77230228742219
2,2,43000.0,0.77969009319308
2,2,44000.0,0.74206662581252
2,2,45000.0,0.7544018413667
2,2,46000.0,0.76037907949245
2,2,47000.0,0.77293062793141
2,2,48000.0,0.7638940487045
2,2,49000.0,0.78103964223081
2,2,50000.0,0.78158694568682
2,4,1000.0,1.0
2,4,2000.0,0.0
2,4,3000.0,0.14764050515416
2,4,4000.0,0.35821996305164
2,4,5000.0,0.15866426117678
2,4,6000.0,0.26835109442318
2,4,7000.0,0.23199467508807
2,4,8000.0,0.39657388247277
2,4,9000.0,0.36565785059995
2,4,10000.0,0.35201923325889
2,4,11000.0,0.36229813522963
2,4,12000.0,0.39060257183803
2,4,13000.0,0.38229906705802
2,4,14000.0,0.37185629542704
2,4,15000.0,0.33162273474114
2,4,16000.0,0.32308596346981
2,4,17000.0,0.38712116211258
2,4,18000.0,0.39857173557007
2,4,19000.0,0.29153374345131
2,4,20000.0,0.23037687344117
2,4,21000.0,0.37704065351616
2,4,22000.0,0.27833683280715
2,4,23000.0,0.33667772699
2,4,24000.0,0.32143291697822
2,4,25000.0,0.37931338263321
2,4,26000.0,0.34482471575785
2,4,27000.0,0.38675691657773
2,4,28000.0,0.34156270677637
2,4,29000.0,0.37554704589347
2,4,30000.0,0.40356370535943
2,4,31000.0,0.38960366094355
2,4,32000.0,0.30779348697709
2,4,33000.0,0.39769120674211
2,4,34000.0,0.36894412941997
2,4,35000.0,0.37295996462242
2,4,36000.0,0.39912675245506
2,4,37000.0,0.36917535591088
2,4,38000.0,0.3624721060029
2,4,39000.0,0.35557646620474
2,4,40000.0,0.35275236940542
2,4,41000.0,0.38650031263711
2,4,42000.0,0.38537536198176
2,4,43000.0,0.39645498443428
2,4,44000.0,0.40913554075129
2,4,45000.0,0.40925489688523
2,4,46000.0,0.41179868843872
2,4,47000.0,0.38216053958123
2,4,48000.0,0.42986216737865
2,4,49000.0,0.47634954643478
2,4,50000.0,0.47724640250032
2,5,1000.0,1.0
2,5,2000.0,0.0
2,5,3000.0,0.36626975077049
2,5,4000.0,0.44664881019889
2,5,5000.0,0.26402520513017
2,5,6000.0,0.31333498815355
2,5,7000.0,0.18379529308137
2,5,8000.0,0.40015989812058
2,5,9000.0,0.39143329986092
2,5,10000.0,0.2932899960099
2,5,11000.0,0.3089740950784
2,5,12000.0,0.40892587141904
2,5,13000.0,0.36413544837596
2,5,14000.0,0.42621574110858
2,5,15000.0,0.33788416382032
2,5,16000.0,0.2975550301692
2,5,17000.0,0.42936530863949
2,5,18000.0,0.45311229104445
2,5,19000.0,0.30158936085021
2,5,20000.0,0.37459303441442
2,5,21000.0,0.40964408382666
2,5,22000.0,0.40969254351043
2,5,23000.0,0.28605747937188
2,5,24000.0,0.38021854743234
2,5,25000.0,0.41672105852176
2,5,26000.0,0.43125660360637
2,5,27000.0,0.3986284272513
2,5,28000.0,0.34295545222474
2,5,29000.0,0.43163497505344
2,5,30000.0,0.42651760847255
2,5,31000.0,0.41631023814018
2,5,32000.0,0.31559190596761
2,5,33000.0,0.46063434172281
2,5,34000.0,0.30946690306373
2,5,35000.0,0.42030633701772
2,5,36000.0,0.29551190194868
2,5,37000.0,0.40614680078933
2,5,38000.0,0.34472132469932
2,5,39000.0,0.37845346804054
2,5,40000.0,0.38672537073745
2,5,41000.0,0.34964257210054
2,5,42000.0,0.40642451819839
2,5,43000.0,0.44136573077368
2,5,44000.0,0.32804417731327
2,5,45000.0,0.30121203571703
2,5,46000.0,0.38549495220075
2,5,47000.0,0.40700412062176
2,5,48000.0,0.38224525269972
2,5,49000.0,0.43407842320782
2,5,50000.0,0.43337957717976
2,6,1000.0,1.0
2,6,2000.0,0.0
2,6,3000.0,0.24911678021588
2,6,4000.0,0.27403872035897
2,6,5000.0,0.13128734831813
2,6,6000.0,0.22782196641478
2,6,7000.0,0.17048727093783
2,6,8000.0,0.31441487714318
2,6,9000.0,0.16776351636526
2,6,10000.0,0.16036971369258
2,6,11000.0,0.040476868796103
2,6,12000.0,0.19997355669129
2,6,13000.0,0.15097263855956
2,6,14000.0,0.18379091564479
2,6,15000.0,0.15649295951497
2,6,16000.0,0.12809270520127
2,6,17000.0,0.1522412462577
2,6,18000.0,0.27834731588567
2,6,19000.0,0.14995081296246
2,6,20000.0,0.2706775072823
2,6,21000.0,0.28192709815599
2,6,22000.0,0.17292364682274
2,6,23000.0,0.14389555443194
2,6,24000.0,0.24267307737489
2,6,25000.0,0.2141502297328
2,6,26000.0,0.21281899286847
2,6,27000.0,0.25446656700018
2,6,28000.0,0.27632596595023
2,6,29000.0,0.27524313520536
2,6,30000.0,0.29883748669737
2,6,31000.0,0.25464915207591
2,6,32000.0,0.26191418252918
2,6,33000.0,0.30310861988544
2,6,34000.0,0.26185951843708
2,6,35000.0,0.28067236722804
2,6,36000.0,0.28641843164595
2,6,37000.0,0.26658103340269
2,6,38000.0,0.20338822366533
2,6,39000.0,0.27885883780429
2,6,40000.0,0.25193139110771
2,6,41000.0,0.2332316546433
2,6,42000.0,0.25846791374869
2,6,43000.0,0.26448965211539
2,6,44000.0,0.24545380964081
2,6,45000.0,0.29910536644919
2,6,46000.0,0.25450894611344
2,6,47000.0,0.25929663136423
2,6,48000.0,0.2581469451609
2,6,49000.0,0.32322947326828
2,6,50000.0,0.30060016060344
2,7,1000.0,1.0
2,7,2000.0,0.0
2,7,3000.0,0.055661348913669
2,7,4000.0,0.093053560663469
2,7,5000.0,0.0
2,7,6000.0,0.040155534132253
2,7,7000.0,0.074570236852968
2,7,8000.0,0.055269803934393
2,7,9000.0,0.080025036218227
2,7,10000.0,0.053434151217482
2,7,11000.0,0.0
2,7,12000.0,0.087392092254625
2,7,13000.0,0.10580596804333
2,7,14000.0,0.071496131463054
2,7,15000.0,0.0043479460012386
2,7,16000.0,0.088711077365502
2,7,17000.0,0.038072107762808
2,7,18000.0,0.078308454320622
2,7,19000.0,0.0
2,7,20000.0,0.10444517206471
2,7,21000.0,0.1018484017445
2,7,22000.0,0.09636357090431
2,7,23000.0,0.096844067863632
2,7,24000.0,0.1013335086514
2,7,25000.0,0.14506583015246
2,7,26000.0,0.090747149916778
2,7,27000.0,0.075909342075011
2,7,28000.0,0.083563828873002
2,7,29000.0,0.11639672469573
2,7,30000.0,0.048935494121939
2,7,31000.0,0.10005776085215
2,7,32000.0,0.050348991375637
2,7,33000.0,0.10432642864242
2,7,34000.0,0.0
2,7,35000.0,0.12827895757524
2,7,36000.0,0.12369582144151
2,7,37000.0,0.13718111174087
2,7,38000.0,0.041660432665581
2,7,39000.0,0.13739942901882
2,7,40000.0,0.12384849086531
2,7,41000.0,0.064458557886668
2,7,42000.0,0.035868154686059
2,7,43000.0,0.096381734631408
2,7,44000.0,0.10101067159369
2,7,45000.0,0.11523793530137
2,7,46000.0,0.0078701088546577
2,7,47000.0,0.14819621074651
2,7,48000.0,0.12550304835855
2,7,49000.0,0.1524465275361
2,7,50000.0,0.15196409215394
2,8,1000.0,1.0
2,8,2000.0,0.0
2,8,3000.0,0.16850095544164
2,8,4000.0,0.16872779560704
2,8,5000.0,0.039479048283723
2,8,6000.0,0.14984793877117
2,8,7000.0,0.033044886831731
2,8,8000.0,0.080777127331584
2,8,9000.0,0.18708841140239
2,8,10000.0,0.10496733347649
2,8,11000.0,0.0
2,8,12000.0,0.2298883549895
2,8,13000.0,0.19122433026466
2,8,14000.0,0.17579715662752
2,8,15000.0,0.15436662808852
2,8,16000.0,0.069268020755387
2,8,17000.0,0.17445920507941
2,8,18000.0,0.22815906445281
2,8,19000.0,0.0
2,8,20000.0,0.14819249693987
2,8,21000.0,0.1920050249691
2,8,22000.0,0.14039091280362
2,8,23000.0,0.044315523401426
2,8,24000.0,0.18769912498375
2,8,25000.0,0.19524858447899
2,8,26000.0,0.124362712663
2,8,27000.0,0.10569797184589
2,8,28000.0,0.092281302241438
2,8,29000.0,0.16193563273401
2,8,30000.0,0.17612261064385
2,8,31000.0,0.15530635567298
2,8,32000.0,0.061654016104978
2,8,33000.0,0.2146799190957
2,8,34000.0,0.05341732637668
2,8,35000.0,0.12752573334365
2,8,36000.0,0.11529293478373
2,8,37000.0,0.087038595738253
2,8,38000.0,0.0
2,8,39000.0,0.046470635468499
2,8,40000.0,0.082991294620767
2,8,41000.0,0.0
2,8,42000.0,0.030208018731042
2,8,43000.0,0.20866199417117
2,8,44000.0,0.0
2,8,45000.0,0.23896538633383
2,8,46000.0,0.14613369036695
2,8,47000.0,0.17493988172444
2,8,48000.0,0.23844852927055
2,8,49000.0,0.23170949974399
2,8,50000.0,0.24350788076392
2,9,1000.0,1.0
2,9,2000.0,0.0
2,9,3000.0,0.086741655272934
2,9,4000.0,0.1241403853559
2,9,5000.0,0.21450996382314
2,9,6000.0,0.16401728378458
2,9,7000.0,0.16935975368217
2,9,8000.0,0.24706570447541
2,9,9000.0,0.22694979259945
2,9,10000.0,0.11622465460556
2,9,11000.0,0.045377855837136
2,9,12000.0,0.21904702900885
2,9,13000.0,0.20090597224203
2,9,14000.0,0.16637010291655
2,9,15000.0,0.20587239450092
2,9,16000.0,0.059112821799768
2,9,17000.0,0.23446354138945
2,9,18000.0,0.20661728580094
2,9,19000.0,0.06076987469216
2,9,20000.0,0.12778486227286
2,9,21000.0,0.17312390922867
2,9,22000.0,0.062736959725914
2,9,23000.0,0.083502331083421
2,9,24000.0,0.12924944637417
2,9,25000.0,0.072168852052774
2,9,26000.0,0.15063085233076
2,9,27000.0,0.026079840243863
2,9,28000.0,0.020631767688328
2,9,29000.0,0.15200137705401
2,9,30000.0,0.12841118874476
2,9,31000.0,0.065406206259675
2,9,32000.0,0.0079641129103614
2,9,33000.0,0.092941966437711
2,9,34000.0,0.034086020602772
2,9,35000.0,0.12504872816503
2,9,36000.0,0.0
2,9,37000.0,0.0
2,9,38000.0,0.0
2,9,39000.0,0.18615270458147
2,9,40000.0,0.13940745019648
2,9,41000.0,0.0
2,9,42000.0,0.071801880751879
2,9,43000.0,0.20586028481743
2,9,44000.0,0.01080305877121
2,9,45000.0,0.11530210773531
2,9,46000.0,0.076126709186937
2,9,47000.0,0.096409995662716
2,9,48000.0,0.10140047539356
2,9,49000.0,0.21338679757473
2,9,50000.0,0.17191655995325
2,10,1000.0,1.0
2,10,2000.0,0.0
2,10,3000.0,0.21654883619758
2,10,4000.0,0.22751002846945
2,10,5000.0,0.2105512036803
2,10,6000.0,0.2873060017592
2,10,7000.0,0.04801563854506
2,10,8000.0,0.32256665848457
2,10,9000.0,0.28787896248165
2,10,10000.0,0.2605524652722
2,10,11000.0,0.28552142647145
2,10,12000.0,0.29637665977672
2,10,13000.0,0.2470654638828
2,10,14000.0,0.29917286730633
2,10,15000.0,0.2614146826735
2,10,16000.0,0.16940589879466
2,10,17000.0,0.20993783106239
2,10,18000.0,0.2867185012905
2,10,19000.0,0.047919445708734
2,10,20000.0,0.17610248864416
2,10,21000.0,0.28953064418108
2,10,22000.0,0.21367986166655
2,10,23000.0,0.082028681808477
2,10,24000.0,0.1360237919699
2,10,25000.0,0.096726091273787
2,10,26000.0,0.13082531081977
2,10,27000.0,0.09974454327787
2,10,28000.0,0.11034740298524
2,10,29000.0,0.15374747770549
2,10,30000.0,0.21667265456251
2,10,31000.0,0.014178244331303
2,10,32000.0,0.12818128190925
2,10,33000.0,0.23354384951716
2,10,34000.0,0.00085006244753716
2,10,35000.0,0.18905098404059
2,10,36000.0,0.11398952556597
2,10,37000.0,0.084375035112372
2,10,38000.0,0.0
2,10,39000.0,0.11748431270548
2,10,40000.0,0.0078964934943745
2,10,41000.0,0.0
2,10,42000.0,0.24043680873708
2,10,43000.0,0.29540362940008
2,10,44000.0,0.23826290659303
2,10,45000.0,0.17918870921641
2,10,46000.0,0.20753532542414
2,10,47000.0,0.27538580883398
2,10,48000.0,0.28878871502435
2,10,49000.0,0.291957910907
2,10,50000.0,0.28222228014363
2,11,1000.0,1.0
2,11,2000.0,0.0
2,11,3000.0,0.41281433510821
2,11,4000.0,0.47310077211694
2,11,5000.0,0.35724666990231
2,11,6000.0,0.41853757701268
2,11,7000.0,0.27350196644516
2,11,8000.0,0.53315251573796
2,11,9000.0,0.53259171287267
2,11,10000.0,0.49437063166395
2,11,11000.0,0.46465390585877
2,11,12000.0,0.53817629362298
2,11,13000.0,0.47109969475628
2,11,14000.0,0.54905702099249
2,11,15000.0,0.53118043778575
2,11,16000.0,0.31349912289684
2,11,17000.0,0.4842366072996
2,11,18000.0,0.53655384364283
2,11,19000.0,0.25677182644561
2,11,20000.0,0.42211702119992
2,11,21000.0,0.50520230961239
2,11,22000.0,0.45616671865794
2,11,23000.0,0.3900735690775
2,11,24000.0,0.48714049354898
2,11,25000.0,0.4457110014672
2,11,26000.0,0.49846568185244
2,11,27000.0,0.40482617625044
2,11,28000.0,0.44234295171183
2,11,29000.0,0.51169800135103
2,11,30000.0,0.55923405224941
2,11,31000.0,0.40573933117519
2,11,32000.0,0.44560060308683
2,11,33000.0,0.55940617609182
2,11,34000.0,0.44820780454581
2,11,35000.0,0.54251463529896
2,11,36000.0,0.52650130804595
2,11,37000.0,0.48210728936588
2,11,38000.0,0.50405591642373
2,11,39000.0,0.52254057543101
2,11,40000.0,0.42849158333801
2,11,41000.0,0.48281482467279
2,11,42000.0,0.50773245128949
2,11,43000.0,0.53481774111809
2,11,44000.0,0.38055278260533
2,11,45000.0,0.54342880182803
2,11,46000.0,0.49252989317479
2,11,47000.0,0.52055515304715
2,11,48000.0,0.49951362596294
2,11,49000.0,0.55078015513623
2,11,50000.0,0.55968742912948
2,12,1000.0,1.0
2,12,2000.0,0.0
2,12,3000.0,0.14957711101641
2,12,4000.0,0.21932519503241
2,12,5000.0,0.012386158266818
2,12,6000.0,0.15593472216101
2,12,7000.0,0.080786626722996
2,12,8000.0,0.26752907747929
2,12,9000.0,0.1377681746389
2,12,10000.0,0.21640682958684
2,12,11000.0,0.10073123714695
2,12,12000.0,0.20063676082086
2,12,13000.0,0.15905864938101
2,12,14000.0,0.1991663484293
2,12,15000.0,0.072428122588404
2,12,16000.0,0.087992316286607
2,12,17000.0,0.16919987325151
2,12,18000.0,0.15754147124964
2,12,19000.0,0.085036504016506
2,12,20000.0,0.12998163282848
2,12,21000.0,0.14982168415859
2,12,22000.0,0.084560205178
2,12,23000.0,0.082103169730159
2,12,24000.0,0.1113681913746
2,12,25000.0,0.10456180795498
2,12,26000.0,0.13195804954576
2,12,27000.0,0.078649237970826
2,12,28000.0,0.14396151021082
2,12,29000.0,0.13300614547347
2,12,30000.0,0.15211148885117
2,12,31000.0,0.059298507694955
2,12,32000.0,0.11005335035369
2,12,33000.0,0.1147729897506
2,12,34000.0,0.03879338032875
2,12,35000.0,0.085470474663644
2,12,36000.0,0.040181623184426
2,12,37000.0,0.0
2,12,38000.0,0.076791665892528
2,12,39000.0,0.062579635644207
2,12,40000.0,0.0
2,12,41000.0,0.097094327443627
2,12,42000.0,0.037849080894482
2,12,43000.0,0.1636144283153
2,12,44000.0,0.092703439511347
2,12,45000.0,0.11874057835329
2,12,46000.0,0.12390425821454
2,12,47000.0,0.044732145385305
2,12,48000.0,0.03248895629167
2,12,49000.0,0.23695220464663
2,12,50000.0,0.22112233854054
2,13,1000.0,1.0
2,13,2000.0,0.0
2,13,3000.0,0.31024443067961
2,13,4000.0,0.43118725243861
2,13,5000.0,0.33588703497238
2,13,6000.0,0.40632934241542
2,13,7000.0,0.202870218324
2,13,8000.0,0.50661489864164
2,13,9000.0,0.48372729953089
2,13,10000.0,0.43182767700991
2,13,11000.0,0.25111429369505
2,13,12000.0,0.48160681234355
2,13,13000.0,0.39469235055222
2,13,14000.0,0.46870498289731
2,13,15000.0,0.36956718041862
2,13,16000.0,0.31338207754902
2,13,17000.0,0.43615633188908
2,13,18000.0,0.44888461304424
2,13,19000.0,0.31941023077875
2,13,20000.0,0.4194862745645
2,13,21000.0,0.47639924436275
2,13,22000.0,0.39731357445603
2,13,23000.0,0.31491007541487
2,13,24000.0,0.35505713650197
2,13,25000.0,0.37189335803753
2,13,26000.0,0.41980467115653
2,13,27000.0,0.42407121255746
2,13,28000.0,0.34414465026369
2,13,29000.0,0.39540551692141
2,13,30000.0,0.44998727770511
2,13,31000.0,0.40803108968971
2,13,32000.0,0.38431966874658
2,13,33000.0,0.38854518936282
2,13,34000.0,0.37268403968716
2,13,35000.0,0.45259078438459
2,13,36000.0,0.38521596572299
2,13,37000.0,0.32577070748377
2,13,38000.0,0.3367742449338
2,13,39000.0,0.38309858238641
2,13,40000.0,0.32448470023221
2,13,41000.0,0.27961647981617
2,13,42000.0,0.34891615308504
2,13,43000.0,0.41375023973569
2,13,44000.0,0.27695994171781
2,13,45000.0,0.433188272628
2,13,46000.0,0.3567398783433
2,13,47000.0,0.40210402404222
2,13,48000.0,0.37839456174511
2,13,49000.0,0.43004778741946
2,13,50000.0,0.45375129186136
2,14,1000.0,1.0
2,14,2000.0,0.0
2,14,3000.0,0.41697621615569
2,14,4000.0,0.44349605674072
2,14,5000.0,0.3639054803409
2,14,6000.0,0.42267521280497
2,14,7000.0,0.29386613877798
2,14,8000.0,0.46658441356994
2,14,9000.0,0.49585085881551
2,14,10000.0,0.39219672388864
2,14,11000.0,0.40433862954839
2,14,12000.0,0.46158392867777
2,14,13000.0,0.44171844825006
2,14,14000.0,0.45364206754526
2,14,15000.0,0.4463288456622
2,14,16000.0,0.31269579651768
2,14,17000.0,0.46528972952926
2,14,18000.0,0.47178503883112
2,14,19000.0,0.33983937169952
2,14,20000.0,0.45949553546652
2,14,21000.0,0.47181035786517
2,14,22000.0,0.39009341765309
2,14,23000.0,0.33033203790434
2,14,24000.0,0.43008527765632
2,14,25000.0,0.42258824799835
2,14,26000.0,0.45076498937458
2,14,27000.0,0.421276047736
2,14,28000.0,0.43284164591871
2,14,29000.0,0.4772536938607
2,14,30000.0,0.50195769397647
2,14,31000.0,0.4199057415882
2,14,32000.0,0.44689502318217
2,14,33000.0,0.50422786143511
2,14,34000.0,0.41843329332713
2,14,35000.0,0.49498813038739
2,14,36000.0,0.48702313974144
2,14,37000.0,0.48130627776288
2,14,38000.0,0.47509588295872
2,14,39000.0,0.45708084545132
2,14,40000.0,0.43614270033867
2,14,41000.0,0.44173317284512
2,14,42000.0,0.41023478180727
2,14,43000.0,0.4909884141976
2,14,44000.0,0.4153059581979
2,14,45000.0,0.46778710821135
2,14,46000.0,0.46023637759218
2,14,47000.0,0.46125515110597
2,14,48000.0,0.49155346823989
2,14,49000.0,0.46890576696974
2,14,50000.0,0.49987491060613
2,15,1000.0,1.0
2,15,2000.0,0.0
2,15,3000.0,0.76626845400058
2,15,4000.0,0.8093189954349
2,15,5000.0,0.8024251055069
2,15,6000.0,0.77689852705478
2,15,7000.0,0.72832355619411
2,15,8000.0,0.81673482766249
2,15,9000.0,0.81442661452085
2,15,10000.0,0.81202233661595
2,15,11000.0,0.79043714074808
2,15,12000.0,0.81401595643292
2,15,13000.0,0.81332656695266
2,15,14000.0,0.81554091890992
2,15,15000.0,0.80977511046194
2,15,16000.0,0.77941635015423
2,15,17000.0,0.78855977844564
2,15,18000.0,0.80394829175531
2,15,19000.0,0.77224104867583
2,15,20000.0,0.77006035793628
2,15,21000.0,0.80094010669277
2,15,22000.0,0.77196328502944
2,15,23000.0,0.74397047651101
2,15,24000.0,0.7857578916414
2,15,25000.0,0.78769389519455
2,15,26000.0,0.78717798995431
2,15,27000.0,0.77559233099707
2,15,28000.0,0.7899928015158
2,15,29000.0,0.78396492012312
2,15,30000.0,0.80452761933679
2,15,31000.0,0.78553849479585
2,15,32000.0,0.76331233881797
2,15,33000.0,0.79494676132518
2,15,34000.0,0.78011901416526
2,15,35000.0,0.78284876774816
2,15,36000.0,0.76937593337907
2,15,37000.0,0.78108394786087
2,15,38000.0,0.77035873013391
2,15,39000.0,0.77685589649266
2,15,40000.0,0.76252564345858
2,15,41000.0,0.74266825290971
2,15,42000.0,0.77444825123959
2,15,43000.0,0.78139961805149
2,15,44000.0,0.73454168219464
2,15,45000.0,0.7592097245977
2,15,46000.0,0.75821493957193
2,15,47000.0,0.7572680924206
2,15,48000.0,0.75478080043851
2,15,49000.0,0.77876760620164
2,15,50000.0,0.77168635092264
2,16,1000.0,1.0
2,16,2000.0,0.0
2,16,3000.0,0.40001580859935
2,16,4000.0,0.36382031092659
2,16,5000.0,0.42087692384623
2,16,6000.0,0.46354170361183
2,16,7000.0,0.14828995535983
2,16,8000.0,0.47495301632726
2,16,9000.0,0.52475187701216
2,16,10000.0,0.4314483084505
2,16,11000.0,0.36031234307655
2,16,12000.0,0.53655896731873
2,16,13000.0,0.45670508815193
2,16,14000.0,0.49639461438873
2,16,15000.0,0.41480674790324
2,16,16000.0,0.335727222635
2,16,17000.0,0.45914562811135
2,16,18000.0,0.49569786863208
2,16,19000.0,0.27125549398015
2,16,20000.0,0.44123336549856
2,16,21000.0,0.4763976026912
2,16,22000.0,0.40172383652599
2,16,23000.0,0.36300472983805
2,16,24000.0,0.42836348098165
2,16,25000.0,0.39014932698777
2,16,26000.0,0.46167844881749
2,16,27000.0,0.39434214044771
2,16,28000.0,0.37559413360162
2,16,29000.0,0.4325604004822
2,16,30000.0,0.47297176312163
2,16,31000.0,0.40443823313813
2,16,32000.0,0.31676629247392
2,16,33000.0,0.40140478737539
2,16,34000.0,0.36670026925843
2,16,35000.0,0.42478681210342
2,16,36000.0,0.41153263406469
2,16,37000.0,0.34757165752164
2,16,38000.0,0.37093879761106
2,16,39000.0,0.43370503629073
2,16,40000.0,0.29155890138573
2,16,41000.0,0.31692146893378
2,16,42000.0,0.40322541398093
2,16,43000.0,0.43837895609208
2,16,44000.0,0.32207015073551
2,16,45000.0,0.41175040861915
2,16,46000.0,0.38294581832568
2,16,47000.0,0.40211236280875
2,16,48000.0,0.41328788616659
2,16,49000.0,0.43406099019022
2,16,50000.0,0.46932268682941
2,17,1000.0,1.0
2,17,2000.0,0.0
2,17,3000.0,0.36268480930459
2,17,4000.0,0.32989795210492
2,17,5000.0,0.31793611229158
2,17,6000.0,0.37286045522103
2,17,7000.0,0.16864463349458
2,17,8000.0,0.44415956475763
2,17,9000.0,0.43281571379844
2,17,10000.0,0.23977783922062
2,17,11000.0,0.26279040949181
2,17,12000.0,0.45756858435475
2,17,13000.0,0.34066385486449
2,17,14000.0,0.38279969513628
2,17,15000.0,0.31502210869028
2,17,16000.0,0.22626715598353
2,17,17000.0,0.38445737796603
2,17,18000.0,0.39917395920098
2,17,19000.0,0.24137639271417
2,17,20000.0,0.36638144361773
2,17,21000.0,0.41231466050732
2,17,22000.0,0.31152059207679
2,17,23000.0,0.26790011201716
2,17,24000.0,0.25927690994893
2,17,25000.0,0.31740404399676
2,17,26000.0,0.37336514762707
2,17,27000.0,0.26929701392013
2,17,28000.0,0.26369616261442
2,17,29000.0,0.37783733459533
2,17,30000.0,0.39206738690931
2,17,31000.0,0.34562278534934
2,17,32000.0,0.25989767715339
2,17,33000.0,0.40796984958651
2,17,34000.0,0.24230180547922
2,17,35000.0,0.3856642380143
2,17,36000.0,0.37621958734924
2,17,37000.0,0.18896752833987
2,17,38000.0,0.28782380354634
2,17,39000.0,0.33203611692299
2,17,40000.0,0.27361102402169
2,17,41000.0,0.19308924460148
2,17,42000.0,0.28954769877594
2,17,43000.0,0.36484799481935
2,17,44000.0,0.32079949397521
2,17,45000.0,0.34679258574742
2,17,46000.0,0.34056380813151
2,17,47000.0,0.37943975455068
2,17,48000.0,0.37057982000368
2,17,49000.0,0.43109592964896
2,17,50000.0,0.4359629539869
2,18,1000.0,1.0
2,18,2000.0,0.0
2,18,3000.0,0.49854066626345
2,18,4000.0,0.51840556102874
2,18,5000.0,0.48244794529058
2,18,6000.0,0.50749049094256
2,18,7000.0,0.40820660795068
2,18,8000.0,0.56621790561117
2,18,9000.0,0.52761487186166
2,18,10000.0,0.49415192095796
2,18,11000.0,0.4549836756267
2,18,12000.0,0.55649284433294
2,18,13000.0,0.50084233106959
2,18,14000.0,0.51791799556794
2,18,15000.0,0.48024901979263
2,18,16000.0,0.41292251079236
2,18,17000.0,0.49520375201133
2,18,18000.0,0.52365381574613
2,18,19000.0,0.42217757492196
2,18,20000.0,0.49936453099642
2,18,21000.0,0.50307201110073
2,18,22000.0,0.47320574790804
2,18,23000.0,0.34312764001834
2,18,24000.0,0.49617565623187
2,18,25000.0,0.45053976187126
2,18,26000.0,0.50942909784543
2,18,27000.0,0.44643916490804
2,18,28000.0,0.45607398622201
2,18,29000.0,0.47745115115347
2,18,30000.0,0.52292975830428
2,18,31000.0,0.45713615659163
2,18,32000.0,0.47449131848861
2,18,33000.0,0.49495336714384
2,18,34000.0,0.40053562939419
2,18,35000.0,0.51218763656331
2,18,36000.0,0.46056328368031
2,18,37000.0,0.42774569828162
2,18,38000.0,0.41279962089829
2,18,39000.0,0.45603007317993
2,18,40000.0,0.39129643273698
2,18,41000.0,0.36158694603038
2,18,42000.0,0.41417355487696
2,18,43000.0,0.4787888656585
2,18,44000.0,0.39755241569216
2,18,45000.0,0.41771765517395
2,18,46000.0,0.4181967610562
2,18,47000.0,0.41987078404831
2,18,48000.0,0.4208970618819
2,18,49000.0,0.48186099285481
2,18,50000.0,0.473985361828
2,19,1000.0,1.0
2,19,2000.0,0.0
2,19,3000.0,0.55846068768208
2,19,4000.0,0.61508242002696
2,19,5000.0,0.62236042631594
2,19,6000.0,0.61885350606757
2,19,7000.0,0.57832007382761
2,19,8000.0,0.65622157636645
2,19,9000.0,0.61717336050039
2,19,10000.0,0.63572217270608
2,19,11000.0,0.57629718676179
2,19,12000.0,0.6138023849958
2,19,13000.0,0.64262786423708
2,19,14000.0,0.65153983235815
2,19,15000.0,0.63626017727757
2,19,16000.0,0.61217342670966
2,19,17000.0,0.63254742592257
2,19,18000.0,0.64412232138037
2,19,19000.0,0.57856243578964
2,19,20000.0,0.60488047584938
2,19,21000.0,0.64511905931861
2,19,22000.0,0.61307789816302
2,19,23000.0,0.61929938822751
2,19,24000.0,0.57992174202582
2,19,25000.0,0.61243918017469
2,19,26000.0,0.63172937307691
2,19,27000.0,0.62104725332171
2,19,28000.0,0.60305009073032
2,19,29000.0,0.59166232729771
2,19,30000.0,0.63035122368547
2,19,31000.0,0.61067702027342
2,19,32000.0,0.58155719795215
2,19,33000.0,0.60592204750225
2,19,34000.0,0.61801285555581
2,19,35000.0,0.6038973829547
2,19,36000.0,0.59212106066421
2,19,37000.0,0.59241735303629
2,19,38000.0,0.60667186688684
2,19,39000.0,0.59093459164467
2,19,40000.0,0.5662922928763
2,19,41000.0,0.59987924252912
2,19,42000.0,0.61802000295951
2,19,43000.0,0.62845326311293
2,19,44000.0,0.56081932158421
2,19,45000.0,0.58785984452157
2,19,46000.0,0.59825033328068
2,19,47000.0,0.60863156327871
2,19,48000.0,0.56506336282086
2,19,49000.0,0.61684587945617
2,19,50000.0,0.61686179867312
2,20,1000.0,1.0
2,20,2000.0,0.0
2,20,3000.0,0.16291067696085
2,20,4000.0,0.22372781132932
2,20,5000.0,0.036724986068548
2,20,6000.0,0.21252621666724
2,20,7000.0,0.056080929245841
2,20,8000.0,0.20036679580769
2,20,9000.0,0.234579142598
2,20,10000.0,0.16547754284641
2,20,11000.0,0.10474983716585
2,20,12000.0,0.22286534823904
2,20,13000.0,0.22796158895775
2,20,14000.0,0.15840922350972
2,20,15000.0,0.10934317277643
2,20,16000.0,0.0
2,20,17000.0,0.21007313223105
2,20,18000.0,0.22507775641805
2,20,19000.0,0.0
2,20,20000.0,0.21720841741439
2,20,21000.0,0.22099514109346
2,20,22000.0,0.24902329517059
2,20,23000.0,0.10221528386967
2,20,24000.0,0.22007942743944
2,20,25000.0,0.275622894423
2,20,26000.0,0.24839141972104
2,20,27000.0,0.17436386163751
2,20,28000.0,0.19632222378272
2,20,29000.0,0.22265859575406
2,20,30000.0,0.25378398955324
2,20,31000.0,0.20074023178297
2,20,32000.0,0.14877643324421
2,20,33000.0,0.25132457147771
2,20,34000.0,0.1764716352815
2,20,35000.0,0.22351368408533
2,20,36000.0,0.11949641227051
2,20,37000.0,0.19514818322529
2,20,38000.0,0.1370372099781
2,20,39000.0,0.17143802329248
2,20,40000.0,0.0
2,20,41000.0,0.033022201037799
2,20,42000.0,0.15356160789529
2,20,43000.0,0.19902244807481
2,20,44000.0,0.0
2,20,45000.0,0.2204344868895
2,20,46000.0,0.23560746187164
2,20,47000.0,0.23651371390603
2,20,48000.0,0.16569484089414
2,20,49000.0,0.29415174090529
2,20,50000.0,0.24321628643143
2,21,1000.0,1.0
2,21,2000.0,0.0
2,21,3000.0,0.13298599368216
2,21,4000.0,0.17206873312059
2,21,5000.0,0.078063512183149
2,21,6000.0,0.19712329712611
2,21,7000.0,0.18186020785565
2,21,8000.0,0.26853361494065
2,21,9000.0,0.13364316089192
2,21,10000.0,0.2550022932324
2,21,11000.0,0.22555708264408
2,21,12000.0,0.23322406990639
2,21,13000.0,0.18347517256415
2,21,14000.0,0.20036144640406
2,21,15000.0,0.17828355609991
2,21,16000.0,0.066970271275153
2,21,17000.0,0.13161226958184
2,21,18000.0,0.23637798052007
2,21,19000.0,0.096685114064434
2,21,20000.0,0.17237191568032
2,21,21000.0,0.14678725867916
2,21,22000.0,0.055540814163246
2,21,23000.0,0.11871598862442
2,21,24000.0,0.12218078848629
2,21,25000.0,0.14506606724601
2,21,26000.0,0.16895773786311
2,21,27000.0,0.11965095218136
2,21,28000.0,0.15685457628434
2,21,29000.0,0.085901346517541
2,21,30000.0,0.17069130336958
2,21,31000.0,0.13209973712406
2,21,32000.0,0.13821795687723
2,21,33000.0,0.10972791549997
2,21,34000.0,0.029558285830541
2,21,35000.0,0.17654250647864
2,21,36000.0,0.042012072626594
2,21,37000.0,0.0
2,21,38000.0,0.039525726849255
2,21,39000.0,0.1395754359233
2,21,40000.0,0.024735557120483
2,21,41000.0,0.0
2,21,42000.0,0.10587231301298
2,21,43000.0,0.18657617321157
2,21,44000.0,0.0
2,21,45000.0,0.20692652262609
2,21,46000.0,0.072043984188815
2,21,47000.0,0.21793055698737
2,21,48000.0,0.14103582834738
2,21,49000.0,0.26916088543601
2,21,50000.0,0.24554842162145
2,22,1000.0,1.0
2,22,2000.0,0.0
2,22,3000.0,0.27200281768318
2,22,4000.0,0.35833697396516
2,22,5000.0,0.27749203416433
2,22,6000.0,0.31061222175826
2,22,7000.0,0.070754958825855
2,22,8000.0,0.41185558618061
2,22,9000.0,0.36371609817842
2,22,10000.0,0.3329045201322
2,22,11000.0,0.35564892046919
2,22,12000.0,0.29485553739824
2,22,13000.0,0.37980845434516
2,22,14000.0,0.40929256124407
2,22,15000.0,0.36295601775807
2,22,16000.0,0.15510730718768
2,22,17000.0,0.40992660468088
2,22,18000.0,0.39696874270453
2,22,19000.0,0.25586655710987
2,22,20000.0,0.40137845655874
2,22,21000.0,0.34288149187992
2,22,22000.0,0.38432175584475
2,22,23000.0,0.3140680209991
2,22,24000.0,0.34497056598028
2,22,25000.0,0.41892514869697
2,22,26000.0,0.42129229548376
2,22,27000.0,0.36744570134234
2,22,28000.0,0.33704348229489
2,22,29000.0,0.457845869584
2,22,30000.0,0.44333735991731
2,22,31000.0,0.45187432385903
2,22,32000.0,0.35378262289393
2,22,33000.0,0.44388438397186
2,22,34000.0,0.40730178596928
2,22,35000.0,0.46078136541477
2,22,36000.0,0.38637282787115
2,22,37000.0,0.44280780512281
2,22,38000.0,0.37188387204798
2,22,39000.0,0.34087753685922
2,22,40000.0,0.39534013804781
2,22,41000.0,0.39236607260225
2,22,42000.0,0.39172526921643
2,22,43000.0,0.44873639364927
2,22,44000.0,0.3715786034249
2,22,45000.0,0.41410989211268
2,22,46000.0,0.39626269075369
2,22,47000.0,0.42623398125921
2,22,48000.0,0.47217331424122
2,22,49000.0,0.44603549694577
2,22,50000.0,0.47709131489227
2,23,1000.0,1.0
2,23,2000.0,0.0
2,23,3000.0,0.3401780798299
2,23,4000.0,0.43476473996562
2,23,5000.0,0.41527721036811
2,23,6000.0,0.44354891989222
2,23,7000.0,0.30620259529481
2,23,8000.0,0.4705511100939
2,23,9000.0,0.46451667194329
2,23,10000.0,0.35910001573575
2,23,11000.0,0.35476432064723
2,23,12000.0,0.46188879391778
2,23,13000.0,0.40382016299677
2,23,14000.0,0.43224409463303
2,23,15000.0,0.46457304607874
2,23,16000.0,0.40981273913921
2,23,17000.0,0.44436899122358
2,23,18000.0,0.4587659165194
2,23,19000.0,0.32291672900158
2,23,20000.0,0.4331002601198
2,23,21000.0,0.44803078643454
2,23,22000.0,0.41190109629396
2,23,23000.0,0.27869116783238
2,23,24000.0,0.4204259219829
2,23,25000.0,0.41574749901518
2,23,26000.0,0.44138701799472
2,23,27000.0,0.36783063700882
2,23,28000.0,0.37822087591851
2,23,29000.0,0.41889092199507
2,23,30000.0,0.44194801425578
2,23,31000.0,0.41230008523263
2,23,32000.0,0.3853666989246
2,23,33000.0,0.3695157387743
2,23,34000.0,0.3481142539688
2,23,35000.0,0.43539830793378
2,23,36000.0,0.30155414243502
2,23,37000.0,0.37111985722424
2,23,38000.0,0.27868508180309
2,23,39000.0,0.35177511471741
2,23,40000.0,0.31148917810959
2,23,41000.0,0.069113944615032
2,23,42000.0,0.30149064703787
2,23,43000.0,0.33999878613307
2,23,44000.0,0.19377086573418
2,23,45000.0,0.33025907157997
2,23,46000.0,0.21298756940132
2,23,47000.0,0.26862048775075
2,23,48000.0,0.35418701584122
2,23,49000.0,0.31102587299598
2,23,50000.0,0.26385073070336
2,24,1000.0,1.0
2,24,2000.0,0.0
2,24,3000.0,0.0
2,24,4000.0,0.0
2,24,5000.0,0.12054262751162
2,24,6000.0,0.11459362496808
2,24,7000.0,0.090893962008244
2,24,8000.0,0.10470840077659
2,24,9000.0,0.12150960319006
2,24,10000.0,0.073171329871693
2,24,11000.0,0.021560754806375
2,24,12000.0,0.1210261153506
2,24,13000.0,0.12083692445709
2,24,14000.0,0.11100425329176
2,24,15000.0,0.098622760365604
2,24,16000.0,0.042913049266414
2,24,17000.0,0.061758564391746
2,24,18000.0,0.10600120521617
2,24,19000.0,0.078128831991248
2,24,20000.0,0.074625296924559
2,24,21000.0,0.076035469788868
2,24,22000.0,0.034091147968277
2,24,23000.0,0.080931660045027
2,24,24000.0,0.054010496590702
2,24,25000.0,0.056312319128528
2,24,26000.0,0.063690763980162
2,24,27000.0,0.059505791342302
2,24,28000.0,0.0
2,24,29000.0,0.11696890480916
2,24,30000.0,0.072240404540566
2,24,31000.0,0.061794148725849
2,24,32000.0,0.0
2,24,33000.0,0.076182126443963
2,24,34000.0,0.071894634087358
2,24,35000.0,0.089162273382009
2,24,36000.0,0.022305898574974
2,24,37000.0,0.063437319247439
2,24,38000.0,0.025328742809152
2,24,39000.0,0.0
2,24,40000.0,0.07290016362252
2,24,41000.0,0.028815936419616
2,24,42000.0,0.072435914083858
2,24,43000.0,0.10003441290294
2,24,44000.0,0.0
2,24,45000.0,0.080105234653082
2,24,46000.0,0.076076192639848
2,24,47000.0,0.092529002102224
2,24,48000.0,0.042843954077388
2,24,49000.0,0.056158210947665
2,24,50000.0,0.10531652265813
3,0,1000.0,1.0
3,0,2000.0,0.0
3,0,3000.0,0.31700428230263
3,0,4000.0,0.37658919718568
3,0,5000.0,0.38857294130897
3,0,6000.0,0.23730205792339
3,0,7000.0,0.23579223246988
3,0,8000.0,0.35306524980573
3,0,9000.0,0.27013920660756
3,0,10000.0,0.24163216147829
3,0,11000.0,0.12480556164826
3,0,12000.0,0.31055891051025
3,0,13000.0,0.2636092730223
3,0,14000.0,0.30506995379151
3,0,15000.0,0.26213106752722
3,0,16000.0,0.17423283063873
3,0,17000.0,0.18844761991268
3,0,18000.0,0.30109016879278
3,0,19000.0,0.27105439484795
3,0,20000.0,0.31376083595621
3,0,21000.0,0.23003061411244
3,0,22000.0,0.23243866149916
3,0,23000.0,0.30890249295392
3,0,24000.0,0.21704922335975
3,0,25000.0,0.26325649524945
3,0,26000.0,0.30963567126405
3,0,27000.0,0.32266612847336
3,0,28000.0,0.20992371432337
3,0,29000.0,0.29698221653615
3,0,30000.0,0.29858592752613
3,0,31000.0,0.16922209916743
3,0,32000.0,0.24457851656651
3,0,33000.0,0.19561161635246
3,0,34000.0,0.20860904457328
3,0,35000.0,0.19352190776653
3,0,36000.0,0.3111718152123
3,0,37000.0,0.26996959250946
3,0,38000.0,0.24293662724121
3,0,39000.0,0.26449608450756
3,0,40000.0,0.18571233342865
3,0,41000.0,0.30673997540017
3,0,42000.0,0.15282961519594
3,0,43000.0,0.18501723854603
3,0,44000.0,0.23198229930201
3,0,45000.0,0.25266811795092
3,0,46000.0,0.14753065135115
3,0,47000.0,0.23734399931277
3,0,48000.0,0.3222702869942
3,0,49000.0,0.22955531130439
3,0,50000.0,0.2025972215287
3,1,1000.0,1.0
3,1,2000.0,0.0
3,1,3000.0,0.20225574748403
3,1,4000.0,0.42781020078278
3,1,5000.0,0.45835740287244
3,1,6000.0,0.22070346237055
3,1,7000.0,0.35892049116473
3,1,8000.0,0.3375121964299
3,1,9000.0,0.41782834151895
3,1,10000.0,0.33379932419211
3,1,11000.0,0.28845057429224
3,1,12000.0,0.4341788617706
3,1,13000.0,0.37487408006454
3,1,14000.0,0.44090988554779
3,1,15000.0,0.3704869413776
3,1,16000.0,0.36235110888453
3,1,17000.0,0.36278329388479
3,1,18000.0,0.37936889534711
3,1,19000.0,0.40964398631998
3,1,20000.0,0.36308963860361
3,1,21000.0,0.38952610895259
3,1,22000.0,0.30564084086254
3,1,23000.0,0.32301488916836
3,1,24000.0,0.37814420127465
3,1,25000.0,0.33616602345321
3,1,26000.0,0.34445209666129
3,1,27000.0,0.38649153180588
3,1,28000.0,0.31310985103308
3,1,29000.0,0.36407557127167
3,1,30000.0,0.34609556892222
3,1,31000.0,0.25152798807323
3,1,32000.0,0.37650498986744
3,1,33000.0,0.34624840692606
3,1,34000.0,0.24999413912372
3,1,35000.0,0.29303322631653
3,1,36000.0,0.37827984580026
3,1,37000.0,0.30217103307058
3,1,38000.0,0.34076959533165
3,1,39000.0,0.36749385239484
3,1,40000.0,0.32045082721808
3,1,41000.0,0.34018839117683
3,1,42000.0,0.32593254247819
3,1,43000.0,0.32109896464001
3,1,44000.0,0.35126075996224
3,1,45000.0,0.34086833340329
3,1,46000.0,0.29141186245321
3,1,47000.0,0.33227209044626
3,1,48000.0,0.40898085023299
3,1,49000.0,0.28730228036471
3,1,50000.0,0.29577091725144
3,2,1000.0,1.0
3,2,2000.0,0.0
3,2,3000.0,0.19388210239889
3,2,4000.0,0.41511048446239
3,2,5000.0,0.41570153027144
3,2,6000.0,0.33077735765681
3,2,7000.0,0.17539070267784
3,2,8000.0,0.40829806563825
3,2,9000.0,0.33940372327333
3,2,10000.0,0.28684825201733
3,2,11000.0,0.27902767554435
3,2,12000.0,0.26924656951009
3,2,13000.0,0.34786828737841
3,2,14000.0,0.39407624672864
3,2,15000.0,0.23307769184147
3,2,16000.0,0.20876078952621
3,2,17000.0,0.27278354481863
3,2,18000.0,0.24173716609189
3,2,19000.0,0.26032123441893
3,2,20000.0,0.29803364950311
3,2,21000.0,0.21904484488637
3,2,22000.0,0.22843926471522
3,2,23000.0,0.22611674862795
3,2,24000.0,0.15549068799477
3,2,25000.0,0.15534045580411
3,2,26000.0,0.2550215934739
3,2,27000.0,0.2371205461754
3,2,28000.0,0.16924220476215
3,2,29000.0,0.17777739707134
3,2,30000.0,0.16085129104111
3,2,31000.0,0.10870059158298
3,2,32000.0,0.1678442278913
3,2,33000.0,0.09076091291579
3,2,34000.0,0.19093240038971
3,2,35000.0,0.21087233108484
3,2,36000.0,0.23750011031968
3,2,37000.0,0.17629119917504
3,2,38000.0,0.15954313876478
3,2,39000.0,0.17502502698453
3,2,40000.0,0.12439961703308
3,2,41000.0,0.20167399703607
3,2,42000.0,0.081406436761438
3,2,43000.0,0.17887146076
3,2,44000.0,0.24029151416355
3,2,45000.0,0.25048774678911
3,2,46000.0,0.16709765390207
3,2,47000.0,0.17216131416541
3,2,48000.0,0.28287521269667
3,2,49000.0,0.19206919859649
3,2,50000.0,0.19937035260309
3,4,1000.0,1.0
3,4,2000.0,0.0
3,4,3000.0,0.28654281603818
3,4,4000.0,0.37978502101973
3,4,5000.0,0.33705082474723
3,4,6000.0,0.29272564135346
3,4,7000.0,0.31576750920553
3,4,8000.0,0.36184622330759
3,4,9000.0,0.35587990501227
3,4,10000.0,0.36016650613271
3,4,11000.0,0.24607294405896
3,4,12000.0,0.37539700604811
3,4,13000.0,0.35164538104625
3,4,14000.0,0.29019559193897
3,4,15000.0,0.35695709495876
3,4,16000.0,0.31801105743138
3,4,17000.0,0.23213966613936
3,4,18000.0,0.24128309262878
3,4,19000.0,0.32457190926348
3,4,20000.0,0.29957411698768
3,4,21000.0,0.28085392731574
3,4,22000.0,0.23766484108674
3,4,23000.0,0.29215518761464
3,4,24000.0,0.33721104347879
3,4,25000.0,0.286233705592
3,4,26000.0,0.16377842379553
3,4,27000.0,0.22031496229949
3,4,28000.0,0.26850208692936
3,4,29000.0,0.17989115041111
3,4,30000.0,0.2728445909329
3,4,31000.0,0.10599213666418
3,4,32000.0,0.20594896306659
3,4,33000.0,0.19275504958092
3,4,34000.0,0.091862379266617
3,4,35000.0,0.085184921453968
3,4,36000.0,0.18688760161078
3,4,37000.0,0.23301619965178
3,4,38000.0,0.18921190856516
3,4,39000.0,0.23268621748646
3,4,40000.0,0.17652444447256
3,4,41000.0,0.23716116655094
3,4,42000.0,0.20417367910156
3,4,43000.0,0.23204617156308
3,4,44000.0,0.17422495905742
3,4,45000.0,0.22928527285477
3,4,46000.0,0.20686707228706
3,4,47000.0,0.23039533908111
3,4,48000.0,0.29937467774122
3,4,49000.0,0.22060693337216
3,4,50000.0,0.18683448020714
3,5,1000.0,1.0
3,5,2000.0,0.0
3,5,3000.0,0.24952931844454
3,5,4000.0,0.32035136258726
3,5,5000.0,0.33616459041247
3,5,6000.0,0.16535735959588
3,5,7000.0,0.26960137811834
3,5,8000.0,0.36865953715549
3,5,9000.0,0.32518361359246
3,5,10000.0,0.35011540060632
3,5,11000.0,0.27093935614618
3,5,12000.0,0.34977732222889
3,5,13000.0,0.33020103120009
3,5,14000.0,0.29189424239475
3,5,15000.0,0.3666000066905
3,5,16000.0,0.28048317096994
3,5,17000.0,0.27469228740715
3,5,18000.0,0.3474884241022
3,5,19000.0,0.31689543339013
3,5,20000.0,0.35649827257499
3,5,21000.0,0.2627418514765
3,5,22000.0,0.29283441088428
3,5,23000.0,0.34689708559769
3,5,24000.0,0.31499945047435
3,5,25000.0,0.3640399290887
3,5,26000.0,0.3134930305683
3,5,27000.0,0.34769748316888
3,5,28000.0,0.24814116624013
3,5,29000.0,0.29721151043423
3,5,30000.0,0.30071873518387
3,5,31000.0,0.25661701812594
3,5,32000.0,0.30785082500726
3,5,33000.0,0.25263439337357
3,5,34000.0,0.3012077805183
3,5,35000.0,0.22708115314598
3,5,36000.0,0.29426072937474
3,5,37000.0,0.30339726956948
3,5,38000.0,0.24943517321188
3,5,39000.0,0.30565230731035
3,5,40000.0,0.1488384340166
3,5,41000.0,0.27540484444322
3,5,42000.0,0.14716925942036
3,5,43000.0,0.28075245136981
3,5,44000.0,0.21253822616436
3,5,45000.0,0.29725919494498
3,5,46000.0,0.098594052807799
3,5,47000.0,0.18580633440746
3,5,48000.0,0.22471169794996
3,5,49000.0,0.20227636282104
3,5,50000.0,0.067153412300801
3,6,1000.0,1.0
3,6,2000.0,0.0
3,6,3000.0,0.25920902070461
3,6,4000.0,0.46407749474649
3,6,5000.0,0.42801024002849
3,6,6000.0,0.28977959984653
3,6,7000.0,0.32093674329321
3,6,8000.0,0.45957411413415
3,6,9000.0,0.3299575215732
3,6,10000.0,0.34381622544631
3,6,11000.0,0.34279064910254
3,6,12000.0,0.36411840614574
3,6,13000.0,0.38580244760305
3,6,14000.0,0.3628592574624
3,6,15000.0,0.20735469619379
3,6,16000.0,0.35254882523226
3,6,17000.0,0.35366991545245
3,6,18000.0,0.28433209214384
3,6,19000.0,0.36064051048119
3,6,20000.0,0.39192034134266
3,6,21000.0,0.36064177307376
3,6,22000.0,0.27386711489664
3,6,23000.0,0.36196825844747
3,6,24000.0,0.36256655547848
3,6,25000.0,0.36640509384566
3,6,26000.0,0.34057319667132
3,6,27000.0,0.3491739664608
3,6,28000.0,0.34229140480504
3,6,29000.0,0.34765749871889
3,6,30000.0,0.36481867181567
3,6,31000.0,0.28043225560786
3,6,32000.0,0.36269406119153
3,6,33000.0,0.34427383354424
3,6,34000.0,0.3270121412389
3,6,35000.0,0.36737279429166
3,6,36000.0,0.40209977342507
3,6,37000.0,0.3660459262927
3,6,38000.0,0.40724290095532
3,6,39000.0,0.37325934855443
3,6,40000.0,0.30765502848529
3,6,41000.0,0.35997191872245
3,6,42000.0,0.29982700547496
3,6,43000.0,0.37807343700548
3,6,44000.0,0.39934804779286
3,6,45000.0,0.38798211370364
3,6,46000.0,0.3381441064847
3,6,47000.0,0.35854713009447
3,6,48000.0,0.43811958022473
3,6,49000.0,0.38447685756089
3,6,50000.0,0.38747138211786
3,7,1000.0,1.0
3,7,2000.0,0.0
3,7,3000.0,0.20534595939547
3,7,4000.0,0.22550802561513
3,7,5000.0,0.27994633971999
3,7,6000.0,0.2800269562431
3,7,7000.0,0.087538768282269
3,7,8000.0,0.29123327321725
3,7,9000.0,0.30771758836207
3,7,10000.0,0.21179932705485
3,7,11000.0,0.23292480319718
3,7,12000.0,0.24837526780963
3,7,13000.0,0.24442579099558
3,7,14000.0,0.28387777106261
3,7,15000.0,0.28913642813295
3,7,16000.0,0.20876537611352
3,7,17000.0,0.28340595028103
3,7,18000.0,0.25265235611312
3,7,19000.0,0.24259842866323
3,7,20000.0,0.22325921747541
3,7,21000.0,0.26280181660376
3,7,22000.0,0.23608524602571
3,7,23000.0,0.24655138737441
3,7,24000.0,0.23932914237867
3,7,25000.0,0.1757597184688
3,7,26000.0,0.23694692216869
3,7,27000.0,0.25304262646923
3,7,28000.0,0.18952507365888
3,7,29000.0,0.20274668545466
3,7,30000.0,0.24371386306813
3,7,31000.0,0.13467388368347
3,7,32000.0,0.21388775379724
3,7,33000.0,0.21061319502442
3,7,34000.0,0.19150493942435
3,7,35000.0,0.20170791529267
3,7,36000.0,0.18919375034679
3,7,37000.0,0.20418761033823
3,7,38000.0,0.23394887742144
3,7,39000.0,0.18005881652602
3,7,40000.0,0.088698216865873
3,7,41000.0,0.19598851432247
3,7,42000.0,0.19169352587717
3,7,43000.0,0.08662220185828
3,7,44000.0,0.19365337226053
3,7,45000.0,0.1657443869711
3,7,46000.0,0.083423792954879
3,7,47000.0,0.15585099941008
3,7,48000.0,0.1838181623221
3,7,49000.0,0.09676835526311
3,7,50000.0,0.11753582269475
3,8,1000.0,1.0
3,8,2000.0,0.0
3,8,3000.0,0.13047722875442
3,8,4000.0,0.18791173268024
3,8,5000.0,0.2105703678638
3,8,6000.0,0.13459711574053
3,8,7000.0,0.0
3,8,8000.0,0.22328275900624
3,8,9000.0,0.23969530597177
3,8,10000.0,0.093364449671298
3,8,11000.0,0.097107828700595
3,8,12000.0,0.19446540121415
3,8,13000.0,0.12954996809404
3,8,14000.0,0.14190224144568
3,8,15000.0,0.18142608261952
3,8,16000.0,0.1635064613281
3,8,17000.0,0.20363408799665
3,8,18000.0,0.17790213957081
3,8,19000.0,0.071074717920404
3,8,20000.0,0.15122813789435
3,8,21000.0,0.17658604633681
3,8,22000.0,0.095799001178944
3,8,23000.0,0.16826788440364
3,8,24000.0,0.12597678104721
3,8,25000.0,0.06684537078372
3,8,26000.0,0.12088336552987
3,8,27000.0,0.09447492457182
3,8,28000.0,0.063893968596478
3,8,29000.0,0.12324320213783
3,8,30000.0,0.10388087418045
3,8,31000.0,0.0
3,8,32000.0,0.13737946967829
3,8,33000.0,0.1242093994039
3,8,34000.0,0.025548031254183
3,8,35000.0,0.053794749410216
3,8,36000.0,0.14743558777651
3,8,37000.0,0.054500379922992
3,8,38000.0,0.11619396750382
3,8,39000.0,0.1171041430819
3,8,40000.0,0.0
3,8,41000.0,0.13226821616115
3,8,42000.0,0.086286784221597
3,8,43000.0,0.029978943701174
3,8,44000.0,0.095525359550002
3,8,45000.0,0.080219654735135
3,8,46000.0,0.025423883440341
3,8,47000.0,0.078485877394161
3,8,48000.0,0.12797426675669
3,8,49000.0,0.040164862088859
3,8,50000.0,0.0
3,9,1000.0,1.0
3,9,2000.0,0.0
3,9,3000.0,0.15373855865204
3,9,4000.0,0.33317591527794
3,9,5000.0,0.24386219791669
3,9,6000.0,0.25454139073488
3,9,7000.0,0.2036160489517
3,9,8000.0,0.2939259462216
3,9,9000.0,0.2478012542983
3,9,10000.0,0.24456757500622
3,9,11000.0,0.19341992528104
3,9,12000.0,0.29267116190783
3,9,13000.0,0.22925115870609
3,9,14000.0,0.26441186331379
3,9,15000.0,0.14775306754865
3,9,16000.0,0.1954358068951
3,9,17000.0,0.21046193186738
3,9,18000.0,0.23154585274427
3,9,19000.0,0.23454977491387
3,9,20000.0,0.19842005145426
3,9,21000.0,0.25899665594195
3,9,22000.0,0.18212419074449
3,9,23000.0,0.18008983723615
3,9,24000.0,0.27241494918716
3,9,25000.0,0.2325329045797
3,9,26000.0,0.19759455291114
3,9,27000.0,0.14120009712944
3,9,28000.0,0.18015250426866
3,9,29000.0,0.12180855495506
3,9,30000.0,0.16828505808344
3,9,31000.0,0.110031638877
3,9,32000.0,0.18883488262152
3,9,33000.0,0.14830704938019
3,9,34000.0,0.0086044579749344
3,9,35000.0,0.1219351532256
3,9,36000.0,0.11937566124339
3,9,37000.0,0.12971637982652
3,9,38000.0,0.087389750243676
3,9,39000.0,0.063261514862958
3,9,40000.0,0.0
3,9,41000.0,0.10428539605069
3,9,42000.0,0.0
3,9,43000.0,0.028219233568233
3,9,44000.0,0.020975617743924
3,9,45000.0,0.088260222422568
3,9,46000.0,0.0014971765654411
3,9,47000.0,0.0
3,9,48000.0,0.1944544250876
3,9,49000.0,0.0
3,9,50000.0,0.014318866851649
3,10,1000.0,1.0
3,10,2000.0,0.0
3,10,3000.0,0.23851785599272
3,10,4000.0,0.36781090840615
3,10,5000.0,0.38203362338137
3,10,6000.0,0.26101315395482
3,10,7000.0,0.34802828444641
3,10,8000.0,0.41735501912549
3,10,9000.0,0.36956108946222
3,10,10000.0,0.36405435757323
3,10,11000.0,0.23509855484598
3,10,12000.0,0.40290232009283
3,10,13000.0,0.38207898096603
3,10,14000.0,0.36147598586319
3,10,15000.0,0.38327239748481
3,10,16000.0,0.30355804046379
3,10,17000.0,0.17918298012881
3,10,18000.0,0.20817092679729
3,10,19000.0,0.24286737620694
3,10,20000.0,0.26360207643965
3,10,21000.0,0.27750017739145
3,10,22000.0,0.17777481356799
3,10,23000.0,0.21774506169998
3,10,24000.0,0.28968042981158
3,10,25000.0,0.23501985005891
3,10,26000.0,0.26884579490249
3,10,27000.0,0.24523936529525
3,10,28000.0,0.18112274558773
3,10,29000.0,0.10748202092274
3,10,30000.0,0.22337295255749
3,10,31000.0,0.041016727015979
3,10,32000.0,0.22106374843345
3,10,33000.0,0.078578837831869
3,10,34000.0,0.06849730926483
3,10,35000.0,0.10643720443473
3,10,36000.0,0.24076323819549
3,10,37000.0,0.19746705246067
3,10,38000.0,0.28068917823206
3,10,39000.0,0.28785507718212
3,10,40000.0,0.1672514984856
3,10,41000.0,0.25651812044634
3,10,42000.0,0.18088126630784
3,10,43000.0,0.22286527309989
3,10,44000.0,0.29322412048561
3,10,45000.0,0.25917029700171
3,10,46000.0,0.25136034873746
3,10,47000.0,0.27741327942294
3,10,48000.0,0.35635203269251
3,10,49000.0,0.28230746366179
3,10,50000.0,0.25446581590371
3,11,1000.0,1.0
3,11,2000.0,0.0
3,11,3000.0,0.19369574779649
3,11,4000.0,0.26468956071563
3,11,5000.0,0.25597600614203
3,11,6000.0,0.20953750384501
3,11,7000.0,0.19918521333182
3,11,8000.0,0.17190103360981
3,11,9000.0,0.27661791589869
3,11,10000.0,0.20519088863877
3,11,11000.0,0.18241758705865
3,11,12000.0,0.15883298583008
3,11,13000.0,0.23731213283892
3,11,14000.0,0.24249239961507
3,11,15000.0,0.18061131086364
3,11,16000.0,0.1836290434214
3,11,17000.0,0.14172685090641
3,11,18000.0,0.058052825653233
3,11,19000.0,0.21002909923033
3,11,20000.0,0.10767694527024
3,11,21000.0,0.1167627704374
3,11,22000.0,0.19977766081367
3,11,23000.0,0.16716178194269
3,11,24000.0,0.098986447976506
3,11,25000.0,0.078425786846721
3,11,26000.0,0.13708813583002
3,11,27000.0,0.13800860236657
3,11,28000.0,0.086113302979867
3,11,29000.0,0.085155201988738
3,11,30000.0,0.14541334907409
3,11,31000.0,0.096067080011193
3,11,32000.0,0.11659756818408
3,11,33000.0,0.096395358543739
3,11,34000.0,0.10178302548168
3,11,35000.0,0.0
3,11,36000.0,0.12444253029934
3,11,37000.0,0.13845693587118
3,11,38000.0,0.044560976292513
3,11,39000.0,0.087178674110491
3,11,40000.0,0.032346145339586
3,11,41000.0,0.0003633735069335
3,11,42000.0,0.0
3,11,43000.0,0.021590483173144
3,11,44000.0,0.018731147591191
3,11,45000.0,0.06211735513486
3,11,46000.0,0.079616515287459
3,11,47000.0,0.0
3,11,48000.0,0.14593947672295
3,11,49000.0,0.10495286584766
3,11,50000.0,0.045323728103496
3,12,1000.0,1.0
3,12,2000.0,0.0
3,12,3000.0,0.18996284814092
3,12,4000.0,0.2445220211084
3,12,5000.0,0.27739397325289
3,12,6000.0,0.2256878509452
3,12,7000.0,0.020290045270776
3,12,8000.0,0.30092834399609
3,12,9000.0,0.27566832015778
3,12,10000.0,0.15983712490718
3,12,11000.0,0.1781158512107
3,12,12000.0,0.25510930020724
3,12,13000.0,0.18433313581801
3,12,14000.0,0.27034848183607
3,12,15000.0,0.18841976322584
3,12,16000.0,0.20300468626045
3,12,17000.0,0.25628719490972
3,12,18000.0,0.21167444571393
3,12,19000.0,0.16227805485708
3,12,20000.0,0.22560941361046
3,12,21000.0,0.21816356166219
3,12,22000.0,0.065068005413785
3,12,23000.0,0.19327699724495
3,12,24000.0,0.19963875841573
3,12,25000.0,0.13238393379788
3,12,26000.0,0.090272369375073
3,12,27000.0,0.15702816780486
3,12,28000.0,0.037874306156394
3,12,29000.0,0.095321080763186
3,12,30000.0,0.098518285583502
3,12,31000.0,0.0
3,12,32000.0,0.1830409707117
3,12,33000.0,0.14452047509738
3,12,34000.0,0.0
3,12,35000.0,0.023091928445977
3,12,36000.0,0.20278208461047
3,12,37000.0,0.12102905659725
3,12,38000.0,0.10574395947948
3,12,39000.0,0.14411516368659
3,12,40000.0,0.043191276699835
3,12,41000.0,0.096047092562836
3,12,42000.0,0.10152583836819
3,12,43000.0,0.049384872755619
3,12,44000.0,0.012810267250159
3,12,45000.0,0.14558743313164
3,12,46000.0,0.072325401949074
3,12,47000.0,0.090908900527006
3,12,48000.0,0.17112828138472
3,12,49000.0,0.048640523487998
3,12,50000.0,0.0058696592511728
3,13,1000.0,1.0
3,13,2000.0,0.0
3,13,3000.0,0.15631871423958
3,13,4000.0,0.45184993414637
3,13,5000.0,0.4473626482598
3,13,6000.0,0.29557272847253
3,13,7000.0,0.33771217186607
3,13,8000.0,0.39768951693516
3,13,9000.0,0.42597928071405
3,13,10000.0,0.42602589245121
3,13,11000.0,0.29802063838442
3,13,12000.0,0.45207513160565
3,13,13000.0,0.43645356676284
3,13,14000.0,0.45033762674538
3,13,15000.0,0.4618650714708
3,13,16000.0,0.3594350818884
3,13,17000.0,0.39141095712085
3,13,18000.0,0.43863305540092
3,13,19000.0,0.46105276704229
3,13,20000.0,0.44033730580686
3,13,21000.0,0.28482663267921
3,13,22000.0,0.47142511469407
3,13,23000.0,0.37459553404814
3,13,24000.0,0.4615530642537
3,13,25000.0,0.41672657767883
3,13,26000.0,0.44397634870151
3,13,27000.0,0.4115845923928
3,13,28000.0,0.4411319068024
3,13,29000.0,0.47893275702913
3,13,30000.0,0.39173866849866
3,13,31000.0,0.43187174905011
3,13,32000.0,0.40173004132922
3,13,33000.0,0.40883659010255
3,13,34000.0,0.37529749526183
3,13,35000.0,0.37840069429585
3,13,36000.0,0.39781874134727
3,13,37000.0,0.37680230398535
3,13,38000.0,0.3848647692739
3,13,39000.0,0.3501073325534
3,13,40000.0,0.34972686632114
3,13,41000.0,0.32461202279543
3,13,42000.0,0.31816940219624
3,13,43000.0,0.32010838018088
3,13,44000.0,0.3245366886205
3,13,45000.0,0.30856798017044
3,13,46000.0,0.33011900511676
3,13,47000.0,0.3269031285842
3,13,48000.0,0.35068427118246
3,13,49000.0,0.31558738468451
3,13,50000.0,0.29605693353926
3,14,1000.0,1.0
3,14,2000.0,0.0
3,14,3000.0,0.12709897345727
3,14,4000.0,0.36035178455615
3,14,5000.0,0.36713169876186
3,14,6000.0,0.34341181116439
3,14,7000.0,0.35858383129717
3,14,8000.0,0.32480244924387
3,14,9000.0,0.29749926687134
3,14,10000.0,0.33405130250973
3,14,11000.0,0.24315991546536
3,14,12000.0,0.35775207328967
3,14,13000.0,0.30733223818863
3,14,14000.0,0.25970131176933
3,14,15000.0,0.36453895087812
3,14,16000.0,0.30760211076731
3,14,17000.0,0.18573158143226
3,14,18000.0,0.31291197107631
3,14,19000.0,0.33298541902714
3,14,20000.0,0.30730581079111
3,14,21000.0,0.20236230779893
3,14,22000.0,0.094354085467732
3,14,23000.0,0.24122883954506
3,14,24000.0,0.24604709111212
3,14,25000.0,0.26807234786502
3,14,26000.0,0.22597023174416
3,14,27000.0,0.23886385530915
3,14,28000.0,0.15981463188126
3,14,29000.0,0.22626867250279
3,14,30000.0,0.30081571263196
3,14,31000.0,0.096697983550393
3,14,32000.0,0.31183550073035
3,14,33000.0,0.17769748038077
3,14,34000.0,0.25133253440805
3,14,35000.0,0.12284977898049
3,14,36000.0,0.30656493308037
3,14,37000.0,0.25391694850828
3,14,38000.0,0.17391228099595
3,14,39000.0,0.26561150729509
3,14,40000.0,0.17805627663515
3,14,41000.0,0.290902545793
3,14,42000.0,0.11241181499306
3,14,43000.0,0.060520548045139
3,14,44000.0,0.18640115739761
3,14,45000.0,0.30436457975648
3,14,46000.0,0.039291802532565
3,14,47000.0,0.1370741957704
3,14,48000.0,0.28177583534289
3,14,49000.0,0.16442314586657
3,14,50000.0,0.11425321559141
3,15,1000.0,1.0
3,15,2000.0,0.0
3,15,3000.0,0.19376628977664
3,15,4000.0,0.3022595204538
3,15,5000.0,0.3489273004044
3,15,6000.0,0.22602730520112
3,15,7000.0,0.0
3,15,8000.0,0.36515814496345
3,15,9000.0,0.32781808469475
3,15,10000.0,0.22560378063591
3,15,11000.0,0.24322646266669
3,15,12000.0,0.33197965091744
3,15,13000.0,0.24223303850624
3,15,14000.0,0.26954566474975
3,15,15000.0,0.27176029925295
3,15,16000.0,0.24218833964884
3,15,17000.0,0.24398847452478
3,15,18000.0,0.26931980729395
3,15,19000.0,0.29234349994957
3,15,20000.0,0.28232269087553
3,15,21000.0,0.24982205306798
3,15,22000.0,0.12791579226172
3,15,23000.0,0.2270860231425
3,15,24000.0,0.23785760768634
3,15,25000.0,0.069128485996536
3,15,26000.0,0.24582351532056
3,15,27000.0,0.26920821519382
3,15,28000.0,0.036719529952592
3,15,29000.0,0.20268509463736
3,15,30000.0,0.1986062250604
3,15,31000.0,0.0
3,15,32000.0,0.21529291373852
3,15,33000.0,0.17141716694822
3,15,34000.0,0.15602590965677
3,15,35000.0,0.17818497728537
3,15,36000.0,0.24778168357799
3,15,37000.0,0.15472739302316
3,15,38000.0,0.1563399955919
3,15,39000.0,0.22476344732913
3,15,40000.0,0.11501847977648
3,15,41000.0,0.19216060423624
3,15,42000.0,0.12278679235554
3,15,43000.0,0.15356042908357
3,15,44000.0,0.19189560972428
3,15,45000.0,0.22672580427897
3,15,46000.0,0.1127851645097
3,15,47000.0,0.18788624503677
3,15,48000.0,0.24205735825287
3,15,49000.0,0.15075041961559
3,15,50000.0,0.10642349741447
3,16,1000.0,1.0
3,16,2000.0,0.0
3,16,3000.0,0.30908478272057
3,16,4000.0,0.41456638039339
3,16,5000.0,0.4036310150842
3,16,6000.0,0.29271071957956
3,16,7000.0,0.20899128280397
3,16,8000.0,0.3850435390624
3,16,9000.0,0.36900791661182
3,16,10000.0,0.27573128602406
3,16,11000.0,0.2390830347161
3,16,12000.0,0.36492656089788
3,16,13000.0,0.38856599399309
3,16,14000.0,0.40300311420534
3,16,15000.0,0.32978481169905
3,16,16000.0,0.2971788160505
3,16,17000.0,0.36490931087319
3,16,18000.0,0.35137549537767
3,16,19000.0,0.37063691543936
3,16,20000.0,0.39192399869387
3,16,21000.0,0.35117139164105
3,16,22000.0,0.34119972767939
3,16,23000.0,0.34082482715485
3,16,24000.0,0.37022806832031
3,16,25000.0,0.37901753062426
3,16,26000.0,0.33777042287794
3,16,27000.0,0.32909481073309
3,16,28000.0,0.36306930829669
3,16,29000.0,0.37256832159552
3,16,30000.0,0.35001334001761
3,16,31000.0,0.24164868830644
3,16,32000.0,0.322273001181
3,16,33000.0,0.2953319813243
3,16,34000.0,0.32058364881504
3,16,35000.0,0.20406663569177
3,16,36000.0,0.30796928115537
3,16,37000.0,0.33076806307396
3,16,38000.0,0.28616824554085
3,16,39000.0,0.2404814366714
3,16,40000.0,0.19054723373021
3,16,41000.0,0.23379640338642
3,16,42000.0,0.16385435850147
3,16,43000.0,0.25634772566113
3,16,44000.0,0.11198341347281
3,16,45000.0,0.23368260690657
3,16,46000.0,0.1847522633111
3,16,47000.0,0.13090123325651
3,16,48000.0,0.18485811647585
3,16,49000.0,0.23981531643884
3,16,50000.0,0.16675023342893
3,17,1000.0,1.0
3,17,2000.0,0.0
3,17,3000.0,0.19008750648
3,17,4000.0,0.30131681663432
3,17,5000.0,0.27883003452294
3,17,6000.0,0.16922316245039
3,17,7000.0,0.12191997673115
3,17,8000.0,0.20992341995163
3,17,9000.0,0.22315900337767
3,17,10000.0,0.16355150079728
3,17,11000.0,0.029671856322081
3,17,12000.0,0.14122481736638
3,17,13000.0,0.098627127321182
3,17,14000.0,0.083666126206207
3,17,15000.0,0.091495731758279
3,17,16000.0,0.0
3,17,17000.0,0.086636486590699
3,17,18000.0,0.15824307078169
3,17,19000.0,0.18156901476447
3,17,20000.0,0.19685047678084
3,17,21000.0,0.15770855542735
3,17,22000.0,0.11824582070449
3,17,23000.0,0.22087831415933
3,17,24000.0,0.18674672563191
3,17,25000.0,0.21627861476495
3,17,26000.0,0.23404307462867
3,17,27000.0,0.18886290768203
3,17,28000.0,0.23015420774795
3,17,29000.0,0.18395668529491
3,17,30000.0,0.27363848576652
3,17,31000.0,0.12800761516649
3,17,32000.0,0.23799025293203
3,17,33000.0,0.18865461398072
3,17,34000.0,0.15211188302662
3,17,35000.0,0.13861497290923
3,17,36000.0,0.254429970165
3,17,37000.0,0.23802196495657
3,17,38000.0,0.21412950459301
3,17,39000.0,0.28756973209393
3,17,40000.0,0.13838115175996
3,17,41000.0,0.24651168082104
3,17,42000.0,0.1617788429622
3,17,43000.0,0.22424678054323
3,17,44000.0,0.28737443703206
3,17,45000.0,0.22840300260881
3,17,46000.0,0.10715898020897
3,17,47000.0,0.13674562478342
3,17,48000.0,0.31222453924823
3,17,49000.0,0.19406776251799
3,17,50000.0,0.25513355515511
3,18,1000.0,1.0
3,18,2000.0,0.0
3,18,3000.0,0.36694694512116
3,18,4000.0,0.47930792646936
3,18,5000.0,0.48387530352098
3,18,6000.0,0.35421469666398
3,18,7000.0,0.35131918864252
3,18,8000.0,0.4835681605702
3,18,9000.0,0.52998799640544
3,18,10000.0,0.46187498229017
3,18,11000.0,0.44587316817611
3,18,12000.0,0.46930225431837
3,18,13000.0,0.52750944697495
3,18,14000.0,0.51970225524412
3,18,15000.0,0.45618084271547
3,18,16000.0,0.54364753521727
3,18,17000.0,0.46691835273675
3,18,18000.0,0.46893211364856
3,18,19000.0,0.54455658113505
3,18,20000.0,0.48504383151938
3,18,21000.0,0.48967058989266
3,18,22000.0,0.51639327872551
3,18,23000.0,0.46081420152517
3,18,24000.0,0.4612039810206
3,18,25000.0,0.51948077369499
3,18,26000.0,0.53107838838718
3,18,27000.0,0.4605387255564
3,18,28000.0,0.51094634080951
3,18,29000.0,0.4685194651083
3,18,30000.0,0.47394205729389
3,18,31000.0,0.5020303046917
3,18,32000.0,0.48836368351903
3,18,33000.0,0.42015093279319
3,18,34000.0,0.4952610184644
3,18,35000.0,0.46933731169358
3,18,36000.0,0.46053872555522
3,18,37000.0,0.46618377841148
3,18,38000.0,0.43140590629763
3,18,39000.0,0.45891992059136
3,18,40000.0,0.4334752464123
3,18,41000.0,0.48958312911571
3,18,42000.0,0.37303521205786
3,18,43000.0,0.4067892649257
3,18,44000.0,0.45735957972087
3,18,45000.0,0.41716070070894
3,18,46000.0,0.41121772500927
3,18,47000.0,0.40626981773919
3,18,48000.0,0.4445551260011
3,18,49000.0,0.39905990809539
3,18,50000.0,0.3943687545298
3,19,1000.0,1.0
3,19,2000.0,0.0
3,19,3000.0,0.25084243364333
3,19,4000.0,0.43869048110418
3,19,5000.0,0.43667791792395
3,19,6000.0,0.30327381405321
3,19,7000.0,0.2583270332789
3,19,8000.0,0.48018953405727
3,19,9000.0,0.44012012573739
3,19,10000.0,0.37579459584187
3,19,11000.0,0.24569469397984
3,19,12000.0,0.44120817293037
3,19,13000.0,0.37890472993612
3,19,14000.0,0.34428850075682
3,19,15000.0,0.44993252640127
3,19,16000.0,0.37563463568943
3,19,17000.0,0.41231833760156
3,19,18000.0,0.40932273697828
3,19,19000.0,0.42111713996738
3,19,20000.0,0.44037778919291
3,19,21000.0,0.42767456167072
3,19,22000.0,0.38211094222715
3,19,23000.0,0.4462555699325
3,19,24000.0,0.45431647047353
3,19,25000.0,0.46027506835207
3,19,26000.0,0.388463243106
3,19,27000.0,0.41842946142028
3,19,28000.0,0.41549643182763
3,19,29000.0,0.39593713384542
3,19,30000.0,0.47677237579046
3,19,31000.0,0.43679074967757
3,19,32000.0,0.40472656353045
3,19,33000.0,0.46666614282674
3,19,34000.0,0.44154856841776
3,19,35000.0,0.47982477463184
3,19,36000.0,0.50123968105737
3,19,37000.0,0.49239960282167
3,19,38000.0,0.52475148105553
3,19,39000.0,0.53010927131791
3,19,40000.0,0.41958728334752
3,19,41000.0,0.48148135082535
3,19,42000.0,0.47028239753347
3,19,43000.0,0.50135207189239
3,19,44000.0,0.50309134053074
3,19,45000.0,0.49744040622353
3,19,46000.0,0.44596239627423
3,19,47000.0,0.461848008428
3,19,48000.0,0.51628673678729
3,19,49000.0,0.51093482503756
3,19,50000.0,0.48980203239148
3,20,1000.0,1.0
3,20,2000.0,0.0
3,20,3000.0,0.21026988855105
3,20,4000.0,0.4196942568219
3,20,5000.0,0.35090933273488
3,20,6000.0,0.19091938080603
3,20,7000.0,0.11315153855948
3,20,8000.0,0.36482457897088
3,20,9000.0,0.37052969794172
3,20,10000.0,0.24776646955971
3,20,11000.0,0.23978259415861
3,20,12000.0,0.31052277779285
3,20,13000.0,0.34695394202605
3,20,14000.0,0.38846885916884
3,20,15000.0,0.33519817588003
3,20,16000.0,0.26448318018888
3,20,17000.0,0.18350553723001
3,20,18000.0,0.30246258566044
3,20,19000.0,0.3544612947735
3,20,20000.0,0.30367884574121
3,20,21000.0,0.1374481322572
3,20,22000.0,0.23852310319044
3,20,23000.0,0.28654427957391
3,20,24000.0,0.20550118923122
3,20,25000.0,0.32522794484295
3,20,26000.0,0.30025506874537
3,20,27000.0,0.27268870652388
3,20,28000.0,0.15846079247208
3,20,29000.0,0.27181142345086
3,20,30000.0,0.26175392177852
3,20,31000.0,0.2454132378386
3,20,32000.0,0.27366885489683
3,20,33000.0,0.1655981608655
3,20,34000.0,0.24360610278531
3,20,35000.0,0.095337394454659
3,20,36000.0,0.099684967497824
3,20,37000.0,0.15700649782901
3,20,38000.0,0.22734708689928
3,20,39000.0,0.16317354316736
3,20,40000.0,0.08853425889024
3,20,41000.0,0.26693119330976
3,20,42000.0,0.084956659290217
3,20,43000.0,0.20249956803227
3,20,44000.0,0.21718429966606
3,20,45000.0,0.17496969918689
3,20,46000.0,0.14793201077276
3,20,47000.0,0.14653286061793
3,20,48000.0,0.27594955086788
3,20,49000.0,0.22866656644263
3,20,50000.0,0.1785585287562
3,21,1000.0,1.0
3,21,2000.0,0.0
3,21,3000.0,0.081578274721934
3,21,4000.0,0.22607394723314
3,21,5000.0,0.26560477194394
3,21,6000.0,0.18149852479743
3,21,7000.0,0.065042171257047
3,21,8000.0,0.34659724767325
3,21,9000.0,0.34116349563148
3,21,10000.0,0.27079268727765
3,21,11000.0,0.2322773523069
3,21,12000.0,0.3275612363499
3,21,13000.0,0.30291065664949
3,21,14000.0,0.32073184233495
3,21,15000.0,0.25455532745236
3,21,16000.0,0.22811734960976
3,21,17000.0,0.28929215989806
3,21,18000.0,0.28802605802524
3,21,19000.0,0.25428600885322
3,21,20000.0,0.29102393925929
3,21,21000.0,0.26838669045633
3,21,22000.0,0.24956678016632
3,21,23000.0,0.23166233387954
3,21,24000.0,0.20214260016155
3,21,25000.0,0.19706315753657
3,21,26000.0,0.23970186297653
3,21,27000.0,0.24116490717644
3,21,28000.0,0.12216450303485
3,21,29000.0,0.19350487033874
3,21,30000.0,0.19982355743858
3,21,31000.0,0.10084608469176
3,21,32000.0,0.17517050408301
3,21,33000.0,0.16558916693211
3,21,34000.0,0.14990316930784
3,21,35000.0,0.14546164948654
3,21,36000.0,0.16633893550442
3,21,37000.0,0.030757189995249
3,21,38000.0,0.19208516367257
3,21,39000.0,0.15286060457061
3,21,40000.0,0.027167133836577
3,21,41000.0,0.19856936165083
3,21,42000.0,0.14484747182439
3,21,43000.0,0.030809275800661
3,21,44000.0,0.16423934850607
3,21,45000.0,0.15706549381817
3,21,46000.0,0.12437701413518
3,21,47000.0,0.068705689491776
3,21,48000.0,0.23575254164022
3,21,49000.0,0.17301766161676
3,21,50000.0,0.098436038178553
3,22,1000.0,1.0
3,22,2000.0,0.0
3,22,3000.0,0.054946466739584
3,22,4000.0,0.34642476823958
3,22,5000.0,0.33154815246457
3,22,6000.0,0.11028892506058
3,22,7000.0,0.19864513180747
3,22,8000.0,0.29836511192902
3,22,9000.0,0.33021668493431
3,22,10000.0,0.21585700453525
3,22,11000.0,0.20483262488765
3,22,12000.0,0.31895406960553
3,22,13000.0,0.29937541118775
3,22,14000.0,0.24237280244968
3,22,15000.0,0.29024830149074
3,22,16000.0,0.28867902336002
3,22,17000.0,0.18310087110263
3,22,18000.0,0.19827004637211
3,22,19000.0,0.29481714330573
3,22,20000.0,0.30314496137247
3,22,21000.0,0.18494484267498
3,22,22000.0,0.21242521875184
3,22,23000.0,0.29739253664708
3,22,24000.0,0.27792389429146
3,22,25000.0,0.26594796654935
3,22,26000.0,0.32239376615947
3,22,27000.0,0.25686362144726
3,22,28000.0,0.26284011605824
3,22,29000.0,0.26156050538404
3,22,30000.0,0.25076189812808
3,22,31000.0,0.25625411656506
3,22,32000.0,0.29082604142737
3,22,33000.0,0.20286699170291
3,22,34000.0,0.32040686484966
3,22,35000.0,0.3010548312098
3,22,36000.0,0.25918241759679
3,22,37000.0,0.25398668374151
3,22,38000.0,0.27282855054311
3,22,39000.0,0.29014457589222
3,22,40000.0,0.24185555817566
3,22,41000.0,0.28767844401221
3,22,42000.0,0.17943386130386
3,22,43000.0,0.29892107218684
3,22,44000.0,0.29713728108149
3,22,45000.0,0.31307529152296
3,22,46000.0,0.23335867967708
3,22,47000.0,0.31630671704768
3,22,48000.0,0.34509628387748
3,22,49000.0,0.30654161469481
3,22,50000.0,0.30117213638386
3,23,1000.0,1.0
3,23,2000.0,0.0
3,23,3000.0,0.23048097502871
3,23,4000.0,0.3114477238835
3,23,5000.0,0.20116402926106
3,23,6000.0,0.29557087826594
3,23,7000.0,0.16184557585497
3,23,8000.0,0.33027180734118
3,23,9000.0,0.29144224286348
3,23,10000.0,0.23881418093195
3,23,11000.0,0.24579984942923
3,23,12000.0,0.28284263102952
3,23,13000.0,0.26481378176255
3,23,14000.0,0.28148203482039
3,23,15000.0,0.14206639808154
3,23,16000.0,0.24577730196484
3,23,17000.0,0.24378421791677
3,23,18000.0,0.25432516605619
3,23,19000.0,0.15590915082903
3,23,20000.0,0.20121310096046
3,23,21000.0,0.25720302750517
3,23,22000.0,0.21533342919946
3,23,23000.0,0.11115126544303
3,23,24000.0,0.14109262066173
3,23,25000.0,0.19293835068581
3,23,26000.0,0.11743624471595
3,23,27000.0,0.23074680843585
3,23,28000.0,0.17135205765815
3,23,29000.0,0.18155840220716
3,23,30000.0,0.10045992050786
3,23,31000.0,0.010788864696632
3,23,32000.0,0.17542342907882
3,23,33000.0,0.12540892309732
3,23,34000.0,0.15234072653309
3,23,35000.0,0.039984750855165
3,23,36000.0,0.20056233455889
3,23,37000.0,0.18277957428047
3,23,38000.0,0.14986671839756
3,23,39000.0,0.18878287201247
3,23,40000.0,0.1491402313039
3,23,41000.0,0.12929627110914
3,23,42000.0,0.14168855489492
3,23,43000.0,0.17390141047371
3,23,44000.0,0.12262574128513
3,23,45000.0,0.12112956965899
3,23,46000.0,0.18032690287265
3,23,47000.0,0.14382080238051
3,23,48000.0,0.22688600351311
3,23,49000.0,0.15387762779984
3,23,50000.0,0.078619906049972
3,24,1000.0,1.0
3,24,2000.0,0.0
3,24,3000.0,0.14777744641473
3,24,4000.0,0.42542081065736
3,24,5000.0,0.3179930450497
3,24,6000.0,0.18022452361483
3,24,7000.0,0.2590456218668
3,24,8000.0,0.42512488943606
3,24,9000.0,0.296187117419
3,24,10000.0,0.2770775395744
3,24,11000.0,0.31646589533842
3,24,12000.0,0.41142408965045
3,24,13000.0,0.33849661424907
3,24,14000.0,0.2796855196688
3,24,15000.0,0.4130473672005
3,24,16000.0,0.30100949325145
3,24,17000.0,0.31927913471731
3,24,18000.0,0.41404542562053
3,24,19000.0,0.4473058471007
3,24,20000.0,0.37553850100863
3,24,21000.0,0.39662229172596
3,24,22000.0,0.40070289754996
3,24,23000.0,0.43456068949139
3,24,24000.0,0.44850994696784
3,24,25000.0,0.45746020209906
3,24,26000.0,0.47953528459196
3,24,27000.0,0.45798590609762
3,24,28000.0,0.4215827591419
3,24,29000.0,0.46523167251849
3,24,30000.0,0.46432029987254
3,24,31000.0,0.48255134441368
3,24,32000.0,0.45761026264571
3,24,33000.0,0.47149185979893
3,24,34000.0,0.47452138818125
3,24,35000.0,0.50354344401491
3,24,36000.0,0.4755502364178
3,24,37000.0,0.49868757872361
3,24,38000.0,0.50865700777892
3,24,39000.0,0.49341851548022
3,24,40000.0,0.44326893860049
3,24,41000.0,0.46079405678198
3,24,42000.0,0.40122188611197
3,24,43000.0,0.49108682064494
3,24,44000.0,0.44940519851469
3,24,45000.0,0.45308078548947
3,24,46000.0,0.42203616330252
3,24,47000.0,0.46857097781082
3,24,48000.0,0.50978884270649
3,24,49000.0,0.45216304008822
3,24,50000.0,0.46247576371706
4,0,1000.0,1.0
4,0,2000.0,0.0
4,0,3000.0,0.22704302549832
4,0,4000.0,0.34514010506617
4,0,5000.0,0.3572976928276
4,0,6000.0,0.27904420665223
4,0,7000.0,0.23746114452322
4,0,8000.0,0.37860577013357
4,0,9000.0,0.33216346815679
4,0,10000.0,0.20521623584434
4,0,11000.0,0.23081142899621
4,0,12000.0,0.36388203441161
4,0,13000.0,0.32754942431151
4,0,14000.0,0.34772088193711
4,0,15000.0,0.26940418968181
4,0,16000.0,0.32889131122413
4,0,17000.0,0.38395322245985
4,0,18000.0,0.19038787150635
4,0,19000.0,0.3563441528265
4,0,20000.0,0.32257249038644
4,0,21000.0,0.38464086102101
4,0,22000.0,0.26587336727787
4,0,23000.0,0.25867441270867
4,0,24000.0,0.38455041094056
4,0,25000.0,0.33708939805737
4,0,26000.0,0.23622862879087
4,0,27000.0,0.31034466984197
4,0,28000.0,0.38098744086865
4,0,29000.0,0.33759907409588
4,0,30000.0,0.25153160638851
4,0,31000.0,0.38371750883774
4,0,32000.0,0.32278522286822
4,0,33000.0,0.28000973242751
4,0,34000.0,0.21517119345475
4,0,35000.0,0.27069979271221
4,0,36000.0,0.30465820170959
4,0,37000.0,0.27519538597511
4,0,38000.0,0.23647034279325
4,0,39000.0,0.18971185307912
4,0,40000.0,0.32697700040143
4,0,41000.0,0.29317616235321
4,0,42000.0,0.22787016675021
4,0,43000.0,0.29886585131641
4,0,44000.0,0.34861884417578
4,0,45000.0,0.25151925696538
4,0,46000.0,0.18189283273592
4,0,47000.0,0.2746976909417
4,0,48000.0,0.28988497668478
4,0,49000.0,0.24480156337508
4,0,50000.0,0.11259311260933
4,1,1000.0,1.0
4,1,2000.0,0.0
4,1,3000.0,0.07998403490907
4,1,4000.0,0.12761163805635
4,1,5000.0,0.056589848729867
4,1,6000.0,0.049323352012994
4,1,7000.0,0.11957543715623
4,1,8000.0,0.11869367687082
4,1,9000.0,0.12724676168182
4,1,10000.0,0.15237999732256
4,1,11000.0,0.14969479612751
4,1,12000.0,0.17296919262992
4,1,13000.0,0.090075412971529
4,1,14000.0,0.14279232176958
4,1,15000.0,0.17021846760907
4,1,16000.0,0.10573047382849
4,1,17000.0,0.044263317099819
4,1,18000.0,0.0070837901616785
4,1,19000.0,0.090367737798653
4,1,20000.0,0.091804134463545
4,1,21000.0,0.11311452841213
4,1,22000.0,0.025134100448888
4,1,23000.0,0.083436680708097
4,1,24000.0,0.06011445049068
4,1,25000.0,0.0
4,1,26000.0,0.051776749214948
4,1,27000.0,0.12984835040673
4,1,28000.0,0.16717162587272
4,1,29000.0,0.053140441970387
4,1,30000.0,0.012034089509923
4,1,31000.0,0.10160164598133
4,1,32000.0,0.0031734511109649
4,1,33000.0,0.097957224650752
4,1,34000.0,0.011080159262524
4,1,35000.0,0.0
4,1,36000.0,0.11654994080298
4,1,37000.0,0.079599023567486
4,1,38000.0,0.011663221684084
4,1,39000.0,0.048613786876327
4,1,40000.0,0.0
4,1,41000.0,0.10005772622429
4,1,42000.0,0.11876577799878
4,1,43000.0,0.013951772359798
4,1,44000.0,0.0
4,1,45000.0,0.18436717033259
4,1,46000.0,0.015248630279544
4,1,47000.0,0.041540338287534
4,1,48000.0,0.15891405532411
4,1,49000.0,0.053567905244512
4,1,50000.0,0.020711204950295
4,2,1000.0,1.0
4,2,2000.0,0.0
4,2,3000.0,0.15627509759536
4,2,4000.0,0.21035160935404
4,2,5000.0,0.26773343807112
4,2,6000.0,0.20062961004474
4,2,7000.0,0.2249934552303
4,2,8000.0,0.29021697617019
4,2,9000.0,0.22128559084482
4,2,10000.0,0.21882049165902
4,2,11000.0,0.21469464607462
4,2,12000.0,0.2683981308998
4,2,13000.0,0.2343150158384
4,2,14000.0,0.23660064042524
4,2,15000.0,0.26801767676796
4,2,16000.0,0.23646921595941
4,2,17000.0,0.27326699165953
4,2,18000.0,0.15746822274369
4,2,19000.0,0.23717562675934
4,2,20000.0,0.26069435558568
4,2,21000.0,0.26555530297264
4,2,22000.0,0.17934166678357
4,2,23000.0,0.08963918702244
4,2,24000.0,0.23462800425457
4,2,25000.0,0.21106386469683
4,2,26000.0,0.079455803486631
4,2,27000.0,0.17619664243759
4,2,28000.0,0.23109962665939
4,2,29000.0,0.19574597973033
4,2,30000.0,0.045042667216236
4,2,31000.0,0.20851555847135
4,2,32000.0,0.20120521931229
4,2,33000.0,0.13009520673494
4,2,34000.0,0.1235120813913
4,2,35000.0,0.0
4,2,36000.0,0.20482479560881
4,2,37000.0,0.12043081082005
4,2,38000.0,0.24322706246692
4,2,39000.0,0.21298356219658
4,2,40000.0,0.12883677163452
4,2,41000.0,0.2090069348145
4,2,42000.0,0.17431477000501
4,2,43000.0,0.1408852126843
4,2,44000.0,0.15801213163815
4,2,45000.0,0.24401351856345
4,2,46000.0,0.095430710699807
4,2,47000.0,0.18713379974798
4,2,48000.0,0.18732421495513
4,2,49000.0,0.0
4,2,50000.0,0.14874729623241
4,4,1000.0,1.0
4,4,2000.0,0.0
4,4,3000.0,0.13173582293905
4,4,4000.0,0.19011071472723
4,4,5000.0,0.16261781626425
4,4,6000.0,0.056781638869013
4,4,7000.0,0.21766254154488
4,4,8000.0,0.25579503585105
4,4,9000.0,0.17866473808185
4,4,10000.0,0.16821635674972
4,4,11000.0,0.15640469745411
4,4,12000.0,0.22237226678234
4,4,13000.0,0.17964201369889
4,4,14000.0,0.1278712479314
4,4,15000.0,0.24316635071259
4,4,16000.0,0.18978475667674
4,4,17000.0,0.16197489918392
4,4,18000.0,0.077419284676343
4,4,19000.0,0.18442027162454
4,4,20000.0,0.21072793055578
4,4,21000.0,0.17494666015646
4,4,22000.0,0.14258898116042
4,4,23000.0,0.22486356632809
4,4,24000.0,0.20261929841392
4,4,25000.0,0.072164855724472
4,4,26000.0,0.013663628314143
4,4,27000.0,0.16961903722501
4,4,28000.0,0.18647615187646
4,4,29000.0,0.14007616998073
4,4,30000.0,0.0422363999251
4,4,31000.0,0.14256773484963
4,4,32000.0,0.082432733153437
4,4,33000.0,0.089900672261309
4,4,34000.0,0.12895857561682
4,4,35000.0,0.0
4,4,36000.0,0.26529490226329
4,4,37000.0,0.12590065187935
4,4,38000.0,0.25621417149051
4,4,39000.0,0.18859097536146
4,4,40000.0,0.14525612822179
4,4,41000.0,0.26002390463735
4,4,42000.0,0.2255544286366
4,4,43000.0,0.16833943532133
4,4,44000.0,0.18680685988249
4,4,45000.0,0.25425128659113
4,4,46000.0,0.14052634071601
4,4,47000.0,0.18012738414873
4,4,48000.0,0.33044375342381
4,4,49000.0,0.24975666605659
4,4,50000.0,0.24746454925497
4,5,1000.0,1.0
4,5,2000.0,0.0
4,5,3000.0,0.073265766712882
4,5,4000.0,0.1170818458004
4,5,5000.0,0.10317087798721
4,5,6000.0,0.017362581882777
4,5,7000.0,0.13144947471328
4,5,8000.0,0.0
4,5,9000.0,0.0
4,5,10000.0,0.0
4,5,11000.0,0.17231294228996
4,5,12000.0,0.16279045768928
4,5,13000.0,0.0
4,5,14000.0,0.0023160388672563
4,5,15000.0,0.17872499245595
4,5,16000.0,0.097053779786254
4,5,17000.0,0.088888408152127
4,5,18000.0,0.0
4,5,19000.0,0.16705203743986
4,5,20000.0,0.19738500399794
4,5,21000.0,0.12245292886459
4,5,22000.0,0.080281418522327
4,5,23000.0,0.2063521420965
4,5,24000.0,0.11084765591224
4,5,25000.0,0.13620190529557
4,5,26000.0,0.11466658796341
4,5,27000.0,0.1082072757349
4,5,28000.0,0.19375593427418
4,5,29000.0,0.16257484748617
4,5,30000.0,0.074317242345399
4,5,31000.0,0.15843734847541
4,5,32000.0,0.16649976958606
4,5,33000.0,0.086208846190956
4,5,34000.0,0.087551149891455
4,5,35000.0,0.14231770153228
4,5,36000.0,0.046687394037359
4,5,37000.0,0.17532365976896
4,5,38000.0,0.095830514580147
4,5,39000.0,0.064993871525002
4,5,40000.0,0.027436038229063
4,5,41000.0,0.16134776303174
4,5,42000.0,0.042492723308741
4,5,43000.0,0.10917169081817
4,5,44000.0,0.088890036082308
4,5,45000.0,0.12316324545829
4,5,46000.0,0.033111089809129
4,5,47000.0,0.080508836062914
4,5,48000.0,0.099397145071231
4,5,49000.0,0.10036421377071
4,5,50000.0,0.0
4,6,1000.0,1.0
4,6,2000.0,0.0
4,6,3000.0,0.15393834353084
4,6,4000.0,0.15924322236484
4,6,5000.0,0.15089009259391
4,6,6000.0,0.10465822571186
4,6,7000.0,0.11924082993263
4,6,8000.0,0.15581940730115
4,6,9000.0,0.038282498440678
4,6,10000.0,0.0082810575513498
4,6,11000.0,0.18263812335412
4,6,12000.0,0.1720818302711
4,6,13000.0,0.045984119081927
4,6,14000.0,0.086778772808231
4,6,15000.0,0.18238097789153
4,6,16000.0,0.14237515918027
4,6,17000.0,0.14419304158757
4,6,18000.0,0.0
4,6,19000.0,0.12542922815807
4,6,20000.0,0.14688416731176
4,6,21000.0,0.13592355708186
4,6,22000.0,0.0089809786832256
4,6,23000.0,0.15061104488713
4,6,24000.0,0.12821051052319
4,6,25000.0,0.085275421080607
4,6,26000.0,0.0037551193224553
4,6,27000.0,0.014078791690916
4,6,28000.0,0.11181232797176
4,6,29000.0,0.082534362830819
4,6,30000.0,0.0428336849258
4,6,31000.0,0.0
4,6,32000.0,0.084348669323255
4,6,33000.0,0.063246019617297
4,6,34000.0,0.0
4,6,35000.0,0.071751809073182
4,6,36000.0,0.0065859757881587
4,6,37000.0,0.04118199369613
4,6,38000.0,0.0
4,6,39000.0,0.080982666798288
4,6,40000.0,0.0
4,6,41000.0,0.12731004308264
4,6,42000.0,0.049006889208306
4,6,43000.0,0.10024538771487
4,6,44000.0,0.060040939382477
4,6,45000.0,0.15793361407713
4,6,46000.0,0.0
4,6,47000.0,0.15183739200662
4,6,48000.0,0.21631599568089
4,6,49000.0,0.1324562697104
4,6,50000.0,0.041003515307266
4,7,1000.0,1.0
4,7,2000.0,0.0
4,7,3000.0,0.0
4,7,4000.0,0.15048276469965
4,7,5000.0,0.19068132881242
4,7,6000.0,0.10104392755141
4,7,7000.0,0.088042706107166
4,7,8000.0,0.20476612859474
4,7,9000.0,0.10823189129108
4,7,10000.0,0.14547098811804
4,7,11000.0,0.052169687302717
4,7,12000.0,0.14246232196641
4,7,13000.0,0.16884486893483
4,7,14000.0,0.10906614546785
4,7,15000.0,0.096866752370789
4,7,16000.0,0.19689324566614
4,7,17000.0,0.13649614115005
4,7,18000.0,0.0
4,7,19000.0,0.18063079714826
4,7,20000.0,0.07521991384439
4,7,21000.0,0.11527298105494
4,7,22000.0,0.1420014142588
4,7,23000.0,0.14139838783578
4,7,24000.0,0.01970313525467
4,7,25000.0,0.087410084795391
4,7,26000.0,0.1043784206331
4,7,27000.0,0.08080180687222
4,7,28000.0,0.12457514622367
4,7,29000.0,0.10420089328609
4,7,30000.0,0.028204015945768
4,7,31000.0,0.17033641693974
4,7,32000.0,0.05083030397944
4,7,33000.0,0.0
4,7,34000.0,0.035720276048751
4,7,35000.0,0.08985770536898
4,7,36000.0,0.072009810417827
4,7,37000.0,0.14108266386474
4,7,38000.0,0.12587954791156
4,7,39000.0,0.0
4,7,40000.0,0.086038991347945
4,7,41000.0,0.15346008235351
4,7,42000.0,0.057741200209224
4,7,43000.0,0.058072170609261
4,7,44000.0,0.16099399974047
4,7,45000.0,0.029899440471274
4,7,46000.0,0.03432413169151
4,7,47000.0,0.12967745514308
4,7,48000.0,0.0086569783272986
4,7,49000.0,0.093098025717997
4,7,50000.0,0.0
4,8,1000.0,1.0
4,8,2000.0,0.0
4,8,3000.0,0.29996622389838
4,8,4000.0,0.41240383953386
4,8,5000.0,0.3565672676726
4,8,6000.0,0.20527393002202
4,8,7000.0,0.37921080378818
4,8,8000.0,0.45753101051611
4,8,9000.0,0.28515183441555
4,8,10000.0,0.40615269991089
4,8,11000.0,0.33020684559116
4,8,12000.0,0.39596747671917
4,8,13000.0,0.37486429082878
4,8,14000.0,0.27764770493907
4,8,15000.0,0.41884177777084
4,8,16000.0,0.41979515862096
4,8,17000.0,0.41049616147855
4,8,18000.0,0.15641788586518
4,8,19000.0,0.36101709305199
4,8,20000.0,0.41104506577365
4,8,21000.0,0.36231362264766
4,8,22000.0,0.3155151358241
4,8,23000.0,0.42414045086557
4,8,24000.0,0.37635349278146
4,8,25000.0,0.25441849921881
4,8,26000.0,0.24998059986926
4,8,27000.0,0.35899122498649
4,8,28000.0,0.41890108527033
4,8,29000.0,0.25140687570804
4,8,30000.0,0.18752733807001
4,8,31000.0,0.40179359406841
4,8,32000.0,0.28883754301618
4,8,33000.0,0.2051463512438
4,8,34000.0,0.30399604864936
4,8,35000.0,0.2762152486026
4,8,36000.0,0.33083534828876
4,8,37000.0,0.33233381162707
4,8,38000.0,0.31056007480016
4,8,39000.0,0.21729512786498
4,8,40000.0,0.17711512676312
4,8,41000.0,0.35688158449037
4,8,42000.0,0.28200737179966
4,8,43000.0,0.27048137110377
4,8,44000.0,0.33524732237848
4,8,45000.0,0.35044099061121
4,8,46000.0,0.3117856247872
4,8,47000.0,0.32418866232153
4,8,48000.0,0.29618007880804
4,8,49000.0,0.31491522262206
4,8,50000.0,0.21712022654028
4,9,1000.0,1.0
4,9,2000.0,0.0
4,9,3000.0,0.0399793850419
4,9,4000.0,0.0
4,9,5000.0,0.14045503583763
4,9,6000.0,0.11294758034713
4,9,7000.0,0.12343680431072
4,9,8000.0,0.096279654400141
4,9,9000.0,0.023992461395948
4,9,10000.0,0.12404924323343
4,9,11000.0,0.022833686559181
4,9,12000.0,0.07492500463474
4,9,13000.0,0.053445132583557
4,9,14000.0,0.017149355073903
4,9,15000.0,0.13891195826887
4,9,16000.0,0.16343357021142
4,9,17000.0,0.0
4,9,18000.0,0.0
4,9,19000.0,0.12520170945144
4,9,20000.0,0.06008156622882
4,9,21000.0,0.076803272124344
4,9,22000.0,0.059831449307001
4,9,23000.0,0.14968845736513
4,9,24000.0,0.039565757722585
4,9,25000.0,0.096284059273395
4,9,26000.0,0.0
4,9,27000.0,0.17233084192415
4,9,28000.0,0.15901484509989
4,9,29000.0,0.11860833841862
4,9,30000.0,0.064931622802119
4,9,31000.0,0.15674221052361
4,9,32000.0,0.15737062425423
4,9,33000.0,0.11700029758221
4,9,34000.0,0.11717326109776
4,9,35000.0,0.045608133358733
4,9,36000.0,0.15596764731498
4,9,37000.0,0.19525860353623
4,9,38000.0,0.11643018234394
4,9,39000.0,0.033425752780281
4,9,40000.0,0.0026637813345078
4,9,41000.0,0.076603666455984
4,9,42000.0,0.10928493349459
4,9,43000.0,0.0
4,9,44000.0,0.055716000969132
4,9,45000.0,0.15359998101909
4,9,46000.0,0.024806643369612
4,9,47000.0,0.038631410175339
4,9,48000.0,0.010398225523832
4,9,49000.0,0.054999487632917
4,9,50000.0,0.0
4,10,1000.0,1.0
4,10,2000.0,0.0
4,10,3000.0,0.14279512414324
4,10,4000.0,0.23552724285493
4,10,5000.0,0.19551517483258
4,10,6000.0,0.039946234277843
4,10,7000.0,0.12721964046178
4,10,8000.0,0.24601253974869
4,10,9000.0,0.029366551955195
4,10,10000.0,0.2202994081052
4,10,11000.0,0.24626650956675
4,10,12000.0,0.25180302657251
4,10,13000.0,0.13924532973256
4,10,14000.0,0.22654298619954
4,10,15000.0,0.24112372303437
4,10,16000.0,0.26072726196353
4,10,17000.0,0.23904879790669
4,10,18000.0,0.09656753897298
4,10,19000.0,0.2551273255051
4,10,20000.0,0.27770247536865
4,10,21000.0,0.22420798866581
4,10,22000.0,0.1817247424421
4,10,23000.0,0.28205501495672
4,10,24000.0,0.25751321400079
4,10,25000.0,0.23037548104673
4,10,26000.0,0.1381677313296
4,10,27000.0,0.27116228823999
4,10,28000.0,0.30223371210127
4,10,29000.0,0.24078806868405
4,10,30000.0,0.11586780982335
4,10,31000.0,0.29978966631811
4,10,32000.0,0.27777823643395
4,10,33000.0,0.2241885108413
4,10,34000.0,0.19441979320779
4,10,35000.0,0.18654305964344
4,10,36000.0,0.21577388845678
4,10,37000.0,0.14244394666601
4,10,38000.0,0.16240113381911
4,10,39000.0,0.12333717790286
4,10,40000.0,0.16884090024809
4,10,41000.0,0.22355641261903
4,10,42000.0,0.18061259494408
4,10,43000.0,0.086763391804955
4,10,44000.0,0.21033444431025
4,10,45000.0,0.16836310677361
4,10,46000.0,0.13545381034524
4,10,47000.0,0.21177516652803
4,10,48000.0,0.11932095123091
4,10,49000.0,0.11881113909191
4,10,50000.0,0.11274207491716
4,11,1000.0,1.0
4,11,2000.0,0.0
4,11,3000.0,0.20160877712898
4,11,4000.0,0.30656550221002
4,11,5000.0,0.29705034555627
4,11,6000.0,0.082193525594072
4,11,7000.0,0.29488929609999
4,11,8000.0,0.35724389731833
4,11,9000.0,0.051544670668022
4,11,10000.0,0.30720651894978
4,11,11000.0,0.30870768121098
4,11,12000.0,0.28952451741672
4,11,13000.0,0.21148024117265
4,11,14000.0,0.34575516588185
4,11,15000.0,0.35594180790654
4,11,16000.0,0.30220585163742
4,11,17000.0,0.26323584732651
4,11,18000.0,0.16409229855216
4,11,19000.0,0.32609755574891
4,11,20000.0,0.2401214969141
4,11,21000.0,0.33390965656224
4,11,22000.0,0.33674711363863
4,11,23000.0,0.32364440189428
4,11,24000.0,0.30674001925193
4,11,25000.0,0.24401077222436
4,11,26000.0,0.27528260670557
4,11,27000.0,0.34182726477352
4,11,28000.0,0.31916310755693
4,11,29000.0,0.27239858007423
4,11,30000.0,0.29410016255194
4,11,31000.0,0.34055404713503
4,11,32000.0,0.23619672695746
4,11,33000.0,0.280620663351
4,11,34000.0,0.3093906797266
4,11,35000.0,0.22222769743887
4,11,36000.0,0.30561178733754
4,11,37000.0,0.23467417636206
4,11,38000.0,0.30090704583688
4,11,39000.0,0.28508993778105
4,11,40000.0,0.29884221620321
4,11,41000.0,0.21617981100335
4,11,42000.0,0.30634041080444
4,11,43000.0,0.24787646593325
4,11,44000.0,0.23356231437795
4,11,45000.0,0.27180870440796
4,11,46000.0,0.22849160439435
4,11,47000.0,0.18033252695148
4,11,48000.0,0.28530831997198
4,11,49000.0,0.21903177466737
4,11,50000.0,0.2107979189518
4,12,1000.0,1.0
4,12,2000.0,0.0
4,12,3000.0,0.31200344358165
4,12,4000.0,0.32203180807078
4,12,5000.0,0.30360673649183
4,12,6000.0,0.24723944276644
4,12,7000.0,0.32982254151563
4,12,8000.0,0.32410810287115
4,12,9000.0,0.18105010268956
4,12,10000.0,0.31837952105936
4,12,11000.0,0.33094077134364
4,12,12000.0,0.26741356657353
4,12,13000.0,0.31080101343393
4,12,14000.0,0.28959013007305
4,12,15000.0,0.33789431492061
4,12,16000.0,0.24909939143524
4,12,17000.0,0.25079920059183
4,12,18000.0,0.26123575101336
4,12,19000.0,0.22949033117786
4,12,20000.0,0.26670708673312
4,12,21000.0,0.25177788611922
4,12,22000.0,0.24505488493082
4,12,23000.0,0.29134865220962
4,12,24000.0,0.22330996411577
4,12,25000.0,0.17683501230088
4,12,26000.0,0.23726776195302
4,12,27000.0,0.26743211144379
4,12,28000.0,0.2316782979663
4,12,29000.0,0.26383946844907
4,12,30000.0,0.1545979296175
4,12,31000.0,0.23398032843969
4,12,32000.0,0.13539564413747
4,12,33000.0,0.23115855712263
4,12,34000.0,0.14428107063955
4,12,35000.0,0.14529699743061
4,12,36000.0,0.21508762397561
4,12,37000.0,0.16607437607924
4,12,38000.0,0.16288198328042
4,12,39000.0,0.20771041466215
4,12,40000.0,0.20113415137431
4,12,41000.0,0.18165868380852
4,12,42000.0,0.16315722477237
4,12,43000.0,0.15985063383367
4,12,44000.0,0.11991741461221
4,12,45000.0,0.18147835163685
4,12,46000.0,0.0
4,12,47000.0,0.1588264938655
4,12,48000.0,0.21286114271565
4,12,49000.0,0.12833973016844
4,12,50000.0,0.022077735860752
4,13,1000.0,1.0
4,13,2000.0,0.0
4,13,3000.0,0.14663093896412
4,13,4000.0,0.2495282992007
4,13,5000.0,0.35294257907394
4,13,6000.0,0.24470166705111
4,13,7000.0,0.13104264060553
4,13,8000.0,0.3356501912435
4,13,9000.0,0.010760787711898
4,13,10000.0,0.16051089667069
4,13,11000.0,0.10717537640351
4,13,12000.0,0.30977945808682
4,13,13000.0,0.17572764464874
4,13,14000.0,0.096613936473676
4,13,15000.0,0.20368372878264
4,13,16000.0,0.27031169148154
4,13,17000.0,0.27587316256013
4,13,18000.0,0.048144684305013
4,13,19000.0,0.24131991310738
4,13,20000.0,0.22994674289837
4,13,21000.0,0.19973598101748
4,13,22000.0,0.079342615002979
4,13,23000.0,0.24847333357391
4,13,24000.0,0.33782292734761
4,13,25000.0,0.28784271903386
4,13,26000.0,0.14895163500319
4,13,27000.0,0.26332950957456
4,13,28000.0,0.32642074654707
4,13,29000.0,0.27109257704153
4,13,30000.0,0.2987868639151
4,13,31000.0,0.36596283114237
4,13,32000.0,0.24870915111744
4,13,33000.0,0.33362887668863
4,13,34000.0,0.16608334131428
4,13,35000.0,0.26063727139304
4,13,36000.0,0.30136706847881
4,13,37000.0,0.24817460322493
4,13,38000.0,0.33874167374694
4,13,39000.0,0.25795138019993
4,13,40000.0,0.36875414486686
4,13,41000.0,0.3654797396011
4,13,42000.0,0.35364319042083
4,13,43000.0,0.33872514770121
4,13,44000.0,0.35466979237974
4,13,45000.0,0.38894741246967
4,13,46000.0,0.32108980538853
4,13,47000.0,0.40636864964376
4,13,48000.0,0.41672539937507
4,13,49000.0,0.4082417020075
4,13,50000.0,0.42974752112155
4,14,1000.0,1.0
4,14,2000.0,0.0
4,14,3000.0,0.0
4,14,4000.0,0.11808434905478
4,14,5000.0,0.15562141561399
4,14,6000.0,0.024342389265864
4,14,7000.0,0.10011028806
4,14,8000.0,0.016396071435638
4,14,9000.0,0.0
4,14,10000.0,0.15744465745581
4,14,11000.0,0.29941832603469
4,14,12000.0,0.30480086522863
4,14,13000.0,0.21484330281677
4,14,14000.0,0.18018557251065
4,14,15000.0,0.28530364765361
4,14,16000.0,0.35573125695621
4,14,17000.0,0.23610715242892
4,14,18000.0,0.075205056382491
4,14,19000.0,0.25539751629676
4,14,20000.0,0.30138936648959
4,14,21000.0,0.22810830737109
4,14,22000.0,0.10170616579733
4,14,23000.0,0.24433034012304
4,14,24000.0,0.26954281865774
4,14,25000.0,0.28130101161528
4,14,26000.0,0.099661239966134
4,14,27000.0,0.26087146615213
4,14,28000.0,0.34047247337135
4,14,29000.0,0.23117362439623
4,14,30000.0,0.29167041950414
4,14,31000.0,0.35502832054179
4,14,32000.0,0.27191548606217
4,14,33000.0,0.26394432468809
4,14,34000.0,0.22345068231922
4,14,35000.0,0.26553297797784
4,14,36000.0,0.20966984487613
4,14,37000.0,0.26584560526515
4,14,38000.0,0.21773232153211
4,14,39000.0,0.18732536521773
4,14,40000.0,0.20895265389349
4,14,41000.0,0.20180443711448
4,14,42000.0,0.25795745749682
4,14,43000.0,0.23318391591458
4,14,44000.0,0.22133127380854
4,14,45000.0,0.23393872070677
4,14,46000.0,0.0
4,14,47000.0,0.1645011762609
4,14,48000.0,0.13748644261751
4,14,49000.0,0.14902602418729
4,14,50000.0,0.067218954463746
4,15,1000.0,1.0
4,15,2000.0,0.0
4,15,3000.0,0.28983808037839
4,15,4000.0,0.34636800843808
4,15,5000.0,0.23674203986146
4,15,6000.0,0.15855145225754
4,15,7000.0,0.37371534881765
4,15,8000.0,0.34179793599305
4,15,9000.0,0.27226645365987
4,15,10000.0,0.39106577540331
4,15,11000.0,0.3430229008614
4,15,12000.0,0.33968673855215
4,15,13000.0,0.34644651460662
4,15,14000.0,0.36694618067913
4,15,15000.0,0.38527110814996
4,15,16000.0,0.31556975692644
4,15,17000.0,0.32586896607853
4,15,18000.0,0.28712703705146
4,15,19000.0,0.35806369093888
4,15,20000.0,0.33319074704635
4,15,21000.0,0.29834918611847
4,15,22000.0,0.25863829828491
4,15,23000.0,0.36003585100843
4,15,24000.0,0.32195047296751
4,15,25000.0,0.27257115337579
4,15,26000.0,0.23657214397012
4,15,27000.0,0.31377752391715
4,15,28000.0,0.3628375065495
4,15,29000.0,0.31418048996099
4,15,30000.0,0.26817337408262
4,15,31000.0,0.36032627573137
4,15,32000.0,0.26793891098304
4,15,33000.0,0.31135080220697
4,15,34000.0,0.30448633676718
4,15,35000.0,0.1994491209899
4,15,36000.0,0.30785304825956
4,15,37000.0,0.18839840713802
4,15,38000.0,0.16371827328231
4,15,39000.0,0.22649648412452
4,15,40000.0,0.27226381814584
4,15,41000.0,0.26496015595812
4,15,42000.0,0.22509490537129
4,15,43000.0,0.22242691191352
4,15,44000.0,0.16855191095843
4,15,45000.0,0.16634004293777
4,15,46000.0,0.20880697605403
4,15,47000.0,0.24432220405116
4,15,48000.0,0.19839416477235
4,15,49000.0,0.22401585503256
4,15,50000.0,0.14230694532137
4,16,1000.0,1.0
4,16,2000.0,0.0
4,16,3000.0,0.084126195384271
4,16,4000.0,0.080419261867661
4,16,5000.0,0.30456048999854
4,16,6000.0,0.27070903867475
4,16,7000.0,0.2633657842833
4,16,8000.0,0.30344283777335
4,16,9000.0,0.25123233671143
4,16,10000.0,0.32137127282881
4,16,11000.0,0.29324292046276
4,16,12000.0,0.24381082125652
4,16,13000.0,0.30986911317533
4,16,14000.0,0.28732018949298
4,16,15000.0,0.30716214951143
4,16,16000.0,0.34467996506673
4,16,17000.0,0.24765675204478
4,16,18000.0,0.016074988035471
4,16,19000.0,0.27144974550732
4,16,20000.0,0.31688005702053
4,16,21000.0,0.21637311301821
4,16,22000.0,0.23830387003686
4,16,23000.0,0.3246736909658
4,16,24000.0,0.27501133146559
4,16,25000.0,0.15137809613037
4,16,26000.0,0.19486210471662
4,16,27000.0,0.26727362681359
4,16,28000.0,0.30973812902907
4,16,29000.0,0.21620753282361
4,16,30000.0,0.19306475804099
4,16,31000.0,0.33787367462696
4,16,32000.0,0.30038614233679
4,16,33000.0,0.18787939453722
4,16,34000.0,0.23288432035646
4,16,35000.0,0.25386125114573
4,16,36000.0,0.25650450148247
4,16,37000.0,0.30987751976539
4,16,38000.0,0.21563238733141
4,16,39000.0,0.22286070569562
4,16,40000.0,0.2589649819708
4,16,41000.0,0.31135721684284
4,16,42000.0,0.22968079308121
4,16,43000.0,0.17045021505503
4,16,44000.0,0.22445264273415
4,16,45000.0,0.23977224259894
4,16,46000.0,0.22876562874707
4,16,47000.0,0.2128010055404
4,16,48000.0,0.16095910694105
4,16,49000.0,0.24320359619178
4,16,50000.0,0.23661534096705
4,17,1000.0,1.0
4,17,2000.0,0.0
4,17,3000.0,0.13047723181262
4,17,4000.0,0.14955250057784
4,17,5000.0,0.1039994006785
4,17,6000.0,0.094024305057656
4,17,7000.0,0.14722155039839
4,17,8000.0,0.13169020623648
4,17,9000.0,0.079512997567859
4,17,10000.0,0.081070228989871
4,17,11000.0,0.16059023525119
4,17,12000.0,0.15332728618022
4,17,13000.0,0.086886178211818
4,17,14000.0,0.085425133763508
4,17,15000.0,0.14767207018127
4,17,16000.0,0.13336969940212
4,17,17000.0,0.0046837723832112
4,17,18000.0,0.066415709506417
4,17,19000.0,0.12010293069419
4,17,20000.0,0.1205385601467
4,17,21000.0,0.067776630768005
4,17,22000.0,0.039960344789988
4,17,23000.0,0.11537174066334
4,17,24000.0,0.083064101692624
4,17,25000.0,0.086409541339199
4,17,26000.0,0.031793123391863
4,17,27000.0,0.040942296014952
4,17,28000.0,0.0963830046521
4,17,29000.0,0.09135655285801
4,17,30000.0,0.013619382060856
4,17,31000.0,0.032118642902483
4,17,32000.0,0.027990838260422
4,17,33000.0,0.058829895518434
4,17,34000.0,0.0
4,17,35000.0,0.0
4,17,36000.0,0.030607735495692
4,17,37000.0,0.063735042919678
4,17,38000.0,0.038950556852748
4,17,39000.0,0.029470705757113
4,17,40000.0,0.0
4,17,41000.0,0.063871053686406
4,17,42000.0,0.0
4,17,43000.0,0.085072797101567
4,17,44000.0,0.050156523375006
4,17,45000.0,0.17246600463164
4,17,46000.0,0.006916114929155
4,17,47000.0,0.070494889685074
4,17,48000.0,0.18889749077979
4,17,49000.0,0.12437149043055
4,17,50000.0,0.097708163112253
4,18,1000.0,1.0
4,18,2000.0,0.0
4,18,3000.0,0.22108014617315
4,18,4000.0,0.26676739063965
4,18,5000.0,0.2164954426996
4,18,6000.0,0.16137779368596
4,18,7000.0,0.26994701354587
4,18,8000.0,0.27961672068717
4,18,9000.0,0.15651465036468
4,18,10000.0,0.26189608151284
4,18,11000.0,0.20912741715349
4,18,12000.0,0.27822679230614
4,18,13000.0,0.26567112824021
4,18,14000.0,0.22299115052334
4,18,15000.0,0.30358847398629
4,18,16000.0,0.23511252030386
4,18,17000.0,0.25256531167568
4,18,18000.0,0.23536544655338
4,18,19000.0,0.28841825801909
4,18,20000.0,0.264723756624
4,18,21000.0,0.2820236915871
4,18,22000.0,0.26640417586422
4,18,23000.0,0.20438811038334
4,18,24000.0,0.25873928789222
4,18,25000.0,0.24485278209651
4,18,26000.0,0.2288016707797
4,18,27000.0,0.24544360339639
4,18,28000.0,0.27603431387
4,18,29000.0,0.2343844295961
4,18,30000.0,0.22841705928812
4,18,31000.0,0.2608583186918
4,18,32000.0,0.16634536189535
4,18,33000.0,0.24917254438694
4,18,34000.0,0.21183223033185
4,18,35000.0,0.073951162487759
4,18,36000.0,0.2626969756168
4,18,37000.0,0.22385878503069
4,18,38000.0,0.23070143149014
4,18,39000.0,0.20091326365185
4,18,40000.0,0.21469372853457
4,18,41000.0,0.2233470514087
4,18,42000.0,0.20307475336401
4,18,43000.0,0.20672082292024
4,18,44000.0,0.19514187973025
4,18,45000.0,0.24405121180978
4,18,46000.0,0.20936660068798
4,18,47000.0,0.26455513417514
4,18,48000.0,0.29712918060793
4,18,49000.0,0.28264134334419
4,18,50000.0,0.25152732574468
4,19,1000.0,1.0
4,19,2000.0,0.0
4,19,3000.0,0.15082898061013
4,19,4000.0,0.21712640889519
4,19,5000.0,0.20980296380357
4,19,6000.0,0.14334798388752
4,19,7000.0,0.010523793595013
4,19,8000.0,0.27402050619523
4,19,9000.0,0.0097051216780867
4,19,10000.0,0.24760820610027
4,19,11000.0,0.0
4,19,12000.0,0.27615929157053
4,19,13000.0,0.12908995537017
4,19,14000.0,0.01532451678367
4,19,15000.0,0.27761743965227
4,19,16000.0,0.21936008669347
4,19,17000.0,0.25911137120644
4,19,18000.0,0.087451218994522
4,19,19000.0,0.19250885380108
4,19,20000.0,0.13261030642993
4,19,21000.0,0.27785810055104
4,19,22000.0,0.24435861842876
4,19,23000.0,0.23182525034556
4,19,24000.0,0.22469278675739
4,19,25000.0,0.22562782017219
4,19,26000.0,0.17115584785424
4,19,27000.0,0.27970274889389
4,19,28000.0,0.23448020223581
4,19,29000.0,0.2311241001179
4,19,30000.0,0.17065008869419
4,19,31000.0,0.2255790609954
4,19,32000.0,0.25730608431951
4,19,33000.0,0.22270522057594
4,19,34000.0,0.19919434958976
4,19,35000.0,0.22597276573455
4,19,36000.0,0.25332879610634
4,19,37000.0,0.23464446596525
4,19,38000.0,0.24937064329489
4,19,39000.0,0.21023329034813
4,19,40000.0,0.18895919109976
4,19,41000.0,0.27644926427443
4,19,42000.0,0.27824983318071
4,19,43000.0,0.18443213081132
4,19,44000.0,0.22536608412633
4,19,45000.0,0.26475383832516
4,19,46000.0,0.20937684756367
4,19,47000.0,0.17428120432276
4,19,48000.0,0.28246404167601
4,19,49000.0,0.21977963237593
4,19,50000.0,0.22580261268018
4,20,1000.0,1.0
4,20,2000.0,0.0
4,20,3000.0,0.09484271015828
4,20,4000.0,0.11910262169735
4,20,5000.0,0.12253540700573
4,20,6000.0,0.048859033806312
4,20,7000.0,0.0
4,20,8000.0,0.2351742910529
4,20,9000.0,0.0
4,20,10000.0,0.23892745410249
4,20,11000.0,0.0
4,20,12000.0,0.29539754054172
4,20,13000.0,0.1407573879039
4,20,14000.0,0.11276105525551
4,20,15000.0,0.27197207621924
4,20,16000.0,0.29430234302847
4,20,17000.0,0.2525005361363
4,20,18000.0,0.052500126554198
4,20,19000.0,0.26568743808312
4,20,20000.0,0.27823663389048
4,20,21000.0,0.2392382304722
4,20,22000.0,0.20207061992236
4,20,23000.0,0.30463628136228
4,20,24000.0,0.19970835156187
4,20,25000.0,0.15039805487541
4,20,26000.0,0.17599172346656
4,20,27000.0,0.25191420946733
4,20,28000.0,0.23589304680897
4,20,29000.0,0.16798986646791
4,20,30000.0,0.1759101204981
4,20,31000.0,0.25477738255759
4,20,32000.0,0.2239613605964
4,20,33000.0,0.097506160468764
4,20,34000.0,0.11406560714557
4,20,35000.0,0.24539516951728
4,20,36000.0,0.22323559180678
4,20,37000.0,0.14128746491177
4,20,38000.0,0.18203815151389
4,20,39000.0,0.16183981953613
4,20,40000.0,0.033353867059006
4,20,41000.0,0.16323975876162
4,20,42000.0,0.16747027365549
4,20,43000.0,0.08789438394636
4,20,44000.0,0.018630364498185
4,20,45000.0,0.13706067452815
4,20,46000.0,0.010393762376651
4,20,47000.0,0.045914539483607
4,20,48000.0,0.073855418440457
4,20,49000.0,0.0
4,20,50000.0,0.12545348879117
4,21,1000.0,1.0
4,21,2000.0,0.0
4,21,3000.0,0.24383574167262
4,21,4000.0,0.31369481658732
4,21,5000.0,0.3403219166821
4,21,6000.0,0.14421007166824
4,21,7000.0,0.30182798960373
4,21,8000.0,0.47803643797
4,21,9000.0,0.3698227164549
4,21,10000.0,0.39867184888011
4,21,11000.0,0.38033593328273
4,21,12000.0,0.41006424522129
4,21,13000.0,0.43513608245341
4,21,14000.0,0.4200838153512
4,21,15000.0,0.44491462914689
4,21,16000.0,0.45542184725326
4,21,17000.0,0.44690330642701
4,21,18000.0,0.3275332358431
4,21,19000.0,0.41144360167701
4,21,20000.0,0.45130929319994
4,21,21000.0,0.40160582060369
4,21,22000.0,0.41474807102867
4,21,23000.0,0.44039068995492
4,21,24000.0,0.41711546422604
4,21,25000.0,0.42251380013745
4,21,26000.0,0.42715622109402
4,21,27000.0,0.42708710517044
4,21,28000.0,0.44372565545615
4,21,29000.0,0.45265860292068
4,21,30000.0,0.38744833822178
4,21,31000.0,0.45368647261891
4,21,32000.0,0.42188149186854
4,21,33000.0,0.411663576793
4,21,34000.0,0.39953186229899
4,21,35000.0,0.34914021047824
4,21,36000.0,0.42999107281786
4,21,37000.0,0.40335127830289
4,21,38000.0,0.44926805013534
4,21,39000.0,0.41529200504029
4,21,40000.0,0.4366036713726
4,21,41000.0,0.44052192140592
4,21,42000.0,0.42547002452807
4,21,43000.0,0.43547135422738
4,21,44000.0,0.43539896186032
4,21,45000.0,0.46476835726509
4,21,46000.0,0.43591405837288
4,21,47000.0,0.46948192525839
4,21,48000.0,0.47881328612567
4,21,49000.0,0.48659165791779
4,21,50000.0,0.46971733512902
4,22,1000.0,1.0
4,22,2000.0,0.0
4,22,3000.0,0.077226415368294
4,22,4000.0,0.098114512620622
4,22,5000.0,0.027289393792936
4,22,6000.0,0.10553668821305
4,22,7000.0,0.10503061820572
4,22,8000.0,0.10671947724865
4,22,9000.0,0.093578733356288
4,22,10000.0,0.040148819398727
4,22,11000.0,0.13104097194278
4,22,12000.0,0.1319502936404
4,22,13000.0,0.08588639819355
4,22,14000.0,0.072476015089357
4,22,15000.0,0.13134954959939
4,22,16000.0,0.10123864233393
4,22,17000.0,0.042751181844253
4,22,18000.0,0.09907896954137
4,22,19000.0,0.086276178710334
4,22,20000.0,0.11033576553745
4,22,21000.0,0.10042987552214
4,22,22000.0,0.02443604573656
4,22,23000.0,0.1069746266073
4,22,24000.0,0.099527050563231
4,22,25000.0,0.08817956716258
4,22,26000.0,0.034085639623184
4,22,27000.0,0.057556283827769
4,22,28000.0,0.085042560151045
4,22,29000.0,0.1115865814465
4,22,30000.0,0.0346245357444
4,22,31000.0,0.065071328317892
4,22,32000.0,0.052437203531687
4,22,33000.0,0.036186616200201
4,22,34000.0,0.0
4,22,35000.0,0.013191274761445
4,22,36000.0,0.038636214524604
4,22,37000.0,0.0
4,22,38000.0,0.0096122965958386
4,22,39000.0,0.0
4,22,40000.0,0.0
4,22,41000.0,0.059184380676282
4,22,42000.0,0.0
4,22,43000.0,0.056295558981306
4,22,44000.0,0.0026498952579335
4,22,45000.0,0.10638331153195
4,22,46000.0,0.0
4,22,47000.0,0.0
4,22,48000.0,0.1648867295423
4,22,49000.0,0.065858984588627
4,22,50000.0,0.0
4,23,1000.0,1.0
4,23,2000.0,0.0
4,23,3000.0,0.085715176551633
4,23,4000.0,0.10075501793846
4,23,5000.0,0.12630254723517
4,23,6000.0,0.066007741349948
4,23,7000.0,0.10423655370696
4,23,8000.0,0.047005787900594
4,23,9000.0,0.086280389901966
4,23,10000.0,0.060043025800323
4,23,11000.0,0.14154166070657
4,23,12000.0,0.11661581647861
4,23,13000.0,0.02373581780959
4,23,14000.0,0.097583589380754
4,23,15000.0,0.10599886725152
4,23,16000.0,0.019231519192007
4,23,17000.0,0.0027622056370944
4,23,18000.0,0.015151388724014
4,23,19000.0,0.053044955174632
4,23,20000.0,0.036790422658307
4,23,21000.0,0.0
4,23,22000.0,0.076050724478043
4,23,23000.0,0.064832357401892
4,23,24000.0,0.093922345953181
4,23,25000.0,0.0071014764326053
4,23,26000.0,0.054066197876523
4,23,27000.0,0.012377479997144
4,23,28000.0,0.053074409324088
4,23,29000.0,0.058085438462438
4,23,30000.0,0.03273164125939
4,23,31000.0,0.017700104306013
4,23,32000.0,0.0
4,23,33000.0,0.0
4,23,34000.0,0.0010488285990367
4,23,35000.0,0.059768909387683
4,23,36000.0,0.0
4,23,37000.0,0.072002666318963
4,23,38000.0,0.088541750473483
4,23,39000.0,0.0
4,23,40000.0,0.0
4,23,41000.0,0.11007831940197
4,23,42000.0,0.12200247828742
4,23,43000.0,0.0042191636308542
4,23,44000.0,0.0
4,23,45000.0,0.15193261139214
4,23,46000.0,0.0
4,23,47000.0,0.0
4,23,48000.0,0.041153048529718
4,23,49000.0,0.0
4,23,50000.0,0.0393554741298
4,24,1000.0,1.0
4,24,2000.0,0.0
4,24,3000.0,0.018520719323127
4,24,4000.0,0.019204535559462
4,24,5000.0,0.056419332146933
4,24,6000.0,0.0
4,24,7000.0,0.062087135350413
4,24,8000.0,0.11608957130381
4,24,9000.0,0.0
4,24,10000.0,0.033402076112283
4,24,11000.0,0.058728667572912
4,24,12000.0,0.054174560854429
4,24,13000.0,0.070549134459813
4,24,14000.0,0.044490442654849
4,24,15000.0,0.047133187429555
4,24,16000.0,0.1134660925404
4,24,17000.0,0.044412510854839
4,24,18000.0,0.0
4,24,19000.0,0.11713377355657
4,24,20000.0,0.060533279341243
4,24,21000.0,0.079266543381421
4,24,22000.0,0.089911819607602
4,24,23000.0,0.12355994538245
4,24,24000.0,0.0081633402944778
4,24,25000.0,0.06708088852897
4,24,26000.0,0.058711938612837
4,24,27000.0,0.054719763793517
4,24,28000.0,0.077487949110884
4,24,29000.0,0.081992446822974
4,24,30000.0,0.068795135366999
4,24,31000.0,0.12864594328974
4,24,32000.0,0.056037581645736
4,24,33000.0,0.06170370833547
4,24,34000.0,0.075889485446783
4,24,35000.0,0.067570625133029
4,24,36000.0,0.14776248337096
4,24,37000.0,0.14804246732353
4,24,38000.0,0.13353931165885
4,24,39000.0,0.12235916129437
4,24,40000.0,0.043096546469383
4,24,41000.0,0.15349505620199
4,24,42000.0,0.1526224363054
4,24,43000.0,0.11349510955097
4,24,44000.0,0.1002215224102
4,24,45000.0,0.15949939987222
4,24,46000.0,0.063404515955599
4,24,47000.0,0.12443299999055
4,24,48000.0,0.10039363255266
4,24,49000.0,0.090608478399508
4,24,50000.0,0.025932991441991
