rep,host,t,delay_sec
0,0,5000.0,0.005763636892
0,0,6000.0,0.005763636892
0,0,7000.0,0.005763636892
0,0,8000.0,0.003054970694
0,0,9000.0,0.003054970694
0,0,10000.0,0.003054970694
0,0,11000.0,0.002714732877
0,0,12000.0,0.002714732877
0,0,13000.0,0.002714732877
0,0,14000.0,
0,0,15000.0,0.002294536717
0,0,16000.0,0.002294536717
0,0,17000.0,0.002294536717
0,0,18000.0,
0,0,19000.0,0.002754387931
0,0,20000.0,0.002754387931
0,0,21000.0,0.002754387931
0,0,22000.0,
0,0,23000.0,
0,0,24000.0,0.002994369282
0,0,25000.0,0.002994369282
0,0,26000.0,0.002994369282
0,0,27000.0,
0,0,28000.0,0.00295447856
0,0,29000.0,0.00295447856
0,0,30000.0,0.00295447856
0,0,31000.0,
0,0,32000.0,0.001974681776
0,0,33000.0,0.001974681776
0,0,34000.0,0.001974681776
0,0,35000.0,
0,0,36000.0,0.0029949091
0,0,37000.0,0.0029949091
0,0,38000.0,0.0029949091
0,0,39000.0,0.002415200436
0,0,40000.0,0.002415200436
0,0,41000.0,0.002415200436
0,0,42000.0,
0,0,43000.0,0.0023754953
0,0,44000.0,0.0023754953
0,0,45000.0,0.0023754953
0,0,46000.0,
0,0,47000.0,0.002075898021
0,0,48000.0,0.002075898021
0,0,49000.0,0.002075898021
0,0,50000.0,
0,1,5000.0,
0,1,6000.0,0.005981867036
0,1,7000.0,0.005981867036
0,1,8000.0,0.005981867036
0,1,9000.0,
0,1,10000.0,
0,1,11000.0,0.018511713052
0,1,12000.0,0.018511713052
0,1,13000.0,0.018511713052
0,1,14000.0,
0,1,15000.0,
0,1,16000.0,0.002599376948
0,1,17000.0,0.002599376948
0,1,18000.0,0.002599376948
0,1,19000.0,
0,1,20000.0,0.002798464388
0,1,21000.0,0.002798464388
0,1,22000.0,0.002798464388
0,1,23000.0,
0,1,24000.0,
0,1,25000.0,0.002637712675
0,1,26000.0,0.002637712675
0,1,27000.0,0.002637712675
0,1,28000.0,
0,1,29000.0,0.002914871477
0,1,30000.0,0.002914871477
0,1,31000.0,0.002914871477
0,1,32000.0,
0,1,33000.0,0.002317237641
0,1,34000.0,0.002317237641
0,1,35000.0,0.002317237641
0,1,36000.0,
0,1,37000.0,0.003005662238
0,1,38000.0,0.003005662238
0,1,39000.0,0.003005662238
0,1,40000.0,0.002797339501
0,1,41000.0,0.002797339501
0,1,42000.0,0.002797339501
0,1,43000.0,
0,1,44000.0,0.004834606425
0,1,45000.0,0.004834606425
0,1,46000.0,0.004834606425
0,1,47000.0,
0,1,48000.0,
0,1,49000.0,0.00235885161
0,1,50000.0,0.00235885161
0,2,5000.0,0.004285376568
0,2,6000.0,0.004285376568
0,2,7000.0,0.004285376568
0,2,8000.0,
0,2,9000.0,0.002155949833
0,2,10000.0,0.002155949833
0,2,11000.0,0.002155949833
0,2,12000.0,
0,2,13000.0,0.002856004066
0,2,14000.0,0.002856004066
0,2,15000.0,0.002856004066
0,2,16000.0,
0,2,17000.0,0.00303605497
0,2,18000.0,0.00303605497
0,2,19000.0,0.00303605497
0,2,20000.0,
0,2,21000.0,0.002798104788
0,2,22000.0,0.002798104788
0,2,23000.0,0.002798104788
0,2,24000.0,0.002856171803
0,2,25000.0,0.002856171803
0,2,26000.0,0.002856171803
0,2,27000.0,
0,2,28000.0,0.002616224249
0,2,29000.0,0.002616224249
0,2,30000.0,0.002616224249
0,2,31000.0,0.002856275643
0,2,32000.0,0.002856275643
0,2,33000.0,0.002856275643
0,2,34000.0,0.002996328666
0,2,35000.0,0.002996328666
0,2,36000.0,0.002996328666
0,2,37000.0,
0,2,38000.0,0.002696396954
0,2,39000.0,0.002696396954
0,2,40000.0,0.002696396954
0,2,41000.0,
0,2,42000.0,
0,2,43000.0,0.003356236777
0,2,44000.0,0.003356236777
0,2,45000.0,0.003356236777
0,2,46000.0,0.003436524382
0,2,47000.0,0.003436524382
0,2,48000.0,0.003436524382
0,2,49000.0,0.0029366049
0,2,50000.0,0.0029366049
0,4,5000.0,0.005130400239
0,4,6000.0,0.005130400239
0,4,7000.0,0.005130400239
0,4,8000.0,0.002897538232
0,4,9000.0,0.002897538232
0,4,10000.0,0.002897538232
0,4,11000.0,
0,4,12000.0,
0,4,13000.0,0.003052403312
0,4,14000.0,0.003052403312
0,4,15000.0,0.003052403312
0,4,16000.0,
0,4,17000.0,0.002578060435
0,4,18000.0,0.002578060435
0,4,19000.0,0.002578060435
0,4,20000.0,
0,4,21000.0,0.003078531352
0,4,22000.0,0.003078531352
0,4,23000.0,0.003078531352
0,4,24000.0,
0,4,25000.0,
0,4,26000.0,0.002599192868
0,4,27000.0,0.002599192868
0,4,28000.0,0.002599192868
0,4,29000.0,
0,4,30000.0,0.002339900332
0,4,31000.0,0.002339900332
0,4,32000.0,0.002339900332
0,4,33000.0,
0,4,34000.0,0.003040528271
0,4,35000.0,0.003040528271
0,4,36000.0,0.003040528271
0,4,37000.0,
0,4,38000.0,
0,4,39000.0,
0,4,40000.0,
0,4,41000.0,
0,4,42000.0,
0,4,43000.0,
0,4,44000.0,
0,4,45000.0,
0,4,46000.0,
0,4,47000.0,
0,4,48000.0,
0,4,49000.0,
0,4,50000.0,
0,5,5000.0,
0,5,6000.0,0.011469990571
0,5,7000.0,0.011469990571
0,5,8000.0,0.011469990571
0,5,9000.0,0.005477892769
0,5,10000.0,0.005477892769
0,5,11000.0,0.005477892769
0,5,12000.0,
0,5,13000.0,0.005115604973
0,5,14000.0,0.005115604973
0,5,15000.0,0.005115604973
0,5,16000.0,0.006021837949
0,5,17000.0,0.006021837949
0,5,18000.0,0.006021837949
0,5,19000.0,
0,5,20000.0,
0,5,21000.0,0.005195080354
0,5,22000.0,0.005195080354
0,5,23000.0,0.005195080354
0,5,24000.0,
0,5,25000.0,0.005035456169
0,5,26000.0,0.005035456169
0,5,27000.0,0.005035456169
0,5,28000.0,
0,5,29000.0,0.003950236344
0,5,30000.0,0.003950236344
0,5,31000.0,0.003950236344
0,5,32000.0,0.005675956897
0,5,33000.0,0.005675956897
0,5,34000.0,0.005675956897
0,5,35000.0,
0,5,36000.0,
0,5,37000.0,0.005756138155
0,5,38000.0,0.005756138155
0,5,39000.0,0.005756138155
0,5,40000.0,
0,5,41000.0,0.00510402607
0,5,42000.0,0.00510402607
0,5,43000.0,0.00510402607
0,5,44000.0,
0,5,45000.0,0.077521744944
0,5,46000.0,0.077521744944
0,5,47000.0,0.077521744944
0,5,48000.0,0.00524926469
0,5,49000.0,0.00524926469
0,5,50000.0,0.00524926469
0,6,5000.0,
0,6,6000.0,
0,6,7000.0,
0,6,8000.0,3.018416981793
0,6,9000.0,3.018416981793
0,6,10000.0,3.018416981793
0,6,11000.0,
0,6,12000.0,
0,6,13000.0,
0,6,14000.0,
0,6,15000.0,
0,6,16000.0,
0,6,17000.0,
0,6,18000.0,
0,6,19000.0,
0,6,20000.0,
0,6,21000.0,
0,6,22000.0,
0,6,23000.0,
0,6,24000.0,
0,6,25000.0,
0,6,26000.0,
0,6,27000.0,
0,6,28000.0,
0,6,29000.0,
0,6,30000.0,
0,6,31000.0,
0,6,32000.0,
0,6,33000.0,
0,6,34000.0,
0,6,35000.0,
0,6,36000.0,
0,6,37000.0,
0,6,38000.0,
0,6,39000.0,
0,6,40000.0,
0,6,41000.0,
0,6,42000.0,
0,6,43000.0,
0,6,44000.0,
0,6,45000.0,
0,6,46000.0,
0,6,47000.0,
0,6,48000.0,
0,6,49000.0,
0,6,50000.0,
0,7,5000.0,0.008388537945
0,7,6000.0,0.008388537945
0,7,7000.0,0.008388537945
0,7,8000.0,0.01356013308
0,7,9000.0,0.01356013308
0,7,10000.0,0.01356013308
0,7,11000.0,
0,7,12000.0,0.005983721406
0,7,13000.0,0.005983721406
0,7,14000.0,0.005983721406
0,7,15000.0,
0,7,16000.0,
0,7,17000.0,
0,7,18000.0,0.011195995942
0,7,19000.0,0.011195995942
0,7,20000.0,0.011195995942
0,7,21000.0,
0,7,22000.0,0.005053210035
0,7,23000.0,0.005053210035
0,7,24000.0,0.005053210035
0,7,25000.0,
0,7,26000.0,0.004386685587
0,7,27000.0,0.004386685587
0,7,28000.0,0.004386685587
0,7,29000.0,
0,7,30000.0,
0,7,31000.0,
0,7,32000.0,
0,7,33000.0,0.008599291522
0,7,34000.0,0.008599291522
0,7,35000.0,0.008599291522
0,7,36000.0,
0,7,37000.0,
0,7,38000.0,0.011895416664
0,7,39000.0,0.011895416664
0,7,40000.0,0.011895416664
0,7,41000.0,
0,7,42000.0,
0,7,43000.0,
0,7,44000.0,
0,7,45000.0,
0,7,46000.0,0.008451824108
0,7,47000.0,0.008451824108
0,7,48000.0,0.008451824108
0,7,49000.0,
0,7,50000.0,
0,8,5000.0,
0,8,6000.0,
0,8,7000.0,
0,8,8000.0,
0,8,9000.0,
0,8,10000.0,
0,8,11000.0,0.01199569863
0,8,12000.0,0.01199569863
0,8,13000.0,0.01199569863
0,8,14000.0,
0,8,15000.0,0.005127957702
0,8,16000.0,0.005127957702
0,8,17000.0,0.005127957702
0,8,18000.0,0.004382866592
0,8,19000.0,0.004382866592
0,8,20000.0,0.004382866592
0,8,21000.0,
0,8,22000.0,0.00494274682
0,8,23000.0,0.00494274682
0,8,24000.0,0.00494274682
0,8,25000.0,
0,8,26000.0,0.005429815013
0,8,27000.0,0.005429815013
0,8,28000.0,0.005429815013
0,8,29000.0,
0,8,30000.0,0.016391085018
0,8,31000.0,0.016391085018
0,8,32000.0,0.016391085018
0,8,33000.0,
0,8,34000.0,0.007281076922
0,8,35000.0,0.007281076922
0,8,36000.0,0.007281076922
0,8,37000.0,
0,8,38000.0,0.007324126967
0,8,39000.0,0.007324126967
0,8,40000.0,0.007324126967
0,8,41000.0,0.004391249854
0,8,42000.0,0.004391249854
0,8,43000.0,0.004391249854
0,8,44000.0,
0,8,45000.0,
0,8,46000.0,0.004909149346
0,8,47000.0,0.004909149346
0,8,48000.0,0.004909149346
0,8,49000.0,
0,8,50000.0,
0,9,5000.0,0.010579619881
0,9,6000.0,0.010579619881
0,9,7000.0,0.010579619881
0,9,8000.0,
0,9,9000.0,0.004977680481
0,9,10000.0,0.004977680481
0,9,11000.0,0.004977680481
0,9,12000.0,
0,9,13000.0,0.005577055091
0,9,14000.0,0.005577055091
0,9,15000.0,0.005577055091
0,9,16000.0,
0,9,17000.0,0.004604432735
0,9,18000.0,0.004604432735
0,9,19000.0,0.004604432735
0,9,20000.0,
0,9,21000.0,0.008361244886
0,9,22000.0,0.008361244886
0,9,23000.0,0.008361244886
0,9,24000.0,
0,9,25000.0,
0,9,26000.0,0.004744404251
0,9,27000.0,0.004744404251
0,9,28000.0,0.004744404251
0,9,29000.0,
0,9,30000.0,
0,9,31000.0,
0,9,32000.0,0.004724775489
0,9,33000.0,0.004724775489
0,9,34000.0,0.004724775489
0,9,35000.0,
0,9,36000.0,
0,9,37000.0,0.004725207879
0,9,38000.0,0.004725207879
0,9,39000.0,0.004725207879
0,9,40000.0,
0,9,41000.0,
0,9,42000.0,0.011699267112
0,9,43000.0,0.011699267112
0,9,44000.0,0.011699267112
0,9,45000.0,
0,9,46000.0,
0,9,47000.0,
0,9,48000.0,
0,9,49000.0,
0,9,50000.0,
0,10,5000.0,3.017206120718
0,10,6000.0,3.017206120718
0,10,7000.0,3.017206120718
0,10,8000.0,0.011830797078
0,10,9000.0,0.011830797078
0,10,10000.0,0.011830797078
0,10,11000.0,
0,10,12000.0,0.002316725969
0,10,13000.0,0.002316725969
0,10,14000.0,0.002316725969
0,10,15000.0,
0,10,16000.0,0.002815109282
0,10,17000.0,0.002815109282
0,10,18000.0,0.002815109282
0,10,19000.0,
0,10,20000.0,0.002213646244
0,10,21000.0,0.002213646244
0,10,22000.0,0.002213646244
0,10,23000.0,0.003392813006
0,10,24000.0,0.003392813006
0,10,25000.0,0.003392813006
0,10,26000.0,
0,10,27000.0,
0,10,28000.0,0.003274070841
0,10,29000.0,0.003274070841
0,10,30000.0,0.003274070841
0,10,31000.0,
0,10,32000.0,
0,10,33000.0,0.002995768187
0,10,34000.0,0.002995768187
0,10,35000.0,0.002995768187
0,10,36000.0,
0,10,37000.0,
0,10,38000.0,0.005810397482
0,10,39000.0,0.005810397482
0,10,40000.0,0.005810397482
0,10,41000.0,0.002378919413
0,10,42000.0,0.002378919413
0,10,43000.0,0.002378919413
0,10,44000.0,
0,10,45000.0,0.00525585847
0,10,46000.0,0.00525585847
0,10,47000.0,0.00525585847
0,10,48000.0,
0,10,49000.0,
0,10,50000.0,
0,11,5000.0,0.005207355886
0,11,6000.0,0.005207355886
0,11,7000.0,0.005207355886
0,11,8000.0,
0,11,9000.0,
0,11,10000.0,
0,11,11000.0,0.005724275893
0,11,12000.0,0.005724275893
0,11,13000.0,0.005724275893
0,11,14000.0,
0,11,15000.0,
0,11,16000.0,0.004763601514
0,11,17000.0,0.004763601514
0,11,18000.0,0.004763601514
0,11,19000.0,
0,11,20000.0,0.006337256486
0,11,21000.0,0.006337256486
0,11,22000.0,0.006337256486
0,11,23000.0,0.006509611553
0,11,24000.0,0.006509611553
0,11,25000.0,0.006509611553
0,11,26000.0,
0,11,27000.0,
0,11,28000.0,
0,11,29000.0,
0,11,30000.0,
0,11,31000.0,0.004646104924
0,11,32000.0,0.004646104924
0,11,33000.0,0.004646104924
0,11,34000.0,
0,11,35000.0,
0,11,36000.0,
0,11,37000.0,
0,11,38000.0,
0,11,39000.0,
0,11,40000.0,
0,11,41000.0,0.005784777983
0,11,42000.0,0.005784777983
0,11,43000.0,0.005784777983
0,11,44000.0,0.00466670056
0,11,45000.0,0.00466670056
0,11,46000.0,0.00466670056
0,11,47000.0,
0,11,48000.0,
0,11,49000.0,
0,11,50000.0,
0,12,5000.0,
0,12,6000.0,0.008208501712
0,12,7000.0,0.008208501712
0,12,8000.0,0.008208501712
0,12,9000.0,
0,12,10000.0,
0,12,11000.0,0.010741639389
0,12,12000.0,0.010741639389
0,12,13000.0,0.010741639389
0,12,14000.0,
0,12,15000.0,0.012587464812
0,12,16000.0,0.012587464812
0,12,17000.0,0.012587464812
0,12,18000.0,0.00977789692
0,12,19000.0,0.00977789692
0,12,20000.0,0.00977789692
0,12,21000.0,
0,12,22000.0,
0,12,23000.0,
0,12,24000.0,
0,12,25000.0,0.004751876646
0,12,26000.0,0.004751876646
0,12,27000.0,0.004751876646
0,12,28000.0,0.004749598198
0,12,29000.0,0.004749598198
0,12,30000.0,0.004749598198
0,12,31000.0,
0,12,32000.0,
0,12,33000.0,0.00943487674
0,12,34000.0,0.00943487674
0,12,35000.0,0.00943487674
0,12,36000.0,
0,12,37000.0,
0,12,38000.0,0.00530951582
0,12,39000.0,0.00530951582
0,12,40000.0,0.00530951582
0,12,41000.0,
0,12,42000.0,
0,12,43000.0,
0,12,44000.0,
0,12,45000.0,3.001817463505
0,12,46000.0,3.001817463505
0,12,47000.0,3.001817463505
0,12,48000.0,
0,12,49000.0,0.002359979946
0,12,50000.0,0.002359979946
0,13,5000.0,3.002966087544
0,13,6000.0,3.002966087544
0,13,7000.0,3.002966087544
0,13,8000.0,
0,13,9000.0,0.003201004012
0,13,10000.0,0.003201004012
0,13,11000.0,0.003201004012
0,13,12000.0,
0,13,13000.0,0.002033233633
0,13,14000.0,0.002033233633
0,13,15000.0,0.002033233633
0,13,16000.0,
0,13,17000.0,
0,13,18000.0,0.002753450302
0,13,19000.0,0.002753450302
0,13,20000.0,0.002753450302
0,13,21000.0,
0,13,22000.0,0.00317364797
0,13,23000.0,0.00317364797
0,13,24000.0,0.00317364797
0,13,25000.0,0.002553824565
0,13,26000.0,0.002553824565
0,13,27000.0,0.002553824565
0,13,28000.0,
0,13,29000.0,0.002414030779
0,13,30000.0,0.002414030779
0,13,31000.0,0.002414030779
0,13,32000.0,
0,13,33000.0,0.003294207659
0,13,34000.0,0.003294207659
0,13,35000.0,0.003294207659
0,13,36000.0,
0,13,37000.0,0.002654424548
0,13,38000.0,0.002654424548
0,13,39000.0,0.002654424548
0,13,40000.0,0.002494597159
0,13,41000.0,0.002494597159
0,13,42000.0,0.002494597159
0,13,43000.0,
0,13,44000.0,
0,13,45000.0,0.032881736376
0,13,46000.0,0.032881736376
0,13,47000.0,0.032881736376
0,13,48000.0,0.004468842699
0,13,49000.0,0.004468842699
0,13,50000.0,0.004468842699
0,14,5000.0,
0,14,6000.0,
0,14,7000.0,
0,14,8000.0,
0,14,9000.0,3.01870482317
0,14,10000.0,3.01870482317
0,14,11000.0,3.01870482317
0,14,12000.0,0.005106750149
0,14,13000.0,0.005106750149
0,14,14000.0,0.005106750149
0,14,15000.0,
0,14,16000.0,0.003388603262
0,14,17000.0,0.003388603262
0,14,18000.0,0.003388603262
0,14,19000.0,
0,14,20000.0,
0,14,21000.0,0.004056525762
0,14,22000.0,0.004056525762
0,14,23000.0,0.004056525762
0,14,24000.0,0.002920134218
0,14,25000.0,0.002920134218
0,14,26000.0,0.002920134218
0,14,27000.0,
0,14,28000.0,0.002959951444
0,14,29000.0,0.002959951444
0,14,30000.0,0.002959951444
0,14,31000.0,0.003589524362
0,14,32000.0,0.003589524362
0,14,33000.0,0.003589524362
0,14,34000.0,0.002499599216
0,14,35000.0,0.002499599216
0,14,36000.0,0.002499599216
0,14,37000.0,
0,14,38000.0,
0,14,39000.0,0.003319375178
0,14,40000.0,0.003319375178
0,14,41000.0,0.003319375178
0,14,42000.0,
0,14,43000.0,0.002167693433
0,14,44000.0,0.002167693433
0,14,45000.0,0.002167693433
0,14,46000.0,0.002939095293
0,14,47000.0,0.002939095293
0,14,48000.0,0.002939095293
0,14,49000.0,
0,14,50000.0,0.002919344068
0,15,5000.0,
0,15,6000.0,0.004818319763
0,15,7000.0,0.004818319763
0,15,8000.0,0.004818319763
0,15,9000.0,0.005137335882
0,15,10000.0,0.005137335882
0,15,11000.0,0.005137335882
0,15,12000.0,0.012515871432
0,15,13000.0,0.012515871432
0,15,14000.0,0.012515871432
0,15,15000.0,
0,15,16000.0,0.004349194872
0,15,17000.0,0.004349194872
0,15,18000.0,0.004349194872
0,15,19000.0,
0,15,20000.0,0.008357814145
0,15,21000.0,0.008357814145
0,15,22000.0,0.008357814145
0,15,23000.0,
0,15,24000.0,0.007170864634
0,15,25000.0,0.007170864634
0,15,26000.0,0.007170864634
0,15,27000.0,
0,15,28000.0,
0,15,29000.0,0.002360581461
0,15,30000.0,0.002360581461
0,15,31000.0,0.002360581461
0,15,32000.0,
0,15,33000.0,0.003020020884
0,15,34000.0,0.003020020884
0,15,35000.0,0.003020020884
0,15,36000.0,
0,15,37000.0,0.002579700881
0,15,38000.0,0.002579700881
0,15,39000.0,0.002579700881
0,15,40000.0,
0,15,41000.0,0.002579616568
0,15,42000.0,0.002579616568
0,15,43000.0,0.002579616568
0,15,44000.0,
0,15,45000.0,0.002079784701
0,15,46000.0,0.002079784701
0,15,47000.0,0.002079784701
0,15,48000.0,
0,15,49000.0,0.001780252282
0,15,50000.0,0.001780252282
0,16,5000.0,
0,16,6000.0,0.011787942504
0,16,7000.0,0.011787942504
0,16,8000.0,0.011787942504
0,16,9000.0,
0,16,10000.0,
0,16,11000.0,0.010369200633
0,16,12000.0,0.010369200633
0,16,13000.0,0.010369200633
0,16,14000.0,
0,16,15000.0,0.018152649759
0,16,16000.0,0.018152649759
0,16,17000.0,0.018152649759
0,16,18000.0,
0,16,19000.0,0.020189932425
0,16,20000.0,0.020189932425
0,16,21000.0,0.020189932425
0,16,22000.0,
0,16,23000.0,0.00918786158
0,16,24000.0,0.00918786158
0,16,25000.0,0.00918786158
0,16,26000.0,
0,16,27000.0,
0,16,28000.0,
0,16,29000.0,
0,16,30000.0,
0,16,31000.0,
0,16,32000.0,
0,16,33000.0,
0,16,34000.0,
0,16,35000.0,
0,16,36000.0,3.339075377762
0,16,37000.0,3.339075377762
0,16,38000.0,3.339075377762
0,16,39000.0,
0,16,40000.0,
0,16,41000.0,0.075061706303
0,16,42000.0,0.075061706303
0,16,43000.0,0.075061706303
0,16,44000.0,
0,16,45000.0,
0,16,46000.0,
0,16,47000.0,
0,16,48000.0,0.013654701202
0,16,49000.0,0.013654701202
0,16,50000.0,0.013654701202
0,17,5000.0,
0,17,6000.0,0.003240254955
0,17,7000.0,0.003240254955
0,17,8000.0,0.003240254955
0,17,9000.0,0.002779783434
0,17,10000.0,0.002779783434
0,17,11000.0,0.002779783434
0,17,12000.0,
0,17,13000.0,
0,17,14000.0,0.002839225505
0,17,15000.0,0.002839225505
0,17,16000.0,0.002839225505
0,17,17000.0,
0,17,18000.0,
0,17,19000.0,0.006764194974
0,17,20000.0,0.006764194974
0,17,21000.0,0.006764194974
0,17,22000.0,
0,17,23000.0,0.00289847161
0,17,24000.0,0.00289847161
0,17,25000.0,0.00289847161
0,17,26000.0,
0,17,27000.0,
0,17,28000.0,0.002238385642
0,17,29000.0,0.002238385642
0,17,30000.0,0.002238385642
0,17,31000.0,
0,17,32000.0,0.004198714927
0,17,33000.0,0.004198714927
0,17,34000.0,0.004198714927
0,17,35000.0,
0,17,36000.0,
0,17,37000.0,
0,17,38000.0,
0,17,39000.0,
0,17,40000.0,0.006638479133
0,17,41000.0,0.006638479133
0,17,42000.0,0.006638479133
0,17,43000.0,
0,17,44000.0,
0,17,45000.0,0.00532399668
0,17,46000.0,0.00532399668
0,17,47000.0,0.00532399668
0,17,48000.0,0.005564445673
0,17,49000.0,0.005564445673
0,17,50000.0,0.005564445673
0,18,5000.0,
0,18,6000.0,
0,18,7000.0,
0,18,8000.0,
0,18,9000.0,
0,18,10000.0,0.010556188891
0,18,11000.0,0.010556188891
0,18,12000.0,0.010556188891
0,18,13000.0,0.00545973828
0,18,14000.0,0.00545973828
0,18,15000.0,0.00545973828
0,18,16000.0,
0,18,17000.0,0.005469597998
0,18,18000.0,0.005469597998
0,18,19000.0,0.005469597998
0,18,20000.0,
0,18,21000.0,
0,18,22000.0,0.006213053651
0,18,23000.0,0.006213053651
0,18,24000.0,0.006213053651
0,18,25000.0,
0,18,26000.0,0.004694672105
0,18,27000.0,0.004694672105
0,18,28000.0,0.004694672105
0,18,29000.0,
0,18,30000.0,
0,18,31000.0,0.005329181189
0,18,32000.0,0.005329181189
0,18,33000.0,0.005329181189
0,18,34000.0,0.004649059193
0,18,35000.0,0.004649059193
0,18,36000.0,0.004649059193
0,18,37000.0,
0,18,38000.0,
0,18,39000.0,
0,18,40000.0,0.006561850305
0,18,41000.0,0.006561850305
0,18,42000.0,0.006561850305
0,18,43000.0,0.0070015689
0,18,44000.0,0.0070015689
0,18,45000.0,0.0070015689
0,18,46000.0,0.004885101746
0,18,47000.0,0.004885101746
0,18,48000.0,0.004885101746
0,18,49000.0,
0,18,50000.0,0.004486045509
0,19,5000.0,0.002378639135
0,19,6000.0,0.002378639135
0,19,7000.0,0.002378639135
0,19,8000.0,
0,19,9000.0,
0,19,10000.0,0.002419269417
0,19,11000.0,0.002419269417
0,19,12000.0,0.002419269417
0,19,13000.0,0.002359827361
0,19,14000.0,0.002359827361
0,19,15000.0,0.002359827361
0,19,16000.0,
0,19,17000.0,0.002160420271
0,19,18000.0,0.002160420271
0,19,19000.0,0.002160420271
0,19,20000.0,
0,19,21000.0,
0,19,22000.0,
0,19,23000.0,
0,19,24000.0,
0,19,25000.0,0.002920714173
0,19,26000.0,0.002920714173
0,19,27000.0,0.002920714173
0,19,28000.0,
0,19,29000.0,
0,19,30000.0,
0,19,31000.0,
0,19,32000.0,0.004858621621
0,19,33000.0,0.004858621621
0,19,34000.0,0.004858621621
0,19,35000.0,0.003777268844
0,19,36000.0,0.003777268844
0,19,37000.0,0.003777268844
0,19,38000.0,
0,19,39000.0,0.00203955252
0,19,40000.0,0.00203955252
0,19,41000.0,0.00203955252
0,19,42000.0,
0,19,43000.0,0.009892413756
0,19,44000.0,0.009892413756
0,19,45000.0,0.009892413756
0,19,46000.0,
0,19,47000.0,0.00344494253
0,19,48000.0,0.00344494253
0,19,49000.0,0.00344494253
0,19,50000.0,
0,20,5000.0,
0,20,6000.0,
0,20,7000.0,0.005377844903
0,20,8000.0,0.005377844903
0,20,9000.0,0.005377844903
0,20,10000.0,0.005045242079
0,20,11000.0,0.005045242079
0,20,12000.0,0.005045242079
0,20,13000.0,
0,20,14000.0,0.00672965299
0,20,15000.0,0.00672965299
0,20,16000.0,0.00672965299
0,20,17000.0,
0,20,18000.0,
0,20,19000.0,
0,20,20000.0,
0,20,21000.0,
0,20,22000.0,
0,20,23000.0,
0,20,24000.0,0.004734273769
0,20,25000.0,0.004734273769
0,20,26000.0,0.004734273769
0,20,27000.0,0.008769964235
0,20,28000.0,0.008769964235
0,20,29000.0,0.008769964235
0,20,30000.0,
0,20,31000.0,
0,20,32000.0,
0,20,33000.0,
0,20,34000.0,
0,20,35000.0,
0,20,36000.0,
0,20,37000.0,
0,20,38000.0,
0,20,39000.0,
0,20,40000.0,
0,20,41000.0,
0,20,42000.0,7.422874140843
0,20,43000.0,7.422874140843
0,20,44000.0,7.422874140843
0,20,45000.0,
0,20,46000.0,0.011235746408
0,20,47000.0,0.011235746408
0,20,48000.0,0.011235746408
0,20,49000.0,
0,20,50000.0,
0,21,5000.0,
0,21,6000.0,
0,21,7000.0,
0,21,8000.0,
0,21,9000.0,
0,21,10000.0,
0,21,11000.0,0.035016769735
0,21,12000.0,0.035016769735
0,21,13000.0,0.035016769735
0,21,14000.0,
0,21,15000.0,0.093398701351
0,21,16000.0,0.093398701351
0,21,17000.0,0.093398701351
0,21,18000.0,
0,21,19000.0,
0,21,20000.0,
0,21,21000.0,
0,21,22000.0,0.011888411815
0,21,23000.0,0.011888411815
0,21,24000.0,0.011888411815
0,21,25000.0,
0,21,26000.0,
0,21,27000.0,0.012828320457
0,21,28000.0,0.012828320457
0,21,29000.0,0.012828320457
0,21,30000.0,
0,21,31000.0,
0,21,32000.0,
0,21,33000.0,
0,21,34000.0,
0,21,35000.0,
0,21,36000.0,
0,21,37000.0,
0,21,38000.0,0.011019861421
0,21,39000.0,0.011019861421
0,21,40000.0,0.011019861421
0,21,41000.0,0.004431993024
0,21,42000.0,0.004431993024
0,21,43000.0,0.004431993024
0,21,44000.0,
0,21,45000.0,
0,21,46000.0,
0,21,47000.0,
0,21,48000.0,
0,21,49000.0,
0,21,50000.0,0.01642604907
0,22,5000.0,
0,22,6000.0,0.004375787983
0,22,7000.0,0.004375787983
0,22,8000.0,0.004375787983
0,22,9000.0,0.005611340256
0,22,10000.0,0.005611340256
0,22,11000.0,0.005611340256
0,22,12000.0,
0,22,13000.0,0.004512060168
0,22,14000.0,0.004512060168
0,22,15000.0,0.004512060168
0,22,16000.0,0.033602363295
0,22,17000.0,0.033602363295
0,22,18000.0,0.033602363295
0,22,19000.0,
0,22,20000.0,
0,22,21000.0,0.006462128462
0,22,22000.0,0.006462128462
0,22,23000.0,0.006462128462
0,22,24000.0,
0,22,25000.0,
0,22,26000.0,
0,22,27000.0,
0,22,28000.0,0.003991834626
0,22,29000.0,0.003991834626
0,22,30000.0,0.003991834626
0,22,31000.0,0.005072228822
0,22,32000.0,0.005072228822
0,22,33000.0,0.005072228822
0,22,34000.0,
0,22,35000.0,
0,22,36000.0,0.004778975427
0,22,37000.0,0.004778975427
0,22,38000.0,0.004778975427
0,22,39000.0,
0,22,40000.0,
0,22,41000.0,0.004705685227
0,22,42000.0,0.004705685227
0,22,43000.0,0.004705685227
0,22,44000.0,
0,22,45000.0,
0,22,46000.0,
0,22,47000.0,
0,22,48000.0,
0,22,49000.0,
0,22,50000.0,
0,23,5000.0,
0,23,6000.0,0.004494162641
0,23,7000.0,0.004494162641
0,23,8000.0,0.004494162641
0,23,9000.0,
0,23,10000.0,
0,23,11000.0,0.004514836324
0,23,12000.0,0.004514836324
0,23,13000.0,0.004514836324
0,23,14000.0,
0,23,15000.0,0.002733496599
0,23,16000.0,0.002733496599
0,23,17000.0,0.002733496599
0,23,18000.0,
0,23,19000.0,0.002913527997
0,23,20000.0,0.002913527997
0,23,21000.0,0.002913527997
0,23,22000.0,
0,23,23000.0,0.00247357715
0,23,24000.0,0.00247357715
0,23,25000.0,0.00247357715
0,23,26000.0,
0,23,27000.0,0.003053612771
0,23,28000.0,0.003053612771
0,23,29000.0,0.003053612771
0,23,30000.0,
0,23,31000.0,0.003293656617
0,23,32000.0,0.003293656617
0,23,33000.0,0.003293656617
0,23,34000.0,
0,23,35000.0,0.002493703407
0,23,36000.0,0.002493703407
0,23,37000.0,0.002493703407
0,23,38000.0,
0,23,39000.0,
0,23,40000.0,0.002353757288
0,23,41000.0,0.002353757288
0,23,42000.0,0.002353757288
0,23,43000.0,
0,23,44000.0,0.002133803899
0,23,45000.0,0.002133803899
0,23,46000.0,0.002133803899
0,23,47000.0,
0,23,48000.0,
0,23,49000.0,0.002633855322
0,23,50000.0,0.002633855322
0,24,5000.0,
0,24,6000.0,
0,24,7000.0,
0,24,8000.0,
0,24,9000.0,
0,24,10000.0,0.010550959284
0,24,11000.0,0.010550959284
0,24,12000.0,0.010550959284
0,24,13000.0,
0,24,14000.0,0.005032633506
0,24,15000.0,0.005032633506
0,24,16000.0,0.005032633506
0,24,17000.0,
0,24,18000.0,0.002759456856
0,24,19000.0,0.002759456856
0,24,20000.0,0.002759456856
0,24,21000.0,
0,24,22000.0,0.004196924365
0,24,23000.0,0.004196924365
0,24,24000.0,0.004196924365
0,24,25000.0,0.002897434093
0,24,26000.0,0.002897434093
0,24,27000.0,0.002897434093
0,24,28000.0,0.002196462676
0,24,29000.0,0.002196462676
0,24,30000.0,0.002196462676
0,24,31000.0,
0,24,32000.0,0.002856622015
0,24,33000.0,0.002856622015
0,24,34000.0,0.002856622015
0,24,35000.0,
0,24,36000.0,0.003196803883
0,24,37000.0,0.003196803883
0,24,38000.0,0.003196803883
0,24,39000.0,
0,24,40000.0,
0,24,41000.0,0.004802778236
0,24,42000.0,0.004802778236
0,24,43000.0,0.004802778236
0,24,44000.0,0.003137222229
0,24,45000.0,0.003137222229
0,24,46000.0,0.003137222229
0,24,47000.0,
0,24,48000.0,0.002900371181
0,24,49000.0,0.002900371181
0,24,50000.0,0.002900371181
1,0,5000.0,
1,0,6000.0,
1,0,7000.0,0.057799152699
1,0,8000.0,0.057799152699
1,0,9000.0,0.057799152699
1,0,10000.0,0.008959227872
1,0,11000.0,0.008959227872
1,0,12000.0,0.008959227872
1,0,13000.0,
1,0,14000.0,
1,0,15000.0,
1,0,16000.0,
1,0,17000.0,0.012080984948
1,0,18000.0,0.012080984948
1,0,19000.0,0.012080984948
1,0,20000.0,
1,0,21000.0,0.007064630048
1,0,22000.0,0.007064630048
1,0,23000.0,0.007064630048
1,0,24000.0,
1,0,25000.0,0.006705927315
1,0,26000.0,0.006705927315
1,0,27000.0,0.006705927315
1,0,28000.0,
1,0,29000.0,
1,0,30000.0,
1,0,31000.0,
1,0,32000.0,
1,0,33000.0,
1,0,34000.0,0.00899088164
1,0,35000.0,0.00899088164
1,0,36000.0,0.00899088164
1,0,37000.0,0.00860523683
1,0,38000.0,0.00860523683
1,0,39000.0,0.00860523683
1,0,40000.0,
1,0,41000.0,0.008903636236
1,0,42000.0,0.008903636236
1,0,43000.0,0.008903636236
1,0,44000.0,
1,0,45000.0,
1,0,46000.0,0.009643302923
1,0,47000.0,0.009643302923
1,0,48000.0,0.009643302923
1,0,49000.0,
1,0,50000.0,0.007360950497
1,1,5000.0,0.002692827394
1,1,6000.0,0.002692827394
1,1,7000.0,0.002692827394
1,1,8000.0,
1,1,9000.0,
1,1,10000.0,0.002312604434
1,1,11000.0,0.002312604434
1,1,12000.0,0.002312604434
1,1,13000.0,
1,1,14000.0,0.002593414672
1,1,15000.0,0.002593414672
1,1,16000.0,0.002593414672
1,1,17000.0,
1,1,18000.0,0.002634652447
1,1,19000.0,0.002634652447
1,1,20000.0,0.002634652447
1,1,21000.0,
1,1,22000.0,0.003616684343
1,1,23000.0,0.003616684343
1,1,24000.0,0.003616684343
1,1,25000.0,
1,1,26000.0,0.011153422064
1,1,27000.0,0.011153422064
1,1,28000.0,0.011153422064
1,1,29000.0,
1,1,30000.0,0.002678933252
1,1,31000.0,0.002678933252
1,1,32000.0,0.002678933252
1,1,33000.0,
1,1,34000.0,
1,1,35000.0,0.00208076816
1,1,36000.0,0.00208076816
1,1,37000.0,0.00208076816
1,1,38000.0,
1,1,39000.0,0.00907716132
1,1,40000.0,0.00907716132
1,1,41000.0,0.00907716132
1,1,42000.0,
1,1,43000.0,
1,1,44000.0,
1,1,45000.0,
1,1,46000.0,0.006113236746
1,1,47000.0,0.006113236746
1,1,48000.0,0.006113236746
1,1,49000.0,
1,1,50000.0,
1,2,5000.0,
1,2,6000.0,0.011211407276
1,2,7000.0,0.011211407276
1,2,8000.0,0.011211407276
1,2,9000.0,
1,2,10000.0,0.003460560344
1,2,11000.0,0.003460560344
1,2,12000.0,0.003460560344
1,2,13000.0,
1,2,14000.0,0.002959793411
1,2,15000.0,0.002959793411
1,2,16000.0,0.002959793411
1,2,17000.0,
1,2,18000.0,0.002439165002
1,2,19000.0,0.002439165002
1,2,20000.0,0.002439165002
1,2,21000.0,
1,2,22000.0,0.002238712288
1,2,23000.0,0.002238712288
1,2,24000.0,0.002238712288
1,2,25000.0,
1,2,26000.0,0.003238139848
1,2,27000.0,0.003238139848
1,2,28000.0,0.003238139848
1,2,29000.0,
1,2,30000.0,0.002697772955
1,2,31000.0,0.002697772955
1,2,32000.0,0.002697772955
1,2,33000.0,0.006242367026
1,2,34000.0,0.006242367026
1,2,35000.0,0.006242367026
1,2,36000.0,
1,2,37000.0,
1,2,38000.0,0.002837197952
1,2,39000.0,0.002837197952
1,2,40000.0,0.002837197952
1,2,41000.0,0.002857137203
1,2,42000.0,0.002857137203
1,2,43000.0,0.002857137203
1,2,44000.0,
1,2,45000.0,0.002737166785
1,2,46000.0,0.002737166785
1,2,47000.0,0.002737166785
1,2,48000.0,
1,2,49000.0,0.003532401991
1,2,50000.0,0.003532401991
1,4,5000.0,
1,4,6000.0,
1,4,7000.0,
1,4,8000.0,
1,4,9000.0,
1,4,10000.0,0.012182165989
1,4,11000.0,0.012182165989
1,4,12000.0,0.012182165989
1,4,13000.0,0.007480097219
1,4,14000.0,0.007480097219
1,4,15000.0,0.007480097219
1,4,16000.0,
1,4,17000.0,0.014054542798
1,4,18000.0,0.014054542798
1,4,19000.0,0.014054542798
1,4,20000.0,0.030434564346
1,4,21000.0,0.030434564346
1,4,22000.0,0.030434564346
1,4,23000.0,
1,4,24000.0,
1,4,25000.0,
1,4,26000.0,
1,4,27000.0,
1,4,28000.0,0.007331141546
1,4,29000.0,0.007331141546
1,4,30000.0,0.007331141546
1,4,31000.0,0.006730635254
1,4,32000.0,0.006730635254
1,4,33000.0,0.006730635254
1,4,34000.0,
1,4,35000.0,0.013161910431
1,4,36000.0,0.013161910431
1,4,37000.0,0.013161910431
1,4,38000.0,
1,4,39000.0,
1,4,40000.0,0.012188820577
1,4,41000.0,0.012188820577
1,4,42000.0,0.012188820577
1,4,43000.0,
1,4,44000.0,0.00443342906
1,4,45000.0,0.00443342906
1,4,46000.0,0.00443342906
1,4,47000.0,
1,4,48000.0,
1,4,49000.0,0.004073709649
1,4,50000.0,0.004073709649
1,5,5000.0,
1,5,6000.0,
1,5,7000.0,0.018633945529
1,5,8000.0,0.018633945529
1,5,9000.0,0.018633945529
1,5,10000.0,
1,5,11000.0,
1,5,12000.0,
1,5,13000.0,
1,5,14000.0,0.007627759623
1,5,15000.0,0.007627759623
1,5,16000.0,0.007627759623
1,5,17000.0,
1,5,18000.0,
1,5,19000.0,
1,5,20000.0,
1,5,21000.0,0.006277424816
1,5,22000.0,0.006277424816
1,5,23000.0,0.006277424816
1,5,24000.0,
1,5,25000.0,
1,5,26000.0,0.00532394236
1,5,27000.0,0.00532394236
1,5,28000.0,0.00532394236
1,5,29000.0,
1,5,30000.0,0.005569964317
1,5,31000.0,0.005569964317
1,5,32000.0,0.005569964317
1,5,33000.0,0.00588976853
1,5,34000.0,0.00588976853
1,5,35000.0,0.00588976853
1,5,36000.0,
1,5,37000.0,
1,5,38000.0,
1,5,39000.0,
1,5,40000.0,
1,5,41000.0,0.0057710522
1,5,42000.0,0.0057710522
1,5,43000.0,0.0057710522
1,5,44000.0,
1,5,45000.0,
1,5,46000.0,
1,5,47000.0,0.006265297218
1,5,48000.0,0.006265297218
1,5,49000.0,0.006265297218
1,5,50000.0,
1,6,5000.0,0.002613574787
1,6,6000.0,0.002613574787
1,6,7000.0,0.002613574787
1,6,8000.0,
1,6,9000.0,
1,6,10000.0,0.002713326309
1,6,11000.0,0.002713326309
1,6,12000.0,0.002713326309
1,6,13000.0,
1,6,14000.0,0.002753137893
1,6,15000.0,0.002753137893
1,6,16000.0,0.002753137893
1,6,17000.0,0.002333047766
1,6,18000.0,0.002333047766
1,6,19000.0,0.002333047766
1,6,20000.0,
1,6,21000.0,0.002593012263
1,6,22000.0,0.002593012263
1,6,23000.0,0.002593012263
1,6,24000.0,
1,6,25000.0,0.002513084363
1,6,26000.0,0.002513084363
1,6,27000.0,0.002513084363
1,6,28000.0,
1,6,29000.0,
1,6,30000.0,0.002923130599
1,6,31000.0,0.002923130599
1,6,32000.0,0.002923130599
1,6,33000.0,0.003908882946
1,6,34000.0,0.003908882946
1,6,35000.0,0.003908882946
1,6,36000.0,
1,6,37000.0,0.004382025136
1,6,38000.0,0.004382025136
1,6,39000.0,0.004382025136
1,6,40000.0,0.002773899115
1,6,41000.0,0.002773899115
1,6,42000.0,0.002773899115
1,6,43000.0,
1,6,44000.0,0.002454157374
1,6,45000.0,0.002454157374
1,6,46000.0,0.002454157374
1,6,47000.0,
1,6,48000.0,0.002752122058
1,6,49000.0,0.002752122058
1,6,50000.0,0.002752122058
1,7,5000.0,0.021619475502
1,7,6000.0,
1,7,7000.0,0.010465890368
1,7,8000.0,0.010465890368
1,7,9000.0,0.010465890368
1,7,10000.0,
1,7,11000.0,
1,7,12000.0,0.009811896147
1,7,13000.0,0.009811896147
1,7,14000.0,0.009811896147
1,7,15000.0,
1,7,16000.0,0.00766108779
1,7,17000.0,0.00766108779
1,7,18000.0,0.00766108779
1,7,19000.0,0.008880259699
1,7,20000.0,0.008880259699
1,7,21000.0,0.008880259699
1,7,22000.0,
1,7,23000.0,
1,7,24000.0,0.006580229571
1,7,25000.0,0.006580229571
1,7,26000.0,0.006580229571
1,7,27000.0,
1,7,28000.0,
1,7,29000.0,0.004076788204
1,7,30000.0,0.004076788204
1,7,31000.0,0.004076788204
1,7,32000.0,
1,7,33000.0,0.007981976574
1,7,34000.0,0.007981976574
1,7,35000.0,0.007981976574
1,7,36000.0,
1,7,37000.0,0.006526344755
1,7,38000.0,0.006526344755
1,7,39000.0,0.006526344755
1,7,40000.0,
1,7,41000.0,0.005429512035
1,7,42000.0,0.005429512035
1,7,43000.0,0.005429512035
1,7,44000.0,
1,7,45000.0,0.003260543632
1,7,46000.0,0.003260543632
1,7,47000.0,0.003260543632
1,7,48000.0,0.002200114047
1,7,49000.0,0.002200114047
1,7,50000.0,0.002200114047
1,8,5000.0,3.348179560821
1,8,6000.0,3.348179560821
1,8,7000.0,3.348179560821
1,8,8000.0,
1,8,9000.0,
1,8,10000.0,0.01176228315
1,8,11000.0,0.01176228315
1,8,12000.0,0.01176228315
1,8,13000.0,0.004993263887
1,8,14000.0,0.004993263887
1,8,15000.0,0.004993263887
1,8,16000.0,
1,8,17000.0,0.008118839875
1,8,18000.0,0.008118839875
1,8,19000.0,0.008118839875
1,8,20000.0,
1,8,21000.0,0.018330114138
1,8,22000.0,0.018330114138
1,8,23000.0,0.018330114138
1,8,24000.0,
1,8,25000.0,0.00533042329
1,8,26000.0,0.00533042329
1,8,27000.0,0.00533042329
1,8,28000.0,
1,8,29000.0,0.004562751093
1,8,30000.0,0.004562751093
1,8,31000.0,0.004562751093
1,8,32000.0,
1,8,33000.0,0.004367691452
1,8,34000.0,0.004367691452
1,8,35000.0,0.004367691452
1,8,36000.0,
1,8,37000.0,
1,8,38000.0,0.005362060911
1,8,39000.0,0.005362060911
1,8,40000.0,0.005362060911
1,8,41000.0,
1,8,42000.0,0.002960752955
1,8,43000.0,0.002960752955
1,8,44000.0,0.002960752955
1,8,45000.0,
1,8,46000.0,
1,8,47000.0,
1,8,48000.0,
1,8,49000.0,0.005050069825
1,8,50000.0,0.005050069825
1,9,5000.0,
1,9,6000.0,0.004843268633
1,9,7000.0,0.004843268633
1,9,8000.0,0.004843268633
1,9,9000.0,
1,9,10000.0,0.015207100129
1,9,11000.0,0.015207100129
1,9,12000.0,0.015207100129
1,9,13000.0,
1,9,14000.0,0.004811293189
1,9,15000.0,0.004811293189
1,9,16000.0,0.004811293189
1,9,17000.0,
1,9,18000.0,
1,9,19000.0,0.004928329022
1,9,20000.0,0.004928329022
1,9,21000.0,0.004928329022
1,9,22000.0,
1,9,23000.0,0.005188322796
1,9,24000.0,0.005188322796
1,9,25000.0,0.005188322796
1,9,26000.0,
1,9,27000.0,0.008497691189
1,9,28000.0,0.008497691189
1,9,29000.0,0.008497691189
1,9,30000.0,
1,9,31000.0,0.004130145907
1,9,32000.0,0.004130145907
1,9,33000.0,0.004130145907
1,9,34000.0,
1,9,35000.0,
1,9,36000.0,0.013104743954
1,9,37000.0,0.013104743954
1,9,38000.0,0.013104743954
1,9,39000.0,
1,9,40000.0,0.003120212042
1,9,41000.0,0.003120212042
1,9,42000.0,0.003120212042
1,9,43000.0,
1,9,44000.0,0.002519581934
1,9,45000.0,0.002519581934
1,9,46000.0,0.002519581934
1,9,47000.0,
1,9,48000.0,
1,9,49000.0,0.002138942113
1,9,50000.0,0.002138942113
1,10,5000.0,0.014487241896
1,10,6000.0,
1,10,7000.0,0.031693691663
1,10,8000.0,0.031693691663
1,10,9000.0,0.031693691663
1,10,10000.0,
1,10,11000.0,0.006043106897
1,10,12000.0,0.006043106897
1,10,13000.0,0.006043106897
1,10,14000.0,
1,10,15000.0,
1,10,16000.0,
1,10,17000.0,0.016286271302
1,10,18000.0,0.016286271302
1,10,19000.0,0.016286271302
1,10,20000.0,
1,10,21000.0,0.005399640957
1,10,22000.0,0.005399640957
1,10,23000.0,0.005399640957
1,10,24000.0,
1,10,25000.0,
1,10,26000.0,0.004919454914
1,10,27000.0,0.004919454914
1,10,28000.0,0.004919454914
1,10,29000.0,
1,10,30000.0,0.004971033335
1,10,31000.0,0.004971033335
1,10,32000.0,0.004971033335
1,10,33000.0,0.004989372353
1,10,34000.0,0.004989372353
1,10,35000.0,0.004989372353
1,10,36000.0,
1,10,37000.0,
1,10,38000.0,
1,10,39000.0,
1,10,40000.0,
1,10,41000.0,0.005500842622
1,10,42000.0,0.005500842622
1,10,43000.0,0.005500842622
1,10,44000.0,
1,10,45000.0,0.01215509322
1,10,46000.0,0.01215509322
1,10,47000.0,0.01215509322
1,10,48000.0,
1,10,49000.0,0.013711334202
1,10,50000.0,0.013711334202
1,11,5000.0,0.009354793242
1,11,6000.0,0.009354793242
1,11,7000.0,0.009354793242
1,11,8000.0,
1,11,9000.0,0.006966611383
1,11,10000.0,0.006966611383
1,11,11000.0,0.006966611383
1,11,12000.0,
1,11,13000.0,0.01597293914
1,11,14000.0,0.01597293914
1,11,15000.0,0.01597293914
1,11,16000.0,
1,11,17000.0,
1,11,18000.0,0.007826906408
1,11,19000.0,0.007826906408
1,11,20000.0,0.007826906408
1,11,21000.0,
1,11,22000.0,
1,11,23000.0,0.019637281298
1,11,24000.0,0.019637281298
1,11,25000.0,0.019637281298
1,11,26000.0,
1,11,27000.0,0.004860095914
1,11,28000.0,0.004860095914
1,11,29000.0,0.004860095914
1,11,30000.0,
1,11,31000.0,
1,11,32000.0,
1,11,33000.0,0.005159814035
1,11,34000.0,0.005159814035
1,11,35000.0,0.005159814035
1,11,36000.0,
1,11,37000.0,
1,11,38000.0,0.005202608085
1,11,39000.0,0.005202608085
1,11,40000.0,0.005202608085
1,11,41000.0,
1,11,42000.0,0.008178976931
1,11,43000.0,0.008178976931
1,11,44000.0,0.008178976931
1,11,45000.0,
1,11,46000.0,0.015900088748
1,11,47000.0,0.015900088748
1,11,48000.0,0.015900088748
1,11,49000.0,
1,11,50000.0,0.004704451044
1,12,5000.0,
1,12,6000.0,0.017386984775
1,12,7000.0,0.017386984775
1,12,8000.0,0.017386984775
1,12,9000.0,
1,12,10000.0,0.017308630495
1,12,11000.0,0.017308630495
1,12,12000.0,0.017308630495
1,12,13000.0,
1,12,14000.0,
1,12,15000.0,0.017065012637
1,12,16000.0,0.017065012637
1,12,17000.0,0.017065012637
1,12,18000.0,
1,12,19000.0,0.012351397151
1,12,20000.0,0.012351397151
1,12,21000.0,0.012351397151
1,12,22000.0,0.007705876345
1,12,23000.0,0.007705876345
1,12,24000.0,0.007705876345
1,12,25000.0,
1,12,26000.0,0.00728889591
1,12,27000.0,0.00728889591
1,12,28000.0,0.00728889591
1,12,29000.0,
1,12,30000.0,0.012679493333
1,12,31000.0,0.012679493333
1,12,32000.0,0.012679493333
1,12,33000.0,
1,12,34000.0,
1,12,35000.0,0.012479652122
1,12,36000.0,0.012479652122
1,12,37000.0,0.012479652122
1,12,38000.0,
1,12,39000.0,0.01377699018
1,12,40000.0,0.01377699018
1,12,41000.0,0.01377699018
1,12,42000.0,0.00893221663
1,12,43000.0,0.00893221663
1,12,44000.0,0.00893221663
1,12,45000.0,
1,12,46000.0,
1,12,47000.0,0.009188693879
1,12,48000.0,0.009188693879
1,12,49000.0,0.009188693879
1,12,50000.0,
1,13,5000.0,0.006056476449
1,13,6000.0,0.006056476449
1,13,7000.0,0.006056476449
1,13,8000.0,
1,13,9000.0,0.005032290179
1,13,10000.0,0.005032290179
1,13,11000.0,0.005032290179
1,13,12000.0,
1,13,13000.0,
1,13,14000.0,0.005090444645
1,13,15000.0,0.005090444645
1,13,16000.0,0.005090444645
1,13,17000.0,0.005270393469
1,13,18000.0,0.005270393469
1,13,19000.0,0.005270393469
1,13,20000.0,
1,13,21000.0,
1,13,22000.0,0.009253632769
1,13,23000.0,0.009253632769
1,13,24000.0,0.009253632769
1,13,25000.0,
1,13,26000.0,0.005271497681
1,13,27000.0,0.005271497681
1,13,28000.0,0.005271497681
1,13,29000.0,
1,13,30000.0,0.005284825167
1,13,31000.0,0.005284825167
1,13,32000.0,0.005284825167
1,13,33000.0,0.0057760603
1,13,34000.0,0.0057760603
1,13,35000.0,0.0057760603
1,13,36000.0,
1,13,37000.0,
1,13,38000.0,0.051473327611
1,13,39000.0,0.051473327611
1,13,40000.0,0.051473327611
1,13,41000.0,
1,13,42000.0,0.005148722501
1,13,43000.0,0.005148722501
1,13,44000.0,0.005148722501
1,13,45000.0,0.005182612443
1,13,46000.0,0.005182612443
1,13,47000.0,0.005182612443
1,13,48000.0,
1,13,49000.0,0.011657119279
1,13,50000.0,0.011657119279
1,14,5000.0,
1,14,6000.0,0.002697716435
1,14,7000.0,0.002697716435
1,14,8000.0,0.002697716435
1,14,9000.0,0.002157468564
1,14,10000.0,0.002157468564
1,14,11000.0,0.002157468564
1,14,12000.0,
1,14,13000.0,0.00231718947
1,14,14000.0,0.00231718947
1,14,15000.0,0.00231718947
1,14,16000.0,0.002596984277
1,14,17000.0,0.002596984277
1,14,18000.0,0.002596984277
1,14,19000.0,0.002536759934
1,14,20000.0,0.002536759934
1,14,21000.0,0.002536759934
1,14,22000.0,
1,14,23000.0,0.003395466429
1,14,24000.0,0.003395466429
1,14,25000.0,0.003395466429
1,14,26000.0,0.002816398938
1,14,27000.0,0.002816398938
1,14,28000.0,0.002816398938
1,14,29000.0,
1,14,30000.0,
1,14,31000.0,0.002776204492
1,14,32000.0,0.002776204492
1,14,33000.0,0.002776204492
1,14,34000.0,
1,14,35000.0,0.003256081646
1,14,36000.0,0.003256081646
1,14,37000.0,0.003256081646
1,14,38000.0,
1,14,39000.0,0.003933834685
1,14,40000.0,0.003933834685
1,14,41000.0,0.003933834685
1,14,42000.0,
1,14,43000.0,0.00343596269
1,14,44000.0,0.00343596269
1,14,45000.0,0.00343596269
1,14,46000.0,0.002555973307
1,14,47000.0,0.002555973307
1,14,48000.0,0.002555973307
1,14,49000.0,
1,14,50000.0,0.002896014401
1,15,5000.0,
1,15,6000.0,0.007325307741
1,15,7000.0,0.007325307741
1,15,8000.0,0.007325307741
1,15,9000.0,
1,15,10000.0,0.005093204782
1,15,11000.0,0.005093204782
1,15,12000.0,0.005093204782
1,15,13000.0,0.005218667593
1,15,14000.0,0.005218667593
1,15,15000.0,0.005218667593
1,15,16000.0,
1,15,17000.0,
1,15,18000.0,0.004930179236
1,15,19000.0,0.004930179236
1,15,20000.0,0.004930179236
1,15,21000.0,0.022513609423
1,15,22000.0,0.022513609423
1,15,23000.0,0.022513609423
1,15,24000.0,0.004993449802
1,15,25000.0,0.004993449802
1,15,26000.0,0.004993449802
1,15,27000.0,
1,15,28000.0,0.002219522872
1,15,29000.0,0.002219522872
1,15,30000.0,0.002219522872
1,15,31000.0,
1,15,32000.0,0.018342756925
1,15,33000.0,0.018342756925
1,15,34000.0,0.018342756925
1,15,35000.0,0.002936794116
1,15,36000.0,0.002936794116
1,15,37000.0,0.002936794116
1,15,38000.0,
1,15,39000.0,0.002375221916
1,15,40000.0,0.002375221916
1,15,41000.0,0.002375221916
1,15,42000.0,
1,15,43000.0,0.003193710083
1,15,44000.0,0.003193710083
1,15,45000.0,0.003193710083
1,15,46000.0,
1,15,47000.0,0.002252457012
1,15,48000.0,0.002252457012
1,15,49000.0,0.002252457012
1,15,50000.0,
1,16,5000.0,
1,16,6000.0,0.007177963345
1,16,7000.0,0.007177963345
1,16,8000.0,0.007177963345
1,16,9000.0,
1,16,10000.0,0.005377200782
1,16,11000.0,0.005377200782
1,16,12000.0,0.005377200782
1,16,13000.0,
1,16,14000.0,0.005064274422
1,16,15000.0,0.005064274422
1,16,16000.0,0.005064274422
1,16,17000.0,0.00515591075
1,16,18000.0,0.00515591075
1,16,19000.0,0.00515591075
1,16,20000.0,
1,16,21000.0,0.004743624447
1,16,22000.0,0.004743624447
1,16,23000.0,0.004743624447
1,16,24000.0,
1,16,25000.0,
1,16,26000.0,0.006271165969
1,16,27000.0,0.006271165969
1,16,28000.0,0.006271165969
1,16,29000.0,0.004628570071
1,16,30000.0,0.004628570071
1,16,31000.0,0.004628570071
1,16,32000.0,
1,16,33000.0,
1,16,34000.0,0.003603069077
1,16,35000.0,0.003603069077
1,16,36000.0,0.003603069077
1,16,37000.0,
1,16,38000.0,0.003239893538
1,16,39000.0,0.003239893538
1,16,40000.0,0.003239893538
1,16,41000.0,
1,16,42000.0,0.002258987759
1,16,43000.0,0.002258987759
1,16,44000.0,0.002258987759
1,16,45000.0,
1,16,46000.0,0.003298223945
1,16,47000.0,0.003298223945
1,16,48000.0,0.003298223945
1,16,49000.0,
1,16,50000.0,0.002537751417
1,17,5000.0,0.0027550494
1,17,6000.0,0.0027550494
1,17,7000.0,0.0027550494
1,17,8000.0,
1,17,9000.0,
1,17,10000.0,0.003043759809
1,17,11000.0,0.003043759809
1,17,12000.0,0.003043759809
1,17,13000.0,
1,17,14000.0,0.002516771732
1,17,15000.0,0.002516771732
1,17,16000.0,0.002516771732
1,17,17000.0,
1,17,18000.0,0.002497702787
1,17,19000.0,0.002497702787
1,17,20000.0,0.002497702787
1,17,21000.0,
1,17,22000.0,0.002738732722
1,17,23000.0,0.002738732722
1,17,24000.0,0.002738732722
1,17,25000.0,0.002859556534
1,17,26000.0,0.002859556534
1,17,27000.0,0.002859556534
1,17,28000.0,
1,17,29000.0,
1,17,30000.0,0.002640700713
1,17,31000.0,0.002640700713
1,17,32000.0,0.002640700713
1,17,33000.0,
1,17,34000.0,
1,17,35000.0,
1,17,36000.0,
1,17,37000.0,0.006582011541
1,17,38000.0,0.006582011541
1,17,39000.0,0.006582011541
1,17,40000.0,0.004673885454
1,17,41000.0,0.004673885454
1,17,42000.0,0.004673885454
1,17,43000.0,
1,17,44000.0,0.005458836777
1,17,45000.0,0.005458836777
1,17,46000.0,0.005458836777
1,17,47000.0,
1,17,48000.0,0.006924416362
1,17,49000.0,0.006924416362
1,17,50000.0,0.006924416362
1,18,5000.0,
1,18,6000.0,0.013582911196
1,18,7000.0,0.013582911196
1,18,8000.0,0.013582911196
1,18,9000.0,
1,18,10000.0,0.021600968101
1,18,11000.0,0.021600968101
1,18,12000.0,0.021600968101
1,18,13000.0,
1,18,14000.0,
1,18,15000.0,0.005684025086
1,18,16000.0,0.005684025086
1,18,17000.0,0.005684025086
1,18,18000.0,
1,18,19000.0,
1,18,20000.0,0.005549508397
1,18,21000.0,0.005549508397
1,18,22000.0,0.005549508397
1,18,23000.0,
1,18,24000.0,0.005268670218
1,18,25000.0,0.005268670218
1,18,26000.0,0.005268670218
1,18,27000.0,
1,18,28000.0,0.004907934796
1,18,29000.0,0.004907934796
1,18,30000.0,0.004907934796
1,18,31000.0,0.005293357575
1,18,32000.0,0.005293357575
1,18,33000.0,0.005293357575
1,18,34000.0,
1,18,35000.0,
1,18,36000.0,0.003019723095
1,18,37000.0,0.003019723095
1,18,38000.0,0.003019723095
1,18,39000.0,
1,18,40000.0,0.002799052948
1,18,41000.0,0.002799052948
1,18,42000.0,0.002799052948
1,18,43000.0,
1,18,44000.0,0.002478649194
1,18,45000.0,0.002478649194
1,18,46000.0,0.002478649194
1,18,47000.0,
1,18,48000.0,0.002258579106
1,18,49000.0,0.002258579106
1,18,50000.0,0.002258579106
1,19,5000.0,
1,19,6000.0,
1,19,7000.0,0.004186309331
1,19,8000.0,0.004186309331
1,19,9000.0,0.004186309331
1,19,10000.0,
1,19,11000.0,
1,19,12000.0,0.007224465185
1,19,13000.0,0.007224465185
1,19,14000.0,0.007224465185
1,19,15000.0,0.005766406751
1,19,16000.0,0.005766406751
1,19,17000.0,0.005766406751
1,19,18000.0,
1,19,19000.0,0.008433643471
1,19,20000.0,0.008433643471
1,19,21000.0,0.008433643471
1,19,22000.0,0.005282801677
1,19,23000.0,0.005282801677
1,19,24000.0,0.005282801677
1,19,25000.0,0.005589229323
1,19,26000.0,0.005589229323
1,19,27000.0,0.005589229323
1,19,28000.0,
1,19,29000.0,
1,19,30000.0,0.004915539025
1,19,31000.0,0.004915539025
1,19,32000.0,0.004915539025
1,19,33000.0,
1,19,34000.0,
1,19,35000.0,
1,19,36000.0,
1,19,37000.0,
1,19,38000.0,0.013244963139
1,19,39000.0,0.013244963139
1,19,40000.0,0.013244963139
1,19,41000.0,0.005689293839
1,19,42000.0,0.005689293839
1,19,43000.0,0.005689293839
1,19,44000.0,
1,19,45000.0,0.00526388986
1,19,46000.0,0.00526388986
1,19,47000.0,0.00526388986
1,19,48000.0,
1,19,49000.0,0.004951041987
1,19,50000.0,0.004951041987
1,20,5000.0,0.006510920732
1,20,6000.0,0.006510920732
1,20,7000.0,0.006510920732
1,20,8000.0,
1,20,9000.0,0.002220798703
1,20,10000.0,0.002220798703
1,20,11000.0,0.002220798703
1,20,12000.0,0.004952903689
1,20,13000.0,0.004952903689
1,20,14000.0,0.004952903689
1,20,15000.0,
1,20,16000.0,0.019861069291
1,20,17000.0,0.019861069291
1,20,18000.0,0.019861069291
1,20,19000.0,
1,20,20000.0,0.003776493685
1,20,21000.0,0.003776493685
1,20,22000.0,0.003776493685
1,20,23000.0,0.005525013505
1,20,24000.0,0.005525013505
1,20,25000.0,0.005525013505
1,20,26000.0,0.002240326308
1,20,27000.0,0.002240326308
1,20,28000.0,0.002240326308
1,20,29000.0,
1,20,30000.0,0.002620247948
1,20,31000.0,0.002620247948
1,20,32000.0,0.002620247948
1,20,33000.0,
1,20,34000.0,
1,20,35000.0,0.003774079488
1,20,36000.0,0.003774079488
1,20,37000.0,0.003774079488
1,20,38000.0,
1,20,39000.0,0.003220067435
1,20,40000.0,0.003220067435
1,20,41000.0,0.003220067435
1,20,42000.0,
1,20,43000.0,0.004856819569
1,20,44000.0,0.004856819569
1,20,45000.0,0.004856819569
1,20,46000.0,
1,20,47000.0,
1,20,48000.0,0.008680092889
1,20,49000.0,0.008680092889
1,20,50000.0,0.008680092889
1,21,5000.0,
1,21,6000.0,
1,21,7000.0,0.012361833101
1,21,8000.0,0.012361833101
1,21,9000.0,0.012361833101
1,21,10000.0,
1,21,11000.0,0.007658151922
1,21,12000.0,0.007658151922
1,21,13000.0,0.007658151922
1,21,14000.0,0.010780764166
1,21,15000.0,0.010780764166
1,21,16000.0,0.010780764166
1,21,17000.0,
1,21,18000.0,0.01605921413
1,21,19000.0,0.01605921413
1,21,20000.0,0.01605921413
1,21,21000.0,
1,21,22000.0,
1,21,23000.0,0.010652118052
1,21,24000.0,0.010652118052
1,21,25000.0,0.010652118052
1,21,26000.0,0.00595959102
1,21,27000.0,0.00595959102
1,21,28000.0,0.00595959102
1,21,29000.0,0.005297087007
1,21,30000.0,0.005297087007
1,21,31000.0,0.005297087007
1,21,32000.0,
1,21,33000.0,
1,21,34000.0,0.006064573344
1,21,35000.0,0.006064573344
1,21,36000.0,0.006064573344
1,21,37000.0,
1,21,38000.0,0.006758920681
1,21,39000.0,0.006758920681
1,21,40000.0,0.006758920681
1,21,41000.0,
1,21,42000.0,
1,21,43000.0,0.004630207652
1,21,44000.0,0.004630207652
1,21,45000.0,0.004630207652
1,21,46000.0,
1,21,47000.0,0.007443959887
1,21,48000.0,0.007443959887
1,21,49000.0,0.007443959887
1,21,50000.0,
1,22,5000.0,3.020696451057
1,22,6000.0,3.020696451057
1,22,7000.0,3.020696451057
1,22,8000.0,
1,22,9000.0,
1,22,10000.0,
1,22,11000.0,0.004679488223
1,22,12000.0,0.004679488223
1,22,13000.0,0.004679488223
1,22,14000.0,
1,22,15000.0,
1,22,16000.0,
1,22,17000.0,
1,22,18000.0,0.004805245988
1,22,19000.0,0.004805245988
1,22,20000.0,0.004805245988
1,22,21000.0,0.006296313228
1,22,22000.0,0.006296313228
1,22,23000.0,0.006296313228
1,22,24000.0,
1,22,25000.0,0.004993125907
1,22,26000.0,0.004993125907
1,22,27000.0,0.004993125907
1,22,28000.0,
1,22,29000.0,
1,22,30000.0,
1,22,31000.0,
1,22,32000.0,
1,22,33000.0,0.006151635288
1,22,34000.0,0.006151635288
1,22,35000.0,0.006151635288
1,22,36000.0,
1,22,37000.0,
1,22,38000.0,0.020428969284
1,22,39000.0,0.020428969284
1,22,40000.0,0.020428969284
1,22,41000.0,
1,22,42000.0,0.00599242189
1,22,43000.0,0.00599242189
1,22,44000.0,0.00599242189
1,22,45000.0,
1,22,46000.0,0.017291318399
1,22,47000.0,0.017291318399
1,22,48000.0,0.017291318399
1,22,49000.0,0.024570928971
1,22,50000.0,0.024570928971
1,23,5000.0,
1,23,6000.0,
1,23,7000.0,
1,23,8000.0,
1,23,9000.0,0.008351566574
1,23,10000.0,0.008351566574
1,23,11000.0,0.008351566574
1,23,12000.0,0.008162426596
1,23,13000.0,0.008162426596
1,23,14000.0,0.008162426596
1,23,15000.0,
1,23,16000.0,
1,23,17000.0,0.011277619624
1,23,18000.0,0.011277619624
1,23,19000.0,0.011277619624
1,23,20000.0,
1,23,21000.0,
1,23,22000.0,
1,23,23000.0,
1,23,24000.0,0.006137165656
1,23,25000.0,0.006137165656
1,23,26000.0,0.006137165656
1,23,27000.0,
1,23,28000.0,
1,23,29000.0,0.004919701911
1,23,30000.0,0.004919701911
1,23,31000.0,0.004919701911
1,23,32000.0,
1,23,33000.0,
1,23,34000.0,
1,23,35000.0,0.004546213286
1,23,36000.0,0.004546213286
1,23,37000.0,0.004546213286
1,23,38000.0,
1,23,39000.0,0.011885891464
1,23,40000.0,0.011885891464
1,23,41000.0,0.011885891464
1,23,42000.0,0.005364449673
1,23,43000.0,0.005364449673
1,23,44000.0,0.005364449673
1,23,45000.0,
1,23,46000.0,
1,23,47000.0,0.003892102509
1,23,48000.0,0.003892102509
1,23,49000.0,0.003892102509
1,23,50000.0,
1,24,5000.0,
1,24,6000.0,0.002997807677
1,24,7000.0,0.002997807677
1,24,8000.0,0.002997807677
1,24,9000.0,
1,24,10000.0,0.003138081739
1,24,11000.0,0.003138081739
1,24,12000.0,0.003138081739
1,24,13000.0,
1,24,14000.0,0.002718436859
1,24,15000.0,0.002718436859
1,24,16000.0,0.002718436859
1,24,17000.0,
1,24,18000.0,
1,24,19000.0,0.00871044876
1,24,20000.0,0.00871044876
1,24,21000.0,0.00871044876
1,24,22000.0,
1,24,23000.0,0.002790864875
1,24,24000.0,0.002790864875
1,24,25000.0,0.002790864875
1,24,26000.0,0.002599626352
1,24,27000.0,0.002599626352
1,24,28000.0,0.002599626352
1,24,29000.0,
1,24,30000.0,
1,24,31000.0,0.002840129411
1,24,32000.0,0.002840129411
1,24,33000.0,0.002840129411
1,24,34000.0,
1,24,35000.0,
1,24,36000.0,
1,24,37000.0,
1,24,38000.0,
1,24,39000.0,
1,24,40000.0,
1,24,41000.0,
1,24,42000.0,
1,24,43000.0,
1,24,44000.0,0.005338103481
1,24,45000.0,0.005338103481
1,24,46000.0,0.005338103481
1,24,47000.0,
1,24,48000.0,0.004803947266
1,24,49000.0,0.004803947266
1,24,50000.0,0.004803947266
2,0,5000.0,
2,0,6000.0,0.011993089435
2,0,7000.0,0.011993089435
2,0,8000.0,0.011993089435
2,0,9000.0,
2,0,10000.0,
2,0,11000.0,0.007624982317
2,0,12000.0,0.007624982317
2,0,13000.0,0.007624982317
2,0,14000.0,
2,0,15000.0,
2,0,16000.0,
2,0,17000.0,
2,0,18000.0,0.005078341613
2,0,19000.0,0.005078341613
2,0,20000.0,0.005078341613
2,0,21000.0,
2,0,22000.0,
2,0,23000.0,0.006064664761
2,0,24000.0,0.006064664761
2,0,25000.0,0.006064664761
2,0,26000.0,0.005312154407
2,0,27000.0,0.005312154407
2,0,28000.0,0.005312154407
2,0,29000.0,
2,0,30000.0,0.005191867216
2,0,31000.0,0.005191867216
2,0,32000.0,0.005191867216
2,0,33000.0,
2,0,34000.0,0.005709815476
2,0,35000.0,0.005709815476
2,0,36000.0,0.005709815476
2,0,37000.0,0.012006936808
2,0,38000.0,0.012006936808
2,0,39000.0,0.012006936808
2,0,40000.0,0.022987093517
2,0,41000.0,0.022987093517
2,0,42000.0,0.022987093517
2,0,43000.0,
2,0,44000.0,
2,0,45000.0,0.010087116387
2,0,46000.0,0.010087116387
2,0,47000.0,0.010087116387
2,0,48000.0,
2,0,49000.0,0.003239409522
2,0,50000.0,0.003239409522
2,1,5000.0,
2,1,6000.0,0.007223548279
2,1,7000.0,0.007223548279
2,1,8000.0,0.007223548279
2,1,9000.0,
2,1,10000.0,
2,1,11000.0,0.007301749458
2,1,12000.0,0.007301749458
2,1,13000.0,0.007301749458
2,1,14000.0,
2,1,15000.0,0.004144746434
2,1,16000.0,0.004144746434
2,1,17000.0,0.004144746434
2,1,18000.0,
2,1,19000.0,0.00487441724
2,1,20000.0,0.00487441724
2,1,21000.0,0.00487441724
2,1,22000.0,
2,1,23000.0,
2,1,24000.0,0.002580757471
2,1,25000.0,0.002580757471
2,1,26000.0,0.002580757471
2,1,27000.0,
2,1,28000.0,0.007573321898
2,1,29000.0,0.007573321898
2,1,30000.0,0.007573321898
2,1,31000.0,
2,1,32000.0,0.003099934229
2,1,33000.0,0.003099934229
2,1,34000.0,0.003099934229
2,1,35000.0,0.007437931161
2,1,36000.0,0.007437931161
2,1,37000.0,0.007437931161
2,1,38000.0,
2,1,39000.0,0.00401791717
2,1,40000.0,0.00401791717
2,1,41000.0,0.00401791717
2,1,42000.0,
2,1,43000.0,0.002700697985
2,1,44000.0,0.002700697985
2,1,45000.0,0.002700697985
2,1,46000.0,
2,1,47000.0,
2,1,48000.0,0.00516869033
2,1,49000.0,0.00516869033
2,1,50000.0,0.00516869033
2,2,5000.0,0.005383461851
2,2,6000.0,0.005383461851
2,2,7000.0,0.005383461851
2,2,8000.0,
2,2,9000.0,0.002617468479
2,2,10000.0,0.002617468479
2,2,11000.0,0.002617468479
2,2,12000.0,0.003066660429
2,2,13000.0,0.003066660429
2,2,14000.0,0.003066660429
2,2,15000.0,
2,2,16000.0,0.003834035075
2,2,17000.0,0.003834035075
2,2,18000.0,0.003834035075
2,2,19000.0,0.003934097967
2,2,20000.0,0.003934097967
2,2,21000.0,0.003934097967
2,2,22000.0,
2,2,23000.0,0.005293023946
2,2,24000.0,0.005293023946
2,2,25000.0,0.005293023946
2,2,26000.0,
2,2,27000.0,
2,2,28000.0,0.002917201082
2,2,29000.0,0.002917201082
2,2,30000.0,0.002917201082
2,2,31000.0,
2,2,32000.0,
2,2,33000.0,0.003097014183
2,2,34000.0,0.003097014183
2,2,35000.0,0.003097014183
2,2,36000.0,
2,2,37000.0,0.00275684318
2,2,38000.0,0.00275684318
2,2,39000.0,0.00275684318
2,2,40000.0,0.002096709012
2,2,41000.0,0.002096709012
2,2,42000.0,0.002096709012
2,2,43000.0,
2,2,44000.0,0.002476507549
2,2,45000.0,0.002476507549
2,2,46000.0,0.002476507549
2,2,47000.0,
2,2,48000.0,0.004148377382
2,2,49000.0,0.004148377382
2,2,50000.0,0.004148377382
2,4,5000.0,0.017248690531
2,4,6000.0,0.017248690531
2,4,7000.0,0.017248690531
2,4,8000.0,
2,4,9000.0,0.005488290137
2,4,10000.0,0.005488290137
2,4,11000.0,0.005488290137
2,4,12000.0,0.005096607355
2,4,13000.0,0.005096607355
2,4,14000.0,0.005096607355
2,4,15000.0,
2,4,16000.0,0.005356075302
2,4,17000.0,0.005356075302
2,4,18000.0,0.005356075302
2,4,19000.0,
2,4,20000.0,0.005376964004
2,4,21000.0,0.005376964004
2,4,22000.0,0.005376964004
2,4,23000.0,0.00495086067
2,4,24000.0,0.00495086067
2,4,25000.0,0.00495086067
2,4,26000.0,
2,4,27000.0,
2,4,28000.0,0.005800619528
2,4,29000.0,0.005800619528
2,4,30000.0,0.005800619528
2,4,31000.0,
2,4,32000.0,0.005593344753
2,4,33000.0,0.005593344753
2,4,34000.0,0.005593344753
2,4,35000.0,
2,4,36000.0,
2,4,37000.0,
2,4,38000.0,
2,4,39000.0,
2,4,40000.0,0.01141718458
2,4,41000.0,0.01141718458
2,4,42000.0,0.01141718458
2,4,43000.0,
2,4,44000.0,0.010463115154
2,4,45000.0,0.010463115154
2,4,46000.0,0.010463115154
2,4,47000.0,0.009613871844
2,4,48000.0,0.009613871844
2,4,49000.0,0.009613871844
2,4,50000.0,0.013354416815
2,5,5000.0,
2,5,6000.0,0.008696026853
2,5,7000.0,0.008696026853
2,5,8000.0,0.008696026853
2,5,9000.0,0.004759406554
2,5,10000.0,0.004759406554
2,5,11000.0,0.004759406554
2,5,12000.0,
2,5,13000.0,
2,5,14000.0,0.00523325229
2,5,15000.0,0.00523325229
2,5,16000.0,0.00523325229
2,5,17000.0,
2,5,18000.0,
2,5,19000.0,
2,5,20000.0,0.005683170343
2,5,21000.0,0.005683170343
2,5,22000.0,0.005683170343
2,5,23000.0,0.004349405169
2,5,24000.0,0.004349405169
2,5,25000.0,0.004349405169
2,5,26000.0,
2,5,27000.0,
2,5,28000.0,0.004668179086
2,5,29000.0,0.004668179086
2,5,30000.0,0.004668179086
2,5,31000.0,
2,5,32000.0,0.007236152588
2,5,33000.0,0.007236152588
2,5,34000.0,0.007236152588
2,5,35000.0,
2,5,36000.0,0.004788587295
2,5,37000.0,0.004788587295
2,5,38000.0,0.004788587295
2,5,39000.0,
2,5,40000.0,0.007548191254
2,5,41000.0,0.007548191254
2,5,42000.0,0.007548191254
2,5,43000.0,
2,5,44000.0,
2,5,45000.0,0.036473261523
2,5,46000.0,0.036473261523
2,5,47000.0,0.036473261523
2,5,48000.0,0.005223459012
2,5,49000.0,0.005223459012
2,5,50000.0,0.005223459012
2,6,5000.0,
2,6,6000.0,0.0035802317
2,6,7000.0,0.0035802317
2,6,8000.0,0.0035802317
2,6,9000.0,
2,6,10000.0,
2,6,11000.0,0.002379111774
2,6,12000.0,0.002379111774
2,6,13000.0,0.002379111774
2,6,14000.0,
2,6,15000.0,0.00265796103
2,6,16000.0,0.00265796103
2,6,17000.0,0.00265796103
2,6,18000.0,
2,6,19000.0,
2,6,20000.0,
2,6,21000.0,
2,6,22000.0,0.010893040142
2,6,23000.0,0.010893040142
2,6,24000.0,0.010893040142
2,6,25000.0,
2,6,26000.0,0.002996000312
2,6,27000.0,0.002996000312
2,6,28000.0,0.002996000312
2,6,29000.0,
2,6,30000.0,
2,6,31000.0,0.0029648315
2,6,32000.0,0.0029648315
2,6,33000.0,0.0029648315
2,6,34000.0,0.003095819423
2,6,35000.0,0.003095819423
2,6,36000.0,0.003095819423
2,6,37000.0,0.001956208784
2,6,38000.0,0.001956208784
2,6,39000.0,0.001956208784
2,6,40000.0,
2,6,41000.0,
2,6,42000.0,0.003057182969
2,6,43000.0,0.003057182969
2,6,44000.0,0.003057182969
2,6,45000.0,
2,6,46000.0,
2,6,47000.0,0.002758145155
2,6,48000.0,0.002758145155
2,6,49000.0,0.002758145155
2,6,50000.0,
2,7,5000.0,
2,7,6000.0,0.001917820912
2,7,7000.0,0.001917820912
2,7,8000.0,0.001917820912
2,7,9000.0,
2,7,10000.0,0.002518275486
2,7,11000.0,0.002518275486
2,7,12000.0,0.002518275486
2,7,13000.0,
2,7,14000.0,0.002358735433
2,7,15000.0,0.002358735433
2,7,16000.0,0.002358735433
2,7,17000.0,
2,7,18000.0,0.002777541665
2,7,19000.0,0.002777541665
2,7,20000.0,0.002777541665
2,7,21000.0,
2,7,22000.0,0.003079527303
2,7,23000.0,0.003079527303
2,7,24000.0,0.003079527303
2,7,25000.0,0.002479925984
2,7,26000.0,0.002479925984
2,7,27000.0,0.002479925984
2,7,28000.0,
2,7,29000.0,
2,7,30000.0,0.009834266858
2,7,31000.0,0.009834266858
2,7,32000.0,0.009834266858
2,7,33000.0,0.002300771455
2,7,34000.0,0.002300771455
2,7,35000.0,0.002300771455
2,7,36000.0,
2,7,37000.0,0.004832956621
2,7,38000.0,0.004832956621
2,7,39000.0,0.004832956621
2,7,40000.0,
2,7,41000.0,
2,7,42000.0,0.021715305097
2,7,43000.0,0.021715305097
2,7,44000.0,0.021715305097
2,7,45000.0,
2,7,46000.0,0.005330338594
2,7,47000.0,0.005330338594
2,7,48000.0,0.005330338594
2,7,49000.0,
2,7,50000.0,0.003689881816
2,8,5000.0,0.015336610664
2,8,6000.0,0.015336610664
2,8,7000.0,0.015336610664
2,8,8000.0,0.004297932088
2,8,9000.0,0.004297932088
2,8,10000.0,0.004297932088
2,8,11000.0,0.002799636395
2,8,12000.0,0.002799636395
2,8,13000.0,0.002799636395
2,8,14000.0,
2,8,15000.0,
2,8,16000.0,0.00267774938
2,8,17000.0,0.00267774938
2,8,18000.0,0.00267774938
2,8,19000.0,0.002716491764
2,8,20000.0,0.002716491764
2,8,21000.0,0.002716491764
2,8,22000.0,
2,8,23000.0,0.00259523065
2,8,24000.0,0.00259523065
2,8,25000.0,0.00259523065
2,8,26000.0,
2,8,27000.0,0.002993975662
2,8,28000.0,0.002993975662
2,8,29000.0,0.002993975662
2,8,30000.0,
2,8,31000.0,0.003093842926
2,8,32000.0,0.003093842926
2,8,33000.0,0.003093842926
2,8,34000.0,
2,8,35000.0,0.00309462366
2,8,36000.0,0.00309462366
2,8,37000.0,0.00309462366
2,8,38000.0,
2,8,39000.0,0.002976038274
2,8,40000.0,0.002976038274
2,8,41000.0,0.002976038274
2,8,42000.0,
2,8,43000.0,0.002877675319
2,8,44000.0,0.002877675319
2,8,45000.0,0.002877675319
2,8,46000.0,
2,8,47000.0,0.002698984934
2,8,48000.0,0.002698984934
2,8,49000.0,0.002698984934
2,8,50000.0,
2,9,5000.0,
2,9,6000.0,0.006746649318
2,9,7000.0,0.006746649318
2,9,8000.0,0.006746649318
2,9,9000.0,
2,9,10000.0,
2,9,11000.0,0.009141188301
2,9,12000.0,0.009141188301
2,9,13000.0,0.009141188301
2,9,14000.0,
2,9,15000.0,0.01311602384
2,9,16000.0,0.01311602384
2,9,17000.0,0.01311602384
2,9,18000.0,
2,9,19000.0,0.006878411881
2,9,20000.0,0.006878411881
2,9,21000.0,0.006878411881
2,9,22000.0,0.004746046378
2,9,23000.0,0.004746046378
2,9,24000.0,0.004746046378
2,9,25000.0,
2,9,26000.0,
2,9,27000.0,0.007325099358
2,9,28000.0,0.007325099358
2,9,29000.0,0.007325099358
2,9,30000.0,
2,9,31000.0,
2,9,32000.0,0.005411600717
2,9,33000.0,0.005411600717
2,9,34000.0,0.005411600717
2,9,35000.0,
2,9,36000.0,
2,9,37000.0,0.004771463803
2,9,38000.0,0.004771463803
2,9,39000.0,0.004771463803
2,9,40000.0,0.009691809754
2,9,41000.0,0.009691809754
2,9,42000.0,0.009691809754
2,9,43000.0,
2,9,44000.0,0.007478146085
2,9,45000.0,0.007478146085
2,9,46000.0,0.007478146085
2,9,47000.0,0.005096236771
2,9,48000.0,0.005096236771
2,9,49000.0,0.005096236771
2,9,50000.0,
2,10,5000.0,0.025020743591
2,10,6000.0,0.025020743591
2,10,7000.0,0.025020743591
2,10,8000.0,
2,10,9000.0,0.003295199773
2,10,10000.0,0.003295199773
2,10,11000.0,0.003295199773
2,10,12000.0,
2,10,13000.0,
2,10,14000.0,0.002434360799
2,10,15000.0,0.002434360799
2,10,16000.0,0.002434360799
2,10,17000.0,
2,10,18000.0,0.002794061969
2,10,19000.0,0.002794061969
2,10,20000.0,0.002794061969
2,10,21000.0,0.002434159847
2,10,22000.0,0.002434159847
2,10,23000.0,0.002434159847
2,10,24000.0,
2,10,25000.0,0.002294669908
2,10,26000.0,0.002294669908
2,10,27000.0,0.002294669908
2,10,28000.0,
2,10,29000.0,0.002715344322
2,10,30000.0,0.002715344322
2,10,31000.0,0.002715344322
2,10,32000.0,
2,10,33000.0,
2,10,34000.0,0.002076439518
2,10,35000.0,0.002076439518
2,10,36000.0,0.002076439518
2,10,37000.0,
2,10,38000.0,0.003057390497
2,10,39000.0,0.003057390497
2,10,40000.0,0.003057390497
2,10,41000.0,
2,10,42000.0,0.004543498875
2,10,43000.0,0.004543498875
2,10,44000.0,0.004543498875
2,10,45000.0,
2,10,46000.0,
2,10,47000.0,0.003875761425
2,10,48000.0,0.003875761425
2,10,49000.0,0.003875761425
2,10,50000.0,
2,11,5000.0,0.003895308633
2,11,6000.0,0.003895308633
2,11,7000.0,0.003895308633
2,11,8000.0,0.002175491877
2,11,9000.0,0.002175491877
2,11,10000.0,0.002175491877
2,11,11000.0,
2,11,12000.0,0.002296023059
2,11,13000.0,0.002296023059
2,11,14000.0,0.002296023059
2,11,15000.0,
2,11,16000.0,
2,11,17000.0,0.002656658695
2,11,18000.0,0.002656658695
2,11,19000.0,0.002656658695
2,11,20000.0,
2,11,21000.0,0.003297273981
2,11,22000.0,0.003297273981
2,11,23000.0,0.003297273981
2,11,24000.0,
2,11,25000.0,
2,11,26000.0,0.002317931151
2,11,27000.0,0.002317931151
2,11,28000.0,0.002317931151
2,11,29000.0,
2,11,30000.0,0.00201851962
2,11,31000.0,0.00201851962
2,11,32000.0,0.00201851962
2,11,33000.0,
2,11,34000.0,0.003419120105
2,11,35000.0,0.003419120105
2,11,36000.0,0.003419120105
2,11,37000.0,
2,11,38000.0,
2,11,39000.0,0.003259748748
2,11,40000.0,0.003259748748
2,11,41000.0,0.003259748748
2,11,42000.0,
2,11,43000.0,
2,11,44000.0,0.002180408205
2,11,45000.0,0.002180408205
2,11,46000.0,0.002180408205
2,11,47000.0,0.003520834969
2,11,48000.0,0.003520834969
2,11,49000.0,0.003520834969
2,11,50000.0,
2,12,5000.0,0.01150525498
2,12,6000.0,0.01150525498
2,12,7000.0,0.01150525498
2,12,8000.0,
2,12,9000.0,
2,12,10000.0,
2,12,11000.0,
2,12,12000.0,0.005045376837
2,12,13000.0,0.005045376837
2,12,14000.0,0.005045376837
2,12,15000.0,0.004296597252
2,12,16000.0,0.004296597252
2,12,17000.0,0.004296597252
2,12,18000.0,
2,12,19000.0,
2,12,20000.0,0.004987387078
2,12,21000.0,0.004987387078
2,12,22000.0,0.004987387078
2,12,23000.0,
2,12,24000.0,0.001900155533
2,12,25000.0,0.001900155533
2,12,26000.0,0.001900155533
2,12,27000.0,
2,12,28000.0,
2,12,29000.0,0.002679106208
2,12,30000.0,0.002679106208
2,12,31000.0,0.002679106208
2,12,32000.0,
2,12,33000.0,0.002318336989
2,12,34000.0,0.002318336989
2,12,35000.0,0.002318336989
2,12,36000.0,
2,12,37000.0,0.048782797272
2,12,38000.0,0.048782797272
2,12,39000.0,0.048782797272
2,12,40000.0,
2,12,41000.0,
2,12,42000.0,0.010643007305
2,12,43000.0,0.010643007305
2,12,44000.0,0.010643007305
2,12,45000.0,
2,12,46000.0,0.002558754542
2,12,47000.0,0.002558754542
2,12,48000.0,0.002558754542
2,12,49000.0,
2,12,50000.0,
2,13,5000.0,
2,13,6000.0,0.008098092178
2,13,7000.0,0.008098092178
2,13,8000.0,0.008098092178
2,13,9000.0,
2,13,10000.0,
2,13,11000.0,0.00345658375
2,13,12000.0,0.00345658375
2,13,13000.0,0.00345658375
2,13,14000.0,0.003359930283
2,13,15000.0,0.003359930283
2,13,16000.0,0.003359930283
2,13,17000.0,
2,13,18000.0,0.003299239663
2,13,19000.0,0.003299239663
2,13,20000.0,0.003299239663
2,13,21000.0,
2,13,22000.0,
2,13,23000.0,0.004596956202
2,13,24000.0,0.004596956202
2,13,25000.0,0.004596956202
2,13,26000.0,
2,13,27000.0,0.002098352942
2,13,28000.0,0.002098352942
2,13,29000.0,0.002098352942
2,13,30000.0,
2,13,31000.0,
2,13,32000.0,0.003098306826
2,13,33000.0,0.003098306826
2,13,34000.0,0.003098306826
2,13,35000.0,
2,13,36000.0,
2,13,37000.0,0.003178572042
2,13,38000.0,0.003178572042
2,13,39000.0,0.003178572042
2,13,40000.0,
2,13,41000.0,
2,13,42000.0,0.002759142749
2,13,43000.0,0.002759142749
2,13,44000.0,0.002759142749
2,13,45000.0,
2,13,46000.0,
2,13,47000.0,0.002559945101
2,13,48000.0,0.002559945101
2,13,49000.0,0.002559945101
2,13,50000.0,
2,14,5000.0,
2,14,6000.0,0.003055832109
2,14,7000.0,0.003055832109
2,14,8000.0,0.003055832109
2,14,9000.0,
2,14,10000.0,0.002716639589
2,14,11000.0,0.002716639589
2,14,12000.0,0.002716639589
2,14,13000.0,
2,14,14000.0,0.004070787523
2,14,15000.0,0.004070787523
2,14,16000.0,0.004070787523
2,14,17000.0,
2,14,18000.0,0.003465627157
2,14,19000.0,0.003465627157
2,14,20000.0,0.003465627157
2,14,21000.0,
2,14,22000.0,0.00237857456
2,14,23000.0,0.00237857456
2,14,24000.0,0.00237857456
2,14,25000.0,
2,14,26000.0,
2,14,27000.0,0.021498036362
2,14,28000.0,0.021498036362
2,14,29000.0,0.021498036362
2,14,30000.0,
2,14,31000.0,
2,14,32000.0,
2,14,33000.0,0.006713120973
2,14,34000.0,0.006713120973
2,14,35000.0,0.006713120973
2,14,36000.0,
2,14,37000.0,
2,14,38000.0,
2,14,39000.0,
2,14,40000.0,
2,14,41000.0,0.010996857818
2,14,42000.0,0.010996857818
2,14,43000.0,0.010996857818
2,14,44000.0,
2,14,45000.0,0.012482130682
2,14,46000.0,0.012482130682
2,14,47000.0,0.012482130682
2,14,48000.0,0.005259821011
2,14,49000.0,0.005259821011
2,14,50000.0,0.005259821011
2,15,5000.0,
2,15,6000.0,
2,15,7000.0,0.038099207422
2,15,8000.0,0.038099207422
2,15,9000.0,0.038099207422
2,15,10000.0,
2,15,11000.0,0.012227693503
2,15,12000.0,0.012227693503
2,15,13000.0,0.012227693503
2,15,14000.0,
2,15,15000.0,0.0089506496
2,15,16000.0,0.0089506496
2,15,17000.0,0.0089506496
2,15,18000.0,
2,15,19000.0,
2,15,20000.0,
2,15,21000.0,
2,15,22000.0,0.007964205148
2,15,23000.0,0.007964205148
2,15,24000.0,0.007964205148
2,15,25000.0,
2,15,26000.0,0.007487770635
2,15,27000.0,0.007487770635
2,15,28000.0,0.007487770635
2,15,29000.0,
2,15,30000.0,
2,15,31000.0,0.005437115431
2,15,32000.0,0.005437115431
2,15,33000.0,0.005437115431
2,15,34000.0,
2,15,35000.0,
2,15,36000.0,0.013284587759
2,15,37000.0,0.013284587759
2,15,38000.0,0.013284587759
2,15,39000.0,
2,15,40000.0,
2,15,41000.0,0.007714719363
2,15,42000.0,0.007714719363
2,15,43000.0,0.007714719363
2,15,44000.0,0.005373930956
2,15,45000.0,0.005373930956
2,15,46000.0,0.005373930956
2,15,47000.0,
2,15,48000.0,0.004582277656
2,15,49000.0,0.004582277656
2,15,50000.0,0.004582277656
2,16,5000.0,
2,16,6000.0,0.004773263154
2,16,7000.0,0.004773263154
2,16,8000.0,0.004773263154
2,16,9000.0,
2,16,10000.0,
2,16,11000.0,
2,16,12000.0,0.009249457206
2,16,13000.0,0.009249457206
2,16,14000.0,0.009249457206
2,16,15000.0,
2,16,16000.0,0.004270898247
2,16,17000.0,0.004270898247
2,16,18000.0,0.004270898247
2,16,19000.0,
2,16,20000.0,0.004275577416
2,16,21000.0,0.004275577416
2,16,22000.0,0.004275577416
2,16,23000.0,
2,16,24000.0,0.00436958933
2,16,25000.0,0.00436958933
2,16,26000.0,0.00436958933
2,16,27000.0,
2,16,28000.0,
2,16,29000.0,0.004810810257
2,16,30000.0,0.004810810257
2,16,31000.0,0.004810810257
2,16,32000.0,
2,16,33000.0,0.0108366039
2,16,34000.0,0.0108366039
2,16,35000.0,0.0108366039
2,16,36000.0,
2,16,37000.0,0.00585186747
2,16,38000.0,0.00585186747
2,16,39000.0,0.00585186747
2,16,40000.0,
2,16,41000.0,0.022760464937
2,16,42000.0,0.022760464937
2,16,43000.0,0.022760464937
2,16,44000.0,0.00440714073
2,16,45000.0,0.00440714073
2,16,46000.0,0.00440714073
2,16,47000.0,
2,16,48000.0,
2,16,49000.0,0.005649214183
2,16,50000.0,0.005649214183
2,17,5000.0,0.004336495993
2,17,6000.0,0.004336495993
2,17,7000.0,0.004336495993
2,17,8000.0,
2,17,9000.0,
2,17,10000.0,0.002960108251
2,17,11000.0,0.002960108251
2,17,12000.0,0.002960108251
2,17,13000.0,
2,17,14000.0,
2,17,15000.0,0.012592497209
2,17,16000.0,0.012592497209
2,17,17000.0,0.012592497209
2,17,18000.0,
2,17,19000.0,0.002979974095
2,17,20000.0,0.002979974095
2,17,21000.0,0.002979974095
2,17,22000.0,
2,17,23000.0,0.004177295456
2,17,24000.0,0.004177295456
2,17,25000.0,0.004177295456
2,17,26000.0,0.002665232947
2,17,27000.0,0.002665232947
2,17,28000.0,0.002665232947
2,17,29000.0,
2,17,30000.0,
2,17,31000.0,0.003399785453
2,17,32000.0,0.003399785453
2,17,33000.0,0.003399785453
2,17,34000.0,0.002859740089
2,17,35000.0,0.002859740089
2,17,36000.0,0.002859740089
2,17,37000.0,
2,17,38000.0,
2,17,39000.0,0.002639665814
2,17,40000.0,0.002639665814
2,17,41000.0,0.002639665814
2,17,42000.0,
2,17,43000.0,0.005238470592
2,17,44000.0,0.005238470592
2,17,45000.0,0.005238470592
2,17,46000.0,
2,17,47000.0,0.002319546549
2,17,48000.0,0.002319546549
2,17,49000.0,0.002319546549
2,17,50000.0,0.002119499767
2,18,5000.0,3.047475835617
2,18,6000.0,3.047475835617
2,18,7000.0,3.047475835617
2,18,8000.0,
2,18,9000.0,0.004935760351
2,18,10000.0,0.004935760351
2,18,11000.0,0.004935760351
2,18,12000.0,
2,18,13000.0,0.003160553448
2,18,14000.0,0.003160553448
2,18,15000.0,0.003160553448
2,18,16000.0,0.002360113604
2,18,17000.0,0.002360113604
2,18,18000.0,0.002360113604
2,18,19000.0,
2,18,20000.0,
2,18,21000.0,0.003754523773
2,18,22000.0,0.003754523773
2,18,23000.0,0.003754523773
2,18,24000.0,0.002319047202
2,18,25000.0,0.002319047202
2,18,26000.0,0.002319047202
2,18,27000.0,
2,18,28000.0,0.002358588794
2,18,29000.0,0.002358588794
2,18,30000.0,0.002358588794
2,18,31000.0,
2,18,32000.0,
2,18,33000.0,0.002218061373
2,18,34000.0,0.002218061373
2,18,35000.0,0.002218061373
2,18,36000.0,0.003137729955
2,18,37000.0,0.003137729955
2,18,38000.0,0.003137729955
2,18,39000.0,
2,18,40000.0,0.002857337454
2,18,41000.0,0.002857337454
2,18,42000.0,0.002857337454
2,18,43000.0,
2,18,44000.0,0.002977021818
2,18,45000.0,0.002977021818
2,18,46000.0,0.002977021818
2,18,47000.0,
2,18,48000.0,0.002216836016
2,18,49000.0,0.002216836016
2,18,50000.0,0.002216836016
2,19,5000.0,
2,19,6000.0,
2,19,7000.0,0.050640049539
2,19,8000.0,0.050640049539
2,19,9000.0,0.050640049539
2,19,10000.0,
2,19,11000.0,0.011557169545
2,19,12000.0,0.011557169545
2,19,13000.0,0.011557169545
2,19,14000.0,
2,19,15000.0,0.062892818636
2,19,16000.0,0.062892818636
2,19,17000.0,0.062892818636
2,19,18000.0,
2,19,19000.0,0.015986574513
2,19,20000.0,0.015986574513
2,19,21000.0,0.015986574513
2,19,22000.0,
2,19,23000.0,0.010180446247
2,19,24000.0,0.010180446247
2,19,25000.0,0.010180446247
2,19,26000.0,
2,19,27000.0,
2,19,28000.0,
2,19,29000.0,
2,19,30000.0,
2,19,31000.0,0.005690607413
2,19,32000.0,0.005690607413
2,19,33000.0,0.005690607413
2,19,34000.0,
2,19,35000.0,0.006470310776
2,19,36000.0,0.006470310776
2,19,37000.0,0.006470310776
2,19,38000.0,
2,19,39000.0,0.004523532159
2,19,40000.0,0.004523532159
2,19,41000.0,0.004523532159
2,19,42000.0,
2,19,43000.0,
2,19,44000.0,0.006776606298
2,19,45000.0,0.006776606298
2,19,46000.0,0.006776606298
2,19,47000.0,
2,19,48000.0,0.014035706231
2,19,49000.0,0.014035706231
2,19,50000.0,0.014035706231
2,20,5000.0,0.013866100887
2,20,6000.0,
2,20,7000.0,0.045070913994
2,20,8000.0,0.045070913994
2,20,9000.0,0.045070913994
2,20,10000.0,0.010760369783
2,20,11000.0,0.010760369783
2,20,12000.0,0.010760369783
2,20,13000.0,
2,20,14000.0,
2,20,15000.0,0.012738693774
2,20,16000.0,0.012738693774
2,20,17000.0,0.012738693774
2,20,18000.0,
2,20,19000.0,0.012820205384
2,20,20000.0,0.012820205384
2,20,21000.0,0.012820205384
2,20,22000.0,
2,20,23000.0,0.010468387508
2,20,24000.0,0.010468387508
2,20,25000.0,0.010468387508
2,20,26000.0,0.010237801462
2,20,27000.0,0.010237801462
2,20,28000.0,0.010237801462
2,20,29000.0,
2,20,30000.0,
2,20,31000.0,0.007783609965
2,20,32000.0,0.007783609965
2,20,33000.0,0.007783609965
2,20,34000.0,
2,20,35000.0,0.005226300904
2,20,36000.0,0.005226300904
2,20,37000.0,0.005226300904
2,20,38000.0,
2,20,39000.0,0.005185255151
2,20,40000.0,0.005185255151
2,20,41000.0,0.005185255151
2,20,42000.0,
2,20,43000.0,
2,20,44000.0,0.007566776
2,20,45000.0,0.007566776
2,20,46000.0,0.007566776
2,20,47000.0,
2,20,48000.0,0.002560671313
2,20,49000.0,0.002560671313
2,20,50000.0,0.002560671313
2,21,5000.0,0.049816210627
2,21,6000.0,0.049816210627
2,21,7000.0,0.049816210627
2,21,8000.0,
2,21,9000.0,0.008478365668
2,21,10000.0,0.008478365668
2,21,11000.0,0.008478365668
2,21,12000.0,0.00587291792
2,21,13000.0,0.00587291792
2,21,14000.0,0.00587291792
2,21,15000.0,
2,21,16000.0,0.002160417297
2,21,17000.0,0.002160417297
2,21,18000.0,0.002160417297
2,21,19000.0,0.002560003325
2,21,20000.0,0.002560003325
2,21,21000.0,0.002560003325
2,21,22000.0,
2,21,23000.0,
2,21,24000.0,0.002679572069
2,21,25000.0,0.002679572069
2,21,26000.0,0.002679572069
2,21,27000.0,
2,21,28000.0,
2,21,29000.0,0.002919222537
2,21,30000.0,0.002919222537
2,21,31000.0,0.002919222537
2,21,32000.0,
2,21,33000.0,0.002899048871
2,21,34000.0,0.002899048871
2,21,35000.0,0.002899048871
2,21,36000.0,0.003059007213
2,21,37000.0,0.003059007213
2,21,38000.0,0.003059007213
2,21,39000.0,
2,21,40000.0,0.00515442705
2,21,41000.0,0.00515442705
2,21,42000.0,0.00515442705
2,21,43000.0,0.003019158874
2,21,44000.0,0.003019158874
2,21,45000.0,0.003019158874
2,21,46000.0,
2,21,47000.0,0.002399385606
2,21,48000.0,0.002399385606
2,21,49000.0,0.002399385606
2,21,50000.0,
2,22,5000.0,0.015929289433
2,22,6000.0,
2,22,7000.0,
2,22,8000.0,
2,22,9000.0,
2,22,10000.0,
2,22,11000.0,
2,22,12000.0,
2,22,13000.0,
2,22,14000.0,
2,22,15000.0,
2,22,16000.0,
2,22,17000.0,
2,22,18000.0,
2,22,19000.0,
2,22,20000.0,
2,22,21000.0,
2,22,22000.0,
2,22,23000.0,
2,22,24000.0,
2,22,25000.0,
2,22,26000.0,
2,22,27000.0,0.002239578623
2,22,28000.0,0.002239578623
2,22,29000.0,0.002239578623
2,22,30000.0,
2,22,31000.0,
2,22,32000.0,0.014897912996
2,22,33000.0,0.014897912996
2,22,34000.0,0.014897912996
2,22,35000.0,0.002677473458
2,22,36000.0,0.002677473458
2,22,37000.0,0.002677473458
2,22,38000.0,
2,22,39000.0,
2,22,40000.0,0.003036674761
2,22,41000.0,0.003036674761
2,22,42000.0,0.003036674761
2,22,43000.0,
2,22,44000.0,
2,22,45000.0,0.002961036718
2,22,46000.0,0.002961036718
2,22,47000.0,0.002961036718
2,22,48000.0,0.002697303267
2,22,49000.0,0.002697303267
2,22,50000.0,0.002697303267
2,23,5000.0,0.005171998689
2,23,6000.0,0.005171998689
2,23,7000.0,0.005171998689
2,23,8000.0,
2,23,9000.0,0.005018928044
2,23,10000.0,0.005018928044
2,23,11000.0,0.005018928044
2,23,12000.0,
2,23,13000.0,
2,23,14000.0,0.005416474415
2,23,15000.0,0.005416474415
2,23,16000.0,0.005416474415
2,23,17000.0,
2,23,18000.0,0.016483839128
2,23,19000.0,0.016483839128
2,23,20000.0,0.016483839128
2,23,21000.0,
2,23,22000.0,0.005202937609
2,23,23000.0,0.005202937609
2,23,24000.0,0.005202937609
2,23,25000.0,
2,23,26000.0,
2,23,27000.0,0.00291962048
2,23,28000.0,0.00291962048
2,23,29000.0,0.00291962048
2,23,30000.0,
2,23,31000.0,
2,23,32000.0,0.002518383443
2,23,33000.0,0.002518383443
2,23,34000.0,0.002518383443
2,23,35000.0,
2,23,36000.0,0.002757474305
2,23,37000.0,0.002757474305
2,23,38000.0,0.002757474305
2,23,39000.0,
2,23,40000.0,0.005036630929
2,23,41000.0,0.005036630929
2,23,42000.0,0.005036630929
2,23,43000.0,0.003156102045
2,23,44000.0,0.003156102045
2,23,45000.0,0.003156102045
2,23,46000.0,
2,23,47000.0,
2,23,48000.0,0.002681284913
2,23,49000.0,0.002681284913
2,23,50000.0,0.002681284913
2,24,5000.0,0.016240894728
2,24,6000.0,
2,24,7000.0,
2,24,8000.0,
2,24,9000.0,
2,24,10000.0,0.013157852606
2,24,11000.0,0.013157852606
2,24,12000.0,0.013157852606
2,24,13000.0,
2,24,14000.0,
2,24,15000.0,
2,24,16000.0,
2,24,17000.0,
2,24,18000.0,
2,24,19000.0,
2,24,20000.0,
2,24,21000.0,
2,24,22000.0,
2,24,23000.0,
2,24,24000.0,
2,24,25000.0,
2,24,26000.0,
2,24,27000.0,
2,24,28000.0,
2,24,29000.0,
2,24,30000.0,
2,24,31000.0,
2,24,32000.0,
2,24,33000.0,
2,24,34000.0,
2,24,35000.0,
2,24,36000.0,
2,24,37000.0,
2,24,38000.0,
2,24,39000.0,0.018459966852
2,24,40000.0,0.018459966852
2,24,41000.0,0.018459966852
2,24,42000.0,
2,24,43000.0,
2,24,44000.0,0.009183686436
2,24,45000.0,0.009183686436
2,24,46000.0,0.009183686436
2,24,47000.0,
2,24,48000.0,
2,24,49000.0,
2,24,50000.0,
3,0,5000.0,0.007850149444
3,0,6000.0,0.007850149444
3,0,7000.0,0.007850149444
3,0,8000.0,
3,0,9000.0,0.006074066788
3,0,10000.0,0.006074066788
3,0,11000.0,0.006074066788
3,0,12000.0,
3,0,13000.0,0.005070864776
3,0,14000.0,0.005070864776
3,0,15000.0,0.005070864776
3,0,16000.0,
3,0,17000.0,0.005149553464
3,0,18000.0,0.005149553464
3,0,19000.0,0.005149553464
3,0,20000.0,0.018666569735
3,0,21000.0,0.018666569735
3,0,22000.0,0.018666569735
3,0,23000.0,
3,0,24000.0,0.010900286524
3,0,25000.0,0.010900286524
3,0,26000.0,0.010900286524
3,0,27000.0,
3,0,28000.0,0.007786555554
3,0,29000.0,0.007786555554
3,0,30000.0,0.007786555554
3,0,31000.0,
3,0,32000.0,
3,0,33000.0,0.005210353584
3,0,34000.0,0.005210353584
3,0,35000.0,0.005210353584
3,0,36000.0,
3,0,37000.0,0.005131608818
3,0,38000.0,0.005131608818
3,0,39000.0,0.005131608818
3,0,40000.0,
3,0,41000.0,
3,0,42000.0,0.004535990187
3,0,43000.0,0.004535990187
3,0,44000.0,0.004535990187
3,0,45000.0,
3,0,46000.0,0.006583106083
3,0,47000.0,0.006583106083
3,0,48000.0,0.006583106083
3,0,49000.0,
3,0,50000.0,0.0054684091
3,1,5000.0,
3,1,6000.0,
3,1,7000.0,
3,1,8000.0,
3,1,9000.0,
3,1,10000.0,
3,1,11000.0,9.039748699993
3,1,12000.0,9.039748699993
3,1,13000.0,9.039748699993
3,1,14000.0,
3,1,15000.0,0.004435734161
3,1,16000.0,0.004435734161
3,1,17000.0,0.004435734161
3,1,18000.0,
3,1,19000.0,0.002499414499
3,1,20000.0,0.002499414499
3,1,21000.0,0.002499414499
3,1,22000.0,
3,1,23000.0,0.002598463046
3,1,24000.0,0.002598463046
3,1,25000.0,0.002598463046
3,1,26000.0,0.005347740053
3,1,27000.0,0.005347740053
3,1,28000.0,0.005347740053
3,1,29000.0,
3,1,30000.0,0.003458845648
3,1,31000.0,0.003458845648
3,1,32000.0,0.003458845648
3,1,33000.0,
3,1,34000.0,0.002356635542
3,1,35000.0,0.002356635542
3,1,36000.0,0.002356635542
3,1,37000.0,0.002956765497
3,1,38000.0,0.002956765497
3,1,39000.0,0.002956765497
3,1,40000.0,0.002077211674
3,1,41000.0,0.002077211674
3,1,42000.0,0.002077211674
3,1,43000.0,
3,1,44000.0,
3,1,45000.0,0.003042962477
3,1,46000.0,0.003042962477
3,1,47000.0,0.003042962477
3,1,48000.0,
3,1,49000.0,0.002219656331
3,1,50000.0,0.002219656331
3,2,5000.0,0.002492680373
3,2,6000.0,0.002492680373
3,2,7000.0,0.002492680373
3,2,8000.0,
3,2,9000.0,0.002873637382
3,2,10000.0,0.002873637382
3,2,11000.0,0.002873637382
3,2,12000.0,
3,2,13000.0,0.00203522327
3,2,14000.0,0.00203522327
3,2,15000.0,0.00203522327
3,2,16000.0,0.002336409055
3,2,17000.0,0.002336409055
3,2,18000.0,0.002336409055
3,2,19000.0,
3,2,20000.0,0.032237583925
3,2,21000.0,0.032237583925
3,2,22000.0,0.032237583925
3,2,23000.0,
3,2,24000.0,0.002479575254
3,2,25000.0,0.002479575254
3,2,26000.0,0.002479575254
3,2,27000.0,
3,2,28000.0,
3,2,29000.0,0.002699839052
3,2,30000.0,0.002699839052
3,2,31000.0,0.002699839052
3,2,32000.0,
3,2,33000.0,
3,2,34000.0,0.010315303538
3,2,35000.0,0.010315303538
3,2,36000.0,0.010315303538
3,2,37000.0,
3,2,38000.0,
3,2,39000.0,
3,2,40000.0,
3,2,41000.0,
3,2,42000.0,
3,2,43000.0,
3,2,44000.0,
3,2,45000.0,
3,2,46000.0,
3,2,47000.0,
3,2,48000.0,
3,2,49000.0,
3,2,50000.0,
3,4,5000.0,
3,4,6000.0,0.005164433542
3,4,7000.0,0.005164433542
3,4,8000.0,0.005164433542
3,4,9000.0,
3,4,10000.0,
3,4,11000.0,0.009023580398
3,4,12000.0,0.009023580398
3,4,13000.0,0.009023580398
3,4,14000.0,0.005031630683
3,4,15000.0,0.005031630683
3,4,16000.0,0.005031630683
3,4,17000.0,
3,4,18000.0,0.006183832974
3,4,19000.0,0.006183832974
3,4,20000.0,0.006183832974
3,4,21000.0,
3,4,22000.0,0.004951900945
3,4,23000.0,0.004951900945
3,4,24000.0,0.004951900945
3,4,25000.0,
3,4,26000.0,0.005491082759
3,4,27000.0,0.005491082759
3,4,28000.0,0.005491082759
3,4,29000.0,
3,4,30000.0,
3,4,31000.0,0.00541219835
3,4,32000.0,0.00541219835
3,4,33000.0,0.00541219835
3,4,34000.0,
3,4,35000.0,0.004985820954
3,4,36000.0,0.004985820954
3,4,37000.0,0.004985820954
3,4,38000.0,
3,4,39000.0,
3,4,40000.0,
3,4,41000.0,
3,4,42000.0,0.005326165666
3,4,43000.0,0.005326165666
3,4,44000.0,0.005326165666
3,4,45000.0,
3,4,46000.0,0.005053325584
3,4,47000.0,0.005053325584
3,4,48000.0,0.005053325584
3,4,49000.0,
3,4,50000.0,
3,5,5000.0,
3,5,6000.0,0.012993031053
3,5,7000.0,0.012993031053
3,5,8000.0,0.012993031053
3,5,9000.0,
3,5,10000.0,0.009541473172
3,5,11000.0,0.009541473172
3,5,12000.0,0.009541473172
3,5,13000.0,
3,5,14000.0,
3,5,15000.0,0.00990527395
3,5,16000.0,0.00990527395
3,5,17000.0,0.00990527395
3,5,18000.0,
3,5,19000.0,
3,5,20000.0,
3,5,21000.0,
3,5,22000.0,0.009466248349
3,5,23000.0,0.009466248349
3,5,24000.0,0.009466248349
3,5,25000.0,0.008343690173
3,5,26000.0,0.008343690173
3,5,27000.0,0.008343690173
3,5,28000.0,
3,5,29000.0,
3,5,30000.0,0.007504965799
3,5,31000.0,0.007504965799
3,5,32000.0,0.007504965799
3,5,33000.0,
3,5,34000.0,
3,5,35000.0,0.011480139544
3,5,36000.0,0.011480139544
3,5,37000.0,0.011480139544
3,5,38000.0,
3,5,39000.0,
3,5,40000.0,0.009260856857
3,5,41000.0,0.009260856857
3,5,42000.0,0.009260856857
3,5,43000.0,0.025702632271
3,5,44000.0,0.025702632271
3,5,45000.0,0.025702632271
3,5,46000.0,
3,5,47000.0,
3,5,48000.0,0.008054391968
3,5,49000.0,0.008054391968
3,5,50000.0,0.008054391968
3,6,5000.0,0.003356840132
3,6,6000.0,0.003356840132
3,6,7000.0,0.003356840132
3,6,8000.0,
3,6,9000.0,0.003038057319
3,6,10000.0,0.003038057319
3,6,11000.0,0.003038057319
3,6,12000.0,
3,6,13000.0,
3,6,14000.0,0.004736581901
3,6,15000.0,0.004736581901
3,6,16000.0,0.004736581901
3,6,17000.0,0.003703571948
3,6,18000.0,0.003703571948
3,6,19000.0,0.003703571948
3,6,20000.0,
3,6,21000.0,
3,6,22000.0,
3,6,23000.0,0.005233784391
3,6,24000.0,0.005233784391
3,6,25000.0,0.005233784391
3,6,26000.0,0.004350458141
3,6,27000.0,0.004350458141
3,6,28000.0,0.004350458141
3,6,29000.0,
3,6,30000.0,
3,6,31000.0,
3,6,32000.0,
3,6,33000.0,
3,6,34000.0,0.004758194633
3,6,35000.0,0.004758194633
3,6,36000.0,0.004758194633
3,6,37000.0,
3,6,38000.0,0.006039432658
3,6,39000.0,0.006039432658
3,6,40000.0,0.006039432658
3,6,41000.0,
3,6,42000.0,0.023879167644
3,6,43000.0,0.023879167644
3,6,44000.0,0.023879167644
3,6,45000.0,0.006106125419
3,6,46000.0,0.006106125419
3,6,47000.0,0.006106125419
3,6,48000.0,
3,6,49000.0,
3,6,50000.0,0.00489456555
3,7,5000.0,
3,7,6000.0,0.002598157978
3,7,7000.0,0.002598157978
3,7,8000.0,0.002598157978
3,7,9000.0,
3,7,10000.0,
3,7,11000.0,0.003054393487
3,7,12000.0,0.003054393487
3,7,13000.0,0.003054393487
3,7,14000.0,
3,7,15000.0,
3,7,16000.0,0.004509091998
3,7,17000.0,0.004509091998
3,7,18000.0,0.004509091998
3,7,19000.0,
3,7,20000.0,0.005903839494
3,7,21000.0,0.005903839494
3,7,22000.0,0.005903839494
3,7,23000.0,
3,7,24000.0,0.002196181585
3,7,25000.0,0.002196181585
3,7,26000.0,0.002196181585
3,7,27000.0,
3,7,28000.0,0.002915753301
3,7,29000.0,0.002915753301
3,7,30000.0,0.002915753301
3,7,31000.0,
3,7,32000.0,0.003035315361
3,7,33000.0,0.003035315361
3,7,34000.0,0.003035315361
3,7,35000.0,0.003374616972
3,7,36000.0,0.003374616972
3,7,37000.0,0.003374616972
3,7,38000.0,0.002674695456
3,7,39000.0,0.002674695456
3,7,40000.0,0.002674695456
3,7,41000.0,
3,7,42000.0,0.002454321534
3,7,43000.0,0.002454321534
3,7,44000.0,0.002454321534
3,7,45000.0,
3,7,46000.0,
3,7,47000.0,0.00261392315
3,7,48000.0,0.00261392315
3,7,49000.0,0.00261392315
3,7,50000.0,0.003233718162
3,8,5000.0,
3,8,6000.0,0.022520706852
3,8,7000.0,0.022520706852
3,8,8000.0,0.022520706852
3,8,9000.0,
3,8,10000.0,0.007570783624
3,8,11000.0,0.007570783624
3,8,12000.0,0.007570783624
3,8,13000.0,
3,8,14000.0,0.009481680224
3,8,15000.0,0.009481680224
3,8,16000.0,0.009481680224
3,8,17000.0,
3,8,18000.0,0.005345814855
3,8,19000.0,0.005345814855
3,8,20000.0,0.005345814855
3,8,21000.0,
3,8,22000.0,
3,8,23000.0,0.00480499278
3,8,24000.0,0.00480499278
3,8,25000.0,0.00480499278
3,8,26000.0,0.004672019239
3,8,27000.0,0.004672019239
3,8,28000.0,0.004672019239
3,8,29000.0,
3,8,30000.0,
3,8,31000.0,0.004755005894
3,8,32000.0,0.004755005894
3,8,33000.0,0.004755005894
3,8,34000.0,
3,8,35000.0,0.003099824882
3,8,36000.0,0.003099824882
3,8,37000.0,0.003099824882
3,8,38000.0,
3,8,39000.0,
3,8,40000.0,0.002818458988
3,8,41000.0,0.002818458988
3,8,42000.0,0.002818458988
3,8,43000.0,
3,8,44000.0,
3,8,45000.0,0.002477382462
3,8,46000.0,0.002477382462
3,8,47000.0,0.002477382462
3,8,48000.0,
3,8,49000.0,0.003637066406
3,8,50000.0,0.003637066406
3,9,5000.0,
3,9,6000.0,0.012759020463
3,9,7000.0,0.012759020463
3,9,8000.0,0.012759020463
3,9,9000.0,
3,9,10000.0,0.008879250979
3,9,11000.0,0.008879250979
3,9,12000.0,0.008879250979
3,9,13000.0,
3,9,14000.0,
3,9,15000.0,0.013539413618
3,9,16000.0,0.013539413618
3,9,17000.0,0.013539413618
3,9,18000.0,
3,9,19000.0,
3,9,20000.0,
3,9,21000.0,
3,9,22000.0,0.005251790074
3,9,23000.0,0.005251790074
3,9,24000.0,0.005251790074
3,9,25000.0,
3,9,26000.0,0.005036639331
3,9,27000.0,0.005036639331
3,9,28000.0,0.005036639331
3,9,29000.0,0.005118578441
3,9,30000.0,0.005118578441
3,9,31000.0,0.005118578441
3,9,32000.0,
3,9,33000.0,0.02152657076
3,9,34000.0,0.02152657076
3,9,35000.0,0.02152657076
3,9,36000.0,
3,9,37000.0,
3,9,38000.0,0.004016789596
3,9,39000.0,0.004016789596
3,9,40000.0,0.004016789596
3,9,41000.0,
3,9,42000.0,0.002438537982
3,9,43000.0,0.002438537982
3,9,44000.0,0.002438537982
3,9,45000.0,
3,9,46000.0,0.0028769334
3,9,47000.0,0.0028769334
3,9,48000.0,0.0028769334
3,9,49000.0,
3,9,50000.0,0.002695618417
3,10,5000.0,3.010084565184
3,10,6000.0,3.010084565184
3,10,7000.0,3.010084565184
3,10,8000.0,0.004702570561
3,10,9000.0,0.004702570561
3,10,10000.0,0.004702570561
3,10,11000.0,
3,10,12000.0,
3,10,13000.0,0.007567607604
3,10,14000.0,0.007567607604
3,10,15000.0,0.007567607604
3,10,16000.0,0.004703370358
3,10,17000.0,0.004703370358
3,10,18000.0,0.004703370358
3,10,19000.0,0.00574587892
3,10,20000.0,0.00574587892
3,10,21000.0,0.00574587892
3,10,22000.0,
3,10,23000.0,
3,10,24000.0,0.003260665502
3,10,25000.0,0.003260665502
3,10,26000.0,0.003260665502
3,10,27000.0,
3,10,28000.0,
3,10,29000.0,0.006949572676
3,10,30000.0,0.006949572676
3,10,31000.0,0.006949572676
3,10,32000.0,
3,10,33000.0,0.002540200845
3,10,34000.0,0.002540200845
3,10,35000.0,0.002540200845
3,10,36000.0,0.002960023768
3,10,37000.0,0.002960023768
3,10,38000.0,0.002960023768
3,10,39000.0,
3,10,40000.0,
3,10,41000.0,0.002519833677
3,10,42000.0,0.002519833677
3,10,43000.0,0.002519833677
3,10,44000.0,0.002339694603
3,10,45000.0,0.002339694603
3,10,46000.0,0.002339694603
3,10,47000.0,
3,10,48000.0,0.002719423526
3,10,49000.0,0.002719423526
3,10,50000.0,0.002719423526
3,11,5000.0,
3,11,6000.0,
3,11,7000.0,0.009299548945
3,11,8000.0,0.009299548945
3,11,9000.0,0.009299548945
3,11,10000.0,
3,11,11000.0,
3,11,12000.0,0.008419223135
3,11,13000.0,0.008419223135
3,11,14000.0,0.008419223135
3,11,15000.0,
3,11,16000.0,0.007364127946
3,11,17000.0,0.007364127946
3,11,18000.0,0.007364127946
3,11,19000.0,
3,11,20000.0,
3,11,21000.0,0.007581109206
3,11,22000.0,0.007581109206
3,11,23000.0,0.007581109206
3,11,24000.0,0.005369862274
3,11,25000.0,0.005369862274
3,11,26000.0,0.005369862274
3,11,27000.0,
3,11,28000.0,0.005732183241
3,11,29000.0,0.005732183241
3,11,30000.0,0.005732183241
3,11,31000.0,
3,11,32000.0,
3,11,33000.0,
3,11,34000.0,
3,11,35000.0,0.004958593115
3,11,36000.0,0.004958593115
3,11,37000.0,0.004958593115
3,11,38000.0,
3,11,39000.0,
3,11,40000.0,
3,11,41000.0,
3,11,42000.0,
3,11,43000.0,0.008978641434
3,11,44000.0,0.008978641434
3,11,45000.0,0.008978641434
3,11,46000.0,0.007369115562
3,11,47000.0,0.007369115562
3,11,48000.0,0.007369115562
3,11,49000.0,
3,11,50000.0,0.006690927673
3,12,5000.0,
3,12,6000.0,0.011030836487
3,12,7000.0,0.011030836487
3,12,8000.0,0.011030836487
3,12,9000.0,
3,12,10000.0,0.00567709387
3,12,11000.0,0.00567709387
3,12,12000.0,0.00567709387
3,12,13000.0,0.005411402664
3,12,14000.0,0.005411402664
3,12,15000.0,0.005411402664
3,12,16000.0,
3,12,17000.0,
3,12,18000.0,0.004670453837
3,12,19000.0,0.004670453837
3,12,20000.0,0.004670453837
3,12,21000.0,
3,12,22000.0,0.005605621456
3,12,23000.0,0.005605621456
3,12,24000.0,0.005605621456
3,12,25000.0,0.004604106398
3,12,26000.0,0.004604106398
3,12,27000.0,0.004604106398
3,12,28000.0,
3,12,29000.0,0.00544361246
3,12,30000.0,0.00544361246
3,12,31000.0,0.00544361246
3,12,32000.0,
3,12,33000.0,0.005211001255
3,12,34000.0,0.005211001255
3,12,35000.0,0.005211001255
3,12,36000.0,
3,12,37000.0,
3,12,38000.0,
3,12,39000.0,
3,12,40000.0,0.004910255545
3,12,41000.0,0.004910255545
3,12,42000.0,0.004910255545
3,12,43000.0,
3,12,44000.0,
3,12,45000.0,0.00598415799
3,12,46000.0,0.00598415799
3,12,47000.0,0.00598415799
3,12,48000.0,
3,12,49000.0,
3,12,50000.0,0.004649961445
3,13,5000.0,
3,13,6000.0,
3,13,7000.0,0.00549877689
3,13,8000.0,0.00549877689
3,13,9000.0,0.00549877689
3,13,10000.0,0.007115143441
3,13,11000.0,0.007115143441
3,13,12000.0,0.007115143441
3,13,13000.0,
3,13,14000.0,
3,13,15000.0,
3,13,16000.0,
3,13,17000.0,0.013335310455
3,13,18000.0,0.013335310455
3,13,19000.0,0.013335310455
3,13,20000.0,
3,13,21000.0,0.006403808104
3,13,22000.0,0.006403808104
3,13,23000.0,0.006403808104
3,13,24000.0,0.006807627473
3,13,25000.0,0.006807627473
3,13,26000.0,0.006807627473
3,13,27000.0,
3,13,28000.0,0.004475771845
3,13,29000.0,0.004475771845
3,13,30000.0,0.004475771845
3,13,31000.0,0.004212099973
3,13,32000.0,0.004212099973
3,13,33000.0,0.004212099973
3,13,34000.0,
3,13,35000.0,
3,13,36000.0,0.005518056819
3,13,37000.0,0.005518056819
3,13,38000.0,0.005518056819
3,13,39000.0,
3,13,40000.0,0.004931802719
3,13,41000.0,0.004931802719
3,13,42000.0,0.004931802719
3,13,43000.0,
3,13,44000.0,
3,13,45000.0,0.005463918444
3,13,46000.0,0.005463918444
3,13,47000.0,0.005463918444
3,13,48000.0,0.005473252408
3,13,49000.0,0.005473252408
3,13,50000.0,0.005473252408
3,14,5000.0,
3,14,6000.0,
3,14,7000.0,
3,14,8000.0,0.005197596325
3,14,9000.0,0.005197596325
3,14,10000.0,0.005197596325
3,14,11000.0,
3,14,12000.0,0.005116945052
3,14,13000.0,0.005116945052
3,14,14000.0,0.005116945052
3,14,15000.0,
3,14,16000.0,0.004708660529
3,14,17000.0,0.004708660529
3,14,18000.0,0.004708660529
3,14,19000.0,
3,14,20000.0,0.003008747456
3,14,21000.0,0.003008747456
3,14,22000.0,0.003008747456
3,14,23000.0,
3,14,24000.0,
3,14,25000.0,0.002318490901
3,14,26000.0,0.002318490901
3,14,27000.0,0.002318490901
3,14,28000.0,0.002697000658
3,14,29000.0,0.002697000658
3,14,30000.0,0.002697000658
3,14,31000.0,
3,14,32000.0,
3,14,33000.0,0.002275375878
3,14,34000.0,0.002275375878
3,14,35000.0,0.002275375878
3,14,36000.0,
3,14,37000.0,0.002333769719
3,14,38000.0,0.002333769719
3,14,39000.0,0.002333769719
3,14,40000.0,
3,14,41000.0,
3,14,42000.0,0.00246352708
3,14,43000.0,0.00246352708
3,14,44000.0,0.00246352708
3,14,45000.0,
3,14,46000.0,0.002173118177
3,14,47000.0,0.002173118177
3,14,48000.0,0.002173118177
3,14,49000.0,
3,14,50000.0,
3,15,5000.0,
3,15,6000.0,0.018688831416
3,15,7000.0,0.018688831416
3,15,8000.0,0.018688831416
3,15,9000.0,
3,15,10000.0,0.010101959302
3,15,11000.0,0.010101959302
3,15,12000.0,0.010101959302
3,15,13000.0,0.011730896587
3,15,14000.0,0.011730896587
3,15,15000.0,0.011730896587
3,15,16000.0,
3,15,17000.0,0.007676632152
3,15,18000.0,0.007676632152
3,15,19000.0,0.007676632152
3,15,20000.0,
3,15,21000.0,
3,15,22000.0,0.006083949701
3,15,23000.0,0.006083949701
3,15,24000.0,0.006083949701
3,15,25000.0,0.004326310186
3,15,26000.0,0.004326310186
3,15,27000.0,0.004326310186
3,15,28000.0,0.004545329735
3,15,29000.0,0.004545329735
3,15,30000.0,0.004545329735
3,15,31000.0,
3,15,32000.0,0.006302174664
3,15,33000.0,0.006302174664
3,15,34000.0,0.006302174664
3,15,35000.0,
3,15,36000.0,0.005711025661
3,15,37000.0,0.005711025661
3,15,38000.0,0.005711025661
3,15,39000.0,0.008358333746
3,15,40000.0,0.008358333746
3,15,41000.0,0.008358333746
3,15,42000.0,
3,15,43000.0,
3,15,44000.0,
3,15,45000.0,
3,15,46000.0,
3,15,47000.0,
3,15,48000.0,
3,15,49000.0,
3,15,50000.0,
3,16,5000.0,
3,16,6000.0,0.017890688141
3,16,7000.0,0.017890688141
3,16,8000.0,0.017890688141
3,16,9000.0,
3,16,10000.0,0.013536142478
3,16,11000.0,0.013536142478
3,16,12000.0,0.013536142478
3,16,13000.0,
3,16,14000.0,
3,16,15000.0,0.008856467203
3,16,16000.0,0.008856467203
3,16,17000.0,0.008856467203
3,16,18000.0,0.008809434129
3,16,19000.0,0.008809434129
3,16,20000.0,0.008809434129
3,16,21000.0,
3,16,22000.0,
3,16,23000.0,0.011054158284
3,16,24000.0,0.011054158284
3,16,25000.0,0.011054158284
3,16,26000.0,0.010893430116
3,16,27000.0,0.010893430116
3,16,28000.0,0.010893430116
3,16,29000.0,
3,16,30000.0,
3,16,31000.0,0.01180635384
3,16,32000.0,0.01180635384
3,16,33000.0,0.01180635384
3,16,34000.0,0.008148670381
3,16,35000.0,0.008148670381
3,16,36000.0,0.008148670381
3,16,37000.0,
3,16,38000.0,0.004973981328
3,16,39000.0,0.004973981328
3,16,40000.0,0.004973981328
3,16,41000.0,
3,16,42000.0,0.008213782875
3,16,43000.0,0.008213782875
3,16,44000.0,0.008213782875
3,16,45000.0,
3,16,46000.0,0.005151568163
3,16,47000.0,0.005151568163
3,16,48000.0,0.005151568163
3,16,49000.0,
3,16,50000.0,
3,17,5000.0,
3,17,6000.0,0.009961278901
3,17,7000.0,0.009961278901
3,17,8000.0,0.009961278901
3,17,9000.0,0.002639795343
3,17,10000.0,0.002639795343
3,17,11000.0,0.002639795343
3,17,12000.0,
3,17,13000.0,0.002618975074
3,17,14000.0,0.002618975074
3,17,15000.0,0.002618975074
3,17,16000.0,
3,17,17000.0,0.002778743393
3,17,18000.0,0.002778743393
3,17,19000.0,0.002778743393
3,17,20000.0,
3,17,21000.0,0.002996665398
3,17,22000.0,0.002996665398
3,17,23000.0,0.002996665398
3,17,24000.0,
3,17,25000.0,
3,17,26000.0,0.002734915669
3,17,27000.0,0.002734915669
3,17,28000.0,0.002734915669
3,17,29000.0,
3,17,30000.0,
3,17,31000.0,0.007966048646
3,17,32000.0,0.007966048646
3,17,33000.0,0.007966048646
3,17,34000.0,0.003238560655
3,17,35000.0,0.003238560655
3,17,36000.0,0.003238560655
3,17,37000.0,
3,17,38000.0,0.002498696657
3,17,39000.0,0.002498696657
3,17,40000.0,0.002498696657
3,17,41000.0,
3,17,42000.0,0.014276607316
3,17,43000.0,0.014276607316
3,17,44000.0,0.014276607316
3,17,45000.0,0.002919142038
3,17,46000.0,0.002919142038
3,17,47000.0,0.002919142038
3,17,48000.0,
3,17,49000.0,0.002279457157
3,17,50000.0,0.002279457157
3,18,5000.0,
3,18,6000.0,0.011971977329
3,18,7000.0,0.011971977329
3,18,8000.0,0.011971977329
3,18,9000.0,
3,18,10000.0,0.012538692489
3,18,11000.0,0.012538692489
3,18,12000.0,0.012538692489
3,18,13000.0,
3,18,14000.0,0.01340794034
3,18,15000.0,0.01340794034
3,18,16000.0,0.01340794034
3,18,17000.0,
3,18,18000.0,0.01018516363
3,18,19000.0,0.01018516363
3,18,20000.0,0.01018516363
3,18,21000.0,
3,18,22000.0,0.00480605694
3,18,23000.0,0.00480605694
3,18,24000.0,0.00480605694
3,18,25000.0,
3,18,26000.0,
3,18,27000.0,
3,18,28000.0,
3,18,29000.0,
3,18,30000.0,0.005106442191
3,18,31000.0,0.005106442191
3,18,32000.0,0.005106442191
3,18,33000.0,0.005555265823
3,18,34000.0,0.005555265823
3,18,35000.0,0.005555265823
3,18,36000.0,
3,18,37000.0,0.00457481289
3,18,38000.0,0.00457481289
3,18,39000.0,0.00457481289
3,18,40000.0,
3,18,41000.0,
3,18,42000.0,0.016685322022
3,18,43000.0,0.016685322022
3,18,44000.0,0.016685322022
3,18,45000.0,0.004094398424
3,18,46000.0,0.004094398424
3,18,47000.0,0.004094398424
3,18,48000.0,0.002937253493
3,18,49000.0,0.002937253493
3,18,50000.0,0.002937253493
3,19,5000.0,
3,19,6000.0,0.002817252952
3,19,7000.0,0.002817252952
3,19,8000.0,0.002817252952
3,19,9000.0,
3,19,10000.0,
3,19,11000.0,0.002836599912
3,19,12000.0,0.002836599912
3,19,13000.0,0.002836599912
3,19,14000.0,
3,19,15000.0,
3,19,16000.0,0.003401696472
3,19,17000.0,0.003401696472
3,19,18000.0,0.003401696472
3,19,19000.0,
3,19,20000.0,0.003624193148
3,19,21000.0,0.003624193148
3,19,22000.0,0.003624193148
3,19,23000.0,
3,19,24000.0,
3,19,25000.0,0.002538220065
3,19,26000.0,0.002538220065
3,19,27000.0,0.002538220065
3,19,28000.0,
3,19,29000.0,0.002899230291
3,19,30000.0,0.002899230291
3,19,31000.0,0.002899230291
3,19,32000.0,0.037842117513
3,19,33000.0,0.037842117513
3,19,34000.0,0.037842117513
3,19,35000.0,
3,19,36000.0,
3,19,37000.0,
3,19,38000.0,
3,19,39000.0,0.010130809466
3,19,40000.0,0.010130809466
3,19,41000.0,0.010130809466
3,19,42000.0,
3,19,43000.0,
3,19,44000.0,
3,19,45000.0,
3,19,46000.0,
3,19,47000.0,0.004865538924
3,19,48000.0,0.004865538924
3,19,49000.0,0.004865538924
3,19,50000.0,
3,20,5000.0,0.008149846981
3,20,6000.0,0.008149846981
3,20,7000.0,0.008149846981
3,20,8000.0,0.002558613017
3,20,9000.0,0.002558613017
3,20,10000.0,0.002558613017
3,20,11000.0,
3,20,12000.0,0.001857904884
3,20,13000.0,0.001857904884
3,20,14000.0,0.001857904884
3,20,15000.0,
3,20,16000.0,0.002577503147
3,20,17000.0,0.002577503147
3,20,18000.0,0.002577503147
3,20,19000.0,
3,20,20000.0,0.003673561955
3,20,21000.0,0.003673561955
3,20,22000.0,0.003673561955
3,20,23000.0,0.002457657769
3,20,24000.0,0.002457657769
3,20,25000.0,0.002457657769
3,20,26000.0,
3,20,27000.0,
3,20,28000.0,0.003657083743
3,20,29000.0,0.003657083743
3,20,30000.0,0.003657083743
3,20,31000.0,
3,20,32000.0,
3,20,33000.0,0.003474713302
3,20,34000.0,0.003474713302
3,20,35000.0,0.003474713302
3,20,36000.0,
3,20,37000.0,0.003874300493
3,20,38000.0,0.003874300493
3,20,39000.0,0.003874300493
3,20,40000.0,
3,20,41000.0,0.002997858634
3,20,42000.0,0.002997858634
3,20,43000.0,0.002997858634
3,20,44000.0,
3,20,45000.0,0.003540528766
3,20,46000.0,0.003540528766
3,20,47000.0,0.003540528766
3,20,48000.0,
3,20,49000.0,
3,20,50000.0,0.002617772211
3,21,5000.0,
3,21,6000.0,0.017992823804
3,21,7000.0,0.017992823804
3,21,8000.0,0.017992823804
3,21,9000.0,
3,21,10000.0,
3,21,11000.0,0.004971467436
3,21,12000.0,0.004971467436
3,21,13000.0,0.004971467436
3,21,14000.0,
3,21,15000.0,0.005572527233
3,21,16000.0,0.005572527233
3,21,17000.0,0.005572527233
3,21,18000.0,
3,21,19000.0,
3,21,20000.0,
3,21,21000.0,
3,21,22000.0,
3,21,23000.0,0.005373678488
3,21,24000.0,0.005373678488
3,21,25000.0,0.005373678488
3,21,26000.0,
3,21,27000.0,0.008509732302
3,21,28000.0,0.008509732302
3,21,29000.0,0.008509732302
3,21,30000.0,
3,21,31000.0,
3,21,32000.0,0.005928894953
3,21,33000.0,0.005928894953
3,21,34000.0,0.005928894953
3,21,35000.0,0.003158746283
3,21,36000.0,0.003158746283
3,21,37000.0,0.003158746283
3,21,38000.0,
3,21,39000.0,
3,21,40000.0,0.002297628649
3,21,41000.0,0.002297628649
3,21,42000.0,0.002297628649
3,21,43000.0,
3,21,44000.0,
3,21,45000.0,0.003136605185
3,21,46000.0,0.003136605185
3,21,47000.0,0.003136605185
3,21,48000.0,
3,21,49000.0,0.003235792349
3,21,50000.0,0.003235792349
3,22,5000.0,
3,22,6000.0,
3,22,7000.0,
3,22,8000.0,
3,22,9000.0,3.007991368024
3,22,10000.0,3.007991368024
3,22,11000.0,3.007991368024
3,22,12000.0,
3,22,13000.0,0.00886824401
3,22,14000.0,0.00886824401
3,22,15000.0,0.00886824401
3,22,16000.0,
3,22,17000.0,0.013176935235
3,22,18000.0,0.013176935235
3,22,19000.0,0.013176935235
3,22,20000.0,0.011997993774
3,22,21000.0,0.011997993774
3,22,22000.0,0.011997993774
3,22,23000.0,0.005199918366
3,22,24000.0,0.005199918366
3,22,25000.0,0.005199918366
3,22,26000.0,
3,22,27000.0,0.008819200883
3,22,28000.0,0.008819200883
3,22,29000.0,0.008819200883
3,22,30000.0,
3,22,31000.0,
3,22,32000.0,0.003910695341
3,22,33000.0,0.003910695341
3,22,34000.0,0.003910695341
3,22,35000.0,
3,22,36000.0,
3,22,37000.0,0.005270925858
3,22,38000.0,0.005270925858
3,22,39000.0,0.005270925858
3,22,40000.0,
3,22,41000.0,
3,22,42000.0,0.025955278433
3,22,43000.0,0.025955278433
3,22,44000.0,0.025955278433
3,22,45000.0,0.004272094358
3,22,46000.0,0.004272094358
3,22,47000.0,0.004272094358
3,22,48000.0,
3,22,49000.0,
3,22,50000.0,
3,23,5000.0,0.003413006979
3,23,6000.0,0.003413006979
3,23,7000.0,0.003413006979
3,23,8000.0,0.002893543092
3,23,9000.0,0.002893543092
3,23,10000.0,0.002893543092
3,23,11000.0,
3,23,12000.0,0.003434657341
3,23,13000.0,0.003434657341
3,23,14000.0,0.003434657341
3,23,15000.0,
3,23,16000.0,
3,23,17000.0,0.002696000936
3,23,18000.0,0.002696000936
3,23,19000.0,0.002696000936
3,23,20000.0,0.002857005399
3,23,21000.0,0.002857005399
3,23,22000.0,0.002857005399
3,23,23000.0,
3,23,24000.0,0.003018156769
3,23,25000.0,0.003018156769
3,23,26000.0,0.003018156769
3,23,27000.0,
3,23,28000.0,0.002837114844
3,23,29000.0,0.002837114844
3,23,30000.0,0.002837114844
3,23,31000.0,
3,23,32000.0,
3,23,33000.0,
3,23,34000.0,
3,23,35000.0,
3,23,36000.0,0.006042131577
3,23,37000.0,0.006042131577
3,23,38000.0,0.006042131577
3,23,39000.0,
3,23,40000.0,0.00544845899
3,23,41000.0,0.00544845899
3,23,42000.0,0.00544845899
3,23,43000.0,
3,23,44000.0,
3,23,45000.0,0.004664923949
3,23,46000.0,0.004664923949
3,23,47000.0,0.004664923949
3,23,48000.0,
3,23,49000.0,
3,23,50000.0,
3,24,5000.0,0.005405190101
3,24,6000.0,0.005405190101
3,24,7000.0,0.005405190101
3,24,8000.0,
3,24,9000.0,0.004810652423
3,24,10000.0,0.004810652423
3,24,11000.0,0.004810652423
3,24,12000.0,
3,24,13000.0,0.004850881397
3,24,14000.0,0.004850881397
3,24,15000.0,0.004850881397
3,24,16000.0,
3,24,17000.0,0.00532461714
3,24,18000.0,0.00532461714
3,24,19000.0,0.00532461714
3,24,20000.0,
3,24,21000.0,0.014916646795
3,24,22000.0,0.014916646795
3,24,23000.0,0.014916646795
3,24,24000.0,
3,24,25000.0,
3,24,26000.0,
3,24,27000.0,
3,24,28000.0,0.015638459924
3,24,29000.0,0.015638459924
3,24,30000.0,0.015638459924
3,24,31000.0,
3,24,32000.0,
3,24,33000.0,
3,24,34000.0,
3,24,35000.0,0.007302826504
3,24,36000.0,0.007302826504
3,24,37000.0,0.007302826504
3,24,38000.0,
3,24,39000.0,0.006130315704
3,24,40000.0,0.006130315704
3,24,41000.0,0.006130315704
3,24,42000.0,
3,24,43000.0,
3,24,44000.0,0.008128334991
3,24,45000.0,0.008128334991
3,24,46000.0,0.008128334991
3,24,47000.0,
3,24,48000.0,
3,24,49000.0,0.005903414898
3,24,50000.0,0.005903414898
4,0,5000.0,
4,0,6000.0,
4,0,7000.0,0.012874928705
4,0,8000.0,0.012874928705
4,0,9000.0,0.012874928705
4,0,10000.0,0.011756039144
4,0,11000.0,0.011756039144
4,0,12000.0,0.011756039144
4,0,13000.0,
4,0,14000.0,
4,0,15000.0,0.008681216076
4,0,16000.0,0.008681216076
4,0,17000.0,0.008681216076
4,0,18000.0,
4,0,19000.0,
4,0,20000.0,0.007501982678
4,0,21000.0,0.007501982678
4,0,22000.0,0.007501982678
4,0,23000.0,0.005079533553
4,0,24000.0,0.005079533553
4,0,25000.0,0.005079533553
4,0,26000.0,0.006987897719
4,0,27000.0,0.006987897719
4,0,28000.0,0.006987897719
4,0,29000.0,0.00271966142
4,0,30000.0,0.00271966142
4,0,31000.0,0.00271966142
4,0,32000.0,
4,0,33000.0,0.003518135146
4,0,34000.0,0.003518135146
4,0,35000.0,0.003518135146
4,0,36000.0,
4,0,37000.0,
4,0,38000.0,0.003020469934
4,0,39000.0,0.003020469934
4,0,40000.0,0.003020469934
4,0,41000.0,0.002455357123
4,0,42000.0,0.002455357123
4,0,43000.0,0.002455357123
4,0,44000.0,
4,0,45000.0,0.003074155257
4,0,46000.0,0.003074155257
4,0,47000.0,0.003074155257
4,0,48000.0,
4,0,49000.0,
4,0,50000.0,0.004395045196
4,1,5000.0,0.005555574771
4,1,6000.0,0.005555574771
4,1,7000.0,0.005555574771
4,1,8000.0,0.005035311239
4,1,9000.0,0.005035311239
4,1,10000.0,0.005035311239
4,1,11000.0,
4,1,12000.0,0.005315384028
4,1,13000.0,0.005315384028
4,1,14000.0,0.005315384028
4,1,15000.0,
4,1,16000.0,
4,1,17000.0,0.006764869293
4,1,18000.0,0.006764869293
4,1,19000.0,0.006764869293
4,1,20000.0,
4,1,21000.0,0.004894444518
4,1,22000.0,0.004894444518
4,1,23000.0,0.004894444518
4,1,24000.0,
4,1,25000.0,0.005388268887
4,1,26000.0,0.005388268887
4,1,27000.0,0.005388268887
4,1,28000.0,
4,1,29000.0,
4,1,30000.0,0.005168221266
4,1,31000.0,0.005168221266
4,1,32000.0,0.005168221266
4,1,33000.0,
4,1,34000.0,
4,1,35000.0,0.008455740351
4,1,36000.0,0.008455740351
4,1,37000.0,0.008455740351
4,1,38000.0,0.004328238151
4,1,39000.0,0.004328238151
4,1,40000.0,0.004328238151
4,1,41000.0,0.005373602831
4,1,42000.0,0.005373602831
4,1,43000.0,0.005373602831
4,1,44000.0,
4,1,45000.0,0.005650695155
4,1,46000.0,0.005650695155
4,1,47000.0,0.005650695155
4,1,48000.0,
4,1,49000.0,0.004690836522
4,1,50000.0,0.004690836522
4,2,5000.0,0.012275537478
4,2,6000.0,
4,2,7000.0,
4,2,8000.0,
4,2,9000.0,
4,2,10000.0,0.011543348665
4,2,11000.0,0.011543348665
4,2,12000.0,0.011543348665
4,2,13000.0,
4,2,14000.0,0.009682062846
4,2,15000.0,0.009682062846
4,2,16000.0,0.009682062846
4,2,17000.0,
4,2,18000.0,0.0066234936
4,2,19000.0,0.0066234936
4,2,20000.0,0.0066234936
4,2,21000.0,
4,2,22000.0,0.008180842326
4,2,23000.0,0.008180842326
4,2,24000.0,0.008180842326
4,2,25000.0,
4,2,26000.0,0.009427524624
4,2,27000.0,0.009427524624
4,2,28000.0,0.009427524624
4,2,29000.0,
4,2,30000.0,0.008666530814
4,2,31000.0,0.008666530814
4,2,32000.0,0.008666530814
4,2,33000.0,
4,2,34000.0,
4,2,35000.0,0.004613000812
4,2,36000.0,0.004613000812
4,2,37000.0,0.004613000812
4,2,38000.0,
4,2,39000.0,
4,2,40000.0,0.003465168111
4,2,41000.0,0.003465168111
4,2,42000.0,0.003465168111
4,2,43000.0,0.005796539098
4,2,44000.0,0.005796539098
4,2,45000.0,0.005796539098
4,2,46000.0,
4,2,47000.0,0.005529495477
4,2,48000.0,0.005529495477
4,2,49000.0,0.005529495477
4,2,50000.0,
4,4,5000.0,
4,4,6000.0,0.009511366857
4,4,7000.0,0.009511366857
4,4,8000.0,0.009511366857
4,4,9000.0,
4,4,10000.0,0.008939305938
4,4,11000.0,0.008939305938
4,4,12000.0,0.008939305938
4,4,13000.0,
4,4,14000.0,0.007956235469
4,4,15000.0,0.007956235469
4,4,16000.0,0.007956235469
4,4,17000.0,
4,4,18000.0,0.04731183928
4,4,19000.0,0.04731183928
4,4,20000.0,0.04731183928
4,4,21000.0,
4,4,22000.0,0.005664906397
4,4,23000.0,0.005664906397
4,4,24000.0,0.005664906397
4,4,25000.0,0.004697813194
4,4,26000.0,0.004697813194
4,4,27000.0,0.004697813194
4,4,28000.0,
4,4,29000.0,0.00525613684
4,4,30000.0,0.00525613684
4,4,31000.0,0.00525613684
4,4,32000.0,
4,4,33000.0,0.009867628538
4,4,34000.0,0.009867628538
4,4,35000.0,0.009867628538
4,4,36000.0,
4,4,37000.0,
4,4,38000.0,
4,4,39000.0,0.004828761794
4,4,40000.0,0.004828761794
4,4,41000.0,0.004828761794
4,4,42000.0,
4,4,43000.0,0.00534925242
4,4,44000.0,0.00534925242
4,4,45000.0,0.00534925242
4,4,46000.0,
4,4,47000.0,0.005469709731
4,4,48000.0,0.005469709731
4,4,49000.0,0.005469709731
4,4,50000.0,0.004863789715
4,5,5000.0,
4,5,6000.0,
4,5,7000.0,
4,5,8000.0,
4,5,9000.0,0.024853424648
4,5,10000.0,0.024853424648
4,5,11000.0,0.024853424648
4,5,12000.0,
4,5,13000.0,
4,5,14000.0,0.018404001275
4,5,15000.0,0.018404001275
4,5,16000.0,0.018404001275
4,5,17000.0,
4,5,18000.0,
4,5,19000.0,0.007706945789
4,5,20000.0,0.007706945789
4,5,21000.0,0.007706945789
4,5,22000.0,
4,5,23000.0,
4,5,24000.0,0.006423156782
4,5,25000.0,0.006423156782
4,5,26000.0,0.006423156782
4,5,27000.0,
4,5,28000.0,
4,5,29000.0,0.005099682948
4,5,30000.0,0.005099682948
4,5,31000.0,0.005099682948
4,5,32000.0,
4,5,33000.0,
4,5,34000.0,0.005372936516
4,5,35000.0,0.005372936516
4,5,36000.0,0.005372936516
4,5,37000.0,
4,5,38000.0,0.005593998979
4,5,39000.0,0.005593998979
4,5,40000.0,0.005593998979
4,5,41000.0,0.007776838753
4,5,42000.0,0.007776838753
4,5,43000.0,0.007776838753
4,5,44000.0,
4,5,45000.0,0.005106910718
4,5,46000.0,0.005106910718
4,5,47000.0,0.005106910718
4,5,48000.0,
4,5,49000.0,0.004786755053
4,5,50000.0,0.004786755053
4,6,5000.0,
4,6,6000.0,
4,6,7000.0,
4,6,8000.0,
4,6,9000.0,0.03118390497
4,6,10000.0,0.03118390497
4,6,11000.0,0.03118390497
4,6,12000.0,
4,6,13000.0,
4,6,14000.0,0.012010461991
4,6,15000.0,0.012010461991
4,6,16000.0,0.012010461991
4,6,17000.0,
4,6,18000.0,0.018256973973
4,6,19000.0,0.018256973973
4,6,20000.0,0.018256973973
4,6,21000.0,0.013458002639
4,6,22000.0,0.013458002639
4,6,23000.0,0.013458002639
4,6,24000.0,
4,6,25000.0,
4,6,26000.0,0.008804459774
4,6,27000.0,0.008804459774
4,6,28000.0,0.008804459774
4,6,29000.0,
4,6,30000.0,
4,6,31000.0,
4,6,32000.0,
4,6,33000.0,0.004846995385
4,6,34000.0,0.004846995385
4,6,35000.0,0.004846995385
4,6,36000.0,
4,6,37000.0,0.005857327278
4,6,38000.0,0.005857327278
4,6,39000.0,0.005857327278
4,6,40000.0,
4,6,41000.0,0.020998987535
4,6,42000.0,0.020998987535
4,6,43000.0,0.020998987535
4,6,44000.0,
4,6,45000.0,0.011413305229
4,6,46000.0,0.011413305229
4,6,47000.0,0.011413305229
4,6,48000.0,
4,6,49000.0,
4,6,50000.0,0.004717416498
4,7,5000.0,
4,7,6000.0,
4,7,7000.0,0.008825281945
4,7,8000.0,0.008825281945
4,7,9000.0,0.008825281945
4,7,10000.0,0.010117890219
4,7,11000.0,0.010117890219
4,7,12000.0,0.010117890219
4,7,13000.0,
4,7,14000.0,0.008897582948
4,7,15000.0,0.008897582948
4,7,16000.0,0.008897582948
4,7,17000.0,
4,7,18000.0,0.02029367566
4,7,19000.0,0.02029367566
4,7,20000.0,0.02029367566
4,7,21000.0,0.015612724526
4,7,22000.0,0.015612724526
4,7,23000.0,0.015612724526
4,7,24000.0,
4,7,25000.0,0.013727280762
4,7,26000.0,0.013727280762
4,7,27000.0,0.013727280762
4,7,28000.0,0.005367670733
4,7,29000.0,0.005367670733
4,7,30000.0,0.005367670733
4,7,31000.0,
4,7,32000.0,0.004776413389
4,7,33000.0,0.004776413389
4,7,34000.0,0.004776413389
4,7,35000.0,0.00263945637
4,7,36000.0,0.00263945637
4,7,37000.0,0.00263945637
4,7,38000.0,0.002858686934
4,7,39000.0,0.002858686934
4,7,40000.0,0.002858686934
4,7,41000.0,
4,7,42000.0,
4,7,43000.0,0.00255790031
4,7,44000.0,0.00255790031
4,7,45000.0,0.00255790031
4,7,46000.0,
4,7,47000.0,0.002637862241
4,7,48000.0,0.002637862241
4,7,49000.0,0.002637862241
4,7,50000.0,
4,8,5000.0,
4,8,6000.0,0.003159091116
4,8,7000.0,0.003159091116
4,8,8000.0,0.003159091116
4,8,9000.0,
4,8,10000.0,0.002919077879
4,8,11000.0,0.002919077879
4,8,12000.0,0.002919077879
4,8,13000.0,
4,8,14000.0,0.003511066263
4,8,15000.0,0.003511066263
4,8,16000.0,0.003511066263
4,8,17000.0,0.00315905776
4,8,18000.0,0.00315905776
4,8,19000.0,0.00315905776
4,8,20000.0,0.002859048928
4,8,21000.0,0.002859048928
4,8,22000.0,0.002859048928
4,8,23000.0,
4,8,24000.0,0.00315904004
4,8,25000.0,0.00315904004
4,8,26000.0,0.00315904004
4,8,27000.0,
4,8,28000.0,0.002119033485
4,8,29000.0,0.002119033485
4,8,30000.0,0.002119033485
4,8,31000.0,0.003019440524
4,8,32000.0,0.003019440524
4,8,33000.0,0.003019440524
4,8,34000.0,
4,8,35000.0,0.003140769347
4,8,36000.0,0.003140769347
4,8,37000.0,0.003140769347
4,8,38000.0,
4,8,39000.0,
4,8,40000.0,
4,8,41000.0,
4,8,42000.0,
4,8,43000.0,3.003969377143
4,8,44000.0,3.003969377143
4,8,45000.0,3.003969377143
4,8,46000.0,0.016883383576
4,8,47000.0,0.016883383576
4,8,48000.0,0.016883383576
4,8,49000.0,
4,8,50000.0,0.005232271334
4,9,5000.0,
4,9,6000.0,
4,9,7000.0,
4,9,8000.0,
4,9,9000.0,0.011530738466
4,9,10000.0,0.011530738466
4,9,11000.0,0.011530738466
4,9,12000.0,0.012128422049
4,9,13000.0,0.012128422049
4,9,14000.0,0.012128422049
4,9,15000.0,
4,9,16000.0,
4,9,17000.0,0.00736317928
4,9,18000.0,0.00736317928
4,9,19000.0,0.00736317928
4,9,20000.0,0.007298588765
4,9,21000.0,0.007298588765
4,9,22000.0,0.007298588765
4,9,23000.0,
4,9,24000.0,
4,9,25000.0,0.007201314672
4,9,26000.0,0.007201314672
4,9,27000.0,0.007201314672
4,9,28000.0,0.008965408664
4,9,29000.0,0.008965408664
4,9,30000.0,0.008965408664
4,9,31000.0,
4,9,32000.0,
4,9,33000.0,0.005592071832
4,9,34000.0,0.005592071832
4,9,35000.0,0.005592071832
4,9,36000.0,
4,9,37000.0,0.00644481649
4,9,38000.0,0.00644481649
4,9,39000.0,0.00644481649
4,9,40000.0,
4,9,41000.0,
4,9,42000.0,0.00466510801
4,9,43000.0,0.00466510801
4,9,44000.0,0.00466510801
4,9,45000.0,
4,9,46000.0,
4,9,47000.0,0.004970748733
4,9,48000.0,0.004970748733
4,9,49000.0,0.004970748733
4,9,50000.0,
4,10,5000.0,
4,10,6000.0,0.003619638574
4,10,7000.0,0.003619638574
4,10,8000.0,0.003619638574
4,10,9000.0,0.002699359226
4,10,10000.0,0.002699359226
4,10,11000.0,0.002699359226
4,10,12000.0,
4,10,13000.0,0.002479066603
4,10,14000.0,0.002479066603
4,10,15000.0,0.002479066603
4,10,16000.0,
4,10,17000.0,0.018199924525
4,10,18000.0,0.018199924525
4,10,19000.0,0.018199924525
4,10,20000.0,
4,10,21000.0,0.003138445177
4,10,22000.0,0.003138445177
4,10,23000.0,0.003138445177
4,10,24000.0,
4,10,25000.0,0.005838581947
4,10,26000.0,0.005838581947
4,10,27000.0,0.005838581947
4,10,28000.0,
4,10,29000.0,0.002297963459
4,10,30000.0,0.002297963459
4,10,31000.0,0.002297963459
4,10,32000.0,
4,10,33000.0,0.002957806351
4,10,34000.0,0.002957806351
4,10,35000.0,0.002957806351
4,10,36000.0,0.002297666144
4,10,37000.0,0.002297666144
4,10,38000.0,0.002297666144
4,10,39000.0,
4,10,40000.0,
4,10,41000.0,0.002299580651
4,10,42000.0,0.002299580651
4,10,43000.0,0.002299580651
4,10,44000.0,
4,10,45000.0,0.00255689117
4,10,46000.0,0.00255689117
4,10,47000.0,0.00255689117
4,10,48000.0,
4,10,49000.0,0.003757605493
4,10,50000.0,0.003757605493
4,11,5000.0,0.00812481137
4,11,6000.0,0.00812481137
4,11,7000.0,0.00812481137
4,11,8000.0,
4,11,9000.0,0.002771651467
4,11,10000.0,0.002771651467
4,11,11000.0,0.002771651467
4,11,12000.0,0.003282783728
4,11,13000.0,0.003282783728
4,11,14000.0,0.003282783728
4,11,15000.0,
4,11,16000.0,0.002778261927
4,11,17000.0,0.002778261927
4,11,18000.0,0.002778261927
4,11,19000.0,0.002437318235
4,11,20000.0,0.002437318235
4,11,21000.0,0.002437318235
4,11,22000.0,
4,11,23000.0,0.002860283111
4,11,24000.0,0.002860283111
4,11,25000.0,0.002860283111
4,11,26000.0,
4,11,27000.0,
4,11,28000.0,0.002655651993
4,11,29000.0,0.002655651993
4,11,30000.0,0.002655651993
4,11,31000.0,0.002834978258
4,11,32000.0,0.002834978258
4,11,33000.0,0.002834978258
4,11,34000.0,
4,11,35000.0,0.002774272069
4,11,36000.0,0.002774272069
4,11,37000.0,0.002774272069
4,11,38000.0,
4,11,39000.0,0.002333715326
4,11,40000.0,0.002333715326
4,11,41000.0,0.002333715326
4,11,42000.0,
4,11,43000.0,0.00490097977
4,11,44000.0,0.00490097977
4,11,45000.0,0.00490097977
4,11,46000.0,0.003232996262
4,11,47000.0,0.003232996262
4,11,48000.0,0.003232996262
4,11,49000.0,
4,11,50000.0,0.002493231482
4,12,5000.0,0.00461243235
4,12,6000.0,0.00461243235
4,12,7000.0,0.00461243235
4,12,8000.0,
4,12,9000.0,0.002660163264
4,12,10000.0,0.002660163264
4,12,11000.0,0.002660163264
4,12,12000.0,0.002719551975
4,12,13000.0,0.002719551975
4,12,14000.0,0.002719551975
4,12,15000.0,0.002738955272
4,12,16000.0,0.002738955272
4,12,17000.0,0.002738955272
4,12,18000.0,
4,12,19000.0,
4,12,20000.0,0.002698132885
4,12,21000.0,0.002698132885
4,12,22000.0,0.002698132885
4,12,23000.0,
4,12,24000.0,
4,12,25000.0,0.002257420494
4,12,26000.0,0.002257420494
4,12,27000.0,0.002257420494
4,12,28000.0,
4,12,29000.0,0.002316793943
4,12,30000.0,0.002316793943
4,12,31000.0,0.002316793943
4,12,32000.0,
4,12,33000.0,
4,12,34000.0,0.003496227341
4,12,35000.0,0.003496227341
4,12,36000.0,0.003496227341
4,12,37000.0,0.00325596156
4,12,38000.0,0.00325596156
4,12,39000.0,0.00325596156
4,12,40000.0,
4,12,41000.0,0.006106308794
4,12,42000.0,0.006106308794
4,12,43000.0,0.006106308794
4,12,44000.0,
4,12,45000.0,0.003535753908
4,12,46000.0,0.003535753908
4,12,47000.0,0.003535753908
4,12,48000.0,
4,12,49000.0,0.005557164633
4,12,50000.0,0.005557164633
4,13,5000.0,0.002718764653
4,13,6000.0,0.002718764653
4,13,7000.0,0.002718764653
4,13,8000.0,
4,13,9000.0,0.003738553116
4,13,10000.0,0.003738553116
4,13,11000.0,0.003738553116
4,13,12000.0,
4,13,13000.0,0.003059145185
4,13,14000.0,0.003059145185
4,13,15000.0,0.003059145185
4,13,16000.0,
4,13,17000.0,
4,13,18000.0,0.002979649252
4,13,19000.0,0.002979649252
4,13,20000.0,0.002979649252
4,13,21000.0,0.008939230336
4,13,22000.0,0.008939230336
4,13,23000.0,0.008939230336
4,13,24000.0,
4,13,25000.0,
4,13,26000.0,
4,13,27000.0,
4,13,28000.0,
4,13,29000.0,
4,13,30000.0,
4,13,31000.0,
4,13,32000.0,
4,13,33000.0,
4,13,34000.0,0.00509945381
4,13,35000.0,0.00509945381
4,13,36000.0,0.00509945381
4,13,37000.0,
4,13,38000.0,0.006053692163
4,13,39000.0,0.006053692163
4,13,40000.0,0.006053692163
4,13,41000.0,
4,13,42000.0,
4,13,43000.0,
4,13,44000.0,
4,13,45000.0,
4,13,46000.0,
4,13,47000.0,
4,13,48000.0,
4,13,49000.0,
4,13,50000.0,
4,14,5000.0,0.00530824463
4,14,6000.0,0.00530824463
4,14,7000.0,0.00530824463
4,14,8000.0,
4,14,9000.0,0.002933203604
4,14,10000.0,0.002933203604
4,14,11000.0,0.002933203604
4,14,12000.0,0.003819065727
4,14,13000.0,0.003819065727
4,14,14000.0,0.003819065727
4,14,15000.0,
4,14,16000.0,
4,14,17000.0,0.01249344915
4,14,18000.0,0.01249344915
4,14,19000.0,0.01249344915
4,14,20000.0,0.002613128344
4,14,21000.0,0.002613128344
4,14,22000.0,0.002613128344
4,14,23000.0,
4,14,24000.0,0.002807703138
4,14,25000.0,0.002807703138
4,14,26000.0,0.002807703138
4,14,27000.0,
4,14,28000.0,0.002073463539
4,14,29000.0,0.002073463539
4,14,30000.0,0.002073463539
4,14,31000.0,
4,14,32000.0,0.002473677179
4,14,33000.0,0.002473677179
4,14,34000.0,0.002473677179
4,14,35000.0,
4,14,36000.0,
4,14,37000.0,0.002454002404
4,14,38000.0,0.002454002404
4,14,39000.0,0.002454002404
4,14,40000.0,0.002174224635
4,14,41000.0,0.002174224635
4,14,42000.0,0.002174224635
4,14,43000.0,
4,14,44000.0,
4,14,45000.0,0.002914459821
4,14,46000.0,0.002914459821
4,14,47000.0,0.002914459821
4,14,48000.0,
4,14,49000.0,
4,14,50000.0,0.003149022203
4,15,5000.0,
4,15,6000.0,0.002533842527
4,15,7000.0,0.002533842527
4,15,8000.0,0.002533842527
4,15,9000.0,
4,15,10000.0,
4,15,11000.0,0.002872351811
4,15,12000.0,0.002872351811
4,15,13000.0,0.002872351811
4,15,14000.0,
4,15,15000.0,0.002833414882
4,15,16000.0,0.002833414882
4,15,17000.0,0.002833414882
4,15,18000.0,
4,15,19000.0,
4,15,20000.0,0.003314956809
4,15,21000.0,0.003314956809
4,15,22000.0,0.003314956809
4,15,23000.0,
4,15,24000.0,
4,15,25000.0,0.003243965627
4,15,26000.0,0.003243965627
4,15,27000.0,0.003243965627
4,15,28000.0,0.002536930516
4,15,29000.0,0.002536930516
4,15,30000.0,0.002536930516
4,15,31000.0,
4,15,32000.0,0.00301689445
4,15,33000.0,0.00301689445
4,15,34000.0,0.00301689445
4,15,35000.0,
4,15,36000.0,
4,15,37000.0,0.002376851167
4,15,38000.0,0.002376851167
4,15,39000.0,0.002376851167
4,15,40000.0,0.002716820116
4,15,41000.0,0.002716820116
4,15,42000.0,0.002716820116
4,15,43000.0,
4,15,44000.0,
4,15,45000.0,0.012419108733
4,15,46000.0,0.012419108733
4,15,47000.0,0.012419108733
4,15,48000.0,0.002076754036
4,15,49000.0,0.002076754036
4,15,50000.0,0.002076754036
4,16,5000.0,
4,16,6000.0,0.008382893002
4,16,7000.0,0.008382893002
4,16,8000.0,0.008382893002
4,16,9000.0,
4,16,10000.0,
4,16,11000.0,
4,16,12000.0,
4,16,13000.0,
4,16,14000.0,0.010071377317
4,16,15000.0,0.010071377317
4,16,16000.0,0.010071377317
4,16,17000.0,
4,16,18000.0,0.008219046062
4,16,19000.0,0.008219046062
4,16,20000.0,0.008219046062
4,16,21000.0,
4,16,22000.0,0.006462528146
4,16,23000.0,0.006462528146
4,16,24000.0,0.006462528146
4,16,25000.0,
4,16,26000.0,0.005784537151
4,16,27000.0,0.005784537151
4,16,28000.0,0.005784537151
4,16,29000.0,
4,16,30000.0,0.002860197038
4,16,31000.0,0.002860197038
4,16,32000.0,0.002860197038
4,16,33000.0,
4,16,34000.0,0.002638833057
4,16,35000.0,0.002638833057
4,16,36000.0,0.002638833057
4,16,37000.0,
4,16,38000.0,0.003537640454
4,16,39000.0,0.003537640454
4,16,40000.0,0.003537640454
4,16,41000.0,
4,16,42000.0,0.002636364536
4,16,43000.0,0.002636364536
4,16,44000.0,0.002636364536
4,16,45000.0,
4,16,46000.0,0.008510905616
4,16,47000.0,0.008510905616
4,16,48000.0,0.008510905616
4,16,49000.0,
4,16,50000.0,
4,17,5000.0,0.005755549027
4,17,6000.0,0.005755549027
4,17,7000.0,0.005755549027
4,17,8000.0,0.005708754739
4,17,9000.0,0.005708754739
4,17,10000.0,0.005708754739
4,17,11000.0,
4,17,12000.0,
4,17,13000.0,0.004369446829
4,17,14000.0,0.004369446829
4,17,15000.0,0.004369446829
4,17,16000.0,0.004290672508
4,17,17000.0,0.004290672508
4,17,18000.0,0.004290672508
4,17,19000.0,
4,17,20000.0,0.004631159286
4,17,21000.0,0.004631159286
4,17,22000.0,0.004631159286
4,17,23000.0,
4,17,24000.0,
4,17,25000.0,
4,17,26000.0,
4,17,27000.0,0.00565260879
4,17,28000.0,0.00565260879
4,17,29000.0,0.00565260879
4,17,30000.0,
4,17,31000.0,0.006486190414
4,17,32000.0,0.006486190414
4,17,33000.0,0.006486190414
4,17,34000.0,
4,17,35000.0,
4,17,36000.0,0.004533643073
4,17,37000.0,0.004533643073
4,17,38000.0,0.004533643073
4,17,39000.0,
4,17,40000.0,0.004761163827
4,17,41000.0,0.004761163827
4,17,42000.0,0.004761163827
4,17,43000.0,
4,17,44000.0,0.007615655789
4,17,45000.0,0.007615655789
4,17,46000.0,0.007615655789
4,17,47000.0,0.009954969834
4,17,48000.0,0.009954969834
4,17,49000.0,0.009954969834
4,17,50000.0,
4,18,5000.0,
4,18,6000.0,0.008514612979
4,18,7000.0,0.008514612979
4,18,8000.0,0.008514612979
4,18,9000.0,
4,18,10000.0,
4,18,11000.0,0.006785305801
4,18,12000.0,0.006785305801
4,18,13000.0,0.006785305801
4,18,14000.0,
4,18,15000.0,
4,18,16000.0,0.005099640169
4,18,17000.0,0.005099640169
4,18,18000.0,0.005099640169
4,18,19000.0,
4,18,20000.0,
4,18,21000.0,
4,18,22000.0,
4,18,23000.0,0.005900288964
4,18,24000.0,0.005900288964
4,18,25000.0,0.005900288964
4,18,26000.0,0.004933944054
4,18,27000.0,0.004933944054
4,18,28000.0,0.004933944054
4,18,29000.0,
4,18,30000.0,
4,18,31000.0,0.007513721543
4,18,32000.0,0.007513721543
4,18,33000.0,0.007513721543
4,18,34000.0,
4,18,35000.0,0.008626475156
4,18,36000.0,0.008626475156
4,18,37000.0,0.008626475156
4,18,38000.0,0.018504885175
4,18,39000.0,0.018504885175
4,18,40000.0,0.018504885175
4,18,41000.0,0.009920017229
4,18,42000.0,0.009920017229
4,18,43000.0,0.009920017229
4,18,44000.0,
4,18,45000.0,0.008490665638
4,18,46000.0,0.008490665638
4,18,47000.0,0.008490665638
4,18,48000.0,
4,18,49000.0,
4,18,50000.0,0.007739019837
4,19,5000.0,0.013397269423
4,19,6000.0,
4,19,7000.0,
4,19,8000.0,0.004231652146
4,19,9000.0,0.004231652146
4,19,10000.0,0.004231652146
4,19,11000.0,0.005455957382
4,19,12000.0,0.005455957382
4,19,13000.0,0.005455957382
4,19,14000.0,
4,19,15000.0,
4,19,16000.0,0.004322345627
4,19,17000.0,0.004322345627
4,19,18000.0,0.004322345627
4,19,19000.0,0.002520340823
4,19,20000.0,0.002520340823
4,19,21000.0,0.002520340823
4,19,22000.0,
4,19,23000.0,0.002779260049
4,19,24000.0,0.002779260049
4,19,25000.0,0.002779260049
4,19,26000.0,
4,19,27000.0,
4,19,28000.0,0.003217921508
4,19,29000.0,0.003217921508
4,19,30000.0,0.003217921508
4,19,31000.0,0.002197028054
4,19,32000.0,0.002197028054
4,19,33000.0,0.002197028054
4,19,34000.0,0.002256089535
4,19,35000.0,0.002256089535
4,19,36000.0,0.002256089535
4,19,37000.0,
4,19,38000.0,0.002295252363
4,19,39000.0,0.002295252363
4,19,40000.0,0.002295252363
4,19,41000.0,
4,19,42000.0,0.002375011487
4,19,43000.0,0.002375011487
4,19,44000.0,0.002375011487
4,19,45000.0,
4,19,46000.0,0.002735595012
4,19,47000.0,0.002735595012
4,19,48000.0,0.002735595012
4,19,49000.0,
4,19,50000.0,
4,20,5000.0,0.008172119121
4,20,6000.0,0.008172119121
4,20,7000.0,0.008172119121
4,20,8000.0,0.019708205367
4,20,9000.0,0.019708205367
4,20,10000.0,0.019708205367
4,20,11000.0,
4,20,12000.0,0.007904476134
4,20,13000.0,0.007904476134
4,20,14000.0,0.007904476134
4,20,15000.0,
4,20,16000.0,
4,20,17000.0,0.008041956997
4,20,18000.0,0.008041956997
4,20,19000.0,0.008041956997
4,20,20000.0,
4,20,21000.0,
4,20,22000.0,
4,20,23000.0,
4,20,24000.0,
4,20,25000.0,0.009798619581
4,20,26000.0,0.009798619581
4,20,27000.0,0.009798619581
4,20,28000.0,0.007800079216
4,20,29000.0,0.007800079216
4,20,30000.0,0.007800079216
4,20,31000.0,
4,20,32000.0,
4,20,33000.0,0.008779475925
4,20,34000.0,0.008779475925
4,20,35000.0,0.008779475925
4,20,36000.0,0.007423647753
4,20,37000.0,0.007423647753
4,20,38000.0,0.007423647753
4,20,39000.0,
4,20,40000.0,0.005576386748
4,20,41000.0,0.005576386748
4,20,42000.0,0.005576386748
4,20,43000.0,
4,20,44000.0,0.004463054022
4,20,45000.0,0.004463054022
4,20,46000.0,0.004463054022
4,20,47000.0,
4,20,48000.0,0.003159938208
4,20,49000.0,0.003159938208
4,20,50000.0,0.003159938208
4,21,5000.0,
4,21,6000.0,0.0
4,21,7000.0,0.0
4,21,8000.0,0.0
4,21,9000.0,
4,21,10000.0,0.0
4,21,11000.0,0.0
4,21,12000.0,0.0
4,21,13000.0,0.0
4,21,14000.0,0.0
4,21,15000.0,0.0
4,21,16000.0,
4,21,17000.0,
4,21,18000.0,0.0
4,21,19000.0,0.0
4,21,20000.0,0.0
4,21,21000.0,
4,21,22000.0,0.0
4,21,23000.0,0.0
4,21,24000.0,0.0
4,21,25000.0,
4,21,26000.0,0.0
4,21,27000.0,0.0
4,21,28000.0,0.0
4,21,29000.0,
4,21,30000.0,0.0
4,21,31000.0,0.0
4,21,32000.0,0.0
4,21,33000.0,
4,21,34000.0,0.0
4,21,35000.0,0.0
4,21,36000.0,0.0
4,21,37000.0,
4,21,38000.0,0.0
4,21,39000.0,0.0
4,21,40000.0,0.0
4,21,41000.0,
4,21,42000.0,0.0
4,21,43000.0,0.0
4,21,44000.0,0.0
4,21,45000.0,
4,21,46000.0,
4,21,47000.0,0.0
4,21,48000.0,0.0
4,21,49000.0,0.0
4,21,50000.0,
4,22,5000.0,0.003135117622
4,22,6000.0,0.003135117622
4,22,7000.0,0.003135117622
4,22,8000.0,
4,22,9000.0,
4,22,10000.0,0.002155576391
4,22,11000.0,0.002155576391
4,22,12000.0,0.002155576391
4,22,13000.0,0.002535921078
4,22,14000.0,0.002535921078
4,22,15000.0,0.002535921078
4,22,16000.0,
4,22,17000.0,0.002656252881
4,22,18000.0,0.002656252881
4,22,19000.0,0.002656252881
4,22,20000.0,
4,22,21000.0,
4,22,22000.0,0.002016748733
4,22,23000.0,0.002016748733
4,22,24000.0,0.002016748733
4,22,25000.0,0.002957149917
4,22,26000.0,0.002957149917
4,22,27000.0,0.002957149917
4,22,28000.0,
4,22,29000.0,
4,22,30000.0,0.002437596318
4,22,31000.0,0.002437596318
4,22,32000.0,0.002437596318
4,22,33000.0,
4,22,34000.0,0.002098031304
4,22,35000.0,0.002098031304
4,22,36000.0,0.002098031304
4,22,37000.0,0.002838358722
4,22,38000.0,0.002838358722
4,22,39000.0,0.002838358722
4,22,40000.0,
4,22,41000.0,0.00301698035
4,22,42000.0,0.00301698035
4,22,43000.0,0.00301698035
4,22,44000.0,
4,22,45000.0,
4,22,46000.0,0.006707428644
4,22,47000.0,0.006707428644
4,22,48000.0,0.006707428644
4,22,49000.0,0.003259665322
4,22,50000.0,0.003259665322
4,23,5000.0,
4,23,6000.0,
4,23,7000.0,0.012755163353
4,23,8000.0,0.012755163353
4,23,9000.0,0.012755163353
4,23,10000.0,
4,23,11000.0,
4,23,12000.0,0.007609001426
4,23,13000.0,0.007609001426
4,23,14000.0,0.007609001426
4,23,15000.0,
4,23,16000.0,0.008615710858
4,23,17000.0,0.008615710858
4,23,18000.0,0.008615710858
4,23,19000.0,0.007286828218
4,23,20000.0,0.007286828218
4,23,21000.0,0.007286828218
4,23,22000.0,0.00608713456
4,23,23000.0,0.00608713456
4,23,24000.0,0.00608713456
4,23,25000.0,
4,23,26000.0,
4,23,27000.0,0.005259204322
4,23,28000.0,0.005259204322
4,23,29000.0,0.005259204322
4,23,30000.0,
4,23,31000.0,
4,23,32000.0,0.005232406441
4,23,33000.0,0.005232406441
4,23,34000.0,0.005232406441
4,23,35000.0,0.00450714627
4,23,36000.0,0.00450714627
4,23,37000.0,0.00450714627
4,23,38000.0,0.004426860096
4,23,39000.0,0.004426860096
4,23,40000.0,0.004426860096
4,23,41000.0,
4,23,42000.0,
4,23,43000.0,0.006785102032
4,23,44000.0,0.006785102032
4,23,45000.0,0.006785102032
4,23,46000.0,
4,23,47000.0,
4,23,48000.0,
4,23,49000.0,
4,23,50000.0,
4,24,5000.0,0.002232506006
4,24,6000.0,0.002232506006
4,24,7000.0,0.002232506006
4,24,8000.0,
4,24,9000.0,
4,24,10000.0,0.002973748815
4,24,11000.0,0.002973748815
4,24,12000.0,0.002973748815
4,24,13000.0,
4,24,14000.0,
4,24,15000.0,0.002855056247
4,24,16000.0,0.002855056247
4,24,17000.0,0.002855056247
4,24,18000.0,
4,24,19000.0,0.00281638213
4,24,20000.0,0.00281638213
4,24,21000.0,0.00281638213
4,24,22000.0,
4,24,23000.0,
4,24,24000.0,0.003017608159
4,24,25000.0,0.003017608159
4,24,26000.0,0.003017608159
4,24,27000.0,
4,24,28000.0,0.003846496424
4,24,29000.0,0.003846496424
4,24,30000.0,0.003846496424
4,24,31000.0,
4,24,32000.0,0.007350614899
4,24,33000.0,0.007350614899
4,24,34000.0,0.007350614899
4,24,35000.0,0.002860595489
4,24,36000.0,0.002860595489
4,24,37000.0,0.002860595489
4,24,38000.0,
4,24,39000.0,
4,24,40000.0,
4,24,41000.0,
4,24,42000.0,
4,24,43000.0,
4,24,44000.0,
4,24,45000.0,0.005542047349
4,24,46000.0,0.005542047349
4,24,47000.0,0.005542047349
4,24,48000.0,
4,24,49000.0,0.005046669703
4,24,50000.0,0.005046669703
