rep,host,t,delay_sec
0,0,5000.0,0.42282423782
0,0,6000.0,0.42282423782
0,0,7000.0,0.42282423782
0,0,8000.0,
0,0,9000.0,
0,0,10000.0,
0,0,11000.0,
0,0,12000.0,
0,0,13000.0,0.129525860956
0,0,14000.0,0.129525860956
0,0,15000.0,0.129525860956
0,0,16000.0,
0,0,17000.0,
0,0,18000.0,
0,0,19000.0,
0,0,20000.0,
0,0,21000.0,
0,0,22000.0,
0,0,23000.0,
0,0,24000.0,
0,0,25000.0,
0,0,26000.0,
0,0,27000.0,
0,0,28000.0,
0,0,29000.0,3.089556017785
0,0,30000.0,3.089556017785
0,0,31000.0,3.089556017785
0,0,32000.0,
0,0,33000.0,0.052342012051
0,0,34000.0,0.052342012051
0,0,35000.0,0.052342012051
0,0,36000.0,
0,0,37000.0,
0,0,38000.0,
0,0,39000.0,
0,0,40000.0,
0,0,41000.0,
0,0,42000.0,
0,0,43000.0,
0,0,44000.0,
0,0,45000.0,
0,0,46000.0,
0,0,47000.0,0.095327856868
0,0,48000.0,0.095327856868
0,0,49000.0,0.095327856868
0,0,50000.0,
0,1,5000.0,0.322472034748
0,1,6000.0,0.322472034748
0,1,7000.0,0.322472034748
0,1,8000.0,
0,1,9000.0,
0,1,10000.0,0.050899344567
0,1,11000.0,0.050899344567
0,1,12000.0,0.050899344567
0,1,13000.0,
0,1,14000.0,
0,1,15000.0,0.031905102592
0,1,16000.0,0.031905102592
0,1,17000.0,0.031905102592
0,1,18000.0,
0,1,19000.0,
0,1,20000.0,0.092029210488
0,1,21000.0,0.092029210488
0,1,22000.0,0.092029210488
0,1,23000.0,0.027684207895
0,1,24000.0,0.027684207895
0,1,25000.0,0.027684207895
0,1,26000.0,
0,1,27000.0,
0,1,28000.0,0.109330765935
0,1,29000.0,0.109330765935
0,1,30000.0,0.109330765935
0,1,31000.0,
0,1,32000.0,0.045933002964
0,1,33000.0,0.045933002964
0,1,34000.0,0.045933002964
0,1,35000.0,
0,1,36000.0,
0,1,37000.0,
0,1,38000.0,
0,1,39000.0,
0,1,40000.0,
0,1,41000.0,
0,1,42000.0,0.16440070157
0,1,43000.0,0.16440070157
0,1,44000.0,0.16440070157
0,1,45000.0,0.030803818809
0,1,46000.0,0.030803818809
0,1,47000.0,0.030803818809
0,1,48000.0,
0,1,49000.0,0.031838999075
0,1,50000.0,0.031838999075
0,2,5000.0,
0,2,6000.0,
0,2,7000.0,
0,2,8000.0,
0,2,9000.0,
0,2,10000.0,
0,2,11000.0,0.086069877307
0,2,12000.0,0.086069877307
0,2,13000.0,0.086069877307
0,2,14000.0,
0,2,15000.0,0.023725456685
0,2,16000.0,0.023725456685
0,2,17000.0,0.023725456685
0,2,18000.0,
0,2,19000.0,
0,2,20000.0,0.017256473568
0,2,21000.0,0.017256473568
0,2,22000.0,0.017256473568
0,2,23000.0,0.03753144769
0,2,24000.0,0.03753144769
0,2,25000.0,0.03753144769
0,2,26000.0,
0,2,27000.0,0.034560785253
0,2,28000.0,0.034560785253
0,2,29000.0,0.034560785253
0,2,30000.0,
0,2,31000.0,0.007833702795
0,2,32000.0,0.007833702795
0,2,33000.0,0.007833702795
0,2,34000.0,0.008213511641
0,2,35000.0,0.008213511641
0,2,36000.0,0.008213511641
0,2,37000.0,
0,2,38000.0,
0,2,39000.0,0.026695946597
0,2,40000.0,0.026695946597
0,2,41000.0,0.026695946597
0,2,42000.0,0.014331305466
0,2,43000.0,0.014331305466
0,2,44000.0,0.014331305466
0,2,45000.0,
0,2,46000.0,
0,2,47000.0,0.012177035407
0,2,48000.0,0.012177035407
0,2,49000.0,0.012177035407
0,2,50000.0,
0,4,5000.0,0.013436838184
0,4,6000.0,0.013436838184
0,4,7000.0,0.013436838184
0,4,8000.0,
0,4,9000.0,0.008213309615
0,4,10000.0,0.008213309615
0,4,11000.0,0.008213309615
0,4,12000.0,
0,4,13000.0,0.008453509132
0,4,14000.0,0.008453509132
0,4,15000.0,0.008453509132
0,4,16000.0,0.018921717939
0,4,17000.0,0.018921717939
0,4,18000.0,0.018921717939
0,4,19000.0,0.008533940788
0,4,20000.0,0.008533940788
0,4,21000.0,0.008533940788
0,4,22000.0,
0,4,23000.0,0.007674266737
0,4,24000.0,0.007674266737
0,4,25000.0,0.007674266737
0,4,26000.0,
0,4,27000.0,
0,4,28000.0,0.091375652366
0,4,29000.0,0.091375652366
0,4,30000.0,0.091375652366
0,4,31000.0,
0,4,32000.0,
0,4,33000.0,
0,4,34000.0,
0,4,35000.0,
0,4,36000.0,
0,4,37000.0,
0,4,38000.0,
0,4,39000.0,
0,4,40000.0,
0,4,41000.0,
0,4,42000.0,
0,4,43000.0,
0,4,44000.0,
0,4,45000.0,3.040787968307
0,4,46000.0,3.040787968307
0,4,47000.0,3.040787968307
0,4,48000.0,
0,4,49000.0,0.01642482285
0,4,50000.0,0.01642482285
0,5,5000.0,
0,5,6000.0,0.0
0,5,7000.0,0.0
0,5,8000.0,0.0
0,5,9000.0,
0,5,10000.0,
0,5,11000.0,0.0
0,5,12000.0,0.0
0,5,13000.0,0.0
0,5,14000.0,
0,5,15000.0,
0,5,16000.0,0.0
0,5,17000.0,0.0
0,5,18000.0,0.0
0,5,19000.0,
0,5,20000.0,0.0
0,5,21000.0,0.0
0,5,22000.0,0.0
0,5,23000.0,
0,5,24000.0,0.0
0,5,25000.0,0.0
0,5,26000.0,0.0
0,5,27000.0,0.0
0,5,28000.0,0.0
0,5,29000.0,0.0
0,5,30000.0,
0,5,31000.0,0.0
0,5,32000.0,0.0
0,5,33000.0,0.0
0,5,34000.0,0.0
0,5,35000.0,0.0
0,5,36000.0,0.0
0,5,37000.0,
0,5,38000.0,0.0
0,5,39000.0,0.0
0,5,40000.0,0.0
0,5,41000.0,
0,5,42000.0,0.0
0,5,43000.0,0.0
0,5,44000.0,0.0
0,5,45000.0,
0,5,46000.0,0.0
0,5,47000.0,0.0
0,5,48000.0,0.0
0,5,49000.0,
0,5,50000.0,
0,6,5000.0,
0,6,6000.0,
0,6,7000.0,
0,6,8000.0,
0,6,9000.0,
0,6,10000.0,
0,6,11000.0,
0,6,12000.0,
0,6,13000.0,
0,6,14000.0,0.023275753607
0,6,15000.0,0.023275753607
0,6,16000.0,0.023275753607
0,6,17000.0,
0,6,18000.0,0.019637707156
0,6,19000.0,0.019637707156
0,6,20000.0,0.019637707156
0,6,21000.0,
0,6,22000.0,
0,6,23000.0,
0,6,24000.0,0.044217810301
0,6,25000.0,0.044217810301
0,6,26000.0,0.044217810301
0,6,27000.0,
0,6,28000.0,
0,6,29000.0,
0,6,30000.0,
0,6,31000.0,
0,6,32000.0,
0,6,33000.0,
0,6,34000.0,
0,6,35000.0,
0,6,36000.0,
0,6,37000.0,0.03565886579
0,6,38000.0,0.03565886579
0,6,39000.0,0.03565886579
0,6,40000.0,
0,6,41000.0,0.152771397832
0,6,42000.0,0.152771397832
0,6,43000.0,0.152771397832
0,6,44000.0,
0,6,45000.0,0.093854214929
0,6,46000.0,0.093854214929
0,6,47000.0,0.093854214929
0,6,48000.0,
0,6,49000.0,
0,6,50000.0,0.061812712744
0,7,5000.0,0.017753107807
0,7,6000.0,0.017753107807
0,7,7000.0,0.017753107807
0,7,8000.0,
0,7,9000.0,0.00907300346
0,7,10000.0,0.00907300346
0,7,11000.0,0.00907300346
0,7,12000.0,
0,7,13000.0,0.039359627766
0,7,14000.0,0.039359627766
0,7,15000.0,0.039359627766
0,7,16000.0,
0,7,17000.0,0.01678100346
0,7,18000.0,0.01678100346
0,7,19000.0,0.01678100346
0,7,20000.0,
0,7,21000.0,0.012826255561
0,7,22000.0,0.012826255561
0,7,23000.0,0.012826255561
0,7,24000.0,
0,7,25000.0,
0,7,26000.0,0.021775333548
0,7,27000.0,0.021775333548
0,7,28000.0,0.021775333548
0,7,29000.0,
0,7,30000.0,0.015806913475
0,7,31000.0,0.015806913475
0,7,32000.0,0.015806913475
0,7,33000.0,
0,7,34000.0,0.00791300346
0,7,35000.0,0.00791300346
0,7,36000.0,0.00791300346
0,7,37000.0,
0,7,38000.0,0.017020809593
0,7,39000.0,0.017020809593
0,7,40000.0,0.017020809593
0,7,41000.0,
0,7,42000.0,0.008651032878
0,7,43000.0,0.008651032878
0,7,44000.0,0.008651032878
0,7,45000.0,
0,7,46000.0,
0,7,47000.0,0.030769011079
0,7,48000.0,0.030769011079
0,7,49000.0,0.030769011079
0,7,50000.0,0.00813300346
0,8,5000.0,
0,8,6000.0,
0,8,7000.0,
0,8,8000.0,3.176292273651
0,8,9000.0,3.176292273651
0,8,10000.0,3.176292273651
0,8,11000.0,
0,8,12000.0,
0,8,13000.0,
0,8,14000.0,
0,8,15000.0,
0,8,16000.0,
0,8,17000.0,
0,8,18000.0,
0,8,19000.0,
0,8,20000.0,
0,8,21000.0,
0,8,22000.0,
0,8,23000.0,
0,8,24000.0,
0,8,25000.0,
0,8,26000.0,
0,8,27000.0,
0,8,28000.0,
0,8,29000.0,
0,8,30000.0,
0,8,31000.0,
0,8,32000.0,
0,8,33000.0,
0,8,34000.0,
0,8,35000.0,
0,8,36000.0,
0,8,37000.0,
0,8,38000.0,
0,8,39000.0,
0,8,40000.0,
0,8,41000.0,
0,8,42000.0,
0,8,43000.0,
0,8,44000.0,
0,8,45000.0,
0,8,46000.0,
0,8,47000.0,
0,8,48000.0,
0,8,49000.0,
0,8,50000.0,
0,9,5000.0,
0,9,6000.0,
0,9,7000.0,
0,9,8000.0,
0,9,9000.0,
0,9,10000.0,
0,9,11000.0,0.12392448174
0,9,12000.0,0.12392448174
0,9,13000.0,0.12392448174
0,9,14000.0,
0,9,15000.0,0.120008061945
0,9,16000.0,0.120008061945
0,9,17000.0,0.120008061945
0,9,18000.0,
0,9,19000.0,0.153835197807
0,9,20000.0,0.153835197807
0,9,21000.0,0.153835197807
0,9,22000.0,
0,9,23000.0,
0,9,24000.0,
0,9,25000.0,0.057474865549
0,9,26000.0,0.057474865549
0,9,27000.0,0.057474865549
0,9,28000.0,
0,9,29000.0,
0,9,30000.0,
0,9,31000.0,
0,9,32000.0,
0,9,33000.0,
0,9,34000.0,
0,9,35000.0,
0,9,36000.0,
0,9,37000.0,
0,9,38000.0,0.065076132319
0,9,39000.0,0.065076132319
0,9,40000.0,0.065076132319
0,9,41000.0,
0,9,42000.0,
0,9,43000.0,
0,9,44000.0,
0,9,45000.0,0.290570914973
0,9,46000.0,0.290570914973
0,9,47000.0,0.290570914973
0,9,48000.0,0.03434325832
0,9,49000.0,0.03434325832
0,9,50000.0,0.03434325832
0,10,5000.0,
0,10,6000.0,
0,10,7000.0,
0,10,8000.0,
0,10,9000.0,
0,10,10000.0,
0,10,11000.0,
0,10,12000.0,
0,10,13000.0,
0,10,14000.0,9.045481433718
0,10,15000.0,9.045481433718
0,10,16000.0,9.045481433718
0,10,17000.0,
0,10,18000.0,0.080984154439
0,10,19000.0,0.080984154439
0,10,20000.0,0.080984154439
0,10,21000.0,
0,10,22000.0,0.082244294925
0,10,23000.0,0.082244294925
0,10,24000.0,0.082244294925
0,10,25000.0,
0,10,26000.0,0.187706395771
0,10,27000.0,0.187706395771
0,10,28000.0,0.187706395771
0,10,29000.0,
0,10,30000.0,
0,10,31000.0,0.098394518343
0,10,32000.0,0.098394518343
0,10,33000.0,0.098394518343
0,10,34000.0,0.041550536642
0,10,35000.0,0.041550536642
0,10,36000.0,0.041550536642
0,10,37000.0,
0,10,38000.0,
0,10,39000.0,0.056088700389
0,10,40000.0,0.056088700389
0,10,41000.0,0.056088700389
0,10,42000.0,
0,10,43000.0,
0,10,44000.0,
0,10,45000.0,
0,10,46000.0,
0,10,47000.0,
0,10,48000.0,
0,10,49000.0,
0,10,50000.0,
0,11,5000.0,
0,11,6000.0,
0,11,7000.0,
0,11,8000.0,0.019030643812
0,11,9000.0,0.019030643812
0,11,10000.0,0.019030643812
0,11,11000.0,0.023105417107
0,11,12000.0,0.023105417107
0,11,13000.0,0.023105417107
0,11,14000.0,
0,11,15000.0,0.058462966568
0,11,16000.0,0.058462966568
0,11,17000.0,0.058462966568
0,11,18000.0,
0,11,19000.0,0.202905768679
0,11,20000.0,0.202905768679
0,11,21000.0,0.202905768679
0,11,22000.0,
0,11,23000.0,
0,11,24000.0,0.070103841256
0,11,25000.0,0.070103841256
0,11,26000.0,0.070103841256
0,11,27000.0,
0,11,28000.0,
0,11,29000.0,
0,11,30000.0,
0,11,31000.0,
0,11,32000.0,3.057110204265
0,11,33000.0,3.057110204265
0,11,34000.0,3.057110204265
0,11,35000.0,
0,11,36000.0,
0,11,37000.0,
0,11,38000.0,
0,11,39000.0,0.037437743613
0,11,40000.0,0.037437743613
0,11,41000.0,0.037437743613
0,11,42000.0,
0,11,43000.0,
0,11,44000.0,0.02649498029
0,11,45000.0,0.02649498029
0,11,46000.0,0.02649498029
0,11,47000.0,
0,11,48000.0,
0,11,49000.0,0.125537292414
0,11,50000.0,0.125537292414
0,12,5000.0,
0,12,6000.0,
0,12,7000.0,
0,12,8000.0,3.032374586996
0,12,9000.0,3.032374586996
0,12,10000.0,3.032374586996
0,12,11000.0,
0,12,12000.0,
0,12,13000.0,
0,12,14000.0,
0,12,15000.0,
0,12,16000.0,3.274627030484
0,12,17000.0,3.274627030484
0,12,18000.0,3.274627030484
0,12,19000.0,
0,12,20000.0,
0,12,21000.0,
0,12,22000.0,
0,12,23000.0,
0,12,24000.0,
0,12,25000.0,
0,12,26000.0,
0,12,27000.0,
0,12,28000.0,
0,12,29000.0,0.052092368066
0,12,30000.0,0.052092368066
0,12,31000.0,0.052092368066
0,12,32000.0,
0,12,33000.0,0.113413108433
0,12,34000.0,0.113413108433
0,12,35000.0,0.113413108433
0,12,36000.0,
0,12,37000.0,0.168007679411
0,12,38000.0,0.168007679411
0,12,39000.0,0.168007679411
0,12,40000.0,
0,12,41000.0,
0,12,42000.0,
0,12,43000.0,
0,12,44000.0,
0,12,45000.0,
0,12,46000.0,
0,12,47000.0,
0,12,48000.0,
0,12,49000.0,9.035028046884
0,12,50000.0,9.035028046884
0,13,5000.0,
0,13,6000.0,
0,13,7000.0,
0,13,8000.0,
0,13,9000.0,
0,13,10000.0,
0,13,11000.0,
0,13,12000.0,
0,13,13000.0,
0,13,14000.0,3.013289220959
0,13,15000.0,3.013289220959
0,13,16000.0,3.013289220959
0,13,17000.0,
0,13,18000.0,
0,13,19000.0,0.062585535203
0,13,20000.0,0.062585535203
0,13,21000.0,0.062585535203
0,13,22000.0,
0,13,23000.0,
0,13,24000.0,
0,13,25000.0,
0,13,26000.0,
0,13,27000.0,0.035559373506
0,13,28000.0,0.035559373506
0,13,29000.0,0.035559373506
0,13,30000.0,
0,13,31000.0,
0,13,32000.0,
0,13,33000.0,0.032963280999
0,13,34000.0,0.032963280999
0,13,35000.0,0.032963280999
0,13,36000.0,
0,13,37000.0,
0,13,38000.0,0.101859462987
0,13,39000.0,0.101859462987
0,13,40000.0,0.101859462987
0,13,41000.0,0.182295242704
0,13,42000.0,0.182295242704
0,13,43000.0,0.182295242704
0,13,44000.0,
0,13,45000.0,
0,13,46000.0,
0,13,47000.0,
0,13,48000.0,
0,13,49000.0,0.077947773552
0,13,50000.0,0.077947773552
0,14,5000.0,0.0
0,14,6000.0,0.0
0,14,7000.0,0.0
0,14,8000.0,
0,14,9000.0,
0,14,10000.0,0.0
0,14,11000.0,0.0
0,14,12000.0,0.0
0,14,13000.0,0.0
0,14,14000.0,0.0
0,14,15000.0,0.0
0,14,16000.0,
0,14,17000.0,
0,14,18000.0,0.0
0,14,19000.0,0.0
0,14,20000.0,0.0
0,14,21000.0,
0,14,22000.0,0.0
0,14,23000.0,0.0
0,14,24000.0,0.0
0,14,25000.0,
0,14,26000.0,0.0
0,14,27000.0,0.0
0,14,28000.0,0.0
0,14,29000.0,
0,14,30000.0,0.0
0,14,31000.0,0.0
0,14,32000.0,0.0
0,14,33000.0,
0,14,34000.0,0.0
0,14,35000.0,0.0
0,14,36000.0,0.0
0,14,37000.0,
0,14,38000.0,0.0
0,14,39000.0,0.0
0,14,40000.0,0.0
0,14,41000.0,
0,14,42000.0,
0,14,43000.0,0.0
0,14,44000.0,0.0
0,14,45000.0,0.0
0,14,46000.0,
0,14,47000.0,0.0
0,14,48000.0,0.0
0,14,49000.0,0.0
0,14,50000.0,
0,15,5000.0,
0,15,6000.0,
0,15,7000.0,
0,15,8000.0,
0,15,9000.0,
0,15,10000.0,
0,15,11000.0,0.197840152371
0,15,12000.0,0.197840152371
0,15,13000.0,0.197840152371
0,15,14000.0,
0,15,15000.0,
0,15,16000.0,0.042894050607
0,15,17000.0,0.042894050607
0,15,18000.0,0.042894050607
0,15,19000.0,
0,15,20000.0,0.036374649852
0,15,21000.0,0.036374649852
0,15,22000.0,0.036374649852
0,15,23000.0,
0,15,24000.0,0.105953861397
0,15,25000.0,0.105953861397
0,15,26000.0,0.105953861397
0,15,27000.0,
0,15,28000.0,
0,15,29000.0,0.051269032867
0,15,30000.0,0.051269032867
0,15,31000.0,0.051269032867
0,15,32000.0,
0,15,33000.0,
0,15,34000.0,0.063854970527
0,15,35000.0,0.063854970527
0,15,36000.0,0.063854970527
0,15,37000.0,
0,15,38000.0,
0,15,39000.0,
0,15,40000.0,
0,15,41000.0,
0,15,42000.0,
0,15,43000.0,
0,15,44000.0,
0,15,45000.0,
0,15,46000.0,0.047592923983
0,15,47000.0,0.047592923983
0,15,48000.0,0.047592923983
0,15,49000.0,
0,15,50000.0,0.033725344567
0,16,5000.0,
0,16,6000.0,
0,16,7000.0,
0,16,8000.0,
0,16,9000.0,
0,16,10000.0,
0,16,11000.0,0.200725557348
0,16,12000.0,0.200725557348
0,16,13000.0,0.200725557348
0,16,14000.0,
0,16,15000.0,0.158702044545
0,16,16000.0,0.158702044545
0,16,17000.0,0.158702044545
0,16,18000.0,
0,16,19000.0,
0,16,20000.0,0.033176720542
0,16,21000.0,0.033176720542
0,16,22000.0,0.033176720542
0,16,23000.0,
0,16,24000.0,0.126929772384
0,16,25000.0,0.126929772384
0,16,26000.0,0.126929772384
0,16,27000.0,
0,16,28000.0,0.063839724406
0,16,29000.0,0.063839724406
0,16,30000.0,0.063839724406
0,16,31000.0,
0,16,32000.0,
0,16,33000.0,
0,16,34000.0,
0,16,35000.0,
0,16,36000.0,
0,16,37000.0,
0,16,38000.0,
0,16,39000.0,
0,16,40000.0,
0,16,41000.0,0.049341702447
0,16,42000.0,0.049341702447
0,16,43000.0,0.049341702447
0,16,44000.0,
0,16,45000.0,
0,16,46000.0,
0,16,47000.0,0.138367751372
0,16,48000.0,0.138367751372
0,16,49000.0,0.138367751372
0,16,50000.0,
0,17,5000.0,
0,17,6000.0,
0,17,7000.0,
0,17,8000.0,3.023914076781
0,17,9000.0,3.023914076781
0,17,10000.0,3.023914076781
0,17,11000.0,
0,17,12000.0,
0,17,13000.0,0.035855061129
0,17,14000.0,0.035855061129
0,17,15000.0,0.035855061129
0,17,16000.0,
0,17,17000.0,0.01548600692
0,17,18000.0,0.01548600692
0,17,19000.0,0.01548600692
0,17,20000.0,
0,17,21000.0,
0,17,22000.0,0.024030088967
0,17,23000.0,0.024030088967
0,17,24000.0,0.024030088967
0,17,25000.0,
0,17,26000.0,
0,17,27000.0,0.089412281154
0,17,28000.0,0.089412281154
0,17,29000.0,0.089412281154
0,17,30000.0,
0,17,31000.0,0.0175643391
0,17,32000.0,0.0175643391
0,17,33000.0,0.0175643391
0,17,34000.0,
0,17,35000.0,
0,17,36000.0,0.128310983738
0,17,37000.0,0.128310983738
0,17,38000.0,0.128310983738
0,17,39000.0,0.018950008927
0,17,40000.0,0.018950008927
0,17,41000.0,0.018950008927
0,17,42000.0,
0,17,43000.0,0.019439145599
0,17,44000.0,0.019439145599
0,17,45000.0,0.019439145599
0,17,46000.0,
0,17,47000.0,0.023587537208
0,17,48000.0,0.023587537208
0,17,49000.0,0.023587537208
0,17,50000.0,
0,18,5000.0,
0,18,6000.0,
0,18,7000.0,
0,18,8000.0,3.053495202693
0,18,9000.0,3.053495202693
0,18,10000.0,3.053495202693
0,18,11000.0,0.046925532231
0,18,12000.0,0.046925532231
0,18,13000.0,0.046925532231
0,18,14000.0,
0,18,15000.0,
0,18,16000.0,0.074554102178
0,18,17000.0,0.074554102178
0,18,18000.0,0.074554102178
0,18,19000.0,
0,18,20000.0,
0,18,21000.0,
0,18,22000.0,
0,18,23000.0,
0,18,24000.0,
0,18,25000.0,
0,18,26000.0,
0,18,27000.0,
0,18,28000.0,
0,18,29000.0,0.237963398274
0,18,30000.0,0.237963398274
0,18,31000.0,0.237963398274
0,18,32000.0,0.123538428965
0,18,33000.0,0.123538428965
0,18,34000.0,0.123538428965
0,18,35000.0,
0,18,36000.0,0.030424677219
0,18,37000.0,0.030424677219
0,18,38000.0,0.030424677219
0,18,39000.0,
0,18,40000.0,
0,18,41000.0,0.080751728724
0,18,42000.0,0.080751728724
0,18,43000.0,0.080751728724
0,18,44000.0,
0,18,45000.0,
0,18,46000.0,
0,18,47000.0,
0,18,48000.0,0.028017067504
0,18,49000.0,0.028017067504
0,18,50000.0,0.028017067504
0,19,5000.0,0.089618346353
0,19,6000.0,0.089618346353
0,19,7000.0,0.089618346353
0,19,8000.0,
0,19,9000.0,
0,19,10000.0,
0,19,11000.0,
0,19,12000.0,0.049794700922
0,19,13000.0,0.049794700922
0,19,14000.0,0.049794700922
0,19,15000.0,
0,19,16000.0,
0,19,17000.0,
0,19,18000.0,
0,19,19000.0,3.044249100785
0,19,20000.0,3.044249100785
0,19,21000.0,3.044249100785
0,19,22000.0,
0,19,23000.0,0.0163945301
0,19,24000.0,0.0163945301
0,19,25000.0,0.0163945301
0,19,26000.0,0.022476416983
0,19,27000.0,0.022476416983
0,19,28000.0,0.022476416983
0,19,29000.0,0.019141035323
0,19,30000.0,0.019141035323
0,19,31000.0,0.019141035323
0,19,32000.0,
0,19,33000.0,
0,19,34000.0,0.054782467383
0,19,35000.0,0.054782467383
0,19,36000.0,0.054782467383
0,19,37000.0,
0,19,38000.0,
0,19,39000.0,0.031609320121
0,19,40000.0,0.031609320121
0,19,41000.0,0.031609320121
0,19,42000.0,
0,19,43000.0,
0,19,44000.0,0.024825206147
0,19,45000.0,0.024825206147
0,19,46000.0,0.024825206147
0,19,47000.0,
0,19,48000.0,
0,19,49000.0,
0,19,50000.0,0.051241179676
0,20,5000.0,
0,20,6000.0,0.008893003511
0,20,7000.0,0.008893003511
0,20,8000.0,0.008893003511
0,20,9000.0,
0,20,10000.0,
0,20,11000.0,0.017039048192
0,20,12000.0,0.017039048192
0,20,13000.0,0.017039048192
0,20,14000.0,
0,20,15000.0,0.01086900777
0,20,16000.0,0.01086900777
0,20,17000.0,0.01086900777
0,20,18000.0,0.007833271874
0,20,19000.0,0.007833271874
0,20,20000.0,0.007833271874
0,20,21000.0,
0,20,22000.0,
0,20,23000.0,
0,20,24000.0,
0,20,25000.0,
0,20,26000.0,0.0149249376
0,20,27000.0,0.0149249376
0,20,28000.0,0.0149249376
0,20,29000.0,0.008133943302
0,20,30000.0,0.008133943302
0,20,31000.0,0.008133943302
0,20,32000.0,
0,20,33000.0,
0,20,34000.0,0.008654318855
0,20,35000.0,0.008654318855
0,20,36000.0,0.008654318855
0,20,37000.0,
0,20,38000.0,
0,20,39000.0,
0,20,40000.0,
0,20,41000.0,
0,20,42000.0,0.084832447728
0,20,43000.0,0.084832447728
0,20,44000.0,0.084832447728
0,20,45000.0,
0,20,46000.0,
0,20,47000.0,
0,20,48000.0,
0,20,49000.0,
0,20,50000.0,
0,21,5000.0,
0,21,6000.0,
0,21,7000.0,
0,21,8000.0,3.070051261918
0,21,9000.0,3.070051261918
0,21,10000.0,3.070051261918
0,21,11000.0,
0,21,12000.0,
0,21,13000.0,
0,21,14000.0,
0,21,15000.0,
0,21,16000.0,
0,21,17000.0,
0,21,18000.0,
0,21,19000.0,
0,21,20000.0,0.02421642441
0,21,21000.0,0.02421642441
0,21,22000.0,0.02421642441
0,21,23000.0,
0,21,24000.0,
0,21,25000.0,0.046625028408
0,21,26000.0,0.046625028408
0,21,27000.0,0.046625028408
0,21,28000.0,
0,21,29000.0,
0,21,30000.0,
0,21,31000.0,
0,21,32000.0,0.429018343735
0,21,33000.0,0.429018343735
0,21,34000.0,0.429018343735
0,21,35000.0,
0,21,36000.0,
0,21,37000.0,
0,21,38000.0,
0,21,39000.0,
0,21,40000.0,0.038052481239
0,21,41000.0,0.038052481239
0,21,42000.0,0.038052481239
0,21,43000.0,
0,21,44000.0,0.044625599991
0,21,45000.0,0.044625599991
0,21,46000.0,0.044625599991
0,21,47000.0,
0,21,48000.0,0.036480148122
0,21,49000.0,0.036480148122
0,21,50000.0,0.036480148122
0,22,5000.0,0.264849382227
0,22,6000.0,0.264849382227
0,22,7000.0,0.264849382227
0,22,8000.0,
0,22,9000.0,
0,22,10000.0,0.021652811116
0,22,11000.0,0.021652811116
0,22,12000.0,0.021652811116
0,22,13000.0,
0,22,14000.0,
0,22,15000.0,0.078317391926
0,22,16000.0,0.078317391926
0,22,17000.0,0.078317391926
0,22,18000.0,
0,22,19000.0,0.023254429779
0,22,20000.0,0.023254429779
0,22,21000.0,0.023254429779
0,22,22000.0,
0,22,23000.0,
0,22,24000.0,0.051340099081
0,22,25000.0,0.051340099081
0,22,26000.0,0.051340099081
0,22,27000.0,
0,22,28000.0,0.026674506277
0,22,29000.0,0.026674506277
0,22,30000.0,0.026674506277
0,22,31000.0,
0,22,32000.0,0.109059259277
0,22,33000.0,0.109059259277
0,22,34000.0,0.109059259277
0,22,35000.0,
0,22,36000.0,0.093487546866
0,22,37000.0,0.093487546866
0,22,38000.0,0.093487546866
0,22,39000.0,
0,22,40000.0,
0,22,41000.0,0.022832558018
0,22,42000.0,0.022832558018
0,22,43000.0,0.022832558018
0,22,44000.0,
0,22,45000.0,
0,22,46000.0,
0,22,47000.0,
0,22,48000.0,0.015184376589
0,22,49000.0,0.015184376589
0,22,50000.0,0.015184376589
0,23,5000.0,0.347185895533
0,23,6000.0,0.347185895533
0,23,7000.0,0.347185895533
0,23,8000.0,
0,23,9000.0,0.04936251587
0,23,10000.0,0.04936251587
0,23,11000.0,0.04936251587
0,23,12000.0,
0,23,13000.0,0.043179703347
0,23,14000.0,0.043179703347
0,23,15000.0,0.043179703347
0,23,16000.0,
0,23,17000.0,
0,23,18000.0,
0,23,19000.0,
0,23,20000.0,0.079102255025
0,23,21000.0,0.079102255025
0,23,22000.0,0.079102255025
0,23,23000.0,
0,23,24000.0,
0,23,25000.0,
0,23,26000.0,
0,23,27000.0,
0,23,28000.0,
0,23,29000.0,
0,23,30000.0,
0,23,31000.0,
0,23,32000.0,
0,23,33000.0,9.148717060641
0,23,34000.0,9.148717060641
0,23,35000.0,9.148717060641
0,23,36000.0,
0,23,37000.0,0.063750398515
0,23,38000.0,0.063750398515
0,23,39000.0,0.063750398515
0,23,40000.0,
0,23,41000.0,
0,23,42000.0,0.268633452718
0,23,43000.0,0.268633452718
0,23,44000.0,0.268633452718
0,23,45000.0,
0,23,46000.0,
0,23,47000.0,0.083788485211
0,23,48000.0,0.083788485211
0,23,49000.0,0.083788485211
0,23,50000.0,
0,24,5000.0,0.278689865596
0,24,6000.0,0.278689865596
0,24,7000.0,0.278689865596
0,24,8000.0,
0,24,9000.0,0.031553917562
0,24,10000.0,0.031553917562
0,24,11000.0,0.031553917562
0,24,12000.0,
0,24,13000.0,0.041445667565
0,24,14000.0,0.041445667565
0,24,15000.0,0.041445667565
0,24,16000.0,
0,24,17000.0,
0,24,18000.0,
0,24,19000.0,
0,24,20000.0,
0,24,21000.0,0.083179676631
0,24,22000.0,0.083179676631
0,24,23000.0,0.083179676631
0,24,24000.0,
0,24,25000.0,0.036581021952
0,24,26000.0,0.036581021952
0,24,27000.0,0.036581021952
0,24,28000.0,
0,24,29000.0,
0,24,30000.0,0.107881784355
0,24,31000.0,0.107881784355
0,24,32000.0,0.107881784355
0,24,33000.0,
0,24,34000.0,
0,24,35000.0,
0,24,36000.0,
0,24,37000.0,
0,24,38000.0,
0,24,39000.0,
0,24,40000.0,
0,24,41000.0,
0,24,42000.0,
0,24,43000.0,9.020788186989
0,24,44000.0,9.020788186989
0,24,45000.0,9.020788186989
0,24,46000.0,
0,24,47000.0,
0,24,48000.0,0.03477366913
0,24,49000.0,0.03477366913
0,24,50000.0,0.03477366913
1,0,5000.0,
1,0,6000.0,
1,0,7000.0,
1,0,8000.0,
1,0,9000.0,0.026080718445
1,0,10000.0,0.026080718445
1,0,11000.0,0.026080718445
1,0,12000.0,
1,0,13000.0,
1,0,14000.0,
1,0,15000.0,
1,0,16000.0,
1,0,17000.0,
1,0,18000.0,
1,0,19000.0,
1,0,20000.0,
1,0,21000.0,
1,0,22000.0,0.176848522867
1,0,23000.0,0.176848522867
1,0,24000.0,0.176848522867
1,0,25000.0,
1,0,26000.0,
1,0,27000.0,0.033692255538
1,0,28000.0,0.033692255538
1,0,29000.0,0.033692255538
1,0,30000.0,
1,0,31000.0,
1,0,32000.0,
1,0,33000.0,
1,0,34000.0,
1,0,35000.0,
1,0,36000.0,
1,0,37000.0,0.058008236359
1,0,38000.0,0.058008236359
1,0,39000.0,0.058008236359
1,0,40000.0,
1,0,41000.0,
1,0,42000.0,
1,0,43000.0,
1,0,44000.0,3.347686767982
1,0,45000.0,3.347686767982
1,0,46000.0,3.347686767982
1,0,47000.0,
1,0,48000.0,
1,0,49000.0,
1,0,50000.0,
1,1,5000.0,
1,1,6000.0,
1,1,7000.0,
1,1,8000.0,
1,1,9000.0,
1,1,10000.0,
1,1,11000.0,
1,1,12000.0,
1,1,13000.0,
1,1,14000.0,3.23514583406
1,1,15000.0,3.23514583406
1,1,16000.0,3.23514583406
1,1,17000.0,
1,1,18000.0,0.088624356323
1,1,19000.0,0.088624356323
1,1,20000.0,0.088624356323
1,1,21000.0,
1,1,22000.0,
1,1,23000.0,
1,1,24000.0,
1,1,25000.0,0.180790349123
1,1,26000.0,0.180790349123
1,1,27000.0,0.180790349123
1,1,28000.0,
1,1,29000.0,0.25087373462
1,1,30000.0,0.25087373462
1,1,31000.0,0.25087373462
1,1,32000.0,
1,1,33000.0,
1,1,34000.0,
1,1,35000.0,
1,1,36000.0,
1,1,37000.0,
1,1,38000.0,
1,1,39000.0,
1,1,40000.0,
1,1,41000.0,0.069425607684
1,1,42000.0,0.069425607684
1,1,43000.0,0.069425607684
1,1,44000.0,
1,1,45000.0,
1,1,46000.0,
1,1,47000.0,
1,1,48000.0,
1,1,49000.0,
1,1,50000.0,
1,2,5000.0,
1,2,6000.0,
1,2,7000.0,
1,2,8000.0,
1,2,9000.0,
1,2,10000.0,
1,2,11000.0,
1,2,12000.0,
1,2,13000.0,
1,2,14000.0,
1,2,15000.0,
1,2,16000.0,
1,2,17000.0,
1,2,18000.0,
1,2,19000.0,
1,2,20000.0,
1,2,21000.0,
1,2,22000.0,
1,2,23000.0,
1,2,24000.0,
1,2,25000.0,
1,2,26000.0,
1,2,27000.0,
1,2,28000.0,
1,2,29000.0,
1,2,30000.0,
1,2,31000.0,
1,2,32000.0,
1,2,33000.0,
1,2,34000.0,
1,2,35000.0,
1,2,36000.0,
1,2,37000.0,
1,2,38000.0,24.24555119693
1,2,39000.0,24.24555119693
1,2,40000.0,24.24555119693
1,2,41000.0,
1,2,42000.0,0.160342629683
1,2,43000.0,0.160342629683
1,2,44000.0,0.160342629683
1,2,45000.0,
1,2,46000.0,
1,2,47000.0,
1,2,48000.0,
1,2,49000.0,
1,2,50000.0,0.210848998141
1,4,5000.0,
1,4,6000.0,
1,4,7000.0,
1,4,8000.0,
1,4,9000.0,
1,4,10000.0,
1,4,11000.0,
1,4,12000.0,
1,4,13000.0,
1,4,14000.0,
1,4,15000.0,
1,4,16000.0,
1,4,17000.0,
1,4,18000.0,
1,4,19000.0,
1,4,20000.0,9.040634180768
1,4,21000.0,9.040634180768
1,4,22000.0,9.040634180768
1,4,23000.0,0.034545846852
1,4,24000.0,0.034545846852
1,4,25000.0,0.034545846852
1,4,26000.0,
1,4,27000.0,
1,4,28000.0,0.05845143018
1,4,29000.0,0.05845143018
1,4,30000.0,0.05845143018
1,4,31000.0,
1,4,32000.0,
1,4,33000.0,
1,4,34000.0,0.042441613918
1,4,35000.0,0.042441613918
1,4,36000.0,0.042441613918
1,4,37000.0,
1,4,38000.0,
1,4,39000.0,
1,4,40000.0,
1,4,41000.0,0.138029218304
1,4,42000.0,0.138029218304
1,4,43000.0,0.138029218304
1,4,44000.0,
1,4,45000.0,
1,4,46000.0,
1,4,47000.0,
1,4,48000.0,
1,4,49000.0,0.053776666618
1,4,50000.0,0.053776666618
1,5,5000.0,
1,5,6000.0,
1,5,7000.0,
1,5,8000.0,
1,5,9000.0,
1,5,10000.0,
1,5,11000.0,
1,5,12000.0,
1,5,13000.0,
1,5,14000.0,3.051129134428
1,5,15000.0,3.051129134428
1,5,16000.0,3.051129134428
1,5,17000.0,
1,5,18000.0,0.050852032866
1,5,19000.0,0.050852032866
1,5,20000.0,0.050852032866
1,5,21000.0,
1,5,22000.0,
1,5,23000.0,
1,5,24000.0,
1,5,25000.0,0.0228324389
1,5,26000.0,0.0228324389
1,5,27000.0,0.0228324389
1,5,28000.0,
1,5,29000.0,
1,5,30000.0,
1,5,31000.0,
1,5,32000.0,
1,5,33000.0,
1,5,34000.0,
1,5,35000.0,
1,5,36000.0,
1,5,37000.0,
1,5,38000.0,
1,5,39000.0,
1,5,40000.0,
1,5,41000.0,9.026966200293
1,5,42000.0,9.026966200293
1,5,43000.0,9.026966200293
1,5,44000.0,
1,5,45000.0,0.027342445778
1,5,46000.0,0.027342445778
1,5,47000.0,0.027342445778
1,5,48000.0,
1,5,49000.0,
1,5,50000.0,
1,6,5000.0,
1,6,6000.0,
1,6,7000.0,
1,6,8000.0,6.064617935714
1,6,9000.0,6.064617935714
1,6,10000.0,6.064617935714
1,6,11000.0,
1,6,12000.0,
1,6,13000.0,
1,6,14000.0,
1,6,15000.0,
1,6,16000.0,
1,6,17000.0,
1,6,18000.0,
1,6,19000.0,3.087356468834
1,6,20000.0,3.087356468834
1,6,21000.0,3.087356468834
1,6,22000.0,
1,6,23000.0,0.031874490161
1,6,24000.0,0.031874490161
1,6,25000.0,0.031874490161
1,6,26000.0,
1,6,27000.0,0.008454739117
1,6,28000.0,0.008454739117
1,6,29000.0,0.008454739117
1,6,30000.0,
1,6,31000.0,
1,6,32000.0,
1,6,33000.0,
1,6,34000.0,0.018267085916
1,6,35000.0,0.018267085916
1,6,36000.0,0.018267085916
1,6,37000.0,0.021162327495
1,6,38000.0,0.021162327495
1,6,39000.0,0.021162327495
1,6,40000.0,
1,6,41000.0,
1,6,42000.0,0.056541355043
1,6,43000.0,0.056541355043
1,6,44000.0,0.056541355043
1,6,45000.0,
1,6,46000.0,
1,6,47000.0,
1,6,48000.0,
1,6,49000.0,3.016583170904
1,6,50000.0,3.016583170904
1,7,5000.0,0.307073790603
1,7,6000.0,0.307073790603
1,7,7000.0,0.307073790603
1,7,8000.0,
1,7,9000.0,
1,7,10000.0,0.033028011874
1,7,11000.0,0.033028011874
1,7,12000.0,0.033028011874
1,7,13000.0,
1,7,14000.0,
1,7,15000.0,0.064266385369
1,7,16000.0,0.064266385369
1,7,17000.0,0.064266385369
1,7,18000.0,
1,7,19000.0,
1,7,20000.0,
1,7,21000.0,
1,7,22000.0,
1,7,23000.0,
1,7,24000.0,
1,7,25000.0,
1,7,26000.0,
1,7,27000.0,
1,7,28000.0,
1,7,29000.0,
1,7,30000.0,
1,7,31000.0,
1,7,32000.0,
1,7,33000.0,
1,7,34000.0,
1,7,35000.0,
1,7,36000.0,
1,7,37000.0,
1,7,38000.0,
1,7,39000.0,
1,7,40000.0,
1,7,41000.0,
1,7,42000.0,
1,7,43000.0,
1,7,44000.0,
1,7,45000.0,
1,7,46000.0,
1,7,47000.0,
1,7,48000.0,
1,7,49000.0,
1,7,50000.0,
1,8,5000.0,0.235593982749
1,8,6000.0,0.235593982749
1,8,7000.0,0.235593982749
1,8,8000.0,
1,8,9000.0,
1,8,10000.0,
1,8,11000.0,
1,8,12000.0,0.030005302337
1,8,13000.0,0.030005302337
1,8,14000.0,0.030005302337
1,8,15000.0,
1,8,16000.0,
1,8,17000.0,
1,8,18000.0,
1,8,19000.0,3.049840985438
1,8,20000.0,3.049840985438
1,8,21000.0,3.049840985438
1,8,22000.0,
1,8,23000.0,
1,8,24000.0,0.02557590339
1,8,25000.0,0.02557590339
1,8,26000.0,0.02557590339
1,8,27000.0,
1,8,28000.0,0.084552239182
1,8,29000.0,0.084552239182
1,8,30000.0,0.084552239182
1,8,31000.0,
1,8,32000.0,
1,8,33000.0,
1,8,34000.0,
1,8,35000.0,
1,8,36000.0,
1,8,37000.0,
1,8,38000.0,
1,8,39000.0,
1,8,40000.0,
1,8,41000.0,
1,8,42000.0,
1,8,43000.0,
1,8,44000.0,
1,8,45000.0,
1,8,46000.0,
1,8,47000.0,12.063150790257
1,8,48000.0,12.063150790257
1,8,49000.0,12.063150790257
1,8,50000.0,0.094302884543
1,9,5000.0,0.198325712947
1,9,6000.0,0.198325712947
1,9,7000.0,0.198325712947
1,9,8000.0,
1,9,9000.0,0.036481113105
1,9,10000.0,0.036481113105
1,9,11000.0,0.036481113105
1,9,12000.0,
1,9,13000.0,
1,9,14000.0,
1,9,15000.0,
1,9,16000.0,
1,9,17000.0,3.18204903164
1,9,18000.0,3.18204903164
1,9,19000.0,3.18204903164
1,9,20000.0,
1,9,21000.0,
1,9,22000.0,
1,9,23000.0,
1,9,24000.0,0.041085921802
1,9,25000.0,0.041085921802
1,9,26000.0,0.041085921802
1,9,27000.0,
1,9,28000.0,
1,9,29000.0,0.023755708438
1,9,30000.0,0.023755708438
1,9,31000.0,0.023755708438
1,9,32000.0,
1,9,33000.0,
1,9,34000.0,
1,9,35000.0,
1,9,36000.0,0.047565153482
1,9,37000.0,0.047565153482
1,9,38000.0,0.047565153482
1,9,39000.0,
1,9,40000.0,0.03263296232
1,9,41000.0,0.03263296232
1,9,42000.0,0.03263296232
1,9,43000.0,
1,9,44000.0,
1,9,45000.0,
1,9,46000.0,
1,9,47000.0,
1,9,48000.0,
1,9,49000.0,
1,9,50000.0,
1,10,5000.0,
1,10,6000.0,
1,10,7000.0,
1,10,8000.0,
1,10,9000.0,
1,10,10000.0,
1,10,11000.0,
1,10,12000.0,
1,10,13000.0,
1,10,14000.0,
1,10,15000.0,
1,10,16000.0,
1,10,17000.0,3.228655088719
1,10,18000.0,3.228655088719
1,10,19000.0,3.228655088719
1,10,20000.0,
1,10,21000.0,
1,10,22000.0,0.034125575354
1,10,23000.0,0.034125575354
1,10,24000.0,0.034125575354
1,10,25000.0,0.019491302077
1,10,26000.0,0.019491302077
1,10,27000.0,0.019491302077
1,10,28000.0,
1,10,29000.0,
1,10,30000.0,0.015926319447
1,10,31000.0,0.015926319447
1,10,32000.0,0.015926319447
1,10,33000.0,
1,10,34000.0,
1,10,35000.0,
1,10,36000.0,
1,10,37000.0,
1,10,38000.0,0.096332929189
1,10,39000.0,0.096332929189
1,10,40000.0,0.096332929189
1,10,41000.0,
1,10,42000.0,0.037849790766
1,10,43000.0,0.037849790766
1,10,44000.0,0.037849790766
1,10,45000.0,
1,10,46000.0,
1,10,47000.0,0.258923732936
1,10,48000.0,0.258923732936
1,10,49000.0,0.258923732936
1,10,50000.0,
1,11,5000.0,0.072776990011
1,11,6000.0,0.072776990011
1,11,7000.0,0.072776990011
1,11,8000.0,
1,11,9000.0,
1,11,10000.0,
1,11,11000.0,
1,11,12000.0,0.014394544718
1,11,13000.0,0.014394544718
1,11,14000.0,0.014394544718
1,11,15000.0,0.012158531576
1,11,16000.0,0.012158531576
1,11,17000.0,0.012158531576
1,11,18000.0,0.008893764619
1,11,19000.0,0.008893764619
1,11,20000.0,0.008893764619
1,11,21000.0,
1,11,22000.0,
1,11,23000.0,0.0085934833
1,11,24000.0,0.0085934833
1,11,25000.0,0.0085934833
1,11,26000.0,
1,11,27000.0,0.01004693835
1,11,28000.0,0.01004693835
1,11,29000.0,0.01004693835
1,11,30000.0,
1,11,31000.0,0.011848818284
1,11,32000.0,0.011848818284
1,11,33000.0,0.011848818284
1,11,34000.0,
1,11,35000.0,
1,11,36000.0,0.008844688965
1,11,37000.0,0.008844688965
1,11,38000.0,0.008844688965
1,11,39000.0,
1,11,40000.0,0.141968831829
1,11,41000.0,0.141968831829
1,11,42000.0,0.141968831829
1,11,43000.0,
1,11,44000.0,0.011213236968
1,11,45000.0,0.011213236968
1,11,46000.0,0.011213236968
1,11,47000.0,
1,11,48000.0,
1,11,49000.0,
1,11,50000.0,
1,12,5000.0,
1,12,6000.0,
1,12,7000.0,
1,12,8000.0,3.027011828637
1,12,9000.0,3.027011828637
1,12,10000.0,3.027011828637
1,12,11000.0,
1,12,12000.0,
1,12,13000.0,
1,12,14000.0,
1,12,15000.0,0.042717240373
1,12,16000.0,0.042717240373
1,12,17000.0,0.042717240373
1,12,18000.0,
1,12,19000.0,0.008233841161
1,12,20000.0,0.008233841161
1,12,21000.0,0.008233841161
1,12,22000.0,
1,12,23000.0,
1,12,24000.0,0.02214858478
1,12,25000.0,0.02214858478
1,12,26000.0,0.02214858478
1,12,27000.0,0.008323349901
1,12,28000.0,0.008323349901
1,12,29000.0,0.008323349901
1,12,30000.0,
1,12,31000.0,
1,12,32000.0,
1,12,33000.0,
1,12,34000.0,0.008713087715
1,12,35000.0,0.008713087715
1,12,36000.0,0.008713087715
1,12,37000.0,
1,12,38000.0,0.017143240512
1,12,39000.0,0.017143240512
1,12,40000.0,0.017143240512
1,12,41000.0,
1,12,42000.0,
1,12,43000.0,0.011460991598
1,12,44000.0,0.011460991598
1,12,45000.0,0.011460991598
1,12,46000.0,
1,12,47000.0,0.011420042191
1,12,48000.0,0.011420042191
1,12,49000.0,0.011420042191
1,12,50000.0,
1,13,5000.0,
1,13,6000.0,
1,13,7000.0,
1,13,8000.0,
1,13,9000.0,
1,13,10000.0,0.034169746116
1,13,11000.0,0.034169746116
1,13,12000.0,0.034169746116
1,13,13000.0,0.007870589984
1,13,14000.0,0.007870589984
1,13,15000.0,0.007870589984
1,13,16000.0,
1,13,17000.0,0.042658279952
1,13,18000.0,0.042658279952
1,13,19000.0,0.042658279952
1,13,20000.0,0.01391489449
1,13,21000.0,0.01391489449
1,13,22000.0,0.01391489449
1,13,23000.0,
1,13,24000.0,0.008130589984
1,13,25000.0,0.008130589984
1,13,26000.0,0.008130589984
1,13,27000.0,
1,13,28000.0,
1,13,29000.0,0.031218516514
1,13,30000.0,0.031218516514
1,13,31000.0,0.031218516514
1,13,32000.0,
1,13,33000.0,
1,13,34000.0,
1,13,35000.0,
1,13,36000.0,
1,13,37000.0,
1,13,38000.0,
1,13,39000.0,
1,13,40000.0,
1,13,41000.0,
1,13,42000.0,0.072685325811
1,13,43000.0,0.072685325811
1,13,44000.0,0.072685325811
1,13,45000.0,
1,13,46000.0,0.008802190491
1,13,47000.0,0.008802190491
1,13,48000.0,0.008802190491
1,13,49000.0,
1,13,50000.0,0.009868100727
1,14,5000.0,
1,14,6000.0,
1,14,7000.0,
1,14,8000.0,3.019987579252
1,14,9000.0,3.019987579252
1,14,10000.0,3.019987579252
1,14,11000.0,
1,14,12000.0,
1,14,13000.0,
1,14,14000.0,0.03107957483
1,14,15000.0,0.03107957483
1,14,16000.0,0.03107957483
1,14,17000.0,
1,14,18000.0,
1,14,19000.0,0.039230729276
1,14,20000.0,0.039230729276
1,14,21000.0,0.039230729276
1,14,22000.0,
1,14,23000.0,
1,14,24000.0,
1,14,25000.0,
1,14,26000.0,
1,14,27000.0,
1,14,28000.0,
1,14,29000.0,
1,14,30000.0,
1,14,31000.0,
1,14,32000.0,
1,14,33000.0,
1,14,34000.0,
1,14,35000.0,
1,14,36000.0,
1,14,37000.0,
1,14,38000.0,6.059787314689
1,14,39000.0,6.059787314689
1,14,40000.0,6.059787314689
1,14,41000.0,
1,14,42000.0,
1,14,43000.0,
1,14,44000.0,
1,14,45000.0,
1,14,46000.0,
1,14,47000.0,
1,14,48000.0,
1,14,49000.0,
1,14,50000.0,
1,15,5000.0,0.127500035014
1,15,6000.0,0.127500035014
1,15,7000.0,0.127500035014
1,15,8000.0,
1,15,9000.0,
1,15,10000.0,
1,15,11000.0,
1,15,12000.0,
1,15,13000.0,
1,15,14000.0,
1,15,15000.0,
1,15,16000.0,
1,15,17000.0,
1,15,18000.0,0.015445867517
1,15,19000.0,0.015445867517
1,15,20000.0,0.015445867517
1,15,21000.0,
1,15,22000.0,
1,15,23000.0,
1,15,24000.0,
1,15,25000.0,
1,15,26000.0,
1,15,27000.0,
1,15,28000.0,
1,15,29000.0,
1,15,30000.0,
1,15,31000.0,
1,15,32000.0,
1,15,33000.0,
1,15,34000.0,
1,15,35000.0,
1,15,36000.0,
1,15,37000.0,
1,15,38000.0,
1,15,39000.0,
1,15,40000.0,
1,15,41000.0,
1,15,42000.0,
1,15,43000.0,
1,15,44000.0,
1,15,45000.0,
1,15,46000.0,3.020385695571
1,15,47000.0,3.020385695571
1,15,48000.0,3.020385695571
1,15,49000.0,
1,15,50000.0,
1,16,5000.0,0.243480831776
1,16,6000.0,0.243480831776
1,16,7000.0,0.243480831776
1,16,8000.0,0.030582445565
1,16,9000.0,0.030582445565
1,16,10000.0,0.030582445565
1,16,11000.0,
1,16,12000.0,
1,16,13000.0,
1,16,14000.0,0.407726135908
1,16,15000.0,0.407726135908
1,16,16000.0,0.407726135908
1,16,17000.0,
1,16,18000.0,
1,16,19000.0,
1,16,20000.0,
1,16,21000.0,
1,16,22000.0,
1,16,23000.0,
1,16,24000.0,
1,16,25000.0,0.052632170251
1,16,26000.0,0.052632170251
1,16,27000.0,0.052632170251
1,16,28000.0,
1,16,29000.0,0.030089933725
1,16,30000.0,0.030089933725
1,16,31000.0,0.030089933725
1,16,32000.0,
1,16,33000.0,
1,16,34000.0,0.159953481408
1,16,35000.0,0.159953481408
1,16,36000.0,0.159953481408
1,16,37000.0,
1,16,38000.0,
1,16,39000.0,
1,16,40000.0,
1,16,41000.0,0.024749686078
1,16,42000.0,0.024749686078
1,16,43000.0,0.024749686078
1,16,44000.0,
1,16,45000.0,
1,16,46000.0,
1,16,47000.0,
1,16,48000.0,
1,16,49000.0,0.118518955652
1,16,50000.0,0.118518955652
1,17,5000.0,
1,17,6000.0,
1,17,7000.0,
1,17,8000.0,
1,17,9000.0,
1,17,10000.0,
1,17,11000.0,
1,17,12000.0,
1,17,13000.0,
1,17,14000.0,
1,17,15000.0,
1,17,16000.0,
1,17,17000.0,
1,17,18000.0,
1,17,19000.0,
1,17,20000.0,9.06962229581
1,17,21000.0,9.06962229581
1,17,22000.0,9.06962229581
1,17,23000.0,
1,17,24000.0,
1,17,25000.0,
1,17,26000.0,
1,17,27000.0,
1,17,28000.0,0.039879631971
1,17,29000.0,0.039879631971
1,17,30000.0,0.039879631971
1,17,31000.0,0.028208064819
1,17,32000.0,0.028208064819
1,17,33000.0,0.028208064819
1,17,34000.0,
1,17,35000.0,0.036344510657
1,17,36000.0,0.036344510657
1,17,37000.0,0.036344510657
1,17,38000.0,
1,17,39000.0,0.032409837492
1,17,40000.0,0.032409837492
1,17,41000.0,0.032409837492
1,17,42000.0,
1,17,43000.0,0.09298106956
1,17,44000.0,0.09298106956
1,17,45000.0,0.09298106956
1,17,46000.0,
1,17,47000.0,
1,17,48000.0,
1,17,49000.0,
1,17,50000.0,3.138174756636
1,18,5000.0,
1,18,6000.0,
1,18,7000.0,
1,18,8000.0,
1,18,9000.0,
1,18,10000.0,
1,18,11000.0,
1,18,12000.0,
1,18,13000.0,
1,18,14000.0,
1,18,15000.0,0.011554789626
1,18,16000.0,0.011554789626
1,18,17000.0,0.011554789626
1,18,18000.0,
1,18,19000.0,0.126911314854
1,18,20000.0,0.126911314854
1,18,21000.0,0.126911314854
1,18,22000.0,
1,18,23000.0,0.007492789626
1,18,24000.0,0.007492789626
1,18,25000.0,0.007492789626
1,18,26000.0,0.03285114909
1,18,27000.0,0.03285114909
1,18,28000.0,0.03285114909
1,18,29000.0,
1,18,30000.0,
1,18,31000.0,
1,18,32000.0,
1,18,33000.0,
1,18,34000.0,
1,18,35000.0,
1,18,36000.0,
1,18,37000.0,0.111185771429
1,18,38000.0,0.111185771429
1,18,39000.0,0.111185771429
1,18,40000.0,
1,18,41000.0,
1,18,42000.0,
1,18,43000.0,
1,18,44000.0,
1,18,45000.0,
1,18,46000.0,
1,18,47000.0,
1,18,48000.0,
1,18,49000.0,
1,18,50000.0,
1,19,5000.0,
1,19,6000.0,
1,19,7000.0,0.025624289331
1,19,8000.0,0.025624289331
1,19,9000.0,0.025624289331
1,19,10000.0,
1,19,11000.0,0.014800355598
1,19,12000.0,0.014800355598
1,19,13000.0,0.014800355598
1,19,14000.0,
1,19,15000.0,0.012198638827
1,19,16000.0,0.012198638827
1,19,17000.0,0.012198638827
1,19,18000.0,
1,19,19000.0,
1,19,20000.0,
1,19,21000.0,
1,19,22000.0,0.09723036211
1,19,23000.0,0.09723036211
1,19,24000.0,0.09723036211
1,19,25000.0,
1,19,26000.0,0.014917048079
1,19,27000.0,0.014917048079
1,19,28000.0,0.014917048079
1,19,29000.0,0.008173008965
1,19,30000.0,0.008173008965
1,19,31000.0,0.008173008965
1,19,32000.0,
1,19,33000.0,0.009735018041
1,19,34000.0,0.009735018041
1,19,35000.0,0.009735018041
1,19,36000.0,
1,19,37000.0,
1,19,38000.0,
1,19,39000.0,
1,19,40000.0,
1,19,41000.0,
1,19,42000.0,
1,19,43000.0,
1,19,44000.0,
1,19,45000.0,
1,19,46000.0,0.010827107618
1,19,47000.0,0.010827107618
1,19,48000.0,0.010827107618
1,19,49000.0,
1,19,50000.0,0.011815678732
1,20,5000.0,
1,20,6000.0,
1,20,7000.0,
1,20,8000.0,
1,20,9000.0,
1,20,10000.0,
1,20,11000.0,
1,20,12000.0,
1,20,13000.0,
1,20,14000.0,
1,20,15000.0,
1,20,16000.0,
1,20,17000.0,12.013932394304
1,20,18000.0,12.013932394304
1,20,19000.0,12.013932394304
1,20,20000.0,
1,20,21000.0,
1,20,22000.0,
1,20,23000.0,
1,20,24000.0,
1,20,25000.0,
1,20,26000.0,
1,20,27000.0,
1,20,28000.0,
1,20,29000.0,
1,20,30000.0,
1,20,31000.0,
1,20,32000.0,
1,20,33000.0,
1,20,34000.0,
1,20,35000.0,
1,20,36000.0,
1,20,37000.0,
1,20,38000.0,
1,20,39000.0,
1,20,40000.0,9.041474561423
1,20,41000.0,9.041474561423
1,20,42000.0,9.041474561423
1,20,43000.0,
1,20,44000.0,
1,20,45000.0,
1,20,46000.0,
1,20,47000.0,
1,20,48000.0,
1,20,49000.0,
1,20,50000.0,
1,21,5000.0,
1,21,6000.0,
1,21,7000.0,
1,21,8000.0,
1,21,9000.0,
1,21,10000.0,
1,21,11000.0,
1,21,12000.0,
1,21,13000.0,
1,21,14000.0,
1,21,15000.0,
1,21,16000.0,
1,21,17000.0,
1,21,18000.0,
1,21,19000.0,
1,21,20000.0,9.046287512118
1,21,21000.0,9.046287512118
1,21,22000.0,9.046287512118
1,21,23000.0,
1,21,24000.0,0.028207095884
1,21,25000.0,0.028207095884
1,21,26000.0,0.028207095884
1,21,27000.0,0.040871594105
1,21,28000.0,0.040871594105
1,21,29000.0,0.040871594105
1,21,30000.0,
1,21,31000.0,
1,21,32000.0,
1,21,33000.0,0.343521403258
1,21,34000.0,0.343521403258
1,21,35000.0,0.343521403258
1,21,36000.0,
1,21,37000.0,
1,21,38000.0,0.087703478725
1,21,39000.0,0.087703478725
1,21,40000.0,0.087703478725
1,21,41000.0,
1,21,42000.0,
1,21,43000.0,0.165854579103
1,21,44000.0,0.165854579103
1,21,45000.0,0.165854579103
1,21,46000.0,0.047306689073
1,21,47000.0,0.047306689073
1,21,48000.0,0.047306689073
1,21,49000.0,
1,21,50000.0,
1,22,5000.0,
1,22,6000.0,
1,22,7000.0,
1,22,8000.0,
1,22,9000.0,
1,22,10000.0,
1,22,11000.0,
1,22,12000.0,
1,22,13000.0,
1,22,14000.0,3.195214307636
1,22,15000.0,3.195214307636
1,22,16000.0,3.195214307636
1,22,17000.0,
1,22,18000.0,
1,22,19000.0,
1,22,20000.0,
1,22,21000.0,
1,22,22000.0,
1,22,23000.0,
1,22,24000.0,
1,22,25000.0,
1,22,26000.0,
1,22,27000.0,
1,22,28000.0,
1,22,29000.0,
1,22,30000.0,3.141157456755
1,22,31000.0,3.141157456755
1,22,32000.0,3.141157456755
1,22,33000.0,
1,22,34000.0,
1,22,35000.0,0.054643336097
1,22,36000.0,0.054643336097
1,22,37000.0,0.054643336097
1,22,38000.0,
1,22,39000.0,
1,22,40000.0,
1,22,41000.0,
1,22,42000.0,
1,22,43000.0,
1,22,44000.0,
1,22,45000.0,
1,22,46000.0,
1,22,47000.0,
1,22,48000.0,
1,22,49000.0,
1,22,50000.0,
1,23,5000.0,0.068706266403
1,23,6000.0,0.068706266403
1,23,7000.0,0.068706266403
1,23,8000.0,
1,23,9000.0,
1,23,10000.0,
1,23,11000.0,
1,23,12000.0,
1,23,13000.0,
1,23,14000.0,
1,23,15000.0,
1,23,16000.0,
1,23,17000.0,0.036849122611
1,23,18000.0,0.036849122611
1,23,19000.0,0.036849122611
1,23,20000.0,
1,23,21000.0,
1,23,22000.0,
1,23,23000.0,
1,23,24000.0,
1,23,25000.0,
1,23,26000.0,
1,23,27000.0,
1,23,28000.0,
1,23,29000.0,
1,23,30000.0,
1,23,31000.0,0.016286718514
1,23,32000.0,0.016286718514
1,23,33000.0,0.016286718514
1,23,34000.0,
1,23,35000.0,0.04884324956
1,23,36000.0,0.04884324956
1,23,37000.0,0.04884324956
1,23,38000.0,0.016016005481
1,23,39000.0,0.016016005481
1,23,40000.0,0.016016005481
1,23,41000.0,
1,23,42000.0,0.036691846698
1,23,43000.0,0.036691846698
1,23,44000.0,0.036691846698
1,23,45000.0,
1,23,46000.0,
1,23,47000.0,
1,23,48000.0,
1,23,49000.0,
1,23,50000.0,
1,24,5000.0,
1,24,6000.0,
1,24,7000.0,
1,24,8000.0,
1,24,9000.0,
1,24,10000.0,
1,24,11000.0,
1,24,12000.0,
1,24,13000.0,
1,24,14000.0,
1,24,15000.0,
1,24,16000.0,
1,24,17000.0,
1,24,18000.0,
1,24,19000.0,
1,24,20000.0,
1,24,21000.0,
1,24,22000.0,
1,24,23000.0,0.138162420457
1,24,24000.0,0.138162420457
1,24,25000.0,0.138162420457
1,24,26000.0,
1,24,27000.0,
1,24,28000.0,0.163933788833
1,24,29000.0,0.163933788833
1,24,30000.0,0.163933788833
1,24,31000.0,
1,24,32000.0,0.066495616391
1,24,33000.0,0.066495616391
1,24,34000.0,0.066495616391
1,24,35000.0,0.052859209067
1,24,36000.0,0.052859209067
1,24,37000.0,0.052859209067
1,24,38000.0,
1,24,39000.0,
1,24,40000.0,
1,24,41000.0,
1,24,42000.0,
1,24,43000.0,
1,24,44000.0,0.103362554489
1,24,45000.0,0.103362554489
1,24,46000.0,0.103362554489
1,24,47000.0,
1,24,48000.0,0.354875023326
1,24,49000.0,0.354875023326
1,24,50000.0,0.354875023326
2,0,5000.0,
2,0,6000.0,
2,0,7000.0,
2,0,8000.0,
2,0,9000.0,
2,0,10000.0,
2,0,11000.0,
2,0,12000.0,
2,0,13000.0,
2,0,14000.0,
2,0,15000.0,
2,0,16000.0,
2,0,17000.0,
2,0,18000.0,
2,0,19000.0,
2,0,20000.0,
2,0,21000.0,
2,0,22000.0,
2,0,23000.0,0.101110142659
2,0,24000.0,0.101110142659
2,0,25000.0,0.101110142659
2,0,26000.0,
2,0,27000.0,
2,0,28000.0,
2,0,29000.0,
2,0,30000.0,
2,0,31000.0,
2,0,32000.0,
2,0,33000.0,
2,0,34000.0,
2,0,35000.0,
2,0,36000.0,0.170237550312
2,0,37000.0,0.170237550312
2,0,38000.0,0.170237550312
2,0,39000.0,
2,0,40000.0,0.169879575085
2,0,41000.0,0.169879575085
2,0,42000.0,0.169879575085
2,0,43000.0,
2,0,44000.0,0.096047071564
2,0,45000.0,0.096047071564
2,0,46000.0,0.096047071564
2,0,47000.0,
2,0,48000.0,0.077420804478
2,0,49000.0,0.077420804478
2,0,50000.0,0.077420804478
2,1,5000.0,3.06660224743
2,1,6000.0,3.06660224743
2,1,7000.0,3.06660224743
2,1,8000.0,0.11992339204
2,1,9000.0,0.11992339204
2,1,10000.0,0.11992339204
2,1,11000.0,
2,1,12000.0,
2,1,13000.0,0.040445623014
2,1,14000.0,0.040445623014
2,1,15000.0,0.040445623014
2,1,16000.0,
2,1,17000.0,0.15074168509
2,1,18000.0,0.15074168509
2,1,19000.0,0.15074168509
2,1,20000.0,
2,1,21000.0,
2,1,22000.0,
2,1,23000.0,
2,1,24000.0,0.137084410308
2,1,25000.0,0.137084410308
2,1,26000.0,0.137084410308
2,1,27000.0,
2,1,28000.0,0.022712842837
2,1,29000.0,0.022712842837
2,1,30000.0,0.022712842837
2,1,31000.0,
2,1,32000.0,0.100507954293
2,1,33000.0,0.100507954293
2,1,34000.0,0.100507954293
2,1,35000.0,
2,1,36000.0,
2,1,37000.0,
2,1,38000.0,
2,1,39000.0,
2,1,40000.0,
2,1,41000.0,
2,1,42000.0,
2,1,43000.0,0.211867882514
2,1,44000.0,0.211867882514
2,1,45000.0,0.211867882514
2,1,46000.0,
2,1,47000.0,
2,1,48000.0,
2,1,49000.0,
2,1,50000.0,0.022218697754
2,2,5000.0,
2,2,6000.0,
2,2,7000.0,
2,2,8000.0,3.089745504326
2,2,9000.0,3.089745504326
2,2,10000.0,3.089745504326
2,2,11000.0,
2,2,12000.0,0.222112454287
2,2,13000.0,0.222112454287
2,2,14000.0,0.222112454287
2,2,15000.0,
2,2,16000.0,
2,2,17000.0,
2,2,18000.0,
2,2,19000.0,
2,2,20000.0,
2,2,21000.0,
2,2,22000.0,
2,2,23000.0,
2,2,24000.0,
2,2,25000.0,0.121329009245
2,2,26000.0,0.121329009245
2,2,27000.0,0.121329009245
2,2,28000.0,
2,2,29000.0,0.105313142684
2,2,30000.0,0.105313142684
2,2,31000.0,0.105313142684
2,2,32000.0,
2,2,33000.0,
2,2,34000.0,
2,2,35000.0,
2,2,36000.0,
2,2,37000.0,
2,2,38000.0,
2,2,39000.0,
2,2,40000.0,
2,2,41000.0,
2,2,42000.0,
2,2,43000.0,
2,2,44000.0,
2,2,45000.0,
2,2,46000.0,
2,2,47000.0,
2,2,48000.0,
2,2,49000.0,
2,2,50000.0,
2,4,5000.0,0.028958630924
2,4,6000.0,0.028958630924
2,4,7000.0,0.028958630924
2,4,8000.0,
2,4,9000.0,
2,4,10000.0,
2,4,11000.0,
2,4,12000.0,
2,4,13000.0,
2,4,14000.0,0.122214699326
2,4,15000.0,0.122214699326
2,4,16000.0,0.122214699326
2,4,17000.0,0.145789947139
2,4,18000.0,0.145789947139
2,4,19000.0,0.145789947139
2,4,20000.0,
2,4,21000.0,0.063595444391
2,4,22000.0,0.063595444391
2,4,23000.0,0.063595444391
2,4,24000.0,
2,4,25000.0,0.07847145597
2,4,26000.0,0.07847145597
2,4,27000.0,0.07847145597
2,4,28000.0,
2,4,29000.0,0.050541386295
2,4,30000.0,0.050541386295
2,4,31000.0,0.050541386295
2,4,32000.0,0.120088861632
2,4,33000.0,0.120088861632
2,4,34000.0,0.120088861632
2,4,35000.0,
2,4,36000.0,
2,4,37000.0,
2,4,38000.0,
2,4,39000.0,
2,4,40000.0,0.093548161255
2,4,41000.0,0.093548161255
2,4,42000.0,0.093548161255
2,4,43000.0,
2,4,44000.0,
2,4,45000.0,0.145161438396
2,4,46000.0,0.145161438396
2,4,47000.0,0.145161438396
2,4,48000.0,
2,4,49000.0,0.030348346366
2,4,50000.0,0.030348346366
2,5,5000.0,
2,5,6000.0,
2,5,7000.0,
2,5,8000.0,0.150385894743
2,5,9000.0,0.150385894743
2,5,10000.0,0.150385894743
2,5,11000.0,
2,5,12000.0,
2,5,13000.0,0.041923572633
2,5,14000.0,0.041923572633
2,5,15000.0,0.041923572633
2,5,16000.0,
2,5,17000.0,0.052851279581
2,5,18000.0,0.052851279581
2,5,19000.0,0.052851279581
2,5,20000.0,
2,5,21000.0,
2,5,22000.0,
2,5,23000.0,
2,5,24000.0,
2,5,25000.0,
2,5,26000.0,
2,5,27000.0,0.179032927763
2,5,28000.0,0.179032927763
2,5,29000.0,0.179032927763
2,5,30000.0,0.028786008927
2,5,31000.0,0.028786008927
2,5,32000.0,0.028786008927
2,5,33000.0,
2,5,34000.0,
2,5,35000.0,0.020038031929
2,5,36000.0,0.020038031929
2,5,37000.0,0.020038031929
2,5,38000.0,
2,5,39000.0,0.033006137232
2,5,40000.0,0.033006137232
2,5,41000.0,0.033006137232
2,5,42000.0,
2,5,43000.0,
2,5,44000.0,0.262518898795
2,5,45000.0,0.262518898795
2,5,46000.0,0.262518898795
2,5,47000.0,
2,5,48000.0,0.285249020543
2,5,49000.0,0.285249020543
2,5,50000.0,0.285249020543
2,6,5000.0,
2,6,6000.0,
2,6,7000.0,
2,6,8000.0,
2,6,9000.0,
2,6,10000.0,
2,6,11000.0,
2,6,12000.0,
2,6,13000.0,
2,6,14000.0,3.080571240934
2,6,15000.0,3.080571240934
2,6,16000.0,3.080571240934
2,6,17000.0,
2,6,18000.0,
2,6,19000.0,
2,6,20000.0,
2,6,21000.0,
2,6,22000.0,
2,6,23000.0,
2,6,24000.0,
2,6,25000.0,
2,6,26000.0,
2,6,27000.0,
2,6,28000.0,9.506640952027
2,6,29000.0,9.506640952027
2,6,30000.0,9.506640952027
2,6,31000.0,
2,6,32000.0,
2,6,33000.0,0.250583184544
2,6,34000.0,0.250583184544
2,6,35000.0,0.250583184544
2,6,36000.0,
2,6,37000.0,
2,6,38000.0,
2,6,39000.0,
2,6,40000.0,
2,6,41000.0,
2,6,42000.0,
2,6,43000.0,
2,6,44000.0,
2,6,45000.0,
2,6,46000.0,
2,6,47000.0,
2,6,48000.0,
2,6,49000.0,
2,6,50000.0,
2,7,5000.0,0.563214094772
2,7,6000.0,0.563214094772
2,7,7000.0,0.563214094772
2,7,8000.0,
2,7,9000.0,0.133543726326
2,7,10000.0,0.133543726326
2,7,11000.0,0.133543726326
2,7,12000.0,
2,7,13000.0,
2,7,14000.0,
2,7,15000.0,
2,7,16000.0,
2,7,17000.0,
2,7,18000.0,3.017048976049
2,7,19000.0,3.017048976049
2,7,20000.0,3.017048976049
2,7,21000.0,
2,7,22000.0,0.039384650413
2,7,23000.0,0.039384650413
2,7,24000.0,0.039384650413
2,7,25000.0,
2,7,26000.0,0.123780621782
2,7,27000.0,0.123780621782
2,7,28000.0,0.123780621782
2,7,29000.0,
2,7,30000.0,0.023295668971
2,7,31000.0,0.023295668971
2,7,32000.0,0.023295668971
2,7,33000.0,
2,7,34000.0,0.021894038345
2,7,35000.0,0.021894038345
2,7,36000.0,0.021894038345
2,7,37000.0,
2,7,38000.0,
2,7,39000.0,0.124381229327
2,7,40000.0,0.124381229327
2,7,41000.0,0.124381229327
2,7,42000.0,
2,7,43000.0,
2,7,44000.0,0.161073385183
2,7,45000.0,0.161073385183
2,7,46000.0,0.161073385183
2,7,47000.0,
2,7,48000.0,
2,7,49000.0,
2,7,50000.0,
2,8,5000.0,3.053646012222
2,8,6000.0,3.053646012222
2,8,7000.0,3.053646012222
2,8,8000.0,0.012517761172
2,8,9000.0,0.012517761172
2,8,10000.0,0.012517761172
2,8,11000.0,
2,8,12000.0,
2,8,13000.0,
2,8,14000.0,
2,8,15000.0,
2,8,16000.0,
2,8,17000.0,
2,8,18000.0,
2,8,19000.0,
2,8,20000.0,
2,8,21000.0,
2,8,22000.0,
2,8,23000.0,
2,8,24000.0,
2,8,25000.0,
2,8,26000.0,
2,8,27000.0,
2,8,28000.0,
2,8,29000.0,
2,8,30000.0,
2,8,31000.0,
2,8,32000.0,
2,8,33000.0,3.176739383341
2,8,34000.0,3.176739383341
2,8,35000.0,3.176739383341
2,8,36000.0,
2,8,37000.0,0.01695363745
2,8,38000.0,0.01695363745
2,8,39000.0,0.01695363745
2,8,40000.0,0.008152789626
2,8,41000.0,0.008152789626
2,8,42000.0,0.008152789626
2,8,43000.0,
2,8,44000.0,0.007712789626
2,8,45000.0,0.007712789626
2,8,46000.0,0.007712789626
2,8,47000.0,
2,8,48000.0,0.008112789626
2,8,49000.0,0.008112789626
2,8,50000.0,0.008112789626
2,9,5000.0,0.0
2,9,6000.0,0.0
2,9,7000.0,0.0
2,9,8000.0,
2,9,9000.0,0.0
2,9,10000.0,0.0
2,9,11000.0,0.0
2,9,12000.0,
2,9,13000.0,0.0
2,9,14000.0,0.0
2,9,15000.0,0.0
2,9,16000.0,0.0
2,9,17000.0,0.0
2,9,18000.0,0.0
2,9,19000.0,
2,9,20000.0,0.0
2,9,21000.0,0.0
2,9,22000.0,0.0
2,9,23000.0,
2,9,24000.0,0.0
2,9,25000.0,0.0
2,9,26000.0,0.0
2,9,27000.0,0.0
2,9,28000.0,0.0
2,9,29000.0,0.0
2,9,30000.0,
2,9,31000.0,
2,9,32000.0,0.0
2,9,33000.0,0.0
2,9,34000.0,0.0
2,9,35000.0,
2,9,36000.0,0.0
2,9,37000.0,0.0
2,9,38000.0,0.0
2,9,39000.0,0.0
2,9,40000.0,0.0
2,9,41000.0,0.0
2,9,42000.0,0.0
2,9,43000.0,0.0
2,9,44000.0,0.0
2,9,45000.0,
2,9,46000.0,0.0
2,9,47000.0,0.0
2,9,48000.0,0.0
2,9,49000.0,0.0
2,9,50000.0,0.0
2,10,5000.0,
2,10,6000.0,
2,10,7000.0,
2,10,8000.0,3.506922930258
2,10,9000.0,3.506922930258
2,10,10000.0,3.506922930258
2,10,11000.0,
2,10,12000.0,
2,10,13000.0,
2,10,14000.0,
2,10,15000.0,
2,10,16000.0,
2,10,17000.0,
2,10,18000.0,
2,10,19000.0,
2,10,20000.0,
2,10,21000.0,0.104047462736
2,10,22000.0,0.104047462736
2,10,23000.0,0.104047462736
2,10,24000.0,
2,10,25000.0,
2,10,26000.0,0.063880606669
2,10,27000.0,0.063880606669
2,10,28000.0,0.063880606669
2,10,29000.0,
2,10,30000.0,
2,10,31000.0,
2,10,32000.0,
2,10,33000.0,
2,10,34000.0,
2,10,35000.0,
2,10,36000.0,
2,10,37000.0,
2,10,38000.0,
2,10,39000.0,0.055182445159
2,10,40000.0,0.055182445159
2,10,41000.0,0.055182445159
2,10,42000.0,
2,10,43000.0,
2,10,44000.0,
2,10,45000.0,
2,10,46000.0,
2,10,47000.0,0.053227688157
2,10,48000.0,0.053227688157
2,10,49000.0,0.053227688157
2,10,50000.0,
2,11,5000.0,
2,11,6000.0,
2,11,7000.0,
2,11,8000.0,
2,11,9000.0,
2,11,10000.0,
2,11,11000.0,9.178613363644
2,11,12000.0,9.178613363644
2,11,13000.0,9.178613363644
2,11,14000.0,
2,11,15000.0,
2,11,16000.0,
2,11,17000.0,
2,11,18000.0,
2,11,19000.0,0.116044910291
2,11,20000.0,0.116044910291
2,11,21000.0,0.116044910291
2,11,22000.0,
2,11,23000.0,
2,11,24000.0,0.018068036338
2,11,25000.0,0.018068036338
2,11,26000.0,0.018068036338
2,11,27000.0,0.04973157696
2,11,28000.0,0.04973157696
2,11,29000.0,0.04973157696
2,11,30000.0,
2,11,31000.0,
2,11,32000.0,0.068619462335
2,11,33000.0,0.068619462335
2,11,34000.0,0.068619462335
2,11,35000.0,
2,11,36000.0,0.035057466845
2,11,37000.0,0.035057466845
2,11,38000.0,0.035057466845
2,11,39000.0,0.031589167477
2,11,40000.0,0.031589167477
2,11,41000.0,0.031589167477
2,11,42000.0,
2,11,43000.0,
2,11,44000.0,0.081283699085
2,11,45000.0,0.081283699085
2,11,46000.0,0.081283699085
2,11,47000.0,
2,11,48000.0,0.024708003999
2,11,49000.0,0.024708003999
2,11,50000.0,0.024708003999
2,12,5000.0,
2,12,6000.0,
2,12,7000.0,
2,12,8000.0,
2,12,9000.0,
2,12,10000.0,
2,12,11000.0,
2,12,12000.0,
2,12,13000.0,
2,12,14000.0,
2,12,15000.0,
2,12,16000.0,
2,12,17000.0,
2,12,18000.0,
2,12,19000.0,
2,12,20000.0,
2,12,21000.0,
2,12,22000.0,
2,12,23000.0,21.051910245552
2,12,24000.0,21.051910245552
2,12,25000.0,21.051910245552
2,12,26000.0,
2,12,27000.0,0.036925624317
2,12,28000.0,0.036925624317
2,12,29000.0,0.036925624317
2,12,30000.0,
2,12,31000.0,
2,12,32000.0,
2,12,33000.0,
2,12,34000.0,3.209513550036
2,12,35000.0,3.209513550036
2,12,36000.0,3.209513550036
2,12,37000.0,
2,12,38000.0,
2,12,39000.0,0.034158252138
2,12,40000.0,0.034158252138
2,12,41000.0,0.034158252138
2,12,42000.0,
2,12,43000.0,0.019290197727
2,12,44000.0,0.019290197727
2,12,45000.0,0.019290197727
2,12,46000.0,
2,12,47000.0,
2,12,48000.0,0.404422056674
2,12,49000.0,0.404422056674
2,12,50000.0,0.404422056674
2,13,5000.0,0.228996005999
2,13,6000.0,0.228996005999
2,13,7000.0,0.228996005999
2,13,8000.0,
2,13,9000.0,
2,13,10000.0,
2,13,11000.0,
2,13,12000.0,
2,13,13000.0,
2,13,14000.0,
2,13,15000.0,
2,13,16000.0,
2,13,17000.0,
2,13,18000.0,
2,13,19000.0,
2,13,20000.0,9.160338796342
2,13,21000.0,9.160338796342
2,13,22000.0,9.160338796342
2,13,23000.0,
2,13,24000.0,
2,13,25000.0,0.048714094901
2,13,26000.0,0.048714094901
2,13,27000.0,0.048714094901
2,13,28000.0,
2,13,29000.0,0.02757141322
2,13,30000.0,0.02757141322
2,13,31000.0,0.02757141322
2,13,32000.0,
2,13,33000.0,
2,13,34000.0,
2,13,35000.0,
2,13,36000.0,0.338115295496
2,13,37000.0,0.338115295496
2,13,38000.0,0.338115295496
2,13,39000.0,
2,13,40000.0,
2,13,41000.0,
2,13,42000.0,
2,13,43000.0,
2,13,44000.0,0.241573005364
2,13,45000.0,0.241573005364
2,13,46000.0,0.241573005364
2,13,47000.0,
2,13,48000.0,0.076023416482
2,13,49000.0,0.076023416482
2,13,50000.0,0.076023416482
2,14,5000.0,0.111601290851
2,14,6000.0,0.111601290851
2,14,7000.0,0.111601290851
2,14,8000.0,
2,14,9000.0,0.023120920818
2,14,10000.0,0.023120920818
2,14,11000.0,0.023120920818
2,14,12000.0,0.073349956603
2,14,13000.0,0.073349956603
2,14,14000.0,0.073349956603
2,14,15000.0,
2,14,16000.0,
2,14,17000.0,
2,14,18000.0,
2,14,19000.0,
2,14,20000.0,
2,14,21000.0,
2,14,22000.0,
2,14,23000.0,
2,14,24000.0,
2,14,25000.0,
2,14,26000.0,9.014197604582
2,14,27000.0,9.014197604582
2,14,28000.0,9.014197604582
2,14,29000.0,
2,14,30000.0,
2,14,31000.0,
2,14,32000.0,
2,14,33000.0,
2,14,34000.0,0.040959207271
2,14,35000.0,0.040959207271
2,14,36000.0,0.040959207271
2,14,37000.0,
2,14,38000.0,
2,14,39000.0,0.13667649302
2,14,40000.0,0.13667649302
2,14,41000.0,0.13667649302
2,14,42000.0,
2,14,43000.0,
2,14,44000.0,0.035172798793
2,14,45000.0,0.035172798793
2,14,46000.0,0.035172798793
2,14,47000.0,
2,14,48000.0,
2,14,49000.0,
2,14,50000.0,
2,15,5000.0,
2,15,6000.0,
2,15,7000.0,
2,15,8000.0,0.066217781408
2,15,9000.0,0.066217781408
2,15,10000.0,0.066217781408
2,15,11000.0,
2,15,12000.0,
2,15,13000.0,
2,15,14000.0,
2,15,15000.0,3.031706153062
2,15,16000.0,3.031706153062
2,15,17000.0,3.031706153062
2,15,18000.0,
2,15,19000.0,0.141752192204
2,15,20000.0,0.141752192204
2,15,21000.0,0.141752192204
2,15,22000.0,
2,15,23000.0,
2,15,24000.0,0.038010981222
2,15,25000.0,0.038010981222
2,15,26000.0,0.038010981222
2,15,27000.0,
2,15,28000.0,0.245188228279
2,15,29000.0,0.245188228279
2,15,30000.0,0.245188228279
2,15,31000.0,
2,15,32000.0,0.085779114239
2,15,33000.0,0.085779114239
2,15,34000.0,0.085779114239
2,15,35000.0,
2,15,36000.0,
2,15,37000.0,
2,15,38000.0,
2,15,39000.0,
2,15,40000.0,
2,15,41000.0,
2,15,42000.0,6.179028706856
2,15,43000.0,6.179028706856
2,15,44000.0,6.179028706856
2,15,45000.0,
2,15,46000.0,
2,15,47000.0,0.067486660072
2,15,48000.0,0.067486660072
2,15,49000.0,0.067486660072
2,15,50000.0,
2,16,5000.0,0.073884904837
2,16,6000.0,0.073884904837
2,16,7000.0,0.073884904837
2,16,8000.0,
2,16,9000.0,
2,16,10000.0,
2,16,11000.0,0.05650237339
2,16,12000.0,0.05650237339
2,16,13000.0,0.05650237339
2,16,14000.0,
2,16,15000.0,
2,16,16000.0,
2,16,17000.0,
2,16,18000.0,
2,16,19000.0,
2,16,20000.0,
2,16,21000.0,
2,16,22000.0,
2,16,23000.0,
2,16,24000.0,
2,16,25000.0,0.02508046563
2,16,26000.0,0.02508046563
2,16,27000.0,0.02508046563
2,16,28000.0,
2,16,29000.0,
2,16,30000.0,
2,16,31000.0,
2,16,32000.0,
2,16,33000.0,
2,16,34000.0,
2,16,35000.0,
2,16,36000.0,
2,16,37000.0,
2,16,38000.0,
2,16,39000.0,
2,16,40000.0,
2,16,41000.0,
2,16,42000.0,
2,16,43000.0,
2,16,44000.0,
2,16,45000.0,
2,16,46000.0,
2,16,47000.0,
2,16,48000.0,
2,16,49000.0,
2,16,50000.0,
2,17,5000.0,
2,17,6000.0,
2,17,7000.0,
2,17,8000.0,
2,17,9000.0,3.109088938079
2,17,10000.0,3.109088938079
2,17,11000.0,3.109088938079
2,17,12000.0,
2,17,13000.0,
2,17,14000.0,
2,17,15000.0,
2,17,16000.0,
2,17,17000.0,
2,17,18000.0,3.205626272505
2,17,19000.0,3.205626272505
2,17,20000.0,3.205626272505
2,17,21000.0,
2,17,22000.0,0.068568296118
2,17,23000.0,0.068568296118
2,17,24000.0,0.068568296118
2,17,25000.0,0.035481762984
2,17,26000.0,0.035481762984
2,17,27000.0,0.035481762984
2,17,28000.0,0.040602057388
2,17,29000.0,0.040602057388
2,17,30000.0,0.040602057388
2,17,31000.0,
2,17,32000.0,0.075064495992
2,17,33000.0,0.075064495992
2,17,34000.0,0.075064495992
2,17,35000.0,
2,17,36000.0,
2,17,37000.0,0.037253875715
2,17,38000.0,0.037253875715
2,17,39000.0,0.037253875715
2,17,40000.0,
2,17,41000.0,
2,17,42000.0,
2,17,43000.0,
2,17,44000.0,
2,17,45000.0,0.064896636191
2,17,46000.0,0.064896636191
2,17,47000.0,0.064896636191
2,17,48000.0,
2,17,49000.0,
2,17,50000.0,
2,18,5000.0,
2,18,6000.0,0.648317484073
2,18,7000.0,0.648317484073
2,18,8000.0,0.648317484073
2,18,9000.0,
2,18,10000.0,
2,18,11000.0,0.316828662068
2,18,12000.0,0.316828662068
2,18,13000.0,0.316828662068
2,18,14000.0,
2,18,15000.0,
2,18,16000.0,
2,18,17000.0,
2,18,18000.0,0.028407909195
2,18,19000.0,0.028407909195
2,18,20000.0,0.028407909195
2,18,21000.0,0.044902880867
2,18,22000.0,0.044902880867
2,18,23000.0,0.044902880867
2,18,24000.0,
2,18,25000.0,
2,18,26000.0,
2,18,27000.0,
2,18,28000.0,0.091782337407
2,18,29000.0,0.091782337407
2,18,30000.0,0.091782337407
2,18,31000.0,
2,18,32000.0,
2,18,33000.0,
2,18,34000.0,
2,18,35000.0,
2,18,36000.0,0.10499314821
2,18,37000.0,0.10499314821
2,18,38000.0,0.10499314821
2,18,39000.0,0.052059224133
2,18,40000.0,0.052059224133
2,18,41000.0,0.052059224133
2,18,42000.0,
2,18,43000.0,
2,18,44000.0,
2,18,45000.0,
2,18,46000.0,
2,18,47000.0,
2,18,48000.0,
2,18,49000.0,
2,18,50000.0,
2,19,5000.0,
2,19,6000.0,
2,19,7000.0,
2,19,8000.0,
2,19,9000.0,
2,19,10000.0,
2,19,11000.0,0.306000781375
2,19,12000.0,0.306000781375
2,19,13000.0,0.306000781375
2,19,14000.0,
2,19,15000.0,
2,19,16000.0,
2,19,17000.0,
2,19,18000.0,
2,19,19000.0,
2,19,20000.0,
2,19,21000.0,
2,19,22000.0,
2,19,23000.0,
2,19,24000.0,
2,19,25000.0,
2,19,26000.0,
2,19,27000.0,
2,19,28000.0,9.149919033293
2,19,29000.0,9.149919033293
2,19,30000.0,9.149919033293
2,19,31000.0,
2,19,32000.0,
2,19,33000.0,0.426916287624
2,19,34000.0,0.426916287624
2,19,35000.0,0.426916287624
2,19,36000.0,
2,19,37000.0,0.065405462026
2,19,38000.0,0.065405462026
2,19,39000.0,0.065405462026
2,19,40000.0,
2,19,41000.0,
2,19,42000.0,
2,19,43000.0,
2,19,44000.0,
2,19,45000.0,3.097588062368
2,19,46000.0,3.097588062368
2,19,47000.0,3.097588062368
2,19,48000.0,
2,19,49000.0,0.032942312525
2,19,50000.0,0.032942312525
2,20,5000.0,
2,20,6000.0,
2,20,7000.0,
2,20,8000.0,
2,20,9000.0,
2,20,10000.0,
2,20,11000.0,
2,20,12000.0,
2,20,13000.0,
2,20,14000.0,
2,20,15000.0,
2,20,16000.0,
2,20,17000.0,
2,20,18000.0,
2,20,19000.0,
2,20,20000.0,
2,20,21000.0,
2,20,22000.0,
2,20,23000.0,
2,20,24000.0,
2,20,25000.0,
2,20,26000.0,
2,20,27000.0,
2,20,28000.0,
2,20,29000.0,
2,20,30000.0,
2,20,31000.0,
2,20,32000.0,
2,20,33000.0,
2,20,34000.0,
2,20,35000.0,
2,20,36000.0,
2,20,37000.0,
2,20,38000.0,
2,20,39000.0,
2,20,40000.0,
2,20,41000.0,
2,20,42000.0,
2,20,43000.0,
2,20,44000.0,
2,20,45000.0,
2,20,46000.0,
2,20,47000.0,
2,20,48000.0,
2,20,49000.0,
2,20,50000.0,
2,21,5000.0,
2,21,6000.0,
2,21,7000.0,
2,21,8000.0,
2,21,9000.0,
2,21,10000.0,
2,21,11000.0,
2,21,12000.0,
2,21,13000.0,
2,21,14000.0,3.145732161352
2,21,15000.0,3.145732161352
2,21,16000.0,3.145732161352
2,21,17000.0,
2,21,18000.0,0.060320578199
2,21,19000.0,0.060320578199
2,21,20000.0,0.060320578199
2,21,21000.0,0.027704888742
2,21,22000.0,0.027704888742
2,21,23000.0,0.027704888742
2,21,24000.0,
2,21,25000.0,
2,21,26000.0,
2,21,27000.0,
2,21,28000.0,0.085516985317
2,21,29000.0,0.085516985317
2,21,30000.0,0.085516985317
2,21,31000.0,0.028335000338
2,21,32000.0,0.028335000338
2,21,33000.0,0.028335000338
2,21,34000.0,0.030705854132
2,21,35000.0,0.030705854132
2,21,36000.0,0.030705854132
2,21,37000.0,
2,21,38000.0,0.037822877204
2,21,39000.0,0.037822877204
2,21,40000.0,0.037822877204
2,21,41000.0,
2,21,42000.0,0.023666883785
2,21,43000.0,0.023666883785
2,21,44000.0,0.023666883785
2,21,45000.0,
2,21,46000.0,
2,21,47000.0,
2,21,48000.0,
2,21,49000.0,
2,21,50000.0,
2,22,5000.0,
2,22,6000.0,
2,22,7000.0,
2,22,8000.0,
2,22,9000.0,
2,22,10000.0,
2,22,11000.0,
2,22,12000.0,
2,22,13000.0,
2,22,14000.0,9.125730557274
2,22,15000.0,9.125730557274
2,22,16000.0,9.125730557274
2,22,17000.0,
2,22,18000.0,
2,22,19000.0,0.267823772629
2,22,20000.0,0.267823772629
2,22,21000.0,0.267823772629
2,22,22000.0,
2,22,23000.0,
2,22,24000.0,
2,22,25000.0,
2,22,26000.0,
2,22,27000.0,0.173027494
2,22,28000.0,0.173027494
2,22,29000.0,0.173027494
2,22,30000.0,
2,22,31000.0,
2,22,32000.0,
2,22,33000.0,
2,22,34000.0,
2,22,35000.0,0.152527592186
2,22,36000.0,0.152527592186
2,22,37000.0,0.152527592186
2,22,38000.0,
2,22,39000.0,
2,22,40000.0,0.046236532119
2,22,41000.0,0.046236532119
2,22,42000.0,0.046236532119
2,22,43000.0,
2,22,44000.0,
2,22,45000.0,0.036250230993
2,22,46000.0,0.036250230993
2,22,47000.0,0.036250230993
2,22,48000.0,
2,22,49000.0,
2,22,50000.0,
2,23,5000.0,
2,23,6000.0,
2,23,7000.0,
2,23,8000.0,
2,23,9000.0,
2,23,10000.0,
2,23,11000.0,
2,23,12000.0,
2,23,13000.0,
2,23,14000.0,3.51878966364
2,23,15000.0,3.51878966364
2,23,16000.0,3.51878966364
2,23,17000.0,
2,23,18000.0,0.037610205888
2,23,19000.0,0.037610205888
2,23,20000.0,0.037610205888
2,23,21000.0,
2,23,22000.0,0.131716415708
2,23,23000.0,0.131716415708
2,23,24000.0,0.131716415708
2,23,25000.0,
2,23,26000.0,
2,23,27000.0,0.195063780507
2,23,28000.0,0.195063780507
2,23,29000.0,0.195063780507
2,23,30000.0,
2,23,31000.0,
2,23,32000.0,
2,23,33000.0,
2,23,34000.0,
2,23,35000.0,0.147060056696
2,23,36000.0,0.147060056696
2,23,37000.0,0.147060056696
2,23,38000.0,
2,23,39000.0,0.233371011816
2,23,40000.0,0.233371011816
2,23,41000.0,0.233371011816
2,23,42000.0,
2,23,43000.0,0.059352361593
2,23,44000.0,0.059352361593
2,23,45000.0,0.059352361593
2,23,46000.0,
2,23,47000.0,
2,23,48000.0,
2,23,49000.0,
2,23,50000.0,
2,24,5000.0,
2,24,6000.0,
2,24,7000.0,
2,24,8000.0,
2,24,9000.0,
2,24,10000.0,
2,24,11000.0,
2,24,12000.0,
2,24,13000.0,
2,24,14000.0,
2,24,15000.0,
2,24,16000.0,
2,24,17000.0,
2,24,18000.0,
2,24,19000.0,
2,24,20000.0,
2,24,21000.0,
2,24,22000.0,
2,24,23000.0,
2,24,24000.0,
2,24,25000.0,
2,24,26000.0,
2,24,27000.0,
2,24,28000.0,
2,24,29000.0,
2,24,30000.0,
2,24,31000.0,
2,24,32000.0,
2,24,33000.0,
2,24,34000.0,
2,24,35000.0,
2,24,36000.0,
2,24,37000.0,
2,24,38000.0,
2,24,39000.0,
2,24,40000.0,
2,24,41000.0,
2,24,42000.0,
2,24,43000.0,
2,24,44000.0,
2,24,45000.0,
2,24,46000.0,
2,24,47000.0,
2,24,48000.0,
2,24,49000.0,
2,24,50000.0,0.075790424272
3,0,5000.0,0.136010713782
3,0,6000.0,0.136010713782
3,0,7000.0,0.136010713782
3,0,8000.0,
3,0,9000.0,
3,0,10000.0,
3,0,11000.0,
3,0,12000.0,
3,0,13000.0,
3,0,14000.0,
3,0,15000.0,0.043064120572
3,0,16000.0,0.043064120572
3,0,17000.0,0.043064120572
3,0,18000.0,
3,0,19000.0,0.038749871618
3,0,20000.0,0.038749871618
3,0,21000.0,0.038749871618
3,0,22000.0,
3,0,23000.0,
3,0,24000.0,0.093533105525
3,0,25000.0,0.093533105525
3,0,26000.0,0.093533105525
3,0,27000.0,
3,0,28000.0,
3,0,29000.0,
3,0,30000.0,
3,0,31000.0,
3,0,32000.0,
3,0,33000.0,
3,0,34000.0,
3,0,35000.0,
3,0,36000.0,
3,0,37000.0,
3,0,38000.0,9.204210760771
3,0,39000.0,9.204210760771
3,0,40000.0,9.204210760771
3,0,41000.0,
3,0,42000.0,0.238305823997
3,0,43000.0,0.238305823997
3,0,44000.0,0.238305823997
3,0,45000.0,
3,0,46000.0,
3,0,47000.0,
3,0,48000.0,
3,0,49000.0,
3,0,50000.0,
3,1,5000.0,0.234594424125
3,1,6000.0,0.234594424125
3,1,7000.0,0.234594424125
3,1,8000.0,
3,1,9000.0,
3,1,10000.0,0.00891300346
3,1,11000.0,0.00891300346
3,1,12000.0,0.00891300346
3,1,13000.0,0.019191254958
3,1,14000.0,0.019191254958
3,1,15000.0,0.019191254958
3,1,16000.0,0.014926697754
3,1,17000.0,0.014926697754
3,1,18000.0,0.014926697754
3,1,19000.0,
3,1,20000.0,0.00821300346
3,1,21000.0,0.00821300346
3,1,22000.0,0.00821300346
3,1,23000.0,0.066618589501
3,1,24000.0,0.066618589501
3,1,25000.0,0.066618589501
3,1,26000.0,
3,1,27000.0,0.024045596068
3,1,28000.0,0.024045596068
3,1,29000.0,0.024045596068
3,1,30000.0,
3,1,31000.0,0.021608975554
3,1,32000.0,0.021608975554
3,1,33000.0,0.021608975554
3,1,34000.0,0.00847300346
3,1,35000.0,0.00847300346
3,1,36000.0,0.00847300346
3,1,37000.0,
3,1,38000.0,
3,1,39000.0,0.015825790235
3,1,40000.0,0.015825790235
3,1,41000.0,0.015825790235
3,1,42000.0,
3,1,43000.0,0.008797362114
3,1,44000.0,0.008797362114
3,1,45000.0,0.008797362114
3,1,46000.0,
3,1,47000.0,
3,1,48000.0,
3,1,49000.0,
3,1,50000.0,0.00767300346
3,2,5000.0,
3,2,6000.0,
3,2,7000.0,
3,2,8000.0,
3,2,9000.0,
3,2,10000.0,
3,2,11000.0,
3,2,12000.0,
3,2,13000.0,
3,2,14000.0,
3,2,15000.0,
3,2,16000.0,
3,2,17000.0,
3,2,18000.0,
3,2,19000.0,
3,2,20000.0,
3,2,21000.0,
3,2,22000.0,
3,2,23000.0,
3,2,24000.0,
3,2,25000.0,
3,2,26000.0,
3,2,27000.0,
3,2,28000.0,
3,2,29000.0,
3,2,30000.0,
3,2,31000.0,
3,2,32000.0,
3,2,33000.0,
3,2,34000.0,
3,2,35000.0,
3,2,36000.0,
3,2,37000.0,
3,2,38000.0,
3,2,39000.0,
3,2,40000.0,
3,2,41000.0,
3,2,42000.0,
3,2,43000.0,
3,2,44000.0,
3,2,45000.0,
3,2,46000.0,
3,2,47000.0,
3,2,48000.0,
3,2,49000.0,
3,2,50000.0,
3,4,5000.0,
3,4,6000.0,
3,4,7000.0,
3,4,8000.0,3.044473585895
3,4,9000.0,3.044473585895
3,4,10000.0,3.044473585895
3,4,11000.0,
3,4,12000.0,
3,4,13000.0,0.135821072307
3,4,14000.0,0.135821072307
3,4,15000.0,0.135821072307
3,4,16000.0,
3,4,17000.0,
3,4,18000.0,
3,4,19000.0,
3,4,20000.0,0.07133663959
3,4,21000.0,0.07133663959
3,4,22000.0,0.07133663959
3,4,23000.0,
3,4,24000.0,0.02000003426
3,4,25000.0,0.02000003426
3,4,26000.0,0.02000003426
3,4,27000.0,
3,4,28000.0,
3,4,29000.0,0.018288615811
3,4,30000.0,0.018288615811
3,4,31000.0,0.018288615811
3,4,32000.0,
3,4,33000.0,0.027311720226
3,4,34000.0,0.027311720226
3,4,35000.0,0.027311720226
3,4,36000.0,
3,4,37000.0,0.01715615873
3,4,38000.0,0.01715615873
3,4,39000.0,0.01715615873
3,4,40000.0,
3,4,41000.0,
3,4,42000.0,0.06838301753
3,4,43000.0,0.06838301753
3,4,44000.0,0.06838301753
3,4,45000.0,0.025372919254
3,4,46000.0,0.025372919254
3,4,47000.0,0.025372919254
3,4,48000.0,
3,4,49000.0,0.008094158768
3,4,50000.0,0.008094158768
3,5,5000.0,0.062553002771
3,5,6000.0,0.062553002771
3,5,7000.0,0.062553002771
3,5,8000.0,
3,5,9000.0,0.02921600692
3,5,10000.0,0.02921600692
3,5,11000.0,0.02921600692
3,5,12000.0,
3,5,13000.0,
3,5,14000.0,
3,5,15000.0,
3,5,16000.0,
3,5,17000.0,
3,5,18000.0,
3,5,19000.0,
3,5,20000.0,
3,5,21000.0,
3,5,22000.0,
3,5,23000.0,
3,5,24000.0,
3,5,25000.0,
3,5,26000.0,
3,5,27000.0,
3,5,28000.0,
3,5,29000.0,
3,5,30000.0,
3,5,31000.0,
3,5,32000.0,
3,5,33000.0,0.041723208889
3,5,34000.0,0.041723208889
3,5,35000.0,0.041723208889
3,5,36000.0,
3,5,37000.0,
3,5,38000.0,0.028045285348
3,5,39000.0,0.028045285348
3,5,40000.0,0.028045285348
3,5,41000.0,
3,5,42000.0,0.043528076597
3,5,43000.0,0.043528076597
3,5,44000.0,0.043528076597
3,5,45000.0,
3,5,46000.0,
3,5,47000.0,0.020772626322
3,5,48000.0,0.020772626322
3,5,49000.0,0.020772626322
3,5,50000.0,
3,6,5000.0,
3,6,6000.0,
3,6,7000.0,
3,6,8000.0,
3,6,9000.0,
3,6,10000.0,
3,6,11000.0,0.217256613901
3,6,12000.0,0.217256613901
3,6,13000.0,0.217256613901
3,6,14000.0,
3,6,15000.0,
3,6,16000.0,
3,6,17000.0,
3,6,18000.0,0.119375576436
3,6,19000.0,0.119375576436
3,6,20000.0,0.119375576436
3,6,21000.0,
3,6,22000.0,
3,6,23000.0,
3,6,24000.0,
3,6,25000.0,0.072154657831
3,6,26000.0,0.072154657831
3,6,27000.0,0.072154657831
3,6,28000.0,
3,6,29000.0,
3,6,30000.0,
3,6,31000.0,
3,6,32000.0,
3,6,33000.0,0.084554613019
3,6,34000.0,0.084554613019
3,6,35000.0,0.084554613019
3,6,36000.0,
3,6,37000.0,
3,6,38000.0,0.086701788651
3,6,39000.0,0.086701788651
3,6,40000.0,0.086701788651
3,6,41000.0,
3,6,42000.0,
3,6,43000.0,
3,6,44000.0,0.027836409215
3,6,45000.0,0.027836409215
3,6,46000.0,0.027836409215
3,6,47000.0,
3,6,48000.0,
3,6,49000.0,0.178233179875
3,6,50000.0,0.178233179875
3,7,5000.0,0.172689495651
3,7,6000.0,0.172689495651
3,7,7000.0,0.172689495651
3,7,8000.0,
3,7,9000.0,0.015843593444
3,7,10000.0,0.015843593444
3,7,11000.0,0.015843593444
3,7,12000.0,
3,7,13000.0,
3,7,14000.0,0.024395762994
3,7,15000.0,0.024395762994
3,7,16000.0,0.024395762994
3,7,17000.0,
3,7,18000.0,0.019840343087
3,7,19000.0,0.019840343087
3,7,20000.0,0.019840343087
3,7,21000.0,
3,7,22000.0,0.017505507197
3,7,23000.0,0.017505507197
3,7,24000.0,0.017505507197
3,7,25000.0,
3,7,26000.0,0.018134657679
3,7,27000.0,0.018134657679
3,7,28000.0,0.018134657679
3,7,29000.0,
3,7,30000.0,0.028151593444
3,7,31000.0,0.028151593444
3,7,32000.0,0.028151593444
3,7,33000.0,
3,7,34000.0,
3,7,35000.0,0.099701297712
3,7,36000.0,0.099701297712
3,7,37000.0,0.099701297712
3,7,38000.0,0.01612342095
3,7,39000.0,0.01612342095
3,7,40000.0,0.01612342095
3,7,41000.0,
3,7,42000.0,
3,7,43000.0,0.016103507197
3,7,44000.0,0.016103507197
3,7,45000.0,0.016103507197
3,7,46000.0,
3,7,47000.0,
3,7,48000.0,0.128803492742
3,7,49000.0,0.128803492742
3,7,50000.0,0.128803492742
3,8,5000.0,
3,8,6000.0,
3,8,7000.0,
3,8,8000.0,
3,8,9000.0,
3,8,10000.0,
3,8,11000.0,
3,8,12000.0,
3,8,13000.0,
3,8,14000.0,12.164169033737
3,8,15000.0,12.164169033737
3,8,16000.0,12.164169033737
3,8,17000.0,
3,8,18000.0,
3,8,19000.0,0.038507189954
3,8,20000.0,0.038507189954
3,8,21000.0,0.038507189954
3,8,22000.0,
3,8,23000.0,
3,8,24000.0,0.02645770636
3,8,25000.0,0.02645770636
3,8,26000.0,0.02645770636
3,8,27000.0,
3,8,28000.0,0.031179291142
3,8,29000.0,0.031179291142
3,8,30000.0,0.031179291142
3,8,31000.0,0.03104585607
3,8,32000.0,0.03104585607
3,8,33000.0,0.03104585607
3,8,34000.0,
3,8,35000.0,
3,8,36000.0,0.102954648686
3,8,37000.0,0.102954648686
3,8,38000.0,0.102954648686
3,8,39000.0,
3,8,40000.0,
3,8,41000.0,
3,8,42000.0,
3,8,43000.0,0.088237579791
3,8,44000.0,0.088237579791
3,8,45000.0,0.088237579791
3,8,46000.0,
3,8,47000.0,0.028555173073
3,8,48000.0,0.028555173073
3,8,49000.0,0.028555173073
3,8,50000.0,
3,9,5000.0,3.131979207783
3,9,6000.0,3.131979207783
3,9,7000.0,3.131979207783
3,9,8000.0,
3,9,9000.0,
3,9,10000.0,
3,9,11000.0,
3,9,12000.0,0.057382316763
3,9,13000.0,0.057382316763
3,9,14000.0,0.057382316763
3,9,15000.0,0.007734167121
3,9,16000.0,0.007734167121
3,9,17000.0,0.007734167121
3,9,18000.0,
3,9,19000.0,
3,9,20000.0,0.029085016045
3,9,21000.0,0.029085016045
3,9,22000.0,0.029085016045
3,9,23000.0,0.037701790709
3,9,24000.0,0.037701790709
3,9,25000.0,0.037701790709
3,9,26000.0,0.008325154015
3,9,27000.0,0.008325154015
3,9,28000.0,0.008325154015
3,9,29000.0,
3,9,30000.0,
3,9,31000.0,0.01584535281
3,9,32000.0,0.01584535281
3,9,33000.0,0.01584535281
3,9,34000.0,
3,9,35000.0,
3,9,36000.0,0.013437047652
3,9,37000.0,0.013437047652
3,9,38000.0,0.013437047652
3,9,39000.0,
3,9,40000.0,0.013185373558
3,9,41000.0,0.013185373558
3,9,42000.0,0.013185373558
3,9,43000.0,
3,9,44000.0,0.008546694377
3,9,45000.0,0.008546694377
3,9,46000.0,0.008546694377
3,9,47000.0,0.00924396638
3,9,48000.0,0.00924396638
3,9,49000.0,0.00924396638
3,9,50000.0,
3,10,5000.0,
3,10,6000.0,
3,10,7000.0,
3,10,8000.0,3.05770990318
3,10,9000.0,3.05770990318
3,10,10000.0,3.05770990318
3,10,11000.0,
3,10,12000.0,
3,10,13000.0,
3,10,14000.0,
3,10,15000.0,
3,10,16000.0,
3,10,17000.0,
3,10,18000.0,
3,10,19000.0,
3,10,20000.0,
3,10,21000.0,
3,10,22000.0,
3,10,23000.0,
3,10,24000.0,
3,10,25000.0,
3,10,26000.0,
3,10,27000.0,
3,10,28000.0,
3,10,29000.0,
3,10,30000.0,
3,10,31000.0,9.214590969346
3,10,32000.0,9.214590969346
3,10,33000.0,9.214590969346
3,10,34000.0,
3,10,35000.0,0.031547688928
3,10,36000.0,0.031547688928
3,10,37000.0,0.031547688928
3,10,38000.0,
3,10,39000.0,
3,10,40000.0,0.035246439576
3,10,41000.0,0.035246439576
3,10,42000.0,0.035246439576
3,10,43000.0,
3,10,44000.0,0.030416251561
3,10,45000.0,0.030416251561
3,10,46000.0,0.030416251561
3,10,47000.0,
3,10,48000.0,0.025964016378
3,10,49000.0,0.025964016378
3,10,50000.0,0.025964016378
3,11,5000.0,
3,11,6000.0,
3,11,7000.0,
3,11,8000.0,
3,11,9000.0,
3,11,10000.0,
3,11,11000.0,
3,11,12000.0,
3,11,13000.0,
3,11,14000.0,3.196881980591
3,11,15000.0,3.196881980591
3,11,16000.0,3.196881980591
3,11,17000.0,
3,11,18000.0,
3,11,19000.0,
3,11,20000.0,
3,11,21000.0,
3,11,22000.0,
3,11,23000.0,
3,11,24000.0,
3,11,25000.0,0.034555985717
3,11,26000.0,0.034555985717
3,11,27000.0,0.034555985717
3,11,28000.0,0.081952738205
3,11,29000.0,0.081952738205
3,11,30000.0,0.081952738205
3,11,31000.0,
3,11,32000.0,
3,11,33000.0,0.03901700935
3,11,34000.0,0.03901700935
3,11,35000.0,0.03901700935
3,11,36000.0,
3,11,37000.0,0.057890435609
3,11,38000.0,0.057890435609
3,11,39000.0,0.057890435609
3,11,40000.0,
3,11,41000.0,
3,11,42000.0,0.135145196434
3,11,43000.0,0.135145196434
3,11,44000.0,0.135145196434
3,11,45000.0,
3,11,46000.0,0.077128700924
3,11,47000.0,0.077128700924
3,11,48000.0,0.077128700924
3,11,49000.0,
3,11,50000.0,0.029637568421
3,12,5000.0,
3,12,6000.0,
3,12,7000.0,
3,12,8000.0,
3,12,9000.0,
3,12,10000.0,
3,12,11000.0,0.13722972132
3,12,12000.0,0.13722972132
3,12,13000.0,0.13722972132
3,12,14000.0,
3,12,15000.0,
3,12,16000.0,
3,12,17000.0,0.050086116297
3,12,18000.0,0.050086116297
3,12,19000.0,0.050086116297
3,12,20000.0,
3,12,21000.0,
3,12,22000.0,
3,12,23000.0,
3,12,24000.0,0.04232729225
3,12,25000.0,0.04232729225
3,12,26000.0,0.04232729225
3,12,27000.0,
3,12,28000.0,
3,12,29000.0,
3,12,30000.0,
3,12,31000.0,
3,12,32000.0,0.020732289829
3,12,33000.0,0.020732289829
3,12,34000.0,0.020732289829
3,12,35000.0,
3,12,36000.0,0.064103757025
3,12,37000.0,0.064103757025
3,12,38000.0,0.064103757025
3,12,39000.0,
3,12,40000.0,
3,12,41000.0,0.070773120968
3,12,42000.0,0.070773120968
3,12,43000.0,0.070773120968
3,12,44000.0,
3,12,45000.0,0.033008823718
3,12,46000.0,0.033008823718
3,12,47000.0,0.033008823718
3,12,48000.0,0.018299579252
3,12,49000.0,0.018299579252
3,12,50000.0,0.018299579252
3,13,5000.0,
3,13,6000.0,
3,13,7000.0,
3,13,8000.0,
3,13,9000.0,
3,13,10000.0,
3,13,11000.0,
3,13,12000.0,
3,13,13000.0,
3,13,14000.0,
3,13,15000.0,
3,13,16000.0,
3,13,17000.0,
3,13,18000.0,
3,13,19000.0,
3,13,20000.0,
3,13,21000.0,
3,13,22000.0,
3,13,23000.0,9.242270126536
3,13,24000.0,9.242270126536
3,13,25000.0,9.242270126536
3,13,26000.0,
3,13,27000.0,
3,13,28000.0,
3,13,29000.0,
3,13,30000.0,0.060538134324
3,13,31000.0,0.060538134324
3,13,32000.0,0.060538134324
3,13,33000.0,
3,13,34000.0,
3,13,35000.0,
3,13,36000.0,
3,13,37000.0,
3,13,38000.0,
3,13,39000.0,
3,13,40000.0,
3,13,41000.0,
3,13,42000.0,
3,13,43000.0,
3,13,44000.0,
3,13,45000.0,
3,13,46000.0,3.132122449637
3,13,47000.0,3.132122449637
3,13,48000.0,3.132122449637
3,13,49000.0,
3,13,50000.0,
3,14,5000.0,
3,14,6000.0,
3,14,7000.0,
3,14,8000.0,
3,14,9000.0,
3,14,10000.0,
3,14,11000.0,
3,14,12000.0,
3,14,13000.0,
3,14,14000.0,
3,14,15000.0,
3,14,16000.0,
3,14,17000.0,
3,14,18000.0,
3,14,19000.0,
3,14,20000.0,9.067895504782
3,14,21000.0,9.067895504782
3,14,22000.0,9.067895504782
3,14,23000.0,
3,14,24000.0,
3,14,25000.0,
3,14,26000.0,0.070840985054
3,14,27000.0,0.070840985054
3,14,28000.0,0.070840985054
3,14,29000.0,
3,14,30000.0,
3,14,31000.0,
3,14,32000.0,
3,14,33000.0,
3,14,34000.0,
3,14,35000.0,
3,14,36000.0,
3,14,37000.0,
3,14,38000.0,
3,14,39000.0,
3,14,40000.0,9.209566063527
3,14,41000.0,9.209566063527
3,14,42000.0,9.209566063527
3,14,43000.0,
3,14,44000.0,0.045123660636
3,14,45000.0,0.045123660636
3,14,46000.0,0.045123660636
3,14,47000.0,
3,14,48000.0,
3,14,49000.0,
3,14,50000.0,
3,15,5000.0,3.051566178838
3,15,6000.0,3.051566178838
3,15,7000.0,3.051566178838
3,15,8000.0,0.007933871072
3,15,9000.0,0.007933871072
3,15,10000.0,0.007933871072
3,15,11000.0,
3,15,12000.0,0.118237618389
3,15,13000.0,0.118237618389
3,15,14000.0,0.118237618389
3,15,15000.0,
3,15,16000.0,
3,15,17000.0,
3,15,18000.0,
3,15,19000.0,0.040039865874
3,15,20000.0,0.040039865874
3,15,21000.0,0.040039865874
3,15,22000.0,
3,15,23000.0,
3,15,24000.0,
3,15,25000.0,
3,15,26000.0,
3,15,27000.0,0.021502881042
3,15,28000.0,0.021502881042
3,15,29000.0,0.021502881042
3,15,30000.0,0.015024816945
3,15,31000.0,0.015024816945
3,15,32000.0,0.015024816945
3,15,33000.0,
3,15,34000.0,0.036209005273
3,15,35000.0,0.036209005273
3,15,36000.0,0.036209005273
3,15,37000.0,
3,15,38000.0,
3,15,39000.0,0.083901057664
3,15,40000.0,0.083901057664
3,15,41000.0,0.083901057664
3,15,42000.0,
3,15,43000.0,
3,15,44000.0,
3,15,45000.0,
3,15,46000.0,
3,15,47000.0,
3,15,48000.0,
3,15,49000.0,
3,15,50000.0,
3,16,5000.0,0.102436584087
3,16,6000.0,0.102436584087
3,16,7000.0,0.102436584087
3,16,8000.0,
3,16,9000.0,
3,16,10000.0,
3,16,11000.0,
3,16,12000.0,
3,16,13000.0,
3,16,14000.0,
3,16,15000.0,
3,16,16000.0,
3,16,17000.0,
3,16,18000.0,6.073363309551
3,16,19000.0,6.073363309551
3,16,20000.0,6.073363309551
3,16,21000.0,
3,16,22000.0,0.024129600055
3,16,23000.0,0.024129600055
3,16,24000.0,0.024129600055
3,16,25000.0,
3,16,26000.0,
3,16,27000.0,
3,16,28000.0,
3,16,29000.0,3.061979453524
3,16,30000.0,3.061979453524
3,16,31000.0,3.061979453524
3,16,32000.0,
3,16,33000.0,0.053333134469
3,16,34000.0,0.053333134469
3,16,35000.0,0.053333134469
3,16,36000.0,
3,16,37000.0,0.020901107661
3,16,38000.0,0.020901107661
3,16,39000.0,0.020901107661
3,16,40000.0,
3,16,41000.0,0.021049707124
3,16,42000.0,0.021049707124
3,16,43000.0,0.021049707124
3,16,44000.0,
3,16,45000.0,
3,16,46000.0,
3,16,47000.0,
3,16,48000.0,
3,16,49000.0,
3,16,50000.0,
3,17,5000.0,
3,17,6000.0,
3,17,7000.0,
3,17,8000.0,0.074437172137
3,17,9000.0,0.074437172137
3,17,10000.0,0.074437172137
3,17,11000.0,
3,17,12000.0,0.015084768564
3,17,13000.0,0.015084768564
3,17,14000.0,0.015084768564
3,17,15000.0,
3,17,16000.0,0.043564800951
3,17,17000.0,0.043564800951
3,17,18000.0,0.043564800951
3,17,19000.0,
3,17,20000.0,
3,17,21000.0,
3,17,22000.0,
3,17,23000.0,0.077844294603
3,17,24000.0,0.077844294603
3,17,25000.0,0.077844294603
3,17,26000.0,
3,17,27000.0,0.04242219553
3,17,28000.0,0.04242219553
3,17,29000.0,0.04242219553
3,17,30000.0,
3,17,31000.0,0.026084061003
3,17,32000.0,0.026084061003
3,17,33000.0,0.026084061003
3,17,34000.0,
3,17,35000.0,
3,17,36000.0,
3,17,37000.0,
3,17,38000.0,
3,17,39000.0,3.0814402323
3,17,40000.0,3.0814402323
3,17,41000.0,3.0814402323
3,17,42000.0,
3,17,43000.0,
3,17,44000.0,0.029075162823
3,17,45000.0,0.029075162823
3,17,46000.0,0.029075162823
3,17,47000.0,
3,17,48000.0,
3,17,49000.0,
3,17,50000.0,
3,18,5000.0,
3,18,6000.0,
3,18,7000.0,
3,18,8000.0,
3,18,9000.0,
3,18,10000.0,
3,18,11000.0,0.067296008668
3,18,12000.0,0.067296008668
3,18,13000.0,0.067296008668
3,18,14000.0,
3,18,15000.0,0.008474782286
3,18,16000.0,0.008474782286
3,18,17000.0,0.008474782286
3,18,18000.0,
3,18,19000.0,
3,18,20000.0,
3,18,21000.0,
3,18,22000.0,0.020760206894
3,18,23000.0,0.020760206894
3,18,24000.0,0.020760206894
3,18,25000.0,
3,18,26000.0,0.09142217624
3,18,27000.0,0.09142217624
3,18,28000.0,0.09142217624
3,18,29000.0,
3,18,30000.0,0.015714738943
3,18,31000.0,0.015714738943
3,18,32000.0,0.015714738943
3,18,33000.0,
3,18,34000.0,
3,18,35000.0,0.0290815717
3,18,36000.0,0.0290815717
3,18,37000.0,0.0290815717
3,18,38000.0,
3,18,39000.0,0.019367426091
3,18,40000.0,0.019367426091
3,18,41000.0,0.019367426091
3,18,42000.0,
3,18,43000.0,
3,18,44000.0,
3,18,45000.0,
3,18,46000.0,
3,18,47000.0,0.020399752587
3,18,48000.0,0.020399752587
3,18,49000.0,0.020399752587
3,18,50000.0,
3,19,5000.0,
3,19,6000.0,0.022214325106
3,19,7000.0,0.022214325106
3,19,8000.0,0.022214325106
3,19,9000.0,
3,19,10000.0,
3,19,11000.0,
3,19,12000.0,
3,19,13000.0,0.021070398107
3,19,14000.0,0.021070398107
3,19,15000.0,0.021070398107
3,19,16000.0,
3,19,17000.0,0.022550557209
3,19,18000.0,0.022550557209
3,19,19000.0,0.022550557209
3,19,20000.0,0.015825993946
3,19,21000.0,0.015825993946
3,19,22000.0,0.015825993946
3,19,23000.0,
3,19,24000.0,
3,19,25000.0,
3,19,26000.0,
3,19,27000.0,
3,19,28000.0,
3,19,29000.0,
3,19,30000.0,
3,19,31000.0,
3,19,32000.0,
3,19,33000.0,0.203161899627
3,19,34000.0,0.203161899627
3,19,35000.0,0.203161899627
3,19,36000.0,0.02018068633
3,19,37000.0,0.02018068633
3,19,38000.0,0.02018068633
3,19,39000.0,
3,19,40000.0,
3,19,41000.0,0.01532267729
3,19,42000.0,0.01532267729
3,19,43000.0,0.01532267729
3,19,44000.0,
3,19,45000.0,0.008293186469
3,19,46000.0,0.008293186469
3,19,47000.0,0.008293186469
3,19,48000.0,
3,19,49000.0,
3,19,50000.0,0.008901037017
3,20,5000.0,
3,20,6000.0,
3,20,7000.0,
3,20,8000.0,
3,20,9000.0,
3,20,10000.0,
3,20,11000.0,
3,20,12000.0,
3,20,13000.0,3.031587081865
3,20,14000.0,3.031587081865
3,20,15000.0,3.031587081865
3,20,16000.0,
3,20,17000.0,
3,20,18000.0,
3,20,19000.0,0.035186177571
3,20,20000.0,0.035186177571
3,20,21000.0,0.035186177571
3,20,22000.0,
3,20,23000.0,
3,20,24000.0,0.042854148962
3,20,25000.0,0.042854148962
3,20,26000.0,0.042854148962
3,20,27000.0,
3,20,28000.0,0.058497622529
3,20,29000.0,0.058497622529
3,20,30000.0,0.058497622529
3,20,31000.0,
3,20,32000.0,
3,20,33000.0,0.120145123289
3,20,34000.0,0.120145123289
3,20,35000.0,0.120145123289
3,20,36000.0,
3,20,37000.0,
3,20,38000.0,
3,20,39000.0,
3,20,40000.0,
3,20,41000.0,
3,20,42000.0,
3,20,43000.0,
3,20,44000.0,
3,20,45000.0,
3,20,46000.0,
3,20,47000.0,
3,20,48000.0,
3,20,49000.0,
3,20,50000.0,
3,21,5000.0,
3,21,6000.0,
3,21,7000.0,
3,21,8000.0,3.10448813863
3,21,9000.0,3.10448813863
3,21,10000.0,3.10448813863
3,21,11000.0,
3,21,12000.0,
3,21,13000.0,0.026793629728
3,21,14000.0,0.026793629728
3,21,15000.0,0.026793629728
3,21,16000.0,
3,21,17000.0,
3,21,18000.0,0.02327797175
3,21,19000.0,0.02327797175
3,21,20000.0,0.02327797175
3,21,21000.0,
3,21,22000.0,
3,21,23000.0,0.33060252619
3,21,24000.0,0.33060252619
3,21,25000.0,0.33060252619
3,21,26000.0,0.016956966347
3,21,27000.0,0.016956966347
3,21,28000.0,0.016956966347
3,21,29000.0,0.029346914343
3,21,30000.0,0.029346914343
3,21,31000.0,0.029346914343
3,21,32000.0,
3,21,33000.0,
3,21,34000.0,0.015366430324
3,21,35000.0,0.015366430324
3,21,36000.0,0.015366430324
3,21,37000.0,
3,21,38000.0,0.020291359249
3,21,39000.0,0.020291359249
3,21,40000.0,0.020291359249
3,21,41000.0,
3,21,42000.0,
3,21,43000.0,0.047685629285
3,21,44000.0,0.047685629285
3,21,45000.0,0.047685629285
3,21,46000.0,0.0751900592
3,21,47000.0,0.0751900592
3,21,48000.0,0.0751900592
3,21,49000.0,
3,21,50000.0,0.015394250764
3,22,5000.0,
3,22,6000.0,
3,22,7000.0,
3,22,8000.0,
3,22,9000.0,
3,22,10000.0,
3,22,11000.0,
3,22,12000.0,
3,22,13000.0,
3,22,14000.0,
3,22,15000.0,
3,22,16000.0,
3,22,17000.0,
3,22,18000.0,
3,22,19000.0,
3,22,20000.0,
3,22,21000.0,
3,22,22000.0,
3,22,23000.0,21.228830996647
3,22,24000.0,21.228830996647
3,22,25000.0,21.228830996647
3,22,26000.0,
3,22,27000.0,0.046705617621
3,22,28000.0,0.046705617621
3,22,29000.0,0.046705617621
3,22,30000.0,
3,22,31000.0,
3,22,32000.0,0.030202977251
3,22,33000.0,0.030202977251
3,22,34000.0,0.030202977251
3,22,35000.0,
3,22,36000.0,
3,22,37000.0,0.050503518735
3,22,38000.0,0.050503518735
3,22,39000.0,0.050503518735
3,22,40000.0,0.064334311416
3,22,41000.0,0.064334311416
3,22,42000.0,0.064334311416
3,22,43000.0,
3,22,44000.0,
3,22,45000.0,
3,22,46000.0,
3,22,47000.0,0.072864830793
3,22,48000.0,0.072864830793
3,22,49000.0,0.072864830793
3,22,50000.0,
3,23,5000.0,
3,23,6000.0,
3,23,7000.0,0.058064085817
3,23,8000.0,0.058064085817
3,23,9000.0,0.058064085817
3,23,10000.0,
3,23,11000.0,0.015546290828
3,23,12000.0,0.015546290828
3,23,13000.0,0.015546290828
3,23,14000.0,
3,23,15000.0,0.008010589984
3,23,16000.0,0.008010589984
3,23,17000.0,0.008010589984
3,23,18000.0,
3,23,19000.0,
3,23,20000.0,0.021946659865
3,23,21000.0,0.021946659865
3,23,22000.0,0.021946659865
3,23,23000.0,
3,23,24000.0,0.022843833123
3,23,25000.0,0.022843833123
3,23,26000.0,0.022843833123
3,23,27000.0,
3,23,28000.0,0.031758314109
3,23,29000.0,0.031758314109
3,23,30000.0,0.031758314109
3,23,31000.0,0.007990589984
3,23,32000.0,0.007990589984
3,23,33000.0,0.007990589984
3,23,34000.0,
3,23,35000.0,
3,23,36000.0,0.008309453312
3,23,37000.0,0.008309453312
3,23,38000.0,0.008309453312
3,23,39000.0,
3,23,40000.0,
3,23,41000.0,
3,23,42000.0,
3,23,43000.0,0.192645911186
3,23,44000.0,0.192645911186
3,23,45000.0,0.192645911186
3,23,46000.0,
3,23,47000.0,0.008842470327
3,23,48000.0,0.008842470327
3,23,49000.0,0.008842470327
3,23,50000.0,
3,24,5000.0,
3,24,6000.0,
3,24,7000.0,
3,24,8000.0,
3,24,9000.0,
3,24,10000.0,
3,24,11000.0,
3,24,12000.0,
3,24,13000.0,
3,24,14000.0,
3,24,15000.0,
3,24,16000.0,
3,24,17000.0,6.130737989358
3,24,18000.0,6.130737989358
3,24,19000.0,6.130737989358
3,24,20000.0,
3,24,21000.0,
3,24,22000.0,
3,24,23000.0,
3,24,24000.0,
3,24,25000.0,
3,24,26000.0,
3,24,27000.0,
3,24,28000.0,
3,24,29000.0,
3,24,30000.0,
3,24,31000.0,
3,24,32000.0,
3,24,33000.0,
3,24,34000.0,
3,24,35000.0,
3,24,36000.0,
3,24,37000.0,6.061668257531
3,24,38000.0,6.061668257531
3,24,39000.0,6.061668257531
3,24,40000.0,
3,24,41000.0,
3,24,42000.0,0.088622367033
3,24,43000.0,0.088622367033
3,24,44000.0,0.088622367033
3,24,45000.0,
3,24,46000.0,
3,24,47000.0,
3,24,48000.0,
3,24,49000.0,0.035191232321
3,24,50000.0,0.035191232321
4,0,5000.0,0.263027525762
4,0,6000.0,0.263027525762
4,0,7000.0,0.263027525762
4,0,8000.0,
4,0,9000.0,
4,0,10000.0,
4,0,11000.0,
4,0,12000.0,
4,0,13000.0,
4,0,14000.0,
4,0,15000.0,
4,0,16000.0,
4,0,17000.0,
4,0,18000.0,
4,0,19000.0,
4,0,20000.0,
4,0,21000.0,
4,0,22000.0,
4,0,23000.0,
4,0,24000.0,
4,0,25000.0,
4,0,26000.0,
4,0,27000.0,
4,0,28000.0,
4,0,29000.0,
4,0,30000.0,
4,0,31000.0,
4,0,32000.0,
4,0,33000.0,
4,0,34000.0,
4,0,35000.0,
4,0,36000.0,
4,0,37000.0,
4,0,38000.0,
4,0,39000.0,0.086339569869
4,0,40000.0,0.086339569869
4,0,41000.0,0.086339569869
4,0,42000.0,
4,0,43000.0,0.066695533519
4,0,44000.0,0.066695533519
4,0,45000.0,0.066695533519
4,0,46000.0,
4,0,47000.0,
4,0,48000.0,
4,0,49000.0,
4,0,50000.0,0.041351709392
4,1,5000.0,0.00873305288
4,1,6000.0,0.00873305288
4,1,7000.0,0.00873305288
4,1,8000.0,
4,1,9000.0,0.01596711942
4,1,10000.0,0.01596711942
4,1,11000.0,0.01596711942
4,1,12000.0,
4,1,13000.0,0.008133297033
4,1,14000.0,0.008133297033
4,1,15000.0,0.008133297033
4,1,16000.0,
4,1,17000.0,0.00787352537
4,1,18000.0,0.00787352537
4,1,19000.0,0.00787352537
4,1,20000.0,
4,1,21000.0,0.010055802625
4,1,22000.0,0.010055802625
4,1,23000.0,0.010055802625
4,1,24000.0,
4,1,25000.0,0.007874067211
4,1,26000.0,0.007874067211
4,1,27000.0,0.007874067211
4,1,28000.0,0.015765233782
4,1,29000.0,0.015765233782
4,1,30000.0,0.015765233782
4,1,31000.0,
4,1,32000.0,
4,1,33000.0,
4,1,34000.0,
4,1,35000.0,
4,1,36000.0,
4,1,37000.0,
4,1,38000.0,
4,1,39000.0,
4,1,40000.0,
4,1,41000.0,0.01875960207
4,1,42000.0,0.01875960207
4,1,43000.0,0.01875960207
4,1,44000.0,
4,1,45000.0,0.015726124072
4,1,46000.0,0.015726124072
4,1,47000.0,0.015726124072
4,1,48000.0,
4,1,49000.0,0.107628611558
4,1,50000.0,0.107628611558
4,2,5000.0,0.021267610955
4,2,6000.0,0.021267610955
4,2,7000.0,0.021267610955
4,2,8000.0,
4,2,9000.0,
4,2,10000.0,
4,2,11000.0,
4,2,12000.0,
4,2,13000.0,
4,2,14000.0,
4,2,15000.0,
4,2,16000.0,
4,2,17000.0,
4,2,18000.0,0.138127471476
4,2,19000.0,0.138127471476
4,2,20000.0,0.138127471476
4,2,21000.0,0.046046799773
4,2,22000.0,0.046046799773
4,2,23000.0,0.046046799773
4,2,24000.0,
4,2,25000.0,0.015707226879
4,2,26000.0,0.015707226879
4,2,27000.0,0.015707226879
4,2,28000.0,
4,2,29000.0,0.030231485821
4,2,30000.0,0.030231485821
4,2,31000.0,0.030231485821
4,2,32000.0,0.093143100058
4,2,33000.0,0.093143100058
4,2,34000.0,0.093143100058
4,2,35000.0,
4,2,36000.0,
4,2,37000.0,0.122754886839
4,2,38000.0,0.122754886839
4,2,39000.0,0.122754886839
4,2,40000.0,
4,2,41000.0,
4,2,42000.0,
4,2,43000.0,
4,2,44000.0,
4,2,45000.0,0.023837182052
4,2,46000.0,0.023837182052
4,2,47000.0,0.023837182052
4,2,48000.0,
4,2,49000.0,
4,2,50000.0,0.039972757913
4,4,5000.0,
4,4,6000.0,
4,4,7000.0,
4,4,8000.0,
4,4,9000.0,
4,4,10000.0,
4,4,11000.0,
4,4,12000.0,
4,4,13000.0,
4,4,14000.0,
4,4,15000.0,
4,4,16000.0,0.121602033649
4,4,17000.0,0.121602033649
4,4,18000.0,0.121602033649
4,4,19000.0,0.033744013843
4,4,20000.0,0.033744013843
4,4,21000.0,0.033744013843
4,4,22000.0,
4,4,23000.0,
4,4,24000.0,
4,4,25000.0,
4,4,26000.0,0.04981489932
4,4,27000.0,0.04981489932
4,4,28000.0,0.04981489932
4,4,29000.0,
4,4,30000.0,0.026722841067
4,4,31000.0,0.026722841067
4,4,32000.0,0.026722841067
4,4,33000.0,
4,4,34000.0,
4,4,35000.0,
4,4,36000.0,0.158020169002
4,4,37000.0,0.158020169002
4,4,38000.0,0.158020169002
4,4,39000.0,
4,4,40000.0,
4,4,41000.0,
4,4,42000.0,
4,4,43000.0,
4,4,44000.0,0.03861138141
4,4,45000.0,0.03861138141
4,4,46000.0,0.03861138141
4,4,47000.0,
4,4,48000.0,0.094137370577
4,4,49000.0,0.094137370577
4,4,50000.0,0.094137370577
4,5,5000.0,
4,5,6000.0,
4,5,7000.0,
4,5,8000.0,
4,5,9000.0,
4,5,10000.0,
4,5,11000.0,
4,5,12000.0,
4,5,13000.0,
4,5,14000.0,0.104295145853
4,5,15000.0,0.104295145853
4,5,16000.0,0.104295145853
4,5,17000.0,
4,5,18000.0,0.092089601833
4,5,19000.0,0.092089601833
4,5,20000.0,0.092089601833
4,5,21000.0,
4,5,22000.0,0.061676038064
4,5,23000.0,0.061676038064
4,5,24000.0,0.061676038064
4,5,25000.0,
4,5,26000.0,
4,5,27000.0,
4,5,28000.0,
4,5,29000.0,0.022223437547
4,5,30000.0,0.022223437547
4,5,31000.0,0.022223437547
4,5,32000.0,
4,5,33000.0,
4,5,34000.0,
4,5,35000.0,
4,5,36000.0,
4,5,37000.0,
4,5,38000.0,
4,5,39000.0,
4,5,40000.0,
4,5,41000.0,
4,5,42000.0,
4,5,43000.0,
4,5,44000.0,
4,5,45000.0,
4,5,46000.0,
4,5,47000.0,
4,5,48000.0,
4,5,49000.0,
4,5,50000.0,
4,6,5000.0,
4,6,6000.0,
4,6,7000.0,0.074820977074
4,6,8000.0,0.074820977074
4,6,9000.0,0.074820977074
4,6,10000.0,0.030032098712
4,6,11000.0,0.030032098712
4,6,12000.0,0.030032098712
4,6,13000.0,
4,6,14000.0,
4,6,15000.0,
4,6,16000.0,
4,6,17000.0,3.04118167421
4,6,18000.0,3.04118167421
4,6,19000.0,3.04118167421
4,6,20000.0,0.015046833035
4,6,21000.0,0.015046833035
4,6,22000.0,0.015046833035
4,6,23000.0,
4,6,24000.0,0.023781579252
4,6,25000.0,0.023781579252
4,6,26000.0,0.023781579252
4,6,27000.0,
4,6,28000.0,
4,6,29000.0,0.015795143047
4,6,30000.0,0.015795143047
4,6,31000.0,0.015795143047
4,6,32000.0,
4,6,33000.0,
4,6,34000.0,
4,6,35000.0,
4,6,36000.0,
4,6,37000.0,
4,6,38000.0,
4,6,39000.0,0.023418961282
4,6,40000.0,0.023418961282
4,6,41000.0,0.023418961282
4,6,42000.0,0.020652837419
4,6,43000.0,0.020652837419
4,6,44000.0,0.020652837419
4,6,45000.0,
4,6,46000.0,0.025499627424
4,6,47000.0,0.025499627424
4,6,48000.0,0.025499627424
4,6,49000.0,
4,6,50000.0,0.019466953009
4,7,5000.0,
4,7,6000.0,
4,7,7000.0,
4,7,8000.0,
4,7,9000.0,
4,7,10000.0,
4,7,11000.0,
4,7,12000.0,
4,7,13000.0,
4,7,14000.0,9.025966551006
4,7,15000.0,9.025966551006
4,7,16000.0,9.025966551006
4,7,17000.0,
4,7,18000.0,
4,7,19000.0,
4,7,20000.0,
4,7,21000.0,3.141691822412
4,7,22000.0,3.141691822412
4,7,23000.0,3.141691822412
4,7,24000.0,
4,7,25000.0,
4,7,26000.0,
4,7,27000.0,
4,7,28000.0,0.077146296217
4,7,29000.0,0.077146296217
4,7,30000.0,0.077146296217
4,7,31000.0,0.125331373595
4,7,32000.0,0.125331373595
4,7,33000.0,0.125331373595
4,7,34000.0,
4,7,35000.0,0.048250863682
4,7,36000.0,0.048250863682
4,7,37000.0,0.048250863682
4,7,38000.0,
4,7,39000.0,
4,7,40000.0,0.047429567693
4,7,41000.0,0.047429567693
4,7,42000.0,0.047429567693
4,7,43000.0,
4,7,44000.0,
4,7,45000.0,
4,7,46000.0,
4,7,47000.0,
4,7,48000.0,
4,7,49000.0,
4,7,50000.0,
4,8,5000.0,
4,8,6000.0,
4,8,7000.0,
4,8,8000.0,
4,8,9000.0,
4,8,10000.0,
4,8,11000.0,0.056972241574
4,8,12000.0,0.056972241574
4,8,13000.0,0.056972241574
4,8,14000.0,
4,8,15000.0,0.044176217151
4,8,16000.0,0.044176217151
4,8,17000.0,0.044176217151
4,8,18000.0,
4,8,19000.0,0.023214621119
4,8,20000.0,0.023214621119
4,8,21000.0,0.023214621119
4,8,22000.0,
4,8,23000.0,
4,8,24000.0,0.034944634182
4,8,25000.0,0.034944634182
4,8,26000.0,0.034944634182
4,8,27000.0,
4,8,28000.0,
4,8,29000.0,
4,8,30000.0,
4,8,31000.0,
4,8,32000.0,
4,8,33000.0,
4,8,34000.0,
4,8,35000.0,
4,8,36000.0,
4,8,37000.0,0.019210445405
4,8,38000.0,0.019210445405
4,8,39000.0,0.019210445405
4,8,40000.0,0.023072432116
4,8,41000.0,0.023072432116
4,8,42000.0,0.023072432116
4,8,43000.0,0.027786853571
4,8,44000.0,0.027786853571
4,8,45000.0,0.027786853571
4,8,46000.0,
4,8,47000.0,0.11216038671
4,8,48000.0,0.11216038671
4,8,49000.0,0.11216038671
4,8,50000.0,
4,9,5000.0,
4,9,6000.0,0.0
4,9,7000.0,0.0
4,9,8000.0,0.0
4,9,9000.0,
4,9,10000.0,0.0
4,9,11000.0,0.0
4,9,12000.0,0.0
4,9,13000.0,
4,9,14000.0,
4,9,15000.0,0.0
4,9,16000.0,0.0
4,9,17000.0,0.0
4,9,18000.0,
4,9,19000.0,0.0
4,9,20000.0,0.0
4,9,21000.0,0.0
4,9,22000.0,0.0
4,9,23000.0,0.0
4,9,24000.0,0.0
4,9,25000.0,
4,9,26000.0,0.0
4,9,27000.0,0.0
4,9,28000.0,0.0
4,9,29000.0,0.0
4,9,30000.0,0.0
4,9,31000.0,0.0
4,9,32000.0,
4,9,33000.0,0.0
4,9,34000.0,0.0
4,9,35000.0,0.0
4,9,36000.0,
4,9,37000.0,
4,9,38000.0,0.0
4,9,39000.0,0.0
4,9,40000.0,0.0
4,9,41000.0,
4,9,42000.0,
4,9,43000.0,0.0
4,9,44000.0,0.0
4,9,45000.0,0.0
4,9,46000.0,0.0
4,9,47000.0,0.0
4,9,48000.0,0.0
4,9,49000.0,
4,9,50000.0,0.0
4,10,5000.0,0.102863848851
4,10,6000.0,0.102863848851
4,10,7000.0,0.102863848851
4,10,8000.0,
4,10,9000.0,
4,10,10000.0,0.0592171268
4,10,11000.0,0.0592171268
4,10,12000.0,0.0592171268
4,10,13000.0,
4,10,14000.0,
4,10,15000.0,0.033843345342
4,10,16000.0,0.033843345342
4,10,17000.0,0.033843345342
4,10,18000.0,
4,10,19000.0,0.030925259096
4,10,20000.0,0.030925259096
4,10,21000.0,0.030925259096
4,10,22000.0,
4,10,23000.0,
4,10,24000.0,
4,10,25000.0,
4,10,26000.0,
4,10,27000.0,
4,10,28000.0,
4,10,29000.0,
4,10,30000.0,
4,10,31000.0,
4,10,32000.0,
4,10,33000.0,
4,10,34000.0,
4,10,35000.0,
4,10,36000.0,
4,10,37000.0,
4,10,38000.0,
4,10,39000.0,
4,10,40000.0,
4,10,41000.0,0.047510396322
4,10,42000.0,0.047510396322
4,10,43000.0,0.047510396322
4,10,44000.0,
4,10,45000.0,
4,10,46000.0,
4,10,47000.0,
4,10,48000.0,0.289454149158
4,10,49000.0,0.289454149158
4,10,50000.0,0.289454149158
4,11,5000.0,
4,11,6000.0,
4,11,7000.0,
4,11,8000.0,0.186401016313
4,11,9000.0,0.186401016313
4,11,10000.0,0.186401016313
4,11,11000.0,
4,11,12000.0,
4,11,13000.0,
4,11,14000.0,0.04563207588
4,11,15000.0,0.04563207588
4,11,16000.0,0.04563207588
4,11,17000.0,
4,11,18000.0,
4,11,19000.0,
4,11,20000.0,
4,11,21000.0,
4,11,22000.0,
4,11,23000.0,
4,11,24000.0,
4,11,25000.0,
4,11,26000.0,
4,11,27000.0,
4,11,28000.0,
4,11,29000.0,
4,11,30000.0,
4,11,31000.0,
4,11,32000.0,
4,11,33000.0,
4,11,34000.0,
4,11,35000.0,
4,11,36000.0,
4,11,37000.0,
4,11,38000.0,
4,11,39000.0,
4,11,40000.0,0.08597941725
4,11,41000.0,0.08597941725
4,11,42000.0,0.08597941725
4,11,43000.0,0.06590688858
4,11,44000.0,0.06590688858
4,11,45000.0,0.06590688858
4,11,46000.0,
4,11,47000.0,0.159241115803
4,11,48000.0,0.159241115803
4,11,49000.0,0.159241115803
4,11,50000.0,
4,12,5000.0,
4,12,6000.0,0.078549476749
4,12,7000.0,0.078549476749
4,12,8000.0,0.078549476749
4,12,9000.0,
4,12,10000.0,
4,12,11000.0,
4,12,12000.0,
4,12,13000.0,
4,12,14000.0,0.11812289336
4,12,15000.0,0.11812289336
4,12,16000.0,0.11812289336
4,12,17000.0,
4,12,18000.0,
4,12,19000.0,
4,12,20000.0,
4,12,21000.0,
4,12,22000.0,
4,12,23000.0,
4,12,24000.0,
4,12,25000.0,
4,12,26000.0,
4,12,27000.0,6.334262525199
4,12,28000.0,6.334262525199
4,12,29000.0,6.334262525199
4,12,30000.0,
4,12,31000.0,
4,12,32000.0,
4,12,33000.0,
4,12,34000.0,
4,12,35000.0,
4,12,36000.0,
4,12,37000.0,
4,12,38000.0,
4,12,39000.0,
4,12,40000.0,0.05861447375
4,12,41000.0,0.05861447375
4,12,42000.0,0.05861447375
4,12,43000.0,
4,12,44000.0,
4,12,45000.0,
4,12,46000.0,
4,12,47000.0,
4,12,48000.0,0.085054354191
4,12,49000.0,0.085054354191
4,12,50000.0,0.085054354191
4,13,5000.0,
4,13,6000.0,0.016794827574
4,13,7000.0,0.016794827574
4,13,8000.0,0.016794827574
4,13,9000.0,
4,13,10000.0,0.01608636933
4,13,11000.0,0.01608636933
4,13,12000.0,0.01608636933
4,13,13000.0,
4,13,14000.0,
4,13,15000.0,0.042304558974
4,13,16000.0,0.042304558974
4,13,17000.0,0.042304558974
4,13,18000.0,
4,13,19000.0,0.016214034925
4,13,20000.0,0.016214034925
4,13,21000.0,0.016214034925
4,13,22000.0,
4,13,23000.0,
4,13,24000.0,0.062796448146
4,13,25000.0,0.062796448146
4,13,26000.0,0.062796448146
4,13,27000.0,
4,13,28000.0,
4,13,29000.0,
4,13,30000.0,
4,13,31000.0,
4,13,32000.0,
4,13,33000.0,
4,13,34000.0,
4,13,35000.0,
4,13,36000.0,
4,13,37000.0,
4,13,38000.0,
4,13,39000.0,
4,13,40000.0,0.023518192911
4,13,41000.0,0.023518192911
4,13,42000.0,0.023518192911
4,13,43000.0,
4,13,44000.0,0.016767322642
4,13,45000.0,0.016767322642
4,13,46000.0,0.016767322642
4,13,47000.0,
4,13,48000.0,
4,13,49000.0,0.062870343296
4,13,50000.0,0.062870343296
4,14,5000.0,
4,14,6000.0,
4,14,7000.0,
4,14,8000.0,
4,14,9000.0,
4,14,10000.0,
4,14,11000.0,0.054712347334
4,14,12000.0,0.054712347334
4,14,13000.0,0.054712347334
4,14,14000.0,
4,14,15000.0,0.127815622319
4,14,16000.0,0.127815622319
4,14,17000.0,0.127815622319
4,14,18000.0,0.041148216777
4,14,19000.0,0.041148216777
4,14,20000.0,0.041148216777
4,14,21000.0,
4,14,22000.0,
4,14,23000.0,
4,14,24000.0,
4,14,25000.0,
4,14,26000.0,
4,14,27000.0,
4,14,28000.0,
4,14,29000.0,
4,14,30000.0,
4,14,31000.0,
4,14,32000.0,
4,14,33000.0,
4,14,34000.0,
4,14,35000.0,
4,14,36000.0,
4,14,37000.0,
4,14,38000.0,
4,14,39000.0,
4,14,40000.0,
4,14,41000.0,
4,14,42000.0,
4,14,43000.0,
4,14,44000.0,0.064338348294
4,14,45000.0,0.064338348294
4,14,46000.0,0.064338348294
4,14,47000.0,0.07839128074
4,14,48000.0,0.07839128074
4,14,49000.0,0.07839128074
4,14,50000.0,
4,15,5000.0,0.054952560334
4,15,6000.0,0.054952560334
4,15,7000.0,0.054952560334
4,15,8000.0,
4,15,9000.0,
4,15,10000.0,
4,15,11000.0,0.053117867156
4,15,12000.0,0.053117867156
4,15,13000.0,0.053117867156
4,15,14000.0,
4,15,15000.0,0.016524857713
4,15,16000.0,0.016524857713
4,15,17000.0,0.016524857713
4,15,18000.0,
4,15,19000.0,0.020287824362
4,15,20000.0,0.020287824362
4,15,21000.0,0.020287824362
4,15,22000.0,
4,15,23000.0,0.019426812456
4,15,24000.0,0.019426812456
4,15,25000.0,0.019426812456
4,15,26000.0,
4,15,27000.0,
4,15,28000.0,
4,15,29000.0,0.023925333464
4,15,30000.0,0.023925333464
4,15,31000.0,0.023925333464
4,15,32000.0,
4,15,33000.0,
4,15,34000.0,
4,15,35000.0,
4,15,36000.0,
4,15,37000.0,
4,15,38000.0,
4,15,39000.0,
4,15,40000.0,0.014450667223
4,15,41000.0,0.014450667223
4,15,42000.0,0.014450667223
4,15,43000.0,
4,15,44000.0,
4,15,45000.0,0.00775338325
4,15,46000.0,0.00775338325
4,15,47000.0,0.00775338325
4,15,48000.0,
4,15,49000.0,
4,15,50000.0,0.162587204304
4,16,5000.0,
4,16,6000.0,0.012234789626
4,16,7000.0,0.012234789626
4,16,8000.0,0.012234789626
4,16,9000.0,
4,16,10000.0,0.023440789626
4,16,11000.0,0.023440789626
4,16,12000.0,0.023440789626
4,16,13000.0,
4,16,14000.0,
4,16,15000.0,0.022917401851
4,16,16000.0,0.022917401851
4,16,17000.0,0.022917401851
4,16,18000.0,0.007652789626
4,16,19000.0,0.007652789626
4,16,20000.0,0.007652789626
4,16,21000.0,
4,16,22000.0,
4,16,23000.0,
4,16,24000.0,
4,16,25000.0,
4,16,26000.0,
4,16,27000.0,
4,16,28000.0,
4,16,29000.0,
4,16,30000.0,
4,16,31000.0,0.07317709027
4,16,32000.0,0.07317709027
4,16,33000.0,0.07317709027
4,16,34000.0,
4,16,35000.0,0.018005026882
4,16,36000.0,0.018005026882
4,16,37000.0,0.018005026882
4,16,38000.0,
4,16,39000.0,0.008452789626
4,16,40000.0,0.008452789626
4,16,41000.0,0.008452789626
4,16,42000.0,
4,16,43000.0,
4,16,44000.0,0.008232789626
4,16,45000.0,0.008232789626
4,16,46000.0,0.008232789626
4,16,47000.0,
4,16,48000.0,
4,16,49000.0,0.010172621393
4,16,50000.0,0.010172621393
4,17,5000.0,
4,17,6000.0,
4,17,7000.0,
4,17,8000.0,
4,17,9000.0,
4,17,10000.0,
4,17,11000.0,
4,17,12000.0,
4,17,13000.0,
4,17,14000.0,0.098018069045
4,17,15000.0,0.098018069045
4,17,16000.0,0.098018069045
4,17,17000.0,
4,17,18000.0,
4,17,19000.0,
4,17,20000.0,
4,17,21000.0,0.042357133972
4,17,22000.0,0.042357133972
4,17,23000.0,0.042357133972
4,17,24000.0,
4,17,25000.0,0.057083416897
4,17,26000.0,0.057083416897
4,17,27000.0,0.057083416897
4,17,28000.0,
4,17,29000.0,
4,17,30000.0,
4,17,31000.0,
4,17,32000.0,
4,17,33000.0,
4,17,34000.0,
4,17,35000.0,
4,17,36000.0,
4,17,37000.0,
4,17,38000.0,
4,17,39000.0,
4,17,40000.0,
4,17,41000.0,
4,17,42000.0,
4,17,43000.0,
4,17,44000.0,
4,17,45000.0,
4,17,46000.0,
4,17,47000.0,
4,17,48000.0,
4,17,49000.0,0.063199421837
4,17,50000.0,0.063199421837
4,18,5000.0,0.047091898489
4,18,6000.0,0.047091898489
4,18,7000.0,0.047091898489
4,18,8000.0,
4,18,9000.0,0.039759308407
4,18,10000.0,0.039759308407
4,18,11000.0,0.039759308407
4,18,12000.0,
4,18,13000.0,0.034180767923
4,18,14000.0,0.034180767923
4,18,15000.0,0.034180767923
4,18,16000.0,
4,18,17000.0,0.079047990698
4,18,18000.0,0.079047990698
4,18,19000.0,0.079047990698
4,18,20000.0,
4,18,21000.0,0.034122761936
4,18,22000.0,0.034122761936
4,18,23000.0,0.034122761936
4,18,24000.0,
4,18,25000.0,0.0600121
4,18,26000.0,0.0600121
4,18,27000.0,0.0600121
4,18,28000.0,0.02563525841
4,18,29000.0,0.02563525841
4,18,30000.0,0.02563525841
4,18,31000.0,
4,18,32000.0,0.030395184394
4,18,33000.0,0.030395184394
4,18,34000.0,0.030395184394
4,18,35000.0,
4,18,36000.0,
4,18,37000.0,
4,18,38000.0,
4,18,39000.0,0.023808888488
4,18,40000.0,0.023808888488
4,18,41000.0,0.023808888488
4,18,42000.0,0.032975907124
4,18,43000.0,0.032975907124
4,18,44000.0,0.032975907124
4,18,45000.0,
4,18,46000.0,
4,18,47000.0,
4,18,48000.0,
4,18,49000.0,
4,18,50000.0,0.07353012369
4,19,5000.0,0.01155335201
4,19,6000.0,0.01155335201
4,19,7000.0,0.01155335201
4,19,8000.0,
4,19,9000.0,0.01628514742
4,19,10000.0,0.01628514742
4,19,11000.0,0.01628514742
4,19,12000.0,
4,19,13000.0,0.011299007648
4,19,14000.0,0.011299007648
4,19,15000.0,0.011299007648
4,19,16000.0,
4,19,17000.0,
4,19,18000.0,0.189539102484
4,19,19000.0,0.189539102484
4,19,20000.0,0.189539102484
4,19,21000.0,
4,19,22000.0,
4,19,23000.0,
4,19,24000.0,
4,19,25000.0,0.021191437521
4,19,26000.0,0.021191437521
4,19,27000.0,0.021191437521
4,19,28000.0,
4,19,29000.0,
4,19,30000.0,
4,19,31000.0,
4,19,32000.0,
4,19,33000.0,
4,19,34000.0,
4,19,35000.0,3.099170185456
4,19,36000.0,3.099170185456
4,19,37000.0,3.099170185456
4,19,38000.0,
4,19,39000.0,0.012088842261
4,19,40000.0,0.012088842261
4,19,41000.0,0.012088842261
4,19,42000.0,
4,19,43000.0,
4,19,44000.0,
4,19,45000.0,
4,19,46000.0,
4,19,47000.0,0.031319588319
4,19,48000.0,0.031319588319
4,19,49000.0,0.031319588319
4,19,50000.0,
4,20,5000.0,0.074647148181
4,20,6000.0,0.074647148181
4,20,7000.0,0.074647148181
4,20,8000.0,
4,20,9000.0,
4,20,10000.0,
4,20,11000.0,
4,20,12000.0,
4,20,13000.0,
4,20,14000.0,
4,20,15000.0,
4,20,16000.0,
4,20,17000.0,0.134494319076
4,20,18000.0,0.134494319076
4,20,19000.0,0.134494319076
4,20,20000.0,
4,20,21000.0,
4,20,22000.0,0.11753329258
4,20,23000.0,0.11753329258
4,20,24000.0,0.11753329258
4,20,25000.0,
4,20,26000.0,
4,20,27000.0,
4,20,28000.0,
4,20,29000.0,0.049652008889
4,20,30000.0,0.049652008889
4,20,31000.0,0.049652008889
4,20,32000.0,
4,20,33000.0,0.039308674699
4,20,34000.0,0.039308674699
4,20,35000.0,0.039308674699
4,20,36000.0,
4,20,37000.0,
4,20,38000.0,0.036377245629
4,20,39000.0,0.036377245629
4,20,40000.0,0.036377245629
4,20,41000.0,
4,20,42000.0,
4,20,43000.0,
4,20,44000.0,
4,20,45000.0,
4,20,46000.0,
4,20,47000.0,
4,20,48000.0,
4,20,49000.0,
4,20,50000.0,
4,21,5000.0,
4,21,6000.0,
4,21,7000.0,
4,21,8000.0,
4,21,9000.0,0.067125087636
4,21,10000.0,0.067125087636
4,21,11000.0,0.067125087636
4,21,12000.0,
4,21,13000.0,
4,21,14000.0,0.080884162031
4,21,15000.0,0.080884162031
4,21,16000.0,0.080884162031
4,21,17000.0,0.076090646426
4,21,18000.0,0.076090646426
4,21,19000.0,0.076090646426
4,21,20000.0,
4,21,21000.0,
4,21,22000.0,0.018789367282
4,21,23000.0,0.018789367282
4,21,24000.0,0.018789367282
4,21,25000.0,
4,21,26000.0,0.170844394392
4,21,27000.0,0.170844394392
4,21,28000.0,0.170844394392
4,21,29000.0,0.018676529935
4,21,30000.0,0.018676529935
4,21,31000.0,0.018676529935
4,21,32000.0,
4,21,33000.0,
4,21,34000.0,0.022369092321
4,21,35000.0,0.022369092321
4,21,36000.0,0.022369092321
4,21,37000.0,
4,21,38000.0,0.018907787026
4,21,39000.0,0.018907787026
4,21,40000.0,0.018907787026
4,21,41000.0,
4,21,42000.0,0.048664372347
4,21,43000.0,0.048664372347
4,21,44000.0,0.048664372347
4,21,45000.0,
4,21,46000.0,0.008335536779
4,21,47000.0,0.008335536779
4,21,48000.0,0.008335536779
4,21,49000.0,
4,21,50000.0,
4,22,5000.0,0.11576476106
4,22,6000.0,0.11576476106
4,22,7000.0,0.11576476106
4,22,8000.0,
4,22,9000.0,
4,22,10000.0,0.03445070891
4,22,11000.0,0.03445070891
4,22,12000.0,0.03445070891
4,22,13000.0,
4,22,14000.0,
4,22,15000.0,
4,22,16000.0,
4,22,17000.0,
4,22,18000.0,0.075026945968
4,22,19000.0,0.075026945968
4,22,20000.0,0.075026945968
4,22,21000.0,
4,22,22000.0,0.01561398271
4,22,23000.0,0.01561398271
4,22,24000.0,0.01561398271
4,22,25000.0,
4,22,26000.0,
4,22,27000.0,
4,22,28000.0,
4,22,29000.0,
4,22,30000.0,
4,22,31000.0,
4,22,32000.0,
4,22,33000.0,
4,22,34000.0,
4,22,35000.0,
4,22,36000.0,
4,22,37000.0,
4,22,38000.0,
4,22,39000.0,3.013608386168
4,22,40000.0,3.013608386168
4,22,41000.0,3.013608386168
4,22,42000.0,
4,22,43000.0,0.083835105542
4,22,44000.0,0.083835105542
4,22,45000.0,0.083835105542
4,22,46000.0,
4,22,47000.0,0.090768229858
4,22,48000.0,0.090768229858
4,22,49000.0,0.090768229858
4,22,50000.0,
4,23,5000.0,
4,23,6000.0,0.0
4,23,7000.0,0.0
4,23,8000.0,0.0
4,23,9000.0,
4,23,10000.0,
4,23,11000.0,0.0
4,23,12000.0,0.0
4,23,13000.0,0.0
4,23,14000.0,0.0
4,23,15000.0,0.0
4,23,16000.0,0.0
4,23,17000.0,
4,23,18000.0,
4,23,19000.0,0.0
4,23,20000.0,0.0
4,23,21000.0,0.0
4,23,22000.0,
4,23,23000.0,0.0
4,23,24000.0,0.0
4,23,25000.0,0.0
4,23,26000.0,
4,23,27000.0,
4,23,28000.0,0.0
4,23,29000.0,0.0
4,23,30000.0,0.0
4,23,31000.0,
4,23,32000.0,0.0
4,23,33000.0,0.0
4,23,34000.0,0.0
4,23,35000.0,
4,23,36000.0,0.0
4,23,37000.0,0.0
4,23,38000.0,0.0
4,23,39000.0,
4,23,40000.0,
4,23,41000.0,0.0
4,23,42000.0,0.0
4,23,43000.0,0.0
4,23,44000.0,
4,23,45000.0,
4,23,46000.0,0.0
4,23,47000.0,0.0
4,23,48000.0,0.0
4,23,49000.0,
4,23,50000.0,0.0
4,24,5000.0,
4,24,6000.0,0.011275028723
4,24,7000.0,0.011275028723
4,24,8000.0,0.011275028723
4,24,9000.0,
4,24,10000.0,0.008213118502
4,24,11000.0,0.008213118502
4,24,12000.0,0.008213118502
4,24,13000.0,
4,24,14000.0,
4,24,15000.0,0.00815329892
4,24,16000.0,0.00815329892
4,24,17000.0,0.00815329892
4,24,18000.0,
4,24,19000.0,0.008053529645
4,24,20000.0,0.008053529645
4,24,21000.0,0.008053529645
4,24,22000.0,
4,24,23000.0,0.011458719837
4,24,24000.0,0.011458719837
4,24,25000.0,0.011458719837
4,24,26000.0,
4,24,27000.0,0.020093680697
4,24,28000.0,0.020093680697
4,24,29000.0,0.020093680697
4,24,30000.0,0.042505709933
4,24,31000.0,0.042505709933
4,24,32000.0,0.042505709933
4,24,33000.0,
4,24,34000.0,0.020709924239
4,24,35000.0,0.020709924239
4,24,36000.0,0.020709924239
4,24,37000.0,
4,24,38000.0,
4,24,39000.0,
4,24,40000.0,
4,24,41000.0,
4,24,42000.0,
4,24,43000.0,
4,24,44000.0,0.015565205314
4,24,45000.0,0.015565205314
4,24,46000.0,0.015565205314
4,24,47000.0,
4,24,48000.0,0.015525468978
4,24,49000.0,0.015525468978
4,24,50000.0,0.015525468978
