run,type,module,name,attrname,attrvalue,vectime,vecvalue
General-1-20251226-16:35:52-143609,runattr,,,configname,General,,
General-1-20251226-16:35:52-143609,runattr,,,datetime,20251226-16:35:52,,
General-1-20251226-16:35:52-143609,runattr,,,datetimef,20251226-163552,,
General-1-20251226-16:35:52-143609,runattr,,,experiment,General,,
General-1-20251226-16:35:52-143609,runattr,,,inifile,omnetpp.ini,,
General-1-20251226-16:35:52-143609,runattr,,,iterationvars,,,
General-1-20251226-16:35:52-143609,runattr,,,iterationvarsd,,,
General-1-20251226-16:35:52-143609,runattr,,,iterationvarsf,,,
General-1-20251226-16:35:52-143609,runattr,,,measurement,,,
General-1-20251226-16:35:52-143609,runattr,,,network,src.AdhocNetwork1,,
General-1-20251226-16:35:52-143609,runattr,,,processid,143609,,
General-1-20251226-16:35:52-143609,runattr,,,repetition,1,,
General-1-20251226-16:35:52-143609,runattr,,,replication,#1,,
General-1-20251226-16:35:52-143609,runattr,,,resultdir,results,,
General-1-20251226-16:35:52-143609,runattr,,,runnumber,1,,
General-1-20251226-16:35:52-143609,runattr,,,seedset,1,,
General-1-20251226-16:35:52-143609,config,,,image-path,../../../inet4.5/images,,
General-1-20251226-16:35:52-143609,config,,,repeat,5,,
General-1-20251226-16:35:52-143609,config,,,network,src.AdhocNetwork1,,
General-1-20251226-16:35:52-143609,config,,,sim-time-limit,50s,,
General-1-20251226-16:35:52-143609,config,,,*.host[*].ipv4.arp.typename,GlobalArp,,
General-1-20251226-16:35:52-143609,config,,,*.host[*].numApps,3,,
General-1-20251226-16:35:52-143609,config,,,*.host[*].app[0].typename,src.cluster.ClusterApp,,
General-1-20251226-16:35:52-143609,config,,,*.host[*].app[0].localPort,4000,,
General-1-20251226-16:35:52-143609,config,,,*.host[*].app[0].destPort,4000,,
General-1-20251226-16:35:52-143609,config,,,*.host[*].app[0].helloInterval,1s,,
General-1-20251226-16:35:52-143609,config,,,*.host[*].app[0].cfInterval,3s,,
General-1-20251226-16:35:52-143609,config,,,*.host[*].app[0].hldTimeThreshold,1s,,
General-1-20251226-16:35:52-143609,config,,,*.host[*].app[0].maxTrials,3,,
General-1-20251226-16:35:52-143609,config,,,*.host[*].app[0].requestTimeout,1s,,
General-1-20251226-16:35:52-143609,config,,,*.host[*].app[0].maxClusterSize,10,,
General-1-20251226-16:35:52-143609,config,,,*.host[*].app[1].typename,src.tcp.RecordingTcpClientApp,,
General-1-20251226-16:35:52-143609,config,,,*.host[*].app[1].delaySamplePeriod,1s,,
General-1-20251226-16:35:52-143609,config,,,*.host[*].app[1].delayStaleWindow,3s,,
General-1-20251226-16:35:52-143609,config,,,*.host[*].app[1].connectPort,1000,,
General-1-20251226-16:35:52-143609,config,,,*.host[*].app[1].tOpen,"uniform(1s, 2s)",,
General-1-20251226-16:35:52-143609,config,,,*.host[*].app[1].tSend,"uniform(1s, 2s)",,
General-1-20251226-16:35:52-143609,config,,,*.host[*].app[1].thinkTime,"uniform(0s, 1s)",,
General-1-20251226-16:35:52-143609,config,,,*.host[*].app[1].idleInterval,"uniform(3s, 5s)",,
General-1-20251226-16:35:52-143609,config,,,*.host[*].app[1].sendBytes,200B,,
General-1-20251226-16:35:52-143609,config,,,*.host[*].app[1].sendInterval,"uniform(1s, 2s)",,
General-1-20251226-16:35:52-143609,config,,,*.host[*].app[1].connectAddress,"""host["" + string((index + intuniform(1,24)) % 25) + ""]""",,
General-1-20251226-16:35:52-143609,config,,,*.host[*].app[2].typename,TcpEchoApp,,
General-1-20251226-16:35:52-143609,config,,,*.host[*].app[2].localPort,1000,,
General-1-20251226-16:35:52-143609,config,,,*.host[*].typename,RouterWithMetrics,,
General-1-20251226-16:35:52-143609,config,,,**.metrics.samplePeriod,0.5s,,
General-1-20251226-16:35:52-143609,config,,,**.metrics.recordPerUtility,true,,
General-1-20251226-16:35:52-143609,config,,,*.host[*].wlan[0].typename,WirelessInterface,,
General-1-20251226-16:35:52-143609,config,,,*.radioMedium.typename,Ieee80211DimensionalRadioMedium,,
General-1-20251226-16:35:52-143609,config,,,*.radioMedium.analogModel.typename,DimensionalAnalogModel,,
General-1-20251226-16:35:52-143609,config,,,*.radioMedium.backgroundNoise.power,-120dBm,,
General-1-20251226-16:35:52-143609,config,,,*.host[*].wlan[0].radio.typename,Ieee80211DimensionalRadio,,
General-1-20251226-16:35:52-143609,config,,,*.host[*].wlan[0].radio.transmitter.power,2mW,,
General-1-20251226-16:35:52-143609,config,,,*.host[*].wlan[0].radio.transmitter.centerFrequency,2.412GHz,,
General-1-20251226-16:35:52-143609,config,,,*.host[*].wlan[0].radio.transmitter.bandwidth,20MHz,,
General-1-20251226-16:35:52-143609,config,,,*.host[*].wlan[0].radio.receiver.sensitivity,-90dBm,,
General-1-20251226-16:35:52-143609,config,,,*.host[*].wlan[0].radio.receiver.snirThreshold,4dB,,
General-1-20251226-16:35:52-143609,config,,,*.host[*].wlan[0].radio.receiver.ignoreInterference,false,,
General-1-20251226-16:35:52-143609,config,,,*.host[*].wlan[0].mac.rateControl.typename,ConstantRateControl,,
General-1-20251226-16:35:52-143609,config,,,*.host[*].wlan[0].mac.rateControl.dataRate,6Mbps,,
General-1-20251226-16:35:52-143609,config,,,*.host[*].wlan[0].mac.rateControl.multicastRate,6Mbps,,
General-1-20251226-16:35:52-143609,config,,,*.host[*].wlan[0].mac.typename,CsmaCaMac,,
General-1-20251226-16:35:52-143609,config,,,*.host[*].wlan[0].mac.ackTimeout,300us,,
General-1-20251226-16:35:52-143609,config,,,*.host[*].wlan[0].mac.useAck,true,,
General-1-20251226-16:35:52-143609,config,,,*.host[*].wlan[0].mac.fullDuplex,false,,
General-1-20251226-16:35:52-143609,config,,,*.host[*].wlan[0].mac.headerLength,23B,,
General-1-20251226-16:35:52-143609,config,,,*.host[*].mobility.typename,RandomWaypointMobility,,
General-1-20251226-16:35:52-143609,config,,,*.host[*].mobility.speed,10mps,,
General-1-20251226-16:35:52-143609,config,,,*.host[*].mobility.waitTime,100ms,,
General-1-20251226-16:35:52-143609,config,,,*.host[*].wlan[0].queue.typename,DropTailQueue,,
General-1-20251226-16:35:52-143609,config,,,*.host[*].wlan[0].queue.packetCapacity,10,,
General-1-20251226-16:35:52-143609,config,,,*.host[*].hasStatus,true,,
General-1-20251226-16:35:52-143609,config,,,*.host[*].wlan[0].radio.energyConsumer.typename,StateBasedEpEnergyConsumer,,
General-1-20251226-16:35:52-143609,config,,,*.host[*].wlan[0].radio.energyConsumer.offPowerConsumption,0mW,,
General-1-20251226-16:35:52-143609,config,,,*.host[*].wlan[0].radio.energyConsumer.sleepPowerConsumption,1mW,,
General-1-20251226-16:35:52-143609,config,,,*.host[*].wlan[0].radio.energyConsumer.switchingPowerConsumption,1mW,,
General-1-20251226-16:35:52-143609,config,,,*.host[*].wlan[0].radio.energyConsumer.receiverIdlePowerConsumption,2mW,,
General-1-20251226-16:35:52-143609,config,,,*.host[*].wlan[0].radio.energyConsumer.receiverBusyPowerConsumption,5mW,,
General-1-20251226-16:35:52-143609,config,,,*.host[*].wlan[0].radio.energyConsumer.receiverReceivingPowerConsumption,10mW,,
General-1-20251226-16:35:52-143609,config,,,*.host[*].wlan[0].radio.energyConsumer.transmitterIdlePowerConsumption,2mW,,
General-1-20251226-16:35:52-143609,config,,,*.host[*].wlan[0].radio.energyConsumer.transmitterTransmittingPowerConsumption,100mW,,
General-1-20251226-16:35:52-143609,config,,,*.host[*].energyStorage.typename,SimpleEpEnergyStorage,,
General-1-20251226-16:35:52-143609,config,,,*.host[*].energyStorage.nominalCapacity,2J,,
General-1-20251226-16:35:52-143609,config,,,*.host[*].energyStorage.initialCapacity,2J,,
General-1-20251226-16:35:52-143609,config,,,*.host[*].energyManagement.typename,SimpleEpEnergyManagement,,
General-1-20251226-16:35:52-143609,config,,,*.host[*].energyManagement.nodeStartCapacity,0.0001J,,
General-1-20251226-16:35:52-143609,config,,,*.host[*].energyManagement.nodeShutdownCapacity,0.0001J,,
General-1-20251226-16:35:52-143609,config,,,*.host[*].**.bitrate,6Mbps,,
General-1-20251226-16:35:52-143609,config,,,*.host[*].forwarding,true,,
General-1-20251226-16:35:52-143609,config,,,*.host[*].mobility.constraintAreaMinX,0m,,
General-1-20251226-16:35:52-143609,config,,,*.host[*].mobility.constraintAreaMinY,0m,,
General-1-20251226-16:35:52-143609,config,,,*.host[*].mobility.constraintAreaMinZ,0m,,
General-1-20251226-16:35:52-143609,config,,,*.host[*].mobility.constraintAreaMaxX,1250m,,
General-1-20251226-16:35:52-143609,config,,,*.host[*].mobility.constraintAreaMaxY,1250m,,
General-1-20251226-16:35:52-143609,config,,,*.host[*].mobility.constraintAreaMaxZ,0m,,
General-1-20251226-16:35:52-143609,config,,,*.host[*].mobility.initialX,"uniform(100m, 1150m)",,
General-1-20251226-16:35:52-143609,config,,,*.host[*].mobility.initialY,"uniform(100m, 1150m)",,
General-1-20251226-16:35:52-143609,config,,,*.host[*].wlan[0].radio.displayCommunicationRange,true,,
General-1-20251226-16:35:52-143609,config,,,*.configurator.config,"xml(""<config><interface hosts='**' address='10.0.0.x' netmask='255.255.255.0'/></config>"")",,
General-1-20251226-16:35:52-143609,config,,,*.configurator.addDefaultRoutes,false,,
General-1-20251226-16:35:52-143609,config,,,*.configurator.addStaticRoutes,false,,
General-1-20251226-16:35:52-143609,config,,,*.configurator.optimizeRoutes,false,,
General-1-20251226-16:35:52-143609,config,,,*.host*.ipv4.routingTable.netmaskRoutes,"""""",,
General-1-20251226-16:35:52-143609,config,,,*.linkVisualizer.*.displayLinks,false,,
General-0-20251226-16:35:52-143608,runattr,,,configname,General,,
General-0-20251226-16:35:52-143608,runattr,,,datetime,20251226-16:35:52,,
General-0-20251226-16:35:52-143608,runattr,,,datetimef,20251226-163552,,
General-0-20251226-16:35:52-143608,runattr,,,experiment,General,,
General-0-20251226-16:35:52-143608,runattr,,,inifile,omnetpp.ini,,
General-0-20251226-16:35:52-143608,runattr,,,iterationvars,,,
General-0-20251226-16:35:52-143608,runattr,,,iterationvarsd,,,
General-0-20251226-16:35:52-143608,runattr,,,iterationvarsf,,,
General-0-20251226-16:35:52-143608,runattr,,,measurement,,,
General-0-20251226-16:35:52-143608,runattr,,,network,src.AdhocNetwork1,,
General-0-20251226-16:35:52-143608,runattr,,,processid,143608,,
General-0-20251226-16:35:52-143608,runattr,,,repetition,0,,
General-0-20251226-16:35:52-143608,runattr,,,replication,#0,,
General-0-20251226-16:35:52-143608,runattr,,,resultdir,results,,
General-0-20251226-16:35:52-143608,runattr,,,runnumber,0,,
General-0-20251226-16:35:52-143608,runattr,,,seedset,0,,
General-0-20251226-16:35:52-143608,config,,,image-path,../../../inet4.5/images,,
General-0-20251226-16:35:52-143608,config,,,repeat,5,,
General-0-20251226-16:35:52-143608,config,,,network,src.AdhocNetwork1,,
General-0-20251226-16:35:52-143608,config,,,sim-time-limit,50s,,
General-0-20251226-16:35:52-143608,config,,,*.host[*].ipv4.arp.typename,GlobalArp,,
General-0-20251226-16:35:52-143608,config,,,*.host[*].numApps,3,,
General-0-20251226-16:35:52-143608,config,,,*.host[*].app[0].typename,src.cluster.ClusterApp,,
General-0-20251226-16:35:52-143608,config,,,*.host[*].app[0].localPort,4000,,
General-0-20251226-16:35:52-143608,config,,,*.host[*].app[0].destPort,4000,,
General-0-20251226-16:35:52-143608,config,,,*.host[*].app[0].helloInterval,1s,,
General-0-20251226-16:35:52-143608,config,,,*.host[*].app[0].cfInterval,3s,,
General-0-20251226-16:35:52-143608,config,,,*.host[*].app[0].hldTimeThreshold,1s,,
General-0-20251226-16:35:52-143608,config,,,*.host[*].app[0].maxTrials,3,,
General-0-20251226-16:35:52-143608,config,,,*.host[*].app[0].requestTimeout,1s,,
General-0-20251226-16:35:52-143608,config,,,*.host[*].app[0].maxClusterSize,10,,
General-0-20251226-16:35:52-143608,config,,,*.host[*].app[1].typename,src.tcp.RecordingTcpClientApp,,
General-0-20251226-16:35:52-143608,config,,,*.host[*].app[1].delaySamplePeriod,1s,,
General-0-20251226-16:35:52-143608,config,,,*.host[*].app[1].delayStaleWindow,3s,,
General-0-20251226-16:35:52-143608,config,,,*.host[*].app[1].connectPort,1000,,
General-0-20251226-16:35:52-143608,config,,,*.host[*].app[1].tOpen,"uniform(1s, 2s)",,
General-0-20251226-16:35:52-143608,config,,,*.host[*].app[1].tSend,"uniform(1s, 2s)",,
General-0-20251226-16:35:52-143608,config,,,*.host[*].app[1].thinkTime,"uniform(0s, 1s)",,
General-0-20251226-16:35:52-143608,config,,,*.host[*].app[1].idleInterval,"uniform(3s, 5s)",,
General-0-20251226-16:35:52-143608,config,,,*.host[*].app[1].sendBytes,200B,,
General-0-20251226-16:35:52-143608,config,,,*.host[*].app[1].sendInterval,"uniform(1s, 2s)",,
General-0-20251226-16:35:52-143608,config,,,*.host[*].app[1].connectAddress,"""host["" + string((index + intuniform(1,24)) % 25) + ""]""",,
General-0-20251226-16:35:52-143608,config,,,*.host[*].app[2].typename,TcpEchoApp,,
General-0-20251226-16:35:52-143608,config,,,*.host[*].app[2].localPort,1000,,
General-0-20251226-16:35:52-143608,config,,,*.host[*].typename,RouterWithMetrics,,
General-0-20251226-16:35:52-143608,config,,,**.metrics.samplePeriod,0.5s,,
General-0-20251226-16:35:52-143608,config,,,**.metrics.recordPerUtility,true,,
General-0-20251226-16:35:52-143608,config,,,*.host[*].wlan[0].typename,WirelessInterface,,
General-0-20251226-16:35:52-143608,config,,,*.radioMedium.typename,Ieee80211DimensionalRadioMedium,,
General-0-20251226-16:35:52-143608,config,,,*.radioMedium.analogModel.typename,DimensionalAnalogModel,,
General-0-20251226-16:35:52-143608,config,,,*.radioMedium.backgroundNoise.power,-120dBm,,
General-0-20251226-16:35:52-143608,config,,,*.host[*].wlan[0].radio.typename,Ieee80211DimensionalRadio,,
General-0-20251226-16:35:52-143608,config,,,*.host[*].wlan[0].radio.transmitter.power,2mW,,
General-0-20251226-16:35:52-143608,config,,,*.host[*].wlan[0].radio.transmitter.centerFrequency,2.412GHz,,
General-0-20251226-16:35:52-143608,config,,,*.host[*].wlan[0].radio.transmitter.bandwidth,20MHz,,
General-0-20251226-16:35:52-143608,config,,,*.host[*].wlan[0].radio.receiver.sensitivity,-90dBm,,
General-0-20251226-16:35:52-143608,config,,,*.host[*].wlan[0].radio.receiver.snirThreshold,4dB,,
General-0-20251226-16:35:52-143608,config,,,*.host[*].wlan[0].radio.receiver.ignoreInterference,false,,
General-0-20251226-16:35:52-143608,config,,,*.host[*].wlan[0].mac.rateControl.typename,ConstantRateControl,,
General-0-20251226-16:35:52-143608,config,,,*.host[*].wlan[0].mac.rateControl.dataRate,6Mbps,,
General-0-20251226-16:35:52-143608,config,,,*.host[*].wlan[0].mac.rateControl.multicastRate,6Mbps,,
General-0-20251226-16:35:52-143608,config,,,*.host[*].wlan[0].mac.typename,CsmaCaMac,,
General-0-20251226-16:35:52-143608,config,,,*.host[*].wlan[0].mac.ackTimeout,300us,,
General-0-20251226-16:35:52-143608,config,,,*.host[*].wlan[0].mac.useAck,true,,
General-0-20251226-16:35:52-143608,config,,,*.host[*].wlan[0].mac.fullDuplex,false,,
General-0-20251226-16:35:52-143608,config,,,*.host[*].wlan[0].mac.headerLength,23B,,
General-0-20251226-16:35:52-143608,config,,,*.host[*].mobility.typename,RandomWaypointMobility,,
General-0-20251226-16:35:52-143608,config,,,*.host[*].mobility.speed,10mps,,
General-0-20251226-16:35:52-143608,config,,,*.host[*].mobility.waitTime,100ms,,
General-0-20251226-16:35:52-143608,config,,,*.host[*].wlan[0].queue.typename,DropTailQueue,,
General-0-20251226-16:35:52-143608,config,,,*.host[*].wlan[0].queue.packetCapacity,10,,
General-0-20251226-16:35:52-143608,config,,,*.host[*].hasStatus,true,,
General-0-20251226-16:35:52-143608,config,,,*.host[*].wlan[0].radio.energyConsumer.typename,StateBasedEpEnergyConsumer,,
General-0-20251226-16:35:52-143608,config,,,*.host[*].wlan[0].radio.energyConsumer.offPowerConsumption,0mW,,
General-0-20251226-16:35:52-143608,config,,,*.host[*].wlan[0].radio.energyConsumer.sleepPowerConsumption,1mW,,
General-0-20251226-16:35:52-143608,config,,,*.host[*].wlan[0].radio.energyConsumer.switchingPowerConsumption,1mW,,
General-0-20251226-16:35:52-143608,config,,,*.host[*].wlan[0].radio.energyConsumer.receiverIdlePowerConsumption,2mW,,
General-0-20251226-16:35:52-143608,config,,,*.host[*].wlan[0].radio.energyConsumer.receiverBusyPowerConsumption,5mW,,
General-0-20251226-16:35:52-143608,config,,,*.host[*].wlan[0].radio.energyConsumer.receiverReceivingPowerConsumption,10mW,,
General-0-20251226-16:35:52-143608,config,,,*.host[*].wlan[0].radio.energyConsumer.transmitterIdlePowerConsumption,2mW,,
General-0-20251226-16:35:52-143608,config,,,*.host[*].wlan[0].radio.energyConsumer.transmitterTransmittingPowerConsumption,100mW,,
General-0-20251226-16:35:52-143608,config,,,*.host[*].energyStorage.typename,SimpleEpEnergyStorage,,
General-0-20251226-16:35:52-143608,config,,,*.host[*].energyStorage.nominalCapacity,2J,,
General-0-20251226-16:35:52-143608,config,,,*.host[*].energyStorage.initialCapacity,2J,,
General-0-20251226-16:35:52-143608,config,,,*.host[*].energyManagement.typename,SimpleEpEnergyManagement,,
General-0-20251226-16:35:52-143608,config,,,*.host[*].energyManagement.nodeStartCapacity,0.0001J,,
General-0-20251226-16:35:52-143608,config,,,*.host[*].energyManagement.nodeShutdownCapacity,0.0001J,,
General-0-20251226-16:35:52-143608,config,,,*.host[*].**.bitrate,6Mbps,,
General-0-20251226-16:35:52-143608,config,,,*.host[*].forwarding,true,,
General-0-20251226-16:35:52-143608,config,,,*.host[*].mobility.constraintAreaMinX,0m,,
General-0-20251226-16:35:52-143608,config,,,*.host[*].mobility.constraintAreaMinY,0m,,
General-0-20251226-16:35:52-143608,config,,,*.host[*].mobility.constraintAreaMinZ,0m,,
General-0-20251226-16:35:52-143608,config,,,*.host[*].mobility.constraintAreaMaxX,1250m,,
General-0-20251226-16:35:52-143608,config,,,*.host[*].mobility.constraintAreaMaxY,1250m,,
General-0-20251226-16:35:52-143608,config,,,*.host[*].mobility.constraintAreaMaxZ,0m,,
General-0-20251226-16:35:52-143608,config,,,*.host[*].mobility.initialX,"uniform(100m, 1150m)",,
General-0-20251226-16:35:52-143608,config,,,*.host[*].mobility.initialY,"uniform(100m, 1150m)",,
General-0-20251226-16:35:52-143608,config,,,*.host[*].wlan[0].radio.displayCommunicationRange,true,,
General-0-20251226-16:35:52-143608,config,,,*.configurator.config,"xml(""<config><interface hosts='**' address='10.0.0.x' netmask='255.255.255.0'/></config>"")",,
General-0-20251226-16:35:52-143608,config,,,*.configurator.addDefaultRoutes,false,,
General-0-20251226-16:35:52-143608,config,,,*.configurator.addStaticRoutes,false,,
General-0-20251226-16:35:52-143608,config,,,*.configurator.optimizeRoutes,false,,
General-0-20251226-16:35:52-143608,config,,,*.host*.ipv4.routingTable.netmaskRoutes,"""""",,
General-0-20251226-16:35:52-143608,config,,,*.linkVisualizer.*.displayLinks,false,,
General-2-20251226-16:35:52-143607,runattr,,,configname,General,,
General-2-20251226-16:35:52-143607,runattr,,,datetime,20251226-16:35:52,,
General-2-20251226-16:35:52-143607,runattr,,,datetimef,20251226-163552,,
General-2-20251226-16:35:52-143607,runattr,,,experiment,General,,
General-2-20251226-16:35:52-143607,runattr,,,inifile,omnetpp.ini,,
General-2-20251226-16:35:52-143607,runattr,,,iterationvars,,,
General-2-20251226-16:35:52-143607,runattr,,,iterationvarsd,,,
General-2-20251226-16:35:52-143607,runattr,,,iterationvarsf,,,
General-2-20251226-16:35:52-143607,runattr,,,measurement,,,
General-2-20251226-16:35:52-143607,runattr,,,network,src.AdhocNetwork1,,
General-2-20251226-16:35:52-143607,runattr,,,processid,143607,,
General-2-20251226-16:35:52-143607,runattr,,,repetition,2,,
General-2-20251226-16:35:52-143607,runattr,,,replication,#2,,
General-2-20251226-16:35:52-143607,runattr,,,resultdir,results,,
General-2-20251226-16:35:52-143607,runattr,,,runnumber,2,,
General-2-20251226-16:35:52-143607,runattr,,,seedset,2,,
General-2-20251226-16:35:52-143607,config,,,image-path,../../../inet4.5/images,,
General-2-20251226-16:35:52-143607,config,,,repeat,5,,
General-2-20251226-16:35:52-143607,config,,,network,src.AdhocNetwork1,,
General-2-20251226-16:35:52-143607,config,,,sim-time-limit,50s,,
General-2-20251226-16:35:52-143607,config,,,*.host[*].ipv4.arp.typename,GlobalArp,,
General-2-20251226-16:35:52-143607,config,,,*.host[*].numApps,3,,
General-2-20251226-16:35:52-143607,config,,,*.host[*].app[0].typename,src.cluster.ClusterApp,,
General-2-20251226-16:35:52-143607,config,,,*.host[*].app[0].localPort,4000,,
General-2-20251226-16:35:52-143607,config,,,*.host[*].app[0].destPort,4000,,
General-2-20251226-16:35:52-143607,config,,,*.host[*].app[0].helloInterval,1s,,
General-2-20251226-16:35:52-143607,config,,,*.host[*].app[0].cfInterval,3s,,
General-2-20251226-16:35:52-143607,config,,,*.host[*].app[0].hldTimeThreshold,1s,,
General-2-20251226-16:35:52-143607,config,,,*.host[*].app[0].maxTrials,3,,
General-2-20251226-16:35:52-143607,config,,,*.host[*].app[0].requestTimeout,1s,,
General-2-20251226-16:35:52-143607,config,,,*.host[*].app[0].maxClusterSize,10,,
General-2-20251226-16:35:52-143607,config,,,*.host[*].app[1].typename,src.tcp.RecordingTcpClientApp,,
General-2-20251226-16:35:52-143607,config,,,*.host[*].app[1].delaySamplePeriod,1s,,
General-2-20251226-16:35:52-143607,config,,,*.host[*].app[1].delayStaleWindow,3s,,
General-2-20251226-16:35:52-143607,config,,,*.host[*].app[1].connectPort,1000,,
General-2-20251226-16:35:52-143607,config,,,*.host[*].app[1].tOpen,"uniform(1s, 2s)",,
General-2-20251226-16:35:52-143607,config,,,*.host[*].app[1].tSend,"uniform(1s, 2s)",,
General-2-20251226-16:35:52-143607,config,,,*.host[*].app[1].thinkTime,"uniform(0s, 1s)",,
General-2-20251226-16:35:52-143607,config,,,*.host[*].app[1].idleInterval,"uniform(3s, 5s)",,
General-2-20251226-16:35:52-143607,config,,,*.host[*].app[1].sendBytes,200B,,
General-2-20251226-16:35:52-143607,config,,,*.host[*].app[1].sendInterval,"uniform(1s, 2s)",,
General-2-20251226-16:35:52-143607,config,,,*.host[*].app[1].connectAddress,"""host["" + string((index + intuniform(1,24)) % 25) + ""]""",,
General-2-20251226-16:35:52-143607,config,,,*.host[*].app[2].typename,TcpEchoApp,,
General-2-20251226-16:35:52-143607,config,,,*.host[*].app[2].localPort,1000,,
General-2-20251226-16:35:52-143607,config,,,*.host[*].typename,RouterWithMetrics,,
General-2-20251226-16:35:52-143607,config,,,**.metrics.samplePeriod,0.5s,,
General-2-20251226-16:35:52-143607,config,,,**.metrics.recordPerUtility,true,,
General-2-20251226-16:35:52-143607,config,,,*.host[*].wlan[0].typename,WirelessInterface,,
General-2-20251226-16:35:52-143607,config,,,*.radioMedium.typename,Ieee80211DimensionalRadioMedium,,
General-2-20251226-16:35:52-143607,config,,,*.radioMedium.analogModel.typename,DimensionalAnalogModel,,
General-2-20251226-16:35:52-143607,config,,,*.radioMedium.backgroundNoise.power,-120dBm,,
General-2-20251226-16:35:52-143607,config,,,*.host[*].wlan[0].radio.typename,Ieee80211DimensionalRadio,,
General-2-20251226-16:35:52-143607,config,,,*.host[*].wlan[0].radio.transmitter.power,2mW,,
General-2-20251226-16:35:52-143607,config,,,*.host[*].wlan[0].radio.transmitter.centerFrequency,2.412GHz,,
General-2-20251226-16:35:52-143607,config,,,*.host[*].wlan[0].radio.transmitter.bandwidth,20MHz,,
General-2-20251226-16:35:52-143607,config,,,*.host[*].wlan[0].radio.receiver.sensitivity,-90dBm,,
General-2-20251226-16:35:52-143607,config,,,*.host[*].wlan[0].radio.receiver.snirThreshold,4dB,,
General-2-20251226-16:35:52-143607,config,,,*.host[*].wlan[0].radio.receiver.ignoreInterference,false,,
General-2-20251226-16:35:52-143607,config,,,*.host[*].wlan[0].mac.rateControl.typename,ConstantRateControl,,
General-2-20251226-16:35:52-143607,config,,,*.host[*].wlan[0].mac.rateControl.dataRate,6Mbps,,
General-2-20251226-16:35:52-143607,config,,,*.host[*].wlan[0].mac.rateControl.multicastRate,6Mbps,,
General-2-20251226-16:35:52-143607,config,,,*.host[*].wlan[0].mac.typename,CsmaCaMac,,
General-2-20251226-16:35:52-143607,config,,,*.host[*].wlan[0].mac.ackTimeout,300us,,
General-2-20251226-16:35:52-143607,config,,,*.host[*].wlan[0].mac.useAck,true,,
General-2-20251226-16:35:52-143607,config,,,*.host[*].wlan[0].mac.fullDuplex,false,,
General-2-20251226-16:35:52-143607,config,,,*.host[*].wlan[0].mac.headerLength,23B,,
General-2-20251226-16:35:52-143607,config,,,*.host[*].mobility.typename,RandomWaypointMobility,,
General-2-20251226-16:35:52-143607,config,,,*.host[*].mobility.speed,10mps,,
General-2-20251226-16:35:52-143607,config,,,*.host[*].mobility.waitTime,100ms,,
General-2-20251226-16:35:52-143607,config,,,*.host[*].wlan[0].queue.typename,DropTailQueue,,
General-2-20251226-16:35:52-143607,config,,,*.host[*].wlan[0].queue.packetCapacity,10,,
General-2-20251226-16:35:52-143607,config,,,*.host[*].hasStatus,true,,
General-2-20251226-16:35:52-143607,config,,,*.host[*].wlan[0].radio.energyConsumer.typename,StateBasedEpEnergyConsumer,,
General-2-20251226-16:35:52-143607,config,,,*.host[*].wlan[0].radio.energyConsumer.offPowerConsumption,0mW,,
General-2-20251226-16:35:52-143607,config,,,*.host[*].wlan[0].radio.energyConsumer.sleepPowerConsumption,1mW,,
General-2-20251226-16:35:52-143607,config,,,*.host[*].wlan[0].radio.energyConsumer.switchingPowerConsumption,1mW,,
General-2-20251226-16:35:52-143607,config,,,*.host[*].wlan[0].radio.energyConsumer.receiverIdlePowerConsumption,2mW,,
General-2-20251226-16:35:52-143607,config,,,*.host[*].wlan[0].radio.energyConsumer.receiverBusyPowerConsumption,5mW,,
General-2-20251226-16:35:52-143607,config,,,*.host[*].wlan[0].radio.energyConsumer.receiverReceivingPowerConsumption,10mW,,
General-2-20251226-16:35:52-143607,config,,,*.host[*].wlan[0].radio.energyConsumer.transmitterIdlePowerConsumption,2mW,,
General-2-20251226-16:35:52-143607,config,,,*.host[*].wlan[0].radio.energyConsumer.transmitterTransmittingPowerConsumption,100mW,,
General-2-20251226-16:35:52-143607,config,,,*.host[*].energyStorage.typename,SimpleEpEnergyStorage,,
General-2-20251226-16:35:52-143607,config,,,*.host[*].energyStorage.nominalCapacity,2J,,
General-2-20251226-16:35:52-143607,config,,,*.host[*].energyStorage.initialCapacity,2J,,
General-2-20251226-16:35:52-143607,config,,,*.host[*].energyManagement.typename,SimpleEpEnergyManagement,,
General-2-20251226-16:35:52-143607,config,,,*.host[*].energyManagement.nodeStartCapacity,0.0001J,,
General-2-20251226-16:35:52-143607,config,,,*.host[*].energyManagement.nodeShutdownCapacity,0.0001J,,
General-2-20251226-16:35:52-143607,config,,,*.host[*].**.bitrate,6Mbps,,
General-2-20251226-16:35:52-143607,config,,,*.host[*].forwarding,true,,
General-2-20251226-16:35:52-143607,config,,,*.host[*].mobility.constraintAreaMinX,0m,,
General-2-20251226-16:35:52-143607,config,,,*.host[*].mobility.constraintAreaMinY,0m,,
General-2-20251226-16:35:52-143607,config,,,*.host[*].mobility.constraintAreaMinZ,0m,,
General-2-20251226-16:35:52-143607,config,,,*.host[*].mobility.constraintAreaMaxX,1250m,,
General-2-20251226-16:35:52-143607,config,,,*.host[*].mobility.constraintAreaMaxY,1250m,,
General-2-20251226-16:35:52-143607,config,,,*.host[*].mobility.constraintAreaMaxZ,0m,,
General-2-20251226-16:35:52-143607,config,,,*.host[*].mobility.initialX,"uniform(100m, 1150m)",,
General-2-20251226-16:35:52-143607,config,,,*.host[*].mobility.initialY,"uniform(100m, 1150m)",,
General-2-20251226-16:35:52-143607,config,,,*.host[*].wlan[0].radio.displayCommunicationRange,true,,
General-2-20251226-16:35:52-143607,config,,,*.configurator.config,"xml(""<config><interface hosts='**' address='10.0.0.x' netmask='255.255.255.0'/></config>"")",,
General-2-20251226-16:35:52-143607,config,,,*.configurator.addDefaultRoutes,false,,
General-2-20251226-16:35:52-143607,config,,,*.configurator.addStaticRoutes,false,,
General-2-20251226-16:35:52-143607,config,,,*.configurator.optimizeRoutes,false,,
General-2-20251226-16:35:52-143607,config,,,*.host*.ipv4.routingTable.netmaskRoutes,"""""",,
General-2-20251226-16:35:52-143607,config,,,*.linkVisualizer.*.displayLinks,false,,
General-4-20251226-16:35:52-143611,runattr,,,configname,General,,
General-4-20251226-16:35:52-143611,runattr,,,datetime,20251226-16:35:52,,
General-4-20251226-16:35:52-143611,runattr,,,datetimef,20251226-163552,,
General-4-20251226-16:35:52-143611,runattr,,,experiment,General,,
General-4-20251226-16:35:52-143611,runattr,,,inifile,omnetpp.ini,,
General-4-20251226-16:35:52-143611,runattr,,,iterationvars,,,
General-4-20251226-16:35:52-143611,runattr,,,iterationvarsd,,,
General-4-20251226-16:35:52-143611,runattr,,,iterationvarsf,,,
General-4-20251226-16:35:52-143611,runattr,,,measurement,,,
General-4-20251226-16:35:52-143611,runattr,,,network,src.AdhocNetwork1,,
General-4-20251226-16:35:52-143611,runattr,,,processid,143611,,
General-4-20251226-16:35:52-143611,runattr,,,repetition,4,,
General-4-20251226-16:35:52-143611,runattr,,,replication,#4,,
General-4-20251226-16:35:52-143611,runattr,,,resultdir,results,,
General-4-20251226-16:35:52-143611,runattr,,,runnumber,4,,
General-4-20251226-16:35:52-143611,runattr,,,seedset,4,,
General-4-20251226-16:35:52-143611,config,,,image-path,../../../inet4.5/images,,
General-4-20251226-16:35:52-143611,config,,,repeat,5,,
General-4-20251226-16:35:52-143611,config,,,network,src.AdhocNetwork1,,
General-4-20251226-16:35:52-143611,config,,,sim-time-limit,50s,,
General-4-20251226-16:35:52-143611,config,,,*.host[*].ipv4.arp.typename,GlobalArp,,
General-4-20251226-16:35:52-143611,config,,,*.host[*].numApps,3,,
General-4-20251226-16:35:52-143611,config,,,*.host[*].app[0].typename,src.cluster.ClusterApp,,
General-4-20251226-16:35:52-143611,config,,,*.host[*].app[0].localPort,4000,,
General-4-20251226-16:35:52-143611,config,,,*.host[*].app[0].destPort,4000,,
General-4-20251226-16:35:52-143611,config,,,*.host[*].app[0].helloInterval,1s,,
General-4-20251226-16:35:52-143611,config,,,*.host[*].app[0].cfInterval,3s,,
General-4-20251226-16:35:52-143611,config,,,*.host[*].app[0].hldTimeThreshold,1s,,
General-4-20251226-16:35:52-143611,config,,,*.host[*].app[0].maxTrials,3,,
General-4-20251226-16:35:52-143611,config,,,*.host[*].app[0].requestTimeout,1s,,
General-4-20251226-16:35:52-143611,config,,,*.host[*].app[0].maxClusterSize,10,,
General-4-20251226-16:35:52-143611,config,,,*.host[*].app[1].typename,src.tcp.RecordingTcpClientApp,,
General-4-20251226-16:35:52-143611,config,,,*.host[*].app[1].delaySamplePeriod,1s,,
General-4-20251226-16:35:52-143611,config,,,*.host[*].app[1].delayStaleWindow,3s,,
General-4-20251226-16:35:52-143611,config,,,*.host[*].app[1].connectPort,1000,,
General-4-20251226-16:35:52-143611,config,,,*.host[*].app[1].tOpen,"uniform(1s, 2s)",,
General-4-20251226-16:35:52-143611,config,,,*.host[*].app[1].tSend,"uniform(1s, 2s)",,
General-4-20251226-16:35:52-143611,config,,,*.host[*].app[1].thinkTime,"uniform(0s, 1s)",,
General-4-20251226-16:35:52-143611,config,,,*.host[*].app[1].idleInterval,"uniform(3s, 5s)",,
General-4-20251226-16:35:52-143611,config,,,*.host[*].app[1].sendBytes,200B,,
General-4-20251226-16:35:52-143611,config,,,*.host[*].app[1].sendInterval,"uniform(1s, 2s)",,
General-4-20251226-16:35:52-143611,config,,,*.host[*].app[1].connectAddress,"""host["" + string((index + intuniform(1,24)) % 25) + ""]""",,
General-4-20251226-16:35:52-143611,config,,,*.host[*].app[2].typename,TcpEchoApp,,
General-4-20251226-16:35:52-143611,config,,,*.host[*].app[2].localPort,1000,,
General-4-20251226-16:35:52-143611,config,,,*.host[*].typename,RouterWithMetrics,,
General-4-20251226-16:35:52-143611,config,,,**.metrics.samplePeriod,0.5s,,
General-4-20251226-16:35:52-143611,config,,,**.metrics.recordPerUtility,true,,
General-4-20251226-16:35:52-143611,config,,,*.host[*].wlan[0].typename,WirelessInterface,,
General-4-20251226-16:35:52-143611,config,,,*.radioMedium.typename,Ieee80211DimensionalRadioMedium,,
General-4-20251226-16:35:52-143611,config,,,*.radioMedium.analogModel.typename,DimensionalAnalogModel,,
General-4-20251226-16:35:52-143611,config,,,*.radioMedium.backgroundNoise.power,-120dBm,,
General-4-20251226-16:35:52-143611,config,,,*.host[*].wlan[0].radio.typename,Ieee80211DimensionalRadio,,
General-4-20251226-16:35:52-143611,config,,,*.host[*].wlan[0].radio.transmitter.power,2mW,,
General-4-20251226-16:35:52-143611,config,,,*.host[*].wlan[0].radio.transmitter.centerFrequency,2.412GHz,,
General-4-20251226-16:35:52-143611,config,,,*.host[*].wlan[0].radio.transmitter.bandwidth,20MHz,,
General-4-20251226-16:35:52-143611,config,,,*.host[*].wlan[0].radio.receiver.sensitivity,-90dBm,,
General-4-20251226-16:35:52-143611,config,,,*.host[*].wlan[0].radio.receiver.snirThreshold,4dB,,
General-4-20251226-16:35:52-143611,config,,,*.host[*].wlan[0].radio.receiver.ignoreInterference,false,,
General-4-20251226-16:35:52-143611,config,,,*.host[*].wlan[0].mac.rateControl.typename,ConstantRateControl,,
General-4-20251226-16:35:52-143611,config,,,*.host[*].wlan[0].mac.rateControl.dataRate,6Mbps,,
General-4-20251226-16:35:52-143611,config,,,*.host[*].wlan[0].mac.rateControl.multicastRate,6Mbps,,
General-4-20251226-16:35:52-143611,config,,,*.host[*].wlan[0].mac.typename,CsmaCaMac,,
General-4-20251226-16:35:52-143611,config,,,*.host[*].wlan[0].mac.ackTimeout,300us,,
General-4-20251226-16:35:52-143611,config,,,*.host[*].wlan[0].mac.useAck,true,,
General-4-20251226-16:35:52-143611,config,,,*.host[*].wlan[0].mac.fullDuplex,false,,
General-4-20251226-16:35:52-143611,config,,,*.host[*].wlan[0].mac.headerLength,23B,,
General-4-20251226-16:35:52-143611,config,,,*.host[*].mobility.typename,RandomWaypointMobility,,
General-4-20251226-16:35:52-143611,config,,,*.host[*].mobility.speed,10mps,,
General-4-20251226-16:35:52-143611,config,,,*.host[*].mobility.waitTime,100ms,,
General-4-20251226-16:35:52-143611,config,,,*.host[*].wlan[0].queue.typename,DropTailQueue,,
General-4-20251226-16:35:52-143611,config,,,*.host[*].wlan[0].queue.packetCapacity,10,,
General-4-20251226-16:35:52-143611,config,,,*.host[*].hasStatus,true,,
General-4-20251226-16:35:52-143611,config,,,*.host[*].wlan[0].radio.energyConsumer.typename,StateBasedEpEnergyConsumer,,
General-4-20251226-16:35:52-143611,config,,,*.host[*].wlan[0].radio.energyConsumer.offPowerConsumption,0mW,,
General-4-20251226-16:35:52-143611,config,,,*.host[*].wlan[0].radio.energyConsumer.sleepPowerConsumption,1mW,,
General-4-20251226-16:35:52-143611,config,,,*.host[*].wlan[0].radio.energyConsumer.switchingPowerConsumption,1mW,,
General-4-20251226-16:35:52-143611,config,,,*.host[*].wlan[0].radio.energyConsumer.receiverIdlePowerConsumption,2mW,,
General-4-20251226-16:35:52-143611,config,,,*.host[*].wlan[0].radio.energyConsumer.receiverBusyPowerConsumption,5mW,,
General-4-20251226-16:35:52-143611,config,,,*.host[*].wlan[0].radio.energyConsumer.receiverReceivingPowerConsumption,10mW,,
General-4-20251226-16:35:52-143611,config,,,*.host[*].wlan[0].radio.energyConsumer.transmitterIdlePowerConsumption,2mW,,
General-4-20251226-16:35:52-143611,config,,,*.host[*].wlan[0].radio.energyConsumer.transmitterTransmittingPowerConsumption,100mW,,
General-4-20251226-16:35:52-143611,config,,,*.host[*].energyStorage.typename,SimpleEpEnergyStorage,,
General-4-20251226-16:35:52-143611,config,,,*.host[*].energyStorage.nominalCapacity,2J,,
General-4-20251226-16:35:52-143611,config,,,*.host[*].energyStorage.initialCapacity,2J,,
General-4-20251226-16:35:52-143611,config,,,*.host[*].energyManagement.typename,SimpleEpEnergyManagement,,
General-4-20251226-16:35:52-143611,config,,,*.host[*].energyManagement.nodeStartCapacity,0.0001J,,
General-4-20251226-16:35:52-143611,config,,,*.host[*].energyManagement.nodeShutdownCapacity,0.0001J,,
General-4-20251226-16:35:52-143611,config,,,*.host[*].**.bitrate,6Mbps,,
General-4-20251226-16:35:52-143611,config,,,*.host[*].forwarding,true,,
General-4-20251226-16:35:52-143611,config,,,*.host[*].mobility.constraintAreaMinX,0m,,
General-4-20251226-16:35:52-143611,config,,,*.host[*].mobility.constraintAreaMinY,0m,,
General-4-20251226-16:35:52-143611,config,,,*.host[*].mobility.constraintAreaMinZ,0m,,
General-4-20251226-16:35:52-143611,config,,,*.host[*].mobility.constraintAreaMaxX,1250m,,
General-4-20251226-16:35:52-143611,config,,,*.host[*].mobility.constraintAreaMaxY,1250m,,
General-4-20251226-16:35:52-143611,config,,,*.host[*].mobility.constraintAreaMaxZ,0m,,
General-4-20251226-16:35:52-143611,config,,,*.host[*].mobility.initialX,"uniform(100m, 1150m)",,
General-4-20251226-16:35:52-143611,config,,,*.host[*].mobility.initialY,"uniform(100m, 1150m)",,
General-4-20251226-16:35:52-143611,config,,,*.host[*].wlan[0].radio.displayCommunicationRange,true,,
General-4-20251226-16:35:52-143611,config,,,*.configurator.config,"xml(""<config><interface hosts='**' address='10.0.0.x' netmask='255.255.255.0'/></config>"")",,
General-4-20251226-16:35:52-143611,config,,,*.configurator.addDefaultRoutes,false,,
General-4-20251226-16:35:52-143611,config,,,*.configurator.addStaticRoutes,false,,
General-4-20251226-16:35:52-143611,config,,,*.configurator.optimizeRoutes,false,,
General-4-20251226-16:35:52-143611,config,,,*.host*.ipv4.routingTable.netmaskRoutes,"""""",,
General-4-20251226-16:35:52-143611,config,,,*.linkVisualizer.*.displayLinks,false,,
General-3-20251226-16:35:52-143610,runattr,,,configname,General,,
General-3-20251226-16:35:52-143610,runattr,,,datetime,20251226-16:35:52,,
General-3-20251226-16:35:52-143610,runattr,,,datetimef,20251226-163552,,
General-3-20251226-16:35:52-143610,runattr,,,experiment,General,,
General-3-20251226-16:35:52-143610,runattr,,,inifile,omnetpp.ini,,
General-3-20251226-16:35:52-143610,runattr,,,iterationvars,,,
General-3-20251226-16:35:52-143610,runattr,,,iterationvarsd,,,
General-3-20251226-16:35:52-143610,runattr,,,iterationvarsf,,,
General-3-20251226-16:35:52-143610,runattr,,,measurement,,,
General-3-20251226-16:35:52-143610,runattr,,,network,src.AdhocNetwork1,,
General-3-20251226-16:35:52-143610,runattr,,,processid,143610,,
General-3-20251226-16:35:52-143610,runattr,,,repetition,3,,
General-3-20251226-16:35:52-143610,runattr,,,replication,#3,,
General-3-20251226-16:35:52-143610,runattr,,,resultdir,results,,
General-3-20251226-16:35:52-143610,runattr,,,runnumber,3,,
General-3-20251226-16:35:52-143610,runattr,,,seedset,3,,
General-3-20251226-16:35:52-143610,config,,,image-path,../../../inet4.5/images,,
General-3-20251226-16:35:52-143610,config,,,repeat,5,,
General-3-20251226-16:35:52-143610,config,,,network,src.AdhocNetwork1,,
General-3-20251226-16:35:52-143610,config,,,sim-time-limit,50s,,
General-3-20251226-16:35:52-143610,config,,,*.host[*].ipv4.arp.typename,GlobalArp,,
General-3-20251226-16:35:52-143610,config,,,*.host[*].numApps,3,,
General-3-20251226-16:35:52-143610,config,,,*.host[*].app[0].typename,src.cluster.ClusterApp,,
General-3-20251226-16:35:52-143610,config,,,*.host[*].app[0].localPort,4000,,
General-3-20251226-16:35:52-143610,config,,,*.host[*].app[0].destPort,4000,,
General-3-20251226-16:35:52-143610,config,,,*.host[*].app[0].helloInterval,1s,,
General-3-20251226-16:35:52-143610,config,,,*.host[*].app[0].cfInterval,3s,,
General-3-20251226-16:35:52-143610,config,,,*.host[*].app[0].hldTimeThreshold,1s,,
General-3-20251226-16:35:52-143610,config,,,*.host[*].app[0].maxTrials,3,,
General-3-20251226-16:35:52-143610,config,,,*.host[*].app[0].requestTimeout,1s,,
General-3-20251226-16:35:52-143610,config,,,*.host[*].app[0].maxClusterSize,10,,
General-3-20251226-16:35:52-143610,config,,,*.host[*].app[1].typename,src.tcp.RecordingTcpClientApp,,
General-3-20251226-16:35:52-143610,config,,,*.host[*].app[1].delaySamplePeriod,1s,,
General-3-20251226-16:35:52-143610,config,,,*.host[*].app[1].delayStaleWindow,3s,,
General-3-20251226-16:35:52-143610,config,,,*.host[*].app[1].connectPort,1000,,
General-3-20251226-16:35:52-143610,config,,,*.host[*].app[1].tOpen,"uniform(1s, 2s)",,
General-3-20251226-16:35:52-143610,config,,,*.host[*].app[1].tSend,"uniform(1s, 2s)",,
General-3-20251226-16:35:52-143610,config,,,*.host[*].app[1].thinkTime,"uniform(0s, 1s)",,
General-3-20251226-16:35:52-143610,config,,,*.host[*].app[1].idleInterval,"uniform(3s, 5s)",,
General-3-20251226-16:35:52-143610,config,,,*.host[*].app[1].sendBytes,200B,,
General-3-20251226-16:35:52-143610,config,,,*.host[*].app[1].sendInterval,"uniform(1s, 2s)",,
General-3-20251226-16:35:52-143610,config,,,*.host[*].app[1].connectAddress,"""host["" + string((index + intuniform(1,24)) % 25) + ""]""",,
General-3-20251226-16:35:52-143610,config,,,*.host[*].app[2].typename,TcpEchoApp,,
General-3-20251226-16:35:52-143610,config,,,*.host[*].app[2].localPort,1000,,
General-3-20251226-16:35:52-143610,config,,,*.host[*].typename,RouterWithMetrics,,
General-3-20251226-16:35:52-143610,config,,,**.metrics.samplePeriod,0.5s,,
General-3-20251226-16:35:52-143610,config,,,**.metrics.recordPerUtility,true,,
General-3-20251226-16:35:52-143610,config,,,*.host[*].wlan[0].typename,WirelessInterface,,
General-3-20251226-16:35:52-143610,config,,,*.radioMedium.typename,Ieee80211DimensionalRadioMedium,,
General-3-20251226-16:35:52-143610,config,,,*.radioMedium.analogModel.typename,DimensionalAnalogModel,,
General-3-20251226-16:35:52-143610,config,,,*.radioMedium.backgroundNoise.power,-120dBm,,
General-3-20251226-16:35:52-143610,config,,,*.host[*].wlan[0].radio.typename,Ieee80211DimensionalRadio,,
General-3-20251226-16:35:52-143610,config,,,*.host[*].wlan[0].radio.transmitter.power,2mW,,
General-3-20251226-16:35:52-143610,config,,,*.host[*].wlan[0].radio.transmitter.centerFrequency,2.412GHz,,
General-3-20251226-16:35:52-143610,config,,,*.host[*].wlan[0].radio.transmitter.bandwidth,20MHz,,
General-3-20251226-16:35:52-143610,config,,,*.host[*].wlan[0].radio.receiver.sensitivity,-90dBm,,
General-3-20251226-16:35:52-143610,config,,,*.host[*].wlan[0].radio.receiver.snirThreshold,4dB,,
General-3-20251226-16:35:52-143610,config,,,*.host[*].wlan[0].radio.receiver.ignoreInterference,false,,
General-3-20251226-16:35:52-143610,config,,,*.host[*].wlan[0].mac.rateControl.typename,ConstantRateControl,,
General-3-20251226-16:35:52-143610,config,,,*.host[*].wlan[0].mac.rateControl.dataRate,6Mbps,,
General-3-20251226-16:35:52-143610,config,,,*.host[*].wlan[0].mac.rateControl.multicastRate,6Mbps,,
General-3-20251226-16:35:52-143610,config,,,*.host[*].wlan[0].mac.typename,CsmaCaMac,,
General-3-20251226-16:35:52-143610,config,,,*.host[*].wlan[0].mac.ackTimeout,300us,,
General-3-20251226-16:35:52-143610,config,,,*.host[*].wlan[0].mac.useAck,true,,
General-3-20251226-16:35:52-143610,config,,,*.host[*].wlan[0].mac.fullDuplex,false,,
General-3-20251226-16:35:52-143610,config,,,*.host[*].wlan[0].mac.headerLength,23B,,
General-3-20251226-16:35:52-143610,config,,,*.host[*].mobility.typename,RandomWaypointMobility,,
General-3-20251226-16:35:52-143610,config,,,*.host[*].mobility.speed,10mps,,
General-3-20251226-16:35:52-143610,config,,,*.host[*].mobility.waitTime,100ms,,
General-3-20251226-16:35:52-143610,config,,,*.host[*].wlan[0].queue.typename,DropTailQueue,,
General-3-20251226-16:35:52-143610,config,,,*.host[*].wlan[0].queue.packetCapacity,10,,
General-3-20251226-16:35:52-143610,config,,,*.host[*].hasStatus,true,,
General-3-20251226-16:35:52-143610,config,,,*.host[*].wlan[0].radio.energyConsumer.typename,StateBasedEpEnergyConsumer,,
General-3-20251226-16:35:52-143610,config,,,*.host[*].wlan[0].radio.energyConsumer.offPowerConsumption,0mW,,
General-3-20251226-16:35:52-143610,config,,,*.host[*].wlan[0].radio.energyConsumer.sleepPowerConsumption,1mW,,
General-3-20251226-16:35:52-143610,config,,,*.host[*].wlan[0].radio.energyConsumer.switchingPowerConsumption,1mW,,
General-3-20251226-16:35:52-143610,config,,,*.host[*].wlan[0].radio.energyConsumer.receiverIdlePowerConsumption,2mW,,
General-3-20251226-16:35:52-143610,config,,,*.host[*].wlan[0].radio.energyConsumer.receiverBusyPowerConsumption,5mW,,
General-3-20251226-16:35:52-143610,config,,,*.host[*].wlan[0].radio.energyConsumer.receiverReceivingPowerConsumption,10mW,,
General-3-20251226-16:35:52-143610,config,,,*.host[*].wlan[0].radio.energyConsumer.transmitterIdlePowerConsumption,2mW,,
General-3-20251226-16:35:52-143610,config,,,*.host[*].wlan[0].radio.energyConsumer.transmitterTransmittingPowerConsumption,100mW,,
General-3-20251226-16:35:52-143610,config,,,*.host[*].energyStorage.typename,SimpleEpEnergyStorage,,
General-3-20251226-16:35:52-143610,config,,,*.host[*].energyStorage.nominalCapacity,2J,,
General-3-20251226-16:35:52-143610,config,,,*.host[*].energyStorage.initialCapacity,2J,,
General-3-20251226-16:35:52-143610,config,,,*.host[*].energyManagement.typename,SimpleEpEnergyManagement,,
General-3-20251226-16:35:52-143610,config,,,*.host[*].energyManagement.nodeStartCapacity,0.0001J,,
General-3-20251226-16:35:52-143610,config,,,*.host[*].energyManagement.nodeShutdownCapacity,0.0001J,,
General-3-20251226-16:35:52-143610,config,,,*.host[*].**.bitrate,6Mbps,,
General-3-20251226-16:35:52-143610,config,,,*.host[*].forwarding,true,,
General-3-20251226-16:35:52-143610,config,,,*.host[*].mobility.constraintAreaMinX,0m,,
General-3-20251226-16:35:52-143610,config,,,*.host[*].mobility.constraintAreaMinY,0m,,
General-3-20251226-16:35:52-143610,config,,,*.host[*].mobility.constraintAreaMinZ,0m,,
General-3-20251226-16:35:52-143610,config,,,*.host[*].mobility.constraintAreaMaxX,1250m,,
General-3-20251226-16:35:52-143610,config,,,*.host[*].mobility.constraintAreaMaxY,1250m,,
General-3-20251226-16:35:52-143610,config,,,*.host[*].mobility.constraintAreaMaxZ,0m,,
General-3-20251226-16:35:52-143610,config,,,*.host[*].mobility.initialX,"uniform(100m, 1150m)",,
General-3-20251226-16:35:52-143610,config,,,*.host[*].mobility.initialY,"uniform(100m, 1150m)",,
General-3-20251226-16:35:52-143610,config,,,*.host[*].wlan[0].radio.displayCommunicationRange,true,,
General-3-20251226-16:35:52-143610,config,,,*.configurator.config,"xml(""<config><interface hosts='**' address='10.0.0.x' netmask='255.255.255.0'/></config>"")",,
General-3-20251226-16:35:52-143610,config,,,*.configurator.addDefaultRoutes,false,,
General-3-20251226-16:35:52-143610,config,,,*.configurator.addStaticRoutes,false,,
General-3-20251226-16:35:52-143610,config,,,*.configurator.optimizeRoutes,false,,
General-3-20251226-16:35:52-143610,config,,,*.host*.ipv4.routingTable.netmaskRoutes,"""""",,
General-3-20251226-16:35:52-143610,config,,,*.linkVisualizer.*.displayLinks,false,,
General-0-20251226-16:35:52-143608,vector,AdhocNetwork1.host[0].app[1],e2eDelayPeriodicSec,,,"1 2 3 4 5 6 7 8 9 10 11 12 13 14 15 16 17 18 19 20 21 22 23 24 25 26 27 28 29 30 31 32 33 34 35 36 37 38 39 40 41 42 43 44 45 46 47 48 49 50","NaN NaN NaN NaN NaN NaN NaN NaN NaN NaN 0.006182670818 0.006182670818 0.006182670818 NaN NaN 0.002868032472 0.002868032472 0.002868032472 NaN NaN 0.004993703656 0.004993703656 0.004993703656 NaN 0.002154393262 0.002154393262 0.002154393262 NaN 0.002194516582 0.002194516582 0.002194516582 NaN 0.002154733666 0.002154733666 0.002154733666 NaN NaN 0.003846022312 0.003846022312 0.003846022312 NaN 0.005376166924 0.005376166924 0.005376166924 NaN 0.002861144215 0.002861144215 0.002861144215 NaN 0.002496263717"
General-0-20251226-16:35:52-143608,vector,AdhocNetwork1.host[0].rl,rlReward,,,"1 2 3 4 5 6 7 8 9 10 11 12 13 14 15 16 17 18 19 20 21 22 23 24 25 26 27 28 29 30 31 32 33 34 35 36 37 38 39 40 41 42 43 44 45 46 47 48 49 50","0.33333333333333 0 0.40648639072221 0.38129082164658 0.37648458858797 0.38917620520661 0.33545576694374 0.38282406699438 0.38844341525417 0.36849008127321 0.37999192602589 0.36618157662374 0.36856185780919 0.38084919067471 0.39507347240755 0.35294975088484 0.34601041390162 0.39367500748264 0.3482220146064 0.38498596813249 0.36392497993704 0.33070180358182 0.35844024296908 0.38754929982925 0.3659160764702 -0.11837088279306 0.34394140211927 0.3665263400736 0.37995893491387 0.34671756994625 0.32785202620857 0.32136517724308 0.37400819584944 0.30938932562491 0.37176754696024 0.36612944108883 0.3 0.3601935276124 0.07455869527063 0.32789789098915 0.36062893190439 0.32680102666137 0 0.35359358638156 0.22275921265848 0.31929037271767 0.30435939976265 0.3752236961455 0.35348420794085 0.32855498287114"
General-0-20251226-16:35:52-143608,vector,AdhocNetwork1.host[1].app[1],e2eDelayPeriodicSec,,,"1 2 3 4 5 6 7 8 9 10 11 12 13 14 15 16 17 18 19 20 21 22 23 24 25 26 27 28 29 30 31 32 33 34 35 36 37 38 39 40 41 42 43 44 45 46 47 48 49 50","NaN NaN NaN NaN 3.046330657814 3.046330657814 3.046330657814 NaN NaN NaN NaN 0.003565935063 0.003565935063 0.003565935063 NaN 0.003670001994 0.003670001994 0.003670001994 NaN NaN 0.001878368553 0.001878368553 0.001878368553 NaN 0.00277774756 0.00277774756 0.00277774756 NaN 0.002897366192 0.002897366192 0.002897366192 NaN 0.002497234169 0.002497234169 0.002497234169 0.003257166226 0.003257166226 0.003257166226 NaN 0.003197381593 0.003197381593 0.003197381593 NaN 0.002277966375 0.002277966375 0.002277966375 NaN 0.002438700169 0.002438700169 0.002438700169"
General-0-20251226-16:35:52-143608,vector,AdhocNetwork1.host[1].rl,rlReward,,,"1 2 3 4 5 6 7 8 9 10 11 12 13 14 15 16 17 18 19 20 21 22 23 24 25 26 27 28 29 30 31 32 33 34 35 36 37 38 39 40 41 42 43 44 45 46 47 48 49 50","0.33333333333333 0 0.11031920744342 0.10919214301169 -0.58067905403983 -0.57190405640788 -0.61746203447822 -0.21479016311462 -0.37479635818869 -0.49265871717668 -0.52413407073732 0.046403836051744 0.37025760516373 0.36778058407613 0.37978753902567 0.35631480387406 0.306043163754 0.36876102695666 0.35191708619486 0.35795125004958 0.33324031849296 0.3262222417661 0.35844269433799 0.37033228726634 0.36348020073164 0.35258999019785 0.039254388983461 0.35597760683337 0.36380635550631 0.37324520675868 0.3380480609766 0.3 0.35287048663066 0.33870887584089 -0.13105669272415 0.33682751564719 0.3 0.36146811291454 0.38681495611294 0.36144747831825 0.34613518218745 0.32579638909651 0.74583721405313 0.36411222841511 -0.59863818632561 -0.6611401254735 -0.46413506948209 -0.49337948140725 -0.41075904185926 -0.53402651825813"
General-0-20251226-16:35:52-143608,vector,AdhocNetwork1.host[2].app[1],e2eDelayPeriodicSec,,,"1 2 3 4 5 6 7 8 9 10 11 12 13 14 15 16 17 18 19 20 21 22 23 24 25 26 27 28 29 30 31 32 33 34 35 36 37 38 39 40 41 42 43 44 45 46 47 48 49 50","NaN 0.006494933513 0.006494933513 0.006494933513 0.002655893287 0.002655893287 0.002655893287 NaN 0.00707134545 0.00707134545 0.00707134545 NaN 0.002454445245 0.002454445245 0.002454445245 NaN 0.002476058432 0.002476058432 0.002476058432 NaN 0.002736118328 0.002736118328 0.002736118328 NaN 0.003816188145 0.003816188145 0.003816188145 NaN 0.003156248832 0.003156248832 0.003156248832 NaN NaN 0.010240239756 0.010240239756 0.010240239756 0.003276375437 0.003276375437 0.003276375437 NaN 0.00277644012 0.00277644012 0.00277644012 NaN 0.002596513368 0.002596513368 0.002596513368 NaN 0.002736569999 0.002736569999"
General-0-20251226-16:35:52-143608,vector,AdhocNetwork1.host[2].rl,rlReward,,,"1 2 3 4 5 6 7 8 9 10 11 12 13 14 15 16 17 18 19 20 21 22 23 24 25 26 27 28 29 30 31 32 33 34 35 36 37 38 39 40 41 42 43 44 45 46 47 48 49 50","0.33333333333333 0 0.15741824980336 0.79893835557121 0.11388590228563 0.11815537773027 -0.084080627298008 0.12101875870764 0.11593695326957 0.12805544574996 0.11531268340591 0.10444298355698 0.094548908206421 0.10325417014783 0.15219095991791 0.10849442512637 0.085880821873583 0.12862073033987 0.1045405262129 0.12928851859435 0.11178527707642 0.070433530534893 0.13117960439698 0.13522034602156 0.12871477732394 0.11905563676201 0.096902925474997 0.12009770231286 0.1341970125538 0.12087106670901 0.096041223118705 0.062841620419987 0.12946221517715 -0.10128165878286 0.13154806449893 0.12541274610823 0.059970141597207 0.11237198750202 0.1293018624477 0.088007488311332 0.11941827169702 0.076533383907854 0.065410092661948 0.10343010807824 0.12954777971214 0.06438656056399 0.083336921564207 0.11253798416909 0.11064617029725 0.099288355813938"
General-0-20251226-16:35:52-143608,vector,AdhocNetwork1.host[3].app[1],e2eDelayPeriodicSec,,,"1 2 3 4 5 6 7 8 9 10 11 12 13 14 15 16 17 18 19 20 21 22 23 24 25 26 27 28 29 30 31 32 33 34 35 36 37 38 39 40 41 42 43 44 45 46 47 48 49 50","NaN 0.072479039089 0.072479039089 0.072479039089 0.007641750229 0.007641750229 0.007641750229 NaN 0.004392365597 0.004392365597 0.004392365597 NaN 0.005013402918 0.005013402918 0.005013402918 NaN NaN NaN NaN NaN NaN NaN NaN NaN NaN 0.006519336945 0.006519336945 0.006519336945 0.004968195082 0.004968195082 0.004968195082 NaN NaN 0.003575848741 0.003575848741 0.003575848741 NaN 0.002618596843 0.002618596843 0.002618596843 0.002677638534 0.002677638534 0.002677638534 NaN 0.003642081438 0.003642081438 0.003642081438 NaN 0.002835480112 0.002835480112"
General-0-20251226-16:35:52-143608,vector,AdhocNetwork1.host[3].rl,rlReward,,,"1 2 3 4 5 6 7 8 9 10 11 12 13 14 15 16 17 18 19 20 21 22 23 24 25 26 27 28 29 30 31 32 33 34 35 36 37 38 39 40 41 42 43 44 45 46 47 48 49 50","0.33333333333333 0 0.15738678589191 0.15288360730928 0.11188054470279 0.12122000629241 0.11220793675953 0.14508772364367 0.14624092205784 0.14658927345148 0.13156652640994 0.12778280468652 0.15044295539509 0.29274405654922 0.15974849050946 0.15122510178027 0.12222789034302 0.13839314684728 0.15760833080063 0.15886671066921 0.1504875732842 0.12671784253241 0.14334964784319 0.15833336744852 0.44475641059719 0.15441340124142 0.11041732078819 0.14538954792151 0.15309903794462 0.14630392890218 0.14272156171752 0.1207802867106 0.14648141621078 0.13576559516112 0.13954738190432 0.14044762350101 0.10804506277683 0.12912048760032 0.14435407109197 0.13252084727736 0.09803109523174 0.10639486901917 0.1009320880605 0.414494760814 0.1395361692662 0.26307912715885 0.086750179190277 0.13449043647761 0.12029058283399 0.079716324391927"
General-0-20251226-16:35:52-143608,vector,AdhocNetwork1.host[4].app[1],e2eDelayPeriodicSec,,,"1 2 3 4 5 6 7 8 9 10 11 12 13 14 15 16 17 18 19 20 21 22 23 24 25 26 27 28 29 30 31 32 33 34 35 36 37 38 39 40 41 42 43 44 45 46 47 48 49 50","NaN NaN NaN NaN 3.020937405165 3.020937405165 3.020937405165 NaN 0.004451943704 0.004451943704 0.004451943704 NaN 0.002737786645 0.002737786645 0.002737786645 NaN 0.005442394237 0.005442394237 0.005442394237 NaN 0.002958595295 0.002958595295 0.002958595295 NaN NaN 0.003674123985 0.003674123985 0.003674123985 NaN 0.010587829199 0.010587829199 0.010587829199 NaN 0.002800533901 0.002800533901 0.002800533901 NaN NaN NaN NaN NaN 0.005128982522 0.005128982522 0.005128982522 0.004315140552 0.004315140552 0.004315140552 0.004788704958 0.004788704958 0.004788704958"
General-0-20251226-16:35:52-143608,vector,AdhocNetwork1.host[4].rl,rlReward,,,"1 2 3 4 5 6 7 8 9 10 11 12 13 14 15 16 17 18 19 20 21 22 23 24 25 26 27 28 29 30 31 32 33 34 35 36 37 38 39 40 41 42 43 44 45 46 47 48 49 50","0.33333333333333 0 0.12936048249989 0.099652505448136 0.064441724878926 0.093383221275978 0.046380631421262 0.10019150984369 0.086043345291836 0.090073038761772 0.10007457218593 0.069198040331142 0.06061038546159 0.08382739928778 0.11493792311956 0.076004301016421 0.039936842757822 0.11174225134165 0.069252250967392 0.1070368824877 0.093084931806147 0.023619312544345 0.10280321826489 0.10976334649201 0.095362825991452 0.096408000901898 0.075796807313662 0.099690701670188 0.11694447592685 0.096926286197987 0.045145815150316 0.059415311556554 0.10130080805075 0.054653474105706 0.38673097522766 0.39522671600939 0.3246695503972 0.38718661582625 0.39972610523103 0.3544866137399 0.3881134654594 0.36712524992788 0.0040259776235853 -0.60683768390389 -0.5911472844416 -0.62963442528013 -0.63395247589086 -0.59196586212566 -0.61440302039198 -0.60533626903159"
General-0-20251226-16:35:52-143608,vector,AdhocNetwork1.host[5].app[1],e2eDelayPeriodicSec,,,"1 2 3 4 5 6 7 8 9 10 11 12 13 14 15 16 17 18 19 20 21 22 23 24 25 26 27 28 29 30 31 32 33 34 35 36 37 38 39 40 41 42 43 44 45 46 47 48 49 50","NaN NaN NaN NaN NaN NaN NaN NaN NaN NaN 0.042814221128 0.042814221128 0.042814221128 NaN NaN NaN NaN NaN 0.008215875166 0.008215875166 0.008215875166 NaN 0.005170497869 0.005170497869 0.005170497869 NaN NaN NaN NaN 0.005269786048 0.005269786048 0.005269786048 NaN NaN NaN NaN NaN NaN NaN NaN NaN NaN NaN NaN NaN NaN NaN NaN NaN NaN"
General-0-20251226-16:35:52-143608,vector,AdhocNetwork1.host[5].rl,rlReward,,,"1 2 3 4 5 6 7 8 9 10 11 12 13 14 15 16 17 18 19 20 21 22 23 24 25 26 27 28 29 30 31 32 33 34 35 36 37 38 39 40 41 42 43 44 45 46 47 48 49 50","0.33333333333333 0 0.11606040986814 0.10590920246743 0.082252779393718 -0.084816615392596 0.066962425703072 0.11378736880872 -0.56619165619808 -0.60304733548502 -0.57248831808385 0.248461212899 0.12229352916511 0.25916869665434 0.27804864927212 0.26628490931003 0.37913599123212 0.28526909407087 0.26525540787851 0.28194425593409 0.29190260600131 0.24279365981012 0.29459146084984 0.10053074958295 0.27644614975125 0.29260491883493 0.24365873085622 0.25276538726384 0.25160880065339 0.2871240917774 0.28066560066415 0.1 0.26360569288803 0.24250471191866 0.27879018734005 0.31023017902937 0.23906909328521 0.28975250684043 0.34684363359455 0.34395860438316 0.30597139705407 0.31061949967274 0.32976596239481 0.32643373386804 0.34785280019115 0.33641458938431 0.25080411779735 0.34659579415093 0.34588195719068 0.34676052575715"
General-0-20251226-16:35:52-143608,vector,AdhocNetwork1.host[6].app[1],e2eDelayPeriodicSec,,,"1 2 3 4 5 6 7 8 9 10 11 12 13 14 15 16 17 18 19 20 21 22 23 24 25 26 27 28 29 30 31 32 33 34 35 36 37 38 39 40 41 42 43 44 45 46 47 48 49 50","NaN 0.038727078578 0.038727078578 0.038727078578 NaN 0.0024791422 0.0024791422 0.0024791422 NaN 0.003000458775 0.003000458775 0.003000458775 NaN NaN NaN NaN NaN 0.00523512232 0.00523512232 0.00523512232 NaN NaN 0.015187200395 0.015187200395 0.015187200395 NaN NaN NaN NaN NaN NaN NaN NaN NaN NaN 0.009741305702 0.009741305702 0.009741305702 NaN NaN NaN 0.010484946873 0.010484946873 0.010484946873 NaN NaN NaN NaN 0.008804403778 0.008804403778"
General-0-20251226-16:35:52-143608,vector,AdhocNetwork1.host[6].rl,rlReward,,,"1 2 3 4 5 6 7 8 9 10 11 12 13 14 15 16 17 18 19 20 21 22 23 24 25 26 27 28 29 30 31 32 33 34 35 36 37 38 39 40 41 42 43 44 45 46 47 48 49 50","0.33333333333333 0 0.14765989220668 0.79956022398392 0.098488309323261 -0.61679229373914 -0.58290790877735 -0.54566332950379 -0.58116175215659 -0.31539493301374 -0.56552821844969 0.088280698505516 0.097671229706929 0.11580399163467 0.13905266626615 -0.080647342652245 0.079082631716107 0.42138652221103 0.10810406404999 -0.07839210872453 0.1191467174983 0.38375916073336 -0.5631581639751 -0.5867311860166 -0.44147882323549 -0.54181809445507 -0.34067915127197 -0.531398371684 -0.44038150042299 -0.29545792596632 -0.55559328419825 0.37933185064865 -0.035732981211507 0.40586379919911 0.41877681502377 0.42503763827087 0.35299499405205 0.40784543871437 0.42225020914925 0.39363463732916 0.40978278504166 0.40194293964294 0.40236472408659 0.42745418361913 0.44308780840899 0.8340688257241 0.41088907152095 0.44485417652436 0.44716771754774 0.43075332215421"
General-0-20251226-16:35:52-143608,vector,AdhocNetwork1.host[7].app[1],e2eDelayPeriodicSec,,,"1 2 3 4 5 6 7 8 9 10 11 12 13 14 15 16 17 18 19 20 21 22 23 24 25 26 27 28 29 30 31 32 33 34 35 36 37 38 39 40 41 42 43 44 45 46 47 48 49 50","NaN NaN NaN NaN NaN NaN NaN NaN NaN NaN 0.018802950114 0.018802950114 0.018802950114 NaN NaN NaN NaN 0.006123792033 0.006123792033 0.006123792033 0.010187940245 0.010187940245 0.010187940245 NaN NaN NaN NaN NaN NaN NaN NaN 0.008264549704 0.008264549704 0.008264549704 0.007989430874 0.007989430874 0.007989430874 NaN NaN NaN NaN NaN 0.007954932483 0.007954932483 0.007954932483 0.024571591689 0.024571591689 0.024571591689 NaN 0.007743128596"
General-0-20251226-16:35:52-143608,vector,AdhocNetwork1.host[7].rl,rlReward,,,"1 2 3 4 5 6 7 8 9 10 11 12 13 14 15 16 17 18 19 20 21 22 23 24 25 26 27 28 29 30 31 32 33 34 35 36 37 38 39 40 41 42 43 44 45 46 47 48 49 50","0.33333333333333 0 0.36384339975049 0.071716857239316 0.062495282840385 0.3537855202077 0.31657166308169 0.3608417489751 0.066724216007582 0.062628773128882 0.0029670930965784 0.01114004302036 0.061509868295715 0.067959168269543 0.060235291113021 0.059993301633188 0.018963923166458 0.69533660109244 0.046922053660777 0.050714649607997 0.025277368955923 0 0.038822674478358 0.062356108858376 0.060235293305041 0.056602884661443 0 0.080214101800918 0.089999621577274 0.065408006803403 0.0558825140707 -0.17404443793687 0.032614290127406 0.047848895631997 0.064769959386098 0.033389027084653 0 0.081333435321376 0.072561886303873 0.042246852878274 0.062972307227754 0 0.020410672067335 0.067067969769135 0.050601646183045 0.32275096077673 0.31644722721559 0.33908431261224 0.35737554610753 0.34805353723269"
General-0-20251226-16:35:52-143608,vector,AdhocNetwork1.host[8].app[1],e2eDelayPeriodicSec,,,"1 2 3 4 5 6 7 8 9 10 11 12 13 14 15 16 17 18 19 20 21 22 23 24 25 26 27 28 29 30 31 32 33 34 35 36 37 38 39 40 41 42 43 44 45 46 47 48 49 50","NaN 0.030072740257 0.030072740257 0.030072740257 0.005234624877 0.005234624877 0.005234624877 NaN 0.006957373938 0.006957373938 0.006957373938 NaN 0.005049790085 0.005049790085 0.005049790085 NaN 0.005261350121 0.005261350121 0.005261350121 NaN 0.005332009672 0.005332009672 0.005332009672 NaN 0.007691513365 0.007691513365 0.007691513365 NaN 0.005634820487 0.005634820487 0.005634820487 NaN 0.004773306592 0.004773306592 0.004773306592 NaN 0.00396231087 0.00396231087 0.00396231087 NaN 0.004561418687 0.004561418687 0.004561418687 NaN 0.002940171479 0.002940171479 0.002940171479 NaN NaN 0.002519927262"
General-0-20251226-16:35:52-143608,vector,AdhocNetwork1.host[8].rl,rlReward,,,"1 2 3 4 5 6 7 8 9 10 11 12 13 14 15 16 17 18 19 20 21 22 23 24 25 26 27 28 29 30 31 32 33 34 35 36 37 38 39 40 41 42 43 44 45 46 47 48 49 50","0.33333333333333 0 0.12437751595366 0.11251786145323 0.043273239868679 0.098744901538404 0.07209098794291 0.10612227266864 0.079561971770071 0.11215031651845 0.10428339702121 0.075246196231505 0.10192466397679 0.08612123900079 0.2656466088152 0.097609254874361 0.039637882848808 0.39044011216171 0.045166595035815 0.071291807926009 0.067814729238485 0.021851917603008 0.066793111036146 0.10040038837694 0.061063739075229 0.072254790799246 0.032558625179321 0.075923793810526 0.096504538323188 0.073422480704427 0.033978814139175 0 0.052966630781213 0.039140070911728 0.3509076491232 0.33438066411697 0.1 0.35854969975888 0.37213453946095 0.039407179833268 0.35169543839517 0.32286065228372 0.32690951405501 0.063519758481701 0.37897669640067 0.31781994868509 0.30346448686489 0.36337659802611 0.37190380729983 0.32039094917469"
General-0-20251226-16:35:52-143608,vector,AdhocNetwork1.host[9].app[1],e2eDelayPeriodicSec,,,"1 2 3 4 5 6 7 8 9 10 11 12 13 14 15 16 17 18 19 20 21 22 23 24 25 26 27 28 29 30 31 32 33 34 35 36 37 38 39 40 41 42 43 44 45 46 47 48 49 50","NaN 0.081395222536 0.081395222536 0.081395222536 0.005238378456 0.005238378456 0.005238378456 NaN NaN 0.004165602163 0.004165602163 0.004165602163 NaN NaN 0.005236869422 0.005236869422 0.005236869422 NaN 0.004510612746 0.004510612746 0.004510612746 NaN NaN 0.004844058218 0.004844058218 0.004844058218 NaN 0.004690302261 0.004690302261 0.004690302261 NaN NaN 0.005224910625 0.005224910625 0.005224910625 NaN NaN NaN NaN NaN NaN NaN NaN NaN NaN 0.005464731031 0.005464731031 0.005464731031 NaN NaN"
General-0-20251226-16:35:52-143608,vector,AdhocNetwork1.host[9].rl,rlReward,,,"1 2 3 4 5 6 7 8 9 10 11 12 13 14 15 16 17 18 19 20 21 22 23 24 25 26 27 28 29 30 31 32 33 34 35 36 37 38 39 40 41 42 43 44 45 46 47 48 49 50","0.33333333333333 0 0.1446536907273 0.12229206967082 -0.061165032310237 -0.55433723973695 -0.56758134785604 -0.52974442281109 -0.60693929412009 -0.3199151437481 -0.53435386321207 -0.095370703242504 0.11354330716757 -0.07180473031673 0.27387159327364 -0.069731543342532 0.19695186593802 0.27097623486465 0.26096772302695 0.27077076164836 0.23297909782557 0.18661271064218 0.27704230084177 0.25228926666223 0.10762341354766 0.098150601263359 0.2138698031778 0.27108726757745 0.24980770723622 0.2655079151581 0.21637671036484 0.20195237402937 0.20745126255962 -0.12735348906357 0.25158901336408 0.24218048209165 0.11350224205583 0.21272767560732 -0.071319580959238 0.20777618850612 0.20693435188455 0.19824615203289 0.19456157287988 0.24899323443443 0.38465106488728 0.18744902643272 0.18440261479247 0.27348794817085 0.22092170311027 0.24782516037026"
General-0-20251226-16:35:52-143608,vector,AdhocNetwork1.host[10].app[1],e2eDelayPeriodicSec,,,"1 2 3 4 5 6 7 8 9 10 11 12 13 14 15 16 17 18 19 20 21 22 23 24 25 26 27 28 29 30 31 32 33 34 35 36 37 38 39 40 41 42 43 44 45 46 47 48 49 50","NaN 0.034014387986 0.034014387986 0.034014387986 NaN 0.003815078942 0.003815078942 0.003815078942 NaN 0.002962153881 0.002962153881 0.002962153881 NaN 0.002475767185 0.002475767185 0.002475767185 0.002534534386 0.002534534386 0.002534534386 NaN NaN 0.004112006173 0.004112006173 0.004112006173 NaN NaN 0.002513488007 0.002513488007 0.002513488007 0.003634847545 0.003634847545 0.003634847545 NaN NaN 0.002416587583 0.002416587583 0.002416587583 NaN NaN 0.003870448243 0.003870448243 0.003870448243 0.002919878169 0.002919878169 0.002919878169 NaN 0.002940262044 0.002940262044 0.002940262044 NaN"
General-0-20251226-16:35:52-143608,vector,AdhocNetwork1.host[10].rl,rlReward,,,"1 2 3 4 5 6 7 8 9 10 11 12 13 14 15 16 17 18 19 20 21 22 23 24 25 26 27 28 29 30 31 32 33 34 35 36 37 38 39 40 41 42 43 44 45 46 47 48 49 50","0.33333333333333 0 0.12591181194547 0.10418220499055 0.11395825347807 0.093923756319272 0.039315236777477 -0.55593196216493 -0.54090646721699 -0.55040970164455 -0.62045144355306 0.38758492651489 0.28246132123029 0.39804065927772 0.40903461041422 0.40779982536822 0.37677469947005 0.39337529579546 0.39442977223288 0.40875662980712 0.41022541542052 0.37263824891902 0.36953949562096 0.41644886047855 0.13261694716661 0.11256927933388 0.077271714919467 0.12862771507509 0.13408648924691 0.13704094011206 0.11184115082027 0.10040927624787 0.12985239654267 0.12500728028423 0.12150186164022 0.12965930501641 0.083005725356973 0.13433732287453 0.13223125776869 0.1126870080482 0.099676731660008 0.40209834932736 0.40636092699918 0.41678688166266 0.14785724691844 0.82362722481118 -0.59148455217247 -0.56075214718702 -0.51523278814169 -0.56842067563908"
General-0-20251226-16:35:52-143608,vector,AdhocNetwork1.host[11].app[1],e2eDelayPeriodicSec,,,"1 2 3 4 5 6 7 8 9 10 11 12 13 14 15 16 17 18 19 20 21 22 23 24 25 26 27 28 29 30 31 32 33 34 35 36 37 38 39 40 41 42 43 44 45 46 47 48 49 50","NaN NaN NaN NaN 3.120837488262 3.120837488262 3.120837488262 NaN 0.004955830726 0.004955830726 0.004955830726 NaN 0.00489142804 0.00489142804 0.00489142804 NaN 0.004990289741 0.004990289741 0.004990289741 NaN NaN 0.005018095169 0.005018095169 0.005018095169 NaN NaN NaN NaN 0.005412313281 0.005412313281 0.005412313281 NaN NaN NaN NaN NaN NaN NaN NaN NaN NaN 0.00543797679 0.00543797679 0.00543797679 NaN 0.004513693473 0.004513693473 0.004513693473 NaN 0.005413738488"
General-0-20251226-16:35:52-143608,vector,AdhocNetwork1.host[11].rl,rlReward,,,"1 2 3 4 5 6 7 8 9 10 11 12 13 14 15 16 17 18 19 20 21 22 23 24 25 26 27 28 29 30 31 32 33 34 35 36 37 38 39 40 41 42 43 44 45 46 47 48 49 50","0.33333333333333 0 0.10436459970347 0.76673226690781 0.080642788736307 0.090684974358866 -0.61571289770037 -0.55532267741978 -0.59072136920304 -0.57091388624045 -0.57131724734145 0.070623522343093 0.38754081287143 0.3361501045501 0.38424936312084 0.37555634051862 0.33648655804091 0.37103395322411 0.75883039110053 0.3829076749929 0.37708253826249 0.33132145292694 0.38409833699197 0.35465104198712 0.36108319330655 0.38279647880536 0.35104485041145 0.3641015881651 0.34202382028003 0.37409509635818 0.36183743343481 0.32956332858266 0.34107231625981 0.044559864515322 0.38363455808943 0.66800779998581 -0.69321198642822 -0.62603253608326 -0.62325421895479 -0.37844959767779 -0.63829541162054 0.33543177026672 -0.15249744464349 0.070045568100894 0.089465860366228 0.3342673918288 0.3089132861279 0.39830495545837 0.39264751955988 0.097163855478517"
General-0-20251226-16:35:52-143608,vector,AdhocNetwork1.host[12].app[1],e2eDelayPeriodicSec,,,"1 2 3 4 5 6 7 8 9 10 11 12 13 14 15 16 17 18 19 20 21 22 23 24 25 26 27 28 29 30 31 32 33 34 35 36 37 38 39 40 41 42 43 44 45 46 47 48 49 50","NaN 0.123715977723 0.123715977723 0.123715977723 NaN NaN NaN 0.006572180525 0.006572180525 0.006572180525 NaN NaN 0.015123581818 0.015123581818 0.015123581818 0.004791446701 0.004791446701 0.004791446701 0.004818046197 0.004818046197 0.004818046197 NaN 0.004717647801 0.004717647801 0.004717647801 NaN 0.013360689704 0.013360689704 0.013360689704 NaN 0.004729703501 0.004729703501 0.004729703501 NaN 0.030440509153 0.030440509153 0.030440509153 NaN 0.005194093534 0.005194093534 0.005194093534 NaN 0.002740329631 0.002740329631 0.002740329631 NaN 0.003440029336 0.003440029336 0.003440029336 NaN"
General-0-20251226-16:35:52-143608,vector,AdhocNetwork1.host[12].rl,rlReward,,,"1 2 3 4 5 6 7 8 9 10 11 12 13 14 15 16 17 18 19 20 21 22 23 24 25 26 27 28 29 30 31 32 33 34 35 36 37 38 39 40 41 42 43 44 45 46 47 48 49 50","0.33333333333333 0 0.12303223825768 0.12520248692282 0.1261885156519 0.11869753133185 0.18547324672566 0.10643120383667 0.12226090982147 0.11098898143864 0.074388836265202 0.075466059485215 0.21908634836698 0.093197512308225 0.39134965647076 0.090992153974927 0.050332067556367 0.083385369389712 0.074773403477993 0.068566550285324 0.060167515625515 0.012322782524907 0.072665585830647 0.063180163102236 0.063269049201019 0.077828621631952 0 0.092340299870705 0.12198200539431 0.10431606719089 0.084738009310683 0.0047632027928894 0.033738824160043 0.0025266307182139 0.0081762950976251 0.01245976293704 0 0.094756046768373 0.087067306450414 0.055530147189778 0.057934822386116 0.028047201780739 0.021316967738685 0.082407042322643 0.094945585469575 0.0012746196015558 0.34466417250064 0.39014152859392 0.36908422333251 0.3557857379682"
General-0-20251226-16:35:52-143608,vector,AdhocNetwork1.host[13].app[1],e2eDelayPeriodicSec,,,"1 2 3 4 5 6 7 8 9 10 11 12 13 14 15 16 17 18 19 20 21 22 23 24 25 26 27 28 29 30 31 32 33 34 35 36 37 38 39 40 41 42 43 44 45 46 47 48 49 50","NaN 0.005871467364 0.005871467364 0.005871467364 NaN 0.003172933769 0.003172933769 0.003172933769 NaN 0.002953081192 0.002953081192 0.002953081192 NaN NaN 0.002693303228 0.002693303228 0.002693303228 NaN 0.003321053536 0.003321053536 0.003321053536 NaN 0.004680137046 0.004680137046 0.004680137046 0.002573852158 0.002573852158 0.002573852158 0.002274035293 0.002274035293 0.002274035293 NaN NaN 0.002254253765 0.002254253765 0.002254253765 NaN NaN 0.007823670944 0.007823670944 0.007823670944 0.002614722011 0.002614722011 0.002614722011 NaN 0.002859902217 0.002859902217 0.002859902217 NaN 0.002935111478"
General-0-20251226-16:35:52-143608,vector,AdhocNetwork1.host[13].rl,rlReward,,,"1 2 3 4 5 6 7 8 9 10 11 12 13 14 15 16 17 18 19 20 21 22 23 24 25 26 27 28 29 30 31 32 33 34 35 36 37 38 39 40 41 42 43 44 45 46 47 48 49 50","0.33333333333333 0 0.11246042606178 0.089779557039373 -0.59745956554873 -0.59671612481071 -0.63999105280539 -0.62985773384585 0.0067899414517102 -0.52395466873419 -0.36597358016792 0.054955306912361 0.19152589185026 0.080592767451764 0.22678882027818 0.19267489235532 -0.17783042951381 0.23488750049387 0.16675886501939 0.22406575834099 -0.13315386951865 0.13224160808487 0.19038607038101 0.2301026977712 0.20282480023326 0.35409224683931 0.15500754913608 0.19758070326455 0.22132529136495 0.20333475418957 0.13631443421235 0.12240336051443 0.20370857330486 0.11880276271753 0.18345249565176 0.17728843915495 0.1 0.22550912971335 0.23600447111157 -0.15426552038389 -0.10565199592899 0.1926865895394 0.14051433241571 0.21828290212355 0.25269214909792 0.1420268276107 0.14976768899133 0.26054976690933 0.17793052314936 0.21875004851487"
General-0-20251226-16:35:52-143608,vector,AdhocNetwork1.host[14].app[1],e2eDelayPeriodicSec,,,"1 2 3 4 5 6 7 8 9 10 11 12 13 14 15 16 17 18 19 20 21 22 23 24 25 26 27 28 29 30 31 32 33 34 35 36 37 38 39 40 41 42 43 44 45 46 47 48 49 50","NaN NaN NaN NaN 0.005089743308 0.005089743308 0.005089743308 0.004949738968 0.004949738968 0.004949738968 NaN 0.005673492621 0.005673492621 0.005673492621 NaN 0.005559267982 0.005559267982 0.005559267982 NaN 0.002820367955 0.002820367955 0.002820367955 NaN NaN 0.002900122479 0.002900122479 0.002900122479 NaN 0.002659855632 0.002659855632 0.002659855632 NaN 0.002679691271 0.002679691271 0.002679691271 NaN 0.003139455726 0.003139455726 0.003139455726 NaN NaN 0.002439234378 0.002439234378 0.002439234378 NaN NaN 0.003239062168 0.003239062168 0.003239062168 NaN"
General-0-20251226-16:35:52-143608,vector,AdhocNetwork1.host[14].rl,rlReward,,,"1 2 3 4 5 6 7 8 9 10 11 12 13 14 15 16 17 18 19 20 21 22 23 24 25 26 27 28 29 30 31 32 33 34 35 36 37 38 39 40 41 42 43 44 45 46 47 48 49 50","0.33333333333333 0 0.13087492689913 -0.048028094017508 -0.59319308715837 -0.55490402765191 -0.62071523720658 -0.35496694141553 -0.56232175115627 -0.48214158211697 -0.56755037622482 0.21534606880173 -0.073061801642984 0.080033409252497 0.28606959691744 0.23768002722584 0.195772562854 0.25924226438879 0.25578260071102 0.26377676308938 0.21275207497521 0.20217827762525 -0.10144202790334 0.28561207515215 0.25683254086472 0.25253826394465 0.18706676936664 0.10607761851324 0.27068435195704 0.22250559185252 0.24202189559306 0.18095633934918 0.38137206933973 0.20455889647866 0.2344344140604 0.22548032150194 0.14393317288164 0.18278575815503 0.24864131251476 0.21392675942741 0.20251904628124 0.18428860384552 0.17994883389459 0.23000073263596 0.24283087013085 0.17477431958297 0.15424636384258 0.25649629396353 0.24507430383985 0.21002317637756"
General-0-20251226-16:35:52-143608,vector,AdhocNetwork1.host[15].app[1],e2eDelayPeriodicSec,,,"1 2 3 4 5 6 7 8 9 10 11 12 13 14 15 16 17 18 19 20 21 22 23 24 25 26 27 28 29 30 31 32 33 34 35 36 37 38 39 40 41 42 43 44 45 46 47 48 49 50","NaN NaN NaN NaN NaN NaN NaN NaN NaN NaN 0.010987818508 0.010987818508 0.010987818508 0.005298872092 0.005298872092 0.005298872092 0.005555735087 0.005555735087 0.005555735087 NaN 0.00607691256 0.00607691256 0.00607691256 NaN NaN NaN NaN 0.00465381653 0.00465381653 0.00465381653 NaN 0.002640140067 0.002640140067 0.002640140067 0.002539795149 0.002539795149 0.002539795149 NaN 0.002399614648 0.002399614648 0.002399614648 NaN 0.003831692677 0.003831692677 0.003831692677 NaN NaN 0.002840069134 0.002840069134 0.002840069134"
General-0-20251226-16:35:52-143608,vector,AdhocNetwork1.host[15].rl,rlReward,,,"1 2 3 4 5 6 7 8 9 10 11 12 13 14 15 16 17 18 19 20 21 22 23 24 25 26 27 28 29 30 31 32 33 34 35 36 37 38 39 40 41 42 43 44 45 46 47 48 49 50","0.33333333333333 0 0.12197119603149 -0.050838868580994 0.11367615471473 0.10212845438249 0.070693667060262 0.12394431424763 0.098049599480447 0.11875231020979 0.35969236528255 0.073359479779383 0.39826634106355 0.38851183720251 0.40029106398673 0.39820008832147 0.37050426728189 0.37285381140437 0.4034086957058 0.40507060891332 -0.083718171693976 0.34599319101339 0.39626130194659 0.38917929035828 -0.071312524535385 0.38798915271588 0.34450472467631 0.36605864223552 0.39019504780564 0.36920146531838 0.36014850880609 0.31384814061027 0.35852534336339 0.34625688787356 0.35947189579836 0.3471419106601 0.3 -0.084413584423062 0.37238713374499 -0.14178364714379 0.37027808416718 0.32583113099065 0.052346649433132 0.37809539199285 0.35984087572852 0.35378918158359 0.17416393072024 0.36133479990704 0.38123501633568 0.38131108022986"
General-0-20251226-16:35:52-143608,vector,AdhocNetwork1.host[16].app[1],e2eDelayPeriodicSec,,,"1 2 3 4 5 6 7 8 9 10 11 12 13 14 15 16 17 18 19 20 21 22 23 24 25 26 27 28 29 30 31 32 33 34 35 36 37 38 39 40 41 42 43 44 45 46 47 48 49 50","NaN NaN NaN NaN NaN NaN NaN NaN NaN NaN NaN NaN NaN NaN NaN NaN NaN NaN NaN NaN NaN NaN 0.01376201391 0.01376201391 0.01376201391 NaN NaN NaN NaN NaN NaN 3.007236491534 3.007236491534 3.007236491534 NaN NaN NaN NaN 3.008239210304 3.008239210304 3.008239210304 NaN NaN NaN NaN 3.006632430822 3.006632430822 3.006632430822 NaN NaN"
General-0-20251226-16:35:52-143608,vector,AdhocNetwork1.host[16].rl,rlReward,,,"1 2 3 4 5 6 7 8 9 10 11 12 13 14 15 16 17 18 19 20 21 22 23 24 25 26 27 28 29 30 31 32 33 34 35 36 37 38 39 40 41 42 43 44 45 46 47 48 49 50","0.33333333333333 0 0.13180690251188 0.11471227285049 -0.48844994204101 -0.57197696701614 -0.64018140388574 0.053000895338131 -0.35238426877942 -0.3375582308222 -0.55580924748801 -0.094565854096417 0.22111364737712 0.39739148829273 0.40727612379282 0.10552960099088 0.21171028693932 0.29432950412666 -0.055498256321997 0.40240556048168 0.39775753040323 0.38733909764396 0.40515458476857 0.13918511837739 0.42231520068644 -0.57172328586592 -0.54412222389288 -0.57968320309406 -0.25672853580823 -0.57729295946901 -0.50395469379535 0.14112348399187 0.43152615858909 0.43619069556028 0.44809499819615 0.44525931615904 0.40863018661666 0.43264063575382 0.44550182782526 0.43819238864829 0.43906136386722 0.41349656745311 0.42662060509125 0.83416179092836 0.43716761986829 0.42095910893943 0.41290688007093 0.43794569059074 0.83940285378455 -0.56357666069589"
General-0-20251226-16:35:52-143608,vector,AdhocNetwork1.host[17].app[1],e2eDelayPeriodicSec,,,"1 2 3 4 5 6 7 8 9 10 11 12 13 14 15 16 17 18 19 20 21 22 23 24 25 26 27 28 29 30 31 32 33 34 35 36 37 38 39 40 41 42 43 44 45 46 47 48 49 50","NaN NaN NaN NaN 0.017054745261 0.017054745261 0.017054745261 0.004196766802 0.004196766802 0.004196766802 NaN NaN 0.004015921683 0.004015921683 0.004015921683 0.004138447199 0.004138447199 0.004138447199 NaN 0.001898648311 0.001898648311 0.001898648311 NaN 0.002958458395 0.002958458395 0.002958458395 NaN 0.002518385758 0.002518385758 0.002518385758 0.021815052038 0.021815052038 0.021815052038 NaN NaN NaN NaN 0.026368188215 0.026368188215 0.026368188215 0.004244916174 0.004244916174 0.004244916174 NaN 0.004327974619 0.004327974619 0.004327974619 0.006847357753 0.006847357753 0.006847357753"
General-0-20251226-16:35:52-143608,vector,AdhocNetwork1.host[17].rl,rlReward,,,"1 2 3 4 5 6 7 8 9 10 11 12 13 14 15 16 17 18 19 20 21 22 23 24 25 26 27 28 29 30 31 32 33 34 35 36 37 38 39 40 41 42 43 44 45 46 47 48 49 50","0.33333333333333 0 0.10919473360146 0.068568812587846 0.063543797244183 0.048779727732491 0 0.064482275853812 0.056007970179112 0.038835043980308 0.069474950052069 0.048612525255518 0.012378706556007 0.045241905545729 0.085897205615276 0 0 0.081826976158101 0.017687468980511 0.071908300318082 0.051055784771109 0.31214829839708 0.35058696511576 0.35888056902473 0.35497500449646 0.36586360055232 0.34497108004124 0.35502664390984 0.36212281475173 0.37159730654955 0.3 0.3 0.35327815755339 0.3 0.35891342723246 0.38867164287393 0 -0.040800001996935 0.44402057005738 0.37619559582547 0.41485570926577 0.38952742085124 0.37332919766482 0.42440688292524 0.41901864986768 0.067194283488453 0.40222610365645 0.42828747287861 0.40108559194003 0.41529591732153"
General-0-20251226-16:35:52-143608,vector,AdhocNetwork1.host[18].app[1],e2eDelayPeriodicSec,,,"1 2 3 4 5 6 7 8 9 10 11 12 13 14 15 16 17 18 19 20 21 22 23 24 25 26 27 28 29 30 31 32 33 34 35 36 37 38 39 40 41 42 43 44 45 46 47 48 49 50","NaN 0.085406032746 0.085406032746 0.085406032746 NaN 0.005524809042 0.005524809042 0.005524809042 NaN NaN 0.004443460376 0.004443460376 0.004443460376 0.004955058569 0.004955058569 0.004955058569 NaN NaN 0.00787561018 0.00787561018 0.00787561018 NaN NaN NaN NaN NaN NaN NaN NaN NaN 0.005013353097 0.005013353097 0.005013353097 NaN NaN 0.005223700757 0.005223700757 0.005223700757 NaN NaN NaN NaN 0.005016765971 0.005016765971 0.005016765971 0.005465082747 0.005465082747 0.005465082747 NaN 0.005305874852"
General-0-20251226-16:35:52-143608,vector,AdhocNetwork1.host[18].rl,rlReward,,,"1 2 3 4 5 6 7 8 9 10 11 12 13 14 15 16 17 18 19 20 21 22 23 24 25 26 27 28 29 30 31 32 33 34 35 36 37 38 39 40 41 42 43 44 45 46 47 48 49 50","0.33333333333333 0 0.17089429423879 0.15007307005428 0.10192699228398 0.13385809054279 0.10499722866889 0.15737876646458 -0.54226869252053 -0.51910284186534 -0.5314369012039 0.13319206930028 0.14733710517548 0.15313368391412 0.16132498468744 0.43532623415493 0.41447936541778 0.44363093774204 0.42264190516756 0.44797992004793 0.44745526538108 0.40901609599281 0.4587348486153 0.43760224365639 0.44904851097851 0.45291280953166 0.43765766761619 0.16700266464049 0.45176621112152 0.45133478891639 0.45668227297428 0.35793004411716 0.45193069658024 0.45949057345102 0.46740978575256 0.45085585635347 0.40155886535821 0.37789662083966 0.47623661084447 0.46739517121024 0.46977861491921 0.45483646372941 0.45418165597045 0.47354389671759 0.47656743870964 0.46214183251202 0.44385640423476 0.47562241864096 0.47426510345966 0.19078165537754"
General-0-20251226-16:35:52-143608,vector,AdhocNetwork1.host[19].app[1],e2eDelayPeriodicSec,,,"1 2 3 4 5 6 7 8 9 10 11 12 13 14 15 16 17 18 19 20 21 22 23 24 25 26 27 28 29 30 31 32 33 34 35 36 37 38 39 40 41 42 43 44 45 46 47 48 49 50","NaN 0.033106680287 0.033106680287 0.033106680287 NaN 0.00427472844 0.00427472844 0.00427472844 0.004429539751 0.004429539751 0.004429539751 NaN 0.002279778773 0.002279778773 0.002279778773 NaN NaN 0.003155313536 0.003155313536 0.003155313536 NaN 0.006147875684 0.006147875684 0.006147875684 NaN NaN 0.005433182968 0.005433182968 0.005433182968 NaN NaN NaN NaN NaN NaN NaN NaN NaN NaN 9.005751381614 9.005751381614 9.005751381614 NaN 0.006242293701 0.006242293701 0.006242293701 NaN 0.004665322799 0.004665322799 0.004665322799"
General-0-20251226-16:35:52-143608,vector,AdhocNetwork1.host[19].rl,rlReward,,,"1 2 3 4 5 6 7 8 9 10 11 12 13 14 15 16 17 18 19 20 21 22 23 24 25 26 27 28 29 30 31 32 33 34 35 36 37 38 39 40 41 42 43 44 45 46 47 48 49 50","0.33333333333333 0 0.16837870534501 0.43395934024399 0.7552949887876 0.11597114333569 0.11296585893755 0.42629679139778 -0.52938925366211 -0.53152612744798 -0.54216450217161 0.12692448619755 -0.19375460132773 -0.59600268012433 -0.55736129763765 -0.59176662150054 -0.60130192742585 -0.30355624392161 -0.46003154580561 -0.28048226046877 -0.54558659466991 0.37338011247957 0.42355642687369 0.12517525994419 -0.044730373298908 0.42295751014477 0.11647888225826 0.4104949787035 0.32663260878978 0.43152473119422 0.10813105348763 0.3618880525027 -0.036319268720672 -0.58746295467045 -0.53301326137237 -0.32072378317539 -0.23186374780352 -0.59377949177189 -0.40774262332438 -0.29402508956969 -0.54812377712994 0.41350925580799 0.40705239905507 0.44249748030659 0.322536177308 0.28348448673776 -0.050126588230227 0.16953955565137 0.14637508349048 0.44914106189795"
General-0-20251226-16:35:52-143608,vector,AdhocNetwork1.host[20].app[1],e2eDelayPeriodicSec,,,"1 2 3 4 5 6 7 8 9 10 11 12 13 14 15 16 17 18 19 20 21 22 23 24 25 26 27 28 29 30 31 32 33 34 35 36 37 38 39 40 41 42 43 44 45 46 47 48 49 50","NaN NaN NaN NaN 0.018820142222 0.018820142222 0.018820142222 NaN 0.008831747221 0.008831747221 0.008831747221 NaN NaN 0.005328526861 0.005328526861 0.005328526861 0.009424762971 0.009424762971 0.009424762971 NaN NaN NaN NaN 0.00761921225 0.00761921225 0.00761921225 NaN NaN 0.007719079859 0.007719079859 0.007719079859 NaN 0.011254331978 0.011254331978 0.011254331978 NaN 0.071412201727 0.071412201727 0.071412201727 NaN NaN NaN NaN 0.00858251601 0.00858251601 0.00858251601 NaN NaN NaN NaN"
General-0-20251226-16:35:52-143608,vector,AdhocNetwork1.host[20].rl,rlReward,,,"1 2 3 4 5 6 7 8 9 10 11 12 13 14 15 16 17 18 19 20 21 22 23 24 25 26 27 28 29 30 31 32 33 34 35 36 37 38 39 40 41 42 43 44 45 46 47 48 49 50","0.33333333333333 0 0.10908684589706 0.085343481292961 0.059428558797162 0.07337620430297 0.032943508706937 0.083788679228797 0.035256290113711 0.075007273677006 0.088824500072961 0.051439338566682 0.048239030182595 0.05770696878312 0.095882704801115 0.039290294356368 0.012215653947538 0.078706517902966 0.053542189404577 0.076577789004122 0.038891591054336 0.014207757475068 0.053747631324885 0.073683141648321 0.059372262077282 0.064676098111558 0.039948865478241 0.345619945676 -0.11488723479832 0.34177017754947 0.3233011372863 0.32821933031195 0.35226619968478 0.3 0.35985088992325 -0.13225230322437 -0.2 0.37005041195117 0.38472363197833 0.34150273173856 0.36826932451072 0.33817543889189 0.020794638459547 0.37483754228941 0.38726063727453 0.31056556682367 0.33787749269012 0.38831849505384 0.19452340335822 0.048753160386995"
General-0-20251226-16:35:52-143608,vector,AdhocNetwork1.host[21].app[1],e2eDelayPeriodicSec,,,"1 2 3 4 5 6 7 8 9 10 11 12 13 14 15 16 17 18 19 20 21 22 23 24 25 26 27 28 29 30 31 32 33 34 35 36 37 38 39 40 41 42 43 44 45 46 47 48 49 50","NaN 0.089470322353 0.089470322353 0.089470322353 0.007595661554 0.007595661554 0.007595661554 NaN 0.008305406849 0.008305406849 0.008305406849 0.007518619582 0.007518619582 0.007518619582 NaN NaN NaN NaN NaN 0.006949097515 0.006949097515 0.006949097515 NaN NaN NaN NaN NaN NaN NaN NaN NaN NaN 0.007544314222 0.007544314222 0.007544314222 NaN NaN 0.006748814043 0.006748814043 0.006748814043 NaN NaN 0.005417175543 0.005417175543 0.005417175543 NaN NaN NaN NaN NaN"
General-0-20251226-16:35:52-143608,vector,AdhocNetwork1.host[21].rl,rlReward,,,"1 2 3 4 5 6 7 8 9 10 11 12 13 14 15 16 17 18 19 20 21 22 23 24 25 26 27 28 29 30 31 32 33 34 35 36 37 38 39 40 41 42 43 44 45 46 47 48 49 50","0.33333333333333 0 0.11688958841086 0.10704362862361 0.40289546953992 0.079265392478142 0.056452943036834 0.10703366666969 0.099257011189625 0.083416747283868 0.078529690988353 0.06229793781513 0.072424881060108 0.095090798977877 0.088739145254747 0.076723953309257 0.052287883055254 0.07311093932916 0.076570634244624 0.096179172005211 0.061125200253899 0.036160597023125 0.072851658706071 0.088404165400448 0.077189814326185 0.087786508290249 0.02705607955481 0.069511788931138 0.097881919289336 0.095033863884398 0.045611035974169 0.32497458687457 -0.13436218799449 0.32252695959944 0.35333334482174 0.34770362774851 0 0.35174656796994 0.38987221686881 0.33483056874435 0.35945591658666 0.34748003871946 0.32943394668087 0.34741433564562 0.35917624927022 0.14914166536657 0.34209401464794 0.3930984739372 0.34744089754322 -0.12340748614574"
General-0-20251226-16:35:52-143608,vector,AdhocNetwork1.host[22].app[1],e2eDelayPeriodicSec,,,"1 2 3 4 5 6 7 8 9 10 11 12 13 14 15 16 17 18 19 20 21 22 23 24 25 26 27 28 29 30 31 32 33 34 35 36 37 38 39 40 41 42 43 44 45 46 47 48 49 50","NaN 0.030609447735 0.030609447735 0.030609447735 0.004950332078 0.004950332078 0.004950332078 NaN NaN NaN NaN 0.006148087919 0.006148087919 0.006148087919 NaN NaN NaN NaN 0.006547527583 0.006547527583 0.006547527583 NaN NaN NaN NaN NaN NaN NaN NaN NaN NaN 6.004107943292 6.004107943292 6.004107943292 NaN NaN 0.005075970176 0.005075970176 0.005075970176 NaN 0.002539767259 0.002539767259 0.002539767259 NaN NaN 0.002798082325 0.002798082325 0.002798082325 NaN NaN"
General-0-20251226-16:35:52-143608,vector,AdhocNetwork1.host[22].rl,rlReward,,,"1 2 3 4 5 6 7 8 9 10 11 12 13 14 15 16 17 18 19 20 21 22 23 24 25 26 27 28 29 30 31 32 33 34 35 36 37 38 39 40 41 42 43 44 45 46 47 48 49 50","0.33333333333333 0 0.14158215240367 0.13120638568544 0.11720055388397 0.12716796284879 0.082795729416987 0.13873124553981 -0.54390097948498 -0.55329504466028 -0.56019741962799 0.09817647938473 0.098421507734743 0.41547449182503 0.42527254269443 0.39871054312439 0.37833699754516 0.4100200437065 0.38961039267075 0.27957777510391 0.39597819997 0.35184309163306 0.38967433645046 0.40584165884417 0.10328838387427 0.40157609858947 0.34840301708677 0.38871819686114 0.39423373859936 0.40520242705203 0.37563326266661 0.34525634541741 0.088328512945357 0.36209676373891 0.39373667386582 0.37943399799003 0.30797718510527 0.39457815640064 0.40614971830006 0.36541913817961 -0.63447321072105 0.36066315445772 0.36104066015551 0.24771493655098 0.41182584983746 0.35934932707752 0.36101075348265 0.41281871521714 0.3908321931905 0.38440471788472"
General-0-20251226-16:35:52-143608,vector,AdhocNetwork1.host[23].app[1],e2eDelayPeriodicSec,,,"1 2 3 4 5 6 7 8 9 10 11 12 13 14 15 16 17 18 19 20 21 22 23 24 25 26 27 28 29 30 31 32 33 34 35 36 37 38 39 40 41 42 43 44 45 46 47 48 49 50","NaN 0.003186293641 0.003186293641 0.003186293641 NaN 0.001933408477 0.001933408477 0.001933408477 NaN NaN 0.002533451996 0.002533451996 0.002533451996 NaN 0.002733488643 0.002733488643 0.002733488643 NaN 0.002933534456 0.002933534456 0.002933534456 NaN 0.002653571603 0.002653571603 0.002653571603 NaN 0.004645780294 0.004645780294 0.004645780294 0.002153646391 0.002153646391 0.002153646391 NaN 0.003949688985 0.003949688985 0.003949688985 NaN 0.007177296179 0.007177296179 0.007177296179 NaN 0.004374282248 0.004374282248 0.004374282248 0.00289381426 0.00289381426 0.00289381426 NaN NaN 0.002693869832"
General-0-20251226-16:35:52-143608,vector,AdhocNetwork1.host[23].rl,rlReward,,,"1 2 3 4 5 6 7 8 9 10 11 12 13 14 15 16 17 18 19 20 21 22 23 24 25 26 27 28 29 30 31 32 33 34 35 36 37 38 39 40 41 42 43 44 45 46 47 48 49 50","0.33333333333333 0 0.10095911346343 0.75951554273441 0.090287514207697 0.083630921095903 0.030106776926536 0.091897410053801 0.093226307082897 0.078552375443755 0.051427232926642 0.037153751653327 0.06616469742768 0.079086371523128 0.06767183952349 0.066395750609512 0.031409734696143 0.070563929790686 0.068517968845413 0.06146971258051 0.058969393154281 0.014936873180491 0.056301210377264 0.074710913999007 0.064684383729872 0.060735619335421 0 0.038942629189612 0.068339929548764 0.058256119733853 0.023322557267222 0.30654763199933 0.036049334746418 0.015072223273554 0.043592868711281 0.024390885745245 0 0.077847410933722 0.067989368085899 0.047432522262783 0.043323774297375 0.0083575833335787 0.0096525843697574 -0.11499242908034 0.072205650260826 0.01217446956163 0.012810931304565 0.073780002201257 0.046554857745132 0.043228759830022"
General-0-20251226-16:35:52-143608,vector,AdhocNetwork1.host[24].app[1],e2eDelayPeriodicSec,,,"1 2 3 4 5 6 7 8 9 10 11 12 13 14 15 16 17 18 19 20 21 22 23 24 25 26 27 28 29 30 31 32 33 34 35 36 37 38 39 40 41 42 43 44 45 46 47 48 49 50","NaN NaN NaN NaN 0.033695389412 0.033695389412 0.033695389412 NaN 0.005868526268 0.005868526268 0.005868526268 NaN NaN 0.014429568765 0.014429568765 0.014429568765 NaN 0.002879298512 0.002879298512 0.002879298512 NaN 0.002978170249 0.002978170249 0.002978170249 NaN NaN 0.002542334447 0.002542334447 0.002542334447 NaN 0.002956163932 0.002956163932 0.002956163932 NaN 0.003937186351 0.003937186351 0.003937186351 0.002876662246 0.002876662246 0.002876662246 NaN 0.002922043557 0.002922043557 0.002922043557 NaN NaN 0.003149724093 0.003149724093 0.003149724093 NaN"
General-0-20251226-16:35:52-143608,vector,AdhocNetwork1.host[24].rl,rlReward,,,"1 2 3 4 5 6 7 8 9 10 11 12 13 14 15 16 17 18 19 20 21 22 23 24 25 26 27 28 29 30 31 32 33 34 35 36 37 38 39 40 41 42 43 44 45 46 47 48 49 50","0.33333333333333 0 0.095562864831318 0.098704488126902 0.073532616444091 0.073729984713131 0.15929353955768 0.062581677031534 0.052414121162614 0.074798125791941 -0.62039492432056 0.040357372968813 0.056106663940855 0.060545481315685 0.36800719644348 0.3622172162873 0.30464523013703 0.34689090875261 0.045726476814445 0.066176676924618 -0.46358682281985 0 0.32064889955903 0.35194513451213 0.35491422526404 0.36237550170325 0.3 0.3761507953232 0.38700548658719 0.35330691208276 0.34033654270506 0.31674721881057 0.34150419020985 0.34511666511681 0.35201265158432 0.34487908934037 0.30294086789199 0.36933257441026 0.34876075896967 0.35471271674571 -0.6376119365234 0.32504274902036 0.32263122060722 0.37362170115514 0.36681828833581 0.32459957411698 0.32362338958242 0.22278050439083 0.36853939592566 0.34955060496039"
General-1-20251226-16:35:52-143609,vector,AdhocNetwork1.host[0].app[1],e2eDelayPeriodicSec,,,"1 2 3 4 5 6 7 8 9 10 11 12 13 14 15 16 17 18 19 20 21 22 23 24 25 26 27 28 29 30 31 32 33 34 35 36 37 38 39 40 41 42 43 44 45 46 47 48 49 50","NaN NaN NaN NaN NaN NaN NaN NaN NaN NaN NaN NaN NaN NaN NaN NaN NaN NaN NaN NaN NaN NaN NaN NaN NaN NaN NaN NaN NaN NaN NaN NaN NaN NaN NaN NaN NaN NaN NaN NaN NaN NaN NaN NaN NaN NaN NaN NaN NaN NaN"
General-1-20251226-16:35:52-143609,vector,AdhocNetwork1.host[0].rl,rlReward,,,"1 2 3 4 5 6 7 8 9 10 11 12 13 14 15 16 17 18 19 20 21 22 23 24 25 26 27 28 29 30 31 32 33 34 35 36 37 38 39 40 41 42 43 44 45 46 47 48 49 50","0.33333333333333 0 0.091264696659872 0.080528145845285 0.68506023078449 0.082039271512962 0.040583269323226 0.084659159705562 0.079545355398009 0.073758575750511 0.019012388563428 0.35141020094578 0.04899424495623 0.057280694463143 0.088525840121771 0.0089547237610246 0.040319029616662 0.080168578751699 0 0.070767102689909 -0.10718259343357 0.024076510153004 0.068221546354056 0.24468546032042 0.087351812313291 0.086122558294374 0.040729381972276 0.36299981535301 0.38988082232969 0.37300691027314 0.36700212290036 0.345692955448 0.3857409846479 0.095368490344378 0.39082249477203 0.086373371700077 0.051434481032291 0.082047295355373 0.088867340213468 -0.6052847608458 -0.58099073955288 0.046621477905378 0.04569952002386 -0.10027262342728 0.080969351557595 0.062256920661925 0 0.083537875408364 0.066272983312207 0.084572311431122"
General-1-20251226-16:35:52-143609,vector,AdhocNetwork1.host[1].app[1],e2eDelayPeriodicSec,,,"1 2 3 4 5 6 7 8 9 10 11 12 13 14 15 16 17 18 19 20 21 22 23 24 25 26 27 28 29 30 31 32 33 34 35 36 37 38 39 40 41 42 43 44 45 46 47 48 49 50","NaN 0.004891839512 0.004891839512 0.004891839512 0.002352933017 0.002352933017 0.002352933017 NaN NaN 0.00265254328 0.00265254328 0.00265254328 0.002193278811 0.002193278811 0.002193278811 0.003957111552 0.003957111552 0.003957111552 NaN NaN 0.002775471319 0.002775471319 0.002775471319 NaN 0.00303961949 0.00303961949 0.00303961949 0.002858108847 0.002858108847 0.002858108847 0.002859273369 0.002859273369 0.002859273369 0.002520564378 0.002520564378 0.002520564378 NaN 0.004685317797 0.004685317797 0.004685317797 NaN 0.010157752104 0.010157752104 0.010157752104 NaN NaN NaN 0.005571535474 0.005571535474 0.005571535474"
General-1-20251226-16:35:52-143609,vector,AdhocNetwork1.host[1].rl,rlReward,,,"1 2 3 4 5 6 7 8 9 10 11 12 13 14 15 16 17 18 19 20 21 22 23 24 25 26 27 28 29 30 31 32 33 34 35 36 37 38 39 40 41 42 43 44 45 46 47 48 49 50","0.33333333333333 0 0.098272530557527 0.088128441685019 0.024534884543582 0.078694656133511 0.049574535580452 0.08332791385293 0.37978300012089 0.060166531844032 0.042789804868506 0.055051707984562 0.059132840459707 0.058871816587955 0.092413875907854 0.34836963610732 0.30732552251119 0.3288917847065 0.017988184853366 0.35448174047985 0.3 0.3 0.33633650984195 0.37430671484965 0.36514050167302 0.34585848731627 0.31885785866938 0.35004320248639 0.36808226262591 0.36191408940079 0.17468178802844 0.3 0.35611209783593 0.33737888531728 0.36042510564675 0.34264395157609 0.32096841255709 0.38778666800532 -0.10549906018927 0.36948252641025 0.36277780996666 0.33430749257736 0.38339962515414 0.37789615811941 0.39296266701128 0.36689200420906 -0.68313853589143 -0.61794621218002 -0.62771357975312 -0.62769862075606"
General-1-20251226-16:35:52-143609,vector,AdhocNetwork1.host[2].app[1],e2eDelayPeriodicSec,,,"1 2 3 4 5 6 7 8 9 10 11 12 13 14 15 16 17 18 19 20 21 22 23 24 25 26 27 28 29 30 31 32 33 34 35 36 37 38 39 40 41 42 43 44 45 46 47 48 49 50","NaN 0.041531595092 0.041531595092 0.041531595092 0.004572225279 0.004572225279 0.004572225279 NaN NaN NaN NaN NaN 0.002880065094 0.002880065094 0.002880065094 NaN 0.002859328285 0.002859328285 0.002859328285 NaN 0.002838772156 0.002838772156 0.002838772156 NaN NaN 0.002681326969 0.002681326969 0.002681326969 NaN 0.002437743761 0.002437743761 0.002437743761 NaN 0.002317424645 0.002317424645 0.002317424645 0.002417234444 0.002417234444 0.002417234444 NaN NaN 0.002037134626 0.002037134626 0.002037134626 NaN 0.003037201511 0.003037201511 0.003037201511 0.002377345422 0.002377345422"
General-1-20251226-16:35:52-143609,vector,AdhocNetwork1.host[2].rl,rlReward,,,"1 2 3 4 5 6 7 8 9 10 11 12 13 14 15 16 17 18 19 20 21 22 23 24 25 26 27 28 29 30 31 32 33 34 35 36 37 38 39 40 41 42 43 44 45 46 47 48 49 50","0.33333333333333 0 0.38258678235051 0.62321742997233 0.19299198949917 0.23711006453634 0.16889821639644 0.22736596566955 0.16034724692377 0.20541261900974 0.1 0.2086913297549 0.17073302552818 0.23718296796284 0.27059065374604 0.032936865673918 0.064823111470983 0.065400929937276 0.047125280910987 0.070636104166219 0.064819854897325 0.0063446672475337 0.046290627379589 0.082673310942409 0.09621924234932 0.19310805210147 0.017072561936256 0.066207286737652 0.078710451802038 0.062222505389872 0.052141384940229 0.002040045512133 0.071903580966632 0.046164844143564 0.076728693479179 0.037867244742343 0.30774897404966 0.35303552659983 0.32860293149335 -0.66927605542256 -0.66304229914691 0.3 0.32598769228226 0.36011774280115 0.3696958274324 0.34369713623143 0.3 0.38351736108293 0.38038089447219 0.37711531350221"
General-1-20251226-16:35:52-143609,vector,AdhocNetwork1.host[3].app[1],e2eDelayPeriodicSec,,,"1 2 3 4 5 6 7 8 9 10 11 12 13 14 15 16 17 18 19 20 21 22 23 24 25 26 27 28 29 30 31 32 33 34 35 36 37 38 39 40 41 42 43 44 45 46 47 48 49 50","NaN NaN NaN NaN NaN NaN NaN NaN NaN NaN 9.0627843878 9.0627843878 9.0627843878 NaN 0.003258237046 0.003258237046 0.003258237046 NaN 0.015529344259 0.015529344259 0.015529344259 0.002598575496 0.002598575496 0.002598575496 NaN NaN 0.002639392622 0.002639392622 0.002639392622 NaN NaN 0.003160522847 0.003160522847 0.003160522847 NaN NaN 0.006760916678 0.006760916678 0.006760916678 NaN NaN NaN 0.005366219212 0.005366219212 0.005366219212 NaN NaN 0.004453156881 0.004453156881 0.004453156881"
General-1-20251226-16:35:52-143609,vector,AdhocNetwork1.host[3].rl,rlReward,,,"1 2 3 4 5 6 7 8 9 10 11 12 13 14 15 16 17 18 19 20 21 22 23 24 25 26 27 28 29 30 31 32 33 34 35 36 37 38 39 40 41 42 43 44 45 46 47 48 49 50","0.33333333333333 0 0.14017248525529 0.79125345912048 0 -0.60040471345733 -0.56172254242217 -0.52067117576661 -0.56305881736362 0.098406922658028 -0.57870622102484 0.11408866495388 0.10250206491369 0.11134666176156 0.42575173249484 0.37963715828326 0.39957117923789 0.41380531180281 0.3839280560239 0.41349597460941 0.40946664920349 0.3588239092063 0.38672009400596 0.42202492399107 0.40692653862766 0.41519245781605 0.3620864059821 -0.21541125015463 -0.57968355834028 -0.61332402258859 -0.61321720857974 0.36960861596646 0.41759876377087 0.39195743704247 0.4243252044276 0.40977367741696 0.36357664708438 0.41559974487362 -0.034316597804578 -0.60498828355132 -0.31838450074247 -0.078907891429249 0.10046216049759 0.13760701667261 0.13640576277767 0.13413031896461 0.082986751531367 0.13275974422505 0.13625231317406 0.13657236913783"
General-1-20251226-16:35:52-143609,vector,AdhocNetwork1.host[4].app[1],e2eDelayPeriodicSec,,,"1 2 3 4 5 6 7 8 9 10 11 12 13 14 15 16 17 18 19 20 21 22 23 24 25 26 27 28 29 30 31 32 33 34 35 36 37 38 39 40 41 42 43 44 45 46 47 48 49 50","NaN NaN NaN NaN NaN NaN NaN NaN NaN NaN 0.076417699041 0.076417699041 0.076417699041 NaN NaN NaN NaN 0.004254121731 0.004254121731 0.004254121731 NaN 0.004881262156 0.004881262156 0.004881262156 NaN NaN NaN NaN 0.007407483261 0.007407483261 0.007407483261 NaN 0.005640659133 0.005640659133 0.005640659133 NaN NaN NaN NaN NaN NaN NaN NaN NaN NaN 0.007445145526 0.007445145526 0.007445145526 NaN NaN"
General-1-20251226-16:35:52-143609,vector,AdhocNetwork1.host[4].rl,rlReward,,,"1 2 3 4 5 6 7 8 9 10 11 12 13 14 15 16 17 18 19 20 21 22 23 24 25 26 27 28 29 30 31 32 33 34 35 36 37 38 39 40 41 42 43 44 45 46 47 48 49 50","0.33333333333333 0 0.098326438234644 0.75744459875005 0 0.088442443643571 0.04148042207445 0.10029696306499 0.37943806082139 0.065323526160327 0.040481536672752 0.060726597210723 0.077972761566656 0.075294559476983 0.093474698803633 0.051855240532826 0.048461408241119 0.086928148451132 0.035653674045566 0.0928487546417 0.3846580761696 0.021887942441637 0.074899669898891 0.10053715203323 0.087996642096577 0.080076635367608 0.041160666557781 0.067990567238361 0.092502167599354 0.059832953573617 0.060680889359356 0.040546604700128 0.08367919557787 0.068023768158245 0.073185025036581 0.073859978290538 -0.15216609736256 0.084147575445217 0.083744438067517 -0.61631872143305 -0.59486845822522 0.020210191874975 0.063841829953972 -0.59135562343411 -0.5952812462616 -0.59379232334039 -0.7 -0.37235739776073 -0.49386848714134 -0.38815205969887"
General-1-20251226-16:35:52-143609,vector,AdhocNetwork1.host[5].app[1],e2eDelayPeriodicSec,,,"1 2 3 4 5 6 7 8 9 10 11 12 13 14 15 16 17 18 19 20 21 22 23 24 25 26 27 28 29 30 31 32 33 34 35 36 37 38 39 40 41 42 43 44 45 46 47 48 49 50","NaN NaN NaN NaN NaN NaN NaN NaN NaN NaN 0.067452019027 0.067452019027 0.067452019027 NaN 0.007066123184 0.007066123184 0.007066123184 NaN 0.009120166877 0.009120166877 0.009120166877 0.005284009345 0.005284009345 0.005284009345 NaN 0.004863943416 0.004863943416 0.004863943416 0.004810504767 0.004810504767 0.004810504767 NaN 0.005764338184 0.005764338184 0.005764338184 NaN NaN NaN NaN 0.005686910589 0.005686910589 0.005686910589 NaN NaN NaN NaN 0.007912621569 0.007912621569 0.007912621569 0.007782142973"
General-1-20251226-16:35:52-143609,vector,AdhocNetwork1.host[5].rl,rlReward,,,"1 2 3 4 5 6 7 8 9 10 11 12 13 14 15 16 17 18 19 20 21 22 23 24 25 26 27 28 29 30 31 32 33 34 35 36 37 38 39 40 41 42 43 44 45 46 47 48 49 50","0.33333333333333 0 0.072924954784958 0.059553029529098 0 0.075089045535002 0.035675374334234 0.073521520695342 0.07214615032234 0.072649824234982 -0.2 0.10061411851691 0.095852857971016 0.1015831982349 -0.037095289715312 0.048533210140708 0.083015433251287 0.13041542397624 0.07377411225906 0.11392967179633 0.12313928882409 0.037332443459853 0.079944409022498 0.12358862724553 0.097472897621755 -0.084180960586554 -0.12727688039102 0.041481264704424 0.10801481595562 0.092700445674691 0.0086221474375131 0.3345651706221 0.3823290020853 0.37322219146268 0.39000527923864 0.35087468261931 0.33254618214553 0.39791469928372 0.36790139640046 0.060555562350145 0.36938052161409 0.34670811311426 0.35876976124577 0.38943691760149 0.38979806713933 0.36450783919814 0.31038161739439 0.37722827445544 0.3661595221662 0.38176831466858"
General-1-20251226-16:35:52-143609,vector,AdhocNetwork1.host[6].app[1],e2eDelayPeriodicSec,,,"1 2 3 4 5 6 7 8 9 10 11 12 13 14 15 16 17 18 19 20 21 22 23 24 25 26 27 28 29 30 31 32 33 34 35 36 37 38 39 40 41 42 43 44 45 46 47 48 49 50","NaN 0.07071441803 0.07071441803 0.07071441803 NaN 0.003133553223 0.003133553223 0.003133553223 NaN 0.002373277518 0.002373277518 0.002373277518 NaN 0.002733128934 0.002733128934 0.002733128934 NaN NaN 0.002073018105 0.002073018105 0.002073018105 0.003173019608 0.003173019608 0.003173019608 0.002473085296 0.002473085296 0.002473085296 NaN 0.001813228406 0.001813228406 0.001813228406 NaN 0.002413437895 0.002413437895 0.002413437895 NaN 0.002753700374 0.002753700374 0.002753700374 0.002853906486 0.002853906486 0.002853906486 NaN 0.002554176947 0.002554176947 0.002554176947 NaN NaN 0.003846370474 0.003846370474"
General-1-20251226-16:35:52-143609,vector,AdhocNetwork1.host[6].rl,rlReward,,,"1 2 3 4 5 6 7 8 9 10 11 12 13 14 15 16 17 18 19 20 21 22 23 24 25 26 27 28 29 30 31 32 33 34 35 36 37 38 39 40 41 42 43 44 45 46 47 48 49 50","0.33333333333333 0 0.097623460327797 0.75153133280229 0.051200349125862 0.073483052003105 0.0502585849645 0.097893713407101 0.085575100042186 0.056012484953157 0.046592529006606 0.069280570670882 0.064384550693437 0.08634920934756 0.10748950918521 0.075668738830922 0.057301429367921 0.083622386468034 0.052914750818695 0.073226497919353 0.06669497510634 0.0032889719242482 0.034055969188127 0.063569803197296 0.071226778524246 0.055248163874682 0.013707884462381 0.033204647698319 0.054575178164428 0.053827851478082 0.02096812850106 0 0.056357212433327 0.025698818194631 0.063906912504849 0.036800057068824 0 0.37223365792067 0.056544228757709 0.070022998397813 0.063462745520634 0.017836208704597 0.059812590726783 0.089402386551905 0.054312553210776 0.075370279044095 0.016235345012826 0.08754535791983 0.04341751143832 0.086460278069511"
General-1-20251226-16:35:52-143609,vector,AdhocNetwork1.host[7].app[1],e2eDelayPeriodicSec,,,"1 2 3 4 5 6 7 8 9 10 11 12 13 14 15 16 17 18 19 20 21 22 23 24 25 26 27 28 29 30 31 32 33 34 35 36 37 38 39 40 41 42 43 44 45 46 47 48 49 50","NaN NaN NaN NaN 0.09442302508 0.09442302508 0.09442302508 NaN 0.022940853191 0.022940853191 0.022940853191 NaN NaN 0.007708580962 0.007708580962 0.007708580962 NaN NaN 0.0053937729 0.0053937729 0.0053937729 NaN NaN 0.004666209308 0.004666209308 0.004666209308 0.005471485118 0.005471485118 0.005471485118 0.005553018606 0.005553018606 0.005553018606 NaN NaN 0.004565072369 0.004565072369 0.004565072369 NaN NaN 0.014280757669 0.014280757669 0.014280757669 NaN NaN 0.005370651327 0.005370651327 0.005370651327 NaN 0.003040005389 0.003040005389"
General-1-20251226-16:35:52-143609,vector,AdhocNetwork1.host[7].rl,rlReward,,,"1 2 3 4 5 6 7 8 9 10 11 12 13 14 15 16 17 18 19 20 21 22 23 24 25 26 27 28 29 30 31 32 33 34 35 36 37 38 39 40 41 42 43 44 45 46 47 48 49 50","0.33333333333333 0 0.11778802260717 0.10770267331227 0.021348854957488 0.10814143613707 0.071604237376072 0.11903121896561 0.11668241156597 0.063255276204914 0.072562894390963 0.086974104756079 0.10040976916347 0.091150695144752 0.1268478483493 0.090142386701107 0.06985480047084 0.1095471765228 0.059156691546723 0.11403536400501 0.086937246746272 0.035544282100549 0.064646922710866 0.3845051269255 0.087897364436482 0.086944130381869 0.035395732648082 0.048906017951296 0.092803268180518 0.079197418816327 0.035093805594656 0.036587252969576 0.088981147422833 0.054213094710627 0.083255168908364 0.36021709119095 0.32942397245095 0.38556045205066 0.34335986712536 0.36518599349247 0.077765278051856 0.31754755510244 0.36354067493562 0.24759482713984 0.37093035047326 0.37350665323775 0.32719818654142 0.38695468227472 0.37044840240337 0.37910488848908"
General-1-20251226-16:35:52-143609,vector,AdhocNetwork1.host[8].app[1],e2eDelayPeriodicSec,,,"1 2 3 4 5 6 7 8 9 10 11 12 13 14 15 16 17 18 19 20 21 22 23 24 25 26 27 28 29 30 31 32 33 34 35 36 37 38 39 40 41 42 43 44 45 46 47 48 49 50","NaN 0.077526884157 0.077526884157 0.077526884157 NaN NaN NaN NaN 0.007772220614 0.007772220614 0.007772220614 NaN 0.004891595953 0.004891595953 0.004891595953 NaN NaN 0.005677136807 0.005677136807 0.005677136807 NaN 0.005257295042 0.005257295042 0.005257295042 NaN NaN 0.00583552362 0.00583552362 0.00583552362 NaN 0.006731042035 0.006731042035 0.006731042035 NaN NaN 0.00527042942 0.00527042942 0.00527042942 NaN 0.007819030286 0.007819030286 0.007819030286 0.002740772464 0.002740772464 0.002740772464 0.027892893981 0.027892893981 0.027892893981 NaN NaN"
General-1-20251226-16:35:52-143609,vector,AdhocNetwork1.host[8].rl,rlReward,,,"1 2 3 4 5 6 7 8 9 10 11 12 13 14 15 16 17 18 19 20 21 22 23 24 25 26 27 28 29 30 31 32 33 34 35 36 37 38 39 40 41 42 43 44 45 46 47 48 49 50","0.33333333333333 0 0.087366079435123 0.088309624903434 0.022803820784221 0.068686622674037 0.029549926033571 0.11064974975726 0.046776952815009 0.049771861204345 0.071222189296234 0.033027901819032 0.038380212332866 0.069564224896145 0.064234056803484 0.039257224667982 0.069130603820495 0.031178787970573 0.01331127108624 0.048892500430393 0.038233327878634 0 0.37492859740165 0.37741544993358 0.38623928915621 0.37491755527278 0.30599991748686 0.33047238056575 0.37867611019555 0.33345981908966 0.33339859322055 0.3 0.38541614467327 0.3528949532443 0.3967774681382 0.34407203799721 0.73845110215376 0.41080560175414 -0.61940728319645 -0.60844336380652 -0.6081913075492 0.36683178983628 0.37788290631916 0.40255164737744 0.39376262837027 0.38510016312999 0.34911400402717 0.38590486642522 0.39110571262916 0.39934035926908"
General-1-20251226-16:35:52-143609,vector,AdhocNetwork1.host[9].app[1],e2eDelayPeriodicSec,,,"1 2 3 4 5 6 7 8 9 10 11 12 13 14 15 16 17 18 19 20 21 22 23 24 25 26 27 28 29 30 31 32 33 34 35 36 37 38 39 40 41 42 43 44 45 46 47 48 49 50","NaN 0.00803886629 0.00803886629 0.00803886629 NaN 0.00414825892 0.00414825892 0.00414825892 0.008385728946 0.008385728946 0.008385728946 NaN 0.004634617643 0.004634617643 0.004634617643 NaN 0.004770443395 0.004770443395 0.004770443395 NaN NaN 0.005189230196 0.005189230196 0.005189230196 NaN NaN 0.006181269602 0.006181269602 0.006181269602 NaN 0.005098880282 0.005098880282 0.005098880282 NaN 0.00497173507 0.00497173507 0.00497173507 NaN 0.003497003972 0.003497003972 0.003497003972 0.003280053662 0.003280053662 0.003280053662 NaN NaN 0.003278987594 0.003278987594 0.003278987594 NaN"
General-1-20251226-16:35:52-143609,vector,AdhocNetwork1.host[9].rl,rlReward,,,"1 2 3 4 5 6 7 8 9 10 11 12 13 14 15 16 17 18 19 20 21 22 23 24 25 26 27 28 29 30 31 32 33 34 35 36 37 38 39 40 41 42 43 44 45 46 47 48 49 50","0.33333333333333 0 0.069414050384065 0.072352594466431 0.1 0.14219792234758 0.11129839961184 0.155324115468 0.12845070783012 0.13024512772577 0.13631279435265 0.1116825785345 0.12404342929517 0.4035782137442 0.14352199876639 0.11863617747032 0.1165290322791 0.118346405151 0.4095087594313 0.13192257854398 0.11826863304532 0.069845549628757 0.12396795633768 0.1002378701181 0.13186166902787 0.1251607506435 0.046129874490942 0.10150339007122 0.12789857157216 0.10268418060648 0.094246250387804 0.07039237579723 0.11808696968018 0.11421384826607 0.12149854838318 0.094702593346148 0.060188125768382 0.40854775759936 0.086116829405109 0.10109019979126 0.38067478866583 0.32595694746606 0.38869716762398 0.41262951989734 0.39671664932256 0.38536798595722 0.35346052067747 0.39626899394827 0.39312463351728 0.27860780401697"
General-1-20251226-16:35:52-143609,vector,AdhocNetwork1.host[10].app[1],e2eDelayPeriodicSec,,,"1 2 3 4 5 6 7 8 9 10 11 12 13 14 15 16 17 18 19 20 21 22 23 24 25 26 27 28 29 30 31 32 33 34 35 36 37 38 39 40 41 42 43 44 45 46 47 48 49 50","NaN NaN NaN NaN 0.07829357593 0.07829357593 0.07829357593 NaN NaN NaN NaN NaN NaN NaN NaN NaN NaN 0.005232038004 0.005232038004 0.005232038004 NaN NaN 0.007055561958 0.007055561958 0.007055561958 NaN 0.006822253657 0.006822253657 0.006822253657 NaN 0.005414612811 0.005414612811 0.005414612811 0.005008846283 0.005008846283 0.005008846283 NaN NaN NaN NaN 0.009405374443 0.009405374443 0.009405374443 NaN 0.004908318058 0.004908318058 0.004908318058 NaN NaN NaN"
General-1-20251226-16:35:52-143609,vector,AdhocNetwork1.host[10].rl,rlReward,,,"1 2 3 4 5 6 7 8 9 10 11 12 13 14 15 16 17 18 19 20 21 22 23 24 25 26 27 28 29 30 31 32 33 34 35 36 37 38 39 40 41 42 43 44 45 46 47 48 49 50","0.33333333333333 0 0.12508329351948 0.78566332945257 -0.66666666666667 -0.51350214565884 -0.52914703391756 -0.5031389175998 -0.50731039972563 -0.59252220505257 -0.5107041608719 0.30536750602905 0.28165159730059 0.34051340824416 0.32419874664708 0.4282756370986 0.13136304328174 0.14868054545214 0.28681993213045 0.3338369952997 0.32539711595881 0.66780249737405 0.29073692006028 0.3157982678162 0.33429869214903 0.29395363051887 0.21162565128431 0.28660661696922 0.29398482703438 0.28913112546033 0.23775623535404 0.22793430966786 0.30018600480546 0.2645070398648 0.30169478810743 0.2865534470622 0.26637961218065 0.30217560093081 0.26919222336496 -0.28397760478947 -0.31080374388497 0.26577410627164 0.30332709390636 0.33799660081213 0.34199749078827 0.31525791109905 0.28959890299802 0.34314422041073 0.44719698452036 0.33232357949187"
General-1-20251226-16:35:52-143609,vector,AdhocNetwork1.host[11].app[1],e2eDelayPeriodicSec,,,"1 2 3 4 5 6 7 8 9 10 11 12 13 14 15 16 17 18 19 20 21 22 23 24 25 26 27 28 29 30 31 32 33 34 35 36 37 38 39 40 41 42 43 44 45 46 47 48 49 50","NaN NaN NaN NaN 0.130938995735 0.130938995735 0.130938995735 NaN 0.007388818689 0.007388818689 0.007388818689 0.011341922276 0.011341922276 0.011341922276 NaN NaN 0.006934942593 0.006934942593 0.006934942593 0.007608358677 0.007608358677 0.007608358677 NaN NaN 0.008470215125 0.008470215125 0.008470215125 0.004579689978 0.004579689978 0.004579689978 NaN 0.004500046805 0.004500046805 0.004500046805 NaN NaN 0.004558261412 0.004558261412 0.004558261412 NaN 0.008348589909 0.008348589909 0.008348589909 0.005183787021 0.005183787021 0.005183787021 NaN NaN 0.005330165892 0.005330165892"
General-1-20251226-16:35:52-143609,vector,AdhocNetwork1.host[11].rl,rlReward,,,"1 2 3 4 5 6 7 8 9 10 11 12 13 14 15 16 17 18 19 20 21 22 23 24 25 26 27 28 29 30 31 32 33 34 35 36 37 38 39 40 41 42 43 44 45 46 47 48 49 50","0.33333333333333 0 0.034263443936476 -0.14187799214718 0.3 0.089128376046958 0.32750055782059 0.37778197976296 0.361571875644 0.35026612000038 0.087380327509299 0.3394991474861 0.35148944210351 0.06178330111008 0.3859691922991 -0.098682827538972 0.36163981603929 0.35384839579988 0.36806492334334 0.38628158816175 0.36455256295021 0.32671845327904 0.38418141191905 0.36944980138446 0.38340128238902 0.36630716313789 0.31800824967321 0.35939699301575 0.3560322912876 0.35454122982204 0.32302004680449 0.31597044087407 0.32550291554193 0.35659366173912 0.36481971879671 0.31854498340645 0.3 -0.64344974828904 -0.66684389347695 -0.6515560333534 -0.66849882817467 0.3 0.3618213686117 0.3794444011732 0.35063695519223 -0.12476301269448 0.3 0.35998663126969 -0.14883821711402 0.34254095389074"
General-1-20251226-16:35:52-143609,vector,AdhocNetwork1.host[12].app[1],e2eDelayPeriodicSec,,,"1 2 3 4 5 6 7 8 9 10 11 12 13 14 15 16 17 18 19 20 21 22 23 24 25 26 27 28 29 30 31 32 33 34 35 36 37 38 39 40 41 42 43 44 45 46 47 48 49 50","NaN NaN NaN NaN NaN NaN NaN NaN NaN NaN 0.077169455325 0.077169455325 0.077169455325 NaN 0.008924220696 0.008924220696 0.008924220696 NaN 0.007649256297 0.007649256297 0.007649256297 0.008860795754 0.008860795754 0.008860795754 NaN NaN 0.041205612019 0.041205612019 0.041205612019 0.00698340585 0.00698340585 0.00698340585 0.008842538057 0.008842538057 0.008842538057 NaN 0.009138288585 0.009138288585 0.009138288585 NaN 0.065795139694 0.065795139694 0.065795139694 NaN NaN NaN NaN 0.005191925771 0.005191925771 0.005191925771"
General-1-20251226-16:35:52-143609,vector,AdhocNetwork1.host[12].rl,rlReward,,,"1 2 3 4 5 6 7 8 9 10 11 12 13 14 15 16 17 18 19 20 21 22 23 24 25 26 27 28 29 30 31 32 33 34 35 36 37 38 39 40 41 42 43 44 45 46 47 48 49 50","0.33333333333333 -0.2 0.022745850357729 0.038937122255291 0.030279407053944 0.033681822469381 0.0037328841213987 0.024663437433147 0.031290019901054 0.036103564937658 0 0.013802054362636 0.038093119103267 0.053326381648969 0.046825826536063 0.31279611588732 0.0188581152852 0.33254358501646 0.32925146403915 0.33126123914409 0.332682548505 0.3 0.32571657109458 0.34445252998036 0.19294283395789 0.33203888417753 0.3 0.37026817255438 -0.10275057164585 0.34415839269146 0.36455617173752 0.3189838525799 0.35146062356692 0.35624869931865 0.36296865408451 0.35409853485631 0.30333209864095 0.36804690434647 0.76409279301565 0.35496863314224 0.35102869939682 0.32219893903715 0.36329966506148 -0.62762727418299 -0.6250591932449 -0.63462277968112 -0.66993061727229 -0.63017985060704 -0.64378625018869 -0.62920684325021"
General-1-20251226-16:35:52-143609,vector,AdhocNetwork1.host[13].app[1],e2eDelayPeriodicSec,,,"1 2 3 4 5 6 7 8 9 10 11 12 13 14 15 16 17 18 19 20 21 22 23 24 25 26 27 28 29 30 31 32 33 34 35 36 37 38 39 40 41 42 43 44 45 46 47 48 49 50","NaN NaN NaN NaN 0.081947425487 0.081947425487 0.081947425487 0.004951830113 0.004951830113 0.004951830113 NaN 0.022494665383 0.022494665383 0.022494665383 NaN 0.01100045454 0.01100045454 0.01100045454 0.00437033454 0.00437033454 0.00437033454 NaN 0.053869144203 0.053869144203 0.053869144203 NaN 0.016741951706 0.016741951706 0.016741951706 0.005010929642 0.005010929642 0.005010929642 NaN 0.006207495206 0.006207495206 0.006207495206 NaN NaN 0.072595208172 0.072595208172 0.072595208172 NaN 0.005391311173 0.005391311173 0.005391311173 NaN 0.004946222828 0.004946222828 0.004946222828 NaN"
General-1-20251226-16:35:52-143609,vector,AdhocNetwork1.host[13].rl,rlReward,,,"1 2 3 4 5 6 7 8 9 10 11 12 13 14 15 16 17 18 19 20 21 22 23 24 25 26 27 28 29 30 31 32 33 34 35 36 37 38 39 40 41 42 43 44 45 46 47 48 49 50","0.33333333333333 0 0.087873001070502 0.7410367666632 0 0.11221761006664 0.064935857222426 0.10429083545596 0.076778716350332 0.08779544547719 0 0.086735507487776 0.071166929708545 0.093015638522043 0.12395095221908 0.055190961240207 0.075062382957796 0.10288256361005 0.11202825694603 0.094940487103699 0.090821504557573 0.0030858794001123 0.039966187837602 0.09202697940856 0.10030750774644 0.09232767650146 0.010656302024717 0.059209598460508 0.093604879665529 0.052916119338491 0.030545790054096 0.032971169621969 0.06895560486106 0.044840101999468 0.099416885977604 0.75975840905436 -0.66666666666667 -0.5682676055534 -0.61094204335729 -0.60831729868977 -0.61073834177025 0.042985402785503 0.068557743468182 0.10105069953633 0.1038952535178 0.083618196702872 0.10919928219612 0.087803922967821 0.38367336102075 0.38626178462194"
General-1-20251226-16:35:52-143609,vector,AdhocNetwork1.host[14].app[1],e2eDelayPeriodicSec,,,"1 2 3 4 5 6 7 8 9 10 11 12 13 14 15 16 17 18 19 20 21 22 23 24 25 26 27 28 29 30 31 32 33 34 35 36 37 38 39 40 41 42 43 44 45 46 47 48 49 50","NaN 0.005516689811 0.005516689811 0.005516689811 NaN 0.002057689578 0.002057689578 0.002057689578 0.003513042606 0.003513042606 0.003513042606 0.003117212665 0.003117212665 0.003117212665 NaN NaN 0.002556898007 0.002556898007 0.002556898007 NaN NaN 0.002986379222 0.002986379222 0.002986379222 0.002316442852 0.002316442852 0.002316442852 0.003076302764 0.003076302764 0.003076302764 0.002756178988 0.002756178988 0.002756178988 NaN 0.002650908764 0.002650908764 0.002650908764 NaN 0.004015091658 0.004015091658 0.004015091658 NaN 0.002515962286 0.002515962286 0.002515962286 NaN 0.004349251178 0.004349251178 0.004349251178 0.002956018636"
General-1-20251226-16:35:52-143609,vector,AdhocNetwork1.host[14].rl,rlReward,,,"1 2 3 4 5 6 7 8 9 10 11 12 13 14 15 16 17 18 19 20 21 22 23 24 25 26 27 28 29 30 31 32 33 34 35 36 37 38 39 40 41 42 43 44 45 46 47 48 49 50","0.33333333333333 0 0.061917081733549 0.074232446224327 0.014654022697885 0.06500978137142 0 0.081872285169332 0.067037249469223 0.038007334834837 0.083923567499867 0.018442159978089 0.046032538989949 0.038400795332868 0.068031965022542 0.056694337562835 0.046167995339641 0.040810093197334 0.36029690708616 0.36438558916624 0.3403913606716 0.30121534519711 0.35583550532288 0.34602838797943 0.36225593099542 0.34087975927038 0 0.35377900908858 0.35439735217165 -0.67038145721063 -0.6741459790185 0.3 0.35047441078713 0.36403979756925 0.36449908839546 0.3060074445598 0.3 0.16426788838663 0.3278041145293 0.3551681890688 0.34463014415945 0.3 0.3276641613418 0.36818079042108 0.34640128973325 0.33226953809583 0.3 0.37909302214873 0.38520689300254 0.37323913888338"
General-1-20251226-16:35:52-143609,vector,AdhocNetwork1.host[15].app[1],e2eDelayPeriodicSec,,,"1 2 3 4 5 6 7 8 9 10 11 12 13 14 15 16 17 18 19 20 21 22 23 24 25 26 27 28 29 30 31 32 33 34 35 36 37 38 39 40 41 42 43 44 45 46 47 48 49 50","NaN NaN NaN NaN NaN NaN NaN NaN NaN NaN NaN NaN NaN NaN NaN NaN NaN NaN NaN NaN NaN NaN 0.026565711904 0.026565711904 0.026565711904 NaN 0.003319960516 0.003319960516 0.003319960516 NaN 0.002818515707 0.002818515707 0.002818515707 NaN 0.001936965674 0.001936965674 0.001936965674 NaN 0.002835258938 0.002835258938 0.002835258938 0.002873894377 0.002873894377 0.002873894377 NaN 0.002865909112 0.002865909112 0.002865909112 NaN 0.003073376211"
General-1-20251226-16:35:52-143609,vector,AdhocNetwork1.host[15].rl,rlReward,,,"1 2 3 4 5 6 7 8 9 10 11 12 13 14 15 16 17 18 19 20 21 22 23 24 25 26 27 28 29 30 31 32 33 34 35 36 37 38 39 40 41 42 43 44 45 46 47 48 49 50","0.33333333333333 0.1 0.066984290685086 0.076372109569413 0.30256463610426 0.05850951184117 0.027645922838727 0.080380843343226 0.034452440256783 0.11078248477983 0.054083297977404 0.012164757125424 0.023132554824382 0.06005102558854 0.059147287321432 0.032246113599709 0.020158177421278 0.020670514537839 0.034781759099026 0.054561615304793 0.32517651214778 0.3 0.049141575049481 0.15578840098801 0.37020330551767 0.35461522783478 0.3 0.36244112729641 0.38683120291264 0.3477701934001 0.34242326951368 -0.160304843031 0.36323538759913 0.36684514000634 0.38230849965231 0.34500033613751 0.32644206941922 0.38063868421843 0.19275270465864 0.3546240697078 0.67631585859774 0.32751855358794 0.33875876474601 0.39036033996928 0.37159906282397 0.35860277789063 -0.19082379106779 0.3636096377799 0.37103351717694 0.38442471360153"
General-1-20251226-16:35:52-143609,vector,AdhocNetwork1.host[16].app[1],e2eDelayPeriodicSec,,,"1 2 3 4 5 6 7 8 9 10 11 12 13 14 15 16 17 18 19 20 21 22 23 24 25 26 27 28 29 30 31 32 33 34 35 36 37 38 39 40 41 42 43 44 45 46 47 48 49 50","NaN NaN NaN NaN 0.078632701448 0.078632701448 0.078632701448 NaN 0.005102506984 0.005102506984 0.005102506984 NaN NaN 0.005329690126 0.005329690126 0.005329690126 NaN 0.004836119844 0.004836119844 0.004836119844 NaN NaN 0.005490158022 0.005490158022 0.005490158022 NaN NaN NaN NaN NaN NaN NaN NaN NaN NaN 0.007302879282 0.007302879282 0.007302879282 NaN NaN NaN NaN 0.005070095625 0.005070095625 0.005070095625 NaN 0.038472847688 0.038472847688 0.038472847688 0.005263131409"
General-1-20251226-16:35:52-143609,vector,AdhocNetwork1.host[16].rl,rlReward,,,"1 2 3 4 5 6 7 8 9 10 11 12 13 14 15 16 17 18 19 20 21 22 23 24 25 26 27 28 29 30 31 32 33 34 35 36 37 38 39 40 41 42 43 44 45 46 47 48 49 50","0.33333333333333 0 0.048480934549077 0.71666216898212 0.012776584552067 0.039555293302263 0 0.039159477796464 0.046718870212913 0.025053926357365 0.01956400546067 0.0063552599771414 0.031266012050236 0.023500511598366 0.053048432241438 0.022786213522149 0 0.04495492833379 0 0.046421917514973 0.04465035128077 0 0.041316192137697 0.072015901843111 0.054633658846322 0.054128449239541 0.0087264957138243 0.033800306383313 0.058846830356308 0.045065232831395 0.033272928624356 0.011780520163916 0.055830390504881 0.051374354742542 0.055923999839471 0.028495143042537 0 0.055042673202386 0.04825322928885 -0.64944349417887 -0.62306993935466 0.3034598950981 0.71024337007892 0.32866835257994 0.33872046900762 0.31658456790785 0.3 0.37339585417856 0.36617567108458 0.36211146433272"
General-1-20251226-16:35:52-143609,vector,AdhocNetwork1.host[17].app[1],e2eDelayPeriodicSec,,,"1 2 3 4 5 6 7 8 9 10 11 12 13 14 15 16 17 18 19 20 21 22 23 24 25 26 27 28 29 30 31 32 33 34 35 36 37 38 39 40 41 42 43 44 45 46 47 48 49 50","NaN 0.004814167767 0.004814167767 0.004814167767 0.005020758961 0.005020758961 0.005020758961 0.002355503658 0.002355503658 0.002355503658 0.00354630961 0.00354630961 0.00354630961 NaN NaN 0.002177205069 0.002177205069 0.002177205069 NaN 0.00291814016 0.00291814016 0.00291814016 NaN 0.002699246466 0.002699246466 0.002699246466 NaN 0.002720265154 0.002720265154 0.002720265154 NaN 0.005045398944 0.005045398944 0.005045398944 NaN NaN NaN NaN NaN NaN NaN NaN NaN NaN NaN NaN NaN NaN NaN NaN"
General-1-20251226-16:35:52-143609,vector,AdhocNetwork1.host[17].rl,rlReward,,,"1 2 3 4 5 6 7 8 9 10 11 12 13 14 15 16 17 18 19 20 21 22 23 24 25 26 27 28 29 30 31 32 33 34 35 36 37 38 39 40 41 42 43 44 45 46 47 48 49 50","0.33333333333333 0 0.11251237101063 0.77854684425616 0.059313231569105 0.097536869211749 0.067591286631626 0.1041030956306 0.098570301494973 0.060439738846263 0.090361158072525 0.34075709358343 0.32004423749896 0.092941494892759 0.093859160471469 0.34133231632292 0.065933822532543 0.06217409353103 0.037257810657629 0.080166087651516 0.056504057203668 0 0.078355167682269 0.08841053175872 0.07517683104016 0.069688993569051 0 0.13058730827915 0.07499630853679 0.054238929570644 0 0.016422577614354 0.20230862528879 0.029513571565294 0.084187585368809 0.043328178138359 0.0052909402654188 0.074796978297277 -0.60268289848914 -0.6336185175331 -0.64601894890463 0.018761987884635 0.045951261784889 0.069122973255973 -0.1408723456077 0.035754232109611 0 0.096921399383019 0.098015718436494 0.076878694636656"
General-1-20251226-16:35:52-143609,vector,AdhocNetwork1.host[18].app[1],e2eDelayPeriodicSec,,,"1 2 3 4 5 6 7 8 9 10 11 12 13 14 15 16 17 18 19 20 21 22 23 24 25 26 27 28 29 30 31 32 33 34 35 36 37 38 39 40 41 42 43 44 45 46 47 48 49 50","NaN NaN NaN NaN 0.030875033269 0.030875033269 0.030875033269 NaN NaN 0.008908913894 0.008908913894 0.008908913894 NaN 0.00534540937 0.00534540937 0.00534540937 NaN 0.004169700046 0.004169700046 0.004169700046 NaN NaN 0.005708645157 0.005708645157 0.005708645157 NaN NaN 0.011706286851 0.011706286851 0.011706286851 0.004146780006 0.004146780006 0.004146780006 NaN NaN NaN NaN NaN 0.00271916424 0.00271916424 0.00271916424 NaN 0.002618745973 0.002618745973 0.002618745973 NaN NaN 0.002731453222 0.002731453222 0.002731453222"
General-1-20251226-16:35:52-143609,vector,AdhocNetwork1.host[18].rl,rlReward,,,"1 2 3 4 5 6 7 8 9 10 11 12 13 14 15 16 17 18 19 20 21 22 23 24 25 26 27 28 29 30 31 32 33 34 35 36 37 38 39 40 41 42 43 44 45 46 47 48 49 50","0.33333333333333 0 0.065045631479134 0.60273002563925 0.1 0.29090141014185 0.21191464502258 0.28496707142687 0.28862629096877 -0.078900919191905 0.29646520433264 0.23018792079005 0.25647249572196 0.28066128865599 0.27838313074913 0.25071971116375 0.25854157423789 0.27720876945005 0.254876289287 0.27867775121534 0.27238780827913 0.20740071627735 0.25760571580242 0.25226810870199 0.26842217760685 0.28056188000159 0.21125782132171 0.23212531613954 0.26379568833244 0.27116080875862 0.23508243977728 0.17503828681668 0.22785721902699 0.25025077289415 0.27871994145844 0.22985719952326 0.17952094675744 -0.34633697973452 -0.56708102936893 -0.34701779656452 -0.35145074393462 0.046561748151011 0.21924162483316 0.27366402340802 0.24205974819498 0.233903281414 0.20715784609358 0.25629740986304 0.26085120250901 0.280552929823"
General-1-20251226-16:35:52-143609,vector,AdhocNetwork1.host[19].app[1],e2eDelayPeriodicSec,,,"1 2 3 4 5 6 7 8 9 10 11 12 13 14 15 16 17 18 19 20 21 22 23 24 25 26 27 28 29 30 31 32 33 34 35 36 37 38 39 40 41 42 43 44 45 46 47 48 49 50","NaN 0.067997430568 0.067997430568 0.067997430568 0.005072768111 0.005072768111 0.005072768111 NaN 0.004552181289 0.004552181289 0.004552181289 NaN NaN NaN NaN NaN NaN NaN NaN NaN NaN 0.005307824696 0.005307824696 0.005307824696 NaN 0.006650147926 0.006650147926 0.006650147926 NaN 0.004786403842 0.004786403842 0.004786403842 0.004764855845 0.004764855845 0.004764855845 0.005335466972 0.005335466972 0.005335466972 NaN 0.005136234377 0.005136234377 0.005136234377 NaN 0.006826122476 0.006826122476 0.006826122476 NaN NaN NaN NaN"
General-1-20251226-16:35:52-143609,vector,AdhocNetwork1.host[19].rl,rlReward,,,"1 2 3 4 5 6 7 8 9 10 11 12 13 14 15 16 17 18 19 20 21 22 23 24 25 26 27 28 29 30 31 32 33 34 35 36 37 38 39 40 41 42 43 44 45 46 47 48 49 50","0.33333333333333 -0.2 0.10814648307157 0.077521289426337 0.31180648374812 0.24013505561522 0.04201605675209 0.094800471744701 0.074086370347073 -0.12047899437635 0.072163462629891 0.080411069445254 0.033280535621576 0.09733977716525 0.11870828704383 0.071463991764976 0.061671728713373 0.099311749785273 0.084165876298708 0.10097699282101 0.087333596172314 0.024381006695733 0.075989202115059 0.3938626195201 0.087521169492379 0.066790249507019 0.025082125702559 0.057512548292271 0.065377704382438 0.3646331728753 0.35360787995283 0.34137533785298 0.35969465661581 0.35864337658941 0.38428226993439 0.36096828328812 0.30014657583032 0.36269724331525 0.37291138552242 0.34892059934998 0.2017463803552 0.32226609174809 0.33796725654321 0.37763275565623 0.3456004472542 0.34602948069023 0.33396641906336 0.37416704349368 0.055804980563619 0.36846292689565"
General-1-20251226-16:35:52-143609,vector,AdhocNetwork1.host[20].app[1],e2eDelayPeriodicSec,,,"1 2 3 4 5 6 7 8 9 10 11 12 13 14 15 16 17 18 19 20 21 22 23 24 25 26 27 28 29 30 31 32 33 34 35 36 37 38 39 40 41 42 43 44 45 46 47 48 49 50","NaN 0.006958821765 0.006958821765 0.006958821765 NaN 0.004670437202 0.004670437202 0.004670437202 0.005013128276 0.005013128276 0.005013128276 NaN 0.002580677649 0.002580677649 0.002580677649 NaN 0.003346422805 0.003346422805 0.003346422805 NaN NaN 0.002400430977 0.002400430977 0.002400430977 0.002560346842 0.002560346842 0.002560346842 NaN NaN 0.00242024271 0.00242024271 0.00242024271 0.002880175246 0.002880175246 0.002880175246 NaN NaN 0.00278008718 0.00278008718 0.00278008718 NaN 0.00210001297 0.00210001297 0.00210001297 NaN 0.003419954295 0.003419954295 0.003419954295 NaN 0.003418206074"
General-1-20251226-16:35:52-143609,vector,AdhocNetwork1.host[20].rl,rlReward,,,"1 2 3 4 5 6 7 8 9 10 11 12 13 14 15 16 17 18 19 20 21 22 23 24 25 26 27 28 29 30 31 32 33 34 35 36 37 38 39 40 41 42 43 44 45 46 47 48 49 50","0.33333333333333 0 0.11627529484555 0.10537784180523 0.036028904789243 0.086825914437389 0.060787618607872 0.1123819492041 0.10956180314824 0.068823119725125 0.076186715171326 0.082554585205233 0.077528243325799 0.094966363600564 0.10632735995069 0.085063230077887 0.071931056638195 0.098306501550854 0.069822828047939 0.10644641903082 0.096233713742308 0.02683220469614 0.050466004887944 0.091217150161572 0.086595101262557 0.061075122359312 -0.1834224619749 0.33966780833429 0.075758134818749 0.058423403933392 0.027936954055123 0 0.073371389319783 0.029476131596873 0.22218537438275 0.047070359830552 0.0010522135988465 0.34985246294731 0.34953447148958 0.34618718996955 0.33522536339077 0.3 0.0028126154624576 0.36414651203264 0.35314172604141 0.13039278927718 0.30781110625545 0.35368810607492 0.33652686075343 0.35538124830538"
General-1-20251226-16:35:52-143609,vector,AdhocNetwork1.host[21].app[1],e2eDelayPeriodicSec,,,"1 2 3 4 5 6 7 8 9 10 11 12 13 14 15 16 17 18 19 20 21 22 23 24 25 26 27 28 29 30 31 32 33 34 35 36 37 38 39 40 41 42 43 44 45 46 47 48 49 50","NaN NaN NaN NaN 0.042547724594 0.042547724594 0.042547724594 NaN 0.013613516995 0.013613516995 0.013613516995 0.013885324425 0.013885324425 0.013885324425 0.008825642997 0.008825642997 0.008825642997 NaN NaN NaN NaN NaN 0.005067146685 0.005067146685 0.005067146685 0.005757046779 0.005757046779 0.005757046779 NaN 0.005110563101 0.005110563101 0.005110563101 NaN NaN 0.004064022258 0.004064022258 0.004064022258 NaN 0.005411435629 0.005411435629 0.005411435629 NaN 0.004324019205 0.004324019205 0.004324019205 0.005471308613 0.005471308613 0.005471308613 NaN 0.00552882061"
General-1-20251226-16:35:52-143609,vector,AdhocNetwork1.host[21].rl,rlReward,,,"1 2 3 4 5 6 7 8 9 10 11 12 13 14 15 16 17 18 19 20 21 22 23 24 25 26 27 28 29 30 31 32 33 34 35 36 37 38 39 40 41 42 43 44 45 46 47 48 49 50","0.33333333333333 0 0.036075033744272 0.048570248703396 0 0.052282271734662 0.012315664625593 0.055706061115142 0.027354682385733 0.052093927685981 0 0.03655276365636 0.036541010221837 0.053382860699269 0.36861779456162 0.31264699051095 0.14027611595352 0.36325989900957 0.32350536348593 0.36359744916896 0.36259709760939 0.3 0.75318767784448 0.33910381962418 0.36056545801647 0.34501015626351 0.3 0.33911533579162 0.36958287487161 0.33879241473298 0.18683476478114 0.3065985857713 0.37081555677321 0.34835964234972 0.070064959171167 0.33457366594926 0.30079076416297 0.35911410783083 -0.65024636389553 -0.67489267335593 -0.66355822916114 0.30765518696677 0.32488277074221 0.35436750335204 0.75286697728207 0.33825578179819 0.3 0.35327647649965 0.36827610482883 0.36537596453856"
General-1-20251226-16:35:52-143609,vector,AdhocNetwork1.host[22].app[1],e2eDelayPeriodicSec,,,"1 2 3 4 5 6 7 8 9 10 11 12 13 14 15 16 17 18 19 20 21 22 23 24 25 26 27 28 29 30 31 32 33 34 35 36 37 38 39 40 41 42 43 44 45 46 47 48 49 50","NaN 0.017379202538 0.017379202538 0.017379202538 NaN NaN NaN 0.005223075985 0.005223075985 0.005223075985 NaN NaN 0.00541041477 0.00541041477 0.00541041477 NaN 0.006468236749 0.006468236749 0.006468236749 NaN 0.007959750158 0.007959750158 0.007959750158 0.005291205498 0.005291205498 0.005291205498 NaN NaN NaN NaN NaN 0.010081759955 0.010081759955 0.010081759955 0.006991971373 0.006991971373 0.006991971373 NaN 0.037532972051 0.037532972051 0.037532972051 NaN NaN NaN NaN 0.012073331123 0.012073331123 0.012073331123 NaN NaN"
General-1-20251226-16:35:52-143609,vector,AdhocNetwork1.host[22].rl,rlReward,,,"1 2 3 4 5 6 7 8 9 10 11 12 13 14 15 16 17 18 19 20 21 22 23 24 25 26 27 28 29 30 31 32 33 34 35 36 37 38 39 40 41 42 43 44 45 46 47 48 49 50","0.33333333333333 0 0.071212798116622 0.080438382847868 0.077442777889473 -0.59738891271961 -0.60948482847168 -0.59446440205163 -0.64212589766279 -0.58043648962747 -0.63747824876904 0.18304734876567 0.19231486951438 0.22279890153079 0.22074361002236 0.20601914900621 0.17742646204221 0.17149023217985 0.21543581562266 0.080118442072669 0.34934625496906 0.16648302193766 0.21494085534027 0.1999851276052 0.22635624591491 0.21409758047609 0.16627822661332 0.3741006948965 0.36963247193234 0.36570380315412 0.37197819332287 0.018256553926988 0.37648085591613 0.214713383717 -0.38510662316114 -0.54198126315712 -0.444974886698 -0.60155332052147 -0.42860047301646 -0.59832572731688 -0.51435642897936 0.137981748803 0.35535618280191 0.060721702931978 -0.11223336049842 0.35300578442468 0.1 0.36909344404325 0.363677713348 0.34530525809934"
General-1-20251226-16:35:52-143609,vector,AdhocNetwork1.host[23].app[1],e2eDelayPeriodicSec,,,"1 2 3 4 5 6 7 8 9 10 11 12 13 14 15 16 17 18 19 20 21 22 23 24 25 26 27 28 29 30 31 32 33 34 35 36 37 38 39 40 41 42 43 44 45 46 47 48 49 50","NaN NaN NaN NaN NaN NaN NaN NaN NaN NaN 0.015226830864 0.015226830864 0.015226830864 0.010238955327 0.010238955327 0.010238955327 NaN NaN 0.007931017435 0.007931017435 0.007931017435 NaN 0.004947113327 0.004947113327 0.004947113327 NaN NaN 0.01226857568 0.01226857568 0.01226857568 NaN 0.007169017218 0.007169017218 0.007169017218 NaN 0.00674358419 0.00674358419 0.00674358419 0.005746752319 0.005746752319 0.005746752319 0.010507700786 0.010507700786 0.010507700786 NaN NaN 0.014122438413 0.014122438413 0.014122438413 NaN"
General-1-20251226-16:35:52-143609,vector,AdhocNetwork1.host[23].rl,rlReward,,,"1 2 3 4 5 6 7 8 9 10 11 12 13 14 15 16 17 18 19 20 21 22 23 24 25 26 27 28 29 30 31 32 33 34 35 36 37 38 39 40 41 42 43 44 45 46 47 48 49 50","0.33333333333333 0 0.10999746337438 0.095807173947441 0.029178388255811 0.088219353686368 0.060148646738215 0.085299042984846 0.21538126564328 0.36785280728584 0 0.11193912083068 0.11664890401421 0.11939631058322 0.14599800369183 0.12509966337527 0.10013602161855 0.13672308079143 0.11207146698571 0.13127387078909 0.12901755158767 0.069642056786726 0.097653972646842 0.12102704374655 0.13097492858353 0.28063915511291 0.081124495484697 0.097767125915856 0.11210054673196 0.1199786887413 0.1048016875971 0.19796428857604 0.27821262233638 0.2476534253017 0.11496345150647 0.10636890891617 0.21515599254261 0.2799996568124 0.28081933312748 0.26688096081373 0.27071792370985 0.18317776866971 0.22845341066191 0.27394664198629 0.25977225764648 0.25943170073296 0.071093594255186 0.24788585928745 0.2599786250874 0.25343846319676"
General-1-20251226-16:35:52-143609,vector,AdhocNetwork1.host[24].app[1],e2eDelayPeriodicSec,,,"1 2 3 4 5 6 7 8 9 10 11 12 13 14 15 16 17 18 19 20 21 22 23 24 25 26 27 28 29 30 31 32 33 34 35 36 37 38 39 40 41 42 43 44 45 46 47 48 49 50","NaN 0.051035933351 0.051035933351 0.051035933351 NaN 0.00263782156 0.00263782156 0.00263782156 NaN NaN 0.00383018281 0.00383018281 0.00383018281 0.002518451424 0.002518451424 0.002518451424 0.002398745182 0.002398745182 0.002398745182 NaN 0.004535141712 0.004535141712 0.004535141712 NaN NaN 0.002879599156 0.002879599156 0.002879599156 NaN 0.003916199688 0.003916199688 0.003916199688 NaN 0.002660525839 0.002660525839 0.002660525839 NaN NaN NaN NaN NaN 0.006347868282 0.006347868282 0.006347868282 NaN 0.014174800592 0.014174800592 0.014174800592 NaN 0.005151054548"
General-1-20251226-16:35:52-143609,vector,AdhocNetwork1.host[24].rl,rlReward,,,"1 2 3 4 5 6 7 8 9 10 11 12 13 14 15 16 17 18 19 20 21 22 23 24 25 26 27 28 29 30 31 32 33 34 35 36 37 38 39 40 41 42 43 44 45 46 47 48 49 50","0.33333333333333 -0.2 0.091521039216172 0.089339324273618 0.0094141172429707 0.075008613441822 0.032634477394891 0.082836810700391 0.068590504647674 0.069355687534964 0.016799194425848 0.053677582426172 0.064506849538379 0.058808779929196 0.07535430076071 0.032164017289561 0.027699758914625 0.047395968468334 0.016621299003718 0.038866207263442 0.038549538303801 0 0.04528248024034 0.35903640382511 0.38293173365408 0.36357256828779 0.1143300053704 0.35185360774124 0.37733652347768 0.18305727779668 -0.65750422045231 0.3 0.38702822226159 0.054576054394124 0.37680369659927 0.33939078554013 0.10304894295974 0.37127925777616 0.34552151876701 -0.6785286252467 -0.66991209473212 0.30840683308299 0.3681008083655 0.37697559598294 -0.63427069887787 -0.64394014711093 -0.69189774763257 -0.62605774260313 -0.25790796043326 -0.64315382635086"
General-2-20251226-16:35:52-143607,vector,AdhocNetwork1.host[0].app[1],e2eDelayPeriodicSec,,,"1 2 3 4 5 6 7 8 9 10 11 12 13 14 15 16 17 18 19 20 21 22 23 24 25 26 27 28 29 30 31 32 33 34 35 36 37 38 39 40 41 42 43 44 45 46 47 48 49 50","NaN 0.102443308852 0.102443308852 0.102443308852 NaN NaN NaN NaN 0.008664445832 0.008664445832 0.008664445832 NaN 0.006064505273 0.006064505273 0.006064505273 NaN 0.004605489061 0.004605489061 0.004605489061 NaN NaN 0.006254439296 0.006254439296 0.006254439296 NaN 0.006407635819 0.006407635819 0.006407635819 NaN NaN 0.005887047894 0.005887047894 0.005887047894 NaN 0.006522929767 0.006522929767 0.006522929767 0.00491354083 0.00491354083 0.00491354083 NaN NaN 0.006905600062 0.006905600062 0.006905600062 0.002640257726 0.002640257726 0.002640257726 NaN 0.002758785021"
General-2-20251226-16:35:52-143607,vector,AdhocNetwork1.host[0].rl,rlReward,,,"1 2 3 4 5 6 7 8 9 10 11 12 13 14 15 16 17 18 19 20 21 22 23 24 25 26 27 28 29 30 31 32 33 34 35 36 37 38 39 40 41 42 43 44 45 46 47 48 49 50","0.33333333333333 0 0.11658330286596 0.13085984883152 0.072406474461293 0.089459820706536 0.063743163666163 0.089693375533195 0.082735998639067 0.76389755627349 0.056386021892048 0.04099170455695 0.21810490001016 -0.095651929854503 0.099095007199073 0.092060930521207 0.045855732119043 0.21734284114949 0.077338992789769 0.090288160043784 0.072471273851009 0.022758333079706 0.066530773381564 0.085469273153699 0.063893146596048 0.076466674145206 0.042285289019832 0.073530793314659 0.081457010664916 0.086403292349832 0.074941106665877 -0.15745187303451 -0.65062376512429 -0.6132584988485 -0.60020929003463 -0.66610566621468 -0.62996727544323 -0.57228541320406 -0.64129786073657 -0.57450428948434 -0.5761942114332 0.1 0.15865035310081 0.25142864533822 0.20075384587487 0.16347306925732 0.14316721233676 0.3420398929032 0.21229240059337 0.23799173609151"
General-2-20251226-16:35:52-143607,vector,AdhocNetwork1.host[1].app[1],e2eDelayPeriodicSec,,,"1 2 3 4 5 6 7 8 9 10 11 12 13 14 15 16 17 18 19 20 21 22 23 24 25 26 27 28 29 30 31 32 33 34 35 36 37 38 39 40 41 42 43 44 45 46 47 48 49 50","NaN NaN NaN NaN NaN NaN NaN NaN NaN NaN 0.009280839852 0.009280839852 0.009280839852 NaN 0.004950206086 0.004950206086 0.004950206086 NaN 0.004728907881 0.004728907881 0.004728907881 NaN NaN 0.011661227026 0.011661227026 0.011661227026 NaN 0.00304020246 0.00304020246 0.00304020246 0.004192396604 0.004192396604 0.004192396604 NaN NaN 0.004058118249 0.004058118249 0.004058118249 NaN NaN NaN NaN NaN 0.004216930548 0.004216930548 0.004216930548 NaN 0.00510946761 0.00510946761 0.00510946761"
General-2-20251226-16:35:52-143607,vector,AdhocNetwork1.host[1].rl,rlReward,,,"1 2 3 4 5 6 7 8 9 10 11 12 13 14 15 16 17 18 19 20 21 22 23 24 25 26 27 28 29 30 31 32 33 34 35 36 37 38 39 40 41 42 43 44 45 46 47 48 49 50","0.33333333333333 0 0.054940727181886 0.047730158483085 0.034402823175152 0.036244570008811 0 0.054312401888519 0.0564388679618 0.053208019393174 0.012299485570665 0.009936529271359 0.033041854636859 0.056901614574529 0.028824308698277 0.32832323678806 0.30687441909575 0.33433879493203 0.33924760683688 0.32941915946078 0.33770036999153 0.3 0.34192702395385 0.32032362418523 0.33339943578423 0.33105410675172 0.3 0.32486016579309 0.35017455654372 0.35039339905099 0.31922787939501 0.3 0.3429631305816 0.34668132640862 0.35547644007855 0.32851120593171 0.3 0.36661661373404 0.36718013850329 0.21361696734957 0.19284659506457 0.32361979919511 0.36038621748237 0.36362356684507 0.34482686485714 0.36236266266783 0.33264641208132 -0.25086890315604 -0.6433853526674 -0.61976613315933"
General-2-20251226-16:35:52-143607,vector,AdhocNetwork1.host[2].app[1],e2eDelayPeriodicSec,,,"1 2 3 4 5 6 7 8 9 10 11 12 13 14 15 16 17 18 19 20 21 22 23 24 25 26 27 28 29 30 31 32 33 34 35 36 37 38 39 40 41 42 43 44 45 46 47 48 49 50","NaN 0.009397746292 0.009397746292 0.009397746292 0.002277642147 0.002277642147 0.002277642147 NaN 0.002737462931 0.002737462931 0.002737462931 NaN 0.002937596684 0.002937596684 0.002937596684 0.002557690836 0.002557690836 0.002557690836 NaN 0.003635988293 0.003635988293 0.003635988293 NaN 0.002735027493 0.002735027493 0.002735027493 0.002677051828 0.002677051828 0.002677051828 NaN 0.003402210954 0.003402210954 0.003402210954 NaN NaN 0.005412978791 0.005412978791 0.005412978791 NaN 0.002496288297 0.002496288297 0.002496288297 NaN NaN 0.007425530476 0.007425530476 0.007425530476 NaN 0.002455757756 0.002455757756"
General-2-20251226-16:35:52-143607,vector,AdhocNetwork1.host[2].rl,rlReward,,,"1 2 3 4 5 6 7 8 9 10 11 12 13 14 15 16 17 18 19 20 21 22 23 24 25 26 27 28 29 30 31 32 33 34 35 36 37 38 39 40 41 42 43 44 45 46 47 48 49 50","0.33333333333333 0.3 0.089180982068465 0.081285258896651 -0.62897029609859 -0.59981872264736 -0.67452654681102 -0.61170383557709 -0.61698487522457 -0.44133810005352 -0.51902419304054 0.3 0.3461902921544 0.36892614248099 0.36953363051988 0.36006467359676 0.3 0.34772321954534 0.35522326713943 0.35947577045798 -0.16973947289557 0.31195012329905 0.050236523819861 -0.17119881843339 0.34714228931631 0.35237185374429 0.3 0.34976063846704 0.37799254294185 0.36324436814773 0.33090016637865 0.33441337136907 0.3663801511154 0.37161398375362 0.37492776838786 0.33979178260359 0.3333818778957 0.37620623606685 0.35575571183689 0.37392672930423 0.35717442195186 0.3187278451869 0.34822898700483 0.38096566415277 0.31969669694257 0.35776655722283 0.33037741529951 0.35367226193624 0.37109217047267 0.37857501556982"
General-2-20251226-16:35:52-143607,vector,AdhocNetwork1.host[3].app[1],e2eDelayPeriodicSec,,,"1 2 3 4 5 6 7 8 9 10 11 12 13 14 15 16 17 18 19 20 21 22 23 24 25 26 27 28 29 30 31 32 33 34 35 36 37 38 39 40 41 42 43 44 45 46 47 48 49 50","NaN NaN NaN NaN 0.008258345583 0.008258345583 0.008258345583 NaN 0.032402924702 0.032402924702 0.032402924702 NaN 0.005296724518 0.005296724518 0.005296724518 0.005050082967 0.005050082967 0.005050082967 NaN NaN 0.00551642798 0.00551642798 0.00551642798 NaN 0.005985477941 0.005985477941 0.005985477941 NaN 0.003658153424 0.003658153424 0.003658153424 0.003296782354 0.003296782354 0.003296782354 NaN NaN 0.003255019102 0.003255019102 0.003255019102 NaN 0.002193375733 0.002193375733 0.002193375733 0.003272521227 0.003272521227 0.003272521227 NaN NaN 0.002953839945 0.002953839945"
General-2-20251226-16:35:52-143607,vector,AdhocNetwork1.host[3].rl,rlReward,,,"1 2 3 4 5 6 7 8 9 10 11 12 13 14 15 16 17 18 19 20 21 22 23 24 25 26 27 28 29 30 31 32 33 34 35 36 37 38 39 40 41 42 43 44 45 46 47 48 49 50","0.33333333333333 0 0.06523573214343 0.076560793792953 -0.14800563583599 0.048127204502171 0.011470543821794 0.06289479483307 0.026472924217128 0.05310401846735 0.057979366174949 0.0061105736149765 0.030076352741632 0.2032846324108 0.047149299378855 0.034654189129207 0.0074614562530883 0.17089817809578 0.18833433906964 0.19339619253976 0.17882601823685 0.1 0.18560716904903 0.17921889016733 0.14378188272891 0.10987120130242 0.1 0.12682451508159 0.14682384706506 0.1663544325157 0.11601223475742 0.1 0.14583583045717 0.18496521546921 0.20912590986906 0.12637313711469 0.10121802173443 0.19647464807619 0.18361691941692 0.19496230783388 0.18384237600011 0.1 0.18552792327438 0.21407787641579 0.13831632626168 0.14352482084351 0.32300206085261 0.15844857507821 0.18804247781341 0.19516624520811"
General-2-20251226-16:35:52-143607,vector,AdhocNetwork1.host[4].app[1],e2eDelayPeriodicSec,,,"1 2 3 4 5 6 7 8 9 10 11 12 13 14 15 16 17 18 19 20 21 22 23 24 25 26 27 28 29 30 31 32 33 34 35 36 37 38 39 40 41 42 43 44 45 46 47 48 49 50","NaN 0.045347768361 0.045347768361 0.045347768361 NaN 0.004730563888 0.004730563888 0.004730563888 NaN 0.004690608739 0.004690608739 0.004690608739 0.004971681341 0.004971681341 0.004971681341 NaN NaN NaN NaN NaN NaN NaN NaN NaN NaN 0.007960915999 0.007960915999 0.007960915999 NaN 0.00461278998 0.00461278998 0.00461278998 0.005213711421 0.005213711421 0.005213711421 NaN 0.013571608622 0.013571608622 0.013571608622 NaN NaN NaN 0.008144235188 0.008144235188 0.008144235188 NaN NaN 0.010717696212 0.010717696212 0.010717696212"
General-2-20251226-16:35:52-143607,vector,AdhocNetwork1.host[4].rl,rlReward,,,"1 2 3 4 5 6 7 8 9 10 11 12 13 14 15 16 17 18 19 20 21 22 23 24 25 26 27 28 29 30 31 32 33 34 35 36 37 38 39 40 41 42 43 44 45 46 47 48 49 50","0.33333333333333 0 0.14913933311654 0.15801876042059 0.10716029973138 0.12193960260123 0.093768838556397 0.15037365022137 0.14649603616686 0.14450009204074 0.10882128423745 0.11205332727495 0.13271470035896 0.31184372070317 0.14408178613795 0.13931925381944 0.11410291094316 0.1340810321335 0.14622857819932 0.15434020050734 0.12429183616712 0.10876246295626 0.15051703503726 -0.036013354636574 -0.035300352144402 0.13578702673809 0.07969363027408 0.12432852657946 0.14677652105123 0.42126265345679 0.11033896064952 0.089134330665705 0.125694283579 0.13163165748912 0.43158848796219 0.11068703643896 0.11426021635189 0.13464480220661 0.1317781029013 0.15488833225682 0.13242498186923 0.11365843458167 0.15280742556081 0.149469742148 0.14323303316985 0.15433989903297 0.13058018915074 -0.5410629514297 -0.53269220181986 -0.49969169414682"
General-2-20251226-16:35:52-143607,vector,AdhocNetwork1.host[5].app[1],e2eDelayPeriodicSec,,,"1 2 3 4 5 6 7 8 9 10 11 12 13 14 15 16 17 18 19 20 21 22 23 24 25 26 27 28 29 30 31 32 33 34 35 36 37 38 39 40 41 42 43 44 45 46 47 48 49 50","NaN NaN NaN NaN 0.01997294275 0.01997294275 0.01997294275 NaN 0.005443226919 0.005443226919 0.005443226919 0.005702330874 0.005702330874 0.005702330874 NaN NaN NaN 0.005262758249 0.005262758249 0.005262758249 NaN NaN 0.005294999324 0.005294999324 0.005294999324 NaN NaN 0.005388618603 0.005388618603 0.005388618603 NaN 0.00398407299 0.00398407299 0.00398407299 0.004968900488 0.004968900488 0.004968900488 NaN NaN NaN NaN NaN NaN NaN 0.008259978575 0.008259978575 0.008259978575 NaN 0.025346634017 0.025346634017"
General-2-20251226-16:35:52-143607,vector,AdhocNetwork1.host[5].rl,rlReward,,,"1 2 3 4 5 6 7 8 9 10 11 12 13 14 15 16 17 18 19 20 21 22 23 24 25 26 27 28 29 30 31 32 33 34 35 36 37 38 39 40 41 42 43 44 45 46 47 48 49 50","0.33333333333333 0 0.39869343551546 0.12343511345117 0.053901406134866 0.084593108790403 0.040668295333281 0.081225016728794 0.060615121838065 0.10783465999258 0.080011868707111 0.028838867468774 0.082736506609411 0.092550646552393 0.068421095291822 0.084367024183084 0.048597439282443 0.050708822696698 0.06685681266068 0.088089552977691 0.33650421448673 0.3 0.37542155188418 0.36260592611026 -0.085494192596166 0.37783622480921 -0.16435826150788 0.37944492788815 0.20800350359915 0.37143073092591 0.37116297837873 0.34934938454911 0.34617086161997 0.3741460420366 0.38463709823718 0.32510685314773 0.34528605342393 0.37766316150863 0.34726016652953 0.39927914001136 0.38143641744076 0.32580549166585 0.37682863138926 0.4029993288722 0.3401737142003 0.38808847216946 0.35879381528642 0.062584212176795 0.36361241116049 0.40663140271704"
General-2-20251226-16:35:52-143607,vector,AdhocNetwork1.host[6].app[1],e2eDelayPeriodicSec,,,"1 2 3 4 5 6 7 8 9 10 11 12 13 14 15 16 17 18 19 20 21 22 23 24 25 26 27 28 29 30 31 32 33 34 35 36 37 38 39 40 41 42 43 44 45 46 47 48 49 50","NaN NaN NaN NaN 0.027031337875 0.027031337875 0.027031337875 NaN 0.005140850168 0.005140850168 0.005140850168 0.002698665742 0.002698665742 0.002698665742 NaN NaN 0.002877577433 0.002877577433 0.002877577433 NaN 0.002406071329 0.002406071329 0.002406071329 NaN 0.003336054437 0.003336054437 0.003336054437 NaN NaN 0.003067727718 0.003067727718 0.003067727718 NaN 0.002755821187 0.002755821187 0.002755821187 NaN 0.002936325557 0.002936325557 0.002936325557 0.004724828758 0.004724828758 0.004724828758 NaN NaN 0.005348956614 0.005348956614 0.005348956614 0.002499924015 0.002499924015"
General-2-20251226-16:35:52-143607,vector,AdhocNetwork1.host[6].rl,rlReward,,,"1 2 3 4 5 6 7 8 9 10 11 12 13 14 15 16 17 18 19 20 21 22 23 24 25 26 27 28 29 30 31 32 33 34 35 36 37 38 39 40 41 42 43 44 45 46 47 48 49 50","0.33333333333333 0 0.1127141786094 0.77810533819209 0.033270257789635 0.091017483618462 0 -0.10627761169834 0.072901940394583 0.075962119481123 -0.14122843862571 0.0088550554237436 0.020765556452964 0.082191454815943 0.059921545697212 0.043975321892936 0.030273059723974 0.06235142529718 0.066053736551398 0.073236840217742 0.079358544896682 0.022294849949754 0.087487392306065 0.071170503645506 0.058484409799803 0.071697829109785 0.045089702457962 0.065197583754254 0.095913780658911 0.08117034824346 0.34210604240493 0.0093283398265031 0.083756137900827 0.35512157366006 0.36939347744624 0.36106114237362 0.32753478636708 0.36885814811354 0.36441133853623 0.37055781591786 0.35314257293597 0.32242437932563 0.37528175013668 0.097088947818772 0.066751382000059 0.37402046181641 -0.65586070326584 -0.58193891690777 -0.56605063216081 -0.55919617550624"
General-2-20251226-16:35:52-143607,vector,AdhocNetwork1.host[7].app[1],e2eDelayPeriodicSec,,,"1 2 3 4 5 6 7 8 9 10 11 12 13 14 15 16 17 18 19 20 21 22 23 24 25 26 27 28 29 30 31 32 33 34 35 36 37 38 39 40 41 42 43 44 45 46 47 48 49 50","NaN 0.019346657151 0.019346657151 0.019346657151 0.003157223914 0.003157223914 0.003157223914 0.002756995212 0.002756995212 0.002756995212 NaN NaN 0.002536672369 0.002536672369 0.002536672369 0.002836480857 0.002836480857 0.002836480857 NaN NaN 0.002496197194 0.002496197194 0.002496197194 0.003149776433 0.003149776433 0.003149776433 NaN NaN 0.002455788882 0.002455788882 0.002455788882 NaN NaN 0.002295594773 0.002295594773 0.002295594773 NaN 0.002935445226 0.002935445226 0.002935445226 NaN 0.00271400867 0.00271400867 0.00271400867 0.002955293935 0.002955293935 0.002955293935 NaN 0.0028952543 0.0028952543"
General-2-20251226-16:35:52-143607,vector,AdhocNetwork1.host[7].rl,rlReward,,,"1 2 3 4 5 6 7 8 9 10 11 12 13 14 15 16 17 18 19 20 21 22 23 24 25 26 27 28 29 30 31 32 33 34 35 36 37 38 39 40 41 42 43 44 45 46 47 48 49 50","0.33333333333333 0 0.071264755834088 0.080093224355121 0.064489397350148 0.065843038640599 0.040491945381367 0.055479287061683 0.079143911283823 0.063660097203262 0.055142009693427 0.017236397549799 0.34204794150139 0.064763558583126 0.064263393133323 0.35142554305309 0.30805244109079 0.34770930932402 0.35223744174551 0.35400152240491 0.32185601961581 0.3 0.14425562160327 0.32893623968741 0.32291324819929 0.32414406914471 0.1 0.34058125376426 0.34024361697935 0.31981688741642 0.32539003177616 0.3 0.30554811013424 0.32379211081242 0.34579775894979 0.3 0.31184238298304 0.34794012204388 0.31456669781754 0.34728734739737 0.33470339318661 0.3 0.34192037397214 0.3664919843355 0.15446645022063 0.34511315975172 0.32309338290569 0.3143253065313 0.058371740477826 0.36740122973579"
General-2-20251226-16:35:52-143607,vector,AdhocNetwork1.host[8].app[1],e2eDelayPeriodicSec,,,"1 2 3 4 5 6 7 8 9 10 11 12 13 14 15 16 17 18 19 20 21 22 23 24 25 26 27 28 29 30 31 32 33 34 35 36 37 38 39 40 41 42 43 44 45 46 47 48 49 50","NaN 0.013665351625 0.013665351625 0.013665351625 NaN NaN 0.005336702434 0.005336702434 0.005336702434 NaN 0.004052686649 0.004052686649 0.004052686649 NaN 0.002538257771 0.002538257771 0.002538257771 0.002577092888 0.002577092888 0.002577092888 0.002541190561 0.002541190561 0.002541190561 NaN NaN 0.002314403751 0.002314403751 0.002314403751 0.002293776212 0.002293776212 0.002293776212 0.002934051017 0.002934051017 0.002934051017 NaN NaN 0.003852195642 0.003852195642 0.003852195642 0.00313658616 0.00313658616 0.00313658616 NaN NaN 0.002158184547 0.002158184547 0.002158184547 0.001799338945 0.001799338945 0.001799338945"
General-2-20251226-16:35:52-143607,vector,AdhocNetwork1.host[8].rl,rlReward,,,"1 2 3 4 5 6 7 8 9 10 11 12 13 14 15 16 17 18 19 20 21 22 23 24 25 26 27 28 29 30 31 32 33 34 35 36 37 38 39 40 41 42 43 44 45 46 47 48 49 50","0.33333333333333 -0.2 0.10176831641251 0.10406325776937 -0.59324727656757 -0.58269521435591 -0.63114061704521 -0.62763351873912 -0.38326799321523 -0.59958469039057 -0.53389921770968 0.12362044924594 0.062754628117433 0.36724065272006 0.17743431026077 -0.12891903331308 0.11824335152687 0.041197995524821 0.20092393415872 0.36015973703311 0.11256426539451 0.3 0.30518287016709 0.33804466159964 0.32245734361751 0.34069818197482 0.3 0.35154916428718 0.35694917072605 0.33696531581008 0.33904253673699 0.3 0.30678408267802 0.33817934013673 0.346865108859 0.3 0.31117767068927 0.33119986981378 0.30036434584648 0.36112531447268 0.33423388379861 0.3 0.35073000115385 0.38539278275167 0.33301491670376 0.3579511528494 0.33151198415326 0.3335465037199 0.36797336800051 0.38528863317419"
General-2-20251226-16:35:52-143607,vector,AdhocNetwork1.host[9].app[1],e2eDelayPeriodicSec,,,"1 2 3 4 5 6 7 8 9 10 11 12 13 14 15 16 17 18 19 20 21 22 23 24 25 26 27 28 29 30 31 32 33 34 35 36 37 38 39 40 41 42 43 44 45 46 47 48 49 50","NaN NaN NaN NaN NaN NaN NaN 0.014116290402 0.014116290402 0.014116290402 0.062397003252 0.062397003252 0.062397003252 NaN 0.008787557784 0.008787557784 0.008787557784 0.007361431904 0.007361431904 0.007361431904 NaN NaN 0.006326719196 0.006326719196 0.006326719196 NaN NaN 0.012821548446 0.012821548446 0.012821548446 0.004997754606 0.004997754606 0.004997754606 NaN NaN NaN NaN 0.00443705859 0.00443705859 0.00443705859 NaN NaN 0.00419277062 0.00419277062 0.00419277062 NaN 0.008605427243 0.008605427243 0.008605427243 NaN"
General-2-20251226-16:35:52-143607,vector,AdhocNetwork1.host[9].rl,rlReward,,,"1 2 3 4 5 6 7 8 9 10 11 12 13 14 15 16 17 18 19 20 21 22 23 24 25 26 27 28 29 30 31 32 33 34 35 36 37 38 39 40 41 42 43 44 45 46 47 48 49 50","0.33333333333333 -0.2 0.028207316153482 0.046767005070322 0 0.037250000000065 0.1 0 0.053998288718195 0.068226867131383 0.020580369148489 0 0.050701166951273 0.084876012846911 0.051608281676441 0.065085006261818 0.037075742676844 0.1522806687762 0.13621702298809 0.20200411568144 0.13310702815508 0.018743585062332 -0.14936112752483 0.16849834000309 0.17860897229807 0.11676362039671 0.10144419504034 0.11712706273016 0.11704516434342 0.16849815701372 0.10506283136205 0.1 0.10065368440293 0.16597481578901 0.17459616914506 -0.5 -0.5 -0.47028749250776 -0.40445643392802 -0.44951743330783 -0.45580886616398 0.11357403318918 0.11579052753015 0.14616080103526 0.30449886988728 0.30320862635829 0.3 0.3 0.33329953466935 0.32490488151377"
General-2-20251226-16:35:52-143607,vector,AdhocNetwork1.host[10].app[1],e2eDelayPeriodicSec,,,"1 2 3 4 5 6 7 8 9 10 11 12 13 14 15 16 17 18 19 20 21 22 23 24 25 26 27 28 29 30 31 32 33 34 35 36 37 38 39 40 41 42 43 44 45 46 47 48 49 50","NaN 0.006753866935 0.006753866935 0.006753866935 0.001936191653 0.001936191653 0.001936191653 NaN 0.00229528024 0.00229528024 0.00229528024 NaN 0.003314568711 0.003314568711 0.003314568711 NaN 0.003454106209 0.003454106209 0.003454106209 0.002694089314 0.002694089314 0.002694089314 NaN 0.002494514332 0.002494514332 0.002494514332 NaN 0.002515087676 0.002515087676 0.002515087676 0.002520850602 0.002520850602 0.002520850602 NaN 0.002638938783 0.002638938783 0.002638938783 NaN NaN 0.004558639599 0.004558639599 0.004558639599 NaN 0.003138852011 0.003138852011 0.003138852011 NaN NaN 0.003259991449 0.003259991449"
General-2-20251226-16:35:52-143607,vector,AdhocNetwork1.host[10].rl,rlReward,,,"1 2 3 4 5 6 7 8 9 10 11 12 13 14 15 16 17 18 19 20 21 22 23 24 25 26 27 28 29 30 31 32 33 34 35 36 37 38 39 40 41 42 43 44 45 46 47 48 49 50","0.33333333333333 0 0.12808368870854 0.10989777139198 0.086764683475722 0.10566103165227 0.069232079699283 0.10845698904984 0.10877340061898 0.094687429989935 0.10453645883015 0.068394358068506 0.077065150694469 0.10473007857977 0.1190854618196 0.073864204713049 0.045556476836176 0.057590996291802 0.078448668564113 0.097482552456866 0.041265214306061 0.032802770293548 0.071322040276369 0.042617845746212 0.048486635966311 0.07268666145068 0 0.023768727821609 0.058305712569877 0.063467617776691 0.010227793180633 0 0.053190550013146 0.051863598321511 0.068819531593555 0 0.065541343661173 0.1087727561524 0.052494754222361 0.096691346449333 0.079036963812848 0.025627606734598 0.087900785334029 0.10072739560227 0.064742880427176 0.082463725151138 0.16779593277981 0.15043032540346 0.21673758710192 0.2711698758267"
General-2-20251226-16:35:52-143607,vector,AdhocNetwork1.host[11].app[1],e2eDelayPeriodicSec,,,"1 2 3 4 5 6 7 8 9 10 11 12 13 14 15 16 17 18 19 20 21 22 23 24 25 26 27 28 29 30 31 32 33 34 35 36 37 38 39 40 41 42 43 44 45 46 47 48 49 50","NaN 0.006571913141 0.006571913141 0.006571913141 0.0025750716 0.0025750716 0.0025750716 0.003135548316 0.003135548316 0.003135548316 NaN NaN 0.002276127507 0.002276127507 0.002276127507 NaN 0.002236784929 0.002236784929 0.002236784929 NaN 0.003157290301 0.003157290301 0.003157290301 0.003635611028 0.003635611028 0.003635611028 NaN 0.004476344265 0.004476344265 0.004476344265 NaN 0.003240224827 0.003240224827 0.003240224827 NaN 0.002751372242 0.002751372242 0.002751372242 NaN NaN 0.004459590713 0.004459590713 0.004459590713 NaN NaN 0.004081527118 0.004081527118 0.004081527118 NaN NaN"
General-2-20251226-16:35:52-143607,vector,AdhocNetwork1.host[11].rl,rlReward,,,"1 2 3 4 5 6 7 8 9 10 11 12 13 14 15 16 17 18 19 20 21 22 23 24 25 26 27 28 29 30 31 32 33 34 35 36 37 38 39 40 41 42 43 44 45 46 47 48 49 50","0.33333333333333 -0.2 0.13340872943471 0.12117298762437 -0.58825782537174 -0.55951287878098 0.058702257601288 -0.3643411379697 -0.61025188609492 -0.5437866109955 -0.55978372985108 -0.11880165086114 0.60302443218625 0.27893835400348 0.26952472544239 0.24432652042462 0.20625800271967 -0.084042289831767 0.24351533782212 0.27559107705374 0.23105752633867 0.14593679087073 0.18577994347267 -0.10560854099752 0.2249492145396 0.23294474187633 0.1548258638582 0.17792323161393 0.20860807453769 0.38680699970743 0.35634939606844 0.037544678070367 0.33721805083068 0.37544585617416 0.38803599479477 0.32114259750286 0.32180023614575 0.38639178331843 0.39283255328541 0.055887840314077 -0.34579298471372 0.1927930232689 0.37108572260093 0.39288000261826 0.39359717573999 0.36996687925117 0.16111851330833 0.38045728315619 0.3854165846286 0.3881235299003"
General-2-20251226-16:35:52-143607,vector,AdhocNetwork1.host[12].app[1],e2eDelayPeriodicSec,,,"1 2 3 4 5 6 7 8 9 10 11 12 13 14 15 16 17 18 19 20 21 22 23 24 25 26 27 28 29 30 31 32 33 34 35 36 37 38 39 40 41 42 43 44 45 46 47 48 49 50","NaN 0.069305790182 0.069305790182 0.069305790182 NaN 0.010444849624 0.010444849624 0.010444849624 NaN NaN NaN 0.004991516641 0.004991516641 0.004991516641 0.004550504121 0.004550504121 0.004550504121 NaN 0.005089188497 0.005089188497 0.005089188497 0.005154367418 0.005154367418 0.005154367418 NaN NaN 0.002079410833 0.002079410833 0.002079410833 NaN 0.004100595545 0.004100595545 0.004100595545 NaN 0.002638205107 0.002638205107 0.002638205107 0.002918041922 0.002918041922 0.002918041922 NaN 0.01101307466 0.01101307466 0.01101307466 NaN 0.002523005716 0.002523005716 0.002523005716 NaN 0.003159668133"
General-2-20251226-16:35:52-143607,vector,AdhocNetwork1.host[12].rl,rlReward,,,"1 2 3 4 5 6 7 8 9 10 11 12 13 14 15 16 17 18 19 20 21 22 23 24 25 26 27 28 29 30 31 32 33 34 35 36 37 38 39 40 41 42 43 44 45 46 47 48 49 50","0.33333333333333 0 0.095178094100006 0.1032033837205 0.36838361372588 0.36970408313016 0.32298419459028 0.3857610895804 0.37560877845616 0.34796698804789 0.36812382530343 0.31331783372788 0.34687026651128 0.38419123460705 0.35250390056884 0.34981009332009 0.33728167345764 0.33578299416422 0.37241095314465 0.36323304510088 0.048314121266443 0.32186904888114 0.3602086707147 0.32571247394895 -0.12244661775229 0.18057303780254 0.30402047678553 0.32476965659108 0.36062958369962 0.32735094164343 0.32794075663217 0.3 0.3453910223761 0.36357598837919 0.3349565541408 0.32131119369549 0.31476982839799 0.34563970666247 0.32316395862774 0.073040479413211 0.056847463581493 0.3 0.37635496598212 0.36885467919872 0.34883389877521 0.36894617047686 0.32681737280714 -0.24886498305417 -0.3946652285433 -0.61668859001377"
General-2-20251226-16:35:52-143607,vector,AdhocNetwork1.host[13].app[1],e2eDelayPeriodicSec,,,"1 2 3 4 5 6 7 8 9 10 11 12 13 14 15 16 17 18 19 20 21 22 23 24 25 26 27 28 29 30 31 32 33 34 35 36 37 38 39 40 41 42 43 44 45 46 47 48 49 50","NaN NaN NaN NaN 0.005102693904 0.005102693904 0.005102693904 0.004594444068 0.004594444068 0.004594444068 0.005822509788 0.005822509788 0.005822509788 NaN 0.002599748322 0.002599748322 0.002599748322 0.007192598271 0.007192598271 0.007192598271 NaN 0.003504409095 0.003504409095 0.003504409095 NaN 0.002418438917 0.002418438917 0.002418438917 NaN 0.002998290367 0.002998290367 0.002998290367 NaN 0.004194547491 0.004194547491 0.004194547491 0.002458583074 0.002458583074 0.002458583074 0.002478958122 0.002478958122 0.002478958122 NaN NaN 0.003059695136 0.003059695136 0.003059695136 0.003956508078 0.003956508078 0.003956508078"
General-2-20251226-16:35:52-143607,vector,AdhocNetwork1.host[13].rl,rlReward,,,"1 2 3 4 5 6 7 8 9 10 11 12 13 14 15 16 17 18 19 20 21 22 23 24 25 26 27 28 29 30 31 32 33 34 35 36 37 38 39 40 41 42 43 44 45 46 47 48 49 50","0.33333333333333 0 0.10968195535099 0.10192996114431 0.039803530536987 0.07452175679835 0.02846938492284 0.068140287739796 0.067722738991525 0.077967407272157 -0.13238687680964 0.021982612003025 0.06504216653612 0.37080916367504 0.20387006180831 0.039746237539461 0.00058323392377252 0.072425405257356 0.064130248078391 0.34164386712191 0.34511334877204 0.3 0.3482236412718 0.34279296524085 0.061883060919854 0.33332678054225 0.30328490841769 0.32816143557588 0.3480722031864 0.34170330343952 0.033378747690665 0.3 0.34869361516176 0.36036159122203 0.36439792067628 0.031114063045204 0.31648980340309 0.35699311804507 0.37157031779995 0.38255594614425 0.17461647350854 0.33764284362968 0.3715035669082 0.35668004980106 0.36282295869242 0.36681134042905 0.34398982667516 0.35331062142731 0.3680073321944 0.36430077816753"
General-2-20251226-16:35:52-143607,vector,AdhocNetwork1.host[14].app[1],e2eDelayPeriodicSec,,,"1 2 3 4 5 6 7 8 9 10 11 12 13 14 15 16 17 18 19 20 21 22 23 24 25 26 27 28 29 30 31 32 33 34 35 36 37 38 39 40 41 42 43 44 45 46 47 48 49 50","NaN 0.016563321983 0.016563321983 0.016563321983 0.002477169355 0.002477169355 0.002477169355 NaN 0.003356657813 0.003356657813 0.003356657813 NaN 0.002596732977 0.002596732977 0.002596732977 NaN NaN 0.003421545349 0.003421545349 0.003421545349 NaN 0.004482952068 0.004482952068 0.004482952068 NaN 0.004243550932 0.004243550932 0.004243550932 NaN NaN NaN NaN NaN 0.008019388637 0.008019388637 0.008019388637 0.005732717242 0.005732717242 0.005732717242 NaN NaN NaN NaN 0.006086612407 0.006086612407 0.006086612407 NaN NaN NaN NaN"
General-2-20251226-16:35:52-143607,vector,AdhocNetwork1.host[14].rl,rlReward,,,"1 2 3 4 5 6 7 8 9 10 11 12 13 14 15 16 17 18 19 20 21 22 23 24 25 26 27 28 29 30 31 32 33 34 35 36 37 38 39 40 41 42 43 44 45 46 47 48 49 50","0.33333333333333 0 0.13783435133564 0.31679697568331 -0.59382134847281 -0.55166829702268 -0.36595934628402 -0.29832695514588 -0.58859708423555 -0.45239509911938 0.13031245000414 0.23088343320783 0.12179596468771 0.13114617306305 0.12574012441125 0.28499055292982 0.24922983366303 0.24841610327429 0.2956527300195 0.28744408106157 0.26553392743053 0.19329916424252 -0.48574127139847 -0.33520638646239 -0.32976092750423 -0.34128711249729 -0.38023152400302 -0.33495789072692 -0.30176623957244 -0.54177649962464 -0.35262291258985 0.091481979828222 -0.57781383279655 -0.32293695595751 -0.18043948777702 -0.48205145189157 -0.58499391031353 -0.28688683305165 -0.33447128405432 -0.52650755658422 -0.30393664658018 0.37011372439148 0.407619994824 0.42247745465024 0.40131940509936 0.11494208911805 0.2566935758108 0.40858328230421 0.41928033408229 0.42736601361549"
General-2-20251226-16:35:52-143607,vector,AdhocNetwork1.host[15].app[1],e2eDelayPeriodicSec,,,"1 2 3 4 5 6 7 8 9 10 11 12 13 14 15 16 17 18 19 20 21 22 23 24 25 26 27 28 29 30 31 32 33 34 35 36 37 38 39 40 41 42 43 44 45 46 47 48 49 50","NaN NaN NaN NaN 3.036392129327 3.036392129327 3.036392129327 0.007710704186 0.007710704186 0.007710704186 NaN 0.009444839385 0.009444839385 0.009444839385 NaN 0.009947358186 0.009947358186 0.009947358186 NaN NaN 0.008504319696 0.008504319696 0.008504319696 NaN 0.009085894088 0.009085894088 0.009085894088 NaN 0.035840525317 0.035840525317 0.035840525317 NaN 0.004532319319 0.004532319319 0.004532319319 NaN NaN 0.005056730526 0.005056730526 0.005056730526 NaN 0.004211672698 0.004211672698 0.004211672698 NaN NaN 0.00471644699 0.00471644699 0.00471644699 NaN"
General-2-20251226-16:35:52-143607,vector,AdhocNetwork1.host[15].rl,rlReward,,,"1 2 3 4 5 6 7 8 9 10 11 12 13 14 15 16 17 18 19 20 21 22 23 24 25 26 27 28 29 30 31 32 33 34 35 36 37 38 39 40 41 42 43 44 45 46 47 48 49 50","0.33333333333333 0 0.092309715851065 0.095342210502869 0.18619038597704 0.092821937775849 0.04537410867239 0.077484063566685 0.099876383975655 0.089550685639358 0.087236888034733 0.043353930344264 0.090325938059778 0.095072387343081 0.093054578765865 0.081167926507237 0.027760984153855 0.7390066373515 0.36820713640816 0.37305149052807 0.33141247244074 0.32975850047035 0.35837722417041 0.35096706803631 0.3485132091962 0.34856195056065 0.30717448589018 0.34989875371513 0.33991872699825 0.34223292155329 0.33075029206545 0.31097750762551 0.33640752469442 0.33322193538407 0.34618828292421 0.31507064024352 0.30403719647406 0.34064454398413 0.31168217831036 0.35125498229932 0.33696223955582 0.1 0.3228273894782 0.36055956768534 0.32088185994649 0.33432618814278 0.3 0.31535995472542 0.34455367728438 0.36587544227503"
General-2-20251226-16:35:52-143607,vector,AdhocNetwork1.host[16].app[1],e2eDelayPeriodicSec,,,"1 2 3 4 5 6 7 8 9 10 11 12 13 14 15 16 17 18 19 20 21 22 23 24 25 26 27 28 29 30 31 32 33 34 35 36 37 38 39 40 41 42 43 44 45 46 47 48 49 50","NaN NaN NaN NaN NaN NaN NaN NaN NaN NaN NaN NaN NaN NaN NaN NaN NaN NaN NaN NaN NaN NaN 0.004457459232 0.004457459232 0.004457459232 NaN 0.005321550018 0.005321550018 0.005321550018 NaN NaN 0.007143938715 0.007143938715 0.007143938715 NaN NaN NaN 0.005169785789 0.005169785789 0.005169785789 NaN 0.004939485536 0.004939485536 0.004939485536 0.016616778049 0.016616778049 0.016616778049 NaN 0.005587960186 0.005587960186"
General-2-20251226-16:35:52-143607,vector,AdhocNetwork1.host[16].rl,rlReward,,,"1 2 3 4 5 6 7 8 9 10 11 12 13 14 15 16 17 18 19 20 21 22 23 24 25 26 27 28 29 30 31 32 33 34 35 36 37 38 39 40 41 42 43 44 45 46 47 48 49 50","0.33333333333333 0 0.085183261347187 0.7527620409865 0.030924517315484 -0.60001393399314 -0.43765395109291 -0.65764592949255 -0.60575293723514 -0.62231090095718 -0.60667019072039 0 -0.13515991045112 0.074178655847955 -0.14046364455362 0.029865722500723 0.0035446856019926 -0.14004900379023 0.14221414516526 0.041270102567075 -0.19564954411385 0 0.31357373240021 0.16666452680042 0.19664104648256 -0.1509951986154 0 0.052737298209167 0.37623187221626 0.35575715897749 0.31679517800638 0.3 0.060001380575107 0.35186906089038 0.33960332236693 0.33163405695784 0.30770945610597 0.35614893091044 0.32624425150579 -0.10039053790546 0.73697224512833 0.5 0.60296095502328 0.78809645602664 0.74236477134674 0.36528175655957 -0.54659983748626 -0.63977641362115 -0.25691942402182 -0.35867484318242"
General-2-20251226-16:35:52-143607,vector,AdhocNetwork1.host[17].app[1],e2eDelayPeriodicSec,,,"1 2 3 4 5 6 7 8 9 10 11 12 13 14 15 16 17 18 19 20 21 22 23 24 25 26 27 28 29 30 31 32 33 34 35 36 37 38 39 40 41 42 43 44 45 46 47 48 49 50","NaN NaN NaN NaN 3.007979931168 3.007979931168 3.007979931168 NaN 0.002740119865 0.002740119865 0.002740119865 0.003080073895 0.003080073895 0.003080073895 0.002200028073 0.002200028073 0.002200028073 NaN NaN 0.003299958165 0.003299958165 0.003299958165 0.003697245088 0.003697245088 0.003697245088 NaN 0.002849016552 0.002849016552 0.002849016552 NaN 0.003098338628 0.003098338628 0.003098338628 NaN 0.005533756729 0.005533756729 0.005533756729 NaN NaN 0.002519649831 0.002519649831 0.002519649831 NaN NaN 0.002899579845 0.002899579845 0.002899579845 NaN 0.003878685262 0.003878685262"
General-2-20251226-16:35:52-143607,vector,AdhocNetwork1.host[17].rl,rlReward,,,"1 2 3 4 5 6 7 8 9 10 11 12 13 14 15 16 17 18 19 20 21 22 23 24 25 26 27 28 29 30 31 32 33 34 35 36 37 38 39 40 41 42 43 44 45 46 47 48 49 50","0.33333333333333 0 0.16208686325184 0.15749769644062 0.75777929871138 0.13430178627923 0.081262034160081 0.13430109436318 0.13375118812218 0.1173627674664 -0.038428776049816 0.075102773320617 0.10246021443955 0.12435412341382 0.13486207084213 0.096241783958168 0.087939767488235 0.11434716412184 0.098971701168661 0.12267525514398 0.26585899785629 0.059562376694163 0.099479832712411 0.10307932978651 0.10315164917816 0.10498948834459 0.036237546874138 0.35808146132724 0.39920481521024 0.11076989373803 0.34651984440038 0.054135466695331 0.38789448247756 0.36251921615108 0.40172277028726 -0.65718925127849 -0.65703436731559 -0.61711014534029 -0.60470366441332 -0.60271436642099 -0.60791013875605 0.36193898826502 0.11342238727374 0.29597201791698 0.38007446166784 0.40911593173064 -0.62032071717577 -0.58801121511756 -0.18467712291267 -0.42492544566022"
General-2-20251226-16:35:52-143607,vector,AdhocNetwork1.host[18].app[1],e2eDelayPeriodicSec,,,"1 2 3 4 5 6 7 8 9 10 11 12 13 14 15 16 17 18 19 20 21 22 23 24 25 26 27 28 29 30 31 32 33 34 35 36 37 38 39 40 41 42 43 44 45 46 47 48 49 50","NaN 0.025091715748 0.025091715748 0.025091715748 0.005688081367 0.005688081367 0.005688081367 NaN NaN 0.005309776468 0.005309776468 0.005309776468 NaN 0.004673745678 0.004673745678 0.004673745678 NaN 0.0031599195 0.0031599195 0.0031599195 NaN NaN 0.006651500447 0.006651500447 0.006651500447 NaN NaN 0.019986895977 0.019986895977 0.019986895977 NaN 0.002878112253 0.002878112253 0.002878112253 NaN 0.004124893403 0.004124893403 0.004124893403 NaN 0.002617321247 0.002617321247 0.002617321247 NaN NaN 0.002536998418 0.002536998418 0.002536998418 NaN NaN 0.002596752599"
General-2-20251226-16:35:52-143607,vector,AdhocNetwork1.host[18].rl,rlReward,,,"1 2 3 4 5 6 7 8 9 10 11 12 13 14 15 16 17 18 19 20 21 22 23 24 25 26 27 28 29 30 31 32 33 34 35 36 37 38 39 40 41 42 43 44 45 46 47 48 49 50","0.33333333333333 0 0.11576767689091 0.10107974658416 0.090776922120128 0.090423302566246 0.036630231300905 0.086382810535154 0.10228102407863 0.072691482956724 0.095196314250028 0.02018094028331 0.067209547014504 0.38412858947101 0.086075372296412 0.050759156900307 0.052058306718062 -0.11144989687728 0.074108214158708 0.097758725659055 0.35689729991677 0.32774539903015 0.33725860606051 0.33405972732738 0.34376200388413 0.36995435721559 0.31228529913532 0.33322204341711 0.37422262556509 0.36311749551199 0.31554072974958 0.30613801699285 0.3366998343663 0.31266004062423 0.32718486803578 0.30696695695798 0.30694741985654 0.34899188252598 0.32303733764454 0.35823319829582 0.33798616936477 0.3057909881702 0.34159045138149 0.336725711233 0.31516527607029 0.32627998872715 0.32223583589238 0.33121957329812 0.32084969930401 0.3483294101284"
General-2-20251226-16:35:52-143607,vector,AdhocNetwork1.host[19].app[1],e2eDelayPeriodicSec,,,"1 2 3 4 5 6 7 8 9 10 11 12 13 14 15 16 17 18 19 20 21 22 23 24 25 26 27 28 29 30 31 32 33 34 35 36 37 38 39 40 41 42 43 44 45 46 47 48 49 50","NaN NaN NaN NaN 0.015578854883 0.015578854883 0.015578854883 NaN 0.010359923285 0.010359923285 0.010359923285 NaN NaN NaN NaN NaN NaN NaN 0.008741152025 0.008741152025 0.008741152025 NaN 0.007461941849 0.007461941849 0.007461941849 NaN 0.008574972945 0.008574972945 0.008574972945 0.007288450048 0.007288450048 0.007288450048 NaN NaN 0.004265800972 0.004265800972 0.004265800972 0.005432858583 0.005432858583 0.005432858583 NaN NaN NaN 0.016873207109 0.016873207109 0.016873207109 NaN NaN 0.002819829089 0.002819829089"
General-2-20251226-16:35:52-143607,vector,AdhocNetwork1.host[19].rl,rlReward,,,"1 2 3 4 5 6 7 8 9 10 11 12 13 14 15 16 17 18 19 20 21 22 23 24 25 26 27 28 29 30 31 32 33 34 35 36 37 38 39 40 41 42 43 44 45 46 47 48 49 50","0.33333333333333 0 0.083347182439781 0.62847865542317 0.20075474398848 0.20334147417578 0.17656823080078 0.19407291672185 0.24242501174813 0.18479020034567 0.22330253498837 0.34596686634659 0.20031451042147 0.21883834208275 0.23076084784043 0.21938432120247 0.15513850081365 0.23534683923028 -0.37004737237363 -0.3816440157952 -0.41041922119289 0.11860662024782 0.19255168017867 0.18229126716236 0.20942775037827 0.36268949992327 0.12513576108641 0.17823463638597 0.21078018570725 0.17594366630368 0.15167680374029 0.12665438694003 -0.12749272129366 0.19262055106863 0.16904442307609 0.15135270540866 0.13701743108731 0.1947885932819 0.15060841783221 0.21668957861631 0.18675163759246 -0.1705497247879 0.16312287647822 0.22279815695908 -0.18271313516733 0.1845140415578 0.1 0.18115773417149 0.20597997601382 0.17554031095705"
General-2-20251226-16:35:52-143607,vector,AdhocNetwork1.host[20].app[1],e2eDelayPeriodicSec,,,"1 2 3 4 5 6 7 8 9 10 11 12 13 14 15 16 17 18 19 20 21 22 23 24 25 26 27 28 29 30 31 32 33 34 35 36 37 38 39 40 41 42 43 44 45 46 47 48 49 50","NaN 0.119001180459 0.119001180459 0.119001180459 NaN NaN 0.019192045814 0.019192045814 0.019192045814 NaN 0.012409810979 0.012409810979 0.012409810979 NaN NaN NaN 0.007882860149 0.007882860149 0.007882860149 NaN NaN NaN NaN 0.012979523689 0.012979523689 0.012979523689 0.008927647853 0.008927647853 0.008927647853 NaN NaN NaN NaN 0.004750863653 0.004750863653 0.004750863653 NaN NaN 0.005011741198 0.005011741198 0.005011741198 NaN NaN 0.004677456457 0.004677456457 0.004677456457 NaN NaN 0.0050956274 0.0050956274"
General-2-20251226-16:35:52-143607,vector,AdhocNetwork1.host[20].rl,rlReward,,,"1 2 3 4 5 6 7 8 9 10 11 12 13 14 15 16 17 18 19 20 21 22 23 24 25 26 27 28 29 30 31 32 33 34 35 36 37 38 39 40 41 42 43 44 45 46 47 48 49 50","0.33333333333333 0 0.14217736364137 0.13905680500165 0.1205006327701 0.11794522994839 0.087255067982213 0.30834240265532 0.13956816906652 0.11927891516084 0.1168007471063 0.079130110481583 0.12470813487851 0.11936315370455 0.12336549182537 0.11421229819711 0.090828155062064 0.1068230917436 0.10377729140718 0.39572436621506 0.10344442531574 0.064560778332687 0.089635728654052 0.10177349598154 0.10886272562109 0.10169456821967 0.066066691424299 0.076142255555855 0.11796841981263 0.097820805410143 0.084395988337668 0.066210557894268 0.072561867336435 -0.58116396826979 -0.58292953838408 0.05773318124012 -0.61288059096732 -0.56393794959632 -0.63060494714182 -0.58340873692547 -0.57917265055004 0.032372456114253 0.013293896272319 0.37692613221195 0.34698802499644 0.3418613723322 0.013548178837411 0.35461587487484 0.34140020874817 0.36389242985328"
General-2-20251226-16:35:52-143607,vector,AdhocNetwork1.host[21].app[1],e2eDelayPeriodicSec,,,"1 2 3 4 5 6 7 8 9 10 11 12 13 14 15 16 17 18 19 20 21 22 23 24 25 26 27 28 29 30 31 32 33 34 35 36 37 38 39 40 41 42 43 44 45 46 47 48 49 50","NaN 0.022243989847 0.022243989847 0.022243989847 NaN 0.009587233007 0.009587233007 0.009587233007 NaN NaN 0.007725364428 0.007725364428 0.007725364428 NaN NaN 0.002380350504 0.002380350504 0.002380350504 NaN NaN 0.002624936328 0.002624936328 0.002624936328 NaN NaN NaN NaN NaN 3.043342401055 3.043342401055 3.043342401055 0.005622344257 0.005622344257 0.005622344257 NaN 0.00195901015 0.00195901015 0.00195901015 NaN NaN NaN NaN NaN 0.003175789376 0.003175789376 0.003175789376 0.004356183469 0.004356183469 0.004356183469 NaN"
General-2-20251226-16:35:52-143607,vector,AdhocNetwork1.host[21].rl,rlReward,,,"1 2 3 4 5 6 7 8 9 10 11 12 13 14 15 16 17 18 19 20 21 22 23 24 25 26 27 28 29 30 31 32 33 34 35 36 37 38 39 40 41 42 43 44 45 46 47 48 49 50","0.33333333333333 0 0.10351391848981 0.10366006850799 0.053925267230321 0.075361764107476 0.035821600875243 0.090646108128985 0.092905706138208 0.084130280085667 0.086664067208634 0.01655916515835 0.077176915909983 0.087049622737003 0.087494767976888 0.065648923402893 0.040461460363837 0.072226757199197 0.074187762250808 0.070028173791621 0.07047981472581 0.0030334438304707 0.042536007172012 0.066907773114958 0.049785863330534 0.056872411091533 0.013892611794714 0.0013643024898558 0.031216812880803 0.068342412742731 0.037235830630183 0.3 0.33274986450406 0.35418483379031 0.3500224075959 0.30950117687658 0.30580120898543 0.34049050941511 0.33957141371993 0.36695548565343 0.33479789475148 -0.18382286359319 0.34554603686662 0.3410973825623 0.32882652021532 0.34236532006795 0.3 0.3459554906549 0.35855617351386 0.35201070425008"
General-2-20251226-16:35:52-143607,vector,AdhocNetwork1.host[22].app[1],e2eDelayPeriodicSec,,,"1 2 3 4 5 6 7 8 9 10 11 12 13 14 15 16 17 18 19 20 21 22 23 24 25 26 27 28 29 30 31 32 33 34 35 36 37 38 39 40 41 42 43 44 45 46 47 48 49 50","NaN NaN NaN NaN NaN NaN NaN NaN NaN NaN 0.00897924686 0.00897924686 0.00897924686 NaN NaN NaN 0.005164939482 0.005164939482 0.005164939482 NaN 0.004920236673 0.004920236673 0.004920236673 NaN 0.00527367295 0.00527367295 0.00527367295 NaN 0.014597106225 0.014597106225 0.014597106225 NaN 0.002238092615 0.002238092615 0.002238092615 NaN 0.002817167215 0.002817167215 0.002817167215 NaN 0.002856616462 0.002856616462 0.002856616462 NaN 0.00265644753 0.00265644753 0.00265644753 NaN 0.002216372804 0.002216372804"
General-2-20251226-16:35:52-143607,vector,AdhocNetwork1.host[22].rl,rlReward,,,"1 2 3 4 5 6 7 8 9 10 11 12 13 14 15 16 17 18 19 20 21 22 23 24 25 26 27 28 29 30 31 32 33 34 35 36 37 38 39 40 41 42 43 44 45 46 47 48 49 50","0.33333333333333 0 0.14459998192183 0.14280658160098 -0.34386927093213 -0.54372537626927 -0.63570771408441 -0.45657304383302 -0.53969189782046 -0.53651777309672 -0.58463837959332 0.085839202439018 0.27220859330916 -0.069871605308554 0.11445153716725 0.11382804335068 0.23263560483962 -0.072379982298897 0.24387722974453 0.11774777587081 0.095101966997179 0.073914781296301 0.10184195749292 0.11997213775917 0.11627832367539 0.096792537335365 0.072972900441461 0.27412971737904 0.29159454198052 0.27551929380467 0.26789773883988 0.23809583319555 0.25928327830492 0.67857409311565 -0.28913373789797 -0.32601684175582 -0.36460195404347 0.070645049436436 -0.29811516597536 -0.28547909217474 -0.31308588580862 0.24844218445502 0.26980592074321 0.28426285460774 0.27958684260874 0.25110908474148 0.21795041176776 0.23393998397487 0.24264443190989 0.25355724307396"
General-2-20251226-16:35:52-143607,vector,AdhocNetwork1.host[23].app[1],e2eDelayPeriodicSec,,,"1 2 3 4 5 6 7 8 9 10 11 12 13 14 15 16 17 18 19 20 21 22 23 24 25 26 27 28 29 30 31 32 33 34 35 36 37 38 39 40 41 42 43 44 45 46 47 48 49 50","NaN 0.117177927046 0.117177927046 0.117177927046 0.00762362044 0.00762362044 0.00762362044 NaN NaN 0.005849659334 0.005849659334 0.005849659334 NaN 0.004949896515 0.004949896515 0.004949896515 NaN NaN 0.00452739188 0.00452739188 0.00452739188 NaN 0.004694386134 0.004694386134 0.004694386134 NaN 0.00261960954 0.00261960954 0.00261960954 0.002998777116 0.002998777116 0.002998777116 NaN NaN 0.002797668038 0.002797668038 0.002797668038 NaN 0.003336893478 0.003336893478 0.003336893478 NaN 0.006735565702 0.006735565702 0.006735565702 NaN 0.007721812885 0.007721812885 0.007721812885 NaN"
General-2-20251226-16:35:52-143607,vector,AdhocNetwork1.host[23].rl,rlReward,,,"1 2 3 4 5 6 7 8 9 10 11 12 13 14 15 16 17 18 19 20 21 22 23 24 25 26 27 28 29 30 31 32 33 34 35 36 37 38 39 40 41 42 43 44 45 46 47 48 49 50","0.33333333333333 0 0.083771399767118 0.10129198066656 0.075968741111774 0.064796724337781 0.021498581137932 0.043531385484832 0.049503416901701 0.076337880827938 0.039362618949436 -0.18798661045243 0.025978370218544 0.35860326781811 0.045395327504837 0.052477327757101 0.036965748892078 0.3593065221113 0.32681698272003 0.36651183167199 0.32701228408337 0.3 0.37384152079159 0.40047355313344 0.39499913132125 0.38328136785032 0.33649410718333 0.35895007351461 0.37713642481765 0.36361792251329 0.35923626714088 0.32473093975973 0.33378687599791 0.37281668089166 0.38782040964631 0.31492787169285 0.34423697349131 0.38556929089781 0.3390041014776 0.39195023869492 0.3788152884438 0.32259325449426 0.3615138308338 0.37036156286993 0.036356861257637 0.36178843737145 0.30807893424563 0.33147509984558 0.35330805434458 0.36644826734165"
General-2-20251226-16:35:52-143607,vector,AdhocNetwork1.host[24].app[1],e2eDelayPeriodicSec,,,"1 2 3 4 5 6 7 8 9 10 11 12 13 14 15 16 17 18 19 20 21 22 23 24 25 26 27 28 29 30 31 32 33 34 35 36 37 38 39 40 41 42 43 44 45 46 47 48 49 50","NaN NaN NaN NaN NaN NaN NaN 0.018760215749 0.018760215749 0.018760215749 NaN NaN NaN NaN NaN NaN NaN NaN NaN NaN NaN NaN NaN NaN NaN NaN NaN NaN NaN NaN NaN NaN NaN NaN NaN NaN NaN NaN NaN NaN NaN 0.012176936857 0.012176936857 0.012176936857 NaN 0.009300615055 0.009300615055 0.009300615055 NaN NaN"
General-2-20251226-16:35:52-143607,vector,AdhocNetwork1.host[24].rl,rlReward,,,"1 2 3 4 5 6 7 8 9 10 11 12 13 14 15 16 17 18 19 20 21 22 23 24 25 26 27 28 29 30 31 32 33 34 35 36 37 38 39 40 41 42 43 44 45 46 47 48 49 50","0.33333333333333 0 0 0.017372534256174 0.0014573279130934 0.011067115909643 0 0 0.041748711996971 0.042916864009332 0.0092203047952639 0.30895874283735 0.322340907238 0.33951204786898 -0.164482164574 0.31870182457255 0.3 0.30846405763004 0.32981862372445 0.33458031980582 0.30960328469505 0.30072206668811 0.32590085572639 0.32641257245487 0.33764455239089 0.30410334115931 0.3 0.33615380742055 0.039447545938868 0.30418900892217 0.3217656699471 0.30375260089684 0.31552059358067 0.32950671888201 0.33369592936256 0.72038079892376 0.3 0.34900960069653 0.35771748669813 0.3540022581188 0.33681664219121 0.3253484956943 0.32975094272722 0.35186102973161 0.35126284951004 0.31622633391252 0.3 0.33999750796984 0.33504653221104 0.34771634031538"
General-3-20251226-16:35:52-143610,vector,AdhocNetwork1.host[0].app[1],e2eDelayPeriodicSec,,,"1 2 3 4 5 6 7 8 9 10 11 12 13 14 15 16 17 18 19 20 21 22 23 24 25 26 27 28 29 30 31 32 33 34 35 36 37 38 39 40 41 42 43 44 45 46 47 48 49 50","NaN 0.06001776114 0.06001776114 0.06001776114 0.008997197597 0.008997197597 0.008997197597 NaN NaN 0.005516919867 0.005516919867 0.005516919867 NaN 0.005296722229 0.005296722229 0.005296722229 NaN NaN NaN NaN NaN NaN NaN NaN NaN NaN NaN 0.005290270906 0.005290270906 0.005290270906 NaN 0.006015611356 0.006015611356 0.006015611356 0.009235367604 0.009235367604 0.009235367604 NaN 0.006886124412 0.006886124412 0.006886124412 0.005465417168 0.005465417168 0.005465417168 NaN NaN NaN NaN 0.005351115183 0.005351115183"
General-3-20251226-16:35:52-143610,vector,AdhocNetwork1.host[0].rl,rlReward,,,"1 2 3 4 5 6 7 8 9 10 11 12 13 14 15 16 17 18 19 20 21 22 23 24 25 26 27 28 29 30 31 32 33 34 35 36 37 38 39 40 41 42 43 44 45 46 47 48 49 50","0.33333333333333 0 0.078951530656921 0.089414121284328 -0.65968257148769 -0.65537722681933 -0.7 -0.37064396457179 -0.55006013390513 -0.62496683846192 -0.66666666666667 0.1 -0.1173350505651 0.037689354474225 0.18679519545449 0.31171465223568 0.11340261742648 0.19831363360795 0.17806540557626 0.047496891253681 0.17050109729152 0.1 0.24539019067861 0.61972268945022 0.23480899542473 0.23655839669959 0.15892217657859 0.17540901070173 -0.093396523527551 0.20610929551977 0.20532455510396 -0.14247008534775 0.16120250158805 0.19270420086726 0.21043088020489 0.15473270068881 0.13553827182143 0.25146054008963 0.17907759999415 0.22303819108166 0.21764275407537 0.16841856906143 0.2101919993898 0.23191975340058 0.088022184755482 0.19485751417534 0.16207900491899 0.22566132540234 0.21639545064873 0.24591358906992"
General-3-20251226-16:35:52-143610,vector,AdhocNetwork1.host[1].app[1],e2eDelayPeriodicSec,,,"1 2 3 4 5 6 7 8 9 10 11 12 13 14 15 16 17 18 19 20 21 22 23 24 25 26 27 28 29 30 31 32 33 34 35 36 37 38 39 40 41 42 43 44 45 46 47 48 49 50","NaN 0.096814576407 0.096814576407 0.096814576407 NaN 0.006481581107 0.006481581107 0.006481581107 NaN NaN 0.005422160426 0.005422160426 0.005422160426 NaN 0.004876239478 0.004876239478 0.004876239478 NaN 0.002299456823 0.002299456823 0.002299456823 NaN NaN 0.002698056944 0.002698056944 0.002698056944 NaN 0.009909501791 0.009909501791 0.009909501791 NaN 0.003553307424 0.003553307424 0.003553307424 NaN 0.002781419666 0.002781419666 0.002781419666 NaN NaN 0.012045431817 0.012045431817 0.012045431817 0.002938138383 0.002938138383 0.002938138383 NaN 0.002099327166 0.002099327166 0.002099327166"
General-3-20251226-16:35:52-143610,vector,AdhocNetwork1.host[1].rl,rlReward,,,"1 2 3 4 5 6 7 8 9 10 11 12 13 14 15 16 17 18 19 20 21 22 23 24 25 26 27 28 29 30 31 32 33 34 35 36 37 38 39 40 41 42 43 44 45 46 47 48 49 50","0.33333333333333 0 0.13146262606033 0.11938740057062 0.041071540214252 0.11232916083522 0.033404631765286 0.11513504967233 0.076619558095089 0.10301955641795 -0.094594979855812 0.078027399905661 0.085419705098992 0.11908012252143 0.08339701250067 0.0821353081828 0.36404137081082 -0.55864255283605 -0.59865726385952 -0.59526917218629 -0.606535279896 0.0023260335275554 0.088575049907722 0.3870616296859 0.073151005011897 0.20366706704148 0.18444690344529 0.1 0.22226246989435 0.38525487974096 0.18530784775988 0.16754623449698 0.16773735343803 0.16611389790249 0.21271519375564 0.17229359291204 0.1 0.23977858952127 0.18744208828076 0.21162140176714 0.22219175613817 0.14512205116423 0.23972440911245 0.24414217346588 0.22007457918229 0.21017856913618 0.16195129930951 0.22540441209848 0.2322320083775 0.24512030470072"
General-3-20251226-16:35:52-143610,vector,AdhocNetwork1.host[2].app[1],e2eDelayPeriodicSec,,,"1 2 3 4 5 6 7 8 9 10 11 12 13 14 15 16 17 18 19 20 21 22 23 24 25 26 27 28 29 30 31 32 33 34 35 36 37 38 39 40 41 42 43 44 45 46 47 48 49 50","NaN 0.020909799147 0.020909799147 0.020909799147 NaN 0.002192723278 0.002192723278 0.002192723278 0.002273794032 0.002273794032 0.002273794032 NaN 0.002435215976 0.002435215976 0.002435215976 0.00557895616 0.00557895616 0.00557895616 NaN 0.003077994387 0.003077994387 0.003077994387 NaN NaN 0.002779564408 0.002779564408 0.002779564408 NaN 0.00281952695 0.00281952695 0.00281952695 NaN 0.004725582058 0.004725582058 0.004725582058 NaN NaN 0.010260712678 0.010260712678 0.010260712678 NaN NaN 0.001879436439 0.001879436439 0.001879436439 NaN 0.003079416709 0.003079416709 0.003079416709 NaN"
General-3-20251226-16:35:52-143610,vector,AdhocNetwork1.host[2].rl,rlReward,,,"1 2 3 4 5 6 7 8 9 10 11 12 13 14 15 16 17 18 19 20 21 22 23 24 25 26 27 28 29 30 31 32 33 34 35 36 37 38 39 40 41 42 43 44 45 46 47 48 49 50","0.33333333333333 0 0.11165778757754 0.11294141900095 0.006862607869787 0.074170065437415 0.049698890687468 0.063826784729243 0.066726493958238 -0.59139138317287 -0.65387124494193 0.006397482838479 0.3280574959764 0.35395285539193 0.33017897494726 0.70414867258219 0.32902810043178 0.35407154101544 0.35458135873474 0.34412381942024 0.32608860053925 -0.7 -0.62966643008056 -0.62950353980552 -0.6032612327663 -0.63982696278638 -0.68405989735336 -0.67244854385531 -0.62436747826126 -0.62831705627037 -0.67254100361222 0.020941972707327 0.33698571455824 0.32306714223392 0.34453662283003 0.33490253582777 0.3 0.38111844099346 0.35062485647666 0.3590279877987 0.35493881730282 0.17204041715421 0.36187714748955 0.368162064028 0.37336395000343 0.30007732388864 0.3 0.32277381526659 0.064223952213145 0.37754741912797"
General-3-20251226-16:35:52-143610,vector,AdhocNetwork1.host[3].app[1],e2eDelayPeriodicSec,,,"1 2 3 4 5 6 7 8 9 10 11 12 13 14 15 16 17 18 19 20 21 22 23 24 25 26 27 28 29 30 31 32 33 34 35 36 37 38 39 40 41 42 43 44 45 46 47 48 49 50","NaN 0.031587180083 0.031587180083 0.031587180083 NaN 0.002772948746 0.002772948746 0.002772948746 NaN 0.002334061952 0.002334061952 0.002334061952 0.00263498206 0.00263498206 0.00263498206 0.003527341517 0.003527341517 0.003527341517 NaN 0.002457049202 0.002457049202 0.002457049202 NaN NaN 0.003138479676 0.003138479676 0.003138479676 NaN 0.003559811181 0.003559811181 0.003559811181 NaN NaN NaN NaN NaN NaN NaN 0.004535277039 0.004535277039 0.004535277039 NaN NaN 0.004756653215 0.004756653215 0.004756653215 0.004964799962 0.004964799962 0.004964799962 NaN"
General-3-20251226-16:35:52-143610,vector,AdhocNetwork1.host[3].rl,rlReward,,,"1 2 3 4 5 6 7 8 9 10 11 12 13 14 15 16 17 18 19 20 21 22 23 24 25 26 27 28 29 30 31 32 33 34 35 36 37 38 39 40 41 42 43 44 45 46 47 48 49 50","0.33333333333333 0 0.14121661103689 0.13788114737525 0.042353931324176 0.10890807460835 0.074499698562053 -0.034426386826814 0.11887049924973 0.091059188976004 0.10643162625267 0.086471468652576 0.10965264448854 0.099906274703434 0.11949339670912 0.1017107316598 0.078906625036207 0.10779970159808 0.093771114578794 0.11005026488735 0.091313387666282 0.0443866794562 0.10056111146023 0.1057332639544 0.37831553363793 0.087466044517546 0.048457384621897 0.081440898423411 0.11954651185641 0.089100386783744 0.068887980124674 0.064830216132847 0.059317338177886 0.068142909987209 0.064195805651724 0.066165231511064 -0.18380557442605 0.11609379906332 0.077942025499216 0.3439896456318 0.10990245371474 0.025816758723495 0.087498638776828 0.11697584143228 0.10453471937021 0.074564170883493 0.065190123881363 0.10467707356691 0.095786177717336 0.11104066930904"
General-3-20251226-16:35:52-143610,vector,AdhocNetwork1.host[4].app[1],e2eDelayPeriodicSec,,,"1 2 3 4 5 6 7 8 9 10 11 12 13 14 15 16 17 18 19 20 21 22 23 24 25 26 27 28 29 30 31 32 33 34 35 36 37 38 39 40 41 42 43 44 45 46 47 48 49 50","NaN 0.028436012127 0.028436012127 0.028436012127 NaN NaN NaN 0.009824932463 0.009824932463 0.009824932463 NaN 0.005531061689 0.005531061689 0.005531061689 0.006109677061 0.006109677061 0.006109677061 NaN NaN 0.004305571898 0.004305571898 0.004305571898 NaN 0.005903425412 0.005903425412 0.005903425412 NaN 0.006078318116 0.006078318116 0.006078318116 NaN 0.005532248638 0.005532248638 0.005532248638 NaN NaN NaN NaN NaN NaN NaN NaN NaN NaN NaN NaN NaN NaN NaN NaN"
General-3-20251226-16:35:52-143610,vector,AdhocNetwork1.host[4].rl,rlReward,,,"1 2 3 4 5 6 7 8 9 10 11 12 13 14 15 16 17 18 19 20 21 22 23 24 25 26 27 28 29 30 31 32 33 34 35 36 37 38 39 40 41 42 43 44 45 46 47 48 49 50","0.33333333333333 0 0.083501536990885 0.087711833792374 -0.61889205473364 -0.61345854946603 -0.61732960688721 -0.62208798571535 -0.41840293024204 -0.49450262394754 -0.60570090159483 0.15222621726876 -0.16694068921813 0.079271113997147 0.35624939523069 0.1622001808671 0.15572082352841 0.068310867170227 0.35686101908836 0.18139006254663 0.34686514245474 0.3 0.36161064080455 0.33468227261668 0.33234454551906 0.17361147345652 0.3 0.32147281395054 0.35919312272545 0.34492831297767 0.31556541578673 0.30428283904984 0.3 0.34894778108811 0.33870233610675 0.30988209922288 0 0.064486083477667 0.32765364496175 0.34111465763882 0.34405132984957 0.33738225753882 0.38395030809855 0.38169709295805 0.36503114101297 0.34261229411705 0.34082352241239 0.37435296650051 0.37089082529479 0.083060024335683"
General-3-20251226-16:35:52-143610,vector,AdhocNetwork1.host[5].app[1],e2eDelayPeriodicSec,,,"1 2 3 4 5 6 7 8 9 10 11 12 13 14 15 16 17 18 19 20 21 22 23 24 25 26 27 28 29 30 31 32 33 34 35 36 37 38 39 40 41 42 43 44 45 46 47 48 49 50","NaN NaN NaN NaN 3.070490438321 3.070490438321 3.070490438321 NaN NaN NaN NaN NaN NaN NaN NaN NaN NaN NaN NaN NaN NaN NaN NaN NaN NaN NaN NaN NaN NaN NaN NaN NaN 0.009277064575 0.009277064575 0.009277064575 0.012425404544 0.012425404544 0.012425404544 NaN NaN 0.008753261527 0.008753261527 0.008753261527 NaN 0.007394235004 0.007394235004 0.007394235004 NaN NaN 0.007147831037"
General-3-20251226-16:35:52-143610,vector,AdhocNetwork1.host[5].rl,rlReward,,,"1 2 3 4 5 6 7 8 9 10 11 12 13 14 15 16 17 18 19 20 21 22 23 24 25 26 27 28 29 30 31 32 33 34 35 36 37 38 39 40 41 42 43 44 45 46 47 48 49 50","0.33333333333333 0 0.41321923025826 0.41325592122242 0.39706402398485 0.10690582186554 0.38786682228298 0.28112873053869 0.11063742882124 0.13078678628243 0.093177189013265 0.091794192033868 0.10764740643366 0.11038816322249 0.1267146716485 0.11210351433382 0.090116890811275 0.10769283333733 0.12590436432163 0.12735453100376 0.41205839803726 0.09723260828871 0.12067871683299 0.11921651396187 0.12268798392199 0.11831301155417 0.093284349925303 0.74605038271094 0.10672023159115 0.11234928555426 0.10563309190989 0.061079003045916 0.08724490073202 0.11349762218386 0.092808860799587 0.11473471081568 0.18329042292914 0.11118449303891 0.095963950450705 0.11200405691841 0.085724416899836 0.063453088010385 0.088464684435167 0.1041036353075 0.39872681729044 0.057547643167234 0.041782013400454 0.088312238939826 0.070327300057527 0.068508879851559"
General-3-20251226-16:35:52-143610,vector,AdhocNetwork1.host[6].app[1],e2eDelayPeriodicSec,,,"1 2 3 4 5 6 7 8 9 10 11 12 13 14 15 16 17 18 19 20 21 22 23 24 25 26 27 28 29 30 31 32 33 34 35 36 37 38 39 40 41 42 43 44 45 46 47 48 49 50","NaN 0.010005281179 0.010005281179 0.010005281179 0.004471972688 0.004471972688 0.004471972688 NaN 0.003357946178 0.003357946178 0.003357946178 NaN 0.002299384152 0.002299384152 0.002299384152 NaN NaN 0.003065487749 0.003065487749 0.003065487749 NaN 0.005795987278 0.005795987278 0.005795987278 NaN NaN NaN NaN 0.005712045217 0.005712045217 0.005712045217 0.003891216489 0.003891216489 0.003891216489 NaN NaN 0.005572195657 0.005572195657 0.005572195657 NaN NaN NaN NaN 3.006088016627 3.006088016627 3.006088016627 NaN NaN 0.038358975002 0.038358975002"
General-3-20251226-16:35:52-143610,vector,AdhocNetwork1.host[6].rl,rlReward,,,"1 2 3 4 5 6 7 8 9 10 11 12 13 14 15 16 17 18 19 20 21 22 23 24 25 26 27 28 29 30 31 32 33 34 35 36 37 38 39 40 41 42 43 44 45 46 47 48 49 50","0.33333333333333 0 0.17442912064581 0.16840576930827 -0.5818022287377 -0.52066300465369 -0.55888323413984 -0.56125031637082 -0.29215390248636 -0.42582021356278 -0.55759573661738 0.11964754918094 0.30008776796308 0.32338459068225 0.28810190985531 0.26460219589965 0.28649484247595 0.30606282110565 0.29831203450651 0.2843719158703 0.29210491368579 0.2164101182371 0.14390833647434 0.39636517256652 0.1330682158086 0.14477251664094 0.11111019918417 0.10639166911287 0.13790467195603 0.14356211752084 0.12105934386301 0.10053845721758 0.27111562769412 0.28832471064103 0.29868662928597 0.26269517035839 0.22517355821211 0.33702792466873 0.4203065390957 0.2832790194441 0.31359241870247 0.25946029976012 0.28408119549368 0.30588908483947 0.3007030430653 0.27485224144915 0.24071335459493 0.31119716009651 0.28852248096349 0.30598643579605"
General-3-20251226-16:35:52-143610,vector,AdhocNetwork1.host[7].app[1],e2eDelayPeriodicSec,,,"1 2 3 4 5 6 7 8 9 10 11 12 13 14 15 16 17 18 19 20 21 22 23 24 25 26 27 28 29 30 31 32 33 34 35 36 37 38 39 40 41 42 43 44 45 46 47 48 49 50","NaN 0.007888458979 0.007888458979 0.007888458979 0.00275825769 0.00275825769 0.00275825769 NaN 0.003137792083 0.003137792083 0.003137792083 NaN NaN 0.002177308845 0.002177308845 0.002177308845 NaN 0.002116807427 0.002116807427 0.002116807427 NaN NaN 0.001816308827 0.001816308827 0.001816308827 0.006132414106 0.006132414106 0.006132414106 NaN NaN 0.003255449331 0.003255449331 0.003255449331 NaN 0.002115067529 0.002115067529 0.002115067529 0.003860643543 0.003860643543 0.003860643543 NaN 0.002654351556 0.002654351556 0.002654351556 NaN 0.003099528223 0.003099528223 0.003099528223 NaN NaN"
General-3-20251226-16:35:52-143610,vector,AdhocNetwork1.host[7].rl,rlReward,,,"1 2 3 4 5 6 7 8 9 10 11 12 13 14 15 16 17 18 19 20 21 22 23 24 25 26 27 28 29 30 31 32 33 34 35 36 37 38 39 40 41 42 43 44 45 46 47 48 49 50","0.33333333333333 0 0.058746794916203 0.075528862011412 0.0513436375062 0.037903227128214 0.033494381079036 0.066065531170062 0.061583656241013 0.047516824667052 0.056725117423113 0 0.093600826082924 0.076813165740927 0.077589951924533 0.077636194248012 0.037111991954311 0.056391441210418 0.063309720413267 0.072954597948735 0.36420220537532 0.3201620507295 0.34678250561921 0.34325000719493 0.35234867551454 0.34929147427265 0.3 0.38282092444938 0.39516847604538 0.38032544530647 0.34783468017184 0.33657599289921 0.31436607482689 0.33426754778864 0.32756623829633 0.31441384562752 0.3 0.39931476666066 0.36880930887849 0.38208268216489 0.39130800109882 0.3320382377105 0.38390126027695 0.40461460745381 0.37246649022832 0.37638035600403 0.34262491723572 0.38312730995838 0.38366939598587 0.39192346031794"
General-3-20251226-16:35:52-143610,vector,AdhocNetwork1.host[8].app[1],e2eDelayPeriodicSec,,,"1 2 3 4 5 6 7 8 9 10 11 12 13 14 15 16 17 18 19 20 21 22 23 24 25 26 27 28 29 30 31 32 33 34 35 36 37 38 39 40 41 42 43 44 45 46 47 48 49 50","NaN NaN NaN NaN 0.013482371138 0.013482371138 0.013482371138 0.006791182143 0.006791182143 0.006791182143 0.006843751712 0.006843751712 0.006843751712 NaN NaN 0.009377713496 0.009377713496 0.009377713496 NaN NaN 0.007438025152 0.007438025152 0.007438025152 NaN 0.005934314349 0.005934314349 0.005934314349 NaN 0.008500617935 0.008500617935 0.008500617935 0.006711224834 0.006711224834 0.006711224834 NaN 0.007321443243 0.007321443243 0.007321443243 NaN 0.002338335036 0.002338335036 0.002338335036 NaN 0.010295911264 0.010295911264 0.010295911264 NaN 0.003893458554 0.003893458554 0.003893458554"
General-3-20251226-16:35:52-143610,vector,AdhocNetwork1.host[8].rl,rlReward,,,"1 2 3 4 5 6 7 8 9 10 11 12 13 14 15 16 17 18 19 20 21 22 23 24 25 26 27 28 29 30 31 32 33 34 35 36 37 38 39 40 41 42 43 44 45 46 47 48 49 50","0.33333333333333 0 0.048788273053336 0.067240792648023 0.025668950657334 0.04612716132235 0.0056006821247724 0.043794024329658 0.05093114296162 0.052435866430792 0.042051319071776 0 0.075888572521742 0.074902626141871 0.059194959908905 0.066614449391716 0.30291207940163 0.34991720580588 -0.115801348893 0.35408790391598 0.3396519548472 0.0084949501222657 0.34682126445211 0.32590392093436 0.3500952285195 0.33091667833002 0.3 0.36253748569185 0.36240436677025 0.32258679798289 0.32727305313905 0.30467886610664 0.3022938348442 -0.6958253513376 -0.63622182731593 -0.3 -0.7 -0.6204852821966 -0.67582482448072 -0.67174771322168 -0.6569592263581 0.3 0.35729381217391 0.36048906720516 0.32914077080059 0.33809098486173 0.31599591893026 0.33592556965658 0.34401290480584 0.36613184444771"
General-3-20251226-16:35:52-143610,vector,AdhocNetwork1.host[9].app[1],e2eDelayPeriodicSec,,,"1 2 3 4 5 6 7 8 9 10 11 12 13 14 15 16 17 18 19 20 21 22 23 24 25 26 27 28 29 30 31 32 33 34 35 36 37 38 39 40 41 42 43 44 45 46 47 48 49 50","NaN 0.046586635594 0.046586635594 0.046586635594 NaN 0.008826235586 0.008826235586 0.008826235586 NaN 0.011614473866 0.011614473866 0.011614473866 NaN NaN 0.007945728855 0.007945728855 0.007945728855 NaN NaN 0.003959066974 0.003959066974 0.003959066974 NaN 0.008897312447 0.008897312447 0.008897312447 NaN 0.005752533944 0.005752533944 0.005752533944 NaN 0.004726049404 0.004726049404 0.004726049404 NaN NaN NaN NaN NaN NaN NaN NaN NaN NaN 0.00501091674 0.00501091674 0.00501091674 NaN NaN NaN"
General-3-20251226-16:35:52-143610,vector,AdhocNetwork1.host[9].rl,rlReward,,,"1 2 3 4 5 6 7 8 9 10 11 12 13 14 15 16 17 18 19 20 21 22 23 24 25 26 27 28 29 30 31 32 33 34 35 36 37 38 39 40 41 42 43 44 45 46 47 48 49 50","0.33333333333333 0 0.084428795816522 0.083892484792685 0.17787871958033 0.075091324791242 0.016205729083718 0.080673300934514 0.060422179117206 0.36465296702232 -0.15915497412081 0.0293565497585 0.029736930877072 0.08213904203633 0.055990179763205 0.044472064312799 0.30890294799913 -0.12314282850178 0.35132161433171 0.16960789532576 0.34174049441918 0.31766831554919 0.35878863950678 0.7234021358962 0.33331384603378 0.35066396735474 0.31325972969111 0.3 0.35621285854002 0.36226481193214 0.33467283150402 0.31575608876998 0.3 0.34876687486273 0.05993540374557 0.3447990707918 0.3 0.40372336546749 0.38130198066562 0.37723202152127 0.36960852128164 0.33809142408669 0.35231765668517 0.37925420139084 0.37648391419387 0.32243887545652 -0.1941981642022 0.38230704854972 0.35459567239885 0.37396754136"
General-3-20251226-16:35:52-143610,vector,AdhocNetwork1.host[10].app[1],e2eDelayPeriodicSec,,,"1 2 3 4 5 6 7 8 9 10 11 12 13 14 15 16 17 18 19 20 21 22 23 24 25 26 27 28 29 30 31 32 33 34 35 36 37 38 39 40 41 42 43 44 45 46 47 48 49 50","NaN NaN NaN NaN 0.011187234863 0.011187234863 0.011187234863 NaN 0.005941933151 0.005941933151 0.005941933151 0.004134821037 0.004134821037 0.004134821037 NaN NaN NaN NaN NaN 0.053570226761 0.053570226761 0.053570226761 NaN 0.005637214618 0.005637214618 0.005637214618 NaN 0.007252114625 0.007252114625 0.007252114625 NaN NaN 0.003536429182 0.003536429182 0.003536429182 NaN NaN NaN NaN NaN NaN NaN NaN NaN NaN 0.0042556433 0.0042556433 0.0042556433 NaN 0.001978820933"
General-3-20251226-16:35:52-143610,vector,AdhocNetwork1.host[10].rl,rlReward,,,"1 2 3 4 5 6 7 8 9 10 11 12 13 14 15 16 17 18 19 20 21 22 23 24 25 26 27 28 29 30 31 32 33 34 35 36 37 38 39 40 41 42 43 44 45 46 47 48 49 50","0.33333333333333 0 0.11563846810271 0.11725939952464 -0.64684789583329 -0.37007056157072 -0.59529946047231 -0.57077573418959 -0.63376914890712 -0.46500090325955 -0.23075684072963 0.054787682167355 0.048806123299212 0.21931435416166 -0.11143895104339 0.1741657038468 0.06139975570563 0.24385975685256 0.22796240090151 -0.39663585424099 -0.3739411170932 0 -0.051127913424662 0.22866890411674 0.043786403452162 0.22681581082796 0.18635614972826 0.14033793356516 -0.077629168572217 0.39609983512325 0.036635847631335 0.14102601125321 0.15631480819043 0.16959103827488 0.19932706789805 0.1 0.10721551492018 0.10465549782628 0.20860411780858 0.2341862515463 0.15008551406626 0.2164511217804 0.2584740573185 0.085205732642786 0.24523298361389 0.20485754588943 0.17907158685098 0.064561232992301 0.24879891887934 0.2574506668608"
General-3-20251226-16:35:52-143610,vector,AdhocNetwork1.host[11].app[1],e2eDelayPeriodicSec,,,"1 2 3 4 5 6 7 8 9 10 11 12 13 14 15 16 17 18 19 20 21 22 23 24 25 26 27 28 29 30 31 32 33 34 35 36 37 38 39 40 41 42 43 44 45 46 47 48 49 50","NaN NaN NaN NaN 0.017180989243 0.017180989243 0.017180989243 0.007064819776 0.007064819776 0.007064819776 NaN NaN NaN NaN NaN NaN NaN NaN NaN NaN NaN 0.030911222567 0.030911222567 0.030911222567 0.010433624899 0.010433624899 0.010433624899 0.008267958945 0.008267958945 0.008267958945 NaN 0.008089338464 0.008089338464 0.008089338464 0.008287710874 0.008287710874 0.008287710874 NaN NaN NaN 0.008862529621 0.008862529621 0.008862529621 NaN NaN 0.012360777933 0.012360777933 0.012360777933 NaN NaN"
General-3-20251226-16:35:52-143610,vector,AdhocNetwork1.host[11].rl,rlReward,,,"1 2 3 4 5 6 7 8 9 10 11 12 13 14 15 16 17 18 19 20 21 22 23 24 25 26 27 28 29 30 31 32 33 34 35 36 37 38 39 40 41 42 43 44 45 46 47 48 49 50","0.33333333333333 0 0.067232192181387 0.72184530387663 0.017134333194917 0.062544734279829 0.021472377379836 0.052453428458753 0.043974641089624 0.058610835400038 0.05609511217345 0.013937443343711 0.031471375900266 0.065698504902828 0.050371499512061 0.029210819885303 0.01368247506477 0.051201992510863 0.04325580183957 0.044787551838102 0.044659747635435 0 0.083735859601447 0.088257142336637 0.06561275014273 0.052332914550911 0.0399072310332 0.039426598570047 0.07128493140624 0.076561771593832 0.044495712622575 0.020684939540513 0.056394757748108 0.026088377040821 0.3405600837607 0.027336433890828 0 0.071283740124999 -0.13678757042555 0.049638794211723 0.038377539910882 0.010057616053968 0.046741728798635 0.059611691918636 0.06947417807145 0.0074938357379633 0 0.051763921436043 0.054440847731977 0.36638338034709"
General-3-20251226-16:35:52-143610,vector,AdhocNetwork1.host[12].app[1],e2eDelayPeriodicSec,,,"1 2 3 4 5 6 7 8 9 10 11 12 13 14 15 16 17 18 19 20 21 22 23 24 25 26 27 28 29 30 31 32 33 34 35 36 37 38 39 40 41 42 43 44 45 46 47 48 49 50","NaN 0.08842379916 0.08842379916 0.08842379916 NaN 0.006547637615 0.006547637615 0.006547637615 NaN 0.005176996037 0.005176996037 0.005176996037 0.00478471423 0.00478471423 0.00478471423 NaN NaN 0.005096834444 0.005096834444 0.005096834444 NaN NaN 0.005087033403 0.005087033403 0.005087033403 NaN NaN 0.004059136066 0.004059136066 0.004059136066 NaN 0.005054197243 0.005054197243 0.005054197243 NaN NaN NaN NaN NaN NaN NaN NaN NaN NaN NaN 0.007355627403 0.007355627403 0.007355627403 NaN 0.009388936706"
General-3-20251226-16:35:52-143610,vector,AdhocNetwork1.host[12].rl,rlReward,,,"1 2 3 4 5 6 7 8 9 10 11 12 13 14 15 16 17 18 19 20 21 22 23 24 25 26 27 28 29 30 31 32 33 34 35 36 37 38 39 40 41 42 43 44 45 46 47 48 49 50","0.33333333333333 0 0.099098486548827 0.10789016463097 0.080536078879143 -0.5890004275448 -0.6379470534322 -0.58090202350645 -0.61713644000224 -0.37460588133486 -0.52466759995328 0.025192550945489 0.092137004830802 0.22107231041064 0.070777313756649 -0.1096157740792 0.16595825185093 0.36535614958632 0.24205928618781 0.075341135867731 0.2049756164645 0.12048828125472 0.60557499591285 -0.010859470668761 -0.39094492098589 -0.39396704965727 -0.58943084391674 -0.42141919776673 -0.38566775130445 -0.60035377647548 -0.65700527018563 0.12017277876037 0.1 -0.11816536683403 0.075370287489714 0.10473632539573 0.13668036833912 0.38221143976063 0.035771951545506 0.076438367305801 0.20710316871369 0.16041084596642 0.36772279029999 0.23179247288473 0.23170618203252 -0.13103885232696 0.33169745842891 0.21061026442156 0.10225986262658 0.24282934526636"
General-3-20251226-16:35:52-143610,vector,AdhocNetwork1.host[13].app[1],e2eDelayPeriodicSec,,,"1 2 3 4 5 6 7 8 9 10 11 12 13 14 15 16 17 18 19 20 21 22 23 24 25 26 27 28 29 30 31 32 33 34 35 36 37 38 39 40 41 42 43 44 45 46 47 48 49 50","NaN 0.030578930604 0.030578930604 0.030578930604 NaN NaN NaN 0.006230516882 0.006230516882 0.006230516882 NaN NaN NaN NaN NaN NaN 0.004370100682 0.004370100682 0.004370100682 NaN NaN 0.005631984997 0.005631984997 0.005631984997 0.004771870032 0.004771870032 0.004771870032 NaN NaN 0.004895838776 0.004895838776 0.004895838776 NaN NaN 0.052890454314 0.052890454314 0.052890454314 NaN 0.002679004618 0.002679004618 0.002679004618 0.002558237061 0.002558237061 0.002558237061 NaN NaN 0.003397567315 0.003397567315 0.003397567315 NaN"
General-3-20251226-16:35:52-143610,vector,AdhocNetwork1.host[13].rl,rlReward,,,"1 2 3 4 5 6 7 8 9 10 11 12 13 14 15 16 17 18 19 20 21 22 23 24 25 26 27 28 29 30 31 32 33 34 35 36 37 38 39 40 41 42 43 44 45 46 47 48 49 50","0.33333333333333 0 0.17711910699609 0.015002746762275 0.11760775992026 0.15913359786992 0.12929249111151 0.16602423811547 0.15859342148874 -0.49954077281584 -0.49835224464103 0.43320770971906 0.16760238041178 0.45844661320836 0.46077348066872 0.44876507134205 0.43836557418152 0.16824382067871 0.17677647164147 0.16977797465296 0.16314550511406 0.43473737042106 0.16248052612088 0.46278053184047 0.45602137128039 0.45078212149322 0.44441791609018 0.45501767621017 0.17518233373087 0.44673955351512 0.44239364350919 0.42517764184641 0.43525588629091 0.42830611330868 0.42059983876465 0.42671693178177 0.41353502285742 0.43633716056777 0.40937468943598 0.44018964851416 0.41877721473072 0.41176274185331 0.42024567161681 0.42064409267921 0.15480463973134 0.30657051845508 0.40255261664388 0.10867541756589 0.43502267965755 0.14031759304681"
General-3-20251226-16:35:52-143610,vector,AdhocNetwork1.host[14].app[1],e2eDelayPeriodicSec,,,"1 2 3 4 5 6 7 8 9 10 11 12 13 14 15 16 17 18 19 20 21 22 23 24 25 26 27 28 29 30 31 32 33 34 35 36 37 38 39 40 41 42 43 44 45 46 47 48 49 50","NaN NaN NaN NaN 0.017648662808 0.017648662808 0.017648662808 NaN 0.035654175715 0.035654175715 0.035654175715 0.020544741257 0.020544741257 0.020544741257 NaN 0.004974005494 0.004974005494 0.004974005494 0.013732792366 0.013732792366 0.013732792366 NaN 0.003219127825 0.003219127825 0.003219127825 NaN 0.003994311713 0.003994311713 0.003994311713 NaN NaN 0.003340557651 0.003340557651 0.003340557651 NaN 0.00240306369 0.00240306369 0.00240306369 NaN 0.002573227713 0.002573227713 0.002573227713 NaN NaN 0.002714204459 0.002714204459 0.002714204459 0.002075066455 0.002075066455 0.002075066455"
General-3-20251226-16:35:52-143610,vector,AdhocNetwork1.host[14].rl,rlReward,,,"1 2 3 4 5 6 7 8 9 10 11 12 13 14 15 16 17 18 19 20 21 22 23 24 25 26 27 28 29 30 31 32 33 34 35 36 37 38 39 40 41 42 43 44 45 46 47 48 49 50","0.33333333333333 0 0.084076277271298 0.079865690824642 0.03610806751008 0.086256085049333 0.03793595408596 0.10403413560101 0.076382293913736 0.094180788148062 0.052632746883094 0.034932349495212 0.042094018599298 0.091825364619188 0.085428826752813 0.027917868898653 0.046472331678222 0.080689753762988 0.065598660779511 0.054416814798026 0.071029626779527 0 0.1028988721621 0.046555161918909 0.06579165905231 0.068086617058611 0.3481426520192 0.3 0.22767409906736 0.37751920010165 0.35567014386545 0.3174317307184 0.33463382602784 0.36506384244597 0.35691856858961 0.34931602459877 0.30725741665516 -0.067714965341011 0.36152379030898 0.20915218040875 0.33945390724137 0.065814426728957 0.3911846513584 0.39057185402586 0.38206334824361 0.34668023756324 0.3529397574975 0.3814978793916 0.36834056287782 0.3801100171019"
General-3-20251226-16:35:52-143610,vector,AdhocNetwork1.host[15].app[1],e2eDelayPeriodicSec,,,"1 2 3 4 5 6 7 8 9 10 11 12 13 14 15 16 17 18 19 20 21 22 23 24 25 26 27 28 29 30 31 32 33 34 35 36 37 38 39 40 41 42 43 44 45 46 47 48 49 50","NaN NaN NaN NaN NaN NaN NaN NaN NaN NaN 0.009827584976 0.009827584976 0.009827584976 0.007282064527 0.007282064527 0.007282064527 NaN 0.008528396766 0.008528396766 0.008528396766 NaN 0.008410473913 0.008410473913 0.008410473913 0.007903957704 0.007903957704 0.007903957704 NaN 0.004832950845 0.004832950845 0.004832950845 0.008803588703 0.008803588703 0.008803588703 NaN 0.011263750672 0.011263750672 0.011263750672 NaN 0.007473164385 0.007473164385 0.007473164385 NaN NaN NaN NaN 0.005186847561 0.005186847561 0.005186847561 NaN"
General-3-20251226-16:35:52-143610,vector,AdhocNetwork1.host[15].rl,rlReward,,,"1 2 3 4 5 6 7 8 9 10 11 12 13 14 15 16 17 18 19 20 21 22 23 24 25 26 27 28 29 30 31 32 33 34 35 36 37 38 39 40 41 42 43 44 45 46 47 48 49 50","0.33333333333333 0 0.048796684837431 0.062549862616247 -0.64308138608542 -0.61872235863014 -0.7 -0.41607710131807 -0.52457787978765 -0.60939137247981 -0.65543451004785 0.1 -0.10845194499671 -0.11180547056478 0.023239724951181 0.16847545680656 0.30979411084808 0.173253292666 0.16797508127846 0.05569444024579 0.16230637657863 0.3 0.21332154382236 0.15785443675 0.1970676610206 0.16426608821902 0.10702791624941 0.15755644702492 0.18199844050003 0.17864070764281 0.15777714073453 0.1 0.1 0.17813090714641 -0.43004487557152 -0.49435937807941 -0.5 -0.34884400541384 -0.42969611405064 -0.66757352171417 -0.42593971467666 0.0083022659882725 0.12985444043384 -0.11905677763415 0.16026013488966 0.31905963726564 0.1 0.071161220682196 0.061990946584208 0.20601575450224"
General-3-20251226-16:35:52-143610,vector,AdhocNetwork1.host[16].app[1],e2eDelayPeriodicSec,,,"1 2 3 4 5 6 7 8 9 10 11 12 13 14 15 16 17 18 19 20 21 22 23 24 25 26 27 28 29 30 31 32 33 34 35 36 37 38 39 40 41 42 43 44 45 46 47 48 49 50","NaN 0.055122623808 0.055122623808 0.055122623808 NaN 0.009826765982 0.009826765982 0.009826765982 NaN NaN NaN NaN 0.009101287559 0.009101287559 0.009101287559 0.01012784316 0.01012784316 0.01012784316 NaN 0.008339834106 0.008339834106 0.008339834106 0.008542175681 0.008542175681 0.008542175681 NaN NaN 0.011674943829 0.011674943829 0.011674943829 NaN NaN 0.007326522872 0.007326522872 0.007326522872 NaN NaN NaN NaN NaN NaN NaN NaN NaN NaN 0.006295997859 0.006295997859 0.006295997859 NaN 0.004605307917"
General-3-20251226-16:35:52-143610,vector,AdhocNetwork1.host[16].rl,rlReward,,,"1 2 3 4 5 6 7 8 9 10 11 12 13 14 15 16 17 18 19 20 21 22 23 24 25 26 27 28 29 30 31 32 33 34 35 36 37 38 39 40 41 42 43 44 45 46 47 48 49 50","0.33333333333333 0 0.11613638997878 0.12341993277333 0.095597171857526 0.11822396635349 0.059285844385724 0.10675036841996 0.11213965194606 0.10714403987164 0.10574818273608 0.081547530342975 0.089837812328719 0.11488914278091 0.11353675094759 0.097040633847889 0.081086798138751 0.10837679863504 0.11417838159977 0.10820003973902 0.091506465980801 0.084951898398372 0.10615385889039 0.10082459782931 0.11124302485312 0.10434653022675 0.067162088770752 0.078891614248015 0.1079462851648 0.10649744175584 0.087691040351584 0.049074353532942 0.041892983426199 0.078057136203182 0.077205110223818 0.060912274599315 0.015483996488746 0.073554895327944 0.052576457534175 0.072127459677107 0.0353752362415 0.023297759343894 0.061083238122096 0.058856572779844 0.076928831854389 0.04965585371314 0.0027181073754792 0.053359342249501 0.074387043680643 0.070882724572769"
General-3-20251226-16:35:52-143610,vector,AdhocNetwork1.host[17].app[1],e2eDelayPeriodicSec,,,"1 2 3 4 5 6 7 8 9 10 11 12 13 14 15 16 17 18 19 20 21 22 23 24 25 26 27 28 29 30 31 32 33 34 35 36 37 38 39 40 41 42 43 44 45 46 47 48 49 50","NaN NaN NaN NaN 0.004523363347 0.004523363347 0.004523363347 0.004057784621 0.004057784621 0.004057784621 NaN NaN 0.007566925691 0.007566925691 0.007566925691 0.002859077324 0.002859077324 0.002859077324 NaN NaN 0.003299040747 0.003299040747 0.003299040747 NaN 0.0026790263 0.0026790263 0.0026790263 NaN NaN 0.003619030251 0.003619030251 0.003619030251 NaN 0.004395266115 0.004395266115 0.004395266115 NaN 0.00305908443 0.00305908443 0.00305908443 0.003095121642 0.003095121642 0.003095121642 NaN NaN 0.00233918422 0.00233918422 0.00233918422 NaN 0.002837214549"
General-3-20251226-16:35:52-143610,vector,AdhocNetwork1.host[17].rl,rlReward,,,"1 2 3 4 5 6 7 8 9 10 11 12 13 14 15 16 17 18 19 20 21 22 23 24 25 26 27 28 29 30 31 32 33 34 35 36 37 38 39 40 41 42 43 44 45 46 47 48 49 50","0.33333333333333 0 0.039965538905008 0.053116195394843 0 0.040235479931669 0 0.063117172155857 0.011993109645586 0.047460130067827 0.004777503844838 0 0.022082547837467 0.35372668729477 0.3372025108699 0.30155077994763 0.31667914170191 0.33786960282085 0.32986503127086 0.33986829089495 0.32004786497221 0.3 0.35599243759739 0.34306245097056 0.35755738557795 0.035638097085189 0.31164149904128 0.33811350629969 0.049728823422038 0.342109180283 0.34491745514118 0.31144849276159 0.32661450622093 0.35356455403556 0.34308761918651 0.32925143629834 0.3 0.35977858969826 0.35426481874491 0.367215355559 0.37330915440094 0.30512714642957 0.36835309398171 -0.10471164728565 0.37642006832755 0.36525952786394 -0.68096509151262 -0.62095361711344 -0.62412529705009 -0.61642215440711"
General-3-20251226-16:35:52-143610,vector,AdhocNetwork1.host[18].app[1],e2eDelayPeriodicSec,,,"1 2 3 4 5 6 7 8 9 10 11 12 13 14 15 16 17 18 19 20 21 22 23 24 25 26 27 28 29 30 31 32 33 34 35 36 37 38 39 40 41 42 43 44 45 46 47 48 49 50","NaN 0.02237265842 0.02237265842 0.02237265842 NaN NaN NaN 0.007050716534 0.007050716534 0.007050716534 0.013559927402 0.013559927402 0.013559927402 NaN 0.009510567499 0.009510567499 0.009510567499 NaN 0.005069944186 0.005069944186 0.005069944186 NaN 0.005644089434 0.005644089434 0.005644089434 0.006349543554 0.006349543554 0.006349543554 NaN 0.00475674497 0.00475674497 0.00475674497 NaN 0.007077502867 0.007077502867 0.007077502867 NaN NaN NaN NaN NaN NaN NaN NaN NaN NaN 3.003857666272 3.003857666272 3.003857666272 NaN"
General-3-20251226-16:35:52-143610,vector,AdhocNetwork1.host[18].rl,rlReward,,,"1 2 3 4 5 6 7 8 9 10 11 12 13 14 15 16 17 18 19 20 21 22 23 24 25 26 27 28 29 30 31 32 33 34 35 36 37 38 39 40 41 42 43 44 45 46 47 48 49 50","0.33333333333333 0 0.09720738454544 -0.10364247149803 0.016906145369324 0.097261510600792 0.03721478209477 0.34802683551472 0.38057892160969 0.37343374550147 0.36213120561823 0.33234078084069 0.36055628929798 0.38800390111774 0.34785024374128 0.36169343226859 0.34280643564526 0.3920586450519 0.36468540491118 0.37672878273573 0.3808393054297 0.33363385968457 0.38296669823024 0.3584857817568 0.37973042369646 0.37823435469486 0.34797855096102 0.3632972341082 0.10735333425291 -0.081096724597832 0.080264246770717 0.055613783585622 0.38211070766021 0.37122451639983 0.37839173347639 0.37847763276556 0.36770043277489 0.39188312788974 0.39461517151465 0.40321402503039 0.37729973358992 0.36896735432517 0.39502347203195 0.40061213184388 0.33400708736015 0.10472884033952 0.077924874083613 0.38871898481055 0.40797976221536 0.39528488848343"
General-3-20251226-16:35:52-143610,vector,AdhocNetwork1.host[19].app[1],e2eDelayPeriodicSec,,,"1 2 3 4 5 6 7 8 9 10 11 12 13 14 15 16 17 18 19 20 21 22 23 24 25 26 27 28 29 30 31 32 33 34 35 36 37 38 39 40 41 42 43 44 45 46 47 48 49 50","NaN 0.071620494373 0.071620494373 0.071620494373 0.002357410685 0.002357410685 0.002357410685 NaN NaN 0.002656683867 0.002656683867 0.002656683867 NaN 0.002536518558 0.002536518558 0.002536518558 NaN NaN 0.002576913091 0.002576913091 0.002576913091 NaN NaN 0.002577870663 0.002577870663 0.002577870663 NaN 0.002298919218 0.002298919218 0.002298919218 0.002998114699 0.002998114699 0.002998114699 NaN NaN NaN NaN NaN 0.004202831683 0.004202831683 0.004202831683 NaN 0.005135591491 0.005135591491 0.005135591491 0.007163432429 0.007163432429 0.007163432429 NaN NaN"
General-3-20251226-16:35:52-143610,vector,AdhocNetwork1.host[19].rl,rlReward,,,"1 2 3 4 5 6 7 8 9 10 11 12 13 14 15 16 17 18 19 20 21 22 23 24 25 26 27 28 29 30 31 32 33 34 35 36 37 38 39 40 41 42 43 44 45 46 47 48 49 50","0.33333333333333 0 0.1263358669915 0.1405787885727 0.016991965211886 0.10945474216377 0.087915684938486 0.12020103635239 0.11528369383907 0.1106318061333 0.087743703077082 0.085172482460161 0.11496296518987 0.11257387288361 0.093344204181819 0.11136185424591 0.097726547523123 0.11559813747666 0.11117105827148 0.12093001923591 0.12018943386203 -0.59650941456258 -0.32521958841074 -0.56750582820678 -0.55500073752081 -0.55258043907265 -0.58318920210053 -0.60483364916538 -0.554550047325 -0.58949872855556 -0.45676192227157 0.080762405224798 0.10303345337065 0.13104503165172 0.28138563083331 0.12419086034703 0.24402872381702 -0.025181985092882 0.30194104460716 0.3158171618899 0.42082239493349 0.27456202784355 0.30441836189793 0.31844261049547 0.32712521019545 0.30245191360256 0.23795411166171 0.13806805881659 0.13791146767167 0.29751724926112"
General-3-20251226-16:35:52-143610,vector,AdhocNetwork1.host[20].app[1],e2eDelayPeriodicSec,,,"1 2 3 4 5 6 7 8 9 10 11 12 13 14 15 16 17 18 19 20 21 22 23 24 25 26 27 28 29 30 31 32 33 34 35 36 37 38 39 40 41 42 43 44 45 46 47 48 49 50","NaN 0.007857609857 0.007857609857 0.007857609857 0.00290450368 0.00290450368 0.00290450368 0.002398568175 0.002398568175 0.002398568175 0.003337993199 0.003337993199 0.003337993199 NaN 0.002897600358 0.002897600358 0.002897600358 NaN 0.00479897734 0.00479897734 0.00479897734 NaN NaN 0.002317709199 0.002317709199 0.002317709199 0.003038222954 0.003038222954 0.003038222954 NaN 0.002199223947 0.002199223947 0.002199223947 0.002040164524 0.002040164524 0.002040164524 NaN NaN NaN NaN NaN NaN NaN NaN NaN NaN 0.006598131768 0.006598131768 0.006598131768 0.022424051786"
General-3-20251226-16:35:52-143610,vector,AdhocNetwork1.host[20].rl,rlReward,,,"1 2 3 4 5 6 7 8 9 10 11 12 13 14 15 16 17 18 19 20 21 22 23 24 25 26 27 28 29 30 31 32 33 34 35 36 37 38 39 40 41 42 43 44 45 46 47 48 49 50","0.33333333333333 0 0.082144381964772 0.081295026368285 0 0.10783526470221 -0.1464378767925 0.034859676280971 -0.6084217241738 -0.57641554254882 -0.5952613033637 0.3416012472563 0.36165744453483 0.38454678767555 0.37304593263527 0.37185792357767 0.33994994730528 0.34794589095464 0.35517136860629 0.34807496016408 0.3623482112889 0.30419359770069 0.37743583514629 0.33262654594745 0.35559671329926 0.36049480369752 0.32814905707904 0.30232553334112 0.37352165299803 0.37244672384646 0.32186605306224 0.30787659155125 0.31078019080632 0.31474423453118 0.30994612829369 0.30854979843369 0.3 0.38260802268421 0.34468427032207 0.35323645803127 0.35430882351825 0.33110434907133 0.35377735892134 0.36508671998622 -0.62609053196987 -0.7 -0.7 -0.63735555381436 -0.63709091743114 -0.63668863906778"
General-3-20251226-16:35:52-143610,vector,AdhocNetwork1.host[21].app[1],e2eDelayPeriodicSec,,,"1 2 3 4 5 6 7 8 9 10 11 12 13 14 15 16 17 18 19 20 21 22 23 24 25 26 27 28 29 30 31 32 33 34 35 36 37 38 39 40 41 42 43 44 45 46 47 48 49 50","NaN NaN NaN NaN 0.032615122613 0.032615122613 0.032615122613 NaN 0.005525063695 0.005525063695 0.005525063695 NaN 0.005456217749 0.005456217749 0.005456217749 NaN NaN 0.005604237681 0.005604237681 0.005604237681 0.006092275905 0.006092275905 0.006092275905 NaN NaN 0.00587266372 0.00587266372 0.00587266372 NaN 0.004516701995 0.004516701995 0.004516701995 NaN NaN 0.002718763283 0.002718763283 0.002718763283 0.002657960262 0.002657960262 0.002657960262 NaN 0.003421452706 0.003421452706 0.003421452706 NaN NaN 0.003076156029 0.003076156029 0.003076156029 0.003155638702"
General-3-20251226-16:35:52-143610,vector,AdhocNetwork1.host[21].rl,rlReward,,,"1 2 3 4 5 6 7 8 9 10 11 12 13 14 15 16 17 18 19 20 21 22 23 24 25 26 27 28 29 30 31 32 33 34 35 36 37 38 39 40 41 42 43 44 45 46 47 48 49 50","0.33333333333333 0 0.089724691599825 0.37463532880529 0.0038215684185287 -0.52569619420586 -0.63269566146969 -0.63000136836377 -0.60796059977212 -0.63010801633881 -0.39292500738294 0.0034115525421253 0.081810092212668 0.36305409152841 0.056886147957303 0.35059159626226 0.10951971886625 0.053837393027767 -0.11982690158756 0.049549654704616 0.3421066945474 0.1 0.3613359323951 0.34802601133949 0.33893499737218 0.33270126718936 -0.66666666666667 -0.65216768106425 -0.63064114344845 -0.57762355655172 -0.7 0.10844036452541 0.3 0.1 0.3 0.1 0 0.41277835943184 0.19287024511384 0.3444529371619 0.2453754667336 0.034336548357173 0.35948214247055 0.11804336953593 0.38229987074884 0.19572597160876 0.35180667863778 0.20635558456347 0.38143114858106 0.10805601849634"
General-3-20251226-16:35:52-143610,vector,AdhocNetwork1.host[22].app[1],e2eDelayPeriodicSec,,,"1 2 3 4 5 6 7 8 9 10 11 12 13 14 15 16 17 18 19 20 21 22 23 24 25 26 27 28 29 30 31 32 33 34 35 36 37 38 39 40 41 42 43 44 45 46 47 48 49 50","NaN NaN NaN NaN NaN NaN NaN 0.012670836971 0.012670836971 0.012670836971 0.007236809627 0.007236809627 0.007236809627 NaN 0.006926170074 0.006926170074 0.006926170074 NaN 0.00638071902 0.00638071902 0.00638071902 NaN NaN 0.005040523526 0.005040523526 0.005040523526 NaN 0.006255739048 0.006255739048 0.006255739048 NaN 0.006355618018 0.006355618018 0.006355618018 NaN 0.007081749653 0.007081749653 0.007081749653 NaN 0.009666039915 0.009666039915 0.009666039915 0.005439590635 0.005439590635 0.005439590635 NaN 0.006008666151 0.006008666151 0.006008666151 NaN"
General-3-20251226-16:35:52-143610,vector,AdhocNetwork1.host[22].rl,rlReward,,,"1 2 3 4 5 6 7 8 9 10 11 12 13 14 15 16 17 18 19 20 21 22 23 24 25 26 27 28 29 30 31 32 33 34 35 36 37 38 39 40 41 42 43 44 45 46 47 48 49 50","0.33333333333333 0 0.15572505752639 0.14665719173775 0.11627171513422 0.15288791678158 0.40764247519486 0.135569426074 0.10217903537874 0.15159259141198 0.11268545230058 0.11998524404795 0.12904607183468 -0.013880520982224 0.13705016649069 0.11525538851301 0.12134917805892 0.13861640232746 0.13597902029275 0.12321027798722 0.14262061816811 -0.090585347306666 0.13943343168253 0.1421614623194 0.13006059992335 0.12152504616834 0.12674054291154 0.10467992584684 0.13860819781882 0.14131861992954 0.12994363184004 0.11118415919957 0.11340982967683 0.13706877687288 0.11445884291955 0.1014223724269 0.11233726328022 0.14729292669436 0.13273014568944 0.14332033287402 0.1065216710465 0.12196012365847 0.13915504806475 0.13615205487291 0.14765316971189 0.14062812086135 0.1287800938587 0.10831692640953 -0.51564172152311 -0.51241410530148"
General-3-20251226-16:35:52-143610,vector,AdhocNetwork1.host[23].app[1],e2eDelayPeriodicSec,,,"1 2 3 4 5 6 7 8 9 10 11 12 13 14 15 16 17 18 19 20 21 22 23 24 25 26 27 28 29 30 31 32 33 34 35 36 37 38 39 40 41 42 43 44 45 46 47 48 49 50","NaN 0.007262201959 0.007262201959 0.007262201959 NaN 0.003097787056 0.003097787056 0.003097787056 NaN 0.002873922849 0.002873922849 0.002873922849 0.002215023682 0.002215023682 0.002215023682 NaN NaN 0.002596348733 0.002596348733 0.002596348733 NaN 0.002577711837 0.002577711837 0.002577711837 NaN NaN 0.004615234943 0.004615234943 0.004615234943 NaN 0.003247142062 0.003247142062 0.003247142062 NaN NaN NaN 0.015716593783 0.015716593783 0.015716593783 NaN NaN 0.03465774314 0.03465774314 0.03465774314 0.005097020892 0.005097020892 0.005097020892 NaN NaN 0.005092128997"
General-3-20251226-16:35:52-143610,vector,AdhocNetwork1.host[23].rl,rlReward,,,"1 2 3 4 5 6 7 8 9 10 11 12 13 14 15 16 17 18 19 20 21 22 23 24 25 26 27 28 29 30 31 32 33 34 35 36 37 38 39 40 41 42 43 44 45 46 47 48 49 50","0.33333333333333 0 0.14015692560494 0.14561547599367 -0.55566976026163 -0.55159397483879 -0.58578750284715 -0.59093533154897 -0.33147993129441 -0.5428252117813 -0.58968978252163 -0.096170184536246 0.41953282384977 -0.48412871218978 -0.57027253226097 -0.55791872283414 -0.3993626167364 -0.47502415060316 -0.61175232440517 -0.59253846803354 -0.35873976947156 0.042584290544876 -0.48538864956897 -0.51029814017503 -0.40813930464943 -0.61715864027125 -0.63376086829835 -0.38472066320144 -0.55775050376451 -0.61316662558047 -0.60042814712514 0.16472487835625 -0.12251803353175 0.20327684868006 0.080216873698789 0.19780700546784 0.31685557287225 -0.079716055149153 0.22515088407859 0.087090016148464 0.18942438190399 -0.12983872034652 0.39411385777425 0.087126013143717 0.22520865257214 0.24091808127035 0.35084614515384 -0.11408759545409 0.1000839867641 0.24447215056515"
General-3-20251226-16:35:52-143610,vector,AdhocNetwork1.host[24].app[1],e2eDelayPeriodicSec,,,"1 2 3 4 5 6 7 8 9 10 11 12 13 14 15 16 17 18 19 20 21 22 23 24 25 26 27 28 29 30 31 32 33 34 35 36 37 38 39 40 41 42 43 44 45 46 47 48 49 50","NaN NaN NaN NaN 0.032718647712 0.032718647712 0.032718647712 0.004531849049 0.004531849049 0.004531849049 NaN NaN 0.005289972351 0.005289972351 0.005289972351 NaN 0.005357955235 0.005357955235 0.005357955235 NaN NaN NaN NaN 0.006700515898 0.006700515898 0.006700515898 NaN 0.006701421042 0.006701421042 0.006701421042 NaN NaN NaN NaN NaN NaN NaN NaN NaN NaN NaN NaN NaN 0.024910768099 0.024910768099 0.024910768099 NaN NaN NaN NaN"
General-3-20251226-16:35:52-143610,vector,AdhocNetwork1.host[24].rl,rlReward,,,"1 2 3 4 5 6 7 8 9 10 11 12 13 14 15 16 17 18 19 20 21 22 23 24 25 26 27 28 29 30 31 32 33 34 35 36 37 38 39 40 41 42 43 44 45 46 47 48 49 50","0.33333333333333 0 0.14772542169604 0.14080204683589 -0.58831664962695 -0.54217788350398 -0.58972737561034 -0.59076077812062 -0.39742952511097 -0.44554982943944 -0.59471038063964 0.10253692341712 0.26441454698341 -0.034959010018104 0.29253078014275 0.40115685480362 0.10557219438929 0.27970830998002 0.29899701502979 0.30315001443718 0.30558936768299 0.25611677161725 0.32936167382689 0.29646545692608 0.30227675803835 0.33820962675597 0.29885867505267 0.28160398305667 0.31731884333758 0.33106631337141 0.33775687012917 0.28993357687829 0.32008075146358 0.34611399902548 0.33946591162257 0.34595998927885 0.29147040747287 0.34501912973486 0.35034413340387 0.35521597506067 0.33714316462326 0.26935647461858 0.34112314983707 0.31276715527576 0.34350143368457 0.3402000247486 0.30200651702416 0.33420484533269 0.29752159043219 0.33531931586349"
General-4-20251226-16:35:52-143611,vector,AdhocNetwork1.host[0].app[1],e2eDelayPeriodicSec,,,"1 2 3 4 5 6 7 8 9 10 11 12 13 14 15 16 17 18 19 20 21 22 23 24 25 26 27 28 29 30 31 32 33 34 35 36 37 38 39 40 41 42 43 44 45 46 47 48 49 50","NaN NaN NaN NaN NaN NaN NaN NaN NaN NaN 0.034088366145 0.034088366145 0.034088366145 NaN 0.007042457097 0.007042457097 0.007042457097 NaN 0.013487540208 0.013487540208 0.013487540208 NaN 0.007148285902 0.007148285902 0.007148285902 NaN NaN 0.003175116599 0.003175116599 0.003175116599 0.004530938493 0.004530938493 0.004530938493 NaN NaN 0.002990886826 0.002990886826 0.002990886826 NaN NaN 0.004128066091 0.004128066091 0.004128066091 NaN 0.00433750088 0.00433750088 0.00433750088 NaN NaN 0.029376972221"
General-4-20251226-16:35:52-143611,vector,AdhocNetwork1.host[0].rl,rlReward,,,"1 2 3 4 5 6 7 8 9 10 11 12 13 14 15 16 17 18 19 20 21 22 23 24 25 26 27 28 29 30 31 32 33 34 35 36 37 38 39 40 41 42 43 44 45 46 47 48 49 50","0.33333333333333 0 0.37931079657911 0.40132213067595 -0.63506853378745 -0.62849480781992 -0.64032934236756 -0.37084719438132 -0.61679262205201 -0.51103650476622 -0.59389323827048 0.35556179805505 0.080260478515266 -0.5476206640677 -0.57849869121544 -0.62192516999546 -0.3686002455975 -0.52845543561543 -0.59937691290436 -0.54844965021397 -0.36869612652946 -0.094595769566367 0.38270605764984 0.10164927112589 0.22750377270587 0.40147966311843 0.36381257843749 0.358542056485 0.3945746722315 0.37153301340623 0.3471867412447 0.73551100979556 0.36507920105646 0.38489523802323 0.37465007672426 0.34130721028237 0.33211383203517 0.34679729137571 0.36981422314806 0.38637573652886 0.34061870342582 0.32289663949515 0.38437195588447 0.060496259691996 0.36210207369585 0.37904978699325 0.30931072417695 0.31329824758049 0.35356025727287 0.3385327848587"
General-4-20251226-16:35:52-143611,vector,AdhocNetwork1.host[1].app[1],e2eDelayPeriodicSec,,,"1 2 3 4 5 6 7 8 9 10 11 12 13 14 15 16 17 18 19 20 21 22 23 24 25 26 27 28 29 30 31 32 33 34 35 36 37 38 39 40 41 42 43 44 45 46 47 48 49 50","NaN NaN NaN NaN 0.021434617643 0.021434617643 0.021434617643 NaN 0.005189586634 0.005189586634 0.005189586634 NaN NaN 0.004151648915 0.004151648915 0.004151648915 NaN 0.005237852478 0.005237852478 0.005237852478 NaN NaN 0.005450893422 0.005450893422 0.005450893422 NaN NaN NaN NaN NaN NaN NaN NaN NaN NaN 0.00752978405 0.00752978405 0.00752978405 NaN 0.005209937882 0.005209937882 0.005209937882 NaN 0.005527627043 0.005527627043 0.005527627043 0.014221640855 0.014221640855 0.014221640855 NaN"
General-4-20251226-16:35:52-143611,vector,AdhocNetwork1.host[1].rl,rlReward,,,"1 2 3 4 5 6 7 8 9 10 11 12 13 14 15 16 17 18 19 20 21 22 23 24 25 26 27 28 29 30 31 32 33 34 35 36 37 38 39 40 41 42 43 44 45 46 47 48 49 50","0.33333333333333 0 0.037732534152877 0.058184715922994 -0.5 -0.57971684898933 -0.61092944702299 -0.63715345734193 -0.49327723073615 -0.59865812732799 -0.59007398850263 -0.12927222905935 0.22428593105628 0.073861710692943 0.37344212840289 0.21064816715714 0.16462644281633 0.34056167151172 0.069990792615737 -0.10036483343764 0.21039713248571 0.024180287329859 0.32930939840048 0.36499118216497 0.36004382949842 0.35631105102161 -0.7 -0.65763717627552 -0.65105911580847 -0.65485106527243 -0.44671490104221 0.10257330181623 0.34042604497406 0.18170890921126 -0.13670474468408 0.13486542813367 0.3 0.15308574107121 0.20737658764823 0.057883692693139 0.35611897785395 -0.2 0.20321621890076 0.1660804335973 0.21865178180284 0.15798194000577 0.1 0.15155617153515 0.19156830914626 0.18374462425313"
General-4-20251226-16:35:52-143611,vector,AdhocNetwork1.host[2].app[1],e2eDelayPeriodicSec,,,"1 2 3 4 5 6 7 8 9 10 11 12 13 14 15 16 17 18 19 20 21 22 23 24 25 26 27 28 29 30 31 32 33 34 35 36 37 38 39 40 41 42 43 44 45 46 47 48 49 50","NaN NaN NaN NaN 0.109187989239 0.109187989239 0.109187989239 NaN NaN NaN NaN NaN NaN 0.010733596116 0.010733596116 0.010733596116 NaN 0.013004817162 0.013004817162 0.013004817162 NaN NaN NaN NaN NaN NaN NaN NaN NaN NaN 0.008017728638 0.008017728638 0.008017728638 NaN 0.007898172593 0.007898172593 0.007898172593 NaN NaN NaN 0.011005362638 0.011005362638 0.011005362638 NaN NaN NaN NaN 0.008321343291 0.008321343291 0.008321343291"
General-4-20251226-16:35:52-143611,vector,AdhocNetwork1.host[2].rl,rlReward,,,"1 2 3 4 5 6 7 8 9 10 11 12 13 14 15 16 17 18 19 20 21 22 23 24 25 26 27 28 29 30 31 32 33 34 35 36 37 38 39 40 41 42 43 44 45 46 47 48 49 50","0.33333333333333 0 0.03109597551045 0.36015602224616 -0.68891293932458 -0.44730038471728 -0.58073110368095 -0.65694588153709 -0.63123539145605 -0.65675876921445 -0.62232521102928 0.1 -0.13988299736122 0.18793200207481 0.040527808208302 0.050093584617636 0.015053369835596 0.012291930865008 0.041272747221628 0.059639824241587 0.043039433527221 0.0088462933334125 0.038222238802336 0.053455548524404 0.02339113140251 0.037171464924035 0.3 0.33501314076128 0.35058936329215 0.3465187421651 -0.69767084790556 0.3 0.10857137548828 0.32285363298818 0.33395381429446 0.3 0.31759775985891 0.35680298483231 0.35424023969402 0.33941085722588 0.35181474692597 0.3 0.37187754767907 0.38011972583662 0.38900525786364 0.33966353088819 0.34192009419151 0.37546292471956 0.37412334563329 0.22469982527552"
General-4-20251226-16:35:52-143611,vector,AdhocNetwork1.host[3].app[1],e2eDelayPeriodicSec,,,"1 2 3 4 5 6 7 8 9 10 11 12 13 14 15 16 17 18 19 20 21 22 23 24 25 26 27 28 29 30 31 32 33 34 35 36 37 38 39 40 41 42 43 44 45 46 47 48 49 50","NaN 0.007045408327 0.007045408327 0.007045408327 0.003037365826 0.003037365826 0.003037365826 NaN NaN 0.002918531419 0.002918531419 0.002918531419 NaN NaN 0.002559716061 0.002559716061 0.002559716061 NaN 0.002500761407 0.002500761407 0.002500761407 0.005153991407 0.005153991407 0.005153991407 NaN NaN 0.005055228021 0.005055228021 0.005055228021 NaN 0.004509731981 0.004509731981 0.004509731981 NaN 0.004951913209 0.004951913209 0.004951913209 NaN NaN NaN NaN 0.008971610135 0.008971610135 0.008971610135 NaN NaN NaN NaN NaN NaN"
General-4-20251226-16:35:52-143611,vector,AdhocNetwork1.host[3].rl,rlReward,,,"1 2 3 4 5 6 7 8 9 10 11 12 13 14 15 16 17 18 19 20 21 22 23 24 25 26 27 28 29 30 31 32 33 34 35 36 37 38 39 40 41 42 43 44 45 46 47 48 49 50","0.33333333333333 0 0.039021214884401 0.060796242039735 0.3 0.022981218841142 0.016997459840611 0.043565613917422 0.043383531521169 0.33710202224264 0.34074521097893 0.31109693735465 0.34717772532712 0.35954126876782 0.34244120033318 0.33709566786807 0.31348259013166 0.30693080785561 0.31151347801797 0.35237404030186 0.32396507595583 0.3 0.32529147148204 0.3555262954628 0.3254701890022 0.33411849668656 0.3 0.34002687020257 0.36775742979962 0.75787406779418 0.35835385653468 0.34686860729781 0.35505394446078 0.3800429754927 -0.22252285574087 -0.65657254326486 -0.65235477801115 -0.6165805900279 -0.62876744803685 -0.60978226105531 -0.6110812704731 0.32010368678324 0.38667092045692 0.38584460670716 0.38737061212051 0.37802576199674 0.34624514897659 0.37330927360451 0.38294266104591 0.38116135160445"
General-4-20251226-16:35:52-143611,vector,AdhocNetwork1.host[4].app[1],e2eDelayPeriodicSec,,,"1 2 3 4 5 6 7 8 9 10 11 12 13 14 15 16 17 18 19 20 21 22 23 24 25 26 27 28 29 30 31 32 33 34 35 36 37 38 39 40 41 42 43 44 45 46 47 48 49 50","NaN NaN NaN NaN NaN NaN NaN NaN NaN NaN NaN NaN NaN 3.006648175244 3.006648175244 3.006648175244 NaN 0.006809227488 0.006809227488 0.006809227488 NaN 0.006242060235 0.006242060235 0.006242060235 NaN 0.007338574408 0.007338574408 0.007338574408 NaN 0.006781590852 0.006781590852 0.006781590852 0.005748392437 0.005748392437 0.005748392437 NaN 0.005003247135 0.005003247135 0.005003247135 NaN NaN 0.005491126937 0.005491126937 0.005491126937 NaN 0.004240441364 0.004240441364 0.004240441364 0.004294264748 0.004294264748"
General-4-20251226-16:35:52-143611,vector,AdhocNetwork1.host[4].rl,rlReward,,,"1 2 3 4 5 6 7 8 9 10 11 12 13 14 15 16 17 18 19 20 21 22 23 24 25 26 27 28 29 30 31 32 33 34 35 36 37 38 39 40 41 42 43 44 45 46 47 48 49 50","0.33333333333333 0 0.060503880763046 0.075009988424601 0.045616265420991 0.05553101409751 0.0095499075368982 0.17663175450263 0.068737000469522 0.056353793779485 0 0.12864181664991 0.051180201772712 0.053446066673686 0.065397886774745 0.14736632096011 0.13352084674253 0.15344745019554 0.1742997654434 0.17135992438074 0.19242788790161 0.12493977479103 0.12037006116017 0.19693871029028 0.16544501465329 0.14784419119092 0.1 0.18611291768564 0.1833238280442 0.16813465473029 -0.62904587118474 0.3 0.17122857587627 0.20618628545826 0.13359985200741 0.12847166886747 0.1 0.150790783368 0.1768916843544 0.17086622009219 0.17339744308355 0.1 0.24255065977576 0.22530917498363 0.27482554988621 0.21980339719007 0.16157557775611 0.22397351743281 0.2455803964256 0.222604938887"
General-4-20251226-16:35:52-143611,vector,AdhocNetwork1.host[5].app[1],e2eDelayPeriodicSec,,,"1 2 3 4 5 6 7 8 9 10 11 12 13 14 15 16 17 18 19 20 21 22 23 24 25 26 27 28 29 30 31 32 33 34 35 36 37 38 39 40 41 42 43 44 45 46 47 48 49 50","NaN NaN NaN NaN NaN NaN NaN 3.00825096956 3.00825096956 3.00825096956 NaN 0.007941006131 0.007941006131 0.007941006131 NaN NaN NaN NaN 0.008552323353 0.008552323353 0.008552323353 NaN 0.007590910051 0.007590910051 0.007590910051 NaN NaN 0.015129443994 0.015129443994 0.015129443994 NaN NaN 0.004988263812 0.004988263812 0.004988263812 NaN 0.006587792365 0.006587792365 0.006587792365 NaN 0.0099183616 0.0099183616 0.0099183616 NaN NaN 0.007658825922 0.007658825922 0.007658825922 NaN 0.004958904956"
General-4-20251226-16:35:52-143611,vector,AdhocNetwork1.host[5].rl,rlReward,,,"1 2 3 4 5 6 7 8 9 10 11 12 13 14 15 16 17 18 19 20 21 22 23 24 25 26 27 28 29 30 31 32 33 34 35 36 37 38 39 40 41 42 43 44 45 46 47 48 49 50","0.33333333333333 0 0.048013844545647 0.060011249573367 0.025977689215144 -0.65324783937359 -0.65285230302911 -0.66666666666667 -0.40546357917699 -0.52627202927263 -0.66666666666667 0.0049206227966641 0.10661309011477 0.20050216959318 0.0043681694637383 -0.17248689354797 0.31526393065921 0.018459855514225 0.1 0.2052814311133 0.339811948692 0.11012331442972 0.067140210943584 0.018271662720797 -0.14859007955172 0.17379220707762 0.3 0.15698102298685 0.21445496175977 0.20803295210811 0.12963136351952 0.14066173831452 0.15735157296668 0.19733605055806 0.17944242307566 0.10975270609332 0.1 0.14305401919366 0.046267750606902 0.3613614328228 0.16185411330648 0.1 0.3695538608843 0.38514843959015 0.37819438203032 0.3409115924848 0.3373520034955 0.34001511072039 0.37975091212206 0.37624863438602"
General-4-20251226-16:35:52-143611,vector,AdhocNetwork1.host[6].app[1],e2eDelayPeriodicSec,,,"1 2 3 4 5 6 7 8 9 10 11 12 13 14 15 16 17 18 19 20 21 22 23 24 25 26 27 28 29 30 31 32 33 34 35 36 37 38 39 40 41 42 43 44 45 46 47 48 49 50","NaN NaN NaN NaN NaN NaN NaN 0.013991895044 0.013991895044 0.013991895044 NaN NaN 0.029896813422 0.029896813422 0.029896813422 NaN 0.006719927622 0.006719927622 0.006719927622 NaN NaN NaN NaN NaN NaN NaN NaN NaN NaN NaN 0.008824772678 0.008824772678 0.008824772678 NaN 0.007483655646 0.007483655646 0.007483655646 NaN 0.00451149722 0.00451149722 0.00451149722 NaN NaN 0.00768717556 0.00768717556 0.00768717556 0.005630331647 0.005630331647 0.005630331647 NaN"
General-4-20251226-16:35:52-143611,vector,AdhocNetwork1.host[6].rl,rlReward,,,"1 2 3 4 5 6 7 8 9 10 11 12 13 14 15 16 17 18 19 20 21 22 23 24 25 26 27 28 29 30 31 32 33 34 35 36 37 38 39 40 41 42 43 44 45 46 47 48 49 50","0.33333333333333 0 0.049395259932946 0.061288986616764 -0.13706180745164 0.064466805616487 -0.2 0.0212585318165 0.067793810810912 0.05763509361453 0.018814588645497 0.038291063752189 0.11712994870519 0.069376633053188 0.029686954032959 -0.14071751976166 0.020424495405698 0.0017055632110151 0.043107777252709 0.062166819446659 0.04571872323514 0.1 0.2193373015651 0.19715182591546 0.19621945047117 0.2081744134645 0.13365689082298 0.18140030000391 0.20834960523284 0.19864845320601 0.1 0.12253460355741 0.17619147589092 0.15858779556802 0.1360159984012 0.11498995493075 0.1 0.13183806248428 0.16626389626089 0.17951969694732 0.17484769652884 0.1 0.19681448260524 0.19115198870343 0.37381465047168 0.13312545324445 0.11591097416704 0.15322943616477 0.19314439406946 0.19820160275405"
General-4-20251226-16:35:52-143611,vector,AdhocNetwork1.host[7].app[1],e2eDelayPeriodicSec,,,"1 2 3 4 5 6 7 8 9 10 11 12 13 14 15 16 17 18 19 20 21 22 23 24 25 26 27 28 29 30 31 32 33 34 35 36 37 38 39 40 41 42 43 44 45 46 47 48 49 50","NaN NaN NaN NaN NaN NaN NaN NaN NaN NaN 0.044039035516 0.044039035516 0.044039035516 0.007280923594 0.007280923594 0.007280923594 NaN 0.004964754997 0.004964754997 0.004964754997 NaN 0.005288045533 0.005288045533 0.005288045533 NaN 0.005599837516 0.005599837516 0.005599837516 NaN NaN 0.004725691237 0.004725691237 0.004725691237 NaN 0.003199512179 0.003199512179 0.003199512179 NaN 0.002902406982 0.002902406982 0.002902406982 NaN NaN 0.003097869962 0.003097869962 0.003097869962 0.003854593159 0.003854593159 0.003854593159 NaN"
General-4-20251226-16:35:52-143611,vector,AdhocNetwork1.host[7].rl,rlReward,,,"1 2 3 4 5 6 7 8 9 10 11 12 13 14 15 16 17 18 19 20 21 22 23 24 25 26 27 28 29 30 31 32 33 34 35 36 37 38 39 40 41 42 43 44 45 46 47 48 49 50","0.33333333333333 0 0.060374652631978 0.070661697387811 0.035310682641647 0.067905599466488 0.021218147180532 0.048807250127225 0.063489269437241 0.35451744550422 0 0.32336495288726 0.34397812714433 0.35912107133413 0.34580572952397 0.35210016818965 0.3225932386255 0.34208656970144 0.34242909594321 0.3590872754924 0.35747631132206 0.31850879885048 0.36830397389147 -0.68994573818106 -0.64454190744106 -0.66173266988928 -0.7 -0.68171883105955 -0.64598648707708 -0.62988654937702 -0.69587133246419 0.3 0.34754613442824 0.34361641032541 0.33473202005259 0.31110277918516 0.014022179142715 0.33608056629382 0.34143717897108 0.36959340037936 0.32846728888428 0.3 0.37703725989544 0.34039400384357 0.33430167654149 0.36633352076044 0.3 0.3072430131803 0.38354870027669 0.3593640909371"
General-4-20251226-16:35:52-143611,vector,AdhocNetwork1.host[8].app[1],e2eDelayPeriodicSec,,,"1 2 3 4 5 6 7 8 9 10 11 12 13 14 15 16 17 18 19 20 21 22 23 24 25 26 27 28 29 30 31 32 33 34 35 36 37 38 39 40 41 42 43 44 45 46 47 48 49 50","NaN 0.004721475072 0.004721475072 0.004721475072 NaN 0.003159088922 0.003159088922 0.003159088922 NaN NaN 0.002539074465 0.002539074465 0.002539074465 NaN NaN 0.002239060238 0.002239060238 0.002239060238 NaN 0.002699049581 0.002699049581 0.002699049581 NaN NaN 0.002259039526 0.002259039526 0.002259039526 0.003439032774 0.003439032774 0.003439032774 NaN 0.002917591485 0.002917591485 0.002917591485 0.002499053354 0.002499053354 0.002499053354 NaN NaN 0.002679063488 0.002679063488 0.002679063488 NaN 0.00265874241 0.00265874241 0.00265874241 NaN 0.003491116975 0.003491116975 0.003491116975"
General-4-20251226-16:35:52-143611,vector,AdhocNetwork1.host[8].rl,rlReward,,,"1 2 3 4 5 6 7 8 9 10 11 12 13 14 15 16 17 18 19 20 21 22 23 24 25 26 27 28 29 30 31 32 33 34 35 36 37 38 39 40 41 42 43 44 45 46 47 48 49 50","0.33333333333333 0 0.090551215177475 0.10728554861881 -0.66666666666667 -0.56833668894221 -0.65950661731074 -0.58401401450362 -0.35351231604954 -0.48533955728044 -0.60981633485865 0.33841796325754 0.37643600971556 0.36265068942889 0.38393939398378 0.37336182240969 0.36282741557879 0.3 0.36438973943392 0.39671600748002 0.38266100408506 0.32926863367473 0.36298100858611 0.36814252403144 0.34666701987115 0.38467743585689 0.3 0.36075869072639 0.36152237717485 0.34788218589649 0.21605656669294 0.31548068734151 0.33539171929664 0.36364066016663 0.35667617880673 0.35465392269851 -0.19216755589252 0.3356196459354 0.35538342117696 0.36699315375751 0.067807059102123 0.3 0.39317372341291 0.083763017737951 0.39115043296671 0.35372713562867 0.34579347496613 0.32571772651837 0.39148015155843 0.3772827254721"
General-4-20251226-16:35:52-143611,vector,AdhocNetwork1.host[9].app[1],e2eDelayPeriodicSec,,,"1 2 3 4 5 6 7 8 9 10 11 12 13 14 15 16 17 18 19 20 21 22 23 24 25 26 27 28 29 30 31 32 33 34 35 36 37 38 39 40 41 42 43 44 45 46 47 48 49 50","NaN NaN NaN NaN 0.112100170408 0.112100170408 0.112100170408 0.011515023149 0.011515023149 0.011515023149 NaN 0.008117144256 0.008117144256 0.008117144256 NaN NaN 0.01283474748 0.01283474748 0.01283474748 0.008266531336 0.008266531336 0.008266531336 NaN 0.006943222404 0.006943222404 0.006943222404 NaN 0.006988820876 0.006988820876 0.006988820876 NaN NaN 0.00559858761 0.00559858761 0.00559858761 0.004763941079 0.004763941079 0.004763941079 NaN NaN 0.01292860819 0.01292860819 0.01292860819 NaN NaN 0.004595330693 0.004595330693 0.004595330693 NaN 0.00428975918"
General-4-20251226-16:35:52-143611,vector,AdhocNetwork1.host[9].rl,rlReward,,,"1 2 3 4 5 6 7 8 9 10 11 12 13 14 15 16 17 18 19 20 21 22 23 24 25 26 27 28 29 30 31 32 33 34 35 36 37 38 39 40 41 42 43 44 45 46 47 48 49 50","0.33333333333333 0 0.023159501176915 0.031785454553735 0 0.053541421986892 0.011328837255981 0.038925642113224 0.03539480527908 0.039566521164312 0 0.0024075671917825 0 0.33787844951279 0.32013652199261 0.32807913375331 0.30828971886035 0.3 0.3282604012417 0.34041363627537 0.31548296998222 0.3 0.34398210838608 -0.69709160369454 -0.69762519814347 -0.68007598721516 -0.7 -0.67532653234997 -0.65399973148561 -0.24005004075083 -0.48776223664925 0.31421396592862 0.33246411012507 0.34276840920749 0.33931779629307 -0.2695174462352 -0.7 -0.64134937931752 -0.65533970826687 -0.63235982028551 -0.65658990040298 0.3 0.35999298815917 0.38647595091167 -0.097413968019562 0.047692099153981 0.024445120034814 0.34594235473372 0.065504043458662 -0.13321898591664"
General-4-20251226-16:35:52-143611,vector,AdhocNetwork1.host[10].app[1],e2eDelayPeriodicSec,,,"1 2 3 4 5 6 7 8 9 10 11 12 13 14 15 16 17 18 19 20 21 22 23 24 25 26 27 28 29 30 31 32 33 34 35 36 37 38 39 40 41 42 43 44 45 46 47 48 49 50","NaN 0.065873822881 0.065873822881 0.065873822881 NaN 0.003139583648 0.003139583648 0.003139583648 0.0026193267 0.0026193267 0.0026193267 NaN NaN 0.002198960485 0.002198960485 0.002198960485 0.003038708528 0.003038708528 0.003038708528 NaN 0.003238471046 0.003238471046 0.003238471046 0.002758249692 0.002758249692 0.002758249692 NaN NaN 0.002197969389 0.002197969389 0.002197969389 NaN 0.00321781213 0.00321781213 0.00321781213 NaN 0.002477635122 0.002477635122 0.002477635122 NaN 0.002477537261 0.002477537261 0.002477537261 0.002816944332 0.002816944332 0.002816944332 NaN 0.002876032258 0.002876032258 0.002876032258"
General-4-20251226-16:35:52-143611,vector,AdhocNetwork1.host[10].rl,rlReward,,,"1 2 3 4 5 6 7 8 9 10 11 12 13 14 15 16 17 18 19 20 21 22 23 24 25 26 27 28 29 30 31 32 33 34 35 36 37 38 39 40 41 42 43 44 45 46 47 48 49 50","0.33333333333333 0 0.066537411723071 0.097722244263506 -0.26938879107359 -0.61299182792891 -0.63165360460559 -0.37758012565374 -0.62143298188439 -0.65172722526306 -0.38826711000611 -0.17315638135986 -0.12702818068215 0.077009296140134 0.20463467497076 -0.11026674961833 0.044074688531695 0.1 -0.13620129990145 0.097335967432849 0.16297972939811 0.17666076867287 0.33697056470796 0.20535674487512 0.12974295311231 0.21070806514555 0.15399503743969 0.15328548589479 0.21697693869832 0.15360304364178 0.14520927749163 0.16515739728146 -0.14759084418631 0.23665892942045 0.21940210114395 0.19128049820885 0.11853203240742 -0.39733842337427 -0.38272049547297 -0.38816468534726 -0.40155980634083 0.1 0.21663993171155 0.1684767772968 0.34847863506286 0.20095706887424 -0.2 0.17813137294082 0.22250784997493 0.072880420704352"
General-4-20251226-16:35:52-143611,vector,AdhocNetwork1.host[11].app[1],e2eDelayPeriodicSec,,,"1 2 3 4 5 6 7 8 9 10 11 12 13 14 15 16 17 18 19 20 21 22 23 24 25 26 27 28 29 30 31 32 33 34 35 36 37 38 39 40 41 42 43 44 45 46 47 48 49 50","NaN 0.076779604656 0.076779604656 0.076779604656 NaN 0.00600259052 0.00600259052 0.00600259052 NaN 0.004774272882 0.004774272882 0.004774272882 NaN 0.002379010964 0.002379010964 0.002379010964 NaN 0.002777822812 0.002777822812 0.002777822812 NaN 0.002516700545 0.002516700545 0.002516700545 NaN 0.002615896578 0.002615896578 0.002615896578 NaN NaN 0.002534935604 0.002534935604 0.002534935604 NaN 0.002834576035 0.002834576035 0.002834576035 0.002834702873 0.002834702873 0.002834702873 NaN 0.002673650031 0.002673650031 0.002673650031 0.00303611631 0.00303611631 0.00303611631 NaN NaN 0.002477353346"
General-4-20251226-16:35:52-143611,vector,AdhocNetwork1.host[11].rl,rlReward,,,"1 2 3 4 5 6 7 8 9 10 11 12 13 14 15 16 17 18 19 20 21 22 23 24 25 26 27 28 29 30 31 32 33 34 35 36 37 38 39 40 41 42 43 44 45 46 47 48 49 50","0.33333333333333 0 0.36959607481795 0.087474031885011 0.066546459281085 0.051850656224423 0.026916489956809 0.076765595369037 0.078102773131031 0.068148446821418 0.05951932913612 0.042978905909251 0.070170812488962 0.058661238300979 0.36064813708632 0.35702433989905 0.33638210556087 0.33721189312069 0.34424428657704 0.37884107818282 0.36487625577596 0.31840813813917 0.34762132559448 0.37247234526355 0.35688328090525 0.36553943562891 0.32189783947894 0.34229949252434 0.37323303547386 0.36789676281051 0.33827620284944 0.31418283140753 -0.64511284773727 -0.6449771914081 -0.64496106427821 -0.66328604517178 -0.69252825841464 -0.64789888634173 -0.62970815655387 -0.65379000401678 -0.64475512669819 0.3 0.36210446743993 0.35647060763876 0.3775961607828 0.34862632292485 0.3144398046393 0.33972293437114 0.074923279066874 0.34739895083019"
General-4-20251226-16:35:52-143611,vector,AdhocNetwork1.host[12].app[1],e2eDelayPeriodicSec,,,"1 2 3 4 5 6 7 8 9 10 11 12 13 14 15 16 17 18 19 20 21 22 23 24 25 26 27 28 29 30 31 32 33 34 35 36 37 38 39 40 41 42 43 44 45 46 47 48 49 50","NaN 0.074380460414 0.074380460414 0.074380460414 NaN 0.005843700107 0.005843700107 0.005843700107 NaN NaN 0.002739752286 0.002739752286 0.002739752286 NaN 0.002719091644 0.002719091644 0.002719091644 0.00285847268 0.00285847268 0.00285847268 NaN 0.002017872329 0.002017872329 0.002017872329 NaN 0.002597217832 0.002597217832 0.002597217832 NaN 0.003356689291 0.003356689291 0.003356689291 0.002956323177 0.002956323177 0.002956323177 0.005117909487 0.005117909487 0.005117909487 NaN 0.002015817146 0.002015817146 0.002015817146 NaN 0.002275745036 0.002275745036 0.002275745036 NaN 0.003055862199 0.003055862199 0.003055862199"
General-4-20251226-16:35:52-143611,vector,AdhocNetwork1.host[12].rl,rlReward,,,"1 2 3 4 5 6 7 8 9 10 11 12 13 14 15 16 17 18 19 20 21 22 23 24 25 26 27 28 29 30 31 32 33 34 35 36 37 38 39 40 41 42 43 44 45 46 47 48 49 50","0.33333333333333 0 0.080465479315773 0.76237020743132 0.070692032960472 -0.58815160099514 -0.65572561103801 -0.61516355637593 -0.58598649830672 -0.61110279062149 -0.6544954123438 0.15171569428115 0.21147717359486 0.19248522179493 0.19167671893745 0.19330601361118 0.14940590904149 0.15294636180501 0.14737668759926 0.19418527084551 0.19173475222991 0.1 0.1707632617515 0.18556120420793 0.19550335194027 0.16363728732341 -0.5 -0.40446214730972 -0.3892878739022 -0.39604682863465 -0.41487869573412 0.12052856131137 0.18579732490972 0.20269389292613 0.18406656804388 0.18929508635176 0.1 0.1466447601856 0.19236599335329 0.20821863755038 0.16883154107303 0.1 0.21905997129728 0.1788121991265 0.22931922924618 0.14071877811664 -0.2 0.19219977951735 -0.10682847717424 0.18758996337713"
General-4-20251226-16:35:52-143611,vector,AdhocNetwork1.host[13].app[1],e2eDelayPeriodicSec,,,"1 2 3 4 5 6 7 8 9 10 11 12 13 14 15 16 17 18 19 20 21 22 23 24 25 26 27 28 29 30 31 32 33 34 35 36 37 38 39 40 41 42 43 44 45 46 47 48 49 50","NaN 0.003407839149 0.003407839149 0.003407839149 0.002578764933 0.002578764933 0.002578764933 NaN 0.015328074829 0.015328074829 0.015328074829 NaN 0.002579076539 0.002579076539 0.002579076539 0.00235947696 0.00235947696 0.00235947696 NaN 0.002680017124 0.002680017124 0.002680017124 NaN 0.003696799801 0.003696799801 0.003696799801 NaN 0.004360659406 0.004360659406 0.004360659406 NaN 0.00525485732 0.00525485732 0.00525485732 0.004823822904 0.004823822904 0.004823822904 NaN 0.005050691399 0.005050691399 0.005050691399 0.012468273763 0.012468273763 0.012468273763 NaN NaN NaN NaN NaN NaN"
General-4-20251226-16:35:52-143611,vector,AdhocNetwork1.host[13].rl,rlReward,,,"1 2 3 4 5 6 7 8 9 10 11 12 13 14 15 16 17 18 19 20 21 22 23 24 25 26 27 28 29 30 31 32 33 34 35 36 37 38 39 40 41 42 43 44 45 46 47 48 49 50","0.33333333333333 0 0.075761004099009 0.74372971891383 0 0.37249330243344 0.34791956057911 0.34249524629872 0.058173137695475 -0.65357582441761 -0.64180124606745 0.031271077205256 0 0.10227455543979 0.06404839757005 0.064954894593061 0.060953009979706 0.03633885342779 0.029999619556319 -0.066445175349195 0.042423987662654 0.058442709803198 0.078783904809733 0.36056481929805 0.35517766392771 0.39132527719992 0.33709814668605 0.36125727834902 0.3807012592141 0.37489696962955 0.065008927243869 0.35951726691262 0.054045143446203 0.087599403826625 0.40023325909062 0.35565638781838 0.35444870713138 -0.37705980515993 -0.59914406007662 -0.20409881460946 -0.61115119991429 0.36266399497274 0.37628344847179 0.39441031592759 -0.59894898006765 -0.61358657596877 -0.62714880199886 -0.59503245383829 -0.58446550431538 -0.59550626916225"
General-4-20251226-16:35:52-143611,vector,AdhocNetwork1.host[14].app[1],e2eDelayPeriodicSec,,,"1 2 3 4 5 6 7 8 9 10 11 12 13 14 15 16 17 18 19 20 21 22 23 24 25 26 27 28 29 30 31 32 33 34 35 36 37 38 39 40 41 42 43 44 45 46 47 48 49 50","NaN 0.005811494533 0.005811494533 0.005811494533 0.003533401955 0.003533401955 0.003533401955 0.002513252088 0.002513252088 0.002513252088 NaN 0.002873112966 0.002873112966 0.002873112966 NaN NaN 0.002753069614 0.002753069614 0.002753069614 0.002913119403 0.002913119403 0.002913119403 NaN NaN 0.002753285128 0.002753285128 0.002753285128 NaN 0.002693487655 0.002693487655 0.002693487655 NaN NaN 0.002613789885 0.002613789885 0.002613789885 NaN 0.003294113244 0.003294113244 0.003294113244 NaN 0.002554399686 0.002554399686 0.002554399686 NaN 0.002714607796 0.002714607796 0.002714607796 0.002674788551 0.002674788551"
General-4-20251226-16:35:52-143611,vector,AdhocNetwork1.host[14].rl,rlReward,,,"1 2 3 4 5 6 7 8 9 10 11 12 13 14 15 16 17 18 19 20 21 22 23 24 25 26 27 28 29 30 31 32 33 34 35 36 37 38 39 40 41 42 43 44 45 46 47 48 49 50","0.33333333333333 0 0.048716199289538 0.058931779014123 0 0.071030035260055 0.019382098681942 0.025974173622882 0.055129072991038 0.036771905757545 0.0038239662504207 0 0 0.053641148073859 0 0.34753932212992 0.3770689079552 0.34694268149944 0.37852956642131 0.4066149775568 0.35867222879805 0.35109239049314 0.38114183214373 0.37758582564125 0.38181351006704 0.24509461939983 0.33559705128471 -0.62313385892049 -0.61675309146712 -0.60104710889493 -0.64547639863105 0.3550828001922 0.37227052904277 -0.62028055626804 -0.61936966782072 -0.62423025689077 -0.64765624573351 -0.65032524179515 -0.63149444678861 -0.60937228964286 -0.64564634250568 0.30626473463982 0.3743739312184 0.36399071478179 0.38574179753255 0.33995399414454 0.31370606583587 0.3358508188357 0.3812394282411 0.18780544105771"
General-4-20251226-16:35:52-143611,vector,AdhocNetwork1.host[15].app[1],e2eDelayPeriodicSec,,,"1 2 3 4 5 6 7 8 9 10 11 12 13 14 15 16 17 18 19 20 21 22 23 24 25 26 27 28 29 30 31 32 33 34 35 36 37 38 39 40 41 42 43 44 45 46 47 48 49 50","NaN 0.005131586499 0.005131586499 0.005131586499 0.003053902644 0.003053902644 0.003053902644 NaN NaN 0.002572455268 0.002572455268 0.002572455268 NaN NaN 0.002733282295 0.002733282295 0.002733282295 NaN 0.002434546039 0.002434546039 0.002434546039 NaN 0.002675966398 0.002675966398 0.002675966398 NaN NaN 0.002597149933 0.002597149933 0.002597149933 NaN 0.00397786141 0.00397786141 0.00397786141 0.002758150475 0.002758150475 0.002758150475 NaN NaN 0.003238778849 0.003238778849 0.003238778849 NaN 0.005308044343 0.005308044343 0.005308044343 0.008767546085 0.008767546085 0.008767546085 NaN"
General-4-20251226-16:35:52-143611,vector,AdhocNetwork1.host[15].rl,rlReward,,,"1 2 3 4 5 6 7 8 9 10 11 12 13 14 15 16 17 18 19 20 21 22 23 24 25 26 27 28 29 30 31 32 33 34 35 36 37 38 39 40 41 42 43 44 45 46 47 48 49 50","0.33333333333333 0 0.056752676846484 0.084415189566481 0.031999140203743 0.044364436895192 0.023320840531501 0.062777730180472 0.067304070962518 0.058179504429091 0.03588244278984 0.016046862623952 0.059954740600078 0.075808895063488 0.027216363687098 0.060951755161162 0.028320265103317 0.033146301318585 0.32697078213291 0.36765218272351 0.33943072995928 0.30404850134003 0.33110231627463 0.34428600501023 0.33373459049117 0.35047667675097 0.3 0.34697563742495 0.37015893111985 0.34059680787845 0.35483890580472 0.31256238197147 0.33980441781936 -0.64723341387921 -0.63675326066493 -0.67666197363718 -0.7 -0.6508089026011 -0.64135236935522 -0.61488219144264 -0.65637105323984 0.3 0.36896643978854 0.034861554508449 -0.090301062287583 0.34017553975888 0.32428851388072 0.3295444454739 0.36319878542212 0.36528541020742"
General-4-20251226-16:35:52-143611,vector,AdhocNetwork1.host[16].app[1],e2eDelayPeriodicSec,,,"1 2 3 4 5 6 7 8 9 10 11 12 13 14 15 16 17 18 19 20 21 22 23 24 25 26 27 28 29 30 31 32 33 34 35 36 37 38 39 40 41 42 43 44 45 46 47 48 49 50","NaN 0.02361778383 0.02361778383 0.02361778383 NaN NaN NaN NaN NaN NaN NaN NaN 0.012262065753 0.012262065753 0.012262065753 NaN 0.008059264422 0.008059264422 0.008059264422 NaN 0.006341333385 0.006341333385 0.006341333385 NaN NaN NaN 0.004430136906 0.004430136906 0.004430136906 NaN 0.005057219938 0.005057219938 0.005057219938 NaN NaN 0.004160241091 0.004160241091 0.004160241091 NaN 0.002196804238 0.002196804238 0.002196804238 NaN 0.004254668312 0.004254668312 0.004254668312 0.002334644616 0.002334644616 0.002334644616 NaN"
General-4-20251226-16:35:52-143611,vector,AdhocNetwork1.host[16].rl,rlReward,,,"1 2 3 4 5 6 7 8 9 10 11 12 13 14 15 16 17 18 19 20 21 22 23 24 25 26 27 28 29 30 31 32 33 34 35 36 37 38 39 40 41 42 43 44 45 46 47 48 49 50","0.33333333333333 0 0.09675358885111 0.10579875797823 0 0.14278300244857 0.11375727531905 0.095146449318884 0.13392479319404 0.13697199189345 0.048666531302884 0.095239393594975 0.10372834576578 0.13504760428213 0.10626715959996 0.12647295020142 0.10503045536293 0.072665157485251 0.12549598146416 0.13952286841664 0.10790209383303 0.09904129952981 0.1315826528284 -0.56485260772706 -0.5533096386032 -0.56311087167641 -0.6082610533322 -0.56185354937457 -0.55024631344669 -0.54933341724676 -0.34537879288855 0.38071708004089 0.39900920425084 0.39597244921141 0.41335594223706 0.37753389743416 0.37402365323525 0.40013504516608 0.40066526272182 0.4162888041326 0.38775218728216 0.35913803361709 0.40678859151222 0.10762442287558 0.10687795451696 0.11433282897352 -0.10679131407356 0.071177011149915 0.11889649633333 0.10840741003494"
General-4-20251226-16:35:52-143611,vector,AdhocNetwork1.host[17].app[1],e2eDelayPeriodicSec,,,"1 2 3 4 5 6 7 8 9 10 11 12 13 14 15 16 17 18 19 20 21 22 23 24 25 26 27 28 29 30 31 32 33 34 35 36 37 38 39 40 41 42 43 44 45 46 47 48 49 50","NaN 0.010995863049 0.010995863049 0.010995863049 NaN 0.006324401992 0.006324401992 0.006324401992 NaN 0.006061018083 0.006061018083 0.006061018083 NaN 0.004684318392 0.004684318392 0.004684318392 0.004837013031 0.004837013031 0.004837013031 NaN NaN NaN NaN NaN NaN NaN NaN NaN NaN 0.005895370023 0.005895370023 0.005895370023 NaN 0.006176704117 0.006176704117 0.006176704117 0.005993339551 0.005993339551 0.005993339551 NaN 0.008284945405 0.008284945405 0.008284945405 NaN 0.009386295837 0.009386295837 0.009386295837 NaN NaN NaN"
General-4-20251226-16:35:52-143611,vector,AdhocNetwork1.host[17].rl,rlReward,,,"1 2 3 4 5 6 7 8 9 10 11 12 13 14 15 16 17 18 19 20 21 22 23 24 25 26 27 28 29 30 31 32 33 34 35 36 37 38 39 40 41 42 43 44 45 46 47 48 49 50","0.33333333333333 -0.2 0.036128452004569 0.055803206845361 -0.62761253550388 -0.60852482558358 -0.68629417155112 -0.45435367786001 -0.60802846239842 -0.55176813475673 -0.63686790587793 0.15537631329454 -0.15993330915163 0.35477749565679 0.02093793551058 0.17087095829886 -0.17820268674053 0.021545662231097 0.32603305588012 0.34643283899725 0.34265154898085 0.30021544194493 0.14208112119566 0.32625021772869 0.33616891913868 0.33132247870285 0.3 0.30884263229321 0.34257334266497 0.33457339485571 0 0.3 0.33715746133393 0.32480431709435 0.31884614274928 0.32363545812076 0.3 0.32844757484985 0.20908983179311 0.3646329619787 0.173446423876 0.31183187338989 0.19902800611728 0.18400813990263 0.21826082916518 0.17597516076051 0.1403467300333 0.18419202327364 0.2100351285335 0.21065488360063"
General-4-20251226-16:35:52-143611,vector,AdhocNetwork1.host[18].app[1],e2eDelayPeriodicSec,,,"1 2 3 4 5 6 7 8 9 10 11 12 13 14 15 16 17 18 19 20 21 22 23 24 25 26 27 28 29 30 31 32 33 34 35 36 37 38 39 40 41 42 43 44 45 46 47 48 49 50","NaN 0.02218409826 0.02218409826 0.02218409826 0.005311766513 0.005311766513 0.005311766513 NaN 0.00481212966 0.00481212966 0.00481212966 0.004398784163 0.004398784163 0.004398784163 NaN NaN NaN 0.004999329704 0.004999329704 0.004999329704 NaN NaN NaN 0.007569208753 0.007569208753 0.007569208753 NaN NaN 0.009580364536 0.009580364536 0.009580364536 NaN 0.007586682063 0.007586682063 0.007586682063 NaN 0.00860283668 0.00860283668 0.00860283668 0.013966451174 0.013966451174 0.013966451174 NaN NaN NaN NaN NaN NaN NaN NaN"
General-4-20251226-16:35:52-143611,vector,AdhocNetwork1.host[18].rl,rlReward,,,"1 2 3 4 5 6 7 8 9 10 11 12 13 14 15 16 17 18 19 20 21 22 23 24 25 26 27 28 29 30 31 32 33 34 35 36 37 38 39 40 41 42 43 44 45 46 47 48 49 50","0.33333333333333 0.1 -0.13085437379101 0.077266935966848 0.053031050523481 0.04657681924955 0 0.065625386005743 0.061457328856993 0.012069147085053 0.065305848788026 0.019673189398021 0.06324430522536 0.077037293766532 0.078167596589566 0.060310492138262 0.039890497975647 0.047179868783074 0.047570527756709 0.076028416734845 0.067355634778717 0.015172344902915 0.055496532381948 -0.1146775852255 0.044562368949272 0.18868390767036 0.12490582461428 0.34442420168256 0.36682621311557 0.3465957477684 0.16152587741696 0.31039522759487 0.32957985562561 -0.65643209127611 -0.64824340381399 -0.26133766661729 -0.7 -0.65802720884684 -0.64028889585764 -0.65385965581419 -0.66614606678149 0.1 0.15888068013264 0.17164699856649 0.20794434496101 0.15858969429057 0.11030257193003 0.17599481135188 0.1907900772061 0.19755179765017"
General-4-20251226-16:35:52-143611,vector,AdhocNetwork1.host[19].app[1],e2eDelayPeriodicSec,,,"1 2 3 4 5 6 7 8 9 10 11 12 13 14 15 16 17 18 19 20 21 22 23 24 25 26 27 28 29 30 31 32 33 34 35 36 37 38 39 40 41 42 43 44 45 46 47 48 49 50","NaN NaN NaN NaN NaN NaN NaN NaN NaN NaN NaN NaN NaN NaN NaN NaN NaN NaN NaN 9.007295260855 9.007295260855 9.007295260855 NaN 0.006748123156 0.006748123156 0.006748123156 0.003602381171 0.003602381171 0.003602381171 NaN 0.002637068667 0.002637068667 0.002637068667 NaN NaN 0.002775734856 0.002775734856 0.002775734856 0.004252063998 0.004252063998 0.004252063998 0.002515131152 0.002515131152 0.002515131152 NaN 0.00357636663 0.00357636663 0.00357636663 0.002916513369 0.002916513369"
General-4-20251226-16:35:52-143611,vector,AdhocNetwork1.host[19].rl,rlReward,,,"1 2 3 4 5 6 7 8 9 10 11 12 13 14 15 16 17 18 19 20 21 22 23 24 25 26 27 28 29 30 31 32 33 34 35 36 37 38 39 40 41 42 43 44 45 46 47 48 49 50","0.33333333333333 0 0.090450721420325 0.090504881955883 -0.2 0.10585900005164 0.067433928334687 0.062865670624162 -0.59359479877556 -0.57817336922243 -0.66666666666667 0.051787267263991 0.34731671490758 0.3818189971016 0.38005013011365 0.38988477599492 0.22171921348805 0.35582183524815 0.32935430895528 0.40447105454799 0.39502972233892 0.35919275842516 0.40030542892488 0.36989258430669 0.34804077055388 -0.61535055293812 -0.64664735755952 -0.63141115407606 -0.60290853515637 -0.60505220903259 -0.64270588706537 0.059982468494483 0.38476073094202 0.37387688122979 0.3879272885493 0.36166295078622 0.33623054885157 0.38321489656451 0.37482326342358 0.093075740071107 0.38508354665046 0.34868697085082 0.37016902979734 0.39363475570422 -0.069023143253554 0.35596867801534 0.059104655735677 0.38975836461699 0.38999865197448 0.38682880608"
General-4-20251226-16:35:52-143611,vector,AdhocNetwork1.host[20].app[1],e2eDelayPeriodicSec,,,"1 2 3 4 5 6 7 8 9 10 11 12 13 14 15 16 17 18 19 20 21 22 23 24 25 26 27 28 29 30 31 32 33 34 35 36 37 38 39 40 41 42 43 44 45 46 47 48 49 50","NaN NaN NaN NaN NaN NaN NaN NaN NaN NaN NaN NaN NaN NaN NaN NaN NaN NaN NaN NaN NaN NaN NaN NaN NaN NaN NaN NaN NaN NaN NaN NaN NaN NaN NaN NaN NaN NaN NaN NaN NaN NaN NaN NaN NaN NaN 0.032209694334 0.032209694334 0.032209694334 NaN"
General-4-20251226-16:35:52-143611,vector,AdhocNetwork1.host[20].rl,rlReward,,,"1 2 3 4 5 6 7 8 9 10 11 12 13 14 15 16 17 18 19 20 21 22 23 24 25 26 27 28 29 30 31 32 33 34 35 36 37 38 39 40 41 42 43 44 45 46 47 48 49 50","0.33333333333333 0 0.18381874863546 0.72260879941594 0 0.062991347268396 0.0096615243954264 0.035476707592854 0.020925426715716 0.050431682269873 0.018995052400646 0 0.021490065028908 0.038484587442659 0.04509029176162 0.34042378167098 0.0050885870654748 0.32262179116899 0.039808098324738 0.04806078984982 0.032006504133594 0 0.036890711793257 -0.65961422386034 -0.5 -0.42952533442342 -0.66666666666667 -0.61042012301501 -0.61978627334107 -0.60714032554625 -0.65772035813576 0.0079833293134182 0.33821176537518 0.33703425013013 0.3519636270614 -0.27546799468035 -0.7 -0.67045054753396 -0.66949491004717 -0.61664077202129 -0.63546270331562 -0.2 0.36239773372299 -0.10857108147916 0.096211139276113 0.33665660755888 0.0099519894961643 0.33454282383713 0.35748409600522 0.05990147322052"
General-4-20251226-16:35:52-143611,vector,AdhocNetwork1.host[21].app[1],e2eDelayPeriodicSec,,,"1 2 3 4 5 6 7 8 9 10 11 12 13 14 15 16 17 18 19 20 21 22 23 24 25 26 27 28 29 30 31 32 33 34 35 36 37 38 39 40 41 42 43 44 45 46 47 48 49 50","NaN 0 0 0 NaN 0 0 0 NaN 0 0 0 0 0 0 NaN 0 0 0 NaN NaN 0 0 0 0 0 0 NaN 0 0 0 NaN 0 0 0 0 0 0 NaN 0 0 0 NaN 0 0 0 NaN NaN 0 0"
General-4-20251226-16:35:52-143611,vector,AdhocNetwork1.host[21].rl,rlReward,,,"1 2 3 4 5 6 7 8 9 10 11 12 13 14 15 16 17 18 19 20 21 22 23 24 25 26 27 28 29 30 31 32 33 34 35 36 37 38 39 40 41 42 43 44 45 46 47 48 49 50","0.33333333333333 0.3 0.088134597937292 0.12000750720386 0.046457864904798 0.38148029682357 0.071566866128212 0.095195029026201 0.091818375403297 0.078328732391073 0.08571035691006 0.061382316236455 0.088430729322419 0.40341094803694 0.39370810562903 0.39572074747506 0.35173508644659 0.38016860075854 0.38979187901197 0.3968200752196 0.38064313660191 0.35437236725953 0.35314072506115 0.39726920371836 0.37902853451798 0.37834094055468 0.062636333706666 0.37779878547367 0.38818293726561 0.22309672930484 0.38286691809759 0.35422343837297 0.085213339606367 0.39342280817533 0.38592056125789 0.36608919867624 0.36005539109262 0.39561315298776 0.79459774999737 -0.34754023066545 -0.60812956470889 0.36089461785673 0.38464642628514 0.40696445617628 0.40982316516302 0.28033823340201 0.37922066070792 0.120647120617 0.40912304385408 0.2647268524804"
General-4-20251226-16:35:52-143611,vector,AdhocNetwork1.host[22].app[1],e2eDelayPeriodicSec,,,"1 2 3 4 5 6 7 8 9 10 11 12 13 14 15 16 17 18 19 20 21 22 23 24 25 26 27 28 29 30 31 32 33 34 35 36 37 38 39 40 41 42 43 44 45 46 47 48 49 50","NaN 0.007071991892 0.007071991892 0.007071991892 0.003135122432 0.003135122432 0.003135122432 NaN 0.003575524573 0.003575524573 0.003575524573 NaN NaN 0.002715996903 0.002715996903 0.002715996903 NaN NaN 0.002829372305 0.002829372305 0.002829372305 NaN 0.00193694703 0.00193694703 0.00193694703 NaN 0.002697332693 0.002697332693 0.002697332693 0.003057671189 0.003057671189 0.003057671189 NaN 0.002918018852 0.002918018852 0.002918018852 0.003238347773 0.003238347773 0.003238347773 0.002338709842 0.002338709842 0.002338709842 NaN 0.005632138345 0.005632138345 0.005632138345 0.002539437628 0.002539437628 0.002539437628 NaN"
General-4-20251226-16:35:52-143611,vector,AdhocNetwork1.host[22].rl,rlReward,,,"1 2 3 4 5 6 7 8 9 10 11 12 13 14 15 16 17 18 19 20 21 22 23 24 25 26 27 28 29 30 31 32 33 34 35 36 37 38 39 40 41 42 43 44 45 46 47 48 49 50","0.33333333333333 0 0.032329794411621 0.047146024493847 0.031988969872182 0.051940806404297 0.022492085722174 0.032421383555139 0.052728063086897 0.028103890146205 0.048547220280843 0.32507172516426 0.32382171516308 0.35128449248312 0.32605195574024 0.33390388107906 0.31982396947169 0.33276105734559 0.32426670720218 0.34543584576451 0.34183589945407 0.3006016512478 0.33202729278642 0.33006088301804 0.33742829483684 0.3428525984702 0.31544751222075 0.30699224198497 0.33690073685255 0.33998257976928 0.3 0.3 0.32485263437534 0.30953330156348 0.31332721487284 0.3 0.3 0.35138668115361 0.35653527724159 0.34897226622803 0.33350518193576 0.30012879092356 0.34233082463858 0.32768961807249 0.35659331533994 0.31856991994521 0.3 0.32386975487618 0.34184616788701 0.34017555970794"
General-4-20251226-16:35:52-143611,vector,AdhocNetwork1.host[23].app[1],e2eDelayPeriodicSec,,,"1 2 3 4 5 6 7 8 9 10 11 12 13 14 15 16 17 18 19 20 21 22 23 24 25 26 27 28 29 30 31 32 33 34 35 36 37 38 39 40 41 42 43 44 45 46 47 48 49 50","NaN NaN NaN NaN NaN NaN NaN NaN NaN NaN 0.011219431901 0.011219431901 0.011219431901 0.00761112808 0.00761112808 0.00761112808 NaN NaN 0.014388940594 0.014388940594 0.014388940594 NaN NaN NaN NaN NaN 0.006244271066 0.006244271066 0.006244271066 0.004712526827 0.004712526827 0.004712526827 NaN 0.005599262529 0.005599262529 0.005599262529 NaN 0.006069835623 0.006069835623 0.006069835623 0.006289460609 0.006289460609 0.006289460609 NaN NaN 0.005832759206 0.005832759206 0.005832759206 NaN NaN"
General-4-20251226-16:35:52-143611,vector,AdhocNetwork1.host[23].rl,rlReward,,,"1 2 3 4 5 6 7 8 9 10 11 12 13 14 15 16 17 18 19 20 21 22 23 24 25 26 27 28 29 30 31 32 33 34 35 36 37 38 39 40 41 42 43 44 45 46 47 48 49 50","0.33333333333333 0 0.0292085532652 0.041381360668986 0.047590570847994 0.042034509790814 0.0090819485952917 0.021234006828868 0.046643602926815 0.036565014944465 0.025351041065676 0.013191496216646 0.31063162649628 0.34738061736383 0.31732176035713 0.3 0.32671266538185 0.34288040962388 0.022983150089112 0.19143779104891 0.34226231435578 0.3 0.37311397934469 0.36700006078136 0.33535651163392 0.20051286072424 0.30808820213002 0.34722760624505 0.37108564007435 0.34881062668978 0.33632561765015 0.31665777688372 0.33489633090583 0.32579525862147 0.34168795118679 0.3 0.30432406020513 0.33952811559211 0.35526422133835 0.35270524379746 0.35199955230196 0.3 0.32585713190991 0.35258831789946 0.3749560649331 0.31491440434508 -0.18328419229766 0.12762448237317 0.31178744232471 0.35822040895726"
General-4-20251226-16:35:52-143611,vector,AdhocNetwork1.host[24].app[1],e2eDelayPeriodicSec,,,"1 2 3 4 5 6 7 8 9 10 11 12 13 14 15 16 17 18 19 20 21 22 23 24 25 26 27 28 29 30 31 32 33 34 35 36 37 38 39 40 41 42 43 44 45 46 47 48 49 50","NaN 0.002236540037 0.002236540037 0.002236540037 NaN 0.00225288101 0.00225288101 0.00225288101 NaN NaN 0.002734200666 0.002734200666 0.002734200666 NaN NaN 0.002479603616 0.002479603616 0.002479603616 NaN 0.00259649972 0.00259649972 0.00259649972 0.002657357469 0.002657357469 0.002657357469 NaN NaN 0.0031787168 0.0031787168 0.0031787168 NaN 0.003039925536 0.003039925536 0.003039925536 NaN NaN 0.004968819203 0.004968819203 0.004968819203 0.005047991952 0.005047991952 0.005047991952 NaN 0.005270395748 0.005270395748 0.005270395748 NaN 0.006230442049 0.006230442049 0.006230442049"
General-4-20251226-16:35:52-143611,vector,AdhocNetwork1.host[24].rl,rlReward,,,"1 2 3 4 5 6 7 8 9 10 11 12 13 14 15 16 17 18 19 20 21 22 23 24 25 26 27 28 29 30 31 32 33 34 35 36 37 38 39 40 41 42 43 44 45 46 47 48 49 50","0.33333333333333 0 0.029799362651329 0.048806954611794 0.023942815959861 0.044292560092646 0 0.039171073411246 0.040684985930434 0.042974925422127 0.03065375823797 0 0.036665148222536 0.057194506423941 0.33270280663835 -0.13722928736359 0.30367345168362 0.32718399953735 0.33999751613681 0.34063223566036 0.33105040034565 0.30972471832448 0.34613577817015 -0.7 -0.65912961488062 -0.6712455694831 -0.7 -0.66867912087463 -0.65384761278269 -0.64616350359867 -0.66752579828726 -0.17133598833522 0.33449444193769 0.34556109997029 0.36522986168723 0.34590332297514 0.30321487726853 0.19332121026942 0.19960780323282 0.20784984736389 0.17167804416027 0.13213299102332 0.1848885805301 0.21022503780066 0.18434242932352 0.17519801234075 0.13833946366058 0.17062689412256 0.18646022877189 0.070483314827625"
