rep,host,t,delay_sec
0,0,5000.0,
0,0,6000.0,
0,0,7000.0,
0,0,8000.0,
0,0,9000.0,
0,0,10000.0,
0,0,11000.0,0.006182670818
0,0,12000.0,0.006182670818
0,0,13000.0,0.006182670818
0,0,14000.0,
0,0,15000.0,
0,0,16000.0,0.002868032472
0,0,17000.0,0.002868032472
0,0,18000.0,0.002868032472
0,0,19000.0,
0,0,20000.0,
0,0,21000.0,0.004993703656
0,0,22000.0,0.004993703656
0,0,23000.0,0.004993703656
0,0,24000.0,
0,0,25000.0,0.002154393262
0,0,26000.0,0.002154393262
0,0,27000.0,0.002154393262
0,0,28000.0,
0,0,29000.0,0.002194516582
0,0,30000.0,0.002194516582
0,0,31000.0,0.002194516582
0,0,32000.0,
0,0,33000.0,0.002154733666
0,0,34000.0,0.002154733666
0,0,35000.0,0.002154733666
0,0,36000.0,
0,0,37000.0,
0,0,38000.0,0.003846022312
0,0,39000.0,0.003846022312
0,0,40000.0,0.003846022312
0,0,41000.0,
0,0,42000.0,0.005376166924
0,0,43000.0,0.005376166924
0,0,44000.0,0.005376166924
0,0,45000.0,
0,0,46000.0,0.002861144215
0,0,47000.0,0.002861144215
0,0,48000.0,0.002861144215
0,0,49000.0,
0,0,50000.0,0.002496263717
0,1,5000.0,3.046330657814
0,1,6000.0,3.046330657814
0,1,7000.0,3.046330657814
0,1,8000.0,
0,1,9000.0,
0,1,10000.0,
0,1,11000.0,
0,1,12000.0,0.003565935063
0,1,13000.0,0.003565935063
0,1,14000.0,0.003565935063
0,1,15000.0,
0,1,16000.0,0.003670001994
0,1,17000.0,0.003670001994
0,1,18000.0,0.003670001994
0,1,19000.0,
0,1,20000.0,
0,1,21000.0,0.001878368553
0,1,22000.0,0.001878368553
0,1,23000.0,0.001878368553
0,1,24000.0,
0,1,25000.0,0.00277774756
0,1,26000.0,0.00277774756
0,1,27000.0,0.00277774756
0,1,28000.0,
0,1,29000.0,0.002897366192
0,1,30000.0,0.002897366192
0,1,31000.0,0.002897366192
0,1,32000.0,
0,1,33000.0,0.002497234169
0,1,34000.0,0.002497234169
0,1,35000.0,0.002497234169
0,1,36000.0,0.003257166226
0,1,37000.0,0.003257166226
0,1,38000.0,0.003257166226
0,1,39000.0,
0,1,40000.0,0.003197381593
0,1,41000.0,0.003197381593
0,1,42000.0,0.003197381593
0,1,43000.0,
0,1,44000.0,0.002277966375
0,1,45000.0,0.002277966375
0,1,46000.0,0.002277966375
0,1,47000.0,
0,1,48000.0,0.002438700169
0,1,49000.0,0.002438700169
0,1,50000.0,0.002438700169
0,2,5000.0,0.002655893287
0,2,6000.0,0.002655893287
0,2,7000.0,0.002655893287
0,2,8000.0,
0,2,9000.0,0.00707134545
0,2,10000.0,0.00707134545
0,2,11000.0,0.00707134545
0,2,12000.0,
0,2,13000.0,0.002454445245
0,2,14000.0,0.002454445245
0,2,15000.0,0.002454445245
0,2,16000.0,
0,2,17000.0,0.002476058432
0,2,18000.0,0.002476058432
0,2,19000.0,0.002476058432
0,2,20000.0,
0,2,21000.0,0.002736118328
0,2,22000.0,0.002736118328
0,2,23000.0,0.002736118328
0,2,24000.0,
0,2,25000.0,0.003816188145
0,2,26000.0,0.003816188145
0,2,27000.0,0.003816188145
0,2,28000.0,
0,2,29000.0,0.003156248832
0,2,30000.0,0.003156248832
0,2,31000.0,0.003156248832
0,2,32000.0,
0,2,33000.0,
0,2,34000.0,0.010240239756
0,2,35000.0,0.010240239756
0,2,36000.0,0.010240239756
0,2,37000.0,0.003276375437
0,2,38000.0,0.003276375437
0,2,39000.0,0.003276375437
0,2,40000.0,
0,2,41000.0,0.00277644012
0,2,42000.0,0.00277644012
0,2,43000.0,0.00277644012
0,2,44000.0,
0,2,45000.0,0.002596513368
0,2,46000.0,0.002596513368
0,2,47000.0,0.002596513368
0,2,48000.0,
0,2,49000.0,0.002736569999
0,2,50000.0,0.002736569999
0,4,5000.0,3.020937405165
0,4,6000.0,3.020937405165
0,4,7000.0,3.020937405165
0,4,8000.0,
0,4,9000.0,0.004451943704
0,4,10000.0,0.004451943704
0,4,11000.0,0.004451943704
0,4,12000.0,
0,4,13000.0,0.002737786645
0,4,14000.0,0.002737786645
0,4,15000.0,0.002737786645
0,4,16000.0,
0,4,17000.0,0.005442394237
0,4,18000.0,0.005442394237
0,4,19000.0,0.005442394237
0,4,20000.0,
0,4,21000.0,0.002958595295
0,4,22000.0,0.002958595295
0,4,23000.0,0.002958595295
0,4,24000.0,
0,4,25000.0,
0,4,26000.0,0.003674123985
0,4,27000.0,0.003674123985
0,4,28000.0,0.003674123985
0,4,29000.0,
0,4,30000.0,0.010587829199
0,4,31000.0,0.010587829199
0,4,32000.0,0.010587829199
0,4,33000.0,
0,4,34000.0,0.002800533901
0,4,35000.0,0.002800533901
0,4,36000.0,0.002800533901
0,4,37000.0,
0,4,38000.0,
0,4,39000.0,
0,4,40000.0,
0,4,41000.0,
0,4,42000.0,0.005128982522
0,4,43000.0,0.005128982522
0,4,44000.0,0.005128982522
0,4,45000.0,0.004315140552
0,4,46000.0,0.004315140552
0,4,47000.0,0.004315140552
0,4,48000.0,0.004788704958
0,4,49000.0,0.004788704958
0,4,50000.0,0.004788704958
0,5,5000.0,
0,5,6000.0,
0,5,7000.0,
0,5,8000.0,
0,5,9000.0,
0,5,10000.0,
0,5,11000.0,0.042814221128
0,5,12000.0,0.042814221128
0,5,13000.0,0.042814221128
0,5,14000.0,
0,5,15000.0,
0,5,16000.0,
0,5,17000.0,
0,5,18000.0,
0,5,19000.0,0.008215875166
0,5,20000.0,0.008215875166
0,5,21000.0,0.008215875166
0,5,22000.0,
0,5,23000.0,0.005170497869
0,5,24000.0,0.005170497869
0,5,25000.0,0.005170497869
0,5,26000.0,
0,5,27000.0,
0,5,28000.0,
0,5,29000.0,
0,5,30000.0,0.005269786048
0,5,31000.0,0.005269786048
0,5,32000.0,0.005269786048
0,5,33000.0,
0,5,34000.0,
0,5,35000.0,
0,5,36000.0,
0,5,37000.0,
0,5,38000.0,
0,5,39000.0,
0,5,40000.0,
0,5,41000.0,
0,5,42000.0,
0,5,43000.0,
0,5,44000.0,
0,5,45000.0,
0,5,46000.0,
0,5,47000.0,
0,5,48000.0,
0,5,49000.0,
0,5,50000.0,
0,6,5000.0,
0,6,6000.0,0.0024791422
0,6,7000.0,0.0024791422
0,6,8000.0,0.0024791422
0,6,9000.0,
0,6,10000.0,0.003000458775
0,6,11000.0,0.003000458775
0,6,12000.0,0.003000458775
0,6,13000.0,
0,6,14000.0,
0,6,15000.0,
0,6,16000.0,
0,6,17000.0,
0,6,18000.0,0.00523512232
0,6,19000.0,0.00523512232
0,6,20000.0,0.00523512232
0,6,21000.0,
0,6,22000.0,
0,6,23000.0,0.015187200395
0,6,24000.0,0.015187200395
0,6,25000.0,0.015187200395
0,6,26000.0,
0,6,27000.0,
0,6,28000.0,
0,6,29000.0,
0,6,30000.0,
0,6,31000.0,
0,6,32000.0,
0,6,33000.0,
0,6,34000.0,
0,6,35000.0,
0,6,36000.0,0.009741305702
0,6,37000.0,0.009741305702
0,6,38000.0,0.009741305702
0,6,39000.0,
0,6,40000.0,
0,6,41000.0,
0,6,42000.0,0.010484946873
0,6,43000.0,0.010484946873
0,6,44000.0,0.010484946873
0,6,45000.0,
0,6,46000.0,
0,6,47000.0,
0,6,48000.0,
0,6,49000.0,0.008804403778
0,6,50000.0,0.008804403778
0,7,5000.0,
0,7,6000.0,
0,7,7000.0,
0,7,8000.0,
0,7,9000.0,
0,7,10000.0,
0,7,11000.0,0.018802950114
0,7,12000.0,0.018802950114
0,7,13000.0,0.018802950114
0,7,14000.0,
0,7,15000.0,
0,7,16000.0,
0,7,17000.0,
0,7,18000.0,0.006123792033
0,7,19000.0,0.006123792033
0,7,20000.0,0.006123792033
0,7,21000.0,0.010187940245
0,7,22000.0,0.010187940245
0,7,23000.0,0.010187940245
0,7,24000.0,
0,7,25000.0,
0,7,26000.0,
0,7,27000.0,
0,7,28000.0,
0,7,29000.0,
0,7,30000.0,
0,7,31000.0,
0,7,32000.0,0.008264549704
0,7,33000.0,0.008264549704
0,7,34000.0,0.008264549704
0,7,35000.0,0.007989430874
0,7,36000.0,0.007989430874
0,7,37000.0,0.007989430874
0,7,38000.0,
0,7,39000.0,
0,7,40000.0,
0,7,41000.0,
0,7,42000.0,
0,7,43000.0,0.007954932483
0,7,44000.0,0.007954932483
0,7,45000.0,0.007954932483
0,7,46000.0,0.024571591689
0,7,47000.0,0.024571591689
0,7,48000.0,0.024571591689
0,7,49000.0,
0,7,50000.0,0.007743128596
0,8,5000.0,0.005234624877
0,8,6000.0,0.005234624877
0,8,7000.0,0.005234624877
0,8,8000.0,
0,8,9000.0,0.006957373938
0,8,10000.0,0.006957373938
0,8,11000.0,0.006957373938
0,8,12000.0,
0,8,13000.0,0.005049790085
0,8,14000.0,0.005049790085
0,8,15000.0,0.005049790085
0,8,16000.0,
0,8,17000.0,0.005261350121
0,8,18000.0,0.005261350121
0,8,19000.0,0.005261350121
0,8,20000.0,
0,8,21000.0,0.005332009672
0,8,22000.0,0.005332009672
0,8,23000.0,0.005332009672
0,8,24000.0,
0,8,25000.0,0.007691513365
0,8,26000.0,0.007691513365
0,8,27000.0,0.007691513365
0,8,28000.0,
0,8,29000.0,0.005634820487
0,8,30000.0,0.005634820487
0,8,31000.0,0.005634820487
0,8,32000.0,
0,8,33000.0,0.004773306592
0,8,34000.0,0.004773306592
0,8,35000.0,0.004773306592
0,8,36000.0,
0,8,37000.0,0.00396231087
0,8,38000.0,0.00396231087
0,8,39000.0,0.00396231087
0,8,40000.0,
0,8,41000.0,0.004561418687
0,8,42000.0,0.004561418687
0,8,43000.0,0.004561418687
0,8,44000.0,
0,8,45000.0,0.002940171479
0,8,46000.0,0.002940171479
0,8,47000.0,0.002940171479
0,8,48000.0,
0,8,49000.0,
0,8,50000.0,0.002519927262
0,9,5000.0,0.005238378456
0,9,6000.0,0.005238378456
0,9,7000.0,0.005238378456
0,9,8000.0,
0,9,9000.0,
0,9,10000.0,0.004165602163
0,9,11000.0,0.004165602163
0,9,12000.0,0.004165602163
0,9,13000.0,
0,9,14000.0,
0,9,15000.0,0.005236869422
0,9,16000.0,0.005236869422
0,9,17000.0,0.005236869422
0,9,18000.0,
0,9,19000.0,0.004510612746
0,9,20000.0,0.004510612746
0,9,21000.0,0.004510612746
0,9,22000.0,
0,9,23000.0,
0,9,24000.0,0.004844058218
0,9,25000.0,0.004844058218
0,9,26000.0,0.004844058218
0,9,27000.0,
0,9,28000.0,0.004690302261
0,9,29000.0,0.004690302261
0,9,30000.0,0.004690302261
0,9,31000.0,
0,9,32000.0,
0,9,33000.0,0.005224910625
0,9,34000.0,0.005224910625
0,9,35000.0,0.005224910625
0,9,36000.0,
0,9,37000.0,
0,9,38000.0,
0,9,39000.0,
0,9,40000.0,
0,9,41000.0,
0,9,42000.0,
0,9,43000.0,
0,9,44000.0,
0,9,45000.0,
0,9,46000.0,0.005464731031
0,9,47000.0,0.005464731031
0,9,48000.0,0.005464731031
0,9,49000.0,
0,9,50000.0,
0,10,5000.0,
0,10,6000.0,0.003815078942
0,10,7000.0,0.003815078942
0,10,8000.0,0.003815078942
0,10,9000.0,
0,10,10000.0,0.002962153881
0,10,11000.0,0.002962153881
0,10,12000.0,0.002962153881
0,10,13000.0,
0,10,14000.0,0.002475767185
0,10,15000.0,0.002475767185
0,10,16000.0,0.002475767185
0,10,17000.0,0.002534534386
0,10,18000.0,0.002534534386
0,10,19000.0,0.002534534386
0,10,20000.0,
0,10,21000.0,
0,10,22000.0,0.004112006173
0,10,23000.0,0.004112006173
0,10,24000.0,0.004112006173
0,10,25000.0,
0,10,26000.0,
0,10,27000.0,0.002513488007
0,10,28000.0,0.002513488007
0,10,29000.0,0.002513488007
0,10,30000.0,0.003634847545
0,10,31000.0,0.003634847545
0,10,32000.0,0.003634847545
0,10,33000.0,
0,10,34000.0,
0,10,35000.0,0.002416587583
0,10,36000.0,0.002416587583
0,10,37000.0,0.002416587583
0,10,38000.0,
0,10,39000.0,
0,10,40000.0,0.003870448243
0,10,41000.0,0.003870448243
0,10,42000.0,0.003870448243
0,10,43000.0,0.002919878169
0,10,44000.0,0.002919878169
0,10,45000.0,0.002919878169
0,10,46000.0,
0,10,47000.0,0.002940262044
0,10,48000.0,0.002940262044
0,10,49000.0,0.002940262044
0,10,50000.0,
0,11,5000.0,3.120837488262
0,11,6000.0,3.120837488262
0,11,7000.0,3.120837488262
0,11,8000.0,
0,11,9000.0,0.004955830726
0,11,10000.0,0.004955830726
0,11,11000.0,0.004955830726
0,11,12000.0,
0,11,13000.0,0.00489142804
0,11,14000.0,0.00489142804
0,11,15000.0,0.00489142804
0,11,16000.0,
0,11,17000.0,0.004990289741
0,11,18000.0,0.004990289741
0,11,19000.0,0.004990289741
0,11,20000.0,
0,11,21000.0,
0,11,22000.0,0.005018095169
0,11,23000.0,0.005018095169
0,11,24000.0,0.005018095169
0,11,25000.0,
0,11,26000.0,
0,11,27000.0,
0,11,28000.0,
0,11,29000.0,0.005412313281
0,11,30000.0,0.005412313281
0,11,31000.0,0.005412313281
0,11,32000.0,
0,11,33000.0,
0,11,34000.0,
0,11,35000.0,
0,11,36000.0,
0,11,37000.0,
0,11,38000.0,
0,11,39000.0,
0,11,40000.0,
0,11,41000.0,
0,11,42000.0,0.00543797679
0,11,43000.0,0.00543797679
0,11,44000.0,0.00543797679
0,11,45000.0,
0,11,46000.0,0.004513693473
0,11,47000.0,0.004513693473
0,11,48000.0,0.004513693473
0,11,49000.0,
0,11,50000.0,0.005413738488
0,12,5000.0,
0,12,6000.0,
0,12,7000.0,
0,12,8000.0,0.006572180525
0,12,9000.0,0.006572180525
0,12,10000.0,0.006572180525
0,12,11000.0,
0,12,12000.0,
0,12,13000.0,0.015123581818
0,12,14000.0,0.015123581818
0,12,15000.0,0.015123581818
0,12,16000.0,0.004791446701
0,12,17000.0,0.004791446701
0,12,18000.0,0.004791446701
0,12,19000.0,0.004818046197
0,12,20000.0,0.004818046197
0,12,21000.0,0.004818046197
0,12,22000.0,
0,12,23000.0,0.004717647801
0,12,24000.0,0.004717647801
0,12,25000.0,0.004717647801
0,12,26000.0,
0,12,27000.0,0.013360689704
0,12,28000.0,0.013360689704
0,12,29000.0,0.013360689704
0,12,30000.0,
0,12,31000.0,0.004729703501
0,12,32000.0,0.004729703501
0,12,33000.0,0.004729703501
0,12,34000.0,
0,12,35000.0,0.030440509153
0,12,36000.0,0.030440509153
0,12,37000.0,0.030440509153
0,12,38000.0,
0,12,39000.0,0.005194093534
0,12,40000.0,0.005194093534
0,12,41000.0,0.005194093534
0,12,42000.0,
0,12,43000.0,0.002740329631
0,12,44000.0,0.002740329631
0,12,45000.0,0.002740329631
0,12,46000.0,
0,12,47000.0,0.003440029336
0,12,48000.0,0.003440029336
0,12,49000.0,0.003440029336
0,12,50000.0,
0,13,5000.0,
0,13,6000.0,0.003172933769
0,13,7000.0,0.003172933769
0,13,8000.0,0.003172933769
0,13,9000.0,
0,13,10000.0,0.002953081192
0,13,11000.0,0.002953081192
0,13,12000.0,0.002953081192
0,13,13000.0,
0,13,14000.0,
0,13,15000.0,0.002693303228
0,13,16000.0,0.002693303228
0,13,17000.0,0.002693303228
0,13,18000.0,
0,13,19000.0,0.003321053536
0,13,20000.0,0.003321053536
0,13,21000.0,0.003321053536
0,13,22000.0,
0,13,23000.0,0.004680137046
0,13,24000.0,0.004680137046
0,13,25000.0,0.004680137046
0,13,26000.0,0.002573852158
0,13,27000.0,0.002573852158
0,13,28000.0,0.002573852158
0,13,29000.0,0.002274035293
0,13,30000.0,0.002274035293
0,13,31000.0,0.002274035293
0,13,32000.0,
0,13,33000.0,
0,13,34000.0,0.002254253765
0,13,35000.0,0.002254253765
0,13,36000.0,0.002254253765
0,13,37000.0,
0,13,38000.0,
0,13,39000.0,0.007823670944
0,13,40000.0,0.007823670944
0,13,41000.0,0.007823670944
0,13,42000.0,0.002614722011
0,13,43000.0,0.002614722011
0,13,44000.0,0.002614722011
0,13,45000.0,
0,13,46000.0,0.002859902217
0,13,47000.0,0.002859902217
0,13,48000.0,0.002859902217
0,13,49000.0,
0,13,50000.0,0.002935111478
0,14,5000.0,0.005089743308
0,14,6000.0,0.005089743308
0,14,7000.0,0.005089743308
0,14,8000.0,0.004949738968
0,14,9000.0,0.004949738968
0,14,10000.0,0.004949738968
0,14,11000.0,
0,14,12000.0,0.005673492621
0,14,13000.0,0.005673492621
0,14,14000.0,0.005673492621
0,14,15000.0,
0,14,16000.0,0.005559267982
0,14,17000.0,0.005559267982
0,14,18000.0,0.005559267982
0,14,19000.0,
0,14,20000.0,0.002820367955
0,14,21000.0,0.002820367955
0,14,22000.0,0.002820367955
0,14,23000.0,
0,14,24000.0,
0,14,25000.0,0.002900122479
0,14,26000.0,0.002900122479
0,14,27000.0,0.002900122479
0,14,28000.0,
0,14,29000.0,0.002659855632
0,14,30000.0,0.002659855632
0,14,31000.0,0.002659855632
0,14,32000.0,
0,14,33000.0,0.002679691271
0,14,34000.0,0.002679691271
0,14,35000.0,0.002679691271
0,14,36000.0,
0,14,37000.0,0.003139455726
0,14,38000.0,0.003139455726
0,14,39000.0,0.003139455726
0,14,40000.0,
0,14,41000.0,
0,14,42000.0,0.002439234378
0,14,43000.0,0.002439234378
0,14,44000.0,0.002439234378
0,14,45000.0,
0,14,46000.0,
0,14,47000.0,0.003239062168
0,14,48000.0,0.003239062168
0,14,49000.0,0.003239062168
0,14,50000.0,
0,15,5000.0,
0,15,6000.0,
0,15,7000.0,
0,15,8000.0,
0,15,9000.0,
0,15,10000.0,
0,15,11000.0,0.010987818508
0,15,12000.0,0.010987818508
0,15,13000.0,0.010987818508
0,15,14000.0,0.005298872092
0,15,15000.0,0.005298872092
0,15,16000.0,0.005298872092
0,15,17000.0,0.005555735087
0,15,18000.0,0.005555735087
0,15,19000.0,0.005555735087
0,15,20000.0,
0,15,21000.0,0.00607691256
0,15,22000.0,0.00607691256
0,15,23000.0,0.00607691256
0,15,24000.0,
0,15,25000.0,
0,15,26000.0,
0,15,27000.0,
0,15,28000.0,0.00465381653
0,15,29000.0,0.00465381653
0,15,30000.0,0.00465381653
0,15,31000.0,
0,15,32000.0,0.002640140067
0,15,33000.0,0.002640140067
0,15,34000.0,0.002640140067
0,15,35000.0,0.002539795149
0,15,36000.0,0.002539795149
0,15,37000.0,0.002539795149
0,15,38000.0,
0,15,39000.0,0.002399614648
0,15,40000.0,0.002399614648
0,15,41000.0,0.002399614648
0,15,42000.0,
0,15,43000.0,0.003831692677
0,15,44000.0,0.003831692677
0,15,45000.0,0.003831692677
0,15,46000.0,
0,15,47000.0,
0,15,48000.0,0.002840069134
0,15,49000.0,0.002840069134
0,15,50000.0,0.002840069134
0,16,5000.0,
0,16,6000.0,
0,16,7000.0,
0,16,8000.0,
0,16,9000.0,
0,16,10000.0,
0,16,11000.0,
0,16,12000.0,
0,16,13000.0,
0,16,14000.0,
0,16,15000.0,
0,16,16000.0,
0,16,17000.0,
0,16,18000.0,
0,16,19000.0,
0,16,20000.0,
0,16,21000.0,
0,16,22000.0,
0,16,23000.0,0.01376201391
0,16,24000.0,0.01376201391
0,16,25000.0,0.01376201391
0,16,26000.0,
0,16,27000.0,
0,16,28000.0,
0,16,29000.0,
0,16,30000.0,
0,16,31000.0,
0,16,32000.0,3.007236491534
0,16,33000.0,3.007236491534
0,16,34000.0,3.007236491534
0,16,35000.0,
0,16,36000.0,
0,16,37000.0,
0,16,38000.0,
0,16,39000.0,3.008239210304
0,16,40000.0,3.008239210304
0,16,41000.0,3.008239210304
0,16,42000.0,
0,16,43000.0,
0,16,44000.0,
0,16,45000.0,
0,16,46000.0,3.006632430822
0,16,47000.0,3.006632430822
0,16,48000.0,3.006632430822
0,16,49000.0,
0,16,50000.0,
0,17,5000.0,0.017054745261
0,17,6000.0,0.017054745261
0,17,7000.0,0.017054745261
0,17,8000.0,0.004196766802
0,17,9000.0,0.004196766802
0,17,10000.0,0.004196766802
0,17,11000.0,
0,17,12000.0,
0,17,13000.0,0.004015921683
0,17,14000.0,0.004015921683
0,17,15000.0,0.004015921683
0,17,16000.0,0.004138447199
0,17,17000.0,0.004138447199
0,17,18000.0,0.004138447199
0,17,19000.0,
0,17,20000.0,0.001898648311
0,17,21000.0,0.001898648311
0,17,22000.0,0.001898648311
0,17,23000.0,
0,17,24000.0,0.002958458395
0,17,25000.0,0.002958458395
0,17,26000.0,0.002958458395
0,17,27000.0,
0,17,28000.0,0.002518385758
0,17,29000.0,0.002518385758
0,17,30000.0,0.002518385758
0,17,31000.0,0.021815052038
0,17,32000.0,0.021815052038
0,17,33000.0,0.021815052038
0,17,34000.0,
0,17,35000.0,
0,17,36000.0,
0,17,37000.0,
0,17,38000.0,0.026368188215
0,17,39000.0,0.026368188215
0,17,40000.0,0.026368188215
0,17,41000.0,0.004244916174
0,17,42000.0,0.004244916174
0,17,43000.0,0.004244916174
0,17,44000.0,
0,17,45000.0,0.004327974619
0,17,46000.0,0.004327974619
0,17,47000.0,0.004327974619
0,17,48000.0,0.006847357753
0,17,49000.0,0.006847357753
0,17,50000.0,0.006847357753
0,18,5000.0,
0,18,6000.0,0.005524809042
0,18,7000.0,0.005524809042
0,18,8000.0,0.005524809042
0,18,9000.0,
0,18,10000.0,
0,18,11000.0,0.004443460376
0,18,12000.0,0.004443460376
0,18,13000.0,0.004443460376
0,18,14000.0,0.004955058569
0,18,15000.0,0.004955058569
0,18,16000.0,0.004955058569
0,18,17000.0,
0,18,18000.0,
0,18,19000.0,0.00787561018
0,18,20000.0,0.00787561018
0,18,21000.0,0.00787561018
0,18,22000.0,
0,18,23000.0,
0,18,24000.0,
0,18,25000.0,
0,18,26000.0,
0,18,27000.0,
0,18,28000.0,
0,18,29000.0,
0,18,30000.0,
0,18,31000.0,0.005013353097
0,18,32000.0,0.005013353097
0,18,33000.0,0.005013353097
0,18,34000.0,
0,18,35000.0,
0,18,36000.0,0.005223700757
0,18,37000.0,0.005223700757
0,18,38000.0,0.005223700757
0,18,39000.0,
0,18,40000.0,
0,18,41000.0,
0,18,42000.0,
0,18,43000.0,0.005016765971
0,18,44000.0,0.005016765971
0,18,45000.0,0.005016765971
0,18,46000.0,0.005465082747
0,18,47000.0,0.005465082747
0,18,48000.0,0.005465082747
0,18,49000.0,
0,18,50000.0,0.005305874852
0,19,5000.0,
0,19,6000.0,0.00427472844
0,19,7000.0,0.00427472844
0,19,8000.0,0.00427472844
0,19,9000.0,0.004429539751
0,19,10000.0,0.004429539751
0,19,11000.0,0.004429539751
0,19,12000.0,
0,19,13000.0,0.002279778773
0,19,14000.0,0.002279778773
0,19,15000.0,0.002279778773
0,19,16000.0,
0,19,17000.0,
0,19,18000.0,0.003155313536
0,19,19000.0,0.003155313536
0,19,20000.0,0.003155313536
0,19,21000.0,
0,19,22000.0,0.006147875684
0,19,23000.0,0.006147875684
0,19,24000.0,0.006147875684
0,19,25000.0,
0,19,26000.0,
0,19,27000.0,0.005433182968
0,19,28000.0,0.005433182968
0,19,29000.0,0.005433182968
0,19,30000.0,
0,19,31000.0,
0,19,32000.0,
0,19,33000.0,
0,19,34000.0,
0,19,35000.0,
0,19,36000.0,
0,19,37000.0,
0,19,38000.0,
0,19,39000.0,
0,19,40000.0,9.005751381614
0,19,41000.0,9.005751381614
0,19,42000.0,9.005751381614
0,19,43000.0,
0,19,44000.0,0.006242293701
0,19,45000.0,0.006242293701
0,19,46000.0,0.006242293701
0,19,47000.0,
0,19,48000.0,0.004665322799
0,19,49000.0,0.004665322799
0,19,50000.0,0.004665322799
0,20,5000.0,0.018820142222
0,20,6000.0,0.018820142222
0,20,7000.0,0.018820142222
0,20,8000.0,
0,20,9000.0,0.008831747221
0,20,10000.0,0.008831747221
0,20,11000.0,0.008831747221
0,20,12000.0,
0,20,13000.0,
0,20,14000.0,0.005328526861
0,20,15000.0,0.005328526861
0,20,16000.0,0.005328526861
0,20,17000.0,0.009424762971
0,20,18000.0,0.009424762971
0,20,19000.0,0.009424762971
0,20,20000.0,
0,20,21000.0,
0,20,22000.0,
0,20,23000.0,
0,20,24000.0,0.00761921225
0,20,25000.0,0.00761921225
0,20,26000.0,0.00761921225
0,20,27000.0,
0,20,28000.0,
0,20,29000.0,0.007719079859
0,20,30000.0,0.007719079859
0,20,31000.0,0.007719079859
0,20,32000.0,
0,20,33000.0,0.011254331978
0,20,34000.0,0.011254331978
0,20,35000.0,0.011254331978
0,20,36000.0,
0,20,37000.0,0.071412201727
0,20,38000.0,0.071412201727
0,20,39000.0,0.071412201727
0,20,40000.0,
0,20,41000.0,
0,20,42000.0,
0,20,43000.0,
0,20,44000.0,0.00858251601
0,20,45000.0,0.00858251601
0,20,46000.0,0.00858251601
0,20,47000.0,
0,20,48000.0,
0,20,49000.0,
0,20,50000.0,
0,21,5000.0,0.007595661554
0,21,6000.0,0.007595661554
0,21,7000.0,0.007595661554
0,21,8000.0,
0,21,9000.0,0.008305406849
0,21,10000.0,0.008305406849
0,21,11000.0,0.008305406849
0,21,12000.0,0.007518619582
0,21,13000.0,0.007518619582
0,21,14000.0,0.007518619582
0,21,15000.0,
0,21,16000.0,
0,21,17000.0,
0,21,18000.0,
0,21,19000.0,
0,21,20000.0,0.006949097515
0,21,21000.0,0.006949097515
0,21,22000.0,0.006949097515
0,21,23000.0,
0,21,24000.0,
0,21,25000.0,
0,21,26000.0,
0,21,27000.0,
0,21,28000.0,
0,21,29000.0,
0,21,30000.0,
0,21,31000.0,
0,21,32000.0,
0,21,33000.0,0.007544314222
0,21,34000.0,0.007544314222
0,21,35000.0,0.007544314222
0,21,36000.0,
0,21,37000.0,
0,21,38000.0,0.006748814043
0,21,39000.0,0.006748814043
0,21,40000.0,0.006748814043
0,21,41000.0,
0,21,42000.0,
0,21,43000.0,0.005417175543
0,21,44000.0,0.005417175543
0,21,45000.0,0.005417175543
0,21,46000.0,
0,21,47000.0,
0,21,48000.0,
0,21,49000.0,
0,21,50000.0,
0,22,5000.0,0.004950332078
0,22,6000.0,0.004950332078
0,22,7000.0,0.004950332078
0,22,8000.0,
0,22,9000.0,
0,22,10000.0,
0,22,11000.0,
0,22,12000.0,0.006148087919
0,22,13000.0,0.006148087919
0,22,14000.0,0.006148087919
0,22,15000.0,
0,22,16000.0,
0,22,17000.0,
0,22,18000.0,
0,22,19000.0,0.006547527583
0,22,20000.0,0.006547527583
0,22,21000.0,0.006547527583
0,22,22000.0,
0,22,23000.0,
0,22,24000.0,
0,22,25000.0,
0,22,26000.0,
0,22,27000.0,
0,22,28000.0,
0,22,29000.0,
0,22,30000.0,
0,22,31000.0,
0,22,32000.0,6.004107943292
0,22,33000.0,6.004107943292
0,22,34000.0,6.004107943292
0,22,35000.0,
0,22,36000.0,
0,22,37000.0,0.005075970176
0,22,38000.0,0.005075970176
0,22,39000.0,0.005075970176
0,22,40000.0,
0,22,41000.0,0.002539767259
0,22,42000.0,0.002539767259
0,22,43000.0,0.002539767259
0,22,44000.0,
0,22,45000.0,
0,22,46000.0,0.002798082325
0,22,47000.0,0.002798082325
0,22,48000.0,0.002798082325
0,22,49000.0,
0,22,50000.0,
0,23,5000.0,
0,23,6000.0,0.001933408477
0,23,7000.0,0.001933408477
0,23,8000.0,0.001933408477
0,23,9000.0,
0,23,10000.0,
0,23,11000.0,0.002533451996
0,23,12000.0,0.002533451996
0,23,13000.0,0.002533451996
0,23,14000.0,
0,23,15000.0,0.002733488643
0,23,16000.0,0.002733488643
0,23,17000.0,0.002733488643
0,23,18000.0,
0,23,19000.0,0.002933534456
0,23,20000.0,0.002933534456
0,23,21000.0,0.002933534456
0,23,22000.0,
0,23,23000.0,0.002653571603
0,23,24000.0,0.002653571603
0,23,25000.0,0.002653571603
0,23,26000.0,
0,23,27000.0,0.004645780294
0,23,28000.0,0.004645780294
0,23,29000.0,0.004645780294
0,23,30000.0,0.002153646391
0,23,31000.0,0.002153646391
0,23,32000.0,0.002153646391
0,23,33000.0,
0,23,34000.0,0.003949688985
0,23,35000.0,0.003949688985
0,23,36000.0,0.003949688985
0,23,37000.0,
0,23,38000.0,0.007177296179
0,23,39000.0,0.007177296179
0,23,40000.0,0.007177296179
0,23,41000.0,
0,23,42000.0,0.004374282248
0,23,43000.0,0.004374282248
0,23,44000.0,0.004374282248
0,23,45000.0,0.00289381426
0,23,46000.0,0.00289381426
0,23,47000.0,0.00289381426
0,23,48000.0,
0,23,49000.0,
0,23,50000.0,0.002693869832
0,24,5000.0,0.033695389412
0,24,6000.0,0.033695389412
0,24,7000.0,0.033695389412
0,24,8000.0,
0,24,9000.0,0.005868526268
0,24,10000.0,0.005868526268
0,24,11000.0,0.005868526268
0,24,12000.0,
0,24,13000.0,
0,24,14000.0,0.014429568765
0,24,15000.0,0.014429568765
0,24,16000.0,0.014429568765
0,24,17000.0,
0,24,18000.0,0.002879298512
0,24,19000.0,0.002879298512
0,24,20000.0,0.002879298512
0,24,21000.0,
0,24,22000.0,0.002978170249
0,24,23000.0,0.002978170249
0,24,24000.0,0.002978170249
0,24,25000.0,
0,24,26000.0,
0,24,27000.0,0.002542334447
0,24,28000.0,0.002542334447
0,24,29000.0,0.002542334447
0,24,30000.0,
0,24,31000.0,0.002956163932
0,24,32000.0,0.002956163932
0,24,33000.0,0.002956163932
0,24,34000.0,
0,24,35000.0,0.003937186351
0,24,36000.0,0.003937186351
0,24,37000.0,0.003937186351
0,24,38000.0,0.002876662246
0,24,39000.0,0.002876662246
0,24,40000.0,0.002876662246
0,24,41000.0,
0,24,42000.0,0.002922043557
0,24,43000.0,0.002922043557
0,24,44000.0,0.002922043557
0,24,45000.0,
0,24,46000.0,
0,24,47000.0,0.003149724093
0,24,48000.0,0.003149724093
0,24,49000.0,0.003149724093
0,24,50000.0,
1,0,5000.0,
1,0,6000.0,
1,0,7000.0,
1,0,8000.0,
1,0,9000.0,
1,0,10000.0,
1,0,11000.0,
1,0,12000.0,
1,0,13000.0,
1,0,14000.0,
1,0,15000.0,
1,0,16000.0,
1,0,17000.0,
1,0,18000.0,
1,0,19000.0,
1,0,20000.0,
1,0,21000.0,
1,0,22000.0,
1,0,23000.0,
1,0,24000.0,
1,0,25000.0,
1,0,26000.0,
1,0,27000.0,
1,0,28000.0,
1,0,29000.0,
1,0,30000.0,
1,0,31000.0,
1,0,32000.0,
1,0,33000.0,
1,0,34000.0,
1,0,35000.0,
1,0,36000.0,
1,0,37000.0,
1,0,38000.0,
1,0,39000.0,
1,0,40000.0,
1,0,41000.0,
1,0,42000.0,
1,0,43000.0,
1,0,44000.0,
1,0,45000.0,
1,0,46000.0,
1,0,47000.0,
1,0,48000.0,
1,0,49000.0,
1,0,50000.0,
1,1,5000.0,0.002352933017
1,1,6000.0,0.002352933017
1,1,7000.0,0.002352933017
1,1,8000.0,
1,1,9000.0,
1,1,10000.0,0.00265254328
1,1,11000.0,0.00265254328
1,1,12000.0,0.00265254328
1,1,13000.0,0.002193278811
1,1,14000.0,0.002193278811
1,1,15000.0,0.002193278811
1,1,16000.0,0.003957111552
1,1,17000.0,0.003957111552
1,1,18000.0,0.003957111552
1,1,19000.0,
1,1,20000.0,
1,1,21000.0,0.002775471319
1,1,22000.0,0.002775471319
1,1,23000.0,0.002775471319
1,1,24000.0,
1,1,25000.0,0.00303961949
1,1,26000.0,0.00303961949
1,1,27000.0,0.00303961949
1,1,28000.0,0.002858108847
1,1,29000.0,0.002858108847
1,1,30000.0,0.002858108847
1,1,31000.0,0.002859273369
1,1,32000.0,0.002859273369
1,1,33000.0,0.002859273369
1,1,34000.0,0.002520564378
1,1,35000.0,0.002520564378
1,1,36000.0,0.002520564378
1,1,37000.0,
1,1,38000.0,0.004685317797
1,1,39000.0,0.004685317797
1,1,40000.0,0.004685317797
1,1,41000.0,
1,1,42000.0,0.010157752104
1,1,43000.0,0.010157752104
1,1,44000.0,0.010157752104
1,1,45000.0,
1,1,46000.0,
1,1,47000.0,
1,1,48000.0,0.005571535474
1,1,49000.0,0.005571535474
1,1,50000.0,0.005571535474
1,2,5000.0,0.004572225279
1,2,6000.0,0.004572225279
1,2,7000.0,0.004572225279
1,2,8000.0,
1,2,9000.0,
1,2,10000.0,
1,2,11000.0,
1,2,12000.0,
1,2,13000.0,0.002880065094
1,2,14000.0,0.002880065094
1,2,15000.0,0.002880065094
1,2,16000.0,
1,2,17000.0,0.002859328285
1,2,18000.0,0.002859328285
1,2,19000.0,0.002859328285
1,2,20000.0,
1,2,21000.0,0.002838772156
1,2,22000.0,0.002838772156
1,2,23000.0,0.002838772156
1,2,24000.0,
1,2,25000.0,
1,2,26000.0,0.002681326969
1,2,27000.0,0.002681326969
1,2,28000.0,0.002681326969
1,2,29000.0,
1,2,30000.0,0.002437743761
1,2,31000.0,0.002437743761
1,2,32000.0,0.002437743761
1,2,33000.0,
1,2,34000.0,0.002317424645
1,2,35000.0,0.002317424645
1,2,36000.0,0.002317424645
1,2,37000.0,0.002417234444
1,2,38000.0,0.002417234444
1,2,39000.0,0.002417234444
1,2,40000.0,
1,2,41000.0,
1,2,42000.0,0.002037134626
1,2,43000.0,0.002037134626
1,2,44000.0,0.002037134626
1,2,45000.0,
1,2,46000.0,0.003037201511
1,2,47000.0,0.003037201511
1,2,48000.0,0.003037201511
1,2,49000.0,0.002377345422
1,2,50000.0,0.002377345422
1,4,5000.0,
1,4,6000.0,
1,4,7000.0,
1,4,8000.0,
1,4,9000.0,
1,4,10000.0,
1,4,11000.0,0.076417699041
1,4,12000.0,0.076417699041
1,4,13000.0,0.076417699041
1,4,14000.0,
1,4,15000.0,
1,4,16000.0,
1,4,17000.0,
1,4,18000.0,0.004254121731
1,4,19000.0,0.004254121731
1,4,20000.0,0.004254121731
1,4,21000.0,
1,4,22000.0,0.004881262156
1,4,23000.0,0.004881262156
1,4,24000.0,0.004881262156
1,4,25000.0,
1,4,26000.0,
1,4,27000.0,
1,4,28000.0,
1,4,29000.0,0.007407483261
1,4,30000.0,0.007407483261
1,4,31000.0,0.007407483261
1,4,32000.0,
1,4,33000.0,0.005640659133
1,4,34000.0,0.005640659133
1,4,35000.0,0.005640659133
1,4,36000.0,
1,4,37000.0,
1,4,38000.0,
1,4,39000.0,
1,4,40000.0,
1,4,41000.0,
1,4,42000.0,
1,4,43000.0,
1,4,44000.0,
1,4,45000.0,
1,4,46000.0,0.007445145526
1,4,47000.0,0.007445145526
1,4,48000.0,0.007445145526
1,4,49000.0,
1,4,50000.0,
1,5,5000.0,
1,5,6000.0,
1,5,7000.0,
1,5,8000.0,
1,5,9000.0,
1,5,10000.0,
1,5,11000.0,0.067452019027
1,5,12000.0,0.067452019027
1,5,13000.0,0.067452019027
1,5,14000.0,
1,5,15000.0,0.007066123184
1,5,16000.0,0.007066123184
1,5,17000.0,0.007066123184
1,5,18000.0,
1,5,19000.0,0.009120166877
1,5,20000.0,0.009120166877
1,5,21000.0,0.009120166877
1,5,22000.0,0.005284009345
1,5,23000.0,0.005284009345
1,5,24000.0,0.005284009345
1,5,25000.0,
1,5,26000.0,0.004863943416
1,5,27000.0,0.004863943416
1,5,28000.0,0.004863943416
1,5,29000.0,0.004810504767
1,5,30000.0,0.004810504767
1,5,31000.0,0.004810504767
1,5,32000.0,
1,5,33000.0,0.005764338184
1,5,34000.0,0.005764338184
1,5,35000.0,0.005764338184
1,5,36000.0,
1,5,37000.0,
1,5,38000.0,
1,5,39000.0,
1,5,40000.0,0.005686910589
1,5,41000.0,0.005686910589
1,5,42000.0,0.005686910589
1,5,43000.0,
1,5,44000.0,
1,5,45000.0,
1,5,46000.0,
1,5,47000.0,0.007912621569
1,5,48000.0,0.007912621569
1,5,49000.0,0.007912621569
1,5,50000.0,0.007782142973
1,6,5000.0,
1,6,6000.0,0.003133553223
1,6,7000.0,0.003133553223
1,6,8000.0,0.003133553223
1,6,9000.0,
1,6,10000.0,0.002373277518
1,6,11000.0,0.002373277518
1,6,12000.0,0.002373277518
1,6,13000.0,
1,6,14000.0,0.002733128934
1,6,15000.0,0.002733128934
1,6,16000.0,0.002733128934
1,6,17000.0,
1,6,18000.0,
1,6,19000.0,0.002073018105
1,6,20000.0,0.002073018105
1,6,21000.0,0.002073018105
1,6,22000.0,0.003173019608
1,6,23000.0,0.003173019608
1,6,24000.0,0.003173019608
1,6,25000.0,0.002473085296
1,6,26000.0,0.002473085296
1,6,27000.0,0.002473085296
1,6,28000.0,
1,6,29000.0,0.001813228406
1,6,30000.0,0.001813228406
1,6,31000.0,0.001813228406
1,6,32000.0,
1,6,33000.0,0.002413437895
1,6,34000.0,0.002413437895
1,6,35000.0,0.002413437895
1,6,36000.0,
1,6,37000.0,0.002753700374
1,6,38000.0,0.002753700374
1,6,39000.0,0.002753700374
1,6,40000.0,0.002853906486
1,6,41000.0,0.002853906486
1,6,42000.0,0.002853906486
1,6,43000.0,
1,6,44000.0,0.002554176947
1,6,45000.0,0.002554176947
1,6,46000.0,0.002554176947
1,6,47000.0,
1,6,48000.0,
1,6,49000.0,0.003846370474
1,6,50000.0,0.003846370474
1,7,5000.0,0.09442302508
1,7,6000.0,0.09442302508
1,7,7000.0,0.09442302508
1,7,8000.0,
1,7,9000.0,0.022940853191
1,7,10000.0,0.022940853191
1,7,11000.0,0.022940853191
1,7,12000.0,
1,7,13000.0,
1,7,14000.0,0.007708580962
1,7,15000.0,0.007708580962
1,7,16000.0,0.007708580962
1,7,17000.0,
1,7,18000.0,
1,7,19000.0,0.0053937729
1,7,20000.0,0.0053937729
1,7,21000.0,0.0053937729
1,7,22000.0,
1,7,23000.0,
1,7,24000.0,0.004666209308
1,7,25000.0,0.004666209308
1,7,26000.0,0.004666209308
1,7,27000.0,0.005471485118
1,7,28000.0,0.005471485118
1,7,29000.0,0.005471485118
1,7,30000.0,0.005553018606
1,7,31000.0,0.005553018606
1,7,32000.0,0.005553018606
1,7,33000.0,
1,7,34000.0,
1,7,35000.0,0.004565072369
1,7,36000.0,0.004565072369
1,7,37000.0,0.004565072369
1,7,38000.0,
1,7,39000.0,
1,7,40000.0,0.014280757669
1,7,41000.0,0.014280757669
1,7,42000.0,0.014280757669
1,7,43000.0,
1,7,44000.0,
1,7,45000.0,0.005370651327
1,7,46000.0,0.005370651327
1,7,47000.0,0.005370651327
1,7,48000.0,
1,7,49000.0,0.003040005389
1,7,50000.0,0.003040005389
1,8,5000.0,
1,8,6000.0,
1,8,7000.0,
1,8,8000.0,
1,8,9000.0,0.007772220614
1,8,10000.0,0.007772220614
1,8,11000.0,0.007772220614
1,8,12000.0,
1,8,13000.0,0.004891595953
1,8,14000.0,0.004891595953
1,8,15000.0,0.004891595953
1,8,16000.0,
1,8,17000.0,
1,8,18000.0,0.005677136807
1,8,19000.0,0.005677136807
1,8,20000.0,0.005677136807
1,8,21000.0,
1,8,22000.0,0.005257295042
1,8,23000.0,0.005257295042
1,8,24000.0,0.005257295042
1,8,25000.0,
1,8,26000.0,
1,8,27000.0,0.00583552362
1,8,28000.0,0.00583552362
1,8,29000.0,0.00583552362
1,8,30000.0,
1,8,31000.0,0.006731042035
1,8,32000.0,0.006731042035
1,8,33000.0,0.006731042035
1,8,34000.0,
1,8,35000.0,
1,8,36000.0,0.00527042942
1,8,37000.0,0.00527042942
1,8,38000.0,0.00527042942
1,8,39000.0,
1,8,40000.0,0.007819030286
1,8,41000.0,0.007819030286
1,8,42000.0,0.007819030286
1,8,43000.0,0.002740772464
1,8,44000.0,0.002740772464
1,8,45000.0,0.002740772464
1,8,46000.0,0.027892893981
1,8,47000.0,0.027892893981
1,8,48000.0,0.027892893981
1,8,49000.0,
1,8,50000.0,
1,9,5000.0,
1,9,6000.0,0.00414825892
1,9,7000.0,0.00414825892
1,9,8000.0,0.00414825892
1,9,9000.0,0.008385728946
1,9,10000.0,0.008385728946
1,9,11000.0,0.008385728946
1,9,12000.0,
1,9,13000.0,0.004634617643
1,9,14000.0,0.004634617643
1,9,15000.0,0.004634617643
1,9,16000.0,
1,9,17000.0,0.004770443395
1,9,18000.0,0.004770443395
1,9,19000.0,0.004770443395
1,9,20000.0,
1,9,21000.0,
1,9,22000.0,0.005189230196
1,9,23000.0,0.005189230196
1,9,24000.0,0.005189230196
1,9,25000.0,
1,9,26000.0,
1,9,27000.0,0.006181269602
1,9,28000.0,0.006181269602
1,9,29000.0,0.006181269602
1,9,30000.0,
1,9,31000.0,0.005098880282
1,9,32000.0,0.005098880282
1,9,33000.0,0.005098880282
1,9,34000.0,
1,9,35000.0,0.00497173507
1,9,36000.0,0.00497173507
1,9,37000.0,0.00497173507
1,9,38000.0,
1,9,39000.0,0.003497003972
1,9,40000.0,0.003497003972
1,9,41000.0,0.003497003972
1,9,42000.0,0.003280053662
1,9,43000.0,0.003280053662
1,9,44000.0,0.003280053662
1,9,45000.0,
1,9,46000.0,
1,9,47000.0,0.003278987594
1,9,48000.0,0.003278987594
1,9,49000.0,0.003278987594
1,9,50000.0,
1,10,5000.0,0.07829357593
1,10,6000.0,0.07829357593
1,10,7000.0,0.07829357593
1,10,8000.0,
1,10,9000.0,
1,10,10000.0,
1,10,11000.0,
1,10,12000.0,
1,10,13000.0,
1,10,14000.0,
1,10,15000.0,
1,10,16000.0,
1,10,17000.0,
1,10,18000.0,0.005232038004
1,10,19000.0,0.005232038004
1,10,20000.0,0.005232038004
1,10,21000.0,
1,10,22000.0,
1,10,23000.0,0.007055561958
1,10,24000.0,0.007055561958
1,10,25000.0,0.007055561958
1,10,26000.0,
1,10,27000.0,0.006822253657
1,10,28000.0,0.006822253657
1,10,29000.0,0.006822253657
1,10,30000.0,
1,10,31000.0,0.005414612811
1,10,32000.0,0.005414612811
1,10,33000.0,0.005414612811
1,10,34000.0,0.005008846283
1,10,35000.0,0.005008846283
1,10,36000.0,0.005008846283
1,10,37000.0,
1,10,38000.0,
1,10,39000.0,
1,10,40000.0,
1,10,41000.0,0.009405374443
1,10,42000.0,0.009405374443
1,10,43000.0,0.009405374443
1,10,44000.0,
1,10,45000.0,0.004908318058
1,10,46000.0,0.004908318058
1,10,47000.0,0.004908318058
1,10,48000.0,
1,10,49000.0,
1,10,50000.0,
1,11,5000.0,0.130938995735
1,11,6000.0,0.130938995735
1,11,7000.0,0.130938995735
1,11,8000.0,
1,11,9000.0,0.007388818689
1,11,10000.0,0.007388818689
1,11,11000.0,0.007388818689
1,11,12000.0,0.011341922276
1,11,13000.0,0.011341922276
1,11,14000.0,0.011341922276
1,11,15000.0,
1,11,16000.0,
1,11,17000.0,0.006934942593
1,11,18000.0,0.006934942593
1,11,19000.0,0.006934942593
1,11,20000.0,0.007608358677
1,11,21000.0,0.007608358677
1,11,22000.0,0.007608358677
1,11,23000.0,
1,11,24000.0,
1,11,25000.0,0.008470215125
1,11,26000.0,0.008470215125
1,11,27000.0,0.008470215125
1,11,28000.0,0.004579689978
1,11,29000.0,0.004579689978
1,11,30000.0,0.004579689978
1,11,31000.0,
1,11,32000.0,0.004500046805
1,11,33000.0,0.004500046805
1,11,34000.0,0.004500046805
1,11,35000.0,
1,11,36000.0,
1,11,37000.0,0.004558261412
1,11,38000.0,0.004558261412
1,11,39000.0,0.004558261412
1,11,40000.0,
1,11,41000.0,0.008348589909
1,11,42000.0,0.008348589909
1,11,43000.0,0.008348589909
1,11,44000.0,0.005183787021
1,11,45000.0,0.005183787021
1,11,46000.0,0.005183787021
1,11,47000.0,
1,11,48000.0,
1,11,49000.0,0.005330165892
1,11,50000.0,0.005330165892
1,12,5000.0,
1,12,6000.0,
1,12,7000.0,
1,12,8000.0,
1,12,9000.0,
1,12,10000.0,
1,12,11000.0,0.077169455325
1,12,12000.0,0.077169455325
1,12,13000.0,0.077169455325
1,12,14000.0,
1,12,15000.0,0.008924220696
1,12,16000.0,0.008924220696
1,12,17000.0,0.008924220696
1,12,18000.0,
1,12,19000.0,0.007649256297
1,12,20000.0,0.007649256297
1,12,21000.0,0.007649256297
1,12,22000.0,0.008860795754
1,12,23000.0,0.008860795754
1,12,24000.0,0.008860795754
1,12,25000.0,
1,12,26000.0,
1,12,27000.0,0.041205612019
1,12,28000.0,0.041205612019
1,12,29000.0,0.041205612019
1,12,30000.0,0.00698340585
1,12,31000.0,0.00698340585
1,12,32000.0,0.00698340585
1,12,33000.0,0.008842538057
1,12,34000.0,0.008842538057
1,12,35000.0,0.008842538057
1,12,36000.0,
1,12,37000.0,0.009138288585
1,12,38000.0,0.009138288585
1,12,39000.0,0.009138288585
1,12,40000.0,
1,12,41000.0,0.065795139694
1,12,42000.0,0.065795139694
1,12,43000.0,0.065795139694
1,12,44000.0,
1,12,45000.0,
1,12,46000.0,
1,12,47000.0,
1,12,48000.0,0.005191925771
1,12,49000.0,0.005191925771
1,12,50000.0,0.005191925771
1,13,5000.0,0.081947425487
1,13,6000.0,0.081947425487
1,13,7000.0,0.081947425487
1,13,8000.0,0.004951830113
1,13,9000.0,0.004951830113
1,13,10000.0,0.004951830113
1,13,11000.0,
1,13,12000.0,0.022494665383
1,13,13000.0,0.022494665383
1,13,14000.0,0.022494665383
1,13,15000.0,
1,13,16000.0,0.01100045454
1,13,17000.0,0.01100045454
1,13,18000.0,0.01100045454
1,13,19000.0,0.00437033454
1,13,20000.0,0.00437033454
1,13,21000.0,0.00437033454
1,13,22000.0,
1,13,23000.0,0.053869144203
1,13,24000.0,0.053869144203
1,13,25000.0,0.053869144203
1,13,26000.0,
1,13,27000.0,0.016741951706
1,13,28000.0,0.016741951706
1,13,29000.0,0.016741951706
1,13,30000.0,0.005010929642
1,13,31000.0,0.005010929642
1,13,32000.0,0.005010929642
1,13,33000.0,
1,13,34000.0,0.006207495206
1,13,35000.0,0.006207495206
1,13,36000.0,0.006207495206
1,13,37000.0,
1,13,38000.0,
1,13,39000.0,0.072595208172
1,13,40000.0,0.072595208172
1,13,41000.0,0.072595208172
1,13,42000.0,
1,13,43000.0,0.005391311173
1,13,44000.0,0.005391311173
1,13,45000.0,0.005391311173
1,13,46000.0,
1,13,47000.0,0.004946222828
1,13,48000.0,0.004946222828
1,13,49000.0,0.004946222828
1,13,50000.0,
1,14,5000.0,
1,14,6000.0,0.002057689578
1,14,7000.0,0.002057689578
1,14,8000.0,0.002057689578
1,14,9000.0,0.003513042606
1,14,10000.0,0.003513042606
1,14,11000.0,0.003513042606
1,14,12000.0,0.003117212665
1,14,13000.0,0.003117212665
1,14,14000.0,0.003117212665
1,14,15000.0,
1,14,16000.0,
1,14,17000.0,0.002556898007
1,14,18000.0,0.002556898007
1,14,19000.0,0.002556898007
1,14,20000.0,
1,14,21000.0,
1,14,22000.0,0.002986379222
1,14,23000.0,0.002986379222
1,14,24000.0,0.002986379222
1,14,25000.0,0.002316442852
1,14,26000.0,0.002316442852
1,14,27000.0,0.002316442852
1,14,28000.0,0.003076302764
1,14,29000.0,0.003076302764
1,14,30000.0,0.003076302764
1,14,31000.0,0.002756178988
1,14,32000.0,0.002756178988
1,14,33000.0,0.002756178988
1,14,34000.0,
1,14,35000.0,0.002650908764
1,14,36000.0,0.002650908764
1,14,37000.0,0.002650908764
1,14,38000.0,
1,14,39000.0,0.004015091658
1,14,40000.0,0.004015091658
1,14,41000.0,0.004015091658
1,14,42000.0,
1,14,43000.0,0.002515962286
1,14,44000.0,0.002515962286
1,14,45000.0,0.002515962286
1,14,46000.0,
1,14,47000.0,0.004349251178
1,14,48000.0,0.004349251178
1,14,49000.0,0.004349251178
1,14,50000.0,0.002956018636
1,15,5000.0,
1,15,6000.0,
1,15,7000.0,
1,15,8000.0,
1,15,9000.0,
1,15,10000.0,
1,15,11000.0,
1,15,12000.0,
1,15,13000.0,
1,15,14000.0,
1,15,15000.0,
1,15,16000.0,
1,15,17000.0,
1,15,18000.0,
1,15,19000.0,
1,15,20000.0,
1,15,21000.0,
1,15,22000.0,
1,15,23000.0,0.026565711904
1,15,24000.0,0.026565711904
1,15,25000.0,0.026565711904
1,15,26000.0,
1,15,27000.0,0.003319960516
1,15,28000.0,0.003319960516
1,15,29000.0,0.003319960516
1,15,30000.0,
1,15,31000.0,0.002818515707
1,15,32000.0,0.002818515707
1,15,33000.0,0.002818515707
1,15,34000.0,
1,15,35000.0,0.001936965674
1,15,36000.0,0.001936965674
1,15,37000.0,0.001936965674
1,15,38000.0,
1,15,39000.0,0.002835258938
1,15,40000.0,0.002835258938
1,15,41000.0,0.002835258938
1,15,42000.0,0.002873894377
1,15,43000.0,0.002873894377
1,15,44000.0,0.002873894377
1,15,45000.0,
1,15,46000.0,0.002865909112
1,15,47000.0,0.002865909112
1,15,48000.0,0.002865909112
1,15,49000.0,
1,15,50000.0,0.003073376211
1,16,5000.0,0.078632701448
1,16,6000.0,0.078632701448
1,16,7000.0,0.078632701448
1,16,8000.0,
1,16,9000.0,0.005102506984
1,16,10000.0,0.005102506984
1,16,11000.0,0.005102506984
1,16,12000.0,
1,16,13000.0,
1,16,14000.0,0.005329690126
1,16,15000.0,0.005329690126
1,16,16000.0,0.005329690126
1,16,17000.0,
1,16,18000.0,0.004836119844
1,16,19000.0,0.004836119844
1,16,20000.0,0.004836119844
1,16,21000.0,
1,16,22000.0,
1,16,23000.0,0.005490158022
1,16,24000.0,0.005490158022
1,16,25000.0,0.005490158022
1,16,26000.0,
1,16,27000.0,
1,16,28000.0,
1,16,29000.0,
1,16,30000.0,
1,16,31000.0,
1,16,32000.0,
1,16,33000.0,
1,16,34000.0,
1,16,35000.0,
1,16,36000.0,0.007302879282
1,16,37000.0,0.007302879282
1,16,38000.0,0.007302879282
1,16,39000.0,
1,16,40000.0,
1,16,41000.0,
1,16,42000.0,
1,16,43000.0,0.005070095625
1,16,44000.0,0.005070095625
1,16,45000.0,0.005070095625
1,16,46000.0,
1,16,47000.0,0.038472847688
1,16,48000.0,0.038472847688
1,16,49000.0,0.038472847688
1,16,50000.0,0.005263131409
1,17,5000.0,0.005020758961
1,17,6000.0,0.005020758961
1,17,7000.0,0.005020758961
1,17,8000.0,0.002355503658
1,17,9000.0,0.002355503658
1,17,10000.0,0.002355503658
1,17,11000.0,0.00354630961
1,17,12000.0,0.00354630961
1,17,13000.0,0.00354630961
1,17,14000.0,
1,17,15000.0,
1,17,16000.0,0.002177205069
1,17,17000.0,0.002177205069
1,17,18000.0,0.002177205069
1,17,19000.0,
1,17,20000.0,0.00291814016
1,17,21000.0,0.00291814016
1,17,22000.0,0.00291814016
1,17,23000.0,
1,17,24000.0,0.002699246466
1,17,25000.0,0.002699246466
1,17,26000.0,0.002699246466
1,17,27000.0,
1,17,28000.0,0.002720265154
1,17,29000.0,0.002720265154
1,17,30000.0,0.002720265154
1,17,31000.0,
1,17,32000.0,0.005045398944
1,17,33000.0,0.005045398944
1,17,34000.0,0.005045398944
1,17,35000.0,
1,17,36000.0,
1,17,37000.0,
1,17,38000.0,
1,17,39000.0,
1,17,40000.0,
1,17,41000.0,
1,17,42000.0,
1,17,43000.0,
1,17,44000.0,
1,17,45000.0,
1,17,46000.0,
1,17,47000.0,
1,17,48000.0,
1,17,49000.0,
1,17,50000.0,
1,18,5000.0,0.030875033269
1,18,6000.0,0.030875033269
1,18,7000.0,0.030875033269
1,18,8000.0,
1,18,9000.0,
1,18,10000.0,0.008908913894
1,18,11000.0,0.008908913894
1,18,12000.0,0.008908913894
1,18,13000.0,
1,18,14000.0,0.00534540937
1,18,15000.0,0.00534540937
1,18,16000.0,0.00534540937
1,18,17000.0,
1,18,18000.0,0.004169700046
1,18,19000.0,0.004169700046
1,18,20000.0,0.004169700046
1,18,21000.0,
1,18,22000.0,
1,18,23000.0,0.005708645157
1,18,24000.0,0.005708645157
1,18,25000.0,0.005708645157
1,18,26000.0,
1,18,27000.0,
1,18,28000.0,0.011706286851
1,18,29000.0,0.011706286851
1,18,30000.0,0.011706286851
1,18,31000.0,0.004146780006
1,18,32000.0,0.004146780006
1,18,33000.0,0.004146780006
1,18,34000.0,
1,18,35000.0,
1,18,36000.0,
1,18,37000.0,
1,18,38000.0,
1,18,39000.0,0.00271916424
1,18,40000.0,0.00271916424
1,18,41000.0,0.00271916424
1,18,42000.0,
1,18,43000.0,0.002618745973
1,18,44000.0,0.002618745973
1,18,45000.0,0.002618745973
1,18,46000.0,
1,18,47000.0,
1,18,48000.0,0.002731453222
1,18,49000.0,0.002731453222
1,18,50000.0,0.002731453222
1,19,5000.0,0.005072768111
1,19,6000.0,0.005072768111
1,19,7000.0,0.005072768111
1,19,8000.0,
1,19,9000.0,0.004552181289
1,19,10000.0,0.004552181289
1,19,11000.0,0.004552181289
1,19,12000.0,
1,19,13000.0,
1,19,14000.0,
1,19,15000.0,
1,19,16000.0,
1,19,17000.0,
1,19,18000.0,
1,19,19000.0,
1,19,20000.0,
1,19,21000.0,
1,19,22000.0,0.005307824696
1,19,23000.0,0.005307824696
1,19,24000.0,0.005307824696
1,19,25000.0,
1,19,26000.0,0.006650147926
1,19,27000.0,0.006650147926
1,19,28000.0,0.006650147926
1,19,29000.0,
1,19,30000.0,0.004786403842
1,19,31000.0,0.004786403842
1,19,32000.0,0.004786403842
1,19,33000.0,0.004764855845
1,19,34000.0,0.004764855845
1,19,35000.0,0.004764855845
1,19,36000.0,0.005335466972
1,19,37000.0,0.005335466972
1,19,38000.0,0.005335466972
1,19,39000.0,
1,19,40000.0,0.005136234377
1,19,41000.0,0.005136234377
1,19,42000.0,0.005136234377
1,19,43000.0,
1,19,44000.0,0.006826122476
1,19,45000.0,0.006826122476
1,19,46000.0,0.006826122476
1,19,47000.0,
1,19,48000.0,
1,19,49000.0,
1,19,50000.0,
1,20,5000.0,
1,20,6000.0,0.004670437202
1,20,7000.0,0.004670437202
1,20,8000.0,0.004670437202
1,20,9000.0,0.005013128276
1,20,10000.0,0.005013128276
1,20,11000.0,0.005013128276
1,20,12000.0,
1,20,13000.0,0.002580677649
1,20,14000.0,0.002580677649
1,20,15000.0,0.002580677649
1,20,16000.0,
1,20,17000.0,0.003346422805
1,20,18000.0,0.003346422805
1,20,19000.0,0.003346422805
1,20,20000.0,
1,20,21000.0,
1,20,22000.0,0.002400430977
1,20,23000.0,0.002400430977
1,20,24000.0,0.002400430977
1,20,25000.0,0.002560346842
1,20,26000.0,0.002560346842
1,20,27000.0,0.002560346842
1,20,28000.0,
1,20,29000.0,
1,20,30000.0,0.00242024271
1,20,31000.0,0.00242024271
1,20,32000.0,0.00242024271
1,20,33000.0,0.002880175246
1,20,34000.0,0.002880175246
1,20,35000.0,0.002880175246
1,20,36000.0,
1,20,37000.0,
1,20,38000.0,0.00278008718
1,20,39000.0,0.00278008718
1,20,40000.0,0.00278008718
1,20,41000.0,
1,20,42000.0,0.00210001297
1,20,43000.0,0.00210001297
1,20,44000.0,0.00210001297
1,20,45000.0,
1,20,46000.0,0.003419954295
1,20,47000.0,0.003419954295
1,20,48000.0,0.003419954295
1,20,49000.0,
1,20,50000.0,0.003418206074
1,21,5000.0,0.042547724594
1,21,6000.0,0.042547724594
1,21,7000.0,0.042547724594
1,21,8000.0,
1,21,9000.0,0.013613516995
1,21,10000.0,0.013613516995
1,21,11000.0,0.013613516995
1,21,12000.0,0.013885324425
1,21,13000.0,0.013885324425
1,21,14000.0,0.013885324425
1,21,15000.0,0.008825642997
1,21,16000.0,0.008825642997
1,21,17000.0,0.008825642997
1,21,18000.0,
1,21,19000.0,
1,21,20000.0,
1,21,21000.0,
1,21,22000.0,
1,21,23000.0,0.005067146685
1,21,24000.0,0.005067146685
1,21,25000.0,0.005067146685
1,21,26000.0,0.005757046779
1,21,27000.0,0.005757046779
1,21,28000.0,0.005757046779
1,21,29000.0,
1,21,30000.0,0.005110563101
1,21,31000.0,0.005110563101
1,21,32000.0,0.005110563101
1,21,33000.0,
1,21,34000.0,
1,21,35000.0,0.004064022258
1,21,36000.0,0.004064022258
1,21,37000.0,0.004064022258
1,21,38000.0,
1,21,39000.0,0.005411435629
1,21,40000.0,0.005411435629
1,21,41000.0,0.005411435629
1,21,42000.0,
1,21,43000.0,0.004324019205
1,21,44000.0,0.004324019205
1,21,45000.0,0.004324019205
1,21,46000.0,0.005471308613
1,21,47000.0,0.005471308613
1,21,48000.0,0.005471308613
1,21,49000.0,
1,21,50000.0,0.00552882061
1,22,5000.0,
1,22,6000.0,
1,22,7000.0,
1,22,8000.0,0.005223075985
1,22,9000.0,0.005223075985
1,22,10000.0,0.005223075985
1,22,11000.0,
1,22,12000.0,
1,22,13000.0,0.00541041477
1,22,14000.0,0.00541041477
1,22,15000.0,0.00541041477
1,22,16000.0,
1,22,17000.0,0.006468236749
1,22,18000.0,0.006468236749
1,22,19000.0,0.006468236749
1,22,20000.0,
1,22,21000.0,0.007959750158
1,22,22000.0,0.007959750158
1,22,23000.0,0.007959750158
1,22,24000.0,0.005291205498
1,22,25000.0,0.005291205498
1,22,26000.0,0.005291205498
1,22,27000.0,
1,22,28000.0,
1,22,29000.0,
1,22,30000.0,
1,22,31000.0,
1,22,32000.0,0.010081759955
1,22,33000.0,0.010081759955
1,22,34000.0,0.010081759955
1,22,35000.0,0.006991971373
1,22,36000.0,0.006991971373
1,22,37000.0,0.006991971373
1,22,38000.0,
1,22,39000.0,0.037532972051
1,22,40000.0,0.037532972051
1,22,41000.0,0.037532972051
1,22,42000.0,
1,22,43000.0,
1,22,44000.0,
1,22,45000.0,
1,22,46000.0,0.012073331123
1,22,47000.0,0.012073331123
1,22,48000.0,0.012073331123
1,22,49000.0,
1,22,50000.0,
1,23,5000.0,
1,23,6000.0,
1,23,7000.0,
1,23,8000.0,
1,23,9000.0,
1,23,10000.0,
1,23,11000.0,0.015226830864
1,23,12000.0,0.015226830864
1,23,13000.0,0.015226830864
1,23,14000.0,0.010238955327
1,23,15000.0,0.010238955327
1,23,16000.0,0.010238955327
1,23,17000.0,
1,23,18000.0,
1,23,19000.0,0.007931017435
1,23,20000.0,0.007931017435
1,23,21000.0,0.007931017435
1,23,22000.0,
1,23,23000.0,0.004947113327
1,23,24000.0,0.004947113327
1,23,25000.0,0.004947113327
1,23,26000.0,
1,23,27000.0,
1,23,28000.0,0.01226857568
1,23,29000.0,0.01226857568
1,23,30000.0,0.01226857568
1,23,31000.0,
1,23,32000.0,0.007169017218
1,23,33000.0,0.007169017218
1,23,34000.0,0.007169017218
1,23,35000.0,
1,23,36000.0,0.00674358419
1,23,37000.0,0.00674358419
1,23,38000.0,0.00674358419
1,23,39000.0,0.005746752319
1,23,40000.0,0.005746752319
1,23,41000.0,0.005746752319
1,23,42000.0,0.010507700786
1,23,43000.0,0.010507700786
1,23,44000.0,0.010507700786
1,23,45000.0,
1,23,46000.0,
1,23,47000.0,0.014122438413
1,23,48000.0,0.014122438413
1,23,49000.0,0.014122438413
1,23,50000.0,
1,24,5000.0,
1,24,6000.0,0.00263782156
1,24,7000.0,0.00263782156
1,24,8000.0,0.00263782156
1,24,9000.0,
1,24,10000.0,
1,24,11000.0,0.00383018281
1,24,12000.0,0.00383018281
1,24,13000.0,0.00383018281
1,24,14000.0,0.002518451424
1,24,15000.0,0.002518451424
1,24,16000.0,0.002518451424
1,24,17000.0,0.002398745182
1,24,18000.0,0.002398745182
1,24,19000.0,0.002398745182
1,24,20000.0,
1,24,21000.0,0.004535141712
1,24,22000.0,0.004535141712
1,24,23000.0,0.004535141712
1,24,24000.0,
1,24,25000.0,
1,24,26000.0,0.002879599156
1,24,27000.0,0.002879599156
1,24,28000.0,0.002879599156
1,24,29000.0,
1,24,30000.0,0.003916199688
1,24,31000.0,0.003916199688
1,24,32000.0,0.003916199688
1,24,33000.0,
1,24,34000.0,0.002660525839
1,24,35000.0,0.002660525839
1,24,36000.0,0.002660525839
1,24,37000.0,
1,24,38000.0,
1,24,39000.0,
1,24,40000.0,
1,24,41000.0,
1,24,42000.0,0.006347868282
1,24,43000.0,0.006347868282
1,24,44000.0,0.006347868282
1,24,45000.0,
1,24,46000.0,0.014174800592
1,24,47000.0,0.014174800592
1,24,48000.0,0.014174800592
1,24,49000.0,
1,24,50000.0,0.005151054548
2,0,5000.0,
2,0,6000.0,
2,0,7000.0,
2,0,8000.0,
2,0,9000.0,0.008664445832
2,0,10000.0,0.008664445832
2,0,11000.0,0.008664445832
2,0,12000.0,
2,0,13000.0,0.006064505273
2,0,14000.0,0.006064505273
2,0,15000.0,0.006064505273
2,0,16000.0,
2,0,17000.0,0.004605489061
2,0,18000.0,0.004605489061
2,0,19000.0,0.004605489061
2,0,20000.0,
2,0,21000.0,
2,0,22000.0,0.006254439296
2,0,23000.0,0.006254439296
2,0,24000.0,0.006254439296
2,0,25000.0,
2,0,26000.0,0.006407635819
2,0,27000.0,0.006407635819
2,0,28000.0,0.006407635819
2,0,29000.0,
2,0,30000.0,
2,0,31000.0,0.005887047894
2,0,32000.0,0.005887047894
2,0,33000.0,0.005887047894
2,0,34000.0,
2,0,35000.0,0.006522929767
2,0,36000.0,0.006522929767
2,0,37000.0,0.006522929767
2,0,38000.0,0.00491354083
2,0,39000.0,0.00491354083
2,0,40000.0,0.00491354083
2,0,41000.0,
2,0,42000.0,
2,0,43000.0,0.006905600062
2,0,44000.0,0.006905600062
2,0,45000.0,0.006905600062
2,0,46000.0,0.002640257726
2,0,47000.0,0.002640257726
2,0,48000.0,0.002640257726
2,0,49000.0,
2,0,50000.0,0.002758785021
2,1,5000.0,
2,1,6000.0,
2,1,7000.0,
2,1,8000.0,
2,1,9000.0,
2,1,10000.0,
2,1,11000.0,0.009280839852
2,1,12000.0,0.009280839852
2,1,13000.0,0.009280839852
2,1,14000.0,
2,1,15000.0,0.004950206086
2,1,16000.0,0.004950206086
2,1,17000.0,0.004950206086
2,1,18000.0,
2,1,19000.0,0.004728907881
2,1,20000.0,0.004728907881
2,1,21000.0,0.004728907881
2,1,22000.0,
2,1,23000.0,
2,1,24000.0,0.011661227026
2,1,25000.0,0.011661227026
2,1,26000.0,0.011661227026
2,1,27000.0,
2,1,28000.0,0.00304020246
2,1,29000.0,0.00304020246
2,1,30000.0,0.00304020246
2,1,31000.0,0.004192396604
2,1,32000.0,0.004192396604
2,1,33000.0,0.004192396604
2,1,34000.0,
2,1,35000.0,
2,1,36000.0,0.004058118249
2,1,37000.0,0.004058118249
2,1,38000.0,0.004058118249
2,1,39000.0,
2,1,40000.0,
2,1,41000.0,
2,1,42000.0,
2,1,43000.0,
2,1,44000.0,0.004216930548
2,1,45000.0,0.004216930548
2,1,46000.0,0.004216930548
2,1,47000.0,
2,1,48000.0,0.00510946761
2,1,49000.0,0.00510946761
2,1,50000.0,0.00510946761
2,2,5000.0,0.002277642147
2,2,6000.0,0.002277642147
2,2,7000.0,0.002277642147
2,2,8000.0,
2,2,9000.0,0.002737462931
2,2,10000.0,0.002737462931
2,2,11000.0,0.002737462931
2,2,12000.0,
2,2,13000.0,0.002937596684
2,2,14000.0,0.002937596684
2,2,15000.0,0.002937596684
2,2,16000.0,0.002557690836
2,2,17000.0,0.002557690836
2,2,18000.0,0.002557690836
2,2,19000.0,
2,2,20000.0,0.003635988293
2,2,21000.0,0.003635988293
2,2,22000.0,0.003635988293
2,2,23000.0,
2,2,24000.0,0.002735027493
2,2,25000.0,0.002735027493
2,2,26000.0,0.002735027493
2,2,27000.0,0.002677051828
2,2,28000.0,0.002677051828
2,2,29000.0,0.002677051828
2,2,30000.0,
2,2,31000.0,0.003402210954
2,2,32000.0,0.003402210954
2,2,33000.0,0.003402210954
2,2,34000.0,
2,2,35000.0,
2,2,36000.0,0.005412978791
2,2,37000.0,0.005412978791
2,2,38000.0,0.005412978791
2,2,39000.0,
2,2,40000.0,0.002496288297
2,2,41000.0,0.002496288297
2,2,42000.0,0.002496288297
2,2,43000.0,
2,2,44000.0,
2,2,45000.0,0.007425530476
2,2,46000.0,0.007425530476
2,2,47000.0,0.007425530476
2,2,48000.0,
2,2,49000.0,0.002455757756
2,2,50000.0,0.002455757756
2,4,5000.0,
2,4,6000.0,0.004730563888
2,4,7000.0,0.004730563888
2,4,8000.0,0.004730563888
2,4,9000.0,
2,4,10000.0,0.004690608739
2,4,11000.0,0.004690608739
2,4,12000.0,0.004690608739
2,4,13000.0,0.004971681341
2,4,14000.0,0.004971681341
2,4,15000.0,0.004971681341
2,4,16000.0,
2,4,17000.0,
2,4,18000.0,
2,4,19000.0,
2,4,20000.0,
2,4,21000.0,
2,4,22000.0,
2,4,23000.0,
2,4,24000.0,
2,4,25000.0,
2,4,26000.0,0.007960915999
2,4,27000.0,0.007960915999
2,4,28000.0,0.007960915999
2,4,29000.0,
2,4,30000.0,0.00461278998
2,4,31000.0,0.00461278998
2,4,32000.0,0.00461278998
2,4,33000.0,0.005213711421
2,4,34000.0,0.005213711421
2,4,35000.0,0.005213711421
2,4,36000.0,
2,4,37000.0,0.013571608622
2,4,38000.0,0.013571608622
2,4,39000.0,0.013571608622
2,4,40000.0,
2,4,41000.0,
2,4,42000.0,
2,4,43000.0,0.008144235188
2,4,44000.0,0.008144235188
2,4,45000.0,0.008144235188
2,4,46000.0,
2,4,47000.0,
2,4,48000.0,0.010717696212
2,4,49000.0,0.010717696212
2,4,50000.0,0.010717696212
2,5,5000.0,0.01997294275
2,5,6000.0,0.01997294275
2,5,7000.0,0.01997294275
2,5,8000.0,
2,5,9000.0,0.005443226919
2,5,10000.0,0.005443226919
2,5,11000.0,0.005443226919
2,5,12000.0,0.005702330874
2,5,13000.0,0.005702330874
2,5,14000.0,0.005702330874
2,5,15000.0,
2,5,16000.0,
2,5,17000.0,
2,5,18000.0,0.005262758249
2,5,19000.0,0.005262758249
2,5,20000.0,0.005262758249
2,5,21000.0,
2,5,22000.0,
2,5,23000.0,0.005294999324
2,5,24000.0,0.005294999324
2,5,25000.0,0.005294999324
2,5,26000.0,
2,5,27000.0,
2,5,28000.0,0.005388618603
2,5,29000.0,0.005388618603
2,5,30000.0,0.005388618603
2,5,31000.0,
2,5,32000.0,0.00398407299
2,5,33000.0,0.00398407299
2,5,34000.0,0.00398407299
2,5,35000.0,0.004968900488
2,5,36000.0,0.004968900488
2,5,37000.0,0.004968900488
2,5,38000.0,
2,5,39000.0,
2,5,40000.0,
2,5,41000.0,
2,5,42000.0,
2,5,43000.0,
2,5,44000.0,
2,5,45000.0,0.008259978575
2,5,46000.0,0.008259978575
2,5,47000.0,0.008259978575
2,5,48000.0,
2,5,49000.0,0.025346634017
2,5,50000.0,0.025346634017
2,6,5000.0,0.027031337875
2,6,6000.0,0.027031337875
2,6,7000.0,0.027031337875
2,6,8000.0,
2,6,9000.0,0.005140850168
2,6,10000.0,0.005140850168
2,6,11000.0,0.005140850168
2,6,12000.0,0.002698665742
2,6,13000.0,0.002698665742
2,6,14000.0,0.002698665742
2,6,15000.0,
2,6,16000.0,
2,6,17000.0,0.002877577433
2,6,18000.0,0.002877577433
2,6,19000.0,0.002877577433
2,6,20000.0,
2,6,21000.0,0.002406071329
2,6,22000.0,0.002406071329
2,6,23000.0,0.002406071329
2,6,24000.0,
2,6,25000.0,0.003336054437
2,6,26000.0,0.003336054437
2,6,27000.0,0.003336054437
2,6,28000.0,
2,6,29000.0,
2,6,30000.0,0.003067727718
2,6,31000.0,0.003067727718
2,6,32000.0,0.003067727718
2,6,33000.0,
2,6,34000.0,0.002755821187
2,6,35000.0,0.002755821187
2,6,36000.0,0.002755821187
2,6,37000.0,
2,6,38000.0,0.002936325557
2,6,39000.0,0.002936325557
2,6,40000.0,0.002936325557
2,6,41000.0,0.004724828758
2,6,42000.0,0.004724828758
2,6,43000.0,0.004724828758
2,6,44000.0,
2,6,45000.0,
2,6,46000.0,0.005348956614
2,6,47000.0,0.005348956614
2,6,48000.0,0.005348956614
2,6,49000.0,0.002499924015
2,6,50000.0,0.002499924015
2,7,5000.0,0.003157223914
2,7,6000.0,0.003157223914
2,7,7000.0,0.003157223914
2,7,8000.0,0.002756995212
2,7,9000.0,0.002756995212
2,7,10000.0,0.002756995212
2,7,11000.0,
2,7,12000.0,
2,7,13000.0,0.002536672369
2,7,14000.0,0.002536672369
2,7,15000.0,0.002536672369
2,7,16000.0,0.002836480857
2,7,17000.0,0.002836480857
2,7,18000.0,0.002836480857
2,7,19000.0,
2,7,20000.0,
2,7,21000.0,0.002496197194
2,7,22000.0,0.002496197194
2,7,23000.0,0.002496197194
2,7,24000.0,0.003149776433
2,7,25000.0,0.003149776433
2,7,26000.0,0.003149776433
2,7,27000.0,
2,7,28000.0,
2,7,29000.0,0.002455788882
2,7,30000.0,0.002455788882
2,7,31000.0,0.002455788882
2,7,32000.0,
2,7,33000.0,
2,7,34000.0,0.002295594773
2,7,35000.0,0.002295594773
2,7,36000.0,0.002295594773
2,7,37000.0,
2,7,38000.0,0.002935445226
2,7,39000.0,0.002935445226
2,7,40000.0,0.002935445226
2,7,41000.0,
2,7,42000.0,0.00271400867
2,7,43000.0,0.00271400867
2,7,44000.0,0.00271400867
2,7,45000.0,0.002955293935
2,7,46000.0,0.002955293935
2,7,47000.0,0.002955293935
2,7,48000.0,
2,7,49000.0,0.0028952543
2,7,50000.0,0.0028952543
2,8,5000.0,
2,8,6000.0,
2,8,7000.0,0.005336702434
2,8,8000.0,0.005336702434
2,8,9000.0,0.005336702434
2,8,10000.0,
2,8,11000.0,0.004052686649
2,8,12000.0,0.004052686649
2,8,13000.0,0.004052686649
2,8,14000.0,
2,8,15000.0,0.002538257771
2,8,16000.0,0.002538257771
2,8,17000.0,0.002538257771
2,8,18000.0,0.002577092888
2,8,19000.0,0.002577092888
2,8,20000.0,0.002577092888
2,8,21000.0,0.002541190561
2,8,22000.0,0.002541190561
2,8,23000.0,0.002541190561
2,8,24000.0,
2,8,25000.0,
2,8,26000.0,0.002314403751
2,8,27000.0,0.002314403751
2,8,28000.0,0.002314403751
2,8,29000.0,0.002293776212
2,8,30000.0,0.002293776212
2,8,31000.0,0.002293776212
2,8,32000.0,0.002934051017
2,8,33000.0,0.002934051017
2,8,34000.0,0.002934051017
2,8,35000.0,
2,8,36000.0,
2,8,37000.0,0.003852195642
2,8,38000.0,0.003852195642
2,8,39000.0,0.003852195642
2,8,40000.0,0.00313658616
2,8,41000.0,0.00313658616
2,8,42000.0,0.00313658616
2,8,43000.0,
2,8,44000.0,
2,8,45000.0,0.002158184547
2,8,46000.0,0.002158184547
2,8,47000.0,0.002158184547
2,8,48000.0,0.001799338945
2,8,49000.0,0.001799338945
2,8,50000.0,0.001799338945
2,9,5000.0,
2,9,6000.0,
2,9,7000.0,
2,9,8000.0,0.014116290402
2,9,9000.0,0.014116290402
2,9,10000.0,0.014116290402
2,9,11000.0,0.062397003252
2,9,12000.0,0.062397003252
2,9,13000.0,0.062397003252
2,9,14000.0,
2,9,15000.0,0.008787557784
2,9,16000.0,0.008787557784
2,9,17000.0,0.008787557784
2,9,18000.0,0.007361431904
2,9,19000.0,0.007361431904
2,9,20000.0,0.007361431904
2,9,21000.0,
2,9,22000.0,
2,9,23000.0,0.006326719196
2,9,24000.0,0.006326719196
2,9,25000.0,0.006326719196
2,9,26000.0,
2,9,27000.0,
2,9,28000.0,0.012821548446
2,9,29000.0,0.012821548446
2,9,30000.0,0.012821548446
2,9,31000.0,0.004997754606
2,9,32000.0,0.004997754606
2,9,33000.0,0.004997754606
2,9,34000.0,
2,9,35000.0,
2,9,36000.0,
2,9,37000.0,
2,9,38000.0,0.00443705859
2,9,39000.0,0.00443705859
2,9,40000.0,0.00443705859
2,9,41000.0,
2,9,42000.0,
2,9,43000.0,0.00419277062
2,9,44000.0,0.00419277062
2,9,45000.0,0.00419277062
2,9,46000.0,
2,9,47000.0,0.008605427243
2,9,48000.0,0.008605427243
2,9,49000.0,0.008605427243
2,9,50000.0,
2,10,5000.0,0.001936191653
2,10,6000.0,0.001936191653
2,10,7000.0,0.001936191653
2,10,8000.0,
2,10,9000.0,0.00229528024
2,10,10000.0,0.00229528024
2,10,11000.0,0.00229528024
2,10,12000.0,
2,10,13000.0,0.003314568711
2,10,14000.0,0.003314568711
2,10,15000.0,0.003314568711
2,10,16000.0,
2,10,17000.0,0.003454106209
2,10,18000.0,0.003454106209
2,10,19000.0,0.003454106209
2,10,20000.0,0.002694089314
2,10,21000.0,0.002694089314
2,10,22000.0,0.002694089314
2,10,23000.0,
2,10,24000.0,0.002494514332
2,10,25000.0,0.002494514332
2,10,26000.0,0.002494514332
2,10,27000.0,
2,10,28000.0,0.002515087676
2,10,29000.0,0.002515087676
2,10,30000.0,0.002515087676
2,10,31000.0,0.002520850602
2,10,32000.0,0.002520850602
2,10,33000.0,0.002520850602
2,10,34000.0,
2,10,35000.0,0.002638938783
2,10,36000.0,0.002638938783
2,10,37000.0,0.002638938783
2,10,38000.0,
2,10,39000.0,
2,10,40000.0,0.004558639599
2,10,41000.0,0.004558639599
2,10,42000.0,0.004558639599
2,10,43000.0,
2,10,44000.0,0.003138852011
2,10,45000.0,0.003138852011
2,10,46000.0,0.003138852011
2,10,47000.0,
2,10,48000.0,
2,10,49000.0,0.003259991449
2,10,50000.0,0.003259991449
2,11,5000.0,0.0025750716
2,11,6000.0,0.0025750716
2,11,7000.0,0.0025750716
2,11,8000.0,0.003135548316
2,11,9000.0,0.003135548316
2,11,10000.0,0.003135548316
2,11,11000.0,
2,11,12000.0,
2,11,13000.0,0.002276127507
2,11,14000.0,0.002276127507
2,11,15000.0,0.002276127507
2,11,16000.0,
2,11,17000.0,0.002236784929
2,11,18000.0,0.002236784929
2,11,19000.0,0.002236784929
2,11,20000.0,
2,11,21000.0,0.003157290301
2,11,22000.0,0.003157290301
2,11,23000.0,0.003157290301
2,11,24000.0,0.003635611028
2,11,25000.0,0.003635611028
2,11,26000.0,0.003635611028
2,11,27000.0,
2,11,28000.0,0.004476344265
2,11,29000.0,0.004476344265
2,11,30000.0,0.004476344265
2,11,31000.0,
2,11,32000.0,0.003240224827
2,11,33000.0,0.003240224827
2,11,34000.0,0.003240224827
2,11,35000.0,
2,11,36000.0,0.002751372242
2,11,37000.0,0.002751372242
2,11,38000.0,0.002751372242
2,11,39000.0,
2,11,40000.0,
2,11,41000.0,0.004459590713
2,11,42000.0,0.004459590713
2,11,43000.0,0.004459590713
2,11,44000.0,
2,11,45000.0,
2,11,46000.0,0.004081527118
2,11,47000.0,0.004081527118
2,11,48000.0,0.004081527118
2,11,49000.0,
2,11,50000.0,
2,12,5000.0,
2,12,6000.0,0.010444849624
2,12,7000.0,0.010444849624
2,12,8000.0,0.010444849624
2,12,9000.0,
2,12,10000.0,
2,12,11000.0,
2,12,12000.0,0.004991516641
2,12,13000.0,0.004991516641
2,12,14000.0,0.004991516641
2,12,15000.0,0.004550504121
2,12,16000.0,0.004550504121
2,12,17000.0,0.004550504121
2,12,18000.0,
2,12,19000.0,0.005089188497
2,12,20000.0,0.005089188497
2,12,21000.0,0.005089188497
2,12,22000.0,0.005154367418
2,12,23000.0,0.005154367418
2,12,24000.0,0.005154367418
2,12,25000.0,
2,12,26000.0,
2,12,27000.0,0.002079410833
2,12,28000.0,0.002079410833
2,12,29000.0,0.002079410833
2,12,30000.0,
2,12,31000.0,0.004100595545
2,12,32000.0,0.004100595545
2,12,33000.0,0.004100595545
2,12,34000.0,
2,12,35000.0,0.002638205107
2,12,36000.0,0.002638205107
2,12,37000.0,0.002638205107
2,12,38000.0,0.002918041922
2,12,39000.0,0.002918041922
2,12,40000.0,0.002918041922
2,12,41000.0,
2,12,42000.0,0.01101307466
2,12,43000.0,0.01101307466
2,12,44000.0,0.01101307466
2,12,45000.0,
2,12,46000.0,0.002523005716
2,12,47000.0,0.002523005716
2,12,48000.0,0.002523005716
2,12,49000.0,
2,12,50000.0,0.003159668133
2,13,5000.0,0.005102693904
2,13,6000.0,0.005102693904
2,13,7000.0,0.005102693904
2,13,8000.0,0.004594444068
2,13,9000.0,0.004594444068
2,13,10000.0,0.004594444068
2,13,11000.0,0.005822509788
2,13,12000.0,0.005822509788
2,13,13000.0,0.005822509788
2,13,14000.0,
2,13,15000.0,0.002599748322
2,13,16000.0,0.002599748322
2,13,17000.0,0.002599748322
2,13,18000.0,0.007192598271
2,13,19000.0,0.007192598271
2,13,20000.0,0.007192598271
2,13,21000.0,
2,13,22000.0,0.003504409095
2,13,23000.0,0.003504409095
2,13,24000.0,0.003504409095
2,13,25000.0,
2,13,26000.0,0.002418438917
2,13,27000.0,0.002418438917
2,13,28000.0,0.002418438917
2,13,29000.0,
2,13,30000.0,0.002998290367
2,13,31000.0,0.002998290367
2,13,32000.0,0.002998290367
2,13,33000.0,
2,13,34000.0,0.004194547491
2,13,35000.0,0.004194547491
2,13,36000.0,0.004194547491
2,13,37000.0,0.002458583074
2,13,38000.0,0.002458583074
2,13,39000.0,0.002458583074
2,13,40000.0,0.002478958122
2,13,41000.0,0.002478958122
2,13,42000.0,0.002478958122
2,13,43000.0,
2,13,44000.0,
2,13,45000.0,0.003059695136
2,13,46000.0,0.003059695136
2,13,47000.0,0.003059695136
2,13,48000.0,0.003956508078
2,13,49000.0,0.003956508078
2,13,50000.0,0.003956508078
2,14,5000.0,0.002477169355
2,14,6000.0,0.002477169355
2,14,7000.0,0.002477169355
2,14,8000.0,
2,14,9000.0,0.003356657813
2,14,10000.0,0.003356657813
2,14,11000.0,0.003356657813
2,14,12000.0,
2,14,13000.0,0.002596732977
2,14,14000.0,0.002596732977
2,14,15000.0,0.002596732977
2,14,16000.0,
2,14,17000.0,
2,14,18000.0,0.003421545349
2,14,19000.0,0.003421545349
2,14,20000.0,0.003421545349
2,14,21000.0,
2,14,22000.0,0.004482952068
2,14,23000.0,0.004482952068
2,14,24000.0,0.004482952068
2,14,25000.0,
2,14,26000.0,0.004243550932
2,14,27000.0,0.004243550932
2,14,28000.0,0.004243550932
2,14,29000.0,
2,14,30000.0,
2,14,31000.0,
2,14,32000.0,
2,14,33000.0,
2,14,34000.0,0.008019388637
2,14,35000.0,0.008019388637
2,14,36000.0,0.008019388637
2,14,37000.0,0.005732717242
2,14,38000.0,0.005732717242
2,14,39000.0,0.005732717242
2,14,40000.0,
2,14,41000.0,
2,14,42000.0,
2,14,43000.0,
2,14,44000.0,0.006086612407
2,14,45000.0,0.006086612407
2,14,46000.0,0.006086612407
2,14,47000.0,
2,14,48000.0,
2,14,49000.0,
2,14,50000.0,
2,15,5000.0,3.036392129327
2,15,6000.0,3.036392129327
2,15,7000.0,3.036392129327
2,15,8000.0,0.007710704186
2,15,9000.0,0.007710704186
2,15,10000.0,0.007710704186
2,15,11000.0,
2,15,12000.0,0.009444839385
2,15,13000.0,0.009444839385
2,15,14000.0,0.009444839385
2,15,15000.0,
2,15,16000.0,0.009947358186
2,15,17000.0,0.009947358186
2,15,18000.0,0.009947358186
2,15,19000.0,
2,15,20000.0,
2,15,21000.0,0.008504319696
2,15,22000.0,0.008504319696
2,15,23000.0,0.008504319696
2,15,24000.0,
2,15,25000.0,0.009085894088
2,15,26000.0,0.009085894088
2,15,27000.0,0.009085894088
2,15,28000.0,
2,15,29000.0,0.035840525317
2,15,30000.0,0.035840525317
2,15,31000.0,0.035840525317
2,15,32000.0,
2,15,33000.0,0.004532319319
2,15,34000.0,0.004532319319
2,15,35000.0,0.004532319319
2,15,36000.0,
2,15,37000.0,
2,15,38000.0,0.005056730526
2,15,39000.0,0.005056730526
2,15,40000.0,0.005056730526
2,15,41000.0,
2,15,42000.0,0.004211672698
2,15,43000.0,0.004211672698
2,15,44000.0,0.004211672698
2,15,45000.0,
2,15,46000.0,
2,15,47000.0,0.00471644699
2,15,48000.0,0.00471644699
2,15,49000.0,0.00471644699
2,15,50000.0,
2,16,5000.0,
2,16,6000.0,
2,16,7000.0,
2,16,8000.0,
2,16,9000.0,
2,16,10000.0,
2,16,11000.0,
2,16,12000.0,
2,16,13000.0,
2,16,14000.0,
2,16,15000.0,
2,16,16000.0,
2,16,17000.0,
2,16,18000.0,
2,16,19000.0,
2,16,20000.0,
2,16,21000.0,
2,16,22000.0,
2,16,23000.0,0.004457459232
2,16,24000.0,0.004457459232
2,16,25000.0,0.004457459232
2,16,26000.0,
2,16,27000.0,0.005321550018
2,16,28000.0,0.005321550018
2,16,29000.0,0.005321550018
2,16,30000.0,
2,16,31000.0,
2,16,32000.0,0.007143938715
2,16,33000.0,0.007143938715
2,16,34000.0,0.007143938715
2,16,35000.0,
2,16,36000.0,
2,16,37000.0,
2,16,38000.0,0.005169785789
2,16,39000.0,0.005169785789
2,16,40000.0,0.005169785789
2,16,41000.0,
2,16,42000.0,0.004939485536
2,16,43000.0,0.004939485536
2,16,44000.0,0.004939485536
2,16,45000.0,0.016616778049
2,16,46000.0,0.016616778049
2,16,47000.0,0.016616778049
2,16,48000.0,
2,16,49000.0,0.005587960186
2,16,50000.0,0.005587960186
2,17,5000.0,3.007979931168
2,17,6000.0,3.007979931168
2,17,7000.0,3.007979931168
2,17,8000.0,
2,17,9000.0,0.002740119865
2,17,10000.0,0.002740119865
2,17,11000.0,0.002740119865
2,17,12000.0,0.003080073895
2,17,13000.0,0.003080073895
2,17,14000.0,0.003080073895
2,17,15000.0,0.002200028073
2,17,16000.0,0.002200028073
2,17,17000.0,0.002200028073
2,17,18000.0,
2,17,19000.0,
2,17,20000.0,0.003299958165
2,17,21000.0,0.003299958165
2,17,22000.0,0.003299958165
2,17,23000.0,0.003697245088
2,17,24000.0,0.003697245088
2,17,25000.0,0.003697245088
2,17,26000.0,
2,17,27000.0,0.002849016552
2,17,28000.0,0.002849016552
2,17,29000.0,0.002849016552
2,17,30000.0,
2,17,31000.0,0.003098338628
2,17,32000.0,0.003098338628
2,17,33000.0,0.003098338628
2,17,34000.0,
2,17,35000.0,0.005533756729
2,17,36000.0,0.005533756729
2,17,37000.0,0.005533756729
2,17,38000.0,
2,17,39000.0,
2,17,40000.0,0.002519649831
2,17,41000.0,0.002519649831
2,17,42000.0,0.002519649831
2,17,43000.0,
2,17,44000.0,
2,17,45000.0,0.002899579845
2,17,46000.0,0.002899579845
2,17,47000.0,0.002899579845
2,17,48000.0,
2,17,49000.0,0.003878685262
2,17,50000.0,0.003878685262
2,18,5000.0,0.005688081367
2,18,6000.0,0.005688081367
2,18,7000.0,0.005688081367
2,18,8000.0,
2,18,9000.0,
2,18,10000.0,0.005309776468
2,18,11000.0,0.005309776468
2,18,12000.0,0.005309776468
2,18,13000.0,
2,18,14000.0,0.004673745678
2,18,15000.0,0.004673745678
2,18,16000.0,0.004673745678
2,18,17000.0,
2,18,18000.0,0.0031599195
2,18,19000.0,0.0031599195
2,18,20000.0,0.0031599195
2,18,21000.0,
2,18,22000.0,
2,18,23000.0,0.006651500447
2,18,24000.0,0.006651500447
2,18,25000.0,0.006651500447
2,18,26000.0,
2,18,27000.0,
2,18,28000.0,0.019986895977
2,18,29000.0,0.019986895977
2,18,30000.0,0.019986895977
2,18,31000.0,
2,18,32000.0,0.002878112253
2,18,33000.0,0.002878112253
2,18,34000.0,0.002878112253
2,18,35000.0,
2,18,36000.0,0.004124893403
2,18,37000.0,0.004124893403
2,18,38000.0,0.004124893403
2,18,39000.0,
2,18,40000.0,0.002617321247
2,18,41000.0,0.002617321247
2,18,42000.0,0.002617321247
2,18,43000.0,
2,18,44000.0,
2,18,45000.0,0.002536998418
2,18,46000.0,0.002536998418
2,18,47000.0,0.002536998418
2,18,48000.0,
2,18,49000.0,
2,18,50000.0,0.002596752599
2,19,5000.0,0.015578854883
2,19,6000.0,0.015578854883
2,19,7000.0,0.015578854883
2,19,8000.0,
2,19,9000.0,0.010359923285
2,19,10000.0,0.010359923285
2,19,11000.0,0.010359923285
2,19,12000.0,
2,19,13000.0,
2,19,14000.0,
2,19,15000.0,
2,19,16000.0,
2,19,17000.0,
2,19,18000.0,
2,19,19000.0,0.008741152025
2,19,20000.0,0.008741152025
2,19,21000.0,0.008741152025
2,19,22000.0,
2,19,23000.0,0.007461941849
2,19,24000.0,0.007461941849
2,19,25000.0,0.007461941849
2,19,26000.0,
2,19,27000.0,0.008574972945
2,19,28000.0,0.008574972945
2,19,29000.0,0.008574972945
2,19,30000.0,0.007288450048
2,19,31000.0,0.007288450048
2,19,32000.0,0.007288450048
2,19,33000.0,
2,19,34000.0,
2,19,35000.0,0.004265800972
2,19,36000.0,0.004265800972
2,19,37000.0,0.004265800972
2,19,38000.0,0.005432858583
2,19,39000.0,0.005432858583
2,19,40000.0,0.005432858583
2,19,41000.0,
2,19,42000.0,
2,19,43000.0,
2,19,44000.0,0.016873207109
2,19,45000.0,0.016873207109
2,19,46000.0,0.016873207109
2,19,47000.0,
2,19,48000.0,
2,19,49000.0,0.002819829089
2,19,50000.0,0.002819829089
2,20,5000.0,
2,20,6000.0,
2,20,7000.0,0.019192045814
2,20,8000.0,0.019192045814
2,20,9000.0,0.019192045814
2,20,10000.0,
2,20,11000.0,0.012409810979
2,20,12000.0,0.012409810979
2,20,13000.0,0.012409810979
2,20,14000.0,
2,20,15000.0,
2,20,16000.0,
2,20,17000.0,0.007882860149
2,20,18000.0,0.007882860149
2,20,19000.0,0.007882860149
2,20,20000.0,
2,20,21000.0,
2,20,22000.0,
2,20,23000.0,
2,20,24000.0,0.012979523689
2,20,25000.0,0.012979523689
2,20,26000.0,0.012979523689
2,20,27000.0,0.008927647853
2,20,28000.0,0.008927647853
2,20,29000.0,0.008927647853
2,20,30000.0,
2,20,31000.0,
2,20,32000.0,
2,20,33000.0,
2,20,34000.0,0.004750863653
2,20,35000.0,0.004750863653
2,20,36000.0,0.004750863653
2,20,37000.0,
2,20,38000.0,
2,20,39000.0,0.005011741198
2,20,40000.0,0.005011741198
2,20,41000.0,0.005011741198
2,20,42000.0,
2,20,43000.0,
2,20,44000.0,0.004677456457
2,20,45000.0,0.004677456457
2,20,46000.0,0.004677456457
2,20,47000.0,
2,20,48000.0,
2,20,49000.0,0.0050956274
2,20,50000.0,0.0050956274
2,21,5000.0,
2,21,6000.0,0.009587233007
2,21,7000.0,0.009587233007
2,21,8000.0,0.009587233007
2,21,9000.0,
2,21,10000.0,
2,21,11000.0,0.007725364428
2,21,12000.0,0.007725364428
2,21,13000.0,0.007725364428
2,21,14000.0,
2,21,15000.0,
2,21,16000.0,0.002380350504
2,21,17000.0,0.002380350504
2,21,18000.0,0.002380350504
2,21,19000.0,
2,21,20000.0,
2,21,21000.0,0.002624936328
2,21,22000.0,0.002624936328
2,21,23000.0,0.002624936328
2,21,24000.0,
2,21,25000.0,
2,21,26000.0,
2,21,27000.0,
2,21,28000.0,
2,21,29000.0,3.043342401055
2,21,30000.0,3.043342401055
2,21,31000.0,3.043342401055
2,21,32000.0,0.005622344257
2,21,33000.0,0.005622344257
2,21,34000.0,0.005622344257
2,21,35000.0,
2,21,36000.0,0.00195901015
2,21,37000.0,0.00195901015
2,21,38000.0,0.00195901015
2,21,39000.0,
2,21,40000.0,
2,21,41000.0,
2,21,42000.0,
2,21,43000.0,
2,21,44000.0,0.003175789376
2,21,45000.0,0.003175789376
2,21,46000.0,0.003175789376
2,21,47000.0,0.004356183469
2,21,48000.0,0.004356183469
2,21,49000.0,0.004356183469
2,21,50000.0,
2,22,5000.0,
2,22,6000.0,
2,22,7000.0,
2,22,8000.0,
2,22,9000.0,
2,22,10000.0,
2,22,11000.0,0.00897924686
2,22,12000.0,0.00897924686
2,22,13000.0,0.00897924686
2,22,14000.0,
2,22,15000.0,
2,22,16000.0,
2,22,17000.0,0.005164939482
2,22,18000.0,0.005164939482
2,22,19000.0,0.005164939482
2,22,20000.0,
2,22,21000.0,0.004920236673
2,22,22000.0,0.004920236673
2,22,23000.0,0.004920236673
2,22,24000.0,
2,22,25000.0,0.00527367295
2,22,26000.0,0.00527367295
2,22,27000.0,0.00527367295
2,22,28000.0,
2,22,29000.0,0.014597106225
2,22,30000.0,0.014597106225
2,22,31000.0,0.014597106225
2,22,32000.0,
2,22,33000.0,0.002238092615
2,22,34000.0,0.002238092615
2,22,35000.0,0.002238092615
2,22,36000.0,
2,22,37000.0,0.002817167215
2,22,38000.0,0.002817167215
2,22,39000.0,0.002817167215
2,22,40000.0,
2,22,41000.0,0.002856616462
2,22,42000.0,0.002856616462
2,22,43000.0,0.002856616462
2,22,44000.0,
2,22,45000.0,0.00265644753
2,22,46000.0,0.00265644753
2,22,47000.0,0.00265644753
2,22,48000.0,
2,22,49000.0,0.002216372804
2,22,50000.0,0.002216372804
2,23,5000.0,0.00762362044
2,23,6000.0,0.00762362044
2,23,7000.0,0.00762362044
2,23,8000.0,
2,23,9000.0,
2,23,10000.0,0.005849659334
2,23,11000.0,0.005849659334
2,23,12000.0,0.005849659334
2,23,13000.0,
2,23,14000.0,0.004949896515
2,23,15000.0,0.004949896515
2,23,16000.0,0.004949896515
2,23,17000.0,
2,23,18000.0,
2,23,19000.0,0.00452739188
2,23,20000.0,0.00452739188
2,23,21000.0,0.00452739188
2,23,22000.0,
2,23,23000.0,0.004694386134
2,23,24000.0,0.004694386134
2,23,25000.0,0.004694386134
2,23,26000.0,
2,23,27000.0,0.00261960954
2,23,28000.0,0.00261960954
2,23,29000.0,0.00261960954
2,23,30000.0,0.002998777116
2,23,31000.0,0.002998777116
2,23,32000.0,0.002998777116
2,23,33000.0,
2,23,34000.0,
2,23,35000.0,0.002797668038
2,23,36000.0,0.002797668038
2,23,37000.0,0.002797668038
2,23,38000.0,
2,23,39000.0,0.003336893478
2,23,40000.0,0.003336893478
2,23,41000.0,0.003336893478
2,23,42000.0,
2,23,43000.0,0.006735565702
2,23,44000.0,0.006735565702
2,23,45000.0,0.006735565702
2,23,46000.0,
2,23,47000.0,0.007721812885
2,23,48000.0,0.007721812885
2,23,49000.0,0.007721812885
2,23,50000.0,
2,24,5000.0,
2,24,6000.0,
2,24,7000.0,
2,24,8000.0,0.018760215749
2,24,9000.0,0.018760215749
2,24,10000.0,0.018760215749
2,24,11000.0,
2,24,12000.0,
2,24,13000.0,
2,24,14000.0,
2,24,15000.0,
2,24,16000.0,
2,24,17000.0,
2,24,18000.0,
2,24,19000.0,
2,24,20000.0,
2,24,21000.0,
2,24,22000.0,
2,24,23000.0,
2,24,24000.0,
2,24,25000.0,
2,24,26000.0,
2,24,27000.0,
2,24,28000.0,
2,24,29000.0,
2,24,30000.0,
2,24,31000.0,
2,24,32000.0,
2,24,33000.0,
2,24,34000.0,
2,24,35000.0,
2,24,36000.0,
2,24,37000.0,
2,24,38000.0,
2,24,39000.0,
2,24,40000.0,
2,24,41000.0,
2,24,42000.0,0.012176936857
2,24,43000.0,0.012176936857
2,24,44000.0,0.012176936857
2,24,45000.0,
2,24,46000.0,0.009300615055
2,24,47000.0,0.009300615055
2,24,48000.0,0.009300615055
2,24,49000.0,
2,24,50000.0,
3,0,5000.0,0.008997197597
3,0,6000.0,0.008997197597
3,0,7000.0,0.008997197597
3,0,8000.0,
3,0,9000.0,
3,0,10000.0,0.005516919867
3,0,11000.0,0.005516919867
3,0,12000.0,0.005516919867
3,0,13000.0,
3,0,14000.0,0.005296722229
3,0,15000.0,0.005296722229
3,0,16000.0,0.005296722229
3,0,17000.0,
3,0,18000.0,
3,0,19000.0,
3,0,20000.0,
3,0,21000.0,
3,0,22000.0,
3,0,23000.0,
3,0,24000.0,
3,0,25000.0,
3,0,26000.0,
3,0,27000.0,
3,0,28000.0,0.005290270906
3,0,29000.0,0.005290270906
3,0,30000.0,0.005290270906
3,0,31000.0,
3,0,32000.0,0.006015611356
3,0,33000.0,0.006015611356
3,0,34000.0,0.006015611356
3,0,35000.0,0.009235367604
3,0,36000.0,0.009235367604
3,0,37000.0,0.009235367604
3,0,38000.0,
3,0,39000.0,0.006886124412
3,0,40000.0,0.006886124412
3,0,41000.0,0.006886124412
3,0,42000.0,0.005465417168
3,0,43000.0,0.005465417168
3,0,44000.0,0.005465417168
3,0,45000.0,
3,0,46000.0,
3,0,47000.0,
3,0,48000.0,
3,0,49000.0,0.005351115183
3,0,50000.0,0.005351115183
3,1,5000.0,
3,1,6000.0,0.006481581107
3,1,7000.0,0.006481581107
3,1,8000.0,0.006481581107
3,1,9000.0,
3,1,10000.0,
3,1,11000.0,0.005422160426
3,1,12000.0,0.005422160426
3,1,13000.0,0.005422160426
3,1,14000.0,
3,1,15000.0,0.004876239478
3,1,16000.0,0.004876239478
3,1,17000.0,0.004876239478
3,1,18000.0,
3,1,19000.0,0.002299456823
3,1,20000.0,0.002299456823
3,1,21000.0,0.002299456823
3,1,22000.0,
3,1,23000.0,
3,1,24000.0,0.002698056944
3,1,25000.0,0.002698056944
3,1,26000.0,0.002698056944
3,1,27000.0,
3,1,28000.0,0.009909501791
3,1,29000.0,0.009909501791
3,1,30000.0,0.009909501791
3,1,31000.0,
3,1,32000.0,0.003553307424
3,1,33000.0,0.003553307424
3,1,34000.0,0.003553307424
3,1,35000.0,
3,1,36000.0,0.002781419666
3,1,37000.0,0.002781419666
3,1,38000.0,0.002781419666
3,1,39000.0,
3,1,40000.0,
3,1,41000.0,0.012045431817
3,1,42000.0,0.012045431817
3,1,43000.0,0.012045431817
3,1,44000.0,0.002938138383
3,1,45000.0,0.002938138383
3,1,46000.0,0.002938138383
3,1,47000.0,
3,1,48000.0,0.002099327166
3,1,49000.0,0.002099327166
3,1,50000.0,0.002099327166
3,2,5000.0,
3,2,6000.0,0.002192723278
3,2,7000.0,0.002192723278
3,2,8000.0,0.002192723278
3,2,9000.0,0.002273794032
3,2,10000.0,0.002273794032
3,2,11000.0,0.002273794032
3,2,12000.0,
3,2,13000.0,0.002435215976
3,2,14000.0,0.002435215976
3,2,15000.0,0.002435215976
3,2,16000.0,0.00557895616
3,2,17000.0,0.00557895616
3,2,18000.0,0.00557895616
3,2,19000.0,
3,2,20000.0,0.003077994387
3,2,21000.0,0.003077994387
3,2,22000.0,0.003077994387
3,2,23000.0,
3,2,24000.0,
3,2,25000.0,0.002779564408
3,2,26000.0,0.002779564408
3,2,27000.0,0.002779564408
3,2,28000.0,
3,2,29000.0,0.00281952695
3,2,30000.0,0.00281952695
3,2,31000.0,0.00281952695
3,2,32000.0,
3,2,33000.0,0.004725582058
3,2,34000.0,0.004725582058
3,2,35000.0,0.004725582058
3,2,36000.0,
3,2,37000.0,
3,2,38000.0,0.010260712678
3,2,39000.0,0.010260712678
3,2,40000.0,0.010260712678
3,2,41000.0,
3,2,42000.0,
3,2,43000.0,0.001879436439
3,2,44000.0,0.001879436439
3,2,45000.0,0.001879436439
3,2,46000.0,
3,2,47000.0,0.003079416709
3,2,48000.0,0.003079416709
3,2,49000.0,0.003079416709
3,2,50000.0,
3,4,5000.0,
3,4,6000.0,
3,4,7000.0,
3,4,8000.0,0.009824932463
3,4,9000.0,0.009824932463
3,4,10000.0,0.009824932463
3,4,11000.0,
3,4,12000.0,0.005531061689
3,4,13000.0,0.005531061689
3,4,14000.0,0.005531061689
3,4,15000.0,0.006109677061
3,4,16000.0,0.006109677061
3,4,17000.0,0.006109677061
3,4,18000.0,
3,4,19000.0,
3,4,20000.0,0.004305571898
3,4,21000.0,0.004305571898
3,4,22000.0,0.004305571898
3,4,23000.0,
3,4,24000.0,0.005903425412
3,4,25000.0,0.005903425412
3,4,26000.0,0.005903425412
3,4,27000.0,
3,4,28000.0,0.006078318116
3,4,29000.0,0.006078318116
3,4,30000.0,0.006078318116
3,4,31000.0,
3,4,32000.0,0.005532248638
3,4,33000.0,0.005532248638
3,4,34000.0,0.005532248638
3,4,35000.0,
3,4,36000.0,
3,4,37000.0,
3,4,38000.0,
3,4,39000.0,
3,4,40000.0,
3,4,41000.0,
3,4,42000.0,
3,4,43000.0,
3,4,44000.0,
3,4,45000.0,
3,4,46000.0,
3,4,47000.0,
3,4,48000.0,
3,4,49000.0,
3,4,50000.0,
3,5,5000.0,3.070490438321
3,5,6000.0,3.070490438321
3,5,7000.0,3.070490438321
3,5,8000.0,
3,5,9000.0,
3,5,10000.0,
3,5,11000.0,
3,5,12000.0,
3,5,13000.0,
3,5,14000.0,
3,5,15000.0,
3,5,16000.0,
3,5,17000.0,
3,5,18000.0,
3,5,19000.0,
3,5,20000.0,
3,5,21000.0,
3,5,22000.0,
3,5,23000.0,
3,5,24000.0,
3,5,25000.0,
3,5,26000.0,
3,5,27000.0,
3,5,28000.0,
3,5,29000.0,
3,5,30000.0,
3,5,31000.0,
3,5,32000.0,
3,5,33000.0,0.009277064575
3,5,34000.0,0.009277064575
3,5,35000.0,0.009277064575
3,5,36000.0,0.012425404544
3,5,37000.0,0.012425404544
3,5,38000.0,0.012425404544
3,5,39000.0,
3,5,40000.0,
3,5,41000.0,0.008753261527
3,5,42000.0,0.008753261527
3,5,43000.0,0.008753261527
3,5,44000.0,
3,5,45000.0,0.007394235004
3,5,46000.0,0.007394235004
3,5,47000.0,0.007394235004
3,5,48000.0,
3,5,49000.0,
3,5,50000.0,0.007147831037
3,6,5000.0,0.004471972688
3,6,6000.0,0.004471972688
3,6,7000.0,0.004471972688
3,6,8000.0,
3,6,9000.0,0.003357946178
3,6,10000.0,0.003357946178
3,6,11000.0,0.003357946178
3,6,12000.0,
3,6,13000.0,0.002299384152
3,6,14000.0,0.002299384152
3,6,15000.0,0.002299384152
3,6,16000.0,
3,6,17000.0,
3,6,18000.0,0.003065487749
3,6,19000.0,0.003065487749
3,6,20000.0,0.003065487749
3,6,21000.0,
3,6,22000.0,0.005795987278
3,6,23000.0,0.005795987278
3,6,24000.0,0.005795987278
3,6,25000.0,
3,6,26000.0,
3,6,27000.0,
3,6,28000.0,
3,6,29000.0,0.005712045217
3,6,30000.0,0.005712045217
3,6,31000.0,0.005712045217
3,6,32000.0,0.003891216489
3,6,33000.0,0.003891216489
3,6,34000.0,0.003891216489
3,6,35000.0,
3,6,36000.0,
3,6,37000.0,0.005572195657
3,6,38000.0,0.005572195657
3,6,39000.0,0.005572195657
3,6,40000.0,
3,6,41000.0,
3,6,42000.0,
3,6,43000.0,
3,6,44000.0,3.006088016627
3,6,45000.0,3.006088016627
3,6,46000.0,3.006088016627
3,6,47000.0,
3,6,48000.0,
3,6,49000.0,0.038358975002
3,6,50000.0,0.038358975002
3,7,5000.0,0.00275825769
3,7,6000.0,0.00275825769
3,7,7000.0,0.00275825769
3,7,8000.0,
3,7,9000.0,0.003137792083
3,7,10000.0,0.003137792083
3,7,11000.0,0.003137792083
3,7,12000.0,
3,7,13000.0,
3,7,14000.0,0.002177308845
3,7,15000.0,0.002177308845
3,7,16000.0,0.002177308845
3,7,17000.0,
3,7,18000.0,0.002116807427
3,7,19000.0,0.002116807427
3,7,20000.0,0.002116807427
3,7,21000.0,
3,7,22000.0,
3,7,23000.0,0.001816308827
3,7,24000.0,0.001816308827
3,7,25000.0,0.001816308827
3,7,26000.0,0.006132414106
3,7,27000.0,0.006132414106
3,7,28000.0,0.006132414106
3,7,29000.0,
3,7,30000.0,
3,7,31000.0,0.003255449331
3,7,32000.0,0.003255449331
3,7,33000.0,0.003255449331
3,7,34000.0,
3,7,35000.0,0.002115067529
3,7,36000.0,0.002115067529
3,7,37000.0,0.002115067529
3,7,38000.0,0.003860643543
3,7,39000.0,0.003860643543
3,7,40000.0,0.003860643543
3,7,41000.0,
3,7,42000.0,0.002654351556
3,7,43000.0,0.002654351556
3,7,44000.0,0.002654351556
3,7,45000.0,
3,7,46000.0,0.003099528223
3,7,47000.0,0.003099528223
3,7,48000.0,0.003099528223
3,7,49000.0,
3,7,50000.0,
3,8,5000.0,0.013482371138
3,8,6000.0,0.013482371138
3,8,7000.0,0.013482371138
3,8,8000.0,0.006791182143
3,8,9000.0,0.006791182143
3,8,10000.0,0.006791182143
3,8,11000.0,0.006843751712
3,8,12000.0,0.006843751712
3,8,13000.0,0.006843751712
3,8,14000.0,
3,8,15000.0,
3,8,16000.0,0.009377713496
3,8,17000.0,0.009377713496
3,8,18000.0,0.009377713496
3,8,19000.0,
3,8,20000.0,
3,8,21000.0,0.007438025152
3,8,22000.0,0.007438025152
3,8,23000.0,0.007438025152
3,8,24000.0,
3,8,25000.0,0.005934314349
3,8,26000.0,0.005934314349
3,8,27000.0,0.005934314349
3,8,28000.0,
3,8,29000.0,0.008500617935
3,8,30000.0,0.008500617935
3,8,31000.0,0.008500617935
3,8,32000.0,0.006711224834
3,8,33000.0,0.006711224834
3,8,34000.0,0.006711224834
3,8,35000.0,
3,8,36000.0,0.007321443243
3,8,37000.0,0.007321443243
3,8,38000.0,0.007321443243
3,8,39000.0,
3,8,40000.0,0.002338335036
3,8,41000.0,0.002338335036
3,8,42000.0,0.002338335036
3,8,43000.0,
3,8,44000.0,0.010295911264
3,8,45000.0,0.010295911264
3,8,46000.0,0.010295911264
3,8,47000.0,
3,8,48000.0,0.003893458554
3,8,49000.0,0.003893458554
3,8,50000.0,0.003893458554
3,9,5000.0,
3,9,6000.0,0.008826235586
3,9,7000.0,0.008826235586
3,9,8000.0,0.008826235586
3,9,9000.0,
3,9,10000.0,0.011614473866
3,9,11000.0,0.011614473866
3,9,12000.0,0.011614473866
3,9,13000.0,
3,9,14000.0,
3,9,15000.0,0.007945728855
3,9,16000.0,0.007945728855
3,9,17000.0,0.007945728855
3,9,18000.0,
3,9,19000.0,
3,9,20000.0,0.003959066974
3,9,21000.0,0.003959066974
3,9,22000.0,0.003959066974
3,9,23000.0,
3,9,24000.0,0.008897312447
3,9,25000.0,0.008897312447
3,9,26000.0,0.008897312447
3,9,27000.0,
3,9,28000.0,0.005752533944
3,9,29000.0,0.005752533944
3,9,30000.0,0.005752533944
3,9,31000.0,
3,9,32000.0,0.004726049404
3,9,33000.0,0.004726049404
3,9,34000.0,0.004726049404
3,9,35000.0,
3,9,36000.0,
3,9,37000.0,
3,9,38000.0,
3,9,39000.0,
3,9,40000.0,
3,9,41000.0,
3,9,42000.0,
3,9,43000.0,
3,9,44000.0,
3,9,45000.0,0.00501091674
3,9,46000.0,0.00501091674
3,9,47000.0,0.00501091674
3,9,48000.0,
3,9,49000.0,
3,9,50000.0,
3,10,5000.0,0.011187234863
3,10,6000.0,0.011187234863
3,10,7000.0,0.011187234863
3,10,8000.0,
3,10,9000.0,0.005941933151
3,10,10000.0,0.005941933151
3,10,11000.0,0.005941933151
3,10,12000.0,0.004134821037
3,10,13000.0,0.004134821037
3,10,14000.0,0.004134821037
3,10,15000.0,
3,10,16000.0,
3,10,17000.0,
3,10,18000.0,
3,10,19000.0,
3,10,20000.0,0.053570226761
3,10,21000.0,0.053570226761
3,10,22000.0,0.053570226761
3,10,23000.0,
3,10,24000.0,0.005637214618
3,10,25000.0,0.005637214618
3,10,26000.0,0.005637214618
3,10,27000.0,
3,10,28000.0,0.007252114625
3,10,29000.0,0.007252114625
3,10,30000.0,0.007252114625
3,10,31000.0,
3,10,32000.0,
3,10,33000.0,0.003536429182
3,10,34000.0,0.003536429182
3,10,35000.0,0.003536429182
3,10,36000.0,
3,10,37000.0,
3,10,38000.0,
3,10,39000.0,
3,10,40000.0,
3,10,41000.0,
3,10,42000.0,
3,10,43000.0,
3,10,44000.0,
3,10,45000.0,
3,10,46000.0,0.0042556433
3,10,47000.0,0.0042556433
3,10,48000.0,0.0042556433
3,10,49000.0,
3,10,50000.0,0.001978820933
3,11,5000.0,0.017180989243
3,11,6000.0,0.017180989243
3,11,7000.0,0.017180989243
3,11,8000.0,0.007064819776
3,11,9000.0,0.007064819776
3,11,10000.0,0.007064819776
3,11,11000.0,
3,11,12000.0,
3,11,13000.0,
3,11,14000.0,
3,11,15000.0,
3,11,16000.0,
3,11,17000.0,
3,11,18000.0,
3,11,19000.0,
3,11,20000.0,
3,11,21000.0,
3,11,22000.0,0.030911222567
3,11,23000.0,0.030911222567
3,11,24000.0,0.030911222567
3,11,25000.0,0.010433624899
3,11,26000.0,0.010433624899
3,11,27000.0,0.010433624899
3,11,28000.0,0.008267958945
3,11,29000.0,0.008267958945
3,11,30000.0,0.008267958945
3,11,31000.0,
3,11,32000.0,0.008089338464
3,11,33000.0,0.008089338464
3,11,34000.0,0.008089338464
3,11,35000.0,0.008287710874
3,11,36000.0,0.008287710874
3,11,37000.0,0.008287710874
3,11,38000.0,
3,11,39000.0,
3,11,40000.0,
3,11,41000.0,0.008862529621
3,11,42000.0,0.008862529621
3,11,43000.0,0.008862529621
3,11,44000.0,
3,11,45000.0,
3,11,46000.0,0.012360777933
3,11,47000.0,0.012360777933
3,11,48000.0,0.012360777933
3,11,49000.0,
3,11,50000.0,
3,12,5000.0,
3,12,6000.0,0.006547637615
3,12,7000.0,0.006547637615
3,12,8000.0,0.006547637615
3,12,9000.0,
3,12,10000.0,0.005176996037
3,12,11000.0,0.005176996037
3,12,12000.0,0.005176996037
3,12,13000.0,0.00478471423
3,12,14000.0,0.00478471423
3,12,15000.0,0.00478471423
3,12,16000.0,
3,12,17000.0,
3,12,18000.0,0.005096834444
3,12,19000.0,0.005096834444
3,12,20000.0,0.005096834444
3,12,21000.0,
3,12,22000.0,
3,12,23000.0,0.005087033403
3,12,24000.0,0.005087033403
3,12,25000.0,0.005087033403
3,12,26000.0,
3,12,27000.0,
3,12,28000.0,0.004059136066
3,12,29000.0,0.004059136066
3,12,30000.0,0.004059136066
3,12,31000.0,
3,12,32000.0,0.005054197243
3,12,33000.0,0.005054197243
3,12,34000.0,0.005054197243
3,12,35000.0,
3,12,36000.0,
3,12,37000.0,
3,12,38000.0,
3,12,39000.0,
3,12,40000.0,
3,12,41000.0,
3,12,42000.0,
3,12,43000.0,
3,12,44000.0,
3,12,45000.0,
3,12,46000.0,0.007355627403
3,12,47000.0,0.007355627403
3,12,48000.0,0.007355627403
3,12,49000.0,
3,12,50000.0,0.009388936706
3,13,5000.0,
3,13,6000.0,
3,13,7000.0,
3,13,8000.0,0.006230516882
3,13,9000.0,0.006230516882
3,13,10000.0,0.006230516882
3,13,11000.0,
3,13,12000.0,
3,13,13000.0,
3,13,14000.0,
3,13,15000.0,
3,13,16000.0,
3,13,17000.0,0.004370100682
3,13,18000.0,0.004370100682
3,13,19000.0,0.004370100682
3,13,20000.0,
3,13,21000.0,
3,13,22000.0,0.005631984997
3,13,23000.0,0.005631984997
3,13,24000.0,0.005631984997
3,13,25000.0,0.004771870032
3,13,26000.0,0.004771870032
3,13,27000.0,0.004771870032
3,13,28000.0,
3,13,29000.0,
3,13,30000.0,0.004895838776
3,13,31000.0,0.004895838776
3,13,32000.0,0.004895838776
3,13,33000.0,
3,13,34000.0,
3,13,35000.0,0.052890454314
3,13,36000.0,0.052890454314
3,13,37000.0,0.052890454314
3,13,38000.0,
3,13,39000.0,0.002679004618
3,13,40000.0,0.002679004618
3,13,41000.0,0.002679004618
3,13,42000.0,0.002558237061
3,13,43000.0,0.002558237061
3,13,44000.0,0.002558237061
3,13,45000.0,
3,13,46000.0,
3,13,47000.0,0.003397567315
3,13,48000.0,0.003397567315
3,13,49000.0,0.003397567315
3,13,50000.0,
3,14,5000.0,0.017648662808
3,14,6000.0,0.017648662808
3,14,7000.0,0.017648662808
3,14,8000.0,
3,14,9000.0,0.035654175715
3,14,10000.0,0.035654175715
3,14,11000.0,0.035654175715
3,14,12000.0,0.020544741257
3,14,13000.0,0.020544741257
3,14,14000.0,0.020544741257
3,14,15000.0,
3,14,16000.0,0.004974005494
3,14,17000.0,0.004974005494
3,14,18000.0,0.004974005494
3,14,19000.0,0.013732792366
3,14,20000.0,0.013732792366
3,14,21000.0,0.013732792366
3,14,22000.0,
3,14,23000.0,0.003219127825
3,14,24000.0,0.003219127825
3,14,25000.0,0.003219127825
3,14,26000.0,
3,14,27000.0,0.003994311713
3,14,28000.0,0.003994311713
3,14,29000.0,0.003994311713
3,14,30000.0,
3,14,31000.0,
3,14,32000.0,0.003340557651
3,14,33000.0,0.003340557651
3,14,34000.0,0.003340557651
3,14,35000.0,
3,14,36000.0,0.00240306369
3,14,37000.0,0.00240306369
3,14,38000.0,0.00240306369
3,14,39000.0,
3,14,40000.0,0.002573227713
3,14,41000.0,0.002573227713
3,14,42000.0,0.002573227713
3,14,43000.0,
3,14,44000.0,
3,14,45000.0,0.002714204459
3,14,46000.0,0.002714204459
3,14,47000.0,0.002714204459
3,14,48000.0,0.002075066455
3,14,49000.0,0.002075066455
3,14,50000.0,0.002075066455
3,15,5000.0,
3,15,6000.0,
3,15,7000.0,
3,15,8000.0,
3,15,9000.0,
3,15,10000.0,
3,15,11000.0,0.009827584976
3,15,12000.0,0.009827584976
3,15,13000.0,0.009827584976
3,15,14000.0,0.007282064527
3,15,15000.0,0.007282064527
3,15,16000.0,0.007282064527
3,15,17000.0,
3,15,18000.0,0.008528396766
3,15,19000.0,0.008528396766
3,15,20000.0,0.008528396766
3,15,21000.0,
3,15,22000.0,0.008410473913
3,15,23000.0,0.008410473913
3,15,24000.0,0.008410473913
3,15,25000.0,0.007903957704
3,15,26000.0,0.007903957704
3,15,27000.0,0.007903957704
3,15,28000.0,
3,15,29000.0,0.004832950845
3,15,30000.0,0.004832950845
3,15,31000.0,0.004832950845
3,15,32000.0,0.008803588703
3,15,33000.0,0.008803588703
3,15,34000.0,0.008803588703
3,15,35000.0,
3,15,36000.0,0.011263750672
3,15,37000.0,0.011263750672
3,15,38000.0,0.011263750672
3,15,39000.0,
3,15,40000.0,0.007473164385
3,15,41000.0,0.007473164385
3,15,42000.0,0.007473164385
3,15,43000.0,
3,15,44000.0,
3,15,45000.0,
3,15,46000.0,
3,15,47000.0,0.005186847561
3,15,48000.0,0.005186847561
3,15,49000.0,0.005186847561
3,15,50000.0,
3,16,5000.0,
3,16,6000.0,0.009826765982
3,16,7000.0,0.009826765982
3,16,8000.0,0.009826765982
3,16,9000.0,
3,16,10000.0,
3,16,11000.0,
3,16,12000.0,
3,16,13000.0,0.009101287559
3,16,14000.0,0.009101287559
3,16,15000.0,0.009101287559
3,16,16000.0,0.01012784316
3,16,17000.0,0.01012784316
3,16,18000.0,0.01012784316
3,16,19000.0,
3,16,20000.0,0.008339834106
3,16,21000.0,0.008339834106
3,16,22000.0,0.008339834106
3,16,23000.0,0.008542175681
3,16,24000.0,0.008542175681
3,16,25000.0,0.008542175681
3,16,26000.0,
3,16,27000.0,
3,16,28000.0,0.011674943829
3,16,29000.0,0.011674943829
3,16,30000.0,0.011674943829
3,16,31000.0,
3,16,32000.0,
3,16,33000.0,0.007326522872
3,16,34000.0,0.007326522872
3,16,35000.0,0.007326522872
3,16,36000.0,
3,16,37000.0,
3,16,38000.0,
3,16,39000.0,
3,16,40000.0,
3,16,41000.0,
3,16,42000.0,
3,16,43000.0,
3,16,44000.0,
3,16,45000.0,
3,16,46000.0,0.006295997859
3,16,47000.0,0.006295997859
3,16,48000.0,0.006295997859
3,16,49000.0,
3,16,50000.0,0.004605307917
3,17,5000.0,0.004523363347
3,17,6000.0,0.004523363347
3,17,7000.0,0.004523363347
3,17,8000.0,0.004057784621
3,17,9000.0,0.004057784621
3,17,10000.0,0.004057784621
3,17,11000.0,
3,17,12000.0,
3,17,13000.0,0.007566925691
3,17,14000.0,0.007566925691
3,17,15000.0,0.007566925691
3,17,16000.0,0.002859077324
3,17,17000.0,0.002859077324
3,17,18000.0,0.002859077324
3,17,19000.0,
3,17,20000.0,
3,17,21000.0,0.003299040747
3,17,22000.0,0.003299040747
3,17,23000.0,0.003299040747
3,17,24000.0,
3,17,25000.0,0.0026790263
3,17,26000.0,0.0026790263
3,17,27000.0,0.0026790263
3,17,28000.0,
3,17,29000.0,
3,17,30000.0,0.003619030251
3,17,31000.0,0.003619030251
3,17,32000.0,0.003619030251
3,17,33000.0,
3,17,34000.0,0.004395266115
3,17,35000.0,0.004395266115
3,17,36000.0,0.004395266115
3,17,37000.0,
3,17,38000.0,0.00305908443
3,17,39000.0,0.00305908443
3,17,40000.0,0.00305908443
3,17,41000.0,0.003095121642
3,17,42000.0,0.003095121642
3,17,43000.0,0.003095121642
3,17,44000.0,
3,17,45000.0,
3,17,46000.0,0.00233918422
3,17,47000.0,0.00233918422
3,17,48000.0,0.00233918422
3,17,49000.0,
3,17,50000.0,0.002837214549
3,18,5000.0,
3,18,6000.0,
3,18,7000.0,
3,18,8000.0,0.007050716534
3,18,9000.0,0.007050716534
3,18,10000.0,0.007050716534
3,18,11000.0,0.013559927402
3,18,12000.0,0.013559927402
3,18,13000.0,0.013559927402
3,18,14000.0,
3,18,15000.0,0.009510567499
3,18,16000.0,0.009510567499
3,18,17000.0,0.009510567499
3,18,18000.0,
3,18,19000.0,0.005069944186
3,18,20000.0,0.005069944186
3,18,21000.0,0.005069944186
3,18,22000.0,
3,18,23000.0,0.005644089434
3,18,24000.0,0.005644089434
3,18,25000.0,0.005644089434
3,18,26000.0,0.006349543554
3,18,27000.0,0.006349543554
3,18,28000.0,0.006349543554
3,18,29000.0,
3,18,30000.0,0.00475674497
3,18,31000.0,0.00475674497
3,18,32000.0,0.00475674497
3,18,33000.0,
3,18,34000.0,0.007077502867
3,18,35000.0,0.007077502867
3,18,36000.0,0.007077502867
3,18,37000.0,
3,18,38000.0,
3,18,39000.0,
3,18,40000.0,
3,18,41000.0,
3,18,42000.0,
3,18,43000.0,
3,18,44000.0,
3,18,45000.0,
3,18,46000.0,
3,18,47000.0,3.003857666272
3,18,48000.0,3.003857666272
3,18,49000.0,3.003857666272
3,18,50000.0,
3,19,5000.0,0.002357410685
3,19,6000.0,0.002357410685
3,19,7000.0,0.002357410685
3,19,8000.0,
3,19,9000.0,
3,19,10000.0,0.002656683867
3,19,11000.0,0.002656683867
3,19,12000.0,0.002656683867
3,19,13000.0,
3,19,14000.0,0.002536518558
3,19,15000.0,0.002536518558
3,19,16000.0,0.002536518558
3,19,17000.0,
3,19,18000.0,
3,19,19000.0,0.002576913091
3,19,20000.0,0.002576913091
3,19,21000.0,0.002576913091
3,19,22000.0,
3,19,23000.0,
3,19,24000.0,0.002577870663
3,19,25000.0,0.002577870663
3,19,26000.0,0.002577870663
3,19,27000.0,
3,19,28000.0,0.002298919218
3,19,29000.0,0.002298919218
3,19,30000.0,0.002298919218
3,19,31000.0,0.002998114699
3,19,32000.0,0.002998114699
3,19,33000.0,0.002998114699
3,19,34000.0,
3,19,35000.0,
3,19,36000.0,
3,19,37000.0,
3,19,38000.0,
3,19,39000.0,0.004202831683
3,19,40000.0,0.004202831683
3,19,41000.0,0.004202831683
3,19,42000.0,
3,19,43000.0,0.005135591491
3,19,44000.0,0.005135591491
3,19,45000.0,0.005135591491
3,19,46000.0,0.007163432429
3,19,47000.0,0.007163432429
3,19,48000.0,0.007163432429
3,19,49000.0,
3,19,50000.0,
3,20,5000.0,0.00290450368
3,20,6000.0,0.00290450368
3,20,7000.0,0.00290450368
3,20,8000.0,0.002398568175
3,20,9000.0,0.002398568175
3,20,10000.0,0.002398568175
3,20,11000.0,0.003337993199
3,20,12000.0,0.003337993199
3,20,13000.0,0.003337993199
3,20,14000.0,
3,20,15000.0,0.002897600358
3,20,16000.0,0.002897600358
3,20,17000.0,0.002897600358
3,20,18000.0,
3,20,19000.0,0.00479897734
3,20,20000.0,0.00479897734
3,20,21000.0,0.00479897734
3,20,22000.0,
3,20,23000.0,
3,20,24000.0,0.002317709199
3,20,25000.0,0.002317709199
3,20,26000.0,0.002317709199
3,20,27000.0,0.003038222954
3,20,28000.0,0.003038222954
3,20,29000.0,0.003038222954
3,20,30000.0,
3,20,31000.0,0.002199223947
3,20,32000.0,0.002199223947
3,20,33000.0,0.002199223947
3,20,34000.0,0.002040164524
3,20,35000.0,0.002040164524
3,20,36000.0,0.002040164524
3,20,37000.0,
3,20,38000.0,
3,20,39000.0,
3,20,40000.0,
3,20,41000.0,
3,20,42000.0,
3,20,43000.0,
3,20,44000.0,
3,20,45000.0,
3,20,46000.0,
3,20,47000.0,0.006598131768
3,20,48000.0,0.006598131768
3,20,49000.0,0.006598131768
3,20,50000.0,0.022424051786
3,21,5000.0,0.032615122613
3,21,6000.0,0.032615122613
3,21,7000.0,0.032615122613
3,21,8000.0,
3,21,9000.0,0.005525063695
3,21,10000.0,0.005525063695
3,21,11000.0,0.005525063695
3,21,12000.0,
3,21,13000.0,0.005456217749
3,21,14000.0,0.005456217749
3,21,15000.0,0.005456217749
3,21,16000.0,
3,21,17000.0,
3,21,18000.0,0.005604237681
3,21,19000.0,0.005604237681
3,21,20000.0,0.005604237681
3,21,21000.0,0.006092275905
3,21,22000.0,0.006092275905
3,21,23000.0,0.006092275905
3,21,24000.0,
3,21,25000.0,
3,21,26000.0,0.00587266372
3,21,27000.0,0.00587266372
3,21,28000.0,0.00587266372
3,21,29000.0,
3,21,30000.0,0.004516701995
3,21,31000.0,0.004516701995
3,21,32000.0,0.004516701995
3,21,33000.0,
3,21,34000.0,
3,21,35000.0,0.002718763283
3,21,36000.0,0.002718763283
3,21,37000.0,0.002718763283
3,21,38000.0,0.002657960262
3,21,39000.0,0.002657960262
3,21,40000.0,0.002657960262
3,21,41000.0,
3,21,42000.0,0.003421452706
3,21,43000.0,0.003421452706
3,21,44000.0,0.003421452706
3,21,45000.0,
3,21,46000.0,
3,21,47000.0,0.003076156029
3,21,48000.0,0.003076156029
3,21,49000.0,0.003076156029
3,21,50000.0,0.003155638702
3,22,5000.0,
3,22,6000.0,
3,22,7000.0,
3,22,8000.0,0.012670836971
3,22,9000.0,0.012670836971
3,22,10000.0,0.012670836971
3,22,11000.0,0.007236809627
3,22,12000.0,0.007236809627
3,22,13000.0,0.007236809627
3,22,14000.0,
3,22,15000.0,0.006926170074
3,22,16000.0,0.006926170074
3,22,17000.0,0.006926170074
3,22,18000.0,
3,22,19000.0,0.00638071902
3,22,20000.0,0.00638071902
3,22,21000.0,0.00638071902
3,22,22000.0,
3,22,23000.0,
3,22,24000.0,0.005040523526
3,22,25000.0,0.005040523526
3,22,26000.0,0.005040523526
3,22,27000.0,
3,22,28000.0,0.006255739048
3,22,29000.0,0.006255739048
3,22,30000.0,0.006255739048
3,22,31000.0,
3,22,32000.0,0.006355618018
3,22,33000.0,0.006355618018
3,22,34000.0,0.006355618018
3,22,35000.0,
3,22,36000.0,0.007081749653
3,22,37000.0,0.007081749653
3,22,38000.0,0.007081749653
3,22,39000.0,
3,22,40000.0,0.009666039915
3,22,41000.0,0.009666039915
3,22,42000.0,0.009666039915
3,22,43000.0,0.005439590635
3,22,44000.0,0.005439590635
3,22,45000.0,0.005439590635
3,22,46000.0,
3,22,47000.0,0.006008666151
3,22,48000.0,0.006008666151
3,22,49000.0,0.006008666151
3,22,50000.0,
3,23,5000.0,
3,23,6000.0,0.003097787056
3,23,7000.0,0.003097787056
3,23,8000.0,0.003097787056
3,23,9000.0,
3,23,10000.0,0.002873922849
3,23,11000.0,0.002873922849
3,23,12000.0,0.002873922849
3,23,13000.0,0.002215023682
3,23,14000.0,0.002215023682
3,23,15000.0,0.002215023682
3,23,16000.0,
3,23,17000.0,
3,23,18000.0,0.002596348733
3,23,19000.0,0.002596348733
3,23,20000.0,0.002596348733
3,23,21000.0,
3,23,22000.0,0.002577711837
3,23,23000.0,0.002577711837
3,23,24000.0,0.002577711837
3,23,25000.0,
3,23,26000.0,
3,23,27000.0,0.004615234943
3,23,28000.0,0.004615234943
3,23,29000.0,0.004615234943
3,23,30000.0,
3,23,31000.0,0.003247142062
3,23,32000.0,0.003247142062
3,23,33000.0,0.003247142062
3,23,34000.0,
3,23,35000.0,
3,23,36000.0,
3,23,37000.0,0.015716593783
3,23,38000.0,0.015716593783
3,23,39000.0,0.015716593783
3,23,40000.0,
3,23,41000.0,
3,23,42000.0,0.03465774314
3,23,43000.0,0.03465774314
3,23,44000.0,0.03465774314
3,23,45000.0,0.005097020892
3,23,46000.0,0.005097020892
3,23,47000.0,0.005097020892
3,23,48000.0,
3,23,49000.0,
3,23,50000.0,0.005092128997
3,24,5000.0,0.032718647712
3,24,6000.0,0.032718647712
3,24,7000.0,0.032718647712
3,24,8000.0,0.004531849049
3,24,9000.0,0.004531849049
3,24,10000.0,0.004531849049
3,24,11000.0,
3,24,12000.0,
3,24,13000.0,0.005289972351
3,24,14000.0,0.005289972351
3,24,15000.0,0.005289972351
3,24,16000.0,
3,24,17000.0,0.005357955235
3,24,18000.0,0.005357955235
3,24,19000.0,0.005357955235
3,24,20000.0,
3,24,21000.0,
3,24,22000.0,
3,24,23000.0,
3,24,24000.0,0.006700515898
3,24,25000.0,0.006700515898
3,24,26000.0,0.006700515898
3,24,27000.0,
3,24,28000.0,0.006701421042
3,24,29000.0,0.006701421042
3,24,30000.0,0.006701421042
3,24,31000.0,
3,24,32000.0,
3,24,33000.0,
3,24,34000.0,
3,24,35000.0,
3,24,36000.0,
3,24,37000.0,
3,24,38000.0,
3,24,39000.0,
3,24,40000.0,
3,24,41000.0,
3,24,42000.0,
3,24,43000.0,
3,24,44000.0,0.024910768099
3,24,45000.0,0.024910768099
3,24,46000.0,0.024910768099
3,24,47000.0,
3,24,48000.0,
3,24,49000.0,
3,24,50000.0,
4,0,5000.0,
4,0,6000.0,
4,0,7000.0,
4,0,8000.0,
4,0,9000.0,
4,0,10000.0,
4,0,11000.0,0.034088366145
4,0,12000.0,0.034088366145
4,0,13000.0,0.034088366145
4,0,14000.0,
4,0,15000.0,0.007042457097
4,0,16000.0,0.007042457097
4,0,17000.0,0.007042457097
4,0,18000.0,
4,0,19000.0,0.013487540208
4,0,20000.0,0.013487540208
4,0,21000.0,0.013487540208
4,0,22000.0,
4,0,23000.0,0.007148285902
4,0,24000.0,0.007148285902
4,0,25000.0,0.007148285902
4,0,26000.0,
4,0,27000.0,
4,0,28000.0,0.003175116599
4,0,29000.0,0.003175116599
4,0,30000.0,0.003175116599
4,0,31000.0,0.004530938493
4,0,32000.0,0.004530938493
4,0,33000.0,0.004530938493
4,0,34000.0,
4,0,35000.0,
4,0,36000.0,0.002990886826
4,0,37000.0,0.002990886826
4,0,38000.0,0.002990886826
4,0,39000.0,
4,0,40000.0,
4,0,41000.0,0.004128066091
4,0,42000.0,0.004128066091
4,0,43000.0,0.004128066091
4,0,44000.0,
4,0,45000.0,0.00433750088
4,0,46000.0,0.00433750088
4,0,47000.0,0.00433750088
4,0,48000.0,
4,0,49000.0,
4,0,50000.0,0.029376972221
4,1,5000.0,0.021434617643
4,1,6000.0,0.021434617643
4,1,7000.0,0.021434617643
4,1,8000.0,
4,1,9000.0,0.005189586634
4,1,10000.0,0.005189586634
4,1,11000.0,0.005189586634
4,1,12000.0,
4,1,13000.0,
4,1,14000.0,0.004151648915
4,1,15000.0,0.004151648915
4,1,16000.0,0.004151648915
4,1,17000.0,
4,1,18000.0,0.005237852478
4,1,19000.0,0.005237852478
4,1,20000.0,0.005237852478
4,1,21000.0,
4,1,22000.0,
4,1,23000.0,0.005450893422
4,1,24000.0,0.005450893422
4,1,25000.0,0.005450893422
4,1,26000.0,
4,1,27000.0,
4,1,28000.0,
4,1,29000.0,
4,1,30000.0,
4,1,31000.0,
4,1,32000.0,
4,1,33000.0,
4,1,34000.0,
4,1,35000.0,
4,1,36000.0,0.00752978405
4,1,37000.0,0.00752978405
4,1,38000.0,0.00752978405
4,1,39000.0,
4,1,40000.0,0.005209937882
4,1,41000.0,0.005209937882
4,1,42000.0,0.005209937882
4,1,43000.0,
4,1,44000.0,0.005527627043
4,1,45000.0,0.005527627043
4,1,46000.0,0.005527627043
4,1,47000.0,0.014221640855
4,1,48000.0,0.014221640855
4,1,49000.0,0.014221640855
4,1,50000.0,
4,2,5000.0,0.109187989239
4,2,6000.0,0.109187989239
4,2,7000.0,0.109187989239
4,2,8000.0,
4,2,9000.0,
4,2,10000.0,
4,2,11000.0,
4,2,12000.0,
4,2,13000.0,
4,2,14000.0,0.010733596116
4,2,15000.0,0.010733596116
4,2,16000.0,0.010733596116
4,2,17000.0,
4,2,18000.0,0.013004817162
4,2,19000.0,0.013004817162
4,2,20000.0,0.013004817162
4,2,21000.0,
4,2,22000.0,
4,2,23000.0,
4,2,24000.0,
4,2,25000.0,
4,2,26000.0,
4,2,27000.0,
4,2,28000.0,
4,2,29000.0,
4,2,30000.0,
4,2,31000.0,0.008017728638
4,2,32000.0,0.008017728638
4,2,33000.0,0.008017728638
4,2,34000.0,
4,2,35000.0,0.007898172593
4,2,36000.0,0.007898172593
4,2,37000.0,0.007898172593
4,2,38000.0,
4,2,39000.0,
4,2,40000.0,
4,2,41000.0,0.011005362638
4,2,42000.0,0.011005362638
4,2,43000.0,0.011005362638
4,2,44000.0,
4,2,45000.0,
4,2,46000.0,
4,2,47000.0,
4,2,48000.0,0.008321343291
4,2,49000.0,0.008321343291
4,2,50000.0,0.008321343291
4,4,5000.0,
4,4,6000.0,
4,4,7000.0,
4,4,8000.0,
4,4,9000.0,
4,4,10000.0,
4,4,11000.0,
4,4,12000.0,
4,4,13000.0,
4,4,14000.0,3.006648175244
4,4,15000.0,3.006648175244
4,4,16000.0,3.006648175244
4,4,17000.0,
4,4,18000.0,0.006809227488
4,4,19000.0,0.006809227488
4,4,20000.0,0.006809227488
4,4,21000.0,
4,4,22000.0,0.006242060235
4,4,23000.0,0.006242060235
4,4,24000.0,0.006242060235
4,4,25000.0,
4,4,26000.0,0.007338574408
4,4,27000.0,0.007338574408
4,4,28000.0,0.007338574408
4,4,29000.0,
4,4,30000.0,0.006781590852
4,4,31000.0,0.006781590852
4,4,32000.0,0.006781590852
4,4,33000.0,0.005748392437
4,4,34000.0,0.005748392437
4,4,35000.0,0.005748392437
4,4,36000.0,
4,4,37000.0,0.005003247135
4,4,38000.0,0.005003247135
4,4,39000.0,0.005003247135
4,4,40000.0,
4,4,41000.0,
4,4,42000.0,0.005491126937
4,4,43000.0,0.005491126937
4,4,44000.0,0.005491126937
4,4,45000.0,
4,4,46000.0,0.004240441364
4,4,47000.0,0.004240441364
4,4,48000.0,0.004240441364
4,4,49000.0,0.004294264748
4,4,50000.0,0.004294264748
4,5,5000.0,
4,5,6000.0,
4,5,7000.0,
4,5,8000.0,3.00825096956
4,5,9000.0,3.00825096956
4,5,10000.0,3.00825096956
4,5,11000.0,
4,5,12000.0,0.007941006131
4,5,13000.0,0.007941006131
4,5,14000.0,0.007941006131
4,5,15000.0,
4,5,16000.0,
4,5,17000.0,
4,5,18000.0,
4,5,19000.0,0.008552323353
4,5,20000.0,0.008552323353
4,5,21000.0,0.008552323353
4,5,22000.0,
4,5,23000.0,0.007590910051
4,5,24000.0,0.007590910051
4,5,25000.0,0.007590910051
4,5,26000.0,
4,5,27000.0,
4,5,28000.0,0.015129443994
4,5,29000.0,0.015129443994
4,5,30000.0,0.015129443994
4,5,31000.0,
4,5,32000.0,
4,5,33000.0,0.004988263812
4,5,34000.0,0.004988263812
4,5,35000.0,0.004988263812
4,5,36000.0,
4,5,37000.0,0.006587792365
4,5,38000.0,0.006587792365
4,5,39000.0,0.006587792365
4,5,40000.0,
4,5,41000.0,0.0099183616
4,5,42000.0,0.0099183616
4,5,43000.0,0.0099183616
4,5,44000.0,
4,5,45000.0,
4,5,46000.0,0.007658825922
4,5,47000.0,0.007658825922
4,5,48000.0,0.007658825922
4,5,49000.0,
4,5,50000.0,0.004958904956
4,6,5000.0,
4,6,6000.0,
4,6,7000.0,
4,6,8000.0,0.013991895044
4,6,9000.0,0.013991895044
4,6,10000.0,0.013991895044
4,6,11000.0,
4,6,12000.0,
4,6,13000.0,0.029896813422
4,6,14000.0,0.029896813422
4,6,15000.0,0.029896813422
4,6,16000.0,
4,6,17000.0,0.006719927622
4,6,18000.0,0.006719927622
4,6,19000.0,0.006719927622
4,6,20000.0,
4,6,21000.0,
4,6,22000.0,
4,6,23000.0,
4,6,24000.0,
4,6,25000.0,
4,6,26000.0,
4,6,27000.0,
4,6,28000.0,
4,6,29000.0,
4,6,30000.0,
4,6,31000.0,0.008824772678
4,6,32000.0,0.008824772678
4,6,33000.0,0.008824772678
4,6,34000.0,
4,6,35000.0,0.007483655646
4,6,36000.0,0.007483655646
4,6,37000.0,0.007483655646
4,6,38000.0,
4,6,39000.0,0.00451149722
4,6,40000.0,0.00451149722
4,6,41000.0,0.00451149722
4,6,42000.0,
4,6,43000.0,
4,6,44000.0,0.00768717556
4,6,45000.0,0.00768717556
4,6,46000.0,0.00768717556
4,6,47000.0,0.005630331647
4,6,48000.0,0.005630331647
4,6,49000.0,0.005630331647
4,6,50000.0,
4,7,5000.0,
4,7,6000.0,
4,7,7000.0,
4,7,8000.0,
4,7,9000.0,
4,7,10000.0,
4,7,11000.0,0.044039035516
4,7,12000.0,0.044039035516
4,7,13000.0,0.044039035516
4,7,14000.0,0.007280923594
4,7,15000.0,0.007280923594
4,7,16000.0,0.007280923594
4,7,17000.0,
4,7,18000.0,0.004964754997
4,7,19000.0,0.004964754997
4,7,20000.0,0.004964754997
4,7,21000.0,
4,7,22000.0,0.005288045533
4,7,23000.0,0.005288045533
4,7,24000.0,0.005288045533
4,7,25000.0,
4,7,26000.0,0.005599837516
4,7,27000.0,0.005599837516
4,7,28000.0,0.005599837516
4,7,29000.0,
4,7,30000.0,
4,7,31000.0,0.004725691237
4,7,32000.0,0.004725691237
4,7,33000.0,0.004725691237
4,7,34000.0,
4,7,35000.0,0.003199512179
4,7,36000.0,0.003199512179
4,7,37000.0,0.003199512179
4,7,38000.0,
4,7,39000.0,0.002902406982
4,7,40000.0,0.002902406982
4,7,41000.0,0.002902406982
4,7,42000.0,
4,7,43000.0,
4,7,44000.0,0.003097869962
4,7,45000.0,0.003097869962
4,7,46000.0,0.003097869962
4,7,47000.0,0.003854593159
4,7,48000.0,0.003854593159
4,7,49000.0,0.003854593159
4,7,50000.0,
4,8,5000.0,
4,8,6000.0,0.003159088922
4,8,7000.0,0.003159088922
4,8,8000.0,0.003159088922
4,8,9000.0,
4,8,10000.0,
4,8,11000.0,0.002539074465
4,8,12000.0,0.002539074465
4,8,13000.0,0.002539074465
4,8,14000.0,
4,8,15000.0,
4,8,16000.0,0.002239060238
4,8,17000.0,0.002239060238
4,8,18000.0,0.002239060238
4,8,19000.0,
4,8,20000.0,0.002699049581
4,8,21000.0,0.002699049581
4,8,22000.0,0.002699049581
4,8,23000.0,
4,8,24000.0,
4,8,25000.0,0.002259039526
4,8,26000.0,0.002259039526
4,8,27000.0,0.002259039526
4,8,28000.0,0.003439032774
4,8,29000.0,0.003439032774
4,8,30000.0,0.003439032774
4,8,31000.0,
4,8,32000.0,0.002917591485
4,8,33000.0,0.002917591485
4,8,34000.0,0.002917591485
4,8,35000.0,0.002499053354
4,8,36000.0,0.002499053354
4,8,37000.0,0.002499053354
4,8,38000.0,
4,8,39000.0,
4,8,40000.0,0.002679063488
4,8,41000.0,0.002679063488
4,8,42000.0,0.002679063488
4,8,43000.0,
4,8,44000.0,0.00265874241
4,8,45000.0,0.00265874241
4,8,46000.0,0.00265874241
4,8,47000.0,
4,8,48000.0,0.003491116975
4,8,49000.0,0.003491116975
4,8,50000.0,0.003491116975
4,9,5000.0,0.112100170408
4,9,6000.0,0.112100170408
4,9,7000.0,0.112100170408
4,9,8000.0,0.011515023149
4,9,9000.0,0.011515023149
4,9,10000.0,0.011515023149
4,9,11000.0,
4,9,12000.0,0.008117144256
4,9,13000.0,0.008117144256
4,9,14000.0,0.008117144256
4,9,15000.0,
4,9,16000.0,
4,9,17000.0,0.01283474748
4,9,18000.0,0.01283474748
4,9,19000.0,0.01283474748
4,9,20000.0,0.008266531336
4,9,21000.0,0.008266531336
4,9,22000.0,0.008266531336
4,9,23000.0,
4,9,24000.0,0.006943222404
4,9,25000.0,0.006943222404
4,9,26000.0,0.006943222404
4,9,27000.0,
4,9,28000.0,0.006988820876
4,9,29000.0,0.006988820876
4,9,30000.0,0.006988820876
4,9,31000.0,
4,9,32000.0,
4,9,33000.0,0.00559858761
4,9,34000.0,0.00559858761
4,9,35000.0,0.00559858761
4,9,36000.0,0.004763941079
4,9,37000.0,0.004763941079
4,9,38000.0,0.004763941079
4,9,39000.0,
4,9,40000.0,
4,9,41000.0,0.01292860819
4,9,42000.0,0.01292860819
4,9,43000.0,0.01292860819
4,9,44000.0,
4,9,45000.0,
4,9,46000.0,0.004595330693
4,9,47000.0,0.004595330693
4,9,48000.0,0.004595330693
4,9,49000.0,
4,9,50000.0,0.00428975918
4,10,5000.0,
4,10,6000.0,0.003139583648
4,10,7000.0,0.003139583648
4,10,8000.0,0.003139583648
4,10,9000.0,0.0026193267
4,10,10000.0,0.0026193267
4,10,11000.0,0.0026193267
4,10,12000.0,
4,10,13000.0,
4,10,14000.0,0.002198960485
4,10,15000.0,0.002198960485
4,10,16000.0,0.002198960485
4,10,17000.0,0.003038708528
4,10,18000.0,0.003038708528
4,10,19000.0,0.003038708528
4,10,20000.0,
4,10,21000.0,0.003238471046
4,10,22000.0,0.003238471046
4,10,23000.0,0.003238471046
4,10,24000.0,0.002758249692
4,10,25000.0,0.002758249692
4,10,26000.0,0.002758249692
4,10,27000.0,
4,10,28000.0,
4,10,29000.0,0.002197969389
4,10,30000.0,0.002197969389
4,10,31000.0,0.002197969389
4,10,32000.0,
4,10,33000.0,0.00321781213
4,10,34000.0,0.00321781213
4,10,35000.0,0.00321781213
4,10,36000.0,
4,10,37000.0,0.002477635122
4,10,38000.0,0.002477635122
4,10,39000.0,0.002477635122
4,10,40000.0,
4,10,41000.0,0.002477537261
4,10,42000.0,0.002477537261
4,10,43000.0,0.002477537261
4,10,44000.0,0.002816944332
4,10,45000.0,0.002816944332
4,10,46000.0,0.002816944332
4,10,47000.0,
4,10,48000.0,0.002876032258
4,10,49000.0,0.002876032258
4,10,50000.0,0.002876032258
4,11,5000.0,
4,11,6000.0,0.00600259052
4,11,7000.0,0.00600259052
4,11,8000.0,0.00600259052
4,11,9000.0,
4,11,10000.0,0.004774272882
4,11,11000.0,0.004774272882
4,11,12000.0,0.004774272882
4,11,13000.0,
4,11,14000.0,0.002379010964
4,11,15000.0,0.002379010964
4,11,16000.0,0.002379010964
4,11,17000.0,
4,11,18000.0,0.002777822812
4,11,19000.0,0.002777822812
4,11,20000.0,0.002777822812
4,11,21000.0,
4,11,22000.0,0.002516700545
4,11,23000.0,0.002516700545
4,11,24000.0,0.002516700545
4,11,25000.0,
4,11,26000.0,0.002615896578
4,11,27000.0,0.002615896578
4,11,28000.0,0.002615896578
4,11,29000.0,
4,11,30000.0,
4,11,31000.0,0.002534935604
4,11,32000.0,0.002534935604
4,11,33000.0,0.002534935604
4,11,34000.0,
4,11,35000.0,0.002834576035
4,11,36000.0,0.002834576035
4,11,37000.0,0.002834576035
4,11,38000.0,0.002834702873
4,11,39000.0,0.002834702873
4,11,40000.0,0.002834702873
4,11,41000.0,
4,11,42000.0,0.002673650031
4,11,43000.0,0.002673650031
4,11,44000.0,0.002673650031
4,11,45000.0,0.00303611631
4,11,46000.0,0.00303611631
4,11,47000.0,0.00303611631
4,11,48000.0,
4,11,49000.0,
4,11,50000.0,0.002477353346
4,12,5000.0,
4,12,6000.0,0.005843700107
4,12,7000.0,0.005843700107
4,12,8000.0,0.005843700107
4,12,9000.0,
4,12,10000.0,
4,12,11000.0,0.002739752286
4,12,12000.0,0.002739752286
4,12,13000.0,0.002739752286
4,12,14000.0,
4,12,15000.0,0.002719091644
4,12,16000.0,0.002719091644
4,12,17000.0,0.002719091644
4,12,18000.0,0.00285847268
4,12,19000.0,0.00285847268
4,12,20000.0,0.00285847268
4,12,21000.0,
4,12,22000.0,0.002017872329
4,12,23000.0,0.002017872329
4,12,24000.0,0.002017872329
4,12,25000.0,
4,12,26000.0,0.002597217832
4,12,27000.0,0.002597217832
4,12,28000.0,0.002597217832
4,12,29000.0,
4,12,30000.0,0.003356689291
4,12,31000.0,0.003356689291
4,12,32000.0,0.003356689291
4,12,33000.0,0.002956323177
4,12,34000.0,0.002956323177
4,12,35000.0,0.002956323177
4,12,36000.0,0.005117909487
4,12,37000.0,0.005117909487
4,12,38000.0,0.005117909487
4,12,39000.0,
4,12,40000.0,0.002015817146
4,12,41000.0,0.002015817146
4,12,42000.0,0.002015817146
4,12,43000.0,
4,12,44000.0,0.002275745036
4,12,45000.0,0.002275745036
4,12,46000.0,0.002275745036
4,12,47000.0,
4,12,48000.0,0.003055862199
4,12,49000.0,0.003055862199
4,12,50000.0,0.003055862199
4,13,5000.0,0.002578764933
4,13,6000.0,0.002578764933
4,13,7000.0,0.002578764933
4,13,8000.0,
4,13,9000.0,0.015328074829
4,13,10000.0,0.015328074829
4,13,11000.0,0.015328074829
4,13,12000.0,
4,13,13000.0,0.002579076539
4,13,14000.0,0.002579076539
4,13,15000.0,0.002579076539
4,13,16000.0,0.00235947696
4,13,17000.0,0.00235947696
4,13,18000.0,0.00235947696
4,13,19000.0,
4,13,20000.0,0.002680017124
4,13,21000.0,0.002680017124
4,13,22000.0,0.002680017124
4,13,23000.0,
4,13,24000.0,0.003696799801
4,13,25000.0,0.003696799801
4,13,26000.0,0.003696799801
4,13,27000.0,
4,13,28000.0,0.004360659406
4,13,29000.0,0.004360659406
4,13,30000.0,0.004360659406
4,13,31000.0,
4,13,32000.0,0.00525485732
4,13,33000.0,0.00525485732
4,13,34000.0,0.00525485732
4,13,35000.0,0.004823822904
4,13,36000.0,0.004823822904
4,13,37000.0,0.004823822904
4,13,38000.0,
4,13,39000.0,0.005050691399
4,13,40000.0,0.005050691399
4,13,41000.0,0.005050691399
4,13,42000.0,0.012468273763
4,13,43000.0,0.012468273763
4,13,44000.0,0.012468273763
4,13,45000.0,
4,13,46000.0,
4,13,47000.0,
4,13,48000.0,
4,13,49000.0,
4,13,50000.0,
4,14,5000.0,0.003533401955
4,14,6000.0,0.003533401955
4,14,7000.0,0.003533401955
4,14,8000.0,0.002513252088
4,14,9000.0,0.002513252088
4,14,10000.0,0.002513252088
4,14,11000.0,
4,14,12000.0,0.002873112966
4,14,13000.0,0.002873112966
4,14,14000.0,0.002873112966
4,14,15000.0,
4,14,16000.0,
4,14,17000.0,0.002753069614
4,14,18000.0,0.002753069614
4,14,19000.0,0.002753069614
4,14,20000.0,0.002913119403
4,14,21000.0,0.002913119403
4,14,22000.0,0.002913119403
4,14,23000.0,
4,14,24000.0,
4,14,25000.0,0.002753285128
4,14,26000.0,0.002753285128
4,14,27000.0,0.002753285128
4,14,28000.0,
4,14,29000.0,0.002693487655
4,14,30000.0,0.002693487655
4,14,31000.0,0.002693487655
4,14,32000.0,
4,14,33000.0,
4,14,34000.0,0.002613789885
4,14,35000.0,0.002613789885
4,14,36000.0,0.002613789885
4,14,37000.0,
4,14,38000.0,0.003294113244
4,14,39000.0,0.003294113244
4,14,40000.0,0.003294113244
4,14,41000.0,
4,14,42000.0,0.002554399686
4,14,43000.0,0.002554399686
4,14,44000.0,0.002554399686
4,14,45000.0,
4,14,46000.0,0.002714607796
4,14,47000.0,0.002714607796
4,14,48000.0,0.002714607796
4,14,49000.0,0.002674788551
4,14,50000.0,0.002674788551
4,15,5000.0,0.003053902644
4,15,6000.0,0.003053902644
4,15,7000.0,0.003053902644
4,15,8000.0,
4,15,9000.0,
4,15,10000.0,0.002572455268
4,15,11000.0,0.002572455268
4,15,12000.0,0.002572455268
4,15,13000.0,
4,15,14000.0,
4,15,15000.0,0.002733282295
4,15,16000.0,0.002733282295
4,15,17000.0,0.002733282295
4,15,18000.0,
4,15,19000.0,0.002434546039
4,15,20000.0,0.002434546039
4,15,21000.0,0.002434546039
4,15,22000.0,
4,15,23000.0,0.002675966398
4,15,24000.0,0.002675966398
4,15,25000.0,0.002675966398
4,15,26000.0,
4,15,27000.0,
4,15,28000.0,0.002597149933
4,15,29000.0,0.002597149933
4,15,30000.0,0.002597149933
4,15,31000.0,
4,15,32000.0,0.00397786141
4,15,33000.0,0.00397786141
4,15,34000.0,0.00397786141
4,15,35000.0,0.002758150475
4,15,36000.0,0.002758150475
4,15,37000.0,0.002758150475
4,15,38000.0,
4,15,39000.0,
4,15,40000.0,0.003238778849
4,15,41000.0,0.003238778849
4,15,42000.0,0.003238778849
4,15,43000.0,
4,15,44000.0,0.005308044343
4,15,45000.0,0.005308044343
4,15,46000.0,0.005308044343
4,15,47000.0,0.008767546085
4,15,48000.0,0.008767546085
4,15,49000.0,0.008767546085
4,15,50000.0,
4,16,5000.0,
4,16,6000.0,
4,16,7000.0,
4,16,8000.0,
4,16,9000.0,
4,16,10000.0,
4,16,11000.0,
4,16,12000.0,
4,16,13000.0,0.012262065753
4,16,14000.0,0.012262065753
4,16,15000.0,0.012262065753
4,16,16000.0,
4,16,17000.0,0.008059264422
4,16,18000.0,0.008059264422
4,16,19000.0,0.008059264422
4,16,20000.0,
4,16,21000.0,0.006341333385
4,16,22000.0,0.006341333385
4,16,23000.0,0.006341333385
4,16,24000.0,
4,16,25000.0,
4,16,26000.0,
4,16,27000.0,0.004430136906
4,16,28000.0,0.004430136906
4,16,29000.0,0.004430136906
4,16,30000.0,
4,16,31000.0,0.005057219938
4,16,32000.0,0.005057219938
4,16,33000.0,0.005057219938
4,16,34000.0,
4,16,35000.0,
4,16,36000.0,0.004160241091
4,16,37000.0,0.004160241091
4,16,38000.0,0.004160241091
4,16,39000.0,
4,16,40000.0,0.002196804238
4,16,41000.0,0.002196804238
4,16,42000.0,0.002196804238
4,16,43000.0,
4,16,44000.0,0.004254668312
4,16,45000.0,0.004254668312
4,16,46000.0,0.004254668312
4,16,47000.0,0.002334644616
4,16,48000.0,0.002334644616
4,16,49000.0,0.002334644616
4,16,50000.0,
4,17,5000.0,
4,17,6000.0,0.006324401992
4,17,7000.0,0.006324401992
4,17,8000.0,0.006324401992
4,17,9000.0,
4,17,10000.0,0.006061018083
4,17,11000.0,0.006061018083
4,17,12000.0,0.006061018083
4,17,13000.0,
4,17,14000.0,0.004684318392
4,17,15000.0,0.004684318392
4,17,16000.0,0.004684318392
4,17,17000.0,0.004837013031
4,17,18000.0,0.004837013031
4,17,19000.0,0.004837013031
4,17,20000.0,
4,17,21000.0,
4,17,22000.0,
4,17,23000.0,
4,17,24000.0,
4,17,25000.0,
4,17,26000.0,
4,17,27000.0,
4,17,28000.0,
4,17,29000.0,
4,17,30000.0,0.005895370023
4,17,31000.0,0.005895370023
4,17,32000.0,0.005895370023
4,17,33000.0,
4,17,34000.0,0.006176704117
4,17,35000.0,0.006176704117
4,17,36000.0,0.006176704117
4,17,37000.0,0.005993339551
4,17,38000.0,0.005993339551
4,17,39000.0,0.005993339551
4,17,40000.0,
4,17,41000.0,0.008284945405
4,17,42000.0,0.008284945405
4,17,43000.0,0.008284945405
4,17,44000.0,
4,17,45000.0,0.009386295837
4,17,46000.0,0.009386295837
4,17,47000.0,0.009386295837
4,17,48000.0,
4,17,49000.0,
4,17,50000.0,
4,18,5000.0,0.005311766513
4,18,6000.0,0.005311766513
4,18,7000.0,0.005311766513
4,18,8000.0,
4,18,9000.0,0.00481212966
4,18,10000.0,0.00481212966
4,18,11000.0,0.00481212966
4,18,12000.0,0.004398784163
4,18,13000.0,0.004398784163
4,18,14000.0,0.004398784163
4,18,15000.0,
4,18,16000.0,
4,18,17000.0,
4,18,18000.0,0.004999329704
4,18,19000.0,0.004999329704
4,18,20000.0,0.004999329704
4,18,21000.0,
4,18,22000.0,
4,18,23000.0,
4,18,24000.0,0.007569208753
4,18,25000.0,0.007569208753
4,18,26000.0,0.007569208753
4,18,27000.0,
4,18,28000.0,
4,18,29000.0,0.009580364536
4,18,30000.0,0.009580364536
4,18,31000.0,0.009580364536
4,18,32000.0,
4,18,33000.0,0.007586682063
4,18,34000.0,0.007586682063
4,18,35000.0,0.007586682063
4,18,36000.0,
4,18,37000.0,0.00860283668
4,18,38000.0,0.00860283668
4,18,39000.0,0.00860283668
4,18,40000.0,0.013966451174
4,18,41000.0,0.013966451174
4,18,42000.0,0.013966451174
4,18,43000.0,
4,18,44000.0,
4,18,45000.0,
4,18,46000.0,
4,18,47000.0,
4,18,48000.0,
4,18,49000.0,
4,18,50000.0,
4,19,5000.0,
4,19,6000.0,
4,19,7000.0,
4,19,8000.0,
4,19,9000.0,
4,19,10000.0,
4,19,11000.0,
4,19,12000.0,
4,19,13000.0,
4,19,14000.0,
4,19,15000.0,
4,19,16000.0,
4,19,17000.0,
4,19,18000.0,
4,19,19000.0,
4,19,20000.0,9.007295260855
4,19,21000.0,9.007295260855
4,19,22000.0,9.007295260855
4,19,23000.0,
4,19,24000.0,0.006748123156
4,19,25000.0,0.006748123156
4,19,26000.0,0.006748123156
4,19,27000.0,0.003602381171
4,19,28000.0,0.003602381171
4,19,29000.0,0.003602381171
4,19,30000.0,
4,19,31000.0,0.002637068667
4,19,32000.0,0.002637068667
4,19,33000.0,0.002637068667
4,19,34000.0,
4,19,35000.0,
4,19,36000.0,0.002775734856
4,19,37000.0,0.002775734856
4,19,38000.0,0.002775734856
4,19,39000.0,0.004252063998
4,19,40000.0,0.004252063998
4,19,41000.0,0.004252063998
4,19,42000.0,0.002515131152
4,19,43000.0,0.002515131152
4,19,44000.0,0.002515131152
4,19,45000.0,
4,19,46000.0,0.00357636663
4,19,47000.0,0.00357636663
4,19,48000.0,0.00357636663
4,19,49000.0,0.002916513369
4,19,50000.0,0.002916513369
4,20,5000.0,
4,20,6000.0,
4,20,7000.0,
4,20,8000.0,
4,20,9000.0,
4,20,10000.0,
4,20,11000.0,
4,20,12000.0,
4,20,13000.0,
4,20,14000.0,
4,20,15000.0,
4,20,16000.0,
4,20,17000.0,
4,20,18000.0,
4,20,19000.0,
4,20,20000.0,
4,20,21000.0,
4,20,22000.0,
4,20,23000.0,
4,20,24000.0,
4,20,25000.0,
4,20,26000.0,
4,20,27000.0,
4,20,28000.0,
4,20,29000.0,
4,20,30000.0,
4,20,31000.0,
4,20,32000.0,
4,20,33000.0,
4,20,34000.0,
4,20,35000.0,
4,20,36000.0,
4,20,37000.0,
4,20,38000.0,
4,20,39000.0,
4,20,40000.0,
4,20,41000.0,
4,20,42000.0,
4,20,43000.0,
4,20,44000.0,
4,20,45000.0,
4,20,46000.0,
4,20,47000.0,0.032209694334
4,20,48000.0,0.032209694334
4,20,49000.0,0.032209694334
4,20,50000.0,
4,21,5000.0,
4,21,6000.0,0.0
4,21,7000.0,0.0
4,21,8000.0,0.0
4,21,9000.0,
4,21,10000.0,0.0
4,21,11000.0,0.0
4,21,12000.0,0.0
4,21,13000.0,0.0
4,21,14000.0,0.0
4,21,15000.0,0.0
4,21,16000.0,
4,21,17000.0,0.0
4,21,18000.0,0.0
4,21,19000.0,0.0
4,21,20000.0,
4,21,21000.0,
4,21,22000.0,0.0
4,21,23000.0,0.0
4,21,24000.0,0.0
4,21,25000.0,0.0
4,21,26000.0,0.0
4,21,27000.0,0.0
4,21,28000.0,
4,21,29000.0,0.0
4,21,30000.0,0.0
4,21,31000.0,0.0
4,21,32000.0,
4,21,33000.0,0.0
4,21,34000.0,0.0
4,21,35000.0,0.0
4,21,36000.0,0.0
4,21,37000.0,0.0
4,21,38000.0,0.0
4,21,39000.0,
4,21,40000.0,0.0
4,21,41000.0,0.0
4,21,42000.0,0.0
4,21,43000.0,
4,21,44000.0,0.0
4,21,45000.0,0.0
4,21,46000.0,0.0
4,21,47000.0,
4,21,48000.0,
4,21,49000.0,0.0
4,21,50000.0,0.0
4,22,5000.0,0.003135122432
4,22,6000.0,0.003135122432
4,22,7000.0,0.003135122432
4,22,8000.0,
4,22,9000.0,0.003575524573
4,22,10000.0,0.003575524573
4,22,11000.0,0.003575524573
4,22,12000.0,
4,22,13000.0,
4,22,14000.0,0.002715996903
4,22,15000.0,0.002715996903
4,22,16000.0,0.002715996903
4,22,17000.0,
4,22,18000.0,
4,22,19000.0,0.002829372305
4,22,20000.0,0.002829372305
4,22,21000.0,0.002829372305
4,22,22000.0,
4,22,23000.0,0.00193694703
4,22,24000.0,0.00193694703
4,22,25000.0,0.00193694703
4,22,26000.0,
4,22,27000.0,0.002697332693
4,22,28000.0,0.002697332693
4,22,29000.0,0.002697332693
4,22,30000.0,0.003057671189
4,22,31000.0,0.003057671189
4,22,32000.0,0.003057671189
4,22,33000.0,
4,22,34000.0,0.002918018852
4,22,35000.0,0.002918018852
4,22,36000.0,0.002918018852
4,22,37000.0,0.003238347773
4,22,38000.0,0.003238347773
4,22,39000.0,0.003238347773
4,22,40000.0,0.002338709842
4,22,41000.0,0.002338709842
4,22,42000.0,0.002338709842
4,22,43000.0,
4,22,44000.0,0.005632138345
4,22,45000.0,0.005632138345
4,22,46000.0,0.005632138345
4,22,47000.0,0.002539437628
4,22,48000.0,0.002539437628
4,22,49000.0,0.002539437628
4,22,50000.0,
4,23,5000.0,
4,23,6000.0,
4,23,7000.0,
4,23,8000.0,
4,23,9000.0,
4,23,10000.0,
4,23,11000.0,0.011219431901
4,23,12000.0,0.011219431901
4,23,13000.0,0.011219431901
4,23,14000.0,0.00761112808
4,23,15000.0,0.00761112808
4,23,16000.0,0.00761112808
4,23,17000.0,
4,23,18000.0,
4,23,19000.0,0.014388940594
4,23,20000.0,0.014388940594
4,23,21000.0,0.014388940594
4,23,22000.0,
4,23,23000.0,
4,23,24000.0,
4,23,25000.0,
4,23,26000.0,
4,23,27000.0,0.006244271066
4,23,28000.0,0.006244271066
4,23,29000.0,0.006244271066
4,23,30000.0,0.004712526827
4,23,31000.0,0.004712526827
4,23,32000.0,0.004712526827
4,23,33000.0,
4,23,34000.0,0.005599262529
4,23,35000.0,0.005599262529
4,23,36000.0,0.005599262529
4,23,37000.0,
4,23,38000.0,0.006069835623
4,23,39000.0,0.006069835623
4,23,40000.0,0.006069835623
4,23,41000.0,0.006289460609
4,23,42000.0,0.006289460609
4,23,43000.0,0.006289460609
4,23,44000.0,
4,23,45000.0,
4,23,46000.0,0.005832759206
4,23,47000.0,0.005832759206
4,23,48000.0,0.005832759206
4,23,49000.0,
4,23,50000.0,
4,24,5000.0,
4,24,6000.0,0.00225288101
4,24,7000.0,0.00225288101
4,24,8000.0,0.00225288101
4,24,9000.0,
4,24,10000.0,
4,24,11000.0,0.002734200666
4,24,12000.0,0.002734200666
4,24,13000.0,0.002734200666
4,24,14000.0,
4,24,15000.0,
4,24,16000.0,0.002479603616
4,24,17000.0,0.002479603616
4,24,18000.0,0.002479603616
4,24,19000.0,
4,24,20000.0,0.00259649972
4,24,21000.0,0.00259649972
4,24,22000.0,0.00259649972
4,24,23000.0,0.002657357469
4,24,24000.0,0.002657357469
4,24,25000.0,0.002657357469
4,24,26000.0,
4,24,27000.0,
4,24,28000.0,0.0031787168
4,24,29000.0,0.0031787168
4,24,30000.0,0.0031787168
4,24,31000.0,
4,24,32000.0,0.003039925536
4,24,33000.0,0.003039925536
4,24,34000.0,0.003039925536
4,24,35000.0,
4,24,36000.0,
4,24,37000.0,0.004968819203
4,24,38000.0,0.004968819203
4,24,39000.0,0.004968819203
4,24,40000.0,0.005047991952
4,24,41000.0,0.005047991952
4,24,42000.0,0.005047991952
4,24,43000.0,
4,24,44000.0,0.005270395748
4,24,45000.0,0.005270395748
4,24,46000.0,0.005270395748
4,24,47000.0,
4,24,48000.0,0.006230442049
4,24,49000.0,0.006230442049
4,24,50000.0,0.006230442049
