rep,host,t,rlReward
0,0,5000.0,0.077998406458734
0,0,6000.0,0.37902398055936
0,0,7000.0,0.13413778271681
0,0,8000.0,0.13208363219752
0,0,9000.0,0.08445933841188
0,0,10000.0,0.10076481135707
0,0,11000.0,0.12021709399612
0,0,12000.0,0.11293348512096
0,0,13000.0,0.1127952286186
0,0,14000.0,0.08363816803244
0,0,15000.0,0.11915786851192
0,0,16000.0,0.12379728377938
0,0,17000.0,0.24530707889666
0,0,18000.0,0.065459096029825
0,0,19000.0,0.10242237748689
0,0,20000.0,0.10542569517701
0,0,21000.0,0.113701145609
0,0,22000.0,0.10942767080878
0,0,23000.0,0.069225395344963
0,0,24000.0,0.10654278834053
0,0,25000.0,0.10824966836968
0,0,26000.0,0.09518711504274
0,0,27000.0,0.10166926146385
0,0,28000.0,0.10263367412136
0,0,29000.0,0.087250988746255
0,0,30000.0,0.09410000733648
0,0,31000.0,0.093333574501732
0,0,32000.0,0.093828156147544
0,0,33000.0,0.10227847773476
0,0,34000.0,0.10680514893955
0,0,35000.0,0.089467293783737
0,0,36000.0,0.071812180849131
0,0,37000.0,0.096951960008406
0,0,38000.0,0.092730764745607
0,0,39000.0,0.084974434474924
0,0,40000.0,0.079694732611867
0,0,41000.0,0.086417845296497
0,0,42000.0,0.080234690935772
0,0,43000.0,0.092177381447443
0,0,44000.0,0.079879604304189
0,0,45000.0,0.026621194819374
0,0,46000.0,0.084336962640301
0,0,47000.0,0.069687060545336
0,0,48000.0,0.056300827820267
0,0,49000.0,0.072150784040997
0,0,50000.0,0.070169175190156
0,1,5000.0,0.096716028810456
0,1,6000.0,-0.54923470387265
0,1,7000.0,-0.53560865399322
0,1,8000.0,-0.51399856802627
0,1,9000.0,0.1188798632936
0,1,10000.0,-0.54853195560411
0,1,11000.0,-0.55059262678023
0,1,12000.0,0.15500532068786
0,1,13000.0,0.40971677749423
0,1,14000.0,0.39807717740334
0,1,15000.0,0.43041961103424
0,1,16000.0,0.41002261067687
0,1,17000.0,0.2641564361265
0,1,18000.0,0.38701145924891
0,1,19000.0,0.13468618264256
0,1,20000.0,0.40327868176074
0,1,21000.0,0.42119081638225
0,1,22000.0,0.41384674720786
0,1,23000.0,0.38193586074995
0,1,24000.0,0.42466405294161
0,1,25000.0,0.40014391141733
0,1,26000.0,0.40041399153769
0,1,27000.0,0.42633961679706
0,1,28000.0,0.42588269033853
0,1,29000.0,0.39038001694431
0,1,30000.0,0.4276534151996
0,1,31000.0,-0.036500365716635
0,1,32000.0,0.4178185945105
0,1,33000.0,0.41713378414517
0,1,34000.0,0.42314987874358
0,1,35000.0,0.12630740401531
0,1,36000.0,0.41966702792909
0,1,37000.0,-0.57612393411396
0,1,38000.0,-0.59034903643119
0,1,39000.0,-0.58204559932393
0,1,40000.0,-0.57473577417414
0,1,41000.0,-0.59314725416828
0,1,42000.0,0.40371553925638
0,1,43000.0,0.4027628689997
0,1,44000.0,0.38576410789943
0,1,45000.0,0.38500279378993
0,1,46000.0,0.12574735932649
0,1,47000.0,0.38753771220169
0,1,48000.0,0.38733178057194
0,1,49000.0,0.094983630430722
0,1,50000.0,0.10262739657324
0,2,5000.0,0.10172494465822
0,2,6000.0,0.086338901487225
0,2,7000.0,0.15835948744084
0,2,8000.0,0.1480710077609
0,2,9000.0,0.10747762475754
0,2,10000.0,0.12311069330447
0,2,11000.0,0.14176123480407
0,2,12000.0,0.14429965460664
0,2,13000.0,0.12520733254317
0,2,14000.0,0.11427774072295
0,2,15000.0,0.15170700938863
0,2,16000.0,0.14542220397654
0,2,17000.0,0.12040184533354
0,2,18000.0,0.12395976715976
0,2,19000.0,0.12656212277266
0,2,20000.0,0.11898907662948
0,2,21000.0,0.14656285500316
0,2,22000.0,0.1378922329602
0,2,23000.0,0.079679902913139
0,2,24000.0,0.14371718456309
0,2,25000.0,0.14544329345708
0,2,26000.0,0.12008124252516
0,2,27000.0,0.14384602903936
0,2,28000.0,0.12703501066311
0,2,29000.0,0.11905421414576
0,2,30000.0,0.13396534818377
0,2,31000.0,0.11667560564459
0,2,32000.0,0.13039041199397
0,2,33000.0,0.1309194534066
0,2,34000.0,0.13676763837211
0,2,35000.0,0.11320316672125
0,2,36000.0,0.12661037838646
0,2,37000.0,0.13140491440426
0,2,38000.0,0.11856559896671
0,2,39000.0,0.13408680132429
0,2,40000.0,0.12430889554081
0,2,41000.0,0.1180232533484
0,2,42000.0,0.12594312814801
0,2,43000.0,0.13758798928207
0,2,44000.0,0.10794835315817
0,2,45000.0,0.10046303448078
0,2,46000.0,0.12602584879922
0,2,47000.0,0.10247627908449
0,2,48000.0,0.13606181044043
0,2,49000.0,0.12410943387955
0,2,50000.0,0.2585204468313
0,4,5000.0,0.10675744217681
0,4,6000.0,0.2025362959101
0,4,7000.0,0.22636720040911
0,4,8000.0,0.22761396586871
0,4,9000.0,0.19849849565279
0,4,10000.0,0.215465315173
0,4,11000.0,0.2206267486949
0,4,12000.0,0.21398281790363
0,4,13000.0,0.21857293381745
0,4,14000.0,0.21085281989896
0,4,15000.0,0.21832479422519
0,4,16000.0,0.2176880240794
0,4,17000.0,0.051687584612046
0,4,18000.0,0.038891844824462
0,4,19000.0,0.49514255025521
0,4,20000.0,0.21736655811839
0,4,21000.0,0.21347263817831
0,4,22000.0,0.22172713886607
0,4,23000.0,0.20264497212391
0,4,24000.0,0.211976737124
0,4,25000.0,0.22160109976094
0,4,26000.0,0.21320581786628
0,4,27000.0,0.21459457462148
0,4,28000.0,0.22469484432876
0,4,29000.0,0.213286449491
0,4,30000.0,0.2176394355823
0,4,31000.0,0.2122148487106
0,4,32000.0,0.2209632153388
0,4,33000.0,0.21456808447143
0,4,34000.0,0.22007323906136
0,4,35000.0,0.219771529541
0,4,36000.0,0.21397531998419
0,4,37000.0,0.22500392373495
0,4,38000.0,0.21954747095189
0,4,39000.0,0.21260203771916
0,4,40000.0,0.22149163150457
0,4,41000.0,0.21839855380614
0,4,42000.0,0.21445943282071
0,4,43000.0,0.88350295063694
0,4,44000.0,-0.34609101496427
0,4,45000.0,-0.46250638126147
0,4,46000.0,-0.44648322668261
0,4,47000.0,-0.45973133118333
0,4,48000.0,-0.44674209545301
0,4,49000.0,-0.44455755078515
0,4,50000.0,-0.45318310598497
0,5,5000.0,0.071456124765225
0,5,6000.0,0.11033165938574
0,5,7000.0,0.12530325960822
0,5,8000.0,0.13820100840974
0,5,9000.0,0.40794787218598
0,5,10000.0,0.10229389355834
0,5,11000.0,0.14469366406315
0,5,12000.0,0.15164345101328
0,5,13000.0,-0.045834790852403
0,5,14000.0,0.2870552843957
0,5,15000.0,0.14107988706487
0,5,16000.0,0.31981677750348
0,5,17000.0,0.12068994117258
0,5,18000.0,0.12512189253583
0,5,19000.0,0.12813028455053
0,5,20000.0,0.14766904649709
0,5,21000.0,0.13552469755134
0,5,22000.0,0.14419331604892
0,5,23000.0,0.12890711861804
0,5,24000.0,0.14900358161888
0,5,25000.0,0.13715855178205
0,5,26000.0,0.13905553356976
0,5,27000.0,0.14809814536042
0,5,28000.0,0.4151151727579
0,5,29000.0,0.14374073251423
0,5,30000.0,0.13975521206761
0,5,31000.0,0.14895497157277
0,5,32000.0,0.14387616074641
0,5,33000.0,0.13805142988935
0,5,34000.0,0.14211575230276
0,5,35000.0,0.14515770505601
0,5,36000.0,0.14832146084664
0,5,37000.0,0.13068843654064
0,5,38000.0,0.15163086917638
0,5,39000.0,0.14371503091345
0,5,40000.0,0.15415170265518
0,5,41000.0,0.13992471587359
0,5,42000.0,0.14070893336007
0,5,43000.0,0.15226470507892
0,5,44000.0,-0.018705711022601
0,5,45000.0,0.12116510412863
0,5,46000.0,0.1354271631636
0,5,47000.0,0.1457540916553
0,5,48000.0,0.15219057632266
0,5,49000.0,0.13412264649094
0,5,50000.0,0.1331646369114
0,6,5000.0,-0.56318748872219
0,6,6000.0,-0.60241125291269
0,6,7000.0,-0.51089100081616
0,6,8000.0,-0.51693560290225
0,6,9000.0,-0.58542820059204
0,6,10000.0,-0.29978608292793
0,6,11000.0,0.11269520254664
0,6,12000.0,0.33339869052728
0,6,13000.0,0.31932634161025
0,6,14000.0,0.27879142321818
0,6,15000.0,0.33284965900676
0,6,16000.0,-0.037074244099249
0,6,17000.0,0.11100730335794
0,6,18000.0,-0.05656275442291
0,6,19000.0,0.14305866296426
0,6,20000.0,0.11795839469018
0,6,21000.0,0.15540208018862
0,6,22000.0,0.32442202622371
0,6,23000.0,0.11148593576249
0,6,24000.0,-0.28669405284128
0,6,25000.0,-0.51018430795441
0,6,26000.0,-0.52616324762947
0,6,27000.0,-0.42205945903801
0,6,28000.0,-0.50889819697919
0,6,29000.0,-0.29799744710057
0,6,30000.0,-0.4127579879064
0,6,31000.0,-0.52231045557131
0,6,32000.0,0.43749096934333
0,6,33000.0,0.15533553744979
0,6,34000.0,0.44791212625428
0,6,35000.0,0.3137211505736
0,6,36000.0,-0.014171105159145
0,6,37000.0,0.44327859131076
0,6,38000.0,0.14303215282208
0,6,39000.0,0.16212447965135
0,6,40000.0,0.44692070568908
0,6,41000.0,0.15915904088944
0,6,42000.0,0.1597873040402
0,6,43000.0,0.4493120929785
0,6,44000.0,0.15822493289715
0,6,45000.0,0.43016846819521
0,6,46000.0,0.16209971830101
0,6,47000.0,0.82691821315785
0,6,48000.0,0.1687578732604
0,6,49000.0,0.16575315021425
0,6,50000.0,0.16367314912129
0,7,5000.0,-0.13314559394809
0,7,6000.0,-0.2272145865441
0,7,7000.0,-0.59904328561968
0,7,8000.0,-0.5955186239345
0,7,9000.0,-0.59603469476464
0,7,10000.0,-0.5841505967331
0,7,11000.0,-0.60755232168503
0,7,12000.0,0.26746552956761
0,7,13000.0,0.22081089208125
0,7,14000.0,0.21918631536085
0,7,15000.0,0.2677720232052
0,7,16000.0,0.26173641767581
0,7,17000.0,0.21053141366741
0,7,18000.0,0.58746172429285
0,7,19000.0,0.22315457777843
0,7,20000.0,0.22618802969664
0,7,21000.0,0.22640873259758
0,7,22000.0,0.22047638730965
0,7,23000.0,0.210452680237
0,7,24000.0,0.22042134036828
0,7,25000.0,0.20126678391644
0,7,26000.0,0.21363206762589
0,7,27000.0,0.23639098443403
0,7,28000.0,0.22678011127119
0,7,29000.0,0.17880642436034
0,7,30000.0,-0.10875328951936
0,7,31000.0,-0.12476659814983
0,7,32000.0,0.20793621099911
0,7,33000.0,0.19817661214178
0,7,34000.0,0.20499069246328
0,7,35000.0,0.20315129111682
0,7,36000.0,0.16125051728928
0,7,37000.0,0.18672558176795
0,7,38000.0,0.18058778526192
0,7,39000.0,0.18026796688444
0,7,40000.0,0.13755454508921
0,7,41000.0,0.17158782933502
0,7,42000.0,0.17338940913269
0,7,43000.0,0.12320602544172
0,7,44000.0,0.12762825333292
0,7,45000.0,0.14069026617184
0,7,46000.0,0.14065542014845
0,7,47000.0,0.13522522400411
0,7,48000.0,0.15935924176709
0,7,49000.0,0.13554128523918
0,7,50000.0,0.13170631970727
0,8,5000.0,0.12325209626976
0,8,6000.0,0.20968245807995
0,8,7000.0,0.2356231279467
0,8,8000.0,0.2355167702145
0,8,9000.0,0.21913778268628
0,8,10000.0,0.22897919043556
0,8,11000.0,0.22732542592498
0,8,12000.0,0.080327485827292
0,8,13000.0,0.22524712443104
0,8,14000.0,0.22335537048027
0,8,15000.0,0.22434507769749
0,8,16000.0,0.23244931058756
0,8,17000.0,0.058793842262293
0,8,18000.0,0.20235300144557
0,8,19000.0,0.22000308864368
0,8,20000.0,0.21427205575091
0,8,21000.0,0.22221673424878
0,8,22000.0,0.21521593481669
0,8,23000.0,0.20935036028854
0,8,24000.0,0.2200012547445
0,8,25000.0,0.22493943229799
0,8,26000.0,0.2142295713649
0,8,27000.0,0.21661426630677
0,8,28000.0,0.22540364386582
0,8,29000.0,0.20806454951612
0,8,30000.0,0.21401465646194
0,8,31000.0,0.21506786587301
0,8,32000.0,0.21454715598041
0,8,33000.0,0.21079479908657
0,8,34000.0,0.21866216841397
0,8,35000.0,0.21157997722751
0,8,36000.0,0.19914521641356
0,8,37000.0,0.22052690286763
0,8,38000.0,0.20337622766394
0,8,39000.0,0.20232193296876
0,8,40000.0,0.21344742249001
0,8,41000.0,0.21273415526356
0,8,42000.0,0.19779766186849
0,8,43000.0,0.20997155644629
0,8,44000.0,0.19714818952073
0,8,45000.0,0.1879039835225
0,8,46000.0,0.19921988135314
0,8,47000.0,0.18270684397674
0,8,48000.0,0.19256044258822
0,8,49000.0,0.21015029399085
0,8,50000.0,0.19928769663587
0,9,5000.0,0.072069084791241
0,9,6000.0,0.38609847599731
0,9,7000.0,0.10700179747942
0,9,8000.0,0.12601543115645
0,9,9000.0,0.086393097152223
0,9,10000.0,0.088749453878046
0,9,11000.0,0.11016264780708
0,9,12000.0,0.1031483769212
0,9,13000.0,0.10266575783583
0,9,14000.0,0.084203631757092
0,9,15000.0,0.11573482610001
0,9,16000.0,0.088003797984616
0,9,17000.0,0.09445973850637
0,9,18000.0,0.078199987975861
0,9,19000.0,0.089103297258366
0,9,20000.0,0.09803729505384
0,9,21000.0,0.10221327107749
0,9,22000.0,0.38652075719474
0,9,23000.0,0.36583743082794
0,9,24000.0,0.39234042047821
0,9,25000.0,0.3842014358645
0,9,26000.0,0.35672412111327
0,9,27000.0,0.39648168504895
0,9,28000.0,0.24549480025299
0,9,29000.0,0.37014629750319
0,9,30000.0,-0.085653390608759
0,9,31000.0,0.38177187003036
0,9,32000.0,0.38654385905208
0,9,33000.0,0.39254816865266
0,9,34000.0,0.37109666602932
0,9,35000.0,0.38860291243868
0,9,36000.0,0.36944446048785
0,9,37000.0,0.35911001595858
0,9,38000.0,0.38275581871178
0,9,39000.0,0.36597891732361
0,9,40000.0,0.36961740608753
0,9,41000.0,0.19093317876959
0,9,42000.0,0.36068676463412
0,9,43000.0,0.36044701064751
0,9,44000.0,0.36594574813872
0,9,45000.0,0.34697044625285
0,9,46000.0,0.35278288883438
0,9,47000.0,0.33331480973982
0,9,48000.0,0.37553789722242
0,9,49000.0,0.35104194750856
0,9,50000.0,0.34965873521913
0,10,5000.0,0.099926122638109
0,10,6000.0,0.11196828318665
0,10,7000.0,0.14529288567228
0,10,8000.0,0.14177097169547
0,10,9000.0,0.12798953387307
0,10,10000.0,0.13087544018815
0,10,11000.0,0.12793255531226
0,10,12000.0,0.15499199477042
0,10,13000.0,0.14046230996696
0,10,14000.0,0.10965835933155
0,10,15000.0,0.14622423694146
0,10,16000.0,0.15356723410488
0,10,17000.0,0.12103392848592
0,10,18000.0,0.41528450920557
0,10,19000.0,0.13294595005238
0,10,20000.0,0.13694244715229
0,10,21000.0,0.15357789768723
0,10,22000.0,0.1503545522486
0,10,23000.0,0.11408128229536
0,10,24000.0,0.33460936702738
0,10,25000.0,0.14700818699128
0,10,26000.0,0.12977985625779
0,10,27000.0,0.15094323322528
0,10,28000.0,0.15300914885066
0,10,29000.0,0.13468721764817
0,10,30000.0,0.14974671032174
0,10,31000.0,0.14676300088144
0,10,32000.0,0.14644193142359
0,10,33000.0,0.14657167259842
0,10,34000.0,0.15494747287868
0,10,35000.0,0.139569376331
0,10,36000.0,0.15298194059687
0,10,37000.0,0.14579524115337
0,10,38000.0,0.13158412402714
0,10,39000.0,0.15118425317654
0,10,40000.0,0.14995981732974
0,10,41000.0,0.13417768727371
0,10,42000.0,0.15952697926366
0,10,43000.0,0.15849559674195
0,10,44000.0,0.15823582636492
0,10,45000.0,0.1322570967615
0,10,46000.0,0.15202544296004
0,10,47000.0,0.14456322727081
0,10,48000.0,0.15657624542899
0,10,49000.0,0.1431450212358
0,10,50000.0,0.14015012303943
0,11,5000.0,-0.56915750787286
0,11,6000.0,-0.56107025961108
0,11,7000.0,-0.52607796506235
0,11,8000.0,-0.51904707753248
0,11,9000.0,-0.53699155923947
0,11,10000.0,-0.57703810745631
0,11,11000.0,-0.287040883742
0,11,12000.0,-0.019074030809344
0,11,13000.0,-0.028703097074938
0,11,14000.0,0.10476842870096
0,11,15000.0,-0.019005509478441
0,11,16000.0,0.77558264822543
0,11,17000.0,-0.051052464690334
0,11,18000.0,-0.049581326161535
0,11,19000.0,-0.039113790089787
0,11,20000.0,-0.030156628017682
0,11,21000.0,0.14955976497177
0,11,22000.0,-0.030736632817517
0,11,23000.0,-0.054718189788516
0,11,24000.0,0.31557339301925
0,11,25000.0,-0.061052235833941
0,11,26000.0,0.12509181133954
0,11,27000.0,0.31769758959355
0,11,28000.0,0.28709304634216
0,11,29000.0,0.28453810279582
0,11,30000.0,0.28870656453153
0,11,31000.0,0.30844259153636
0,11,32000.0,0.31302885344464
0,11,33000.0,0.28402054761353
0,11,34000.0,0.29770221541411
0,11,35000.0,0.31425981173367
0,11,36000.0,0.30899856373871
0,11,37000.0,-0.32786910707801
0,11,38000.0,-0.31484444713697
0,11,39000.0,-0.28807619893192
0,11,40000.0,-0.53020967962037
0,11,41000.0,-0.29921105940835
0,11,42000.0,0.29242940701582
0,11,43000.0,0.13687612601978
0,11,44000.0,0.13390691661851
0,11,45000.0,0.12129170320792
0,11,46000.0,0.28361642534995
0,11,47000.0,0.28817168391065
0,11,48000.0,0.30988164936357
0,11,49000.0,0.28630666578729
0,11,50000.0,0.24762618381505
0,12,5000.0,0.21808668628327
0,12,6000.0,0.063737943192287
0,12,7000.0,0.27927269295549
0,12,8000.0,0.10388997022689
0,12,9000.0,0.067579894876821
0,12,10000.0,0.23426539428668
0,12,11000.0,0.093677883705744
0,12,12000.0,0.11681386508053
0,12,13000.0,0.095541821535514
0,12,14000.0,0.050731169884503
0,12,15000.0,0.10757807149381
0,12,16000.0,0.12120927375945
0,12,17000.0,0.040610920152398
0,12,18000.0,0.068956970250902
0,12,19000.0,0.098356736969554
0,12,20000.0,0.047518897466596
0,12,21000.0,0.0979682212123
0,12,22000.0,0.038430264152465
0,12,23000.0,0.034302593904195
0,12,24000.0,0.10145943305474
0,12,25000.0,0.057919446219571
0,12,26000.0,-0.16273460394334
0,12,27000.0,0.083512524157403
0,12,28000.0,0.072087817161001
0,12,29000.0,0.12671620280448
0,12,30000.0,0.23109866508269
0,12,31000.0,-0.12954978803253
0,12,32000.0,0.16829682019461
0,12,33000.0,0.22206525688762
0,12,34000.0,0.063603046319479
0,12,35000.0,0.15284105486962
0,12,36000.0,0.19027199010474
0,12,37000.0,0.16906474353959
0,12,38000.0,0.12524862718353
0,12,39000.0,0.16940144235625
0,12,40000.0,0.12826279843345
0,12,41000.0,0.14683772750551
0,12,42000.0,0.1382297057756
0,12,43000.0,0.17850338334903
0,12,44000.0,0.1
0,12,45000.0,0.11739494456958
0,12,46000.0,0.12721150691866
0,12,47000.0,0.1
0,12,48000.0,0.1653033180141
0,12,49000.0,0.15211954045321
0,12,50000.0,0.10993079900727
0,13,5000.0,0.066478148533184
0,13,6000.0,-0.56532735261795
0,13,7000.0,-0.5445659034088
0,13,8000.0,-0.55128220671632
0,13,9000.0,-0.62417306551415
0,13,10000.0,-0.34109880612278
0,13,11000.0,-0.55898723178094
0,13,12000.0,-0.054891126465579
0,13,13000.0,0.11241761080744
0,13,14000.0,0.2159321286164
0,13,15000.0,-0.057594723064285
0,13,16000.0,0.28030938949969
0,13,17000.0,0.23234253403184
0,13,18000.0,0.23583417516635
0,13,19000.0,0.24299229299495
0,13,20000.0,0.24259167338463
0,13,21000.0,0.27833083490896
0,13,22000.0,0.26631672536804
0,13,23000.0,0.20714776644839
0,13,24000.0,0.2675516815662
0,13,25000.0,0.26570624548363
0,13,26000.0,0.23364360852046
0,13,27000.0,0.25432988854411
0,13,28000.0,0.26722117712565
0,13,29000.0,0.21383193087339
0,13,30000.0,0.22882767701631
0,13,31000.0,0.24700777871089
0,13,32000.0,0.23983675204657
0,13,33000.0,0.2461067768776
0,13,34000.0,0.26291112889502
0,13,35000.0,0.2494548578645
0,13,36000.0,0.075886334891568
0,13,37000.0,0.25154273974568
0,13,38000.0,0.23950296185197
0,13,39000.0,0.2511292436093
0,13,40000.0,0.07604320659069
0,13,41000.0,0.21679100380746
0,13,42000.0,0.23395857716244
0,13,43000.0,0.20349132869695
0,13,44000.0,0.1880462147629
0,13,45000.0,0.15582149478149
0,13,46000.0,-0.097089782635385
0,13,47000.0,0.2012612039789
0,13,48000.0,0.21443257871126
0,13,49000.0,0.19058771818926
0,13,50000.0,0.19416696628104
0,14,5000.0,0.091186391127443
0,14,6000.0,0.080195955907108
0,14,7000.0,0.13281783894023
0,14,8000.0,0.1349844453739
0,14,9000.0,0.10167198930372
0,14,10000.0,0.097402179626863
0,14,11000.0,0.12527169837472
0,14,12000.0,0.12795584588381
0,14,13000.0,0.11975234398826
0,14,14000.0,0.098162419224779
0,14,15000.0,-0.062178484125242
0,14,16000.0,0.12666042908108
0,14,17000.0,0.09880571411019
0,14,18000.0,0.08423991166743
0,14,19000.0,0.1192376443906
0,14,20000.0,-0.062350438154174
0,14,21000.0,0.11727382677142
0,14,22000.0,0.11355689731456
0,14,23000.0,0.084241669898024
0,14,24000.0,0.11805414562584
0,14,25000.0,0.11350332918786
0,14,26000.0,0.083334783660356
0,14,27000.0,-0.069850303462096
0,14,28000.0,0.10700190067827
0,14,29000.0,0.10079767030644
0,14,30000.0,0.10559490209416
0,14,31000.0,0.1025357383499
0,14,32000.0,0.11795136649526
0,14,33000.0,0.09125108862607
0,14,34000.0,0.11714531795655
0,14,35000.0,0.39707290943015
0,14,36000.0,0.38282367391054
0,14,37000.0,0.10833896335441
0,14,38000.0,0.10499861254201
0,14,39000.0,0.098839029644686
0,14,40000.0,0.11264064761305
0,14,41000.0,0.098705065049902
0,14,42000.0,0.10016024459126
0,14,43000.0,0.1088608411262
0,14,44000.0,0.091501124030235
0,14,45000.0,0.085938225142199
0,14,46000.0,0.099782993714523
0,14,47000.0,0.095642199974892
0,14,48000.0,0.097732669624367
0,14,49000.0,0.23562340569989
0,14,50000.0,0.1059017501894
0,15,5000.0,-0.59091796640843
0,15,6000.0,-0.58178047150791
0,15,7000.0,-0.53936432386515
0,15,8000.0,-0.58468058564345
0,15,9000.0,-0.40235012339233
0,15,10000.0,-0.46596582790636
0,15,11000.0,-0.54482393704635
0,15,12000.0,0.12634244726022
0,15,13000.0,0.098792175896834
0,15,14000.0,0.25884913966035
0,15,15000.0,-0.054675400376483
0,15,16000.0,0.2898025152155
0,15,17000.0,0.38602926155697
0,15,18000.0,0.23190363187389
0,15,19000.0,0.24913214406957
0,15,20000.0,0.25541083058641
0,15,21000.0,0.25418898908887
0,15,22000.0,0.26717069475304
0,15,23000.0,0.19849503877963
0,15,24000.0,0.25053077155568
0,15,25000.0,0.25872316613076
0,15,26000.0,0.24265779728927
0,15,27000.0,0.25643452237453
0,15,28000.0,0.25270531192648
0,15,29000.0,0.080830008336933
0,15,30000.0,0.25906578979916
0,15,31000.0,0.25109254138251
0,15,32000.0,0.25993556484675
0,15,33000.0,0.22508427328134
0,15,34000.0,0.2629243037702
0,15,35000.0,0.2493488058935
0,15,36000.0,0.2290077934488
0,15,37000.0,0.23451500249491
0,15,38000.0,0.24274552157064
0,15,39000.0,0.24549332640758
0,15,40000.0,0.25014643271302
0,15,41000.0,-0.09781292563553
0,15,42000.0,0.24159606673765
0,15,43000.0,0.25144912596
0,15,44000.0,0.23779215923473
0,15,45000.0,0.15723031350825
0,15,46000.0,0.2335381562332
0,15,47000.0,0.22379297188013
0,15,48000.0,0.23328381958544
0,15,49000.0,0.23189821787562
0,15,50000.0,0.1965300146638
0,16,5000.0,0.098259084896463
0,16,6000.0,0.40386167447988
0,16,7000.0,0.43523155513186
0,16,8000.0,0.43488322441599
0,16,9000.0,0.39056758662932
0,16,10000.0,0.41104934234458
0,16,11000.0,0.43032137490821
0,16,12000.0,0.42120737110672
0,16,13000.0,0.43011466807386
0,16,14000.0,0.40385380952389
0,16,15000.0,0.43006657869119
0,16,16000.0,0.42756187952701
0,16,17000.0,0.41856362083695
0,16,18000.0,0.39724978881812
0,16,19000.0,0.42987291706417
0,16,20000.0,0.42554614001911
0,16,21000.0,0.43672897268834
0,16,22000.0,0.42419743457027
0,16,23000.0,0.41299190442587
0,16,24000.0,0.15742602916985
0,16,25000.0,0.42417603643629
0,16,26000.0,-0.56002050125385
0,16,27000.0,-0.51512198994459
0,16,28000.0,-0.55970405924891
0,16,29000.0,-0.28314575607969
0,16,30000.0,-0.51073508649602
0,16,31000.0,-0.51177525307014
0,16,32000.0,-0.0091886593361165
0,16,33000.0,0.16686118996663
0,16,34000.0,0.45335802311385
0,16,35000.0,0.451529305433
0,16,36000.0,0.4304281914942
0,16,37000.0,0.44860148456619
0,16,38000.0,0.44871461733635
0,16,39000.0,0.45161942910698
0,16,40000.0,0.44198773699094
0,16,41000.0,0.3298689574721
0,16,42000.0,0.44710005442762
0,16,43000.0,0.43809611340059
0,16,44000.0,0.43533315494201
0,16,45000.0,0.4271475902942
0,16,46000.0,0.44093515082789
0,16,47000.0,0.44119831523535
0,16,48000.0,0.43750083838036
0,16,49000.0,0.425573203411
0,16,50000.0,0.43689908359304
0,17,5000.0,0.067460455461307
0,17,6000.0,0.059544427558175
0,17,7000.0,0.28626915703267
0,17,8000.0,0.12766735132825
0,17,9000.0,0.068485444816153
0,17,10000.0,0.098672910832492
0,17,11000.0,0.086117662375654
0,17,12000.0,0.098967092266343
0,17,13000.0,0.11369572630109
0,17,14000.0,0.35605410555626
0,17,15000.0,0.091420856572003
0,17,16000.0,0.11344515852599
0,17,17000.0,0.053399011621765
0,17,18000.0,0.048884672043207
0,17,19000.0,0.078111348448427
0,17,20000.0,0.071881528132301
0,17,21000.0,0.090186001422627
0,17,22000.0,0.086282196366514
0,17,23000.0,0.056678316500363
0,17,24000.0,0.22026515638978
0,17,25000.0,0.25267910427296
0,17,26000.0,0.20485409461684
0,17,27000.0,0.2261967657998
0,17,28000.0,0.25937628896803
0,17,29000.0,0.19325931008713
0,17,30000.0,0.25395095833697
0,17,31000.0,0.22195296163979
0,17,32000.0,0.23969508459998
0,17,33000.0,0.1088646216947
0,17,34000.0,0.26951179870487
0,17,35000.0,0.24883238614417
0,17,36000.0,0.21231933251444
0,17,37000.0,0.25725745109219
0,17,38000.0,0.22048136673629
0,17,39000.0,0.39053745953121
0,17,40000.0,0.21380602999976
0,17,41000.0,0.24450532000413
0,17,42000.0,0.22396299295302
0,17,43000.0,0.22297693855205
0,17,44000.0,0.1899381599377
0,17,45000.0,0.21756474692969
0,17,46000.0,0.20711088986655
0,17,47000.0,0.20005827127559
0,17,48000.0,0.23283765081877
0,17,49000.0,-0.10933360976796
0,17,50000.0,0.19973000528287
0,18,5000.0,-0.5880900382743
0,18,6000.0,-0.58114063575965
0,18,7000.0,-0.53196008858543
0,18,8000.0,-0.57423254348226
0,18,9000.0,-0.63044924224604
0,18,10000.0,-0.33786950750518
0,18,11000.0,-0.53043560438694
0,18,12000.0,-0.031663708063324
0,18,13000.0,-0.052361113479243
0,18,14000.0,-0.084233441845314
0,18,15000.0,-0.040187379936629
0,18,16000.0,0.30516342576107
0,18,17000.0,0.075980145543811
0,18,18000.0,0.23725764810255
0,18,19000.0,-0.042937433321672
0,18,20000.0,0.30850665328045
0,18,21000.0,0.29308147844549
0,18,22000.0,0.28083279664155
0,18,23000.0,0.29644253674459
0,18,24000.0,0.30104406369288
0,18,25000.0,0.29021750115949
0,18,26000.0,0.31224874755877
0,18,27000.0,0.32544356450581
0,18,28000.0,0.3248837598568
0,18,29000.0,0.27136522004173
0,18,30000.0,0.32563256696794
0,18,31000.0,0.32605801931635
0,18,32000.0,0.33043068135678
0,18,33000.0,0.32564921222504
0,18,34000.0,0.29928670406447
0,18,35000.0,0.33850600591094
0,18,36000.0,0.31164052164293
0,18,37000.0,0.29035956212461
0,18,38000.0,0.33356728295238
0,18,39000.0,0.32400173324434
0,18,40000.0,0.3393083832741
0,18,41000.0,0.3340349905848
0,18,42000.0,0.31695343770804
0,18,43000.0,0.32471210992097
0,18,44000.0,0.33659109119893
0,18,45000.0,0.29183505081812
0,18,46000.0,0.32135489393244
0,18,47000.0,0.31154459619853
0,18,48000.0,0.33691561875294
0,18,49000.0,0.31684649034963
0,18,50000.0,0.13807609551398
0,19,5000.0,-0.57472970195463
0,19,6000.0,-0.33831409555792
0,19,7000.0,-0.54022753810418
0,19,8000.0,-0.56224908922239
0,19,9000.0,-0.34494302000299
0,19,10000.0,-0.19912284948059
0,19,11000.0,-0.44278884153421
0,19,12000.0,0.14578937464242
0,19,13000.0,0.27442152490335
0,19,14000.0,0.25384225510047
0,19,15000.0,0.3155977890996
0,19,16000.0,0.31645075411237
0,19,17000.0,-0.36741987347404
0,19,18000.0,-0.34160012454957
0,19,19000.0,-0.33566298830402
0,19,20000.0,-0.30015644023469
0,19,21000.0,-0.29362787460764
0,19,22000.0,0.25397643566697
0,19,23000.0,0.26484504534318
0,19,24000.0,0.31074935412491
0,19,25000.0,0.27929423570211
0,19,26000.0,0.27812701676981
0,19,27000.0,0.30379534150186
0,19,28000.0,-0.050535083108187
0,19,29000.0,0.11358091900888
0,19,30000.0,0.3058773316537
0,19,31000.0,0.41466528777382
0,19,32000.0,0.12698658901227
0,19,33000.0,0.13777330947964
0,19,34000.0,0.13467226673942
0,19,35000.0,0.13672423966442
0,19,36000.0,0.13218028409507
0,19,37000.0,0.12579783361903
0,19,38000.0,0.1422596486655
0,19,39000.0,0.42747745434019
0,19,40000.0,0.41831164117419
0,19,41000.0,0.39414577563498
0,19,42000.0,0.419951322783
0,19,43000.0,0.12257456335588
0,19,44000.0,0.13429021652592
0,19,45000.0,-0.59738751020417
0,19,46000.0,-0.55721878532975
0,19,47000.0,-0.5817121415515
0,19,48000.0,-0.57820581644086
0,19,49000.0,-0.58638882127508
0,19,50000.0,-0.4526409132203
0,20,5000.0,0.098822684815246
0,20,6000.0,0.084805995454094
0,20,7000.0,0.14469082660907
0,20,8000.0,0.32383919247682
0,20,9000.0,0.10051998899858
0,20,10000.0,0.1098563503557
0,20,11000.0,0.13742640180754
0,20,12000.0,0.12458515667022
0,20,13000.0,0.11452307867306
0,20,14000.0,0.11730585708966
0,20,15000.0,0.11885674212719
0,20,16000.0,0.12816678777506
0,20,17000.0,0.10664498349992
0,20,18000.0,0.087449305121642
0,20,19000.0,0.12189257950861
0,20,20000.0,0.12380877506592
0,20,21000.0,0.11536191328055
0,20,22000.0,0.12657388242472
0,20,23000.0,0.072231935756737
0,20,24000.0,0.1196763022584
0,20,25000.0,0.1172838760114
0,20,26000.0,0.10647356465764
0,20,27000.0,0.11412552145349
0,20,28000.0,0.11732384161611
0,20,29000.0,0.092057087015424
0,20,30000.0,0.11474262457753
0,20,31000.0,0.11086375677231
0,20,32000.0,0.11950222685138
0,20,33000.0,0.40381388770569
0,20,34000.0,0.12610621005268
0,20,35000.0,0.11503159485034
0,20,36000.0,0.10567676823861
0,20,37000.0,0.11739043623937
0,20,38000.0,0.11549974569052
0,20,39000.0,0.11333449226463
0,20,40000.0,0.11118249261492
0,20,41000.0,0.39490202315206
0,20,42000.0,0.095632215161928
0,20,43000.0,0.1174253065727
0,20,44000.0,0.093727451868029
0,20,45000.0,0.070371782572666
0,20,46000.0,0.082813370491047
0,20,47000.0,0.23614125544544
0,20,48000.0,0.094249093151948
0,20,49000.0,0.094058791124314
0,20,50000.0,0.10170997510636
0,21,5000.0,0.062265416012797
0,21,6000.0,0.089319985308314
0,21,7000.0,0.11694736122863
0,21,8000.0,0.11725363136366
0,21,9000.0,0.083513592085649
0,21,10000.0,-0.07580307391364
0,21,11000.0,0.10022000113461
0,21,12000.0,0.12905964150901
0,21,13000.0,0.099558582713574
0,21,14000.0,0.084389163443232
0,21,15000.0,0.11638048609148
0,21,16000.0,0.12345001229334
0,21,17000.0,0.088566582945336
0,21,18000.0,0.068445701207938
0,21,19000.0,0.099588526886801
0,21,20000.0,0.097927228536976
0,21,21000.0,0.10257889836373
0,21,22000.0,0.097825012665219
0,21,23000.0,0.079522522148224
0,21,24000.0,0.11590676991543
0,21,25000.0,0.090891432999637
0,21,26000.0,-0.10484152933688
0,21,27000.0,0.11309552923517
0,21,28000.0,0.10971521290644
0,21,29000.0,0.072802135058116
0,21,30000.0,-0.10224417802311
0,21,31000.0,0.25762840659177
0,21,32000.0,0.083451484322264
0,21,33000.0,0.090391537519973
0,21,34000.0,0.083521054932574
0,21,35000.0,0.088693497541099
0,21,36000.0,0.19071634838418
0,21,37000.0,0.080434581326768
0,21,38000.0,0.074336708554879
0,21,39000.0,0.082953233365615
0,21,40000.0,0.089326132868828
0,21,41000.0,0.052871427582426
0,21,42000.0,0.07396095092836
0,21,43000.0,0.077146685568098
0,21,44000.0,0.081245715419008
0,21,45000.0,0.045815184797018
0,21,46000.0,0.080340353701347
0,21,47000.0,0.062701343415766
0,21,48000.0,0.090957549228385
0,21,49000.0,-0.13478195657648
0,21,50000.0,0.1685390775355
0,22,5000.0,-0.62504178536068
0,22,6000.0,-0.58348063128533
0,22,7000.0,-0.52895374935494
0,22,8000.0,-0.53606687891781
0,22,9000.0,-0.40095496143589
0,22,10000.0,-0.50312281799027
0,22,11000.0,0.11698808297743
0,22,12000.0,0.12640353343255
0,22,13000.0,0.19996942180825
0,22,14000.0,0.088495498434693
0,22,15000.0,-0.039002039599365
0,22,16000.0,0.28768034193751
0,22,17000.0,0.37292973902783
0,22,18000.0,0.096414276240008
0,22,19000.0,-0.052838656093475
0,22,20000.0,0.25600890899453
0,22,21000.0,0.30321355042499
0,22,22000.0,0.27166932084607
0,22,23000.0,0.22733586753248
0,22,24000.0,-0.075744549482561
0,22,25000.0,0.2352083401867
0,22,26000.0,0.23691102006496
0,22,27000.0,0.27068309069739
0,22,28000.0,0.26702012680117
0,22,29000.0,0.21031078228828
0,22,30000.0,0.27256974193391
0,22,31000.0,0.24868921386877
0,22,32000.0,0.26510072983559
0,22,33000.0,0.27865182100539
0,22,34000.0,0.28539309621547
0,22,35000.0,0.23424246466881
0,22,36000.0,0.27027263637813
0,22,37000.0,0.27440271473824
0,22,38000.0,0.21039097820801
0,22,39000.0,0.28210449167237
0,22,40000.0,0.27351674523482
0,22,41000.0,0.2486143641298
0,22,42000.0,0.2393649884794
0,22,43000.0,0.24746201390287
0,22,44000.0,0.079409099252482
0,22,45000.0,0.36891828615929
0,22,46000.0,0.40203086936226
0,22,47000.0,0.37505749319846
0,22,48000.0,0.39601623736682
0,22,49000.0,0.3911346595459
0,22,50000.0,0.38575655739045
0,23,5000.0,0.070362619716201
0,23,6000.0,0.075237606978644
0,23,7000.0,0.10625793049124
0,23,8000.0,0.10323219847439
0,23,9000.0,0.085638517013621
0,23,10000.0,0.08573891249149
0,23,11000.0,0.097882476498585
0,23,12000.0,0.11642508992093
0,23,13000.0,0.093781091070976
0,23,14000.0,0.08187430905067
0,23,15000.0,0.25474084004453
0,23,16000.0,0.11347244147719
0,23,17000.0,0.21581806420617
0,23,18000.0,0.077624805979664
0,23,19000.0,0.10232432921672
0,23,20000.0,0.090581683389078
0,23,21000.0,0.10721530671712
0,23,22000.0,0.23353738499571
0,23,23000.0,0.07770085846997
0,23,24000.0,0.10373183644365
0,23,25000.0,0.093638402843984
0,23,26000.0,0.078293799315299
0,23,27000.0,0.092963600970002
0,23,28000.0,-0.085140388992742
0,23,29000.0,0.06897030463527
0,23,30000.0,0.08356118770088
0,23,31000.0,0.085686666579266
0,23,32000.0,0.075118418394586
0,23,33000.0,0.080281429601662
0,23,34000.0,0.077739227653263
0,23,35000.0,0.067864330707914
0,23,36000.0,0.074011524366144
0,23,37000.0,0.079896585582472
0,23,38000.0,0.062009170433461
0,23,39000.0,0.073408294543364
0,23,40000.0,-0.59176554628656
0,23,41000.0,-0.4525611609558
0,23,42000.0,0.061572705145836
0,23,43000.0,0.19243197118325
0,23,44000.0,0.1980891439392
0,23,45000.0,0.15704264182725
0,23,46000.0,0.19718947168922
0,23,47000.0,0.12600809239543
0,23,48000.0,0.18574008103824
0,23,49000.0,0.19159147791058
0,23,50000.0,0.15735391815821
0,24,5000.0,-0.56839300991058
0,24,6000.0,-0.57939281926049
0,24,7000.0,-0.51722514322397
0,24,8000.0,-0.55466101032559
0,24,9000.0,-0.31605801848397
0,24,10000.0,-0.44826855666868
0,24,11000.0,-0.51350644927665
0,24,12000.0,0.74496478102119
0,24,13000.0,0.29243716846798
0,24,14000.0,-0.053607242193352
0,24,15000.0,0.1586415524702
0,24,16000.0,0.14769483880294
0,24,17000.0,-0.54256456736079
0,24,18000.0,-0.589917311113
0,24,19000.0,-0.29106567043345
0,24,20000.0,-0.29177110834736
0,24,21000.0,0.12336356343297
0,24,22000.0,0.13036027186657
0,24,23000.0,0.26741600915591
0,24,24000.0,0.32755854043431
0,24,25000.0,0.31057875003561
0,24,26000.0,0.29311608890854
0,24,27000.0,0.30601357968588
0,24,28000.0,0.31735572845961
0,24,29000.0,0.29176502781103
0,24,30000.0,0.32397250854221
0,24,31000.0,0.29986086689748
0,24,32000.0,0.32188269690592
0,24,33000.0,0.31795658698666
0,24,34000.0,0.2986010742411
0,24,35000.0,0.31889684836299
0,24,36000.0,0.30930074010237
0,24,37000.0,0.30580097492149
0,24,38000.0,0.30259969249506
0,24,39000.0,0.31962193756622
0,24,40000.0,0.30785618349833
0,24,41000.0,0.75790696875816
0,24,42000.0,0.28888558001784
0,24,43000.0,0.30744592191501
0,24,44000.0,0.3102108942167
0,24,45000.0,0.28775862740466
0,24,46000.0,0.41943697033607
0,24,47000.0,0.2909349660981
0,24,48000.0,0.31717637784433
0,24,49000.0,0.29681015156354
0,24,50000.0,0.70085830515101
1,0,5000.0,0.15554291796791
1,0,6000.0,0.10612599627554
1,0,7000.0,0.16723941368025
1,0,8000.0,0.18798798125192
1,0,9000.0,0.16032075947596
1,0,10000.0,0.33581814170037
1,0,11000.0,0.15888361362672
1,0,12000.0,0.19139562085247
1,0,13000.0,0.18043665875639
1,0,14000.0,0.17830690249889
1,0,15000.0,0.1692311131478
1,0,16000.0,0.17934233455047
1,0,17000.0,0.17559727098279
1,0,18000.0,0.18399306406646
1,0,19000.0,0.17407402198824
1,0,20000.0,0.18070516541329
1,0,21000.0,0.18480390090691
1,0,22000.0,0.18380505001089
1,0,23000.0,0.18026432442424
1,0,24000.0,0.84053771191579
1,0,25000.0,-0.47380241473496
1,0,26000.0,-0.49310389620599
1,0,27000.0,-0.47998782539947
1,0,28000.0,-0.48432358305234
1,0,29000.0,-0.4846395791194
1,0,30000.0,-0.4824231335433
1,0,31000.0,-0.48184563979976
1,0,32000.0,0.16829852269685
1,0,33000.0,0.46556845033766
1,0,34000.0,0.18259573242391
1,0,35000.0,0.18757536926785
1,0,36000.0,0.17785756045744
1,0,37000.0,0.16863427087637
1,0,38000.0,0.18280456484146
1,0,39000.0,0.17810759896931
1,0,40000.0,0.16302851726637
1,0,41000.0,0.17521072441685
1,0,42000.0,0.17280796283602
1,0,43000.0,0.17445012770511
1,0,44000.0,0.36928116400574
1,0,45000.0,0.15883886760338
1,0,46000.0,0.17003844857943
1,0,47000.0,0.16620318510498
1,0,48000.0,0.1573074438316
1,0,49000.0,0.15540908625058
1,0,50000.0,0.16250363209305
1,1,5000.0,0.0
1,1,6000.0,-0.59209245781837
1,1,7000.0,-0.57268595000768
1,1,8000.0,-0.59202619325409
1,1,9000.0,-0.56708734875725
1,1,10000.0,-0.57018308337652
1,1,11000.0,-0.5684666227227
1,1,12000.0,0.2775727342679
1,1,13000.0,0.27840217301109
1,1,14000.0,0.24267868767108
1,1,15000.0,0.23514514278768
1,1,16000.0,0.28119891422376
1,1,17000.0,0.21774549774424
1,1,18000.0,0.24451739233464
1,1,19000.0,0.23646447153618
1,1,20000.0,0.24250490715139
1,1,21000.0,0.2391388668041
1,1,22000.0,0.25724788325639
1,1,23000.0,0.22926191003566
1,1,24000.0,0.2414505453367
1,1,25000.0,0.26638510496733
1,1,26000.0,0.19165317377101
1,1,27000.0,0.24776988963112
1,1,28000.0,0.25081387803146
1,1,29000.0,0.19466451338555
1,1,30000.0,0.24572459306707
1,1,31000.0,0.24866180544579
1,1,32000.0,0.19996526654882
1,1,33000.0,0.25692082529186
1,1,34000.0,0.23359875974881
1,1,35000.0,0.2392121982355
1,1,36000.0,0.20713629846144
1,1,37000.0,0.23125619815834
1,1,38000.0,0.20826990006784
1,1,39000.0,0.24603614877549
1,1,40000.0,0.37308308165373
1,1,41000.0,0.20983074471672
1,1,42000.0,0.24622022919691
1,1,43000.0,0.24581381094137
1,1,44000.0,0.21361324496948
1,1,45000.0,0.20912050810006
1,1,46000.0,0.26050995134077
1,1,47000.0,0.18612319972508
1,1,48000.0,0.21045011085557
1,1,49000.0,0.23755370515685
1,1,50000.0,0.23343787570912
1,2,5000.0,0.26380743182412
1,2,6000.0,0.37504725313104
1,2,7000.0,0.4162559501156
1,2,8000.0,0.31335762542581
1,2,9000.0,0.4042065799499
1,2,10000.0,0.39281338180342
1,2,11000.0,0.39789064115903
1,2,12000.0,0.42634400323313
1,2,13000.0,0.40394410148317
1,2,14000.0,0.41241721559015
1,2,15000.0,0.40628383049531
1,2,16000.0,0.42400433082659
1,2,17000.0,0.12667315466606
1,2,18000.0,0.1352699923416
1,2,19000.0,0.084438101181188
1,2,20000.0,0.13369422628796
1,2,21000.0,0.12899596633228
1,2,22000.0,0.09959670261529
1,2,23000.0,0.11583850464675
1,2,24000.0,0.11384119398527
1,2,25000.0,0.12879799094932
1,2,26000.0,0.10854987975597
1,2,27000.0,0.123566684639
1,2,28000.0,0.11146091026871
1,2,29000.0,0.10774253518861
1,2,30000.0,0.12567478883744
1,2,31000.0,0.11592307683986
1,2,32000.0,0.10189733388709
1,2,33000.0,0.12877633404948
1,2,34000.0,0.088063711623372
1,2,35000.0,-0.062863514136099
1,2,36000.0,0.1111626923789
1,2,37000.0,0.078915016977454
1,2,38000.0,0.11773606508728
1,2,39000.0,0.094951885091148
1,2,40000.0,0.083648859978298
1,2,41000.0,0.081628770903801
1,2,42000.0,0.098780359780825
1,2,43000.0,0.085706590355668
1,2,44000.0,0.10166398522963
1,2,45000.0,0.079417394547651
1,2,46000.0,0.095706350681523
1,2,47000.0,0.07900887696578
1,2,48000.0,0.097333728645223
1,2,49000.0,0.074347336276123
1,2,50000.0,0.10537909577098
1,4,5000.0,0.085862756142582
1,4,6000.0,-0.62582477006674
1,4,7000.0,-0.57366132970115
1,4,8000.0,-0.56133241890129
1,4,9000.0,-0.64981390956241
1,4,10000.0,-0.3889678559121
1,4,11000.0,-0.49507789530475
1,4,12000.0,0.098965457897808
1,4,13000.0,0.093643396624025
1,4,14000.0,0.22045248349696
1,4,15000.0,0.081184398308173
1,4,16000.0,-0.07852077707824
1,4,17000.0,0.21840324011675
1,4,18000.0,0.077379104366129
1,4,19000.0,0.37748107900644
1,4,20000.0,0.24034649048077
1,4,21000.0,0.21463050130839
1,4,22000.0,0.074125245861718
1,4,23000.0,0.22764215236693
1,4,24000.0,0.20663341034085
1,4,25000.0,0.22665253516731
1,4,26000.0,0.19459179585329
1,4,27000.0,0.22293356600441
1,4,28000.0,0.24199755287594
1,4,29000.0,0.19621410409333
1,4,30000.0,0.1940846600253
1,4,31000.0,0.21349352987357
1,4,32000.0,0.18716010948688
1,4,33000.0,0.2253242004323
1,4,34000.0,0.19701776856576
1,4,35000.0,0.23181647863683
1,4,36000.0,0.1879764602151
1,4,37000.0,0.1924841683323
1,4,38000.0,0.2247429574737
1,4,39000.0,0.2070985239452
1,4,40000.0,-0.6546451545678
1,4,41000.0,-0.42368759309631
1,4,42000.0,0.60299709065187
1,4,43000.0,0.61607171747477
1,4,44000.0,-0.41093984326132
1,4,45000.0,-0.43552906872809
1,4,46000.0,-0.59119768278036
1,4,47000.0,-0.64842906973057
1,4,48000.0,-0.42277577070769
1,4,49000.0,-0.58371975408435
1,4,50000.0,-0.38705270950665
1,5,5000.0,0.091824096566062
1,5,6000.0,0.03505709943151
1,5,7000.0,0.092607809629856
1,5,8000.0,0.11801652755779
1,5,9000.0,0.077157004971585
1,5,10000.0,0.059452345055753
1,5,11000.0,0.086933047114388
1,5,12000.0,0.77402220102473
1,5,13000.0,0.21900044160092
1,5,14000.0,0.087659413419436
1,5,15000.0,0.079408550889537
1,5,16000.0,0.070534067003774
1,5,17000.0,0.078675439647544
1,5,18000.0,0.092758902769456
1,5,19000.0,0.36922613302223
1,5,20000.0,0.094677177552757
1,5,21000.0,0.092102716889801
1,5,22000.0,0.055781019838845
1,5,23000.0,0.08675370797652
1,5,24000.0,0.077490244106477
1,5,25000.0,0.089115478044115
1,5,26000.0,0.039193668968578
1,5,27000.0,0.085105571172135
1,5,28000.0,0.081737795952714
1,5,29000.0,0.1828703675646
1,5,30000.0,0.074631428974315
1,5,31000.0,0.05654639303574
1,5,32000.0,0.066314097653762
1,5,33000.0,0.080598747208776
1,5,34000.0,0.034102206953457
1,5,35000.0,0.079472603936525
1,5,36000.0,0.063649424917419
1,5,37000.0,0.036149359089345
1,5,38000.0,0.074036859517092
1,5,39000.0,0.066148216868999
1,5,40000.0,0.033210565901678
1,5,41000.0,0.040187853312323
1,5,42000.0,0.065382588750034
1,5,43000.0,-0.14730010922857
1,5,44000.0,0.062284460678604
1,5,45000.0,0.036468579305042
1,5,46000.0,0.14235847072234
1,5,47000.0,0.03925872039172
1,5,48000.0,0.04141276686078
1,5,49000.0,0.0
1,5,50000.0,0.056191385697406
1,6,5000.0,0.10034149792538
1,6,6000.0,-0.59434991690472
1,6,7000.0,-0.5980003063687
1,6,8000.0,-0.53185737645278
1,6,9000.0,-0.62569104919877
1,6,10000.0,-0.54492894074113
1,6,11000.0,-0.35249180689001
1,6,12000.0,-0.033470283992794
1,6,13000.0,-0.043608109956821
1,6,14000.0,0.13027999494809
1,6,15000.0,0.40573136121487
1,6,16000.0,-0.035090847819029
1,6,17000.0,0.12151514969825
1,6,18000.0,-0.037819087825801
1,6,19000.0,0.40807962662342
1,6,20000.0,0.27015923760936
1,6,21000.0,0.41154159478229
1,6,22000.0,-0.056486067531624
1,6,23000.0,0.39399521922669
1,6,24000.0,0.40778380554289
1,6,25000.0,0.42041743724105
1,6,26000.0,0.38637965033975
1,6,27000.0,0.41108691235764
1,6,28000.0,0.40340318244953
1,6,29000.0,0.37572986753884
1,6,30000.0,0.40494348028674
1,6,31000.0,0.40948066110055
1,6,32000.0,0.21143724636142
1,6,33000.0,0.41465085391718
1,6,34000.0,0.40731647076826
1,6,35000.0,0.39923248510271
1,6,36000.0,0.38529337079111
1,6,37000.0,0.39312478214839
1,6,38000.0,0.39478502718235
1,6,39000.0,0.4056834618506
1,6,40000.0,0.375308244515
1,6,41000.0,0.39466416102555
1,6,42000.0,0.40377229248996
1,6,43000.0,0.40628190559137
1,6,44000.0,0.37716463967751
1,6,45000.0,0.38627183872886
1,6,46000.0,0.41097175740678
1,6,47000.0,0.36177999314367
1,6,48000.0,0.37729342595202
1,6,49000.0,0.38040856519247
1,6,50000.0,0.094216459295941
1,7,5000.0,0.011471091411499
1,7,6000.0,0.07668637746144
1,7,7000.0,0.13188831103736
1,7,8000.0,0.14502118724436
1,7,9000.0,0.098745102195703
1,7,10000.0,0.10595403512297
1,7,11000.0,0.11880863424575
1,7,12000.0,0.12922576887778
1,7,13000.0,0.1293718757058
1,7,14000.0,0.11731452525528
1,7,15000.0,0.09260781928822
1,7,16000.0,0.14010577746289
1,7,17000.0,0.11349728647244
1,7,18000.0,0.40041856895865
1,7,19000.0,0.11299614581049
1,7,20000.0,0.12389259219283
1,7,21000.0,0.095594366463432
1,7,22000.0,0.12748553575796
1,7,23000.0,0.11692321696852
1,7,24000.0,0.10147425891478
1,7,25000.0,0.12176615887544
1,7,26000.0,0.10742215541849
1,7,27000.0,0.11420948479423
1,7,28000.0,0.11752952073092
1,7,29000.0,0.087594356279268
1,7,30000.0,0.1116472865077
1,7,31000.0,0.10954056134323
1,7,32000.0,0.08255216535013
1,7,33000.0,0.11389416052563
1,7,34000.0,0.1044185762611
1,7,35000.0,0.11175303295568
1,7,36000.0,-0.096385384955147
1,7,37000.0,0.11830440155389
1,7,38000.0,0.1056979846692
1,7,39000.0,0.10678330343443
1,7,40000.0,0.092718354391325
1,7,41000.0,0.09464809785332
1,7,42000.0,0.39634155622762
1,7,43000.0,0.39762159151527
1,7,44000.0,0.3888957284847
1,7,45000.0,0.38353959169841
1,7,46000.0,0.41278801633872
1,7,47000.0,0.37960099530562
1,7,48000.0,0.38202401922928
1,7,49000.0,0.40064974769607
1,7,50000.0,0.39119759987722
1,8,5000.0,0.084637594128916
1,8,6000.0,0.076244747149593
1,8,7000.0,0.13225647345676
1,8,8000.0,-0.031479989321889
1,8,9000.0,0.099204684675266
1,8,10000.0,0.1096697150104
1,8,11000.0,-0.55850156201172
1,8,12000.0,0.13285888433887
1,8,13000.0,0.12459064494615
1,8,14000.0,0.12831183908283
1,8,15000.0,0.079940244765901
1,8,16000.0,0.1246635110641
1,8,17000.0,0.4034475920006
1,8,18000.0,0.10705595491381
1,8,19000.0,0.094361216497336
1,8,20000.0,0.40436090199153
1,8,21000.0,0.40227154355273
1,8,22000.0,0.39624500129132
1,8,23000.0,0.40667994037171
1,8,24000.0,0.39500556026791
1,8,25000.0,0.41958208584491
1,8,26000.0,0.39334339653678
1,8,27000.0,0.10073233673125
1,8,28000.0,0.40295722060872
1,8,29000.0,0.08968783733338
1,8,30000.0,0.39069354998729
1,8,31000.0,0.38245889317102
1,8,32000.0,0.22830106545182
1,8,33000.0,0.40768112051932
1,8,34000.0,0.39197321438212
1,8,35000.0,0.37802689971901
1,8,36000.0,0.37832072978416
1,8,37000.0,0.39000759908266
1,8,38000.0,0.37886688699471
1,8,39000.0,0.38938973553487
1,8,40000.0,0.38229275389336
1,8,41000.0,0.365061382933
1,8,42000.0,0.39755185248351
1,8,43000.0,0.085434075965266
1,8,44000.0,0.37338243471854
1,8,45000.0,0.38577277871498
1,8,46000.0,0.10205705775135
1,8,47000.0,0.33056321439115
1,8,48000.0,0.38327540497906
1,8,49000.0,0.38801992270437
1,8,50000.0,0.34920520667101
1,9,5000.0,0.39777245368022
1,9,6000.0,0.10795225643906
1,9,7000.0,0.4212343583609
1,9,8000.0,0.44978379546016
1,9,9000.0,0.41972707311905
1,9,10000.0,0.40160253861222
1,9,11000.0,0.42278192123403
1,9,12000.0,-0.53073065718054
1,9,13000.0,-0.5540111301478
1,9,14000.0,-0.59004196407129
1,9,15000.0,-0.59063434027685
1,9,16000.0,-0.55441583690226
1,9,17000.0,-0.58177719452657
1,9,18000.0,-0.57771386591108
1,9,19000.0,-0.58142191534669
1,9,20000.0,-0.57101758779737
1,9,21000.0,-0.58232669226694
1,9,22000.0,0.43260685615697
1,9,23000.0,0.40465659189305
1,9,24000.0,0.41026558704323
1,9,25000.0,0.43872155117162
1,9,26000.0,0.41132706236597
1,9,27000.0,0.41110001675809
1,9,28000.0,0.4060382374964
1,9,29000.0,0.40641800164416
1,9,30000.0,0.42804834048597
1,9,31000.0,0.42150580403581
1,9,32000.0,0.40907923841781
1,9,33000.0,0.43209329123301
1,9,34000.0,0.41592927346108
1,9,35000.0,0.43073410555715
1,9,36000.0,0.41058083669698
1,9,37000.0,-0.035836590448669
1,9,38000.0,0.41737047303674
1,9,39000.0,0.42783266683542
1,9,40000.0,0.40115329621236
1,9,41000.0,0.42251839795438
1,9,42000.0,0.42533633420285
1,9,43000.0,0.41613902740537
1,9,44000.0,0.41248532644853
1,9,45000.0,0.42044229968794
1,9,46000.0,0.43470548505068
1,9,47000.0,0.39244253785894
1,9,48000.0,0.41857758230235
1,9,49000.0,0.42067451648441
1,9,50000.0,0.41848316538782
1,10,5000.0,0.39250193676206
1,10,6000.0,-0.58529710516431
1,10,7000.0,-0.5426578408546
1,10,8000.0,-0.5690947560745
1,10,9000.0,-0.57783537021123
1,10,10000.0,-0.59951593933018
1,10,11000.0,-0.34470095912263
1,10,12000.0,0.74434380118105
1,10,13000.0,-0.05953066826969
1,10,14000.0,-0.067707018197981
1,10,15000.0,-0.076679233588865
1,10,16000.0,-0.055899680444899
1,10,17000.0,-0.072804479595218
1,10,18000.0,-0.060276485771625
1,10,19000.0,0.39996881877845
1,10,20000.0,-0.064033007217188
1,10,21000.0,0.10185490488626
1,10,22000.0,0.28860375036705
1,10,23000.0,0.25904101616505
1,10,24000.0,0.2296016829775
1,10,25000.0,0.2804135115366
1,10,26000.0,0.39432038620323
1,10,27000.0,0.25279337479244
1,10,28000.0,0.2556874082801
1,10,29000.0,-0.39305899726834
1,10,30000.0,-0.34690937592236
1,10,31000.0,-0.32652812579216
1,10,32000.0,0.16214468441184
1,10,33000.0,0.27099239529835
1,10,34000.0,0.26471449432995
1,10,35000.0,0.27995769815393
1,10,36000.0,0.19000773407866
1,10,37000.0,0.25757069357598
1,10,38000.0,0.25490874520914
1,10,39000.0,0.23275503755939
1,10,40000.0,0.20541724970033
1,10,41000.0,0.26611866953403
1,10,42000.0,-0.079405437533227
1,10,43000.0,0.25674614507335
1,10,44000.0,0.096373220314524
1,10,45000.0,0.23963276669902
1,10,46000.0,0.29479450721896
1,10,47000.0,-0.085484731034861
1,10,48000.0,0.22131399126125
1,10,49000.0,0.28272541661908
1,10,50000.0,0.25249462722943
1,11,5000.0,0.091565174530026
1,11,6000.0,0.095569971189391
1,11,7000.0,0.12736690676424
1,11,8000.0,0.13701303605781
1,11,9000.0,0.11854756808498
1,11,10000.0,0.097305424792026
1,11,11000.0,0.1082963764316
1,11,12000.0,0.12241929335536
1,11,13000.0,0.13299503615366
1,11,14000.0,0.10803136170441
1,11,15000.0,0.099078992699256
1,11,16000.0,0.13631529951004
1,11,17000.0,0.11086485868257
1,11,18000.0,0.12313544715998
1,11,19000.0,0.098423009208969
1,11,20000.0,0.12529172583406
1,11,21000.0,0.12374018396925
1,11,22000.0,0.11576245210732
1,11,23000.0,0.10922396812842
1,11,24000.0,0.106551966311
1,11,25000.0,-0.04510251442337
1,11,26000.0,0.10016902927893
1,11,27000.0,0.11967519893826
1,11,28000.0,0.24692308988043
1,11,29000.0,0.082844147408695
1,11,30000.0,0.10520012360557
1,11,31000.0,0.095769373207579
1,11,32000.0,0.080344169090022
1,11,33000.0,0.10940352637099
1,11,34000.0,0.39599387041953
1,11,35000.0,0.10059365941111
1,11,36000.0,0.064441081121167
1,11,37000.0,0.10157460373393
1,11,38000.0,0.099067951876774
1,11,39000.0,0.093298087075358
1,11,40000.0,0.042553137367733
1,11,41000.0,0.088333929429804
1,11,42000.0,0.090514488552749
1,11,43000.0,0.087909046936294
1,11,44000.0,0.074510001372877
1,11,45000.0,0.35088213517405
1,11,46000.0,0.10348701827847
1,11,47000.0,0.010981622454302
1,11,48000.0,0.02356597679336
1,11,49000.0,0.059904505687426
1,11,50000.0,0.049639398211168
1,12,5000.0,0.12173607536638
1,12,6000.0,0.082304586146957
1,12,7000.0,0.1250095304255
1,12,8000.0,0.13737283601064
1,12,9000.0,0.29001207108971
1,12,10000.0,0.11263690068567
1,12,11000.0,0.11101565975317
1,12,12000.0,0.13734470603673
1,12,13000.0,0.12049342585467
1,12,14000.0,0.10968656482965
1,12,15000.0,0.12036820558999
1,12,16000.0,0.13464534056387
1,12,17000.0,0.11022957759937
1,12,18000.0,0.12144128877004
1,12,19000.0,0.12423765822643
1,12,20000.0,0.12612353941603
1,12,21000.0,0.12823653585709
1,12,22000.0,0.11613292694476
1,12,23000.0,0.11506402175156
1,12,24000.0,0.12690429619596
1,12,25000.0,0.13527794889614
1,12,26000.0,0.065609495556213
1,12,27000.0,0.41556168094923
1,12,28000.0,0.12824305564044
1,12,29000.0,0.08555938959078
1,12,30000.0,0.11585556419326
1,12,31000.0,0.12758149285385
1,12,32000.0,0.093421852339761
1,12,33000.0,0.13019771508735
1,12,34000.0,0.10012155472391
1,12,35000.0,0.12709006076368
1,12,36000.0,0.12132308489219
1,12,37000.0,0.082837362164639
1,12,38000.0,0.12678421608193
1,12,39000.0,0.12515339770239
1,12,40000.0,0.082021073546568
1,12,41000.0,0.093474942698686
1,12,42000.0,0.12136358719296
1,12,43000.0,0.12138374131591
1,12,44000.0,0.10259343261998
1,12,45000.0,0.084149812554612
1,12,46000.0,0.12776724025103
1,12,47000.0,0.072851700458066
1,12,48000.0,0.11457816235016
1,12,49000.0,0.087853604919758
1,12,50000.0,0.11432788268534
1,13,5000.0,0.11759609596883
1,13,6000.0,0.093176183367026
1,13,7000.0,-0.062822567162896
1,13,8000.0,0.15717747633697
1,13,9000.0,0.12778637056426
1,13,10000.0,0.12467709183452
1,13,11000.0,0.10443394646108
1,13,12000.0,0.14697983188415
1,13,13000.0,0.15054007688483
1,13,14000.0,0.12100979391845
1,13,15000.0,0.11734531584686
1,13,16000.0,0.30757600128729
1,13,17000.0,0.12125644378016
1,13,18000.0,0.12788114072129
1,13,19000.0,0.11851181384604
1,13,20000.0,0.10714367485835
1,13,21000.0,0.13296492242621
1,13,22000.0,0.12337919828621
1,13,23000.0,0.089885692896861
1,13,24000.0,0.11509395741021
1,13,25000.0,0.13165162045768
1,13,26000.0,0.091727764335824
1,13,27000.0,0.10748093324608
1,13,28000.0,0.12765687512019
1,13,29000.0,0.092572536422941
1,13,30000.0,0.10556164760685
1,13,31000.0,0.10419745376389
1,13,32000.0,0.076014759518777
1,13,33000.0,0.13242382112452
1,13,34000.0,0.1119275718259
1,13,35000.0,0.10636530570036
1,13,36000.0,-0.077703926929945
1,13,37000.0,0.098751348592117
1,13,38000.0,0.1058957525952
1,13,39000.0,0.10572661482819
1,13,40000.0,0.36814952504414
1,13,41000.0,0.11043686655864
1,13,42000.0,0.089555176988635
1,13,43000.0,0.10429464212028
1,13,44000.0,0.11441133420396
1,13,45000.0,0.082613718948497
1,13,46000.0,-0.066468692397202
1,13,47000.0,0.076565364738665
1,13,48000.0,0.074007060505785
1,13,49000.0,0.066831295181838
1,13,50000.0,0.089350603328645
1,14,5000.0,0.051896713648616
1,14,6000.0,0.05695462403589
1,14,7000.0,0.086764199936786
1,14,8000.0,0.094659983624674
1,14,9000.0,0.060826758843003
1,14,10000.0,0.077726903926153
1,14,11000.0,0.075704744225272
1,14,12000.0,-0.59516091046482
1,14,13000.0,-0.5859829445683
1,14,14000.0,-0.62696797396805
1,14,15000.0,-0.61106859233325
1,14,16000.0,-0.61667970378171
1,14,17000.0,-0.59509749350885
1,14,18000.0,-0.40704167343215
1,14,19000.0,-0.54463026218387
1,14,20000.0,-0.59019062652947
1,14,21000.0,-0.63721031828033
1,14,22000.0,0.066407149961381
1,14,23000.0,0.16998834754071
1,14,24000.0,-0.13062341297279
1,14,25000.0,0.080585652429351
1,14,26000.0,0.17695540234296
1,14,27000.0,0.34189547489812
1,14,28000.0,0.1981853660592
1,14,29000.0,0.039300498445703
1,14,30000.0,0.14902477632927
1,14,31000.0,0.18641379613042
1,14,32000.0,0.13866001478265
1,14,33000.0,0.18148561061702
1,14,34000.0,0.16542184999722
1,14,35000.0,0.17748788740788
1,14,36000.0,0.13557689185401
1,14,37000.0,0.15465015118766
1,14,38000.0,0.13409030240946
1,14,39000.0,0.14791951117751
1,14,40000.0,0.12920426087963
1,14,41000.0,0.13317505609454
1,14,42000.0,0.12827139015044
1,14,43000.0,0.14180849117765
1,14,44000.0,0.1
1,14,45000.0,0.1
1,14,46000.0,0.16184225100135
1,14,47000.0,0.12031979168459
1,14,48000.0,0.1
1,14,49000.0,0.14257043245699
1,14,50000.0,0.16666472648346
1,15,5000.0,0.070622112330988
1,15,6000.0,0.08772543462018
1,15,7000.0,0.12072160984789
1,15,8000.0,0.1321721733125
1,15,9000.0,0.10070936870149
1,15,10000.0,0.088624806529154
1,15,11000.0,0.086679472568099
1,15,12000.0,-0.56042296845052
1,15,13000.0,-0.54415224183682
1,15,14000.0,-0.55435596111206
1,15,15000.0,-0.62901788598544
1,15,16000.0,-0.53744977527357
1,15,17000.0,-0.62713904808113
1,15,18000.0,-0.35217372181988
1,15,19000.0,-0.50880675709848
1,15,20000.0,-0.56173090849685
1,15,21000.0,-0.57224930775034
1,15,22000.0,0.077735602602937
1,15,23000.0,0.24215470034462
1,15,24000.0,-0.098288688615323
1,15,25000.0,0.23494952288427
1,15,26000.0,0.19986491862479
1,15,27000.0,0.23776304288403
1,15,28000.0,0.25255356693918
1,15,29000.0,0.19844980194147
1,15,30000.0,0.23283603319886
1,15,31000.0,0.22490374105731
1,15,32000.0,0.21068196450912
1,15,33000.0,0.24200812653786
1,15,34000.0,0.22380752569575
1,15,35000.0,0.25280580100631
1,15,36000.0,0.21087689241485
1,15,37000.0,0.22250639177208
1,15,38000.0,0.23826380217472
1,15,39000.0,0.2166496849954
1,15,40000.0,0.21129223504014
1,15,41000.0,0.2188974386734
1,15,42000.0,0.20831315660962
1,15,43000.0,0.23736598871133
1,15,44000.0,0.232900251661
1,15,45000.0,0.20257504522105
1,15,46000.0,0.23015881446907
1,15,47000.0,0.20827194675881
1,15,48000.0,0.17593766348244
1,15,49000.0,0.19925838128313
1,15,50000.0,0.23810460439799
1,16,5000.0,0.088836738923592
1,16,6000.0,-0.6095795872139
1,16,7000.0,-0.61330868121381
1,16,8000.0,-0.55726759555165
1,16,9000.0,-0.59980775055403
1,16,10000.0,-0.41188332667102
1,16,11000.0,-0.50982427353769
1,16,12000.0,0.085235207331941
1,16,13000.0,0.38891459197438
1,16,14000.0,0.095857942246354
1,16,15000.0,0.20315563963275
1,16,16000.0,0.08283911597552
1,16,17000.0,-0.09869636538344
1,16,18000.0,0.082630073615183
1,16,19000.0,0.22322769668233
1,16,20000.0,0.21415346852685
1,16,21000.0,0.2232770758174
1,16,22000.0,0.23124254923854
1,16,23000.0,0.20273062235923
1,16,24000.0,0.21303187049058
1,16,25000.0,0.24156901922657
1,16,26000.0,0.19852744647148
1,16,27000.0,0.18817156534268
1,16,28000.0,0.23036288653649
1,16,29000.0,0.20369797225912
1,16,30000.0,0.19736883187497
1,16,31000.0,0.19475873929071
1,16,32000.0,0.2043923565688
1,16,33000.0,0.21384968088773
1,16,34000.0,-0.11683772993238
1,16,35000.0,0.20203524586669
1,16,36000.0,0.19704119028732
1,16,37000.0,0.19933366494726
1,16,38000.0,0.19269911888176
1,16,39000.0,0.18161089364277
1,16,40000.0,0.16745669000606
1,16,41000.0,0.1859078881
1,16,42000.0,0.13686899392523
1,16,43000.0,0.18964607872859
1,16,44000.0,0.18501236109476
1,16,45000.0,0.13113000810092
1,16,46000.0,0.16390125959002
1,16,47000.0,0.15559017504795
1,16,48000.0,0.12354651729251
1,16,49000.0,0.15235624045205
1,16,50000.0,0.15686470411829
1,17,5000.0,0.10303119283512
1,17,6000.0,0.085133231020223
1,17,7000.0,0.11962055527569
1,17,8000.0,0.1342200366192
1,17,9000.0,0.10149794602568
1,17,10000.0,0.11358036909849
1,17,11000.0,0.097094416998312
1,17,12000.0,0.11909199083386
1,17,13000.0,0.11379313884696
1,17,14000.0,0.10897842450138
1,17,15000.0,0.090411040537534
1,17,16000.0,0.13013155225066
1,17,17000.0,0.092063129486813
1,17,18000.0,0.11352809222652
1,17,19000.0,0.097099914937905
1,17,20000.0,0.080143727249031
1,17,21000.0,0.097649027395901
1,17,22000.0,0.10148713522231
1,17,23000.0,0.08767120919026
1,17,24000.0,0.071160502558393
1,17,25000.0,0.10514784884911
1,17,26000.0,0.057679825019396
1,17,27000.0,0.09651982456468
1,17,28000.0,0.10613311870711
1,17,29000.0,0.052543973844825
1,17,30000.0,0.099334981354786
1,17,31000.0,0.099988321479101
1,17,32000.0,0.056318833379777
1,17,33000.0,0.10411643244635
1,17,34000.0,0.36973283547597
1,17,35000.0,0.079586068332316
1,17,36000.0,0.066301509539847
1,17,37000.0,0.08702858004866
1,17,38000.0,0.086151712236179
1,17,39000.0,0.0848067813758
1,17,40000.0,0.058184747839415
1,17,41000.0,0.057270946544368
1,17,42000.0,0.093181994816311
1,17,43000.0,0.093718732624744
1,17,44000.0,-0.11709461691307
1,17,45000.0,0.35299973063015
1,17,46000.0,0.10274250898388
1,17,47000.0,0.33408094919751
1,17,48000.0,0.37166510121099
1,17,49000.0,0.073309293671532
1,17,50000.0,0.35509045029252
1,18,5000.0,0.095032531097648
1,18,6000.0,0.22576082340729
1,18,7000.0,0.12755521968729
1,18,8000.0,0.1298361645511
1,18,9000.0,0.088072317525806
1,18,10000.0,0.11459707480448
1,18,11000.0,0.097058524266416
1,18,12000.0,0.11129036636411
1,18,13000.0,0.11942644738923
1,18,14000.0,0.26985352093186
1,18,15000.0,0.090794634595889
1,18,16000.0,0.12938066075239
1,18,17000.0,0.096066752574886
1,18,18000.0,0.11851275803795
1,18,19000.0,0.39465265272425
1,18,20000.0,0.099210096664699
1,18,21000.0,0.10929376369778
1,18,22000.0,0.11919683438018
1,18,23000.0,0.10579048945668
1,18,24000.0,0.10737844776438
1,18,25000.0,-0.080024111493986
1,18,26000.0,0.095744663320856
1,18,27000.0,0.096626686461522
1,18,28000.0,0.094343564041225
1,18,29000.0,-0.60826926430864
1,18,30000.0,-0.5655151890862
1,18,31000.0,-0.5888621359897
1,18,32000.0,0.082210416867186
1,18,33000.0,0.10525863741903
1,18,34000.0,0.098476851681181
1,18,35000.0,0.40030388314069
1,18,36000.0,0.093915780747537
1,18,37000.0,0.38806439948814
1,18,38000.0,0.7854807518078
1,18,39000.0,0.38509485047862
1,18,40000.0,0.35386363968233
1,18,41000.0,0.38124006466589
1,18,42000.0,0.39351509720729
1,18,43000.0,0.39860730299553
1,18,44000.0,0.36281964929471
1,18,45000.0,0.36827814047095
1,18,46000.0,0.38971225416241
1,18,47000.0,0.35333871999014
1,18,48000.0,0.37399960522507
1,18,49000.0,0.38955895520669
1,18,50000.0,0.37274002384385
1,19,5000.0,0.085724513931483
1,19,6000.0,0.064245265852268
1,19,7000.0,0.1182829041826
1,19,8000.0,0.13075815289154
1,19,9000.0,0.095381144749155
1,19,10000.0,0.10777790247279
1,19,11000.0,0.095397205083665
1,19,12000.0,0.11558671999351
1,19,13000.0,0.13274394644193
1,19,14000.0,0.10305673477708
1,19,15000.0,0.089439063986175
1,19,16000.0,0.13635441316958
1,19,17000.0,0.096322697316496
1,19,18000.0,0.10713373580364
1,19,19000.0,0.11040429308337
1,19,20000.0,0.11247717985772
1,19,21000.0,0.1056274612736
1,19,22000.0,0.10583103982736
1,19,23000.0,0.10188952397768
1,19,24000.0,0.099745464214678
1,19,25000.0,0.13017732400567
1,19,26000.0,0.079159681866299
1,19,27000.0,0.088607374287161
1,19,28000.0,0.26393628604349
1,19,29000.0,0.080331555889116
1,19,30000.0,0.097214756603293
1,19,31000.0,0.11223007217665
1,19,32000.0,0.067068738777544
1,19,33000.0,0.10254425762242
1,19,34000.0,0.11074285770146
1,19,35000.0,0.098108512166248
1,19,36000.0,0.077174175442871
1,19,37000.0,0.10559994403637
1,19,38000.0,0.095467326837998
1,19,39000.0,0.09134364055119
1,19,40000.0,0.075115502305454
1,19,41000.0,0.082790101399961
1,19,42000.0,0.090436289123275
1,19,43000.0,0.1077941575222
1,19,44000.0,0.077916637325873
1,19,45000.0,-0.10779105511216
1,19,46000.0,0.11841816564407
1,19,47000.0,0.067887002821029
1,19,48000.0,0.097596258536271
1,19,49000.0,0.099174509308204
1,19,50000.0,0.09291838396977
1,20,5000.0,0.10408366545744
1,20,6000.0,-0.60962804585391
1,20,7000.0,-0.54492110242688
1,20,8000.0,-0.52516618133363
1,20,9000.0,-0.32552248883106
1,20,10000.0,-0.59660166390028
1,20,11000.0,-0.47872529543406
1,20,12000.0,0.12645060499872
1,20,13000.0,0.12673858716888
1,20,14000.0,0.28980801693254
1,20,15000.0,0.10103963534159
1,20,16000.0,0.28257890190023
1,20,17000.0,0.10388706099798
1,20,18000.0,0.28427936698579
1,20,19000.0,0.28420390482877
1,20,20000.0,0.25012538873772
1,20,21000.0,0.27511738074761
1,20,22000.0,0.25650466093997
1,20,23000.0,0.25497807472313
1,20,24000.0,0.24136363239533
1,20,25000.0,0.28102190648561
1,20,26000.0,0.25971226895887
1,20,27000.0,0.25865742048222
1,20,28000.0,0.25249662981902
1,20,29000.0,-0.096342508285311
1,20,30000.0,0.25007487456153
1,20,31000.0,0.26886656929434
1,20,32000.0,0.21226972673617
1,20,33000.0,0.24450087476792
1,20,34000.0,0.26072295633281
1,20,35000.0,0.265450820635
1,20,36000.0,0.20904840680139
1,20,37000.0,0.23915349152336
1,20,38000.0,0.26318469411151
1,20,39000.0,0.22842523367872
1,20,40000.0,0.20711291562247
1,20,41000.0,0.24139687016227
1,20,42000.0,0.23740019905189
1,20,43000.0,0.25341569021228
1,20,44000.0,0.19688239500658
1,20,45000.0,0.21467217743815
1,20,46000.0,0.26970270707807
1,20,47000.0,0.19216273835795
1,20,48000.0,0.1667162911828
1,20,49000.0,0.058373633196177
1,20,50000.0,0.38450096870154
1,21,5000.0,0.11422080869264
1,21,6000.0,0.09860810687111
1,21,7000.0,0.089290955789431
1,21,8000.0,0.13670203314499
1,21,9000.0,0.23259477354692
1,21,10000.0,0.10064887140968
1,21,11000.0,0.1026623936863
1,21,12000.0,0.10713456665673
1,21,13000.0,0.12743884706293
1,21,14000.0,0.10885601737092
1,21,15000.0,0.081569980648903
1,21,16000.0,0.12453866793343
1,21,17000.0,0.10486451739951
1,21,18000.0,0.10196346209376
1,21,19000.0,0.0918175468103
1,21,20000.0,0.11963298403574
1,21,21000.0,0.11296911557975
1,21,22000.0,0.11423559483809
1,21,23000.0,-0.094038697841525
1,21,24000.0,0.096205081875809
1,21,25000.0,0.11956848644237
1,21,26000.0,0.058848518342189
1,21,27000.0,0.094618425946943
1,21,28000.0,0.10843290910642
1,21,29000.0,0.082315515843353
1,21,30000.0,0.082021083751764
1,21,31000.0,0.091852204953189
1,21,32000.0,0.094915903953571
1,21,33000.0,0.095342717396245
1,21,34000.0,0.074091072963249
1,21,35000.0,0.095333590382968
1,21,36000.0,0.083135230197572
1,21,37000.0,0.082456043742406
1,21,38000.0,0.084232563298477
1,21,39000.0,0.07316624385129
1,21,40000.0,0.062072962254817
1,21,41000.0,0.074868133493383
1,21,42000.0,0.075256518968779
1,21,43000.0,0.068323369930513
1,21,44000.0,0.073547907235397
1,21,45000.0,0.16743863497972
1,21,46000.0,0.085364332905731
1,21,47000.0,0.053731448818912
1,21,48000.0,0.037042472274094
1,21,49000.0,0.056187623741054
1,21,50000.0,0.057290465233912
1,22,5000.0,0.10474745359863
1,22,6000.0,0.093288210114664
1,22,7000.0,0.10501617401859
1,22,8000.0,0.12344666449044
1,22,9000.0,-0.065872603960429
1,22,10000.0,0.099698015129764
1,22,11000.0,0.38297069909981
1,22,12000.0,0.41121224823007
1,22,13000.0,0.40932416714993
1,22,14000.0,0.40411464099747
1,22,15000.0,0.4033080106492
1,22,16000.0,0.40632426327323
1,22,17000.0,0.40586037319668
1,22,18000.0,0.41019072552224
1,22,19000.0,0.39414351165771
1,22,20000.0,0.11783532843372
1,22,21000.0,0.12223424966124
1,22,22000.0,0.39903466474447
1,22,23000.0,0.12173781917778
1,22,24000.0,0.11838277356689
1,22,25000.0,0.12679239431179
1,22,26000.0,0.095761307297163
1,22,27000.0,0.12093488997594
1,22,28000.0,0.12051114248866
1,22,29000.0,0.097782268275312
1,22,30000.0,0.12241816781708
1,22,31000.0,0.12203981013195
1,22,32000.0,0.10111423644593
1,22,33000.0,0.12563586570811
1,22,34000.0,0.11874310182427
1,22,35000.0,0.41141379027934
1,22,36000.0,0.1183280515239
1,22,37000.0,0.10365263319636
1,22,38000.0,0.12053742966969
1,22,39000.0,0.12002204542743
1,22,40000.0,0.099009796200895
1,22,41000.0,0.11300014480755
1,22,42000.0,0.11891840117794
1,22,43000.0,0.11873845145569
1,22,44000.0,0.11376087723119
1,22,45000.0,0.097480579787139
1,22,46000.0,0.11476898895711
1,22,47000.0,0.09021521100807
1,22,48000.0,0.10597785204171
1,22,49000.0,0.38049056685442
1,22,50000.0,0.39536599433838
1,23,5000.0,-0.56548093195225
1,23,6000.0,-0.55028232785792
1,23,7000.0,-0.5799969126598
1,23,8000.0,-0.24653037999832
1,23,9000.0,-0.53536341665547
1,23,10000.0,-0.43407381163136
1,23,11000.0,-0.52283396435638
1,23,12000.0,0.31762329351337
1,23,13000.0,0.33390854077563
1,23,14000.0,0.33422941720104
1,23,15000.0,0.26583957198119
1,23,16000.0,0.34898456607716
1,23,17000.0,0.32469866191498
1,23,18000.0,0.3223672056
1,23,19000.0,0.29309387380342
1,23,20000.0,0.33109792299432
1,23,21000.0,0.31665236268383
1,23,22000.0,0.33193400960002
1,23,23000.0,0.30445362188477
1,23,24000.0,0.31281379376893
1,23,25000.0,0.33901366496414
1,23,26000.0,0.13451522930676
1,23,27000.0,0.31721027827222
1,23,28000.0,0.32997304760126
1,23,29000.0,0.30759893138439
1,23,30000.0,0.31142945004475
1,23,31000.0,0.31293269026602
1,23,32000.0,0.30089275818056
1,23,33000.0,0.31792454131936
1,23,34000.0,0.32523647255824
1,23,35000.0,0.31516257246775
1,23,36000.0,0.29468349112778
1,23,37000.0,0.32550360030295
1,23,38000.0,0.31830151773501
1,23,39000.0,0.31318371189608
1,23,40000.0,0.2896197493532
1,23,41000.0,0.31895490801832
1,23,42000.0,0.31338494278583
1,23,43000.0,0.31219175531513
1,23,44000.0,0.30818156314635
1,23,45000.0,0.30114891308739
1,23,46000.0,0.33557118588002
1,23,47000.0,0.29782276896704
1,23,48000.0,0.28773551429505
1,23,49000.0,0.30862566728276
1,23,50000.0,0.3072127040485
1,24,5000.0,0.1091125465912
1,24,6000.0,0.082672040090655
1,24,7000.0,0.12548061629471
1,24,8000.0,0.13705615733779
1,24,9000.0,0.10519746766831
1,24,10000.0,0.091337336545653
1,24,11000.0,0.10699063632839
1,24,12000.0,0.12756462645879
1,24,13000.0,0.11125166479383
1,24,14000.0,0.10037582078342
1,24,15000.0,0.10479833837384
1,24,16000.0,0.12928994333635
1,24,17000.0,0.089250059700292
1,24,18000.0,0.11531613341406
1,24,19000.0,0.10680989203717
1,24,20000.0,0.10122486883346
1,24,21000.0,0.10411016355781
1,24,22000.0,0.10378118705483
1,24,23000.0,0.094833538254116
1,24,24000.0,0.08416277614087
1,24,25000.0,0.11454884691483
1,24,26000.0,0.029058017186074
1,24,27000.0,0.10896259010013
1,24,28000.0,0.1021783893658
1,24,29000.0,0.052476772359525
1,24,30000.0,0.083361251915078
1,24,31000.0,0.10204054776771
1,24,32000.0,0.066785126916215
1,24,33000.0,0.11277315503498
1,24,34000.0,0.083922051380428
1,24,35000.0,0.096830147920345
1,24,36000.0,0.084432347776157
1,24,37000.0,0.080836942459283
1,24,38000.0,0.0773472464152
1,24,39000.0,0.094349658918808
1,24,40000.0,0.08080957797035
1,24,41000.0,0.070281072639009
1,24,42000.0,0.087415991556004
1,24,43000.0,0.093587438090628
1,24,44000.0,0.077573791260305
1,24,45000.0,0.072442661068473
1,24,46000.0,0.10052821945872
1,24,47000.0,0.048313047222073
1,24,48000.0,0.078071704228486
1,24,49000.0,0.063163674802579
1,24,50000.0,0.066344979460582
2,0,5000.0,0.12004266100102
2,0,6000.0,0.066964255209564
2,0,7000.0,0.13176076063437
2,0,8000.0,-0.53408066461263
2,0,9000.0,-0.5272788090721
2,0,10000.0,-0.58986406907658
2,0,11000.0,-0.2942123701641
2,0,12000.0,0.14224160656138
2,0,13000.0,0.77391821618871
2,0,14000.0,0.39145391625139
2,0,15000.0,-0.0356226584983
2,0,16000.0,0.40995936753534
2,0,17000.0,0.41355225142578
2,0,18000.0,0.38137562820621
2,0,19000.0,0.41509637799596
2,0,20000.0,0.400397349605
2,0,21000.0,0.39647125252797
2,0,22000.0,0.40016857613865
2,0,23000.0,0.4094838247108
2,0,24000.0,0.40071084191397
2,0,25000.0,0.40184704205627
2,0,26000.0,0.38106392838811
2,0,27000.0,0.40121700159896
2,0,28000.0,0.41376790828132
2,0,29000.0,0.36871744993565
2,0,30000.0,0.39443439299386
2,0,31000.0,0.40758056849023
2,0,32000.0,0.38729938653123
2,0,33000.0,0.40002289156267
2,0,34000.0,0.38803373664615
2,0,35000.0,0.37862821445308
2,0,36000.0,0.40743719903371
2,0,37000.0,0.40145581626991
2,0,38000.0,0.3803323678567
2,0,39000.0,-0.053898842451177
2,0,40000.0,0.39901829118882
2,0,41000.0,0.3943659875822
2,0,42000.0,0.39084348547558
2,0,43000.0,0.4017546960898
2,0,44000.0,0.39760844399124
2,0,45000.0,0.40232854518241
2,0,46000.0,0.39408413187052
2,0,47000.0,0.3975302660864
2,0,48000.0,0.38993753615783
2,0,49000.0,0.39390439004516
2,0,50000.0,0.38421771362338
2,1,5000.0,-0.11112671956561
2,1,6000.0,0.062807065416965
2,1,7000.0,0.071690062897843
2,1,8000.0,0.1001271273166
2,1,9000.0,0.099289705077259
2,1,10000.0,0.068116076433089
2,1,11000.0,0.37501815937543
2,1,12000.0,0.10172041178843
2,1,13000.0,0.081107938210503
2,1,14000.0,0.0825774523372
2,1,15000.0,0.087334851314713
2,1,16000.0,0.070435146574891
2,1,17000.0,0.08853931415658
2,1,18000.0,-0.10108366368376
2,1,19000.0,0.091638640477919
2,1,20000.0,0.061167679863928
2,1,21000.0,0.07836567990749
2,1,22000.0,0.081510427026049
2,1,23000.0,0.083702824630424
2,1,24000.0,0.071806752483236
2,1,25000.0,0.075967561409405
2,1,26000.0,0.075587381580869
2,1,27000.0,0.071909647195459
2,1,28000.0,0.080349789500754
2,1,29000.0,0.064039925966294
2,1,30000.0,0.063639130905696
2,1,31000.0,0.060616141331696
2,1,32000.0,0.073377835713191
2,1,33000.0,0.053828987116918
2,1,34000.0,0.04959569873926
2,1,35000.0,0.062701594159158
2,1,36000.0,0.3616199823866
2,1,37000.0,0.34933345101984
2,1,38000.0,-0.14644941719213
2,1,39000.0,0.36808793383963
2,1,40000.0,0.75604679505642
2,1,41000.0,-0.66185398146408
2,1,42000.0,0.33616872560462
2,1,43000.0,0.33865567468185
2,1,44000.0,0.37568619626202
2,1,45000.0,0.33873842066451
2,1,46000.0,0.34432958329111
2,1,47000.0,0.076359548693199
2,1,48000.0,0.19892845099328
2,1,49000.0,0.34077638961048
2,1,50000.0,0.16570694504281
2,2,5000.0,0.13032121777686
2,2,6000.0,0.063024255849203
2,2,7000.0,0.107015591107
2,2,8000.0,0.12902414176388
2,2,9000.0,0.42094578218321
2,2,10000.0,0.065251435084449
2,2,11000.0,0.12580512363006
2,2,12000.0,0.301246588868
2,2,13000.0,0.095322851669807
2,2,14000.0,0.10080005602609
2,2,15000.0,0.12089036481301
2,2,16000.0,0.10037165319249
2,2,17000.0,0.12260451479189
2,2,18000.0,0.078450950853234
2,2,19000.0,0.10922350214428
2,2,20000.0,0.10322511872938
2,2,21000.0,0.10648073242729
2,2,22000.0,0.091781056638193
2,2,23000.0,0.12316689074863
2,2,24000.0,0.11596578055
2,2,25000.0,0.081542098319465
2,2,26000.0,0.10592549998252
2,2,27000.0,0.11068900856528
2,2,28000.0,0.10349499107451
2,2,29000.0,0.075331203967684
2,2,30000.0,0.088582255108957
2,2,31000.0,0.089186478347555
2,2,32000.0,0.095436268580968
2,2,33000.0,0.08383563898748
2,2,34000.0,-0.12385212193188
2,2,35000.0,0.079845944071799
2,2,36000.0,0.099806063226212
2,2,37000.0,0.072241487732169
2,2,38000.0,0.068329505208849
2,2,39000.0,0.088656830820191
2,2,40000.0,0.091431354169897
2,2,41000.0,0.086014551742423
2,2,42000.0,-0.11078632403955
2,2,43000.0,-0.11688106781245
2,2,44000.0,0.11558728437867
2,2,45000.0,0.37603272170549
2,2,46000.0,0.081310417454451
2,2,47000.0,0.26218030406586
2,2,48000.0,0.26286991016039
2,2,49000.0,0.19938248716689
2,2,50000.0,0.24561116863904
2,4,5000.0,0.37900492099005
2,4,6000.0,0.33427541315515
2,4,7000.0,0.37484431036769
2,4,8000.0,0.39816046223868
2,4,9000.0,0.39590676268614
2,4,10000.0,0.34920250967522
2,4,11000.0,0.38189697393278
2,4,12000.0,0.4061850092261
2,4,13000.0,0.36222804564786
2,4,14000.0,0.37618599531884
2,4,15000.0,0.39474988478278
2,4,16000.0,0.37202310257876
2,4,17000.0,0.38052410646201
2,4,18000.0,0.37996419115464
2,4,19000.0,0.39261417199387
2,4,20000.0,0.3628354933961
2,4,21000.0,0.086008443002138
2,4,22000.0,0.38449724974819
2,4,23000.0,0.38873640575012
2,4,24000.0,0.38168418934045
2,4,25000.0,0.36628762563496
2,4,26000.0,0.38032920260926
2,4,27000.0,0.39298801308809
2,4,28000.0,0.38355165550251
2,4,29000.0,0.35796123615907
2,4,30000.0,0.38168396440444
2,4,31000.0,0.39068200151634
2,4,32000.0,0.77344770703612
2,4,33000.0,0.35519303108482
2,4,34000.0,0.38049960938289
2,4,35000.0,0.37372543725326
2,4,36000.0,0.39596568512836
2,4,37000.0,0.36619894211374
2,4,38000.0,0.36730349326564
2,4,39000.0,0.39422321654204
2,4,40000.0,0.38311722141334
2,4,41000.0,-0.11318323727921
2,4,42000.0,0.37336668871896
2,4,43000.0,0.36604961470943
2,4,44000.0,0.39835040445069
2,4,45000.0,0.3401073347664
2,4,46000.0,0.37997515964472
2,4,47000.0,0.39653574767462
2,4,48000.0,0.38909512402979
2,4,49000.0,-0.62137229888484
2,4,50000.0,-0.60650919928184
2,5,5000.0,0.14761772735677
2,5,6000.0,0.048563575774962
2,5,7000.0,0.12235904164401
2,5,8000.0,0.15114796669184
2,5,9000.0,0.14720797756045
2,5,10000.0,0.060197276275224
2,5,11000.0,0.14636272628025
2,5,12000.0,0.13701533392714
2,5,13000.0,0.10920268027081
2,5,14000.0,0.12014291794761
2,5,15000.0,0.13450966603397
2,5,16000.0,0.12522211320336
2,5,17000.0,0.13056677140195
2,5,18000.0,0.1003103917462
2,5,19000.0,0.14083938618119
2,5,20000.0,0.11773909340375
2,5,21000.0,0.11723543681529
2,5,22000.0,0.40781519462263
2,5,23000.0,0.13895507564311
2,5,24000.0,-0.052074136620633
2,5,25000.0,0.10452347846579
2,5,26000.0,0.1237856118583
2,5,27000.0,0.12098432029375
2,5,28000.0,0.13113508998971
2,5,29000.0,0.10459903275639
2,5,30000.0,0.099235546419227
2,5,31000.0,0.13084033471347
2,5,32000.0,0.12458061580688
2,5,33000.0,0.11825292613872
2,5,34000.0,0.082074485707194
2,5,35000.0,0.1161190176953
2,5,36000.0,0.11998207746709
2,5,37000.0,0.11841800646958
2,5,38000.0,0.10352564135249
2,5,39000.0,0.12457296011755
2,5,40000.0,0.12729414340177
2,5,41000.0,0.12235771115777
2,5,42000.0,0.11822659772224
2,5,43000.0,0.11585212473665
2,5,44000.0,0.13022061865934
2,5,45000.0,0.11717652424249
2,5,46000.0,0.12405360916322
2,5,47000.0,0.40800596434467
2,5,48000.0,0.1168694959013
2,5,49000.0,0.12010938171475
2,5,50000.0,0.1180657779115
2,6,5000.0,0.10638945911372
2,6,6000.0,0.060217774250204
2,6,7000.0,0.10140556283918
2,6,8000.0,0.12875454496802
2,6,9000.0,0.12814967093315
2,6,10000.0,0.085717369082244
2,6,11000.0,0.12443130144175
2,6,12000.0,0.13542537878774
2,6,13000.0,0.098956659350328
2,6,14000.0,0.099691432430639
2,6,15000.0,0.11959494093982
2,6,16000.0,0.10159496388176
2,6,17000.0,0.10656675832839
2,6,18000.0,0.091411038565256
2,6,19000.0,0.1150231710368
2,6,20000.0,0.096593611101695
2,6,21000.0,0.094279557538011
2,6,22000.0,0.11689548475162
2,6,23000.0,0.11397968722537
2,6,24000.0,0.11689392411455
2,6,25000.0,-0.077294614465139
2,6,26000.0,0.1003303587515
2,6,27000.0,0.11550789660191
2,6,28000.0,0.12010902715532
2,6,29000.0,0.088696442352135
2,6,30000.0,0.095800522011967
2,6,31000.0,0.1106706543809
2,6,32000.0,0.09996428606804
2,6,33000.0,0.091648514166804
2,6,34000.0,0.10188430910563
2,6,35000.0,0.096985088550056
2,6,36000.0,0.11618363337348
2,6,37000.0,0.099370457240626
2,6,38000.0,0.094589710347071
2,6,39000.0,0.12042185583157
2,6,40000.0,0.10923306500027
2,6,41000.0,0.093551099403386
2,6,42000.0,0.10058169081968
2,6,43000.0,0.085931591953936
2,6,44000.0,0.12917532610854
2,6,45000.0,0.10166831328268
2,6,46000.0,0.079209593868729
2,6,47000.0,0.10071238339799
2,6,48000.0,0.108035672652
2,6,49000.0,0.088339391303035
2,6,50000.0,0.074073833471314
2,7,5000.0,-0.57857520581612
2,7,6000.0,-0.61505013476358
2,7,7000.0,-0.57668798895011
2,7,8000.0,-0.62033129395752
2,7,9000.0,-0.36974863186373
2,7,10000.0,-0.53216516656674
2,7,11000.0,-0.58220252314996
2,7,12000.0,0.24206324725833
2,7,13000.0,0.051194482913956
2,7,14000.0,-0.13026518698628
2,7,15000.0,0.23162339980342
2,7,16000.0,0.21433803437931
2,7,17000.0,0.36971757091968
2,7,18000.0,0.17127274895279
2,7,19000.0,0.22555166767339
2,7,20000.0,0.19696328002075
2,7,21000.0,0.20261253543936
2,7,22000.0,0.18471148777911
2,7,23000.0,0.19527471310828
2,7,24000.0,0.2116558306621
2,7,25000.0,0.17300220287411
2,7,26000.0,0.14829532485368
2,7,27000.0,0.19789439659607
2,7,28000.0,-0.12168963863311
2,7,29000.0,0.14052928164665
2,7,30000.0,0.15283337645424
2,7,31000.0,0.18583877816577
2,7,32000.0,0.17003697299587
2,7,33000.0,0.17331923668358
2,7,34000.0,0.12169660086815
2,7,35000.0,0.13209856695933
2,7,36000.0,0.15830293328165
2,7,37000.0,0.14705587585839
2,7,38000.0,0.10751073014961
2,7,39000.0,0.13366263215861
2,7,40000.0,0.14978300150696
2,7,41000.0,0.13252085262397
2,7,42000.0,0.12523935603337
2,7,43000.0,0.12552553641289
2,7,44000.0,0.17192932646619
2,7,45000.0,0.1272614704852
2,7,46000.0,0.13877744995577
2,7,47000.0,0.13597574276058
2,7,48000.0,0.10673206931925
2,7,49000.0,0.12373135974749
2,7,50000.0,0.12208059241439
2,8,5000.0,0.10007077043826
2,8,6000.0,0.040044733809166
2,8,7000.0,0.3925831216412
2,8,8000.0,0.10892751104328
2,8,9000.0,0.099369089203066
2,8,10000.0,-0.14047485869631
2,8,11000.0,0.09539025149593
2,8,12000.0,0.10985631025205
2,8,13000.0,0.059288716967668
2,8,14000.0,0.073001590915348
2,8,15000.0,0.091904972657177
2,8,16000.0,0.082040230855789
2,8,17000.0,0.083235897063471
2,8,18000.0,0.047146797469832
2,8,19000.0,0.086695733152265
2,8,20000.0,0.066154490979404
2,8,21000.0,0.075737732069022
2,8,22000.0,0.055453838393501
2,8,23000.0,0.078907413167406
2,8,24000.0,-0.10678855884776
2,8,25000.0,0.052953451906279
2,8,26000.0,0.044355650666279
2,8,27000.0,0.073897213418652
2,8,28000.0,0.076635726296231
2,8,29000.0,0.027011921528063
2,8,30000.0,0.04056368793336
2,8,31000.0,0.06481466075563
2,8,32000.0,0.040528375018329
2,8,33000.0,0.057943937888008
2,8,34000.0,0.02263378930146
2,8,35000.0,0.034218248175563
2,8,36000.0,0.066953205712848
2,8,37000.0,0.33943518946095
2,8,38000.0,0.3
2,8,39000.0,0.36437356499454
2,8,40000.0,0.3519296512464
2,8,41000.0,0.33111204975627
2,8,42000.0,0.32469824140925
2,8,43000.0,0.029805544158187
2,8,44000.0,-0.11778008112016
2,8,45000.0,0.34434703173038
2,8,46000.0,0.34392915437215
2,8,47000.0,0.33875488019015
2,8,48000.0,-0.13777782855934
2,8,49000.0,0.3357410872401
2,8,50000.0,0.013805849270425
2,9,5000.0,0.41734378254676
2,9,6000.0,0.20024511576043
2,9,7000.0,0.11534931151059
2,9,8000.0,0.10932326500734
2,9,9000.0,0.13283421436401
2,9,10000.0,0.064271595763502
2,9,11000.0,0.12604740025973
2,9,12000.0,0.12137649918399
2,9,13000.0,0.07972546278568
2,9,14000.0,0.1002829602533
2,9,15000.0,0.12220932448457
2,9,16000.0,0.094352159621054
2,9,17000.0,0.11058574354474
2,9,18000.0,0.085689673394555
2,9,19000.0,0.11838450382584
2,9,20000.0,0.095768453218904
2,9,21000.0,0.096966182011789
2,9,22000.0,0.11337953097358
2,9,23000.0,0.097040068272718
2,9,24000.0,0.10925518370785
2,9,25000.0,0.084654776102216
2,9,26000.0,0.07851452332386
2,9,27000.0,0.10250873095121
2,9,28000.0,0.10598148587386
2,9,29000.0,0.07112009867491
2,9,30000.0,0.07058909036007
2,9,31000.0,0.098844302720369
2,9,32000.0,0.076338185756125
2,9,33000.0,0.089567668689496
2,9,34000.0,0.068534622859609
2,9,35000.0,0.074241928808726
2,9,36000.0,0.090824512428868
2,9,37000.0,0.060577813080095
2,9,38000.0,0.046065070453003
2,9,39000.0,0.077125702815925
2,9,40000.0,0.36773935735039
2,9,41000.0,0.036866313421258
2,9,42000.0,0.073105642271503
2,9,43000.0,0.063335605654446
2,9,44000.0,0.072836335402497
2,9,45000.0,0.073387703220448
2,9,46000.0,0.041886511483618
2,9,47000.0,0.05876872725926
2,9,48000.0,0.066949435559258
2,9,49000.0,0.043915034695154
2,9,50000.0,0.043000021473828
2,10,5000.0,0.10775996824343
2,10,6000.0,0.048599588158949
2,10,7000.0,0.38635891825432
2,10,8000.0,0.12321936896933
2,10,9000.0,0.11459809539658
2,10,10000.0,0.035481110189242
2,10,11000.0,0.096077213229132
2,10,12000.0,0.1238299811158
2,10,13000.0,0.22453623736218
2,10,14000.0,0.088854704031491
2,10,15000.0,0.11012484386316
2,10,16000.0,0.096560289668984
2,10,17000.0,0.098148410421713
2,10,18000.0,0.075829080461709
2,10,19000.0,0.10240796533431
2,10,20000.0,0.079211609718962
2,10,21000.0,0.073083486928286
2,10,22000.0,0.096095806711368
2,10,23000.0,-0.078841429776152
2,10,24000.0,0.085400530936037
2,10,25000.0,0.070216532239206
2,10,26000.0,0.079378118714859
2,10,27000.0,0.095487287588852
2,10,28000.0,0.080320532796742
2,10,29000.0,0.063100438843749
2,10,30000.0,0.074784670599034
2,10,31000.0,0.064155884932882
2,10,32000.0,0.073532260119575
2,10,33000.0,0.067356355336216
2,10,34000.0,0.055306415255482
2,10,35000.0,0.047502041352155
2,10,36000.0,-0.10351426242344
2,10,37000.0,0.051506877827334
2,10,38000.0,0.020593678973137
2,10,39000.0,0.080080828234911
2,10,40000.0,0.066680987310887
2,10,41000.0,0.044952628101894
2,10,42000.0,0.052535387428712
2,10,43000.0,0.059921947111513
2,10,44000.0,0.092682501328204
2,10,45000.0,0.054941763309706
2,10,46000.0,0.055982356344144
2,10,47000.0,0.2011905668677
2,10,48000.0,0.083008754964996
2,10,49000.0,0.046020305370497
2,10,50000.0,0.045506671893036
2,11,5000.0,0.40510861183257
2,11,6000.0,0.3589871179813
2,11,7000.0,0.4073811245137
2,11,8000.0,0.43123227099343
2,11,9000.0,0.43113692060389
2,11,10000.0,0.36420945024375
2,11,11000.0,0.41754041213755
2,11,12000.0,0.43120905031868
2,11,13000.0,0.10853332130589
2,11,14000.0,0.39096873333162
2,11,15000.0,0.41417918090175
2,11,16000.0,0.38056273248546
2,11,17000.0,0.41558245563374
2,11,18000.0,0.39713062557993
2,11,19000.0,0.39360228961775
2,11,20000.0,0.39154963691088
2,11,21000.0,0.40253509755958
2,11,22000.0,0.40501648928187
2,11,23000.0,0.41197087840061
2,11,24000.0,0.41450908457509
2,11,25000.0,0.38819114474322
2,11,26000.0,0.4065338284321
2,11,27000.0,0.40513743017225
2,11,28000.0,0.40674707224213
2,11,29000.0,0.38747775060096
2,11,30000.0,0.39332194076354
2,11,31000.0,0.10168412944117
2,11,32000.0,0.096530056835475
2,11,33000.0,0.106316932428
2,11,34000.0,0.089460914778383
2,11,35000.0,0.095895459797853
2,11,36000.0,0.39635431488457
2,11,37000.0,-0.61913522532528
2,11,38000.0,-0.56123112395153
2,11,39000.0,-0.58705258102386
2,11,40000.0,-0.59589179761442
2,11,41000.0,-0.61294365345066
2,11,42000.0,0.40245238710437
2,11,43000.0,0.25197090282351
2,11,44000.0,0.29061299471022
2,11,45000.0,0.40745877971083
2,11,46000.0,0.26774025879392
2,11,47000.0,0.29119726415152
2,11,48000.0,0.28834192786209
2,11,49000.0,0.23029176589726
2,11,50000.0,0.27815955559852
2,12,5000.0,0.09648222713608
2,12,6000.0,0.089439479633336
2,12,7000.0,0.077074597191212
2,12,8000.0,0.12574015420875
2,12,9000.0,0.11103704281998
2,12,10000.0,0.075781673935975
2,12,11000.0,0.10787862500242
2,12,12000.0,0.11732944920386
2,12,13000.0,0.095086884701429
2,12,14000.0,0.095466236479674
2,12,15000.0,0.39415264555711
2,12,16000.0,0.091137316904267
2,12,17000.0,0.11397743520137
2,12,18000.0,0.091494935199114
2,12,19000.0,0.24146029698433
2,12,20000.0,0.091855032989975
2,12,21000.0,0.075814047899936
2,12,22000.0,0.085750404792519
2,12,23000.0,0.10541213262469
2,12,24000.0,0.3914140151652
2,12,25000.0,0.079777562993637
2,12,26000.0,0.07892436478987
2,12,27000.0,0.09332641376033
2,12,28000.0,0.1030998195127
2,12,29000.0,0.36638548768507
2,12,30000.0,0.35900174834658
2,12,31000.0,0.37104397259326
2,12,32000.0,0.37748376550479
2,12,33000.0,0.34405457862416
2,12,34000.0,0.36655716815465
2,12,35000.0,0.35736954536703
2,12,36000.0,0.37306748658768
2,12,37000.0,0.35624818445598
2,12,38000.0,0.35389542947387
2,12,39000.0,0.059779100359988
2,12,40000.0,0.082764560765973
2,12,41000.0,0.36271388159494
2,12,42000.0,0.33343545084758
2,12,43000.0,0.34031292948603
2,12,44000.0,0.38764573645329
2,12,45000.0,0.34445406316089
2,12,46000.0,0.35356828641465
2,12,47000.0,0.36260920546793
2,12,48000.0,0.36424507267383
2,12,49000.0,0.36447713043537
2,12,50000.0,0.35283221938212
2,13,5000.0,0.10574519785045
2,13,6000.0,0.061508007089181
2,13,7000.0,0.072233484066863
2,13,8000.0,0.11033574145085
2,13,9000.0,0.12466368297797
2,13,10000.0,0.053568925583327
2,13,11000.0,0.088187540925269
2,13,12000.0,0.27043393489701
2,13,13000.0,0.059646689706451
2,13,14000.0,0.082947992079815
2,13,15000.0,0.10086782835237
2,13,16000.0,0.044209878953501
2,13,17000.0,0.10693336287493
2,13,18000.0,0.081014215444497
2,13,19000.0,0.087066434557884
2,13,20000.0,0.048973016737312
2,13,21000.0,0.083594598845553
2,13,22000.0,0.074138293649125
2,13,23000.0,0.3901677343862
2,13,24000.0,0.084214711530239
2,13,25000.0,-0.13641422713305
2,13,26000.0,0.081643965044105
2,13,27000.0,0.07907482901109
2,13,28000.0,0.082619083805351
2,13,29000.0,0.35792004001099
2,13,30000.0,0.35045604353775
2,13,31000.0,0.35219961235537
2,13,32000.0,0.3582291513898
2,13,33000.0,0.36295336915724
2,13,34000.0,0.34016378135114
2,13,35000.0,0.33214145519527
2,13,36000.0,0.35753481269171
2,13,37000.0,0.34371789419226
2,13,38000.0,0.02256600190723
2,13,39000.0,0.069605050687411
2,13,40000.0,0.057181770201582
2,13,41000.0,0.035307595900347
2,13,42000.0,0.054718506016651
2,13,43000.0,0.040418315659501
2,13,44000.0,0.094766018137088
2,13,45000.0,0.063269049674222
2,13,46000.0,0.040275606686549
2,13,47000.0,0.074477344113958
2,13,48000.0,0.086152092119302
2,13,49000.0,0.039012910768006
2,13,50000.0,0.055423469838242
2,14,5000.0,0.11807554257974
2,14,6000.0,0.046376672053822
2,14,7000.0,0.092312522943484
2,14,8000.0,0.12514116080342
2,14,9000.0,0.12363357004948
2,14,10000.0,0.0
2,14,11000.0,-0.069843469602824
2,14,12000.0,0.12696644775851
2,14,13000.0,0.03754614686448
2,14,14000.0,0.0983200697644
2,14,15000.0,0.38889516773925
2,14,16000.0,0.094924305517467
2,14,17000.0,0.11010567095908
2,14,18000.0,0.059003371935302
2,14,19000.0,0.10366519814693
2,14,20000.0,0.10393358187707
2,14,21000.0,0.076114144587974
2,14,22000.0,0.084073607324132
2,14,23000.0,0.10963557495235
2,14,24000.0,0.087996574654213
2,14,25000.0,0.081803376517018
2,14,26000.0,0.085160890988766
2,14,27000.0,0.092677398157127
2,14,28000.0,0.10472668834685
2,14,29000.0,0.073975864042567
2,14,30000.0,0.064081805521782
2,14,31000.0,0.09367435224234
2,14,32000.0,0.10562740577524
2,14,33000.0,0.09169928006027
2,14,34000.0,0.37975236699079
2,14,35000.0,0.093536920018219
2,14,36000.0,-0.56704061533956
2,14,37000.0,-0.59872057026809
2,14,38000.0,-0.59595328958601
2,14,39000.0,-0.56764870418034
2,14,40000.0,-0.60188368746284
2,14,41000.0,-0.64991666338872
2,14,42000.0,0.10534956370531
2,14,43000.0,0.37324395614613
2,14,44000.0,0.39695741479358
2,14,45000.0,0.39995065359701
2,14,46000.0,0.24972113601695
2,14,47000.0,0.3890910335253
2,14,48000.0,0.40009768578891
2,14,49000.0,0.37817225571144
2,14,50000.0,0.39281876895764
2,15,5000.0,0.096846698350705
2,15,6000.0,0.16860925517883
2,15,7000.0,0.084410651632699
2,15,8000.0,0.099385668909839
2,15,9000.0,0.097707678763529
2,15,10000.0,0.0366469392342
2,15,11000.0,0.37756711177037
2,15,12000.0,0.096765008771094
2,15,13000.0,0.055735970726943
2,15,14000.0,0.080642938305983
2,15,15000.0,0.087247594783151
2,15,16000.0,0.074169202034902
2,15,17000.0,0.085374891465618
2,15,18000.0,0.047397413112841
2,15,19000.0,0.079008072815037
2,15,20000.0,0.060789448533334
2,15,21000.0,0.059996734336781
2,15,22000.0,0.04582139088241
2,15,23000.0,0.086165040711867
2,15,24000.0,0.066202572708713
2,15,25000.0,0.047572243715107
2,15,26000.0,0.058272116208949
2,15,27000.0,0.04658447163538
2,15,28000.0,0.058852947261268
2,15,29000.0,0.047378374007355
2,15,30000.0,0.041346285969911
2,15,31000.0,0.35218706023833
2,15,32000.0,0.34615281504191
2,15,33000.0,0.33026476889198
2,15,34000.0,0.32899920204517
2,15,35000.0,0.30856523135303
2,15,36000.0,0.34030344558788
2,15,37000.0,0.30800528400018
2,15,38000.0,0.3
2,15,39000.0,0.32026527773018
2,15,40000.0,0.30902521183959
2,15,41000.0,0.30591361209044
2,15,42000.0,0.3
2,15,43000.0,0.31987475960117
2,15,44000.0,0.33844839643801
2,15,45000.0,0.30459571232688
2,15,46000.0,0.30390365092708
2,15,47000.0,0.32731576697663
2,15,48000.0,0.31109062783694
2,15,49000.0,0.31065867057055
2,15,50000.0,0.3262073015317
2,16,5000.0,-0.54451303729614
2,16,6000.0,-0.59295781393089
2,16,7000.0,-0.32478335743713
2,16,8000.0,-0.53877363956652
2,16,9000.0,-0.57761763986505
2,16,10000.0,-0.55454680127883
2,16,11000.0,-0.30232608673474
2,16,12000.0,0.13056142563838
2,16,13000.0,0.062645739562025
2,16,14000.0,0.10071447333638
2,16,15000.0,-0.057622618539177
2,16,16000.0,0.36819993412106
2,16,17000.0,0.11223595192694
2,16,18000.0,0.5794058993338
2,16,19000.0,0.10696442006382
2,16,20000.0,0.37068914994973
2,16,21000.0,0.37598411348519
2,16,22000.0,0.36469477388551
2,16,23000.0,-0.063748003385849
2,16,24000.0,0.38508356452327
2,16,25000.0,0.32990000129666
2,16,26000.0,0.37860453918377
2,16,27000.0,0.38425046654213
2,16,28000.0,0.38712972868972
2,16,29000.0,0.067292978805985
2,16,30000.0,0.34216974417105
2,16,31000.0,0.37710525954191
2,16,32000.0,0.37257717668252
2,16,33000.0,0.34510319079349
2,16,34000.0,0.35302454816339
2,16,35000.0,0.36482225098268
2,16,36000.0,0.3859387948231
2,16,37000.0,0.041531248673416
2,16,38000.0,0.3594315671288
2,16,39000.0,0.38700627352559
2,16,40000.0,0.36174318532588
2,16,41000.0,0.36723122281228
2,16,42000.0,0.050106658235419
2,16,43000.0,0.34245896029424
2,16,44000.0,0.39512391211073
2,16,45000.0,0.34949421880645
2,16,46000.0,0.35313600741488
2,16,47000.0,0.085014774080182
2,16,48000.0,0.38706945592321
2,16,49000.0,0.33725344046748
2,16,50000.0,0.3503254540755
2,17,5000.0,-0.53915318446073
2,17,6000.0,0.07884506574986
2,17,7000.0,-0.57083470371275
2,17,8000.0,-0.52722283664708
2,17,9000.0,-0.53369203048999
2,17,10000.0,-0.61507496372913
2,17,11000.0,-0.32145790821301
2,17,12000.0,0.13041728376925
2,17,13000.0,0.39246468665377
2,17,14000.0,0.37276716731055
2,17,15000.0,0.39771618874697
2,17,16000.0,0.38311373562038
2,17,17000.0,-0.048805201848162
2,17,18000.0,0.36891894421304
2,17,19000.0,0.38434510632101
2,17,20000.0,0.40142861027867
2,17,21000.0,0.35715829886662
2,17,22000.0,0.38655714392743
2,17,23000.0,0.40036587790497
2,17,24000.0,0.40407754523955
2,17,25000.0,0.36782205634644
2,17,26000.0,0.39592542333405
2,17,27000.0,0.11429478643471
2,17,28000.0,0.09741097986377
2,17,29000.0,0.06187194681999
2,17,30000.0,0.37199035661626
2,17,31000.0,0.37938958201127
2,17,32000.0,0.10147459586512
2,17,33000.0,0.35003619684634
2,17,34000.0,0.37137538435829
2,17,35000.0,0.38196579348848
2,17,36000.0,0.39524504546785
2,17,37000.0,0.034382721544795
2,17,38000.0,0.3617138422952
2,17,39000.0,0.40188995719764
2,17,40000.0,0.36850669664737
2,17,41000.0,0.36960582606503
2,17,42000.0,0.35769101015928
2,17,43000.0,0.36498636887099
2,17,44000.0,0.41542993667185
2,17,45000.0,0.38364721020611
2,17,46000.0,0.36089841852784
2,17,47000.0,0.3975960026205
2,17,48000.0,0.40241970575821
2,17,49000.0,0.38483294476247
2,17,50000.0,0.37752529249521
2,18,5000.0,0.11788224468348
2,18,6000.0,0.048745794405759
2,18,7000.0,0.065035852134823
2,18,8000.0,0.12673288575778
2,18,9000.0,0.1253471445592
2,18,10000.0,0.024999377814611
2,18,11000.0,0.10732885217072
2,18,12000.0,0.12656829079175
2,18,13000.0,0.083085211162804
2,18,14000.0,0.073675616069023
2,18,15000.0,0.097288500315317
2,18,16000.0,0.080568773797738
2,18,17000.0,0.10939654322904
2,18,18000.0,0.08066961964975
2,18,19000.0,0.081463706788795
2,18,20000.0,0.059972231144596
2,18,21000.0,0.089211890933127
2,18,22000.0,0.061449323144318
2,18,23000.0,0.095138259536957
2,18,24000.0,0.068135682342727
2,18,25000.0,0.079732458148832
2,18,26000.0,-0.12123866984155
2,18,27000.0,0.063349289587254
2,18,28000.0,0.064422866386298
2,18,29000.0,0.030552760572877
2,18,30000.0,0.061349488788067
2,18,31000.0,0.74575992505524
2,18,32000.0,0.053521686600989
2,18,33000.0,0.079562587282605
2,18,34000.0,0.062469072279065
2,18,35000.0,0.058916693920966
2,18,36000.0,0.066106856570619
2,18,37000.0,0.057450607556268
2,18,38000.0,0.059902515345188
2,18,39000.0,0.088945195274161
2,18,40000.0,0.069457991098297
2,18,41000.0,0.044327020340994
2,18,42000.0,0.061038343781092
2,18,43000.0,-0.12759965167002
2,18,44000.0,0.09805625383425
2,18,45000.0,0.070032152602219
2,18,46000.0,0.061791470518276
2,18,47000.0,0.08558291612946
2,18,48000.0,0.088025653524551
2,18,49000.0,0.045970674697485
2,18,50000.0,0.068170762077968
2,19,5000.0,0.10381241209817
2,19,6000.0,-0.63058454394649
2,19,7000.0,-0.57216751951967
2,19,8000.0,-0.4707842445601
2,19,9000.0,-0.55837601786382
2,19,10000.0,-0.68560031143329
2,19,11000.0,-0.35177486151947
2,19,12000.0,0.10229776272555
2,19,13000.0,0.065802875912091
2,19,14000.0,0.20281980177967
2,19,15000.0,0.099581031702767
2,19,16000.0,-0.092848734093687
2,19,17000.0,0.23392735029203
2,19,18000.0,0.050502968876109
2,19,19000.0,0.24694491196572
2,19,20000.0,0.20517222117143
2,19,21000.0,0.22293680615736
2,19,22000.0,0.20679522974504
2,19,23000.0,0.25093942451614
2,19,24000.0,0.21339539300955
2,19,25000.0,0.19357723874084
2,19,26000.0,0.21201472239776
2,19,27000.0,0.21678984243719
2,19,28000.0,0.2346941650514
2,19,29000.0,0.20112823898762
2,19,30000.0,0.17661843746924
2,19,31000.0,0.23727543801204
2,19,32000.0,0.23501821583615
2,19,33000.0,0.19337303062511
2,19,34000.0,0.062771915997483
2,19,35000.0,0.35877219388151
2,19,36000.0,0.37860153850137
2,19,37000.0,0.36578411536685
2,19,38000.0,0.34218374446492
2,19,39000.0,0.3749167633811
2,19,40000.0,0.37043480895744
2,19,41000.0,0.3551864776041
2,19,42000.0,0.35599397216098
2,19,43000.0,0.36916130407462
2,19,44000.0,0.38193236397378
2,19,45000.0,0.33832394934603
2,19,46000.0,0.3557766226053
2,19,47000.0,0.36879178831359
2,19,48000.0,0.22370147136028
2,19,49000.0,0.19013978846155
2,19,50000.0,0.19378666550032
2,20,5000.0,0.080947508767105
2,20,6000.0,0.047099344465787
2,20,7000.0,0.097931282043067
2,20,8000.0,0.097116610670797
2,20,9000.0,0.10529081099372
2,20,10000.0,-0.17856739959383
2,20,11000.0,0.098506509596165
2,20,12000.0,0.10612146933395
2,20,13000.0,0.054613098060382
2,20,14000.0,0.19041970025138
2,20,15000.0,0.094388937665521
2,20,16000.0,0.081898745418521
2,20,17000.0,0.06790310781063
2,20,18000.0,0.066364618774567
2,20,19000.0,0.075969292891122
2,20,20000.0,0.067415495705668
2,20,21000.0,0.059283595444042
2,20,22000.0,0.064081069519774
2,20,23000.0,0.085000268703754
2,20,24000.0,0.066673991908353
2,20,25000.0,0.055428079906169
2,20,26000.0,0.056132431633822
2,20,27000.0,0.063441555839721
2,20,28000.0,0.22377150152027
2,20,29000.0,0.048756054755939
2,20,30000.0,0.031653913991073
2,20,31000.0,0.056862183753909
2,20,32000.0,0.055311814215914
2,20,33000.0,0.050213073194151
2,20,34000.0,0.037598776980369
2,20,35000.0,0.0022654161375305
2,20,36000.0,0.062488122190862
2,20,37000.0,0.045079954657303
2,20,38000.0,0.0082872394653588
2,20,39000.0,0.34286434418609
2,20,40000.0,0.051770230175146
2,20,41000.0,0.015623929686939
2,20,42000.0,0.031810185074099
2,20,43000.0,-0.16663453259022
2,20,44000.0,0.34876571073183
2,20,45000.0,0.32735481925609
2,20,46000.0,0.32461841769108
2,20,47000.0,0.32387753237686
2,20,48000.0,0.16384921097272
2,20,49000.0,0.33203644797834
2,20,50000.0,0.31243578459155
2,21,5000.0,0.10205088693059
2,21,6000.0,0.046323551089697
2,21,7000.0,0.078895463413129
2,21,8000.0,0.11171554827561
2,21,9000.0,0.39414572825875
2,21,10000.0,0.04303445064849
2,21,11000.0,0.081080931934372
2,21,12000.0,0.10548981969093
2,21,13000.0,0.089889073056231
2,21,14000.0,0.077924022424563
2,21,15000.0,0.085923556670185
2,21,16000.0,0.08628526214071
2,21,17000.0,0.38115278477877
2,21,18000.0,0.38250367455677
2,21,19000.0,0.38546235768505
2,21,20000.0,0.35705240561999
2,21,21000.0,0.3747062102494
2,21,22000.0,0.37079425877842
2,21,23000.0,0.36835750262363
2,21,24000.0,0.3868112943939
2,21,25000.0,0.36194583306633
2,21,26000.0,0.37147245622836
2,21,27000.0,0.38124565301842
2,21,28000.0,0.37449878366131
2,21,29000.0,0.31846421549832
2,21,30000.0,0.34840815082536
2,21,31000.0,0.34298114611073
2,21,32000.0,0.32806540861975
2,21,33000.0,0.33907980288467
2,21,34000.0,0.33936187499459
2,21,35000.0,0.34844173256763
2,21,36000.0,0.3455304127168
2,21,37000.0,0.30499521458881
2,21,38000.0,-0.15774626288775
2,21,39000.0,0.36056745440821
2,21,40000.0,0.34294776287969
2,21,41000.0,0.3
2,21,42000.0,0.027390305614542
2,21,43000.0,0.30027345177014
2,21,44000.0,0.37752391813517
2,21,45000.0,0.31914611431174
2,21,46000.0,0.3
2,21,47000.0,0.37343190133491
2,21,48000.0,-0.12444288212068
2,21,49000.0,0.3
2,21,50000.0,0.35833338440722
2,22,5000.0,-0.53455668415213
2,22,6000.0,-0.61554775041583
2,22,7000.0,-0.54446817611629
2,22,8000.0,-0.541543505429
2,22,9000.0,-0.58099928171983
2,22,10000.0,-0.38702038196545
2,22,11000.0,-0.44856060082226
2,22,12000.0,0.13103865871949
2,22,13000.0,0.23757479194182
2,22,14000.0,-0.085578224356944
2,22,15000.0,0.12523413934594
2,22,16000.0,0.092995681539832
2,22,17000.0,0.3032334726359
2,22,18000.0,0.093431391814761
2,22,19000.0,0.41695064420074
2,22,20000.0,0.10822157687612
2,22,21000.0,0.10004274851095
2,22,22000.0,0.12208334138279
2,22,23000.0,0.11678028529311
2,22,24000.0,0.11044161481517
2,22,25000.0,0.11648959686029
2,22,26000.0,0.1098995970959
2,22,27000.0,0.12137342099639
2,22,28000.0,0.13303342396106
2,22,29000.0,0.10950785531765
2,22,30000.0,0.2497526855776
2,22,31000.0,0.29788888173388
2,22,32000.0,0.28597933442492
2,22,33000.0,0.26681937294305
2,22,34000.0,0.26262570498143
2,22,35000.0,-0.3238909102189
2,22,36000.0,-0.3125539432048
2,22,37000.0,-0.33883577865208
2,22,38000.0,-0.35664010873408
2,22,39000.0,-0.31457528969063
2,22,40000.0,-0.31184144764749
2,22,41000.0,-0.33038678681969
2,22,42000.0,0.40258084266871
2,22,43000.0,0.39967749423851
2,22,44000.0,0.42143226604447
2,22,45000.0,0.41324882644409
2,22,46000.0,0.39694646253438
2,22,47000.0,0.38783121378174
2,22,48000.0,0.39519017839759
2,22,49000.0,0.37156539278345
2,22,50000.0,0.39234859947338
2,23,5000.0,0.12684521326686
2,23,6000.0,0.056769422796885
2,23,7000.0,0.1267338665867
2,23,8000.0,0.12628827143737
2,23,9000.0,0.12179760358803
2,23,10000.0,0.049107710117493
2,23,11000.0,0.12689397282236
2,23,12000.0,0.12275734972755
2,23,13000.0,0.088206926012277
2,23,14000.0,0.068014920084819
2,23,15000.0,0.1049679145036
2,23,16000.0,0.068321229375368
2,23,17000.0,0.097791837683501
2,23,18000.0,0.079040548749133
2,23,19000.0,0.099157933526614
2,23,20000.0,0.095071115893339
2,23,21000.0,0.080648888832326
2,23,22000.0,0.10303379037069
2,23,23000.0,0.2747302792275
2,23,24000.0,0.11484229896479
2,23,25000.0,0.071945580038516
2,23,26000.0,0.075085988625621
2,23,27000.0,0.094214424873397
2,23,28000.0,0.10320011736533
2,23,29000.0,0.066755270143117
2,23,30000.0,0.042090844458094
2,23,31000.0,0.092041704086937
2,23,32000.0,0.050843426547459
2,23,33000.0,0.068837229245937
2,23,34000.0,0.051545984651193
2,23,35000.0,0.016161622675978
2,23,36000.0,0.081661257810122
2,23,37000.0,0.061146132609648
2,23,38000.0,0.013129811607855
2,23,39000.0,0.068273762158318
2,23,40000.0,0.072469098867903
2,23,41000.0,0.043423464421139
2,23,42000.0,0.043816288049897
2,23,43000.0,0.064107425042801
2,23,44000.0,0.076524754850476
2,23,45000.0,0.068769474683725
2,23,46000.0,0.041118522807244
2,23,47000.0,0.043944999294682
2,23,48000.0,0.074723627472689
2,23,49000.0,0.050447834937855
2,23,50000.0,0.011894195949431
2,24,5000.0,0.085783545201392
2,24,6000.0,0.048877766746183
2,24,7000.0,0.074906338649924
2,24,8000.0,0.073354467911703
2,24,9000.0,0.088089351447215
2,24,10000.0,0.0367146387578
2,24,11000.0,0.085070920644672
2,24,12000.0,0.088295471678175
2,24,13000.0,0.057144305829912
2,24,14000.0,0.058682978711543
2,24,15000.0,0.37273460566166
2,24,16000.0,0.048812672562367
2,24,17000.0,0.077196145472385
2,24,18000.0,0.044028972387444
2,24,19000.0,0.077214795020371
2,24,20000.0,0.068778668481023
2,24,21000.0,0.34830459049703
2,24,22000.0,0.36606135547964
2,24,23000.0,0.35722646093188
2,24,24000.0,-0.10945271410579
2,24,25000.0,0.35813376222893
2,24,26000.0,0.32410865262194
2,24,27000.0,0.36647337440159
2,24,28000.0,0.36769712600905
2,24,29000.0,0.059380721549714
2,24,30000.0,0.32153488662942
2,24,31000.0,0.35496499099766
2,24,32000.0,0.35169243938624
2,24,33000.0,0.35140216653149
2,24,34000.0,0.33188064020711
2,24,35000.0,0.33100988720665
2,24,36000.0,0.35874117933086
2,24,37000.0,0.7450193747572
2,24,38000.0,0.32079895630361
2,24,39000.0,-0.64991928828204
2,24,40000.0,-0.43032793839616
2,24,41000.0,-0.67687544347535
2,24,42000.0,0.32255274908546
2,24,43000.0,0.15459169936996
2,24,44000.0,0.19276961499229
2,24,45000.0,0.17145272672422
2,24,46000.0,0.10610520447373
2,24,47000.0,0.17194394700788
2,24,48000.0,0.16498918534765
2,24,49000.0,0.50289532068563
2,24,50000.0,0.11331424699216
3,0,5000.0,0.1244913431503
3,0,6000.0,0.056640314122865
3,0,7000.0,0.10218100577964
3,0,8000.0,0.12989239799801
3,0,9000.0,0.10822872819971
3,0,10000.0,0.20121813615146
3,0,11000.0,0.12468622368736
3,0,12000.0,0.13335679105075
3,0,13000.0,0.10045169231198
3,0,14000.0,0.072140252720628
3,0,15000.0,0.10586889058079
3,0,16000.0,-0.10556593090675
3,0,17000.0,0.1041187773358
3,0,18000.0,0.077702529997544
3,0,19000.0,0.059205642437888
3,0,20000.0,0.10133396388736
3,0,21000.0,0.1036281022738
3,0,22000.0,-0.14083735976113
3,0,23000.0,0.05639064480977
3,0,24000.0,0.11771397317635
3,0,25000.0,0.058159635475915
3,0,26000.0,0.11060859085304
3,0,27000.0,0.10106206580326
3,0,28000.0,0.064895108146141
3,0,29000.0,0.07742753345602
3,0,30000.0,0.10838303291267
3,0,31000.0,0.04538623916962
3,0,32000.0,0.045205181673989
3,0,33000.0,0.27116918616475
3,0,34000.0,0.099059105615972
3,0,35000.0,0.074193760139884
3,0,36000.0,0.36878896159398
3,0,37000.0,0.048884351184413
3,0,38000.0,0.37866903523363
3,0,39000.0,0.069792045700749
3,0,40000.0,0.097705939530307
3,0,41000.0,0.078862905950997
3,0,42000.0,0.11890355212463
3,0,43000.0,0.087805537235069
3,0,44000.0,0.67265043253153
3,0,45000.0,0.11069974089303
3,0,46000.0,-0.081717739138796
3,0,47000.0,0.11267928642503
3,0,48000.0,0.11006621644879
3,0,49000.0,0.37380258037763
3,0,50000.0,0.38995649017942
3,1,5000.0,0.14749537362581
3,1,6000.0,0.053065295518123
3,1,7000.0,0.1082666952973
3,1,8000.0,0.14762559496086
3,1,9000.0,0.1297545227349
3,1,10000.0,0.082948277468651
3,1,11000.0,0.12978586803578
3,1,12000.0,0.1466729997163
3,1,13000.0,0.13047482821072
3,1,14000.0,0.10010059347504
3,1,15000.0,0.13236944399491
3,1,16000.0,0.11345923975974
3,1,17000.0,0.11599594417927
3,1,18000.0,0.12478433007022
3,1,19000.0,0.11254398845707
3,1,20000.0,0.12982948295001
3,1,21000.0,0.12170925646319
3,1,22000.0,0.10683506247374
3,1,23000.0,0.12258714277647
3,1,24000.0,0.13797411182334
3,1,25000.0,0.033139142539536
3,1,26000.0,0.11191431877726
3,1,27000.0,0.12473079782167
3,1,28000.0,0.23387753487009
3,1,29000.0,0.047915954528156
3,1,30000.0,0.12747551908347
3,1,31000.0,0.074519142245602
3,1,32000.0,0.076669322296905
3,1,33000.0,0.11071853239481
3,1,34000.0,0.094685749042594
3,1,35000.0,0.084233833961085
3,1,36000.0,0.091164628270568
3,1,37000.0,0.072313573177587
3,1,38000.0,0.098137924390671
3,1,39000.0,-0.11029665792928
3,1,40000.0,0.10160669028778
3,1,41000.0,0.052676086036899
3,1,42000.0,0.40935997549464
3,1,43000.0,0.093730527948362
3,1,44000.0,0.076450090842889
3,1,45000.0,0.39795156329679
3,1,46000.0,0.38450559168347
3,1,47000.0,0.38795021963592
3,1,48000.0,0.39015418859704
3,1,49000.0,0.37698329064734
3,1,50000.0,0.39852130965863
3,2,5000.0,-0.52283230075727
3,2,6000.0,-0.60320946660994
3,2,7000.0,-0.57762755689812
3,2,8000.0,-0.57832834702497
3,2,9000.0,-0.294219231251
3,2,10000.0,-0.50364965548781
3,2,11000.0,-0.54949552200077
3,2,12000.0,0.31291140542164
3,2,13000.0,0.29933576378001
3,2,14000.0,0.21968270211724
3,2,15000.0,0.24799340138673
3,2,16000.0,0.25965953702913
3,2,17000.0,0.28482035482925
3,2,18000.0,0.23955121489972
3,2,19000.0,0.2327227557838
3,2,20000.0,0.27456033479485
3,2,21000.0,0.25769585268762
3,2,22000.0,0.22939320671552
3,2,23000.0,0.39000819161843
3,2,24000.0,0.27592603176932
3,2,25000.0,0.2185283037031
3,2,26000.0,0.24545305663415
3,2,27000.0,0.66010652629132
3,2,28000.0,0.22338806732985
3,2,29000.0,0.23620269125587
3,2,30000.0,0.24912803395054
3,2,31000.0,0.064883262172847
3,2,32000.0,0.21143682805526
3,2,33000.0,0.26210545377723
3,2,34000.0,0.25569957775828
3,2,35000.0,0.22210910469726
3,2,36000.0,0.20561768777244
3,2,37000.0,0.18924496243392
3,2,38000.0,0.23490064342771
3,2,39000.0,0.22640470806466
3,2,40000.0,0.22581839951158
3,2,41000.0,0.19158062122321
3,2,42000.0,0.24945793372419
3,2,43000.0,0.20898776267852
3,2,44000.0,0.19781410550726
3,2,45000.0,0.20995855796133
3,2,46000.0,0.22015575431777
3,2,47000.0,0.2250233992901
3,2,48000.0,0.23447550979829
3,2,49000.0,0.20210074119722
3,2,50000.0,0.20268757932909
3,4,5000.0,0.39333744979648
3,4,6000.0,0.18019676273031
3,4,7000.0,0.38211930879354
3,4,8000.0,0.10461188143232
3,4,9000.0,0.25932640382099
3,4,10000.0,0.36522010921804
3,4,11000.0,0.39054760372119
3,4,12000.0,0.40481866331129
3,4,13000.0,0.3942289324537
3,4,14000.0,0.36863405862741
3,4,15000.0,0.38091331048485
3,4,16000.0,0.37759375308293
3,4,17000.0,0.38412622910733
3,4,18000.0,0.3837541089632
3,4,19000.0,0.36306836662418
3,4,20000.0,0.36803068302725
3,4,21000.0,0.3834134850921
3,4,22000.0,0.3708897669889
3,4,23000.0,0.36145683949219
3,4,24000.0,0.38121047836793
3,4,25000.0,0.3537170112729
3,4,26000.0,0.35205594425108
3,4,27000.0,0.3677505216017
3,4,28000.0,0.35817434321414
3,4,29000.0,0.32463887119354
3,4,30000.0,0.35006301263719
3,4,31000.0,0.34329136944617
3,4,32000.0,0.32899878127962
3,4,33000.0,0.34996954636911
3,4,34000.0,0.34334354948367
3,4,35000.0,0.35677713036265
3,4,36000.0,0.33697953704952
3,4,37000.0,0.33175952158876
3,4,38000.0,0.36190210952094
3,4,39000.0,0.34462052820973
3,4,40000.0,0.36085300521534
3,4,41000.0,0.32714701522501
3,4,42000.0,0.36325343763223
3,4,43000.0,0.35346199663152
3,4,44000.0,0.3341184469309
3,4,45000.0,0.34634673743395
3,4,46000.0,0.74498872368453
3,4,47000.0,-0.64287119741529
3,4,48000.0,-0.66045249025856
3,4,49000.0,-0.68607887538202
3,4,50000.0,-0.65001328671398
3,5,5000.0,0.4113784521082
3,5,6000.0,0.074960804340601
3,5,7000.0,0.38845509378462
3,5,8000.0,0.12599154793447
3,5,9000.0,0.12076298169872
3,5,10000.0,0.095396261174901
3,5,11000.0,0.092937796847494
3,5,12000.0,0.1264052666345
3,5,13000.0,0.11996616033699
3,5,14000.0,0.092490117634379
3,5,15000.0,0.10338638337898
3,5,16000.0,0.25699225753873
3,5,17000.0,0.11856542071463
3,5,18000.0,0.11100708906247
3,5,19000.0,0.084305810482577
3,5,20000.0,0.1064931944258
3,5,21000.0,0.11089093237351
3,5,22000.0,0.088090546231398
3,5,23000.0,0.091883764866109
3,5,24000.0,0.40622839917777
3,5,25000.0,0.095224442333418
3,5,26000.0,0.097554858981865
3,5,27000.0,0.39105746114606
3,5,28000.0,0.38805101479168
3,5,29000.0,0.76117912240424
3,5,30000.0,0.10518697391175
3,5,31000.0,0.083683464333047
3,5,32000.0,0.083425925693127
3,5,33000.0,0.10171963909303
3,5,34000.0,0.10150503627773
3,5,35000.0,0.23214752845656
3,5,36000.0,0.078135325507879
3,5,37000.0,0.084890828879401
3,5,38000.0,0.099722616573476
3,5,39000.0,0.057100988457467
3,5,40000.0,0.095688351352999
3,5,41000.0,0.047948214422448
3,5,42000.0,0.096968317836944
3,5,43000.0,-0.1204695125405
3,5,44000.0,-0.61687256772895
3,5,45000.0,-0.59996278651271
3,5,46000.0,-0.60146291545483
3,5,47000.0,-0.59994794673536
3,5,48000.0,-0.59592361675857
3,5,49000.0,-0.61452150970899
3,5,50000.0,-0.60172368812953
3,6,5000.0,0.15073413561696
3,6,6000.0,0.082865802832864
3,6,7000.0,0.13664514831772
3,6,8000.0,0.15984746553532
3,6,9000.0,0.12773398807361
3,6,10000.0,0.082572399219009
3,6,11000.0,-0.02509864522674
3,6,12000.0,0.15398033765649
3,6,13000.0,0.14271959854601
3,6,14000.0,0.11727041249228
3,6,15000.0,0.13332653249114
3,6,16000.0,0.11760154949542
3,6,17000.0,0.10939788238127
3,6,18000.0,0.13016417896594
3,6,19000.0,0.12222061946773
3,6,20000.0,0.12921506056359
3,6,21000.0,0.1307963731329
3,6,22000.0,0.12780136079266
3,6,23000.0,0.13261277051254
3,6,24000.0,0.1397122573851
3,6,25000.0,0.11390281658721
3,6,26000.0,0.13037496964261
3,6,27000.0,0.12716389896563
3,6,28000.0,0.12818857428196
3,6,29000.0,0.1223322685044
3,6,30000.0,0.1300423605219
3,6,31000.0,0.39333089618445
3,6,32000.0,0.41743410425554
3,6,33000.0,0.41975914251212
3,6,34000.0,-0.044622567903109
3,6,35000.0,0.42717191423783
3,6,36000.0,0.41476670163846
3,6,37000.0,0.11568998063814
3,6,38000.0,0.42256442695284
3,6,39000.0,0.12503196126716
3,6,40000.0,0.13626558999699
3,6,41000.0,0.39984220788239
3,6,42000.0,0.13800988677742
3,6,43000.0,0.11971391245578
3,6,44000.0,0.089334074632794
3,6,45000.0,0.10736538626138
3,6,46000.0,0.40398059175216
3,6,47000.0,0.12128180134854
3,6,48000.0,0.084757064294582
3,6,49000.0,0.11339337998351
3,6,50000.0,0.13191132070547
3,7,5000.0,0.084177615542132
3,7,6000.0,0.053793998336763
3,7,7000.0,0.0012043332862031
3,7,8000.0,0.077772524864101
3,7,9000.0,0.08139115572156
3,7,10000.0,0.017811290547158
3,7,11000.0,0.058675912162947
3,7,12000.0,0.082843142980844
3,7,13000.0,0.05956591485567
3,7,14000.0,0.040148604239402
3,7,15000.0,0.076552444946317
3,7,16000.0,0.038499615457622
3,7,17000.0,0.056970559557538
3,7,18000.0,0.063674048060068
3,7,19000.0,0.051669080463958
3,7,20000.0,0.063501407315747
3,7,21000.0,0.34667139468237
3,7,22000.0,0.34687848109991
3,7,23000.0,0.35089722637498
3,7,24000.0,0.36508823201508
3,7,25000.0,0.32132950690318
3,7,26000.0,0.34730266339072
3,7,27000.0,0.35592415759135
3,7,28000.0,0.14273048002356
3,7,29000.0,0.33311646854999
3,7,30000.0,0.34698297942697
3,7,31000.0,0.32493986661291
3,7,32000.0,0.31003228956499
3,7,33000.0,0.34075814836663
3,7,34000.0,0.32422655273465
3,7,35000.0,0.34036477276044
3,7,36000.0,0.71636622276246
3,7,37000.0,0.30430678330963
3,7,38000.0,0.34158378076248
3,7,39000.0,0.32512992941141
3,7,40000.0,0.32881246543735
3,7,41000.0,0.31550493475134
3,7,42000.0,0.3521867968174
3,7,43000.0,0.32177083778315
3,7,44000.0,0.30313166902732
3,7,45000.0,0.3306255049547
3,7,46000.0,0.3197552224705
3,7,47000.0,0.33065594253477
3,7,48000.0,0.3179341877397
3,7,49000.0,0.3
3,7,50000.0,0.33946606328285
3,8,5000.0,0.087518108257457
3,8,6000.0,0.060365505205743
3,8,7000.0,0.036180953507187
3,8,8000.0,0.083998906332192
3,8,9000.0,0.081557247717651
3,8,10000.0,0.042671511788048
3,8,11000.0,0.060852710601086
3,8,12000.0,0.089071082831159
3,8,13000.0,0.062969972684301
3,8,14000.0,0.058004372688395
3,8,15000.0,0.067316704088886
3,8,16000.0,0.32354356570957
3,8,17000.0,0.065850740887346
3,8,18000.0,0.35318287587458
3,8,19000.0,0.34625518032782
3,8,20000.0,0.33749152274774
3,8,21000.0,0.35321758631269
3,8,22000.0,0.33316982601475
3,8,23000.0,0.04017272850153
3,8,24000.0,0.36101546458477
3,8,25000.0,0.1260033258589
3,8,26000.0,0.13538373812441
3,8,27000.0,0.34285758363733
3,8,28000.0,0.31409412793195
3,8,29000.0,0.30951926867026
3,8,30000.0,0.3395814618605
3,8,31000.0,0.30421243752756
3,8,32000.0,0.3
3,8,33000.0,0.33185027188754
3,8,34000.0,0.30920076976906
3,8,35000.0,0.32277026689251
3,8,36000.0,0.3148485319228
3,8,37000.0,0.3
3,8,38000.0,0.3374969398919
3,8,39000.0,0.33576497821356
3,8,40000.0,0.33321847570983
3,8,41000.0,0.019236111304992
3,8,42000.0,0.35965246027264
3,8,43000.0,0.1350408539613
3,8,44000.0,0.3
3,8,45000.0,0.33135816348391
3,8,46000.0,-0.67192521924162
3,8,47000.0,-0.6749951727263
3,8,48000.0,-0.65844261805319
3,8,49000.0,-0.69421323357355
3,8,50000.0,-0.66745963321866
3,9,5000.0,0.13198014234966
3,9,6000.0,0.10708484404712
3,9,7000.0,0.1170607814895
3,9,8000.0,0.12976752720803
3,9,9000.0,0.41765752894983
3,9,10000.0,0.10205127051964
3,9,11000.0,0.11990104613661
3,9,12000.0,0.14343005286661
3,9,13000.0,0.13565284281566
3,9,14000.0,0.10989919675653
3,9,15000.0,0.12749633372409
3,9,16000.0,0.11114191396826
3,9,17000.0,0.12080932114128
3,9,18000.0,0.11681932954044
3,9,19000.0,0.11661324548611
3,9,20000.0,-0.070390092703775
3,9,21000.0,0.11307506800626
3,9,22000.0,0.11019841597382
3,9,23000.0,0.11706078116631
3,9,24000.0,0.13012216463649
3,9,25000.0,0.077433809379096
3,9,26000.0,0.11794756585164
3,9,27000.0,0.1240067809655
3,9,28000.0,0.10739740919459
3,9,29000.0,0.078271221319648
3,9,30000.0,0.10335244549914
3,9,31000.0,0.092135957286143
3,9,32000.0,0.091672329955906
3,9,33000.0,0.079448110268225
3,9,34000.0,0.10443466696467
3,9,35000.0,0.10782546956834
3,9,36000.0,0.080856348808727
3,9,37000.0,0.057907711014646
3,9,38000.0,0.10661475816595
3,9,39000.0,0.35338023924582
3,9,40000.0,0.085319118277011
3,9,41000.0,0.061522089301068
3,9,42000.0,0.09479788005878
3,9,43000.0,0.054026889144972
3,9,44000.0,0.047037695988831
3,9,45000.0,0.058561720610752
3,9,46000.0,0.081162891104777
3,9,47000.0,0.052876547675301
3,9,48000.0,0.082691951955336
3,9,49000.0,0.06388425972173
3,9,50000.0,0.065662913978219
3,10,5000.0,0.12992656504109
3,10,6000.0,0.067538783111287
3,10,7000.0,0.076362573145738
3,10,8000.0,0.13259435567147
3,10,9000.0,0.10737239923598
3,10,10000.0,0.075938952396008
3,10,11000.0,0.77722679835152
3,10,12000.0,0.13470123964405
3,10,13000.0,-0.54224959350228
3,10,14000.0,-0.61331593138151
3,10,15000.0,-0.55507515159524
3,10,16000.0,-0.59854418873932
3,10,17000.0,-0.55821097664919
3,10,18000.0,-0.58864819982723
3,10,19000.0,-0.57744402422254
3,10,20000.0,-0.56314669141018
3,10,21000.0,-0.3650388144106
3,10,22000.0,0.37455677142508
3,10,23000.0,0.39385725450649
3,10,24000.0,0.41195952590654
3,10,25000.0,0.35187387773188
3,10,26000.0,0.37841513989334
3,10,27000.0,0.40151327469033
3,10,28000.0,0.3514374679418
3,10,29000.0,0.36469642024706
3,10,30000.0,0.39502904229121
3,10,31000.0,0.35956278950358
3,10,32000.0,0.35012302765048
3,10,33000.0,0.3861500860649
3,10,34000.0,0.087901009015823
3,10,35000.0,0.38977593583394
3,10,36000.0,0.36092365488778
3,10,37000.0,0.35292341387973
3,10,38000.0,0.38988529407937
3,10,39000.0,0.36679260717271
3,10,40000.0,0.37360478415794
3,10,41000.0,0.36228806393461
3,10,42000.0,0.26530586755787
3,10,43000.0,-0.1066654416964
3,10,44000.0,0.33810458373301
3,10,45000.0,0.37120309961392
3,10,46000.0,0.36595838818902
3,10,47000.0,0.22317042559229
3,10,48000.0,0.37577215836491
3,10,49000.0,0.3530574960463
3,10,50000.0,0.38300633090418
3,11,5000.0,0.11114965162134
3,11,6000.0,0.067613519395208
3,11,7000.0,-0.11306323263824
3,11,8000.0,0.10807741252001
3,11,9000.0,0.093698339929357
3,11,10000.0,0.07889814588032
3,11,11000.0,0.091895593656609
3,11,12000.0,0.40503299320379
3,11,13000.0,0.11246429175478
3,11,14000.0,0.07189399935027
3,11,15000.0,0.10387883609637
3,11,16000.0,0.064103223977483
3,11,17000.0,0.097881021959382
3,11,18000.0,0.052049563136718
3,11,19000.0,0.07786832107994
3,11,20000.0,0.093213432320907
3,11,21000.0,0.074191298798719
3,11,22000.0,0.36207981267197
3,11,23000.0,0.052303749382816
3,11,24000.0,0.10345806996531
3,11,25000.0,0.064987521475098
3,11,26000.0,0.071971663831869
3,11,27000.0,0.096265052273498
3,11,28000.0,0.060551499963649
3,11,29000.0,0.37371226376283
3,11,30000.0,0.094544146530603
3,11,31000.0,0.073162602272701
3,11,32000.0,0.054345571389357
3,11,33000.0,0.089476433277583
3,11,34000.0,0.079505568199533
3,11,35000.0,0.062367487640544
3,11,36000.0,-0.14184171105668
3,11,37000.0,0.053439336791037
3,11,38000.0,0.05871988736868
3,11,39000.0,0.042203689390634
3,11,40000.0,0.067593153176392
3,11,41000.0,0.04780146408909
3,11,42000.0,0.071490074219552
3,11,43000.0,0.051066896086576
3,11,44000.0,0.0070265289435116
3,11,45000.0,0.052902298541253
3,11,46000.0,0.054892371797564
3,11,47000.0,0.032957783865367
3,11,48000.0,0.04943599513854
3,11,49000.0,0.040218334487788
3,11,50000.0,0.040009340638101
3,12,5000.0,0.10701879407257
3,12,6000.0,0.075795142501077
3,12,7000.0,0.075293966484398
3,12,8000.0,0.10070460917775
3,12,9000.0,0.10140738310937
3,12,10000.0,0.062632420780781
3,12,11000.0,0.11066629451432
3,12,12000.0,0.1224780885497
3,12,13000.0,0.088496242145777
3,12,14000.0,0.086162378919775
3,12,15000.0,0.10643411711919
3,12,16000.0,0.081565052636547
3,12,17000.0,0.083146658525669
3,12,18000.0,0.095251025139602
3,12,19000.0,0.082031180113023
3,12,20000.0,0.081629435083705
3,12,21000.0,0.081118555132031
3,12,22000.0,0.068718790289295
3,12,23000.0,0.08052227184765
3,12,24000.0,0.098171723026861
3,12,25000.0,-0.66258294219822
3,12,26000.0,-0.61292055793397
3,12,27000.0,-0.58903731567045
3,12,28000.0,-0.66647555066463
3,12,29000.0,-0.5567322937498
3,12,30000.0,-0.59347361540121
3,12,31000.0,-0.6471697346038
3,12,32000.0,0.34768160586841
3,12,33000.0,0.34888299370896
3,12,34000.0,0.35163461043855
3,12,35000.0,0.3522307627613
3,12,36000.0,0.34167925507061
3,12,37000.0,0.30930160074517
3,12,38000.0,0.35261508132376
3,12,39000.0,0.34907112961754
3,12,40000.0,0.32826219587459
3,12,41000.0,0.32277515316307
3,12,42000.0,0.37569528581454
3,12,43000.0,0.33231938705358
3,12,44000.0,0.7
3,12,45000.0,0.064295912476717
3,12,46000.0,0.36187840846974
3,12,47000.0,0.37623362051241
3,12,48000.0,0.34508822036106
3,12,49000.0,0.35100018152764
3,12,50000.0,0.34788207630332
3,13,5000.0,-0.52545516514392
3,13,6000.0,-0.39241134649788
3,13,7000.0,-0.55373679358214
3,13,8000.0,-0.54704373380762
3,13,9000.0,-0.29458093702894
3,13,10000.0,-0.36633942235753
3,13,11000.0,-0.54913464429221
3,13,12000.0,0.427580348557
3,13,13000.0,0.42676663157379
3,13,14000.0,0.39185178779611
3,13,15000.0,0.42614700923371
3,13,16000.0,0.41866371571156
3,13,17000.0,0.43277658123161
3,13,18000.0,0.40277618589608
3,13,19000.0,0.42580255079953
3,13,20000.0,0.42765197161128
3,13,21000.0,0.41978052122473
3,13,22000.0,0.41279647626975
3,13,23000.0,0.41938679651318
3,13,24000.0,0.43674251852615
3,13,25000.0,0.41348763310041
3,13,26000.0,0.40547326231305
3,13,27000.0,0.42457092153976
3,13,28000.0,0.41203756803073
3,13,29000.0,0.41435479498275
3,13,30000.0,0.4264416260886
3,13,31000.0,0.39198293606251
3,13,32000.0,0.38664477406698
3,13,33000.0,0.41645706263391
3,13,34000.0,0.41212306553217
3,13,35000.0,0.39955684160691
3,13,36000.0,0.39744891497572
3,13,37000.0,0.38208468873514
3,13,38000.0,0.40261249451433
3,13,39000.0,0.37964732590843
3,13,40000.0,0.4052473416634
3,13,41000.0,0.39353350551689
3,13,42000.0,0.38994738170241
3,13,43000.0,-0.60673488780953
3,13,44000.0,-0.5744111138062
3,13,45000.0,-0.2160529247061
3,13,46000.0,-0.6034784354154
3,13,47000.0,-0.61333580880755
3,13,48000.0,-0.61183016151314
3,13,49000.0,-0.62000157613051
3,13,50000.0,-0.6034757190191
3,14,5000.0,0.12069972781006
3,14,6000.0,0.072978347932386
3,14,7000.0,0.24891537774337
3,14,8000.0,0.12664698986936
3,14,9000.0,0.11884328737846
3,14,10000.0,0.076063820353886
3,14,11000.0,0.10923460871521
3,14,12000.0,0.12459877766135
3,14,13000.0,0.11564006184176
3,14,14000.0,0.089946985291116
3,14,15000.0,0.078726202406985
3,14,16000.0,0.091059045529132
3,14,17000.0,0.11346511772611
3,14,18000.0,0.082533488806825
3,14,19000.0,0.05003581402815
3,14,20000.0,0.10615779315015
3,14,21000.0,0.10482125732373
3,14,22000.0,0.080727757849785
3,14,23000.0,0.16495093834023
3,14,24000.0,0.091626188140063
3,14,25000.0,0.071328389579436
3,14,26000.0,0.087891874104317
3,14,27000.0,0.095044110826128
3,14,28000.0,0.08168806892829
3,14,29000.0,0.086670506869965
3,14,30000.0,0.093470900213789
3,14,31000.0,0.37121327573806
3,14,32000.0,0.36278189951362
3,14,33000.0,0.096380939496266
3,14,34000.0,0.069883485444762
3,14,35000.0,0.073420294137811
3,14,36000.0,0.079498462352755
3,14,37000.0,-0.12934655197633
3,14,38000.0,0.08323072858859
3,14,39000.0,0.068493477266196
3,14,40000.0,0.087480521538357
3,14,41000.0,0.058376282404854
3,14,42000.0,0.10111308902751
3,14,43000.0,0.078535259887313
3,14,44000.0,-0.65380413005974
3,14,45000.0,-0.59077765454295
3,14,46000.0,-0.55110040094754
3,14,47000.0,-0.65282064476728
3,14,48000.0,-0.60338074207059
3,14,49000.0,-0.64318254367792
3,14,50000.0,-0.64034146005224
3,15,5000.0,0.09996997639532
3,15,6000.0,0.064129859118623
3,15,7000.0,0.073205243358416
3,15,8000.0,0.10143834502104
3,15,9000.0,0.10102507698018
3,15,10000.0,0.040276872093985
3,15,11000.0,0.096415003447478
3,15,12000.0,0.10527864593481
3,15,13000.0,0.070826423062726
3,15,14000.0,0.06134188642868
3,15,15000.0,0.085420547568428
3,15,16000.0,0.052646312236256
3,15,17000.0,0.082978716462774
3,15,18000.0,0.052101696142571
3,15,19000.0,0.34257439706113
3,15,20000.0,0.082159501865317
3,15,21000.0,0.06849967441571
3,15,22000.0,0.056374719434139
3,15,23000.0,0.053937552493156
3,15,24000.0,0.079636043348421
3,15,25000.0,0.032348331846753
3,15,26000.0,0.067145841410058
3,15,27000.0,0.21417832981503
3,15,28000.0,0.01965048262449
3,15,29000.0,0.056072183117531
3,15,30000.0,0.074872480271628
3,15,31000.0,0.029561245083878
3,15,32000.0,0.027172817227121
3,15,33000.0,0.3638642988389
3,15,34000.0,0.33156272247973
3,15,35000.0,0.35569411798687
3,15,36000.0,-0.66223757498429
3,15,37000.0,-0.7
3,15,38000.0,-0.64660999140083
3,15,39000.0,-0.64795445603145
3,15,40000.0,-0.63401448053332
3,15,41000.0,-0.6704254462015
3,15,42000.0,0.066873639126612
3,15,43000.0,0.32653836166128
3,15,44000.0,0.015555345233018
3,15,45000.0,0.59062557199619
3,15,46000.0,0.17071262562844
3,15,47000.0,0.19351603643814
3,15,48000.0,0.16065920968293
3,15,49000.0,0.15709528191059
3,15,50000.0,0.17473164587896
3,16,5000.0,0.096777207685634
3,16,6000.0,0.050575876194648
3,16,7000.0,0.074351935506961
3,16,8000.0,0.067971884880652
3,16,9000.0,0.089632515914103
3,16,10000.0,0.064651890232685
3,16,11000.0,0.067965505154187
3,16,12000.0,0.085219579243265
3,16,13000.0,0.082840029912217
3,16,14000.0,0.072224791414011
3,16,15000.0,0.070275587559079
3,16,16000.0,0.055073640642338
3,16,17000.0,0.086375433742212
3,16,18000.0,0.070814428704505
3,16,19000.0,0.063455718522411
3,16,20000.0,-0.10493101362685
3,16,21000.0,0.061772079200413
3,16,22000.0,0.049651835457981
3,16,23000.0,0.075299860929921
3,16,24000.0,0.083692009562084
3,16,25000.0,0.16332939095952
3,16,26000.0,0.054535351598362
3,16,27000.0,0.070441172878136
3,16,28000.0,0.047238018295303
3,16,29000.0,0.036706765505638
3,16,30000.0,0.070692898723564
3,16,31000.0,0.025429550046078
3,16,32000.0,0.019977587250804
3,16,33000.0,0.055457821519589
3,16,34000.0,0.057000178590159
3,16,35000.0,0.03469707030014
3,16,36000.0,0.15907183778276
3,16,37000.0,0.12085437005245
3,16,38000.0,0.16456773566184
3,16,39000.0,0.11353700424808
3,16,40000.0,0.15362302259132
3,16,41000.0,0.11134044579321
3,16,42000.0,0.56064835607845
3,16,43000.0,-0.18414489694156
3,16,44000.0,0.10350766426378
3,16,45000.0,0.11161374609743
3,16,46000.0,0.11728755602694
3,16,47000.0,0.1407725701845
3,16,48000.0,0.11486843043684
3,16,49000.0,0.10239125417652
3,16,50000.0,0.11349903259571
3,17,5000.0,0.13703176471323
3,17,6000.0,-0.59205992761459
3,17,7000.0,-0.61289431100593
3,17,8000.0,-0.53687162183833
3,17,9000.0,-0.5417547939759
3,17,10000.0,-0.57205438264837
3,17,11000.0,-0.31404271559568
3,17,12000.0,-0.034133285603544
3,17,13000.0,-0.045277762948056
3,17,14000.0,0.092623257321885
3,17,15000.0,0.29069523482402
3,17,16000.0,-0.063806981961449
3,17,17000.0,-0.058938546862489
3,17,18000.0,0.11187650702359
3,17,19000.0,0.27157982032417
3,17,20000.0,0.24580725544641
3,17,21000.0,0.26977812320909
3,17,22000.0,0.25268494973058
3,17,23000.0,0.24593937735133
3,17,24000.0,0.29161673728425
3,17,25000.0,0.20371442481106
3,17,26000.0,0.24297572421575
3,17,27000.0,-0.061962195458067
3,17,28000.0,0.22856579008822
3,17,29000.0,0.24531677887804
3,17,30000.0,0.25885733131036
3,17,31000.0,0.23604901747769
3,17,32000.0,0.22800540934257
3,17,33000.0,0.26009913593439
3,17,34000.0,0.24823838888263
3,17,35000.0,0.25919452227576
3,17,36000.0,0.22728263618369
3,17,37000.0,0.22596078034347
3,17,38000.0,0.38779235324255
3,17,39000.0,0.21777401439596
3,17,40000.0,0.25396805937354
3,17,41000.0,0.20292220506497
3,17,42000.0,0.24699818957491
3,17,43000.0,0.21538071672905
3,17,44000.0,0.21473519322466
3,17,45000.0,0.21390596714926
3,17,46000.0,0.62238294222865
3,17,47000.0,0.61041206402489
3,17,48000.0,0.64197138610256
3,17,49000.0,0.62083936811991
3,17,50000.0,0.64182312700071
3,18,5000.0,0.15109428940904
3,18,6000.0,0.083714342274371
3,18,7000.0,0.12701648427505
3,18,8000.0,0.1469685734735
3,18,9000.0,0.12290408216016
3,18,10000.0,0.12348408704864
3,18,11000.0,0.14422032859736
3,18,12000.0,0.14686918687755
3,18,13000.0,0.13131835158238
3,18,14000.0,0.1308252225421
3,18,15000.0,0.13495294286242
3,18,16000.0,0.12458454528289
3,18,17000.0,0.13819939678182
3,18,18000.0,0.13033601122174
3,18,19000.0,0.13560291916876
3,18,20000.0,0.13867631608756
3,18,21000.0,0.13044574111661
3,18,22000.0,0.13217587963423
3,18,23000.0,0.13451675352674
3,18,24000.0,0.13650364948342
3,18,25000.0,0.11833625740626
3,18,26000.0,0.1405072439767
3,18,27000.0,0.14069164693893
3,18,28000.0,0.12638290758885
3,18,29000.0,0.12639481178482
3,18,30000.0,0.14979956072783
3,18,31000.0,0.13101724833574
3,18,32000.0,0.10714943999756
3,18,33000.0,0.14853890140633
3,18,34000.0,0.14498376181519
3,18,35000.0,0.13435862261531
3,18,36000.0,0.1117708968946
3,18,37000.0,0.40797254851857
3,18,38000.0,0.42480700610446
3,18,39000.0,0.10577688503573
3,18,40000.0,0.13290072234293
3,18,41000.0,0.11383658363472
3,18,42000.0,-0.03128848969594
3,18,43000.0,0.11519907588029
3,18,44000.0,0.26456400408749
3,18,45000.0,0.12589945352306
3,18,46000.0,0.12214687376945
3,18,47000.0,0.12425142697359
3,18,48000.0,0.11705744925732
3,18,49000.0,0.11338561582754
3,18,50000.0,0.11654948825085
3,19,5000.0,0.10224864223563
3,19,6000.0,-0.11958850195808
3,19,7000.0,0.074505332234171
3,19,8000.0,0.40968919162885
3,19,9000.0,0.095791420234246
3,19,10000.0,0.080601435240673
3,19,11000.0,0.10079385686303
3,19,12000.0,0.12350475938697
3,19,13000.0,0.09693792426768
3,19,14000.0,0.095852778322004
3,19,15000.0,0.10014825447376
3,19,16000.0,0.091656275002312
3,19,17000.0,0.10102814590644
3,19,18000.0,-0.075513294059005
3,19,19000.0,0.078865949541678
3,19,20000.0,0.10274557611325
3,19,21000.0,0.10455399342986
3,19,22000.0,0.093612199652109
3,19,23000.0,0.090970513971077
3,19,24000.0,0.11651564766627
3,19,25000.0,0.07438830105205
3,19,26000.0,0.10557063219412
3,19,27000.0,0.39293925015367
3,19,28000.0,0.095146638923201
3,19,29000.0,0.089833948507415
3,19,30000.0,0.11390681134794
3,19,31000.0,0.090641114895473
3,19,32000.0,0.10290564597714
3,19,33000.0,0.093505675687109
3,19,34000.0,0.10473720953625
3,19,35000.0,0.11778981614011
3,19,36000.0,0.096782948339243
3,19,37000.0,0.10055894268948
3,19,38000.0,0.11010746501754
3,19,39000.0,0.10913598721736
3,19,40000.0,0.11404482564278
3,19,41000.0,0.080122974933268
3,19,42000.0,0.12430453721409
3,19,43000.0,0.11470719026976
3,19,44000.0,-0.56564873585657
3,19,45000.0,-0.58290352424577
3,19,46000.0,-0.55232893374309
3,19,47000.0,-0.5550745415003
3,19,48000.0,-0.55570513507968
3,19,49000.0,-0.57444360297745
3,19,50000.0,-0.56687413796727
3,20,5000.0,0.12322027253589
3,20,6000.0,0.054293685483607
3,20,7000.0,0.09828444225422
3,20,8000.0,0.12230110183427
3,20,9000.0,-0.57351826343007
3,20,10000.0,-0.60422485638287
3,20,11000.0,-0.55694260959352
3,20,12000.0,0.11400639193382
3,20,13000.0,0.10250574326878
3,20,14000.0,0.36183466119827
3,20,15000.0,0.38890964898913
3,20,16000.0,0.36295994558958
3,20,17000.0,0.38674337705378
3,20,18000.0,0.35824603197691
3,20,19000.0,0.3855790336856
3,20,20000.0,0.38564637613563
3,20,21000.0,0.37300988631652
3,20,22000.0,0.36035742676114
3,20,23000.0,0.38682226243813
3,20,24000.0,0.38541162721493
3,20,25000.0,0.35984474858727
3,20,26000.0,0.37444857908947
3,20,27000.0,0.37385363642579
3,20,28000.0,0.33418936659329
3,20,29000.0,0.36626716458299
3,20,30000.0,0.36794195776314
3,20,31000.0,0.36369880267586
3,20,32000.0,0.32888495136115
3,20,33000.0,0.36902709142863
3,20,34000.0,0.36302653583179
3,20,35000.0,0.69783008799517
3,20,36000.0,0.32970862863108
3,20,37000.0,-0.66547941548636
3,20,38000.0,-0.63178046671605
3,20,39000.0,-0.65073951027342
3,20,40000.0,-0.2620382699488
3,20,41000.0,-0.66226275857269
3,20,42000.0,-0.095458710689678
3,20,43000.0,0.33290318370203
3,20,44000.0,0.33079762047238
3,20,45000.0,0.34093955456628
3,20,46000.0,0.35221408901971
3,20,47000.0,0.34511455276964
3,20,48000.0,0.33722754818359
3,20,49000.0,0.33019516683972
3,20,50000.0,0.048260003820097
3,21,5000.0,0.1091561206218
3,21,6000.0,0.051152779406744
3,21,7000.0,0.071107399415902
3,21,8000.0,0.10723657798278
3,21,9000.0,0.10436818737834
3,21,10000.0,0.054505849674427
3,21,11000.0,0.099683283769439
3,21,12000.0,0.2684560703767
3,21,13000.0,0.093058584872553
3,21,14000.0,0.065263980718492
3,21,15000.0,0.097661439629317
3,21,16000.0,0.072186884980527
3,21,17000.0,0.093196393019007
3,21,18000.0,0.061975229740889
3,21,19000.0,0.077096061913245
3,21,20000.0,0.22651536274381
3,21,21000.0,0.073734147517408
3,21,22000.0,0.039614904732267
3,21,23000.0,0.065559307102983
3,21,24000.0,0.083949323817578
3,21,25000.0,0.041292565488803
3,21,26000.0,0.041249571741773
3,21,27000.0,0.69374408740807
3,21,28000.0,0.64953888365851
3,21,29000.0,-0.13596084928434
3,21,30000.0,-0.12615648517319
3,21,31000.0,-0.14005776249698
3,21,32000.0,-0.14463933535707
3,21,33000.0,-0.53387669994627
3,21,34000.0,-0.57489548953777
3,21,35000.0,-0.53261419833595
3,21,36000.0,-0.57001517400063
3,21,37000.0,-0.6
3,21,38000.0,-0.52012670545526
3,21,39000.0,-0.56312378302851
3,21,40000.0,-0.64533702713267
3,21,41000.0,-0.62457972673313
3,21,42000.0,0.20480145031659
3,21,43000.0,0.13066278218404
3,21,44000.0,0.15213058347104
3,21,45000.0,0.17981967247102
3,21,46000.0,0.1253580290991
3,21,47000.0,0.17029750217362
3,21,48000.0,0.18104103625456
3,21,49000.0,0.14712575638572
3,21,50000.0,0.18740283730154
3,22,5000.0,0.12874430896643
3,22,6000.0,0.051603745317258
3,22,7000.0,0.092521545925887
3,22,8000.0,0.13663529512977
3,22,9000.0,0.12655371903227
3,22,10000.0,0.033182149990636
3,22,11000.0,0.096626000500583
3,22,12000.0,0.12354181852393
3,22,13000.0,0.11323131935259
3,22,14000.0,0.071668386690401
3,22,15000.0,0.1107150336561
3,22,16000.0,0.11930954405783
3,22,17000.0,0.12813379401783
3,22,18000.0,0.084196308660577
3,22,19000.0,0.096411033218248
3,22,20000.0,0.12299906403966
3,22,21000.0,0.11009494994144
3,22,22000.0,0.089945957905622
3,22,23000.0,0.22825420556786
3,22,24000.0,0.11664810651227
3,22,25000.0,0.3757534593113
3,22,26000.0,0.11060769176527
3,22,27000.0,0.09495571034837
3,22,28000.0,0.093815954650458
3,22,29000.0,0.11828578983944
3,22,30000.0,0.13173156104926
3,22,31000.0,0.1040324305288
3,22,32000.0,0.06694500671029
3,22,33000.0,0.41807654833527
3,22,34000.0,0.4094349735228
3,22,35000.0,0.40888093696306
3,22,36000.0,0.36614629654677
3,22,37000.0,-0.092883208526918
3,22,38000.0,0.40425104364303
3,22,39000.0,0.38537680292503
3,22,40000.0,0.40791008807609
3,22,41000.0,0.37837526768214
3,22,42000.0,0.40439501119096
3,22,43000.0,0.11904563665754
3,22,44000.0,0.37323582943667
3,22,45000.0,0.38761795460017
3,22,46000.0,0.40832905059469
3,22,47000.0,0.40671019816703
3,22,48000.0,0.081430644888581
3,22,49000.0,0.1012471973051
3,22,50000.0,0.11306796403126
3,23,5000.0,0.12648919348968
3,23,6000.0,0.082783604209021
3,23,7000.0,0.10920880298091
3,23,8000.0,0.1229800891235
3,23,9000.0,0.12510578398989
3,23,10000.0,0.095732944991361
3,23,11000.0,0.4086876597427
3,23,12000.0,0.42000910577223
3,23,13000.0,0.41742704036758
3,23,14000.0,0.085633451415153
3,23,15000.0,0.39540162778195
3,23,16000.0,0.081874008129785
3,23,17000.0,0.10877273541143
3,23,18000.0,0.26339940031655
3,23,19000.0,0.10057474476047
3,23,20000.0,0.11386576148414
3,23,21000.0,0.088588752444084
3,23,22000.0,0.10636357514336
3,23,23000.0,0.098064188845478
3,23,24000.0,0.1206695576054
3,23,25000.0,0.07505106187051
3,23,26000.0,0.092729959502154
3,23,27000.0,0.12068987475043
3,23,28000.0,0.092667164204383
3,23,29000.0,0.068816302990648
3,23,30000.0,0.7860566063932
3,23,31000.0,0.09747402778725
3,23,32000.0,0.038486476628599
3,23,33000.0,0.27100981776464
3,23,34000.0,0.089925199317336
3,23,35000.0,0.11115026403433
3,23,36000.0,0.08695192364341
3,23,37000.0,0.071114124430055
3,23,38000.0,0.088400884487957
3,23,39000.0,0.099093957559826
3,23,40000.0,0.10142190712994
3,23,41000.0,0.081265759867655
3,23,42000.0,0.78302593044541
3,23,43000.0,-0.56386739341009
3,23,44000.0,-0.60524261728856
3,23,45000.0,-0.58876650037452
3,23,46000.0,-0.5835156843915
3,23,47000.0,-0.56370170234027
3,23,48000.0,-0.62229781736731
3,23,49000.0,-0.58285749935673
3,23,50000.0,-0.57224749171037
3,24,5000.0,0.13720622255214
3,24,6000.0,0.063978488150025
3,24,7000.0,0.12724113270254
3,24,8000.0,0.14705929614927
3,24,9000.0,0.13119405803562
3,24,10000.0,0.097663714521828
3,24,11000.0,0.14103886146475
3,24,12000.0,0.14089493581416
3,24,13000.0,0.14184899111408
3,24,14000.0,0.11191119375631
3,24,15000.0,-0.53296977674555
3,24,16000.0,-0.5317688403284
3,24,17000.0,-0.52898758971933
3,24,18000.0,-0.53438117593058
3,24,19000.0,-0.53300974807573
3,24,20000.0,-0.52090607603022
3,24,21000.0,-0.51848797747958
3,24,22000.0,0.11173119903788
3,24,23000.0,0.42245967607566
3,24,24000.0,0.43327951310423
3,24,25000.0,0.41220094020904
3,24,26000.0,0.4243220478497
3,24,27000.0,0.32824128819063
3,24,28000.0,0.42753496159948
3,24,29000.0,0.41904996284583
3,24,30000.0,0.43931500076471
3,24,31000.0,0.42942206192311
3,24,32000.0,0.4369888822476
3,24,33000.0,0.44273397034199
3,24,34000.0,0.43145062838734
3,24,35000.0,0.8416370608679
3,24,36000.0,-0.56328531321812
3,24,37000.0,-0.56524725643799
3,24,38000.0,-0.56218673023694
3,24,39000.0,-0.56394854892334
3,24,40000.0,-0.55839776449471
3,24,41000.0,-0.29400446777138
3,24,42000.0,0.44347414253158
3,24,43000.0,0.42608974725047
3,24,44000.0,-0.033841589269025
3,24,45000.0,0.42406584560888
3,24,46000.0,0.4335169198251
3,24,47000.0,0.42756854690985
3,24,48000.0,0.43243420139614
3,24,49000.0,0.42042758145805
3,24,50000.0,0.4331488917888
4,0,5000.0,0.38149644231779
4,0,6000.0,0.36168537948214
4,0,7000.0,0.37421575252815
4,0,8000.0,0.41465822185117
4,0,9000.0,0.36494872749247
4,0,10000.0,0.082743216552473
4,0,11000.0,0.11685427003088
4,0,12000.0,0.090451089948333
4,0,13000.0,0.095131463572155
4,0,14000.0,0.124291981209
4,0,15000.0,0.097858153445555
4,0,16000.0,0.10908986556642
4,0,17000.0,0.068767575034118
4,0,18000.0,0.12781456180614
4,0,19000.0,0.081592360300615
4,0,20000.0,0.10762044230998
4,0,21000.0,0.12688168773362
4,0,22000.0,0.045113473846485
4,0,23000.0,0.1256830163648
4,0,24000.0,0.11321075816755
4,0,25000.0,0.092813647422181
4,0,26000.0,0.098664308118807
4,0,27000.0,0.089727319443167
4,0,28000.0,0.088633511908302
4,0,29000.0,0.12796597457181
4,0,30000.0,0.086611021954501
4,0,31000.0,0.1061374478444
4,0,32000.0,0.10168264256386
4,0,33000.0,0.060941731621966
4,0,34000.0,0.080004513237901
4,0,35000.0,0.10259143123112
4,0,36000.0,-0.5767524577563
4,0,37000.0,-0.58963986559987
4,0,38000.0,-0.54939008736399
4,0,39000.0,-0.3705081620104
4,0,40000.0,-0.56159170804342
4,0,41000.0,-0.60003915638328
4,0,42000.0,0.096686983081154
4,0,43000.0,0.11358035822053
4,0,44000.0,0.10635726392767
4,0,45000.0,0.066512732885957
4,0,46000.0,0.087100555670382
4,0,47000.0,0.11702698153258
4,0,48000.0,0.36871892464248
4,0,49000.0,0.34583322604556
4,0,50000.0,0.38893492231781
4,1,5000.0,0.054293731551565
4,1,6000.0,0.050625691754059
4,1,7000.0,0.035537355746612
4,1,8000.0,0.072977584227398
4,1,9000.0,0.035848678289405
4,1,10000.0,0.042447590553069
4,1,11000.0,0.048980206293873
4,1,12000.0,0.021433129227624
4,1,13000.0,0.061045143572091
4,1,14000.0,0.066811993444696
4,1,15000.0,0.0303048314414
4,1,16000.0,0.19226652016439
4,1,17000.0,0.021073932618189
4,1,18000.0,0.054684346827931
4,1,19000.0,0.13266155732452
4,1,20000.0,0.16329904067433
4,1,21000.0,0.18154819112271
4,1,22000.0,0.16557599502708
4,1,23000.0,0.32873092515696
4,1,24000.0,0.14700483704194
4,1,25000.0,0.14305601830262
4,1,26000.0,0.12464232005248
4,1,27000.0,0.16895238522655
4,1,28000.0,0.14154003171818
4,1,29000.0,0.17437401112767
4,1,30000.0,0.13651600471373
4,1,31000.0,0.13229043615727
4,1,32000.0,0.13278857150761
4,1,33000.0,0.12796487006356
4,1,34000.0,0.1
4,1,35000.0,0.17312497965011
4,1,36000.0,0.17789176032197
4,1,37000.0,0.12307065174103
4,1,38000.0,0.17431363033964
4,1,39000.0,0.15113932663062
4,1,40000.0,0.15890190126405
4,1,41000.0,0.15405181705252
4,1,42000.0,0.16279871101768
4,1,43000.0,0.14290328968989
4,1,44000.0,0.17557039274388
4,1,45000.0,0.13351372790065
4,1,46000.0,0.1
4,1,47000.0,0.20169902117849
4,1,48000.0,0.18564002004033
4,1,49000.0,0.1
4,1,50000.0,0.14426972070901
4,2,5000.0,0.37256360106085
4,2,6000.0,0.35775713180418
4,2,7000.0,0.35999229764453
4,2,8000.0,0.38966074410244
4,2,9000.0,0.36185193022099
4,2,10000.0,0.060872601568288
4,2,11000.0,0.37708490845803
4,2,12000.0,0.07539455121182
4,2,13000.0,0.093930959512851
4,2,14000.0,0.088787498788199
4,2,15000.0,0.060134932126594
4,2,16000.0,0.089905454008761
4,2,17000.0,0.079961816895318
4,2,18000.0,0.38225298323016
4,2,19000.0,0.33956844958271
4,2,20000.0,0.37107416961581
4,2,21000.0,0.38694203509491
4,2,22000.0,0.34881190599413
4,2,23000.0,0.38781165180074
4,2,24000.0,0.37635114515295
4,2,25000.0,0.21728509191605
4,2,26000.0,0.36611328335638
4,2,27000.0,0.37980637179869
4,2,28000.0,0.36862302475259
4,2,29000.0,0.39134285413308
4,2,30000.0,0.36790418300882
4,2,31000.0,0.3811695299078
4,2,32000.0,0.38289031683656
4,2,33000.0,0.35593126551703
4,2,34000.0,-0.63036096462402
4,2,35000.0,-0.6198246970752
4,2,36000.0,-0.58845832719101
4,2,37000.0,-0.64736586552074
4,2,38000.0,-0.61847230663453
4,2,39000.0,-0.22888222671353
4,2,40000.0,-0.62454222850163
4,2,41000.0,-0.60055102364309
4,2,42000.0,0.37183134059234
4,2,43000.0,0.37761724660967
4,2,44000.0,0.37070819758379
4,2,45000.0,0.36873272552372
4,2,46000.0,0.3670780584267
4,2,47000.0,0.38259341709778
4,2,48000.0,0.36721175941986
4,2,49000.0,0.34809854405273
4,2,50000.0,0.37930207763379
4,4,5000.0,0.072562330049702
4,4,6000.0,0.054531033638535
4,4,7000.0,0.059142022486126
4,4,8000.0,0.091444122193292
4,4,9000.0,0.059271692163848
4,4,10000.0,0.061965138658127
4,4,11000.0,0.057847564584919
4,4,12000.0,0.057883017623533
4,4,13000.0,0.076724251848186
4,4,14000.0,0.068333232013305
4,4,15000.0,0.058445156357097
4,4,16000.0,0.060520134701434
4,4,17000.0,0.052380248672339
4,4,18000.0,0.075246328181702
4,4,19000.0,0.043132079106588
4,4,20000.0,0.071340565889667
4,4,21000.0,0.063880791965793
4,4,22000.0,0.05921498879545
4,4,23000.0,0.22000354061935
4,4,24000.0,0.15936051098793
4,4,25000.0,0.17138729430263
4,4,26000.0,0.18874013705062
4,4,27000.0,-0.13365948330045
4,4,28000.0,0.15728156062891
4,4,29000.0,0.22093741986717
4,4,30000.0,0.18082705537274
4,4,31000.0,0.048035850871322
4,4,32000.0,0.17547593373315
4,4,33000.0,0.18408694087081
4,4,34000.0,0.18342039290042
4,4,35000.0,-0.43479730307094
4,4,36000.0,-0.39974642128546
4,4,37000.0,-0.4897127960769
4,4,38000.0,-0.42058141955577
4,4,39000.0,-0.40696425936714
4,4,40000.0,-0.52859071012693
4,4,41000.0,-0.45507896835937
4,4,42000.0,0.2062860877341
4,4,43000.0,0.55572539109967
4,4,44000.0,0.36494569955627
4,4,45000.0,0.19135502558316
4,4,46000.0,0.11065448590685
4,4,47000.0,0.20812611991641
4,4,48000.0,0.068654527526269
4,4,49000.0,0.12832273675913
4,4,50000.0,0.19156095683619
4,5,5000.0,-0.086987094468828
4,5,6000.0,0.026349172683899
4,5,7000.0,0.081372843976105
4,5,8000.0,0.10688091168495
4,5,9000.0,0.073911096923506
4,5,10000.0,0.060596513528429
4,5,11000.0,0.07824769929685
4,5,12000.0,0.047488035095443
4,5,13000.0,0.09935006882316
4,5,14000.0,0.083593668222869
4,5,15000.0,0.077919322399409
4,5,16000.0,0.071609238761479
4,5,17000.0,0.076086980480599
4,5,18000.0,0.35652107896726
4,5,19000.0,0.067484742636716
4,5,20000.0,0.083207913275749
4,5,21000.0,0.049557476771368
4,5,22000.0,0.062457858517392
4,5,23000.0,0.089908428752687
4,5,24000.0,0.06794523384175
4,5,25000.0,0.056058055224665
4,5,26000.0,0.3495550715781
4,5,27000.0,0.36094473346856
4,5,28000.0,0.34619225675508
4,5,29000.0,0.37591432186685
4,5,30000.0,0.35839843554976
4,5,31000.0,0.35640193036973
4,5,32000.0,0.36600877063002
4,5,33000.0,0.32905671840714
4,5,34000.0,0.3460592738331
4,5,35000.0,0.36930340000252
4,5,36000.0,0.35029921575613
4,5,37000.0,0.33080084667034
4,5,38000.0,-0.6375848119351
4,5,39000.0,-0.61743916742065
4,5,40000.0,-0.65016124201326
4,5,41000.0,-0.62006175369908
4,5,42000.0,0.19041513940187
4,5,43000.0,0.20661744089757
4,5,44000.0,0.19817258704285
4,5,45000.0,0.1792993196411
4,5,46000.0,0.17225372052528
4,5,47000.0,0.20622955850398
4,5,48000.0,0.15303629694793
4,5,49000.0,0.10604196036994
4,5,50000.0,0.1915322487902
4,6,5000.0,0.09173160542266
4,6,6000.0,0.037843091546865
4,6,7000.0,0.075722778214229
4,6,8000.0,0.10162248052567
4,6,9000.0,0.056697460114574
4,6,10000.0,0.067921546079059
4,6,11000.0,0.07882748479735
4,6,12000.0,0.042390646303236
4,6,13000.0,0.087647606601434
4,6,14000.0,0.090032518814024
4,6,15000.0,0.078608400997763
4,6,16000.0,0.078213843045579
4,6,17000.0,0.063518570850098
4,6,18000.0,0.083795303301115
4,6,19000.0,0.068466233023982
4,6,20000.0,0.089459258730502
4,6,21000.0,0.045396532080095
4,6,22000.0,0.056502668215488
4,6,23000.0,0.094481884933564
4,6,24000.0,0.079651758910694
4,6,25000.0,0.1666915001105
4,6,26000.0,0.056703679364307
4,6,27000.0,0.064497079399894
4,6,28000.0,0.036544688208492
4,6,29000.0,-0.097908892141462
4,6,30000.0,0.047798086296917
4,6,31000.0,0.037449117442257
4,6,32000.0,0.062089258222964
4,6,33000.0,0.042790648189896
4,6,34000.0,0.18444203760671
4,6,35000.0,0.069137150537741
4,6,36000.0,0.049415966570489
4,6,37000.0,0.011595926958857
4,6,38000.0,-0.61349329056739
4,6,39000.0,-0.62202309789005
4,6,40000.0,-0.64487825030521
4,6,41000.0,-0.5
4,6,42000.0,0.073110815881171
4,6,43000.0,0.18405403772394
4,6,44000.0,0.34870147462059
4,6,45000.0,0.3454930454165
4,6,46000.0,0.3
4,6,47000.0,0.36685239834169
4,6,48000.0,0.36002382087493
4,6,49000.0,0.3
4,6,50000.0,0.37321446737512
4,7,5000.0,0.079351580948664
4,7,6000.0,0.056282274142772
4,7,7000.0,0.066066056272643
4,7,8000.0,0.10297942163683
4,7,9000.0,0.06880399220852
4,7,10000.0,0.029865488084338
4,7,11000.0,0.083001018937198
4,7,12000.0,0.070444183991209
4,7,13000.0,0.079237174783353
4,7,14000.0,0.077796010955341
4,7,15000.0,0.057163906865927
4,7,16000.0,0.088250801760165
4,7,17000.0,0.071114000169815
4,7,18000.0,0.35898473979038
4,7,19000.0,0.35664567971128
4,7,20000.0,0.37730441447893
4,7,21000.0,0.36920782494038
4,7,22000.0,0.32715525131225
4,7,23000.0,0.37917696100966
4,7,24000.0,0.360211355098
4,7,25000.0,0.33032790292582
4,7,26000.0,0.36448626968685
4,7,27000.0,0.34126183198152
4,7,28000.0,-0.65732482260536
4,7,29000.0,-0.64194736396623
4,7,30000.0,-0.60073515771313
4,7,31000.0,-0.64052952900448
4,7,32000.0,0.35162369596655
4,7,33000.0,0.32759184173562
4,7,34000.0,-0.65797803868949
4,7,35000.0,-0.63783610638861
4,7,36000.0,-0.621058372105
4,7,37000.0,-0.65854414020376
4,7,38000.0,-0.63398117101693
4,7,39000.0,-0.65184149370511
4,7,40000.0,-0.6551794590247
4,7,41000.0,-0.65718775235168
4,7,42000.0,0.35427194210688
4,7,43000.0,-0.65518075127041
4,7,44000.0,-0.63839711836443
4,7,45000.0,0.22795606848519
4,7,46000.0,-0.65048559911806
4,7,47000.0,-0.64374823636815
4,7,48000.0,-0.64304843924523
4,7,49000.0,-0.64321579162116
4,7,50000.0,-0.65241604244988
4,8,5000.0,0.10007092848667
4,8,6000.0,0.074888944238131
4,8,7000.0,0.3686031542661
4,8,8000.0,-0.59562181441307
4,8,9000.0,-0.65820366297246
4,8,10000.0,-0.39869070577349
4,8,11000.0,-0.57356900532324
4,8,12000.0,0.049555726283193
4,8,13000.0,0.11019977098602
4,8,14000.0,0.089495178581133
4,8,15000.0,0.040554885849443
4,8,16000.0,0.35234607923847
4,8,17000.0,0.35144616186053
4,8,18000.0,0.38120656486759
4,8,19000.0,-0.7
4,8,20000.0,-0.61619747533602
4,8,21000.0,-0.6070054001996
4,8,22000.0,0.33866474369991
4,8,23000.0,0.1115856668688
4,8,24000.0,0.37031525577853
4,8,25000.0,0.077684958921947
4,8,26000.0,0.056850479172245
4,8,27000.0,0.078266112867586
4,8,28000.0,0.33171337672107
4,8,29000.0,0.080901731091027
4,8,30000.0,0.029006176692441
4,8,31000.0,0.34469860056844
4,8,32000.0,0.17857545781421
4,8,33000.0,0.12420796649935
4,8,34000.0,0.19397667339474
4,8,35000.0,0.21374664090584
4,8,36000.0,0.21131997479834
4,8,37000.0,0.15616292880792
4,8,38000.0,-0.50408097836961
4,8,39000.0,-0.52630582964675
4,8,40000.0,-0.37997187400796
4,8,41000.0,-0.43940704924102
4,8,42000.0,0.23582014217053
4,8,43000.0,0.23212214906897
4,8,44000.0,0.1975374295675
4,8,45000.0,0.20383119111236
4,8,46000.0,0.18500824281736
4,8,47000.0,0.045836590676612
4,8,48000.0,-0.40278386730099
4,8,49000.0,-0.42025771612832
4,8,50000.0,-0.38113609225991
4,9,5000.0,0.07951077380702
4,9,6000.0,-0.59111962797681
4,9,7000.0,-0.59042612003825
4,9,8000.0,-0.56740838161967
4,9,9000.0,-0.62457958780889
4,9,10000.0,-0.43084005139539
4,9,11000.0,-0.51516211618632
4,9,12000.0,0.37279368941552
4,9,13000.0,0.094778377145396
4,9,14000.0,0.075722112319557
4,9,15000.0,0.054455273293021
4,9,16000.0,0.23559830934669
4,9,17000.0,-0.10133114757021
4,9,18000.0,0.086940117609545
4,9,19000.0,0.18638289334556
4,9,20000.0,0.20457845367195
4,9,21000.0,0.087989174522428
4,9,22000.0,0.17562310598851
4,9,23000.0,0.22860352345026
4,9,24000.0,-0.64656567922457
4,9,25000.0,-0.40484877043489
4,9,26000.0,-0.038522551338636
4,9,27000.0,-0.50684331718281
4,9,28000.0,-0.43065490860476
4,9,29000.0,-0.59320765266042
4,9,30000.0,-0.42135989343382
4,9,31000.0,-0.58894089273584
4,9,32000.0,0.35960560036159
4,9,33000.0,0.15564704267568
4,9,34000.0,0.077318264820187
4,9,35000.0,-0.50190052427184
4,9,36000.0,-0.40855633243536
4,9,37000.0,-0.6441599520017
4,9,38000.0,-0.60730239677284
4,9,39000.0,-0.45511104235922
4,9,40000.0,-0.3928121884899
4,9,41000.0,-0.62319991474528
4,9,42000.0,0.33519314750146
4,9,43000.0,-0.14283860812607
4,9,44000.0,0.19838137258929
4,9,45000.0,0.32589570910094
4,9,46000.0,0.037954184607464
4,9,47000.0,0.19662792961407
4,9,48000.0,0.32918990067023
4,9,49000.0,0.0
4,9,50000.0,-0.16175005506232
4,10,5000.0,0.08908837547503
4,10,6000.0,0.073820110416012
4,10,7000.0,0.059079365871005
4,10,8000.0,-0.061591060312337
4,10,9000.0,0.062327018025969
4,10,10000.0,0.08547256318666
4,10,11000.0,0.080849120714058
4,10,12000.0,0.05990233788505
4,10,13000.0,0.11075323901391
4,10,14000.0,0.10933933958614
4,10,15000.0,0.052336309744577
4,10,16000.0,0.093330031381501
4,10,17000.0,0.094150213266117
4,10,18000.0,0.10996133503064
4,10,19000.0,-0.39600773492667
4,10,20000.0,-0.585607952873
4,10,21000.0,-0.46852236590033
4,10,22000.0,0.086274587092389
4,10,23000.0,0.1027751210708
4,10,24000.0,0.088346440156192
4,10,25000.0,0.084341247804115
4,10,26000.0,0.082628573868675
4,10,27000.0,0.1077655673457
4,10,28000.0,0.065694808937694
4,10,29000.0,0.11052893565586
4,10,30000.0,0.097072160486462
4,10,31000.0,0.089358968790022
4,10,32000.0,0.078563847048487
4,10,33000.0,0.083179342382946
4,10,34000.0,-0.63120300963492
4,10,35000.0,-0.58668076884561
4,10,36000.0,-0.57670382783947
4,10,37000.0,-0.58701106253554
4,10,38000.0,-0.47630491393219
4,10,39000.0,-0.60382241895896
4,10,40000.0,-0.58101892886254
4,10,41000.0,-0.57674345813898
4,10,42000.0,0.21772527421504
4,10,43000.0,0.093420967714839
4,10,44000.0,0.24266892938809
4,10,45000.0,0.34947604125827
4,10,46000.0,0.071703965803122
4,10,47000.0,0.25061556629833
4,10,48000.0,0.19411906362601
4,10,49000.0,0.151633358177
4,10,50000.0,0.22610485229563
4,11,5000.0,0.081034833502462
4,11,6000.0,0.069304022589944
4,11,7000.0,0.094457167522145
4,11,8000.0,0.087389873150567
4,11,9000.0,0.078933526995384
4,11,10000.0,0.095494553090224
4,11,11000.0,0.39118386971888
4,11,12000.0,0.07372296915606
4,11,13000.0,0.11593781823171
4,11,14000.0,0.10555095067176
4,11,15000.0,0.053884301932408
4,11,16000.0,0.0879851017702
4,11,17000.0,0.080881028900527
4,11,18000.0,0.10668127864285
4,11,19000.0,0.073903495611149
4,11,20000.0,0.080045993321982
4,11,21000.0,0.10097296384346
4,11,22000.0,0.098632407498592
4,11,23000.0,0.096684715171898
4,11,24000.0,0.090238888976887
4,11,25000.0,0.089427578201577
4,11,26000.0,0.094250160935561
4,11,27000.0,0.10923977032813
4,11,28000.0,0.21511262415582
4,11,29000.0,0.11501011061384
4,11,30000.0,0.088466215176941
4,11,31000.0,0.38231040323913
4,11,32000.0,0.37834259546508
4,11,33000.0,0.3752704061465
4,11,34000.0,0.37118098020799
4,11,35000.0,-0.62763947344753
4,11,36000.0,-0.61396319034182
4,11,37000.0,-0.66364920391105
4,11,38000.0,-0.61450714855912
4,11,39000.0,-0.61083873063093
4,11,40000.0,-0.21707907151098
4,11,41000.0,-0.63009971114258
4,11,42000.0,0.37382257532797
4,11,43000.0,0.094398465538992
4,11,44000.0,0.091502846995893
4,11,45000.0,0.08956737945176
4,11,46000.0,0.32201075635494
4,11,47000.0,0.074637127656283
4,11,48000.0,0.088084070831785
4,11,49000.0,0.044344358425302
4,11,50000.0,0.084147774470157
4,12,5000.0,0.20026468902752
4,12,6000.0,0.056739514438503
4,12,7000.0,0.077761562356128
4,12,8000.0,0.091382722872007
4,12,9000.0,0.19428444711801
4,12,10000.0,0.072717215786697
4,12,11000.0,0.090995531030261
4,12,12000.0,0.050692609433701
4,12,13000.0,0.081373730874444
4,12,14000.0,0.095367246649989
4,12,15000.0,0.063230526003169
4,12,16000.0,0.071691620509538
4,12,17000.0,0.051591276716172
4,12,18000.0,0.073828875970052
4,12,19000.0,0.062462592959754
4,12,20000.0,0.070485552882491
4,12,21000.0,0.064018257525042
4,12,22000.0,0.075235317525396
4,12,23000.0,0.23180832820225
4,12,24000.0,0.061422791353633
4,12,25000.0,0.042384335386448
4,12,26000.0,0.070875846106699
4,12,27000.0,0.081346463943343
4,12,28000.0,0.035462923892971
4,12,29000.0,0.087474035534973
4,12,30000.0,0.059350394338808
4,12,31000.0,0.069592924681129
4,12,32000.0,0.059809839609945
4,12,33000.0,0.041040187371694
4,12,34000.0,0.055648562071275
4,12,35000.0,0.07068399220005
4,12,36000.0,0.076440785023463
4,12,37000.0,0.0061600570554641
4,12,38000.0,0.049284482438851
4,12,39000.0,0.066021698548675
4,12,40000.0,0.047082374567612
4,12,41000.0,-0.16446406796988
4,12,42000.0,0.037294334471503
4,12,43000.0,0.04846033775378
4,12,44000.0,0.057779078267436
4,12,45000.0,0.02568437880106
4,12,46000.0,0.034864531217775
4,12,47000.0,0.075741635327034
4,12,48000.0,0.71149373714066
4,12,49000.0,-0.64000565148817
4,12,50000.0,-0.6082218087122
4,13,5000.0,0.13261739886417
4,13,6000.0,0.10762286516316
4,13,7000.0,0.095738041752574
4,13,8000.0,0.15792765002532
4,13,9000.0,0.11102111663236
4,13,10000.0,0.11508790845639
4,13,11000.0,-0.53142545256133
4,13,12000.0,0.1237548721967
4,13,13000.0,0.13271782100037
4,13,14000.0,0.14796319423586
4,13,15000.0,0.11982373413894
4,13,16000.0,0.13091128198646
4,13,17000.0,0.11607915670696
4,13,18000.0,0.14912119680949
4,13,19000.0,0.10913542539308
4,13,20000.0,0.14001170427771
4,13,21000.0,0.15245452865693
4,13,22000.0,0.12278354251364
4,13,23000.0,-0.039052071473398
4,13,24000.0,0.11283816386876
4,13,25000.0,0.13421641578834
4,13,26000.0,0.13534122349362
4,13,27000.0,0.13766309089556
4,13,28000.0,0.10031817901118
4,13,29000.0,0.1511861791903
4,13,30000.0,0.14128276207305
4,13,31000.0,0.1270399232446
4,13,32000.0,0.14402754544076
4,13,33000.0,0.12073929070784
4,13,34000.0,0.13391768140488
4,13,35000.0,0.13829208274557
4,13,36000.0,0.43223049641009
4,13,37000.0,0.42057897672697
4,13,38000.0,0.42544383131336
4,13,39000.0,0.41911962528358
4,13,40000.0,0.435470447561
4,13,41000.0,0.14478544587893
4,13,42000.0,0.14083671146855
4,13,43000.0,0.42969588708736
4,13,44000.0,0.43990614988046
4,13,45000.0,0.42217542164549
4,13,46000.0,0.42947674040055
4,13,47000.0,0.43167430693182
4,13,48000.0,0.43290085160638
4,13,49000.0,0.41633971631417
4,13,50000.0,0.44168232940577
4,14,5000.0,0.10356079719977
4,14,6000.0,0.069145056102909
4,14,7000.0,0.094602796562773
4,14,8000.0,-0.044608501474537
4,14,9000.0,0.095132890639295
4,14,10000.0,0.2220133437975
4,14,11000.0,0.121224630433
4,14,12000.0,0.097455915912146
4,14,13000.0,0.11942873113343
4,14,14000.0,0.11325851786955
4,14,15000.0,0.097158449081515
4,14,16000.0,0.11292380812149
4,14,17000.0,0.10137847649741
4,14,18000.0,0.10433036672737
4,14,19000.0,0.2469014357476
4,14,20000.0,0.11753403343151
4,14,21000.0,0.10203930281277
4,14,22000.0,0.068592000697999
4,14,23000.0,0.1105967854278
4,14,24000.0,0.10955433981761
4,14,25000.0,0.1081667741775
4,14,26000.0,0.38079208595339
4,14,27000.0,0.11387971962842
4,14,28000.0,0.099321877655163
4,14,29000.0,0.11685935057537
4,14,30000.0,0.098042906361886
4,14,31000.0,0.39889999025232
4,14,32000.0,0.10618058820256
4,14,33000.0,-0.58789010374134
4,14,34000.0,-0.57164184372207
4,14,35000.0,-0.57201327546004
4,14,36000.0,-0.56932774358399
4,14,37000.0,-0.61246533306603
4,14,38000.0,-0.56579298826298
4,14,39000.0,-0.64006390820771
4,14,40000.0,-0.56068758597722
4,14,41000.0,-0.57980558529011
4,14,42000.0,0.38295368739398
4,14,43000.0,0.24711162520562
4,14,44000.0,0.22559914423496
4,14,45000.0,0.24534187967333
4,14,46000.0,0.23287270207001
4,14,47000.0,0.22650954516435
4,14,48000.0,0.20944780436753
4,14,49000.0,0.16029653440629
4,14,50000.0,0.20307839200526
4,15,5000.0,-0.61063270342614
4,15,6000.0,-0.60724236203588
4,15,7000.0,-0.57207585581454
4,15,8000.0,-0.6040584346053
4,15,9000.0,-0.3856315513201
4,15,10000.0,-0.47748893265004
4,15,11000.0,-0.56337355452119
4,15,12000.0,0.19813924413792
4,15,13000.0,0.10924303489004
4,15,14000.0,-0.069738583318791
4,15,15000.0,0.17081556641554
4,15,16000.0,0.4010478849067
4,15,17000.0,0.22807603689894
4,15,18000.0,0.089883878678842
4,15,19000.0,0.086500331637738
4,15,20000.0,0.22525975110522
4,15,21000.0,0.24928100456853
4,15,22000.0,0.23638210138755
4,15,23000.0,0.26835412607796
4,15,24000.0,0.19975558918162
4,15,25000.0,0.24180995478145
4,15,26000.0,0.24870312592815
4,15,27000.0,0.23872487834204
4,15,28000.0,0.20967300682122
4,15,29000.0,0.26981500755914
4,15,30000.0,0.24119768687713
4,15,31000.0,0.24602997595643
4,15,32000.0,0.21851425805455
4,15,33000.0,-0.38440474544077
4,15,34000.0,-0.44479476219212
4,15,35000.0,-0.37502685882938
4,15,36000.0,-0.38363081455189
4,15,37000.0,-0.40393982021515
4,15,38000.0,-0.34765329939358
4,15,39000.0,-0.37459633079154
4,15,40000.0,-0.36694874249164
4,15,41000.0,-0.42686172593828
4,15,42000.0,0.25056571042012
4,15,43000.0,0.24483278155213
4,15,44000.0,0.2306116213828
4,15,45000.0,0.16848200644392
4,15,46000.0,0.20421776041012
4,15,47000.0,0.246841053716
4,15,48000.0,0.20180110261864
4,15,49000.0,0.17987094520488
4,15,50000.0,0.38098561109384
4,16,5000.0,0.10892417832202
4,16,6000.0,0.084390971617778
4,16,7000.0,0.098994029596463
4,16,8000.0,0.13474673309686
4,16,9000.0,0.081325418053604
4,16,10000.0,0.07754182875041
4,16,11000.0,0.12648728282941
4,16,12000.0,0.10441789501716
4,16,13000.0,0.12535410742823
4,16,14000.0,0.1314636623488
4,16,15000.0,0.11004732305483
4,16,16000.0,0.12654254244598
4,16,17000.0,0.11790918673765
4,16,18000.0,0.39353704836954
4,16,19000.0,-0.060148094266467
4,16,20000.0,0.13377100030749
4,16,21000.0,0.12360196351071
4,16,22000.0,0.085470109212427
4,16,23000.0,0.13728785929425
4,16,24000.0,0.096384974925008
4,16,25000.0,0.11498469028911
4,16,26000.0,0.12303338200158
4,16,27000.0,0.10666179274541
4,16,28000.0,-0.58041352297463
4,16,29000.0,-0.53659432722125
4,16,30000.0,-0.56577694985066
4,16,31000.0,-0.54994973347809
4,16,32000.0,0.12381115955891
4,16,33000.0,0.063887909041532
4,16,34000.0,0.1093099419233
4,16,35000.0,0.12626465917495
4,16,36000.0,0.10843996018584
4,16,37000.0,0.1004219086518
4,16,38000.0,0.39410378459632
4,16,39000.0,0.39403786048199
4,16,40000.0,0.40803363946396
4,16,41000.0,0.40071450566656
4,16,42000.0,0.3837429111966
4,16,43000.0,0.12068006808997
4,16,44000.0,0.12725325436011
4,16,45000.0,0.10283636233912
4,16,46000.0,0.39607073275324
4,16,47000.0,-0.18579360552299
4,16,48000.0,-0.60300853744719
4,16,49000.0,-0.61500456890216
4,16,50000.0,-0.59562312270421
4,17,5000.0,0.061167234947108
4,17,6000.0,0.042940394723262
4,17,7000.0,0.063902024934789
4,17,8000.0,0.086435854733987
4,17,9000.0,0.02515601155896
4,17,10000.0,0.042696851509161
4,17,11000.0,0.07853118438676
4,17,12000.0,0.043594474329088
4,17,13000.0,0.060330678144782
4,17,14000.0,0.063137775266595
4,17,15000.0,0.06719331359844
4,17,16000.0,0.064339252405074
4,17,17000.0,0.053581407944363
4,17,18000.0,0.3487683922451
4,17,19000.0,0.35674605352484
4,17,20000.0,0.36730021516541
4,17,21000.0,0.35163784875057
4,17,22000.0,0.34034234836204
4,17,23000.0,0.36964490996264
4,17,24000.0,0.35737805921581
4,17,25000.0,0.35419004914129
4,17,26000.0,0.34420720851195
4,17,27000.0,0.35212927939416
4,17,28000.0,0.35074524969245
4,17,29000.0,0.36748523178465
4,17,30000.0,0.36056975791011
4,17,31000.0,0.040027601341083
4,17,32000.0,0.34989392190156
4,17,33000.0,0.34972890547214
4,17,34000.0,0.72662617616347
4,17,35000.0,-0.61490578930784
4,17,36000.0,-0.61876788035067
4,17,37000.0,0.014845013324112
4,17,38000.0,-0.25125835573796
4,17,39000.0,-0.41063940794665
4,17,40000.0,-0.55629183362712
4,17,41000.0,-0.6363158010236
4,17,42000.0,0.059670145458722
4,17,43000.0,0.045611613249977
4,17,44000.0,0.34601495915957
4,17,45000.0,0.352351038043
4,17,46000.0,-0.68101328492182
4,17,47000.0,-0.60184813666073
4,17,48000.0,-0.41168240209143
4,17,49000.0,-0.7
4,17,50000.0,-0.60236212479634
4,18,5000.0,-0.63036940361276
4,18,6000.0,-0.64371566524961
4,18,7000.0,-0.6032333474976
4,18,8000.0,-0.62613394967829
4,18,9000.0,-0.40114130332789
4,18,10000.0,-0.53854692250724
4,18,11000.0,-0.60514528051988
4,18,12000.0,0.3564112393433
4,18,13000.0,0.083435135773767
4,18,14000.0,0.20774699552214
4,18,15000.0,0.34412158066709
4,18,16000.0,-0.10330876790576
4,18,17000.0,0.063127046353282
4,18,18000.0,0.22310951804293
4,18,19000.0,0.34146298883161
4,18,20000.0,0.20343352259173
4,18,21000.0,0.37305665163519
4,18,22000.0,0.34910862876147
4,18,23000.0,0.069110065980882
4,18,24000.0,0.35547657830163
4,18,25000.0,0.35809265474957
4,18,26000.0,-0.14583907120548
4,18,27000.0,0.36700336631936
4,18,28000.0,0.35453221252924
4,18,29000.0,0.3661872593318
4,18,30000.0,0.34753744027993
4,18,31000.0,0.35905126784361
4,18,32000.0,0.34900874307754
4,18,33000.0,0.35224050841254
4,18,34000.0,0.34417177522454
4,18,35000.0,-0.65898501042069
4,18,36000.0,-0.63744005851022
4,18,37000.0,-0.65794118880522
4,18,38000.0,-0.65041360495115
4,18,39000.0,-0.63626749500914
4,18,40000.0,-0.64000112502505
4,18,41000.0,-0.66796491768027
4,18,42000.0,-0.10930198819646
4,18,43000.0,0.35871317898915
4,18,44000.0,0.067120427089735
4,18,45000.0,0.34708762513215
4,18,46000.0,0.34409386224236
4,18,47000.0,-0.24018272059328
4,18,48000.0,-0.63652075070613
4,18,49000.0,-0.68061190810218
4,18,50000.0,-0.64720030845456
4,19,5000.0,0.13561535681292
4,19,6000.0,0.10054964432063
4,19,7000.0,0.094512218904699
4,19,8000.0,0.1463192159817
4,19,9000.0,0.093604342974638
4,19,10000.0,0.070713991633958
4,19,11000.0,0.11214253361201
4,19,12000.0,0.11251079908521
4,19,13000.0,0.12252357385029
4,19,14000.0,0.26243843943554
4,19,15000.0,-0.088654344344157
4,19,16000.0,0.12781587232053
4,19,17000.0,0.094849510346457
4,19,18000.0,0.13557936424241
4,19,19000.0,0.10142217931522
4,19,20000.0,0.10949365951293
4,19,21000.0,0.13585954520393
4,19,22000.0,0.088137923328573
4,19,23000.0,0.14418065766767
4,19,24000.0,-0.55970169963253
4,19,25000.0,-0.56147400487069
4,19,26000.0,-0.54171385407727
4,19,27000.0,-0.54926895396814
4,19,28000.0,-0.55846778391762
4,19,29000.0,-0.53135868883739
4,19,30000.0,-0.57023780777816
4,19,31000.0,-0.45909736930446
4,19,32000.0,0.12606306747826
4,19,33000.0,0.25671535859999
4,19,34000.0,0.27054874271081
4,19,35000.0,0.30134731093895
4,19,36000.0,0.29009351770831
4,19,37000.0,0.26407845334507
4,19,38000.0,0.40607181617541
4,19,39000.0,0.40857445627801
4,19,40000.0,0.39923212231721
4,19,41000.0,0.26511017042766
4,19,42000.0,0.41688212886783
4,19,43000.0,-0.59705524556273
4,19,44000.0,-0.29923325182007
4,19,45000.0,-0.32754338931659
4,19,46000.0,-0.33071735546995
4,19,47000.0,-0.58240318292963
4,19,48000.0,-0.31119216394482
4,19,49000.0,-0.3578313965525
4,19,50000.0,-0.59251617144884
4,20,5000.0,0.1108712411941
4,20,6000.0,0.067338922279716
4,20,7000.0,0.071321734776472
4,20,8000.0,0.11961770018643
4,20,9000.0,0.082485767257386
4,20,10000.0,0.060653234941928
4,20,11000.0,0.097613716945346
4,20,12000.0,0.099280222016324
4,20,13000.0,0.10359303899187
4,20,14000.0,0.095928283391559
4,20,15000.0,0.07514117397125
4,20,16000.0,0.087140085806428
4,20,17000.0,0.089050359303288
4,20,18000.0,0.10244670941325
4,20,19000.0,0.031145122524268
4,20,20000.0,0.10676324383208
4,20,21000.0,0.10266475530722
4,20,22000.0,0.054819111410277
4,20,23000.0,0.099992638861961
4,20,24000.0,-0.5890395712462
4,20,25000.0,-0.6047427288203
4,20,26000.0,-0.5975632665053
4,20,27000.0,-0.59569830334851
4,20,28000.0,-0.61872363053664
4,20,29000.0,-0.5651061670743
4,20,30000.0,-0.63000841298786
4,20,31000.0,-0.39633732031036
4,20,32000.0,-0.10120508449277
4,20,33000.0,-0.60925659213921
4,20,34000.0,-0.6063329333976
4,20,35000.0,-0.49574318345804
4,20,36000.0,-0.4891972975999
4,20,37000.0,-0.62080596649351
4,20,38000.0,-0.63419123974406
4,20,39000.0,-0.40226753909508
4,20,40000.0,-0.60519122859027
4,20,41000.0,-0.60864358333361
4,20,42000.0,0.19711255589202
4,20,43000.0,0.058222019542237
4,20,44000.0,-0.10010972052834
4,20,45000.0,0.068192250065759
4,20,46000.0,0.16401945589164
4,20,47000.0,-0.11167677030786
4,20,48000.0,0.34188385502283
4,20,49000.0,0.0
4,20,50000.0,0.25579790828374
4,21,5000.0,0.0812223887706
4,21,6000.0,-0.15112723720325
4,21,7000.0,0.064132683148933
4,21,8000.0,0.10633877374692
4,21,9000.0,0.067345646234682
4,21,10000.0,0.077563071992456
4,21,11000.0,0.074229615803747
4,21,12000.0,0.071232091216934
4,21,13000.0,0.1020421725731
4,21,14000.0,0.098422938502483
4,21,15000.0,0.060652890954393
4,21,16000.0,0.098947871542438
4,21,17000.0,0.077615417014977
4,21,18000.0,0.095932726246494
4,21,19000.0,-0.60587950624856
4,21,20000.0,-0.58308867613873
4,21,21000.0,-0.56238490602412
4,21,22000.0,0.080080618435859
4,21,23000.0,0.76983017046334
4,21,24000.0,0.35894725338631
4,21,25000.0,0.37754897952918
4,21,26000.0,0.38040886671394
4,21,27000.0,0.080326470278663
4,21,28000.0,0.37570276349169
4,21,29000.0,0.39341776536436
4,21,30000.0,0.37430946367932
4,21,31000.0,0.37594931559612
4,21,32000.0,0.38400758235567
4,21,33000.0,0.38037376556181
4,21,34000.0,0.38110994412507
4,21,35000.0,-0.51773474762498
4,21,36000.0,-0.60548647332274
4,21,37000.0,-0.62130185255769
4,21,38000.0,-0.60783374244167
4,21,39000.0,-0.62413783820906
4,21,40000.0,-0.61232784769155
4,21,41000.0,-0.62585990063399
4,21,42000.0,0.39028232487911
4,21,43000.0,0.3690192224344
4,21,44000.0,0.38824768985961
4,21,45000.0,0.38287577303032
4,21,46000.0,0.38225527999371
4,21,47000.0,0.3898570493377
4,21,48000.0,0.39647941154145
4,21,49000.0,0.38125108424218
4,21,50000.0,0.4003369624872
4,22,5000.0,0.045020381337906
4,22,6000.0,0.040832682026494
4,22,7000.0,0.047256804169021
4,22,8000.0,0.070323961871343
4,22,9000.0,0.031091079807562
4,22,10000.0,0.011574786760727
4,22,11000.0,0.062858645431437
4,22,12000.0,0.33816395576521
4,22,13000.0,0.33607892353354
4,22,14000.0,0.32941804442375
4,22,15000.0,0.34359136158941
4,22,16000.0,0.34537668590809
4,22,17000.0,-0.14941189625854
4,22,18000.0,0.33225398997348
4,22,19000.0,0.33879112589187
4,22,20000.0,0.35318093722843
4,22,21000.0,0.33700996069745
4,22,22000.0,0.31623517029033
4,22,23000.0,0.35327399711119
4,22,24000.0,0.33805218618317
4,22,25000.0,0.32578598281846
4,22,26000.0,0.33492065632964
4,22,27000.0,0.33171288436567
4,22,28000.0,0.32995174655759
4,22,29000.0,0.35192731189572
4,22,30000.0,0.16135277384476
4,22,31000.0,0.3218564340846
4,22,32000.0,0.33503874614836
4,22,33000.0,0.3
4,22,34000.0,0.33268179818172
4,22,35000.0,0.34362487724431
4,22,36000.0,0.32644393058603
4,22,37000.0,0.0037072988988067
4,22,38000.0,-0.67494737466354
4,22,39000.0,-0.67423310027223
4,22,40000.0,-0.7
4,22,41000.0,-0.69467467201639
4,22,42000.0,0.33331526013742
4,22,43000.0,0.30906528804362
4,22,44000.0,0.13117515205054
4,22,45000.0,0.31878669907394
4,22,46000.0,0.3
4,22,47000.0,0.32347282560946
4,22,48000.0,0.32730116839892
4,22,49000.0,0.3
4,22,50000.0,0.33908968943385
4,23,5000.0,0.079776327310688
4,23,6000.0,0.032413980546743
4,23,7000.0,0.064926709350561
4,23,8000.0,0.090352397027594
4,23,9000.0,0.044838435131836
4,23,10000.0,0.051955979219495
4,23,11000.0,0.084138906247935
4,23,12000.0,0.048068595394483
4,23,13000.0,0.071990627935549
4,23,14000.0,0.079685063580222
4,23,15000.0,0.063233850325274
4,23,16000.0,0.044093638950596
4,23,17000.0,0.068995582166279
4,23,18000.0,0.069882976981518
4,23,19000.0,0.054674944691341
4,23,20000.0,0.065382611064758
4,23,21000.0,0.063596220063778
4,23,22000.0,0.045494465734364
4,23,23000.0,0.080166798474789
4,23,24000.0,0.043449792601865
4,23,25000.0,0.040388537905222
4,23,26000.0,0.048191874670931
4,23,27000.0,0.34835068895996
4,23,28000.0,0.31780129698128
4,23,29000.0,0.36154320309648
4,23,30000.0,0.34072460370602
4,23,31000.0,0.34119119663692
4,23,32000.0,0.34991996177842
4,23,33000.0,0.30553519618835
4,23,34000.0,0.30927478007158
4,23,35000.0,0.3517344481463
4,23,36000.0,0.33734302348847
4,23,37000.0,0.30507754978455
4,23,38000.0,0.32513534826454
4,23,39000.0,0.33347818213705
4,23,40000.0,0.3374517429314
4,23,41000.0,0.31845571762416
4,23,42000.0,0.032804636069176
4,23,43000.0,0.33094450803005
4,23,44000.0,0.33301281728712
4,23,45000.0,0.31276882904685
4,23,46000.0,0.31405795121633
4,23,47000.0,0.32806577494986
4,23,48000.0,-0.16203827604963
4,23,49000.0,0.1
4,23,50000.0,0.3457755203844
4,24,5000.0,0.077940576027414
4,24,6000.0,0.053621708020886
4,24,7000.0,0.054965727610721
4,24,8000.0,0.097321206247271
4,24,9000.0,0.060866105196405
4,24,10000.0,0.053271953701191
4,24,11000.0,0.088170338986944
4,24,12000.0,0.067179274679581
4,24,13000.0,-0.094856959368492
4,24,14000.0,0.087797363983832
4,24,15000.0,0.051059929666484
4,24,16000.0,0.090688450888223
4,24,17000.0,0.086953247010393
4,24,18000.0,0.081980946169088
4,24,19000.0,0.065468302439349
4,24,20000.0,0.09023557038742
4,24,21000.0,0.37311499809206
4,24,22000.0,0.058720759995168
4,24,23000.0,0.091292709254907
4,24,24000.0,0.36283743146629
4,24,25000.0,0.35349449807233
4,24,26000.0,0.082133767409446
4,24,27000.0,0.37075907511859
4,24,28000.0,-0.60940525560832
4,24,29000.0,-0.59894368311593
4,24,30000.0,-0.59302948040152
4,24,31000.0,-0.58651606420409
4,24,32000.0,0.36920481520074
4,24,33000.0,0.34638203651828
4,24,34000.0,0.36710256071473
4,24,35000.0,0.78327030778082
4,24,36000.0,0.36492883174576
4,24,37000.0,0.36865344002415
4,24,38000.0,-0.095563799631021
4,24,39000.0,0.36767600484291
4,24,40000.0,0.36579645296886
4,24,41000.0,0.36935213390481
4,24,42000.0,0.37322590315611
4,24,43000.0,0.3643634885929
4,24,44000.0,0.37931135448307
4,24,45000.0,0.36722255408509
4,24,46000.0,0.3668184023085
4,24,47000.0,0.37048101014871
4,24,48000.0,0.36826776244562
4,24,49000.0,0.34571294344877
4,24,50000.0,0.3659214072973
