run,type,module,name,attrname,attrvalue,vectime,vecvalue
General-3-20251226-14:21:36-80283,runattr,,,configname,General,,
General-3-20251226-14:21:36-80283,runattr,,,datetime,20251226-14:21:36,,
General-3-20251226-14:21:36-80283,runattr,,,datetimef,20251226-142136,,
General-3-20251226-14:21:36-80283,runattr,,,experiment,General,,
General-3-20251226-14:21:36-80283,runattr,,,inifile,omnetpp.ini,,
General-3-20251226-14:21:36-80283,runattr,,,iterationvars,,,
General-3-20251226-14:21:36-80283,runattr,,,iterationvarsd,,,
General-3-20251226-14:21:36-80283,runattr,,,iterationvarsf,,,
General-3-20251226-14:21:36-80283,runattr,,,measurement,,,
General-3-20251226-14:21:36-80283,runattr,,,network,src.AdhocNetwork1,,
General-3-20251226-14:21:36-80283,runattr,,,processid,80283,,
General-3-20251226-14:21:36-80283,runattr,,,repetition,3,,
General-3-20251226-14:21:36-80283,runattr,,,replication,#3,,
General-3-20251226-14:21:36-80283,runattr,,,resultdir,results,,
General-3-20251226-14:21:36-80283,runattr,,,runnumber,3,,
General-3-20251226-14:21:36-80283,runattr,,,seedset,3,,
General-3-20251226-14:21:36-80283,config,,,image-path,../../../inet4.5/images,,
General-3-20251226-14:21:36-80283,config,,,repeat,5,,
General-3-20251226-14:21:36-80283,config,,,network,src.AdhocNetwork1,,
General-3-20251226-14:21:36-80283,config,,,sim-time-limit,50s,,
General-3-20251226-14:21:36-80283,config,,,*.host[*].ipv4.arp.typename,GlobalArp,,
General-3-20251226-14:21:36-80283,config,,,*.host[*].numApps,3,,
General-3-20251226-14:21:36-80283,config,,,*.host[*].app[0].typename,src.cluster.ClusterApp,,
General-3-20251226-14:21:36-80283,config,,,*.host[*].app[0].localPort,4000,,
General-3-20251226-14:21:36-80283,config,,,*.host[*].app[0].destPort,4000,,
General-3-20251226-14:21:36-80283,config,,,*.host[*].app[0].helloInterval,1s,,
General-3-20251226-14:21:36-80283,config,,,*.host[*].app[0].cfInterval,3s,,
General-3-20251226-14:21:36-80283,config,,,*.host[*].app[0].hldTimeThreshold,1s,,
General-3-20251226-14:21:36-80283,config,,,*.host[*].app[0].maxTrials,3,,
General-3-20251226-14:21:36-80283,config,,,*.host[*].app[0].requestTimeout,1s,,
General-3-20251226-14:21:36-80283,config,,,*.host[*].app[0].maxClusterSize,10,,
General-3-20251226-14:21:36-80283,config,,,*.host[*].app[1].typename,src.tcp.RecordingTcpClientApp,,
General-3-20251226-14:21:36-80283,config,,,*.host[*].app[1].delaySamplePeriod,1s,,
General-3-20251226-14:21:36-80283,config,,,*.host[*].app[1].delayStaleWindow,3s,,
General-3-20251226-14:21:36-80283,config,,,*.host[*].app[1].connectPort,1000,,
General-3-20251226-14:21:36-80283,config,,,*.host[*].app[1].tOpen,"uniform(1s, 2s)",,
General-3-20251226-14:21:36-80283,config,,,*.host[*].app[1].tSend,"uniform(1s, 2s)",,
General-3-20251226-14:21:36-80283,config,,,*.host[*].app[1].thinkTime,"uniform(0s, 1s)",,
General-3-20251226-14:21:36-80283,config,,,*.host[*].app[1].idleInterval,"uniform(3s, 5s)",,
General-3-20251226-14:21:36-80283,config,,,*.host[*].app[1].sendBytes,200B,,
General-3-20251226-14:21:36-80283,config,,,*.host[*].app[1].sendInterval,"uniform(1s, 2s)",,
General-3-20251226-14:21:36-80283,config,,,*.host[*].app[1].connectAddress,"""host["" + string((index + intuniform(1,24)) % 25) + ""]""",,
General-3-20251226-14:21:36-80283,config,,,*.host[*].app[2].typename,TcpEchoApp,,
General-3-20251226-14:21:36-80283,config,,,*.host[*].app[2].localPort,1000,,
General-3-20251226-14:21:36-80283,config,,,*.host[*].typename,RouterWithMetrics,,
General-3-20251226-14:21:36-80283,config,,,**.metrics.samplePeriod,0.5s,,
General-3-20251226-14:21:36-80283,config,,,**.metrics.recordPerUtility,true,,
General-3-20251226-14:21:36-80283,config,,,*.host[*].wlan[0].typename,WirelessInterface,,
General-3-20251226-14:21:36-80283,config,,,*.host[*].wlan[0].radio.transmitter.communicationRange,350m,,
General-3-20251226-14:21:36-80283,config,,,*.host[*].wlan[0].radio.receiver.ignoreInterference,false,,
General-3-20251226-14:21:36-80283,config,,,*.host[*].wlan[0].radio.transmitter.interferenceRange,400m,,
General-3-20251226-14:21:36-80283,config,,,*.host[*].wlan[0].radio.typename,UnitDiskRadio,,
General-3-20251226-14:21:36-80283,config,,,*.host[*].wlan[0].mac.typename,CsmaCaMac,,
General-3-20251226-14:21:36-80283,config,,,*.host[*].wlan[0].mac.ackTimeout,300us,,
General-3-20251226-14:21:36-80283,config,,,*.host[*].wlan[0].mac.useAck,true,,
General-3-20251226-14:21:36-80283,config,,,*.host[*].wlan[0].mac.fullDuplex,false,,
General-3-20251226-14:21:36-80283,config,,,*.host[*].wlan[0].mac.headerLength,23B,,
General-3-20251226-14:21:36-80283,config,,,*.host[*].mobility.typename,LinearMobility,,
General-3-20251226-14:21:36-80283,config,,,*.host[*].mobility.speed,10mps,,
General-3-20251226-14:21:36-80283,config,,,*.host[*].mobility.angle,45deg,,
General-3-20251226-14:21:36-80283,config,,,*.host[*].wlan[0].queue.typename,DropTailQueue,,
General-3-20251226-14:21:36-80283,config,,,*.host[*].wlan[0].queue.packetCapacity,10,,
General-3-20251226-14:21:36-80283,config,,,*.host[*].hasStatus,true,,
General-3-20251226-14:21:36-80283,config,,,*.host[*].wlan[0].radio.energyConsumer.typename,StateBasedEpEnergyConsumer,,
General-3-20251226-14:21:36-80283,config,,,*.host[*].wlan[0].radio.energyConsumer.offPowerConsumption,0mW,,
General-3-20251226-14:21:36-80283,config,,,*.host[*].wlan[0].radio.energyConsumer.sleepPowerConsumption,1mW,,
General-3-20251226-14:21:36-80283,config,,,*.host[*].wlan[0].radio.energyConsumer.switchingPowerConsumption,1mW,,
General-3-20251226-14:21:36-80283,config,,,*.host[*].wlan[0].radio.energyConsumer.receiverIdlePowerConsumption,2mW,,
General-3-20251226-14:21:36-80283,config,,,*.host[*].wlan[0].radio.energyConsumer.receiverBusyPowerConsumption,5mW,,
General-3-20251226-14:21:36-80283,config,,,*.host[*].wlan[0].radio.energyConsumer.receiverReceivingPowerConsumption,10mW,,
General-3-20251226-14:21:36-80283,config,,,*.host[*].wlan[0].radio.energyConsumer.transmitterIdlePowerConsumption,2mW,,
General-3-20251226-14:21:36-80283,config,,,*.host[*].wlan[0].radio.energyConsumer.transmitterTransmittingPowerConsumption,100mW,,
General-3-20251226-14:21:36-80283,config,,,*.host[*].energyStorage.typename,SimpleEpEnergyStorage,,
General-3-20251226-14:21:36-80283,config,,,*.host[*].energyStorage.nominalCapacity,2J,,
General-3-20251226-14:21:36-80283,config,,,*.host[*].energyStorage.initialCapacity,2J,,
General-3-20251226-14:21:36-80283,config,,,*.host[*].energyManagement.typename,SimpleEpEnergyManagement,,
General-3-20251226-14:21:36-80283,config,,,*.host[*].energyManagement.nodeStartCapacity,0.0001J,,
General-3-20251226-14:21:36-80283,config,,,*.host[*].energyManagement.nodeShutdownCapacity,0.0001J,,
General-3-20251226-14:21:36-80283,config,,,*.host[*].**.bitrate,1Mbps,,
General-3-20251226-14:21:36-80283,config,,,*.host[*].forwarding,true,,
General-3-20251226-14:21:36-80283,config,,,*.host[*].mobility.constraintAreaMinX,0m,,
General-3-20251226-14:21:36-80283,config,,,*.host[*].mobility.constraintAreaMinY,0m,,
General-3-20251226-14:21:36-80283,config,,,*.host[*].mobility.constraintAreaMinZ,0m,,
General-3-20251226-14:21:36-80283,config,,,*.host[*].mobility.constraintAreaMaxX,1250m,,
General-3-20251226-14:21:36-80283,config,,,*.host[*].mobility.constraintAreaMaxY,1250m,,
General-3-20251226-14:21:36-80283,config,,,*.host[*].mobility.constraintAreaMaxZ,0m,,
General-3-20251226-14:21:36-80283,config,,,*.host[*].mobility.initialX,"uniform(100m, 1150m)",,
General-3-20251226-14:21:36-80283,config,,,*.host[*].mobility.initialY,"uniform(100m, 1150m)",,
General-3-20251226-14:21:36-80283,config,,,*.host[*].wlan[0].radio.displayCommunicationRange,true,,
General-3-20251226-14:21:36-80283,config,,,*.configurator.config,"xml(""<config><interface hosts='**' address='10.0.0.x' netmask='255.255.255.0'/></config>"")",,
General-3-20251226-14:21:36-80283,config,,,*.configurator.addDefaultRoutes,false,,
General-3-20251226-14:21:36-80283,config,,,*.configurator.addStaticRoutes,false,,
General-3-20251226-14:21:36-80283,config,,,*.configurator.optimizeRoutes,false,,
General-3-20251226-14:21:36-80283,config,,,*.host*.ipv4.routingTable.netmaskRoutes,"""""",,
General-3-20251226-14:21:36-80283,config,,,*.linkVisualizer.*.displayLinks,false,,
General-1-20251226-14:21:36-80284,runattr,,,configname,General,,
General-1-20251226-14:21:36-80284,runattr,,,datetime,20251226-14:21:36,,
General-1-20251226-14:21:36-80284,runattr,,,datetimef,20251226-142136,,
General-1-20251226-14:21:36-80284,runattr,,,experiment,General,,
General-1-20251226-14:21:36-80284,runattr,,,inifile,omnetpp.ini,,
General-1-20251226-14:21:36-80284,runattr,,,iterationvars,,,
General-1-20251226-14:21:36-80284,runattr,,,iterationvarsd,,,
General-1-20251226-14:21:36-80284,runattr,,,iterationvarsf,,,
General-1-20251226-14:21:36-80284,runattr,,,measurement,,,
General-1-20251226-14:21:36-80284,runattr,,,network,src.AdhocNetwork1,,
General-1-20251226-14:21:36-80284,runattr,,,processid,80284,,
General-1-20251226-14:21:36-80284,runattr,,,repetition,1,,
General-1-20251226-14:21:36-80284,runattr,,,replication,#1,,
General-1-20251226-14:21:36-80284,runattr,,,resultdir,results,,
General-1-20251226-14:21:36-80284,runattr,,,runnumber,1,,
General-1-20251226-14:21:36-80284,runattr,,,seedset,1,,
General-1-20251226-14:21:36-80284,config,,,image-path,../../../inet4.5/images,,
General-1-20251226-14:21:36-80284,config,,,repeat,5,,
General-1-20251226-14:21:36-80284,config,,,network,src.AdhocNetwork1,,
General-1-20251226-14:21:36-80284,config,,,sim-time-limit,50s,,
General-1-20251226-14:21:36-80284,config,,,*.host[*].ipv4.arp.typename,GlobalArp,,
General-1-20251226-14:21:36-80284,config,,,*.host[*].numApps,3,,
General-1-20251226-14:21:36-80284,config,,,*.host[*].app[0].typename,src.cluster.ClusterApp,,
General-1-20251226-14:21:36-80284,config,,,*.host[*].app[0].localPort,4000,,
General-1-20251226-14:21:36-80284,config,,,*.host[*].app[0].destPort,4000,,
General-1-20251226-14:21:36-80284,config,,,*.host[*].app[0].helloInterval,1s,,
General-1-20251226-14:21:36-80284,config,,,*.host[*].app[0].cfInterval,3s,,
General-1-20251226-14:21:36-80284,config,,,*.host[*].app[0].hldTimeThreshold,1s,,
General-1-20251226-14:21:36-80284,config,,,*.host[*].app[0].maxTrials,3,,
General-1-20251226-14:21:36-80284,config,,,*.host[*].app[0].requestTimeout,1s,,
General-1-20251226-14:21:36-80284,config,,,*.host[*].app[0].maxClusterSize,10,,
General-1-20251226-14:21:36-80284,config,,,*.host[*].app[1].typename,src.tcp.RecordingTcpClientApp,,
General-1-20251226-14:21:36-80284,config,,,*.host[*].app[1].delaySamplePeriod,1s,,
General-1-20251226-14:21:36-80284,config,,,*.host[*].app[1].delayStaleWindow,3s,,
General-1-20251226-14:21:36-80284,config,,,*.host[*].app[1].connectPort,1000,,
General-1-20251226-14:21:36-80284,config,,,*.host[*].app[1].tOpen,"uniform(1s, 2s)",,
General-1-20251226-14:21:36-80284,config,,,*.host[*].app[1].tSend,"uniform(1s, 2s)",,
General-1-20251226-14:21:36-80284,config,,,*.host[*].app[1].thinkTime,"uniform(0s, 1s)",,
General-1-20251226-14:21:36-80284,config,,,*.host[*].app[1].idleInterval,"uniform(3s, 5s)",,
General-1-20251226-14:21:36-80284,config,,,*.host[*].app[1].sendBytes,200B,,
General-1-20251226-14:21:36-80284,config,,,*.host[*].app[1].sendInterval,"uniform(1s, 2s)",,
General-1-20251226-14:21:36-80284,config,,,*.host[*].app[1].connectAddress,"""host["" + string((index + intuniform(1,24)) % 25) + ""]""",,
General-1-20251226-14:21:36-80284,config,,,*.host[*].app[2].typename,TcpEchoApp,,
General-1-20251226-14:21:36-80284,config,,,*.host[*].app[2].localPort,1000,,
General-1-20251226-14:21:36-80284,config,,,*.host[*].typename,RouterWithMetrics,,
General-1-20251226-14:21:36-80284,config,,,**.metrics.samplePeriod,0.5s,,
General-1-20251226-14:21:36-80284,config,,,**.metrics.recordPerUtility,true,,
General-1-20251226-14:21:36-80284,config,,,*.host[*].wlan[0].typename,WirelessInterface,,
General-1-20251226-14:21:36-80284,config,,,*.host[*].wlan[0].radio.transmitter.communicationRange,350m,,
General-1-20251226-14:21:36-80284,config,,,*.host[*].wlan[0].radio.receiver.ignoreInterference,false,,
General-1-20251226-14:21:36-80284,config,,,*.host[*].wlan[0].radio.transmitter.interferenceRange,400m,,
General-1-20251226-14:21:36-80284,config,,,*.host[*].wlan[0].radio.typename,UnitDiskRadio,,
General-1-20251226-14:21:36-80284,config,,,*.host[*].wlan[0].mac.typename,CsmaCaMac,,
General-1-20251226-14:21:36-80284,config,,,*.host[*].wlan[0].mac.ackTimeout,300us,,
General-1-20251226-14:21:36-80284,config,,,*.host[*].wlan[0].mac.useAck,true,,
General-1-20251226-14:21:36-80284,config,,,*.host[*].wlan[0].mac.fullDuplex,false,,
General-1-20251226-14:21:36-80284,config,,,*.host[*].wlan[0].mac.headerLength,23B,,
General-1-20251226-14:21:36-80284,config,,,*.host[*].mobility.typename,LinearMobility,,
General-1-20251226-14:21:36-80284,config,,,*.host[*].mobility.speed,10mps,,
General-1-20251226-14:21:36-80284,config,,,*.host[*].mobility.angle,45deg,,
General-1-20251226-14:21:36-80284,config,,,*.host[*].wlan[0].queue.typename,DropTailQueue,,
General-1-20251226-14:21:36-80284,config,,,*.host[*].wlan[0].queue.packetCapacity,10,,
General-1-20251226-14:21:36-80284,config,,,*.host[*].hasStatus,true,,
General-1-20251226-14:21:36-80284,config,,,*.host[*].wlan[0].radio.energyConsumer.typename,StateBasedEpEnergyConsumer,,
General-1-20251226-14:21:36-80284,config,,,*.host[*].wlan[0].radio.energyConsumer.offPowerConsumption,0mW,,
General-1-20251226-14:21:36-80284,config,,,*.host[*].wlan[0].radio.energyConsumer.sleepPowerConsumption,1mW,,
General-1-20251226-14:21:36-80284,config,,,*.host[*].wlan[0].radio.energyConsumer.switchingPowerConsumption,1mW,,
General-1-20251226-14:21:36-80284,config,,,*.host[*].wlan[0].radio.energyConsumer.receiverIdlePowerConsumption,2mW,,
General-1-20251226-14:21:36-80284,config,,,*.host[*].wlan[0].radio.energyConsumer.receiverBusyPowerConsumption,5mW,,
General-1-20251226-14:21:36-80284,config,,,*.host[*].wlan[0].radio.energyConsumer.receiverReceivingPowerConsumption,10mW,,
General-1-20251226-14:21:36-80284,config,,,*.host[*].wlan[0].radio.energyConsumer.transmitterIdlePowerConsumption,2mW,,
General-1-20251226-14:21:36-80284,config,,,*.host[*].wlan[0].radio.energyConsumer.transmitterTransmittingPowerConsumption,100mW,,
General-1-20251226-14:21:36-80284,config,,,*.host[*].energyStorage.typename,SimpleEpEnergyStorage,,
General-1-20251226-14:21:36-80284,config,,,*.host[*].energyStorage.nominalCapacity,2J,,
General-1-20251226-14:21:36-80284,config,,,*.host[*].energyStorage.initialCapacity,2J,,
General-1-20251226-14:21:36-80284,config,,,*.host[*].energyManagement.typename,SimpleEpEnergyManagement,,
General-1-20251226-14:21:36-80284,config,,,*.host[*].energyManagement.nodeStartCapacity,0.0001J,,
General-1-20251226-14:21:36-80284,config,,,*.host[*].energyManagement.nodeShutdownCapacity,0.0001J,,
General-1-20251226-14:21:36-80284,config,,,*.host[*].**.bitrate,1Mbps,,
General-1-20251226-14:21:36-80284,config,,,*.host[*].forwarding,true,,
General-1-20251226-14:21:36-80284,config,,,*.host[*].mobility.constraintAreaMinX,0m,,
General-1-20251226-14:21:36-80284,config,,,*.host[*].mobility.constraintAreaMinY,0m,,
General-1-20251226-14:21:36-80284,config,,,*.host[*].mobility.constraintAreaMinZ,0m,,
General-1-20251226-14:21:36-80284,config,,,*.host[*].mobility.constraintAreaMaxX,1250m,,
General-1-20251226-14:21:36-80284,config,,,*.host[*].mobility.constraintAreaMaxY,1250m,,
General-1-20251226-14:21:36-80284,config,,,*.host[*].mobility.constraintAreaMaxZ,0m,,
General-1-20251226-14:21:36-80284,config,,,*.host[*].mobility.initialX,"uniform(100m, 1150m)",,
General-1-20251226-14:21:36-80284,config,,,*.host[*].mobility.initialY,"uniform(100m, 1150m)",,
General-1-20251226-14:21:36-80284,config,,,*.host[*].wlan[0].radio.displayCommunicationRange,true,,
General-1-20251226-14:21:36-80284,config,,,*.configurator.config,"xml(""<config><interface hosts='**' address='10.0.0.x' netmask='255.255.255.0'/></config>"")",,
General-1-20251226-14:21:36-80284,config,,,*.configurator.addDefaultRoutes,false,,
General-1-20251226-14:21:36-80284,config,,,*.configurator.addStaticRoutes,false,,
General-1-20251226-14:21:36-80284,config,,,*.configurator.optimizeRoutes,false,,
General-1-20251226-14:21:36-80284,config,,,*.host*.ipv4.routingTable.netmaskRoutes,"""""",,
General-1-20251226-14:21:36-80284,config,,,*.linkVisualizer.*.displayLinks,false,,
General-2-20251226-14:21:36-80282,runattr,,,configname,General,,
General-2-20251226-14:21:36-80282,runattr,,,datetime,20251226-14:21:36,,
General-2-20251226-14:21:36-80282,runattr,,,datetimef,20251226-142136,,
General-2-20251226-14:21:36-80282,runattr,,,experiment,General,,
General-2-20251226-14:21:36-80282,runattr,,,inifile,omnetpp.ini,,
General-2-20251226-14:21:36-80282,runattr,,,iterationvars,,,
General-2-20251226-14:21:36-80282,runattr,,,iterationvarsd,,,
General-2-20251226-14:21:36-80282,runattr,,,iterationvarsf,,,
General-2-20251226-14:21:36-80282,runattr,,,measurement,,,
General-2-20251226-14:21:36-80282,runattr,,,network,src.AdhocNetwork1,,
General-2-20251226-14:21:36-80282,runattr,,,processid,80282,,
General-2-20251226-14:21:36-80282,runattr,,,repetition,2,,
General-2-20251226-14:21:36-80282,runattr,,,replication,#2,,
General-2-20251226-14:21:36-80282,runattr,,,resultdir,results,,
General-2-20251226-14:21:36-80282,runattr,,,runnumber,2,,
General-2-20251226-14:21:36-80282,runattr,,,seedset,2,,
General-2-20251226-14:21:36-80282,config,,,image-path,../../../inet4.5/images,,
General-2-20251226-14:21:36-80282,config,,,repeat,5,,
General-2-20251226-14:21:36-80282,config,,,network,src.AdhocNetwork1,,
General-2-20251226-14:21:36-80282,config,,,sim-time-limit,50s,,
General-2-20251226-14:21:36-80282,config,,,*.host[*].ipv4.arp.typename,GlobalArp,,
General-2-20251226-14:21:36-80282,config,,,*.host[*].numApps,3,,
General-2-20251226-14:21:36-80282,config,,,*.host[*].app[0].typename,src.cluster.ClusterApp,,
General-2-20251226-14:21:36-80282,config,,,*.host[*].app[0].localPort,4000,,
General-2-20251226-14:21:36-80282,config,,,*.host[*].app[0].destPort,4000,,
General-2-20251226-14:21:36-80282,config,,,*.host[*].app[0].helloInterval,1s,,
General-2-20251226-14:21:36-80282,config,,,*.host[*].app[0].cfInterval,3s,,
General-2-20251226-14:21:36-80282,config,,,*.host[*].app[0].hldTimeThreshold,1s,,
General-2-20251226-14:21:36-80282,config,,,*.host[*].app[0].maxTrials,3,,
General-2-20251226-14:21:36-80282,config,,,*.host[*].app[0].requestTimeout,1s,,
General-2-20251226-14:21:36-80282,config,,,*.host[*].app[0].maxClusterSize,10,,
General-2-20251226-14:21:36-80282,config,,,*.host[*].app[1].typename,src.tcp.RecordingTcpClientApp,,
General-2-20251226-14:21:36-80282,config,,,*.host[*].app[1].delaySamplePeriod,1s,,
General-2-20251226-14:21:36-80282,config,,,*.host[*].app[1].delayStaleWindow,3s,,
General-2-20251226-14:21:36-80282,config,,,*.host[*].app[1].connectPort,1000,,
General-2-20251226-14:21:36-80282,config,,,*.host[*].app[1].tOpen,"uniform(1s, 2s)",,
General-2-20251226-14:21:36-80282,config,,,*.host[*].app[1].tSend,"uniform(1s, 2s)",,
General-2-20251226-14:21:36-80282,config,,,*.host[*].app[1].thinkTime,"uniform(0s, 1s)",,
General-2-20251226-14:21:36-80282,config,,,*.host[*].app[1].idleInterval,"uniform(3s, 5s)",,
General-2-20251226-14:21:36-80282,config,,,*.host[*].app[1].sendBytes,200B,,
General-2-20251226-14:21:36-80282,config,,,*.host[*].app[1].sendInterval,"uniform(1s, 2s)",,
General-2-20251226-14:21:36-80282,config,,,*.host[*].app[1].connectAddress,"""host["" + string((index + intuniform(1,24)) % 25) + ""]""",,
General-2-20251226-14:21:36-80282,config,,,*.host[*].app[2].typename,TcpEchoApp,,
General-2-20251226-14:21:36-80282,config,,,*.host[*].app[2].localPort,1000,,
General-2-20251226-14:21:36-80282,config,,,*.host[*].typename,RouterWithMetrics,,
General-2-20251226-14:21:36-80282,config,,,**.metrics.samplePeriod,0.5s,,
General-2-20251226-14:21:36-80282,config,,,**.metrics.recordPerUtility,true,,
General-2-20251226-14:21:36-80282,config,,,*.host[*].wlan[0].typename,WirelessInterface,,
General-2-20251226-14:21:36-80282,config,,,*.host[*].wlan[0].radio.transmitter.communicationRange,350m,,
General-2-20251226-14:21:36-80282,config,,,*.host[*].wlan[0].radio.receiver.ignoreInterference,false,,
General-2-20251226-14:21:36-80282,config,,,*.host[*].wlan[0].radio.transmitter.interferenceRange,400m,,
General-2-20251226-14:21:36-80282,config,,,*.host[*].wlan[0].radio.typename,UnitDiskRadio,,
General-2-20251226-14:21:36-80282,config,,,*.host[*].wlan[0].mac.typename,CsmaCaMac,,
General-2-20251226-14:21:36-80282,config,,,*.host[*].wlan[0].mac.ackTimeout,300us,,
General-2-20251226-14:21:36-80282,config,,,*.host[*].wlan[0].mac.useAck,true,,
General-2-20251226-14:21:36-80282,config,,,*.host[*].wlan[0].mac.fullDuplex,false,,
General-2-20251226-14:21:36-80282,config,,,*.host[*].wlan[0].mac.headerLength,23B,,
General-2-20251226-14:21:36-80282,config,,,*.host[*].mobility.typename,LinearMobility,,
General-2-20251226-14:21:36-80282,config,,,*.host[*].mobility.speed,10mps,,
General-2-20251226-14:21:36-80282,config,,,*.host[*].mobility.angle,45deg,,
General-2-20251226-14:21:36-80282,config,,,*.host[*].wlan[0].queue.typename,DropTailQueue,,
General-2-20251226-14:21:36-80282,config,,,*.host[*].wlan[0].queue.packetCapacity,10,,
General-2-20251226-14:21:36-80282,config,,,*.host[*].hasStatus,true,,
General-2-20251226-14:21:36-80282,config,,,*.host[*].wlan[0].radio.energyConsumer.typename,StateBasedEpEnergyConsumer,,
General-2-20251226-14:21:36-80282,config,,,*.host[*].wlan[0].radio.energyConsumer.offPowerConsumption,0mW,,
General-2-20251226-14:21:36-80282,config,,,*.host[*].wlan[0].radio.energyConsumer.sleepPowerConsumption,1mW,,
General-2-20251226-14:21:36-80282,config,,,*.host[*].wlan[0].radio.energyConsumer.switchingPowerConsumption,1mW,,
General-2-20251226-14:21:36-80282,config,,,*.host[*].wlan[0].radio.energyConsumer.receiverIdlePowerConsumption,2mW,,
General-2-20251226-14:21:36-80282,config,,,*.host[*].wlan[0].radio.energyConsumer.receiverBusyPowerConsumption,5mW,,
General-2-20251226-14:21:36-80282,config,,,*.host[*].wlan[0].radio.energyConsumer.receiverReceivingPowerConsumption,10mW,,
General-2-20251226-14:21:36-80282,config,,,*.host[*].wlan[0].radio.energyConsumer.transmitterIdlePowerConsumption,2mW,,
General-2-20251226-14:21:36-80282,config,,,*.host[*].wlan[0].radio.energyConsumer.transmitterTransmittingPowerConsumption,100mW,,
General-2-20251226-14:21:36-80282,config,,,*.host[*].energyStorage.typename,SimpleEpEnergyStorage,,
General-2-20251226-14:21:36-80282,config,,,*.host[*].energyStorage.nominalCapacity,2J,,
General-2-20251226-14:21:36-80282,config,,,*.host[*].energyStorage.initialCapacity,2J,,
General-2-20251226-14:21:36-80282,config,,,*.host[*].energyManagement.typename,SimpleEpEnergyManagement,,
General-2-20251226-14:21:36-80282,config,,,*.host[*].energyManagement.nodeStartCapacity,0.0001J,,
General-2-20251226-14:21:36-80282,config,,,*.host[*].energyManagement.nodeShutdownCapacity,0.0001J,,
General-2-20251226-14:21:36-80282,config,,,*.host[*].**.bitrate,1Mbps,,
General-2-20251226-14:21:36-80282,config,,,*.host[*].forwarding,true,,
General-2-20251226-14:21:36-80282,config,,,*.host[*].mobility.constraintAreaMinX,0m,,
General-2-20251226-14:21:36-80282,config,,,*.host[*].mobility.constraintAreaMinY,0m,,
General-2-20251226-14:21:36-80282,config,,,*.host[*].mobility.constraintAreaMinZ,0m,,
General-2-20251226-14:21:36-80282,config,,,*.host[*].mobility.constraintAreaMaxX,1250m,,
General-2-20251226-14:21:36-80282,config,,,*.host[*].mobility.constraintAreaMaxY,1250m,,
General-2-20251226-14:21:36-80282,config,,,*.host[*].mobility.constraintAreaMaxZ,0m,,
General-2-20251226-14:21:36-80282,config,,,*.host[*].mobility.initialX,"uniform(100m, 1150m)",,
General-2-20251226-14:21:36-80282,config,,,*.host[*].mobility.initialY,"uniform(100m, 1150m)",,
General-2-20251226-14:21:36-80282,config,,,*.host[*].wlan[0].radio.displayCommunicationRange,true,,
General-2-20251226-14:21:36-80282,config,,,*.configurator.config,"xml(""<config><interface hosts='**' address='10.0.0.x' netmask='255.255.255.0'/></config>"")",,
General-2-20251226-14:21:36-80282,config,,,*.configurator.addDefaultRoutes,false,,
General-2-20251226-14:21:36-80282,config,,,*.configurator.addStaticRoutes,false,,
General-2-20251226-14:21:36-80282,config,,,*.configurator.optimizeRoutes,false,,
General-2-20251226-14:21:36-80282,config,,,*.host*.ipv4.routingTable.netmaskRoutes,"""""",,
General-2-20251226-14:21:36-80282,config,,,*.linkVisualizer.*.displayLinks,false,,
General-4-20251226-14:21:36-80281,runattr,,,configname,General,,
General-4-20251226-14:21:36-80281,runattr,,,datetime,20251226-14:21:36,,
General-4-20251226-14:21:36-80281,runattr,,,datetimef,20251226-142136,,
General-4-20251226-14:21:36-80281,runattr,,,experiment,General,,
General-4-20251226-14:21:36-80281,runattr,,,inifile,omnetpp.ini,,
General-4-20251226-14:21:36-80281,runattr,,,iterationvars,,,
General-4-20251226-14:21:36-80281,runattr,,,iterationvarsd,,,
General-4-20251226-14:21:36-80281,runattr,,,iterationvarsf,,,
General-4-20251226-14:21:36-80281,runattr,,,measurement,,,
General-4-20251226-14:21:36-80281,runattr,,,network,src.AdhocNetwork1,,
General-4-20251226-14:21:36-80281,runattr,,,processid,80281,,
General-4-20251226-14:21:36-80281,runattr,,,repetition,4,,
General-4-20251226-14:21:36-80281,runattr,,,replication,#4,,
General-4-20251226-14:21:36-80281,runattr,,,resultdir,results,,
General-4-20251226-14:21:36-80281,runattr,,,runnumber,4,,
General-4-20251226-14:21:36-80281,runattr,,,seedset,4,,
General-4-20251226-14:21:36-80281,config,,,image-path,../../../inet4.5/images,,
General-4-20251226-14:21:36-80281,config,,,repeat,5,,
General-4-20251226-14:21:36-80281,config,,,network,src.AdhocNetwork1,,
General-4-20251226-14:21:36-80281,config,,,sim-time-limit,50s,,
General-4-20251226-14:21:36-80281,config,,,*.host[*].ipv4.arp.typename,GlobalArp,,
General-4-20251226-14:21:36-80281,config,,,*.host[*].numApps,3,,
General-4-20251226-14:21:36-80281,config,,,*.host[*].app[0].typename,src.cluster.ClusterApp,,
General-4-20251226-14:21:36-80281,config,,,*.host[*].app[0].localPort,4000,,
General-4-20251226-14:21:36-80281,config,,,*.host[*].app[0].destPort,4000,,
General-4-20251226-14:21:36-80281,config,,,*.host[*].app[0].helloInterval,1s,,
General-4-20251226-14:21:36-80281,config,,,*.host[*].app[0].cfInterval,3s,,
General-4-20251226-14:21:36-80281,config,,,*.host[*].app[0].hldTimeThreshold,1s,,
General-4-20251226-14:21:36-80281,config,,,*.host[*].app[0].maxTrials,3,,
General-4-20251226-14:21:36-80281,config,,,*.host[*].app[0].requestTimeout,1s,,
General-4-20251226-14:21:36-80281,config,,,*.host[*].app[0].maxClusterSize,10,,
General-4-20251226-14:21:36-80281,config,,,*.host[*].app[1].typename,src.tcp.RecordingTcpClientApp,,
General-4-20251226-14:21:36-80281,config,,,*.host[*].app[1].delaySamplePeriod,1s,,
General-4-20251226-14:21:36-80281,config,,,*.host[*].app[1].delayStaleWindow,3s,,
General-4-20251226-14:21:36-80281,config,,,*.host[*].app[1].connectPort,1000,,
General-4-20251226-14:21:36-80281,config,,,*.host[*].app[1].tOpen,"uniform(1s, 2s)",,
General-4-20251226-14:21:36-80281,config,,,*.host[*].app[1].tSend,"uniform(1s, 2s)",,
General-4-20251226-14:21:36-80281,config,,,*.host[*].app[1].thinkTime,"uniform(0s, 1s)",,
General-4-20251226-14:21:36-80281,config,,,*.host[*].app[1].idleInterval,"uniform(3s, 5s)",,
General-4-20251226-14:21:36-80281,config,,,*.host[*].app[1].sendBytes,200B,,
General-4-20251226-14:21:36-80281,config,,,*.host[*].app[1].sendInterval,"uniform(1s, 2s)",,
General-4-20251226-14:21:36-80281,config,,,*.host[*].app[1].connectAddress,"""host["" + string((index + intuniform(1,24)) % 25) + ""]""",,
General-4-20251226-14:21:36-80281,config,,,*.host[*].app[2].typename,TcpEchoApp,,
General-4-20251226-14:21:36-80281,config,,,*.host[*].app[2].localPort,1000,,
General-4-20251226-14:21:36-80281,config,,,*.host[*].typename,RouterWithMetrics,,
General-4-20251226-14:21:36-80281,config,,,**.metrics.samplePeriod,0.5s,,
General-4-20251226-14:21:36-80281,config,,,**.metrics.recordPerUtility,true,,
General-4-20251226-14:21:36-80281,config,,,*.host[*].wlan[0].typename,WirelessInterface,,
General-4-20251226-14:21:36-80281,config,,,*.host[*].wlan[0].radio.transmitter.communicationRange,350m,,
General-4-20251226-14:21:36-80281,config,,,*.host[*].wlan[0].radio.receiver.ignoreInterference,false,,
General-4-20251226-14:21:36-80281,config,,,*.host[*].wlan[0].radio.transmitter.interferenceRange,400m,,
General-4-20251226-14:21:36-80281,config,,,*.host[*].wlan[0].radio.typename,UnitDiskRadio,,
General-4-20251226-14:21:36-80281,config,,,*.host[*].wlan[0].mac.typename,CsmaCaMac,,
General-4-20251226-14:21:36-80281,config,,,*.host[*].wlan[0].mac.ackTimeout,300us,,
General-4-20251226-14:21:36-80281,config,,,*.host[*].wlan[0].mac.useAck,true,,
General-4-20251226-14:21:36-80281,config,,,*.host[*].wlan[0].mac.fullDuplex,false,,
General-4-20251226-14:21:36-80281,config,,,*.host[*].wlan[0].mac.headerLength,23B,,
General-4-20251226-14:21:36-80281,config,,,*.host[*].mobility.typename,LinearMobility,,
General-4-20251226-14:21:36-80281,config,,,*.host[*].mobility.speed,10mps,,
General-4-20251226-14:21:36-80281,config,,,*.host[*].mobility.angle,45deg,,
General-4-20251226-14:21:36-80281,config,,,*.host[*].wlan[0].queue.typename,DropTailQueue,,
General-4-20251226-14:21:36-80281,config,,,*.host[*].wlan[0].queue.packetCapacity,10,,
General-4-20251226-14:21:36-80281,config,,,*.host[*].hasStatus,true,,
General-4-20251226-14:21:36-80281,config,,,*.host[*].wlan[0].radio.energyConsumer.typename,StateBasedEpEnergyConsumer,,
General-4-20251226-14:21:36-80281,config,,,*.host[*].wlan[0].radio.energyConsumer.offPowerConsumption,0mW,,
General-4-20251226-14:21:36-80281,config,,,*.host[*].wlan[0].radio.energyConsumer.sleepPowerConsumption,1mW,,
General-4-20251226-14:21:36-80281,config,,,*.host[*].wlan[0].radio.energyConsumer.switchingPowerConsumption,1mW,,
General-4-20251226-14:21:36-80281,config,,,*.host[*].wlan[0].radio.energyConsumer.receiverIdlePowerConsumption,2mW,,
General-4-20251226-14:21:36-80281,config,,,*.host[*].wlan[0].radio.energyConsumer.receiverBusyPowerConsumption,5mW,,
General-4-20251226-14:21:36-80281,config,,,*.host[*].wlan[0].radio.energyConsumer.receiverReceivingPowerConsumption,10mW,,
General-4-20251226-14:21:36-80281,config,,,*.host[*].wlan[0].radio.energyConsumer.transmitterIdlePowerConsumption,2mW,,
General-4-20251226-14:21:36-80281,config,,,*.host[*].wlan[0].radio.energyConsumer.transmitterTransmittingPowerConsumption,100mW,,
General-4-20251226-14:21:36-80281,config,,,*.host[*].energyStorage.typename,SimpleEpEnergyStorage,,
General-4-20251226-14:21:36-80281,config,,,*.host[*].energyStorage.nominalCapacity,2J,,
General-4-20251226-14:21:36-80281,config,,,*.host[*].energyStorage.initialCapacity,2J,,
General-4-20251226-14:21:36-80281,config,,,*.host[*].energyManagement.typename,SimpleEpEnergyManagement,,
General-4-20251226-14:21:36-80281,config,,,*.host[*].energyManagement.nodeStartCapacity,0.0001J,,
General-4-20251226-14:21:36-80281,config,,,*.host[*].energyManagement.nodeShutdownCapacity,0.0001J,,
General-4-20251226-14:21:36-80281,config,,,*.host[*].**.bitrate,1Mbps,,
General-4-20251226-14:21:36-80281,config,,,*.host[*].forwarding,true,,
General-4-20251226-14:21:36-80281,config,,,*.host[*].mobility.constraintAreaMinX,0m,,
General-4-20251226-14:21:36-80281,config,,,*.host[*].mobility.constraintAreaMinY,0m,,
General-4-20251226-14:21:36-80281,config,,,*.host[*].mobility.constraintAreaMinZ,0m,,
General-4-20251226-14:21:36-80281,config,,,*.host[*].mobility.constraintAreaMaxX,1250m,,
General-4-20251226-14:21:36-80281,config,,,*.host[*].mobility.constraintAreaMaxY,1250m,,
General-4-20251226-14:21:36-80281,config,,,*.host[*].mobility.constraintAreaMaxZ,0m,,
General-4-20251226-14:21:36-80281,config,,,*.host[*].mobility.initialX,"uniform(100m, 1150m)",,
General-4-20251226-14:21:36-80281,config,,,*.host[*].mobility.initialY,"uniform(100m, 1150m)",,
General-4-20251226-14:21:36-80281,config,,,*.host[*].wlan[0].radio.displayCommunicationRange,true,,
General-4-20251226-14:21:36-80281,config,,,*.configurator.config,"xml(""<config><interface hosts='**' address='10.0.0.x' netmask='255.255.255.0'/></config>"")",,
General-4-20251226-14:21:36-80281,config,,,*.configurator.addDefaultRoutes,false,,
General-4-20251226-14:21:36-80281,config,,,*.configurator.addStaticRoutes,false,,
General-4-20251226-14:21:36-80281,config,,,*.configurator.optimizeRoutes,false,,
General-4-20251226-14:21:36-80281,config,,,*.host*.ipv4.routingTable.netmaskRoutes,"""""",,
General-4-20251226-14:21:36-80281,config,,,*.linkVisualizer.*.displayLinks,false,,
General-0-20251226-14:21:36-80280,runattr,,,configname,General,,
General-0-20251226-14:21:36-80280,runattr,,,datetime,20251226-14:21:36,,
General-0-20251226-14:21:36-80280,runattr,,,datetimef,20251226-142136,,
General-0-20251226-14:21:36-80280,runattr,,,experiment,General,,
General-0-20251226-14:21:36-80280,runattr,,,inifile,omnetpp.ini,,
General-0-20251226-14:21:36-80280,runattr,,,iterationvars,,,
General-0-20251226-14:21:36-80280,runattr,,,iterationvarsd,,,
General-0-20251226-14:21:36-80280,runattr,,,iterationvarsf,,,
General-0-20251226-14:21:36-80280,runattr,,,measurement,,,
General-0-20251226-14:21:36-80280,runattr,,,network,src.AdhocNetwork1,,
General-0-20251226-14:21:36-80280,runattr,,,processid,80280,,
General-0-20251226-14:21:36-80280,runattr,,,repetition,0,,
General-0-20251226-14:21:36-80280,runattr,,,replication,#0,,
General-0-20251226-14:21:36-80280,runattr,,,resultdir,results,,
General-0-20251226-14:21:36-80280,runattr,,,runnumber,0,,
General-0-20251226-14:21:36-80280,runattr,,,seedset,0,,
General-0-20251226-14:21:36-80280,config,,,image-path,../../../inet4.5/images,,
General-0-20251226-14:21:36-80280,config,,,repeat,5,,
General-0-20251226-14:21:36-80280,config,,,network,src.AdhocNetwork1,,
General-0-20251226-14:21:36-80280,config,,,sim-time-limit,50s,,
General-0-20251226-14:21:36-80280,config,,,*.host[*].ipv4.arp.typename,GlobalArp,,
General-0-20251226-14:21:36-80280,config,,,*.host[*].numApps,3,,
General-0-20251226-14:21:36-80280,config,,,*.host[*].app[0].typename,src.cluster.ClusterApp,,
General-0-20251226-14:21:36-80280,config,,,*.host[*].app[0].localPort,4000,,
General-0-20251226-14:21:36-80280,config,,,*.host[*].app[0].destPort,4000,,
General-0-20251226-14:21:36-80280,config,,,*.host[*].app[0].helloInterval,1s,,
General-0-20251226-14:21:36-80280,config,,,*.host[*].app[0].cfInterval,3s,,
General-0-20251226-14:21:36-80280,config,,,*.host[*].app[0].hldTimeThreshold,1s,,
General-0-20251226-14:21:36-80280,config,,,*.host[*].app[0].maxTrials,3,,
General-0-20251226-14:21:36-80280,config,,,*.host[*].app[0].requestTimeout,1s,,
General-0-20251226-14:21:36-80280,config,,,*.host[*].app[0].maxClusterSize,10,,
General-0-20251226-14:21:36-80280,config,,,*.host[*].app[1].typename,src.tcp.RecordingTcpClientApp,,
General-0-20251226-14:21:36-80280,config,,,*.host[*].app[1].delaySamplePeriod,1s,,
General-0-20251226-14:21:36-80280,config,,,*.host[*].app[1].delayStaleWindow,3s,,
General-0-20251226-14:21:36-80280,config,,,*.host[*].app[1].connectPort,1000,,
General-0-20251226-14:21:36-80280,config,,,*.host[*].app[1].tOpen,"uniform(1s, 2s)",,
General-0-20251226-14:21:36-80280,config,,,*.host[*].app[1].tSend,"uniform(1s, 2s)",,
General-0-20251226-14:21:36-80280,config,,,*.host[*].app[1].thinkTime,"uniform(0s, 1s)",,
General-0-20251226-14:21:36-80280,config,,,*.host[*].app[1].idleInterval,"uniform(3s, 5s)",,
General-0-20251226-14:21:36-80280,config,,,*.host[*].app[1].sendBytes,200B,,
General-0-20251226-14:21:36-80280,config,,,*.host[*].app[1].sendInterval,"uniform(1s, 2s)",,
General-0-20251226-14:21:36-80280,config,,,*.host[*].app[1].connectAddress,"""host["" + string((index + intuniform(1,24)) % 25) + ""]""",,
General-0-20251226-14:21:36-80280,config,,,*.host[*].app[2].typename,TcpEchoApp,,
General-0-20251226-14:21:36-80280,config,,,*.host[*].app[2].localPort,1000,,
General-0-20251226-14:21:36-80280,config,,,*.host[*].typename,RouterWithMetrics,,
General-0-20251226-14:21:36-80280,config,,,**.metrics.samplePeriod,0.5s,,
General-0-20251226-14:21:36-80280,config,,,**.metrics.recordPerUtility,true,,
General-0-20251226-14:21:36-80280,config,,,*.host[*].wlan[0].typename,WirelessInterface,,
General-0-20251226-14:21:36-80280,config,,,*.host[*].wlan[0].radio.transmitter.communicationRange,350m,,
General-0-20251226-14:21:36-80280,config,,,*.host[*].wlan[0].radio.receiver.ignoreInterference,false,,
General-0-20251226-14:21:36-80280,config,,,*.host[*].wlan[0].radio.transmitter.interferenceRange,400m,,
General-0-20251226-14:21:36-80280,config,,,*.host[*].wlan[0].radio.typename,UnitDiskRadio,,
General-0-20251226-14:21:36-80280,config,,,*.host[*].wlan[0].mac.typename,CsmaCaMac,,
General-0-20251226-14:21:36-80280,config,,,*.host[*].wlan[0].mac.ackTimeout,300us,,
General-0-20251226-14:21:36-80280,config,,,*.host[*].wlan[0].mac.useAck,true,,
General-0-20251226-14:21:36-80280,config,,,*.host[*].wlan[0].mac.fullDuplex,false,,
General-0-20251226-14:21:36-80280,config,,,*.host[*].wlan[0].mac.headerLength,23B,,
General-0-20251226-14:21:36-80280,config,,,*.host[*].mobility.typename,LinearMobility,,
General-0-20251226-14:21:36-80280,config,,,*.host[*].mobility.speed,10mps,,
General-0-20251226-14:21:36-80280,config,,,*.host[*].mobility.angle,45deg,,
General-0-20251226-14:21:36-80280,config,,,*.host[*].wlan[0].queue.typename,DropTailQueue,,
General-0-20251226-14:21:36-80280,config,,,*.host[*].wlan[0].queue.packetCapacity,10,,
General-0-20251226-14:21:36-80280,config,,,*.host[*].hasStatus,true,,
General-0-20251226-14:21:36-80280,config,,,*.host[*].wlan[0].radio.energyConsumer.typename,StateBasedEpEnergyConsumer,,
General-0-20251226-14:21:36-80280,config,,,*.host[*].wlan[0].radio.energyConsumer.offPowerConsumption,0mW,,
General-0-20251226-14:21:36-80280,config,,,*.host[*].wlan[0].radio.energyConsumer.sleepPowerConsumption,1mW,,
General-0-20251226-14:21:36-80280,config,,,*.host[*].wlan[0].radio.energyConsumer.switchingPowerConsumption,1mW,,
General-0-20251226-14:21:36-80280,config,,,*.host[*].wlan[0].radio.energyConsumer.receiverIdlePowerConsumption,2mW,,
General-0-20251226-14:21:36-80280,config,,,*.host[*].wlan[0].radio.energyConsumer.receiverBusyPowerConsumption,5mW,,
General-0-20251226-14:21:36-80280,config,,,*.host[*].wlan[0].radio.energyConsumer.receiverReceivingPowerConsumption,10mW,,
General-0-20251226-14:21:36-80280,config,,,*.host[*].wlan[0].radio.energyConsumer.transmitterIdlePowerConsumption,2mW,,
General-0-20251226-14:21:36-80280,config,,,*.host[*].wlan[0].radio.energyConsumer.transmitterTransmittingPowerConsumption,100mW,,
General-0-20251226-14:21:36-80280,config,,,*.host[*].energyStorage.typename,SimpleEpEnergyStorage,,
General-0-20251226-14:21:36-80280,config,,,*.host[*].energyStorage.nominalCapacity,2J,,
General-0-20251226-14:21:36-80280,config,,,*.host[*].energyStorage.initialCapacity,2J,,
General-0-20251226-14:21:36-80280,config,,,*.host[*].energyManagement.typename,SimpleEpEnergyManagement,,
General-0-20251226-14:21:36-80280,config,,,*.host[*].energyManagement.nodeStartCapacity,0.0001J,,
General-0-20251226-14:21:36-80280,config,,,*.host[*].energyManagement.nodeShutdownCapacity,0.0001J,,
General-0-20251226-14:21:36-80280,config,,,*.host[*].**.bitrate,1Mbps,,
General-0-20251226-14:21:36-80280,config,,,*.host[*].forwarding,true,,
General-0-20251226-14:21:36-80280,config,,,*.host[*].mobility.constraintAreaMinX,0m,,
General-0-20251226-14:21:36-80280,config,,,*.host[*].mobility.constraintAreaMinY,0m,,
General-0-20251226-14:21:36-80280,config,,,*.host[*].mobility.constraintAreaMinZ,0m,,
General-0-20251226-14:21:36-80280,config,,,*.host[*].mobility.constraintAreaMaxX,1250m,,
General-0-20251226-14:21:36-80280,config,,,*.host[*].mobility.constraintAreaMaxY,1250m,,
General-0-20251226-14:21:36-80280,config,,,*.host[*].mobility.constraintAreaMaxZ,0m,,
General-0-20251226-14:21:36-80280,config,,,*.host[*].mobility.initialX,"uniform(100m, 1150m)",,
General-0-20251226-14:21:36-80280,config,,,*.host[*].mobility.initialY,"uniform(100m, 1150m)",,
General-0-20251226-14:21:36-80280,config,,,*.host[*].wlan[0].radio.displayCommunicationRange,true,,
General-0-20251226-14:21:36-80280,config,,,*.configurator.config,"xml(""<config><interface hosts='**' address='10.0.0.x' netmask='255.255.255.0'/></config>"")",,
General-0-20251226-14:21:36-80280,config,,,*.configurator.addDefaultRoutes,false,,
General-0-20251226-14:21:36-80280,config,,,*.configurator.addStaticRoutes,false,,
General-0-20251226-14:21:36-80280,config,,,*.configurator.optimizeRoutes,false,,
General-0-20251226-14:21:36-80280,config,,,*.host*.ipv4.routingTable.netmaskRoutes,"""""",,
General-0-20251226-14:21:36-80280,config,,,*.linkVisualizer.*.displayLinks,false,,
General-0-20251226-14:21:36-80280,vector,AdhocNetwork1.host[0].app[1],e2eDelayPeriodicSec,,,"1 2 3 4 5 6 7 8 9 10 11 12 13 14 15 16 17 18 19 20 21 22 23 24 25 26 27 28 29 30 31 32 33 34 35 36 37 38 39 40 41 42 43 44 45 46 47 48 49 50","NaN 0.103594858237 0.103594858237 0.103594858237 NaN NaN NaN NaN 0.016504072368 0.016504072368 0.016504072368 0.007974650713 0.007974650713 0.007974650713 NaN 0.00887424972 0.00887424972 0.00887424972 NaN NaN 0.008274352048 0.008274352048 0.008274352048 NaN NaN 0.332333679492 0.332333679492 0.332333679492 NaN NaN NaN NaN NaN NaN NaN NaN NaN NaN NaN NaN NaN NaN NaN NaN NaN NaN NaN NaN NaN NaN"
General-0-20251226-14:21:36-80280,vector,AdhocNetwork1.host[0].rl,rlReward,,,"1 2 3 4 5 6 7 8 9 10 11 12 13 14 15 16 17 18 19 20 21 22 23 24 25 26 27 28 29 30 31 32 33 34 35 36 37 38 39 40 41 42 43 44 45 46 47 48 49 50","0.33333333333333 0 0.14955362734679 0.14392644332016 0.17711070764423 0.46170055750052 0.44705926112348 0.4738367521973 0.1505337421157 0 0.065153061653065 0.22563723723234 0.17196789960073 0.40122258016694 0.41177020036481 0.3810664410665 0.42032327979545 0.40001773200818 0.45264090489118 0.50032373805153 0.43682295918248 0.36312242446275 0.39905496659917 0.29959554083017 0.37733494985177 0.48461581389315 -0.46274110383371 -0.46923000870235 -0.28260234331855 -0.47568709702744 -0.46654920737637 0.54184838147806 0.53722113532597 0.53664042471174 0.53958601301909 0.54063050483352 0.53264513501661 0.53251147047703 0.53957722312025 0.53259335343812 0.53739135307355 0.53974461499635 0.53484634070583 0.5374745365001 0.52846168174252 0.49226925350449 0.52869494369657 0.51977829126564 -0.48859898007176 -0.47335430656749"
General-0-20251226-14:21:36-80280,vector,AdhocNetwork1.host[1].app[1],e2eDelayPeriodicSec,,,"1 2 3 4 5 6 7 8 9 10 11 12 13 14 15 16 17 18 19 20 21 22 23 24 25 26 27 28 29 30 31 32 33 34 35 36 37 38 39 40 41 42 43 44 45 46 47 48 49 50","NaN NaN NaN NaN NaN NaN NaN NaN NaN NaN NaN NaN NaN NaN NaN NaN NaN NaN NaN NaN NaN NaN NaN NaN NaN NaN NaN NaN NaN NaN NaN NaN NaN NaN NaN NaN NaN NaN NaN NaN NaN NaN NaN NaN NaN NaN NaN NaN NaN NaN"
General-0-20251226-14:21:36-80280,vector,AdhocNetwork1.host[1].rl,rlReward,,,"1 2 3 4 5 6 7 8 9 10 11 12 13 14 15 16 17 18 19 20 21 22 23 24 25 26 27 28 29 30 31 32 33 34 35 36 37 38 39 40 41 42 43 44 45 46 47 48 49 50","0.33333333333333 0 0.046080325719691 0.032808536456131 0.007010919750398 -0.66666666666667 -0.7 -0.47886585775315 -0.6 -0.54752582246154 -0.54351577935396 0.40161404058602 0.39422824846307 0.37478098642378 0.43303129188881 0.38542069453278 0.30248882432513 0.38564411114462 0.41629287361467 0.41582784696461 0.4072731353934 0.36597127940255 0.16411968557755 -0.094682723215727 0.093451504395517 0.34928790719101 -0.47471144760286 -0.61596462845538 -0.4970258152499 -0.66616371188987 -0.56633863506054 0.27703875717866 0.16852080112309 0.043716553624183 0.5 0.3 0.3 0.3901653305372 0.33922158122889 0.34126703455344 0.36144509766535 0.34419020708815 0.3684689876692 0.3 0.3 -0.2 0.48478425901082 0.48116614429134 0.41057109090612 0.38820496541121"
General-0-20251226-14:21:36-80280,vector,AdhocNetwork1.host[2].app[1],e2eDelayPeriodicSec,,,"1 2 3 4 5 6 7 8 9 10 11 12 13 14 15 16 17 18 19 20 21 22 23 24 25 26 27 28 29 30 31 32 33 34 35 36 37 38 39 40 41 42 43 44 45 46 47 48 49 50","NaN NaN NaN NaN NaN NaN NaN NaN NaN NaN NaN NaN NaN NaN NaN NaN NaN NaN NaN NaN NaN NaN 0.036330197354 0.036330197354 0.036330197354 NaN NaN NaN NaN 0.344191951898 0.344191951898 0.344191951898 NaN NaN NaN NaN NaN NaN NaN NaN NaN NaN NaN 9.123689817066 9.123689817066 9.123689817066 NaN 0.026325813439 0.026325813439 0.026325813439"
General-0-20251226-14:21:36-80280,vector,AdhocNetwork1.host[2].rl,rlReward,,,"1 2 3 4 5 6 7 8 9 10 11 12 13 14 15 16 17 18 19 20 21 22 23 24 25 26 27 28 29 30 31 32 33 34 35 36 37 38 39 40 41 42 43 44 45 46 47 48 49 50","0.33333333333333 0 0.36276787079052 0.39324588537016 0.4028070720221 0.40331995961194 0.41154654569886 0.38910729962641 0.34997973043798 0.3 0.39745910029472 0.38076005092757 0.38203427350626 0.3 0.0054145958240562 -0.66666666666667 -0.66666666666667 -0.7 -0.34340542899204 -0.54911489739828 -0.6046477977666 0.15473240348097 0.1 -0.12078088742306 0.16953575443454 0.31992935663705 0.4275964936271 0.30761733136677 0.23130594987989 0.25397842893414 0.38397648685413 0.3129431720397 0.29470350478332 0.32230052885132 0.12141116290462 0.3252158404205 0.27288229722258 0.31699422302551 0.32283365079566 0.34361701247373 0.16704331267698 0.34944499667356 0.310186064167 0.27451693434983 0.35995619607827 0.21120373160601 0.18341395944548 0.1 0.3171496663416 0.25488159444346"
General-0-20251226-14:21:36-80280,vector,AdhocNetwork1.host[3].app[1],e2eDelayPeriodicSec,,,"1 2 3 4 5 6 7 8 9 10 11 12 13 14 15 16 17 18 19 20 21 22 23 24 25 26 27 28 29 30 31 32 33 34 35 36 37 38 39 40 41 42 43 44 45 46 47 48 49 50","NaN 0 0 0 NaN 0 0 0 NaN 0 0 0 NaN NaN 0 0 0 NaN 0 0 0 NaN 0 0 0 NaN 0 0 0 NaN 0 0 0 NaN NaN 0 0 0 NaN 0 0 0 NaN NaN 0 0 0 0 0 0"
General-0-20251226-14:21:36-80280,vector,AdhocNetwork1.host[3].rl,rlReward,,,"1 2 3 4 5 6 7 8 9 10 11 12 13 14 15 16 17 18 19 20 21 22 23 24 25 26 27 28 29 30 31 32 33 34 35 36 37 38 39 40 41 42 43 44 45 46 47 48 49 50","0.33333333333333 0 0.023851844684766 0.025468076473449 0 0.016738807565699 0 0.06404270755105 0.039716995062823 0 0.10601183494453 0.52754247857114 0.52099605835872 0.2542856839356 0.53876531569662 0.5394354882537 0.52474627778106 0.54061858692293 0.55270659165269 0.5523206724421 0.55200698426763 0.27514692858546 0.55056059913891 0.55032376735019 0.54404252839669 0.55058014445034 0.55058014445034 0.54888164616189 0.54900983471196 0.55058014445033 0.54888164616188 0.55058014445033 0.5508587080303 0.54771808855354 0.54743952497359 0.54561283813507 0.54777672425021 0.54886262917918 0.54941148042995 0.54618053028535 0.54704492258246 0.50571245859386 0.51621709353847 0.51435699426147 0.91017288083498 0.49283152184219 0.52223191410602 0.36251381980279 0.50042108326701 0.50597166327172"
General-0-20251226-14:21:36-80280,vector,AdhocNetwork1.host[4].app[1],e2eDelayPeriodicSec,,,"1 2 3 4 5 6 7 8 9 10 11 12 13 14 15 16 17 18 19 20 21 22 23 24 25 26 27 28 29 30 31 32 33 34 35 36 37 38 39 40 41 42 43 44 45 46 47 48 49 50","NaN NaN NaN NaN NaN NaN NaN NaN NaN 0.370600513044 0.370600513044 0.370600513044 NaN NaN NaN NaN NaN NaN NaN NaN 0.105108759649 0.105108759649 0.105108759649 NaN NaN NaN NaN NaN NaN NaN NaN NaN NaN 9.023027447779 9.023027447779 9.023027447779 NaN NaN NaN NaN NaN NaN 0.124907806096 0.124907806096 0.124907806096 NaN NaN 0.027504486486 0.027504486486 0.027504486486"
General-0-20251226-14:21:36-80280,vector,AdhocNetwork1.host[4].rl,rlReward,,,"1 2 3 4 5 6 7 8 9 10 11 12 13 14 15 16 17 18 19 20 21 22 23 24 25 26 27 28 29 30 31 32 33 34 35 36 37 38 39 40 41 42 43 44 45 46 47 48 49 50","0.33333333333333 0 0.11094421851249 0.10221877811822 0.12585856687346 0.29590921663443 0.14661940733898 0.13425057143736 -0.61389110269916 -0.7 -0.40962383625792 0.024987494178767 0.077186748187254 0.22769103673916 0.22154441974857 0.23510639639019 0.23269296832438 0.20821755982078 0.21823202940355 0.49710321134998 0.14385387986383 -0.43772360862178 -0.54517770465192 -0.451728656546 -0.3470098688019 -0.47196619967238 -0.18907064104919 -0.3694086081413 -0.45275910093435 -0.4671665969084 -0.5279444027614 0.40263004566013 0.42325676035098 0.22067275807736 0.1886439246904 0.19733834544996 0.20029652715045 0.23123648909218 0.20327320210986 0.050122936331623 0.20944773140573 0.19803147279513 0.20537773497758 0.24223089195242 -0.0081681117484139 0.19297689526086 0.20443309931081 0.20098373665273 0.16830096998824 0.4246694804801"
General-0-20251226-14:21:36-80280,vector,AdhocNetwork1.host[5].app[1],e2eDelayPeriodicSec,,,"1 2 3 4 5 6 7 8 9 10 11 12 13 14 15 16 17 18 19 20 21 22 23 24 25 26 27 28 29 30 31 32 33 34 35 36 37 38 39 40 41 42 43 44 45 46 47 48 49 50","NaN NaN NaN NaN 0.125399171257 0.125399171257 0.125399171257 NaN NaN NaN NaN NaN NaN NaN 3.420556677551 3.420556677551 3.420556677551 NaN NaN 0.109503398046 0.109503398046 0.109503398046 NaN 0.015635637337 0.015635637337 0.015635637337 NaN 0.044399552301 0.044399552301 0.044399552301 NaN 0.023523824984 0.023523824984 0.023523824984 0.018392927724 0.018392927724 0.018392927724 NaN NaN 0.02187244406 0.02187244406 0.02187244406 NaN NaN NaN NaN NaN NaN NaN 4.414182257087"
General-0-20251226-14:21:36-80280,vector,AdhocNetwork1.host[5].rl,rlReward,,,"1 2 3 4 5 6 7 8 9 10 11 12 13 14 15 16 17 18 19 20 21 22 23 24 25 26 27 28 29 30 31 32 33 34 35 36 37 38 39 40 41 42 43 44 45 46 47 48 49 50","0.33333333333333 0 -0.48998039602669 -0.49557201401555 -0.18238395507392 -0.21816544330614 -0.44334435620852 -0.47328877704761 -0.59097293820622 -0.51480904170246 -0.3947490176309 0.15669282438058 0.14007393381963 0.27882834940537 0.44815752737113 0.18744604664362 0.3124836668564 0.40410794988022 0.38979793836421 0.41503005841366 0.45894215554201 0.10150833875554 0 0.38865564424171 0.40454326500692 0.40931109216805 0.46784933122787 0.4202911231716 0.43101571363157 0.47785841989529 0.46093331158506 0.4571236092128 0.43098767460439 0.45761178855155 0.46145966674729 0.45282935451894 0.17133740800489 0.49570500802185 0.49429306237246 -0.031355841295509 0.35450679448189 0.39967592090535 0.45599235524452 0.31379382111416 0.34599019015831 0.37084339935969 0.44504669749754 0.47257423386024 0.87421253345875 -0.7"
General-0-20251226-14:21:36-80280,vector,AdhocNetwork1.host[6].app[1],e2eDelayPeriodicSec,,,"1 2 3 4 5 6 7 8 9 10 11 12 13 14 15 16 17 18 19 20 21 22 23 24 25 26 27 28 29 30 31 32 33 34 35 36 37 38 39 40 41 42 43 44 45 46 47 48 49 50","NaN NaN NaN NaN NaN NaN NaN NaN NaN NaN NaN NaN NaN NaN NaN NaN NaN NaN NaN NaN NaN NaN NaN NaN NaN NaN NaN NaN NaN NaN NaN NaN NaN NaN NaN NaN NaN NaN NaN NaN NaN NaN NaN NaN NaN NaN NaN NaN NaN NaN"
General-0-20251226-14:21:36-80280,vector,AdhocNetwork1.host[6].rl,rlReward,,,"1 2 3 4 5 6 7 8 9 10 11 12 13 14 15 16 17 18 19 20 21 22 23 24 25 26 27 28 29 30 31 32 33 34 35 36 37 38 39 40 41 42 43 44 45 46 47 48 49 50","0.33333333333333 0 0.30894607370632 0.3 0.09176713357891 -0.59525506079532 -0.66666666666667 -0.56510340011701 -0.32168852693343 -0.48241701345324 -0.53777999285504 0.26470820982017 0.13806814621215 0.1 0.021803477525975 -0.25240153223537 -0.52339774008949 -0.26099878969925 -0.54520688164531 0.37720274326713 -0.28434663255088 -0.0108559981915 0.084216828154588 -0.19467369536222 0.2583536486001 0.3678575472832 -0.2 0.11642706808638 0.064032454206531 0.04979337899582 -0.070449596356404 0.25682190310578 0.1164144665261 -0.10914979645359 0.35200366369078 -0.44211448318983 -0.7 -0.49632872104254 -0.44762288384433 -0.58039990893095 -0.28918501395937 -0.10440440608966 0.41911802821838 0.22806075345365 0.10619713075846 -0.081274385961796 0.41444124360478 0.1 0.40576052581731 -0.11865024348428"
General-0-20251226-14:21:36-80280,vector,AdhocNetwork1.host[7].app[1],e2eDelayPeriodicSec,,,"1 2 3 4 5 6 7 8 9 10 11 12 13 14 15 16 17 18 19 20 21 22 23 24 25 26 27 28 29 30 31 32 33 34 35 36 37 38 39 40 41 42 43 44 45 46 47 48 49 50","NaN NaN NaN NaN NaN NaN NaN NaN NaN NaN NaN NaN NaN NaN NaN NaN 0.031232643929 0.031232643929 0.031232643929 NaN NaN NaN 0.065204370616 0.065204370616 0.065204370616 NaN NaN NaN NaN NaN NaN NaN NaN NaN NaN 0.103746655491 0.103746655491 0.103746655491 NaN NaN 0.022905641397 0.022905641397 0.022905641397 NaN 0.081150737163 0.081150737163 0.081150737163 NaN NaN NaN"
General-0-20251226-14:21:36-80280,vector,AdhocNetwork1.host[7].rl,rlReward,,,"1 2 3 4 5 6 7 8 9 10 11 12 13 14 15 16 17 18 19 20 21 22 23 24 25 26 27 28 29 30 31 32 33 34 35 36 37 38 39 40 41 42 43 44 45 46 47 48 49 50","0.33333333333333 0 0.093684345375392 0.11013323084807 0.12557327696645 0.11862509608001 0.09162022802967 0.10211215731493 0.063971624391597 0.065247886241073 0.088995644375807 0.098960735331859 0.1127482065078 0.10174625288222 0.06923920702006 0.092254355623361 0.01361933127997 0 0.13059738697841 0.13433736350678 0 0 0.01375396333624 0.14087889618531 0.11503929720064 0.10775290717695 0.15334489213414 0.086225929808819 0.133757365081 0.17453014814406 0.1348843704909 0.13666321016504 0.13049790537762 0.13719021826692 0.34561941987436 0.13892316024528 0 0.12002728441597 0.1965529743431 0.17266269943989 0.14574527248699 0.13146872825987 0.17284694907147 0.14560680093869 0.3635944978492 0 0.44132161302073 0.3256226854762 0.41005003600234 0.36165734015508"
General-0-20251226-14:21:36-80280,vector,AdhocNetwork1.host[8].app[1],e2eDelayPeriodicSec,,,"1 2 3 4 5 6 7 8 9 10 11 12 13 14 15 16 17 18 19 20 21 22 23 24 25 26 27 28 29 30 31 32 33 34 35 36 37 38 39 40 41 42 43 44 45 46 47 48 49 50","NaN NaN 0.06462422548 0.06462422548 0.06462422548 0.074701319522 0.074701319522 0.074701319522 NaN NaN 0.016586681015 0.016586681015 0.016586681015 NaN 0.008274818568 0.008274818568 0.008274818568 NaN NaN 0.026115805622 0.026115805622 0.026115805622 NaN 0.015926431003 0.015926431003 0.015926431003 NaN NaN 0.047649025454 0.047649025454 0.047649025454 NaN NaN 0.046939154219 0.046939154219 0.046939154219 0.047279287848 0.047279287848 0.047279287848 NaN NaN NaN NaN NaN NaN NaN NaN NaN NaN NaN"
General-0-20251226-14:21:36-80280,vector,AdhocNetwork1.host[8].rl,rlReward,,,"1 2 3 4 5 6 7 8 9 10 11 12 13 14 15 16 17 18 19 20 21 22 23 24 25 26 27 28 29 30 31 32 33 34 35 36 37 38 39 40 41 42 43 44 45 46 47 48 49 50","0.33333333333333 0 0.074268830497997 0 0.11267410146016 0.11227875550755 0 0.16059157530957 0.08968535221869 0 0.099863603555846 0.033814895350444 0.18164960994881 0.14983059665495 0.14076086743566 0.1806935654465 0.18868596830884 0.13724161777567 0.1120830368842 0.10382977592416 0.12511577572161 0.063495943280845 0.069508539858548 0.075130952232274 0.13230120648759 0.074308996763703 0.063954757352871 0.14296918160592 0.090631599700613 -0.077979518741414 0.0991265925907 0.18731987158646 0.15128910058377 0.10114125264226 0.13332038393655 0.16956485833564 0.045198109944863 0.1757371333039 0.15325740737241 0.12419695480401 0.83944386224476 -0.5223122190731 -0.46761305877096 -0.1413582501388 -0.2439115297428 -0.38169314684865 -0.51847543377585 -0.51645724098954 -0.47945366716614 -0.57982951434283"
General-0-20251226-14:21:36-80280,vector,AdhocNetwork1.host[9].app[1],e2eDelayPeriodicSec,,,"1 2 3 4 5 6 7 8 9 10 11 12 13 14 15 16 17 18 19 20 21 22 23 24 25 26 27 28 29 30 31 32 33 34 35 36 37 38 39 40 41 42 43 44 45 46 47 48 49 50","NaN NaN NaN NaN NaN NaN NaN NaN NaN NaN NaN NaN NaN NaN NaN NaN NaN NaN NaN NaN NaN NaN NaN NaN NaN NaN NaN NaN NaN NaN NaN NaN NaN NaN NaN NaN NaN NaN NaN NaN NaN NaN NaN NaN NaN NaN NaN NaN NaN NaN"
General-0-20251226-14:21:36-80280,vector,AdhocNetwork1.host[9].rl,rlReward,,,"1 2 3 4 5 6 7 8 9 10 11 12 13 14 15 16 17 18 19 20 21 22 23 24 25 26 27 28 29 30 31 32 33 34 35 36 37 38 39 40 41 42 43 44 45 46 47 48 49 50","0.33333333333333 0 0.043498805233872 0.021133608349542 0.033432367976113 0.01684453283943 0.0038954495488588 0 0 0.015266823657416 0.014560862985452 0.30915192412035 0.32309219647992 0.37274726131072 0.40406603719135 0.077538901986685 0.052025477518722 0.040843851362541 0.35705913246723 0.31094445605803 0.3 0.32214501324522 0.3 0.31504960613681 0.31883185154512 0.3 0.3 0.3 0.3 0.3 0.38007258041494 0.42002094052463 0.39779622395645 0.35603691263244 0.31101090413314 -0.099935551885588 0.30733538672428 0.40189952854957 0.35248150088447 0.098575234142652 0.39994342521534 0.37399489019258 0.36416096879645 0.37392111750224 0.33603583315053 0.32670361058248 0.084730472153079 0.3 0.37050434514791 0.32870423995037"
General-0-20251226-14:21:36-80280,vector,AdhocNetwork1.host[10].app[1],e2eDelayPeriodicSec,,,"1 2 3 4 5 6 7 8 9 10 11 12 13 14 15 16 17 18 19 20 21 22 23 24 25 26 27 28 29 30 31 32 33 34 35 36 37 38 39 40 41 42 43 44 45 46 47 48 49 50","NaN NaN NaN NaN NaN NaN NaN NaN NaN NaN NaN NaN NaN NaN NaN NaN NaN NaN NaN NaN NaN NaN NaN NaN NaN NaN NaN NaN NaN NaN NaN NaN NaN NaN NaN NaN NaN NaN NaN NaN NaN NaN NaN NaN NaN NaN NaN NaN NaN NaN"
General-0-20251226-14:21:36-80280,vector,AdhocNetwork1.host[10].rl,rlReward,,,"1 2 3 4 5 6 7 8 9 10 11 12 13 14 15 16 17 18 19 20 21 22 23 24 25 26 27 28 29 30 31 32 33 34 35 36 37 38 39 40 41 42 43 44 45 46 47 48 49 50","0.33333333333333 0 0.24182591319715 0.31454067824341 0.13221592723481 0.15835698156075 0.165600335952 0.16155985840438 0.16175675049789 0.16460099640027 0.16619985723316 0.13513819703737 0.10155637392607 0.10200025512944 0.1094827808562 0.80348425732358 0.12284851891235 0.14255439265204 0.24684363211667 0.054968261098594 0.089231822440163 0.10873251929143 0 0.3 0.10558925809541 0.44493300704594 0.14780311218611 0.16712245875486 0.16454521162622 0.15401828076435 0.35843731388284 0.16443264731905 0.35843731388282 0.17229154258854 0.17229154258853 0.17229154258854 0.17229154258854 0.17229154258861 0.17229154258856 0.17229154258854 0.17229154258854 0.34204429314061 0.17139940540532 0.14718425328856 0.1526115410725 0.16885779480356 0.11655625243559 0.14447107784388 0.16796565762032 0"
General-0-20251226-14:21:36-80280,vector,AdhocNetwork1.host[11].app[1],e2eDelayPeriodicSec,,,"1 2 3 4 5 6 7 8 9 10 11 12 13 14 15 16 17 18 19 20 21 22 23 24 25 26 27 28 29 30 31 32 33 34 35 36 37 38 39 40 41 42 43 44 45 46 47 48 49 50","NaN 0.050031546295 0.050031546295 0.050031546295 NaN NaN 0.023097363064 0.023097363064 0.023097363064 NaN NaN 0.023477288769 0.023477288769 0.023477288769 0.023063050009 0.023063050009 0.023063050009 NaN 0.015965738055 0.015965738055 0.015965738055 NaN NaN NaN NaN NaN NaN NaN NaN NaN NaN NaN NaN NaN NaN NaN NaN NaN NaN NaN NaN NaN NaN NaN 22.591875581092 22.591875581092 22.591875581092 NaN NaN 0.050739919575"
General-0-20251226-14:21:36-80280,vector,AdhocNetwork1.host[11].rl,rlReward,,,"1 2 3 4 5 6 7 8 9 10 11 12 13 14 15 16 17 18 19 20 21 22 23 24 25 26 27 28 29 30 31 32 33 34 35 36 37 38 39 40 41 42 43 44 45 46 47 48 49 50","0.33333333333333 0 0 0 -0.25382178622058 -0.47661087349022 -0.63319083969303 -0.49753189696493 -0.40638628234415 -0.49204464426542 -0.46707538317442 0.18095846963067 0.37092937495092 0.36763357930396 0.37295939718836 0.38787817655245 0.42864231795867 0.37955266197833 0.33252696051798 0.34715569564808 0.39983687297858 0.38142471699836 0.34935986431913 0.37813627094393 0.31317437734274 0.35267694178292 0.34125393079369 0.29292492165279 0.38269949498565 0.36245546282366 0.30735436822602 0.35961034994041 0.27437761462449 0.35549748122355 0.31621137231856 0.2952498262276 0.12053555834392 0.32230159857552 0.30311755797931 0.21240923410546 -0.042950815960026 0.33284031977435 0.31243328525307 0.30088195913866 0.17512121795517 0.15219926198025 0.35127874330856 0.44119850217992 0.21624767676171 0.1"
General-0-20251226-14:21:36-80280,vector,AdhocNetwork1.host[12].app[1],e2eDelayPeriodicSec,,,"1 2 3 4 5 6 7 8 9 10 11 12 13 14 15 16 17 18 19 20 21 22 23 24 25 26 27 28 29 30 31 32 33 34 35 36 37 38 39 40 41 42 43 44 45 46 47 48 49 50","NaN NaN NaN NaN NaN NaN NaN NaN 0.197054950333 0.197054950333 0.197054950333 NaN 0.032374338059 0.032374338059 0.032374338059 NaN 0.02604287354 0.02604287354 0.02604287354 NaN NaN 0.016104987324 0.016104987324 0.016104987324 NaN NaN NaN NaN NaN 0.164060411818 0.164060411818 0.164060411818 NaN NaN 0.069626292641 0.069626292641 0.069626292641 0.016825311446 0.016825311446 0.016825311446 NaN NaN 0.015124580901 0.015124580901 0.015124580901 NaN NaN 0.032586070558 0.032586070558 0.032586070558"
General-0-20251226-14:21:36-80280,vector,AdhocNetwork1.host[12].rl,rlReward,,,"1 2 3 4 5 6 7 8 9 10 11 12 13 14 15 16 17 18 19 20 21 22 23 24 25 26 27 28 29 30 31 32 33 34 35 36 37 38 39 40 41 42 43 44 45 46 47 48 49 50","0.33333333333333 0 0.11765961938721 0.09865451426167 0.12271005753337 0.15075806336081 0.054809694806661 0.16300973508752 0.12458075546595 0.0023540299834558 0 0.13405409971403 0.1510001139285 0.12054152439719 0.15111019772288 0.15878102088341 0.15974004165112 0.076294808644053 0.14279756967514 0.12719388630736 0.10581383372855 0.018067859235469 0.36283066089103 0.11356572087921 0.034020716591883 0.062837063793875 0.083625092652627 -0.66666666666667 -0.61462232907598 -0.54952580134517 -0.64833190553892 0.13629941833354 0.1493911228322 0.0083140624173348 0.047877686234944 0.14248043046591 0.3 0.44102779808709 0.42637369331923 0.40198943119301 0.41526982927002 0.42857814388018 0.4118141187006 0.34166973365317 0.44969277324699 0.41073354851298 0.44344551884068 0.41001141448258 0.39854079362946 0.38491820637657"
General-0-20251226-14:21:36-80280,vector,AdhocNetwork1.host[13].app[1],e2eDelayPeriodicSec,,,"1 2 3 4 5 6 7 8 9 10 11 12 13 14 15 16 17 18 19 20 21 22 23 24 25 26 27 28 29 30 31 32 33 34 35 36 37 38 39 40 41 42 43 44 45 46 47 48 49 50","NaN 0.107271358629 0.107271358629 0.107271358629 NaN NaN 0.009693981204 0.009693981204 0.009693981204 NaN NaN 0.038972495088 0.038972495088 0.038972495088 NaN 0.016163701333 0.016163701333 0.016163701333 0.016634046308 0.016634046308 0.016634046308 NaN NaN NaN 0.024583732904 0.024583732904 0.024583732904 NaN 0.072895246497 0.072895246497 0.072895246497 NaN 0.367406902286 0.367406902286 0.367406902286 NaN 0.038794220825 0.038794220825 0.038794220825 0.032994500975 0.032994500975 0.032994500975 NaN NaN NaN NaN NaN NaN 0.199206960225 0.199206960225"
General-0-20251226-14:21:36-80280,vector,AdhocNetwork1.host[13].rl,rlReward,,,"1 2 3 4 5 6 7 8 9 10 11 12 13 14 15 16 17 18 19 20 21 22 23 24 25 26 27 28 29 30 31 32 33 34 35 36 37 38 39 40 41 42 43 44 45 46 47 48 49 50","0.33333333333333 0 0.36819521451052 0.38105509655737 -0.084813299140182 0.35381868925409 0.3 0.46205938965833 0.35579314346501 -0.043847708368258 0.12541909911962 0.022302220603056 0.17900754501545 0.15660939997024 0.16742684386657 0.87600838344869 0.44550503403375 0.3616266009381 0.46032200277922 0.44156566186493 0.40291544311182 0.33393410752153 0.31407093759717 0.43652973886294 0.43299640322983 0.35029868436109 0.45142911306492 0.44977478104185 0.37252719655969 0.41734354224618 0.44415424796362 0.0212125552601 0.38559068623585 0.46134244991192 0.47658499690472 0.44575875414695 0.40421283188544 0.47631840708942 0.46028981791575 0.45946629537433 0.44252026911363 0.42515856145546 0.4018873190919 0.32983411626615 -0.58896091014012 -0.7 -0.49904823843207 -0.1445472890294 -0.53672653600595 -0.68160605345483"
General-0-20251226-14:21:36-80280,vector,AdhocNetwork1.host[14].app[1],e2eDelayPeriodicSec,,,"1 2 3 4 5 6 7 8 9 10 11 12 13 14 15 16 17 18 19 20 21 22 23 24 25 26 27 28 29 30 31 32 33 34 35 36 37 38 39 40 41 42 43 44 45 46 47 48 49 50","NaN NaN NaN NaN NaN NaN NaN NaN NaN NaN NaN NaN NaN NaN NaN NaN NaN NaN NaN NaN NaN NaN NaN NaN NaN NaN NaN NaN NaN NaN NaN NaN NaN NaN NaN NaN NaN NaN NaN NaN NaN NaN NaN NaN NaN NaN NaN NaN NaN NaN"
General-0-20251226-14:21:36-80280,vector,AdhocNetwork1.host[14].rl,rlReward,,,"1 2 3 4 5 6 7 8 9 10 11 12 13 14 15 16 17 18 19 20 21 22 23 24 25 26 27 28 29 30 31 32 33 34 35 36 37 38 39 40 41 42 43 44 45 46 47 48 49 50","0.33333333333333 0 0.36703379771619 0.36006921412744 0.10191592368574 0.10274891888235 0.77770990614904 -0.56402624009275 -0.56346155401818 -0.55530112994346 -0.55554351877748 0.10978335026882 0.074804777007789 0.38181968429687 0.37032565906569 0.37398866043241 0.35622981610968 0.37476217381007 0.37607107351312 0.05938245449927 0.060556220207792 0.36375558986027 0.33280226941017 0.33164359751174 0.37703636706696 0.37992265871985 0.36431494870761 0.38285369908061 0.38285369908059 0.36743776924464 0.3899799307972 0.37973087854362 0.3899799307972 0.38997993079722 0.3899799307972 0.38997993079713 0.3899799307972 0.38997993079722 0.3899799307972 0.38918164581342 0.38363919871915 0.38511838557812 0.36981264709391 0.32489912250126 0.34752504377482 0.34587824762348 0.3 0.31930773315606 0.34532711622881 0.3"
General-0-20251226-14:21:36-80280,vector,AdhocNetwork1.host[15].app[1],e2eDelayPeriodicSec,,,"1 2 3 4 5 6 7 8 9 10 11 12 13 14 15 16 17 18 19 20 21 22 23 24 25 26 27 28 29 30 31 32 33 34 35 36 37 38 39 40 41 42 43 44 45 46 47 48 49 50","NaN NaN NaN NaN NaN NaN NaN NaN NaN NaN NaN NaN NaN NaN NaN NaN NaN NaN NaN NaN NaN NaN NaN NaN NaN NaN NaN NaN NaN NaN NaN NaN NaN NaN NaN NaN NaN NaN NaN NaN NaN NaN NaN NaN NaN NaN NaN 0.392823341879 0.392823341879 0.392823341879"
General-0-20251226-14:21:36-80280,vector,AdhocNetwork1.host[15].rl,rlReward,,,"1 2 3 4 5 6 7 8 9 10 11 12 13 14 15 16 17 18 19 20 21 22 23 24 25 26 27 28 29 30 31 32 33 34 35 36 37 38 39 40 41 42 43 44 45 46 47 48 49 50","0.33333333333333 0.1 0.071979381029785 0.053173914087506 0.080857580883627 0.087456204448786 0.095470897156989 0.046726434888882 -0.2 0 0.46350051613481 0.46612805040855 0.46721347074623 0.39505669176413 0.45477132299578 0.44508899534245 0.85660668197441 0.42178601306502 0.38595539417227 0.39698403374818 0.1546885166793 0.8200129726325 -0.56612454225863 -0.6040125781682 -0.53053339093906 -0.5635171056065 -0.6120777840244 -0.57714235532589 -0.41609115862833 -0.57061221812435 -0.54529515795164 0.30061830553516 -0.11103736617303 0.017016244906378 0.18166738085387 0.24316293422845 0.1 0.20123896890265 0.28867882309592 0.17200828110472 0.29085358012706 0.32536746433305 0.14827501329688 0.29794049154836 -0.025591981111691 0.28664428575905 -0.058839918338864 0.13162824249479 0.27059978921061 0.1886123704961"
General-0-20251226-14:21:36-80280,vector,AdhocNetwork1.host[16].app[1],e2eDelayPeriodicSec,,,"1 2 3 4 5 6 7 8 9 10 11 12 13 14 15 16 17 18 19 20 21 22 23 24 25 26 27 28 29 30 31 32 33 34 35 36 37 38 39 40 41 42 43 44 45 46 47 48 49 50","NaN NaN NaN NaN NaN 3.020129689148 3.020129689148 3.020129689148 NaN NaN 0.020132661422 0.020132661422 0.020132661422 NaN NaN NaN 0.015805403265 0.015805403265 0.015805403265 NaN NaN 0.024753545871 0.024753545871 0.024753545871 NaN NaN 0.033858832285 0.033858832285 0.033858832285 NaN NaN NaN NaN NaN NaN NaN NaN NaN NaN NaN 0.038152441688 0.038152441688 0.038152441688 NaN NaN 0.032887144416 0.032887144416 0.032887144416 NaN NaN"
General-0-20251226-14:21:36-80280,vector,AdhocNetwork1.host[16].rl,rlReward,,,"1 2 3 4 5 6 7 8 9 10 11 12 13 14 15 16 17 18 19 20 21 22 23 24 25 26 27 28 29 30 31 32 33 34 35 36 37 38 39 40 41 42 43 44 45 46 47 48 49 50","0.33333333333333 0 0.029056776479585 0.3 0.34212686137842 0.17300462659134 0.018229171848395 0.41456416619032 0.38122418051167 0.36653442702124 0.36649121561789 0.41833185295472 0.41358358796167 0.32502213631322 0.16653980591893 0.13713444553191 0.16316282143775 0.11630567080958 0.10955180125295 0.1320163444787 0.1317859910121 0.10803738084641 0 -0.17168362643535 0.1538351101344 0.15109431519747 0.1552849992457 0.092243449587017 0.39741418440372 0.44869730792207 0.42392435913963 0.4645597540966 -0.55203062680445 -0.53907362590814 -0.54500435922445 -0.51745248905772 -0.55080648388645 -0.53230054088645 -0.52770149830935 -0.52719703605189 -0.54087152491262 0.48981449726898 0.4737570961315 0.46836279603342 0.49221700304702 0.45701826876296 0.45663626998037 -0.530039614948 -0.51668937015982 -0.67330045413376"
General-0-20251226-14:21:36-80280,vector,AdhocNetwork1.host[17].app[1],e2eDelayPeriodicSec,,,"1 2 3 4 5 6 7 8 9 10 11 12 13 14 15 16 17 18 19 20 21 22 23 24 25 26 27 28 29 30 31 32 33 34 35 36 37 38 39 40 41 42 43 44 45 46 47 48 49 50","NaN 0.028852745664 0.028852745664 0.028852745664 NaN 0.015684047524 0.015684047524 0.015684047524 NaN 0.026185242286 0.026185242286 0.026185242286 NaN NaN NaN NaN NaN NaN NaN NaN NaN NaN NaN NaN NaN NaN NaN NaN NaN NaN NaN NaN NaN NaN NaN NaN 0.028987331698 0.028987331698 0.028987331698 NaN NaN 0.049864718062 0.049864718062 0.049864718062 NaN NaN NaN NaN NaN NaN"
General-0-20251226-14:21:36-80280,vector,AdhocNetwork1.host[17].rl,rlReward,,,"1 2 3 4 5 6 7 8 9 10 11 12 13 14 15 16 17 18 19 20 21 22 23 24 25 26 27 28 29 30 31 32 33 34 35 36 37 38 39 40 41 42 43 44 45 46 47 48 49 50","0.33333333333333 0 0.43014559348142 0.40015907825622 0.3858778397577 0.074945939676712 0.10140376203768 0.12686212887804 0.3710802264658 0.3 0.38153755605205 0.44010805131004 0.51796955560769 0.24763905585173 0.23889058886526 0.26591952322253 0.27077159778476 0.25726392952999 0.2748596588993 0.27475099128195 0.27109498454999 0.27275270671314 0.27067003175678 0.27240305869913 0.27302225207866 0.27764042836748 0.27850936744951 0.27471416862648 0.27775626994599 0.27785467160002 0.27544126997546 0.27768601208259 0.27405011396382 0.27364317598286 0.27786901537798 0.27376145884862 0.25982821771403 0.23439682247205 0.26994905054129 0.47395977203271 0.25812755248645 0.23731679681062 0.11165467898591 0.25081768077204 0.22273239803534 -0.58085675110054 -0.46345202710772 -0.47989561959826 -0.51661913282435 -0.50126726759704"
General-0-20251226-14:21:36-80280,vector,AdhocNetwork1.host[18].app[1],e2eDelayPeriodicSec,,,"1 2 3 4 5 6 7 8 9 10 11 12 13 14 15 16 17 18 19 20 21 22 23 24 25 26 27 28 29 30 31 32 33 34 35 36 37 38 39 40 41 42 43 44 45 46 47 48 49 50","NaN 0.040881654723 0.040881654723 0.040881654723 0.007911962639 0.007911962639 0.007911962639 0.007752140043 0.007752140043 0.007752140043 NaN 0.012397492091 0.012397492091 0.012397492091 NaN 0.008472543964 0.008472543964 0.008472543964 0.008392713092 0.008392713092 0.008392713092 NaN 0.007972936041 0.007972936041 0.007972936041 NaN 0.010619624117 0.010619624117 0.010619624117 0.008073308345 0.008073308345 0.008073308345 0.010108741026 0.010108741026 0.010108741026 NaN 0.008373701633 0.008373701633 0.008373701633 NaN 0.007913943284 0.007913943284 0.007913943284 NaN NaN 0.008834226274 0.008834226274 0.008834226274 NaN NaN"
General-0-20251226-14:21:36-80280,vector,AdhocNetwork1.host[18].rl,rlReward,,,"1 2 3 4 5 6 7 8 9 10 11 12 13 14 15 16 17 18 19 20 21 22 23 24 25 26 27 28 29 30 31 32 33 34 35 36 37 38 39 40 41 42 43 44 45 46 47 48 49 50","0.33333333333333 0 0.12912323755559 0.073892102105678 0.041209754184183 0.12969811040296 0.063048828783268 0.13827147841103 0.1461418530291 0 0.080501747489234 0.23291013297134 0.21837580844688 0.18241105530429 0.23854932512136 0.19775289727595 0.23901023140899 0.19683897753501 0.24386358637436 0.20929550038261 0.19046951116871 0.12295887273247 0.18733705555706 0.18160681192967 0.17797764023637 0.37496728883138 0.20144785361529 0.1928565733183 0.16683878592511 0.48953651033237 0.18972311156286 0.18311810081341 0.14599734168015 0.35416632153561 0.13948537730793 0.14626870172428 0.068454676222808 0.14590042640727 0.18893589015784 0.16485688099666 0.083621332947506 -0.0244064294081 0.1783564638177 0.127110381676 0.20445739114302 0.14275045897829 0.18187334491675 0.19568223123379 0.21155217784078 0.15657508715261"
General-0-20251226-14:21:36-80280,vector,AdhocNetwork1.host[19].app[1],e2eDelayPeriodicSec,,,"1 2 3 4 5 6 7 8 9 10 11 12 13 14 15 16 17 18 19 20 21 22 23 24 25 26 27 28 29 30 31 32 33 34 35 36 37 38 39 40 41 42 43 44 45 46 47 48 49 50","NaN 0.049555154812 0.049555154812 0.049555154812 NaN 0.008924833925 0.008924833925 0.008924833925 NaN NaN NaN NaN 0.023336437971 0.023336437971 0.023336437971 NaN NaN 0.045659742885 0.045659742885 0.045659742885 NaN 0.019960387083 0.019960387083 0.019960387083 0.043701989749 0.043701989749 0.043701989749 NaN NaN NaN NaN 0.060068215868 0.060068215868 0.060068215868 NaN NaN NaN NaN NaN 3.406282853597 3.406282853597 3.406282853597 NaN NaN NaN NaN NaN NaN 0.114946153636 0.114946153636"
General-0-20251226-14:21:36-80280,vector,AdhocNetwork1.host[19].rl,rlReward,,,"1 2 3 4 5 6 7 8 9 10 11 12 13 14 15 16 17 18 19 20 21 22 23 24 25 26 27 28 29 30 31 32 33 34 35 36 37 38 39 40 41 42 43 44 45 46 47 48 49 50","0.33333333333333 0 0.12511133282434 0.040441141404951 0.42350414564553 -0.075345024793158 0 0.18153033566084 0.11397100972259 0.0037059370561007 0.0070747086174206 0.13661570106459 0.13611921044315 0.016697676015291 0.12347295266185 0.1435699963337 0.17142556540191 0.061191861819987 0.10944538110637 0.085764262010542 0.13512047340988 0.12158736085737 0.11006644667599 0.090952471397225 0.13843962969766 0.11063582577892 0.12761627725034 0.14550117262424 0.3219569389808 0.12866112116742 0.15835136327262 0.17481700223818 0.090103399960825 0.14785452486273 0.11701961118243 0.156562290972 0.034256205481153 0.15663844281788 0.15251418908796 0.12874107005628 0.34526776434665 -0.5414404166988 -0.56824317919235 -0.5226880856644 -0.59680379113687 -0.37949710352513 -0.50254897150038 -0.35631024045228 -0.58673367957035 -0.64096634701417"
General-0-20251226-14:21:36-80280,vector,AdhocNetwork1.host[20].app[1],e2eDelayPeriodicSec,,,"1 2 3 4 5 6 7 8 9 10 11 12 13 14 15 16 17 18 19 20 21 22 23 24 25 26 27 28 29 30 31 32 33 34 35 36 37 38 39 40 41 42 43 44 45 46 47 48 49 50","NaN NaN 0.088110773567 0.088110773567 0.088110773567 NaN 0.046973213021 0.046973213021 0.046973213021 NaN NaN NaN NaN NaN NaN NaN NaN NaN NaN 9.060666915018 9.060666915018 9.060666915018 NaN NaN NaN 0.037230691699 0.037230691699 0.037230691699 NaN NaN 0.008472646162 0.008472646162 0.008472646162 0.008392115867 0.008392115867 0.008392115867 NaN 0.007391974281 0.007391974281 0.007391974281 NaN NaN 0.007952568467 0.007952568467 0.007952568467 NaN NaN 0.019483216658 0.019483216658 0.019483216658"
General-0-20251226-14:21:36-80280,vector,AdhocNetwork1.host[20].rl,rlReward,,,"1 2 3 4 5 6 7 8 9 10 11 12 13 14 15 16 17 18 19 20 21 22 23 24 25 26 27 28 29 30 31 32 33 34 35 36 37 38 39 40 41 42 43 44 45 46 47 48 49 50","0.33333333333333 0 0.036147146762101 0 0.0011144585065314 0.09299117958546 0 0.08488699341418 0.036736437347869 0 0.085123669492722 0.2231560720862 0.24887301414225 0.18713293541875 0.18423568078025 0.23499423194293 0.18937303425401 0.14575115709464 0.20281745865773 0.17332009283424 0.21138633689252 0.16015596263038 0.13517060657095 0.19825033429603 0.23047805620116 0.16132111784807 0.19939460746205 0.1787200348378 0.18501170542542 0.21459657405084 0.20068037034408 0.20968665302057 0.20830705213872 0.21688246865174 0.13956518239155 0.43174890934856 0.14930334918954 0.17865514260444 0.20534805232592 0.20954790551775 0.18394633516943 0.19070266516409 0.22010448986876 0.17507429944037 0.17673530248607 0.20954665840458 0.20941536337942 0.14798360079062 0.21600018147671 0.18074292936413"
General-0-20251226-14:21:36-80280,vector,AdhocNetwork1.host[21].app[1],e2eDelayPeriodicSec,,,"1 2 3 4 5 6 7 8 9 10 11 12 13 14 15 16 17 18 19 20 21 22 23 24 25 26 27 28 29 30 31 32 33 34 35 36 37 38 39 40 41 42 43 44 45 46 47 48 49 50","NaN NaN NaN NaN NaN NaN NaN NaN NaN NaN NaN NaN NaN NaN NaN NaN NaN NaN NaN NaN NaN NaN 0.163121892818 0.163121892818 0.163121892818 NaN NaN NaN NaN NaN NaN NaN NaN NaN NaN NaN NaN NaN NaN NaN NaN NaN NaN NaN NaN NaN NaN NaN 0.041547417168 0.041547417168"
General-0-20251226-14:21:36-80280,vector,AdhocNetwork1.host[21].rl,rlReward,,,"1 2 3 4 5 6 7 8 9 10 11 12 13 14 15 16 17 18 19 20 21 22 23 24 25 26 27 28 29 30 31 32 33 34 35 36 37 38 39 40 41 42 43 44 45 46 47 48 49 50","0.33333333333333 -0.2 0 0.0092360272348315 0.069998840422556 0 0 0.13912217094376 0.061299282445643 0.017140530466361 0.082947578576279 0 0.059398292356104 0 0.74092744479679 0.43066596350889 0.44759662795786 0.36827686246121 0.32580641190591 0.32340690021348 0.37462855049184 0.39171197644016 0.074479708242354 0.3 0.39209281616451 0.38813205786814 0.038202586305791 0.086671172206586 0.047825280912259 0.1168851361736 0.44176422832376 0.43186350386349 0.13371853255293 0.10399047105973 0.13907328455562 -0.53277665818149 -0.58662238000998 -0.55842501546485 -0.19297119346379 -0.56237304587979 -0.5896517204573 -0.63299055605091 -0.5547957943795 -0.5561079902288 -0.25315029111634 -0.4037008862187 -0.54239491296217 -0.50366594951928 -0.54918778833038 -0.7"
General-0-20251226-14:21:36-80280,vector,AdhocNetwork1.host[22].app[1],e2eDelayPeriodicSec,,,"1 2 3 4 5 6 7 8 9 10 11 12 13 14 15 16 17 18 19 20 21 22 23 24 25 26 27 28 29 30 31 32 33 34 35 36 37 38 39 40 41 42 43 44 45 46 47 48 49 50","NaN NaN NaN NaN NaN NaN NaN NaN NaN NaN NaN NaN NaN NaN NaN NaN NaN NaN NaN NaN NaN NaN NaN NaN NaN NaN NaN NaN NaN NaN NaN NaN NaN NaN NaN NaN NaN NaN NaN NaN NaN NaN NaN NaN 0.18200271786 0.18200271786 0.18200271786 NaN NaN NaN"
General-0-20251226-14:21:36-80280,vector,AdhocNetwork1.host[22].rl,rlReward,,,"1 2 3 4 5 6 7 8 9 10 11 12 13 14 15 16 17 18 19 20 21 22 23 24 25 26 27 28 29 30 31 32 33 34 35 36 37 38 39 40 41 42 43 44 45 46 47 48 49 50","0.33333333333333 0 0.010150183853529 0.66666666666667 0.83768429981191 0.087701971459594 -0.54792072159095 -0.60925949682563 -0.66666666666667 -0.66666666666667 -0.54909857926719 0.15582630051595 0.1750334872699 0.35784802854619 0.12050244258058 0.43047254555441 0.45000320324902 0.38524204960195 0.38383678350913 0.40011842748505 0.41964151089859 0.42374166513705 0.3 0.33145806973025 0.43897859281574 0.40737430324495 0.34492188153329 0.3564596074204 0.3 0.36420253491259 0.39393370707323 0.41787168212586 -0.60586759040958 -0.63140890376273 -0.67966781504053 -0.62158991785633 -0.7 -0.63849784361366 -0.58488876963356 -0.64262888800188 -0.63336512980789 0.40634518194675 0.36997709191206 0.3 0.47692383253642 0.41394193658337 0.42147829627412 0.34649353795992 0.42116503662652 0.36880168829997"
General-0-20251226-14:21:36-80280,vector,AdhocNetwork1.host[23].app[1],e2eDelayPeriodicSec,,,"1 2 3 4 5 6 7 8 9 10 11 12 13 14 15 16 17 18 19 20 21 22 23 24 25 26 27 28 29 30 31 32 33 34 35 36 37 38 39 40 41 42 43 44 45 46 47 48 49 50","NaN 0.050989269237 0.050989269237 0.050989269237 NaN 0.008512034021 0.008512034021 0.008512034021 NaN 0.02712186223 0.02712186223 0.02712186223 0.023334412557 0.023334412557 0.023334412557 NaN NaN 0.008092647874 0.008092647874 0.008092647874 0.008652830343 0.008652830343 0.008652830343 NaN NaN 0.007993096671 0.007993096671 0.007993096671 NaN 0.00875332239 0.00875332239 0.00875332239 NaN 0.008573547077 0.008573547077 0.008573547077 NaN NaN 0.008033805554 0.008033805554 0.008033805554 NaN 0.009725275635 0.009725275635 0.009725275635 0.008074200818 0.008074200818 0.008074200818 NaN 0.012518478224"
General-0-20251226-14:21:36-80280,vector,AdhocNetwork1.host[23].rl,rlReward,,,"1 2 3 4 5 6 7 8 9 10 11 12 13 14 15 16 17 18 19 20 21 22 23 24 25 26 27 28 29 30 31 32 33 34 35 36 37 38 39 40 41 42 43 44 45 46 47 48 49 50","0.33333333333333 0 0.14769196847244 0.14548142040839 0.11366275938743 -0.48316365615192 -0.62033375533277 -0.49353870918474 -0.56682661758235 -0.58090836677134 -0.60674145227334 0.37345427517044 0.35290477627585 0.33887456618432 0.40838879464825 0.33343506145215 0.32323985558232 0.26959701092233 0.38817417793158 0.14266380699037 -0.23815180000617 0.22216400913702 0.1619908180211 0.26795476900908 0.3042234376035 0.30590734571841 0.26443800859192 0.28957987118074 0.2118987774433 0.19111806413458 0.1 -0.31276342386748 -0.31914280944644 -0.30666976633289 -0.41247115610108 0.12521962390138 -0.43666382391569 -0.36903001246436 -0.3107215292302 -0.50513456982911 -0.58365998851307 0.32097483793969 0.29601430059754 0.29931139185653 0.35421243754804 0.30439156072537 0.27480667722291 0.2034967615054 0.26851910765401 0.1"
General-0-20251226-14:21:36-80280,vector,AdhocNetwork1.host[24].app[1],e2eDelayPeriodicSec,,,"1 2 3 4 5 6 7 8 9 10 11 12 13 14 15 16 17 18 19 20 21 22 23 24 25 26 27 28 29 30 31 32 33 34 35 36 37 38 39 40 41 42 43 44 45 46 47 48 49 50","NaN NaN NaN NaN NaN NaN NaN NaN NaN NaN NaN NaN NaN NaN NaN NaN NaN NaN NaN NaN NaN NaN NaN NaN NaN NaN NaN NaN NaN NaN NaN NaN NaN NaN NaN NaN NaN NaN NaN NaN NaN NaN NaN NaN NaN 22.506546874553 22.506546874553 22.506546874553 NaN 0.039647701258"
General-0-20251226-14:21:36-80280,vector,AdhocNetwork1.host[24].rl,rlReward,,,"1 2 3 4 5 6 7 8 9 10 11 12 13 14 15 16 17 18 19 20 21 22 23 24 25 26 27 28 29 30 31 32 33 34 35 36 37 38 39 40 41 42 43 44 45 46 47 48 49 50","0.33333333333333 0 -0.10287852989681 0.12093824417004 -0.23457765448037 -0.53151395081371 -0.549072574097 -0.31628494581791 -0.46158959928342 -0.7 -0.42132885171691 0.071016681234623 0.4910309002447 0.21609084190163 0.080821314795011 0.22795741626328 0.46260807293572 0.22618292934471 0.92764402595234 -0.12820093305938 -0.42378296033768 0.24045784224253 0.23975575856922 0.23531604178903 0.25568447201577 0.25483197514992 0.26755794767044 0.25780143328446 0.25892357282733 0.26826231049821 0.2590721909635 0.26971654138122 0.26072974307513 0.26211862070604 0.26522314222817 0.26971654138123 0.25836056666324 0.25265450161075 0.26108216653811 0.25691359725271 0.26101608713879 0.26851694613218 0.26306454851739 0.26447521056563 0.25350796667289 0.088806153115486 0.22000014409408 0.2336298584318 0.49735487524262 0.18237458253787"
General-1-20251226-14:21:36-80284,vector,AdhocNetwork1.host[0].app[1],e2eDelayPeriodicSec,,,"1 2 3 4 5 6 7 8 9 10 11 12 13 14 15 16 17 18 19 20 21 22 23 24 25 26 27 28 29 30 31 32 33 34 35 36 37 38 39 40 41 42 43 44 45 46 47 48 49 50","NaN NaN NaN NaN NaN NaN NaN NaN NaN NaN NaN NaN NaN NaN NaN NaN NaN NaN NaN NaN NaN NaN NaN NaN NaN NaN NaN NaN NaN NaN NaN NaN NaN NaN NaN NaN NaN NaN NaN NaN NaN NaN NaN NaN NaN NaN NaN NaN NaN NaN"
General-1-20251226-14:21:36-80284,vector,AdhocNetwork1.host[0].rl,rlReward,,,"1 2 3 4 5 6 7 8 9 10 11 12 13 14 15 16 17 18 19 20 21 22 23 24 25 26 27 28 29 30 31 32 33 34 35 36 37 38 39 40 41 42 43 44 45 46 47 48 49 50","0.33333333333333 0 0 0.045037257726607 -0.66666666666667 -0.66666666666667 -0.7 -0.32884548497934 -0.46185284871046 -0.52571497615867 -0.55140380268998 0.31759209782017 0.34350526522724 0.3005372361659 0.31478927634842 0.32663358634741 0.31458749634579 0.31294835676541 -0.32213865283266 -0.53095244748771 -0.56842158166122 0.34686774533034 0.2396490993858 0.27465278025278 0.35365301612118 0.29282378833972 0.31786604208881 0.34799322489221 0.28826606326771 0.28172718900972 0.33386825128301 0.12409981593237 0.22040719642654 0.11137639604169 0.14640041169531 0.276727373122 0.67448183282873 -0.36335871006318 -0.37138150870007 -0.3164755486812 -0.42748777055854 0.1 0.12339506607411 0.27779257244278 0.23165338395396 0.24922501673764 0.35755136637113 0.22954229979669 0.26319816812388 0.1"
General-1-20251226-14:21:36-80284,vector,AdhocNetwork1.host[1].app[1],e2eDelayPeriodicSec,,,"1 2 3 4 5 6 7 8 9 10 11 12 13 14 15 16 17 18 19 20 21 22 23 24 25 26 27 28 29 30 31 32 33 34 35 36 37 38 39 40 41 42 43 44 45 46 47 48 49 50","NaN 0.015928265144 0.015928265144 0.015928265144 NaN NaN 0.032979262024 0.032979262024 0.032979262024 NaN NaN NaN NaN NaN NaN NaN NaN NaN NaN NaN NaN NaN NaN NaN NaN NaN NaN NaN NaN NaN NaN 0.015727460132 0.015727460132 0.015727460132 NaN 0.008214542597 0.008214542597 0.008214542597 0.008774498354 0.008774498354 0.008774498354 NaN NaN 0.013179886698 0.013179886698 0.013179886698 NaN NaN NaN NaN"
General-1-20251226-14:21:36-80284,vector,AdhocNetwork1.host[1].rl,rlReward,,,"1 2 3 4 5 6 7 8 9 10 11 12 13 14 15 16 17 18 19 20 21 22 23 24 25 26 27 28 29 30 31 32 33 34 35 36 37 38 39 40 41 42 43 44 45 46 47 48 49 50","0.33333333333333 0 0.3 0.055235683147092 -0.54086041172644 -0.55967277968105 -0.65336045633478 -0.36943775868059 -0.45452865668797 -0.53788271022247 -0.50363943825548 0.1764021961834 -0.0066574852095828 0.45547079505219 0.35499847265628 0.34339521570257 0.18558380757502 0.39583772485227 0.34386064463209 0.3832702749383 0.38993051280405 0.35507800515437 0.32403742963649 0.35040744174216 0.36662231524208 0.36551212638403 0.34487612908041 0.36195469759552 0.35036093051714 0.34433660925231 0.35986026997937 0.32499160517816 0.15943023287846 0.35485008783151 0.34589619195569 0.29942473262468 0.35274484035263 0.29644144684798 -0.038999114002816 -0.30033407379938 -0.44510120179376 0.1 0.25087844311554 0.27031295632781 0.16537575560927 0.3424535078407 0.26792442466445 -0.11000225696762 0.32115247431532 0.25467889375376"
General-1-20251226-14:21:36-80284,vector,AdhocNetwork1.host[2].app[1],e2eDelayPeriodicSec,,,"1 2 3 4 5 6 7 8 9 10 11 12 13 14 15 16 17 18 19 20 21 22 23 24 25 26 27 28 29 30 31 32 33 34 35 36 37 38 39 40 41 42 43 44 45 46 47 48 49 50","NaN NaN NaN NaN NaN NaN NaN NaN NaN NaN NaN NaN NaN NaN NaN NaN NaN NaN NaN NaN NaN NaN NaN NaN NaN NaN NaN NaN NaN NaN NaN NaN NaN NaN NaN NaN NaN NaN NaN NaN NaN NaN NaN NaN NaN NaN NaN NaN NaN NaN"
General-1-20251226-14:21:36-80284,vector,AdhocNetwork1.host[2].rl,rlReward,,,"1 2 3 4 5 6 7 8 9 10 11 12 13 14 15 16 17 18 19 20 21 22 23 24 25 26 27 28 29 30 31 32 33 34 35 36 37 38 39 40 41 42 43 44 45 46 47 48 49 50","0.33333333333333 0 0 0.0064265945406761 0 -0.66666666666667 -0.66666666666667 -0.7 -0.4999467073887 -0.58583991347354 -0.63414590457196 0.05040268920481 0.18064378968818 -0.14289582500422 0.057167188109642 0.32820632299948 0.057268365310377 0.16307974464676 0.1 0.34636757284281 0.17590375999382 -0.10414267797328 0.3 0.0039145821552574 0.23286683489245 0.36793845393044 0.35327432352328 0.38021368144783 0.3281863545097 0.32315191107718 0.36157231362725 0.3535919066137 0.32244917512305 0.37444265502593 0.35911190629813 0.35446101964114 0.31549601844055 0.33911322551006 0.36266213559569 0.35892650078435 0.33053777560697 0.34975677790374 -0.7 -0.7 -0.62523938753802 -0.644028537758 -0.67105142877458 -0.64294455915748 -0.63953325212403 -0.6279616979939"
General-1-20251226-14:21:36-80284,vector,AdhocNetwork1.host[3].app[1],e2eDelayPeriodicSec,,,"1 2 3 4 5 6 7 8 9 10 11 12 13 14 15 16 17 18 19 20 21 22 23 24 25 26 27 28 29 30 31 32 33 34 35 36 37 38 39 40 41 42 43 44 45 46 47 48 49 50","NaN 0.042709192205 0.042709192205 0.042709192205 NaN NaN 0.010433464743 0.010433464743 0.010433464743 NaN NaN NaN NaN NaN NaN NaN NaN NaN NaN 0.016215803245 0.016215803245 0.016215803245 NaN NaN NaN NaN NaN NaN NaN NaN NaN NaN NaN NaN NaN NaN NaN NaN NaN NaN NaN NaN NaN NaN NaN NaN NaN NaN NaN NaN"
General-1-20251226-14:21:36-80284,vector,AdhocNetwork1.host[3].rl,rlReward,,,"1 2 3 4 5 6 7 8 9 10 11 12 13 14 15 16 17 18 19 20 21 22 23 24 25 26 27 28 29 30 31 32 33 34 35 36 37 38 39 40 41 42 43 44 45 46 47 48 49 50","0.33333333333333 0 0 0.051090078830113 0.33535194136402 0.3069839784942 0.38170423004277 0.40884683527556 0.41583232314047 -0.00030005726757548 0.44905372762894 0.42812518982429 0.46208318743552 0.1575824933349 0.11004146438683 0.091375372471872 0.20463703032716 0.1963122558703 0.18359099015707 0.20871448514528 0.17267450716434 0.46440022550144 0.40385279175877 0.45722365140468 0.47761374285368 0.40143975567386 0.45844755778545 0.4864801772515 0.4899146863255 0.19126171852855 0.19908610142762 0.48543330015105 0.47201942193023 0.49256796305009 0.48784272659119 0.47046219088289 0.49620228088725 0.19398434590837 0.2009423268571 0.18652778443688 0.46340816844379 0.45540083956114 0.20811321802806 0.2145330006019 0.18936807904158 0.20668032059327 0.19827112974654 0.17790758074241 0.038722831049051 0.053962568339218"
General-1-20251226-14:21:36-80284,vector,AdhocNetwork1.host[4].app[1],e2eDelayPeriodicSec,,,"1 2 3 4 5 6 7 8 9 10 11 12 13 14 15 16 17 18 19 20 21 22 23 24 25 26 27 28 29 30 31 32 33 34 35 36 37 38 39 40 41 42 43 44 45 46 47 48 49 50","NaN NaN NaN NaN NaN 3.058816442807 3.058816442807 3.058816442807 NaN NaN 0.060352400919 0.060352400919 0.060352400919 NaN 0.015441991268 0.015441991268 0.015441991268 NaN 0.015854266373 0.015854266373 0.015854266373 NaN 0.015885248847 0.015885248847 0.015885248847 NaN NaN 0.015425399768 0.015425399768 0.015425399768 NaN NaN 0.015514649252 0.015514649252 0.015514649252 NaN 0.015542453737 0.015542453737 0.015542453737 NaN 0.029589538629 0.029589538629 0.029589538629 0.030582133461 0.030582133461 0.030582133461 NaN NaN NaN NaN"
General-1-20251226-14:21:36-80284,vector,AdhocNetwork1.host[4].rl,rlReward,,,"1 2 3 4 5 6 7 8 9 10 11 12 13 14 15 16 17 18 19 20 21 22 23 24 25 26 27 28 29 30 31 32 33 34 35 36 37 38 39 40 41 42 43 44 45 46 47 48 49 50","0.33333333333333 0 0.049623718398639 0.031882376950005 0.061585731913175 0.066983869420083 0.03990120974482 0 0.18980302333351 0.20386118949417 0.18025268451455 0.13043778154454 0.20819181269876 0.17371089102653 0.18825628590358 0.17023487153724 0.19109339154391 0.21662516314001 0.17601642059003 0.4535965448594 0.21703861974681 0.17021414334203 0.40464585576113 0.15761930819903 0.18242598169792 0.17813490975132 0.17496479351389 0.18097899290755 0.15537130739564 0.39386025043673 0.13022456192546 0.12715817389971 0.19939420251414 0.11476921957379 0.17861607709873 0.21949609728381 0.18058665936266 0.14287773335566 0.19993654679709 0.15601730322534 0.14525233271061 0.14480665326808 0.17549450941187 0.17674779255859 0.17656435147556 0.17792060054958 0.18767142126965 0.2067078528126 0.18233371404414 0.21206537287871"
General-1-20251226-14:21:36-80284,vector,AdhocNetwork1.host[5].app[1],e2eDelayPeriodicSec,,,"1 2 3 4 5 6 7 8 9 10 11 12 13 14 15 16 17 18 19 20 21 22 23 24 25 26 27 28 29 30 31 32 33 34 35 36 37 38 39 40 41 42 43 44 45 46 47 48 49 50","NaN 0.018576352855 0.018576352855 0.018576352855 NaN NaN 0.039584408965 0.039584408965 0.039584408965 NaN NaN 0.041650758628 0.041650758628 0.041650758628 NaN 0.015514954362 0.015514954362 0.015514954362 NaN NaN 0.024333998509 0.024333998509 0.024333998509 NaN NaN 0.024204254268 0.024204254268 0.024204254268 NaN NaN 0.023959833065 0.023959833065 0.023959833065 NaN NaN NaN NaN NaN NaN NaN 0.01628770284 0.01628770284 0.01628770284 NaN NaN NaN NaN NaN NaN NaN"
General-1-20251226-14:21:36-80284,vector,AdhocNetwork1.host[5].rl,rlReward,,,"1 2 3 4 5 6 7 8 9 10 11 12 13 14 15 16 17 18 19 20 21 22 23 24 25 26 27 28 29 30 31 32 33 34 35 36 37 38 39 40 41 42 43 44 45 46 47 48 49 50","0.33333333333333 0 0.14080060499906 0.14736293763567 -0.47631900248182 -0.46825515050248 -0.48761634618227 -0.55556043394142 -0.25261770787449 -0.3962889485799 -0.50563340432006 0.18298457754821 0.43838841336554 0.40346456822303 0.44547392242308 0.39372724956243 0.37431949182677 0.46174920933234 0.45892000326574 0.36749736594708 0.41463881243885 0.46292700574513 0.40836258391043 0.42029265162691 0.086569563240748 0.40658229478556 0.36470570167324 0.46937926217436 0.43634150739453 0.42189152276153 0.37635790488518 0.45557768100448 0.48837504921793 0.43793153811644 0.46080311860084 0.49743127014155 0.49110543602844 0.50845096332853 0.49444808605305 0.49224593245404 0.46812700058388 0.44879508664284 0.5119098439804 0.49845971096454 0.44959811213959 0.50166854862041 0.48371037409624 0.52613435959639 0.48542414802231 0.49829486223453"
General-1-20251226-14:21:36-80284,vector,AdhocNetwork1.host[6].app[1],e2eDelayPeriodicSec,,,"1 2 3 4 5 6 7 8 9 10 11 12 13 14 15 16 17 18 19 20 21 22 23 24 25 26 27 28 29 30 31 32 33 34 35 36 37 38 39 40 41 42 43 44 45 46 47 48 49 50","NaN NaN NaN NaN 0.026787015696 0.026787015696 0.026787015696 NaN NaN NaN NaN NaN NaN NaN NaN NaN NaN NaN NaN NaN NaN NaN NaN NaN NaN NaN NaN NaN NaN NaN NaN NaN NaN NaN 0.016749884562 0.016749884562 0.016749884562 0.007514331419 0.007514331419 0.007514331419 NaN 0.007774211621 0.007774211621 0.007774211621 NaN NaN 0.009184774492 0.009184774492 0.009184774492 NaN"
General-1-20251226-14:21:36-80284,vector,AdhocNetwork1.host[6].rl,rlReward,,,"1 2 3 4 5 6 7 8 9 10 11 12 13 14 15 16 17 18 19 20 21 22 23 24 25 26 27 28 29 30 31 32 33 34 35 36 37 38 39 40 41 42 43 44 45 46 47 48 49 50","0.33333333333333 0 0.081871156995582 0.096315301823997 0.1170830112068 0.12180876078494 0.095213752278027 0.1283344278655 0.19542268285519 0.13317456985418 0.15281903583635 0.04079498155625 0.16720596473324 0.1504178138105 0.26700303276524 0.15546207688907 0.14355746062062 0.18204070282136 0.16356296308017 0.12449678411276 0.14354647784637 0.1662840444142 0.022656007932553 0.1317180803772 0.15871530315907 0.15489702339281 0.1031968626439 0.16032469374077 0.0927100786053 0.18875109081026 0.051388684287381 0.16282231323127 0.19605478378659 0.059952973531888 0.12564001241915 0.20279184612745 -0.028596807024285 0.14279630707916 0.17523281270736 0.15324784109639 0.14698191153451 0.12457891386347 0.1202256296412 0.16300573213275 0.20538352429663 0.18779194427953 0.21391227902655 0.17069192547337 0.19618507633967 0.16102417342061"
General-1-20251226-14:21:36-80284,vector,AdhocNetwork1.host[7].app[1],e2eDelayPeriodicSec,,,"1 2 3 4 5 6 7 8 9 10 11 12 13 14 15 16 17 18 19 20 21 22 23 24 25 26 27 28 29 30 31 32 33 34 35 36 37 38 39 40 41 42 43 44 45 46 47 48 49 50","NaN 0.030479689975 0.030479689975 0.030479689975 NaN 0.015836151001 0.015836151001 0.015836151001 NaN 0.00855242914 0.00855242914 0.00855242914 NaN 0.00809301422 0.00809301422 0.00809301422 NaN NaN 0.022994477098 0.022994477098 0.022994477098 0.008294775921 0.008294775921 0.008294775921 NaN NaN NaN NaN NaN NaN NaN NaN NaN NaN NaN NaN NaN NaN NaN NaN NaN NaN NaN NaN NaN NaN NaN NaN NaN NaN"
General-1-20251226-14:21:36-80284,vector,AdhocNetwork1.host[7].rl,rlReward,,,"1 2 3 4 5 6 7 8 9 10 11 12 13 14 15 16 17 18 19 20 21 22 23 24 25 26 27 28 29 30 31 32 33 34 35 36 37 38 39 40 41 42 43 44 45 46 47 48 49 50","0.33333333333333 0 0.44366860294042 0.8972801314463 0.45657818023188 0.48682747684023 0.47051352956815 0.46500439254586 0.2195962971048 0.16078758590158 0.19820558701211 0.43914522351789 0.21650865293376 0.22370991624841 0.22694879831346 0.20063221202342 0.22553112891475 -0.43947489378293 -0.46902124425769 -0.14145103232698 -0.44833018330871 0.21341448726257 0.16712365698857 0.2300258606956 0.52281722242549 0.24268553648596 0.22681958200795 0.25820854987178 0.26484493769118 0.1185721083475 0.26427134562942 0.27090022975905 0.27217582916679 0.26698962526661 0.2720926675187 0.27521778964117 0.27723979293606 0.27161794173489 0.27595763823469 0.27593580459155 0.27868143720218 0.27667565318508 0.27868143720218 0.27868143720218 0.27667565318508 0.27868143720219 0.27266408515084 0.27667565318507 0.27868143720218 0.27868143720219"
General-1-20251226-14:21:36-80284,vector,AdhocNetwork1.host[8].app[1],e2eDelayPeriodicSec,,,"1 2 3 4 5 6 7 8 9 10 11 12 13 14 15 16 17 18 19 20 21 22 23 24 25 26 27 28 29 30 31 32 33 34 35 36 37 38 39 40 41 42 43 44 45 46 47 48 49 50","NaN NaN NaN NaN NaN NaN NaN NaN NaN NaN NaN NaN NaN NaN NaN NaN NaN NaN NaN NaN NaN NaN NaN NaN NaN NaN NaN NaN NaN NaN NaN NaN NaN NaN NaN NaN NaN NaN NaN NaN NaN NaN NaN NaN NaN NaN NaN NaN NaN NaN"
General-1-20251226-14:21:36-80284,vector,AdhocNetwork1.host[8].rl,rlReward,,,"1 2 3 4 5 6 7 8 9 10 11 12 13 14 15 16 17 18 19 20 21 22 23 24 25 26 27 28 29 30 31 32 33 34 35 36 37 38 39 40 41 42 43 44 45 46 47 48 49 50","0.33333333333333 0 0.067438919487883 0.06819675792798 0.42583389847751 0.16465811721164 0.13759216126331 -0.10326798896491 0.27703505690002 0.15082484674228 0.165746580345 0.35142366941426 0.11665894060332 0.14156145891545 0.14266280203313 0.10291241754015 0.17655892856507 0.1658419153943 0.13326086844016 0.18555159848357 0.18348610348301 0.14122144390376 0.12541240305318 0.15418577329787 0.13582228195187 0.16434620216992 0.14367131650653 0.14218819565685 0.17142639803907 0.16054834573786 0.1557350948332 0.16443306860781 0.14615477364241 0.1524345121876 0.17778055339858 0.16281834164662 0.16394366734065 0.16473846992673 0.18941974173029 0.15817402816198 0.16750752351134 0.14941493078504 0.14288331525625 0.1811078552156 0.17558670343402 0.16569978064166 0.18345840447023 0.11833539280545 0.16404443427923 0.11677227991178"
General-1-20251226-14:21:36-80284,vector,AdhocNetwork1.host[9].app[1],e2eDelayPeriodicSec,,,"1 2 3 4 5 6 7 8 9 10 11 12 13 14 15 16 17 18 19 20 21 22 23 24 25 26 27 28 29 30 31 32 33 34 35 36 37 38 39 40 41 42 43 44 45 46 47 48 49 50","NaN NaN NaN NaN NaN NaN NaN NaN NaN NaN NaN NaN NaN NaN NaN NaN NaN NaN NaN NaN NaN NaN 21.545553522471 21.545553522471 21.545553522471 0.029664721253 0.029664721253 0.029664721253 NaN 0.028782453159 0.028782453159 0.028782453159 0.040436481144 0.040436481144 0.040436481144 NaN NaN NaN NaN NaN NaN NaN NaN NaN NaN NaN NaN NaN NaN NaN"
General-1-20251226-14:21:36-80284,vector,AdhocNetwork1.host[9].rl,rlReward,,,"1 2 3 4 5 6 7 8 9 10 11 12 13 14 15 16 17 18 19 20 21 22 23 24 25 26 27 28 29 30 31 32 33 34 35 36 37 38 39 40 41 42 43 44 45 46 47 48 49 50","0.33333333333333 0 0.43972282195278 0.45163638195852 -0.54938160039603 -0.22718546354649 -0.51409974011815 -0.5303386992892 -0.47501696289705 -0.49722564035571 -0.19153438599652 0.030546093825511 0.072787748167796 0.060145534137673 0.07572795471066 -0.0001652571505576 0.23155623553338 -0.34657676217537 -0.14395063890524 -0.39251205733927 -0.44068336508493 0.074786019167123 0.41668048426142 0.47796450561231 0.46129796105594 0.42411259366559 0.29705269963135 0.42798366051865 0.43397059392007 0.41000508400098 0.40495377486094 0.50317016185397 0.46029381653283 0.48674462257892 0.52366786967128 0.49239574869331 0.49613960338108 0.4861746233274 0.49366051243763 0.49372519441918 0.49880889015109 0.49509506638327 0.49880889015108 0.49880889015108 0.49509506638326 0.49880889015109 0.4876674188476 0.49509506638326 0.49880889015105 0.49880889015109"
General-1-20251226-14:21:36-80284,vector,AdhocNetwork1.host[10].app[1],e2eDelayPeriodicSec,,,"1 2 3 4 5 6 7 8 9 10 11 12 13 14 15 16 17 18 19 20 21 22 23 24 25 26 27 28 29 30 31 32 33 34 35 36 37 38 39 40 41 42 43 44 45 46 47 48 49 50","NaN NaN NaN NaN NaN NaN NaN NaN NaN NaN NaN NaN NaN NaN NaN NaN NaN NaN NaN NaN NaN NaN NaN NaN NaN NaN NaN NaN NaN NaN NaN NaN NaN NaN NaN NaN NaN NaN NaN NaN NaN NaN NaN NaN NaN NaN NaN NaN NaN NaN"
General-1-20251226-14:21:36-80284,vector,AdhocNetwork1.host[10].rl,rlReward,,,"1 2 3 4 5 6 7 8 9 10 11 12 13 14 15 16 17 18 19 20 21 22 23 24 25 26 27 28 29 30 31 32 33 34 35 36 37 38 39 40 41 42 43 44 45 46 47 48 49 50","0.33333333333333 0 0 0.095096025068603 0.041575314656944 0.14617992243292 0.10006153980663 0.046445907882368 0.071451234345778 0.12083060853603 0.14195318878327 0.16686564753897 0.17133884124754 0.15566430653844 0.13158561491874 0.14546288833799 0.17712919679186 0.002647069267452 0.15042893985679 0.17532801351151 0.16212222232715 0.15266420714861 0.14425741826325 0.13634926317935 0.44678132711446 0.18404651176555 0.15088557573423 0.0050136986549169 0.17600501767665 0.3503630898613 0.16313412139296 0.14204206442518 0.13812610930801 0.18120566951329 0.14822795784351 0.1412447307547 0.18587795854609 0.13222629477489 0.16437155040974 0.16501179228662 0.16568476807301 0.16195931446223 0.17567897981929 0.18093016932286 0.17399582545411 0.18546797188792 0.17422020949639 0.14865622407853 0.16003041081857 0.025590128292248"
General-1-20251226-14:21:36-80284,vector,AdhocNetwork1.host[11].app[1],e2eDelayPeriodicSec,,,"1 2 3 4 5 6 7 8 9 10 11 12 13 14 15 16 17 18 19 20 21 22 23 24 25 26 27 28 29 30 31 32 33 34 35 36 37 38 39 40 41 42 43 44 45 46 47 48 49 50","NaN 0.055155232054 0.055155232054 0.055155232054 NaN NaN NaN NaN NaN NaN NaN NaN NaN NaN NaN 0.029226158248 0.029226158248 0.029226158248 NaN 0.033669200251 0.033669200251 0.033669200251 NaN NaN NaN NaN NaN NaN NaN NaN NaN NaN NaN NaN NaN NaN NaN NaN NaN NaN NaN NaN NaN NaN NaN NaN NaN NaN NaN NaN"
General-1-20251226-14:21:36-80284,vector,AdhocNetwork1.host[11].rl,rlReward,,,"1 2 3 4 5 6 7 8 9 10 11 12 13 14 15 16 17 18 19 20 21 22 23 24 25 26 27 28 29 30 31 32 33 34 35 36 37 38 39 40 41 42 43 44 45 46 47 48 49 50","0.33333333333333 0 0.30735423100326 0.41581572583949 -0.65851163215915 -0.59732358044202 -0.60183011169659 -0.52891848237112 -0.31030398434746 -0.58491855741162 -0.43567089814673 0.15629764956563 0.19916426932114 0.33604745225258 0.14967983107316 0.058550270069795 -0.0005571946905093 0.19550298323064 0.14437289484948 -0.49577311224089 -0.56889863269054 0.46375766598456 0.24171009856168 -0.46002334703892 -0.44254016222008 -0.15326350524635 -0.1678403149618 -0.29352603507515 -0.40639735240062 -0.40432367217472 -0.46593944629106 0.49415977255872 0.49578798114145 0.49578798114145 0.49578798114145 0.49578798114145 0.53747278868486 0.49578798114145 0.49578798114145 0.49578798114145 0.49578798114134 0.49578798114145 0.49578798114145 0.49578798114145 0.48835307886798 0.48835307886798 0.49578798114145 0.49578798114145 0.49207053000471 0.49376835221593"
General-1-20251226-14:21:36-80284,vector,AdhocNetwork1.host[12].app[1],e2eDelayPeriodicSec,,,"1 2 3 4 5 6 7 8 9 10 11 12 13 14 15 16 17 18 19 20 21 22 23 24 25 26 27 28 29 30 31 32 33 34 35 36 37 38 39 40 41 42 43 44 45 46 47 48 49 50","NaN 0.183438684286 0.183438684286 0.183438684286 NaN 0.013361925183 0.013361925183 0.013361925183 0.009587371124 0.009587371124 0.009587371124 NaN 0.008270260522 0.008270260522 0.008270260522 NaN 0.007650967191 0.007650967191 0.007650967191 0.008191722478 0.008191722478 0.008191722478 NaN 0.007772839985 0.007772839985 0.007772839985 NaN 0.008174055051 0.008174055051 0.008174055051 NaN NaN NaN NaN NaN NaN NaN NaN NaN NaN 0.042537634492 0.042537634492 0.042537634492 0.016547503584 0.016547503584 0.016547503584 NaN NaN NaN NaN"
General-1-20251226-14:21:36-80284,vector,AdhocNetwork1.host[12].rl,rlReward,,,"1 2 3 4 5 6 7 8 9 10 11 12 13 14 15 16 17 18 19 20 21 22 23 24 25 26 27 28 29 30 31 32 33 34 35 36 37 38 39 40 41 42 43 44 45 46 47 48 49 50","0.33333333333333 0 0.13820296697823 0.11395608294019 -0.57414267635401 -0.53968362358407 -0.38268108713615 -0.45217386404979 -0.57530432052614 -0.62659165279372 -0.58506789338537 0.3453505838911 0.4585846256708 -0.012182500514383 0.16852961675554 0.42988274863211 0.41052906160058 0.46469974870286 0.44401782785604 0.39112862413854 0.47239948981346 0.48846736715136 0.47428086713128 0.45120848529755 0.45735219260794 0.021941865439285 0.45467066882908 0.46015287583556 0.43060560876153 0.48415795135508 0.41208035354385 0.45852140914555 0.49754751857971 0.45289595112554 0.4443157041843 0.064226536556505 0.48115947655716 0.4773192030625 0.49531539047174 0.48043331103912 0.4407539197506 0.45322236961657 0.036402587350515 0.22857161311258 -0.0035377795271658 0.064591925706511 0.509752712363 0.23460618834146 0.07306779259322 0.89955452286906"
General-1-20251226-14:21:36-80284,vector,AdhocNetwork1.host[13].app[1],e2eDelayPeriodicSec,,,"1 2 3 4 5 6 7 8 9 10 11 12 13 14 15 16 17 18 19 20 21 22 23 24 25 26 27 28 29 30 31 32 33 34 35 36 37 38 39 40 41 42 43 44 45 46 47 48 49 50","NaN 0.218099315655 0.218099315655 0.218099315655 0.011278446922 0.011278446922 0.011278446922 NaN 0.00799220224 0.00799220224 0.00799220224 NaN 0.008371709274 0.008371709274 0.008371709274 NaN NaN 0.011587037986 0.011587037986 0.011587037986 NaN 0.019234247688 0.019234247688 0.019234247688 NaN 0.008090420362 0.008090420362 0.008090420362 NaN 0.008310265638 0.008310265638 0.008310265638 NaN NaN 0.008590275362 0.008590275362 0.008590275362 NaN 0.008110460609 0.008110460609 0.008110460609 0.008010717927 0.008010717927 0.008010717927 NaN NaN 0.007431204184 0.007431204184 0.007431204184 NaN"
General-1-20251226-14:21:36-80284,vector,AdhocNetwork1.host[13].rl,rlReward,,,"1 2 3 4 5 6 7 8 9 10 11 12 13 14 15 16 17 18 19 20 21 22 23 24 25 26 27 28 29 30 31 32 33 34 35 36 37 38 39 40 41 42 43 44 45 46 47 48 49 50","0.33333333333333 0 0.10326260180188 0.79056967297936 0.075241951637202 0.14929048012858 0.13597437015711 0.29993348321821 0.31939628418574 -0.49828199433631 -0.45873549507833 0.40443936463684 0.32281481120679 0.21722070149421 0.15205940118276 0.16851627236363 -0.17964066530499 -0.20613449361155 -0.22854728440965 -0.15540060108494 -0.15429798451688 0.36330012955493 0.13323156863429 0.18764105342495 0.17454201629527 0.1930699093858 0.16178182599455 0.19856724827223 0.20821513708815 0.19997898790919 0.17924323245535 -0.52785718419299 -0.46739086335412 -0.455100175028 -0.48196118384805 -0.45274836651376 -0.45150212994861 -0.47487616098726 -0.49201041965235 -0.51602447046247 -0.53510241339672 0.19013238161541 0.14762346761471 0.48376043113092 0.20151281674922 0.37300053162651 0.38469965553506 0.33466242402762 0.3731962234544 0.3591256676428"
General-1-20251226-14:21:36-80284,vector,AdhocNetwork1.host[14].app[1],e2eDelayPeriodicSec,,,"1 2 3 4 5 6 7 8 9 10 11 12 13 14 15 16 17 18 19 20 21 22 23 24 25 26 27 28 29 30 31 32 33 34 35 36 37 38 39 40 41 42 43 44 45 46 47 48 49 50","NaN NaN NaN NaN NaN NaN NaN NaN NaN NaN NaN NaN NaN 9.41461979065 9.41461979065 9.41461979065 NaN NaN NaN NaN NaN NaN 0.079474077806 0.079474077806 0.079474077806 NaN NaN NaN NaN NaN NaN NaN NaN NaN NaN NaN NaN NaN NaN NaN NaN NaN NaN NaN NaN NaN NaN NaN NaN NaN"
General-1-20251226-14:21:36-80284,vector,AdhocNetwork1.host[14].rl,rlReward,,,"1 2 3 4 5 6 7 8 9 10 11 12 13 14 15 16 17 18 19 20 21 22 23 24 25 26 27 28 29 30 31 32 33 34 35 36 37 38 39 40 41 42 43 44 45 46 47 48 49 50","0.33333333333333 0 0.11018143743454 0.14189001234594 0.088848604187234 0.067849161574497 0.77371944136224 0.095238217025573 0.036178093109642 0.12157089499761 0.13582438648308 0.13914162329982 0.08648048883389 0.12225017841607 0.08006063542164 -0.57655221991283 -0.52377762847461 -0.56585194330283 -0.55932269608853 -0.41707731016284 -0.26970665007364 0.15996337177194 0.014865009762218 0.085180221689427 0.10334018239272 0.11468576296914 0.053688217879483 0.11449529806746 0.11791842683778 0.086354383246174 0.73731630957386 0.079791467532224 0.099579580280826 0.09379107693028 0.042094514396437 0.1085812355408 0.13659815082274 0.064913703821384 0.36017003749474 -0.63345220231909 -0.64712164538588 0.05189910292378 0.037707951333454 0.071091158260441 0.089711608076004 0.088184481329099 0.056278237784879 0.014181141452027 0.37657910006103 0.14680158521862"
General-1-20251226-14:21:36-80284,vector,AdhocNetwork1.host[15].app[1],e2eDelayPeriodicSec,,,"1 2 3 4 5 6 7 8 9 10 11 12 13 14 15 16 17 18 19 20 21 22 23 24 25 26 27 28 29 30 31 32 33 34 35 36 37 38 39 40 41 42 43 44 45 46 47 48 49 50","NaN NaN NaN NaN NaN NaN NaN NaN 0.019875181942 0.019875181942 0.019875181942 NaN 0.007854557914 0.007854557914 0.007854557914 NaN 0.008133985622 0.008133985622 0.008133985622 0.008993657368 0.008993657368 0.008993657368 NaN 0.008413416152 0.008413416152 0.008413416152 NaN NaN 0.034842165648 0.034842165648 0.034842165648 NaN NaN 0.008113616546 0.008113616546 0.008113616546 0.007753917323 0.007753917323 0.007753917323 NaN 0.008114414345 0.008114414345 0.008114414345 0.008234905962 0.008234905962 0.008234905962 NaN NaN NaN NaN"
General-1-20251226-14:21:36-80284,vector,AdhocNetwork1.host[15].rl,rlReward,,,"1 2 3 4 5 6 7 8 9 10 11 12 13 14 15 16 17 18 19 20 21 22 23 24 25 26 27 28 29 30 31 32 33 34 35 36 37 38 39 40 41 42 43 44 45 46 47 48 49 50","0.33333333333333 0 0.070019805579618 0.11275016234199 -0.44971728067359 -0.58801390216397 -0.53327603055769 -0.63479187820336 -0.54181230668858 -0.50072441180359 -0.62498129308015 0.033470906301754 0.74980707910827 -0.36937536388862 -0.51085045744249 -0.38122836218034 -0.63643496010424 -0.26880257229809 -0.48942498891989 -0.55955901195226 -0.35138517337584 0.021857876999678 0.21454788815793 0.42707685464527 0.15694538099112 0.24754397178762 -0.11698696871901 0.35174407340914 0.42200427819795 0.10784933098924 0.14059806087266 0.39126956012288 0.37959895252331 -0.11242342136238 0.41732550300921 0.38792793981392 0.43661020147137 0.47513566597436 0.46366189959656 0.4553875794523 0.37318710521075 0.32084076727944 0.44483866232335 0.44297163513444 0.37814001791752 0.4562077860578 0.47757868170955 0.47773592258811 0.30948377683773 0.48845671694265"
General-1-20251226-14:21:36-80284,vector,AdhocNetwork1.host[16].app[1],e2eDelayPeriodicSec,,,"1 2 3 4 5 6 7 8 9 10 11 12 13 14 15 16 17 18 19 20 21 22 23 24 25 26 27 28 29 30 31 32 33 34 35 36 37 38 39 40 41 42 43 44 45 46 47 48 49 50","NaN NaN NaN NaN NaN NaN NaN NaN NaN NaN NaN NaN NaN NaN NaN NaN NaN NaN NaN NaN NaN NaN NaN NaN NaN NaN 0.048514552242 0.048514552242 0.048514552242 NaN 0.041275355054 0.041275355054 0.041275355054 NaN NaN NaN NaN NaN NaN NaN NaN NaN NaN NaN NaN NaN NaN NaN NaN NaN"
General-1-20251226-14:21:36-80284,vector,AdhocNetwork1.host[16].rl,rlReward,,,"1 2 3 4 5 6 7 8 9 10 11 12 13 14 15 16 17 18 19 20 21 22 23 24 25 26 27 28 29 30 31 32 33 34 35 36 37 38 39 40 41 42 43 44 45 46 47 48 49 50","0.33333333333333 0 0 0.022197663246688 0.022197663246722 0.011098831623396 0.022197663246722 0.022197663246722 0.0040982790460894 0.017945060907764 0.014857350517929 0.30784733941663 0.3159052554547 0.31245426305619 0.31406719037013 0.11988343613209 0.3 0.3 0.7 0.35881842657864 0.38411292071532 0.32551982777312 0.3 0.3 0.35823744585214 0.39346555799854 0.3 0.30247340413476 0.3431217970463 0.35486473803399 0.3 0.40433425876906 0.3207226538987 0.37988847932181 0.41081951835448 0.43875927921842 0.39961309991542 0.39652817888517 0.42865172756416 0.41324692853715 0.41241011677352 0.40324915911542 0.38756970208744 0.42385391761024 0.43319971518221 0.42515852201529 0.44062005090952 0.44084584717345 0.3929901890103 0.37742736206437"
General-1-20251226-14:21:36-80284,vector,AdhocNetwork1.host[17].app[1],e2eDelayPeriodicSec,,,"1 2 3 4 5 6 7 8 9 10 11 12 13 14 15 16 17 18 19 20 21 22 23 24 25 26 27 28 29 30 31 32 33 34 35 36 37 38 39 40 41 42 43 44 45 46 47 48 49 50","NaN NaN NaN NaN NaN NaN NaN NaN 0.019540171356 0.019540171356 0.019540171356 NaN 0.019479841706 0.019479841706 0.019479841706 NaN 0.023447376221 0.023447376221 0.023447376221 NaN NaN 0.018150403243 0.018150403243 0.018150403243 NaN NaN NaN NaN NaN NaN NaN NaN NaN NaN NaN NaN NaN NaN NaN NaN NaN NaN NaN NaN NaN NaN NaN NaN NaN NaN"
General-1-20251226-14:21:36-80284,vector,AdhocNetwork1.host[17].rl,rlReward,,,"1 2 3 4 5 6 7 8 9 10 11 12 13 14 15 16 17 18 19 20 21 22 23 24 25 26 27 28 29 30 31 32 33 34 35 36 37 38 39 40 41 42 43 44 45 46 47 48 49 50","0.33333333333333 0 0.40485438840264 0.34476327590744 0.44074468208259 0.44822946438942 0.42223282845583 0.33401551486308 -0.24027747784868 -0.65013304765896 -0.63168498987459 0.40702282842305 0.42704561354744 0.38519919033734 0.42143695107329 0.35578225804711 0.4084350428524 -0.60393786563104 -0.57786255302027 -0.57061878905963 -0.56529037296364 0.42251757451535 0.40687100276019 0.41957814136408 0.45538344341257 0.43600791035746 0.39406883447695 0.1692204695859 0.43464802977887 0.41190750103804 0.41312987585251 0.44552457816838 -0.0099303778711733 0.39218958375813 0.41889501689585 0.43848721384115 0.44194485831018 0.46962636253209 0.4497460354166 0.14917044091662 0.46477822213379 0.40053353372754 0.44613112659088 0.4719726822241 0.44858445917834 0.4532074602841 0.45235727165734 0.43639005552448 0.43160077616603 0.45527587760484"
General-1-20251226-14:21:36-80284,vector,AdhocNetwork1.host[18].app[1],e2eDelayPeriodicSec,,,"1 2 3 4 5 6 7 8 9 10 11 12 13 14 15 16 17 18 19 20 21 22 23 24 25 26 27 28 29 30 31 32 33 34 35 36 37 38 39 40 41 42 43 44 45 46 47 48 49 50","NaN NaN NaN NaN NaN NaN NaN NaN NaN NaN NaN NaN NaN NaN NaN NaN NaN NaN NaN NaN NaN NaN NaN NaN NaN NaN NaN NaN NaN NaN NaN NaN NaN NaN NaN NaN NaN NaN NaN NaN NaN NaN NaN NaN NaN NaN NaN NaN NaN NaN"
General-1-20251226-14:21:36-80284,vector,AdhocNetwork1.host[18].rl,rlReward,,,"1 2 3 4 5 6 7 8 9 10 11 12 13 14 15 16 17 18 19 20 21 22 23 24 25 26 27 28 29 30 31 32 33 34 35 36 37 38 39 40 41 42 43 44 45 46 47 48 49 50","0.33333333333333 0 0.3789153127976 0.33240915391586 0.40369396223489 -0.65283505463176 -0.66666666666667 -0.54155407102947 -0.21714999784094 -0.33977493234963 -0.46014061075312 0.42139856400079 0.44733247543299 0.44311932437228 0.43658251034338 0.42348692021908 0.42806896207353 0.20140117218022 0.3576434389496 0.38763231680247 0.40038506992789 0.43278744792411 0.3382389156455 0.35760549963412 0.42798469427074 0.38720169048319 0.38717363102179 0.42403201504329 0.45879326958048 0.36840014275901 0.42221085949385 0.3114445572271 0.17892221639871 0.39734950389664 0.3854912286639 0.30781188384124 0.37809017267203 0.35640019504052 0.31401709488311 0.45538831273672 0.34422090337455 0.33620498088302 0.30740701521035 0.27374242154573 0.39873275309327 0.41419002806644 0.7789261715826 -0.19948668895911 -0.21621842572143 -0.197254920329"
General-1-20251226-14:21:36-80284,vector,AdhocNetwork1.host[19].app[1],e2eDelayPeriodicSec,,,"1 2 3 4 5 6 7 8 9 10 11 12 13 14 15 16 17 18 19 20 21 22 23 24 25 26 27 28 29 30 31 32 33 34 35 36 37 38 39 40 41 42 43 44 45 46 47 48 49 50","NaN NaN NaN NaN NaN NaN NaN NaN NaN NaN NaN NaN NaN NaN 0.035072050534 0.035072050534 0.035072050534 NaN NaN NaN NaN NaN NaN NaN NaN NaN NaN NaN NaN NaN NaN NaN NaN NaN NaN NaN NaN NaN NaN NaN NaN 0.060575332391 0.060575332391 0.060575332391 NaN NaN NaN NaN 0.052117967777 0.052117967777"
General-1-20251226-14:21:36-80284,vector,AdhocNetwork1.host[19].rl,rlReward,,,"1 2 3 4 5 6 7 8 9 10 11 12 13 14 15 16 17 18 19 20 21 22 23 24 25 26 27 28 29 30 31 32 33 34 35 36 37 38 39 40 41 42 43 44 45 46 47 48 49 50","0.33333333333333 0.1 0.05928655899093 0.77079698129321 0.11876416205278 0.13631163453023 0.1812164067097 0.15884727749102 0.19893304556553 0.17024478851055 0.17314105264538 0.19977117658046 0.20655831962573 0.1925912745468 0.20747144826168 0.17046004659792 0.19349736121577 0.226793152017 0.21469086688872 0.1998857253454 0.22693289046646 0.22011975044001 0.030069232171724 0.17578232301898 0.21228095229962 0.2043767064657 0.15877226602553 0.2103830727231 0.19346125083186 0.1814541604875 0.18723083544405 0.1779237115012 0.22500040480808 0.16212996681096 0.19715817944154 0.23646929697905 0.21670370580029 0.20606893149325 0.22528704811942 0.2144292794884 0.19238123291953 0.17397498360606 0.2022034725434 0.20540404779768 0.22240717436156 0.21084947111707 0.21062736967854 0.22880903129126 0.21241661390943 0.21628580242166"
General-1-20251226-14:21:36-80284,vector,AdhocNetwork1.host[20].app[1],e2eDelayPeriodicSec,,,"1 2 3 4 5 6 7 8 9 10 11 12 13 14 15 16 17 18 19 20 21 22 23 24 25 26 27 28 29 30 31 32 33 34 35 36 37 38 39 40 41 42 43 44 45 46 47 48 49 50","NaN NaN NaN NaN NaN NaN 0.054118709863 0.054118709863 0.054118709863 NaN NaN NaN NaN NaN NaN NaN NaN NaN NaN NaN NaN NaN NaN NaN NaN NaN NaN NaN NaN NaN NaN NaN 0.025378282562 0.025378282562 0.025378282562 NaN NaN NaN NaN 0.033626169757 0.033626169757 0.033626169757 NaN 0.028761340341 0.028761340341 0.028761340341 NaN NaN 0.026886437476 0.026886437476"
General-1-20251226-14:21:36-80284,vector,AdhocNetwork1.host[20].rl,rlReward,,,"1 2 3 4 5 6 7 8 9 10 11 12 13 14 15 16 17 18 19 20 21 22 23 24 25 26 27 28 29 30 31 32 33 34 35 36 37 38 39 40 41 42 43 44 45 46 47 48 49 50","0.33333333333333 0 0.013922247172294 0.10274488937767 0.071365314752223 0.36766337785574 -0.61200308478232 -0.62130745549557 -0.53599950392248 -0.57205136580252 -0.51111256322941 0.3238326793385 0.2826164950645 0.24218583244718 0.21619989681005 0.24260821532133 0.32040058758576 0.29646589811703 0.26849803247272 0.33210014389978 0.31127217329997 0.29767782043931 0.22738230548139 0.25045715190644 0.25786823141627 0.28787243664683 0.21260085112462 0.27947515439637 0.26981795728663 0.21306003868829 0.28276335724432 0.28404852695805 0.17644387749737 0.32602286548827 0.28804766361059 0.25322048853983 0.32368344185382 0.27460770905406 0.26751179563455 0.22712092815717 0.14243219022689 0.14046032126555 0.21323969076132 0.30350583124641 0.15973059583287 0.3248377941807 0.08919148531483 0.2189712395867 0.29542495685402 0.21815305898049"
General-1-20251226-14:21:36-80284,vector,AdhocNetwork1.host[21].app[1],e2eDelayPeriodicSec,,,"1 2 3 4 5 6 7 8 9 10 11 12 13 14 15 16 17 18 19 20 21 22 23 24 25 26 27 28 29 30 31 32 33 34 35 36 37 38 39 40 41 42 43 44 45 46 47 48 49 50","NaN 0.047253914729 0.047253914729 0.047253914729 NaN NaN NaN NaN NaN NaN NaN NaN NaN NaN NaN NaN NaN NaN NaN NaN NaN NaN NaN NaN NaN NaN NaN NaN NaN NaN NaN NaN NaN NaN NaN NaN NaN NaN NaN NaN NaN NaN NaN NaN NaN NaN NaN NaN NaN NaN"
General-1-20251226-14:21:36-80284,vector,AdhocNetwork1.host[21].rl,rlReward,,,"1 2 3 4 5 6 7 8 9 10 11 12 13 14 15 16 17 18 19 20 21 22 23 24 25 26 27 28 29 30 31 32 33 34 35 36 37 38 39 40 41 42 43 44 45 46 47 48 49 50","0.33333333333333 0 0 0.13051039038583 -0.62226910108271 -0.51553978853825 -0.57453315785271 -0.5 -0.3811939206179 -0.50528558683182 -0.52793481134158 0.0081149089003428 0.19833200634731 0.33502538949413 0.46035508821065 0.028804906025729 0.38088290673228 0.43369423853718 0.41439696574068 0.38858390131052 0.4238570696593 0.42216674967849 0.37691140633352 0.40533216317209 0.43151003460642 0.39647633929278 0.39870409981113 0.40970064360739 0.37859517077822 0.0579013380307 0.37527377744556 0.3803904615674 0.43945789975447 0.12879128496897 0.37924187314521 0.44841700886934 0.052787711014816 0.40114232095299 0.42791830392637 0.41795087690251 0.37750910800421 0.31918117739449 0.41208128370545 0.39570018748629 0.36905762025568 0.42183469656812 0.41529793436598 0.22877429865967 0.19819655578399 0.22183741838283"
General-1-20251226-14:21:36-80284,vector,AdhocNetwork1.host[22].app[1],e2eDelayPeriodicSec,,,"1 2 3 4 5 6 7 8 9 10 11 12 13 14 15 16 17 18 19 20 21 22 23 24 25 26 27 28 29 30 31 32 33 34 35 36 37 38 39 40 41 42 43 44 45 46 47 48 49 50","NaN NaN NaN NaN NaN NaN NaN NaN NaN NaN NaN NaN NaN NaN NaN NaN NaN NaN NaN NaN NaN NaN NaN NaN NaN NaN NaN NaN NaN NaN NaN NaN NaN NaN NaN NaN NaN NaN NaN NaN NaN NaN NaN NaN NaN NaN NaN NaN NaN NaN"
General-1-20251226-14:21:36-80284,vector,AdhocNetwork1.host[22].rl,rlReward,,,"1 2 3 4 5 6 7 8 9 10 11 12 13 14 15 16 17 18 19 20 21 22 23 24 25 26 27 28 29 30 31 32 33 34 35 36 37 38 39 40 41 42 43 44 45 46 47 48 49 50","0.33333333333333 0 -0.17581083102429 0.058551978583294 0.12345883665933 0.1419535771643 0.1283628278896 0.11849242479212 0.14338066910481 0.15799088668483 0.19634047617417 0.20666006418952 0.1694066132637 0.19382619349968 0.27267484723564 0.15845203877778 0.20065861654302 0.19944285302567 0.16410331028344 0.20520027314461 0.20945400440494 0.16691771781182 0.10040439200503 0.16576659225445 0.17483893828969 0.19373028678238 0.16921287424902 0.16439453618679 0.19013936504989 0.17542719547644 0.19628995333396 0.17611897569441 0.16790030860222 0.19597013534932 0.18806012312778 0.18782243754441 0.20094766090229 0.17750674227301 0.17846429996284 -0.53089308095205 -0.49643103414978 0.16715952091781 0.18347980644809 0.19379627191147 0.19016952002151 0.1910896764754 0.17498408487633 0.44568638183893 0.18221851558204 0.16296771152579"
General-1-20251226-14:21:36-80284,vector,AdhocNetwork1.host[23].app[1],e2eDelayPeriodicSec,,,"1 2 3 4 5 6 7 8 9 10 11 12 13 14 15 16 17 18 19 20 21 22 23 24 25 26 27 28 29 30 31 32 33 34 35 36 37 38 39 40 41 42 43 44 45 46 47 48 49 50","NaN NaN 0.093642056614 0.093642056614 0.093642056614 NaN NaN NaN NaN NaN NaN NaN NaN NaN NaN NaN NaN NaN NaN NaN NaN NaN NaN NaN NaN NaN NaN NaN NaN NaN NaN NaN NaN NaN NaN NaN NaN NaN NaN NaN NaN NaN NaN NaN NaN NaN NaN NaN NaN NaN"
General-1-20251226-14:21:36-80284,vector,AdhocNetwork1.host[23].rl,rlReward,,,"1 2 3 4 5 6 7 8 9 10 11 12 13 14 15 16 17 18 19 20 21 22 23 24 25 26 27 28 29 30 31 32 33 34 35 36 37 38 39 40 41 42 43 44 45 46 47 48 49 50","0.33333333333333 0 0.3 0.13401665425951 0.10675127415513 0.054572717697568 0.78795748901056 0.72037811116578 0.71160335486418 0.16765219377125 -0.2383647623232 0.37052541115888 0.39073182112072 0.37460578540952 0.37434211962296 0.36064376276282 0.1639706292368 0.16297634979639 -0.27994474032166 -0.25655109234945 -0.23472523830869 0.38284415002606 0.27398003719738 0.30396603861497 0.36454275923147 0.33745927936318 0.33197979018696 0.37069856588733 0.13887633442344 0.14552457208507 0.17912558033651 0.13618195377898 0.13573197334015 0.43489237994094 0.41552668571446 0.43268040615075 0.43277680677402 0.45019801940132 0.44734350042112 0.45169586354997 0.41852248943312 0.13594978659622 0.42180403189967 0.44951627239484 0.4751396172437 0.47414900693732 0.36738258525864 0.46700269780372 0.46681343822594 0.3859613600758"
General-1-20251226-14:21:36-80284,vector,AdhocNetwork1.host[24].app[1],e2eDelayPeriodicSec,,,"1 2 3 4 5 6 7 8 9 10 11 12 13 14 15 16 17 18 19 20 21 22 23 24 25 26 27 28 29 30 31 32 33 34 35 36 37 38 39 40 41 42 43 44 45 46 47 48 49 50","NaN NaN NaN NaN NaN NaN NaN NaN NaN NaN NaN NaN NaN NaN NaN NaN NaN NaN NaN NaN NaN NaN NaN NaN NaN NaN NaN NaN NaN NaN NaN NaN NaN NaN NaN NaN NaN NaN NaN NaN NaN NaN NaN NaN NaN NaN NaN NaN NaN NaN"
General-1-20251226-14:21:36-80284,vector,AdhocNetwork1.host[24].rl,rlReward,,,"1 2 3 4 5 6 7 8 9 10 11 12 13 14 15 16 17 18 19 20 21 22 23 24 25 26 27 28 29 30 31 32 33 34 35 36 37 38 39 40 41 42 43 44 45 46 47 48 49 50","0.33333333333333 0 0 0.031542800192078 0 -0.2 0 0.010990479686279 0.012794108774545 -0.13184519878466 0.054310443618646 0.054143301405835 0.075720129182034 0.059243278853136 -0.10714079553065 0.03305659274778 0.30786187058805 0.32027760507338 0.32444234729392 0.34330257234714 0.32840026518753 0.36312626337697 0.3 0.3 0.37841634083854 0.37230696686577 0.33791282336375 0.38980198653149 0.35510654350446 0.30835787555005 0.37696249243366 0.33851054989995 0.3 0.35347300533667 0.34773989921788 0.32404769415031 0.35837488162427 0.32082489320209 0.3 0.31103020671066 0.3 0.3 0.36957925739757 0.35701777816459 0.31360668413874 0.43186028651192 0.35733738248832 0.39698777525628 0.411318614471 0.38465134758721"
General-2-20251226-14:21:36-80282,vector,AdhocNetwork1.host[0].app[1],e2eDelayPeriodicSec,,,"1 2 3 4 5 6 7 8 9 10 11 12 13 14 15 16 17 18 19 20 21 22 23 24 25 26 27 28 29 30 31 32 33 34 35 36 37 38 39 40 41 42 43 44 45 46 47 48 49 50","NaN NaN NaN NaN NaN NaN NaN NaN NaN NaN NaN NaN NaN NaN NaN NaN NaN NaN NaN NaN NaN NaN NaN NaN NaN NaN NaN NaN NaN NaN NaN NaN NaN NaN NaN NaN NaN NaN NaN NaN NaN NaN NaN NaN NaN NaN 0.027835349062 0.027835349062 0.027835349062 NaN"
General-2-20251226-14:21:36-80282,vector,AdhocNetwork1.host[0].rl,rlReward,,,"1 2 3 4 5 6 7 8 9 10 11 12 13 14 15 16 17 18 19 20 21 22 23 24 25 26 27 28 29 30 31 32 33 34 35 36 37 38 39 40 41 42 43 44 45 46 47 48 49 50","0.33333333333333 0 0.15444988201565 0.18120083631562 0.14388657481608 0.41725178782603 0.12856223803964 0.11953794062368 0.076174797165715 0.018430628004792 0.059521598388744 0.10981853576422 0.094452293612649 0.087612957262389 0.099059215054079 0.099191695035817 0.054643842700581 0.12419387351359 -0.10061739674356 0.12748032724355 0.098707062208082 0.006941288853414 0.099821523616092 0.038068339956587 0.3754569336015 0.1451272282516 0 0.0084302372234314 0.040674748995178 0 0.10249224043064 0.13152018524471 0.18304649944623 0.13031229360617 0.35008763573519 0.30092007728859 0.37843121255666 0.46568009723048 0.38439568770393 0.40590682650533 0.35390923613525 0.43250864580685 0.40526122661909 0.47740047871254 0.45267749680145 0.37868667086993 0.41452487967007 0.36317829826036 0.3 0.36971413703533"
General-2-20251226-14:21:36-80282,vector,AdhocNetwork1.host[1].app[1],e2eDelayPeriodicSec,,,"1 2 3 4 5 6 7 8 9 10 11 12 13 14 15 16 17 18 19 20 21 22 23 24 25 26 27 28 29 30 31 32 33 34 35 36 37 38 39 40 41 42 43 44 45 46 47 48 49 50","NaN 0.18286256378 0.18286256378 0.18286256378 0.007652978891 0.007652978891 0.007652978891 NaN 0.007852661873 0.007852661873 0.007852661873 0.008132359676 0.008132359676 0.008132359676 NaN NaN 0.008072118183 0.008072118183 0.008072118183 NaN 0.037802085986 0.037802085986 0.037802085986 NaN NaN 0.007792097759 0.007792097759 0.007792097759 NaN 0.020939784065 0.020939784065 0.020939784065 NaN 0.012708035348 0.012708035348 0.012708035348 0.008252827221 0.008252827221 0.008252827221 NaN 0.007793273896 0.007793273896 0.007793273896 NaN NaN 0.013357840969 0.013357840969 0.013357840969 NaN NaN"
General-2-20251226-14:21:36-80282,vector,AdhocNetwork1.host[1].rl,rlReward,,,"1 2 3 4 5 6 7 8 9 10 11 12 13 14 15 16 17 18 19 20 21 22 23 24 25 26 27 28 29 30 31 32 33 34 35 36 37 38 39 40 41 42 43 44 45 46 47 48 49 50","0.33333333333333 0 0.15478769659348 0.17093304342267 -0.54991281421101 -0.51595011916643 -0.49644238568591 -0.61821893500879 -0.58565127960038 -0.48255975857645 -0.6172476447672 0.00095979277466796 0.31359922021385 0.052012830103425 -0.040139604281876 0.41145519451955 0.23051748367126 0.34203593922451 0.087389050878036 -0.086443117641787 0.29370287658559 0.1 0.18656048116306 0.1 0.26193825443825 0.23091014533594 0.11751074200071 0.17108061300679 0.11809533855724 0.1 0.1 0.32185167236697 0.24359303758134 0.3152512386362 0.33850778300882 0.1 0.33408985773799 0.30002118978787 0.41436006100121 0.0071468109706473 0.32201290551341 0.36709494131667 0.44813020336667 0.38092831062479 0.39760427622098 0.38621013535353 0.34463215471388 0.33954706677099 0.30868109681103 0.19791562586588"
General-2-20251226-14:21:36-80282,vector,AdhocNetwork1.host[2].app[1],e2eDelayPeriodicSec,,,"1 2 3 4 5 6 7 8 9 10 11 12 13 14 15 16 17 18 19 20 21 22 23 24 25 26 27 28 29 30 31 32 33 34 35 36 37 38 39 40 41 42 43 44 45 46 47 48 49 50","NaN NaN NaN NaN 0.117971778386 0.117971778386 0.117971778386 NaN NaN NaN NaN NaN 0.083422051831 0.083422051831 0.083422051831 NaN 0.019820041627 0.019820041627 0.019820041627 0.018540571389 0.018540571389 0.018540571389 NaN 0.015495789529 0.015495789529 0.015495789529 NaN 0.01511677936 0.01511677936 0.01511677936 NaN NaN 0.03166022386 0.03166022386 0.03166022386 0.031807285127 0.031807285127 0.031807285127 NaN 0.128623728026 0.128623728026 0.128623728026 NaN NaN NaN NaN NaN NaN NaN NaN"
General-2-20251226-14:21:36-80282,vector,AdhocNetwork1.host[2].rl,rlReward,,,"1 2 3 4 5 6 7 8 9 10 11 12 13 14 15 16 17 18 19 20 21 22 23 24 25 26 27 28 29 30 31 32 33 34 35 36 37 38 39 40 41 42 43 44 45 46 47 48 49 50","0.33333333333333 0 0.066054110444983 0.32978304195492 0 0.12726259474169 0.16408775137714 0.076619789197418 0.13102858004678 0.075257565494005 0.078685026026946 0.040857088857975 0.15572951993992 0.058645176105735 0.15338601477583 0.17909545801892 0.15282468529703 0.1548232850364 0.16605417530184 0.15860776176621 0.81173119791557 0.16564636187363 0.1328251311479 0.1227860128663 0.17472794541221 0.16194214653548 -0.04174146775086 0.13074433805692 0.11757931963519 0.17915147361521 -0.50526550020127 0.13391043925995 0.1383376073415 0.19505183033472 0.19748365438302 0.11078130596436 0.17772766919987 0.19801386756426 0.20138122322772 0.12646650512352 0.20587258848284 0.25032738226613 0.24432003938038 0.23512235548331 0.25432048542382 0.24867370540559 0.24166655647329 0.24735349376248 0.24523983504358 0.25347246122977"
General-2-20251226-14:21:36-80282,vector,AdhocNetwork1.host[3].app[1],e2eDelayPeriodicSec,,,"1 2 3 4 5 6 7 8 9 10 11 12 13 14 15 16 17 18 19 20 21 22 23 24 25 26 27 28 29 30 31 32 33 34 35 36 37 38 39 40 41 42 43 44 45 46 47 48 49 50","NaN NaN NaN NaN NaN NaN NaN NaN NaN NaN NaN NaN NaN NaN NaN NaN NaN NaN NaN NaN NaN NaN NaN NaN NaN NaN 4.519779409331 4.519779409331 4.519779409331 NaN 0.078011986336 0.078011986336 0.078011986336 NaN NaN NaN NaN NaN NaN NaN NaN NaN NaN NaN NaN NaN NaN NaN NaN NaN"
General-2-20251226-14:21:36-80282,vector,AdhocNetwork1.host[3].rl,rlReward,,,"1 2 3 4 5 6 7 8 9 10 11 12 13 14 15 16 17 18 19 20 21 22 23 24 25 26 27 28 29 30 31 32 33 34 35 36 37 38 39 40 41 42 43 44 45 46 47 48 49 50","0.33333333333333 0 0.16183589215265 0.14696616018522 0.12190242657147 0.12333260326424 -0.54728240874434 -0.45639931087165 -0.57614396468827 -0.55830745570809 -0.52027123319003 0.21792512324343 0.12335553968195 0.11398180445753 0.31958016638124 0.28149441341578 0.32604441239571 0.35653097288618 0.11376698754762 0.33266121405474 0.30099141341733 0.2495787957158 0.12621144321758 0.1 0.22482082920801 0.28527243320328 0.1 0.029111150056821 0.26304607740753 0.1 0.1 0.1 0.34716427535932 0.31265443829985 0.17501217012553 0.11429555868144 0.31270686034952 0.45717662818113 0.25148927267515 0.27930566305992 0.16138316148434 0.39931228257592 0.3092100643119 0.36417533003838 0.45914106522609 0.1054891051539 0.30552722194468 0.13488576061146 0.056981910967608 0.1"
General-2-20251226-14:21:36-80282,vector,AdhocNetwork1.host[4].app[1],e2eDelayPeriodicSec,,,"1 2 3 4 5 6 7 8 9 10 11 12 13 14 15 16 17 18 19 20 21 22 23 24 25 26 27 28 29 30 31 32 33 34 35 36 37 38 39 40 41 42 43 44 45 46 47 48 49 50","NaN NaN NaN NaN NaN NaN NaN NaN NaN NaN NaN NaN NaN NaN NaN NaN NaN NaN NaN NaN NaN NaN NaN NaN NaN 3.038501582917 3.038501582917 3.038501582917 NaN NaN 0.034815002595 0.034815002595 0.034815002595 NaN NaN NaN NaN 0.086517508591 0.086517508591 0.086517508591 NaN 0.075073741195 0.075073741195 0.075073741195 NaN NaN 0.07948365257 0.07948365257 0.07948365257 NaN"
General-2-20251226-14:21:36-80282,vector,AdhocNetwork1.host[4].rl,rlReward,,,"1 2 3 4 5 6 7 8 9 10 11 12 13 14 15 16 17 18 19 20 21 22 23 24 25 26 27 28 29 30 31 32 33 34 35 36 37 38 39 40 41 42 43 44 45 46 47 48 49 50","0.33333333333333 0 0.1899701517599 0.21652135136351 0.13099597319181 0.16541050343429 0.35072458113465 0.36504146723032 -0.54867196829853 -0.64214673891496 -0.24648523144059 0.34828245052946 0.36136007468762 0.059611557032849 0.2536221883599 0.18133989479207 0.1 0.39437683340546 0.41396749331757 0.28550207856676 0.33220681742721 0.19548262822652 -0.041566438002071 0.23778473545417 0.30934058463608 0.38541909975065 0.24458632900864 0.28983764193543 0.34978694291448 0.18381867343306 0.20356301112865 0.3169307200776 0.024003561632243 0.37941452106414 0.31436186454875 0.2280725388842 0.33965245653982 0.31649915020109 0.29049490601472 -0.025889098282031 0.23620942722785 0.34321442137797 0.30110289463186 0.4103972516595 0.38258472583683 0.30033745681551 0.23918953711718 0.24509499322179 0.28721474046778 0.31904441519321"
General-2-20251226-14:21:36-80282,vector,AdhocNetwork1.host[5].app[1],e2eDelayPeriodicSec,,,"1 2 3 4 5 6 7 8 9 10 11 12 13 14 15 16 17 18 19 20 21 22 23 24 25 26 27 28 29 30 31 32 33 34 35 36 37 38 39 40 41 42 43 44 45 46 47 48 49 50","NaN NaN NaN NaN NaN NaN NaN NaN NaN 0.05664251839 0.05664251839 0.05664251839 NaN 0.040538353163 0.040538353163 0.040538353163 NaN NaN 0.083826379977 0.083826379977 0.083826379977 NaN NaN NaN NaN NaN 0.092408114599 0.092408114599 0.092408114599 NaN NaN NaN NaN NaN NaN NaN NaN NaN 7.550969087499 7.550969087499 7.550969087499 NaN NaN 0.02831179828 0.02831179828 0.02831179828 NaN NaN NaN NaN"
General-2-20251226-14:21:36-80282,vector,AdhocNetwork1.host[5].rl,rlReward,,,"1 2 3 4 5 6 7 8 9 10 11 12 13 14 15 16 17 18 19 20 21 22 23 24 25 26 27 28 29 30 31 32 33 34 35 36 37 38 39 40 41 42 43 44 45 46 47 48 49 50","0.33333333333333 0 0.079723184824111 0.15001883409278 0.140396146321 0.055903206293103 0.15477326870947 0.42586915371087 0.056921015233811 0 0.12303486929046 0.092082848079548 0.059466773033103 0.063277848367671 0.098188525799673 0.13229517134067 0.094679653722593 0.084158069959963 0.14435891707217 0.040103776533249 0.041576469574618 0.043507654995658 0.048472703925348 0.056936052379738 0.092752064636885 0.047779490595256 0.019334959986217 0.13601441828819 0.34763507158348 0.33302738169926 0.3583401091086 0.31515367504598 0.30942455870805 0.38992008134898 0.41296489867854 0 0.38368977139232 0.34780052557162 -0.18535581081774 0.36286097781578 0.14890722228068 0.40826966531286 0.3727191473559 0.41095155682797 0.41295860227941 0.35514440502896 0.33293131020351 0.38625458445883 0.12009295804153 0.25494598702541"
General-2-20251226-14:21:36-80282,vector,AdhocNetwork1.host[6].app[1],e2eDelayPeriodicSec,,,"1 2 3 4 5 6 7 8 9 10 11 12 13 14 15 16 17 18 19 20 21 22 23 24 25 26 27 28 29 30 31 32 33 34 35 36 37 38 39 40 41 42 43 44 45 46 47 48 49 50","NaN 0.02206180093 0.02206180093 0.02206180093 0.008429700401 0.008429700401 0.008429700401 NaN 0.008327124327 0.008327124327 0.008327124327 NaN 0.007711690573 0.007711690573 0.007711690573 0.008952506474 0.008952506474 0.008952506474 NaN NaN 0.008253808502 0.008253808502 0.008253808502 NaN 0.008034794634 0.008034794634 0.008034794634 NaN NaN NaN 0.015512793475 0.015512793475 0.015512793475 NaN 0.05787921477 0.05787921477 0.05787921477 NaN NaN NaN NaN NaN NaN NaN NaN NaN NaN NaN NaN NaN"
General-2-20251226-14:21:36-80282,vector,AdhocNetwork1.host[6].rl,rlReward,,,"1 2 3 4 5 6 7 8 9 10 11 12 13 14 15 16 17 18 19 20 21 22 23 24 25 26 27 28 29 30 31 32 33 34 35 36 37 38 39 40 41 42 43 44 45 46 47 48 49 50","0.33333333333333 0 0.33910634809293 0.11287436509248 0.1078465990513 0.010620726062617 0.13063151055129 0.11183607749506 0.05607314140165 0.050495560611205 0.050255600677437 0.032397220755778 0.064649522522358 0.090666891062579 0.058193179981129 0.11945714096914 0.059670641603421 0.096928875186306 0.11542335464894 0.048825472379945 0.0093137954922093 0.080869612006075 0.33754041092532 0.34777110865984 0.38587846685465 0.3854842076944 0.3987033961189 0.39496091750376 0.30846463459451 0.19504339433897 0.38838322188084 0.37669148376299 0.3685160795085 0.42139538814456 0.43283527115362 0.31941525198474 0.41939165695517 0.3836828206327 -0.53044808547494 -0.55096549572762 -0.50415355891516 0.1600568977438 0.12306860539575 0.19463639037002 0.19545828327587 0.19900581838774 0.46428230957179 0.46308856546423 0.48086150999769 0.47722520469261"
General-2-20251226-14:21:36-80282,vector,AdhocNetwork1.host[7].app[1],e2eDelayPeriodicSec,,,"1 2 3 4 5 6 7 8 9 10 11 12 13 14 15 16 17 18 19 20 21 22 23 24 25 26 27 28 29 30 31 32 33 34 35 36 37 38 39 40 41 42 43 44 45 46 47 48 49 50","NaN 0.023490625996 0.023490625996 0.023490625996 NaN NaN NaN NaN NaN NaN 0.107196844634 0.107196844634 0.107196844634 NaN 0.031131567935 0.031131567935 0.031131567935 NaN NaN NaN NaN NaN NaN NaN NaN NaN NaN NaN 0.063815723546 0.063815723546 0.063815723546 NaN NaN NaN NaN NaN NaN NaN NaN 4.040826822446 4.040826822446 4.040826822446 NaN NaN NaN NaN NaN NaN NaN NaN"
General-2-20251226-14:21:36-80282,vector,AdhocNetwork1.host[7].rl,rlReward,,,"1 2 3 4 5 6 7 8 9 10 11 12 13 14 15 16 17 18 19 20 21 22 23 24 25 26 27 28 29 30 31 32 33 34 35 36 37 38 39 40 41 42 43 44 45 46 47 48 49 50","0.33333333333333 0 0 0.11878184177711 0.046625643355235 0.044500402335379 0.12197132360004 0.065226302582147 0.055365357341023 -0.2 0.081234233869167 0 -0.067661887038084 0.078328113780108 0.049870364441957 0.073509980111427 -0.10942593464894 0.11385268441578 -0.10279905259808 0.018730755598512 -0.15983511994501 0.017052228938616 0.016677706933581 0.021334666341124 0.1012592320695 0.077063671158091 0.35394796565457 -0.14324456695977 0.3 0.3 0.34556223684456 0.33983629258158 0.3 0.43521017901729 0.40516800663373 0.310002417291 0.34939347463184 0.38598025764792 0.76493373656755 0.77565138768139 0.33766560831457 0.44717686975653 0.47059048568211 0.42580159098849 0.45169361495469 0.42660668168498 0.4024984396679 0.40120082480862 0.3 0.42440058461701"
General-2-20251226-14:21:36-80282,vector,AdhocNetwork1.host[8].app[1],e2eDelayPeriodicSec,,,"1 2 3 4 5 6 7 8 9 10 11 12 13 14 15 16 17 18 19 20 21 22 23 24 25 26 27 28 29 30 31 32 33 34 35 36 37 38 39 40 41 42 43 44 45 46 47 48 49 50","NaN 0.027444226767 0.027444226767 0.027444226767 NaN 0.00863282237 0.00863282237 0.00863282237 NaN 0.068204835508 0.068204835508 0.068204835508 0.008012030311 0.008012030311 0.008012030311 NaN 0.008532248377 0.008532248377 0.008532248377 0.008072851423 0.008072851423 0.008072851423 NaN NaN 0.011558409915 0.011558409915 0.011558409915 0.011759515406 0.011759515406 0.011759515406 NaN NaN NaN NaN 0.112923552766 0.112923552766 0.112923552766 NaN NaN 0.061869766699 0.061869766699 0.061869766699 NaN NaN NaN NaN NaN NaN NaN NaN"
General-2-20251226-14:21:36-80282,vector,AdhocNetwork1.host[8].rl,rlReward,,,"1 2 3 4 5 6 7 8 9 10 11 12 13 14 15 16 17 18 19 20 21 22 23 24 25 26 27 28 29 30 31 32 33 34 35 36 37 38 39 40 41 42 43 44 45 46 47 48 49 50","0.33333333333333 0 0.39493631918554 0.46513071911563 -0.58707167167015 -0.59731138859214 -0.55985152317114 -0.30685278695722 -0.63694944393317 -0.51027583956159 -0.50375895378155 0.35429576826787 -0.33736880338136 -0.57307764298814 -0.61942945212851 -0.41854363519801 -0.57125936029751 -0.18968616143968 -0.45940027941698 -0.60354530394244 -0.42770128863696 0.35099404918613 0.16767739890592 0.15454385138781 0.45346568836414 -0.18165809048452 -0.49847293014888 -0.56318859017493 -0.37656867484993 -0.65826372681008 -0.26889648163694 0.41724835394507 0.43845623940933 0.43511686398536 0.34187022240542 0.066716780679892 0.39508990644021 0.061499892586547 0.39267950992772 0.38096692320152 0.1162107292667 0.44251725628119 0.44704322394634 0.44075060211224 0.47027697678903 0.24752885533754 0.25621225292282 0.10433772775217 0.24141248474723 0.25605696509959"
General-2-20251226-14:21:36-80282,vector,AdhocNetwork1.host[9].app[1],e2eDelayPeriodicSec,,,"1 2 3 4 5 6 7 8 9 10 11 12 13 14 15 16 17 18 19 20 21 22 23 24 25 26 27 28 29 30 31 32 33 34 35 36 37 38 39 40 41 42 43 44 45 46 47 48 49 50","NaN 0.05491520481 0.05491520481 0.05491520481 0.008133399372 0.008133399372 0.008133399372 NaN 0.007673162342 0.007673162342 0.007673162342 0.008172992363 0.008172992363 0.008172992363 NaN NaN 0.015348254641 0.015348254641 0.015348254641 NaN 0.056741073313 0.056741073313 0.056741073313 NaN NaN 0.007912158114 0.007912158114 0.007912158114 NaN NaN 0.012428748123 0.012428748123 0.012428748123 NaN NaN 0.04921146897 0.04921146897 0.04921146897 NaN 0.008491333886 0.008491333886 0.008491333886 NaN 0.008892569078 0.008892569078 0.008892569078 NaN 0.048746773191 0.048746773191 0.048746773191"
General-2-20251226-14:21:36-80282,vector,AdhocNetwork1.host[9].rl,rlReward,,,"1 2 3 4 5 6 7 8 9 10 11 12 13 14 15 16 17 18 19 20 21 22 23 24 25 26 27 28 29 30 31 32 33 34 35 36 37 38 39 40 41 42 43 44 45 46 47 48 49 50","0.33333333333333 0 0.14878848500271 0.1409894355249 0.076318585213873 0.059958728625324 0.15217946672444 0.1069455826765 0.10795009466259 0.092042321948506 0.14324783201381 0.43041973251166 0.12315577866453 0.056209960918966 0.24887305127669 0.10688939911912 0.066471059408823 0.12070759882083 0.15494432234393 0.06434779536452 0.11646491029666 0.043863111875312 -0.12505126872569 0 0.18523184089282 0.12456792786464 0.022339104256708 0.06506750417195 0.068481893663555 0.094066305376043 0.10013011536607 0.12920227471304 0.061025715807156 0.17384603010826 0.17588067838855 0.055910148262586 -0.50554151191288 -0.56958165114589 -0.55172749323912 -0.58213172049979 -0.54887716417856 0.1422312896532 0.18029055655714 0.1606727583144 0.15609690617307 0.13699931627696 0.38176856897517 0.32691006205219 0.33018718053742 0.26373642623244"
General-2-20251226-14:21:36-80282,vector,AdhocNetwork1.host[10].app[1],e2eDelayPeriodicSec,,,"1 2 3 4 5 6 7 8 9 10 11 12 13 14 15 16 17 18 19 20 21 22 23 24 25 26 27 28 29 30 31 32 33 34 35 36 37 38 39 40 41 42 43 44 45 46 47 48 49 50","NaN NaN NaN NaN 0.010212445185 0.010212445185 0.010212445185 0.008013430836 0.008013430836 0.008013430836 0.009143405998 0.009143405998 0.009143405998 NaN NaN 0.008134180327 0.008134180327 0.008134180327 NaN NaN NaN NaN NaN 0.023910308675 0.023910308675 0.023910308675 0.147300636312 0.147300636312 0.147300636312 NaN NaN NaN 0.066286753364 0.066286753364 0.066286753364 NaN NaN 0.023512658267 0.023512658267 0.023512658267 NaN NaN NaN NaN NaN 0.031844059928 0.031844059928 0.031844059928 NaN NaN"
General-2-20251226-14:21:36-80282,vector,AdhocNetwork1.host[10].rl,rlReward,,,"1 2 3 4 5 6 7 8 9 10 11 12 13 14 15 16 17 18 19 20 21 22 23 24 25 26 27 28 29 30 31 32 33 34 35 36 37 38 39 40 41 42 43 44 45 46 47 48 49 50","0.33333333333333 0 0.4085810455097 0.39576296154784 0.3400298902784 -0.58550106990983 -0.58000385635907 -0.62400260648357 -0.61293395469782 -0.7 -0.6014164349869 0.24303109610514 0.24364004949741 0.28079234212317 -0.39559308361379 -0.27252543333281 -0.36357812963421 -0.23306286694068 -0.31154578179911 -0.47784287743398 -0.59348779711323 0.12614020184523 0.14166313905423 0.0040668754780935 0.33993779382569 0.17634349784609 -0.54805941643341 -0.52140536828572 -0.30973063576547 -0.6112214848535 -0.62190792606672 0 0.43284380975212 0.50419050537198 0.48413713068606 0.51517986832832 0.53134656097179 0.49658341111469 0.44224267039343 0.46221152890997 0.48216826931011 0.50858270571004 0.49786055773637 0.50285614773252 0.52231373631566 -0.036797828402373 0.3 0.4449824330119 0.12241631675473 0.43221846681031"
General-2-20251226-14:21:36-80282,vector,AdhocNetwork1.host[11].app[1],e2eDelayPeriodicSec,,,"1 2 3 4 5 6 7 8 9 10 11 12 13 14 15 16 17 18 19 20 21 22 23 24 25 26 27 28 29 30 31 32 33 34 35 36 37 38 39 40 41 42 43 44 45 46 47 48 49 50","NaN NaN NaN NaN NaN NaN NaN NaN NaN NaN NaN NaN NaN NaN NaN NaN NaN NaN NaN NaN NaN NaN 0.086053817407 0.086053817407 0.086053817407 NaN NaN NaN NaN 0.155530654063 0.155530654063 0.155530654063 NaN NaN 0.036216870651 0.036216870651 0.036216870651 NaN NaN 0.026098629858 0.026098629858 0.026098629858 NaN NaN NaN NaN NaN NaN NaN NaN"
General-2-20251226-14:21:36-80282,vector,AdhocNetwork1.host[11].rl,rlReward,,,"1 2 3 4 5 6 7 8 9 10 11 12 13 14 15 16 17 18 19 20 21 22 23 24 25 26 27 28 29 30 31 32 33 34 35 36 37 38 39 40 41 42 43 44 45 46 47 48 49 50","0.33333333333333 0.3 0.30891839065275 0.30232599921542 0.3 -0.078879276066514 -0.66427920143481 -0.67691835969828 -0.5748520108204 -0.66666666666667 -0.45585397892362 0.05872772542754 0.10800221930398 -0.19371075826863 0.3 0.1 0.018667577484593 0.16417122401084 -0.16123529580374 0.30193434052364 0.012237585855294 0.1 0.3456073835604 0.1 0.40114433495731 0.45227828710443 -0.091915284960906 0.37427328600223 0.38113170985779 0.3 0.33203434766315 0.3 0.48000206904868 0.48248546678249 0.45349360809278 0.42009984190344 0.45058489311177 0.49112884157052 0.474862002463 0.44042000739303 0.4193024383025 0.50118731741219 0.47723527755249 0.50480002764129 0.51012671287125 0.46080113553717 0.46612245548616 0.42804677257796 0.3 0.41458300120762"
General-2-20251226-14:21:36-80282,vector,AdhocNetwork1.host[12].app[1],e2eDelayPeriodicSec,,,"1 2 3 4 5 6 7 8 9 10 11 12 13 14 15 16 17 18 19 20 21 22 23 24 25 26 27 28 29 30 31 32 33 34 35 36 37 38 39 40 41 42 43 44 45 46 47 48 49 50","NaN NaN NaN NaN NaN NaN NaN NaN NaN NaN NaN NaN NaN NaN NaN NaN NaN NaN NaN NaN NaN NaN NaN NaN NaN NaN NaN NaN NaN NaN NaN NaN NaN NaN NaN NaN NaN NaN NaN NaN NaN NaN NaN NaN NaN NaN NaN 0.105534898773 0.105534898773 0.105534898773"
General-2-20251226-14:21:36-80282,vector,AdhocNetwork1.host[12].rl,rlReward,,,"1 2 3 4 5 6 7 8 9 10 11 12 13 14 15 16 17 18 19 20 21 22 23 24 25 26 27 28 29 30 31 32 33 34 35 36 37 38 39 40 41 42 43 44 45 46 47 48 49 50","0.33333333333333 0.3 0.1107914669232 0.10570047791277 -0.55323937318315 -0.57145534664075 -0.57695282427273 -0.63205763330112 -0.36563291546653 -0.6958804667412 -0.6 0.10830046260357 0.13044617677761 0.38296681418283 0.30368172725993 0.29578033031672 0.22456477539155 0.33260079762557 0.23076848213635 0.28981671249987 0.28910168269865 0.1635601144731 0.26613219153757 0.2237511415002 0.28697360396941 0.28403082815963 0.29873847030159 0.27508416750931 0.16171127949055 0.19317977062155 -0.025336697842038 0.2369608297649 0.2362382047606 0.10590696529851 0.16927241760062 0.038185821320023 0.20784904576734 0.080888093684605 -0.38820042100391 -0.5 -0.55364842190808 0.28163804010256 0.38273671032301 0.40458459439306 0.38810508793527 0.47401335310395 0.48523072622624 0.3870613591247 0.19108312075816 0.35170570496909"
General-2-20251226-14:21:36-80282,vector,AdhocNetwork1.host[13].app[1],e2eDelayPeriodicSec,,,"1 2 3 4 5 6 7 8 9 10 11 12 13 14 15 16 17 18 19 20 21 22 23 24 25 26 27 28 29 30 31 32 33 34 35 36 37 38 39 40 41 42 43 44 45 46 47 48 49 50","NaN 0.048626620669 0.048626620669 0.048626620669 0.035066093299 0.035066093299 0.035066093299 NaN NaN 0.218907218482 0.218907218482 0.218907218482 0.008054243539 0.008054243539 0.008054243539 NaN 0.008474016668 0.008474016668 0.008474016668 NaN NaN 0.019887723924 0.019887723924 0.019887723924 NaN 0.014385103221 0.014385103221 0.014385103221 NaN 0.064596505896 0.064596505896 0.064596505896 NaN 0.008954432405 0.008954432405 0.008954432405 NaN 0.00773483157 0.00773483157 0.00773483157 NaN NaN 0.015526725941 0.015526725941 0.015526725941 0.021949887025 0.021949887025 0.021949887025 NaN NaN"
General-2-20251226-14:21:36-80282,vector,AdhocNetwork1.host[13].rl,rlReward,,,"1 2 3 4 5 6 7 8 9 10 11 12 13 14 15 16 17 18 19 20 21 22 23 24 25 26 27 28 29 30 31 32 33 34 35 36 37 38 39 40 41 42 43 44 45 46 47 48 49 50","0.33333333333333 0 0.18279373985951 0.18208278019821 0.12670307117096 0.14728110993209 0.15647361139751 0.11118870702576 0.098473838726465 0 0.049450617872593 0.3532930024467 -0.47399237608171 -0.56837291406106 -0.51958464108083 -0.4845614452585 -0.60497482073991 -0.47926158562302 -0.20512451475193 -0.36419281947411 -0.49435706832272 0.17929721121714 0.45552727304935 0.3 0.47914003212816 0.46291900805688 0.41660690076838 0.4145563792396 0.44645775329828 0.39176245035966 0.42289850293245 0.35071617775962 0.46836371586119 0.49618416758944 0.43037505748818 0.44303774515022 0.49561427115319 0.46878500022373 0.40092584953327 0.4871278295994 -0.034769457475582 0.47689453883211 0.42869952678612 0.47596289278856 0.51620264246828 0.37092002334681 0.31773198402041 0.37724411034935 0.33288743162047 0.33062619308185"
General-2-20251226-14:21:36-80282,vector,AdhocNetwork1.host[14].app[1],e2eDelayPeriodicSec,,,"1 2 3 4 5 6 7 8 9 10 11 12 13 14 15 16 17 18 19 20 21 22 23 24 25 26 27 28 29 30 31 32 33 34 35 36 37 38 39 40 41 42 43 44 45 46 47 48 49 50","NaN NaN NaN NaN NaN NaN NaN NaN NaN NaN 0.364293119121 0.364293119121 0.364293119121 NaN NaN 0.047763898904 0.047763898904 0.047763898904 NaN NaN 0.061808797744 0.061808797744 0.061808797744 NaN NaN NaN NaN NaN NaN NaN NaN 3.911642767659 3.911642767659 3.911642767659 NaN NaN NaN NaN NaN NaN NaN NaN NaN NaN NaN NaN NaN NaN NaN NaN"
General-2-20251226-14:21:36-80282,vector,AdhocNetwork1.host[14].rl,rlReward,,,"1 2 3 4 5 6 7 8 9 10 11 12 13 14 15 16 17 18 19 20 21 22 23 24 25 26 27 28 29 30 31 32 33 34 35 36 37 38 39 40 41 42 43 44 45 46 47 48 49 50","0.33333333333333 0 0.089816647768532 0.050522736946488 0 0 0.069384219451863 0.1253767012909 0.069132811486502 0.063075843015059 0.029017115708245 0.054043483282526 0.088829281150884 0.14100431840334 0.11349892867838 0.15380329959105 0.078499238796777 0.12601951378749 0.12219791451673 0.11874154287132 0.13836319021186 0.082276492548618 0.15227108606852 0.10658240541351 0.14713382794039 0.1850933776679 0.17271158884259 0.41990324460373 0.33135051044115 0.45828945936787 0.44779827996792 0.49501339478727 0.47022187468876 0.48159552732688 0.48861512050626 0.46936848187412 0.48515276235846 0.46139444242556 0.47930192234192 0.47943141212708 0.48646954896116 0.50250326607815 0.49433046508968 0.49764124283354 0.50807575430971 0.49912869370392 0.50845688633266 0.51208663722864 0.50702341553409 0.50964553842114"
General-2-20251226-14:21:36-80282,vector,AdhocNetwork1.host[15].app[1],e2eDelayPeriodicSec,,,"1 2 3 4 5 6 7 8 9 10 11 12 13 14 15 16 17 18 19 20 21 22 23 24 25 26 27 28 29 30 31 32 33 34 35 36 37 38 39 40 41 42 43 44 45 46 47 48 49 50","NaN NaN NaN NaN NaN NaN NaN NaN NaN NaN NaN NaN NaN NaN NaN NaN NaN NaN NaN NaN NaN NaN NaN NaN NaN NaN NaN NaN NaN NaN NaN NaN NaN NaN NaN NaN NaN NaN NaN NaN NaN NaN NaN NaN NaN NaN 0.085851734857 0.085851734857 0.085851734857 NaN"
General-2-20251226-14:21:36-80282,vector,AdhocNetwork1.host[15].rl,rlReward,,,"1 2 3 4 5 6 7 8 9 10 11 12 13 14 15 16 17 18 19 20 21 22 23 24 25 26 27 28 29 30 31 32 33 34 35 36 37 38 39 40 41 42 43 44 45 46 47 48 49 50","0.33333333333333 0 0 0.047894727169116 0.051247992969379 0.012308534294736 0.02696145999884 0.022864694805905 4.1769628686905e-05 0.045727718826937 0.099005715756051 0.074814417539293 0.082264448532213 0.39129454104371 0.36733296359934 0.37403800367901 0.39074712300739 0.082264448532305 0.37403800367903 0.39275012906824 0.37622138571577 0.39028377613867 0.34543802389624 0.33570000624055 0.39141000684006 0.39203937379326 0.34523968404482 0.39216906281454 0.3846682089869 0.34455712585475 0.39082923666336 0.40239339973037 0.40239339973039 0.39275012906817 0.40239339973041 0.39875518152238 0.37818097748028 0.38801744944253 0.39104116647516 0.37547554722357 0.3 0.33612319833118 0.3 0.38382275746853 0.3466302741945 -0.2 0.3 -0.2 0.30611055109314 0.37567028389441"
General-2-20251226-14:21:36-80282,vector,AdhocNetwork1.host[16].app[1],e2eDelayPeriodicSec,,,"1 2 3 4 5 6 7 8 9 10 11 12 13 14 15 16 17 18 19 20 21 22 23 24 25 26 27 28 29 30 31 32 33 34 35 36 37 38 39 40 41 42 43 44 45 46 47 48 49 50","NaN NaN NaN NaN NaN NaN NaN NaN 0.041499650745 0.041499650745 0.041499650745 NaN 0.019590472368 0.019590472368 0.019590472368 0.024631741233 0.024631741233 0.024631741233 NaN NaN NaN NaN NaN NaN NaN NaN NaN NaN NaN NaN 0.210173137908 0.210173137908 0.210173137908 NaN NaN NaN NaN NaN 0.038779673233 0.038779673233 0.038779673233 NaN NaN NaN NaN NaN NaN NaN NaN NaN"
General-2-20251226-14:21:36-80282,vector,AdhocNetwork1.host[16].rl,rlReward,,,"1 2 3 4 5 6 7 8 9 10 11 12 13 14 15 16 17 18 19 20 21 22 23 24 25 26 27 28 29 30 31 32 33 34 35 36 37 38 39 40 41 42 43 44 45 46 47 48 49 50","0.33333333333333 0 0.0973841943846 0.10982860241516 0 0.099381620679722 0.11520716677068 0.080219180470526 0 0 0 0.1686957780491 0.18376896836155 0.042068640916436 0.20542042210238 0.202176188846 0.16487532698756 0.22198414562795 0.21459320446184 0.2225747411931 0.22141726632154 0.19751397659113 0.2051072381233 0.15073610013535 0.1532405278441 0.22294332053547 0.17822887427337 0.15069953935708 0.20092162692447 0.13753880470163 0.15103993167406 0.13422306983232 0.20405590293033 0.20622101370167 0.18812888754607 0.1544060040504 0.17796595488328 0.22646689479036 0.20275270046899 0.14717539275272 0.17012818218421 0.22559730953339 0.18936311039123 0.23026787700136 0.21962992511789 0.17187656502218 0.20081175848598 0.0076197479701462 0.33576257774952 0.19185031359715"
General-2-20251226-14:21:36-80282,vector,AdhocNetwork1.host[17].app[1],e2eDelayPeriodicSec,,,"1 2 3 4 5 6 7 8 9 10 11 12 13 14 15 16 17 18 19 20 21 22 23 24 25 26 27 28 29 30 31 32 33 34 35 36 37 38 39 40 41 42 43 44 45 46 47 48 49 50","NaN NaN NaN NaN NaN NaN NaN NaN NaN NaN NaN NaN NaN NaN NaN NaN NaN NaN NaN NaN NaN NaN NaN NaN NaN NaN NaN NaN NaN NaN NaN NaN NaN NaN NaN NaN NaN NaN NaN NaN NaN NaN NaN NaN NaN NaN NaN NaN NaN NaN"
General-2-20251226-14:21:36-80282,vector,AdhocNetwork1.host[17].rl,rlReward,,,"1 2 3 4 5 6 7 8 9 10 11 12 13 14 15 16 17 18 19 20 21 22 23 24 25 26 27 28 29 30 31 32 33 34 35 36 37 38 39 40 41 42 43 44 45 46 47 48 49 50","0.33333333333333 0 0 0.35683167465574 0.37681760744016 0.32879176222749 0.36462600667793 0.095981417659165 0.060428389881826 0.097911936594271 0.12179967862408 0.39267019738833 0.12024700077618 0.41442101375698 0.39858995119878 0.40822230069856 0.40845844873031 0.39907665848127 0.40822230069858 0.42340018924089 0.41427861450309 0.39979467162032 0.37106077523885 0.35848952843679 0.1241319673776 0.4176808201496 0.092027138216555 0.13075646683289 0.12140729099251 0.083218737841978 0.11750746792227 0.147357827937 0.147357827937 0.81375484969422 -0.52181364068383 -0.52755585029397 -0.57426692327889 -0.64194073321661 -0.59826131390419 -0.57719929803089 -0.58398796146377 0.37527392123683 0.083836766945766 0.17101054839371 0.21997895533389 0.2028375615874 0.19973330242378 0.21130129188489 0.21277431077046 0.22324589283156"
General-2-20251226-14:21:36-80282,vector,AdhocNetwork1.host[18].app[1],e2eDelayPeriodicSec,,,"1 2 3 4 5 6 7 8 9 10 11 12 13 14 15 16 17 18 19 20 21 22 23 24 25 26 27 28 29 30 31 32 33 34 35 36 37 38 39 40 41 42 43 44 45 46 47 48 49 50","NaN NaN NaN NaN NaN NaN NaN NaN 0.391440281047 0.391440281047 0.391440281047 NaN NaN 0.024019091804 0.024019091804 0.024019091804 NaN NaN 0.030182202212 0.030182202212 0.030182202212 0.046804511386 0.046804511386 0.046804511386 NaN 0.034632531561 0.034632531561 0.034632531561 NaN NaN 0.033749875524 0.033749875524 0.033749875524 NaN NaN NaN 0.06458993912 0.06458993912 0.06458993912 NaN NaN 0.053540712198 0.053540712198 0.053540712198 0.019921583576 0.019921583576 0.019921583576 NaN 0.052038525118 0.052038525118"
General-2-20251226-14:21:36-80282,vector,AdhocNetwork1.host[18].rl,rlReward,,,"1 2 3 4 5 6 7 8 9 10 11 12 13 14 15 16 17 18 19 20 21 22 23 24 25 26 27 28 29 30 31 32 33 34 35 36 37 38 39 40 41 42 43 44 45 46 47 48 49 50","0.33333333333333 0 0.14208068476353 0.15475770338239 0.059738148405415 0.15433237435027 0.1645086074376 -0.10755175108808 0.14815061384121 0.028851103953136 0.074759162563578 0 0.11237091047024 0.050486106988362 -0.047050239805706 0.33181573638485 0.12114356646261 0.16802507641666 0.11140225811261 0.15217016042732 0.16822088897428 0.38059534229955 0.20870836204509 0 0.15239980217597 0.18897502656916 0.14780140147537 0.14997697214138 0.13338720899593 0.091686412184517 0.024989076823284 0.056880473064811 0.16143899815636 0.15247159331957 0.12636620223301 0.065221201108968 0.11168056199652 0.015794618296029 0.068931761548827 0.12018921509875 0.032284860318639 0.20257793163029 0.13851399523295 0.21541938549195 0.063415991477951 0.11419319354946 0.37924975279131 0.061241670484249 0.09693072508071 0.096096973375588"
General-2-20251226-14:21:36-80282,vector,AdhocNetwork1.host[19].app[1],e2eDelayPeriodicSec,,,"1 2 3 4 5 6 7 8 9 10 11 12 13 14 15 16 17 18 19 20 21 22 23 24 25 26 27 28 29 30 31 32 33 34 35 36 37 38 39 40 41 42 43 44 45 46 47 48 49 50","NaN 0.104200989353 0.104200989353 0.104200989353 0.012380847793 0.012380847793 0.012380847793 NaN NaN NaN NaN NaN NaN NaN 3.024240578759 3.024240578759 3.024240578759 NaN NaN NaN NaN NaN 0.077357468224 0.077357468224 0.077357468224 NaN NaN NaN NaN 0.257279834649 0.257279834649 0.257279834649 NaN NaN 0.02755452552 0.02755452552 0.02755452552 NaN NaN 0.124799307276 0.124799307276 0.124799307276 NaN NaN NaN NaN NaN NaN NaN NaN"
General-2-20251226-14:21:36-80282,vector,AdhocNetwork1.host[19].rl,rlReward,,,"1 2 3 4 5 6 7 8 9 10 11 12 13 14 15 16 17 18 19 20 21 22 23 24 25 26 27 28 29 30 31 32 33 34 35 36 37 38 39 40 41 42 43 44 45 46 47 48 49 50","0.33333333333333 0 0.11311314508276 0.12532928078259 -0.62662999319177 -0.6441101147976 -0.5525608750896 -0.7 -0.38553955729403 -0.54866237778912 -0.63775577047289 0.1 0.15515297065505 -0.060843324174837 0.39524175514641 0.32970979718284 0.20998743679891 0.32102155823824 0.30755611527785 0.2786127479055 0.21541072244374 0.24484144467858 0.22925397239883 -0.2 0.34275698390397 0.34432531279478 0.14740902267608 0.24256525953861 0.38447164795599 0.10575139613582 0.16183085412638 0.20421385083713 0.13966366856349 0.32834279037503 0.19586161977496 0.17852568541454 0.29682474878338 0.1 0.16872918081407 0.32553618585336 0.14963470642772 0.38444282209693 0.42309143214656 0.43603276987075 0.40145550247979 0.35292778449367 0.38378960454572 0.35470826951779 0.35999187236692 0.35826868734028"
General-2-20251226-14:21:36-80282,vector,AdhocNetwork1.host[20].app[1],e2eDelayPeriodicSec,,,"1 2 3 4 5 6 7 8 9 10 11 12 13 14 15 16 17 18 19 20 21 22 23 24 25 26 27 28 29 30 31 32 33 34 35 36 37 38 39 40 41 42 43 44 45 46 47 48 49 50","NaN 0 0 0 0 0 0 0 0 0 NaN NaN 0 0 0 NaN NaN 0 0 0 NaN NaN 0 0 0 NaN 0 0 0 NaN 0 0 0 NaN 0 0 0 NaN 0 0 0 NaN 0 0 0 NaN 0 0 0 0"
General-2-20251226-14:21:36-80282,vector,AdhocNetwork1.host[20].rl,rlReward,,,"1 2 3 4 5 6 7 8 9 10 11 12 13 14 15 16 17 18 19 20 21 22 23 24 25 26 27 28 29 30 31 32 33 34 35 36 37 38 39 40 41 42 43 44 45 46 47 48 49 50","0.33333333333333 0 0.090619743405464 0.78237201769909 0.07850851431407 0.060645354450164 0.14805411293881 0.13366194456796 0.035250435295453 0.033492948487349 0.0956061959197 0.34602511859175 -0.10789477889331 0.1109093662425 -0.21547346748525 -0.56253930145948 -0.34541563892171 -0.51193657071944 -0.51104817479511 -0.52114891417769 -0.50564543266791 0.06140174169151 0.10710727510095 0.047369085076543 0.1814643568221 0.12181977335269 0.091512046665372 0.13922279249674 0.12727319433082 0.038531225809076 0.028854190972369 0.12943568577799 0 -0.010220218102842 0.16053047858758 0 0.15660065565421 0.052460682052789 0.1056189280159 0.04180113975078 0.027142894332667 0.13970110952714 0.15941557696491 0.45301761631218 0.43934334606149 0.40859664815369 0.42775859420701 0.30489806621377 0.412898780121 0.37014927793501"
General-2-20251226-14:21:36-80282,vector,AdhocNetwork1.host[21].app[1],e2eDelayPeriodicSec,,,"1 2 3 4 5 6 7 8 9 10 11 12 13 14 15 16 17 18 19 20 21 22 23 24 25 26 27 28 29 30 31 32 33 34 35 36 37 38 39 40 41 42 43 44 45 46 47 48 49 50","NaN 0.075395383338 0.075395383338 0.075395383338 NaN NaN NaN NaN NaN 0.017248577289 0.017248577289 0.017248577289 NaN NaN 0.021462922169 0.021462922169 0.021462922169 NaN NaN 0.055369131617 0.055369131617 0.055369131617 NaN NaN NaN NaN 0.02384981118 0.02384981118 0.02384981118 0.052153194707 0.052153194707 0.052153194707 0.019841800653 0.019841800653 0.019841800653 NaN NaN 0.023725192777 0.023725192777 0.023725192777 0.029267789655 0.029267789655 0.029267789655 NaN NaN 0.024123023075 0.024123023075 0.024123023075 NaN NaN"
General-2-20251226-14:21:36-80282,vector,AdhocNetwork1.host[21].rl,rlReward,,,"1 2 3 4 5 6 7 8 9 10 11 12 13 14 15 16 17 18 19 20 21 22 23 24 25 26 27 28 29 30 31 32 33 34 35 36 37 38 39 40 41 42 43 44 45 46 47 48 49 50","0.33333333333333 0 0.1001831951447 0.14962204159881 0.1105549253644 0.075988580962057 0.056210477764585 -0.65513513219091 -0.65415141049332 -0.66666666666667 -0.59156605765959 0.42249077905214 0.42542446192537 0.3851108208361 0.36309228264524 0.42591953360309 0.3158736724657 0.42194172443845 0.41637065370636 0.22274128226547 0.37179528958486 0.32375780370358 0.37728712956198 0.30001191378506 0.40100113592866 0.41148466052035 0.28397628407981 0.28127761645825 0.33466418328184 0.1 0.18286863247666 0.28039595955473 0.27358880142251 0.27552687377503 0.1 0.15341082151931 0.37378297409035 0.39513267865781 0.27783946141453 0.36373782344268 0.045799757236385 0.036638417213198 0.39346053361407 0.3885374412876 0.42089360698602 0.29122463972864 0.35984398313624 0.3167187147049 0.30513068507069 0.30110921033239"
General-2-20251226-14:21:36-80282,vector,AdhocNetwork1.host[22].app[1],e2eDelayPeriodicSec,,,"1 2 3 4 5 6 7 8 9 10 11 12 13 14 15 16 17 18 19 20 21 22 23 24 25 26 27 28 29 30 31 32 33 34 35 36 37 38 39 40 41 42 43 44 45 46 47 48 49 50","NaN 0.013927721926 0.013927721926 0.013927721926 0.008703996136 0.008703996136 0.008703996136 NaN 0.008050213811 0.008050213811 0.008050213811 NaN 0.009107384 0.009107384 0.009107384 NaN 0.008152048396 0.008152048396 0.008152048396 NaN 0.007993355715 0.007993355715 0.007993355715 NaN 0.008574844946 0.008574844946 0.008574844946 NaN 0.040920626997 0.040920626997 0.040920626997 NaN 0.015434104256 0.015434104256 0.015434104256 NaN 0.015427573432 0.015427573432 0.015427573432 NaN NaN NaN NaN NaN NaN NaN NaN NaN NaN NaN"
General-2-20251226-14:21:36-80282,vector,AdhocNetwork1.host[22].rl,rlReward,,,"1 2 3 4 5 6 7 8 9 10 11 12 13 14 15 16 17 18 19 20 21 22 23 24 25 26 27 28 29 30 31 32 33 34 35 36 37 38 39 40 41 42 43 44 45 46 47 48 49 50","0.33333333333333 0 0.37591061328956 0.075282079421899 -0.62324371135125 -0.69069704476156 -0.60508952239388 -0.62785103999288 -0.35534872211952 -0.53381565237261 -0.54191566922501 0.402890069596 0.076350862825593 0.29174810261741 0.28674155192519 0.29132707863349 0.29809239383574 0.27867968741558 0.27272074646235 0.30926695791129 0.31117569030349 0.22974471631836 0.2923828614252 0.26604579129218 0.27748594511684 0.27045432956362 0.31187310902889 0.25072194336797 0.10983455144889 0.20377040939397 0.1783960782551 0.33236488404886 0.33125218381159 0.29598605845639 0.3506595161943 0.2969635895497 0.31166158888712 -0.36671303233703 -0.43527067342843 -0.31431467771732 -0.27019545604897 0.40291629964063 0.39730085519248 0.40574616592279 0.44873642054375 0.41992928263448 0.42921983270109 0.42763453244276 0.49165667138328 0.43426632015116"
General-2-20251226-14:21:36-80282,vector,AdhocNetwork1.host[23].app[1],e2eDelayPeriodicSec,,,"1 2 3 4 5 6 7 8 9 10 11 12 13 14 15 16 17 18 19 20 21 22 23 24 25 26 27 28 29 30 31 32 33 34 35 36 37 38 39 40 41 42 43 44 45 46 47 48 49 50","NaN NaN NaN NaN NaN NaN NaN NaN 0.092203256677 0.092203256677 0.092203256677 NaN 0.028205765379 0.028205765379 0.028205765379 NaN 0.023361341247 0.023361341247 0.023361341247 NaN NaN 0.056885213739 0.056885213739 0.056885213739 NaN NaN NaN NaN NaN NaN NaN 0.075467540234 0.075467540234 0.075467540234 0.046440164603 0.046440164603 0.046440164603 NaN 0.203037256601 0.203037256601 0.203037256601 NaN NaN NaN 0.041116372485 0.041116372485 0.041116372485 NaN 0.042943148839 0.042943148839"
General-2-20251226-14:21:36-80282,vector,AdhocNetwork1.host[23].rl,rlReward,,,"1 2 3 4 5 6 7 8 9 10 11 12 13 14 15 16 17 18 19 20 21 22 23 24 25 26 27 28 29 30 31 32 33 34 35 36 37 38 39 40 41 42 43 44 45 46 47 48 49 50","0.33333333333333 0 0.023977747841609 0.10939442602464 -0.66666666666667 -0.56390316352937 -0.62241729747661 -0.37915852069183 -0.41885272759279 -0.66666666666667 -0.51138319954529 0.30997198619782 0.0086828827728046 0.12565705716231 0.15354703104015 0.36214745798092 0.23206420893466 0.31352772292349 0.33150656631182 0.23437408491027 0.29437986411652 0 0.22739123067959 0.30609558157252 0.32741276623857 0.2867716096345 0.1 0.21241459661535 0.29393572553608 0.11100682289238 0.2428853628907 0.19974457652586 0.12415246310948 0.39220669217112 0.30914087549669 0.22341187655439 0.34559174810631 0.3486611106146 0.2967650322218 0.24611839658894 0.34960292067184 0.39718063924712 0.39319667452565 0.427307831557 0.21356097747649 0.36307013098294 0.38143296251079 0.18733647943856 0.40936561024394 0.30510282129122"
General-2-20251226-14:21:36-80282,vector,AdhocNetwork1.host[24].app[1],e2eDelayPeriodicSec,,,"1 2 3 4 5 6 7 8 9 10 11 12 13 14 15 16 17 18 19 20 21 22 23 24 25 26 27 28 29 30 31 32 33 34 35 36 37 38 39 40 41 42 43 44 45 46 47 48 49 50","NaN NaN NaN NaN NaN NaN NaN NaN NaN NaN NaN NaN NaN NaN NaN NaN NaN NaN NaN NaN NaN NaN NaN NaN NaN NaN NaN NaN NaN NaN NaN NaN NaN NaN NaN NaN NaN NaN NaN NaN NaN NaN NaN NaN NaN NaN NaN NaN NaN NaN"
General-2-20251226-14:21:36-80282,vector,AdhocNetwork1.host[24].rl,rlReward,,,"1 2 3 4 5 6 7 8 9 10 11 12 13 14 15 16 17 18 19 20 21 22 23 24 25 26 27 28 29 30 31 32 33 34 35 36 37 38 39 40 41 42 43 44 45 46 47 48 49 50","0.33333333333333 0 0.3 0.04532233445305 0.066743540560255 0.023675516295393 0.047366145180682 0.065619999039063 0.032809999519378 0.042925569069986 0.043892036529712 0.067612067722831 0.35008038496072 0.36916654655114 0.35404031443966 0.0556448721786 0.36175061812375 0.36145624286223 0.35008038496069 0.3803353438813 0.08464259183284 0.35097348959425 0.32509341286815 0.31442771451688 0.36580534643148 0.37322127485001 0.33483607011774 0.37322127484998 0.36519996451966 0.32986495326576 0.35838941801281 0.38144216163471 0.38144216163471 0.37077646328106 0.38144216163471 0.38144216163469 0.34111274960904 0.34131232606351 0.38144216163473 0.36275515295304 0.34329644864782 0.3682052532958 0.053238867145027 0.3497693783193 0.33294840948639 0.30288055349186 0.3 0.11070736136271 0.38497067178424 0.41409494434107"
General-3-20251226-14:21:36-80283,vector,AdhocNetwork1.host[0].app[1],e2eDelayPeriodicSec,,,"1 2 3 4 5 6 7 8 9 10 11 12 13 14 15 16 17 18 19 20 21 22 23 24 25 26 27 28 29 30 31 32 33 34 35 36 37 38 39 40 41 42 43 44 45 46 47 48 49 50","NaN 0.050667721069 0.050667721069 0.050667721069 NaN NaN NaN NaN NaN 0.15973504844 0.15973504844 0.15973504844 NaN NaN NaN NaN NaN NaN NaN NaN NaN NaN NaN NaN NaN NaN NaN NaN NaN NaN NaN NaN NaN 0.040755200817 0.040755200817 0.040755200817 NaN NaN NaN NaN NaN NaN NaN NaN NaN NaN NaN NaN NaN NaN"
General-3-20251226-14:21:36-80283,vector,AdhocNetwork1.host[0].rl,rlReward,,,"1 2 3 4 5 6 7 8 9 10 11 12 13 14 15 16 17 18 19 20 21 22 23 24 25 26 27 28 29 30 31 32 33 34 35 36 37 38 39 40 41 42 43 44 45 46 47 48 49 50","0.33333333333333 0 0.086605057456495 0.16648062026156 0.11984787411165 0.16553726361915 0.17211787101832 0.16390802542443 0.047149058930747 0.0081506121268279 0.083202975129213 0.15144054433913 0.14252374949416 0.16111033693915 0.15482289014341 0.13332196122738 0.17096018443243 0.13472386797251 0.18472298606721 0.10892944223906 0.16011271110798 0.16230883757749 0.40399525179967 0.38228675694015 0.46658127081424 0.36538369330813 0.42956713906515 0.45626814875871 0.43677318858309 0.20410039220104 0.47007795787237 -0.53022085155479 -0.49168805485844 -0.48496385984297 -0.56083198400254 -0.54373940654206 -0.44428561938552 -0.46938571571488 -0.41387211034346 -0.41802549439534 -0.41295777731588 0.25766409284494 0.2582649402631 0.10670452065462 0.2582649402631 0.2582649402631 0.25558710054549 0.2582649402631 0.10991792831572 0.10991792831572"
General-3-20251226-14:21:36-80283,vector,AdhocNetwork1.host[1].app[1],e2eDelayPeriodicSec,,,"1 2 3 4 5 6 7 8 9 10 11 12 13 14 15 16 17 18 19 20 21 22 23 24 25 26 27 28 29 30 31 32 33 34 35 36 37 38 39 40 41 42 43 44 45 46 47 48 49 50","NaN NaN NaN NaN NaN NaN NaN NaN NaN NaN NaN NaN NaN NaN NaN NaN NaN NaN NaN NaN NaN NaN NaN NaN NaN NaN NaN NaN NaN NaN NaN NaN NaN NaN NaN NaN NaN NaN NaN NaN NaN NaN NaN NaN NaN NaN NaN 0.152194582301 0.152194582301 0.152194582301"
General-3-20251226-14:21:36-80283,vector,AdhocNetwork1.host[1].rl,rlReward,,,"1 2 3 4 5 6 7 8 9 10 11 12 13 14 15 16 17 18 19 20 21 22 23 24 25 26 27 28 29 30 31 32 33 34 35 36 37 38 39 40 41 42 43 44 45 46 47 48 49 50","0.33333333333333 0 0.023126374899307 0.039622737865043 0.170331557813 0.047061554467052 0.33099782696761 0.057552391383507 0.024300823222966 0.16918994768262 0.048939126457973 -0.13674369557105 0.056146144048742 0.33067272885442 0.33969028988874 0.34575936750017 0.34491098311911 0.35456135545409 0.35519416675474 0.33526061078424 0.063584960650751 0.34715885403049 0.31392235280568 0.3 0.37520257935031 0.384505215284 0.3 0.37209242908839 0.36366098805835 0.33864947736553 0.35090322201435 0.080125850240231 0.36259710616712 0.37390011657639 0.062467957823516 0.37587799645377 0.32930083562729 0.36312610821036 0.3631261082103 0.37090611193295 0.35096493891983 -0.1491638828751 0.35609331987975 0.71922775497404 0.32661591118439 0.3 0.30603830064468 0.33727584774167 0.3 -0.1963389773798"
General-3-20251226-14:21:36-80283,vector,AdhocNetwork1.host[2].app[1],e2eDelayPeriodicSec,,,"1 2 3 4 5 6 7 8 9 10 11 12 13 14 15 16 17 18 19 20 21 22 23 24 25 26 27 28 29 30 31 32 33 34 35 36 37 38 39 40 41 42 43 44 45 46 47 48 49 50","NaN NaN NaN NaN NaN NaN NaN NaN NaN NaN NaN NaN NaN NaN NaN NaN NaN NaN NaN NaN NaN NaN 0.088993078878 0.088993078878 0.088993078878 0.007791807469 0.007791807469 0.007791807469 NaN NaN 0.007951497633 0.007951497633 0.007951497633 NaN NaN 0.032079880282 0.032079880282 0.032079880282 0.008172897005 0.008172897005 0.008172897005 NaN NaN 0.06459923338 0.06459923338 0.06459923338 NaN 0.015063132832 0.015063132832 0.015063132832"
General-3-20251226-14:21:36-80283,vector,AdhocNetwork1.host[2].rl,rlReward,,,"1 2 3 4 5 6 7 8 9 10 11 12 13 14 15 16 17 18 19 20 21 22 23 24 25 26 27 28 29 30 31 32 33 34 35 36 37 38 39 40 41 42 43 44 45 46 47 48 49 50","0.33333333333333 0 0 0.18365938144882 0.16883878534352 0.19044156558198 0.16952313349582 0.12847546826026 0 0 0.17582507520144 0.2379266692884 0.24512201105778 0.22431118276256 0.23199281656865 0.078070676267034 0.20691355637352 0.20926612892169 0.24093049340984 0.16670562949152 0.23448272192555 0.21358669765442 0.14803807746289 0.17831474390409 0.22627805695699 0.21629438544214 0.16590528881098 0.17177005653205 0.21775474039595 0.36880706684338 0.13814029094312 0.17457046507302 0.21173555149943 0.20092441285909 0.093546629062645 0.16619413009025 0.21287192164105 0.21019027010137 0.19241784295123 0.15968502064437 0.22240917165519 0.22156433105887 0.17798713096864 0.12682892219813 0.21537916210975 0.20338431338416 0.23034752714879 0.23139401324529 0.18864492077843 0.19522963007543"
General-3-20251226-14:21:36-80283,vector,AdhocNetwork1.host[3].app[1],e2eDelayPeriodicSec,,,"1 2 3 4 5 6 7 8 9 10 11 12 13 14 15 16 17 18 19 20 21 22 23 24 25 26 27 28 29 30 31 32 33 34 35 36 37 38 39 40 41 42 43 44 45 46 47 48 49 50","NaN NaN NaN NaN NaN NaN NaN NaN NaN NaN NaN NaN NaN NaN NaN NaN NaN NaN NaN NaN NaN NaN 0.089480298823 0.089480298823 0.089480298823 NaN NaN NaN NaN NaN NaN NaN NaN 0.016802417834 0.016802417834 0.016802417834 NaN NaN 0.02442915821 0.02442915821 0.02442915821 NaN NaN 0.071103399674 0.071103399674 0.071103399674 NaN 0.049124497051 0.049124497051 0.049124497051"
General-3-20251226-14:21:36-80283,vector,AdhocNetwork1.host[3].rl,rlReward,,,"1 2 3 4 5 6 7 8 9 10 11 12 13 14 15 16 17 18 19 20 21 22 23 24 25 26 27 28 29 30 31 32 33 34 35 36 37 38 39 40 41 42 43 44 45 46 47 48 49 50","0.33333333333333 0 0.15891034186441 0.17097816043811 0.149083978523 0.17629461261303 0.1539053402488 0.21683969219491 0.088513816640473 0.13017342338362 0.12185471690434 0.15995098847919 0.19180342000363 0.20071501940259 -0.10297198651012 0.14876385935215 0.19495658104658 0.1530937961745 0.44614715277296 0.077051263172148 0.046903527828942 0.19106688786168 0.048959074310276 0 0.22055383132231 0.18808772530564 0.10428892693963 0.084038068900436 0.20670296979509 0.044630510078649 0.1078306650928 0.15561452502269 0.18997774219403 0.18519759439816 0.13640214432279 0.16848439688883 0.24198981884383 0.24165617461068 0.17120430713041 0.16390206682052 0.24148410158173 0.20015140161924 0.072676724897716 0.060714862280064 0.17518828786196 0.25621038456479 0.22602168730718 0.22236811894141 0.21011166126277 0.21601569157203"
General-3-20251226-14:21:36-80283,vector,AdhocNetwork1.host[4].app[1],e2eDelayPeriodicSec,,,"1 2 3 4 5 6 7 8 9 10 11 12 13 14 15 16 17 18 19 20 21 22 23 24 25 26 27 28 29 30 31 32 33 34 35 36 37 38 39 40 41 42 43 44 45 46 47 48 49 50","NaN 0.078282808853 0.078282808853 0.078282808853 NaN NaN NaN NaN NaN NaN NaN NaN NaN NaN 0.019899761796 0.019899761796 0.019899761796 NaN NaN 0.025623655102 0.025623655102 0.025623655102 0.025835582972 0.025835582972 0.025835582972 NaN 0.016046399236 0.016046399236 0.016046399236 NaN 0.02345631572 0.02345631572 0.02345631572 NaN 0.0155751045 0.0155751045 0.0155751045 NaN NaN NaN NaN NaN NaN NaN NaN NaN NaN NaN NaN NaN"
General-3-20251226-14:21:36-80283,vector,AdhocNetwork1.host[4].rl,rlReward,,,"1 2 3 4 5 6 7 8 9 10 11 12 13 14 15 16 17 18 19 20 21 22 23 24 25 26 27 28 29 30 31 32 33 34 35 36 37 38 39 40 41 42 43 44 45 46 47 48 49 50","0.33333333333333 0 0.16690933681585 0.17689351920002 -0.487210083858 -0.48030139155843 -0.44974285598667 -0.43308390651261 -0.45824546584667 -0.19267292596308 -0.33318641207718 0.22669148185405 0.452503823301 0.45673705383398 0.41267721911056 0.41217285354342 0.50707233109499 0.42494001904377 0.41445536078473 0.38695176975738 0.47135278883915 0.44845798432693 0.38478731559248 0.098805423445286 0.41344718943031 0.37773359081126 -0.25554771843896 -0.34370298223149 0.17376558289731 -0.19541254877714 -0.31366539206491 0.37303732131281 0.40864228957885 0.38391167535523 0.36588215660185 0.31779120482935 0.39627369041483 0.42764111011072 0.19631826666396 0.29668929821726 0.37974803904279 0.38076215384209 0.39262369928523 0.18835874643429 0.16233213303682 0.45001356753434 0.29696539887793 0.4226526428474 0.43003913784702 0.36000023807419"
General-3-20251226-14:21:36-80283,vector,AdhocNetwork1.host[5].app[1],e2eDelayPeriodicSec,,,"1 2 3 4 5 6 7 8 9 10 11 12 13 14 15 16 17 18 19 20 21 22 23 24 25 26 27 28 29 30 31 32 33 34 35 36 37 38 39 40 41 42 43 44 45 46 47 48 49 50","NaN NaN NaN NaN NaN NaN NaN NaN NaN NaN NaN NaN NaN NaN NaN NaN NaN NaN NaN NaN NaN NaN NaN NaN NaN NaN NaN NaN NaN NaN NaN NaN 0.055524120755 0.055524120755 0.055524120755 NaN NaN NaN NaN NaN NaN NaN NaN NaN 0.03522795312 0.03522795312 0.03522795312 NaN NaN NaN"
General-3-20251226-14:21:36-80283,vector,AdhocNetwork1.host[5].rl,rlReward,,,"1 2 3 4 5 6 7 8 9 10 11 12 13 14 15 16 17 18 19 20 21 22 23 24 25 26 27 28 29 30 31 32 33 34 35 36 37 38 39 40 41 42 43 44 45 46 47 48 49 50","0.33333333333333 0 0.021519365921128 0.76164709915083 0.37666191324756 0.073900159199015 0.097231377934105 0.099756907043463 0.35378184702102 0.060244127967113 0.066716854429983 0.13999418275057 0.12552255776454 0.097109019783349 0.12869586394214 0.13926768696679 0.081529486213408 0.14184215613642 0.42708823608938 0.10126953478325 0.15013771825215 0.15331884707225 0.04101808086148 0.084938351187632 0.13417998297436 0.10108672079272 0.028021400794828 0.096856623813716 0.38575192985238 0.3 -0.2 0 0.17592352545307 0.21346040891482 0.42695326903344 0.22350657727971 0.23060647092798 0.21447594759894 0.23315744088951 0.243308347687 0.22170628931285 0.23074537201072 0.2422877550353 0.20934477667783 0.4441160118562 0.19062857003505 0.15396343767861 0.12429766327591 0.068831665904571 0.10609461146819"
General-3-20251226-14:21:36-80283,vector,AdhocNetwork1.host[6].app[1],e2eDelayPeriodicSec,,,"1 2 3 4 5 6 7 8 9 10 11 12 13 14 15 16 17 18 19 20 21 22 23 24 25 26 27 28 29 30 31 32 33 34 35 36 37 38 39 40 41 42 43 44 45 46 47 48 49 50","NaN NaN NaN NaN NaN NaN NaN NaN NaN NaN NaN NaN NaN NaN NaN NaN NaN NaN NaN NaN NaN NaN NaN NaN NaN NaN NaN NaN NaN 0.074711312513 0.074711312513 0.074711312513 NaN NaN NaN NaN NaN NaN NaN NaN NaN NaN NaN NaN NaN NaN NaN NaN NaN NaN"
General-3-20251226-14:21:36-80283,vector,AdhocNetwork1.host[6].rl,rlReward,,,"1 2 3 4 5 6 7 8 9 10 11 12 13 14 15 16 17 18 19 20 21 22 23 24 25 26 27 28 29 30 31 32 33 34 35 36 37 38 39 40 41 42 43 44 45 46 47 48 49 50","0.33333333333333 0 0.048338850874436 0.075268705844821 -0.16439721798599 0.055328795862453 0.044720164754729 0.080357859898176 0.060474382121531 0.050743404917086 0.080112666712377 0.090482449067892 0.062726832208755 0.073271340234229 0.090857894497055 0.070719280630169 0.057398744737996 0.083609259134364 0.091285279422784 0.036546274488799 -0.13211285598863 0.027203712495895 0 0 0.080341608329605 0.37060138730013 0.32906623994601 0.35384609103678 0.37171544894656 0.3 0 0.36574739389954 0.39835856037991 0.40045040885657 0.39649725400904 0.40130946874223 0.39462181711017 0.40623986496104 0.40971085762097 0.42023037003022 0.39907131313124 -0.02466917468327 0.42417254479627 0.34844640191737 -0.6291128553275 -0.66012350075198 -0.52903252174416 -0.66709830919661 -0.7 -0.67497386341301"
General-3-20251226-14:21:36-80283,vector,AdhocNetwork1.host[7].app[1],e2eDelayPeriodicSec,,,"1 2 3 4 5 6 7 8 9 10 11 12 13 14 15 16 17 18 19 20 21 22 23 24 25 26 27 28 29 30 31 32 33 34 35 36 37 38 39 40 41 42 43 44 45 46 47 48 49 50","NaN NaN NaN NaN NaN NaN NaN NaN NaN NaN NaN NaN NaN NaN NaN NaN NaN NaN NaN NaN NaN NaN NaN NaN NaN NaN NaN NaN NaN NaN NaN NaN NaN NaN NaN NaN NaN NaN NaN NaN NaN NaN NaN NaN NaN NaN 0.02589770236 0.02589770236 0.02589770236 NaN"
General-3-20251226-14:21:36-80283,vector,AdhocNetwork1.host[7].rl,rlReward,,,"1 2 3 4 5 6 7 8 9 10 11 12 13 14 15 16 17 18 19 20 21 22 23 24 25 26 27 28 29 30 31 32 33 34 35 36 37 38 39 40 41 42 43 44 45 46 47 48 49 50","0.33333333333333 0 0.021560540924245 0.081490671733062 0.063216561164101 0.082683340798737 0.083825207437578 0.034195867662319 0.063402205716458 0 0.019980405370675 0.094798148151225 0.089022163690122 0.071898678204621 0.12761065181403 0.092528597573598 0.074181073686639 0.11203630801563 0.12058623062835 0.08349055038275 0.12219186517535 0.11167717985974 0 0.34972934838643 0.42935052131123 0.37391770169973 0.34683763682635 0.40182982465625 0.42190817653499 0.35762122304579 0.35256119390494 0.3188818909816 0.37933524165579 0.41075126464104 0.40923743755344 0.37777455151486 0.39556055191671 0.38423470493425 0.37557022377661 0.41348766049321 0.40983855868118 0.39115219949843 0.44185440759849 0.068164712065284 0.34261155746288 0.36019991471189 0.04730347112176 0 0.3 0.31317360296245"
General-3-20251226-14:21:36-80283,vector,AdhocNetwork1.host[8].app[1],e2eDelayPeriodicSec,,,"1 2 3 4 5 6 7 8 9 10 11 12 13 14 15 16 17 18 19 20 21 22 23 24 25 26 27 28 29 30 31 32 33 34 35 36 37 38 39 40 41 42 43 44 45 46 47 48 49 50","NaN NaN NaN NaN NaN NaN NaN NaN NaN NaN NaN NaN NaN NaN NaN NaN NaN NaN NaN NaN NaN NaN 0.182494457553 0.182494457553 0.182494457553 NaN NaN NaN NaN NaN NaN NaN NaN NaN 0.161038871963 0.161038871963 0.161038871963 NaN 0.052129625574 0.052129625574 0.052129625574 NaN 0.12157645423 0.12157645423 0.12157645423 NaN NaN NaN NaN NaN"
General-3-20251226-14:21:36-80283,vector,AdhocNetwork1.host[8].rl,rlReward,,,"1 2 3 4 5 6 7 8 9 10 11 12 13 14 15 16 17 18 19 20 21 22 23 24 25 26 27 28 29 30 31 32 33 34 35 36 37 38 39 40 41 42 43 44 45 46 47 48 49 50","0.33333333333333 0 0.014820671745873 0.098400511721653 0.078795054950797 0.058515932603247 0.1 0.18999151644046 0.09530933969141 0.044621789012715 0.16501767007955 0.19079073742068 0.18266665593225 0.1932194931794 0.17123181681288 0.18599737916839 0.18641528029604 0.18396281670588 0.35190508720823 0.16652585052806 0.18786294974044 0.17670740380016 0.13825441906394 0.032821195134464 0.15616323451638 0.1230924373056 0.12190782912868 0.063906981973949 0.1296098634589 0.17050361983085 0.11474995134882 0.12196246461949 0.12103370680637 0.1438552119606 0.09304820407932 0.0045329886822877 0.12051335229999 0.14544451852613 0.11633408194525 0.094720249365846 0.1454493334976 0.13155577547347 0.13589836739151 0 0.10919825665089 0.16550298176736 0.13397485418969 0.42636255900494 0.04225527430126 0.078341914431297"
General-3-20251226-14:21:36-80283,vector,AdhocNetwork1.host[9].app[1],e2eDelayPeriodicSec,,,"1 2 3 4 5 6 7 8 9 10 11 12 13 14 15 16 17 18 19 20 21 22 23 24 25 26 27 28 29 30 31 32 33 34 35 36 37 38 39 40 41 42 43 44 45 46 47 48 49 50","NaN 0.018526123485 0.018526123485 0.018526123485 0.009973419648 0.009973419648 0.009973419648 NaN NaN 0.00883054618 0.00883054618 0.00883054618 NaN 0.007690134891 0.007690134891 0.007690134891 NaN NaN 0.007570455525 0.007570455525 0.007570455525 NaN 0.008651353651 0.008651353651 0.008651353651 NaN 0.008132182231 0.008132182231 0.008132182231 NaN 0.008013293318 0.008013293318 0.008013293318 NaN 0.039726676902 0.039726676902 0.039726676902 NaN NaN NaN NaN NaN NaN NaN NaN NaN NaN NaN 0.442034024234 0.442034024234"
General-3-20251226-14:21:36-80283,vector,AdhocNetwork1.host[9].rl,rlReward,,,"1 2 3 4 5 6 7 8 9 10 11 12 13 14 15 16 17 18 19 20 21 22 23 24 25 26 27 28 29 30 31 32 33 34 35 36 37 38 39 40 41 42 43 44 45 46 47 48 49 50","0.33333333333333 0 0.12228240123637 0.82051525307767 0.1402543173135 0.097622541577312 0.061345566560924 0.1425833205871 0.038890755850762 0 0.12960550270192 0.15886894747756 0.17363297801044 0.15913921441869 0.098029817264531 0.14761782043337 0.14111570143634 0.16462570305545 0.12148571174167 0.27164488000101 0.17439081590538 0.16535164373178 0 0 0.18894141665536 0.13614990585182 0.10337903451299 0.11434088395348 0.1338115811531 0.1671700588605 0.098515410375642 0.054476699038617 0.097370358222427 0.12796688786728 0.088066230069393 0 0.39434837336694 0.19541417003487 0.1826067331296 0.093343821201082 0.16097908331208 0.18410479123943 0.19080054910112 0.003560678245773 0.074546817012233 0.46938934021386 0.12896038936352 0.14424801313654 0.091443001894474 0.013139013810276"
General-3-20251226-14:21:36-80283,vector,AdhocNetwork1.host[10].app[1],e2eDelayPeriodicSec,,,"1 2 3 4 5 6 7 8 9 10 11 12 13 14 15 16 17 18 19 20 21 22 23 24 25 26 27 28 29 30 31 32 33 34 35 36 37 38 39 40 41 42 43 44 45 46 47 48 49 50","NaN NaN NaN NaN NaN NaN NaN 0.077016178148 0.077016178148 0.077016178148 NaN NaN NaN NaN NaN NaN NaN NaN NaN NaN NaN NaN NaN NaN NaN NaN NaN NaN NaN NaN NaN NaN NaN 0.053574805552 0.053574805552 0.053574805552 NaN NaN NaN NaN NaN NaN NaN NaN NaN NaN NaN NaN NaN NaN"
General-3-20251226-14:21:36-80283,vector,AdhocNetwork1.host[10].rl,rlReward,,,"1 2 3 4 5 6 7 8 9 10 11 12 13 14 15 16 17 18 19 20 21 22 23 24 25 26 27 28 29 30 31 32 33 34 35 36 37 38 39 40 41 42 43 44 45 46 47 48 49 50","0.33333333333333 0 0.3 0.12600540832297 0.095165513253042 0.10602911952059 0.14049897244487 0.13318416356247 0.043765058660677 0.041660507427617 0.040897611225327 0.46172931633123 0.44554914051925 0.44198566049322 0.45900209088247 0.17450424236533 0.43382974300022 0.46417079194473 0.47564912118624 0.46037897524661 0.47604654609442 0.46528376964257 0.42073995769779 0.44139798713526 0.46482125321494 0.16863486788901 0.050140796847018 0.068774370373712 -0.51393006267786 -0.47394423655112 -0.65728834506493 0 0.46019856836484 0.47628824060418 0.45435046342015 0.46334893882233 0.22999710624412 0.50212817287127 0.48789744031813 0.5054675489247 0.50343536877091 0.50810652717078 0.48499929495154 0.48306907366622 0.50031104690056 0.42690223257415 0.50172167074776 0.50928375841478 0.49215136533185 0.46503838509362"
General-3-20251226-14:21:36-80283,vector,AdhocNetwork1.host[11].app[1],e2eDelayPeriodicSec,,,"1 2 3 4 5 6 7 8 9 10 11 12 13 14 15 16 17 18 19 20 21 22 23 24 25 26 27 28 29 30 31 32 33 34 35 36 37 38 39 40 41 42 43 44 45 46 47 48 49 50","NaN NaN NaN NaN 3.016629387213 3.016629387213 3.016629387213 0.016043974739 0.016043974739 0.016043974739 0.01508412267 0.01508412267 0.01508412267 NaN 0.019857247703 0.019857247703 0.019857247703 NaN NaN 0.04764685619 0.04764685619 0.04764685619 0.088570329761 0.088570329761 0.088570329761 NaN 0.030001296548 0.030001296548 0.030001296548 NaN NaN 0.024286143766 0.024286143766 0.024286143766 NaN NaN NaN NaN 0.05972091794 0.05972091794 0.05972091794 NaN NaN NaN NaN NaN NaN NaN NaN NaN"
General-3-20251226-14:21:36-80283,vector,AdhocNetwork1.host[11].rl,rlReward,,,"1 2 3 4 5 6 7 8 9 10 11 12 13 14 15 16 17 18 19 20 21 22 23 24 25 26 27 28 29 30 31 32 33 34 35 36 37 38 39 40 41 42 43 44 45 46 47 48 49 50","0.33333333333333 0 0.15086079134799 0.14565161266419 0.12922988908116 0.17599342620015 0.025663705265216 0.18150904865507 0.087259490093949 0.2702864957268 0.157581051116 0.14906086838762 0.17201778122997 0.19636937921565 0.11529824790927 0.1650097207226 0.1797366604478 0.17986041887895 0.15985853944188 0.099789030661959 0.20134660408602 0.18136036753234 0.14915029713484 0.051683692260247 0.15735306490677 0.14368044786106 0.087743033757798 0.38117949890492 0.43334552033091 0.19958072497662 0.15573075289974 0.12645882749915 0.43740208147036 0.4519682128805 0.44605675607865 0.42728559443503 0.46243872693442 0.4720640180114 0.44343567720722 0.41592406794254 0.47525416785692 0.47273281427366 0.44957302776563 0 0.45866861091832 0.20060676624745 0.44900918612133 0.47060326723855 0.45507349578244 0.46887254110465"
General-3-20251226-14:21:36-80283,vector,AdhocNetwork1.host[12].app[1],e2eDelayPeriodicSec,,,"1 2 3 4 5 6 7 8 9 10 11 12 13 14 15 16 17 18 19 20 21 22 23 24 25 26 27 28 29 30 31 32 33 34 35 36 37 38 39 40 41 42 43 44 45 46 47 48 49 50","NaN NaN NaN NaN NaN NaN NaN NaN NaN NaN NaN NaN NaN NaN NaN NaN NaN NaN NaN NaN NaN NaN 0.090696311822 0.090696311822 0.090696311822 NaN NaN NaN NaN 0.03043107768 0.03043107768 0.03043107768 NaN NaN NaN NaN NaN NaN 3.885841920419 3.885841920419 3.885841920419 NaN NaN 0.095449887092 0.095449887092 0.095449887092 NaN NaN NaN NaN"
General-3-20251226-14:21:36-80283,vector,AdhocNetwork1.host[12].rl,rlReward,,,"1 2 3 4 5 6 7 8 9 10 11 12 13 14 15 16 17 18 19 20 21 22 23 24 25 26 27 28 29 30 31 32 33 34 35 36 37 38 39 40 41 42 43 44 45 46 47 48 49 50","0.33333333333333 0 0 0.06330471175405 -0.61037169923762 -0.59672559283234 -0.63016914199701 -0.072019452885636 -0.6 -0.66666666666667 -0.3905138582781 0.23552042023852 0.50306094209748 0.37091034270423 0.43611310551132 0.21285773668528 0.42393111198767 0.42901525047447 0.42209333053072 0.38640848335551 0.42930425560091 0.42327826491861 -0.35303143315273 -0.25055760988479 -0.17799209486901 -0.24984502016264 -0.23383485113795 -0.21719085322816 -0.21825405865045 -0.21167278115331 -0.30319268767363 0.24166747615129 0.038713338635089 0.41111775696201 0.29151915672596 0.32153917175716 0.39530828325788 0.35094275295285 0.34682101810042 0.3238263560675 0.38261822414942 0.40642045530477 0.29805810686105 0.25722160709697 0.4003335436232 0.3805435975209 0.3471272295041 0.39393556051402 0.31666352710005 0.14388442449842"
General-3-20251226-14:21:36-80283,vector,AdhocNetwork1.host[13].app[1],e2eDelayPeriodicSec,,,"1 2 3 4 5 6 7 8 9 10 11 12 13 14 15 16 17 18 19 20 21 22 23 24 25 26 27 28 29 30 31 32 33 34 35 36 37 38 39 40 41 42 43 44 45 46 47 48 49 50","NaN NaN NaN NaN NaN NaN NaN NaN NaN NaN NaN NaN NaN NaN NaN NaN NaN NaN NaN NaN NaN NaN NaN NaN NaN NaN NaN NaN NaN NaN 0.409107018265 0.409107018265 0.409107018265 NaN NaN NaN NaN NaN NaN NaN NaN NaN NaN NaN NaN NaN NaN NaN NaN NaN"
General-3-20251226-14:21:36-80283,vector,AdhocNetwork1.host[13].rl,rlReward,,,"1 2 3 4 5 6 7 8 9 10 11 12 13 14 15 16 17 18 19 20 21 22 23 24 25 26 27 28 29 30 31 32 33 34 35 36 37 38 39 40 41 42 43 44 45 46 47 48 49 50","0.33333333333333 0 0.024827801148727 0.063956554594863 0.056655780529416 0 0.15516547454339 0.045066036176533 0.021477378423324 0.019220467880627 0.020426833929266 0.04401436166546 0.14867298696411 0.04336610179377 0.18326888080339 0.18173032049104 0.3265895132106 0.18175246139015 0.18731659939535 0.17919566963844 0.24030271075741 0.22404150130159 0.5 0.1 0.24691277790875 0.23372635016499 -0.2 0.23218446185807 0.23268997642094 0.1 0.1 0 0.19297061123858 0.25318113447716 0.25578648995317 0.20332342140194 0.26279165842975 0.24417284773996 0.24745967535246 0.2980321026473 0.28407187536449 0.24181461659933 0.3105080778103 0.087293070112709 0.36575193550372 0.091325286620925 0.36803484858846 0.32825502795817 0.3 0.40473000882033"
General-3-20251226-14:21:36-80283,vector,AdhocNetwork1.host[14].app[1],e2eDelayPeriodicSec,,,"1 2 3 4 5 6 7 8 9 10 11 12 13 14 15 16 17 18 19 20 21 22 23 24 25 26 27 28 29 30 31 32 33 34 35 36 37 38 39 40 41 42 43 44 45 46 47 48 49 50","NaN NaN NaN NaN NaN NaN NaN NaN 0.208930331992 0.208930331992 0.208930331992 NaN 0.014879166382 0.014879166382 0.014879166382 NaN NaN 0.012178195786 0.012178195786 0.012178195786 NaN 0.008191814166 0.008191814166 0.008191814166 NaN 0.00879091256 0.00879091256 0.00879091256 NaN 0.013454808516 0.013454808516 0.013454808516 NaN NaN 0.008211129996 0.008211129996 0.008211129996 NaN 0.008152406837 0.008152406837 0.008152406837 NaN 0.00862264698 0.00862264698 0.00862264698 0.008494906017 0.008494906017 0.008494906017 NaN NaN"
General-3-20251226-14:21:36-80283,vector,AdhocNetwork1.host[14].rl,rlReward,,,"1 2 3 4 5 6 7 8 9 10 11 12 13 14 15 16 17 18 19 20 21 22 23 24 25 26 27 28 29 30 31 32 33 34 35 36 37 38 39 40 41 42 43 44 45 46 47 48 49 50","0.33333333333333 0 0.11780632790294 0.33691974410816 0.12369751471148 0.4488941375476 0.14216457781113 0.13652547747833 0.0024585043831962 0 0.019800609090477 0.16285164030303 0.1524594857195 0.055524238401538 0.17522071946751 0.15134653723622 0.14581264081162 0.078396907320116 0.17000009335483 0.13321289063867 0.17032262473153 0.0932138275645 0.057944398121386 0.090881782264793 0.18569300422618 0.059216779166673 0.029930464121488 0.13411661655978 0.12434526344026 0.10241511595368 0.11770539427568 0.097345952788076 0.10695911089191 0.096980915330167 0.011932781503458 0.043790599689045 0.14984806932232 0.26759512136914 0.090160422967799 0.074604163053075 0.14022535696071 0.17833980543987 0.088128539530456 0 0.062974087446662 0.12940474053774 0.14633475980729 -0.024396213674456 0.094945783543296 0.041620198804332"
General-3-20251226-14:21:36-80283,vector,AdhocNetwork1.host[15].app[1],e2eDelayPeriodicSec,,,"1 2 3 4 5 6 7 8 9 10 11 12 13 14 15 16 17 18 19 20 21 22 23 24 25 26 27 28 29 30 31 32 33 34 35 36 37 38 39 40 41 42 43 44 45 46 47 48 49 50","NaN 0.029098672323 0.029098672323 0.029098672323 NaN 0.007893526581 0.007893526581 0.007893526581 NaN 0.007914515309 0.007914515309 0.007914515309 NaN NaN NaN NaN NaN NaN 0.008794968988 0.008794968988 0.008794968988 NaN NaN NaN NaN 0.054148011402 0.054148011402 0.054148011402 NaN NaN 0.011998098932 0.011998098932 0.011998098932 NaN 0.007153779574 0.007153779574 0.007153779574 NaN NaN 0.016342907844 0.016342907844 0.016342907844 NaN 0.04080073378 0.04080073378 0.04080073378 0.00837359553 0.00837359553 0.00837359553 0.008133671923"
General-3-20251226-14:21:36-80283,vector,AdhocNetwork1.host[15].rl,rlReward,,,"1 2 3 4 5 6 7 8 9 10 11 12 13 14 15 16 17 18 19 20 21 22 23 24 25 26 27 28 29 30 31 32 33 34 35 36 37 38 39 40 41 42 43 44 45 46 47 48 49 50","0.33333333333333 0 0.046481751786003 0.11725398575319 0.076239780538399 0.090265520313168 0.11277172665335 0.10940036401146 0.014355614987078 0.054832444618517 0.35731715534216 0.10914990366403 0.10204174369553 0.12422560048808 0.1290761957275 0.088695351998175 0.097798622726337 0.09056103405331 0.1555048372784 0.060280130892802 0.093601109735871 0.10622365456834 -0.14195971799811 0.073520221746985 0.13442008286977 0.068097696778937 0.1 0.12986821939954 0.1571604590715 0.15409828430011 0.056170087303189 0.11681004701771 0.14469434917304 0.11767876054333 0 0.10576839298454 0.15225777228383 0.13606204166829 0.14727728652806 0.10015388411006 0.16742710154747 0.17213468958281 0.25760760145401 0 0.11817636310671 0.1487667815293 0.13367765323304 0.11373617340839 0.0041750926426085 0.065318986134516"
General-3-20251226-14:21:36-80283,vector,AdhocNetwork1.host[16].app[1],e2eDelayPeriodicSec,,,"1 2 3 4 5 6 7 8 9 10 11 12 13 14 15 16 17 18 19 20 21 22 23 24 25 26 27 28 29 30 31 32 33 34 35 36 37 38 39 40 41 42 43 44 45 46 47 48 49 50","NaN NaN NaN NaN NaN NaN NaN NaN 0.049951395404 0.049951395404 0.049951395404 NaN 0.174431584347 0.174431584347 0.174431584347 NaN NaN 0.104774231825 0.104774231825 0.104774231825 0.00827369112 0.00827369112 0.00827369112 NaN NaN 0.016944411952 0.016944411952 0.016944411952 NaN 0.009092918553 0.009092918553 0.009092918553 NaN NaN 0.041971435964 0.041971435964 0.041971435964 NaN NaN 0.008352092022 0.008352092022 0.008352092022 0.01113986654 0.01113986654 0.01113986654 0.008651529134 0.008651529134 0.008651529134 NaN NaN"
General-3-20251226-14:21:36-80283,vector,AdhocNetwork1.host[16].rl,rlReward,,,"1 2 3 4 5 6 7 8 9 10 11 12 13 14 15 16 17 18 19 20 21 22 23 24 25 26 27 28 29 30 31 32 33 34 35 36 37 38 39 40 41 42 43 44 45 46 47 48 49 50","0.33333333333333 0 0.071142273430345 0.81439548327437 0.10770229312795 0.14939020537001 0.13596702961231 0.052752971728993 0 0 0.098717687371012 0.18797455901735 0.1657576878778 0.15460722503776 0.18290733436651 0.17357432304928 0.15936304636533 0.126508126794 0.20478409260693 0.15697033056146 0.18551507360061 0.15595340039659 0 0.0082737642929802 0.21171850545471 0.17110796661153 0.16435181230688 0.19569553336733 0.19720737557161 0.18795878844588 0.083120208255773 0.12743413913798 0.41484476955295 0.20551212205962 0.16268298639755 0.44143865890189 0.20717097057977 0.1973029311437 0.19263341996404 0.09401756041789 0.18054557306316 0.17969596523311 0.16732824531245 0.12072039577863 0.098775996360805 0.18941764463227 0.16360501193717 0.15129257969201 0.14292015580568 0.12955599072717"
General-3-20251226-14:21:36-80283,vector,AdhocNetwork1.host[17].app[1],e2eDelayPeriodicSec,,,"1 2 3 4 5 6 7 8 9 10 11 12 13 14 15 16 17 18 19 20 21 22 23 24 25 26 27 28 29 30 31 32 33 34 35 36 37 38 39 40 41 42 43 44 45 46 47 48 49 50","NaN NaN NaN NaN 3.010513560453 3.010513560453 3.010513560453 0.008211107463 0.008211107463 0.008211107463 NaN 0.007611356111 0.007611356111 0.007611356111 NaN NaN 0.010510266642 0.010510266642 0.010510266642 0.008250390436 0.008250390436 0.008250390436 NaN NaN 0.008809773605 0.008809773605 0.008809773605 NaN NaN 0.018992036605 0.018992036605 0.018992036605 0.008671369944 0.008671369944 0.008671369944 NaN NaN 0.011290205108 0.011290205108 0.011290205108 NaN 0.008033829875 0.008033829875 0.008033829875 NaN NaN 0.007934283034 0.007934283034 0.007934283034 NaN"
General-3-20251226-14:21:36-80283,vector,AdhocNetwork1.host[17].rl,rlReward,,,"1 2 3 4 5 6 7 8 9 10 11 12 13 14 15 16 17 18 19 20 21 22 23 24 25 26 27 28 29 30 31 32 33 34 35 36 37 38 39 40 41 42 43 44 45 46 47 48 49 50","0.33333333333333 0 0 0.14571803173624 0.12142610363272 0.45299794367978 0.45237772323955 0.43867425869691 -0.21868683596046 -0.67117276858211 -0.66841017763578 0.44749415757216 0.43518089815622 0.42135832958668 0.42766318624475 -0.0090920690124434 0.4049260191216 0.4156529982572 0.43520074650651 0.42345854774881 0.42439779000145 0.44764961546106 0.38545952422279 -0.64992037687266 -0.5388994844674 -0.60050048847538 -0.5779777305871 -0.57854451107466 -0.53133527006282 -0.60959868619984 -0.65407531217408 0 0.45768197768619 0.45537236627508 0.41980105846561 0.38847949166152 0.45129159768858 0.41938751567019 0.43533720002707 0.41460461162662 0.18861614183223 0.36632918984 0.4341449100332 0.37959899290954 0.44796310799175 0.48085869935441 0.45904352680135 0.45199750162466 0.45932049580021 0.41021165667375"
General-3-20251226-14:21:36-80283,vector,AdhocNetwork1.host[18].app[1],e2eDelayPeriodicSec,,,"1 2 3 4 5 6 7 8 9 10 11 12 13 14 15 16 17 18 19 20 21 22 23 24 25 26 27 28 29 30 31 32 33 34 35 36 37 38 39 40 41 42 43 44 45 46 47 48 49 50","NaN NaN NaN NaN NaN NaN NaN NaN 0.193597056065 0.193597056065 0.193597056065 NaN NaN NaN NaN NaN 0.038401901097 0.038401901097 0.038401901097 NaN NaN 0.533770706865 0.533770706865 0.533770706865 NaN NaN NaN NaN 3.03152054654 3.03152054654 3.03152054654 NaN NaN 0.103917109774 0.103917109774 0.103917109774 NaN 0.056826557308 0.056826557308 0.056826557308 NaN 0.048422253387 0.048422253387 0.048422253387 NaN NaN NaN NaN 0.042546685381 0.042546685381"
General-3-20251226-14:21:36-80283,vector,AdhocNetwork1.host[18].rl,rlReward,,,"1 2 3 4 5 6 7 8 9 10 11 12 13 14 15 16 17 18 19 20 21 22 23 24 25 26 27 28 29 30 31 32 33 34 35 36 37 38 39 40 41 42 43 44 45 46 47 48 49 50","0.33333333333333 0 0.34786968285778 0.79115461615761 0.38451381311098 0.39258405243959 0.36417847510084 0.39372874562259 0.3469452166119 0.3 0.32583715376851 0.43423077360844 0.44014645802714 0.43476173497285 0.42653693083332 0.10583465344043 -0.0081410200200095 0.060215011156298 0.15449243553951 0.064929689236682 0.12109154983789 0.075418721964864 0.36616932213128 0.38950768384758 0.45713861764385 0.42518763044738 0.3 0.40920260823271 0.43396106595997 0.15938578242567 0.081319569512881 0.077099505349703 0.1509507022935 0.15815035288523 0 0.059665375421835 0.16162925539647 0.16385671329928 0.12483683676201 0.068397089375198 0.16614751101537 0.14560341911627 -0.052662062646016 0.072407599496895 0.16077949937681 0.15005293726318 0.12671689322612 0.31210167200909 0.13591401345214 0.35858921321582"
General-3-20251226-14:21:36-80283,vector,AdhocNetwork1.host[19].app[1],e2eDelayPeriodicSec,,,"1 2 3 4 5 6 7 8 9 10 11 12 13 14 15 16 17 18 19 20 21 22 23 24 25 26 27 28 29 30 31 32 33 34 35 36 37 38 39 40 41 42 43 44 45 46 47 48 49 50","NaN 0.062277377606 0.062277377606 0.062277377606 NaN NaN NaN NaN NaN NaN NaN NaN NaN NaN 0.01734778636 0.01734778636 0.01734778636 NaN 0.015994123112 0.015994123112 0.015994123112 NaN 0.035712716072 0.035712716072 0.035712716072 NaN 0.039417216375 0.039417216375 0.039417216375 0.023898683809 0.023898683809 0.023898683809 NaN 0.01943029624 0.01943029624 0.01943029624 NaN NaN NaN NaN NaN NaN NaN NaN NaN NaN NaN NaN NaN NaN"
General-3-20251226-14:21:36-80283,vector,AdhocNetwork1.host[19].rl,rlReward,,,"1 2 3 4 5 6 7 8 9 10 11 12 13 14 15 16 17 18 19 20 21 22 23 24 25 26 27 28 29 30 31 32 33 34 35 36 37 38 39 40 41 42 43 44 45 46 47 48 49 50","0.33333333333333 0 0.16560064801145 0.20215569550565 0.20184548159827 0.16165520144729 0.1023244568803 0.2220655087458 0.12322461044004 0.085012639072112 0.20806760814333 0.19834597842734 0.21571490796039 0.22636257698949 0.13895844829843 0.35044015155476 0.41835329876709 0.39307263481419 0.33455760997682 0.3325088524096 0.42920859419899 0.4254229333063 0.38480205898119 0.21122259441026 0.41925416010439 0.38608728375472 0.33198975715041 0.21745228148491 -0.37963420129056 -0.19474452082184 -0.3104875394366 0.14789557410758 0.20423936189297 0.16979279466689 0.099826986892947 0.17966369765283 0.22234810602917 0.23262780649904 0.24849626324897 0.24206372746966 0.24352871149961 0.24891538823633 0.23359336106281 0.22537269405645 0.23371790063283 0.48203788297519 0.18998574315021 0.18274314283748 0.19288293840715 0.1806074438644"
General-3-20251226-14:21:36-80283,vector,AdhocNetwork1.host[20].app[1],e2eDelayPeriodicSec,,,"1 2 3 4 5 6 7 8 9 10 11 12 13 14 15 16 17 18 19 20 21 22 23 24 25 26 27 28 29 30 31 32 33 34 35 36 37 38 39 40 41 42 43 44 45 46 47 48 49 50","NaN NaN NaN NaN NaN NaN NaN NaN NaN NaN NaN NaN NaN 0.011324687429 0.011324687429 0.011324687429 NaN 0.008274314602 0.008274314602 0.008274314602 0.007714125453 0.007714125453 0.007714125453 NaN NaN 0.035731064441 0.035731064441 0.035731064441 NaN 0.038954975904 0.038954975904 0.038954975904 0.00825341988 0.00825341988 0.00825341988 NaN 0.008133171138 0.008133171138 0.008133171138 NaN NaN 0.008572901573 0.008572901573 0.008572901573 NaN 0.008612680376 0.008612680376 0.008612680376 NaN NaN"
General-3-20251226-14:21:36-80283,vector,AdhocNetwork1.host[20].rl,rlReward,,,"1 2 3 4 5 6 7 8 9 10 11 12 13 14 15 16 17 18 19 20 21 22 23 24 25 26 27 28 29 30 31 32 33 34 35 36 37 38 39 40 41 42 43 44 45 46 47 48 49 50","0.33333333333333 0 0.093063735697111 0.12027503282638 0.079748889749728 0.14628736270885 0.076722815505575 0.076956014644915 0 0 0.055642528100859 0.15553358931456 0.11720941325479 0.40873987121386 0.14605397240272 0.17513832335892 0.1754916278229 0.022873962887111 0.17983640739995 0.13385312295037 0.18605824656696 0.067965012377663 0 0 0.23961017987316 0.18983131598048 -0.58481550043266 -0.54826833988774 -0.46309294157741 -0.49243110785546 -0.55851986849126 0.11628089071555 0.18075781370572 0.14838575267843 0.42022186748696 0.021840179157143 0.45862370943988 0.4840884529828 0.3913343066126 0.070717907615253 0.47663519369998 0.47677571185596 0.43912649825918 0.41509504368053 0.39972803979012 0.47670976700973 0.45973725259581 0.48888429196185 0.47727060483117 0.46626335880415"
General-3-20251226-14:21:36-80283,vector,AdhocNetwork1.host[21].app[1],e2eDelayPeriodicSec,,,"1 2 3 4 5 6 7 8 9 10 11 12 13 14 15 16 17 18 19 20 21 22 23 24 25 26 27 28 29 30 31 32 33 34 35 36 37 38 39 40 41 42 43 44 45 46 47 48 49 50","NaN NaN NaN NaN NaN NaN NaN NaN NaN NaN NaN NaN NaN NaN NaN NaN NaN NaN NaN NaN NaN NaN NaN NaN NaN NaN NaN NaN NaN NaN NaN 0.117407483207 0.117407483207 0.117407483207 NaN NaN NaN NaN NaN NaN NaN NaN NaN NaN NaN NaN NaN NaN NaN NaN"
General-3-20251226-14:21:36-80283,vector,AdhocNetwork1.host[21].rl,rlReward,,,"1 2 3 4 5 6 7 8 9 10 11 12 13 14 15 16 17 18 19 20 21 22 23 24 25 26 27 28 29 30 31 32 33 34 35 36 37 38 39 40 41 42 43 44 45 46 47 48 49 50","0.33333333333333 0 0 0.054496443553037 0.066507930557057 0.054293595859974 0.10390531670643 0.29425712970006 0.063272994149419 0.0077481154903772 0.047634998489709 0.10972589466297 0.27944597308355 0.31626927538327 0.33360188826246 0.29511876409813 0.30636249062052 0.32849418709605 0.3153514952961 0.32599798686298 0.36271645525342 0.15071195472736 0.23313526275591 0.23532776839091 0.35160419207417 0.33028170245171 0.23633880196702 0.30432776838431 0.33567077056335 0.14551361494337 0.18368085941597 0.3 0.35105766806731 0.3329593160254 0.35628410462304 0.33761658998514 0.31737427373032 0.1548072115292 0.36783591922554 0.35175297043151 0.36458461792945 0.35889370951235 0.19234716533859 0.3396717062273 0.36279356355924 0.3420513369304 0.32274255638425 0.3358798763848 0.32179809559008 0.34465786911707"
General-3-20251226-14:21:36-80283,vector,AdhocNetwork1.host[22].app[1],e2eDelayPeriodicSec,,,"1 2 3 4 5 6 7 8 9 10 11 12 13 14 15 16 17 18 19 20 21 22 23 24 25 26 27 28 29 30 31 32 33 34 35 36 37 38 39 40 41 42 43 44 45 46 47 48 49 50","NaN NaN NaN NaN NaN NaN NaN NaN NaN NaN NaN NaN NaN NaN NaN NaN NaN NaN NaN NaN NaN NaN NaN NaN NaN NaN NaN NaN NaN NaN NaN NaN NaN NaN NaN NaN NaN NaN NaN NaN NaN NaN NaN NaN NaN NaN NaN NaN NaN NaN"
General-3-20251226-14:21:36-80283,vector,AdhocNetwork1.host[22].rl,rlReward,,,"1 2 3 4 5 6 7 8 9 10 11 12 13 14 15 16 17 18 19 20 21 22 23 24 25 26 27 28 29 30 31 32 33 34 35 36 37 38 39 40 41 42 43 44 45 46 47 48 49 50","0.33333333333333 0 0 0.12727227127689 0.13620653116611 0.12110520886917 0.14998181007451 -0.53799927599473 -0.66666666666667 -0.7 -0.58330569459891 0.21063703555341 0.43316473578466 0.4276644413937 0.42445466624282 0.43498725885793 0.41954005919383 0.41272047611834 0.45025955338434 0.43834758284081 0.44044628407068 0.45550705803441 0.39187073817284 0.38732797707925 0.44796803453648 0.445784357568 0.37222485867405 0.44039964265289 0.4459220595054 0.3826555243609 0.19882655998461 0.38060387174815 0.42647062487747 0.43099680645005 0.43639072457369 0.40842646919574 0.42727944033001 0.42034537875765 0.41587575683626 0.44781424802305 0.43420423555716 0.42361604007305 0.45028016257277 0.41176532876698 0.41191480682286 0.42018228987703 0.39686254085678 0.39740272975265 0.39473642340577 0.40523029875757"
General-3-20251226-14:21:36-80283,vector,AdhocNetwork1.host[23].app[1],e2eDelayPeriodicSec,,,"1 2 3 4 5 6 7 8 9 10 11 12 13 14 15 16 17 18 19 20 21 22 23 24 25 26 27 28 29 30 31 32 33 34 35 36 37 38 39 40 41 42 43 44 45 46 47 48 49 50","NaN NaN 0.025029866206 0.025029866206 0.025029866206 NaN NaN NaN NaN NaN NaN NaN NaN NaN NaN 0.007914589655 0.007914589655 0.007914589655 0.008533589379 0.008533589379 0.008533589379 NaN NaN 0.043614465488 0.043614465488 0.043614465488 0.008631704976 0.008631704976 0.008631704976 0.008371487035 0.008371487035 0.008371487035 NaN NaN 0.007551934939 0.007551934939 0.007551934939 NaN NaN 0.022832991755 0.022832991755 0.022832991755 0.008494288842 0.008494288842 0.008494288842 NaN NaN NaN NaN 0.00849495471"
General-3-20251226-14:21:36-80283,vector,AdhocNetwork1.host[23].rl,rlReward,,,"1 2 3 4 5 6 7 8 9 10 11 12 13 14 15 16 17 18 19 20 21 22 23 24 25 26 27 28 29 30 31 32 33 34 35 36 37 38 39 40 41 42 43 44 45 46 47 48 49 50","0.33333333333333 0 0 0.73718245680117 -0.097495865538826 0.11088294855081 0.084488406632398 0.096297221720622 0.021217153309985 0 0.15677965231854 0.2146937558462 0.19144499839116 0.2032688237695 0.20889941024894 0.1635158409875 0.18618328541066 0.14059440232793 0.20989393716679 0.15715987184621 0.19435868405098 0.1794638707771 0.077463831035123 0.13681595459289 0.18449750234408 0.17035671871392 0.12244208068906 0.12757087212515 0.18893664628105 0.17734511738786 0.090873279236571 0.058694210940673 0.19317422225429 0.36592360982353 0.078382810435757 0 0.16800251541909 0.19537042129 0.10410122798895 0.068228882424768 0.17045941814875 0.17531211613369 0.1480086654275 0.091613123348906 0.096070202741876 0.17414155501236 0.16355424707779 0.19192014629845 0.084776884067734 0.14257952541803"
General-3-20251226-14:21:36-80283,vector,AdhocNetwork1.host[24].app[1],e2eDelayPeriodicSec,,,"1 2 3 4 5 6 7 8 9 10 11 12 13 14 15 16 17 18 19 20 21 22 23 24 25 26 27 28 29 30 31 32 33 34 35 36 37 38 39 40 41 42 43 44 45 46 47 48 49 50","NaN NaN NaN NaN 0.010953341732 0.010953341732 0.010953341732 NaN 0.012388241601 0.012388241601 0.012388241601 0.008091332896 0.008091332896 0.008091332896 NaN 0.013279037714 0.013279037714 0.013279037714 NaN 0.00797386901 0.00797386901 0.00797386901 NaN 0.007694389618 0.007694389618 0.007694389618 NaN 0.007894989179 0.007894989179 0.007894989179 NaN NaN NaN NaN NaN 0.019651519902 0.019651519902 0.019651519902 NaN NaN NaN NaN NaN NaN NaN NaN NaN NaN NaN NaN"
General-3-20251226-14:21:36-80283,vector,AdhocNetwork1.host[24].rl,rlReward,,,"1 2 3 4 5 6 7 8 9 10 11 12 13 14 15 16 17 18 19 20 21 22 23 24 25 26 27 28 29 30 31 32 33 34 35 36 37 38 39 40 41 42 43 44 45 46 47 48 49 50","0.33333333333333 0 0 0.10958315936473 0.087114090518793 0.13407117690871 0.111005892498 0.09962255532616 0.041184956998194 0.022137641237636 0.093758783067637 0.27572621913712 0.082740275170138 0.11373543278727 0.13596507715827 0.059777519173347 0.11987686111265 0.11251035466565 0.1692248779815 0.092925474134678 0.12507420225839 0.041913078684452 0 0.015274826590275 0.11334032812524 0.069793145746633 0.015175587462374 0.037247709744208 0.042514761874156 0.11360477461695 0 0.058837017775743 0.12671425142543 0.10374239461787 0.17345230181613 0.2266630152451 0.23605956152121 0.24313514488227 0.19266496680698 0.028217877996496 0.22894601346727 0.2885150162495 0.13039622848893 0.18748627948695 0.31668389379293 0.23697827296256 0.19384231538944 0.32527084934064 0.19607750981548 0.12447878619798"
General-4-20251226-14:21:36-80281,vector,AdhocNetwork1.host[0].app[1],e2eDelayPeriodicSec,,,"1 2 3 4 5 6 7 8 9 10 11 12 13 14 15 16 17 18 19 20 21 22 23 24 25 26 27 28 29 30 31 32 33 34 35 36 37 38 39 40 41 42 43 44 45 46 47 48 49 50","NaN NaN NaN NaN NaN NaN NaN NaN NaN NaN NaN NaN NaN NaN NaN NaN NaN NaN NaN NaN NaN NaN NaN NaN NaN NaN NaN NaN NaN NaN NaN NaN NaN NaN NaN NaN NaN NaN NaN NaN NaN NaN NaN NaN NaN NaN NaN NaN NaN NaN"
General-4-20251226-14:21:36-80281,vector,AdhocNetwork1.host[0].rl,rlReward,,,"1 2 3 4 5 6 7 8 9 10 11 12 13 14 15 16 17 18 19 20 21 22 23 24 25 26 27 28 29 30 31 32 33 34 35 36 37 38 39 40 41 42 43 44 45 46 47 48 49 50","0.33333333333333 0 0.13624725524203 0.12232970706377 0.14858665341559 0.116237369428 0 0.15334407955033 0.13149175689125 0.069474513483596 0.076218768361602 0.14781935104763 0.11885560280892 0.16569839764943 0.1434305495241 0.09322462003161 0.18244550101918 0.14903264248142 0.13426727865847 0.18913447520793 0.33416473690382 0.12308642112263 0.15206358314622 0.086384973517347 0.11860900272284 0.15581981206602 0.13644810950382 0.14209656029371 0.12683869703186 0.13272548622997 0.11452596575211 0.11635486080367 0.19379876508879 0.13632969280961 -0.020657572100442 0.18471369090281 0.14214468543897 0.19571007556229 0.14565059895922 -0.51041420296091 -0.46894071944679 0.20938008246182 0.202410043333 0.20595391276812 0.21607532465748 0.21659362306192 0.17533035633437 0.36805511896517 0.20077561188011 0.2178702791505"
General-4-20251226-14:21:36-80281,vector,AdhocNetwork1.host[1].app[1],e2eDelayPeriodicSec,,,"1 2 3 4 5 6 7 8 9 10 11 12 13 14 15 16 17 18 19 20 21 22 23 24 25 26 27 28 29 30 31 32 33 34 35 36 37 38 39 40 41 42 43 44 45 46 47 48 49 50","NaN NaN NaN NaN NaN NaN NaN NaN NaN NaN NaN NaN NaN NaN NaN NaN NaN NaN NaN NaN NaN NaN NaN NaN NaN NaN NaN NaN NaN NaN NaN NaN NaN NaN NaN NaN NaN NaN NaN NaN NaN NaN NaN NaN NaN NaN 0.037851684285 0.037851684285 0.037851684285 NaN"
General-4-20251226-14:21:36-80281,vector,AdhocNetwork1.host[1].rl,rlReward,,,"1 2 3 4 5 6 7 8 9 10 11 12 13 14 15 16 17 18 19 20 21 22 23 24 25 26 27 28 29 30 31 32 33 34 35 36 37 38 39 40 41 42 43 44 45 46 47 48 49 50","0.33333333333333 0 0.36605532245881 0.12094049188464 0.091921864910761 0.070313414923807 0.045016102263753 0.14232489151684 0.087411025560665 0.11897584881454 0.13033831965331 0.14115543751429 0.14957018394913 0.14451671614318 0.11271806409264 0.38081483242969 0.12282285089295 0.11649137735623 0.092738413338934 0.14954224939773 0.094377568116143 0.24070603079467 0.074419801035137 0.06437611109186 0.11736809251072 0.14205256637963 0.089269156924592 0.13583390545459 0.13359699252337 0.065384801359581 0.11698621311127 0.16234649806186 0.11358553451935 0.11004354838666 0.15303489641782 0.11121956062633 0.12495592216296 -0.058576354534658 0.097664529379828 0.1476301661609 0.1528447311262 0.0070926527449879 0.14852111450314 0.12664470456234 0.019269841785568 0.12389564125471 0 0 0.17936360703502 0.18961189386892"
General-4-20251226-14:21:36-80281,vector,AdhocNetwork1.host[2].app[1],e2eDelayPeriodicSec,,,"1 2 3 4 5 6 7 8 9 10 11 12 13 14 15 16 17 18 19 20 21 22 23 24 25 26 27 28 29 30 31 32 33 34 35 36 37 38 39 40 41 42 43 44 45 46 47 48 49 50","NaN NaN NaN NaN NaN NaN NaN NaN NaN NaN NaN NaN NaN NaN NaN NaN NaN NaN NaN NaN NaN NaN NaN NaN NaN NaN NaN NaN NaN NaN NaN NaN NaN NaN NaN NaN NaN NaN NaN NaN NaN NaN NaN NaN NaN NaN 0.113794320198 0.113794320198 0.113794320198 NaN"
General-4-20251226-14:21:36-80281,vector,AdhocNetwork1.host[2].rl,rlReward,,,"1 2 3 4 5 6 7 8 9 10 11 12 13 14 15 16 17 18 19 20 21 22 23 24 25 26 27 28 29 30 31 32 33 34 35 36 37 38 39 40 41 42 43 44 45 46 47 48 49 50","0.33333333333333 0 0.10201323737082 0.10609109441825 0.0043086337068093 0.090021282795189 -0.57569351204335 -0.51220282308502 -0.60139663779273 -0.5276202864812 -0.15709673149027 -0.26721184647619 -0.4302753485674 -0.57265594708189 -0.6159892323664 -0.31090312273899 -0.56509059810539 -0.50835238342275 -0.7 -0.28323647298125 -0.52200388099666 -0.2 0.1 0.41077652617152 0.14150762820633 0.16154093560169 0.14359135545686 -0.024461685773503 0.42673051323843 0.19719340075625 0.36805757586623 0.46580593738376 0.165194730012 0.1 0.47174099979743 0.3770780622718 -0.0063195172150555 0.38207898175283 0.38550809337748 0.46083773751682 0.1678686586558 0.3 0.45810536220871 0.43708067718689 0.3799218839464 0.44272056773273 0.3 0.35932086417225 0.38681698111824 0.48897740216368"
General-4-20251226-14:21:36-80281,vector,AdhocNetwork1.host[3].app[1],e2eDelayPeriodicSec,,,"1 2 3 4 5 6 7 8 9 10 11 12 13 14 15 16 17 18 19 20 21 22 23 24 25 26 27 28 29 30 31 32 33 34 35 36 37 38 39 40 41 42 43 44 45 46 47 48 49 50","NaN NaN NaN NaN NaN NaN NaN NaN NaN NaN NaN NaN NaN NaN NaN NaN NaN NaN NaN NaN NaN NaN NaN NaN NaN NaN NaN NaN NaN NaN NaN NaN NaN NaN NaN NaN NaN NaN NaN NaN NaN NaN NaN NaN NaN NaN NaN NaN NaN NaN"
General-4-20251226-14:21:36-80281,vector,AdhocNetwork1.host[3].rl,rlReward,,,"1 2 3 4 5 6 7 8 9 10 11 12 13 14 15 16 17 18 19 20 21 22 23 24 25 26 27 28 29 30 31 32 33 34 35 36 37 38 39 40 41 42 43 44 45 46 47 48 49 50","0.33333333333333 0 0.20835706279433 0.20627005209239 0.14717156864196 0.093271348199166 0.18424365398732 0.23067040770644 0.19485100289444 0.20644670365254 0.16664873466199 0.2150960508262 0.21314540777934 0.21124532922959 0.16272966031995 0.2046420033846 0.24004764922047 0.23204200408486 0.1197870131347 0.23442799196573 0.22734317701556 0.23064396486333 0.49292093539818 0.22745376507142 0.23789861033557 0.2346178979356 0.22757200125811 0.23416941470016 0.51426762021093 0.21706829951861 0.23446153217779 0.23441256121658 0.2368624255087 0.22939380622064 0.23149450948904 0.2088468209665 0.24047799601547 0.24339627690887 0.2404783892573 0.24060106818359 0.24300064744013 0.23481006418558 0.17767197215081 0.22209513701468 0.25568265401963 0.25188663374359 0.23695940626887 0.13866904091687 0.20950915003368 0.22809514900337"
General-4-20251226-14:21:36-80281,vector,AdhocNetwork1.host[4].app[1],e2eDelayPeriodicSec,,,"1 2 3 4 5 6 7 8 9 10 11 12 13 14 15 16 17 18 19 20 21 22 23 24 25 26 27 28 29 30 31 32 33 34 35 36 37 38 39 40 41 42 43 44 45 46 47 48 49 50","NaN NaN NaN NaN NaN NaN NaN NaN NaN NaN NaN NaN NaN NaN NaN NaN NaN NaN NaN NaN NaN NaN NaN NaN NaN NaN NaN NaN NaN 0.030441407975 0.030441407975 0.030441407975 NaN NaN 0.03634699897 0.03634699897 0.03634699897 NaN NaN NaN NaN NaN 0.036720211103 0.036720211103 0.036720211103 NaN NaN NaN NaN 0.025980206751"
General-4-20251226-14:21:36-80281,vector,AdhocNetwork1.host[4].rl,rlReward,,,"1 2 3 4 5 6 7 8 9 10 11 12 13 14 15 16 17 18 19 20 21 22 23 24 25 26 27 28 29 30 31 32 33 34 35 36 37 38 39 40 41 42 43 44 45 46 47 48 49 50","0.33333333333333 0 0.19223835525279 0.20227490951525 0.1092410201061 0.16844735019059 0.088728274249693 -0.46586839742584 -0.48170489317674 -0.55737910293323 0.15855612411369 0.38591879111074 0.19758551724162 0.43946743083263 0.2068229478974 0.22312668429541 0.21076147245909 0.21755893474639 0.45049691243302 0.084208982994287 0.19824509736006 0.42774378194183 0.40278528816601 0.18363559574511 0.18106214639997 0.24005357231461 0.2193888522491 0.22886271533599 0.25190442014766 0.18410857450189 0.26157994016256 -0.48977309531567 -0.4165731319221 -0.40734392256968 -0.40401614185671 -0.4537813416165 -0.40761873519623 -0.40833579595693 -0.40827892248292 -0.40454301771984 -0.39773571786556 0.2463378474922 0.22296512460108 0.47799992326799 0.24738792335441 0.25600770304219 0.46442143438486 0.4469848755189 0.47372177814628 0.47342285116672"
General-4-20251226-14:21:36-80281,vector,AdhocNetwork1.host[5].app[1],e2eDelayPeriodicSec,,,"1 2 3 4 5 6 7 8 9 10 11 12 13 14 15 16 17 18 19 20 21 22 23 24 25 26 27 28 29 30 31 32 33 34 35 36 37 38 39 40 41 42 43 44 45 46 47 48 49 50","NaN 0.081202236263 0.081202236263 0.081202236263 NaN NaN 0.050347074539 0.050347074539 0.050347074539 0.016373512544 0.016373512544 0.016373512544 NaN NaN 0.019489395954 0.019489395954 0.019489395954 0.01574818952 0.01574818952 0.01574818952 NaN 0.015309700154 0.015309700154 0.015309700154 NaN NaN NaN NaN NaN NaN NaN NaN NaN NaN NaN NaN NaN NaN NaN NaN NaN NaN NaN NaN NaN NaN 0.020712575651 0.020712575651 0.020712575651 NaN"
General-4-20251226-14:21:36-80281,vector,AdhocNetwork1.host[5].rl,rlReward,,,"1 2 3 4 5 6 7 8 9 10 11 12 13 14 15 16 17 18 19 20 21 22 23 24 25 26 27 28 29 30 31 32 33 34 35 36 37 38 39 40 41 42 43 44 45 46 47 48 49 50","0.33333333333333 0 0.1724327918153 0.15826187562958 -0.52732188549058 -0.58653191974632 -0.54652806623688 -0.46332866461033 -0.56786296741135 -0.33087783611016 -0.47112964509127 0.20857587278307 0.1898751427265 0.16847253887052 0.26627311565334 0.32067244731689 0.20988795342002 0.49827940317956 0.33640376233626 0.50100202334002 0.44860047254131 0.41029892291246 0.47315837569255 0.48932924156734 0.4911230842819 0.49227434402531 0.48824113403675 0.48405210068189 0.51131155967086 0.49405968893804 0.50715928841997 0.50994223437963 0.5096604983287 0.49341474472537 0.50579116633296 0.48627810890208 0.085717019441369 0.4938581945473 0.44587707976155 0.44976612810154 0.44667793979229 0.43378963656119 0.45125199574986 0.4282141765799 0.44104239685812 0.4210009964644 0.43883343520694 0.17521694708449 0.41330992820546 0.44798169085049"
General-4-20251226-14:21:36-80281,vector,AdhocNetwork1.host[6].app[1],e2eDelayPeriodicSec,,,"1 2 3 4 5 6 7 8 9 10 11 12 13 14 15 16 17 18 19 20 21 22 23 24 25 26 27 28 29 30 31 32 33 34 35 36 37 38 39 40 41 42 43 44 45 46 47 48 49 50","NaN 0.038130682937 0.038130682937 0.038130682937 0.067810653769 0.067810653769 0.067810653769 NaN 0.008171241625 0.008171241625 0.008171241625 NaN NaN 0.008892369995 0.008892369995 0.008892369995 0.007673410178 0.007673410178 0.007673410178 0.008654587307 0.008654587307 0.008654587307 NaN 0.02114147166 0.02114147166 0.02114147166 NaN NaN NaN NaN NaN NaN NaN NaN NaN NaN NaN NaN NaN NaN NaN NaN NaN NaN NaN NaN NaN NaN NaN NaN"
General-4-20251226-14:21:36-80281,vector,AdhocNetwork1.host[6].rl,rlReward,,,"1 2 3 4 5 6 7 8 9 10 11 12 13 14 15 16 17 18 19 20 21 22 23 24 25 26 27 28 29 30 31 32 33 34 35 36 37 38 39 40 41 42 43 44 45 46 47 48 49 50","0.33333333333333 0 0.15615158096577 0.15266623573306 0.13807168652884 0.40026734111062 0.11586938590454 0.16968700986188 0.16943091186487 0.12808052488991 0.16458175307879 0.14686109845517 0.30268718032063 0.18496191957258 0.12339560192078 0.17307792339439 0.1775093286203 0.18705107521847 0.1625830026592 0.20864485632327 0.15436747933273 0.16262754631044 0.16638921329815 0.12402939565351 0.1320282713111 0.20903265337724 0.20444055231463 0.17708694516893 0.1923307013467 0.18472563360195 0.14558702544178 0.18368706423502 0.19683032642794 0.13821856715201 0.18562056250444 0.20357275319779 0.15936656509958 0.20215436669564 0.19170026760563 0.16364395099841 0.21028595496138 0.18975259979865 0.17663449457078 0.20938166149723 0.21315069714611 0.18427559580511 0.15834051339828 0.12646880340405 0.13736511948773 0.2069538710532"
General-4-20251226-14:21:36-80281,vector,AdhocNetwork1.host[7].app[1],e2eDelayPeriodicSec,,,"1 2 3 4 5 6 7 8 9 10 11 12 13 14 15 16 17 18 19 20 21 22 23 24 25 26 27 28 29 30 31 32 33 34 35 36 37 38 39 40 41 42 43 44 45 46 47 48 49 50","NaN NaN NaN NaN NaN NaN NaN NaN 0.05997419031 0.05997419031 0.05997419031 NaN NaN NaN NaN 0.035631443246 0.035631443246 0.035631443246 NaN NaN 0.049738897707 0.049738897707 0.049738897707 NaN NaN NaN NaN NaN NaN NaN NaN NaN NaN 0.038558753969 0.038558753969 0.038558753969 0.034671162288 0.034671162288 0.034671162288 NaN 0.036475427473 0.036475427473 0.036475427473 NaN 0.033827876975 0.033827876975 0.033827876975 NaN NaN NaN"
General-4-20251226-14:21:36-80281,vector,AdhocNetwork1.host[7].rl,rlReward,,,"1 2 3 4 5 6 7 8 9 10 11 12 13 14 15 16 17 18 19 20 21 22 23 24 25 26 27 28 29 30 31 32 33 34 35 36 37 38 39 40 41 42 43 44 45 46 47 48 49 50","0.33333333333333 0 0.060960525459314 0.090228115447066 0.039531330726677 0.028125964231104 -0.072522677880513 0.1018014873421 0 0.42883211497269 0.48272081505194 0.47323448452338 0.47828642986224 0.43797105767346 0.48058013263968 0.46053861842165 0.39468784038287 0.86988448918394 0.43088263671785 0.4609877094971 0.4678957261687 0.40560014161497 0.44300684041252 0.45344525670759 0.34651139834938 0.44851650808894 0.36699650211415 0.45154540106663 0.0035440506853727 0.43621060534274 0.47525173242564 0.45737945219555 0.47320858917166 0.38742678374904 0.47248527070291 0.47017354175651 0.42289894486126 0.1138710052781 0.4272930650948 0.43512886122438 0.42403811359834 0.36675818215021 0.42731870379812 0.42423820050369 0.24924144561196 0.41398422128021 0.3 0.40739622748566 0.16838702856378 0.47574842465153"
General-4-20251226-14:21:36-80281,vector,AdhocNetwork1.host[8].app[1],e2eDelayPeriodicSec,,,"1 2 3 4 5 6 7 8 9 10 11 12 13 14 15 16 17 18 19 20 21 22 23 24 25 26 27 28 29 30 31 32 33 34 35 36 37 38 39 40 41 42 43 44 45 46 47 48 49 50","NaN 0.036344597157 0.036344597157 0.036344597157 NaN NaN NaN NaN NaN NaN NaN NaN NaN NaN NaN NaN NaN NaN NaN NaN NaN NaN NaN NaN NaN NaN NaN NaN NaN NaN NaN 0.008474014297 0.008474014297 0.008474014297 0.018056291392 0.018056291392 0.018056291392 NaN NaN 0.008911363749 0.008911363749 0.008911363749 NaN 0.008130553016 0.008130553016 0.008130553016 0.011162167585 0.011162167585 0.011162167585 0.007790976695"
General-4-20251226-14:21:36-80281,vector,AdhocNetwork1.host[8].rl,rlReward,,,"1 2 3 4 5 6 7 8 9 10 11 12 13 14 15 16 17 18 19 20 21 22 23 24 25 26 27 28 29 30 31 32 33 34 35 36 37 38 39 40 41 42 43 44 45 46 47 48 49 50","0.33333333333333 0 0.21812726166511 0.23770916176263 0.20339359950083 0.21530862376954 0.21813909043743 0.091116702803416 0.22274373567253 0.21446512918783 0.23182413710455 0.43629526817979 0.22783774619647 0.25532387887178 0.21036524314044 0.24788182708391 0.25726950710213 0.25707581723394 0.25922618515271 0.26022011249472 0.51731806375774 0.23959243691722 0.15767237291626 0.23207206174351 0.24437960826551 0.2543581262893 0.23721887235273 0.24067339097553 0.26862448255395 0.2050712250657 0.26813834220184 0.24080397059053 0.25970652090455 0.27343082549891 0.267471343282 0.18622335305698 0.27450961534071 0.26886330468752 0.26543547183559 0.25689400451155 0.27665418762313 0.26020478045484 0.22854461675272 0.24854243792682 0.25088778536709 0.26870500216708 0.24319719799763 0.20302639706864 0.26342876848048 0.53612078998344"
General-4-20251226-14:21:36-80281,vector,AdhocNetwork1.host[9].app[1],e2eDelayPeriodicSec,,,"1 2 3 4 5 6 7 8 9 10 11 12 13 14 15 16 17 18 19 20 21 22 23 24 25 26 27 28 29 30 31 32 33 34 35 36 37 38 39 40 41 42 43 44 45 46 47 48 49 50","NaN NaN NaN NaN NaN NaN NaN NaN NaN NaN NaN NaN NaN 3.878604158293 3.878604158293 3.878604158293 NaN NaN 0.042332884164 0.042332884164 0.042332884164 NaN NaN NaN NaN NaN NaN NaN NaN NaN NaN NaN NaN NaN NaN NaN NaN NaN NaN NaN NaN NaN NaN NaN NaN NaN NaN NaN NaN NaN"
General-4-20251226-14:21:36-80281,vector,AdhocNetwork1.host[9].rl,rlReward,,,"1 2 3 4 5 6 7 8 9 10 11 12 13 14 15 16 17 18 19 20 21 22 23 24 25 26 27 28 29 30 31 32 33 34 35 36 37 38 39 40 41 42 43 44 45 46 47 48 49 50","0.33333333333333 0 0.39184737177296 0.39029482526617 0.35502079680325 0.34385758898404 0.3886473922442 -0.62310484035387 -0.6254607362953 -0.58319078818964 -0.7 0.35550513849432 0.45454357103274 0.40197318855791 0.35634271007633 0.39290583856818 0.15286581808111 0.15503187775515 0.77127557081989 -0.55584852649537 -0.54523640741658 0.16709290031023 0 0.12946350433837 0.14051575863386 0.18184842911212 0.15481640888051 0.11627069386986 0.45214483713249 -0.041443027502806 0.4715972097694 0.17530197625531 0.16741768651416 0.1948466672367 0.1886739939704 0.04598098756978 0.18698511855412 0.18166950774784 0.11517127995147 0.16974921025647 0.18728952783134 0.13162156383781 0.15315867160369 0.15163794415347 0.12722837745397 0.17721189340202 0.14858280590823 0.078574198971323 0.15916515257646 0.1712487125587"
General-4-20251226-14:21:36-80281,vector,AdhocNetwork1.host[10].app[1],e2eDelayPeriodicSec,,,"1 2 3 4 5 6 7 8 9 10 11 12 13 14 15 16 17 18 19 20 21 22 23 24 25 26 27 28 29 30 31 32 33 34 35 36 37 38 39 40 41 42 43 44 45 46 47 48 49 50","NaN NaN NaN NaN NaN NaN NaN NaN NaN NaN NaN NaN NaN NaN NaN NaN NaN NaN NaN NaN NaN NaN NaN NaN NaN NaN NaN NaN NaN NaN NaN NaN NaN NaN NaN NaN NaN NaN NaN NaN NaN NaN NaN NaN NaN NaN NaN NaN NaN NaN"
General-4-20251226-14:21:36-80281,vector,AdhocNetwork1.host[10].rl,rlReward,,,"1 2 3 4 5 6 7 8 9 10 11 12 13 14 15 16 17 18 19 20 21 22 23 24 25 26 27 28 29 30 31 32 33 34 35 36 37 38 39 40 41 42 43 44 45 46 47 48 49 50","0.33333333333333 0 0.18305659140227 0.2025236607524 -0.49787421642524 -0.52036311781782 -0.46302698736042 -0.51613676621116 -0.2169963034362 -0.3684416581801 -0.26817971292852 0.49777323412993 0.076327667195246 0.21409334378842 0.48896098231636 0.44022680475866 0.51876193454881 0.52100115996442 0.49463151982198 0.52143945680422 0.40452489909939 0.50658536929122 0.065533483104663 0.50508733820165 0.49655348648159 0.50643743809711 0.88750786799518 0.50361930582452 0.5162605737395 0.43100817666761 0.5116079941515 0.47510041722337 0.49462435904097 0.44714108367172 0.50738979393139 0.39360492101454 0.50488967155753 0.23066199093693 0.49405702026334 0.47287180697696 0.51477777779921 0.4895679388595 0.44242149416144 0.47303343802117 0.49967863937402 0.50319373386584 0.45766085314661 0.45092310283911 0.50331898539643 0.5043284197209"
General-4-20251226-14:21:36-80281,vector,AdhocNetwork1.host[11].app[1],e2eDelayPeriodicSec,,,"1 2 3 4 5 6 7 8 9 10 11 12 13 14 15 16 17 18 19 20 21 22 23 24 25 26 27 28 29 30 31 32 33 34 35 36 37 38 39 40 41 42 43 44 45 46 47 48 49 50","NaN NaN NaN NaN NaN NaN 0.081803496386 0.081803496386 0.081803496386 0.052553871772 0.052553871772 0.052553871772 NaN NaN 0.019026303168 0.019026303168 0.019026303168 NaN NaN NaN 0.028766270651 0.028766270651 0.028766270651 NaN 0.027422393161 0.027422393161 0.027422393161 NaN 0.028281460566 0.028281460566 0.028281460566 NaN 0.030798149743 0.030798149743 0.030798149743 NaN NaN NaN NaN NaN 0.032024242475 0.032024242475 0.032024242475 NaN NaN NaN 0.026675537346 0.026675537346 0.026675537346 NaN"
General-4-20251226-14:21:36-80281,vector,AdhocNetwork1.host[11].rl,rlReward,,,"1 2 3 4 5 6 7 8 9 10 11 12 13 14 15 16 17 18 19 20 21 22 23 24 25 26 27 28 29 30 31 32 33 34 35 36 37 38 39 40 41 42 43 44 45 46 47 48 49 50","0.33333333333333 0 0.017597180073245 0 0 -0.65275149838066 -0.66666666666667 -0.55516276186001 -0.36809848656496 -0.42337968667908 -0.59963390923493 0.14779180353478 0.24490542339061 -0.003102192953987 0.085075978349494 0.29888565433156 0.45996514999515 0.31082717994107 0.33067338809642 0.40542076874318 0.30749718588167 0.28920182529753 0.34186386719436 0.34074444498532 -0.020748571580304 0.32644891291885 0.40410268851775 0.34877864175109 0.33139044023182 0.31627329843144 0.3486733747682 0.28077522617548 0.46286704360991 0.28787546735184 0.37752778773229 0.37872784954031 0.28094762755035 0.44661503370438 0.35704398950153 0.29131398085231 0.38185530684391 0.28812098158904 0.38952969093883 0.36616022459274 0.36722972423162 0.37671513717302 0.15116241065185 0.25703343375382 0.2605846896448 0.3549543436122"
General-4-20251226-14:21:36-80281,vector,AdhocNetwork1.host[12].app[1],e2eDelayPeriodicSec,,,"1 2 3 4 5 6 7 8 9 10 11 12 13 14 15 16 17 18 19 20 21 22 23 24 25 26 27 28 29 30 31 32 33 34 35 36 37 38 39 40 41 42 43 44 45 46 47 48 49 50","NaN NaN NaN NaN NaN NaN NaN NaN 0.030949396978 0.030949396978 0.030949396978 0.015228724896 0.015228724896 0.015228724896 NaN 0.025987645384 0.025987645384 0.025987645384 NaN NaN 0.025878399287 0.025878399287 0.025878399287 0.023617507754 0.023617507754 0.023617507754 NaN 0.024738316594 0.024738316594 0.024738316594 NaN 0.032995360224 0.032995360224 0.032995360224 NaN NaN NaN NaN 0.019159826938 0.019159826938 0.019159826938 NaN NaN NaN NaN NaN NaN 0.059156438215 0.059156438215 0.059156438215"
General-4-20251226-14:21:36-80281,vector,AdhocNetwork1.host[12].rl,rlReward,,,"1 2 3 4 5 6 7 8 9 10 11 12 13 14 15 16 17 18 19 20 21 22 23 24 25 26 27 28 29 30 31 32 33 34 35 36 37 38 39 40 41 42 43 44 45 46 47 48 49 50","0.33333333333333 0 0.1452666900128 0.79986057759917 0.18410313013263 0.10857573599357 0.13508585743546 0.20911457630441 0.1384972454808 0.18683238009657 0.18091964892332 0.17184787741645 0.17849697380369 0.2041611557571 0.15149372797438 0.16548513753 0.22115418375879 0.20739988274842 0.21088554121199 0.50649622102936 0.18249198867006 0.36936031047168 0.17584944031687 0.17134390106845 -0.050540974019634 0.20814583966511 0.21163269695052 0.16991385314539 0.16627473267361 0.18667782347093 0.18559351803443 0.17869796252411 0.21961613143112 0.21478761146188 0.21192995334794 0.40727763290277 0.18858900258314 0.2129499661938 0.19397791588332 0.16958188296694 0.22981467366392 0.19792480108426 0.20610896413444 0.22730400421885 0.21352313506537 0.057820643162833 0.18661186360464 0.17899913289613 0.12626788157785 0.23154974891925"
General-4-20251226-14:21:36-80281,vector,AdhocNetwork1.host[13].app[1],e2eDelayPeriodicSec,,,"1 2 3 4 5 6 7 8 9 10 11 12 13 14 15 16 17 18 19 20 21 22 23 24 25 26 27 28 29 30 31 32 33 34 35 36 37 38 39 40 41 42 43 44 45 46 47 48 49 50","NaN 0.06857186477 0.06857186477 0.06857186477 0.02833832257 0.02833832257 0.02833832257 NaN NaN 0.024637419164 0.024637419164 0.024637419164 NaN NaN 0.050497493527 0.050497493527 0.050497493527 NaN 0.015453274051 0.015453274051 0.015453274051 NaN 0.019708661992 0.019708661992 0.019708661992 NaN 0.026298042962 0.026298042962 0.026298042962 0.015683709668 0.015683709668 0.015683709668 NaN NaN 0.015968616754 0.015968616754 0.015968616754 NaN NaN NaN NaN 0.007574794522 0.007574794522 0.007574794522 NaN 0.008354560674 0.008354560674 0.008354560674 NaN 0.01634154567"
General-4-20251226-14:21:36-80281,vector,AdhocNetwork1.host[13].rl,rlReward,,,"1 2 3 4 5 6 7 8 9 10 11 12 13 14 15 16 17 18 19 20 21 22 23 24 25 26 27 28 29 30 31 32 33 34 35 36 37 38 39 40 41 42 43 44 45 46 47 48 49 50","0.33333333333333 0 0.20375455018102 0.19879078528422 0.18206084399409 0.15134526676792 0.14675635974448 0.21364330083219 0.17724502975574 0.1470961972755 0.16687286711336 0.19262173240001 0.13485136070738 0.21858292060378 0.1595760299047 0.16226721684565 0.19421079629378 0.19099789954462 0.14459023520208 0.22295745057671 0.15842222173462 0.091059532374727 0.16921897108123 0.16635356170968 0.13078682402228 0.17469365084666 0.19111443805865 0.16707815264581 0.17848135745218 0.16934554532623 0.12750693918424 0.18224905346682 0.22469689199979 0.14734732911107 0.19427169059519 0.19961860383858 0.12961739169052 0.49764536409684 0.18443767515038 0.10685494262701 0.23687991564871 0.13094360316949 0.17003518175923 0.21967627172998 0.18644587575756 0.16873260934607 0.068811391454591 0.10941264010281 0.013023306076566 0.22418853433097"
General-4-20251226-14:21:36-80281,vector,AdhocNetwork1.host[14].app[1],e2eDelayPeriodicSec,,,"1 2 3 4 5 6 7 8 9 10 11 12 13 14 15 16 17 18 19 20 21 22 23 24 25 26 27 28 29 30 31 32 33 34 35 36 37 38 39 40 41 42 43 44 45 46 47 48 49 50","NaN 0.025942156654 0.025942156654 0.025942156654 0.01221611228 0.01221611228 0.01221611228 0.008609296396 0.008609296396 0.008609296396 NaN NaN 0.008510633682 0.008510633682 0.008510633682 0.008451577471 0.008451577471 0.008451577471 NaN NaN 0.009939513627 0.009939513627 0.009939513627 NaN 0.008474078526 0.008474078526 0.008474078526 NaN NaN 0.008494183206 0.008494183206 0.008494183206 0.008334424376 0.008334424376 0.008334424376 NaN 0.011196758736 0.011196758736 0.011196758736 NaN NaN NaN NaN NaN NaN NaN NaN NaN 0.021597949451 0.021597949451"
General-4-20251226-14:21:36-80281,vector,AdhocNetwork1.host[14].rl,rlReward,,,"1 2 3 4 5 6 7 8 9 10 11 12 13 14 15 16 17 18 19 20 21 22 23 24 25 26 27 28 29 30 31 32 33 34 35 36 37 38 39 40 41 42 43 44 45 46 47 48 49 50","0.33333333333333 0 0.18544156652408 0.18171524555669 0.13192402854773 -0.49752792019229 -0.53286874171668 -0.50191123743922 -0.51424738503569 -0.57463418910613 -0.36256598026014 0.0046484326797609 0.13178176776266 0.015209307756984 0.010101287724 0.16163368153113 0.16336356157517 0.33219826827878 0.013421814863942 0.19032756056889 0.33864348638302 0.33364445730954 0.31246687676395 0.31932051743658 0.31773618152852 -0.021896199785698 0.47217112478649 -0.010255606084697 0.33838614863862 0.1426304485992 -0.041405580282387 0.31687847437052 0.36859630048545 0.3038759717495 0.33816803236345 0.37799204742949 0.11601196474626 0.35576769366896 0.37169934426665 0.3106859657509 -0.2400795865425 0.37761410646765 0.34926199246357 0.35111439311807 0.3994432377063 0.3466698804903 0.34410181703556 0.33539627515581 0.26677068017259 0.39591388678259"
General-4-20251226-14:21:36-80281,vector,AdhocNetwork1.host[15].app[1],e2eDelayPeriodicSec,,,"1 2 3 4 5 6 7 8 9 10 11 12 13 14 15 16 17 18 19 20 21 22 23 24 25 26 27 28 29 30 31 32 33 34 35 36 37 38 39 40 41 42 43 44 45 46 47 48 49 50","NaN NaN NaN NaN NaN NaN NaN NaN NaN NaN NaN NaN NaN NaN NaN NaN NaN NaN NaN NaN NaN NaN 0.050484427446 0.050484427446 0.050484427446 NaN NaN NaN NaN NaN NaN NaN NaN NaN NaN NaN NaN NaN NaN NaN NaN NaN NaN NaN NaN NaN NaN NaN NaN NaN"
General-4-20251226-14:21:36-80281,vector,AdhocNetwork1.host[15].rl,rlReward,,,"1 2 3 4 5 6 7 8 9 10 11 12 13 14 15 16 17 18 19 20 21 22 23 24 25 26 27 28 29 30 31 32 33 34 35 36 37 38 39 40 41 42 43 44 45 46 47 48 49 50","0.33333333333333 0 0 0 0.10728226612036 0.12109394820351 0.081527477941248 0.073564127130988 -0.57388809372677 -0.60446098281131 -0.63524851902641 0.40627398970597 0.78275894142195 0.42490661311758 0.36813200170491 0.38461382321139 0.42888389097412 0.2893370377702 0.39268965976485 0.35384588968434 0.41446907725835 0.35639188409331 0.3 0.3783714858224 0.35804393778096 0.40269368723226 0.40170164594564 0.35785373766556 0.24996257307666 0.35742404583582 0.050584913641858 0.3171159638484 0.40751143296263 0.3 0.4397515443674 0.44841583244785 0.38611910398684 0.44162556043616 0.44107048101418 0.39522697038693 0.44682891029192 0.44160665864378 0.41151801475275 0.30752784065797 0.46259532164237 0.43861154848115 0.43137803679313 0.29094991127462 0.38005685173354 0.45926034264447"
General-4-20251226-14:21:36-80281,vector,AdhocNetwork1.host[16].app[1],e2eDelayPeriodicSec,,,"1 2 3 4 5 6 7 8 9 10 11 12 13 14 15 16 17 18 19 20 21 22 23 24 25 26 27 28 29 30 31 32 33 34 35 36 37 38 39 40 41 42 43 44 45 46 47 48 49 50","NaN 0.334017291183 0.334017291183 0.334017291183 NaN 0.011557632787 0.011557632787 0.011557632787 NaN NaN 0.022073991425 0.022073991425 0.022073991425 0.011157974335 0.011157974335 0.011157974335 NaN NaN 0.007974019279 0.007974019279 0.007974019279 NaN NaN 0.007834206319 0.007834206319 0.007834206319 NaN 0.012420513212 0.012420513212 0.012420513212 NaN 0.008294520277 0.008294520277 0.008294520277 0.008234668594 0.008234668594 0.008234668594 NaN 0.008594829639 0.008594829639 0.008594829639 NaN NaN NaN NaN NaN NaN NaN NaN NaN"
General-4-20251226-14:21:36-80281,vector,AdhocNetwork1.host[16].rl,rlReward,,,"1 2 3 4 5 6 7 8 9 10 11 12 13 14 15 16 17 18 19 20 21 22 23 24 25 26 27 28 29 30 31 32 33 34 35 36 37 38 39 40 41 42 43 44 45 46 47 48 49 50","0.33333333333333 0 0.12907547049327 0.78213062397417 0.15885668284045 0.095113735390992 0.067070197067277 0.16123753282381 0.13471929698832 0.09575086151255 0.077226765932508 0.28564573279192 0.13491724861521 0.17990369464179 0.096448889495036 0.14139244544522 0.18320710208678 0.16851499563586 0.11834103281058 0.19423042596572 0.10629096979876 0.077676769323014 0.07038452036058 0.081782785910142 0.19039433400278 0.32211826736011 0.15821659040223 0.11627720246869 0.13779653640962 0.15103746890661 0.10171546033006 0.11730999525624 0.16952298490815 0.10397734802746 0.35823626723558 0.15434132755784 0.11170372647998 0.18090006511639 0.13463975727471 0.12282578163569 0.19046005189736 0.16624810132043 0.14244877589657 0.17708761005147 0.20241435401615 0.16168804694117 0.059632644139493 0.1297843875014 0.08501845078376 0.19728908272066"
General-4-20251226-14:21:36-80281,vector,AdhocNetwork1.host[17].app[1],e2eDelayPeriodicSec,,,"1 2 3 4 5 6 7 8 9 10 11 12 13 14 15 16 17 18 19 20 21 22 23 24 25 26 27 28 29 30 31 32 33 34 35 36 37 38 39 40 41 42 43 44 45 46 47 48 49 50","NaN NaN NaN NaN 3.013897761897 3.013897761897 3.013897761897 NaN 0.015513835292 0.015513835292 0.015513835292 NaN NaN 0.016265693385 0.016265693385 0.016265693385 NaN 0.015305539294 0.015305539294 0.015305539294 NaN 0.015353816911 0.015353816911 0.015353816911 0.016101987645 0.016101987645 0.016101987645 NaN NaN 0.01537314532 0.01537314532 0.01537314532 NaN 0.016704458104 0.016704458104 0.016704458104 NaN NaN 0.015132874252 0.015132874252 0.015132874252 0.016743902797 0.016743902797 0.016743902797 NaN 0.018885788847 0.018885788847 0.018885788847 NaN NaN"
General-4-20251226-14:21:36-80281,vector,AdhocNetwork1.host[17].rl,rlReward,,,"1 2 3 4 5 6 7 8 9 10 11 12 13 14 15 16 17 18 19 20 21 22 23 24 25 26 27 28 29 30 31 32 33 34 35 36 37 38 39 40 41 42 43 44 45 46 47 48 49 50","0.33333333333333 0 0.33443015542777 0.17275043406425 -0.60359190919368 -0.54233176139473 -0.49763114292344 -0.25408640042235 -0.35419356695177 -0.48269483413791 -0.36454202145947 0.3755347733887 0.38534927504693 0.29950781343928 0.38307037319071 0.02598686190364 0.23495437360141 0.41436127790404 0.33549476548195 0.39858327669463 0.40331105072993 0.25546528183299 0.31507781851702 0.3733680785839 0.41988215366587 0.30178609555769 0.4090175272203 0.41507362671372 0.39512938854969 0.3113251176324 0.41356625556533 0.041397334125353 0.41734436158168 0.32270540687224 0.42169105864123 0.41224518871614 0.38922571984651 0.39617946732717 0.34250262874742 0.41034542971294 0.37471852901419 0.30165881795937 0.39339861278635 0.31813887398375 0.35325803147084 0.36643247289373 0.16719806731326 0.31299072630061 0.33269088255167 0.34713318225033"
General-4-20251226-14:21:36-80281,vector,AdhocNetwork1.host[18].app[1],e2eDelayPeriodicSec,,,"1 2 3 4 5 6 7 8 9 10 11 12 13 14 15 16 17 18 19 20 21 22 23 24 25 26 27 28 29 30 31 32 33 34 35 36 37 38 39 40 41 42 43 44 45 46 47 48 49 50","NaN 0.099354191534 0.099354191534 0.099354191534 NaN 0.013157665282 0.013157665282 0.013157665282 NaN 0.008090642568 0.008090642568 0.008090642568 NaN NaN NaN NaN NaN NaN NaN NaN NaN NaN 9.022733006645 9.022733006645 9.022733006645 NaN 0.007972107587 0.007972107587 0.007972107587 NaN 0.00781258765 0.00781258765 0.00781258765 NaN NaN 0.008333113896 0.008333113896 0.008333113896 NaN 0.008553557328 0.008553557328 0.008553557328 NaN NaN 0.008514104815 0.008514104815 0.008514104815 0.008434488277 0.008434488277 0.008434488277"
General-4-20251226-14:21:36-80281,vector,AdhocNetwork1.host[18].rl,rlReward,,,"1 2 3 4 5 6 7 8 9 10 11 12 13 14 15 16 17 18 19 20 21 22 23 24 25 26 27 28 29 30 31 32 33 34 35 36 37 38 39 40 41 42 43 44 45 46 47 48 49 50","0.33333333333333 -0.2 0.1036566013403 0.091546067549321 0.0874424245281 0 0.081591634681524 0.14241687692279 0.00064624328208723 0.099888186291027 0.075832214146666 0.11852365621406 0.068218999888974 0.13994540084929 0 0.13454532200937 0.18344541192893 0.16076422246117 0.1310729243722 0.21123937979566 0.12888134710938 0.38438644071298 0.11794409505177 -0.056580013403653 0.14391967601476 0.17976212217026 0.32439851222919 0.1574622273332 0.17396018228746 0.1306886017564 0.3997561437987 0.15377814539654 0.17867345809273 0.17576509956677 0.18832833142242 0.17918151644858 0.15404374253518 0.19481718981426 0.16222247985646 0.1460228700624 0.20880008207891 0.17384882112009 0.18658463515138 0.41214559737492 0.16841858809526 0.19495467076427 0.1548959336866 0.1098941773215 0.097783184681376 0.19403698847192"
General-4-20251226-14:21:36-80281,vector,AdhocNetwork1.host[19].app[1],e2eDelayPeriodicSec,,,"1 2 3 4 5 6 7 8 9 10 11 12 13 14 15 16 17 18 19 20 21 22 23 24 25 26 27 28 29 30 31 32 33 34 35 36 37 38 39 40 41 42 43 44 45 46 47 48 49 50","NaN 0.017073546526 0.017073546526 0.017073546526 NaN 0.012038320829 0.012038320829 0.012038320829 NaN 0.009496916157 0.009496916157 0.009496916157 NaN NaN NaN NaN NaN NaN NaN NaN 0.015328148268 0.015328148268 0.015328148268 NaN NaN NaN NaN NaN NaN NaN NaN NaN NaN NaN NaN NaN NaN NaN NaN NaN NaN NaN NaN NaN NaN NaN NaN 0.047401975411 0.047401975411 0.047401975411"
General-4-20251226-14:21:36-80281,vector,AdhocNetwork1.host[19].rl,rlReward,,,"1 2 3 4 5 6 7 8 9 10 11 12 13 14 15 16 17 18 19 20 21 22 23 24 25 26 27 28 29 30 31 32 33 34 35 36 37 38 39 40 41 42 43 44 45 46 47 48 49 50","0.33333333333333 0 0.1276692542714 0.13874563665699 0.12800738376007 -0.14251749080883 0.042362904671799 0.16497708077573 0.087173316123465 0.0916250456628 0.001737629370505 0.16966336691261 0.17068963557205 0.12834994573734 0.067017172144698 0.076758208629543 -0.035138872448318 0.18535545731951 0 0.20636027869959 0.15565946454541 0.084653630030383 -0.032534992961901 0.1888433255055 0.19309511048525 0.22321335802139 0.2165858521279 0.2165928257151 0.21832287966138 0.18303186645579 0.20571068201223 0.21713452780388 0.20871800128737 0.17060106103003 0.21936318151673 0.2135935854642 0.21016183950325 0.17197214540757 0.20663685069108 0.22179798931213 0.21975314594539 0.15673296171043 0.21584845758064 0.20444837330885 0.46378081353244 0.20556063677209 0.15933966113029 0.04391895228818 0.19284395478055 0.17193541594303"
General-4-20251226-14:21:36-80281,vector,AdhocNetwork1.host[20].app[1],e2eDelayPeriodicSec,,,"1 2 3 4 5 6 7 8 9 10 11 12 13 14 15 16 17 18 19 20 21 22 23 24 25 26 27 28 29 30 31 32 33 34 35 36 37 38 39 40 41 42 43 44 45 46 47 48 49 50","NaN NaN NaN NaN NaN NaN NaN NaN NaN NaN NaN NaN NaN NaN NaN NaN NaN NaN NaN NaN NaN NaN 0.030323392256 0.030323392256 0.030323392256 NaN NaN NaN NaN NaN NaN NaN NaN NaN NaN NaN NaN NaN NaN NaN NaN NaN NaN NaN NaN NaN NaN NaN NaN NaN"
General-4-20251226-14:21:36-80281,vector,AdhocNetwork1.host[20].rl,rlReward,,,"1 2 3 4 5 6 7 8 9 10 11 12 13 14 15 16 17 18 19 20 21 22 23 24 25 26 27 28 29 30 31 32 33 34 35 36 37 38 39 40 41 42 43 44 45 46 47 48 49 50","0.33333333333333 0 0.1569195053241 0.15505041262722 0.17484689658181 0.11994692085167 0.082163078284456 0.17405348479373 0.16664617461489 0.11936555309141 0.091827421811544 0.090490456655024 0.17428194142596 0.20166881021208 0.037745508430331 0.16743886614813 0.18859922550622 0.13937492772233 0.31653501761847 0.19307575763997 0.13930326832658 0.10979579181851 0.049464989898204 0.055116207596891 0.15861433109204 0.34518316311617 0.1633298964896 0.44033166555052 0.16351364851304 0.13296200562663 0.13591194601067 0.16222180447005 0.1789866282381 0.16017677615013 0.36119295723722 0.19716206425634 0.18912349710174 0.20237811411122 0.1601419494942 0.13690074813045 0.20476403456017 0.14159839174722 0.17530537311991 0.21335114698565 0.21666646977047 0.38484787185514 0.1221556671263 0.17538565877003 0.1341741523292 0.2091714095427"
General-4-20251226-14:21:36-80281,vector,AdhocNetwork1.host[21].app[1],e2eDelayPeriodicSec,,,"1 2 3 4 5 6 7 8 9 10 11 12 13 14 15 16 17 18 19 20 21 22 23 24 25 26 27 28 29 30 31 32 33 34 35 36 37 38 39 40 41 42 43 44 45 46 47 48 49 50","NaN NaN NaN NaN NaN NaN NaN NaN NaN NaN NaN NaN NaN NaN NaN NaN NaN NaN NaN NaN NaN NaN NaN NaN NaN NaN NaN NaN NaN NaN NaN NaN NaN NaN NaN NaN NaN NaN NaN NaN NaN NaN NaN NaN NaN NaN 0.015257337419 0.015257337419 0.015257337419 NaN"
General-4-20251226-14:21:36-80281,vector,AdhocNetwork1.host[21].rl,rlReward,,,"1 2 3 4 5 6 7 8 9 10 11 12 13 14 15 16 17 18 19 20 21 22 23 24 25 26 27 28 29 30 31 32 33 34 35 36 37 38 39 40 41 42 43 44 45 46 47 48 49 50","0.33333333333333 0 0.31526280323475 0.3 0.33710764958812 0.34096700683039 0 0.3 0.32137628740078 0.73280929156389 0.01535083598864 0.09951604201261 -0.57073669160287 -0.5653388019066 -0.61535647277048 -0.35188952981197 -0.47641919404776 -0.56726067610974 -0.56636415937255 -0.34173526988104 -0.47633544757382 0.39272425668304 0.089312572081525 0.24017334446395 0.39868636140378 0.39868636140378 0.39150510128776 0.39868636140378 0.39707746280405 0.38927535142654 0.39795680077747 0.39693010122057 0.39788191210391 0.39401185871554 0.39788191210391 0.39685762831066 0.39378477693103 0.3935407848012 0.33560594063132 0.14194436764715 0.00088130637344302 0.0062085126144175 0.024491369908198 0.30659897436249 0.3 0.31916678294285 0.3 0.4011382908678 0.39164629887048 0.41034986731723"
General-4-20251226-14:21:36-80281,vector,AdhocNetwork1.host[22].app[1],e2eDelayPeriodicSec,,,"1 2 3 4 5 6 7 8 9 10 11 12 13 14 15 16 17 18 19 20 21 22 23 24 25 26 27 28 29 30 31 32 33 34 35 36 37 38 39 40 41 42 43 44 45 46 47 48 49 50","NaN NaN NaN NaN NaN 0.037357398705 0.037357398705 0.037357398705 NaN 0.019662191348 0.019662191348 0.019662191348 NaN 0.044157195468 0.044157195468 0.044157195468 NaN 0.021190139528 0.021190139528 0.021190139528 NaN 0.024634453831 0.024634453831 0.024634453831 NaN NaN NaN NaN NaN NaN NaN NaN NaN NaN NaN NaN NaN NaN NaN NaN NaN NaN NaN NaN NaN 0.015468401445 0.015468401445 0.015468401445 0.015509396639 0.015509396639"
General-4-20251226-14:21:36-80281,vector,AdhocNetwork1.host[22].rl,rlReward,,,"1 2 3 4 5 6 7 8 9 10 11 12 13 14 15 16 17 18 19 20 21 22 23 24 25 26 27 28 29 30 31 32 33 34 35 36 37 38 39 40 41 42 43 44 45 46 47 48 49 50","0.33333333333333 0 0.091197605841923 0.37838859227331 -0.57264109970089 -0.58917336659197 -0.58760247484526 -0.26803801758812 -0.47258116687055 -0.5650590981021 -0.41861085422807 -0.044358043766073 0.42367620169978 0.087977304966948 0.27311288658 0.39833754089182 0.45143225990213 0.44516531125867 0.33401125364763 0.45502345777969 0.42279697885366 0.34421863765206 0.43316638768713 0.42651739665735 0.40897440450975 0.44240992139201 0.37815492924241 0.39523273901231 0.42814695590433 0.33226815495518 0.41627842461221 0.41348476728022 0.12237861351083 0.40769259465003 0.42813849994714 0.32493607720863 0.42529275982717 0.4212969232072 0.42666406546872 0.43716040642555 0.45660986237302 0.43869472561966 0.088572476394499 0.4120162005576 0.45570419438273 0.41746167478163 0.38022152697249 0.3 0.43480527159452 0.40319550412971"
General-4-20251226-14:21:36-80281,vector,AdhocNetwork1.host[23].app[1],e2eDelayPeriodicSec,,,"1 2 3 4 5 6 7 8 9 10 11 12 13 14 15 16 17 18 19 20 21 22 23 24 25 26 27 28 29 30 31 32 33 34 35 36 37 38 39 40 41 42 43 44 45 46 47 48 49 50","NaN NaN NaN NaN NaN NaN NaN NaN NaN NaN NaN NaN NaN NaN NaN NaN NaN NaN NaN NaN NaN NaN NaN NaN NaN NaN NaN NaN NaN NaN NaN NaN NaN NaN NaN NaN NaN NaN NaN NaN NaN NaN NaN NaN NaN NaN 0.071887107714 0.071887107714 0.071887107714 NaN"
General-4-20251226-14:21:36-80281,vector,AdhocNetwork1.host[23].rl,rlReward,,,"1 2 3 4 5 6 7 8 9 10 11 12 13 14 15 16 17 18 19 20 21 22 23 24 25 26 27 28 29 30 31 32 33 34 35 36 37 38 39 40 41 42 43 44 45 46 47 48 49 50","0.33333333333333 0 0.15578361171097 0.20791523101992 -0.52058641026362 -0.48926024825938 -0.51514251625562 -0.46547067820446 -0.69964371412892 -0.30653487943788 -0.41017986777342 0.20723427194015 0.40714917460619 0.36104647906515 0.3079902785407 0.33531715007134 0.30427225056779 0.048268686917179 0.21660351739707 0.42508323684251 0.36333245710761 0.27084538599332 0.30274573808286 0.34451135410909 0.43338581692613 0.36244995184487 0.40298453027264 0.43456172528224 0.42457236673844 0.31895756003434 0.42745355009093 0.43215751099393 0.4812441856805 0.2737177319775 0.43488272260189 0.40636673928133 0.42386388304474 0.3144479218337 0.36577508783758 0.44327269213537 0.43255076659833 0.25633112315769 0.42876624492994 0.40717604436702 0.42664385460775 0.42301473394962 0.17535855226343 0.19684757666025 0.48174344651854 0.41831936918484"
General-4-20251226-14:21:36-80281,vector,AdhocNetwork1.host[24].app[1],e2eDelayPeriodicSec,,,"1 2 3 4 5 6 7 8 9 10 11 12 13 14 15 16 17 18 19 20 21 22 23 24 25 26 27 28 29 30 31 32 33 34 35 36 37 38 39 40 41 42 43 44 45 46 47 48 49 50","NaN NaN NaN NaN NaN NaN NaN NaN NaN NaN NaN NaN NaN NaN NaN NaN NaN NaN NaN NaN NaN NaN NaN NaN NaN NaN NaN NaN NaN NaN NaN NaN NaN NaN NaN NaN NaN NaN NaN NaN NaN NaN NaN NaN NaN NaN NaN NaN NaN NaN"
General-4-20251226-14:21:36-80281,vector,AdhocNetwork1.host[24].rl,rlReward,,,"1 2 3 4 5 6 7 8 9 10 11 12 13 14 15 16 17 18 19 20 21 22 23 24 25 26 27 28 29 30 31 32 33 34 35 36 37 38 39 40 41 42 43 44 45 46 47 48 49 50","0.33333333333333 0 0.026968377644056 0.03708519507093 0.017739189711731 -0.66666666666667 -0.42289714776963 -0.56579177832668 -0.7 -0.40252850186042 -0.17476680867375 -0.46536705620567 -0.44825106236234 -0.42017078663542 0.18657754717993 -0.52427096444876 -0.46236682358091 -0.19604932735675 -0.37855820207193 -0.19726363015686 -0.4868460817369 0.17835761701772 0.4505856942468 -0.034761494360706 0.40545795890856 0.19270979986457 0.36306657361422 0.48274579420588 0.045590711227904 0.17189331342414 0.36313594954745 0.49554866900001 0.35911212083709 0.40654555261811 0.48882410461126 0.46353348186084 0.47850432425415 0.40165247046367 0.49083520549955 0.49405376697412 0.50293976860461 0.4836564017293 0.23174674807234 0.49575818984946 0.48299539847297 0.48444896698648 0.47103858401392 0.42776554281623 0.50049314457655 0.50189625970128"
