rep,host,t,rlReward
0,0,5000.0,0.17711070764423
0,0,6000.0,0.46170055750052
0,0,7000.0,0.44705926112348
0,0,8000.0,0.4738367521973
0,0,9000.0,0.1505337421157
0,0,10000.0,0.0
0,0,11000.0,0.065153061653065
0,0,12000.0,0.22563723723234
0,0,13000.0,0.17196789960073
0,0,14000.0,0.40122258016694
0,0,15000.0,0.41177020036481
0,0,16000.0,0.3810664410665
0,0,17000.0,0.42032327979545
0,0,18000.0,0.40001773200818
0,0,19000.0,0.45264090489118
0,0,20000.0,0.50032373805153
0,0,21000.0,0.43682295918248
0,0,22000.0,0.36312242446275
0,0,23000.0,0.39905496659917
0,0,24000.0,0.29959554083017
0,0,25000.0,0.37733494985177
0,0,26000.0,0.48461581389315
0,0,27000.0,-0.46274110383371
0,0,28000.0,-0.46923000870235
0,0,29000.0,-0.28260234331855
0,0,30000.0,-0.47568709702744
0,0,31000.0,-0.46654920737637
0,0,32000.0,0.54184838147806
0,0,33000.0,0.53722113532597
0,0,34000.0,0.53664042471174
0,0,35000.0,0.53958601301909
0,0,36000.0,0.54063050483352
0,0,37000.0,0.53264513501661
0,0,38000.0,0.53251147047703
0,0,39000.0,0.53957722312025
0,0,40000.0,0.53259335343812
0,0,41000.0,0.53739135307355
0,0,42000.0,0.53974461499635
0,0,43000.0,0.53484634070583
0,0,44000.0,0.5374745365001
0,0,45000.0,0.52846168174252
0,0,46000.0,0.49226925350449
0,0,47000.0,0.52869494369657
0,0,48000.0,0.51977829126564
0,0,49000.0,-0.48859898007176
0,0,50000.0,-0.47335430656749
0,1,5000.0,0.007010919750398
0,1,6000.0,-0.66666666666667
0,1,7000.0,-0.7
0,1,8000.0,-0.47886585775315
0,1,9000.0,-0.6
0,1,10000.0,-0.54752582246154
0,1,11000.0,-0.54351577935396
0,1,12000.0,0.40161404058602
0,1,13000.0,0.39422824846307
0,1,14000.0,0.37478098642378
0,1,15000.0,0.43303129188881
0,1,16000.0,0.38542069453278
0,1,17000.0,0.30248882432513
0,1,18000.0,0.38564411114462
0,1,19000.0,0.41629287361467
0,1,20000.0,0.41582784696461
0,1,21000.0,0.4072731353934
0,1,22000.0,0.36597127940255
0,1,23000.0,0.16411968557755
0,1,24000.0,-0.094682723215727
0,1,25000.0,0.093451504395517
0,1,26000.0,0.34928790719101
0,1,27000.0,-0.47471144760286
0,1,28000.0,-0.61596462845538
0,1,29000.0,-0.4970258152499
0,1,30000.0,-0.66616371188987
0,1,31000.0,-0.56633863506054
0,1,32000.0,0.27703875717866
0,1,33000.0,0.16852080112309
0,1,34000.0,0.043716553624183
0,1,35000.0,0.5
0,1,36000.0,0.3
0,1,37000.0,0.3
0,1,38000.0,0.3901653305372
0,1,39000.0,0.33922158122889
0,1,40000.0,0.34126703455344
0,1,41000.0,0.36144509766535
0,1,42000.0,0.34419020708815
0,1,43000.0,0.3684689876692
0,1,44000.0,0.3
0,1,45000.0,0.3
0,1,46000.0,-0.2
0,1,47000.0,0.48478425901082
0,1,48000.0,0.48116614429134
0,1,49000.0,0.41057109090612
0,1,50000.0,0.38820496541121
0,2,5000.0,0.4028070720221
0,2,6000.0,0.40331995961194
0,2,7000.0,0.41154654569886
0,2,8000.0,0.38910729962641
0,2,9000.0,0.34997973043798
0,2,10000.0,0.3
0,2,11000.0,0.39745910029472
0,2,12000.0,0.38076005092757
0,2,13000.0,0.38203427350626
0,2,14000.0,0.3
0,2,15000.0,0.0054145958240562
0,2,16000.0,-0.66666666666667
0,2,17000.0,-0.66666666666667
0,2,18000.0,-0.7
0,2,19000.0,-0.34340542899204
0,2,20000.0,-0.54911489739828
0,2,21000.0,-0.6046477977666
0,2,22000.0,0.15473240348097
0,2,23000.0,0.1
0,2,24000.0,-0.12078088742306
0,2,25000.0,0.16953575443454
0,2,26000.0,0.31992935663705
0,2,27000.0,0.4275964936271
0,2,28000.0,0.30761733136677
0,2,29000.0,0.23130594987989
0,2,30000.0,0.25397842893414
0,2,31000.0,0.38397648685413
0,2,32000.0,0.3129431720397
0,2,33000.0,0.29470350478332
0,2,34000.0,0.32230052885132
0,2,35000.0,0.12141116290462
0,2,36000.0,0.3252158404205
0,2,37000.0,0.27288229722258
0,2,38000.0,0.31699422302551
0,2,39000.0,0.32283365079566
0,2,40000.0,0.34361701247373
0,2,41000.0,0.16704331267698
0,2,42000.0,0.34944499667356
0,2,43000.0,0.310186064167
0,2,44000.0,0.27451693434983
0,2,45000.0,0.35995619607827
0,2,46000.0,0.21120373160601
0,2,47000.0,0.18341395944548
0,2,48000.0,0.1
0,2,49000.0,0.3171496663416
0,2,50000.0,0.25488159444346
0,4,5000.0,0.12585856687346
0,4,6000.0,0.29590921663443
0,4,7000.0,0.14661940733898
0,4,8000.0,0.13425057143736
0,4,9000.0,-0.61389110269916
0,4,10000.0,-0.7
0,4,11000.0,-0.40962383625792
0,4,12000.0,0.024987494178767
0,4,13000.0,0.077186748187254
0,4,14000.0,0.22769103673916
0,4,15000.0,0.22154441974857
0,4,16000.0,0.23510639639019
0,4,17000.0,0.23269296832438
0,4,18000.0,0.20821755982078
0,4,19000.0,0.21823202940355
0,4,20000.0,0.49710321134998
0,4,21000.0,0.14385387986383
0,4,22000.0,-0.43772360862178
0,4,23000.0,-0.54517770465192
0,4,24000.0,-0.451728656546
0,4,25000.0,-0.3470098688019
0,4,26000.0,-0.47196619967238
0,4,27000.0,-0.18907064104919
0,4,28000.0,-0.3694086081413
0,4,29000.0,-0.45275910093435
0,4,30000.0,-0.4671665969084
0,4,31000.0,-0.5279444027614
0,4,32000.0,0.40263004566013
0,4,33000.0,0.42325676035098
0,4,34000.0,0.22067275807736
0,4,35000.0,0.1886439246904
0,4,36000.0,0.19733834544996
0,4,37000.0,0.20029652715045
0,4,38000.0,0.23123648909218
0,4,39000.0,0.20327320210986
0,4,40000.0,0.050122936331623
0,4,41000.0,0.20944773140573
0,4,42000.0,0.19803147279513
0,4,43000.0,0.20537773497758
0,4,44000.0,0.24223089195242
0,4,45000.0,-0.0081681117484139
0,4,46000.0,0.19297689526086
0,4,47000.0,0.20443309931081
0,4,48000.0,0.20098373665273
0,4,49000.0,0.16830096998824
0,4,50000.0,0.4246694804801
0,5,5000.0,-0.18238395507392
0,5,6000.0,-0.21816544330614
0,5,7000.0,-0.44334435620852
0,5,8000.0,-0.47328877704761
0,5,9000.0,-0.59097293820622
0,5,10000.0,-0.51480904170246
0,5,11000.0,-0.3947490176309
0,5,12000.0,0.15669282438058
0,5,13000.0,0.14007393381963
0,5,14000.0,0.27882834940537
0,5,15000.0,0.44815752737113
0,5,16000.0,0.18744604664362
0,5,17000.0,0.3124836668564
0,5,18000.0,0.40410794988022
0,5,19000.0,0.38979793836421
0,5,20000.0,0.41503005841366
0,5,21000.0,0.45894215554201
0,5,22000.0,0.10150833875554
0,5,23000.0,0.0
0,5,24000.0,0.38865564424171
0,5,25000.0,0.40454326500692
0,5,26000.0,0.40931109216805
0,5,27000.0,0.46784933122787
0,5,28000.0,0.4202911231716
0,5,29000.0,0.43101571363157
0,5,30000.0,0.47785841989529
0,5,31000.0,0.46093331158506
0,5,32000.0,0.4571236092128
0,5,33000.0,0.43098767460439
0,5,34000.0,0.45761178855155
0,5,35000.0,0.46145966674729
0,5,36000.0,0.45282935451894
0,5,37000.0,0.17133740800489
0,5,38000.0,0.49570500802185
0,5,39000.0,0.49429306237246
0,5,40000.0,-0.031355841295509
0,5,41000.0,0.35450679448189
0,5,42000.0,0.39967592090535
0,5,43000.0,0.45599235524452
0,5,44000.0,0.31379382111416
0,5,45000.0,0.34599019015831
0,5,46000.0,0.37084339935969
0,5,47000.0,0.44504669749754
0,5,48000.0,0.47257423386024
0,5,49000.0,0.87421253345875
0,5,50000.0,-0.7
0,6,5000.0,0.09176713357891
0,6,6000.0,-0.59525506079532
0,6,7000.0,-0.66666666666667
0,6,8000.0,-0.56510340011701
0,6,9000.0,-0.32168852693343
0,6,10000.0,-0.48241701345324
0,6,11000.0,-0.53777999285504
0,6,12000.0,0.26470820982017
0,6,13000.0,0.13806814621215
0,6,14000.0,0.1
0,6,15000.0,0.021803477525975
0,6,16000.0,-0.25240153223537
0,6,17000.0,-0.52339774008949
0,6,18000.0,-0.26099878969925
0,6,19000.0,-0.54520688164531
0,6,20000.0,0.37720274326713
0,6,21000.0,-0.28434663255088
0,6,22000.0,-0.0108559981915
0,6,23000.0,0.084216828154588
0,6,24000.0,-0.19467369536222
0,6,25000.0,0.2583536486001
0,6,26000.0,0.3678575472832
0,6,27000.0,-0.2
0,6,28000.0,0.11642706808638
0,6,29000.0,0.064032454206531
0,6,30000.0,0.04979337899582
0,6,31000.0,-0.070449596356404
0,6,32000.0,0.25682190310578
0,6,33000.0,0.1164144665261
0,6,34000.0,-0.10914979645359
0,6,35000.0,0.35200366369078
0,6,36000.0,-0.44211448318983
0,6,37000.0,-0.7
0,6,38000.0,-0.49632872104254
0,6,39000.0,-0.44762288384433
0,6,40000.0,-0.58039990893095
0,6,41000.0,-0.28918501395937
0,6,42000.0,-0.10440440608966
0,6,43000.0,0.41911802821838
0,6,44000.0,0.22806075345365
0,6,45000.0,0.10619713075846
0,6,46000.0,-0.081274385961796
0,6,47000.0,0.41444124360478
0,6,48000.0,0.1
0,6,49000.0,0.40576052581731
0,6,50000.0,-0.11865024348428
0,7,5000.0,0.12557327696645
0,7,6000.0,0.11862509608001
0,7,7000.0,0.09162022802967
0,7,8000.0,0.10211215731493
0,7,9000.0,0.063971624391597
0,7,10000.0,0.065247886241073
0,7,11000.0,0.088995644375807
0,7,12000.0,0.098960735331859
0,7,13000.0,0.1127482065078
0,7,14000.0,0.10174625288222
0,7,15000.0,0.06923920702006
0,7,16000.0,0.092254355623361
0,7,17000.0,0.01361933127997
0,7,18000.0,0.0
0,7,19000.0,0.13059738697841
0,7,20000.0,0.13433736350678
0,7,21000.0,0.0
0,7,22000.0,0.0
0,7,23000.0,0.01375396333624
0,7,24000.0,0.14087889618531
0,7,25000.0,0.11503929720064
0,7,26000.0,0.10775290717695
0,7,27000.0,0.15334489213414
0,7,28000.0,0.086225929808819
0,7,29000.0,0.133757365081
0,7,30000.0,0.17453014814406
0,7,31000.0,0.1348843704909
0,7,32000.0,0.13666321016504
0,7,33000.0,0.13049790537762
0,7,34000.0,0.13719021826692
0,7,35000.0,0.34561941987436
0,7,36000.0,0.13892316024528
0,7,37000.0,0.0
0,7,38000.0,0.12002728441597
0,7,39000.0,0.1965529743431
0,7,40000.0,0.17266269943989
0,7,41000.0,0.14574527248699
0,7,42000.0,0.13146872825987
0,7,43000.0,0.17284694907147
0,7,44000.0,0.14560680093869
0,7,45000.0,0.3635944978492
0,7,46000.0,0.0
0,7,47000.0,0.44132161302073
0,7,48000.0,0.3256226854762
0,7,49000.0,0.41005003600234
0,7,50000.0,0.36165734015508
0,8,5000.0,0.11267410146016
0,8,6000.0,0.11227875550755
0,8,7000.0,0.0
0,8,8000.0,0.16059157530957
0,8,9000.0,0.08968535221869
0,8,10000.0,0.0
0,8,11000.0,0.099863603555846
0,8,12000.0,0.033814895350444
0,8,13000.0,0.18164960994881
0,8,14000.0,0.14983059665495
0,8,15000.0,0.14076086743566
0,8,16000.0,0.1806935654465
0,8,17000.0,0.18868596830884
0,8,18000.0,0.13724161777567
0,8,19000.0,0.1120830368842
0,8,20000.0,0.10382977592416
0,8,21000.0,0.12511577572161
0,8,22000.0,0.063495943280845
0,8,23000.0,0.069508539858548
0,8,24000.0,0.075130952232274
0,8,25000.0,0.13230120648759
0,8,26000.0,0.074308996763703
0,8,27000.0,0.063954757352871
0,8,28000.0,0.14296918160592
0,8,29000.0,0.090631599700613
0,8,30000.0,-0.077979518741414
0,8,31000.0,0.0991265925907
0,8,32000.0,0.18731987158646
0,8,33000.0,0.15128910058377
0,8,34000.0,0.10114125264226
0,8,35000.0,0.13332038393655
0,8,36000.0,0.16956485833564
0,8,37000.0,0.045198109944863
0,8,38000.0,0.1757371333039
0,8,39000.0,0.15325740737241
0,8,40000.0,0.12419695480401
0,8,41000.0,0.83944386224476
0,8,42000.0,-0.5223122190731
0,8,43000.0,-0.46761305877096
0,8,44000.0,-0.1413582501388
0,8,45000.0,-0.2439115297428
0,8,46000.0,-0.38169314684865
0,8,47000.0,-0.51847543377585
0,8,48000.0,-0.51645724098954
0,8,49000.0,-0.47945366716614
0,8,50000.0,-0.57982951434283
0,9,5000.0,0.033432367976113
0,9,6000.0,0.01684453283943
0,9,7000.0,0.0038954495488588
0,9,8000.0,0.0
0,9,9000.0,0.0
0,9,10000.0,0.015266823657416
0,9,11000.0,0.014560862985452
0,9,12000.0,0.30915192412035
0,9,13000.0,0.32309219647992
0,9,14000.0,0.37274726131072
0,9,15000.0,0.40406603719135
0,9,16000.0,0.077538901986685
0,9,17000.0,0.052025477518722
0,9,18000.0,0.040843851362541
0,9,19000.0,0.35705913246723
0,9,20000.0,0.31094445605803
0,9,21000.0,0.3
0,9,22000.0,0.32214501324522
0,9,23000.0,0.3
0,9,24000.0,0.31504960613681
0,9,25000.0,0.31883185154512
0,9,26000.0,0.3
0,9,27000.0,0.3
0,9,28000.0,0.3
0,9,29000.0,0.3
0,9,30000.0,0.3
0,9,31000.0,0.38007258041494
0,9,32000.0,0.42002094052463
0,9,33000.0,0.39779622395645
0,9,34000.0,0.35603691263244
0,9,35000.0,0.31101090413314
0,9,36000.0,-0.099935551885588
0,9,37000.0,0.30733538672428
0,9,38000.0,0.40189952854957
0,9,39000.0,0.35248150088447
0,9,40000.0,0.098575234142652
0,9,41000.0,0.39994342521534
0,9,42000.0,0.37399489019258
0,9,43000.0,0.36416096879645
0,9,44000.0,0.37392111750224
0,9,45000.0,0.33603583315053
0,9,46000.0,0.32670361058248
0,9,47000.0,0.084730472153079
0,9,48000.0,0.3
0,9,49000.0,0.37050434514791
0,9,50000.0,0.32870423995037
0,10,5000.0,0.13221592723481
0,10,6000.0,0.15835698156075
0,10,7000.0,0.165600335952
0,10,8000.0,0.16155985840438
0,10,9000.0,0.16175675049789
0,10,10000.0,0.16460099640027
0,10,11000.0,0.16619985723316
0,10,12000.0,0.13513819703737
0,10,13000.0,0.10155637392607
0,10,14000.0,0.10200025512944
0,10,15000.0,0.1094827808562
0,10,16000.0,0.80348425732358
0,10,17000.0,0.12284851891235
0,10,18000.0,0.14255439265204
0,10,19000.0,0.24684363211667
0,10,20000.0,0.054968261098594
0,10,21000.0,0.089231822440163
0,10,22000.0,0.10873251929143
0,10,23000.0,0.0
0,10,24000.0,0.3
0,10,25000.0,0.10558925809541
0,10,26000.0,0.44493300704594
0,10,27000.0,0.14780311218611
0,10,28000.0,0.16712245875486
0,10,29000.0,0.16454521162622
0,10,30000.0,0.15401828076435
0,10,31000.0,0.35843731388284
0,10,32000.0,0.16443264731905
0,10,33000.0,0.35843731388282
0,10,34000.0,0.17229154258854
0,10,35000.0,0.17229154258853
0,10,36000.0,0.17229154258854
0,10,37000.0,0.17229154258854
0,10,38000.0,0.17229154258861
0,10,39000.0,0.17229154258856
0,10,40000.0,0.17229154258854
0,10,41000.0,0.17229154258854
0,10,42000.0,0.34204429314061
0,10,43000.0,0.17139940540532
0,10,44000.0,0.14718425328856
0,10,45000.0,0.1526115410725
0,10,46000.0,0.16885779480356
0,10,47000.0,0.11655625243559
0,10,48000.0,0.14447107784388
0,10,49000.0,0.16796565762032
0,10,50000.0,0.0
0,11,5000.0,-0.25382178622058
0,11,6000.0,-0.47661087349022
0,11,7000.0,-0.63319083969303
0,11,8000.0,-0.49753189696493
0,11,9000.0,-0.40638628234415
0,11,10000.0,-0.49204464426542
0,11,11000.0,-0.46707538317442
0,11,12000.0,0.18095846963067
0,11,13000.0,0.37092937495092
0,11,14000.0,0.36763357930396
0,11,15000.0,0.37295939718836
0,11,16000.0,0.38787817655245
0,11,17000.0,0.42864231795867
0,11,18000.0,0.37955266197833
0,11,19000.0,0.33252696051798
0,11,20000.0,0.34715569564808
0,11,21000.0,0.39983687297858
0,11,22000.0,0.38142471699836
0,11,23000.0,0.34935986431913
0,11,24000.0,0.37813627094393
0,11,25000.0,0.31317437734274
0,11,26000.0,0.35267694178292
0,11,27000.0,0.34125393079369
0,11,28000.0,0.29292492165279
0,11,29000.0,0.38269949498565
0,11,30000.0,0.36245546282366
0,11,31000.0,0.30735436822602
0,11,32000.0,0.35961034994041
0,11,33000.0,0.27437761462449
0,11,34000.0,0.35549748122355
0,11,35000.0,0.31621137231856
0,11,36000.0,0.2952498262276
0,11,37000.0,0.12053555834392
0,11,38000.0,0.32230159857552
0,11,39000.0,0.30311755797931
0,11,40000.0,0.21240923410546
0,11,41000.0,-0.042950815960026
0,11,42000.0,0.33284031977435
0,11,43000.0,0.31243328525307
0,11,44000.0,0.30088195913866
0,11,45000.0,0.17512121795517
0,11,46000.0,0.15219926198025
0,11,47000.0,0.35127874330856
0,11,48000.0,0.44119850217992
0,11,49000.0,0.21624767676171
0,11,50000.0,0.1
0,12,5000.0,0.12271005753337
0,12,6000.0,0.15075806336081
0,12,7000.0,0.054809694806661
0,12,8000.0,0.16300973508752
0,12,9000.0,0.12458075546595
0,12,10000.0,0.0023540299834558
0,12,11000.0,0.0
0,12,12000.0,0.13405409971403
0,12,13000.0,0.1510001139285
0,12,14000.0,0.12054152439719
0,12,15000.0,0.15111019772288
0,12,16000.0,0.15878102088341
0,12,17000.0,0.15974004165112
0,12,18000.0,0.076294808644053
0,12,19000.0,0.14279756967514
0,12,20000.0,0.12719388630736
0,12,21000.0,0.10581383372855
0,12,22000.0,0.018067859235469
0,12,23000.0,0.36283066089103
0,12,24000.0,0.11356572087921
0,12,25000.0,0.034020716591883
0,12,26000.0,0.062837063793875
0,12,27000.0,0.083625092652627
0,12,28000.0,-0.66666666666667
0,12,29000.0,-0.61462232907598
0,12,30000.0,-0.54952580134517
0,12,31000.0,-0.64833190553892
0,12,32000.0,0.13629941833354
0,12,33000.0,0.1493911228322
0,12,34000.0,0.0083140624173348
0,12,35000.0,0.047877686234944
0,12,36000.0,0.14248043046591
0,12,37000.0,0.3
0,12,38000.0,0.44102779808709
0,12,39000.0,0.42637369331923
0,12,40000.0,0.40198943119301
0,12,41000.0,0.41526982927002
0,12,42000.0,0.42857814388018
0,12,43000.0,0.4118141187006
0,12,44000.0,0.34166973365317
0,12,45000.0,0.44969277324699
0,12,46000.0,0.41073354851298
0,12,47000.0,0.44344551884068
0,12,48000.0,0.41001141448258
0,12,49000.0,0.39854079362946
0,12,50000.0,0.38491820637657
0,13,5000.0,-0.084813299140182
0,13,6000.0,0.35381868925409
0,13,7000.0,0.3
0,13,8000.0,0.46205938965833
0,13,9000.0,0.35579314346501
0,13,10000.0,-0.043847708368258
0,13,11000.0,0.12541909911962
0,13,12000.0,0.022302220603056
0,13,13000.0,0.17900754501545
0,13,14000.0,0.15660939997024
0,13,15000.0,0.16742684386657
0,13,16000.0,0.87600838344869
0,13,17000.0,0.44550503403375
0,13,18000.0,0.3616266009381
0,13,19000.0,0.46032200277922
0,13,20000.0,0.44156566186493
0,13,21000.0,0.40291544311182
0,13,22000.0,0.33393410752153
0,13,23000.0,0.31407093759717
0,13,24000.0,0.43652973886294
0,13,25000.0,0.43299640322983
0,13,26000.0,0.35029868436109
0,13,27000.0,0.45142911306492
0,13,28000.0,0.44977478104185
0,13,29000.0,0.37252719655969
0,13,30000.0,0.41734354224618
0,13,31000.0,0.44415424796362
0,13,32000.0,0.0212125552601
0,13,33000.0,0.38559068623585
0,13,34000.0,0.46134244991192
0,13,35000.0,0.47658499690472
0,13,36000.0,0.44575875414695
0,13,37000.0,0.40421283188544
0,13,38000.0,0.47631840708942
0,13,39000.0,0.46028981791575
0,13,40000.0,0.45946629537433
0,13,41000.0,0.44252026911363
0,13,42000.0,0.42515856145546
0,13,43000.0,0.4018873190919
0,13,44000.0,0.32983411626615
0,13,45000.0,-0.58896091014012
0,13,46000.0,-0.7
0,13,47000.0,-0.49904823843207
0,13,48000.0,-0.1445472890294
0,13,49000.0,-0.53672653600595
0,13,50000.0,-0.68160605345483
0,14,5000.0,0.10191592368574
0,14,6000.0,0.10274891888235
0,14,7000.0,0.77770990614904
0,14,8000.0,-0.56402624009275
0,14,9000.0,-0.56346155401818
0,14,10000.0,-0.55530112994346
0,14,11000.0,-0.55554351877748
0,14,12000.0,0.10978335026882
0,14,13000.0,0.074804777007789
0,14,14000.0,0.38181968429687
0,14,15000.0,0.37032565906569
0,14,16000.0,0.37398866043241
0,14,17000.0,0.35622981610968
0,14,18000.0,0.37476217381007
0,14,19000.0,0.37607107351312
0,14,20000.0,0.05938245449927
0,14,21000.0,0.060556220207792
0,14,22000.0,0.36375558986027
0,14,23000.0,0.33280226941017
0,14,24000.0,0.33164359751174
0,14,25000.0,0.37703636706696
0,14,26000.0,0.37992265871985
0,14,27000.0,0.36431494870761
0,14,28000.0,0.38285369908061
0,14,29000.0,0.38285369908059
0,14,30000.0,0.36743776924464
0,14,31000.0,0.3899799307972
0,14,32000.0,0.37973087854362
0,14,33000.0,0.3899799307972
0,14,34000.0,0.38997993079722
0,14,35000.0,0.3899799307972
0,14,36000.0,0.38997993079713
0,14,37000.0,0.3899799307972
0,14,38000.0,0.38997993079722
0,14,39000.0,0.3899799307972
0,14,40000.0,0.38918164581342
0,14,41000.0,0.38363919871915
0,14,42000.0,0.38511838557812
0,14,43000.0,0.36981264709391
0,14,44000.0,0.32489912250126
0,14,45000.0,0.34752504377482
0,14,46000.0,0.34587824762348
0,14,47000.0,0.3
0,14,48000.0,0.31930773315606
0,14,49000.0,0.34532711622881
0,14,50000.0,0.3
0,15,5000.0,0.080857580883627
0,15,6000.0,0.087456204448786
0,15,7000.0,0.095470897156989
0,15,8000.0,0.046726434888882
0,15,9000.0,-0.2
0,15,10000.0,0.0
0,15,11000.0,0.46350051613481
0,15,12000.0,0.46612805040855
0,15,13000.0,0.46721347074623
0,15,14000.0,0.39505669176413
0,15,15000.0,0.45477132299578
0,15,16000.0,0.44508899534245
0,15,17000.0,0.85660668197441
0,15,18000.0,0.42178601306502
0,15,19000.0,0.38595539417227
0,15,20000.0,0.39698403374818
0,15,21000.0,0.1546885166793
0,15,22000.0,0.8200129726325
0,15,23000.0,-0.56612454225863
0,15,24000.0,-0.6040125781682
0,15,25000.0,-0.53053339093906
0,15,26000.0,-0.5635171056065
0,15,27000.0,-0.6120777840244
0,15,28000.0,-0.57714235532589
0,15,29000.0,-0.41609115862833
0,15,30000.0,-0.57061221812435
0,15,31000.0,-0.54529515795164
0,15,32000.0,0.30061830553516
0,15,33000.0,-0.11103736617303
0,15,34000.0,0.017016244906378
0,15,35000.0,0.18166738085387
0,15,36000.0,0.24316293422845
0,15,37000.0,0.1
0,15,38000.0,0.20123896890265
0,15,39000.0,0.28867882309592
0,15,40000.0,0.17200828110472
0,15,41000.0,0.29085358012706
0,15,42000.0,0.32536746433305
0,15,43000.0,0.14827501329688
0,15,44000.0,0.29794049154836
0,15,45000.0,-0.025591981111691
0,15,46000.0,0.28664428575905
0,15,47000.0,-0.058839918338864
0,15,48000.0,0.13162824249479
0,15,49000.0,0.27059978921061
0,15,50000.0,0.1886123704961
0,16,5000.0,0.34212686137842
0,16,6000.0,0.17300462659134
0,16,7000.0,0.018229171848395
0,16,8000.0,0.41456416619032
0,16,9000.0,0.38122418051167
0,16,10000.0,0.36653442702124
0,16,11000.0,0.36649121561789
0,16,12000.0,0.41833185295472
0,16,13000.0,0.41358358796167
0,16,14000.0,0.32502213631322
0,16,15000.0,0.16653980591893
0,16,16000.0,0.13713444553191
0,16,17000.0,0.16316282143775
0,16,18000.0,0.11630567080958
0,16,19000.0,0.10955180125295
0,16,20000.0,0.1320163444787
0,16,21000.0,0.1317859910121
0,16,22000.0,0.10803738084641
0,16,23000.0,0.0
0,16,24000.0,-0.17168362643535
0,16,25000.0,0.1538351101344
0,16,26000.0,0.15109431519747
0,16,27000.0,0.1552849992457
0,16,28000.0,0.092243449587017
0,16,29000.0,0.39741418440372
0,16,30000.0,0.44869730792207
0,16,31000.0,0.42392435913963
0,16,32000.0,0.4645597540966
0,16,33000.0,-0.55203062680445
0,16,34000.0,-0.53907362590814
0,16,35000.0,-0.54500435922445
0,16,36000.0,-0.51745248905772
0,16,37000.0,-0.55080648388645
0,16,38000.0,-0.53230054088645
0,16,39000.0,-0.52770149830935
0,16,40000.0,-0.52719703605189
0,16,41000.0,-0.54087152491262
0,16,42000.0,0.48981449726898
0,16,43000.0,0.4737570961315
0,16,44000.0,0.46836279603342
0,16,45000.0,0.49221700304702
0,16,46000.0,0.45701826876296
0,16,47000.0,0.45663626998037
0,16,48000.0,-0.530039614948
0,16,49000.0,-0.51668937015982
0,16,50000.0,-0.67330045413376
0,17,5000.0,0.3858778397577
0,17,6000.0,0.074945939676712
0,17,7000.0,0.10140376203768
0,17,8000.0,0.12686212887804
0,17,9000.0,0.3710802264658
0,17,10000.0,0.3
0,17,11000.0,0.38153755605205
0,17,12000.0,0.44010805131004
0,17,13000.0,0.51796955560769
0,17,14000.0,0.24763905585173
0,17,15000.0,0.23889058886526
0,17,16000.0,0.26591952322253
0,17,17000.0,0.27077159778476
0,17,18000.0,0.25726392952999
0,17,19000.0,0.2748596588993
0,17,20000.0,0.27475099128195
0,17,21000.0,0.27109498454999
0,17,22000.0,0.27275270671314
0,17,23000.0,0.27067003175678
0,17,24000.0,0.27240305869913
0,17,25000.0,0.27302225207866
0,17,26000.0,0.27764042836748
0,17,27000.0,0.27850936744951
0,17,28000.0,0.27471416862648
0,17,29000.0,0.27775626994599
0,17,30000.0,0.27785467160002
0,17,31000.0,0.27544126997546
0,17,32000.0,0.27768601208259
0,17,33000.0,0.27405011396382
0,17,34000.0,0.27364317598286
0,17,35000.0,0.27786901537798
0,17,36000.0,0.27376145884862
0,17,37000.0,0.25982821771403
0,17,38000.0,0.23439682247205
0,17,39000.0,0.26994905054129
0,17,40000.0,0.47395977203271
0,17,41000.0,0.25812755248645
0,17,42000.0,0.23731679681062
0,17,43000.0,0.11165467898591
0,17,44000.0,0.25081768077204
0,17,45000.0,0.22273239803534
0,17,46000.0,-0.58085675110054
0,17,47000.0,-0.46345202710772
0,17,48000.0,-0.47989561959826
0,17,49000.0,-0.51661913282435
0,17,50000.0,-0.50126726759704
0,18,5000.0,0.041209754184183
0,18,6000.0,0.12969811040296
0,18,7000.0,0.063048828783268
0,18,8000.0,0.13827147841103
0,18,9000.0,0.1461418530291
0,18,10000.0,0.0
0,18,11000.0,0.080501747489234
0,18,12000.0,0.23291013297134
0,18,13000.0,0.21837580844688
0,18,14000.0,0.18241105530429
0,18,15000.0,0.23854932512136
0,18,16000.0,0.19775289727595
0,18,17000.0,0.23901023140899
0,18,18000.0,0.19683897753501
0,18,19000.0,0.24386358637436
0,18,20000.0,0.20929550038261
0,18,21000.0,0.19046951116871
0,18,22000.0,0.12295887273247
0,18,23000.0,0.18733705555706
0,18,24000.0,0.18160681192967
0,18,25000.0,0.17797764023637
0,18,26000.0,0.37496728883138
0,18,27000.0,0.20144785361529
0,18,28000.0,0.1928565733183
0,18,29000.0,0.16683878592511
0,18,30000.0,0.48953651033237
0,18,31000.0,0.18972311156286
0,18,32000.0,0.18311810081341
0,18,33000.0,0.14599734168015
0,18,34000.0,0.35416632153561
0,18,35000.0,0.13948537730793
0,18,36000.0,0.14626870172428
0,18,37000.0,0.068454676222808
0,18,38000.0,0.14590042640727
0,18,39000.0,0.18893589015784
0,18,40000.0,0.16485688099666
0,18,41000.0,0.083621332947506
0,18,42000.0,-0.0244064294081
0,18,43000.0,0.1783564638177
0,18,44000.0,0.127110381676
0,18,45000.0,0.20445739114302
0,18,46000.0,0.14275045897829
0,18,47000.0,0.18187334491675
0,18,48000.0,0.19568223123379
0,18,49000.0,0.21155217784078
0,18,50000.0,0.15657508715261
0,19,5000.0,0.42350414564553
0,19,6000.0,-0.075345024793158
0,19,7000.0,0.0
0,19,8000.0,0.18153033566084
0,19,9000.0,0.11397100972259
0,19,10000.0,0.0037059370561007
0,19,11000.0,0.0070747086174206
0,19,12000.0,0.13661570106459
0,19,13000.0,0.13611921044315
0,19,14000.0,0.016697676015291
0,19,15000.0,0.12347295266185
0,19,16000.0,0.1435699963337
0,19,17000.0,0.17142556540191
0,19,18000.0,0.061191861819987
0,19,19000.0,0.10944538110637
0,19,20000.0,0.085764262010542
0,19,21000.0,0.13512047340988
0,19,22000.0,0.12158736085737
0,19,23000.0,0.11006644667599
0,19,24000.0,0.090952471397225
0,19,25000.0,0.13843962969766
0,19,26000.0,0.11063582577892
0,19,27000.0,0.12761627725034
0,19,28000.0,0.14550117262424
0,19,29000.0,0.3219569389808
0,19,30000.0,0.12866112116742
0,19,31000.0,0.15835136327262
0,19,32000.0,0.17481700223818
0,19,33000.0,0.090103399960825
0,19,34000.0,0.14785452486273
0,19,35000.0,0.11701961118243
0,19,36000.0,0.156562290972
0,19,37000.0,0.034256205481153
0,19,38000.0,0.15663844281788
0,19,39000.0,0.15251418908796
0,19,40000.0,0.12874107005628
0,19,41000.0,0.34526776434665
0,19,42000.0,-0.5414404166988
0,19,43000.0,-0.56824317919235
0,19,44000.0,-0.5226880856644
0,19,45000.0,-0.59680379113687
0,19,46000.0,-0.37949710352513
0,19,47000.0,-0.50254897150038
0,19,48000.0,-0.35631024045228
0,19,49000.0,-0.58673367957035
0,19,50000.0,-0.64096634701417
0,20,5000.0,0.0011144585065314
0,20,6000.0,0.09299117958546
0,20,7000.0,0.0
0,20,8000.0,0.08488699341418
0,20,9000.0,0.036736437347869
0,20,10000.0,0.0
0,20,11000.0,0.085123669492722
0,20,12000.0,0.2231560720862
0,20,13000.0,0.24887301414225
0,20,14000.0,0.18713293541875
0,20,15000.0,0.18423568078025
0,20,16000.0,0.23499423194293
0,20,17000.0,0.18937303425401
0,20,18000.0,0.14575115709464
0,20,19000.0,0.20281745865773
0,20,20000.0,0.17332009283424
0,20,21000.0,0.21138633689252
0,20,22000.0,0.16015596263038
0,20,23000.0,0.13517060657095
0,20,24000.0,0.19825033429603
0,20,25000.0,0.23047805620116
0,20,26000.0,0.16132111784807
0,20,27000.0,0.19939460746205
0,20,28000.0,0.1787200348378
0,20,29000.0,0.18501170542542
0,20,30000.0,0.21459657405084
0,20,31000.0,0.20068037034408
0,20,32000.0,0.20968665302057
0,20,33000.0,0.20830705213872
0,20,34000.0,0.21688246865174
0,20,35000.0,0.13956518239155
0,20,36000.0,0.43174890934856
0,20,37000.0,0.14930334918954
0,20,38000.0,0.17865514260444
0,20,39000.0,0.20534805232592
0,20,40000.0,0.20954790551775
0,20,41000.0,0.18394633516943
0,20,42000.0,0.19070266516409
0,20,43000.0,0.22010448986876
0,20,44000.0,0.17507429944037
0,20,45000.0,0.17673530248607
0,20,46000.0,0.20954665840458
0,20,47000.0,0.20941536337942
0,20,48000.0,0.14798360079062
0,20,49000.0,0.21600018147671
0,20,50000.0,0.18074292936413
0,21,5000.0,0.069998840422556
0,21,6000.0,0.0
0,21,7000.0,0.0
0,21,8000.0,0.13912217094376
0,21,9000.0,0.061299282445643
0,21,10000.0,0.017140530466361
0,21,11000.0,0.082947578576279
0,21,12000.0,0.0
0,21,13000.0,0.059398292356104
0,21,14000.0,0.0
0,21,15000.0,0.74092744479679
0,21,16000.0,0.43066596350889
0,21,17000.0,0.44759662795786
0,21,18000.0,0.36827686246121
0,21,19000.0,0.32580641190591
0,21,20000.0,0.32340690021348
0,21,21000.0,0.37462855049184
0,21,22000.0,0.39171197644016
0,21,23000.0,0.074479708242354
0,21,24000.0,0.3
0,21,25000.0,0.39209281616451
0,21,26000.0,0.38813205786814
0,21,27000.0,0.038202586305791
0,21,28000.0,0.086671172206586
0,21,29000.0,0.047825280912259
0,21,30000.0,0.1168851361736
0,21,31000.0,0.44176422832376
0,21,32000.0,0.43186350386349
0,21,33000.0,0.13371853255293
0,21,34000.0,0.10399047105973
0,21,35000.0,0.13907328455562
0,21,36000.0,-0.53277665818149
0,21,37000.0,-0.58662238000998
0,21,38000.0,-0.55842501546485
0,21,39000.0,-0.19297119346379
0,21,40000.0,-0.56237304587979
0,21,41000.0,-0.5896517204573
0,21,42000.0,-0.63299055605091
0,21,43000.0,-0.5547957943795
0,21,44000.0,-0.5561079902288
0,21,45000.0,-0.25315029111634
0,21,46000.0,-0.4037008862187
0,21,47000.0,-0.54239491296217
0,21,48000.0,-0.50366594951928
0,21,49000.0,-0.54918778833038
0,21,50000.0,-0.7
0,22,5000.0,0.83768429981191
0,22,6000.0,0.087701971459594
0,22,7000.0,-0.54792072159095
0,22,8000.0,-0.60925949682563
0,22,9000.0,-0.66666666666667
0,22,10000.0,-0.66666666666667
0,22,11000.0,-0.54909857926719
0,22,12000.0,0.15582630051595
0,22,13000.0,0.1750334872699
0,22,14000.0,0.35784802854619
0,22,15000.0,0.12050244258058
0,22,16000.0,0.43047254555441
0,22,17000.0,0.45000320324902
0,22,18000.0,0.38524204960195
0,22,19000.0,0.38383678350913
0,22,20000.0,0.40011842748505
0,22,21000.0,0.41964151089859
0,22,22000.0,0.42374166513705
0,22,23000.0,0.3
0,22,24000.0,0.33145806973025
0,22,25000.0,0.43897859281574
0,22,26000.0,0.40737430324495
0,22,27000.0,0.34492188153329
0,22,28000.0,0.3564596074204
0,22,29000.0,0.3
0,22,30000.0,0.36420253491259
0,22,31000.0,0.39393370707323
0,22,32000.0,0.41787168212586
0,22,33000.0,-0.60586759040958
0,22,34000.0,-0.63140890376273
0,22,35000.0,-0.67966781504053
0,22,36000.0,-0.62158991785633
0,22,37000.0,-0.7
0,22,38000.0,-0.63849784361366
0,22,39000.0,-0.58488876963356
0,22,40000.0,-0.64262888800188
0,22,41000.0,-0.63336512980789
0,22,42000.0,0.40634518194675
0,22,43000.0,0.36997709191206
0,22,44000.0,0.3
0,22,45000.0,0.47692383253642
0,22,46000.0,0.41394193658337
0,22,47000.0,0.42147829627412
0,22,48000.0,0.34649353795992
0,22,49000.0,0.42116503662652
0,22,50000.0,0.36880168829997
0,23,5000.0,0.11366275938743
0,23,6000.0,-0.48316365615192
0,23,7000.0,-0.62033375533277
0,23,8000.0,-0.49353870918474
0,23,9000.0,-0.56682661758235
0,23,10000.0,-0.58090836677134
0,23,11000.0,-0.60674145227334
0,23,12000.0,0.37345427517044
0,23,13000.0,0.35290477627585
0,23,14000.0,0.33887456618432
0,23,15000.0,0.40838879464825
0,23,16000.0,0.33343506145215
0,23,17000.0,0.32323985558232
0,23,18000.0,0.26959701092233
0,23,19000.0,0.38817417793158
0,23,20000.0,0.14266380699037
0,23,21000.0,-0.23815180000617
0,23,22000.0,0.22216400913702
0,23,23000.0,0.1619908180211
0,23,24000.0,0.26795476900908
0,23,25000.0,0.3042234376035
0,23,26000.0,0.30590734571841
0,23,27000.0,0.26443800859192
0,23,28000.0,0.28957987118074
0,23,29000.0,0.2118987774433
0,23,30000.0,0.19111806413458
0,23,31000.0,0.1
0,23,32000.0,-0.31276342386748
0,23,33000.0,-0.31914280944644
0,23,34000.0,-0.30666976633289
0,23,35000.0,-0.41247115610108
0,23,36000.0,0.12521962390138
0,23,37000.0,-0.43666382391569
0,23,38000.0,-0.36903001246436
0,23,39000.0,-0.3107215292302
0,23,40000.0,-0.50513456982911
0,23,41000.0,-0.58365998851307
0,23,42000.0,0.32097483793969
0,23,43000.0,0.29601430059754
0,23,44000.0,0.29931139185653
0,23,45000.0,0.35421243754804
0,23,46000.0,0.30439156072537
0,23,47000.0,0.27480667722291
0,23,48000.0,0.2034967615054
0,23,49000.0,0.26851910765401
0,23,50000.0,0.1
0,24,5000.0,-0.23457765448037
0,24,6000.0,-0.53151395081371
0,24,7000.0,-0.549072574097
0,24,8000.0,-0.31628494581791
0,24,9000.0,-0.46158959928342
0,24,10000.0,-0.7
0,24,11000.0,-0.42132885171691
0,24,12000.0,0.071016681234623
0,24,13000.0,0.4910309002447
0,24,14000.0,0.21609084190163
0,24,15000.0,0.080821314795011
0,24,16000.0,0.22795741626328
0,24,17000.0,0.46260807293572
0,24,18000.0,0.22618292934471
0,24,19000.0,0.92764402595234
0,24,20000.0,-0.12820093305938
0,24,21000.0,-0.42378296033768
0,24,22000.0,0.24045784224253
0,24,23000.0,0.23975575856922
0,24,24000.0,0.23531604178903
0,24,25000.0,0.25568447201577
0,24,26000.0,0.25483197514992
0,24,27000.0,0.26755794767044
0,24,28000.0,0.25780143328446
0,24,29000.0,0.25892357282733
0,24,30000.0,0.26826231049821
0,24,31000.0,0.2590721909635
0,24,32000.0,0.26971654138122
0,24,33000.0,0.26072974307513
0,24,34000.0,0.26211862070604
0,24,35000.0,0.26522314222817
0,24,36000.0,0.26971654138123
0,24,37000.0,0.25836056666324
0,24,38000.0,0.25265450161075
0,24,39000.0,0.26108216653811
0,24,40000.0,0.25691359725271
0,24,41000.0,0.26101608713879
0,24,42000.0,0.26851694613218
0,24,43000.0,0.26306454851739
0,24,44000.0,0.26447521056563
0,24,45000.0,0.25350796667289
0,24,46000.0,0.088806153115486
0,24,47000.0,0.22000014409408
0,24,48000.0,0.2336298584318
0,24,49000.0,0.49735487524262
0,24,50000.0,0.18237458253787
1,0,5000.0,-0.66666666666667
1,0,6000.0,-0.66666666666667
1,0,7000.0,-0.7
1,0,8000.0,-0.32884548497934
1,0,9000.0,-0.46185284871046
1,0,10000.0,-0.52571497615867
1,0,11000.0,-0.55140380268998
1,0,12000.0,0.31759209782017
1,0,13000.0,0.34350526522724
1,0,14000.0,0.3005372361659
1,0,15000.0,0.31478927634842
1,0,16000.0,0.32663358634741
1,0,17000.0,0.31458749634579
1,0,18000.0,0.31294835676541
1,0,19000.0,-0.32213865283266
1,0,20000.0,-0.53095244748771
1,0,21000.0,-0.56842158166122
1,0,22000.0,0.34686774533034
1,0,23000.0,0.2396490993858
1,0,24000.0,0.27465278025278
1,0,25000.0,0.35365301612118
1,0,26000.0,0.29282378833972
1,0,27000.0,0.31786604208881
1,0,28000.0,0.34799322489221
1,0,29000.0,0.28826606326771
1,0,30000.0,0.28172718900972
1,0,31000.0,0.33386825128301
1,0,32000.0,0.12409981593237
1,0,33000.0,0.22040719642654
1,0,34000.0,0.11137639604169
1,0,35000.0,0.14640041169531
1,0,36000.0,0.276727373122
1,0,37000.0,0.67448183282873
1,0,38000.0,-0.36335871006318
1,0,39000.0,-0.37138150870007
1,0,40000.0,-0.3164755486812
1,0,41000.0,-0.42748777055854
1,0,42000.0,0.1
1,0,43000.0,0.12339506607411
1,0,44000.0,0.27779257244278
1,0,45000.0,0.23165338395396
1,0,46000.0,0.24922501673764
1,0,47000.0,0.35755136637113
1,0,48000.0,0.22954229979669
1,0,49000.0,0.26319816812388
1,0,50000.0,0.1
1,1,5000.0,-0.54086041172644
1,1,6000.0,-0.55967277968105
1,1,7000.0,-0.65336045633478
1,1,8000.0,-0.36943775868059
1,1,9000.0,-0.45452865668797
1,1,10000.0,-0.53788271022247
1,1,11000.0,-0.50363943825548
1,1,12000.0,0.1764021961834
1,1,13000.0,-0.0066574852095828
1,1,14000.0,0.45547079505219
1,1,15000.0,0.35499847265628
1,1,16000.0,0.34339521570257
1,1,17000.0,0.18558380757502
1,1,18000.0,0.39583772485227
1,1,19000.0,0.34386064463209
1,1,20000.0,0.3832702749383
1,1,21000.0,0.38993051280405
1,1,22000.0,0.35507800515437
1,1,23000.0,0.32403742963649
1,1,24000.0,0.35040744174216
1,1,25000.0,0.36662231524208
1,1,26000.0,0.36551212638403
1,1,27000.0,0.34487612908041
1,1,28000.0,0.36195469759552
1,1,29000.0,0.35036093051714
1,1,30000.0,0.34433660925231
1,1,31000.0,0.35986026997937
1,1,32000.0,0.32499160517816
1,1,33000.0,0.15943023287846
1,1,34000.0,0.35485008783151
1,1,35000.0,0.34589619195569
1,1,36000.0,0.29942473262468
1,1,37000.0,0.35274484035263
1,1,38000.0,0.29644144684798
1,1,39000.0,-0.038999114002816
1,1,40000.0,-0.30033407379938
1,1,41000.0,-0.44510120179376
1,1,42000.0,0.1
1,1,43000.0,0.25087844311554
1,1,44000.0,0.27031295632781
1,1,45000.0,0.16537575560927
1,1,46000.0,0.3424535078407
1,1,47000.0,0.26792442466445
1,1,48000.0,-0.11000225696762
1,1,49000.0,0.32115247431532
1,1,50000.0,0.25467889375376
1,2,5000.0,0.0
1,2,6000.0,-0.66666666666667
1,2,7000.0,-0.66666666666667
1,2,8000.0,-0.7
1,2,9000.0,-0.4999467073887
1,2,10000.0,-0.58583991347354
1,2,11000.0,-0.63414590457196
1,2,12000.0,0.05040268920481
1,2,13000.0,0.18064378968818
1,2,14000.0,-0.14289582500422
1,2,15000.0,0.057167188109642
1,2,16000.0,0.32820632299948
1,2,17000.0,0.057268365310377
1,2,18000.0,0.16307974464676
1,2,19000.0,0.1
1,2,20000.0,0.34636757284281
1,2,21000.0,0.17590375999382
1,2,22000.0,-0.10414267797328
1,2,23000.0,0.3
1,2,24000.0,0.0039145821552574
1,2,25000.0,0.23286683489245
1,2,26000.0,0.36793845393044
1,2,27000.0,0.35327432352328
1,2,28000.0,0.38021368144783
1,2,29000.0,0.3281863545097
1,2,30000.0,0.32315191107718
1,2,31000.0,0.36157231362725
1,2,32000.0,0.3535919066137
1,2,33000.0,0.32244917512305
1,2,34000.0,0.37444265502593
1,2,35000.0,0.35911190629813
1,2,36000.0,0.35446101964114
1,2,37000.0,0.31549601844055
1,2,38000.0,0.33911322551006
1,2,39000.0,0.36266213559569
1,2,40000.0,0.35892650078435
1,2,41000.0,0.33053777560697
1,2,42000.0,0.34975677790374
1,2,43000.0,-0.7
1,2,44000.0,-0.7
1,2,45000.0,-0.62523938753802
1,2,46000.0,-0.644028537758
1,2,47000.0,-0.67105142877458
1,2,48000.0,-0.64294455915748
1,2,49000.0,-0.63953325212403
1,2,50000.0,-0.6279616979939
1,4,5000.0,0.061585731913175
1,4,6000.0,0.066983869420083
1,4,7000.0,0.03990120974482
1,4,8000.0,0.0
1,4,9000.0,0.18980302333351
1,4,10000.0,0.20386118949417
1,4,11000.0,0.18025268451455
1,4,12000.0,0.13043778154454
1,4,13000.0,0.20819181269876
1,4,14000.0,0.17371089102653
1,4,15000.0,0.18825628590358
1,4,16000.0,0.17023487153724
1,4,17000.0,0.19109339154391
1,4,18000.0,0.21662516314001
1,4,19000.0,0.17601642059003
1,4,20000.0,0.4535965448594
1,4,21000.0,0.21703861974681
1,4,22000.0,0.17021414334203
1,4,23000.0,0.40464585576113
1,4,24000.0,0.15761930819903
1,4,25000.0,0.18242598169792
1,4,26000.0,0.17813490975132
1,4,27000.0,0.17496479351389
1,4,28000.0,0.18097899290755
1,4,29000.0,0.15537130739564
1,4,30000.0,0.39386025043673
1,4,31000.0,0.13022456192546
1,4,32000.0,0.12715817389971
1,4,33000.0,0.19939420251414
1,4,34000.0,0.11476921957379
1,4,35000.0,0.17861607709873
1,4,36000.0,0.21949609728381
1,4,37000.0,0.18058665936266
1,4,38000.0,0.14287773335566
1,4,39000.0,0.19993654679709
1,4,40000.0,0.15601730322534
1,4,41000.0,0.14525233271061
1,4,42000.0,0.14480665326808
1,4,43000.0,0.17549450941187
1,4,44000.0,0.17674779255859
1,4,45000.0,0.17656435147556
1,4,46000.0,0.17792060054958
1,4,47000.0,0.18767142126965
1,4,48000.0,0.2067078528126
1,4,49000.0,0.18233371404414
1,4,50000.0,0.21206537287871
1,5,5000.0,-0.47631900248182
1,5,6000.0,-0.46825515050248
1,5,7000.0,-0.48761634618227
1,5,8000.0,-0.55556043394142
1,5,9000.0,-0.25261770787449
1,5,10000.0,-0.3962889485799
1,5,11000.0,-0.50563340432006
1,5,12000.0,0.18298457754821
1,5,13000.0,0.43838841336554
1,5,14000.0,0.40346456822303
1,5,15000.0,0.44547392242308
1,5,16000.0,0.39372724956243
1,5,17000.0,0.37431949182677
1,5,18000.0,0.46174920933234
1,5,19000.0,0.45892000326574
1,5,20000.0,0.36749736594708
1,5,21000.0,0.41463881243885
1,5,22000.0,0.46292700574513
1,5,23000.0,0.40836258391043
1,5,24000.0,0.42029265162691
1,5,25000.0,0.086569563240748
1,5,26000.0,0.40658229478556
1,5,27000.0,0.36470570167324
1,5,28000.0,0.46937926217436
1,5,29000.0,0.43634150739453
1,5,30000.0,0.42189152276153
1,5,31000.0,0.37635790488518
1,5,32000.0,0.45557768100448
1,5,33000.0,0.48837504921793
1,5,34000.0,0.43793153811644
1,5,35000.0,0.46080311860084
1,5,36000.0,0.49743127014155
1,5,37000.0,0.49110543602844
1,5,38000.0,0.50845096332853
1,5,39000.0,0.49444808605305
1,5,40000.0,0.49224593245404
1,5,41000.0,0.46812700058388
1,5,42000.0,0.44879508664284
1,5,43000.0,0.5119098439804
1,5,44000.0,0.49845971096454
1,5,45000.0,0.44959811213959
1,5,46000.0,0.50166854862041
1,5,47000.0,0.48371037409624
1,5,48000.0,0.52613435959639
1,5,49000.0,0.48542414802231
1,5,50000.0,0.49829486223453
1,6,5000.0,0.1170830112068
1,6,6000.0,0.12180876078494
1,6,7000.0,0.095213752278027
1,6,8000.0,0.1283344278655
1,6,9000.0,0.19542268285519
1,6,10000.0,0.13317456985418
1,6,11000.0,0.15281903583635
1,6,12000.0,0.04079498155625
1,6,13000.0,0.16720596473324
1,6,14000.0,0.1504178138105
1,6,15000.0,0.26700303276524
1,6,16000.0,0.15546207688907
1,6,17000.0,0.14355746062062
1,6,18000.0,0.18204070282136
1,6,19000.0,0.16356296308017
1,6,20000.0,0.12449678411276
1,6,21000.0,0.14354647784637
1,6,22000.0,0.1662840444142
1,6,23000.0,0.022656007932553
1,6,24000.0,0.1317180803772
1,6,25000.0,0.15871530315907
1,6,26000.0,0.15489702339281
1,6,27000.0,0.1031968626439
1,6,28000.0,0.16032469374077
1,6,29000.0,0.0927100786053
1,6,30000.0,0.18875109081026
1,6,31000.0,0.051388684287381
1,6,32000.0,0.16282231323127
1,6,33000.0,0.19605478378659
1,6,34000.0,0.059952973531888
1,6,35000.0,0.12564001241915
1,6,36000.0,0.20279184612745
1,6,37000.0,-0.028596807024285
1,6,38000.0,0.14279630707916
1,6,39000.0,0.17523281270736
1,6,40000.0,0.15324784109639
1,6,41000.0,0.14698191153451
1,6,42000.0,0.12457891386347
1,6,43000.0,0.1202256296412
1,6,44000.0,0.16300573213275
1,6,45000.0,0.20538352429663
1,6,46000.0,0.18779194427953
1,6,47000.0,0.21391227902655
1,6,48000.0,0.17069192547337
1,6,49000.0,0.19618507633967
1,6,50000.0,0.16102417342061
1,7,5000.0,0.45657818023188
1,7,6000.0,0.48682747684023
1,7,7000.0,0.47051352956815
1,7,8000.0,0.46500439254586
1,7,9000.0,0.2195962971048
1,7,10000.0,0.16078758590158
1,7,11000.0,0.19820558701211
1,7,12000.0,0.43914522351789
1,7,13000.0,0.21650865293376
1,7,14000.0,0.22370991624841
1,7,15000.0,0.22694879831346
1,7,16000.0,0.20063221202342
1,7,17000.0,0.22553112891475
1,7,18000.0,-0.43947489378293
1,7,19000.0,-0.46902124425769
1,7,20000.0,-0.14145103232698
1,7,21000.0,-0.44833018330871
1,7,22000.0,0.21341448726257
1,7,23000.0,0.16712365698857
1,7,24000.0,0.2300258606956
1,7,25000.0,0.52281722242549
1,7,26000.0,0.24268553648596
1,7,27000.0,0.22681958200795
1,7,28000.0,0.25820854987178
1,7,29000.0,0.26484493769118
1,7,30000.0,0.1185721083475
1,7,31000.0,0.26427134562942
1,7,32000.0,0.27090022975905
1,7,33000.0,0.27217582916679
1,7,34000.0,0.26698962526661
1,7,35000.0,0.2720926675187
1,7,36000.0,0.27521778964117
1,7,37000.0,0.27723979293606
1,7,38000.0,0.27161794173489
1,7,39000.0,0.27595763823469
1,7,40000.0,0.27593580459155
1,7,41000.0,0.27868143720218
1,7,42000.0,0.27667565318508
1,7,43000.0,0.27868143720218
1,7,44000.0,0.27868143720218
1,7,45000.0,0.27667565318508
1,7,46000.0,0.27868143720219
1,7,47000.0,0.27266408515084
1,7,48000.0,0.27667565318507
1,7,49000.0,0.27868143720218
1,7,50000.0,0.27868143720219
1,8,5000.0,0.42583389847751
1,8,6000.0,0.16465811721164
1,8,7000.0,0.13759216126331
1,8,8000.0,-0.10326798896491
1,8,9000.0,0.27703505690002
1,8,10000.0,0.15082484674228
1,8,11000.0,0.165746580345
1,8,12000.0,0.35142366941426
1,8,13000.0,0.11665894060332
1,8,14000.0,0.14156145891545
1,8,15000.0,0.14266280203313
1,8,16000.0,0.10291241754015
1,8,17000.0,0.17655892856507
1,8,18000.0,0.1658419153943
1,8,19000.0,0.13326086844016
1,8,20000.0,0.18555159848357
1,8,21000.0,0.18348610348301
1,8,22000.0,0.14122144390376
1,8,23000.0,0.12541240305318
1,8,24000.0,0.15418577329787
1,8,25000.0,0.13582228195187
1,8,26000.0,0.16434620216992
1,8,27000.0,0.14367131650653
1,8,28000.0,0.14218819565685
1,8,29000.0,0.17142639803907
1,8,30000.0,0.16054834573786
1,8,31000.0,0.1557350948332
1,8,32000.0,0.16443306860781
1,8,33000.0,0.14615477364241
1,8,34000.0,0.1524345121876
1,8,35000.0,0.17778055339858
1,8,36000.0,0.16281834164662
1,8,37000.0,0.16394366734065
1,8,38000.0,0.16473846992673
1,8,39000.0,0.18941974173029
1,8,40000.0,0.15817402816198
1,8,41000.0,0.16750752351134
1,8,42000.0,0.14941493078504
1,8,43000.0,0.14288331525625
1,8,44000.0,0.1811078552156
1,8,45000.0,0.17558670343402
1,8,46000.0,0.16569978064166
1,8,47000.0,0.18345840447023
1,8,48000.0,0.11833539280545
1,8,49000.0,0.16404443427923
1,8,50000.0,0.11677227991178
1,9,5000.0,-0.54938160039603
1,9,6000.0,-0.22718546354649
1,9,7000.0,-0.51409974011815
1,9,8000.0,-0.5303386992892
1,9,9000.0,-0.47501696289705
1,9,10000.0,-0.49722564035571
1,9,11000.0,-0.19153438599652
1,9,12000.0,0.030546093825511
1,9,13000.0,0.072787748167796
1,9,14000.0,0.060145534137673
1,9,15000.0,0.07572795471066
1,9,16000.0,-0.0001652571505576
1,9,17000.0,0.23155623553338
1,9,18000.0,-0.34657676217537
1,9,19000.0,-0.14395063890524
1,9,20000.0,-0.39251205733927
1,9,21000.0,-0.44068336508493
1,9,22000.0,0.074786019167123
1,9,23000.0,0.41668048426142
1,9,24000.0,0.47796450561231
1,9,25000.0,0.46129796105594
1,9,26000.0,0.42411259366559
1,9,27000.0,0.29705269963135
1,9,28000.0,0.42798366051865
1,9,29000.0,0.43397059392007
1,9,30000.0,0.41000508400098
1,9,31000.0,0.40495377486094
1,9,32000.0,0.50317016185397
1,9,33000.0,0.46029381653283
1,9,34000.0,0.48674462257892
1,9,35000.0,0.52366786967128
1,9,36000.0,0.49239574869331
1,9,37000.0,0.49613960338108
1,9,38000.0,0.4861746233274
1,9,39000.0,0.49366051243763
1,9,40000.0,0.49372519441918
1,9,41000.0,0.49880889015109
1,9,42000.0,0.49509506638327
1,9,43000.0,0.49880889015108
1,9,44000.0,0.49880889015108
1,9,45000.0,0.49509506638326
1,9,46000.0,0.49880889015109
1,9,47000.0,0.4876674188476
1,9,48000.0,0.49509506638326
1,9,49000.0,0.49880889015105
1,9,50000.0,0.49880889015109
1,10,5000.0,0.041575314656944
1,10,6000.0,0.14617992243292
1,10,7000.0,0.10006153980663
1,10,8000.0,0.046445907882368
1,10,9000.0,0.071451234345778
1,10,10000.0,0.12083060853603
1,10,11000.0,0.14195318878327
1,10,12000.0,0.16686564753897
1,10,13000.0,0.17133884124754
1,10,14000.0,0.15566430653844
1,10,15000.0,0.13158561491874
1,10,16000.0,0.14546288833799
1,10,17000.0,0.17712919679186
1,10,18000.0,0.002647069267452
1,10,19000.0,0.15042893985679
1,10,20000.0,0.17532801351151
1,10,21000.0,0.16212222232715
1,10,22000.0,0.15266420714861
1,10,23000.0,0.14425741826325
1,10,24000.0,0.13634926317935
1,10,25000.0,0.44678132711446
1,10,26000.0,0.18404651176555
1,10,27000.0,0.15088557573423
1,10,28000.0,0.0050136986549169
1,10,29000.0,0.17600501767665
1,10,30000.0,0.3503630898613
1,10,31000.0,0.16313412139296
1,10,32000.0,0.14204206442518
1,10,33000.0,0.13812610930801
1,10,34000.0,0.18120566951329
1,10,35000.0,0.14822795784351
1,10,36000.0,0.1412447307547
1,10,37000.0,0.18587795854609
1,10,38000.0,0.13222629477489
1,10,39000.0,0.16437155040974
1,10,40000.0,0.16501179228662
1,10,41000.0,0.16568476807301
1,10,42000.0,0.16195931446223
1,10,43000.0,0.17567897981929
1,10,44000.0,0.18093016932286
1,10,45000.0,0.17399582545411
1,10,46000.0,0.18546797188792
1,10,47000.0,0.17422020949639
1,10,48000.0,0.14865622407853
1,10,49000.0,0.16003041081857
1,10,50000.0,0.025590128292248
1,11,5000.0,-0.65851163215915
1,11,6000.0,-0.59732358044202
1,11,7000.0,-0.60183011169659
1,11,8000.0,-0.52891848237112
1,11,9000.0,-0.31030398434746
1,11,10000.0,-0.58491855741162
1,11,11000.0,-0.43567089814673
1,11,12000.0,0.15629764956563
1,11,13000.0,0.19916426932114
1,11,14000.0,0.33604745225258
1,11,15000.0,0.14967983107316
1,11,16000.0,0.058550270069795
1,11,17000.0,-0.0005571946905093
1,11,18000.0,0.19550298323064
1,11,19000.0,0.14437289484948
1,11,20000.0,-0.49577311224089
1,11,21000.0,-0.56889863269054
1,11,22000.0,0.46375766598456
1,11,23000.0,0.24171009856168
1,11,24000.0,-0.46002334703892
1,11,25000.0,-0.44254016222008
1,11,26000.0,-0.15326350524635
1,11,27000.0,-0.1678403149618
1,11,28000.0,-0.29352603507515
1,11,29000.0,-0.40639735240062
1,11,30000.0,-0.40432367217472
1,11,31000.0,-0.46593944629106
1,11,32000.0,0.49415977255872
1,11,33000.0,0.49578798114145
1,11,34000.0,0.49578798114145
1,11,35000.0,0.49578798114145
1,11,36000.0,0.49578798114145
1,11,37000.0,0.53747278868486
1,11,38000.0,0.49578798114145
1,11,39000.0,0.49578798114145
1,11,40000.0,0.49578798114145
1,11,41000.0,0.49578798114134
1,11,42000.0,0.49578798114145
1,11,43000.0,0.49578798114145
1,11,44000.0,0.49578798114145
1,11,45000.0,0.48835307886798
1,11,46000.0,0.48835307886798
1,11,47000.0,0.49578798114145
1,11,48000.0,0.49578798114145
1,11,49000.0,0.49207053000471
1,11,50000.0,0.49376835221593
1,12,5000.0,-0.57414267635401
1,12,6000.0,-0.53968362358407
1,12,7000.0,-0.38268108713615
1,12,8000.0,-0.45217386404979
1,12,9000.0,-0.57530432052614
1,12,10000.0,-0.62659165279372
1,12,11000.0,-0.58506789338537
1,12,12000.0,0.3453505838911
1,12,13000.0,0.4585846256708
1,12,14000.0,-0.012182500514383
1,12,15000.0,0.16852961675554
1,12,16000.0,0.42988274863211
1,12,17000.0,0.41052906160058
1,12,18000.0,0.46469974870286
1,12,19000.0,0.44401782785604
1,12,20000.0,0.39112862413854
1,12,21000.0,0.47239948981346
1,12,22000.0,0.48846736715136
1,12,23000.0,0.47428086713128
1,12,24000.0,0.45120848529755
1,12,25000.0,0.45735219260794
1,12,26000.0,0.021941865439285
1,12,27000.0,0.45467066882908
1,12,28000.0,0.46015287583556
1,12,29000.0,0.43060560876153
1,12,30000.0,0.48415795135508
1,12,31000.0,0.41208035354385
1,12,32000.0,0.45852140914555
1,12,33000.0,0.49754751857971
1,12,34000.0,0.45289595112554
1,12,35000.0,0.4443157041843
1,12,36000.0,0.064226536556505
1,12,37000.0,0.48115947655716
1,12,38000.0,0.4773192030625
1,12,39000.0,0.49531539047174
1,12,40000.0,0.48043331103912
1,12,41000.0,0.4407539197506
1,12,42000.0,0.45322236961657
1,12,43000.0,0.036402587350515
1,12,44000.0,0.22857161311258
1,12,45000.0,-0.0035377795271658
1,12,46000.0,0.064591925706511
1,12,47000.0,0.509752712363
1,12,48000.0,0.23460618834146
1,12,49000.0,0.07306779259322
1,12,50000.0,0.89955452286906
1,13,5000.0,0.075241951637202
1,13,6000.0,0.14929048012858
1,13,7000.0,0.13597437015711
1,13,8000.0,0.29993348321821
1,13,9000.0,0.31939628418574
1,13,10000.0,-0.49828199433631
1,13,11000.0,-0.45873549507833
1,13,12000.0,0.40443936463684
1,13,13000.0,0.32281481120679
1,13,14000.0,0.21722070149421
1,13,15000.0,0.15205940118276
1,13,16000.0,0.16851627236363
1,13,17000.0,-0.17964066530499
1,13,18000.0,-0.20613449361155
1,13,19000.0,-0.22854728440965
1,13,20000.0,-0.15540060108494
1,13,21000.0,-0.15429798451688
1,13,22000.0,0.36330012955493
1,13,23000.0,0.13323156863429
1,13,24000.0,0.18764105342495
1,13,25000.0,0.17454201629527
1,13,26000.0,0.1930699093858
1,13,27000.0,0.16178182599455
1,13,28000.0,0.19856724827223
1,13,29000.0,0.20821513708815
1,13,30000.0,0.19997898790919
1,13,31000.0,0.17924323245535
1,13,32000.0,-0.52785718419299
1,13,33000.0,-0.46739086335412
1,13,34000.0,-0.455100175028
1,13,35000.0,-0.48196118384805
1,13,36000.0,-0.45274836651376
1,13,37000.0,-0.45150212994861
1,13,38000.0,-0.47487616098726
1,13,39000.0,-0.49201041965235
1,13,40000.0,-0.51602447046247
1,13,41000.0,-0.53510241339672
1,13,42000.0,0.19013238161541
1,13,43000.0,0.14762346761471
1,13,44000.0,0.48376043113092
1,13,45000.0,0.20151281674922
1,13,46000.0,0.37300053162651
1,13,47000.0,0.38469965553506
1,13,48000.0,0.33466242402762
1,13,49000.0,0.3731962234544
1,13,50000.0,0.3591256676428
1,14,5000.0,0.088848604187234
1,14,6000.0,0.067849161574497
1,14,7000.0,0.77371944136224
1,14,8000.0,0.095238217025573
1,14,9000.0,0.036178093109642
1,14,10000.0,0.12157089499761
1,14,11000.0,0.13582438648308
1,14,12000.0,0.13914162329982
1,14,13000.0,0.08648048883389
1,14,14000.0,0.12225017841607
1,14,15000.0,0.08006063542164
1,14,16000.0,-0.57655221991283
1,14,17000.0,-0.52377762847461
1,14,18000.0,-0.56585194330283
1,14,19000.0,-0.55932269608853
1,14,20000.0,-0.41707731016284
1,14,21000.0,-0.26970665007364
1,14,22000.0,0.15996337177194
1,14,23000.0,0.014865009762218
1,14,24000.0,0.085180221689427
1,14,25000.0,0.10334018239272
1,14,26000.0,0.11468576296914
1,14,27000.0,0.053688217879483
1,14,28000.0,0.11449529806746
1,14,29000.0,0.11791842683778
1,14,30000.0,0.086354383246174
1,14,31000.0,0.73731630957386
1,14,32000.0,0.079791467532224
1,14,33000.0,0.099579580280826
1,14,34000.0,0.09379107693028
1,14,35000.0,0.042094514396437
1,14,36000.0,0.1085812355408
1,14,37000.0,0.13659815082274
1,14,38000.0,0.064913703821384
1,14,39000.0,0.36017003749474
1,14,40000.0,-0.63345220231909
1,14,41000.0,-0.64712164538588
1,14,42000.0,0.05189910292378
1,14,43000.0,0.037707951333454
1,14,44000.0,0.071091158260441
1,14,45000.0,0.089711608076004
1,14,46000.0,0.088184481329099
1,14,47000.0,0.056278237784879
1,14,48000.0,0.014181141452027
1,14,49000.0,0.37657910006103
1,14,50000.0,0.14680158521862
1,15,5000.0,-0.44971728067359
1,15,6000.0,-0.58801390216397
1,15,7000.0,-0.53327603055769
1,15,8000.0,-0.63479187820336
1,15,9000.0,-0.54181230668858
1,15,10000.0,-0.50072441180359
1,15,11000.0,-0.62498129308015
1,15,12000.0,0.033470906301754
1,15,13000.0,0.74980707910827
1,15,14000.0,-0.36937536388862
1,15,15000.0,-0.51085045744249
1,15,16000.0,-0.38122836218034
1,15,17000.0,-0.63643496010424
1,15,18000.0,-0.26880257229809
1,15,19000.0,-0.48942498891989
1,15,20000.0,-0.55955901195226
1,15,21000.0,-0.35138517337584
1,15,22000.0,0.021857876999678
1,15,23000.0,0.21454788815793
1,15,24000.0,0.42707685464527
1,15,25000.0,0.15694538099112
1,15,26000.0,0.24754397178762
1,15,27000.0,-0.11698696871901
1,15,28000.0,0.35174407340914
1,15,29000.0,0.42200427819795
1,15,30000.0,0.10784933098924
1,15,31000.0,0.14059806087266
1,15,32000.0,0.39126956012288
1,15,33000.0,0.37959895252331
1,15,34000.0,-0.11242342136238
1,15,35000.0,0.41732550300921
1,15,36000.0,0.38792793981392
1,15,37000.0,0.43661020147137
1,15,38000.0,0.47513566597436
1,15,39000.0,0.46366189959656
1,15,40000.0,0.4553875794523
1,15,41000.0,0.37318710521075
1,15,42000.0,0.32084076727944
1,15,43000.0,0.44483866232335
1,15,44000.0,0.44297163513444
1,15,45000.0,0.37814001791752
1,15,46000.0,0.4562077860578
1,15,47000.0,0.47757868170955
1,15,48000.0,0.47773592258811
1,15,49000.0,0.30948377683773
1,15,50000.0,0.48845671694265
1,16,5000.0,0.022197663246722
1,16,6000.0,0.011098831623396
1,16,7000.0,0.022197663246722
1,16,8000.0,0.022197663246722
1,16,9000.0,0.0040982790460894
1,16,10000.0,0.017945060907764
1,16,11000.0,0.014857350517929
1,16,12000.0,0.30784733941663
1,16,13000.0,0.3159052554547
1,16,14000.0,0.31245426305619
1,16,15000.0,0.31406719037013
1,16,16000.0,0.11988343613209
1,16,17000.0,0.3
1,16,18000.0,0.3
1,16,19000.0,0.7
1,16,20000.0,0.35881842657864
1,16,21000.0,0.38411292071532
1,16,22000.0,0.32551982777312
1,16,23000.0,0.3
1,16,24000.0,0.3
1,16,25000.0,0.35823744585214
1,16,26000.0,0.39346555799854
1,16,27000.0,0.3
1,16,28000.0,0.30247340413476
1,16,29000.0,0.3431217970463
1,16,30000.0,0.35486473803399
1,16,31000.0,0.3
1,16,32000.0,0.40433425876906
1,16,33000.0,0.3207226538987
1,16,34000.0,0.37988847932181
1,16,35000.0,0.41081951835448
1,16,36000.0,0.43875927921842
1,16,37000.0,0.39961309991542
1,16,38000.0,0.39652817888517
1,16,39000.0,0.42865172756416
1,16,40000.0,0.41324692853715
1,16,41000.0,0.41241011677352
1,16,42000.0,0.40324915911542
1,16,43000.0,0.38756970208744
1,16,44000.0,0.42385391761024
1,16,45000.0,0.43319971518221
1,16,46000.0,0.42515852201529
1,16,47000.0,0.44062005090952
1,16,48000.0,0.44084584717345
1,16,49000.0,0.3929901890103
1,16,50000.0,0.37742736206437
1,17,5000.0,0.44074468208259
1,17,6000.0,0.44822946438942
1,17,7000.0,0.42223282845583
1,17,8000.0,0.33401551486308
1,17,9000.0,-0.24027747784868
1,17,10000.0,-0.65013304765896
1,17,11000.0,-0.63168498987459
1,17,12000.0,0.40702282842305
1,17,13000.0,0.42704561354744
1,17,14000.0,0.38519919033734
1,17,15000.0,0.42143695107329
1,17,16000.0,0.35578225804711
1,17,17000.0,0.4084350428524
1,17,18000.0,-0.60393786563104
1,17,19000.0,-0.57786255302027
1,17,20000.0,-0.57061878905963
1,17,21000.0,-0.56529037296364
1,17,22000.0,0.42251757451535
1,17,23000.0,0.40687100276019
1,17,24000.0,0.41957814136408
1,17,25000.0,0.45538344341257
1,17,26000.0,0.43600791035746
1,17,27000.0,0.39406883447695
1,17,28000.0,0.1692204695859
1,17,29000.0,0.43464802977887
1,17,30000.0,0.41190750103804
1,17,31000.0,0.41312987585251
1,17,32000.0,0.44552457816838
1,17,33000.0,-0.0099303778711733
1,17,34000.0,0.39218958375813
1,17,35000.0,0.41889501689585
1,17,36000.0,0.43848721384115
1,17,37000.0,0.44194485831018
1,17,38000.0,0.46962636253209
1,17,39000.0,0.4497460354166
1,17,40000.0,0.14917044091662
1,17,41000.0,0.46477822213379
1,17,42000.0,0.40053353372754
1,17,43000.0,0.44613112659088
1,17,44000.0,0.4719726822241
1,17,45000.0,0.44858445917834
1,17,46000.0,0.4532074602841
1,17,47000.0,0.45235727165734
1,17,48000.0,0.43639005552448
1,17,49000.0,0.43160077616603
1,17,50000.0,0.45527587760484
1,18,5000.0,0.40369396223489
1,18,6000.0,-0.65283505463176
1,18,7000.0,-0.66666666666667
1,18,8000.0,-0.54155407102947
1,18,9000.0,-0.21714999784094
1,18,10000.0,-0.33977493234963
1,18,11000.0,-0.46014061075312
1,18,12000.0,0.42139856400079
1,18,13000.0,0.44733247543299
1,18,14000.0,0.44311932437228
1,18,15000.0,0.43658251034338
1,18,16000.0,0.42348692021908
1,18,17000.0,0.42806896207353
1,18,18000.0,0.20140117218022
1,18,19000.0,0.3576434389496
1,18,20000.0,0.38763231680247
1,18,21000.0,0.40038506992789
1,18,22000.0,0.43278744792411
1,18,23000.0,0.3382389156455
1,18,24000.0,0.35760549963412
1,18,25000.0,0.42798469427074
1,18,26000.0,0.38720169048319
1,18,27000.0,0.38717363102179
1,18,28000.0,0.42403201504329
1,18,29000.0,0.45879326958048
1,18,30000.0,0.36840014275901
1,18,31000.0,0.42221085949385
1,18,32000.0,0.3114445572271
1,18,33000.0,0.17892221639871
1,18,34000.0,0.39734950389664
1,18,35000.0,0.3854912286639
1,18,36000.0,0.30781188384124
1,18,37000.0,0.37809017267203
1,18,38000.0,0.35640019504052
1,18,39000.0,0.31401709488311
1,18,40000.0,0.45538831273672
1,18,41000.0,0.34422090337455
1,18,42000.0,0.33620498088302
1,18,43000.0,0.30740701521035
1,18,44000.0,0.27374242154573
1,18,45000.0,0.39873275309327
1,18,46000.0,0.41419002806644
1,18,47000.0,0.7789261715826
1,18,48000.0,-0.19948668895911
1,18,49000.0,-0.21621842572143
1,18,50000.0,-0.197254920329
1,19,5000.0,0.11876416205278
1,19,6000.0,0.13631163453023
1,19,7000.0,0.1812164067097
1,19,8000.0,0.15884727749102
1,19,9000.0,0.19893304556553
1,19,10000.0,0.17024478851055
1,19,11000.0,0.17314105264538
1,19,12000.0,0.19977117658046
1,19,13000.0,0.20655831962573
1,19,14000.0,0.1925912745468
1,19,15000.0,0.20747144826168
1,19,16000.0,0.17046004659792
1,19,17000.0,0.19349736121577
1,19,18000.0,0.226793152017
1,19,19000.0,0.21469086688872
1,19,20000.0,0.1998857253454
1,19,21000.0,0.22693289046646
1,19,22000.0,0.22011975044001
1,19,23000.0,0.030069232171724
1,19,24000.0,0.17578232301898
1,19,25000.0,0.21228095229962
1,19,26000.0,0.2043767064657
1,19,27000.0,0.15877226602553
1,19,28000.0,0.2103830727231
1,19,29000.0,0.19346125083186
1,19,30000.0,0.1814541604875
1,19,31000.0,0.18723083544405
1,19,32000.0,0.1779237115012
1,19,33000.0,0.22500040480808
1,19,34000.0,0.16212996681096
1,19,35000.0,0.19715817944154
1,19,36000.0,0.23646929697905
1,19,37000.0,0.21670370580029
1,19,38000.0,0.20606893149325
1,19,39000.0,0.22528704811942
1,19,40000.0,0.2144292794884
1,19,41000.0,0.19238123291953
1,19,42000.0,0.17397498360606
1,19,43000.0,0.2022034725434
1,19,44000.0,0.20540404779768
1,19,45000.0,0.22240717436156
1,19,46000.0,0.21084947111707
1,19,47000.0,0.21062736967854
1,19,48000.0,0.22880903129126
1,19,49000.0,0.21241661390943
1,19,50000.0,0.21628580242166
1,20,5000.0,0.071365314752223
1,20,6000.0,0.36766337785574
1,20,7000.0,-0.61200308478232
1,20,8000.0,-0.62130745549557
1,20,9000.0,-0.53599950392248
1,20,10000.0,-0.57205136580252
1,20,11000.0,-0.51111256322941
1,20,12000.0,0.3238326793385
1,20,13000.0,0.2826164950645
1,20,14000.0,0.24218583244718
1,20,15000.0,0.21619989681005
1,20,16000.0,0.24260821532133
1,20,17000.0,0.32040058758576
1,20,18000.0,0.29646589811703
1,20,19000.0,0.26849803247272
1,20,20000.0,0.33210014389978
1,20,21000.0,0.31127217329997
1,20,22000.0,0.29767782043931
1,20,23000.0,0.22738230548139
1,20,24000.0,0.25045715190644
1,20,25000.0,0.25786823141627
1,20,26000.0,0.28787243664683
1,20,27000.0,0.21260085112462
1,20,28000.0,0.27947515439637
1,20,29000.0,0.26981795728663
1,20,30000.0,0.21306003868829
1,20,31000.0,0.28276335724432
1,20,32000.0,0.28404852695805
1,20,33000.0,0.17644387749737
1,20,34000.0,0.32602286548827
1,20,35000.0,0.28804766361059
1,20,36000.0,0.25322048853983
1,20,37000.0,0.32368344185382
1,20,38000.0,0.27460770905406
1,20,39000.0,0.26751179563455
1,20,40000.0,0.22712092815717
1,20,41000.0,0.14243219022689
1,20,42000.0,0.14046032126555
1,20,43000.0,0.21323969076132
1,20,44000.0,0.30350583124641
1,20,45000.0,0.15973059583287
1,20,46000.0,0.3248377941807
1,20,47000.0,0.08919148531483
1,20,48000.0,0.2189712395867
1,20,49000.0,0.29542495685402
1,20,50000.0,0.21815305898049
1,21,5000.0,-0.62226910108271
1,21,6000.0,-0.51553978853825
1,21,7000.0,-0.57453315785271
1,21,8000.0,-0.5
1,21,9000.0,-0.3811939206179
1,21,10000.0,-0.50528558683182
1,21,11000.0,-0.52793481134158
1,21,12000.0,0.0081149089003428
1,21,13000.0,0.19833200634731
1,21,14000.0,0.33502538949413
1,21,15000.0,0.46035508821065
1,21,16000.0,0.028804906025729
1,21,17000.0,0.38088290673228
1,21,18000.0,0.43369423853718
1,21,19000.0,0.41439696574068
1,21,20000.0,0.38858390131052
1,21,21000.0,0.4238570696593
1,21,22000.0,0.42216674967849
1,21,23000.0,0.37691140633352
1,21,24000.0,0.40533216317209
1,21,25000.0,0.43151003460642
1,21,26000.0,0.39647633929278
1,21,27000.0,0.39870409981113
1,21,28000.0,0.40970064360739
1,21,29000.0,0.37859517077822
1,21,30000.0,0.0579013380307
1,21,31000.0,0.37527377744556
1,21,32000.0,0.3803904615674
1,21,33000.0,0.43945789975447
1,21,34000.0,0.12879128496897
1,21,35000.0,0.37924187314521
1,21,36000.0,0.44841700886934
1,21,37000.0,0.052787711014816
1,21,38000.0,0.40114232095299
1,21,39000.0,0.42791830392637
1,21,40000.0,0.41795087690251
1,21,41000.0,0.37750910800421
1,21,42000.0,0.31918117739449
1,21,43000.0,0.41208128370545
1,21,44000.0,0.39570018748629
1,21,45000.0,0.36905762025568
1,21,46000.0,0.42183469656812
1,21,47000.0,0.41529793436598
1,21,48000.0,0.22877429865967
1,21,49000.0,0.19819655578399
1,21,50000.0,0.22183741838283
1,22,5000.0,0.12345883665933
1,22,6000.0,0.1419535771643
1,22,7000.0,0.1283628278896
1,22,8000.0,0.11849242479212
1,22,9000.0,0.14338066910481
1,22,10000.0,0.15799088668483
1,22,11000.0,0.19634047617417
1,22,12000.0,0.20666006418952
1,22,13000.0,0.1694066132637
1,22,14000.0,0.19382619349968
1,22,15000.0,0.27267484723564
1,22,16000.0,0.15845203877778
1,22,17000.0,0.20065861654302
1,22,18000.0,0.19944285302567
1,22,19000.0,0.16410331028344
1,22,20000.0,0.20520027314461
1,22,21000.0,0.20945400440494
1,22,22000.0,0.16691771781182
1,22,23000.0,0.10040439200503
1,22,24000.0,0.16576659225445
1,22,25000.0,0.17483893828969
1,22,26000.0,0.19373028678238
1,22,27000.0,0.16921287424902
1,22,28000.0,0.16439453618679
1,22,29000.0,0.19013936504989
1,22,30000.0,0.17542719547644
1,22,31000.0,0.19628995333396
1,22,32000.0,0.17611897569441
1,22,33000.0,0.16790030860222
1,22,34000.0,0.19597013534932
1,22,35000.0,0.18806012312778
1,22,36000.0,0.18782243754441
1,22,37000.0,0.20094766090229
1,22,38000.0,0.17750674227301
1,22,39000.0,0.17846429996284
1,22,40000.0,-0.53089308095205
1,22,41000.0,-0.49643103414978
1,22,42000.0,0.16715952091781
1,22,43000.0,0.18347980644809
1,22,44000.0,0.19379627191147
1,22,45000.0,0.19016952002151
1,22,46000.0,0.1910896764754
1,22,47000.0,0.17498408487633
1,22,48000.0,0.44568638183893
1,22,49000.0,0.18221851558204
1,22,50000.0,0.16296771152579
1,23,5000.0,0.10675127415513
1,23,6000.0,0.054572717697568
1,23,7000.0,0.78795748901056
1,23,8000.0,0.72037811116578
1,23,9000.0,0.71160335486418
1,23,10000.0,0.16765219377125
1,23,11000.0,-0.2383647623232
1,23,12000.0,0.37052541115888
1,23,13000.0,0.39073182112072
1,23,14000.0,0.37460578540952
1,23,15000.0,0.37434211962296
1,23,16000.0,0.36064376276282
1,23,17000.0,0.1639706292368
1,23,18000.0,0.16297634979639
1,23,19000.0,-0.27994474032166
1,23,20000.0,-0.25655109234945
1,23,21000.0,-0.23472523830869
1,23,22000.0,0.38284415002606
1,23,23000.0,0.27398003719738
1,23,24000.0,0.30396603861497
1,23,25000.0,0.36454275923147
1,23,26000.0,0.33745927936318
1,23,27000.0,0.33197979018696
1,23,28000.0,0.37069856588733
1,23,29000.0,0.13887633442344
1,23,30000.0,0.14552457208507
1,23,31000.0,0.17912558033651
1,23,32000.0,0.13618195377898
1,23,33000.0,0.13573197334015
1,23,34000.0,0.43489237994094
1,23,35000.0,0.41552668571446
1,23,36000.0,0.43268040615075
1,23,37000.0,0.43277680677402
1,23,38000.0,0.45019801940132
1,23,39000.0,0.44734350042112
1,23,40000.0,0.45169586354997
1,23,41000.0,0.41852248943312
1,23,42000.0,0.13594978659622
1,23,43000.0,0.42180403189967
1,23,44000.0,0.44951627239484
1,23,45000.0,0.4751396172437
1,23,46000.0,0.47414900693732
1,23,47000.0,0.36738258525864
1,23,48000.0,0.46700269780372
1,23,49000.0,0.46681343822594
1,23,50000.0,0.3859613600758
1,24,5000.0,0.0
1,24,6000.0,-0.2
1,24,7000.0,0.0
1,24,8000.0,0.010990479686279
1,24,9000.0,0.012794108774545
1,24,10000.0,-0.13184519878466
1,24,11000.0,0.054310443618646
1,24,12000.0,0.054143301405835
1,24,13000.0,0.075720129182034
1,24,14000.0,0.059243278853136
1,24,15000.0,-0.10714079553065
1,24,16000.0,0.03305659274778
1,24,17000.0,0.30786187058805
1,24,18000.0,0.32027760507338
1,24,19000.0,0.32444234729392
1,24,20000.0,0.34330257234714
1,24,21000.0,0.32840026518753
1,24,22000.0,0.36312626337697
1,24,23000.0,0.3
1,24,24000.0,0.3
1,24,25000.0,0.37841634083854
1,24,26000.0,0.37230696686577
1,24,27000.0,0.33791282336375
1,24,28000.0,0.38980198653149
1,24,29000.0,0.35510654350446
1,24,30000.0,0.30835787555005
1,24,31000.0,0.37696249243366
1,24,32000.0,0.33851054989995
1,24,33000.0,0.3
1,24,34000.0,0.35347300533667
1,24,35000.0,0.34773989921788
1,24,36000.0,0.32404769415031
1,24,37000.0,0.35837488162427
1,24,38000.0,0.32082489320209
1,24,39000.0,0.3
1,24,40000.0,0.31103020671066
1,24,41000.0,0.3
1,24,42000.0,0.3
1,24,43000.0,0.36957925739757
1,24,44000.0,0.35701777816459
1,24,45000.0,0.31360668413874
1,24,46000.0,0.43186028651192
1,24,47000.0,0.35733738248832
1,24,48000.0,0.39698777525628
1,24,49000.0,0.411318614471
1,24,50000.0,0.38465134758721
2,0,5000.0,0.14388657481608
2,0,6000.0,0.41725178782603
2,0,7000.0,0.12856223803964
2,0,8000.0,0.11953794062368
2,0,9000.0,0.076174797165715
2,0,10000.0,0.018430628004792
2,0,11000.0,0.059521598388744
2,0,12000.0,0.10981853576422
2,0,13000.0,0.094452293612649
2,0,14000.0,0.087612957262389
2,0,15000.0,0.099059215054079
2,0,16000.0,0.099191695035817
2,0,17000.0,0.054643842700581
2,0,18000.0,0.12419387351359
2,0,19000.0,-0.10061739674356
2,0,20000.0,0.12748032724355
2,0,21000.0,0.098707062208082
2,0,22000.0,0.006941288853414
2,0,23000.0,0.099821523616092
2,0,24000.0,0.038068339956587
2,0,25000.0,0.3754569336015
2,0,26000.0,0.1451272282516
2,0,27000.0,0.0
2,0,28000.0,0.0084302372234314
2,0,29000.0,0.040674748995178
2,0,30000.0,0.0
2,0,31000.0,0.10249224043064
2,0,32000.0,0.13152018524471
2,0,33000.0,0.18304649944623
2,0,34000.0,0.13031229360617
2,0,35000.0,0.35008763573519
2,0,36000.0,0.30092007728859
2,0,37000.0,0.37843121255666
2,0,38000.0,0.46568009723048
2,0,39000.0,0.38439568770393
2,0,40000.0,0.40590682650533
2,0,41000.0,0.35390923613525
2,0,42000.0,0.43250864580685
2,0,43000.0,0.40526122661909
2,0,44000.0,0.47740047871254
2,0,45000.0,0.45267749680145
2,0,46000.0,0.37868667086993
2,0,47000.0,0.41452487967007
2,0,48000.0,0.36317829826036
2,0,49000.0,0.3
2,0,50000.0,0.36971413703533
2,1,5000.0,-0.54991281421101
2,1,6000.0,-0.51595011916643
2,1,7000.0,-0.49644238568591
2,1,8000.0,-0.61821893500879
2,1,9000.0,-0.58565127960038
2,1,10000.0,-0.48255975857645
2,1,11000.0,-0.6172476447672
2,1,12000.0,0.00095979277466796
2,1,13000.0,0.31359922021385
2,1,14000.0,0.052012830103425
2,1,15000.0,-0.040139604281876
2,1,16000.0,0.41145519451955
2,1,17000.0,0.23051748367126
2,1,18000.0,0.34203593922451
2,1,19000.0,0.087389050878036
2,1,20000.0,-0.086443117641787
2,1,21000.0,0.29370287658559
2,1,22000.0,0.1
2,1,23000.0,0.18656048116306
2,1,24000.0,0.1
2,1,25000.0,0.26193825443825
2,1,26000.0,0.23091014533594
2,1,27000.0,0.11751074200071
2,1,28000.0,0.17108061300679
2,1,29000.0,0.11809533855724
2,1,30000.0,0.1
2,1,31000.0,0.1
2,1,32000.0,0.32185167236697
2,1,33000.0,0.24359303758134
2,1,34000.0,0.3152512386362
2,1,35000.0,0.33850778300882
2,1,36000.0,0.1
2,1,37000.0,0.33408985773799
2,1,38000.0,0.30002118978787
2,1,39000.0,0.41436006100121
2,1,40000.0,0.0071468109706473
2,1,41000.0,0.32201290551341
2,1,42000.0,0.36709494131667
2,1,43000.0,0.44813020336667
2,1,44000.0,0.38092831062479
2,1,45000.0,0.39760427622098
2,1,46000.0,0.38621013535353
2,1,47000.0,0.34463215471388
2,1,48000.0,0.33954706677099
2,1,49000.0,0.30868109681103
2,1,50000.0,0.19791562586588
2,2,5000.0,0.0
2,2,6000.0,0.12726259474169
2,2,7000.0,0.16408775137714
2,2,8000.0,0.076619789197418
2,2,9000.0,0.13102858004678
2,2,10000.0,0.075257565494005
2,2,11000.0,0.078685026026946
2,2,12000.0,0.040857088857975
2,2,13000.0,0.15572951993992
2,2,14000.0,0.058645176105735
2,2,15000.0,0.15338601477583
2,2,16000.0,0.17909545801892
2,2,17000.0,0.15282468529703
2,2,18000.0,0.1548232850364
2,2,19000.0,0.16605417530184
2,2,20000.0,0.15860776176621
2,2,21000.0,0.81173119791557
2,2,22000.0,0.16564636187363
2,2,23000.0,0.1328251311479
2,2,24000.0,0.1227860128663
2,2,25000.0,0.17472794541221
2,2,26000.0,0.16194214653548
2,2,27000.0,-0.04174146775086
2,2,28000.0,0.13074433805692
2,2,29000.0,0.11757931963519
2,2,30000.0,0.17915147361521
2,2,31000.0,-0.50526550020127
2,2,32000.0,0.13391043925995
2,2,33000.0,0.1383376073415
2,2,34000.0,0.19505183033472
2,2,35000.0,0.19748365438302
2,2,36000.0,0.11078130596436
2,2,37000.0,0.17772766919987
2,2,38000.0,0.19801386756426
2,2,39000.0,0.20138122322772
2,2,40000.0,0.12646650512352
2,2,41000.0,0.20587258848284
2,2,42000.0,0.25032738226613
2,2,43000.0,0.24432003938038
2,2,44000.0,0.23512235548331
2,2,45000.0,0.25432048542382
2,2,46000.0,0.24867370540559
2,2,47000.0,0.24166655647329
2,2,48000.0,0.24735349376248
2,2,49000.0,0.24523983504358
2,2,50000.0,0.25347246122977
2,4,5000.0,0.13099597319181
2,4,6000.0,0.16541050343429
2,4,7000.0,0.35072458113465
2,4,8000.0,0.36504146723032
2,4,9000.0,-0.54867196829853
2,4,10000.0,-0.64214673891496
2,4,11000.0,-0.24648523144059
2,4,12000.0,0.34828245052946
2,4,13000.0,0.36136007468762
2,4,14000.0,0.059611557032849
2,4,15000.0,0.2536221883599
2,4,16000.0,0.18133989479207
2,4,17000.0,0.1
2,4,18000.0,0.39437683340546
2,4,19000.0,0.41396749331757
2,4,20000.0,0.28550207856676
2,4,21000.0,0.33220681742721
2,4,22000.0,0.19548262822652
2,4,23000.0,-0.041566438002071
2,4,24000.0,0.23778473545417
2,4,25000.0,0.30934058463608
2,4,26000.0,0.38541909975065
2,4,27000.0,0.24458632900864
2,4,28000.0,0.28983764193543
2,4,29000.0,0.34978694291448
2,4,30000.0,0.18381867343306
2,4,31000.0,0.20356301112865
2,4,32000.0,0.3169307200776
2,4,33000.0,0.024003561632243
2,4,34000.0,0.37941452106414
2,4,35000.0,0.31436186454875
2,4,36000.0,0.2280725388842
2,4,37000.0,0.33965245653982
2,4,38000.0,0.31649915020109
2,4,39000.0,0.29049490601472
2,4,40000.0,-0.025889098282031
2,4,41000.0,0.23620942722785
2,4,42000.0,0.34321442137797
2,4,43000.0,0.30110289463186
2,4,44000.0,0.4103972516595
2,4,45000.0,0.38258472583683
2,4,46000.0,0.30033745681551
2,4,47000.0,0.23918953711718
2,4,48000.0,0.24509499322179
2,4,49000.0,0.28721474046778
2,4,50000.0,0.31904441519321
2,5,5000.0,0.140396146321
2,5,6000.0,0.055903206293103
2,5,7000.0,0.15477326870947
2,5,8000.0,0.42586915371087
2,5,9000.0,0.056921015233811
2,5,10000.0,0.0
2,5,11000.0,0.12303486929046
2,5,12000.0,0.092082848079548
2,5,13000.0,0.059466773033103
2,5,14000.0,0.063277848367671
2,5,15000.0,0.098188525799673
2,5,16000.0,0.13229517134067
2,5,17000.0,0.094679653722593
2,5,18000.0,0.084158069959963
2,5,19000.0,0.14435891707217
2,5,20000.0,0.040103776533249
2,5,21000.0,0.041576469574618
2,5,22000.0,0.043507654995658
2,5,23000.0,0.048472703925348
2,5,24000.0,0.056936052379738
2,5,25000.0,0.092752064636885
2,5,26000.0,0.047779490595256
2,5,27000.0,0.019334959986217
2,5,28000.0,0.13601441828819
2,5,29000.0,0.34763507158348
2,5,30000.0,0.33302738169926
2,5,31000.0,0.3583401091086
2,5,32000.0,0.31515367504598
2,5,33000.0,0.30942455870805
2,5,34000.0,0.38992008134898
2,5,35000.0,0.41296489867854
2,5,36000.0,0.0
2,5,37000.0,0.38368977139232
2,5,38000.0,0.34780052557162
2,5,39000.0,-0.18535581081774
2,5,40000.0,0.36286097781578
2,5,41000.0,0.14890722228068
2,5,42000.0,0.40826966531286
2,5,43000.0,0.3727191473559
2,5,44000.0,0.41095155682797
2,5,45000.0,0.41295860227941
2,5,46000.0,0.35514440502896
2,5,47000.0,0.33293131020351
2,5,48000.0,0.38625458445883
2,5,49000.0,0.12009295804153
2,5,50000.0,0.25494598702541
2,6,5000.0,0.1078465990513
2,6,6000.0,0.010620726062617
2,6,7000.0,0.13063151055129
2,6,8000.0,0.11183607749506
2,6,9000.0,0.05607314140165
2,6,10000.0,0.050495560611205
2,6,11000.0,0.050255600677437
2,6,12000.0,0.032397220755778
2,6,13000.0,0.064649522522358
2,6,14000.0,0.090666891062579
2,6,15000.0,0.058193179981129
2,6,16000.0,0.11945714096914
2,6,17000.0,0.059670641603421
2,6,18000.0,0.096928875186306
2,6,19000.0,0.11542335464894
2,6,20000.0,0.048825472379945
2,6,21000.0,0.0093137954922093
2,6,22000.0,0.080869612006075
2,6,23000.0,0.33754041092532
2,6,24000.0,0.34777110865984
2,6,25000.0,0.38587846685465
2,6,26000.0,0.3854842076944
2,6,27000.0,0.3987033961189
2,6,28000.0,0.39496091750376
2,6,29000.0,0.30846463459451
2,6,30000.0,0.19504339433897
2,6,31000.0,0.38838322188084
2,6,32000.0,0.37669148376299
2,6,33000.0,0.3685160795085
2,6,34000.0,0.42139538814456
2,6,35000.0,0.43283527115362
2,6,36000.0,0.31941525198474
2,6,37000.0,0.41939165695517
2,6,38000.0,0.3836828206327
2,6,39000.0,-0.53044808547494
2,6,40000.0,-0.55096549572762
2,6,41000.0,-0.50415355891516
2,6,42000.0,0.1600568977438
2,6,43000.0,0.12306860539575
2,6,44000.0,0.19463639037002
2,6,45000.0,0.19545828327587
2,6,46000.0,0.19900581838774
2,6,47000.0,0.46428230957179
2,6,48000.0,0.46308856546423
2,6,49000.0,0.48086150999769
2,6,50000.0,0.47722520469261
2,7,5000.0,0.046625643355235
2,7,6000.0,0.044500402335379
2,7,7000.0,0.12197132360004
2,7,8000.0,0.065226302582147
2,7,9000.0,0.055365357341023
2,7,10000.0,-0.2
2,7,11000.0,0.081234233869167
2,7,12000.0,0.0
2,7,13000.0,-0.067661887038084
2,7,14000.0,0.078328113780108
2,7,15000.0,0.049870364441957
2,7,16000.0,0.073509980111427
2,7,17000.0,-0.10942593464894
2,7,18000.0,0.11385268441578
2,7,19000.0,-0.10279905259808
2,7,20000.0,0.018730755598512
2,7,21000.0,-0.15983511994501
2,7,22000.0,0.017052228938616
2,7,23000.0,0.016677706933581
2,7,24000.0,0.021334666341124
2,7,25000.0,0.1012592320695
2,7,26000.0,0.077063671158091
2,7,27000.0,0.35394796565457
2,7,28000.0,-0.14324456695977
2,7,29000.0,0.3
2,7,30000.0,0.3
2,7,31000.0,0.34556223684456
2,7,32000.0,0.33983629258158
2,7,33000.0,0.3
2,7,34000.0,0.43521017901729
2,7,35000.0,0.40516800663373
2,7,36000.0,0.310002417291
2,7,37000.0,0.34939347463184
2,7,38000.0,0.38598025764792
2,7,39000.0,0.76493373656755
2,7,40000.0,0.77565138768139
2,7,41000.0,0.33766560831457
2,7,42000.0,0.44717686975653
2,7,43000.0,0.47059048568211
2,7,44000.0,0.42580159098849
2,7,45000.0,0.45169361495469
2,7,46000.0,0.42660668168498
2,7,47000.0,0.4024984396679
2,7,48000.0,0.40120082480862
2,7,49000.0,0.3
2,7,50000.0,0.42440058461701
2,8,5000.0,-0.58707167167015
2,8,6000.0,-0.59731138859214
2,8,7000.0,-0.55985152317114
2,8,8000.0,-0.30685278695722
2,8,9000.0,-0.63694944393317
2,8,10000.0,-0.51027583956159
2,8,11000.0,-0.50375895378155
2,8,12000.0,0.35429576826787
2,8,13000.0,-0.33736880338136
2,8,14000.0,-0.57307764298814
2,8,15000.0,-0.61942945212851
2,8,16000.0,-0.41854363519801
2,8,17000.0,-0.57125936029751
2,8,18000.0,-0.18968616143968
2,8,19000.0,-0.45940027941698
2,8,20000.0,-0.60354530394244
2,8,21000.0,-0.42770128863696
2,8,22000.0,0.35099404918613
2,8,23000.0,0.16767739890592
2,8,24000.0,0.15454385138781
2,8,25000.0,0.45346568836414
2,8,26000.0,-0.18165809048452
2,8,27000.0,-0.49847293014888
2,8,28000.0,-0.56318859017493
2,8,29000.0,-0.37656867484993
2,8,30000.0,-0.65826372681008
2,8,31000.0,-0.26889648163694
2,8,32000.0,0.41724835394507
2,8,33000.0,0.43845623940933
2,8,34000.0,0.43511686398536
2,8,35000.0,0.34187022240542
2,8,36000.0,0.066716780679892
2,8,37000.0,0.39508990644021
2,8,38000.0,0.061499892586547
2,8,39000.0,0.39267950992772
2,8,40000.0,0.38096692320152
2,8,41000.0,0.1162107292667
2,8,42000.0,0.44251725628119
2,8,43000.0,0.44704322394634
2,8,44000.0,0.44075060211224
2,8,45000.0,0.47027697678903
2,8,46000.0,0.24752885533754
2,8,47000.0,0.25621225292282
2,8,48000.0,0.10433772775217
2,8,49000.0,0.24141248474723
2,8,50000.0,0.25605696509959
2,9,5000.0,0.076318585213873
2,9,6000.0,0.059958728625324
2,9,7000.0,0.15217946672444
2,9,8000.0,0.1069455826765
2,9,9000.0,0.10795009466259
2,9,10000.0,0.092042321948506
2,9,11000.0,0.14324783201381
2,9,12000.0,0.43041973251166
2,9,13000.0,0.12315577866453
2,9,14000.0,0.056209960918966
2,9,15000.0,0.24887305127669
2,9,16000.0,0.10688939911912
2,9,17000.0,0.066471059408823
2,9,18000.0,0.12070759882083
2,9,19000.0,0.15494432234393
2,9,20000.0,0.06434779536452
2,9,21000.0,0.11646491029666
2,9,22000.0,0.043863111875312
2,9,23000.0,-0.12505126872569
2,9,24000.0,0.0
2,9,25000.0,0.18523184089282
2,9,26000.0,0.12456792786464
2,9,27000.0,0.022339104256708
2,9,28000.0,0.06506750417195
2,9,29000.0,0.068481893663555
2,9,30000.0,0.094066305376043
2,9,31000.0,0.10013011536607
2,9,32000.0,0.12920227471304
2,9,33000.0,0.061025715807156
2,9,34000.0,0.17384603010826
2,9,35000.0,0.17588067838855
2,9,36000.0,0.055910148262586
2,9,37000.0,-0.50554151191288
2,9,38000.0,-0.56958165114589
2,9,39000.0,-0.55172749323912
2,9,40000.0,-0.58213172049979
2,9,41000.0,-0.54887716417856
2,9,42000.0,0.1422312896532
2,9,43000.0,0.18029055655714
2,9,44000.0,0.1606727583144
2,9,45000.0,0.15609690617307
2,9,46000.0,0.13699931627696
2,9,47000.0,0.38176856897517
2,9,48000.0,0.32691006205219
2,9,49000.0,0.33018718053742
2,9,50000.0,0.26373642623244
2,10,5000.0,0.3400298902784
2,10,6000.0,-0.58550106990983
2,10,7000.0,-0.58000385635907
2,10,8000.0,-0.62400260648357
2,10,9000.0,-0.61293395469782
2,10,10000.0,-0.7
2,10,11000.0,-0.6014164349869
2,10,12000.0,0.24303109610514
2,10,13000.0,0.24364004949741
2,10,14000.0,0.28079234212317
2,10,15000.0,-0.39559308361379
2,10,16000.0,-0.27252543333281
2,10,17000.0,-0.36357812963421
2,10,18000.0,-0.23306286694068
2,10,19000.0,-0.31154578179911
2,10,20000.0,-0.47784287743398
2,10,21000.0,-0.59348779711323
2,10,22000.0,0.12614020184523
2,10,23000.0,0.14166313905423
2,10,24000.0,0.0040668754780935
2,10,25000.0,0.33993779382569
2,10,26000.0,0.17634349784609
2,10,27000.0,-0.54805941643341
2,10,28000.0,-0.52140536828572
2,10,29000.0,-0.30973063576547
2,10,30000.0,-0.6112214848535
2,10,31000.0,-0.62190792606672
2,10,32000.0,0.0
2,10,33000.0,0.43284380975212
2,10,34000.0,0.50419050537198
2,10,35000.0,0.48413713068606
2,10,36000.0,0.51517986832832
2,10,37000.0,0.53134656097179
2,10,38000.0,0.49658341111469
2,10,39000.0,0.44224267039343
2,10,40000.0,0.46221152890997
2,10,41000.0,0.48216826931011
2,10,42000.0,0.50858270571004
2,10,43000.0,0.49786055773637
2,10,44000.0,0.50285614773252
2,10,45000.0,0.52231373631566
2,10,46000.0,-0.036797828402373
2,10,47000.0,0.3
2,10,48000.0,0.4449824330119
2,10,49000.0,0.12241631675473
2,10,50000.0,0.43221846681031
2,11,5000.0,0.3
2,11,6000.0,-0.078879276066514
2,11,7000.0,-0.66427920143481
2,11,8000.0,-0.67691835969828
2,11,9000.0,-0.5748520108204
2,11,10000.0,-0.66666666666667
2,11,11000.0,-0.45585397892362
2,11,12000.0,0.05872772542754
2,11,13000.0,0.10800221930398
2,11,14000.0,-0.19371075826863
2,11,15000.0,0.3
2,11,16000.0,0.1
2,11,17000.0,0.018667577484593
2,11,18000.0,0.16417122401084
2,11,19000.0,-0.16123529580374
2,11,20000.0,0.30193434052364
2,11,21000.0,0.012237585855294
2,11,22000.0,0.1
2,11,23000.0,0.3456073835604
2,11,24000.0,0.1
2,11,25000.0,0.40114433495731
2,11,26000.0,0.45227828710443
2,11,27000.0,-0.091915284960906
2,11,28000.0,0.37427328600223
2,11,29000.0,0.38113170985779
2,11,30000.0,0.3
2,11,31000.0,0.33203434766315
2,11,32000.0,0.3
2,11,33000.0,0.48000206904868
2,11,34000.0,0.48248546678249
2,11,35000.0,0.45349360809278
2,11,36000.0,0.42009984190344
2,11,37000.0,0.45058489311177
2,11,38000.0,0.49112884157052
2,11,39000.0,0.474862002463
2,11,40000.0,0.44042000739303
2,11,41000.0,0.4193024383025
2,11,42000.0,0.50118731741219
2,11,43000.0,0.47723527755249
2,11,44000.0,0.50480002764129
2,11,45000.0,0.51012671287125
2,11,46000.0,0.46080113553717
2,11,47000.0,0.46612245548616
2,11,48000.0,0.42804677257796
2,11,49000.0,0.3
2,11,50000.0,0.41458300120762
2,12,5000.0,-0.55323937318315
2,12,6000.0,-0.57145534664075
2,12,7000.0,-0.57695282427273
2,12,8000.0,-0.63205763330112
2,12,9000.0,-0.36563291546653
2,12,10000.0,-0.6958804667412
2,12,11000.0,-0.6
2,12,12000.0,0.10830046260357
2,12,13000.0,0.13044617677761
2,12,14000.0,0.38296681418283
2,12,15000.0,0.30368172725993
2,12,16000.0,0.29578033031672
2,12,17000.0,0.22456477539155
2,12,18000.0,0.33260079762557
2,12,19000.0,0.23076848213635
2,12,20000.0,0.28981671249987
2,12,21000.0,0.28910168269865
2,12,22000.0,0.1635601144731
2,12,23000.0,0.26613219153757
2,12,24000.0,0.2237511415002
2,12,25000.0,0.28697360396941
2,12,26000.0,0.28403082815963
2,12,27000.0,0.29873847030159
2,12,28000.0,0.27508416750931
2,12,29000.0,0.16171127949055
2,12,30000.0,0.19317977062155
2,12,31000.0,-0.025336697842038
2,12,32000.0,0.2369608297649
2,12,33000.0,0.2362382047606
2,12,34000.0,0.10590696529851
2,12,35000.0,0.16927241760062
2,12,36000.0,0.038185821320023
2,12,37000.0,0.20784904576734
2,12,38000.0,0.080888093684605
2,12,39000.0,-0.38820042100391
2,12,40000.0,-0.5
2,12,41000.0,-0.55364842190808
2,12,42000.0,0.28163804010256
2,12,43000.0,0.38273671032301
2,12,44000.0,0.40458459439306
2,12,45000.0,0.38810508793527
2,12,46000.0,0.47401335310395
2,12,47000.0,0.48523072622624
2,12,48000.0,0.3870613591247
2,12,49000.0,0.19108312075816
2,12,50000.0,0.35170570496909
2,13,5000.0,0.12670307117096
2,13,6000.0,0.14728110993209
2,13,7000.0,0.15647361139751
2,13,8000.0,0.11118870702576
2,13,9000.0,0.098473838726465
2,13,10000.0,0.0
2,13,11000.0,0.049450617872593
2,13,12000.0,0.3532930024467
2,13,13000.0,-0.47399237608171
2,13,14000.0,-0.56837291406106
2,13,15000.0,-0.51958464108083
2,13,16000.0,-0.4845614452585
2,13,17000.0,-0.60497482073991
2,13,18000.0,-0.47926158562302
2,13,19000.0,-0.20512451475193
2,13,20000.0,-0.36419281947411
2,13,21000.0,-0.49435706832272
2,13,22000.0,0.17929721121714
2,13,23000.0,0.45552727304935
2,13,24000.0,0.3
2,13,25000.0,0.47914003212816
2,13,26000.0,0.46291900805688
2,13,27000.0,0.41660690076838
2,13,28000.0,0.4145563792396
2,13,29000.0,0.44645775329828
2,13,30000.0,0.39176245035966
2,13,31000.0,0.42289850293245
2,13,32000.0,0.35071617775962
2,13,33000.0,0.46836371586119
2,13,34000.0,0.49618416758944
2,13,35000.0,0.43037505748818
2,13,36000.0,0.44303774515022
2,13,37000.0,0.49561427115319
2,13,38000.0,0.46878500022373
2,13,39000.0,0.40092584953327
2,13,40000.0,0.4871278295994
2,13,41000.0,-0.034769457475582
2,13,42000.0,0.47689453883211
2,13,43000.0,0.42869952678612
2,13,44000.0,0.47596289278856
2,13,45000.0,0.51620264246828
2,13,46000.0,0.37092002334681
2,13,47000.0,0.31773198402041
2,13,48000.0,0.37724411034935
2,13,49000.0,0.33288743162047
2,13,50000.0,0.33062619308185
2,14,5000.0,0.0
2,14,6000.0,0.0
2,14,7000.0,0.069384219451863
2,14,8000.0,0.1253767012909
2,14,9000.0,0.069132811486502
2,14,10000.0,0.063075843015059
2,14,11000.0,0.029017115708245
2,14,12000.0,0.054043483282526
2,14,13000.0,0.088829281150884
2,14,14000.0,0.14100431840334
2,14,15000.0,0.11349892867838
2,14,16000.0,0.15380329959105
2,14,17000.0,0.078499238796777
2,14,18000.0,0.12601951378749
2,14,19000.0,0.12219791451673
2,14,20000.0,0.11874154287132
2,14,21000.0,0.13836319021186
2,14,22000.0,0.082276492548618
2,14,23000.0,0.15227108606852
2,14,24000.0,0.10658240541351
2,14,25000.0,0.14713382794039
2,14,26000.0,0.1850933776679
2,14,27000.0,0.17271158884259
2,14,28000.0,0.41990324460373
2,14,29000.0,0.33135051044115
2,14,30000.0,0.45828945936787
2,14,31000.0,0.44779827996792
2,14,32000.0,0.49501339478727
2,14,33000.0,0.47022187468876
2,14,34000.0,0.48159552732688
2,14,35000.0,0.48861512050626
2,14,36000.0,0.46936848187412
2,14,37000.0,0.48515276235846
2,14,38000.0,0.46139444242556
2,14,39000.0,0.47930192234192
2,14,40000.0,0.47943141212708
2,14,41000.0,0.48646954896116
2,14,42000.0,0.50250326607815
2,14,43000.0,0.49433046508968
2,14,44000.0,0.49764124283354
2,14,45000.0,0.50807575430971
2,14,46000.0,0.49912869370392
2,14,47000.0,0.50845688633266
2,14,48000.0,0.51208663722864
2,14,49000.0,0.50702341553409
2,14,50000.0,0.50964553842114
2,15,5000.0,0.051247992969379
2,15,6000.0,0.012308534294736
2,15,7000.0,0.02696145999884
2,15,8000.0,0.022864694805905
2,15,9000.0,4.1769628686905e-05
2,15,10000.0,0.045727718826937
2,15,11000.0,0.099005715756051
2,15,12000.0,0.074814417539293
2,15,13000.0,0.082264448532213
2,15,14000.0,0.39129454104371
2,15,15000.0,0.36733296359934
2,15,16000.0,0.37403800367901
2,15,17000.0,0.39074712300739
2,15,18000.0,0.082264448532305
2,15,19000.0,0.37403800367903
2,15,20000.0,0.39275012906824
2,15,21000.0,0.37622138571577
2,15,22000.0,0.39028377613867
2,15,23000.0,0.34543802389624
2,15,24000.0,0.33570000624055
2,15,25000.0,0.39141000684006
2,15,26000.0,0.39203937379326
2,15,27000.0,0.34523968404482
2,15,28000.0,0.39216906281454
2,15,29000.0,0.3846682089869
2,15,30000.0,0.34455712585475
2,15,31000.0,0.39082923666336
2,15,32000.0,0.40239339973037
2,15,33000.0,0.40239339973039
2,15,34000.0,0.39275012906817
2,15,35000.0,0.40239339973041
2,15,36000.0,0.39875518152238
2,15,37000.0,0.37818097748028
2,15,38000.0,0.38801744944253
2,15,39000.0,0.39104116647516
2,15,40000.0,0.37547554722357
2,15,41000.0,0.3
2,15,42000.0,0.33612319833118
2,15,43000.0,0.3
2,15,44000.0,0.38382275746853
2,15,45000.0,0.3466302741945
2,15,46000.0,-0.2
2,15,47000.0,0.3
2,15,48000.0,-0.2
2,15,49000.0,0.30611055109314
2,15,50000.0,0.37567028389441
2,16,5000.0,0.0
2,16,6000.0,0.099381620679722
2,16,7000.0,0.11520716677068
2,16,8000.0,0.080219180470526
2,16,9000.0,0.0
2,16,10000.0,0.0
2,16,11000.0,0.0
2,16,12000.0,0.1686957780491
2,16,13000.0,0.18376896836155
2,16,14000.0,0.042068640916436
2,16,15000.0,0.20542042210238
2,16,16000.0,0.202176188846
2,16,17000.0,0.16487532698756
2,16,18000.0,0.22198414562795
2,16,19000.0,0.21459320446184
2,16,20000.0,0.2225747411931
2,16,21000.0,0.22141726632154
2,16,22000.0,0.19751397659113
2,16,23000.0,0.2051072381233
2,16,24000.0,0.15073610013535
2,16,25000.0,0.1532405278441
2,16,26000.0,0.22294332053547
2,16,27000.0,0.17822887427337
2,16,28000.0,0.15069953935708
2,16,29000.0,0.20092162692447
2,16,30000.0,0.13753880470163
2,16,31000.0,0.15103993167406
2,16,32000.0,0.13422306983232
2,16,33000.0,0.20405590293033
2,16,34000.0,0.20622101370167
2,16,35000.0,0.18812888754607
2,16,36000.0,0.1544060040504
2,16,37000.0,0.17796595488328
2,16,38000.0,0.22646689479036
2,16,39000.0,0.20275270046899
2,16,40000.0,0.14717539275272
2,16,41000.0,0.17012818218421
2,16,42000.0,0.22559730953339
2,16,43000.0,0.18936311039123
2,16,44000.0,0.23026787700136
2,16,45000.0,0.21962992511789
2,16,46000.0,0.17187656502218
2,16,47000.0,0.20081175848598
2,16,48000.0,0.0076197479701462
2,16,49000.0,0.33576257774952
2,16,50000.0,0.19185031359715
2,17,5000.0,0.37681760744016
2,17,6000.0,0.32879176222749
2,17,7000.0,0.36462600667793
2,17,8000.0,0.095981417659165
2,17,9000.0,0.060428389881826
2,17,10000.0,0.097911936594271
2,17,11000.0,0.12179967862408
2,17,12000.0,0.39267019738833
2,17,13000.0,0.12024700077618
2,17,14000.0,0.41442101375698
2,17,15000.0,0.39858995119878
2,17,16000.0,0.40822230069856
2,17,17000.0,0.40845844873031
2,17,18000.0,0.39907665848127
2,17,19000.0,0.40822230069858
2,17,20000.0,0.42340018924089
2,17,21000.0,0.41427861450309
2,17,22000.0,0.39979467162032
2,17,23000.0,0.37106077523885
2,17,24000.0,0.35848952843679
2,17,25000.0,0.1241319673776
2,17,26000.0,0.4176808201496
2,17,27000.0,0.092027138216555
2,17,28000.0,0.13075646683289
2,17,29000.0,0.12140729099251
2,17,30000.0,0.083218737841978
2,17,31000.0,0.11750746792227
2,17,32000.0,0.147357827937
2,17,33000.0,0.147357827937
2,17,34000.0,0.81375484969422
2,17,35000.0,-0.52181364068383
2,17,36000.0,-0.52755585029397
2,17,37000.0,-0.57426692327889
2,17,38000.0,-0.64194073321661
2,17,39000.0,-0.59826131390419
2,17,40000.0,-0.57719929803089
2,17,41000.0,-0.58398796146377
2,17,42000.0,0.37527392123683
2,17,43000.0,0.083836766945766
2,17,44000.0,0.17101054839371
2,17,45000.0,0.21997895533389
2,17,46000.0,0.2028375615874
2,17,47000.0,0.19973330242378
2,17,48000.0,0.21130129188489
2,17,49000.0,0.21277431077046
2,17,50000.0,0.22324589283156
2,18,5000.0,0.059738148405415
2,18,6000.0,0.15433237435027
2,18,7000.0,0.1645086074376
2,18,8000.0,-0.10755175108808
2,18,9000.0,0.14815061384121
2,18,10000.0,0.028851103953136
2,18,11000.0,0.074759162563578
2,18,12000.0,0.0
2,18,13000.0,0.11237091047024
2,18,14000.0,0.050486106988362
2,18,15000.0,-0.047050239805706
2,18,16000.0,0.33181573638485
2,18,17000.0,0.12114356646261
2,18,18000.0,0.16802507641666
2,18,19000.0,0.11140225811261
2,18,20000.0,0.15217016042732
2,18,21000.0,0.16822088897428
2,18,22000.0,0.38059534229955
2,18,23000.0,0.20870836204509
2,18,24000.0,0.0
2,18,25000.0,0.15239980217597
2,18,26000.0,0.18897502656916
2,18,27000.0,0.14780140147537
2,18,28000.0,0.14997697214138
2,18,29000.0,0.13338720899593
2,18,30000.0,0.091686412184517
2,18,31000.0,0.024989076823284
2,18,32000.0,0.056880473064811
2,18,33000.0,0.16143899815636
2,18,34000.0,0.15247159331957
2,18,35000.0,0.12636620223301
2,18,36000.0,0.065221201108968
2,18,37000.0,0.11168056199652
2,18,38000.0,0.015794618296029
2,18,39000.0,0.068931761548827
2,18,40000.0,0.12018921509875
2,18,41000.0,0.032284860318639
2,18,42000.0,0.20257793163029
2,18,43000.0,0.13851399523295
2,18,44000.0,0.21541938549195
2,18,45000.0,0.063415991477951
2,18,46000.0,0.11419319354946
2,18,47000.0,0.37924975279131
2,18,48000.0,0.061241670484249
2,18,49000.0,0.09693072508071
2,18,50000.0,0.096096973375588
2,19,5000.0,-0.62662999319177
2,19,6000.0,-0.6441101147976
2,19,7000.0,-0.5525608750896
2,19,8000.0,-0.7
2,19,9000.0,-0.38553955729403
2,19,10000.0,-0.54866237778912
2,19,11000.0,-0.63775577047289
2,19,12000.0,0.1
2,19,13000.0,0.15515297065505
2,19,14000.0,-0.060843324174837
2,19,15000.0,0.39524175514641
2,19,16000.0,0.32970979718284
2,19,17000.0,0.20998743679891
2,19,18000.0,0.32102155823824
2,19,19000.0,0.30755611527785
2,19,20000.0,0.2786127479055
2,19,21000.0,0.21541072244374
2,19,22000.0,0.24484144467858
2,19,23000.0,0.22925397239883
2,19,24000.0,-0.2
2,19,25000.0,0.34275698390397
2,19,26000.0,0.34432531279478
2,19,27000.0,0.14740902267608
2,19,28000.0,0.24256525953861
2,19,29000.0,0.38447164795599
2,19,30000.0,0.10575139613582
2,19,31000.0,0.16183085412638
2,19,32000.0,0.20421385083713
2,19,33000.0,0.13966366856349
2,19,34000.0,0.32834279037503
2,19,35000.0,0.19586161977496
2,19,36000.0,0.17852568541454
2,19,37000.0,0.29682474878338
2,19,38000.0,0.1
2,19,39000.0,0.16872918081407
2,19,40000.0,0.32553618585336
2,19,41000.0,0.14963470642772
2,19,42000.0,0.38444282209693
2,19,43000.0,0.42309143214656
2,19,44000.0,0.43603276987075
2,19,45000.0,0.40145550247979
2,19,46000.0,0.35292778449367
2,19,47000.0,0.38378960454572
2,19,48000.0,0.35470826951779
2,19,49000.0,0.35999187236692
2,19,50000.0,0.35826868734028
2,20,5000.0,0.07850851431407
2,20,6000.0,0.060645354450164
2,20,7000.0,0.14805411293881
2,20,8000.0,0.13366194456796
2,20,9000.0,0.035250435295453
2,20,10000.0,0.033492948487349
2,20,11000.0,0.0956061959197
2,20,12000.0,0.34602511859175
2,20,13000.0,-0.10789477889331
2,20,14000.0,0.1109093662425
2,20,15000.0,-0.21547346748525
2,20,16000.0,-0.56253930145948
2,20,17000.0,-0.34541563892171
2,20,18000.0,-0.51193657071944
2,20,19000.0,-0.51104817479511
2,20,20000.0,-0.52114891417769
2,20,21000.0,-0.50564543266791
2,20,22000.0,0.06140174169151
2,20,23000.0,0.10710727510095
2,20,24000.0,0.047369085076543
2,20,25000.0,0.1814643568221
2,20,26000.0,0.12181977335269
2,20,27000.0,0.091512046665372
2,20,28000.0,0.13922279249674
2,20,29000.0,0.12727319433082
2,20,30000.0,0.038531225809076
2,20,31000.0,0.028854190972369
2,20,32000.0,0.12943568577799
2,20,33000.0,0.0
2,20,34000.0,-0.010220218102842
2,20,35000.0,0.16053047858758
2,20,36000.0,0.0
2,20,37000.0,0.15660065565421
2,20,38000.0,0.052460682052789
2,20,39000.0,0.1056189280159
2,20,40000.0,0.04180113975078
2,20,41000.0,0.027142894332667
2,20,42000.0,0.13970110952714
2,20,43000.0,0.15941557696491
2,20,44000.0,0.45301761631218
2,20,45000.0,0.43934334606149
2,20,46000.0,0.40859664815369
2,20,47000.0,0.42775859420701
2,20,48000.0,0.30489806621377
2,20,49000.0,0.412898780121
2,20,50000.0,0.37014927793501
2,21,5000.0,0.1105549253644
2,21,6000.0,0.075988580962057
2,21,7000.0,0.056210477764585
2,21,8000.0,-0.65513513219091
2,21,9000.0,-0.65415141049332
2,21,10000.0,-0.66666666666667
2,21,11000.0,-0.59156605765959
2,21,12000.0,0.42249077905214
2,21,13000.0,0.42542446192537
2,21,14000.0,0.3851108208361
2,21,15000.0,0.36309228264524
2,21,16000.0,0.42591953360309
2,21,17000.0,0.3158736724657
2,21,18000.0,0.42194172443845
2,21,19000.0,0.41637065370636
2,21,20000.0,0.22274128226547
2,21,21000.0,0.37179528958486
2,21,22000.0,0.32375780370358
2,21,23000.0,0.37728712956198
2,21,24000.0,0.30001191378506
2,21,25000.0,0.40100113592866
2,21,26000.0,0.41148466052035
2,21,27000.0,0.28397628407981
2,21,28000.0,0.28127761645825
2,21,29000.0,0.33466418328184
2,21,30000.0,0.1
2,21,31000.0,0.18286863247666
2,21,32000.0,0.28039595955473
2,21,33000.0,0.27358880142251
2,21,34000.0,0.27552687377503
2,21,35000.0,0.1
2,21,36000.0,0.15341082151931
2,21,37000.0,0.37378297409035
2,21,38000.0,0.39513267865781
2,21,39000.0,0.27783946141453
2,21,40000.0,0.36373782344268
2,21,41000.0,0.045799757236385
2,21,42000.0,0.036638417213198
2,21,43000.0,0.39346053361407
2,21,44000.0,0.3885374412876
2,21,45000.0,0.42089360698602
2,21,46000.0,0.29122463972864
2,21,47000.0,0.35984398313624
2,21,48000.0,0.3167187147049
2,21,49000.0,0.30513068507069
2,21,50000.0,0.30110921033239
2,22,5000.0,-0.62324371135125
2,22,6000.0,-0.69069704476156
2,22,7000.0,-0.60508952239388
2,22,8000.0,-0.62785103999288
2,22,9000.0,-0.35534872211952
2,22,10000.0,-0.53381565237261
2,22,11000.0,-0.54191566922501
2,22,12000.0,0.402890069596
2,22,13000.0,0.076350862825593
2,22,14000.0,0.29174810261741
2,22,15000.0,0.28674155192519
2,22,16000.0,0.29132707863349
2,22,17000.0,0.29809239383574
2,22,18000.0,0.27867968741558
2,22,19000.0,0.27272074646235
2,22,20000.0,0.30926695791129
2,22,21000.0,0.31117569030349
2,22,22000.0,0.22974471631836
2,22,23000.0,0.2923828614252
2,22,24000.0,0.26604579129218
2,22,25000.0,0.27748594511684
2,22,26000.0,0.27045432956362
2,22,27000.0,0.31187310902889
2,22,28000.0,0.25072194336797
2,22,29000.0,0.10983455144889
2,22,30000.0,0.20377040939397
2,22,31000.0,0.1783960782551
2,22,32000.0,0.33236488404886
2,22,33000.0,0.33125218381159
2,22,34000.0,0.29598605845639
2,22,35000.0,0.3506595161943
2,22,36000.0,0.2969635895497
2,22,37000.0,0.31166158888712
2,22,38000.0,-0.36671303233703
2,22,39000.0,-0.43527067342843
2,22,40000.0,-0.31431467771732
2,22,41000.0,-0.27019545604897
2,22,42000.0,0.40291629964063
2,22,43000.0,0.39730085519248
2,22,44000.0,0.40574616592279
2,22,45000.0,0.44873642054375
2,22,46000.0,0.41992928263448
2,22,47000.0,0.42921983270109
2,22,48000.0,0.42763453244276
2,22,49000.0,0.49165667138328
2,22,50000.0,0.43426632015116
2,23,5000.0,-0.66666666666667
2,23,6000.0,-0.56390316352937
2,23,7000.0,-0.62241729747661
2,23,8000.0,-0.37915852069183
2,23,9000.0,-0.41885272759279
2,23,10000.0,-0.66666666666667
2,23,11000.0,-0.51138319954529
2,23,12000.0,0.30997198619782
2,23,13000.0,0.0086828827728046
2,23,14000.0,0.12565705716231
2,23,15000.0,0.15354703104015
2,23,16000.0,0.36214745798092
2,23,17000.0,0.23206420893466
2,23,18000.0,0.31352772292349
2,23,19000.0,0.33150656631182
2,23,20000.0,0.23437408491027
2,23,21000.0,0.29437986411652
2,23,22000.0,0.0
2,23,23000.0,0.22739123067959
2,23,24000.0,0.30609558157252
2,23,25000.0,0.32741276623857
2,23,26000.0,0.2867716096345
2,23,27000.0,0.1
2,23,28000.0,0.21241459661535
2,23,29000.0,0.29393572553608
2,23,30000.0,0.11100682289238
2,23,31000.0,0.2428853628907
2,23,32000.0,0.19974457652586
2,23,33000.0,0.12415246310948
2,23,34000.0,0.39220669217112
2,23,35000.0,0.30914087549669
2,23,36000.0,0.22341187655439
2,23,37000.0,0.34559174810631
2,23,38000.0,0.3486611106146
2,23,39000.0,0.2967650322218
2,23,40000.0,0.24611839658894
2,23,41000.0,0.34960292067184
2,23,42000.0,0.39718063924712
2,23,43000.0,0.39319667452565
2,23,44000.0,0.427307831557
2,23,45000.0,0.21356097747649
2,23,46000.0,0.36307013098294
2,23,47000.0,0.38143296251079
2,23,48000.0,0.18733647943856
2,23,49000.0,0.40936561024394
2,23,50000.0,0.30510282129122
2,24,5000.0,0.066743540560255
2,24,6000.0,0.023675516295393
2,24,7000.0,0.047366145180682
2,24,8000.0,0.065619999039063
2,24,9000.0,0.032809999519378
2,24,10000.0,0.042925569069986
2,24,11000.0,0.043892036529712
2,24,12000.0,0.067612067722831
2,24,13000.0,0.35008038496072
2,24,14000.0,0.36916654655114
2,24,15000.0,0.35404031443966
2,24,16000.0,0.0556448721786
2,24,17000.0,0.36175061812375
2,24,18000.0,0.36145624286223
2,24,19000.0,0.35008038496069
2,24,20000.0,0.3803353438813
2,24,21000.0,0.08464259183284
2,24,22000.0,0.35097348959425
2,24,23000.0,0.32509341286815
2,24,24000.0,0.31442771451688
2,24,25000.0,0.36580534643148
2,24,26000.0,0.37322127485001
2,24,27000.0,0.33483607011774
2,24,28000.0,0.37322127484998
2,24,29000.0,0.36519996451966
2,24,30000.0,0.32986495326576
2,24,31000.0,0.35838941801281
2,24,32000.0,0.38144216163471
2,24,33000.0,0.38144216163471
2,24,34000.0,0.37077646328106
2,24,35000.0,0.38144216163471
2,24,36000.0,0.38144216163469
2,24,37000.0,0.34111274960904
2,24,38000.0,0.34131232606351
2,24,39000.0,0.38144216163473
2,24,40000.0,0.36275515295304
2,24,41000.0,0.34329644864782
2,24,42000.0,0.3682052532958
2,24,43000.0,0.053238867145027
2,24,44000.0,0.3497693783193
2,24,45000.0,0.33294840948639
2,24,46000.0,0.30288055349186
2,24,47000.0,0.3
2,24,48000.0,0.11070736136271
2,24,49000.0,0.38497067178424
2,24,50000.0,0.41409494434107
3,0,5000.0,0.11984787411165
3,0,6000.0,0.16553726361915
3,0,7000.0,0.17211787101832
3,0,8000.0,0.16390802542443
3,0,9000.0,0.047149058930747
3,0,10000.0,0.0081506121268279
3,0,11000.0,0.083202975129213
3,0,12000.0,0.15144054433913
3,0,13000.0,0.14252374949416
3,0,14000.0,0.16111033693915
3,0,15000.0,0.15482289014341
3,0,16000.0,0.13332196122738
3,0,17000.0,0.17096018443243
3,0,18000.0,0.13472386797251
3,0,19000.0,0.18472298606721
3,0,20000.0,0.10892944223906
3,0,21000.0,0.16011271110798
3,0,22000.0,0.16230883757749
3,0,23000.0,0.40399525179967
3,0,24000.0,0.38228675694015
3,0,25000.0,0.46658127081424
3,0,26000.0,0.36538369330813
3,0,27000.0,0.42956713906515
3,0,28000.0,0.45626814875871
3,0,29000.0,0.43677318858309
3,0,30000.0,0.20410039220104
3,0,31000.0,0.47007795787237
3,0,32000.0,-0.53022085155479
3,0,33000.0,-0.49168805485844
3,0,34000.0,-0.48496385984297
3,0,35000.0,-0.56083198400254
3,0,36000.0,-0.54373940654206
3,0,37000.0,-0.44428561938552
3,0,38000.0,-0.46938571571488
3,0,39000.0,-0.41387211034346
3,0,40000.0,-0.41802549439534
3,0,41000.0,-0.41295777731588
3,0,42000.0,0.25766409284494
3,0,43000.0,0.2582649402631
3,0,44000.0,0.10670452065462
3,0,45000.0,0.2582649402631
3,0,46000.0,0.2582649402631
3,0,47000.0,0.25558710054549
3,0,48000.0,0.2582649402631
3,0,49000.0,0.10991792831572
3,0,50000.0,0.10991792831572
3,1,5000.0,0.170331557813
3,1,6000.0,0.047061554467052
3,1,7000.0,0.33099782696761
3,1,8000.0,0.057552391383507
3,1,9000.0,0.024300823222966
3,1,10000.0,0.16918994768262
3,1,11000.0,0.048939126457973
3,1,12000.0,-0.13674369557105
3,1,13000.0,0.056146144048742
3,1,14000.0,0.33067272885442
3,1,15000.0,0.33969028988874
3,1,16000.0,0.34575936750017
3,1,17000.0,0.34491098311911
3,1,18000.0,0.35456135545409
3,1,19000.0,0.35519416675474
3,1,20000.0,0.33526061078424
3,1,21000.0,0.063584960650751
3,1,22000.0,0.34715885403049
3,1,23000.0,0.31392235280568
3,1,24000.0,0.3
3,1,25000.0,0.37520257935031
3,1,26000.0,0.384505215284
3,1,27000.0,0.3
3,1,28000.0,0.37209242908839
3,1,29000.0,0.36366098805835
3,1,30000.0,0.33864947736553
3,1,31000.0,0.35090322201435
3,1,32000.0,0.080125850240231
3,1,33000.0,0.36259710616712
3,1,34000.0,0.37390011657639
3,1,35000.0,0.062467957823516
3,1,36000.0,0.37587799645377
3,1,37000.0,0.32930083562729
3,1,38000.0,0.36312610821036
3,1,39000.0,0.3631261082103
3,1,40000.0,0.37090611193295
3,1,41000.0,0.35096493891983
3,1,42000.0,-0.1491638828751
3,1,43000.0,0.35609331987975
3,1,44000.0,0.71922775497404
3,1,45000.0,0.32661591118439
3,1,46000.0,0.3
3,1,47000.0,0.30603830064468
3,1,48000.0,0.33727584774167
3,1,49000.0,0.3
3,1,50000.0,-0.1963389773798
3,2,5000.0,0.16883878534352
3,2,6000.0,0.19044156558198
3,2,7000.0,0.16952313349582
3,2,8000.0,0.12847546826026
3,2,9000.0,0.0
3,2,10000.0,0.0
3,2,11000.0,0.17582507520144
3,2,12000.0,0.2379266692884
3,2,13000.0,0.24512201105778
3,2,14000.0,0.22431118276256
3,2,15000.0,0.23199281656865
3,2,16000.0,0.078070676267034
3,2,17000.0,0.20691355637352
3,2,18000.0,0.20926612892169
3,2,19000.0,0.24093049340984
3,2,20000.0,0.16670562949152
3,2,21000.0,0.23448272192555
3,2,22000.0,0.21358669765442
3,2,23000.0,0.14803807746289
3,2,24000.0,0.17831474390409
3,2,25000.0,0.22627805695699
3,2,26000.0,0.21629438544214
3,2,27000.0,0.16590528881098
3,2,28000.0,0.17177005653205
3,2,29000.0,0.21775474039595
3,2,30000.0,0.36880706684338
3,2,31000.0,0.13814029094312
3,2,32000.0,0.17457046507302
3,2,33000.0,0.21173555149943
3,2,34000.0,0.20092441285909
3,2,35000.0,0.093546629062645
3,2,36000.0,0.16619413009025
3,2,37000.0,0.21287192164105
3,2,38000.0,0.21019027010137
3,2,39000.0,0.19241784295123
3,2,40000.0,0.15968502064437
3,2,41000.0,0.22240917165519
3,2,42000.0,0.22156433105887
3,2,43000.0,0.17798713096864
3,2,44000.0,0.12682892219813
3,2,45000.0,0.21537916210975
3,2,46000.0,0.20338431338416
3,2,47000.0,0.23034752714879
3,2,48000.0,0.23139401324529
3,2,49000.0,0.18864492077843
3,2,50000.0,0.19522963007543
3,4,5000.0,-0.487210083858
3,4,6000.0,-0.48030139155843
3,4,7000.0,-0.44974285598667
3,4,8000.0,-0.43308390651261
3,4,9000.0,-0.45824546584667
3,4,10000.0,-0.19267292596308
3,4,11000.0,-0.33318641207718
3,4,12000.0,0.22669148185405
3,4,13000.0,0.452503823301
3,4,14000.0,0.45673705383398
3,4,15000.0,0.41267721911056
3,4,16000.0,0.41217285354342
3,4,17000.0,0.50707233109499
3,4,18000.0,0.42494001904377
3,4,19000.0,0.41445536078473
3,4,20000.0,0.38695176975738
3,4,21000.0,0.47135278883915
3,4,22000.0,0.44845798432693
3,4,23000.0,0.38478731559248
3,4,24000.0,0.098805423445286
3,4,25000.0,0.41344718943031
3,4,26000.0,0.37773359081126
3,4,27000.0,-0.25554771843896
3,4,28000.0,-0.34370298223149
3,4,29000.0,0.17376558289731
3,4,30000.0,-0.19541254877714
3,4,31000.0,-0.31366539206491
3,4,32000.0,0.37303732131281
3,4,33000.0,0.40864228957885
3,4,34000.0,0.38391167535523
3,4,35000.0,0.36588215660185
3,4,36000.0,0.31779120482935
3,4,37000.0,0.39627369041483
3,4,38000.0,0.42764111011072
3,4,39000.0,0.19631826666396
3,4,40000.0,0.29668929821726
3,4,41000.0,0.37974803904279
3,4,42000.0,0.38076215384209
3,4,43000.0,0.39262369928523
3,4,44000.0,0.18835874643429
3,4,45000.0,0.16233213303682
3,4,46000.0,0.45001356753434
3,4,47000.0,0.29696539887793
3,4,48000.0,0.4226526428474
3,4,49000.0,0.43003913784702
3,4,50000.0,0.36000023807419
3,5,5000.0,0.37666191324756
3,5,6000.0,0.073900159199015
3,5,7000.0,0.097231377934105
3,5,8000.0,0.099756907043463
3,5,9000.0,0.35378184702102
3,5,10000.0,0.060244127967113
3,5,11000.0,0.066716854429983
3,5,12000.0,0.13999418275057
3,5,13000.0,0.12552255776454
3,5,14000.0,0.097109019783349
3,5,15000.0,0.12869586394214
3,5,16000.0,0.13926768696679
3,5,17000.0,0.081529486213408
3,5,18000.0,0.14184215613642
3,5,19000.0,0.42708823608938
3,5,20000.0,0.10126953478325
3,5,21000.0,0.15013771825215
3,5,22000.0,0.15331884707225
3,5,23000.0,0.04101808086148
3,5,24000.0,0.084938351187632
3,5,25000.0,0.13417998297436
3,5,26000.0,0.10108672079272
3,5,27000.0,0.028021400794828
3,5,28000.0,0.096856623813716
3,5,29000.0,0.38575192985238
3,5,30000.0,0.3
3,5,31000.0,-0.2
3,5,32000.0,0.0
3,5,33000.0,0.17592352545307
3,5,34000.0,0.21346040891482
3,5,35000.0,0.42695326903344
3,5,36000.0,0.22350657727971
3,5,37000.0,0.23060647092798
3,5,38000.0,0.21447594759894
3,5,39000.0,0.23315744088951
3,5,40000.0,0.243308347687
3,5,41000.0,0.22170628931285
3,5,42000.0,0.23074537201072
3,5,43000.0,0.2422877550353
3,5,44000.0,0.20934477667783
3,5,45000.0,0.4441160118562
3,5,46000.0,0.19062857003505
3,5,47000.0,0.15396343767861
3,5,48000.0,0.12429766327591
3,5,49000.0,0.068831665904571
3,5,50000.0,0.10609461146819
3,6,5000.0,-0.16439721798599
3,6,6000.0,0.055328795862453
3,6,7000.0,0.044720164754729
3,6,8000.0,0.080357859898176
3,6,9000.0,0.060474382121531
3,6,10000.0,0.050743404917086
3,6,11000.0,0.080112666712377
3,6,12000.0,0.090482449067892
3,6,13000.0,0.062726832208755
3,6,14000.0,0.073271340234229
3,6,15000.0,0.090857894497055
3,6,16000.0,0.070719280630169
3,6,17000.0,0.057398744737996
3,6,18000.0,0.083609259134364
3,6,19000.0,0.091285279422784
3,6,20000.0,0.036546274488799
3,6,21000.0,-0.13211285598863
3,6,22000.0,0.027203712495895
3,6,23000.0,0.0
3,6,24000.0,0.0
3,6,25000.0,0.080341608329605
3,6,26000.0,0.37060138730013
3,6,27000.0,0.32906623994601
3,6,28000.0,0.35384609103678
3,6,29000.0,0.37171544894656
3,6,30000.0,0.3
3,6,31000.0,0.0
3,6,32000.0,0.36574739389954
3,6,33000.0,0.39835856037991
3,6,34000.0,0.40045040885657
3,6,35000.0,0.39649725400904
3,6,36000.0,0.40130946874223
3,6,37000.0,0.39462181711017
3,6,38000.0,0.40623986496104
3,6,39000.0,0.40971085762097
3,6,40000.0,0.42023037003022
3,6,41000.0,0.39907131313124
3,6,42000.0,-0.02466917468327
3,6,43000.0,0.42417254479627
3,6,44000.0,0.34844640191737
3,6,45000.0,-0.6291128553275
3,6,46000.0,-0.66012350075198
3,6,47000.0,-0.52903252174416
3,6,48000.0,-0.66709830919661
3,6,49000.0,-0.7
3,6,50000.0,-0.67497386341301
3,7,5000.0,0.063216561164101
3,7,6000.0,0.082683340798737
3,7,7000.0,0.083825207437578
3,7,8000.0,0.034195867662319
3,7,9000.0,0.063402205716458
3,7,10000.0,0.0
3,7,11000.0,0.019980405370675
3,7,12000.0,0.094798148151225
3,7,13000.0,0.089022163690122
3,7,14000.0,0.071898678204621
3,7,15000.0,0.12761065181403
3,7,16000.0,0.092528597573598
3,7,17000.0,0.074181073686639
3,7,18000.0,0.11203630801563
3,7,19000.0,0.12058623062835
3,7,20000.0,0.08349055038275
3,7,21000.0,0.12219186517535
3,7,22000.0,0.11167717985974
3,7,23000.0,0.0
3,7,24000.0,0.34972934838643
3,7,25000.0,0.42935052131123
3,7,26000.0,0.37391770169973
3,7,27000.0,0.34683763682635
3,7,28000.0,0.40182982465625
3,7,29000.0,0.42190817653499
3,7,30000.0,0.35762122304579
3,7,31000.0,0.35256119390494
3,7,32000.0,0.3188818909816
3,7,33000.0,0.37933524165579
3,7,34000.0,0.41075126464104
3,7,35000.0,0.40923743755344
3,7,36000.0,0.37777455151486
3,7,37000.0,0.39556055191671
3,7,38000.0,0.38423470493425
3,7,39000.0,0.37557022377661
3,7,40000.0,0.41348766049321
3,7,41000.0,0.40983855868118
3,7,42000.0,0.39115219949843
3,7,43000.0,0.44185440759849
3,7,44000.0,0.068164712065284
3,7,45000.0,0.34261155746288
3,7,46000.0,0.36019991471189
3,7,47000.0,0.04730347112176
3,7,48000.0,0.0
3,7,49000.0,0.3
3,7,50000.0,0.31317360296245
3,8,5000.0,0.078795054950797
3,8,6000.0,0.058515932603247
3,8,7000.0,0.1
3,8,8000.0,0.18999151644046
3,8,9000.0,0.09530933969141
3,8,10000.0,0.044621789012715
3,8,11000.0,0.16501767007955
3,8,12000.0,0.19079073742068
3,8,13000.0,0.18266665593225
3,8,14000.0,0.1932194931794
3,8,15000.0,0.17123181681288
3,8,16000.0,0.18599737916839
3,8,17000.0,0.18641528029604
3,8,18000.0,0.18396281670588
3,8,19000.0,0.35190508720823
3,8,20000.0,0.16652585052806
3,8,21000.0,0.18786294974044
3,8,22000.0,0.17670740380016
3,8,23000.0,0.13825441906394
3,8,24000.0,0.032821195134464
3,8,25000.0,0.15616323451638
3,8,26000.0,0.1230924373056
3,8,27000.0,0.12190782912868
3,8,28000.0,0.063906981973949
3,8,29000.0,0.1296098634589
3,8,30000.0,0.17050361983085
3,8,31000.0,0.11474995134882
3,8,32000.0,0.12196246461949
3,8,33000.0,0.12103370680637
3,8,34000.0,0.1438552119606
3,8,35000.0,0.09304820407932
3,8,36000.0,0.0045329886822877
3,8,37000.0,0.12051335229999
3,8,38000.0,0.14544451852613
3,8,39000.0,0.11633408194525
3,8,40000.0,0.094720249365846
3,8,41000.0,0.1454493334976
3,8,42000.0,0.13155577547347
3,8,43000.0,0.13589836739151
3,8,44000.0,0.0
3,8,45000.0,0.10919825665089
3,8,46000.0,0.16550298176736
3,8,47000.0,0.13397485418969
3,8,48000.0,0.42636255900494
3,8,49000.0,0.04225527430126
3,8,50000.0,0.078341914431297
3,9,5000.0,0.1402543173135
3,9,6000.0,0.097622541577312
3,9,7000.0,0.061345566560924
3,9,8000.0,0.1425833205871
3,9,9000.0,0.038890755850762
3,9,10000.0,0.0
3,9,11000.0,0.12960550270192
3,9,12000.0,0.15886894747756
3,9,13000.0,0.17363297801044
3,9,14000.0,0.15913921441869
3,9,15000.0,0.098029817264531
3,9,16000.0,0.14761782043337
3,9,17000.0,0.14111570143634
3,9,18000.0,0.16462570305545
3,9,19000.0,0.12148571174167
3,9,20000.0,0.27164488000101
3,9,21000.0,0.17439081590538
3,9,22000.0,0.16535164373178
3,9,23000.0,0.0
3,9,24000.0,0.0
3,9,25000.0,0.18894141665536
3,9,26000.0,0.13614990585182
3,9,27000.0,0.10337903451299
3,9,28000.0,0.11434088395348
3,9,29000.0,0.1338115811531
3,9,30000.0,0.1671700588605
3,9,31000.0,0.098515410375642
3,9,32000.0,0.054476699038617
3,9,33000.0,0.097370358222427
3,9,34000.0,0.12796688786728
3,9,35000.0,0.088066230069393
3,9,36000.0,0.0
3,9,37000.0,0.39434837336694
3,9,38000.0,0.19541417003487
3,9,39000.0,0.1826067331296
3,9,40000.0,0.093343821201082
3,9,41000.0,0.16097908331208
3,9,42000.0,0.18410479123943
3,9,43000.0,0.19080054910112
3,9,44000.0,0.003560678245773
3,9,45000.0,0.074546817012233
3,9,46000.0,0.46938934021386
3,9,47000.0,0.12896038936352
3,9,48000.0,0.14424801313654
3,9,49000.0,0.091443001894474
3,9,50000.0,0.013139013810276
3,10,5000.0,0.095165513253042
3,10,6000.0,0.10602911952059
3,10,7000.0,0.14049897244487
3,10,8000.0,0.13318416356247
3,10,9000.0,0.043765058660677
3,10,10000.0,0.041660507427617
3,10,11000.0,0.040897611225327
3,10,12000.0,0.46172931633123
3,10,13000.0,0.44554914051925
3,10,14000.0,0.44198566049322
3,10,15000.0,0.45900209088247
3,10,16000.0,0.17450424236533
3,10,17000.0,0.43382974300022
3,10,18000.0,0.46417079194473
3,10,19000.0,0.47564912118624
3,10,20000.0,0.46037897524661
3,10,21000.0,0.47604654609442
3,10,22000.0,0.46528376964257
3,10,23000.0,0.42073995769779
3,10,24000.0,0.44139798713526
3,10,25000.0,0.46482125321494
3,10,26000.0,0.16863486788901
3,10,27000.0,0.050140796847018
3,10,28000.0,0.068774370373712
3,10,29000.0,-0.51393006267786
3,10,30000.0,-0.47394423655112
3,10,31000.0,-0.65728834506493
3,10,32000.0,0.0
3,10,33000.0,0.46019856836484
3,10,34000.0,0.47628824060418
3,10,35000.0,0.45435046342015
3,10,36000.0,0.46334893882233
3,10,37000.0,0.22999710624412
3,10,38000.0,0.50212817287127
3,10,39000.0,0.48789744031813
3,10,40000.0,0.5054675489247
3,10,41000.0,0.50343536877091
3,10,42000.0,0.50810652717078
3,10,43000.0,0.48499929495154
3,10,44000.0,0.48306907366622
3,10,45000.0,0.50031104690056
3,10,46000.0,0.42690223257415
3,10,47000.0,0.50172167074776
3,10,48000.0,0.50928375841478
3,10,49000.0,0.49215136533185
3,10,50000.0,0.46503838509362
3,11,5000.0,0.12922988908116
3,11,6000.0,0.17599342620015
3,11,7000.0,0.025663705265216
3,11,8000.0,0.18150904865507
3,11,9000.0,0.087259490093949
3,11,10000.0,0.2702864957268
3,11,11000.0,0.157581051116
3,11,12000.0,0.14906086838762
3,11,13000.0,0.17201778122997
3,11,14000.0,0.19636937921565
3,11,15000.0,0.11529824790927
3,11,16000.0,0.1650097207226
3,11,17000.0,0.1797366604478
3,11,18000.0,0.17986041887895
3,11,19000.0,0.15985853944188
3,11,20000.0,0.099789030661959
3,11,21000.0,0.20134660408602
3,11,22000.0,0.18136036753234
3,11,23000.0,0.14915029713484
3,11,24000.0,0.051683692260247
3,11,25000.0,0.15735306490677
3,11,26000.0,0.14368044786106
3,11,27000.0,0.087743033757798
3,11,28000.0,0.38117949890492
3,11,29000.0,0.43334552033091
3,11,30000.0,0.19958072497662
3,11,31000.0,0.15573075289974
3,11,32000.0,0.12645882749915
3,11,33000.0,0.43740208147036
3,11,34000.0,0.4519682128805
3,11,35000.0,0.44605675607865
3,11,36000.0,0.42728559443503
3,11,37000.0,0.46243872693442
3,11,38000.0,0.4720640180114
3,11,39000.0,0.44343567720722
3,11,40000.0,0.41592406794254
3,11,41000.0,0.47525416785692
3,11,42000.0,0.47273281427366
3,11,43000.0,0.44957302776563
3,11,44000.0,0.0
3,11,45000.0,0.45866861091832
3,11,46000.0,0.20060676624745
3,11,47000.0,0.44900918612133
3,11,48000.0,0.47060326723855
3,11,49000.0,0.45507349578244
3,11,50000.0,0.46887254110465
3,12,5000.0,-0.61037169923762
3,12,6000.0,-0.59672559283234
3,12,7000.0,-0.63016914199701
3,12,8000.0,-0.072019452885636
3,12,9000.0,-0.6
3,12,10000.0,-0.66666666666667
3,12,11000.0,-0.3905138582781
3,12,12000.0,0.23552042023852
3,12,13000.0,0.50306094209748
3,12,14000.0,0.37091034270423
3,12,15000.0,0.43611310551132
3,12,16000.0,0.21285773668528
3,12,17000.0,0.42393111198767
3,12,18000.0,0.42901525047447
3,12,19000.0,0.42209333053072
3,12,20000.0,0.38640848335551
3,12,21000.0,0.42930425560091
3,12,22000.0,0.42327826491861
3,12,23000.0,-0.35303143315273
3,12,24000.0,-0.25055760988479
3,12,25000.0,-0.17799209486901
3,12,26000.0,-0.24984502016264
3,12,27000.0,-0.23383485113795
3,12,28000.0,-0.21719085322816
3,12,29000.0,-0.21825405865045
3,12,30000.0,-0.21167278115331
3,12,31000.0,-0.30319268767363
3,12,32000.0,0.24166747615129
3,12,33000.0,0.038713338635089
3,12,34000.0,0.41111775696201
3,12,35000.0,0.29151915672596
3,12,36000.0,0.32153917175716
3,12,37000.0,0.39530828325788
3,12,38000.0,0.35094275295285
3,12,39000.0,0.34682101810042
3,12,40000.0,0.3238263560675
3,12,41000.0,0.38261822414942
3,12,42000.0,0.40642045530477
3,12,43000.0,0.29805810686105
3,12,44000.0,0.25722160709697
3,12,45000.0,0.4003335436232
3,12,46000.0,0.3805435975209
3,12,47000.0,0.3471272295041
3,12,48000.0,0.39393556051402
3,12,49000.0,0.31666352710005
3,12,50000.0,0.14388442449842
3,13,5000.0,0.056655780529416
3,13,6000.0,0.0
3,13,7000.0,0.15516547454339
3,13,8000.0,0.045066036176533
3,13,9000.0,0.021477378423324
3,13,10000.0,0.019220467880627
3,13,11000.0,0.020426833929266
3,13,12000.0,0.04401436166546
3,13,13000.0,0.14867298696411
3,13,14000.0,0.04336610179377
3,13,15000.0,0.18326888080339
3,13,16000.0,0.18173032049104
3,13,17000.0,0.3265895132106
3,13,18000.0,0.18175246139015
3,13,19000.0,0.18731659939535
3,13,20000.0,0.17919566963844
3,13,21000.0,0.24030271075741
3,13,22000.0,0.22404150130159
3,13,23000.0,0.5
3,13,24000.0,0.1
3,13,25000.0,0.24691277790875
3,13,26000.0,0.23372635016499
3,13,27000.0,-0.2
3,13,28000.0,0.23218446185807
3,13,29000.0,0.23268997642094
3,13,30000.0,0.1
3,13,31000.0,0.1
3,13,32000.0,0.0
3,13,33000.0,0.19297061123858
3,13,34000.0,0.25318113447716
3,13,35000.0,0.25578648995317
3,13,36000.0,0.20332342140194
3,13,37000.0,0.26279165842975
3,13,38000.0,0.24417284773996
3,13,39000.0,0.24745967535246
3,13,40000.0,0.2980321026473
3,13,41000.0,0.28407187536449
3,13,42000.0,0.24181461659933
3,13,43000.0,0.3105080778103
3,13,44000.0,0.087293070112709
3,13,45000.0,0.36575193550372
3,13,46000.0,0.091325286620925
3,13,47000.0,0.36803484858846
3,13,48000.0,0.32825502795817
3,13,49000.0,0.3
3,13,50000.0,0.40473000882033
3,14,5000.0,0.12369751471148
3,14,6000.0,0.4488941375476
3,14,7000.0,0.14216457781113
3,14,8000.0,0.13652547747833
3,14,9000.0,0.0024585043831962
3,14,10000.0,0.0
3,14,11000.0,0.019800609090477
3,14,12000.0,0.16285164030303
3,14,13000.0,0.1524594857195
3,14,14000.0,0.055524238401538
3,14,15000.0,0.17522071946751
3,14,16000.0,0.15134653723622
3,14,17000.0,0.14581264081162
3,14,18000.0,0.078396907320116
3,14,19000.0,0.17000009335483
3,14,20000.0,0.13321289063867
3,14,21000.0,0.17032262473153
3,14,22000.0,0.0932138275645
3,14,23000.0,0.057944398121386
3,14,24000.0,0.090881782264793
3,14,25000.0,0.18569300422618
3,14,26000.0,0.059216779166673
3,14,27000.0,0.029930464121488
3,14,28000.0,0.13411661655978
3,14,29000.0,0.12434526344026
3,14,30000.0,0.10241511595368
3,14,31000.0,0.11770539427568
3,14,32000.0,0.097345952788076
3,14,33000.0,0.10695911089191
3,14,34000.0,0.096980915330167
3,14,35000.0,0.011932781503458
3,14,36000.0,0.043790599689045
3,14,37000.0,0.14984806932232
3,14,38000.0,0.26759512136914
3,14,39000.0,0.090160422967799
3,14,40000.0,0.074604163053075
3,14,41000.0,0.14022535696071
3,14,42000.0,0.17833980543987
3,14,43000.0,0.088128539530456
3,14,44000.0,0.0
3,14,45000.0,0.062974087446662
3,14,46000.0,0.12940474053774
3,14,47000.0,0.14633475980729
3,14,48000.0,-0.024396213674456
3,14,49000.0,0.094945783543296
3,14,50000.0,0.041620198804332
3,15,5000.0,0.076239780538399
3,15,6000.0,0.090265520313168
3,15,7000.0,0.11277172665335
3,15,8000.0,0.10940036401146
3,15,9000.0,0.014355614987078
3,15,10000.0,0.054832444618517
3,15,11000.0,0.35731715534216
3,15,12000.0,0.10914990366403
3,15,13000.0,0.10204174369553
3,15,14000.0,0.12422560048808
3,15,15000.0,0.1290761957275
3,15,16000.0,0.088695351998175
3,15,17000.0,0.097798622726337
3,15,18000.0,0.09056103405331
3,15,19000.0,0.1555048372784
3,15,20000.0,0.060280130892802
3,15,21000.0,0.093601109735871
3,15,22000.0,0.10622365456834
3,15,23000.0,-0.14195971799811
3,15,24000.0,0.073520221746985
3,15,25000.0,0.13442008286977
3,15,26000.0,0.068097696778937
3,15,27000.0,0.1
3,15,28000.0,0.12986821939954
3,15,29000.0,0.1571604590715
3,15,30000.0,0.15409828430011
3,15,31000.0,0.056170087303189
3,15,32000.0,0.11681004701771
3,15,33000.0,0.14469434917304
3,15,34000.0,0.11767876054333
3,15,35000.0,0.0
3,15,36000.0,0.10576839298454
3,15,37000.0,0.15225777228383
3,15,38000.0,0.13606204166829
3,15,39000.0,0.14727728652806
3,15,40000.0,0.10015388411006
3,15,41000.0,0.16742710154747
3,15,42000.0,0.17213468958281
3,15,43000.0,0.25760760145401
3,15,44000.0,0.0
3,15,45000.0,0.11817636310671
3,15,46000.0,0.1487667815293
3,15,47000.0,0.13367765323304
3,15,48000.0,0.11373617340839
3,15,49000.0,0.0041750926426085
3,15,50000.0,0.065318986134516
3,16,5000.0,0.10770229312795
3,16,6000.0,0.14939020537001
3,16,7000.0,0.13596702961231
3,16,8000.0,0.052752971728993
3,16,9000.0,0.0
3,16,10000.0,0.0
3,16,11000.0,0.098717687371012
3,16,12000.0,0.18797455901735
3,16,13000.0,0.1657576878778
3,16,14000.0,0.15460722503776
3,16,15000.0,0.18290733436651
3,16,16000.0,0.17357432304928
3,16,17000.0,0.15936304636533
3,16,18000.0,0.126508126794
3,16,19000.0,0.20478409260693
3,16,20000.0,0.15697033056146
3,16,21000.0,0.18551507360061
3,16,22000.0,0.15595340039659
3,16,23000.0,0.0
3,16,24000.0,0.0082737642929802
3,16,25000.0,0.21171850545471
3,16,26000.0,0.17110796661153
3,16,27000.0,0.16435181230688
3,16,28000.0,0.19569553336733
3,16,29000.0,0.19720737557161
3,16,30000.0,0.18795878844588
3,16,31000.0,0.083120208255773
3,16,32000.0,0.12743413913798
3,16,33000.0,0.41484476955295
3,16,34000.0,0.20551212205962
3,16,35000.0,0.16268298639755
3,16,36000.0,0.44143865890189
3,16,37000.0,0.20717097057977
3,16,38000.0,0.1973029311437
3,16,39000.0,0.19263341996404
3,16,40000.0,0.09401756041789
3,16,41000.0,0.18054557306316
3,16,42000.0,0.17969596523311
3,16,43000.0,0.16732824531245
3,16,44000.0,0.12072039577863
3,16,45000.0,0.098775996360805
3,16,46000.0,0.18941764463227
3,16,47000.0,0.16360501193717
3,16,48000.0,0.15129257969201
3,16,49000.0,0.14292015580568
3,16,50000.0,0.12955599072717
3,17,5000.0,0.12142610363272
3,17,6000.0,0.45299794367978
3,17,7000.0,0.45237772323955
3,17,8000.0,0.43867425869691
3,17,9000.0,-0.21868683596046
3,17,10000.0,-0.67117276858211
3,17,11000.0,-0.66841017763578
3,17,12000.0,0.44749415757216
3,17,13000.0,0.43518089815622
3,17,14000.0,0.42135832958668
3,17,15000.0,0.42766318624475
3,17,16000.0,-0.0090920690124434
3,17,17000.0,0.4049260191216
3,17,18000.0,0.4156529982572
3,17,19000.0,0.43520074650651
3,17,20000.0,0.42345854774881
3,17,21000.0,0.42439779000145
3,17,22000.0,0.44764961546106
3,17,23000.0,0.38545952422279
3,17,24000.0,-0.64992037687266
3,17,25000.0,-0.5388994844674
3,17,26000.0,-0.60050048847538
3,17,27000.0,-0.5779777305871
3,17,28000.0,-0.57854451107466
3,17,29000.0,-0.53133527006282
3,17,30000.0,-0.60959868619984
3,17,31000.0,-0.65407531217408
3,17,32000.0,0.0
3,17,33000.0,0.45768197768619
3,17,34000.0,0.45537236627508
3,17,35000.0,0.41980105846561
3,17,36000.0,0.38847949166152
3,17,37000.0,0.45129159768858
3,17,38000.0,0.41938751567019
3,17,39000.0,0.43533720002707
3,17,40000.0,0.41460461162662
3,17,41000.0,0.18861614183223
3,17,42000.0,0.36632918984
3,17,43000.0,0.4341449100332
3,17,44000.0,0.37959899290954
3,17,45000.0,0.44796310799175
3,17,46000.0,0.48085869935441
3,17,47000.0,0.45904352680135
3,17,48000.0,0.45199750162466
3,17,49000.0,0.45932049580021
3,17,50000.0,0.41021165667375
3,18,5000.0,0.38451381311098
3,18,6000.0,0.39258405243959
3,18,7000.0,0.36417847510084
3,18,8000.0,0.39372874562259
3,18,9000.0,0.3469452166119
3,18,10000.0,0.3
3,18,11000.0,0.32583715376851
3,18,12000.0,0.43423077360844
3,18,13000.0,0.44014645802714
3,18,14000.0,0.43476173497285
3,18,15000.0,0.42653693083332
3,18,16000.0,0.10583465344043
3,18,17000.0,-0.0081410200200095
3,18,18000.0,0.060215011156298
3,18,19000.0,0.15449243553951
3,18,20000.0,0.064929689236682
3,18,21000.0,0.12109154983789
3,18,22000.0,0.075418721964864
3,18,23000.0,0.36616932213128
3,18,24000.0,0.38950768384758
3,18,25000.0,0.45713861764385
3,18,26000.0,0.42518763044738
3,18,27000.0,0.3
3,18,28000.0,0.40920260823271
3,18,29000.0,0.43396106595997
3,18,30000.0,0.15938578242567
3,18,31000.0,0.081319569512881
3,18,32000.0,0.077099505349703
3,18,33000.0,0.1509507022935
3,18,34000.0,0.15815035288523
3,18,35000.0,0.0
3,18,36000.0,0.059665375421835
3,18,37000.0,0.16162925539647
3,18,38000.0,0.16385671329928
3,18,39000.0,0.12483683676201
3,18,40000.0,0.068397089375198
3,18,41000.0,0.16614751101537
3,18,42000.0,0.14560341911627
3,18,43000.0,-0.052662062646016
3,18,44000.0,0.072407599496895
3,18,45000.0,0.16077949937681
3,18,46000.0,0.15005293726318
3,18,47000.0,0.12671689322612
3,18,48000.0,0.31210167200909
3,18,49000.0,0.13591401345214
3,18,50000.0,0.35858921321582
3,19,5000.0,0.20184548159827
3,19,6000.0,0.16165520144729
3,19,7000.0,0.1023244568803
3,19,8000.0,0.2220655087458
3,19,9000.0,0.12322461044004
3,19,10000.0,0.085012639072112
3,19,11000.0,0.20806760814333
3,19,12000.0,0.19834597842734
3,19,13000.0,0.21571490796039
3,19,14000.0,0.22636257698949
3,19,15000.0,0.13895844829843
3,19,16000.0,0.35044015155476
3,19,17000.0,0.41835329876709
3,19,18000.0,0.39307263481419
3,19,19000.0,0.33455760997682
3,19,20000.0,0.3325088524096
3,19,21000.0,0.42920859419899
3,19,22000.0,0.4254229333063
3,19,23000.0,0.38480205898119
3,19,24000.0,0.21122259441026
3,19,25000.0,0.41925416010439
3,19,26000.0,0.38608728375472
3,19,27000.0,0.33198975715041
3,19,28000.0,0.21745228148491
3,19,29000.0,-0.37963420129056
3,19,30000.0,-0.19474452082184
3,19,31000.0,-0.3104875394366
3,19,32000.0,0.14789557410758
3,19,33000.0,0.20423936189297
3,19,34000.0,0.16979279466689
3,19,35000.0,0.099826986892947
3,19,36000.0,0.17966369765283
3,19,37000.0,0.22234810602917
3,19,38000.0,0.23262780649904
3,19,39000.0,0.24849626324897
3,19,40000.0,0.24206372746966
3,19,41000.0,0.24352871149961
3,19,42000.0,0.24891538823633
3,19,43000.0,0.23359336106281
3,19,44000.0,0.22537269405645
3,19,45000.0,0.23371790063283
3,19,46000.0,0.48203788297519
3,19,47000.0,0.18998574315021
3,19,48000.0,0.18274314283748
3,19,49000.0,0.19288293840715
3,19,50000.0,0.1806074438644
3,20,5000.0,0.079748889749728
3,20,6000.0,0.14628736270885
3,20,7000.0,0.076722815505575
3,20,8000.0,0.076956014644915
3,20,9000.0,0.0
3,20,10000.0,0.0
3,20,11000.0,0.055642528100859
3,20,12000.0,0.15553358931456
3,20,13000.0,0.11720941325479
3,20,14000.0,0.40873987121386
3,20,15000.0,0.14605397240272
3,20,16000.0,0.17513832335892
3,20,17000.0,0.1754916278229
3,20,18000.0,0.022873962887111
3,20,19000.0,0.17983640739995
3,20,20000.0,0.13385312295037
3,20,21000.0,0.18605824656696
3,20,22000.0,0.067965012377663
3,20,23000.0,0.0
3,20,24000.0,0.0
3,20,25000.0,0.23961017987316
3,20,26000.0,0.18983131598048
3,20,27000.0,-0.58481550043266
3,20,28000.0,-0.54826833988774
3,20,29000.0,-0.46309294157741
3,20,30000.0,-0.49243110785546
3,20,31000.0,-0.55851986849126
3,20,32000.0,0.11628089071555
3,20,33000.0,0.18075781370572
3,20,34000.0,0.14838575267843
3,20,35000.0,0.42022186748696
3,20,36000.0,0.021840179157143
3,20,37000.0,0.45862370943988
3,20,38000.0,0.4840884529828
3,20,39000.0,0.3913343066126
3,20,40000.0,0.070717907615253
3,20,41000.0,0.47663519369998
3,20,42000.0,0.47677571185596
3,20,43000.0,0.43912649825918
3,20,44000.0,0.41509504368053
3,20,45000.0,0.39972803979012
3,20,46000.0,0.47670976700973
3,20,47000.0,0.45973725259581
3,20,48000.0,0.48888429196185
3,20,49000.0,0.47727060483117
3,20,50000.0,0.46626335880415
3,21,5000.0,0.066507930557057
3,21,6000.0,0.054293595859974
3,21,7000.0,0.10390531670643
3,21,8000.0,0.29425712970006
3,21,9000.0,0.063272994149419
3,21,10000.0,0.0077481154903772
3,21,11000.0,0.047634998489709
3,21,12000.0,0.10972589466297
3,21,13000.0,0.27944597308355
3,21,14000.0,0.31626927538327
3,21,15000.0,0.33360188826246
3,21,16000.0,0.29511876409813
3,21,17000.0,0.30636249062052
3,21,18000.0,0.32849418709605
3,21,19000.0,0.3153514952961
3,21,20000.0,0.32599798686298
3,21,21000.0,0.36271645525342
3,21,22000.0,0.15071195472736
3,21,23000.0,0.23313526275591
3,21,24000.0,0.23532776839091
3,21,25000.0,0.35160419207417
3,21,26000.0,0.33028170245171
3,21,27000.0,0.23633880196702
3,21,28000.0,0.30432776838431
3,21,29000.0,0.33567077056335
3,21,30000.0,0.14551361494337
3,21,31000.0,0.18368085941597
3,21,32000.0,0.3
3,21,33000.0,0.35105766806731
3,21,34000.0,0.3329593160254
3,21,35000.0,0.35628410462304
3,21,36000.0,0.33761658998514
3,21,37000.0,0.31737427373032
3,21,38000.0,0.1548072115292
3,21,39000.0,0.36783591922554
3,21,40000.0,0.35175297043151
3,21,41000.0,0.36458461792945
3,21,42000.0,0.35889370951235
3,21,43000.0,0.19234716533859
3,21,44000.0,0.3396717062273
3,21,45000.0,0.36279356355924
3,21,46000.0,0.3420513369304
3,21,47000.0,0.32274255638425
3,21,48000.0,0.3358798763848
3,21,49000.0,0.32179809559008
3,21,50000.0,0.34465786911707
3,22,5000.0,0.13620653116611
3,22,6000.0,0.12110520886917
3,22,7000.0,0.14998181007451
3,22,8000.0,-0.53799927599473
3,22,9000.0,-0.66666666666667
3,22,10000.0,-0.7
3,22,11000.0,-0.58330569459891
3,22,12000.0,0.21063703555341
3,22,13000.0,0.43316473578466
3,22,14000.0,0.4276644413937
3,22,15000.0,0.42445466624282
3,22,16000.0,0.43498725885793
3,22,17000.0,0.41954005919383
3,22,18000.0,0.41272047611834
3,22,19000.0,0.45025955338434
3,22,20000.0,0.43834758284081
3,22,21000.0,0.44044628407068
3,22,22000.0,0.45550705803441
3,22,23000.0,0.39187073817284
3,22,24000.0,0.38732797707925
3,22,25000.0,0.44796803453648
3,22,26000.0,0.445784357568
3,22,27000.0,0.37222485867405
3,22,28000.0,0.44039964265289
3,22,29000.0,0.4459220595054
3,22,30000.0,0.3826555243609
3,22,31000.0,0.19882655998461
3,22,32000.0,0.38060387174815
3,22,33000.0,0.42647062487747
3,22,34000.0,0.43099680645005
3,22,35000.0,0.43639072457369
3,22,36000.0,0.40842646919574
3,22,37000.0,0.42727944033001
3,22,38000.0,0.42034537875765
3,22,39000.0,0.41587575683626
3,22,40000.0,0.44781424802305
3,22,41000.0,0.43420423555716
3,22,42000.0,0.42361604007305
3,22,43000.0,0.45028016257277
3,22,44000.0,0.41176532876698
3,22,45000.0,0.41191480682286
3,22,46000.0,0.42018228987703
3,22,47000.0,0.39686254085678
3,22,48000.0,0.39740272975265
3,22,49000.0,0.39473642340577
3,22,50000.0,0.40523029875757
3,23,5000.0,-0.097495865538826
3,23,6000.0,0.11088294855081
3,23,7000.0,0.084488406632398
3,23,8000.0,0.096297221720622
3,23,9000.0,0.021217153309985
3,23,10000.0,0.0
3,23,11000.0,0.15677965231854
3,23,12000.0,0.2146937558462
3,23,13000.0,0.19144499839116
3,23,14000.0,0.2032688237695
3,23,15000.0,0.20889941024894
3,23,16000.0,0.1635158409875
3,23,17000.0,0.18618328541066
3,23,18000.0,0.14059440232793
3,23,19000.0,0.20989393716679
3,23,20000.0,0.15715987184621
3,23,21000.0,0.19435868405098
3,23,22000.0,0.1794638707771
3,23,23000.0,0.077463831035123
3,23,24000.0,0.13681595459289
3,23,25000.0,0.18449750234408
3,23,26000.0,0.17035671871392
3,23,27000.0,0.12244208068906
3,23,28000.0,0.12757087212515
3,23,29000.0,0.18893664628105
3,23,30000.0,0.17734511738786
3,23,31000.0,0.090873279236571
3,23,32000.0,0.058694210940673
3,23,33000.0,0.19317422225429
3,23,34000.0,0.36592360982353
3,23,35000.0,0.078382810435757
3,23,36000.0,0.0
3,23,37000.0,0.16800251541909
3,23,38000.0,0.19537042129
3,23,39000.0,0.10410122798895
3,23,40000.0,0.068228882424768
3,23,41000.0,0.17045941814875
3,23,42000.0,0.17531211613369
3,23,43000.0,0.1480086654275
3,23,44000.0,0.091613123348906
3,23,45000.0,0.096070202741876
3,23,46000.0,0.17414155501236
3,23,47000.0,0.16355424707779
3,23,48000.0,0.19192014629845
3,23,49000.0,0.084776884067734
3,23,50000.0,0.14257952541803
3,24,5000.0,0.087114090518793
3,24,6000.0,0.13407117690871
3,24,7000.0,0.111005892498
3,24,8000.0,0.09962255532616
3,24,9000.0,0.041184956998194
3,24,10000.0,0.022137641237636
3,24,11000.0,0.093758783067637
3,24,12000.0,0.27572621913712
3,24,13000.0,0.082740275170138
3,24,14000.0,0.11373543278727
3,24,15000.0,0.13596507715827
3,24,16000.0,0.059777519173347
3,24,17000.0,0.11987686111265
3,24,18000.0,0.11251035466565
3,24,19000.0,0.1692248779815
3,24,20000.0,0.092925474134678
3,24,21000.0,0.12507420225839
3,24,22000.0,0.041913078684452
3,24,23000.0,0.0
3,24,24000.0,0.015274826590275
3,24,25000.0,0.11334032812524
3,24,26000.0,0.069793145746633
3,24,27000.0,0.015175587462374
3,24,28000.0,0.037247709744208
3,24,29000.0,0.042514761874156
3,24,30000.0,0.11360477461695
3,24,31000.0,0.0
3,24,32000.0,0.058837017775743
3,24,33000.0,0.12671425142543
3,24,34000.0,0.10374239461787
3,24,35000.0,0.17345230181613
3,24,36000.0,0.2266630152451
3,24,37000.0,0.23605956152121
3,24,38000.0,0.24313514488227
3,24,39000.0,0.19266496680698
3,24,40000.0,0.028217877996496
3,24,41000.0,0.22894601346727
3,24,42000.0,0.2885150162495
3,24,43000.0,0.13039622848893
3,24,44000.0,0.18748627948695
3,24,45000.0,0.31668389379293
3,24,46000.0,0.23697827296256
3,24,47000.0,0.19384231538944
3,24,48000.0,0.32527084934064
3,24,49000.0,0.19607750981548
3,24,50000.0,0.12447878619798
4,0,5000.0,0.14858665341559
4,0,6000.0,0.116237369428
4,0,7000.0,0.0
4,0,8000.0,0.15334407955033
4,0,9000.0,0.13149175689125
4,0,10000.0,0.069474513483596
4,0,11000.0,0.076218768361602
4,0,12000.0,0.14781935104763
4,0,13000.0,0.11885560280892
4,0,14000.0,0.16569839764943
4,0,15000.0,0.1434305495241
4,0,16000.0,0.09322462003161
4,0,17000.0,0.18244550101918
4,0,18000.0,0.14903264248142
4,0,19000.0,0.13426727865847
4,0,20000.0,0.18913447520793
4,0,21000.0,0.33416473690382
4,0,22000.0,0.12308642112263
4,0,23000.0,0.15206358314622
4,0,24000.0,0.086384973517347
4,0,25000.0,0.11860900272284
4,0,26000.0,0.15581981206602
4,0,27000.0,0.13644810950382
4,0,28000.0,0.14209656029371
4,0,29000.0,0.12683869703186
4,0,30000.0,0.13272548622997
4,0,31000.0,0.11452596575211
4,0,32000.0,0.11635486080367
4,0,33000.0,0.19379876508879
4,0,34000.0,0.13632969280961
4,0,35000.0,-0.020657572100442
4,0,36000.0,0.18471369090281
4,0,37000.0,0.14214468543897
4,0,38000.0,0.19571007556229
4,0,39000.0,0.14565059895922
4,0,40000.0,-0.51041420296091
4,0,41000.0,-0.46894071944679
4,0,42000.0,0.20938008246182
4,0,43000.0,0.202410043333
4,0,44000.0,0.20595391276812
4,0,45000.0,0.21607532465748
4,0,46000.0,0.21659362306192
4,0,47000.0,0.17533035633437
4,0,48000.0,0.36805511896517
4,0,49000.0,0.20077561188011
4,0,50000.0,0.2178702791505
4,1,5000.0,0.091921864910761
4,1,6000.0,0.070313414923807
4,1,7000.0,0.045016102263753
4,1,8000.0,0.14232489151684
4,1,9000.0,0.087411025560665
4,1,10000.0,0.11897584881454
4,1,11000.0,0.13033831965331
4,1,12000.0,0.14115543751429
4,1,13000.0,0.14957018394913
4,1,14000.0,0.14451671614318
4,1,15000.0,0.11271806409264
4,1,16000.0,0.38081483242969
4,1,17000.0,0.12282285089295
4,1,18000.0,0.11649137735623
4,1,19000.0,0.092738413338934
4,1,20000.0,0.14954224939773
4,1,21000.0,0.094377568116143
4,1,22000.0,0.24070603079467
4,1,23000.0,0.074419801035137
4,1,24000.0,0.06437611109186
4,1,25000.0,0.11736809251072
4,1,26000.0,0.14205256637963
4,1,27000.0,0.089269156924592
4,1,28000.0,0.13583390545459
4,1,29000.0,0.13359699252337
4,1,30000.0,0.065384801359581
4,1,31000.0,0.11698621311127
4,1,32000.0,0.16234649806186
4,1,33000.0,0.11358553451935
4,1,34000.0,0.11004354838666
4,1,35000.0,0.15303489641782
4,1,36000.0,0.11121956062633
4,1,37000.0,0.12495592216296
4,1,38000.0,-0.058576354534658
4,1,39000.0,0.097664529379828
4,1,40000.0,0.1476301661609
4,1,41000.0,0.1528447311262
4,1,42000.0,0.0070926527449879
4,1,43000.0,0.14852111450314
4,1,44000.0,0.12664470456234
4,1,45000.0,0.019269841785568
4,1,46000.0,0.12389564125471
4,1,47000.0,0.0
4,1,48000.0,0.0
4,1,49000.0,0.17936360703502
4,1,50000.0,0.18961189386892
4,2,5000.0,0.0043086337068093
4,2,6000.0,0.090021282795189
4,2,7000.0,-0.57569351204335
4,2,8000.0,-0.51220282308502
4,2,9000.0,-0.60139663779273
4,2,10000.0,-0.5276202864812
4,2,11000.0,-0.15709673149027
4,2,12000.0,-0.26721184647619
4,2,13000.0,-0.4302753485674
4,2,14000.0,-0.57265594708189
4,2,15000.0,-0.6159892323664
4,2,16000.0,-0.31090312273899
4,2,17000.0,-0.56509059810539
4,2,18000.0,-0.50835238342275
4,2,19000.0,-0.7
4,2,20000.0,-0.28323647298125
4,2,21000.0,-0.52200388099666
4,2,22000.0,-0.2
4,2,23000.0,0.1
4,2,24000.0,0.41077652617152
4,2,25000.0,0.14150762820633
4,2,26000.0,0.16154093560169
4,2,27000.0,0.14359135545686
4,2,28000.0,-0.024461685773503
4,2,29000.0,0.42673051323843
4,2,30000.0,0.19719340075625
4,2,31000.0,0.36805757586623
4,2,32000.0,0.46580593738376
4,2,33000.0,0.165194730012
4,2,34000.0,0.1
4,2,35000.0,0.47174099979743
4,2,36000.0,0.3770780622718
4,2,37000.0,-0.0063195172150555
4,2,38000.0,0.38207898175283
4,2,39000.0,0.38550809337748
4,2,40000.0,0.46083773751682
4,2,41000.0,0.1678686586558
4,2,42000.0,0.3
4,2,43000.0,0.45810536220871
4,2,44000.0,0.43708067718689
4,2,45000.0,0.3799218839464
4,2,46000.0,0.44272056773273
4,2,47000.0,0.3
4,2,48000.0,0.35932086417225
4,2,49000.0,0.38681698111824
4,2,50000.0,0.48897740216368
4,4,5000.0,0.1092410201061
4,4,6000.0,0.16844735019059
4,4,7000.0,0.088728274249693
4,4,8000.0,-0.46586839742584
4,4,9000.0,-0.48170489317674
4,4,10000.0,-0.55737910293323
4,4,11000.0,0.15855612411369
4,4,12000.0,0.38591879111074
4,4,13000.0,0.19758551724162
4,4,14000.0,0.43946743083263
4,4,15000.0,0.2068229478974
4,4,16000.0,0.22312668429541
4,4,17000.0,0.21076147245909
4,4,18000.0,0.21755893474639
4,4,19000.0,0.45049691243302
4,4,20000.0,0.084208982994287
4,4,21000.0,0.19824509736006
4,4,22000.0,0.42774378194183
4,4,23000.0,0.40278528816601
4,4,24000.0,0.18363559574511
4,4,25000.0,0.18106214639997
4,4,26000.0,0.24005357231461
4,4,27000.0,0.2193888522491
4,4,28000.0,0.22886271533599
4,4,29000.0,0.25190442014766
4,4,30000.0,0.18410857450189
4,4,31000.0,0.26157994016256
4,4,32000.0,-0.48977309531567
4,4,33000.0,-0.4165731319221
4,4,34000.0,-0.40734392256968
4,4,35000.0,-0.40401614185671
4,4,36000.0,-0.4537813416165
4,4,37000.0,-0.40761873519623
4,4,38000.0,-0.40833579595693
4,4,39000.0,-0.40827892248292
4,4,40000.0,-0.40454301771984
4,4,41000.0,-0.39773571786556
4,4,42000.0,0.2463378474922
4,4,43000.0,0.22296512460108
4,4,44000.0,0.47799992326799
4,4,45000.0,0.24738792335441
4,4,46000.0,0.25600770304219
4,4,47000.0,0.46442143438486
4,4,48000.0,0.4469848755189
4,4,49000.0,0.47372177814628
4,4,50000.0,0.47342285116672
4,5,5000.0,-0.52732188549058
4,5,6000.0,-0.58653191974632
4,5,7000.0,-0.54652806623688
4,5,8000.0,-0.46332866461033
4,5,9000.0,-0.56786296741135
4,5,10000.0,-0.33087783611016
4,5,11000.0,-0.47112964509127
4,5,12000.0,0.20857587278307
4,5,13000.0,0.1898751427265
4,5,14000.0,0.16847253887052
4,5,15000.0,0.26627311565334
4,5,16000.0,0.32067244731689
4,5,17000.0,0.20988795342002
4,5,18000.0,0.49827940317956
4,5,19000.0,0.33640376233626
4,5,20000.0,0.50100202334002
4,5,21000.0,0.44860047254131
4,5,22000.0,0.41029892291246
4,5,23000.0,0.47315837569255
4,5,24000.0,0.48932924156734
4,5,25000.0,0.4911230842819
4,5,26000.0,0.49227434402531
4,5,27000.0,0.48824113403675
4,5,28000.0,0.48405210068189
4,5,29000.0,0.51131155967086
4,5,30000.0,0.49405968893804
4,5,31000.0,0.50715928841997
4,5,32000.0,0.50994223437963
4,5,33000.0,0.5096604983287
4,5,34000.0,0.49341474472537
4,5,35000.0,0.50579116633296
4,5,36000.0,0.48627810890208
4,5,37000.0,0.085717019441369
4,5,38000.0,0.4938581945473
4,5,39000.0,0.44587707976155
4,5,40000.0,0.44976612810154
4,5,41000.0,0.44667793979229
4,5,42000.0,0.43378963656119
4,5,43000.0,0.45125199574986
4,5,44000.0,0.4282141765799
4,5,45000.0,0.44104239685812
4,5,46000.0,0.4210009964644
4,5,47000.0,0.43883343520694
4,5,48000.0,0.17521694708449
4,5,49000.0,0.41330992820546
4,5,50000.0,0.44798169085049
4,6,5000.0,0.13807168652884
4,6,6000.0,0.40026734111062
4,6,7000.0,0.11586938590454
4,6,8000.0,0.16968700986188
4,6,9000.0,0.16943091186487
4,6,10000.0,0.12808052488991
4,6,11000.0,0.16458175307879
4,6,12000.0,0.14686109845517
4,6,13000.0,0.30268718032063
4,6,14000.0,0.18496191957258
4,6,15000.0,0.12339560192078
4,6,16000.0,0.17307792339439
4,6,17000.0,0.1775093286203
4,6,18000.0,0.18705107521847
4,6,19000.0,0.1625830026592
4,6,20000.0,0.20864485632327
4,6,21000.0,0.15436747933273
4,6,22000.0,0.16262754631044
4,6,23000.0,0.16638921329815
4,6,24000.0,0.12402939565351
4,6,25000.0,0.1320282713111
4,6,26000.0,0.20903265337724
4,6,27000.0,0.20444055231463
4,6,28000.0,0.17708694516893
4,6,29000.0,0.1923307013467
4,6,30000.0,0.18472563360195
4,6,31000.0,0.14558702544178
4,6,32000.0,0.18368706423502
4,6,33000.0,0.19683032642794
4,6,34000.0,0.13821856715201
4,6,35000.0,0.18562056250444
4,6,36000.0,0.20357275319779
4,6,37000.0,0.15936656509958
4,6,38000.0,0.20215436669564
4,6,39000.0,0.19170026760563
4,6,40000.0,0.16364395099841
4,6,41000.0,0.21028595496138
4,6,42000.0,0.18975259979865
4,6,43000.0,0.17663449457078
4,6,44000.0,0.20938166149723
4,6,45000.0,0.21315069714611
4,6,46000.0,0.18427559580511
4,6,47000.0,0.15834051339828
4,6,48000.0,0.12646880340405
4,6,49000.0,0.13736511948773
4,6,50000.0,0.2069538710532
4,7,5000.0,0.039531330726677
4,7,6000.0,0.028125964231104
4,7,7000.0,-0.072522677880513
4,7,8000.0,0.1018014873421
4,7,9000.0,0.0
4,7,10000.0,0.42883211497269
4,7,11000.0,0.48272081505194
4,7,12000.0,0.47323448452338
4,7,13000.0,0.47828642986224
4,7,14000.0,0.43797105767346
4,7,15000.0,0.48058013263968
4,7,16000.0,0.46053861842165
4,7,17000.0,0.39468784038287
4,7,18000.0,0.86988448918394
4,7,19000.0,0.43088263671785
4,7,20000.0,0.4609877094971
4,7,21000.0,0.4678957261687
4,7,22000.0,0.40560014161497
4,7,23000.0,0.44300684041252
4,7,24000.0,0.45344525670759
4,7,25000.0,0.34651139834938
4,7,26000.0,0.44851650808894
4,7,27000.0,0.36699650211415
4,7,28000.0,0.45154540106663
4,7,29000.0,0.0035440506853727
4,7,30000.0,0.43621060534274
4,7,31000.0,0.47525173242564
4,7,32000.0,0.45737945219555
4,7,33000.0,0.47320858917166
4,7,34000.0,0.38742678374904
4,7,35000.0,0.47248527070291
4,7,36000.0,0.47017354175651
4,7,37000.0,0.42289894486126
4,7,38000.0,0.1138710052781
4,7,39000.0,0.4272930650948
4,7,40000.0,0.43512886122438
4,7,41000.0,0.42403811359834
4,7,42000.0,0.36675818215021
4,7,43000.0,0.42731870379812
4,7,44000.0,0.42423820050369
4,7,45000.0,0.24924144561196
4,7,46000.0,0.41398422128021
4,7,47000.0,0.3
4,7,48000.0,0.40739622748566
4,7,49000.0,0.16838702856378
4,7,50000.0,0.47574842465153
4,8,5000.0,0.20339359950083
4,8,6000.0,0.21530862376954
4,8,7000.0,0.21813909043743
4,8,8000.0,0.091116702803416
4,8,9000.0,0.22274373567253
4,8,10000.0,0.21446512918783
4,8,11000.0,0.23182413710455
4,8,12000.0,0.43629526817979
4,8,13000.0,0.22783774619647
4,8,14000.0,0.25532387887178
4,8,15000.0,0.21036524314044
4,8,16000.0,0.24788182708391
4,8,17000.0,0.25726950710213
4,8,18000.0,0.25707581723394
4,8,19000.0,0.25922618515271
4,8,20000.0,0.26022011249472
4,8,21000.0,0.51731806375774
4,8,22000.0,0.23959243691722
4,8,23000.0,0.15767237291626
4,8,24000.0,0.23207206174351
4,8,25000.0,0.24437960826551
4,8,26000.0,0.2543581262893
4,8,27000.0,0.23721887235273
4,8,28000.0,0.24067339097553
4,8,29000.0,0.26862448255395
4,8,30000.0,0.2050712250657
4,8,31000.0,0.26813834220184
4,8,32000.0,0.24080397059053
4,8,33000.0,0.25970652090455
4,8,34000.0,0.27343082549891
4,8,35000.0,0.267471343282
4,8,36000.0,0.18622335305698
4,8,37000.0,0.27450961534071
4,8,38000.0,0.26886330468752
4,8,39000.0,0.26543547183559
4,8,40000.0,0.25689400451155
4,8,41000.0,0.27665418762313
4,8,42000.0,0.26020478045484
4,8,43000.0,0.22854461675272
4,8,44000.0,0.24854243792682
4,8,45000.0,0.25088778536709
4,8,46000.0,0.26870500216708
4,8,47000.0,0.24319719799763
4,8,48000.0,0.20302639706864
4,8,49000.0,0.26342876848048
4,8,50000.0,0.53612078998344
4,9,5000.0,0.35502079680325
4,9,6000.0,0.34385758898404
4,9,7000.0,0.3886473922442
4,9,8000.0,-0.62310484035387
4,9,9000.0,-0.6254607362953
4,9,10000.0,-0.58319078818964
4,9,11000.0,-0.7
4,9,12000.0,0.35550513849432
4,9,13000.0,0.45454357103274
4,9,14000.0,0.40197318855791
4,9,15000.0,0.35634271007633
4,9,16000.0,0.39290583856818
4,9,17000.0,0.15286581808111
4,9,18000.0,0.15503187775515
4,9,19000.0,0.77127557081989
4,9,20000.0,-0.55584852649537
4,9,21000.0,-0.54523640741658
4,9,22000.0,0.16709290031023
4,9,23000.0,0.0
4,9,24000.0,0.12946350433837
4,9,25000.0,0.14051575863386
4,9,26000.0,0.18184842911212
4,9,27000.0,0.15481640888051
4,9,28000.0,0.11627069386986
4,9,29000.0,0.45214483713249
4,9,30000.0,-0.041443027502806
4,9,31000.0,0.4715972097694
4,9,32000.0,0.17530197625531
4,9,33000.0,0.16741768651416
4,9,34000.0,0.1948466672367
4,9,35000.0,0.1886739939704
4,9,36000.0,0.04598098756978
4,9,37000.0,0.18698511855412
4,9,38000.0,0.18166950774784
4,9,39000.0,0.11517127995147
4,9,40000.0,0.16974921025647
4,9,41000.0,0.18728952783134
4,9,42000.0,0.13162156383781
4,9,43000.0,0.15315867160369
4,9,44000.0,0.15163794415347
4,9,45000.0,0.12722837745397
4,9,46000.0,0.17721189340202
4,9,47000.0,0.14858280590823
4,9,48000.0,0.078574198971323
4,9,49000.0,0.15916515257646
4,9,50000.0,0.1712487125587
4,10,5000.0,-0.49787421642524
4,10,6000.0,-0.52036311781782
4,10,7000.0,-0.46302698736042
4,10,8000.0,-0.51613676621116
4,10,9000.0,-0.2169963034362
4,10,10000.0,-0.3684416581801
4,10,11000.0,-0.26817971292852
4,10,12000.0,0.49777323412993
4,10,13000.0,0.076327667195246
4,10,14000.0,0.21409334378842
4,10,15000.0,0.48896098231636
4,10,16000.0,0.44022680475866
4,10,17000.0,0.51876193454881
4,10,18000.0,0.52100115996442
4,10,19000.0,0.49463151982198
4,10,20000.0,0.52143945680422
4,10,21000.0,0.40452489909939
4,10,22000.0,0.50658536929122
4,10,23000.0,0.065533483104663
4,10,24000.0,0.50508733820165
4,10,25000.0,0.49655348648159
4,10,26000.0,0.50643743809711
4,10,27000.0,0.88750786799518
4,10,28000.0,0.50361930582452
4,10,29000.0,0.5162605737395
4,10,30000.0,0.43100817666761
4,10,31000.0,0.5116079941515
4,10,32000.0,0.47510041722337
4,10,33000.0,0.49462435904097
4,10,34000.0,0.44714108367172
4,10,35000.0,0.50738979393139
4,10,36000.0,0.39360492101454
4,10,37000.0,0.50488967155753
4,10,38000.0,0.23066199093693
4,10,39000.0,0.49405702026334
4,10,40000.0,0.47287180697696
4,10,41000.0,0.51477777779921
4,10,42000.0,0.4895679388595
4,10,43000.0,0.44242149416144
4,10,44000.0,0.47303343802117
4,10,45000.0,0.49967863937402
4,10,46000.0,0.50319373386584
4,10,47000.0,0.45766085314661
4,10,48000.0,0.45092310283911
4,10,49000.0,0.50331898539643
4,10,50000.0,0.5043284197209
4,11,5000.0,0.0
4,11,6000.0,-0.65275149838066
4,11,7000.0,-0.66666666666667
4,11,8000.0,-0.55516276186001
4,11,9000.0,-0.36809848656496
4,11,10000.0,-0.42337968667908
4,11,11000.0,-0.59963390923493
4,11,12000.0,0.14779180353478
4,11,13000.0,0.24490542339061
4,11,14000.0,-0.003102192953987
4,11,15000.0,0.085075978349494
4,11,16000.0,0.29888565433156
4,11,17000.0,0.45996514999515
4,11,18000.0,0.31082717994107
4,11,19000.0,0.33067338809642
4,11,20000.0,0.40542076874318
4,11,21000.0,0.30749718588167
4,11,22000.0,0.28920182529753
4,11,23000.0,0.34186386719436
4,11,24000.0,0.34074444498532
4,11,25000.0,-0.020748571580304
4,11,26000.0,0.32644891291885
4,11,27000.0,0.40410268851775
4,11,28000.0,0.34877864175109
4,11,29000.0,0.33139044023182
4,11,30000.0,0.31627329843144
4,11,31000.0,0.3486733747682
4,11,32000.0,0.28077522617548
4,11,33000.0,0.46286704360991
4,11,34000.0,0.28787546735184
4,11,35000.0,0.37752778773229
4,11,36000.0,0.37872784954031
4,11,37000.0,0.28094762755035
4,11,38000.0,0.44661503370438
4,11,39000.0,0.35704398950153
4,11,40000.0,0.29131398085231
4,11,41000.0,0.38185530684391
4,11,42000.0,0.28812098158904
4,11,43000.0,0.38952969093883
4,11,44000.0,0.36616022459274
4,11,45000.0,0.36722972423162
4,11,46000.0,0.37671513717302
4,11,47000.0,0.15116241065185
4,11,48000.0,0.25703343375382
4,11,49000.0,0.2605846896448
4,11,50000.0,0.3549543436122
4,12,5000.0,0.18410313013263
4,12,6000.0,0.10857573599357
4,12,7000.0,0.13508585743546
4,12,8000.0,0.20911457630441
4,12,9000.0,0.1384972454808
4,12,10000.0,0.18683238009657
4,12,11000.0,0.18091964892332
4,12,12000.0,0.17184787741645
4,12,13000.0,0.17849697380369
4,12,14000.0,0.2041611557571
4,12,15000.0,0.15149372797438
4,12,16000.0,0.16548513753
4,12,17000.0,0.22115418375879
4,12,18000.0,0.20739988274842
4,12,19000.0,0.21088554121199
4,12,20000.0,0.50649622102936
4,12,21000.0,0.18249198867006
4,12,22000.0,0.36936031047168
4,12,23000.0,0.17584944031687
4,12,24000.0,0.17134390106845
4,12,25000.0,-0.050540974019634
4,12,26000.0,0.20814583966511
4,12,27000.0,0.21163269695052
4,12,28000.0,0.16991385314539
4,12,29000.0,0.16627473267361
4,12,30000.0,0.18667782347093
4,12,31000.0,0.18559351803443
4,12,32000.0,0.17869796252411
4,12,33000.0,0.21961613143112
4,12,34000.0,0.21478761146188
4,12,35000.0,0.21192995334794
4,12,36000.0,0.40727763290277
4,12,37000.0,0.18858900258314
4,12,38000.0,0.2129499661938
4,12,39000.0,0.19397791588332
4,12,40000.0,0.16958188296694
4,12,41000.0,0.22981467366392
4,12,42000.0,0.19792480108426
4,12,43000.0,0.20610896413444
4,12,44000.0,0.22730400421885
4,12,45000.0,0.21352313506537
4,12,46000.0,0.057820643162833
4,12,47000.0,0.18661186360464
4,12,48000.0,0.17899913289613
4,12,49000.0,0.12626788157785
4,12,50000.0,0.23154974891925
4,13,5000.0,0.18206084399409
4,13,6000.0,0.15134526676792
4,13,7000.0,0.14675635974448
4,13,8000.0,0.21364330083219
4,13,9000.0,0.17724502975574
4,13,10000.0,0.1470961972755
4,13,11000.0,0.16687286711336
4,13,12000.0,0.19262173240001
4,13,13000.0,0.13485136070738
4,13,14000.0,0.21858292060378
4,13,15000.0,0.1595760299047
4,13,16000.0,0.16226721684565
4,13,17000.0,0.19421079629378
4,13,18000.0,0.19099789954462
4,13,19000.0,0.14459023520208
4,13,20000.0,0.22295745057671
4,13,21000.0,0.15842222173462
4,13,22000.0,0.091059532374727
4,13,23000.0,0.16921897108123
4,13,24000.0,0.16635356170968
4,13,25000.0,0.13078682402228
4,13,26000.0,0.17469365084666
4,13,27000.0,0.19111443805865
4,13,28000.0,0.16707815264581
4,13,29000.0,0.17848135745218
4,13,30000.0,0.16934554532623
4,13,31000.0,0.12750693918424
4,13,32000.0,0.18224905346682
4,13,33000.0,0.22469689199979
4,13,34000.0,0.14734732911107
4,13,35000.0,0.19427169059519
4,13,36000.0,0.19961860383858
4,13,37000.0,0.12961739169052
4,13,38000.0,0.49764536409684
4,13,39000.0,0.18443767515038
4,13,40000.0,0.10685494262701
4,13,41000.0,0.23687991564871
4,13,42000.0,0.13094360316949
4,13,43000.0,0.17003518175923
4,13,44000.0,0.21967627172998
4,13,45000.0,0.18644587575756
4,13,46000.0,0.16873260934607
4,13,47000.0,0.068811391454591
4,13,48000.0,0.10941264010281
4,13,49000.0,0.013023306076566
4,13,50000.0,0.22418853433097
4,14,5000.0,0.13192402854773
4,14,6000.0,-0.49752792019229
4,14,7000.0,-0.53286874171668
4,14,8000.0,-0.50191123743922
4,14,9000.0,-0.51424738503569
4,14,10000.0,-0.57463418910613
4,14,11000.0,-0.36256598026014
4,14,12000.0,0.0046484326797609
4,14,13000.0,0.13178176776266
4,14,14000.0,0.015209307756984
4,14,15000.0,0.010101287724
4,14,16000.0,0.16163368153113
4,14,17000.0,0.16336356157517
4,14,18000.0,0.33219826827878
4,14,19000.0,0.013421814863942
4,14,20000.0,0.19032756056889
4,14,21000.0,0.33864348638302
4,14,22000.0,0.33364445730954
4,14,23000.0,0.31246687676395
4,14,24000.0,0.31932051743658
4,14,25000.0,0.31773618152852
4,14,26000.0,-0.021896199785698
4,14,27000.0,0.47217112478649
4,14,28000.0,-0.010255606084697
4,14,29000.0,0.33838614863862
4,14,30000.0,0.1426304485992
4,14,31000.0,-0.041405580282387
4,14,32000.0,0.31687847437052
4,14,33000.0,0.36859630048545
4,14,34000.0,0.3038759717495
4,14,35000.0,0.33816803236345
4,14,36000.0,0.37799204742949
4,14,37000.0,0.11601196474626
4,14,38000.0,0.35576769366896
4,14,39000.0,0.37169934426665
4,14,40000.0,0.3106859657509
4,14,41000.0,-0.2400795865425
4,14,42000.0,0.37761410646765
4,14,43000.0,0.34926199246357
4,14,44000.0,0.35111439311807
4,14,45000.0,0.3994432377063
4,14,46000.0,0.3466698804903
4,14,47000.0,0.34410181703556
4,14,48000.0,0.33539627515581
4,14,49000.0,0.26677068017259
4,14,50000.0,0.39591388678259
4,15,5000.0,0.10728226612036
4,15,6000.0,0.12109394820351
4,15,7000.0,0.081527477941248
4,15,8000.0,0.073564127130988
4,15,9000.0,-0.57388809372677
4,15,10000.0,-0.60446098281131
4,15,11000.0,-0.63524851902641
4,15,12000.0,0.40627398970597
4,15,13000.0,0.78275894142195
4,15,14000.0,0.42490661311758
4,15,15000.0,0.36813200170491
4,15,16000.0,0.38461382321139
4,15,17000.0,0.42888389097412
4,15,18000.0,0.2893370377702
4,15,19000.0,0.39268965976485
4,15,20000.0,0.35384588968434
4,15,21000.0,0.41446907725835
4,15,22000.0,0.35639188409331
4,15,23000.0,0.3
4,15,24000.0,0.3783714858224
4,15,25000.0,0.35804393778096
4,15,26000.0,0.40269368723226
4,15,27000.0,0.40170164594564
4,15,28000.0,0.35785373766556
4,15,29000.0,0.24996257307666
4,15,30000.0,0.35742404583582
4,15,31000.0,0.050584913641858
4,15,32000.0,0.3171159638484
4,15,33000.0,0.40751143296263
4,15,34000.0,0.3
4,15,35000.0,0.4397515443674
4,15,36000.0,0.44841583244785
4,15,37000.0,0.38611910398684
4,15,38000.0,0.44162556043616
4,15,39000.0,0.44107048101418
4,15,40000.0,0.39522697038693
4,15,41000.0,0.44682891029192
4,15,42000.0,0.44160665864378
4,15,43000.0,0.41151801475275
4,15,44000.0,0.30752784065797
4,15,45000.0,0.46259532164237
4,15,46000.0,0.43861154848115
4,15,47000.0,0.43137803679313
4,15,48000.0,0.29094991127462
4,15,49000.0,0.38005685173354
4,15,50000.0,0.45926034264447
4,16,5000.0,0.15885668284045
4,16,6000.0,0.095113735390992
4,16,7000.0,0.067070197067277
4,16,8000.0,0.16123753282381
4,16,9000.0,0.13471929698832
4,16,10000.0,0.09575086151255
4,16,11000.0,0.077226765932508
4,16,12000.0,0.28564573279192
4,16,13000.0,0.13491724861521
4,16,14000.0,0.17990369464179
4,16,15000.0,0.096448889495036
4,16,16000.0,0.14139244544522
4,16,17000.0,0.18320710208678
4,16,18000.0,0.16851499563586
4,16,19000.0,0.11834103281058
4,16,20000.0,0.19423042596572
4,16,21000.0,0.10629096979876
4,16,22000.0,0.077676769323014
4,16,23000.0,0.07038452036058
4,16,24000.0,0.081782785910142
4,16,25000.0,0.19039433400278
4,16,26000.0,0.32211826736011
4,16,27000.0,0.15821659040223
4,16,28000.0,0.11627720246869
4,16,29000.0,0.13779653640962
4,16,30000.0,0.15103746890661
4,16,31000.0,0.10171546033006
4,16,32000.0,0.11730999525624
4,16,33000.0,0.16952298490815
4,16,34000.0,0.10397734802746
4,16,35000.0,0.35823626723558
4,16,36000.0,0.15434132755784
4,16,37000.0,0.11170372647998
4,16,38000.0,0.18090006511639
4,16,39000.0,0.13463975727471
4,16,40000.0,0.12282578163569
4,16,41000.0,0.19046005189736
4,16,42000.0,0.16624810132043
4,16,43000.0,0.14244877589657
4,16,44000.0,0.17708761005147
4,16,45000.0,0.20241435401615
4,16,46000.0,0.16168804694117
4,16,47000.0,0.059632644139493
4,16,48000.0,0.1297843875014
4,16,49000.0,0.08501845078376
4,16,50000.0,0.19728908272066
4,17,5000.0,-0.60359190919368
4,17,6000.0,-0.54233176139473
4,17,7000.0,-0.49763114292344
4,17,8000.0,-0.25408640042235
4,17,9000.0,-0.35419356695177
4,17,10000.0,-0.48269483413791
4,17,11000.0,-0.36454202145947
4,17,12000.0,0.3755347733887
4,17,13000.0,0.38534927504693
4,17,14000.0,0.29950781343928
4,17,15000.0,0.38307037319071
4,17,16000.0,0.02598686190364
4,17,17000.0,0.23495437360141
4,17,18000.0,0.41436127790404
4,17,19000.0,0.33549476548195
4,17,20000.0,0.39858327669463
4,17,21000.0,0.40331105072993
4,17,22000.0,0.25546528183299
4,17,23000.0,0.31507781851702
4,17,24000.0,0.3733680785839
4,17,25000.0,0.41988215366587
4,17,26000.0,0.30178609555769
4,17,27000.0,0.4090175272203
4,17,28000.0,0.41507362671372
4,17,29000.0,0.39512938854969
4,17,30000.0,0.3113251176324
4,17,31000.0,0.41356625556533
4,17,32000.0,0.041397334125353
4,17,33000.0,0.41734436158168
4,17,34000.0,0.32270540687224
4,17,35000.0,0.42169105864123
4,17,36000.0,0.41224518871614
4,17,37000.0,0.38922571984651
4,17,38000.0,0.39617946732717
4,17,39000.0,0.34250262874742
4,17,40000.0,0.41034542971294
4,17,41000.0,0.37471852901419
4,17,42000.0,0.30165881795937
4,17,43000.0,0.39339861278635
4,17,44000.0,0.31813887398375
4,17,45000.0,0.35325803147084
4,17,46000.0,0.36643247289373
4,17,47000.0,0.16719806731326
4,17,48000.0,0.31299072630061
4,17,49000.0,0.33269088255167
4,17,50000.0,0.34713318225033
4,18,5000.0,0.0874424245281
4,18,6000.0,0.0
4,18,7000.0,0.081591634681524
4,18,8000.0,0.14241687692279
4,18,9000.0,0.00064624328208723
4,18,10000.0,0.099888186291027
4,18,11000.0,0.075832214146666
4,18,12000.0,0.11852365621406
4,18,13000.0,0.068218999888974
4,18,14000.0,0.13994540084929
4,18,15000.0,0.0
4,18,16000.0,0.13454532200937
4,18,17000.0,0.18344541192893
4,18,18000.0,0.16076422246117
4,18,19000.0,0.1310729243722
4,18,20000.0,0.21123937979566
4,18,21000.0,0.12888134710938
4,18,22000.0,0.38438644071298
4,18,23000.0,0.11794409505177
4,18,24000.0,-0.056580013403653
4,18,25000.0,0.14391967601476
4,18,26000.0,0.17976212217026
4,18,27000.0,0.32439851222919
4,18,28000.0,0.1574622273332
4,18,29000.0,0.17396018228746
4,18,30000.0,0.1306886017564
4,18,31000.0,0.3997561437987
4,18,32000.0,0.15377814539654
4,18,33000.0,0.17867345809273
4,18,34000.0,0.17576509956677
4,18,35000.0,0.18832833142242
4,18,36000.0,0.17918151644858
4,18,37000.0,0.15404374253518
4,18,38000.0,0.19481718981426
4,18,39000.0,0.16222247985646
4,18,40000.0,0.1460228700624
4,18,41000.0,0.20880008207891
4,18,42000.0,0.17384882112009
4,18,43000.0,0.18658463515138
4,18,44000.0,0.41214559737492
4,18,45000.0,0.16841858809526
4,18,46000.0,0.19495467076427
4,18,47000.0,0.1548959336866
4,18,48000.0,0.1098941773215
4,18,49000.0,0.097783184681376
4,18,50000.0,0.19403698847192
4,19,5000.0,0.12800738376007
4,19,6000.0,-0.14251749080883
4,19,7000.0,0.042362904671799
4,19,8000.0,0.16497708077573
4,19,9000.0,0.087173316123465
4,19,10000.0,0.0916250456628
4,19,11000.0,0.001737629370505
4,19,12000.0,0.16966336691261
4,19,13000.0,0.17068963557205
4,19,14000.0,0.12834994573734
4,19,15000.0,0.067017172144698
4,19,16000.0,0.076758208629543
4,19,17000.0,-0.035138872448318
4,19,18000.0,0.18535545731951
4,19,19000.0,0.0
4,19,20000.0,0.20636027869959
4,19,21000.0,0.15565946454541
4,19,22000.0,0.084653630030383
4,19,23000.0,-0.032534992961901
4,19,24000.0,0.1888433255055
4,19,25000.0,0.19309511048525
4,19,26000.0,0.22321335802139
4,19,27000.0,0.2165858521279
4,19,28000.0,0.2165928257151
4,19,29000.0,0.21832287966138
4,19,30000.0,0.18303186645579
4,19,31000.0,0.20571068201223
4,19,32000.0,0.21713452780388
4,19,33000.0,0.20871800128737
4,19,34000.0,0.17060106103003
4,19,35000.0,0.21936318151673
4,19,36000.0,0.2135935854642
4,19,37000.0,0.21016183950325
4,19,38000.0,0.17197214540757
4,19,39000.0,0.20663685069108
4,19,40000.0,0.22179798931213
4,19,41000.0,0.21975314594539
4,19,42000.0,0.15673296171043
4,19,43000.0,0.21584845758064
4,19,44000.0,0.20444837330885
4,19,45000.0,0.46378081353244
4,19,46000.0,0.20556063677209
4,19,47000.0,0.15933966113029
4,19,48000.0,0.04391895228818
4,19,49000.0,0.19284395478055
4,19,50000.0,0.17193541594303
4,20,5000.0,0.17484689658181
4,20,6000.0,0.11994692085167
4,20,7000.0,0.082163078284456
4,20,8000.0,0.17405348479373
4,20,9000.0,0.16664617461489
4,20,10000.0,0.11936555309141
4,20,11000.0,0.091827421811544
4,20,12000.0,0.090490456655024
4,20,13000.0,0.17428194142596
4,20,14000.0,0.20166881021208
4,20,15000.0,0.037745508430331
4,20,16000.0,0.16743886614813
4,20,17000.0,0.18859922550622
4,20,18000.0,0.13937492772233
4,20,19000.0,0.31653501761847
4,20,20000.0,0.19307575763997
4,20,21000.0,0.13930326832658
4,20,22000.0,0.10979579181851
4,20,23000.0,0.049464989898204
4,20,24000.0,0.055116207596891
4,20,25000.0,0.15861433109204
4,20,26000.0,0.34518316311617
4,20,27000.0,0.1633298964896
4,20,28000.0,0.44033166555052
4,20,29000.0,0.16351364851304
4,20,30000.0,0.13296200562663
4,20,31000.0,0.13591194601067
4,20,32000.0,0.16222180447005
4,20,33000.0,0.1789866282381
4,20,34000.0,0.16017677615013
4,20,35000.0,0.36119295723722
4,20,36000.0,0.19716206425634
4,20,37000.0,0.18912349710174
4,20,38000.0,0.20237811411122
4,20,39000.0,0.1601419494942
4,20,40000.0,0.13690074813045
4,20,41000.0,0.20476403456017
4,20,42000.0,0.14159839174722
4,20,43000.0,0.17530537311991
4,20,44000.0,0.21335114698565
4,20,45000.0,0.21666646977047
4,20,46000.0,0.38484787185514
4,20,47000.0,0.1221556671263
4,20,48000.0,0.17538565877003
4,20,49000.0,0.1341741523292
4,20,50000.0,0.2091714095427
4,21,5000.0,0.33710764958812
4,21,6000.0,0.34096700683039
4,21,7000.0,0.0
4,21,8000.0,0.3
4,21,9000.0,0.32137628740078
4,21,10000.0,0.73280929156389
4,21,11000.0,0.01535083598864
4,21,12000.0,0.09951604201261
4,21,13000.0,-0.57073669160287
4,21,14000.0,-0.5653388019066
4,21,15000.0,-0.61535647277048
4,21,16000.0,-0.35188952981197
4,21,17000.0,-0.47641919404776
4,21,18000.0,-0.56726067610974
4,21,19000.0,-0.56636415937255
4,21,20000.0,-0.34173526988104
4,21,21000.0,-0.47633544757382
4,21,22000.0,0.39272425668304
4,21,23000.0,0.089312572081525
4,21,24000.0,0.24017334446395
4,21,25000.0,0.39868636140378
4,21,26000.0,0.39868636140378
4,21,27000.0,0.39150510128776
4,21,28000.0,0.39868636140378
4,21,29000.0,0.39707746280405
4,21,30000.0,0.38927535142654
4,21,31000.0,0.39795680077747
4,21,32000.0,0.39693010122057
4,21,33000.0,0.39788191210391
4,21,34000.0,0.39401185871554
4,21,35000.0,0.39788191210391
4,21,36000.0,0.39685762831066
4,21,37000.0,0.39378477693103
4,21,38000.0,0.3935407848012
4,21,39000.0,0.33560594063132
4,21,40000.0,0.14194436764715
4,21,41000.0,0.00088130637344302
4,21,42000.0,0.0062085126144175
4,21,43000.0,0.024491369908198
4,21,44000.0,0.30659897436249
4,21,45000.0,0.3
4,21,46000.0,0.31916678294285
4,21,47000.0,0.3
4,21,48000.0,0.4011382908678
4,21,49000.0,0.39164629887048
4,21,50000.0,0.41034986731723
4,22,5000.0,-0.57264109970089
4,22,6000.0,-0.58917336659197
4,22,7000.0,-0.58760247484526
4,22,8000.0,-0.26803801758812
4,22,9000.0,-0.47258116687055
4,22,10000.0,-0.5650590981021
4,22,11000.0,-0.41861085422807
4,22,12000.0,-0.044358043766073
4,22,13000.0,0.42367620169978
4,22,14000.0,0.087977304966948
4,22,15000.0,0.27311288658
4,22,16000.0,0.39833754089182
4,22,17000.0,0.45143225990213
4,22,18000.0,0.44516531125867
4,22,19000.0,0.33401125364763
4,22,20000.0,0.45502345777969
4,22,21000.0,0.42279697885366
4,22,22000.0,0.34421863765206
4,22,23000.0,0.43316638768713
4,22,24000.0,0.42651739665735
4,22,25000.0,0.40897440450975
4,22,26000.0,0.44240992139201
4,22,27000.0,0.37815492924241
4,22,28000.0,0.39523273901231
4,22,29000.0,0.42814695590433
4,22,30000.0,0.33226815495518
4,22,31000.0,0.41627842461221
4,22,32000.0,0.41348476728022
4,22,33000.0,0.12237861351083
4,22,34000.0,0.40769259465003
4,22,35000.0,0.42813849994714
4,22,36000.0,0.32493607720863
4,22,37000.0,0.42529275982717
4,22,38000.0,0.4212969232072
4,22,39000.0,0.42666406546872
4,22,40000.0,0.43716040642555
4,22,41000.0,0.45660986237302
4,22,42000.0,0.43869472561966
4,22,43000.0,0.088572476394499
4,22,44000.0,0.4120162005576
4,22,45000.0,0.45570419438273
4,22,46000.0,0.41746167478163
4,22,47000.0,0.38022152697249
4,22,48000.0,0.3
4,22,49000.0,0.43480527159452
4,22,50000.0,0.40319550412971
4,23,5000.0,-0.52058641026362
4,23,6000.0,-0.48926024825938
4,23,7000.0,-0.51514251625562
4,23,8000.0,-0.46547067820446
4,23,9000.0,-0.69964371412892
4,23,10000.0,-0.30653487943788
4,23,11000.0,-0.41017986777342
4,23,12000.0,0.20723427194015
4,23,13000.0,0.40714917460619
4,23,14000.0,0.36104647906515
4,23,15000.0,0.3079902785407
4,23,16000.0,0.33531715007134
4,23,17000.0,0.30427225056779
4,23,18000.0,0.048268686917179
4,23,19000.0,0.21660351739707
4,23,20000.0,0.42508323684251
4,23,21000.0,0.36333245710761
4,23,22000.0,0.27084538599332
4,23,23000.0,0.30274573808286
4,23,24000.0,0.34451135410909
4,23,25000.0,0.43338581692613
4,23,26000.0,0.36244995184487
4,23,27000.0,0.40298453027264
4,23,28000.0,0.43456172528224
4,23,29000.0,0.42457236673844
4,23,30000.0,0.31895756003434
4,23,31000.0,0.42745355009093
4,23,32000.0,0.43215751099393
4,23,33000.0,0.4812441856805
4,23,34000.0,0.2737177319775
4,23,35000.0,0.43488272260189
4,23,36000.0,0.40636673928133
4,23,37000.0,0.42386388304474
4,23,38000.0,0.3144479218337
4,23,39000.0,0.36577508783758
4,23,40000.0,0.44327269213537
4,23,41000.0,0.43255076659833
4,23,42000.0,0.25633112315769
4,23,43000.0,0.42876624492994
4,23,44000.0,0.40717604436702
4,23,45000.0,0.42664385460775
4,23,46000.0,0.42301473394962
4,23,47000.0,0.17535855226343
4,23,48000.0,0.19684757666025
4,23,49000.0,0.48174344651854
4,23,50000.0,0.41831936918484
4,24,5000.0,0.017739189711731
4,24,6000.0,-0.66666666666667
4,24,7000.0,-0.42289714776963
4,24,8000.0,-0.56579177832668
4,24,9000.0,-0.7
4,24,10000.0,-0.40252850186042
4,24,11000.0,-0.17476680867375
4,24,12000.0,-0.46536705620567
4,24,13000.0,-0.44825106236234
4,24,14000.0,-0.42017078663542
4,24,15000.0,0.18657754717993
4,24,16000.0,-0.52427096444876
4,24,17000.0,-0.46236682358091
4,24,18000.0,-0.19604932735675
4,24,19000.0,-0.37855820207193
4,24,20000.0,-0.19726363015686
4,24,21000.0,-0.4868460817369
4,24,22000.0,0.17835761701772
4,24,23000.0,0.4505856942468
4,24,24000.0,-0.034761494360706
4,24,25000.0,0.40545795890856
4,24,26000.0,0.19270979986457
4,24,27000.0,0.36306657361422
4,24,28000.0,0.48274579420588
4,24,29000.0,0.045590711227904
4,24,30000.0,0.17189331342414
4,24,31000.0,0.36313594954745
4,24,32000.0,0.49554866900001
4,24,33000.0,0.35911212083709
4,24,34000.0,0.40654555261811
4,24,35000.0,0.48882410461126
4,24,36000.0,0.46353348186084
4,24,37000.0,0.47850432425415
4,24,38000.0,0.40165247046367
4,24,39000.0,0.49083520549955
4,24,40000.0,0.49405376697412
4,24,41000.0,0.50293976860461
4,24,42000.0,0.4836564017293
4,24,43000.0,0.23174674807234
4,24,44000.0,0.49575818984946
4,24,45000.0,0.48299539847297
4,24,46000.0,0.48444896698648
4,24,47000.0,0.47103858401392
4,24,48000.0,0.42776554281623
4,24,49000.0,0.50049314457655
4,24,50000.0,0.50189625970128
