rep,host,t,TotalClusterMsgSent
0,0,1000.0,8.0
0,0,2000.0,12.0
0,0,3000.0,17.0
0,0,4000.0,29.0
0,0,5000.0,35.0
0,0,6000.0,42.0
0,0,7000.0,59.0
0,0,8000.0,68.0
0,0,9000.0,77.0
0,0,10000.0,95.0
0,0,11000.0,104.0
0,0,12000.0,113.0
0,0,13000.0,132.0
0,0,14000.0,142.0
0,0,15000.0,152.0
0,0,16000.0,182.0
0,0,17000.0,192.0
0,0,18000.0,202.0
0,0,19000.0,229.0
0,0,20000.0,256.0
0,0,21000.0,285.0
0,0,22000.0,305.0
0,0,23000.0,315.0
0,0,24000.0,326.0
0,0,25000.0,362.0
0,0,26000.0,398.0
0,0,27000.0,436.0
0,0,28000.0,475.0
0,0,29000.0,516.0
0,0,30000.0,544.0
0,0,31000.0,586.0
0,0,32000.0,614.0
0,0,33000.0,628.0
0,0,34000.0,670.0
0,0,35000.0,712.0
0,0,36000.0,726.0
0,0,37000.0,768.0
0,0,38000.0,795.0
0,0,39000.0,821.0
0,0,40000.0,847.0
0,0,41000.0,860.0
0,0,42000.0,873.0
0,0,43000.0,916.0
0,0,44000.0,948.0
0,0,45000.0,981.0
0,0,46000.0,1029.0
0,0,47000.0,1093.0
0,0,48000.0,1109.0
0,0,49000.0,1139.0
0,0,50000.0,1184.0
0,1,1000.0,16.0
0,1,2000.0,24.0
0,1,3000.0,32.0
0,1,4000.0,50.0
0,1,5000.0,59.0
0,1,6000.0,69.0
0,1,7000.0,89.0
0,1,8000.0,99.0
0,1,9000.0,109.0
0,1,10000.0,131.0
0,1,11000.0,142.0
0,1,12000.0,153.0
0,1,13000.0,176.0
0,1,14000.0,188.0
0,1,15000.0,200.0
0,1,16000.0,222.0
0,1,17000.0,233.0
0,1,18000.0,244.0
0,1,19000.0,266.0
0,1,20000.0,277.0
0,1,21000.0,289.0
0,1,22000.0,312.0
0,1,23000.0,323.0
0,1,24000.0,334.0
0,1,25000.0,358.0
0,1,26000.0,383.0
0,1,27000.0,396.0
0,1,28000.0,451.0
0,1,29000.0,465.0
0,1,30000.0,479.0
0,1,31000.0,528.0
0,1,32000.0,596.0
0,1,33000.0,613.0
0,1,34000.0,660.0
0,1,35000.0,723.0
0,1,36000.0,739.0
0,1,37000.0,788.0
0,1,38000.0,852.0
0,1,39000.0,868.0
0,1,40000.0,915.0
0,1,41000.0,975.0
0,1,42000.0,1020.0
0,1,43000.0,1080.0
0,1,44000.0,1095.0
0,1,45000.0,1110.0
0,1,46000.0,1155.0
0,1,47000.0,1202.0
0,1,48000.0,1233.0
0,1,49000.0,1278.0
0,1,50000.0,1308.0
0,2,1000.0,33.0
0,2,2000.0,51.0
0,2,3000.0,69.0
0,2,4000.0,105.0
0,2,5000.0,142.0
0,2,6000.0,161.0
0,2,7000.0,194.0
0,2,8000.0,226.0
0,2,9000.0,242.0
0,2,10000.0,275.0
0,2,11000.0,309.0
0,2,12000.0,326.0
0,2,13000.0,360.0
0,2,14000.0,408.0
0,2,15000.0,456.0
0,2,16000.0,502.0
0,2,17000.0,532.0
0,2,18000.0,576.0
0,2,19000.0,607.0
0,2,20000.0,655.0
0,2,21000.0,687.0
0,2,22000.0,733.0
0,2,23000.0,764.0
0,2,24000.0,796.0
0,2,25000.0,828.0
0,2,26000.0,860.0
0,2,27000.0,875.0
0,2,28000.0,901.0
0,2,29000.0,928.0
0,2,30000.0,942.0
0,2,31000.0,971.0
0,2,32000.0,986.0
0,2,33000.0,1001.0
0,2,34000.0,1046.0
0,2,35000.0,1089.0
0,2,36000.0,1115.0
0,2,37000.0,1140.0
0,2,38000.0,1164.0
0,2,39000.0,1176.0
0,2,40000.0,1200.0
0,2,41000.0,1212.0
0,2,42000.0,1224.0
0,2,43000.0,1258.0
0,2,44000.0,1291.0
0,2,45000.0,1314.0
0,2,46000.0,1349.0
0,2,47000.0,1370.0
0,2,48000.0,1390.0
0,2,49000.0,1410.0
0,2,50000.0,1420.0
0,4,1000.0,38.0
0,4,2000.0,57.0
0,4,3000.0,77.0
0,4,4000.0,118.0
0,4,5000.0,160.0
0,4,6000.0,200.0
0,4,7000.0,240.0
0,4,8000.0,260.0
0,4,9000.0,280.0
0,4,10000.0,318.0
0,4,11000.0,337.0
0,4,12000.0,356.0
0,4,13000.0,394.0
0,4,14000.0,457.0
0,4,15000.0,518.0
0,4,16000.0,572.0
0,4,17000.0,626.0
0,4,18000.0,662.0
0,4,19000.0,719.0
0,4,20000.0,755.0
0,4,21000.0,793.0
0,4,22000.0,832.0
0,4,23000.0,874.0
0,4,24000.0,918.0
0,4,25000.0,960.0
0,4,26000.0,1002.0
0,4,27000.0,1044.0
0,4,28000.0,1084.0
0,4,29000.0,1141.0
0,4,30000.0,1177.0
0,4,31000.0,1209.0
0,4,32000.0,1241.0
0,4,33000.0,1272.0
0,4,34000.0,1302.0
0,4,35000.0,1317.0
0,4,36000.0,1332.0
0,4,37000.0,1363.0
0,4,38000.0,1395.0
0,4,39000.0,1429.0
0,4,40000.0,1465.0
0,4,41000.0,1501.0
0,4,42000.0,1537.0
0,4,43000.0,1573.0
0,4,44000.0,1591.0
0,4,45000.0,1608.0
0,4,46000.0,1642.0
0,4,47000.0,1677.0
0,4,48000.0,1713.0
0,4,49000.0,1749.0
0,4,50000.0,1786.0
0,5,1000.0,30.0
0,5,2000.0,45.0
0,5,3000.0,75.0
0,5,4000.0,105.0
0,5,5000.0,139.0
0,5,6000.0,157.0
0,5,7000.0,193.0
0,5,8000.0,212.0
0,5,9000.0,231.0
0,5,10000.0,269.0
0,5,11000.0,288.0
0,5,12000.0,307.0
0,5,13000.0,367.0
0,5,14000.0,386.0
0,5,15000.0,405.0
0,5,16000.0,456.0
0,5,17000.0,502.0
0,5,18000.0,548.0
0,5,19000.0,581.0
0,5,20000.0,617.0
0,5,21000.0,652.0
0,5,22000.0,689.0
0,5,23000.0,729.0
0,5,24000.0,769.0
0,5,25000.0,809.0
0,5,26000.0,851.0
0,5,27000.0,893.0
0,5,28000.0,935.0
0,5,29000.0,978.0
0,5,30000.0,1019.0
0,5,31000.0,1061.0
0,5,32000.0,1121.0
0,5,33000.0,1163.0
0,5,34000.0,1204.0
0,5,35000.0,1262.0
0,5,36000.0,1299.0
0,5,37000.0,1356.0
0,5,38000.0,1390.0
0,5,39000.0,1441.0
0,5,40000.0,1475.0
0,5,41000.0,1523.0
0,5,42000.0,1555.0
0,5,43000.0,1601.0
0,5,44000.0,1631.0
0,5,45000.0,1661.0
0,5,46000.0,1691.0
0,5,47000.0,1736.0
0,5,48000.0,1781.0
0,5,49000.0,1826.0
0,5,50000.0,1855.0
0,6,1000.0,32.0
0,6,2000.0,48.0
0,6,3000.0,64.0
0,6,4000.0,98.0
0,6,5000.0,132.0
0,6,6000.0,166.0
0,6,7000.0,200.0
0,6,8000.0,234.0
0,6,9000.0,268.0
0,6,10000.0,302.0
0,6,11000.0,336.0
0,6,12000.0,352.0
0,6,13000.0,384.0
0,6,14000.0,416.0
0,6,15000.0,446.0
0,6,16000.0,476.0
0,6,17000.0,506.0
0,6,18000.0,538.0
0,6,19000.0,572.0
0,6,20000.0,610.0
0,6,21000.0,646.0
0,6,22000.0,684.0
0,6,23000.0,724.0
0,6,24000.0,762.0
0,6,25000.0,800.0
0,6,26000.0,842.0
0,6,27000.0,880.0
0,6,28000.0,918.0
0,6,29000.0,954.0
0,6,30000.0,990.0
0,6,31000.0,1024.0
0,6,32000.0,1058.0
0,6,33000.0,1092.0
0,6,34000.0,1126.0
0,6,35000.0,1160.0
0,6,36000.0,1196.0
0,6,37000.0,1232.0
0,6,38000.0,1266.0
0,6,39000.0,1298.0
0,6,40000.0,1330.0
0,6,41000.0,1362.0
0,6,42000.0,1394.0
0,6,43000.0,1426.0
0,6,44000.0,1458.0
0,6,45000.0,1494.0
0,6,46000.0,1529.0
0,6,47000.0,1563.0
0,6,48000.0,1597.0
0,6,49000.0,1631.0
0,6,50000.0,1663.0
0,7,1000.0,15.0
0,7,2000.0,44.0
0,7,3000.0,73.0
0,7,4000.0,88.0
0,7,5000.0,120.0
0,7,6000.0,136.0
0,7,7000.0,151.0
0,7,8000.0,183.0
0,7,9000.0,216.0
0,7,10000.0,232.0
0,7,11000.0,264.0
0,7,12000.0,281.0
0,7,13000.0,299.0
0,7,14000.0,333.0
0,7,15000.0,367.0
0,7,16000.0,384.0
0,7,17000.0,417.0
0,7,18000.0,465.0
0,7,19000.0,513.0
0,7,20000.0,578.0
0,7,21000.0,626.0
0,7,22000.0,658.0
0,7,23000.0,690.0
0,7,24000.0,706.0
0,7,25000.0,723.0
0,7,26000.0,774.0
0,7,27000.0,825.0
0,7,28000.0,842.0
0,7,29000.0,888.0
0,7,30000.0,933.0
0,7,31000.0,948.0
0,7,32000.0,984.0
0,7,33000.0,1040.0
0,7,34000.0,1059.0
0,7,35000.0,1116.0
0,7,36000.0,1186.0
0,7,37000.0,1202.0
0,7,38000.0,1250.0
0,7,39000.0,1282.0
0,7,40000.0,1327.0
0,7,41000.0,1402.0
0,7,42000.0,1417.0
0,7,43000.0,1462.0
0,7,44000.0,1522.0
0,7,45000.0,1569.0
0,7,46000.0,1617.0
0,7,47000.0,1648.0
0,7,48000.0,1663.0
0,7,49000.0,1677.0
0,7,50000.0,1705.0
0,8,1000.0,7.0
0,8,2000.0,14.0
0,8,3000.0,28.0
0,8,4000.0,35.0
0,8,5000.0,43.0
0,8,6000.0,59.0
0,8,7000.0,67.0
0,8,8000.0,75.0
0,8,9000.0,92.0
0,8,10000.0,101.0
0,8,11000.0,110.0
0,8,12000.0,129.0
0,8,13000.0,139.0
0,8,14000.0,149.0
0,8,15000.0,169.0
0,8,16000.0,179.0
0,8,17000.0,189.0
0,8,18000.0,212.0
0,8,19000.0,236.0
0,8,20000.0,248.0
0,8,21000.0,272.0
0,8,22000.0,284.0
0,8,23000.0,298.0
0,8,24000.0,328.0
0,8,25000.0,358.0
0,8,26000.0,373.0
0,8,27000.0,403.0
0,8,28000.0,433.0
0,8,29000.0,448.0
0,8,30000.0,478.0
0,8,31000.0,525.0
0,8,32000.0,557.0
0,8,33000.0,607.0
0,8,34000.0,641.0
0,8,35000.0,692.0
0,8,36000.0,726.0
0,8,37000.0,776.0
0,8,38000.0,811.0
0,8,39000.0,868.0
0,8,40000.0,886.0
0,8,41000.0,904.0
0,8,42000.0,943.0
0,8,43000.0,983.0
0,8,44000.0,1024.0
0,8,45000.0,1067.0
0,8,46000.0,1111.0
0,8,47000.0,1156.0
0,8,48000.0,1202.0
0,8,49000.0,1248.0
0,8,50000.0,1291.0
0,9,1000.0,14.0
0,9,2000.0,21.0
0,9,3000.0,29.0
0,9,4000.0,45.0
0,9,5000.0,53.0
0,9,6000.0,69.0
0,9,7000.0,83.0
0,9,8000.0,103.0
0,9,9000.0,109.0
0,9,10000.0,121.0
0,9,11000.0,127.0
0,9,12000.0,133.0
0,9,13000.0,145.0
0,9,14000.0,153.0
0,9,15000.0,161.0
0,9,16000.0,177.0
0,9,17000.0,193.0
0,9,18000.0,209.0
0,9,19000.0,225.0
0,9,20000.0,252.0
0,9,21000.0,261.0
0,9,22000.0,283.0
0,9,23000.0,293.0
0,9,24000.0,303.0
0,9,25000.0,323.0
0,9,26000.0,343.0
0,9,27000.0,353.0
0,9,28000.0,373.0
0,9,29000.0,393.0
0,9,30000.0,413.0
0,9,31000.0,433.0
0,9,32000.0,455.0
0,9,33000.0,475.0
0,9,34000.0,497.0
0,9,35000.0,519.0
0,9,36000.0,545.0
0,9,37000.0,584.0
0,9,38000.0,610.0
0,9,39000.0,636.0
0,9,40000.0,662.0
0,9,41000.0,688.0
0,9,42000.0,727.0
0,9,43000.0,751.0
0,9,44000.0,775.0
0,9,45000.0,799.0
0,9,46000.0,823.0
0,9,47000.0,835.0
0,9,48000.0,847.0
0,9,49000.0,871.0
0,9,50000.0,883.0
0,10,1000.0,10.0
0,10,2000.0,21.0
0,10,3000.0,43.0
0,10,4000.0,67.0
0,10,5000.0,91.0
0,10,6000.0,113.0
0,10,7000.0,135.0
0,10,8000.0,155.0
0,10,9000.0,173.0
0,10,10000.0,193.0
0,10,11000.0,213.0
0,10,12000.0,235.0
0,10,13000.0,259.0
0,10,14000.0,283.0
0,10,15000.0,307.0
0,10,16000.0,329.0
0,10,17000.0,351.0
0,10,18000.0,373.0
0,10,19000.0,397.0
0,10,20000.0,425.0
0,10,21000.0,453.0
0,10,22000.0,481.0
0,10,23000.0,509.0
0,10,24000.0,537.0
0,10,25000.0,565.0
0,10,26000.0,593.0
0,10,27000.0,621.0
0,10,28000.0,649.0
0,10,29000.0,677.0
0,10,30000.0,705.0
0,10,31000.0,734.0
0,10,32000.0,764.0
0,10,33000.0,794.0
0,10,34000.0,824.0
0,10,35000.0,852.0
0,10,36000.0,880.0
0,10,37000.0,902.0
0,10,38000.0,922.0
0,10,39000.0,942.0
0,10,40000.0,960.0
0,10,41000.0,978.0
0,10,42000.0,996.0
0,10,43000.0,1016.0
0,10,44000.0,1036.0
0,10,45000.0,1056.0
0,10,46000.0,1076.0
0,10,47000.0,1096.0
0,10,48000.0,1116.0
0,10,49000.0,1136.0
0,10,50000.0,1156.0
0,11,1000.0,5.0
0,11,2000.0,9.0
0,11,3000.0,17.0
0,11,4000.0,21.0
0,11,5000.0,25.0
0,11,6000.0,35.0
0,11,7000.0,40.0
0,11,8000.0,46.0
0,11,9000.0,58.0
0,11,10000.0,64.0
0,11,11000.0,70.0
0,11,12000.0,81.0
0,11,13000.0,86.0
0,11,14000.0,91.0
0,11,15000.0,103.0
0,11,16000.0,109.0
0,11,17000.0,115.0
0,11,18000.0,129.0
0,11,19000.0,136.0
0,11,20000.0,143.0
0,11,21000.0,159.0
0,11,22000.0,167.0
0,11,23000.0,175.0
0,11,24000.0,193.0
0,11,25000.0,202.0
0,11,26000.0,211.0
0,11,27000.0,229.0
0,11,28000.0,238.0
0,11,29000.0,247.0
0,11,30000.0,265.0
0,11,31000.0,274.0
0,11,32000.0,283.0
0,11,33000.0,301.0
0,11,34000.0,310.0
0,11,35000.0,320.0
0,11,36000.0,330.0
0,11,37000.0,341.0
0,11,38000.0,353.0
0,11,39000.0,377.0
0,11,40000.0,389.0
0,11,41000.0,401.0
0,11,42000.0,424.0
0,11,43000.0,436.0
0,11,44000.0,450.0
0,11,45000.0,480.0
0,11,46000.0,525.0
0,11,47000.0,556.0
0,11,48000.0,588.0
0,11,49000.0,604.0
0,11,50000.0,621.0
0,12,1000.0,11.0
0,12,2000.0,22.0
0,12,3000.0,45.0
0,12,4000.0,57.0
0,12,5000.0,85.0
0,12,6000.0,113.0
0,12,7000.0,141.0
0,12,8000.0,171.0
0,12,9000.0,219.0
0,12,10000.0,235.0
0,12,11000.0,251.0
0,12,12000.0,283.0
0,12,13000.0,299.0
0,12,14000.0,315.0
0,12,15000.0,366.0
0,12,16000.0,417.0
0,12,17000.0,434.0
0,12,18000.0,470.0
0,12,19000.0,524.0
0,12,20000.0,592.0
0,12,21000.0,663.0
0,12,22000.0,717.0
0,12,23000.0,735.0
0,12,24000.0,771.0
0,12,25000.0,811.0
0,12,26000.0,850.0
0,12,27000.0,888.0
0,12,28000.0,925.0
0,12,29000.0,965.0
0,12,30000.0,1028.0
0,12,31000.0,1071.0
0,12,32000.0,1117.0
0,12,33000.0,1165.0
0,12,34000.0,1209.0
0,12,35000.0,1255.0
0,12,36000.0,1298.0
0,12,37000.0,1338.0
0,12,38000.0,1358.0
0,12,39000.0,1498.0
0,12,40000.0,1557.0
0,12,41000.0,1631.0
0,12,42000.0,1703.0
0,12,43000.0,1809.0
0,12,44000.0,1861.0
0,12,45000.0,1930.0
0,12,46000.0,2032.0
0,12,47000.0,2100.0
0,12,48000.0,2151.0
0,12,49000.0,2202.0
0,12,50000.0,2253.0
0,13,1000.0,10.0
0,13,2000.0,21.0
0,13,3000.0,45.0
0,13,4000.0,57.0
0,13,5000.0,69.0
0,13,6000.0,92.0
0,13,7000.0,103.0
0,13,8000.0,114.0
0,13,9000.0,135.0
0,13,10000.0,145.0
0,13,11000.0,155.0
0,13,12000.0,178.0
0,13,13000.0,190.0
0,13,14000.0,203.0
0,13,15000.0,228.0
0,13,16000.0,240.0
0,13,17000.0,252.0
0,13,18000.0,275.0
0,13,19000.0,286.0
0,13,20000.0,296.0
0,13,21000.0,316.0
0,13,22000.0,336.0
0,13,23000.0,354.0
0,13,24000.0,399.0
0,13,25000.0,417.0
0,13,26000.0,444.0
0,13,27000.0,471.0
0,13,28000.0,488.0
0,13,29000.0,496.0
0,13,30000.0,528.0
0,13,31000.0,536.0
0,13,32000.0,550.0
0,13,33000.0,571.0
0,13,34000.0,585.0
0,13,35000.0,592.0
0,13,36000.0,618.0
0,13,37000.0,630.0
0,13,38000.0,660.0
0,13,39000.0,666.0
0,13,40000.0,678.0
0,13,41000.0,693.0
0,13,42000.0,702.0
0,13,43000.0,710.0
0,13,44000.0,714.0
0,13,45000.0,723.0
0,13,46000.0,743.0
0,13,47000.0,758.0
0,13,48000.0,768.0
0,13,49000.0,785.0
0,13,50000.0,808.0
0,14,1000.0,15.0
0,14,2000.0,25.0
0,14,3000.0,31.0
0,14,4000.0,49.0
0,14,5000.0,55.0
0,14,6000.0,61.0
0,14,7000.0,73.0
0,14,8000.0,79.0
0,14,9000.0,85.0
0,14,10000.0,97.0
0,14,11000.0,103.0
0,14,12000.0,109.0
0,14,13000.0,123.0
0,14,14000.0,130.0
0,14,15000.0,137.0
0,14,16000.0,144.0
0,14,17000.0,151.0
0,14,18000.0,158.0
0,14,19000.0,166.0
0,14,20000.0,174.0
0,14,21000.0,192.0
0,14,22000.0,210.0
0,14,23000.0,219.0
0,14,24000.0,228.0
0,14,25000.0,246.0
0,14,26000.0,255.0
0,14,27000.0,264.0
0,14,28000.0,282.0
0,14,29000.0,291.0
0,14,30000.0,300.0
0,14,31000.0,318.0
0,14,32000.0,337.0
0,14,33000.0,347.0
0,14,34000.0,379.0
0,14,35000.0,405.0
0,14,36000.0,434.0
0,14,37000.0,479.0
0,14,38000.0,542.0
0,14,39000.0,558.0
0,14,40000.0,606.0
0,14,41000.0,670.0
0,14,42000.0,686.0
0,14,43000.0,734.0
0,14,44000.0,750.0
0,14,45000.0,766.0
0,14,46000.0,800.0
0,14,47000.0,817.0
0,14,48000.0,834.0
0,14,49000.0,870.0
0,14,50000.0,888.0
0,15,1000.0,7.0
0,15,2000.0,16.0
0,15,3000.0,61.0
0,15,4000.0,70.0
0,15,5000.0,79.0
0,15,6000.0,97.0
0,15,7000.0,106.0
0,15,8000.0,116.0
0,15,9000.0,136.0
0,15,10000.0,146.0
0,15,11000.0,157.0
0,15,12000.0,179.0
0,15,13000.0,190.0
0,15,14000.0,202.0
0,15,15000.0,226.0
0,15,16000.0,238.0
0,15,17000.0,250.0
0,15,18000.0,274.0
0,15,19000.0,286.0
0,15,20000.0,297.0
0,15,21000.0,319.0
0,15,22000.0,329.0
0,15,23000.0,339.0
0,15,24000.0,349.0
0,15,25000.0,359.0
0,15,26000.0,369.0
0,15,27000.0,389.0
0,15,28000.0,399.0
0,15,29000.0,410.0
0,15,30000.0,435.0
0,15,31000.0,448.0
0,15,32000.0,462.0
0,15,33000.0,489.0
0,15,34000.0,502.0
0,15,35000.0,516.0
0,15,36000.0,544.0
0,15,37000.0,559.0
0,15,38000.0,574.0
0,15,39000.0,604.0
0,15,40000.0,634.0
0,15,41000.0,664.0
0,15,42000.0,694.0
0,15,43000.0,709.0
0,15,44000.0,724.0
0,15,45000.0,754.0
0,15,46000.0,768.0
0,15,47000.0,782.0
0,15,48000.0,808.0
0,15,49000.0,834.0
0,15,50000.0,848.0
0,16,1000.0,9.0
0,16,2000.0,27.0
0,16,3000.0,36.0
0,16,4000.0,45.0
0,16,5000.0,54.0
0,16,6000.0,63.0
0,16,7000.0,72.0
0,16,8000.0,81.0
0,16,9000.0,90.0
0,16,10000.0,99.0
0,16,11000.0,108.0
0,16,12000.0,117.0
0,16,13000.0,127.0
0,16,14000.0,147.0
0,16,15000.0,157.0
0,16,16000.0,166.0
0,16,17000.0,175.0
0,16,18000.0,184.0
0,16,19000.0,193.0
0,16,20000.0,203.0
0,16,21000.0,212.0
0,16,22000.0,221.0
0,16,23000.0,237.0
0,16,24000.0,245.0
0,16,25000.0,253.0
0,16,26000.0,269.0
0,16,27000.0,277.0
0,16,28000.0,285.0
0,16,29000.0,301.0
0,16,30000.0,309.0
0,16,31000.0,316.0
0,16,32000.0,337.0
0,16,33000.0,344.0
0,16,34000.0,351.0
0,16,35000.0,372.0
0,16,36000.0,379.0
0,16,37000.0,385.0
0,16,38000.0,403.0
0,16,39000.0,409.0
0,16,40000.0,414.0
0,16,41000.0,432.0
0,16,42000.0,439.0
0,16,43000.0,446.0
0,16,44000.0,474.0
0,16,45000.0,482.0
0,16,46000.0,490.0
0,16,47000.0,522.0
0,16,48000.0,530.0
0,16,49000.0,538.0
0,16,50000.0,556.0
0,17,1000.0,20.0
0,17,2000.0,56.0
0,17,3000.0,67.0
0,17,4000.0,89.0
0,17,5000.0,100.0
0,17,6000.0,111.0
0,17,7000.0,137.0
0,17,8000.0,151.0
0,17,9000.0,166.0
0,17,10000.0,199.0
0,17,11000.0,216.0
0,17,12000.0,234.0
0,17,13000.0,270.0
0,17,14000.0,306.0
0,17,15000.0,324.0
0,17,16000.0,360.0
0,17,17000.0,397.0
0,17,18000.0,435.0
0,17,19000.0,475.0
0,17,20000.0,515.0
0,17,21000.0,575.0
0,17,22000.0,616.0
0,17,23000.0,676.0
0,17,24000.0,716.0
0,17,25000.0,757.0
0,17,26000.0,799.0
0,17,27000.0,842.0
0,17,28000.0,886.0
0,17,29000.0,929.0
0,17,30000.0,971.0
0,17,31000.0,1010.0
0,17,32000.0,1053.0
0,17,33000.0,1098.0
0,17,34000.0,1164.0
0,17,35000.0,1206.0
0,17,36000.0,1227.0
0,17,37000.0,1266.0
0,17,38000.0,1285.0
0,17,39000.0,1305.0
0,17,40000.0,1344.0
0,17,41000.0,1384.0
0,17,42000.0,1404.0
0,17,43000.0,1462.0
0,17,44000.0,1538.0
0,17,45000.0,1575.0
0,17,46000.0,1613.0
0,17,47000.0,1631.0
0,17,48000.0,1649.0
0,17,49000.0,1685.0
0,17,50000.0,1739.0
0,18,1000.0,13.0
0,18,2000.0,20.0
0,18,3000.0,56.0
0,18,4000.0,72.0
0,18,5000.0,80.0
0,18,6000.0,88.0
0,18,7000.0,105.0
0,18,8000.0,114.0
0,18,9000.0,123.0
0,18,10000.0,141.0
0,18,11000.0,150.0
0,18,12000.0,159.0
0,18,13000.0,179.0
0,18,14000.0,190.0
0,18,15000.0,203.0
0,18,16000.0,230.0
0,18,17000.0,244.0
0,18,18000.0,258.0
0,18,19000.0,300.0
0,18,20000.0,316.0
0,18,21000.0,332.0
0,18,22000.0,383.0
0,18,23000.0,419.0
0,18,24000.0,458.0
0,18,25000.0,498.0
0,18,26000.0,538.0
0,18,27000.0,580.0
0,18,28000.0,622.0
0,18,29000.0,665.0
0,18,30000.0,711.0
0,18,31000.0,756.0
0,18,32000.0,800.0
0,18,33000.0,844.0
0,18,34000.0,888.0
0,18,35000.0,932.0
0,18,36000.0,974.0
0,18,37000.0,1017.0
0,18,38000.0,1059.0
0,18,39000.0,1101.0
0,18,40000.0,1143.0
0,18,41000.0,1188.0
0,18,42000.0,1211.0
0,18,43000.0,1255.0
0,18,44000.0,1277.0
0,18,45000.0,1299.0
0,18,46000.0,1363.0
0,18,47000.0,1431.0
0,18,48000.0,1477.0
0,18,49000.0,1521.0
0,18,50000.0,1543.0
0,19,1000.0,5.0
0,19,2000.0,15.0
0,19,3000.0,20.0
0,19,4000.0,26.0
0,19,5000.0,39.0
0,19,6000.0,46.0
0,19,7000.0,53.0
0,19,8000.0,67.0
0,19,9000.0,74.0
0,19,10000.0,81.0
0,19,11000.0,99.0
0,19,12000.0,108.0
0,19,13000.0,117.0
0,19,14000.0,135.0
0,19,15000.0,145.0
0,19,16000.0,155.0
0,19,17000.0,175.0
0,19,18000.0,185.0
0,19,19000.0,197.0
0,19,20000.0,221.0
0,19,21000.0,233.0
0,19,22000.0,245.0
0,19,23000.0,269.0
0,19,24000.0,281.0
0,19,25000.0,293.0
0,19,26000.0,316.0
0,19,27000.0,336.0
0,19,28000.0,346.0
0,19,29000.0,366.0
0,19,30000.0,376.0
0,19,31000.0,385.0
0,19,32000.0,403.0
0,19,33000.0,413.0
0,19,34000.0,424.0
0,19,35000.0,446.0
0,19,36000.0,457.0
0,19,37000.0,469.0
0,19,38000.0,493.0
0,19,39000.0,517.0
0,19,40000.0,530.0
0,19,41000.0,554.0
0,19,42000.0,566.0
0,19,43000.0,579.0
0,19,44000.0,607.0
0,19,45000.0,649.0
0,19,46000.0,664.0
0,19,47000.0,709.0
0,19,48000.0,724.0
0,19,49000.0,739.0
0,19,50000.0,772.0
0,20,1000.0,7.0
0,20,2000.0,23.0
0,20,3000.0,31.0
0,20,4000.0,39.0
0,20,5000.0,55.0
0,20,6000.0,63.0
0,20,7000.0,71.0
0,20,8000.0,87.0
0,20,9000.0,95.0
0,20,10000.0,103.0
0,20,11000.0,119.0
0,20,12000.0,127.0
0,20,13000.0,136.0
0,20,14000.0,154.0
0,20,15000.0,163.0
0,20,16000.0,172.0
0,20,17000.0,191.0
0,20,18000.0,201.0
0,20,19000.0,211.0
0,20,20000.0,235.0
0,20,21000.0,247.0
0,20,22000.0,259.0
0,20,23000.0,283.0
0,20,24000.0,295.0
0,20,25000.0,308.0
0,20,26000.0,334.0
0,20,27000.0,347.0
0,20,28000.0,360.0
0,20,29000.0,384.0
0,20,30000.0,418.0
0,20,31000.0,440.0
0,20,32000.0,473.0
0,20,33000.0,495.0
0,20,34000.0,506.0
0,20,35000.0,542.0
0,20,36000.0,565.0
0,20,37000.0,576.0
0,20,38000.0,606.0
0,20,39000.0,626.0
0,20,40000.0,635.0
0,20,41000.0,662.0
0,20,42000.0,671.0
0,20,43000.0,680.0
0,20,44000.0,704.0
0,20,45000.0,712.0
0,20,46000.0,720.0
0,20,47000.0,747.0
0,20,48000.0,756.0
0,20,49000.0,765.0
0,20,50000.0,789.0
0,21,1000.0,8.0
0,21,2000.0,24.0
0,21,3000.0,32.0
0,21,4000.0,40.0
0,21,5000.0,56.0
0,21,6000.0,64.0
0,21,7000.0,72.0
0,21,8000.0,88.0
0,21,9000.0,96.0
0,21,10000.0,104.0
0,21,11000.0,112.0
0,21,12000.0,120.0
0,21,13000.0,128.0
0,21,14000.0,144.0
0,21,15000.0,153.0
0,21,16000.0,163.0
0,21,17000.0,183.0
0,21,18000.0,194.0
0,21,19000.0,206.0
0,21,20000.0,234.0
0,21,21000.0,262.0
0,21,22000.0,276.0
0,21,23000.0,306.0
0,21,24000.0,338.0
0,21,25000.0,354.0
0,21,26000.0,386.0
0,21,27000.0,402.0
0,21,28000.0,418.0
0,21,29000.0,450.0
0,21,30000.0,481.0
0,21,31000.0,496.0
0,21,32000.0,525.0
0,21,33000.0,552.0
0,21,34000.0,591.0
0,21,35000.0,603.0
0,21,36000.0,614.0
0,21,37000.0,625.0
0,21,38000.0,656.0
0,21,39000.0,666.0
0,21,40000.0,677.0
0,21,41000.0,707.0
0,21,42000.0,727.0
0,21,43000.0,737.0
0,21,44000.0,775.0
0,21,45000.0,814.0
0,21,46000.0,853.0
0,21,47000.0,879.0
0,21,48000.0,892.0
0,21,49000.0,905.0
0,21,50000.0,928.0
0,22,1000.0,11.0
0,22,2000.0,22.0
0,22,3000.0,44.0
0,22,4000.0,55.0
0,22,5000.0,66.0
0,22,6000.0,88.0
0,22,7000.0,110.0
0,22,8000.0,121.0
0,22,9000.0,142.0
0,22,10000.0,152.0
0,22,11000.0,162.0
0,22,12000.0,182.0
0,22,13000.0,192.0
0,22,14000.0,201.0
0,22,15000.0,217.0
0,22,16000.0,232.0
0,22,17000.0,239.0
0,22,18000.0,273.0
0,22,19000.0,287.0
0,22,20000.0,294.0
0,22,21000.0,343.0
0,22,22000.0,350.0
0,22,23000.0,364.0
0,22,24000.0,409.0
0,22,25000.0,416.0
0,22,26000.0,430.0
0,22,27000.0,486.0
0,22,28000.0,493.0
0,22,29000.0,517.0
0,22,30000.0,573.0
0,22,31000.0,581.0
0,22,32000.0,607.0
0,22,33000.0,652.0
0,22,34000.0,661.0
0,22,35000.0,716.0
0,22,36000.0,775.0
0,22,37000.0,811.0
0,22,38000.0,859.0
0,22,39000.0,916.0
0,22,40000.0,927.0
0,22,41000.0,971.0
0,22,42000.0,1015.0
0,22,43000.0,1026.0
0,22,44000.0,1070.0
0,22,45000.0,1122.0
0,22,46000.0,1132.0
0,22,47000.0,1177.0
0,22,48000.0,1195.0
0,22,49000.0,1204.0
0,22,50000.0,1229.0
0,23,1000.0,13.0
0,23,2000.0,27.0
0,23,3000.0,57.0
0,23,4000.0,72.0
0,23,5000.0,102.0
0,23,6000.0,132.0
0,23,7000.0,146.0
0,23,8000.0,160.0
0,23,9000.0,189.0
0,23,10000.0,203.0
0,23,11000.0,217.0
0,23,12000.0,245.0
0,23,13000.0,259.0
0,23,14000.0,275.0
0,23,15000.0,307.0
0,23,16000.0,323.0
0,23,17000.0,338.0
0,23,18000.0,383.0
0,23,19000.0,443.0
0,23,20000.0,490.0
0,23,21000.0,540.0
0,23,22000.0,591.0
0,23,23000.0,642.0
0,23,24000.0,693.0
0,23,25000.0,742.0
0,23,26000.0,758.0
0,23,27000.0,803.0
0,23,28000.0,859.0
0,23,29000.0,901.0
0,23,30000.0,957.0
0,23,31000.0,970.0
0,23,32000.0,983.0
0,23,33000.0,1009.0
0,23,34000.0,1061.0
0,23,35000.0,1074.0
0,23,36000.0,1113.0
0,23,37000.0,1165.0
0,23,38000.0,1178.0
0,23,39000.0,1217.0
0,23,40000.0,1265.0
0,23,41000.0,1277.0
0,23,42000.0,1310.0
0,23,43000.0,1354.0
0,23,44000.0,1365.0
0,23,45000.0,1385.0
0,23,46000.0,1405.0
0,23,47000.0,1415.0
0,23,48000.0,1435.0
0,23,49000.0,1444.0
0,23,50000.0,1453.0
0,24,1000.0,8.0
0,24,2000.0,15.0
0,24,3000.0,29.0
0,24,4000.0,43.0
0,24,5000.0,50.0
0,24,6000.0,62.0
0,24,7000.0,68.0
0,24,8000.0,80.0
0,24,9000.0,86.0
0,24,10000.0,104.0
0,24,11000.0,123.0
0,24,12000.0,130.0
0,24,13000.0,146.0
0,24,14000.0,163.0
0,24,15000.0,181.0
0,24,16000.0,190.0
0,24,17000.0,200.0
0,24,18000.0,220.0
0,24,19000.0,231.0
0,24,20000.0,242.0
0,24,21000.0,272.0
0,24,22000.0,282.0
0,24,23000.0,292.0
0,24,24000.0,312.0
0,24,25000.0,322.0
0,24,26000.0,332.0
0,24,27000.0,352.0
0,24,28000.0,362.0
0,24,29000.0,372.0
0,24,30000.0,414.0
0,24,31000.0,443.0
0,24,32000.0,474.0
0,24,33000.0,507.0
0,24,34000.0,524.0
0,24,35000.0,542.0
0,24,36000.0,578.0
0,24,37000.0,614.0
0,24,38000.0,632.0
0,24,39000.0,670.0
0,24,40000.0,710.0
0,24,41000.0,770.0
0,24,42000.0,828.0
0,24,43000.0,868.0
0,24,44000.0,908.0
0,24,45000.0,950.0
0,24,46000.0,992.0
0,24,47000.0,1036.0
0,24,48000.0,1079.0
0,24,49000.0,1145.0
0,24,50000.0,1188.0
0,25,1000.0,5.0
0,25,2000.0,16.0
0,25,3000.0,28.0
0,25,4000.0,68.0
0,25,5000.0,75.0
0,25,6000.0,93.0
0,25,7000.0,123.0
0,25,8000.0,129.0
0,25,9000.0,149.0
0,25,10000.0,184.0
0,25,11000.0,191.0
0,25,12000.0,219.0
0,25,13000.0,247.0
0,25,14000.0,263.0
0,25,15000.0,308.0
0,25,16000.0,317.0
0,25,17000.0,326.0
0,25,18000.0,366.0
0,25,19000.0,406.0
0,25,20000.0,442.0
0,25,21000.0,455.0
0,25,22000.0,468.0
0,25,23000.0,496.0
0,25,24000.0,510.0
0,25,25000.0,524.0
0,25,26000.0,552.0
0,25,27000.0,612.0
0,25,28000.0,657.0
0,25,29000.0,702.0
0,25,30000.0,792.0
0,25,31000.0,807.0
0,25,32000.0,868.0
0,25,33000.0,943.0
0,25,34000.0,988.0
0,25,35000.0,1051.0
0,25,36000.0,1097.0
0,25,37000.0,1157.0
0,25,38000.0,1221.0
0,25,39000.0,1253.0
0,25,40000.0,1285.0
0,25,41000.0,1381.0
0,25,42000.0,1397.0
0,25,43000.0,1477.0
0,25,44000.0,1527.0
0,25,45000.0,1576.0
0,25,46000.0,1627.0
0,25,47000.0,1695.0
0,25,48000.0,1712.0
0,25,49000.0,1748.0
0,25,50000.0,1786.0
0,26,1000.0,15.0
0,26,2000.0,45.0
0,26,3000.0,75.0
0,26,4000.0,91.0
0,26,5000.0,155.0
0,26,6000.0,219.0
0,26,7000.0,251.0
0,26,8000.0,299.0
0,26,9000.0,417.0
0,26,10000.0,450.0
0,26,11000.0,482.0
0,26,12000.0,498.0
0,26,13000.0,549.0
0,26,14000.0,602.0
0,26,15000.0,667.0
0,26,16000.0,727.0
0,26,17000.0,772.0
0,26,18000.0,870.0
0,26,19000.0,996.0
0,26,20000.0,1108.0
0,26,21000.0,1243.0
0,26,22000.0,1363.0
0,26,23000.0,1468.0
0,26,24000.0,1543.0
0,26,25000.0,1603.0
0,26,26000.0,1682.0
0,26,27000.0,1778.0
0,26,28000.0,1874.0
0,26,29000.0,1954.0
0,26,30000.0,2098.0
0,26,31000.0,2159.0
0,26,32000.0,2204.0
0,26,33000.0,2264.0
0,26,34000.0,2347.0
0,26,35000.0,2451.0
0,26,36000.0,2511.0
0,26,37000.0,2598.0
0,26,38000.0,2673.0
0,26,39000.0,2745.0
0,26,40000.0,2812.0
0,26,41000.0,2889.0
0,26,42000.0,2933.0
0,26,43000.0,2985.0
0,26,44000.0,3025.0
0,26,45000.0,3035.0
0,26,46000.0,3046.0
0,26,47000.0,3066.0
0,26,48000.0,3088.0
0,26,49000.0,3110.0
0,26,50000.0,3132.0
0,27,1000.0,19.0
0,27,2000.0,59.0
0,27,3000.0,85.0
0,27,4000.0,103.0
0,27,5000.0,139.0
0,27,6000.0,165.0
0,27,7000.0,182.0
0,27,8000.0,218.0
0,27,9000.0,254.0
0,27,10000.0,263.0
0,27,11000.0,281.0
0,27,12000.0,317.0
0,27,13000.0,326.0
0,27,14000.0,362.0
0,27,15000.0,407.0
0,27,16000.0,416.0
0,27,17000.0,434.0
0,27,18000.0,479.0
0,27,19000.0,497.0
0,27,20000.0,515.0
0,27,21000.0,560.0
0,27,22000.0,578.0
0,27,23000.0,617.0
0,27,24000.0,657.0
0,27,25000.0,677.0
0,27,26000.0,737.0
0,27,27000.0,767.0
0,27,28000.0,810.0
0,27,29000.0,857.0
0,27,30000.0,893.0
0,27,31000.0,941.0
0,27,32000.0,997.0
0,27,33000.0,1052.0
0,27,34000.0,1123.0
0,27,35000.0,1211.0
0,27,36000.0,1248.0
0,27,37000.0,1320.0
0,27,38000.0,1368.0
0,27,39000.0,1440.0
0,27,40000.0,1500.0
0,27,41000.0,1560.0
0,27,42000.0,1608.0
0,27,43000.0,1652.0
0,27,44000.0,1707.0
0,27,45000.0,1740.0
0,27,46000.0,1795.0
0,27,47000.0,1872.0
0,27,48000.0,1927.0
0,27,49000.0,1999.0
0,27,50000.0,2035.0
0,28,1000.0,7.0
0,28,2000.0,14.0
0,28,3000.0,28.0
0,28,4000.0,35.0
0,28,5000.0,43.0
0,28,6000.0,60.0
0,28,7000.0,69.0
0,28,8000.0,78.0
0,28,9000.0,99.0
0,28,10000.0,110.0
0,28,11000.0,121.0
0,28,12000.0,143.0
0,28,13000.0,154.0
0,28,14000.0,165.0
0,28,15000.0,188.0
0,28,16000.0,200.0
0,28,17000.0,213.0
0,28,18000.0,254.0
0,28,19000.0,268.0
0,28,20000.0,283.0
0,28,21000.0,334.0
0,28,22000.0,385.0
0,28,23000.0,436.0
0,28,24000.0,504.0
0,28,25000.0,521.0
0,28,26000.0,537.0
0,28,27000.0,585.0
0,28,28000.0,616.0
0,28,29000.0,646.0
0,28,30000.0,691.0
0,28,31000.0,738.0
0,28,32000.0,773.0
0,28,33000.0,813.0
0,28,34000.0,855.0
0,28,35000.0,898.0
0,28,36000.0,941.0
0,28,37000.0,983.0
0,28,38000.0,1025.0
0,28,39000.0,1065.0
0,28,40000.0,1105.0
0,28,41000.0,1144.0
0,28,42000.0,1183.0
0,28,43000.0,1224.0
0,28,44000.0,1267.0
0,28,45000.0,1310.0
0,28,46000.0,1352.0
0,28,47000.0,1394.0
0,28,48000.0,1436.0
0,28,49000.0,1479.0
0,28,50000.0,1523.0
0,29,1000.0,13.0
0,29,2000.0,39.0
0,29,3000.0,65.0
0,29,4000.0,78.0
0,29,5000.0,106.0
0,29,6000.0,120.0
0,29,7000.0,134.0
0,29,8000.0,162.0
0,29,9000.0,190.0
0,29,10000.0,203.0
0,29,11000.0,229.0
0,29,12000.0,265.0
0,29,13000.0,289.0
0,29,14000.0,315.0
0,29,15000.0,328.0
0,29,16000.0,342.0
0,29,17000.0,370.0
0,29,18000.0,398.0
0,29,19000.0,426.0
0,29,20000.0,454.0
0,29,21000.0,484.0
0,29,22000.0,514.0
0,29,23000.0,546.0
0,29,24000.0,578.0
0,29,25000.0,594.0
0,29,26000.0,626.0
0,29,27000.0,656.0
0,29,28000.0,684.0
0,29,29000.0,712.0
0,29,30000.0,740.0
0,29,31000.0,754.0
0,29,32000.0,778.0
0,29,33000.0,800.0
0,29,34000.0,811.0
0,29,35000.0,842.0
0,29,36000.0,851.0
0,29,37000.0,860.0
0,29,38000.0,887.0
0,29,39000.0,896.0
0,29,40000.0,905.0
0,29,41000.0,934.0
0,29,42000.0,945.0
0,29,43000.0,956.0
0,29,44000.0,986.0
0,29,45000.0,996.0
0,29,46000.0,1005.0
0,29,47000.0,1032.0
0,29,48000.0,1041.0
0,29,49000.0,1050.0
0,29,50000.0,1075.0
0,30,1000.0,33.0
0,30,2000.0,50.0
0,30,3000.0,68.0
0,30,4000.0,107.0
0,30,5000.0,147.0
0,30,6000.0,189.0
0,30,7000.0,229.0
0,30,8000.0,267.0
0,30,9000.0,286.0
0,30,10000.0,324.0
0,30,11000.0,343.0
0,30,12000.0,362.0
0,30,13000.0,401.0
0,30,14000.0,440.0
0,30,15000.0,497.0
0,30,16000.0,536.0
0,30,17000.0,576.0
0,30,18000.0,633.0
0,30,19000.0,687.0
0,30,20000.0,739.0
0,30,21000.0,792.0
0,30,22000.0,848.0
0,30,23000.0,905.0
0,30,24000.0,960.0
0,30,25000.0,1016.0
0,30,26000.0,1055.0
0,30,27000.0,1094.0
0,30,28000.0,1132.0
0,30,29000.0,1168.0
0,30,30000.0,1200.0
0,30,31000.0,1216.0
0,30,32000.0,1232.0
0,30,33000.0,1248.0
0,30,34000.0,1297.0
0,30,35000.0,1329.0
0,30,36000.0,1345.0
0,30,37000.0,1377.0
0,30,38000.0,1425.0
0,30,39000.0,1473.0
0,30,40000.0,1519.0
0,30,41000.0,1560.0
0,30,42000.0,1573.0
0,30,43000.0,1612.0
0,30,44000.0,1651.0
0,30,45000.0,1664.0
0,30,46000.0,1688.0
0,30,47000.0,1700.0
0,30,48000.0,1712.0
0,30,49000.0,1735.0
0,30,50000.0,1746.0
0,31,1000.0,16.0
0,31,2000.0,32.0
0,31,3000.0,64.0
0,31,4000.0,96.0
0,31,5000.0,176.0
0,31,6000.0,208.0
0,31,7000.0,253.0
0,31,8000.0,317.0
0,31,9000.0,364.0
0,31,10000.0,428.0
0,31,11000.0,497.0
0,31,12000.0,570.0
0,31,13000.0,608.0
0,31,14000.0,684.0
0,31,15000.0,811.0
0,31,16000.0,892.0
0,31,17000.0,939.0
0,31,18000.0,1033.0
0,31,19000.0,1090.0
0,31,20000.0,1147.0
0,31,21000.0,1223.0
0,31,22000.0,1280.0
0,31,23000.0,1318.0
0,31,24000.0,1357.0
0,31,25000.0,1377.0
0,31,26000.0,1398.0
0,31,27000.0,1462.0
0,31,28000.0,1483.0
0,31,29000.0,1546.0
0,31,30000.0,1631.0
0,31,31000.0,1671.0
0,31,32000.0,1692.0
0,31,33000.0,1732.0
0,31,34000.0,1774.0
0,31,35000.0,1814.0
0,31,36000.0,1857.0
0,31,37000.0,1877.0
0,31,38000.0,1896.0
0,31,39000.0,1932.0
0,31,40000.0,1968.0
0,31,41000.0,1986.0
0,31,42000.0,2003.0
0,31,43000.0,2020.0
0,31,44000.0,2037.0
0,31,45000.0,2070.0
0,31,46000.0,2086.0
0,31,47000.0,2102.0
0,31,48000.0,2150.0
0,31,49000.0,2166.0
0,31,50000.0,2182.0
0,32,1000.0,6.0
0,32,2000.0,13.0
0,32,3000.0,27.0
0,32,4000.0,34.0
0,32,5000.0,41.0
0,32,6000.0,59.0
0,32,7000.0,68.0
0,32,8000.0,77.0
0,32,9000.0,95.0
0,32,10000.0,104.0
0,32,11000.0,113.0
0,32,12000.0,131.0
0,32,13000.0,140.0
0,32,14000.0,150.0
0,32,15000.0,170.0
0,32,16000.0,180.0
0,32,17000.0,190.0
0,32,18000.0,212.0
0,32,19000.0,223.0
0,32,20000.0,234.0
0,32,21000.0,257.0
0,32,22000.0,269.0
0,32,23000.0,281.0
0,32,24000.0,307.0
0,32,25000.0,333.0
0,32,26000.0,359.0
0,32,27000.0,385.0
0,32,28000.0,398.0
0,32,29000.0,413.0
0,32,30000.0,443.0
0,32,31000.0,458.0
0,32,32000.0,477.0
0,32,33000.0,516.0
0,32,34000.0,556.0
0,32,35000.0,596.0
0,32,36000.0,634.0
0,32,37000.0,672.0
0,32,38000.0,710.0
0,32,39000.0,749.0
0,32,40000.0,789.0
0,32,41000.0,829.0
0,32,42000.0,870.0
0,32,43000.0,911.0
0,32,44000.0,952.0
0,32,45000.0,993.0
0,32,46000.0,1032.0
0,32,47000.0,1051.0
0,32,48000.0,1091.0
0,32,49000.0,1135.0
0,32,50000.0,1181.0
0,33,1000.0,18.0
0,33,2000.0,56.0
0,33,3000.0,75.0
0,33,4000.0,94.0
0,33,5000.0,134.0
0,33,6000.0,174.0
0,33,7000.0,193.0
0,33,8000.0,231.0
0,33,9000.0,268.0
0,33,10000.0,286.0
0,33,11000.0,322.0
0,33,12000.0,338.0
0,33,13000.0,355.0
0,33,14000.0,406.0
0,33,15000.0,459.0
0,33,16000.0,493.0
0,33,17000.0,539.0
0,33,18000.0,586.0
0,33,19000.0,634.0
0,33,20000.0,666.0
0,33,21000.0,698.0
0,33,22000.0,714.0
0,33,23000.0,744.0
0,33,24000.0,759.0
0,33,25000.0,774.0
0,33,26000.0,802.0
0,33,27000.0,816.0
0,33,28000.0,830.0
0,33,29000.0,855.0
0,33,30000.0,867.0
0,33,31000.0,879.0
0,33,32000.0,897.0
0,33,33000.0,906.0
0,33,34000.0,914.0
0,33,35000.0,930.0
0,33,36000.0,938.0
0,33,37000.0,946.0
0,33,38000.0,962.0
0,33,39000.0,977.0
0,33,40000.0,984.0
0,33,41000.0,1003.0
0,33,42000.0,1009.0
0,33,43000.0,1015.0
0,33,44000.0,1033.0
0,33,45000.0,1039.0
0,33,46000.0,1045.0
0,33,47000.0,1063.0
0,33,48000.0,1069.0
0,33,49000.0,1075.0
0,33,50000.0,1086.0
0,34,1000.0,11.0
0,34,2000.0,23.0
0,34,3000.0,51.0
0,34,4000.0,81.0
0,34,5000.0,96.0
0,34,6000.0,126.0
0,34,7000.0,156.0
0,34,8000.0,171.0
0,34,9000.0,203.0
0,34,10000.0,237.0
0,34,11000.0,271.0
0,34,12000.0,305.0
0,34,13000.0,339.0
0,34,14000.0,374.0
0,34,15000.0,410.0
0,34,16000.0,446.0
0,34,17000.0,484.0
0,34,18000.0,524.0
0,34,19000.0,544.0
0,34,20000.0,564.0
0,34,21000.0,604.0
0,34,22000.0,645.0
0,34,23000.0,666.0
0,34,24000.0,729.0
0,34,25000.0,771.0
0,34,26000.0,815.0
0,34,27000.0,860.0
0,34,28000.0,904.0
0,34,29000.0,926.0
0,34,30000.0,969.0
0,34,31000.0,990.0
0,34,32000.0,1010.0
0,34,33000.0,1053.0
0,34,34000.0,1097.0
0,34,35000.0,1120.0
0,34,36000.0,1170.0
0,34,37000.0,1195.0
0,34,38000.0,1220.0
0,34,39000.0,1270.0
0,34,40000.0,1295.0
0,34,41000.0,1319.0
0,34,42000.0,1367.0
0,34,43000.0,1391.0
0,34,44000.0,1413.0
0,34,45000.0,1455.0
0,34,46000.0,1476.0
0,34,47000.0,1496.0
0,34,48000.0,1538.0
0,34,49000.0,1559.0
0,34,50000.0,1580.0
0,35,1000.0,4.0
0,35,2000.0,8.0
0,35,3000.0,16.0
0,35,4000.0,20.0
0,35,5000.0,25.0
0,35,6000.0,30.0
0,35,7000.0,35.0
0,35,8000.0,41.0
0,35,9000.0,53.0
0,35,10000.0,61.0
0,35,11000.0,69.0
0,35,12000.0,85.0
0,35,13000.0,93.0
0,35,14000.0,101.0
0,35,15000.0,117.0
0,35,16000.0,125.0
0,35,17000.0,133.0
0,35,18000.0,149.0
0,35,19000.0,157.0
0,35,20000.0,166.0
0,35,21000.0,188.0
0,35,22000.0,210.0
0,35,23000.0,221.0
0,35,24000.0,243.0
0,35,25000.0,254.0
0,35,26000.0,268.0
0,35,27000.0,298.0
0,35,28000.0,313.0
0,35,29000.0,328.0
0,35,30000.0,358.0
0,35,31000.0,373.0
0,35,32000.0,388.0
0,35,33000.0,420.0
0,35,34000.0,452.0
0,35,35000.0,500.0
0,35,36000.0,532.0
0,35,37000.0,580.0
0,35,38000.0,612.0
0,35,39000.0,662.0
0,35,40000.0,713.0
0,35,41000.0,745.0
0,35,42000.0,793.0
0,35,43000.0,841.0
0,35,44000.0,891.0
0,35,45000.0,942.0
0,35,46000.0,993.0
0,35,47000.0,1044.0
0,35,48000.0,1095.0
0,35,49000.0,1150.0
0,35,50000.0,1187.0
0,36,1000.0,17.0
0,36,2000.0,35.0
0,36,3000.0,71.0
0,36,4000.0,89.0
0,36,5000.0,106.0
0,36,6000.0,144.0
0,36,7000.0,182.0
0,36,8000.0,220.0
0,36,9000.0,255.0
0,36,10000.0,290.0
0,36,11000.0,324.0
0,36,12000.0,358.0
0,36,13000.0,392.0
0,36,14000.0,425.0
0,36,15000.0,457.0
0,36,16000.0,486.0
0,36,17000.0,499.0
0,36,18000.0,525.0
0,36,19000.0,537.0
0,36,20000.0,549.0
0,36,21000.0,573.0
0,36,22000.0,584.0
0,36,23000.0,594.0
0,36,24000.0,612.0
0,36,25000.0,621.0
0,36,26000.0,630.0
0,36,27000.0,648.0
0,36,28000.0,657.0
0,36,29000.0,667.0
0,36,30000.0,689.0
0,36,31000.0,701.0
0,36,32000.0,713.0
0,36,33000.0,739.0
0,36,34000.0,752.0
0,36,35000.0,764.0
0,36,36000.0,788.0
0,36,37000.0,801.0
0,36,38000.0,814.0
0,36,39000.0,842.0
0,36,40000.0,856.0
0,36,41000.0,871.0
0,36,42000.0,901.0
0,36,43000.0,917.0
0,36,44000.0,934.0
0,36,45000.0,951.0
0,36,46000.0,969.0
0,36,47000.0,986.0
0,36,48000.0,1021.0
0,36,49000.0,1039.0
0,36,50000.0,1057.0
0,37,1000.0,6.0
0,37,2000.0,18.0
0,37,3000.0,24.0
0,37,4000.0,30.0
0,37,5000.0,42.0
0,37,6000.0,54.0
0,37,7000.0,66.0
0,37,8000.0,78.0
0,37,9000.0,84.0
0,37,10000.0,90.0
0,37,11000.0,108.0
0,37,12000.0,114.0
0,37,13000.0,121.0
0,37,14000.0,135.0
0,37,15000.0,142.0
0,37,16000.0,158.0
0,37,17000.0,174.0
0,37,18000.0,182.0
0,37,19000.0,191.0
0,37,20000.0,209.0
0,37,21000.0,218.0
0,37,22000.0,227.0
0,37,23000.0,244.0
0,37,24000.0,253.0
0,37,25000.0,262.0
0,37,26000.0,283.0
0,37,27000.0,295.0
0,37,28000.0,308.0
0,37,29000.0,334.0
0,37,30000.0,347.0
0,37,31000.0,360.0
0,37,32000.0,385.0
0,37,33000.0,409.0
0,37,34000.0,433.0
0,37,35000.0,457.0
0,37,36000.0,482.0
0,37,37000.0,506.0
0,37,38000.0,544.0
0,37,39000.0,570.0
0,37,40000.0,583.0
0,37,41000.0,624.0
0,37,42000.0,652.0
0,37,43000.0,667.0
0,37,44000.0,699.0
0,37,45000.0,731.0
0,37,46000.0,779.0
0,37,47000.0,809.0
0,37,48000.0,824.0
0,37,49000.0,840.0
0,37,50000.0,871.0
0,38,1000.0,6.0
0,38,2000.0,18.0
0,38,3000.0,24.0
0,38,4000.0,30.0
0,38,5000.0,42.0
0,38,6000.0,54.0
0,38,7000.0,60.0
0,38,8000.0,72.0
0,38,9000.0,84.0
0,38,10000.0,96.0
0,38,11000.0,108.0
0,38,12000.0,114.0
0,38,13000.0,120.0
0,38,14000.0,130.0
0,38,15000.0,139.0
0,38,16000.0,143.0
0,38,17000.0,155.0
0,38,18000.0,159.0
0,38,19000.0,163.0
0,38,20000.0,167.0
0,38,21000.0,171.0
0,38,22000.0,175.0
0,38,23000.0,185.0
0,38,24000.0,190.0
0,38,25000.0,195.0
0,38,26000.0,205.0
0,38,27000.0,210.0
0,38,28000.0,215.0
0,38,29000.0,220.0
0,38,30000.0,225.0
0,38,31000.0,230.0
0,38,32000.0,240.0
0,38,33000.0,245.0
0,38,34000.0,251.0
0,38,35000.0,264.0
0,38,36000.0,270.0
0,38,37000.0,276.0
0,38,38000.0,294.0
0,38,39000.0,300.0
0,38,40000.0,306.0
0,38,41000.0,324.0
0,38,42000.0,330.0
0,38,43000.0,336.0
0,38,44000.0,354.0
0,38,45000.0,360.0
0,38,46000.0,367.0
0,38,47000.0,388.0
0,38,48000.0,395.0
0,38,49000.0,403.0
0,38,50000.0,430.0
0,39,1000.0,12.0
0,39,2000.0,25.0
0,39,3000.0,51.0
0,39,4000.0,64.0
0,39,5000.0,92.0
0,39,6000.0,122.0
0,39,7000.0,152.0
0,39,8000.0,167.0
0,39,9000.0,200.0
0,39,10000.0,217.0
0,39,11000.0,234.0
0,39,12000.0,250.0
0,39,13000.0,265.0
0,39,14000.0,280.0
0,39,15000.0,295.0
0,39,16000.0,325.0
0,39,17000.0,340.0
0,39,18000.0,388.0
0,39,19000.0,418.0
0,39,20000.0,448.0
0,39,21000.0,478.0
0,39,22000.0,493.0
0,39,23000.0,509.0
0,39,24000.0,541.0
0,39,25000.0,557.0
0,39,26000.0,573.0
0,39,27000.0,603.0
0,39,28000.0,618.0
0,39,29000.0,633.0
0,39,30000.0,648.0
0,39,31000.0,663.0
0,39,32000.0,691.0
0,39,33000.0,704.0
0,39,34000.0,716.0
0,39,35000.0,728.0
0,39,36000.0,738.0
0,39,37000.0,747.0
0,39,38000.0,765.0
0,39,39000.0,789.0
0,39,40000.0,797.0
0,39,41000.0,817.0
0,39,42000.0,835.0
0,39,43000.0,841.0
0,39,44000.0,859.0
0,39,45000.0,871.0
0,39,46000.0,883.0
0,39,47000.0,904.0
0,39,48000.0,918.0
0,39,49000.0,932.0
0,39,50000.0,946.0
0,40,1000.0,6.0
0,40,2000.0,12.0
0,40,3000.0,25.0
0,40,4000.0,32.0
0,40,5000.0,40.0
0,40,6000.0,56.0
0,40,7000.0,64.0
0,40,8000.0,72.0
0,40,9000.0,91.0
0,40,10000.0,101.0
0,40,11000.0,111.0
0,40,12000.0,131.0
0,40,13000.0,141.0
0,40,14000.0,151.0
0,40,15000.0,174.0
0,40,16000.0,187.0
0,40,17000.0,226.0
0,40,18000.0,239.0
0,40,19000.0,253.0
0,40,20000.0,267.0
0,40,21000.0,281.0
0,40,22000.0,295.0
0,40,23000.0,325.0
0,40,24000.0,357.0
0,40,25000.0,373.0
0,40,26000.0,389.0
0,40,27000.0,419.0
0,40,28000.0,434.0
0,40,29000.0,449.0
0,40,30000.0,481.0
0,40,31000.0,498.0
0,40,32000.0,516.0
0,40,33000.0,552.0
0,40,34000.0,570.0
0,40,35000.0,588.0
0,40,36000.0,626.0
0,40,37000.0,667.0
0,40,38000.0,709.0
0,40,39000.0,749.0
0,40,40000.0,789.0
0,40,41000.0,829.0
0,40,42000.0,868.0
0,40,43000.0,910.0
0,40,44000.0,950.0
0,40,45000.0,970.0
0,40,46000.0,992.0
0,40,47000.0,1015.0
0,40,48000.0,1037.0
0,40,49000.0,1059.0
0,40,50000.0,1080.0
0,41,1000.0,15.0
0,41,2000.0,45.0
0,41,3000.0,74.0
0,41,4000.0,88.0
0,41,5000.0,101.0
0,41,6000.0,114.0
0,41,7000.0,127.0
0,41,8000.0,156.0
0,41,9000.0,171.0
0,41,10000.0,187.0
0,41,11000.0,203.0
0,41,12000.0,220.0
0,41,13000.0,238.0
0,41,14000.0,257.0
0,41,15000.0,277.0
0,41,16000.0,295.0
0,41,17000.0,333.0
0,41,18000.0,372.0
0,41,19000.0,412.0
0,41,20000.0,452.0
0,41,21000.0,472.0
0,41,22000.0,492.0
0,41,23000.0,532.0
0,41,24000.0,572.0
0,41,25000.0,592.0
0,41,26000.0,631.0
0,41,27000.0,669.0
0,41,28000.0,687.0
0,41,29000.0,722.0
0,41,30000.0,756.0
0,41,31000.0,773.0
0,41,32000.0,805.0
0,41,33000.0,837.0
0,41,34000.0,853.0
0,41,35000.0,884.0
0,41,36000.0,913.0
0,41,37000.0,926.0
0,41,38000.0,948.0
0,41,39000.0,959.0
0,41,40000.0,970.0
0,41,41000.0,990.0
0,41,42000.0,1000.0
0,41,43000.0,1011.0
0,41,44000.0,1033.0
0,41,45000.0,1055.0
0,41,46000.0,1067.0
0,41,47000.0,1093.0
0,41,48000.0,1106.0
0,41,49000.0,1121.0
0,41,50000.0,1155.0
0,42,1000.0,32.0
0,42,2000.0,48.0
0,42,3000.0,82.0
0,42,4000.0,99.0
0,42,5000.0,116.0
0,42,6000.0,150.0
0,42,7000.0,184.0
0,42,8000.0,201.0
0,42,9000.0,261.0
0,42,10000.0,281.0
0,42,11000.0,301.0
0,42,12000.0,340.0
0,42,13000.0,359.0
0,42,14000.0,378.0
0,42,15000.0,398.0
0,42,16000.0,417.0
0,42,17000.0,436.0
0,42,18000.0,455.0
0,42,19000.0,474.0
0,42,20000.0,494.0
0,42,21000.0,515.0
0,42,22000.0,535.0
0,42,23000.0,554.0
0,42,24000.0,574.0
0,42,25000.0,593.0
0,42,26000.0,613.0
0,42,27000.0,634.0
0,42,28000.0,655.0
0,42,29000.0,675.0
0,42,30000.0,695.0
0,42,31000.0,714.0
0,42,32000.0,732.0
0,42,33000.0,750.0
0,42,34000.0,769.0
0,42,35000.0,788.0
0,42,36000.0,809.0
0,42,37000.0,830.0
0,42,38000.0,851.0
0,42,39000.0,871.0
0,42,40000.0,891.0
0,42,41000.0,911.0
0,42,42000.0,931.0
0,42,43000.0,970.0
0,42,44000.0,989.0
0,42,45000.0,1008.0
0,42,46000.0,1026.0
0,42,47000.0,1043.0
0,42,48000.0,1060.0
0,42,49000.0,1077.0
0,42,50000.0,1094.0
0,43,1000.0,8.0
0,43,2000.0,16.0
0,43,3000.0,34.0
0,43,4000.0,43.0
0,43,5000.0,52.0
0,43,6000.0,70.0
0,43,7000.0,79.0
0,43,8000.0,88.0
0,43,9000.0,106.0
0,43,10000.0,115.0
0,43,11000.0,124.0
0,43,12000.0,145.0
0,43,13000.0,157.0
0,43,14000.0,169.0
0,43,15000.0,194.0
0,43,16000.0,207.0
0,43,17000.0,220.0
0,43,18000.0,246.0
0,43,19000.0,259.0
0,43,20000.0,273.0
0,43,21000.0,302.0
0,43,22000.0,317.0
0,43,23000.0,334.0
0,43,24000.0,370.0
0,43,25000.0,389.0
0,43,26000.0,409.0
0,43,27000.0,450.0
0,43,28000.0,470.0
0,43,29000.0,490.0
0,43,30000.0,534.0
0,43,31000.0,555.0
0,43,32000.0,577.0
0,43,33000.0,641.0
0,43,34000.0,685.0
0,43,35000.0,707.0
0,43,36000.0,749.0
0,43,37000.0,769.0
0,43,38000.0,790.0
0,43,39000.0,832.0
0,43,40000.0,853.0
0,43,41000.0,874.0
0,43,42000.0,895.0
0,43,43000.0,917.0
0,43,44000.0,940.0
0,43,45000.0,986.0
0,43,46000.0,1009.0
0,43,47000.0,1032.0
0,43,48000.0,1078.0
0,43,49000.0,1101.0
0,43,50000.0,1124.0
0,44,1000.0,11.0
0,44,2000.0,22.0
0,44,3000.0,66.0
0,44,4000.0,77.0
0,44,5000.0,99.0
0,44,6000.0,131.0
0,44,7000.0,141.0
0,44,8000.0,161.0
0,44,9000.0,191.0
0,44,10000.0,201.0
0,44,11000.0,221.0
0,44,12000.0,254.0
0,44,13000.0,277.0
0,44,14000.0,325.0
0,44,15000.0,364.0
0,44,16000.0,376.0
0,44,17000.0,424.0
0,44,18000.0,460.0
0,44,19000.0,484.0
0,44,20000.0,509.0
0,44,21000.0,548.0
0,44,22000.0,561.0
0,44,23000.0,590.0
0,44,24000.0,622.0
0,44,25000.0,638.0
0,44,26000.0,669.0
0,44,27000.0,698.0
0,44,28000.0,712.0
0,44,29000.0,740.0
0,44,30000.0,768.0
0,44,31000.0,796.0
0,44,32000.0,810.0
0,44,33000.0,824.0
0,44,34000.0,879.0
0,44,35000.0,921.0
0,44,36000.0,934.0
0,44,37000.0,960.0
0,44,38000.0,1001.0
0,44,39000.0,1015.0
0,44,40000.0,1029.0
0,44,41000.0,1087.0
0,44,42000.0,1115.0
0,44,43000.0,1143.0
0,44,44000.0,1199.0
0,44,45000.0,1227.0
0,44,46000.0,1269.0
0,44,47000.0,1328.0
0,44,48000.0,1358.0
0,44,49000.0,1388.0
0,44,50000.0,1445.0
0,45,1000.0,39.0
0,45,2000.0,66.0
0,45,3000.0,80.0
0,45,4000.0,94.0
0,45,5000.0,108.0
0,45,6000.0,124.0
0,45,7000.0,142.0
0,45,8000.0,160.0
0,45,9000.0,195.0
0,45,10000.0,212.0
0,45,11000.0,230.0
0,45,12000.0,248.0
0,45,13000.0,265.0
0,45,14000.0,282.0
0,45,15000.0,300.0
0,45,16000.0,318.0
0,45,17000.0,336.0
0,45,18000.0,354.0
0,45,19000.0,371.0
0,45,20000.0,388.0
0,45,21000.0,405.0
0,45,22000.0,422.0
0,45,23000.0,441.0
0,45,24000.0,460.0
0,45,25000.0,479.0
0,45,26000.0,497.0
0,45,27000.0,516.0
0,45,28000.0,536.0
0,45,29000.0,557.0
0,45,30000.0,579.0
0,45,31000.0,601.0
0,45,32000.0,622.0
0,45,33000.0,641.0
0,45,34000.0,662.0
0,45,35000.0,682.0
0,45,36000.0,702.0
0,45,37000.0,723.0
0,45,38000.0,784.0
0,45,39000.0,805.0
0,45,40000.0,849.0
0,45,41000.0,870.0
0,45,42000.0,910.0
0,45,43000.0,930.0
0,45,44000.0,951.0
0,45,45000.0,990.0
0,45,46000.0,1009.0
0,45,47000.0,1027.0
0,45,48000.0,1063.0
0,45,49000.0,1099.0
0,45,50000.0,1117.0
0,46,1000.0,8.0
0,46,2000.0,24.0
0,46,3000.0,32.0
0,46,4000.0,40.0
0,46,5000.0,56.0
0,46,6000.0,64.0
0,46,7000.0,72.0
0,46,8000.0,88.0
0,46,9000.0,96.0
0,46,10000.0,104.0
0,46,11000.0,112.0
0,46,12000.0,120.0
0,46,13000.0,128.0
0,46,14000.0,148.0
0,46,15000.0,168.0
0,46,16000.0,178.0
0,46,17000.0,199.0
0,46,18000.0,223.0
0,46,19000.0,236.0
0,46,20000.0,262.0
0,46,21000.0,290.0
0,46,22000.0,305.0
0,46,23000.0,337.0
0,46,24000.0,353.0
0,46,25000.0,369.0
0,46,26000.0,401.0
0,46,27000.0,417.0
0,46,28000.0,433.0
0,46,29000.0,462.0
0,46,30000.0,476.0
0,46,31000.0,487.0
0,46,32000.0,509.0
0,46,33000.0,530.0
0,46,34000.0,540.0
0,46,35000.0,560.0
0,46,36000.0,580.0
0,46,37000.0,590.0
0,46,38000.0,620.0
0,46,39000.0,630.0
0,46,40000.0,641.0
0,46,41000.0,664.0
0,46,42000.0,676.0
0,46,43000.0,688.0
0,46,44000.0,712.0
0,46,45000.0,724.0
0,46,46000.0,736.0
0,46,47000.0,760.0
0,46,48000.0,772.0
0,46,49000.0,784.0
0,46,50000.0,808.0
0,47,1000.0,17.0
0,47,2000.0,35.0
0,47,3000.0,69.0
0,47,4000.0,86.0
0,47,5000.0,102.0
0,47,6000.0,136.0
0,47,7000.0,153.0
0,47,8000.0,185.0
0,47,9000.0,216.0
0,47,10000.0,231.0
0,47,11000.0,246.0
0,47,12000.0,276.0
0,47,13000.0,291.0
0,47,14000.0,305.0
0,47,15000.0,319.0
0,47,16000.0,331.0
0,47,17000.0,343.0
0,47,18000.0,367.0
0,47,19000.0,379.0
0,47,20000.0,391.0
0,47,21000.0,415.0
0,47,22000.0,427.0
0,47,23000.0,439.0
0,47,24000.0,463.0
0,47,25000.0,474.0
0,47,26000.0,485.0
0,47,27000.0,505.0
0,47,28000.0,513.0
0,47,29000.0,521.0
0,47,30000.0,529.0
0,47,31000.0,537.0
0,47,32000.0,545.0
0,47,33000.0,553.0
0,47,34000.0,560.0
0,47,35000.0,566.0
0,47,36000.0,571.0
0,47,37000.0,576.0
0,47,38000.0,581.0
0,47,39000.0,586.0
0,47,40000.0,591.0
0,47,41000.0,595.0
0,47,42000.0,601.0
0,47,43000.0,604.0
0,47,44000.0,608.0
0,47,45000.0,612.0
0,47,46000.0,616.0
0,47,47000.0,620.0
0,47,48000.0,628.0
0,47,49000.0,632.0
0,47,50000.0,636.0
0,48,1000.0,14.0
0,48,2000.0,21.0
0,48,3000.0,28.0
0,48,4000.0,42.0
0,48,5000.0,49.0
0,48,6000.0,55.0
0,48,7000.0,67.0
0,48,8000.0,73.0
0,48,9000.0,79.0
0,48,10000.0,91.0
0,48,11000.0,97.0
0,48,12000.0,103.0
0,48,13000.0,109.0
0,48,14000.0,115.0
0,48,15000.0,121.0
0,48,16000.0,139.0
0,48,17000.0,153.0
0,48,18000.0,160.0
0,48,19000.0,174.0
0,48,20000.0,188.0
0,48,21000.0,216.0
0,48,22000.0,244.0
0,48,23000.0,258.0
0,48,24000.0,273.0
0,48,25000.0,288.0
0,48,26000.0,295.0
0,48,27000.0,316.0
0,48,28000.0,331.0
0,48,29000.0,339.0
0,48,30000.0,347.0
0,48,31000.0,363.0
0,48,32000.0,378.0
0,48,33000.0,387.0
0,48,34000.0,405.0
0,48,35000.0,423.0
0,48,36000.0,432.0
0,48,37000.0,441.0
0,48,38000.0,457.0
0,48,39000.0,465.0
0,48,40000.0,473.0
0,48,41000.0,489.0
0,48,42000.0,497.0
0,48,43000.0,505.0
0,48,44000.0,529.0
0,48,45000.0,537.0
0,48,46000.0,553.0
0,48,47000.0,582.0
0,48,48000.0,592.0
0,48,49000.0,612.0
0,48,50000.0,642.0
0,49,1000.0,17.0
0,49,2000.0,34.0
0,49,3000.0,67.0
0,49,4000.0,83.0
0,49,5000.0,99.0
0,49,6000.0,115.0
0,49,7000.0,131.0
0,49,8000.0,147.0
0,49,9000.0,163.0
0,49,10000.0,179.0
0,49,11000.0,196.0
0,49,12000.0,213.0
0,49,13000.0,230.0
0,49,14000.0,247.0
0,49,15000.0,281.0
0,49,16000.0,296.0
0,49,17000.0,311.0
0,49,18000.0,339.0
0,49,19000.0,353.0
0,49,20000.0,367.0
0,49,21000.0,395.0
0,49,22000.0,409.0
0,49,23000.0,422.0
0,49,24000.0,447.0
0,49,25000.0,459.0
0,49,26000.0,471.0
0,49,27000.0,493.0
0,49,28000.0,504.0
0,49,29000.0,513.0
0,49,30000.0,531.0
0,49,31000.0,540.0
0,49,32000.0,549.0
0,49,33000.0,567.0
0,49,34000.0,576.0
0,49,35000.0,585.0
0,49,36000.0,603.0
0,49,37000.0,612.0
0,49,38000.0,620.0
0,49,39000.0,636.0
0,49,40000.0,644.0
0,49,41000.0,651.0
0,49,42000.0,672.0
0,49,43000.0,679.0
0,49,44000.0,686.0
0,49,45000.0,692.0
0,49,46000.0,698.0
0,49,47000.0,702.0
0,49,48000.0,710.0
0,49,49000.0,714.0
0,49,50000.0,718.0
1,0,1000.0,7.0
1,0,2000.0,21.0
1,0,3000.0,28.0
1,0,4000.0,35.0
1,0,5000.0,51.0
1,0,6000.0,65.0
1,0,7000.0,79.0
1,0,8000.0,91.0
1,0,9000.0,103.0
1,0,10000.0,109.0
1,0,11000.0,123.0
1,0,12000.0,130.0
1,0,13000.0,138.0
1,0,14000.0,156.0
1,0,15000.0,165.0
1,0,16000.0,174.0
1,0,17000.0,192.0
1,0,18000.0,201.0
1,0,19000.0,210.0
1,0,20000.0,228.0
1,0,21000.0,238.0
1,0,22000.0,249.0
1,0,23000.0,271.0
1,0,24000.0,283.0
1,0,25000.0,295.0
1,0,26000.0,331.0
1,0,27000.0,367.0
1,0,28000.0,379.0
1,0,29000.0,418.0
1,0,30000.0,432.0
1,0,31000.0,446.0
1,0,32000.0,497.0
1,0,33000.0,531.0
1,0,34000.0,549.0
1,0,35000.0,583.0
1,0,36000.0,600.0
1,0,37000.0,617.0
1,0,38000.0,649.0
1,0,39000.0,665.0
1,0,40000.0,681.0
1,0,41000.0,729.0
1,0,42000.0,777.0
1,0,43000.0,793.0
1,0,44000.0,842.0
1,0,45000.0,858.0
1,0,46000.0,874.0
1,0,47000.0,925.0
1,0,48000.0,942.0
1,0,49000.0,958.0
1,0,50000.0,994.0
1,1,1000.0,7.0
1,1,2000.0,19.0
1,1,3000.0,25.0
1,1,4000.0,31.0
1,1,5000.0,43.0
1,1,6000.0,49.0
1,1,7000.0,55.0
1,1,8000.0,68.0
1,1,9000.0,75.0
1,1,10000.0,81.0
1,1,11000.0,93.0
1,1,12000.0,99.0
1,1,13000.0,105.0
1,1,14000.0,117.0
1,1,15000.0,123.0
1,1,16000.0,131.0
1,1,17000.0,150.0
1,1,18000.0,160.0
1,1,19000.0,171.0
1,1,20000.0,207.0
1,1,21000.0,219.0
1,1,22000.0,231.0
1,1,23000.0,255.0
1,1,24000.0,267.0
1,1,25000.0,279.0
1,1,26000.0,327.0
1,1,27000.0,378.0
1,1,28000.0,391.0
1,1,29000.0,431.0
1,1,30000.0,470.0
1,1,31000.0,496.0
1,1,32000.0,522.0
1,1,33000.0,535.0
1,1,34000.0,548.0
1,1,35000.0,574.0
1,1,36000.0,587.0
1,1,37000.0,600.0
1,1,38000.0,639.0
1,1,39000.0,680.0
1,1,40000.0,708.0
1,1,41000.0,735.0
1,1,42000.0,748.0
1,1,43000.0,762.0
1,1,44000.0,788.0
1,1,45000.0,814.0
1,1,46000.0,840.0
1,1,47000.0,866.0
1,1,48000.0,890.0
1,1,49000.0,914.0
1,1,50000.0,949.0
1,2,1000.0,14.0
1,2,2000.0,42.0
1,2,3000.0,70.0
1,2,4000.0,112.0
1,2,5000.0,154.0
1,2,6000.0,196.0
1,2,7000.0,270.0
1,2,8000.0,354.0
1,2,9000.0,411.0
1,2,10000.0,456.0
1,2,11000.0,561.0
1,2,12000.0,636.0
1,2,13000.0,666.0
1,2,14000.0,764.0
1,2,15000.0,862.0
1,2,16000.0,953.0
1,2,17000.0,1035.0
1,2,18000.0,1133.0
1,2,19000.0,1175.0
1,2,20000.0,1310.0
1,2,21000.0,1370.0
1,2,22000.0,1444.0
1,2,23000.0,1526.0
1,2,24000.0,1578.0
1,2,25000.0,1630.0
1,2,26000.0,1734.0
1,2,27000.0,1832.0
1,2,28000.0,1904.0
1,2,29000.0,2024.0
1,2,30000.0,2120.0
1,2,31000.0,2205.0
1,2,32000.0,2315.0
1,2,33000.0,2427.0
1,2,34000.0,2506.0
1,2,35000.0,2597.0
1,2,36000.0,2714.0
1,2,37000.0,2783.0
1,2,38000.0,2887.0
1,2,39000.0,3017.0
1,2,40000.0,3121.0
1,2,41000.0,3214.0
1,2,42000.0,3315.0
1,2,43000.0,3375.0
1,2,44000.0,3435.0
1,2,45000.0,3543.0
1,2,46000.0,3615.0
1,2,47000.0,3716.0
1,2,48000.0,3833.0
1,2,49000.0,3911.0
1,2,50000.0,4054.0
1,4,1000.0,9.0
1,4,2000.0,17.0
1,4,3000.0,33.0
1,4,4000.0,41.0
1,4,5000.0,49.0
1,4,6000.0,65.0
1,4,7000.0,73.0
1,4,8000.0,81.0
1,4,9000.0,97.0
1,4,10000.0,105.0
1,4,11000.0,113.0
1,4,12000.0,132.0
1,4,13000.0,142.0
1,4,14000.0,152.0
1,4,15000.0,170.0
1,4,16000.0,179.0
1,4,17000.0,190.0
1,4,18000.0,220.0
1,4,19000.0,230.0
1,4,20000.0,241.0
1,4,21000.0,265.0
1,4,22000.0,289.0
1,4,23000.0,313.0
1,4,24000.0,337.0
1,4,25000.0,349.0
1,4,26000.0,361.0
1,4,27000.0,385.0
1,4,28000.0,409.0
1,4,29000.0,423.0
1,4,30000.0,462.0
1,4,31000.0,476.0
1,4,32000.0,491.0
1,4,33000.0,521.0
1,4,34000.0,566.0
1,4,35000.0,581.0
1,4,36000.0,643.0
1,4,37000.0,659.0
1,4,38000.0,675.0
1,4,39000.0,723.0
1,4,40000.0,768.0
1,4,41000.0,783.0
1,4,42000.0,813.0
1,4,43000.0,843.0
1,4,44000.0,858.0
1,4,45000.0,933.0
1,4,46000.0,975.0
1,4,47000.0,1017.0
1,4,48000.0,1059.0
1,4,49000.0,1101.0
1,4,50000.0,1143.0
1,5,1000.0,6.0
1,5,2000.0,18.0
1,5,3000.0,24.0
1,5,4000.0,30.0
1,5,5000.0,36.0
1,5,6000.0,42.0
1,5,7000.0,48.0
1,5,8000.0,54.0
1,5,9000.0,78.0
1,5,10000.0,90.0
1,5,11000.0,96.0
1,5,12000.0,111.0
1,5,13000.0,127.0
1,5,14000.0,143.0
1,5,15000.0,159.0
1,5,16000.0,167.0
1,5,17000.0,183.0
1,5,18000.0,199.0
1,5,19000.0,207.0
1,5,20000.0,234.0
1,5,21000.0,243.0
1,5,22000.0,252.0
1,5,23000.0,281.0
1,5,24000.0,291.0
1,5,25000.0,301.0
1,5,26000.0,331.0
1,5,27000.0,341.0
1,5,28000.0,352.0
1,5,29000.0,374.0
1,5,30000.0,385.0
1,5,31000.0,396.0
1,5,32000.0,431.0
1,5,33000.0,443.0
1,5,34000.0,455.0
1,5,35000.0,494.0
1,5,36000.0,533.0
1,5,37000.0,574.0
1,5,38000.0,616.0
1,5,39000.0,661.0
1,5,40000.0,706.0
1,5,41000.0,751.0
1,5,42000.0,796.0
1,5,43000.0,811.0
1,5,44000.0,856.0
1,5,45000.0,901.0
1,5,46000.0,948.0
1,5,47000.0,1012.0
1,5,48000.0,1076.0
1,5,49000.0,1092.0
1,5,50000.0,1152.0
1,6,1000.0,13.0
1,6,2000.0,25.0
1,6,3000.0,51.0
1,6,4000.0,65.0
1,6,5000.0,80.0
1,6,6000.0,110.0
1,6,7000.0,125.0
1,6,8000.0,140.0
1,6,9000.0,170.0
1,6,10000.0,185.0
1,6,11000.0,202.0
1,6,12000.0,250.0
1,6,13000.0,282.0
1,6,14000.0,316.0
1,6,15000.0,333.0
1,6,16000.0,349.0
1,6,17000.0,365.0
1,6,18000.0,399.0
1,6,19000.0,415.0
1,6,20000.0,432.0
1,6,21000.0,464.0
1,6,22000.0,494.0
1,6,23000.0,524.0
1,6,24000.0,539.0
1,6,25000.0,555.0
1,6,26000.0,572.0
1,6,27000.0,606.0
1,6,28000.0,640.0
1,6,29000.0,674.0
1,6,30000.0,690.0
1,6,31000.0,706.0
1,6,32000.0,721.0
1,6,33000.0,751.0
1,6,34000.0,781.0
1,6,35000.0,811.0
1,6,36000.0,841.0
1,6,37000.0,855.0
1,6,38000.0,869.0
1,6,39000.0,897.0
1,6,40000.0,911.0
1,6,41000.0,925.0
1,6,42000.0,953.0
1,6,43000.0,967.0
1,6,44000.0,981.0
1,6,45000.0,995.0
1,6,46000.0,1009.0
1,6,47000.0,1022.0
1,6,48000.0,1035.0
1,6,49000.0,1047.0
1,6,50000.0,1059.0
1,7,1000.0,10.0
1,7,2000.0,19.0
1,7,3000.0,36.0
1,7,4000.0,44.0
1,7,5000.0,52.0
1,7,6000.0,68.0
1,7,7000.0,76.0
1,7,8000.0,84.0
1,7,9000.0,108.0
1,7,10000.0,116.0
1,7,11000.0,124.0
1,7,12000.0,140.0
1,7,13000.0,148.0
1,7,14000.0,157.0
1,7,15000.0,187.0
1,7,16000.0,196.0
1,7,17000.0,204.0
1,7,18000.0,228.0
1,7,19000.0,236.0
1,7,20000.0,244.0
1,7,21000.0,268.0
1,7,22000.0,276.0
1,7,23000.0,284.0
1,7,24000.0,305.0
1,7,25000.0,313.0
1,7,26000.0,322.0
1,7,27000.0,349.0
1,7,28000.0,358.0
1,7,29000.0,367.0
1,7,30000.0,394.0
1,7,31000.0,403.0
1,7,32000.0,413.0
1,7,33000.0,440.0
1,7,34000.0,448.0
1,7,35000.0,456.0
1,7,36000.0,472.0
1,7,37000.0,480.0
1,7,38000.0,488.0
1,7,39000.0,504.0
1,7,40000.0,512.0
1,7,41000.0,520.0
1,7,42000.0,536.0
1,7,43000.0,552.0
1,7,44000.0,560.0
1,7,45000.0,584.0
1,7,46000.0,591.0
1,7,47000.0,598.0
1,7,48000.0,625.0
1,7,49000.0,636.0
1,7,50000.0,658.0
1,8,1000.0,10.0
1,8,2000.0,15.0
1,8,3000.0,21.0
1,8,4000.0,33.0
1,8,5000.0,40.0
1,8,6000.0,48.0
1,8,7000.0,64.0
1,8,8000.0,72.0
1,8,9000.0,80.0
1,8,10000.0,88.0
1,8,11000.0,96.0
1,8,12000.0,104.0
1,8,13000.0,112.0
1,8,14000.0,120.0
1,8,15000.0,128.0
1,8,16000.0,136.0
1,8,17000.0,145.0
1,8,18000.0,155.0
1,8,19000.0,165.0
1,8,20000.0,176.0
1,8,21000.0,187.0
1,8,22000.0,197.0
1,8,23000.0,207.0
1,8,24000.0,217.0
1,8,25000.0,229.0
1,8,26000.0,241.0
1,8,27000.0,254.0
1,8,28000.0,268.0
1,8,29000.0,282.0
1,8,30000.0,297.0
1,8,31000.0,332.0
1,8,32000.0,368.0
1,8,33000.0,386.0
1,8,34000.0,422.0
1,8,35000.0,440.0
1,8,36000.0,458.0
1,8,37000.0,496.0
1,8,38000.0,534.0
1,8,39000.0,572.0
1,8,40000.0,591.0
1,8,41000.0,611.0
1,8,42000.0,631.0
1,8,43000.0,673.0
1,8,44000.0,715.0
1,8,45000.0,757.0
1,8,46000.0,826.0
1,8,47000.0,872.0
1,8,48000.0,916.0
1,8,49000.0,958.0
1,8,50000.0,978.0
1,9,1000.0,7.0
1,9,2000.0,14.0
1,9,3000.0,30.0
1,9,4000.0,39.0
1,9,5000.0,48.0
1,9,6000.0,66.0
1,9,7000.0,75.0
1,9,8000.0,84.0
1,9,9000.0,104.0
1,9,10000.0,114.0
1,9,11000.0,124.0
1,9,12000.0,144.0
1,9,13000.0,154.0
1,9,14000.0,164.0
1,9,15000.0,186.0
1,9,16000.0,198.0
1,9,17000.0,210.0
1,9,18000.0,235.0
1,9,19000.0,248.0
1,9,20000.0,260.0
1,9,21000.0,286.0
1,9,22000.0,299.0
1,9,23000.0,314.0
1,9,24000.0,344.0
1,9,25000.0,359.0
1,9,26000.0,373.0
1,9,27000.0,402.0
1,9,28000.0,415.0
1,9,29000.0,428.0
1,9,30000.0,452.0
1,9,31000.0,464.0
1,9,32000.0,476.0
1,9,33000.0,501.0
1,9,34000.0,514.0
1,9,35000.0,528.0
1,9,36000.0,558.0
1,9,37000.0,600.0
1,9,38000.0,615.0
1,9,39000.0,645.0
1,9,40000.0,660.0
1,9,41000.0,676.0
1,9,42000.0,724.0
1,9,43000.0,740.0
1,9,44000.0,756.0
1,9,45000.0,787.0
1,9,46000.0,817.0
1,9,47000.0,832.0
1,9,48000.0,861.0
1,9,49000.0,875.0
1,9,50000.0,889.0
1,10,1000.0,23.0
1,10,2000.0,34.0
1,10,3000.0,45.0
1,10,4000.0,67.0
1,10,5000.0,78.0
1,10,6000.0,89.0
1,10,7000.0,113.0
1,10,8000.0,124.0
1,10,9000.0,134.0
1,10,10000.0,158.0
1,10,11000.0,170.0
1,10,12000.0,182.0
1,10,13000.0,206.0
1,10,14000.0,230.0
1,10,15000.0,254.0
1,10,16000.0,278.0
1,10,17000.0,302.0
1,10,18000.0,326.0
1,10,19000.0,352.0
1,10,20000.0,376.0
1,10,21000.0,404.0
1,10,22000.0,430.0
1,10,23000.0,443.0
1,10,24000.0,458.0
1,10,25000.0,492.0
1,10,26000.0,524.0
1,10,27000.0,556.0
1,10,28000.0,588.0
1,10,29000.0,618.0
1,10,30000.0,648.0
1,10,31000.0,678.0
1,10,32000.0,693.0
1,10,33000.0,708.0
1,10,34000.0,738.0
1,10,35000.0,753.0
1,10,36000.0,769.0
1,10,37000.0,797.0
1,10,38000.0,823.0
1,10,39000.0,845.0
1,10,40000.0,867.0
1,10,41000.0,889.0
1,10,42000.0,911.0
1,10,43000.0,933.0
1,10,44000.0,955.0
1,10,45000.0,971.0
1,10,46000.0,988.0
1,10,47000.0,996.0
1,10,48000.0,1003.0
1,10,49000.0,1045.0
1,10,50000.0,1052.0
1,11,1000.0,12.0
1,11,2000.0,24.0
1,11,3000.0,48.0
1,11,4000.0,72.0
1,11,5000.0,102.0
1,11,6000.0,134.0
1,11,7000.0,168.0
1,11,8000.0,202.0
1,11,9000.0,234.0
1,11,10000.0,266.0
1,11,11000.0,297.0
1,11,12000.0,329.0
1,11,13000.0,363.0
1,11,14000.0,397.0
1,11,15000.0,429.0
1,11,16000.0,495.0
1,11,17000.0,512.0
1,11,18000.0,580.0
1,11,19000.0,656.0
1,11,20000.0,732.0
1,11,21000.0,812.0
1,11,22000.0,852.0
1,11,23000.0,932.0
1,11,24000.0,990.0
1,11,25000.0,1062.0
1,11,26000.0,1134.0
1,11,27000.0,1203.0
1,11,28000.0,1257.0
1,11,29000.0,1313.0
1,11,30000.0,1370.0
1,11,31000.0,1424.0
1,11,32000.0,1478.0
1,11,33000.0,1532.0
1,11,34000.0,1586.0
1,11,35000.0,1640.0
1,11,36000.0,1709.0
1,11,37000.0,1760.0
1,11,38000.0,1809.0
1,11,39000.0,1854.0
1,11,40000.0,1896.0
1,11,41000.0,1936.0
1,11,42000.0,1975.0
1,11,43000.0,2014.0
1,11,44000.0,2027.0
1,11,45000.0,2083.0
1,11,46000.0,2125.0
1,11,47000.0,2167.0
1,11,48000.0,2209.0
1,11,49000.0,2251.0
1,11,50000.0,2307.0
1,12,1000.0,8.0
1,12,2000.0,16.0
1,12,3000.0,32.0
1,12,4000.0,40.0
1,12,5000.0,48.0
1,12,6000.0,64.0
1,12,7000.0,72.0
1,12,8000.0,80.0
1,12,9000.0,104.0
1,12,10000.0,112.0
1,12,11000.0,120.0
1,12,12000.0,141.0
1,12,13000.0,148.0
1,12,14000.0,155.0
1,12,15000.0,169.0
1,12,16000.0,175.0
1,12,17000.0,182.0
1,12,18000.0,196.0
1,12,19000.0,204.0
1,12,20000.0,215.0
1,12,21000.0,237.0
1,12,22000.0,261.0
1,12,23000.0,285.0
1,12,24000.0,350.0
1,12,25000.0,363.0
1,12,26000.0,389.0
1,12,27000.0,467.0
1,12,28000.0,506.0
1,12,29000.0,545.0
1,12,30000.0,601.0
1,12,31000.0,643.0
1,12,32000.0,685.0
1,12,33000.0,725.0
1,12,34000.0,751.0
1,12,35000.0,764.0
1,12,36000.0,803.0
1,12,37000.0,842.0
1,12,38000.0,884.0
1,12,39000.0,937.0
1,12,40000.0,979.0
1,12,41000.0,1021.0
1,12,42000.0,1105.0
1,12,43000.0,1147.0
1,12,44000.0,1160.0
1,12,45000.0,1197.0
1,12,46000.0,1235.0
1,12,47000.0,1271.0
1,12,48000.0,1307.0
1,12,49000.0,1343.0
1,12,50000.0,1367.0
1,13,1000.0,6.0
1,13,2000.0,12.0
1,13,3000.0,24.0
1,13,4000.0,42.0
1,13,5000.0,48.0
1,13,6000.0,78.0
1,13,7000.0,84.0
1,13,8000.0,89.0
1,13,9000.0,101.0
1,13,10000.0,107.0
1,13,11000.0,112.0
1,13,12000.0,122.0
1,13,13000.0,127.0
1,13,14000.0,132.0
1,13,15000.0,142.0
1,13,16000.0,147.0
1,13,17000.0,152.0
1,13,18000.0,162.0
1,13,19000.0,167.0
1,13,20000.0,172.0
1,13,21000.0,182.0
1,13,22000.0,187.0
1,13,23000.0,192.0
1,13,24000.0,202.0
1,13,25000.0,207.0
1,13,26000.0,213.0
1,13,27000.0,225.0
1,13,28000.0,231.0
1,13,29000.0,237.0
1,13,30000.0,249.0
1,13,31000.0,256.0
1,13,32000.0,263.0
1,13,33000.0,277.0
1,13,34000.0,284.0
1,13,35000.0,291.0
1,13,36000.0,305.0
1,13,37000.0,312.0
1,13,38000.0,319.0
1,13,39000.0,335.0
1,13,40000.0,343.0
1,13,41000.0,351.0
1,13,42000.0,367.0
1,13,43000.0,383.0
1,13,44000.0,391.0
1,13,45000.0,415.0
1,13,46000.0,423.0
1,13,47000.0,431.0
1,13,48000.0,458.0
1,13,49000.0,466.0
1,13,50000.0,490.0
1,14,1000.0,3.0
1,14,2000.0,6.0
1,14,3000.0,11.0
1,14,4000.0,13.0
1,14,5000.0,15.0
1,14,6000.0,31.0
1,14,7000.0,35.0
1,14,8000.0,55.0
1,14,9000.0,70.0
1,14,10000.0,76.0
1,14,11000.0,100.0
1,14,12000.0,124.0
1,14,13000.0,131.0
1,14,14000.0,159.0
1,14,15000.0,187.0
1,14,16000.0,194.0
1,14,17000.0,215.0
1,14,18000.0,250.0
1,14,19000.0,257.0
1,14,20000.0,289.0
1,14,21000.0,321.0
1,14,22000.0,337.0
1,14,23000.0,369.0
1,14,24000.0,414.0
1,14,25000.0,423.0
1,14,26000.0,459.0
1,14,27000.0,495.0
1,14,28000.0,522.0
1,14,29000.0,558.0
1,14,30000.0,611.0
1,14,31000.0,644.0
1,14,32000.0,686.0
1,14,33000.0,726.0
1,14,34000.0,767.0
1,14,35000.0,778.0
1,14,36000.0,844.0
1,14,37000.0,866.0
1,14,38000.0,910.0
1,14,39000.0,965.0
1,14,40000.0,1009.0
1,14,41000.0,1031.0
1,14,42000.0,1083.0
1,14,43000.0,1094.0
1,14,44000.0,1105.0
1,14,45000.0,1142.0
1,14,46000.0,1154.0
1,14,47000.0,1167.0
1,14,48000.0,1209.0
1,14,49000.0,1251.0
1,14,50000.0,1293.0
1,15,1000.0,11.0
1,15,2000.0,24.0
1,15,3000.0,48.0
1,15,4000.0,60.0
1,15,5000.0,72.0
1,15,6000.0,86.0
1,15,7000.0,101.0
1,15,8000.0,115.0
1,15,9000.0,146.0
1,15,10000.0,161.0
1,15,11000.0,176.0
1,15,12000.0,224.0
1,15,13000.0,240.0
1,15,14000.0,256.0
1,15,15000.0,304.0
1,15,16000.0,320.0
1,15,17000.0,339.0
1,15,18000.0,377.0
1,15,19000.0,397.0
1,15,20000.0,417.0
1,15,21000.0,457.0
1,15,22000.0,476.0
1,15,23000.0,495.0
1,15,24000.0,553.0
1,15,25000.0,590.0
1,15,26000.0,609.0
1,15,27000.0,647.0
1,15,28000.0,666.0
1,15,29000.0,685.0
1,15,30000.0,742.0
1,15,31000.0,780.0
1,15,32000.0,799.0
1,15,33000.0,852.0
1,15,34000.0,869.0
1,15,35000.0,886.0
1,15,36000.0,937.0
1,15,37000.0,954.0
1,15,38000.0,971.0
1,15,39000.0,1004.0
1,15,40000.0,1020.0
1,15,41000.0,1036.0
1,15,42000.0,1106.0
1,15,43000.0,1176.0
1,15,44000.0,1260.0
1,15,45000.0,1339.0
1,15,46000.0,1378.0
1,15,47000.0,1443.0
1,15,48000.0,1516.0
1,15,49000.0,1540.0
1,15,50000.0,1636.0
1,16,1000.0,22.0
1,16,2000.0,33.0
1,16,3000.0,43.0
1,16,4000.0,63.0
1,16,5000.0,73.0
1,16,6000.0,84.0
1,16,7000.0,106.0
1,16,8000.0,128.0
1,16,9000.0,150.0
1,16,10000.0,172.0
1,16,11000.0,194.0
1,16,12000.0,216.0
1,16,13000.0,246.0
1,16,14000.0,254.0
1,16,15000.0,262.0
1,16,16000.0,274.0
1,16,17000.0,286.0
1,16,18000.0,292.0
1,16,19000.0,302.0
1,16,20000.0,312.0
1,16,21000.0,322.0
1,16,22000.0,332.0
1,16,23000.0,335.0
1,16,24000.0,338.0
1,16,25000.0,344.0
1,16,26000.0,348.0
1,16,27000.0,350.0
1,16,28000.0,354.0
1,16,29000.0,357.0
1,16,30000.0,360.0
1,16,31000.0,363.0
1,16,32000.0,367.0
1,16,33000.0,383.0
1,16,34000.0,388.0
1,16,35000.0,413.0
1,16,36000.0,433.0
1,16,37000.0,448.0
1,16,38000.0,460.0
1,16,39000.0,478.0
1,16,40000.0,497.0
1,16,41000.0,511.0
1,16,42000.0,532.0
1,16,43000.0,547.0
1,16,44000.0,563.0
1,16,45000.0,571.0
1,16,46000.0,603.0
1,16,47000.0,627.0
1,16,48000.0,662.0
1,16,49000.0,678.0
1,16,50000.0,694.0
1,17,1000.0,10.0
1,17,2000.0,15.0
1,17,3000.0,20.0
1,17,4000.0,30.0
1,17,5000.0,35.0
1,17,6000.0,40.0
1,17,7000.0,50.0
1,17,8000.0,55.0
1,17,9000.0,60.0
1,17,10000.0,70.0
1,17,11000.0,75.0
1,17,12000.0,79.0
1,17,13000.0,88.0
1,17,14000.0,93.0
1,17,15000.0,99.0
1,17,16000.0,109.0
1,17,17000.0,114.0
1,17,18000.0,119.0
1,17,19000.0,131.0
1,17,20000.0,138.0
1,17,21000.0,145.0
1,17,22000.0,159.0
1,17,23000.0,166.0
1,17,24000.0,174.0
1,17,25000.0,192.0
1,17,26000.0,201.0
1,17,27000.0,210.0
1,17,28000.0,228.0
1,17,29000.0,237.0
1,17,30000.0,246.0
1,17,31000.0,264.0
1,17,32000.0,273.0
1,17,33000.0,282.0
1,17,34000.0,300.0
1,17,35000.0,309.0
1,17,36000.0,319.0
1,17,37000.0,339.0
1,17,38000.0,349.0
1,17,39000.0,360.0
1,17,40000.0,382.0
1,17,41000.0,393.0
1,17,42000.0,404.0
1,17,43000.0,426.0
1,17,44000.0,437.0
1,17,45000.0,448.0
1,17,46000.0,471.0
1,17,47000.0,496.0
1,17,48000.0,521.0
1,17,49000.0,545.0
1,17,50000.0,557.0
1,18,1000.0,22.0
1,18,2000.0,42.0
1,18,3000.0,52.0
1,18,4000.0,100.0
1,18,5000.0,112.0
1,18,6000.0,124.0
1,18,7000.0,165.0
1,18,8000.0,179.0
1,18,9000.0,193.0
1,18,10000.0,260.0
1,18,11000.0,311.0
1,18,12000.0,344.0
1,18,13000.0,377.0
1,18,14000.0,433.0
1,18,15000.0,470.0
1,18,16000.0,504.0
1,18,17000.0,521.0
1,18,18000.0,538.0
1,18,19000.0,555.0
1,18,20000.0,573.0
1,18,21000.0,591.0
1,18,22000.0,626.0
1,18,23000.0,644.0
1,18,24000.0,662.0
1,18,25000.0,697.0
1,18,26000.0,733.0
1,18,27000.0,751.0
1,18,28000.0,785.0
1,18,29000.0,802.0
1,18,30000.0,819.0
1,18,31000.0,837.0
1,18,32000.0,855.0
1,18,33000.0,872.0
1,18,34000.0,930.0
1,18,35000.0,967.0
1,18,36000.0,985.0
1,18,37000.0,1020.0
1,18,38000.0,1037.0
1,18,39000.0,1054.0
1,18,40000.0,1070.0
1,18,41000.0,1086.0
1,18,42000.0,1101.0
1,18,43000.0,1116.0
1,18,44000.0,1131.0
1,18,45000.0,1146.0
1,18,46000.0,1161.0
1,18,47000.0,1175.0
1,18,48000.0,1189.0
1,18,49000.0,1203.0
1,18,50000.0,1217.0
1,19,1000.0,3.0
1,19,2000.0,6.0
1,19,3000.0,12.0
1,19,4000.0,16.0
1,19,5000.0,20.0
1,19,6000.0,24.0
1,19,7000.0,27.0
1,19,8000.0,30.0
1,19,9000.0,36.0
1,19,10000.0,40.0
1,19,11000.0,44.0
1,19,12000.0,52.0
1,19,13000.0,57.0
1,19,14000.0,62.0
1,19,15000.0,67.0
1,19,16000.0,72.0
1,19,17000.0,77.0
1,19,18000.0,82.0
1,19,19000.0,87.0
1,19,20000.0,93.0
1,19,21000.0,105.0
1,19,22000.0,111.0
1,19,23000.0,117.0
1,19,24000.0,129.0
1,19,25000.0,136.0
1,19,26000.0,145.0
1,19,27000.0,163.0
1,19,28000.0,173.0
1,19,29000.0,183.0
1,19,30000.0,203.0
1,19,31000.0,214.0
1,19,32000.0,226.0
1,19,33000.0,250.0
1,19,34000.0,276.0
1,19,35000.0,304.0
1,19,36000.0,332.0
1,19,37000.0,360.0
1,19,38000.0,390.0
1,19,39000.0,420.0
1,19,40000.0,450.0
1,19,41000.0,480.0
1,19,42000.0,512.0
1,19,43000.0,528.0
1,19,44000.0,543.0
1,19,45000.0,573.0
1,19,46000.0,605.0
1,19,47000.0,639.0
1,19,48000.0,671.0
1,19,49000.0,707.0
1,19,50000.0,743.0
1,20,1000.0,10.0
1,20,2000.0,30.0
1,20,3000.0,50.0
1,20,4000.0,60.0
1,20,5000.0,80.0
1,20,6000.0,91.0
1,20,7000.0,102.0
1,20,8000.0,135.0
1,20,9000.0,149.0
1,20,10000.0,163.0
1,20,11000.0,219.0
1,20,12000.0,233.0
1,20,13000.0,247.0
1,20,14000.0,289.0
1,20,15000.0,331.0
1,20,16000.0,387.0
1,20,17000.0,443.0
1,20,18000.0,499.0
1,20,19000.0,555.0
1,20,20000.0,611.0
1,20,21000.0,655.0
1,20,22000.0,715.0
1,20,23000.0,775.0
1,20,24000.0,806.0
1,20,25000.0,851.0
1,20,26000.0,900.0
1,20,27000.0,951.0
1,20,28000.0,1004.0
1,20,29000.0,1058.0
1,20,30000.0,1115.0
1,20,31000.0,1172.0
1,20,32000.0,1232.0
1,20,33000.0,1292.0
1,20,34000.0,1352.0
1,20,35000.0,1412.0
1,20,36000.0,1476.0
1,20,37000.0,1542.0
1,20,38000.0,1581.0
1,20,39000.0,1621.0
1,20,40000.0,1660.0
1,20,41000.0,1700.0
1,20,42000.0,1720.0
1,20,43000.0,1740.0
1,20,44000.0,1778.0
1,20,45000.0,1817.0
1,20,46000.0,1837.0
1,20,47000.0,1876.0
1,20,48000.0,1934.0
1,20,49000.0,1953.0
1,20,50000.0,2010.0
1,21,1000.0,11.0
1,21,2000.0,33.0
1,21,3000.0,55.0
1,21,4000.0,67.0
1,21,5000.0,91.0
1,21,6000.0,113.0
1,21,7000.0,124.0
1,21,8000.0,150.0
1,21,9000.0,164.0
1,21,10000.0,178.0
1,21,11000.0,203.0
1,21,12000.0,215.0
1,21,13000.0,228.0
1,21,14000.0,254.0
1,21,15000.0,268.0
1,21,16000.0,282.0
1,21,17000.0,312.0
1,21,18000.0,342.0
1,21,19000.0,357.0
1,21,20000.0,389.0
1,21,21000.0,420.0
1,21,22000.0,435.0
1,21,23000.0,465.0
1,21,24000.0,480.0
1,21,25000.0,493.0
1,21,26000.0,517.0
1,21,27000.0,529.0
1,21,28000.0,540.0
1,21,29000.0,562.0
1,21,30000.0,573.0
1,21,31000.0,583.0
1,21,32000.0,602.0
1,21,33000.0,620.0
1,21,34000.0,629.0
1,21,35000.0,649.0
1,21,36000.0,659.0
1,21,37000.0,669.0
1,21,38000.0,699.0
1,21,39000.0,709.0
1,21,40000.0,718.0
1,21,41000.0,736.0
1,21,42000.0,753.0
1,21,43000.0,761.0
1,21,44000.0,778.0
1,21,45000.0,787.0
1,21,46000.0,795.0
1,21,47000.0,811.0
1,21,48000.0,817.0
1,21,49000.0,821.0
1,21,50000.0,833.0
1,22,1000.0,9.0
1,22,2000.0,39.0
1,22,3000.0,109.0
1,22,4000.0,139.0
1,22,5000.0,185.0
1,22,6000.0,221.0
1,22,7000.0,293.0
1,22,8000.0,341.0
1,22,9000.0,379.0
1,22,10000.0,406.0
1,22,11000.0,485.0
1,22,12000.0,558.0
1,22,13000.0,573.0
1,22,14000.0,656.0
1,22,15000.0,736.0
1,22,16000.0,781.0
1,22,17000.0,857.0
1,22,18000.0,969.0
1,22,19000.0,1022.0
1,22,20000.0,1130.0
1,22,21000.0,1220.0
1,22,22000.0,1274.0
1,22,23000.0,1385.0
1,22,24000.0,1476.0
1,22,25000.0,1530.0
1,22,26000.0,1620.0
1,22,27000.0,1740.0
1,22,28000.0,1757.0
1,22,29000.0,1791.0
1,22,30000.0,1871.0
1,22,31000.0,1903.0
1,22,32000.0,1954.0
1,22,33000.0,2038.0
1,22,34000.0,2072.0
1,22,35000.0,2140.0
1,22,36000.0,2242.0
1,22,37000.0,2276.0
1,22,38000.0,2312.0
1,22,39000.0,2332.0
1,22,40000.0,2351.0
1,22,41000.0,2370.0
1,22,42000.0,2389.0
1,22,43000.0,2427.0
1,22,44000.0,2527.0
1,22,45000.0,2667.0
1,22,46000.0,2686.0
1,22,47000.0,2789.0
1,22,48000.0,2878.0
1,22,49000.0,2930.0
1,22,50000.0,3042.0
1,23,1000.0,7.0
1,23,2000.0,28.0
1,23,3000.0,35.0
1,23,4000.0,43.0
1,23,5000.0,59.0
1,23,6000.0,67.0
1,23,7000.0,76.0
1,23,8000.0,94.0
1,23,9000.0,103.0
1,23,10000.0,113.0
1,23,11000.0,133.0
1,23,12000.0,143.0
1,23,13000.0,153.0
1,23,14000.0,173.0
1,23,15000.0,184.0
1,23,16000.0,195.0
1,23,17000.0,217.0
1,23,18000.0,229.0
1,23,19000.0,241.0
1,23,20000.0,269.0
1,23,21000.0,297.0
1,23,22000.0,311.0
1,23,23000.0,339.0
1,23,24000.0,352.0
1,23,25000.0,365.0
1,23,26000.0,391.0
1,23,27000.0,405.0
1,23,28000.0,419.0
1,23,29000.0,447.0
1,23,30000.0,552.0
1,23,31000.0,611.0
1,23,32000.0,680.0
1,23,33000.0,693.0
1,23,34000.0,776.0
1,23,35000.0,818.0
1,23,36000.0,863.0
1,23,37000.0,911.0
1,23,38000.0,943.0
1,23,39000.0,991.0
1,23,40000.0,1025.0
1,23,41000.0,1079.0
1,23,42000.0,1114.0
1,23,43000.0,1166.0
1,23,44000.0,1223.0
1,23,45000.0,1259.0
1,23,46000.0,1348.0
1,23,47000.0,1382.0
1,23,48000.0,1484.0
1,23,49000.0,1501.0
1,23,50000.0,1555.0
1,24,1000.0,18.0
1,24,2000.0,27.0
1,24,3000.0,45.0
1,24,4000.0,65.0
1,24,5000.0,75.0
1,24,6000.0,85.0
1,24,7000.0,105.0
1,24,8000.0,115.0
1,24,9000.0,125.0
1,24,10000.0,146.0
1,24,11000.0,157.0
1,24,12000.0,168.0
1,24,13000.0,192.0
1,24,14000.0,214.0
1,24,15000.0,225.0
1,24,16000.0,246.0
1,24,17000.0,256.0
1,24,18000.0,266.0
1,24,19000.0,286.0
1,24,20000.0,295.0
1,24,21000.0,306.0
1,24,22000.0,327.0
1,24,23000.0,337.0
1,24,24000.0,345.0
1,24,25000.0,354.0
1,24,26000.0,363.0
1,24,27000.0,372.0
1,24,28000.0,390.0
1,24,29000.0,399.0
1,24,30000.0,408.0
1,24,31000.0,426.0
1,24,32000.0,435.0
1,24,33000.0,444.0
1,24,34000.0,462.0
1,24,35000.0,471.0
1,24,36000.0,479.0
1,24,37000.0,495.0
1,24,38000.0,503.0
1,24,39000.0,511.0
1,24,40000.0,535.0
1,24,41000.0,550.0
1,24,42000.0,557.0
1,24,43000.0,571.0
1,24,44000.0,587.0
1,24,45000.0,627.0
1,24,46000.0,635.0
1,24,47000.0,659.0
1,24,48000.0,691.0
1,24,49000.0,715.0
1,24,50000.0,723.0
1,25,1000.0,10.0
1,25,2000.0,31.0
1,25,3000.0,42.0
1,25,4000.0,53.0
1,25,5000.0,75.0
1,25,6000.0,95.0
1,25,7000.0,105.0
1,25,8000.0,125.0
1,25,9000.0,135.0
1,25,10000.0,147.0
1,25,11000.0,183.0
1,25,12000.0,195.0
1,25,13000.0,207.0
1,25,14000.0,243.0
1,25,15000.0,279.0
1,25,16000.0,312.0
1,25,17000.0,345.0
1,25,18000.0,376.0
1,25,19000.0,385.0
1,25,20000.0,415.0
1,25,21000.0,425.0
1,25,22000.0,435.0
1,25,23000.0,475.0
1,25,24000.0,486.0
1,25,25000.0,497.0
1,25,26000.0,530.0
1,25,27000.0,563.0
1,25,28000.0,574.0
1,25,29000.0,607.0
1,25,30000.0,618.0
1,25,31000.0,629.0
1,25,32000.0,662.0
1,25,33000.0,673.0
1,25,34000.0,683.0
1,25,35000.0,713.0
1,25,36000.0,723.0
1,25,37000.0,735.0
1,25,38000.0,771.0
1,25,39000.0,783.0
1,25,40000.0,794.0
1,25,41000.0,827.0
1,25,42000.0,849.0
1,25,43000.0,860.0
1,25,44000.0,893.0
1,25,45000.0,903.0
1,25,46000.0,914.0
1,25,47000.0,962.0
1,25,48000.0,998.0
1,25,49000.0,1010.0
1,25,50000.0,1046.0
1,26,1000.0,18.0
1,26,2000.0,27.0
1,26,3000.0,36.0
1,26,4000.0,54.0
1,26,5000.0,63.0
1,26,6000.0,72.0
1,26,7000.0,90.0
1,26,8000.0,107.0
1,26,9000.0,123.0
1,26,10000.0,138.0
1,26,11000.0,152.0
1,26,12000.0,166.0
1,26,13000.0,180.0
1,26,14000.0,192.0
1,26,15000.0,204.0
1,26,16000.0,216.0
1,26,17000.0,226.0
1,26,18000.0,231.0
1,26,19000.0,241.0
1,26,20000.0,246.0
1,26,21000.0,250.0
1,26,22000.0,258.0
1,26,23000.0,266.0
1,26,24000.0,270.0
1,26,25000.0,280.0
1,26,26000.0,285.0
1,26,27000.0,290.0
1,26,28000.0,300.0
1,26,29000.0,305.0
1,26,30000.0,311.0
1,26,31000.0,325.0
1,26,32000.0,340.0
1,26,33000.0,356.0
1,26,34000.0,372.0
1,26,35000.0,388.0
1,26,36000.0,404.0
1,26,37000.0,420.0
1,26,38000.0,427.0
1,26,39000.0,434.0
1,26,40000.0,448.0
1,26,41000.0,455.0
1,26,42000.0,462.0
1,26,43000.0,478.0
1,26,44000.0,486.0
1,26,45000.0,494.0
1,26,46000.0,512.0
1,26,47000.0,528.0
1,26,48000.0,537.0
1,26,49000.0,555.0
1,26,50000.0,564.0
1,27,1000.0,12.0
1,27,2000.0,34.0
1,27,3000.0,45.0
1,27,4000.0,56.0
1,27,5000.0,78.0
1,27,6000.0,89.0
1,27,7000.0,101.0
1,27,8000.0,123.0
1,27,9000.0,135.0
1,27,10000.0,147.0
1,27,11000.0,169.0
1,27,12000.0,180.0
1,27,13000.0,191.0
1,27,14000.0,211.0
1,27,15000.0,221.0
1,27,16000.0,232.0
1,27,17000.0,257.0
1,27,18000.0,285.0
1,27,19000.0,299.0
1,27,20000.0,327.0
1,27,21000.0,356.0
1,27,22000.0,371.0
1,27,23000.0,399.0
1,27,24000.0,427.0
1,27,25000.0,442.0
1,27,26000.0,470.0
1,27,27000.0,498.0
1,27,28000.0,512.0
1,27,29000.0,540.0
1,27,30000.0,566.0
1,27,31000.0,579.0
1,27,32000.0,603.0
1,27,33000.0,614.0
1,27,34000.0,623.0
1,27,35000.0,641.0
1,27,36000.0,668.0
1,27,37000.0,686.0
1,27,38000.0,702.0
1,27,39000.0,726.0
1,27,40000.0,734.0
1,27,41000.0,758.0
1,27,42000.0,766.0
1,27,43000.0,773.0
1,27,44000.0,785.0
1,27,45000.0,795.0
1,27,46000.0,805.0
1,27,47000.0,810.0
1,27,48000.0,815.0
1,27,49000.0,819.0
1,27,50000.0,827.0
1,28,1000.0,7.0
1,28,2000.0,21.0
1,28,3000.0,28.0
1,28,4000.0,35.0
1,28,5000.0,50.0
1,28,6000.0,58.0
1,28,7000.0,66.0
1,28,8000.0,82.0
1,28,9000.0,90.0
1,28,10000.0,98.0
1,28,11000.0,125.0
1,28,12000.0,134.0
1,28,13000.0,143.0
1,28,14000.0,161.0
1,28,15000.0,179.0
1,28,16000.0,187.0
1,28,17000.0,211.0
1,28,18000.0,219.0
1,28,19000.0,228.0
1,28,20000.0,257.0
1,28,21000.0,267.0
1,28,22000.0,277.0
1,28,23000.0,309.0
1,28,24000.0,320.0
1,28,25000.0,332.0
1,28,26000.0,371.0
1,28,27000.0,384.0
1,28,28000.0,397.0
1,28,29000.0,425.0
1,28,30000.0,439.0
1,28,31000.0,454.0
1,28,32000.0,505.0
1,28,33000.0,522.0
1,28,34000.0,539.0
1,28,35000.0,593.0
1,28,36000.0,652.0
1,28,37000.0,710.0
1,28,38000.0,767.0
1,28,39000.0,804.0
1,28,40000.0,840.0
1,28,41000.0,892.0
1,28,42000.0,960.0
1,28,43000.0,1011.0
1,28,44000.0,1062.0
1,28,45000.0,1112.0
1,28,46000.0,1129.0
1,28,47000.0,1179.0
1,28,48000.0,1243.0
1,28,49000.0,1259.0
1,28,50000.0,1291.0
1,29,1000.0,14.0
1,29,2000.0,21.0
1,29,3000.0,28.0
1,29,4000.0,42.0
1,29,5000.0,49.0
1,29,6000.0,56.0
1,29,7000.0,70.0
1,29,8000.0,77.0
1,29,9000.0,84.0
1,29,10000.0,98.0
1,29,11000.0,105.0
1,29,12000.0,112.0
1,29,13000.0,126.0
1,29,14000.0,133.0
1,29,15000.0,140.0
1,29,16000.0,154.0
1,29,17000.0,161.0
1,29,18000.0,169.0
1,29,19000.0,185.0
1,29,20000.0,193.0
1,29,21000.0,201.0
1,29,22000.0,215.0
1,29,23000.0,222.0
1,29,24000.0,230.0
1,29,25000.0,246.0
1,29,26000.0,254.0
1,29,27000.0,262.0
1,29,28000.0,276.0
1,29,29000.0,283.0
1,29,30000.0,290.0
1,29,31000.0,302.0
1,29,32000.0,308.0
1,29,33000.0,313.0
1,29,34000.0,323.0
1,29,35000.0,328.0
1,29,36000.0,333.0
1,29,37000.0,343.0
1,29,38000.0,353.0
1,29,39000.0,363.0
1,29,40000.0,373.0
1,29,41000.0,384.0
1,29,42000.0,390.0
1,29,43000.0,396.0
1,29,44000.0,402.0
1,29,45000.0,408.0
1,29,46000.0,414.0
1,29,47000.0,420.0
1,29,48000.0,426.0
1,29,49000.0,439.0
1,29,50000.0,446.0
1,30,1000.0,16.0
1,30,2000.0,24.0
1,30,3000.0,40.0
1,30,4000.0,56.0
1,30,5000.0,65.0
1,30,6000.0,76.0
1,30,7000.0,111.0
1,30,8000.0,135.0
1,30,9000.0,148.0
1,30,10000.0,176.0
1,30,11000.0,206.0
1,30,12000.0,236.0
1,30,13000.0,266.0
1,30,14000.0,296.0
1,30,15000.0,326.0
1,30,16000.0,354.0
1,30,17000.0,384.0
1,30,18000.0,416.0
1,30,19000.0,449.0
1,30,20000.0,483.0
1,30,21000.0,517.0
1,30,22000.0,549.0
1,30,23000.0,583.0
1,30,24000.0,615.0
1,30,25000.0,647.0
1,30,26000.0,683.0
1,30,27000.0,721.0
1,30,28000.0,761.0
1,30,29000.0,800.0
1,30,30000.0,840.0
1,30,31000.0,876.0
1,30,32000.0,914.0
1,30,33000.0,954.0
1,30,34000.0,994.0
1,30,35000.0,1038.0
1,30,36000.0,1082.0
1,30,37000.0,1128.0
1,30,38000.0,1176.0
1,30,39000.0,1222.0
1,30,40000.0,1266.0
1,30,41000.0,1310.0
1,30,42000.0,1354.0
1,30,43000.0,1398.0
1,30,44000.0,1442.0
1,30,45000.0,1484.0
1,30,46000.0,1524.0
1,30,47000.0,1566.0
1,30,48000.0,1608.0
1,30,49000.0,1652.0
1,30,50000.0,1694.0
1,31,1000.0,5.0
1,31,2000.0,15.0
1,31,3000.0,20.0
1,31,4000.0,40.0
1,31,5000.0,45.0
1,31,6000.0,51.0
1,31,7000.0,81.0
1,31,8000.0,87.0
1,31,9000.0,101.0
1,31,10000.0,124.0
1,31,11000.0,140.0
1,31,12000.0,148.0
1,31,13000.0,189.0
1,31,14000.0,225.0
1,31,15000.0,243.0
1,31,16000.0,263.0
1,31,17000.0,314.0
1,31,18000.0,336.0
1,31,19000.0,384.0
1,31,20000.0,422.0
1,31,21000.0,461.0
1,31,22000.0,487.0
1,31,23000.0,511.0
1,31,24000.0,535.0
1,31,25000.0,587.0
1,31,26000.0,615.0
1,31,27000.0,690.0
1,31,28000.0,750.0
1,31,29000.0,797.0
1,31,30000.0,831.0
1,31,31000.0,848.0
1,31,32000.0,883.0
1,31,33000.0,921.0
1,31,34000.0,961.0
1,31,35000.0,1003.0
1,31,36000.0,1045.0
1,31,37000.0,1108.0
1,31,38000.0,1150.0
1,31,39000.0,1193.0
1,31,40000.0,1236.0
1,31,41000.0,1277.0
1,31,42000.0,1337.0
1,31,43000.0,1376.0
1,31,44000.0,1414.0
1,31,45000.0,1472.0
1,31,46000.0,1492.0
1,31,47000.0,1538.0
1,31,48000.0,1605.0
1,31,49000.0,1649.0
1,31,50000.0,1693.0
1,32,1000.0,8.0
1,32,2000.0,24.0
1,32,3000.0,41.0
1,32,4000.0,50.0
1,32,5000.0,72.0
1,32,6000.0,83.0
1,32,7000.0,94.0
1,32,8000.0,127.0
1,32,9000.0,160.0
1,32,10000.0,172.0
1,32,11000.0,205.0
1,32,12000.0,241.0
1,32,13000.0,267.0
1,32,14000.0,306.0
1,32,15000.0,347.0
1,32,16000.0,389.0
1,32,17000.0,431.0
1,32,18000.0,473.0
1,32,19000.0,487.0
1,32,20000.0,530.0
1,32,21000.0,572.0
1,32,22000.0,599.0
1,32,23000.0,638.0
1,32,24000.0,677.0
1,32,25000.0,690.0
1,32,26000.0,729.0
1,32,27000.0,742.0
1,32,28000.0,755.0
1,32,29000.0,783.0
1,32,30000.0,829.0
1,32,31000.0,877.0
1,32,32000.0,910.0
1,32,33000.0,963.0
1,32,34000.0,1017.0
1,32,35000.0,1071.0
1,32,36000.0,1089.0
1,32,37000.0,1107.0
1,32,38000.0,1161.0
1,32,39000.0,1215.0
1,32,40000.0,1251.0
1,32,41000.0,1305.0
1,32,42000.0,1361.0
1,32,43000.0,1380.0
1,32,44000.0,1475.0
1,32,45000.0,1532.0
1,32,46000.0,1591.0
1,32,47000.0,1668.0
1,32,48000.0,1744.0
1,32,49000.0,1820.0
1,32,50000.0,1899.0
1,33,1000.0,15.0
1,33,2000.0,45.0
1,33,3000.0,60.0
1,33,4000.0,75.0
1,33,5000.0,105.0
1,33,6000.0,135.0
1,33,7000.0,165.0
1,33,8000.0,194.0
1,33,9000.0,250.0
1,33,10000.0,264.0
1,33,11000.0,320.0
1,33,12000.0,349.0
1,33,13000.0,377.0
1,33,14000.0,405.0
1,33,15000.0,419.0
1,33,16000.0,461.0
1,33,17000.0,491.0
1,33,18000.0,555.0
1,33,19000.0,571.0
1,33,20000.0,660.0
1,33,21000.0,678.0
1,33,22000.0,735.0
1,33,23000.0,812.0
1,33,24000.0,832.0
1,33,25000.0,872.0
1,33,26000.0,972.0
1,33,27000.0,1051.0
1,33,28000.0,1111.0
1,33,29000.0,1211.0
1,33,30000.0,1252.0
1,33,31000.0,1294.0
1,33,32000.0,1398.0
1,33,33000.0,1418.0
1,33,34000.0,1478.0
1,33,35000.0,1518.0
1,33,36000.0,1539.0
1,33,37000.0,1608.0
1,33,38000.0,1678.0
1,33,39000.0,1701.0
1,33,40000.0,1745.0
1,33,41000.0,1810.0
1,33,42000.0,1957.0
1,33,43000.0,2022.0
1,33,44000.0,2138.0
1,33,45000.0,2185.0
1,33,46000.0,2254.0
1,33,47000.0,2346.0
1,33,48000.0,2438.0
1,33,49000.0,2484.0
1,33,50000.0,2553.0
1,34,1000.0,28.0
1,34,2000.0,35.0
1,34,3000.0,42.0
1,34,4000.0,56.0
1,34,5000.0,63.0
1,34,6000.0,70.0
1,34,7000.0,84.0
1,34,8000.0,91.0
1,34,9000.0,98.0
1,34,10000.0,114.0
1,34,11000.0,122.0
1,34,12000.0,130.0
1,34,13000.0,147.0
1,34,14000.0,156.0
1,34,15000.0,165.0
1,34,16000.0,174.0
1,34,17000.0,183.0
1,34,18000.0,194.0
1,34,19000.0,216.0
1,34,20000.0,227.0
1,34,21000.0,238.0
1,34,22000.0,250.0
1,34,23000.0,262.0
1,34,24000.0,274.0
1,34,25000.0,299.0
1,34,26000.0,313.0
1,34,27000.0,327.0
1,34,28000.0,341.0
1,34,29000.0,354.0
1,34,30000.0,368.0
1,34,31000.0,407.0
1,34,32000.0,420.0
1,34,33000.0,445.0
1,34,34000.0,457.0
1,34,35000.0,470.0
1,34,36000.0,484.0
1,34,37000.0,528.0
1,34,38000.0,543.0
1,34,39000.0,575.0
1,34,40000.0,607.0
1,34,41000.0,623.0
1,34,42000.0,638.0
1,34,43000.0,669.0
1,34,44000.0,685.0
1,34,45000.0,700.0
1,34,46000.0,730.0
1,34,47000.0,745.0
1,34,48000.0,761.0
1,34,49000.0,795.0
1,34,50000.0,812.0
1,35,1000.0,6.0
1,35,2000.0,12.0
1,35,3000.0,24.0
1,35,4000.0,30.0
1,35,5000.0,36.0
1,35,6000.0,48.0
1,35,7000.0,54.0
1,35,8000.0,60.0
1,35,9000.0,71.0
1,35,10000.0,81.0
1,35,11000.0,86.0
1,35,12000.0,96.0
1,35,13000.0,106.0
1,35,14000.0,111.0
1,35,15000.0,119.0
1,35,16000.0,123.0
1,35,17000.0,127.0
1,35,18000.0,135.0
1,35,19000.0,139.0
1,35,20000.0,145.0
1,35,21000.0,157.0
1,35,22000.0,163.0
1,35,23000.0,169.0
1,35,24000.0,179.0
1,35,25000.0,184.0
1,35,26000.0,190.0
1,35,27000.0,202.0
1,35,28000.0,208.0
1,35,29000.0,214.0
1,35,30000.0,229.0
1,35,31000.0,245.0
1,35,32000.0,254.0
1,35,33000.0,283.0
1,35,34000.0,313.0
1,35,35000.0,323.0
1,35,36000.0,357.0
1,35,37000.0,369.0
1,35,38000.0,381.0
1,35,39000.0,436.0
1,35,40000.0,450.0
1,35,41000.0,464.0
1,35,42000.0,509.0
1,35,43000.0,554.0
1,35,44000.0,569.0
1,35,45000.0,614.0
1,35,46000.0,629.0
1,35,47000.0,644.0
1,35,48000.0,692.0
1,35,49000.0,708.0
1,35,50000.0,723.0
1,36,1000.0,10.0
1,36,2000.0,30.0
1,36,3000.0,40.0
1,36,4000.0,52.0
1,36,5000.0,76.0
1,36,6000.0,88.0
1,36,7000.0,100.0
1,36,8000.0,122.0
1,36,9000.0,134.0
1,36,10000.0,146.0
1,36,11000.0,174.0
1,36,12000.0,202.0
1,36,13000.0,230.0
1,36,14000.0,260.0
1,36,15000.0,290.0
1,36,16000.0,320.0
1,36,17000.0,348.0
1,36,18000.0,378.0
1,36,19000.0,408.0
1,36,20000.0,438.0
1,36,21000.0,468.0
1,36,22000.0,498.0
1,36,23000.0,531.0
1,36,24000.0,567.0
1,36,25000.0,604.0
1,36,26000.0,639.0
1,36,27000.0,676.0
1,36,28000.0,716.0
1,36,29000.0,754.0
1,36,30000.0,793.0
1,36,31000.0,813.0
1,36,32000.0,853.0
1,36,33000.0,894.0
1,36,34000.0,936.0
1,36,35000.0,976.0
1,36,36000.0,996.0
1,36,37000.0,1016.0
1,36,38000.0,1056.0
1,36,39000.0,1098.0
1,36,40000.0,1119.0
1,36,41000.0,1161.0
1,36,42000.0,1207.0
1,36,43000.0,1230.0
1,36,44000.0,1297.0
1,36,45000.0,1341.0
1,36,46000.0,1388.0
1,36,47000.0,1454.0
1,36,48000.0,1476.0
1,36,49000.0,1496.0
1,36,50000.0,1532.0
1,37,1000.0,6.0
1,37,2000.0,12.0
1,37,3000.0,30.0
1,37,4000.0,54.0
1,37,5000.0,60.0
1,37,6000.0,72.0
1,37,7000.0,96.0
1,37,8000.0,102.0
1,37,9000.0,120.0
1,37,10000.0,144.0
1,37,11000.0,156.0
1,37,12000.0,174.0
1,37,13000.0,198.0
1,37,14000.0,204.0
1,37,15000.0,210.0
1,37,16000.0,231.0
1,37,17000.0,239.0
1,37,18000.0,263.0
1,37,19000.0,289.0
1,37,20000.0,298.0
1,37,21000.0,328.0
1,37,22000.0,368.0
1,37,23000.0,378.0
1,37,24000.0,399.0
1,37,25000.0,432.0
1,37,26000.0,443.0
1,37,27000.0,465.0
1,37,28000.0,498.0
1,37,29000.0,509.0
1,37,30000.0,520.0
1,37,31000.0,531.0
1,37,32000.0,558.0
1,37,33000.0,586.0
1,37,34000.0,616.0
1,37,35000.0,648.0
1,37,36000.0,664.0
1,37,37000.0,681.0
1,37,38000.0,715.0
1,37,39000.0,749.0
1,37,40000.0,800.0
1,37,41000.0,817.0
1,37,42000.0,851.0
1,37,43000.0,868.0
1,37,44000.0,885.0
1,37,45000.0,920.0
1,37,46000.0,938.0
1,37,47000.0,956.0
1,37,48000.0,991.0
1,37,49000.0,1008.0
1,37,50000.0,1025.0
1,38,1000.0,10.0
1,38,2000.0,19.0
1,38,3000.0,37.0
1,38,4000.0,53.0
1,38,5000.0,62.0
1,38,6000.0,80.0
1,38,7000.0,91.0
1,38,8000.0,102.0
1,38,9000.0,126.0
1,38,10000.0,150.0
1,38,11000.0,176.0
1,38,12000.0,202.0
1,38,13000.0,226.0
1,38,14000.0,238.0
1,38,15000.0,262.0
1,38,16000.0,287.0
1,38,17000.0,300.0
1,38,18000.0,326.0
1,38,19000.0,352.0
1,38,20000.0,378.0
1,38,21000.0,391.0
1,38,22000.0,404.0
1,38,23000.0,417.0
1,38,24000.0,441.0
1,38,25000.0,465.0
1,38,26000.0,489.0
1,38,27000.0,525.0
1,38,28000.0,537.0
1,38,29000.0,561.0
1,38,30000.0,585.0
1,38,31000.0,596.0
1,38,32000.0,617.0
1,38,33000.0,639.0
1,38,34000.0,650.0
1,38,35000.0,672.0
1,38,36000.0,694.0
1,38,37000.0,705.0
1,38,38000.0,727.0
1,38,39000.0,747.0
1,38,40000.0,757.0
1,38,41000.0,767.0
1,38,42000.0,784.0
1,38,43000.0,791.0
1,38,44000.0,798.0
1,38,45000.0,802.0
1,38,46000.0,806.0
1,38,47000.0,810.0
1,38,48000.0,814.0
1,38,49000.0,822.0
1,38,50000.0,826.0
1,39,1000.0,23.0
1,39,2000.0,34.0
1,39,3000.0,45.0
1,39,4000.0,67.0
1,39,5000.0,78.0
1,39,6000.0,89.0
1,39,7000.0,112.0
1,39,8000.0,124.0
1,39,9000.0,135.0
1,39,10000.0,159.0
1,39,11000.0,171.0
1,39,12000.0,184.0
1,39,13000.0,210.0
1,39,14000.0,236.0
1,39,15000.0,260.0
1,39,16000.0,284.0
1,39,17000.0,296.0
1,39,18000.0,309.0
1,39,19000.0,335.0
1,39,20000.0,348.0
1,39,21000.0,361.0
1,39,22000.0,386.0
1,39,23000.0,412.0
1,39,24000.0,424.0
1,39,25000.0,448.0
1,39,26000.0,460.0
1,39,27000.0,471.0
1,39,28000.0,493.0
1,39,29000.0,504.0
1,39,30000.0,515.0
1,39,31000.0,533.0
1,39,32000.0,551.0
1,39,33000.0,560.0
1,39,34000.0,580.0
1,39,35000.0,590.0
1,39,36000.0,599.0
1,39,37000.0,616.0
1,39,38000.0,624.0
1,39,39000.0,631.0
1,39,40000.0,645.0
1,39,41000.0,652.0
1,39,42000.0,659.0
1,39,43000.0,672.0
1,39,44000.0,678.0
1,39,45000.0,684.0
1,39,46000.0,695.0
1,39,47000.0,703.0
1,39,48000.0,706.0
1,39,49000.0,712.0
1,39,50000.0,715.0
1,40,1000.0,12.0
1,40,2000.0,18.0
1,40,3000.0,24.0
1,40,4000.0,36.0
1,40,5000.0,42.0
1,40,6000.0,48.0
1,40,7000.0,60.0
1,40,8000.0,66.0
1,40,9000.0,72.0
1,40,10000.0,84.0
1,40,11000.0,90.0
1,40,12000.0,96.0
1,40,13000.0,108.0
1,40,14000.0,114.0
1,40,15000.0,120.0
1,40,16000.0,133.0
1,40,17000.0,140.0
1,40,18000.0,147.0
1,40,19000.0,161.0
1,40,20000.0,168.0
1,40,21000.0,176.0
1,40,22000.0,192.0
1,40,23000.0,200.0
1,40,24000.0,208.0
1,40,25000.0,223.0
1,40,26000.0,230.0
1,40,27000.0,237.0
1,40,28000.0,251.0
1,40,29000.0,258.0
1,40,30000.0,265.0
1,40,31000.0,279.0
1,40,32000.0,293.0
1,40,33000.0,300.0
1,40,34000.0,316.0
1,40,35000.0,324.0
1,40,36000.0,332.0
1,40,37000.0,348.0
1,40,38000.0,356.0
1,40,39000.0,364.0
1,40,40000.0,380.0
1,40,41000.0,388.0
1,40,42000.0,396.0
1,40,43000.0,410.0
1,40,44000.0,417.0
1,40,45000.0,424.0
1,40,46000.0,431.0
1,40,47000.0,438.0
1,40,48000.0,445.0
1,40,49000.0,459.0
1,40,50000.0,466.0
1,41,1000.0,4.0
1,41,2000.0,12.0
1,41,3000.0,16.0
1,41,4000.0,20.0
1,41,5000.0,32.0
1,41,6000.0,36.0
1,41,7000.0,42.0
1,41,8000.0,52.0
1,41,9000.0,57.0
1,41,10000.0,63.0
1,41,11000.0,75.0
1,41,12000.0,82.0
1,41,13000.0,89.0
1,41,14000.0,103.0
1,41,15000.0,110.0
1,41,16000.0,117.0
1,41,17000.0,124.0
1,41,18000.0,132.0
1,41,19000.0,140.0
1,41,20000.0,158.0
1,41,21000.0,167.0
1,41,22000.0,176.0
1,41,23000.0,186.0
1,41,24000.0,196.0
1,41,25000.0,206.0
1,41,26000.0,217.0
1,41,27000.0,228.0
1,41,28000.0,239.0
1,41,29000.0,261.0
1,41,30000.0,272.0
1,41,31000.0,283.0
1,41,32000.0,307.0
1,41,33000.0,319.0
1,41,34000.0,331.0
1,41,35000.0,370.0
1,41,36000.0,383.0
1,41,37000.0,422.0
1,41,38000.0,459.0
1,41,39000.0,483.0
1,41,40000.0,507.0
1,41,41000.0,531.0
1,41,42000.0,558.0
1,41,43000.0,588.0
1,41,44000.0,604.0
1,41,45000.0,619.0
1,41,46000.0,635.0
1,41,47000.0,666.0
1,41,48000.0,683.0
1,41,49000.0,699.0
1,41,50000.0,731.0
1,42,1000.0,18.0
1,42,2000.0,27.0
1,42,3000.0,36.0
1,42,4000.0,54.0
1,42,5000.0,76.0
1,42,6000.0,98.0
1,42,7000.0,120.0
1,42,8000.0,131.0
1,42,9000.0,144.0
1,42,10000.0,170.0
1,42,11000.0,194.0
1,42,12000.0,218.0
1,42,13000.0,230.0
1,42,14000.0,243.0
1,42,15000.0,257.0
1,42,16000.0,285.0
1,42,17000.0,299.0
1,42,18000.0,327.0
1,42,19000.0,355.0
1,42,20000.0,371.0
1,42,21000.0,387.0
1,42,22000.0,403.0
1,42,23000.0,418.0
1,42,24000.0,433.0
1,42,25000.0,463.0
1,42,26000.0,478.0
1,42,27000.0,494.0
1,42,28000.0,528.0
1,42,29000.0,545.0
1,42,30000.0,565.0
1,42,31000.0,584.0
1,42,32000.0,605.0
1,42,33000.0,625.0
1,42,34000.0,669.0
1,42,35000.0,713.0
1,42,36000.0,757.0
1,42,37000.0,779.0
1,42,38000.0,801.0
1,42,39000.0,824.0
1,42,40000.0,870.0
1,42,41000.0,893.0
1,42,42000.0,915.0
1,42,43000.0,957.0
1,42,44000.0,978.0
1,42,45000.0,997.0
1,42,46000.0,1016.0
1,42,47000.0,1035.0
1,42,48000.0,1053.0
1,42,49000.0,1070.0
1,42,50000.0,1087.0
1,43,1000.0,6.0
1,43,2000.0,30.0
1,43,3000.0,48.0
1,43,4000.0,60.0
1,43,5000.0,73.0
1,43,6000.0,87.0
1,43,7000.0,94.0
1,43,8000.0,108.0
1,43,9000.0,115.0
1,43,10000.0,123.0
1,43,11000.0,139.0
1,43,12000.0,146.0
1,43,13000.0,153.0
1,43,14000.0,167.0
1,43,15000.0,174.0
1,43,16000.0,181.0
1,43,17000.0,195.0
1,43,18000.0,203.0
1,43,19000.0,211.0
1,43,20000.0,227.0
1,43,21000.0,236.0
1,43,22000.0,245.0
1,43,23000.0,263.0
1,43,24000.0,272.0
1,43,25000.0,281.0
1,43,26000.0,301.0
1,43,27000.0,311.0
1,43,28000.0,321.0
1,43,29000.0,341.0
1,43,30000.0,351.0
1,43,31000.0,361.0
1,43,32000.0,381.0
1,43,33000.0,392.0
1,43,34000.0,403.0
1,43,35000.0,427.0
1,43,36000.0,439.0
1,43,37000.0,450.0
1,43,38000.0,483.0
1,43,39000.0,516.0
1,43,40000.0,527.0
1,43,41000.0,551.0
1,43,42000.0,577.0
1,43,43000.0,603.0
1,43,44000.0,629.0
1,43,45000.0,643.0
1,43,46000.0,657.0
1,43,47000.0,681.0
1,43,48000.0,707.0
1,43,49000.0,733.0
1,43,50000.0,785.0
1,44,1000.0,52.0
1,44,2000.0,91.0
1,44,3000.0,104.0
1,44,4000.0,134.0
1,44,5000.0,166.0
1,44,6000.0,198.0
1,44,7000.0,228.0
1,44,8000.0,243.0
1,44,9000.0,259.0
1,44,10000.0,291.0
1,44,11000.0,307.0
1,44,12000.0,322.0
1,44,13000.0,352.0
1,44,14000.0,382.0
1,44,15000.0,397.0
1,44,16000.0,428.0
1,44,17000.0,460.0
1,44,18000.0,493.0
1,44,19000.0,510.0
1,44,20000.0,527.0
1,44,21000.0,543.0
1,44,22000.0,574.0
1,44,23000.0,589.0
1,44,24000.0,605.0
1,44,25000.0,637.0
1,44,26000.0,669.0
1,44,27000.0,703.0
1,44,28000.0,757.0
1,44,29000.0,794.0
1,44,30000.0,814.0
1,44,31000.0,874.0
1,44,32000.0,914.0
1,44,33000.0,934.0
1,44,34000.0,973.0
1,44,35000.0,992.0
1,44,36000.0,1011.0
1,44,37000.0,1048.0
1,44,38000.0,1087.0
1,44,39000.0,1129.0
1,44,40000.0,1173.0
1,44,41000.0,1217.0
1,44,42000.0,1260.0
1,44,43000.0,1302.0
1,44,44000.0,1344.0
1,44,45000.0,1383.0
1,44,46000.0,1422.0
1,44,47000.0,1461.0
1,44,48000.0,1499.0
1,44,49000.0,1519.0
1,44,50000.0,1539.0
1,45,1000.0,8.0
1,45,2000.0,16.0
1,45,3000.0,40.0
1,45,4000.0,64.0
1,45,5000.0,80.0
1,45,6000.0,96.0
1,45,7000.0,121.0
1,45,8000.0,171.0
1,45,9000.0,182.0
1,45,10000.0,226.0
1,45,11000.0,259.0
1,45,12000.0,270.0
1,45,13000.0,281.0
1,45,14000.0,325.0
1,45,15000.0,358.0
1,45,16000.0,393.0
1,45,17000.0,417.0
1,45,18000.0,456.0
1,45,19000.0,494.0
1,45,20000.0,520.0
1,45,21000.0,546.0
1,45,22000.0,559.0
1,45,23000.0,572.0
1,45,24000.0,596.0
1,45,25000.0,620.0
1,45,26000.0,644.0
1,45,27000.0,656.0
1,45,28000.0,683.0
1,45,29000.0,711.0
1,45,30000.0,725.0
1,45,31000.0,754.0
1,45,32000.0,770.0
1,45,33000.0,802.0
1,45,34000.0,819.0
1,45,35000.0,837.0
1,45,36000.0,855.0
1,45,37000.0,872.0
1,45,38000.0,905.0
1,45,39000.0,921.0
1,45,40000.0,937.0
1,45,41000.0,953.0
1,45,42000.0,969.0
1,45,43000.0,987.0
1,45,44000.0,1005.0
1,45,45000.0,1023.0
1,45,46000.0,1041.0
1,45,47000.0,1061.0
1,45,48000.0,1083.0
1,45,49000.0,1104.0
1,45,50000.0,1125.0
1,46,1000.0,16.0
1,46,2000.0,32.0
1,46,3000.0,40.0
1,46,4000.0,60.0
1,46,5000.0,82.0
1,46,6000.0,93.0
1,46,7000.0,127.0
1,46,8000.0,139.0
1,46,9000.0,151.0
1,46,10000.0,177.0
1,46,11000.0,190.0
1,46,12000.0,203.0
1,46,13000.0,231.0
1,46,14000.0,245.0
1,46,15000.0,259.0
1,46,16000.0,287.0
1,46,17000.0,301.0
1,46,18000.0,315.0
1,46,19000.0,331.0
1,46,20000.0,348.0
1,46,21000.0,365.0
1,46,22000.0,399.0
1,46,23000.0,415.0
1,46,24000.0,432.0
1,46,25000.0,449.0
1,46,26000.0,465.0
1,46,27000.0,482.0
1,46,28000.0,499.0
1,46,29000.0,516.0
1,46,30000.0,533.0
1,46,31000.0,550.0
1,46,32000.0,567.0
1,46,33000.0,584.0
1,46,34000.0,603.0
1,46,35000.0,624.0
1,46,36000.0,645.0
1,46,37000.0,688.0
1,46,38000.0,711.0
1,46,39000.0,734.0
1,46,40000.0,780.0
1,46,41000.0,803.0
1,46,42000.0,826.0
1,46,43000.0,872.0
1,46,44000.0,892.0
1,46,45000.0,911.0
1,46,46000.0,930.0
1,46,47000.0,948.0
1,46,48000.0,966.0
1,46,49000.0,1004.0
1,46,50000.0,1023.0
1,47,1000.0,10.0
1,47,2000.0,20.0
1,47,3000.0,40.0
1,47,4000.0,50.0
1,47,5000.0,60.0
1,47,6000.0,82.0
1,47,7000.0,93.0
1,47,8000.0,104.0
1,47,9000.0,129.0
1,47,10000.0,142.0
1,47,11000.0,155.0
1,47,12000.0,183.0
1,47,13000.0,198.0
1,47,14000.0,213.0
1,47,15000.0,228.0
1,47,16000.0,243.0
1,47,17000.0,258.0
1,47,18000.0,273.0
1,47,19000.0,289.0
1,47,20000.0,305.0
1,47,21000.0,321.0
1,47,22000.0,353.0
1,47,23000.0,401.0
1,47,24000.0,417.0
1,47,25000.0,433.0
1,47,26000.0,447.0
1,47,27000.0,478.0
1,47,28000.0,510.0
1,47,29000.0,542.0
1,47,30000.0,574.0
1,47,31000.0,590.0
1,47,32000.0,609.0
1,47,33000.0,649.0
1,47,34000.0,669.0
1,47,35000.0,688.0
1,47,36000.0,727.0
1,47,37000.0,746.0
1,47,38000.0,765.0
1,47,39000.0,803.0
1,47,40000.0,841.0
1,47,41000.0,860.0
1,47,42000.0,899.0
1,47,43000.0,920.0
1,47,44000.0,940.0
1,47,45000.0,980.0
1,47,46000.0,1020.0
1,47,47000.0,1040.0
1,47,48000.0,1078.0
1,47,49000.0,1097.0
1,47,50000.0,1117.0
1,48,1000.0,5.0
1,48,2000.0,10.0
1,48,3000.0,20.0
1,48,4000.0,25.0
1,48,5000.0,30.0
1,48,6000.0,42.0
1,48,7000.0,48.0
1,48,8000.0,54.0
1,48,9000.0,66.0
1,48,10000.0,72.0
1,48,11000.0,78.0
1,48,12000.0,90.0
1,48,13000.0,96.0
1,48,14000.0,102.0
1,48,15000.0,108.0
1,48,16000.0,114.0
1,48,17000.0,120.0
1,48,18000.0,132.0
1,48,19000.0,138.0
1,48,20000.0,146.0
1,48,21000.0,154.0
1,48,22000.0,163.0
1,48,23000.0,172.0
1,48,24000.0,181.0
1,48,25000.0,192.0
1,48,26000.0,203.0
1,48,27000.0,214.0
1,48,28000.0,225.0
1,48,29000.0,236.0
1,48,30000.0,247.0
1,48,31000.0,258.0
1,48,32000.0,270.0
1,48,33000.0,296.0
1,48,34000.0,341.0
1,48,35000.0,356.0
1,48,36000.0,372.0
1,48,37000.0,404.0
1,48,38000.0,421.0
1,48,39000.0,472.0
1,48,40000.0,489.0
1,48,41000.0,540.0
1,48,42000.0,557.0
1,48,43000.0,574.0
1,48,44000.0,591.0
1,48,45000.0,610.0
1,48,46000.0,648.0
1,48,47000.0,667.0
1,48,48000.0,706.0
1,48,49000.0,744.0
1,48,50000.0,763.0
1,49,1000.0,13.0
1,49,2000.0,27.0
1,49,3000.0,55.0
1,49,4000.0,69.0
1,49,5000.0,83.0
1,49,6000.0,112.0
1,49,7000.0,142.0
1,49,8000.0,157.0
1,49,9000.0,185.0
1,49,10000.0,199.0
1,49,11000.0,213.0
1,49,12000.0,227.0
1,49,13000.0,241.0
1,49,14000.0,254.0
1,49,15000.0,267.0
1,49,16000.0,281.0
1,49,17000.0,295.0
1,49,18000.0,309.0
1,49,19000.0,323.0
1,49,20000.0,339.0
1,49,21000.0,355.0
1,49,22000.0,371.0
1,49,23000.0,406.0
1,49,24000.0,424.0
1,49,25000.0,442.0
1,49,26000.0,460.0
1,49,27000.0,478.0
1,49,28000.0,497.0
1,49,29000.0,517.0
1,49,30000.0,559.0
1,49,31000.0,600.0
1,49,32000.0,620.0
1,49,33000.0,660.0
1,49,34000.0,681.0
1,49,35000.0,704.0
1,49,36000.0,748.0
1,49,37000.0,770.0
1,49,38000.0,792.0
1,49,39000.0,814.0
1,49,40000.0,835.0
1,49,41000.0,857.0
1,49,42000.0,880.0
1,49,43000.0,904.0
1,49,44000.0,926.0
1,49,45000.0,949.0
1,49,46000.0,972.0
1,49,47000.0,995.0
1,49,48000.0,1019.0
1,49,49000.0,1043.0
1,49,50000.0,1069.0
2,0,1000.0,7.0
2,0,2000.0,23.0
2,0,3000.0,31.0
2,0,4000.0,39.0
2,0,5000.0,57.0
2,0,6000.0,66.0
2,0,7000.0,75.0
2,0,8000.0,93.0
2,0,9000.0,102.0
2,0,10000.0,112.0
2,0,11000.0,132.0
2,0,12000.0,142.0
2,0,13000.0,152.0
2,0,14000.0,171.0
2,0,15000.0,180.0
2,0,16000.0,190.0
2,0,17000.0,211.0
2,0,18000.0,222.0
2,0,19000.0,233.0
2,0,20000.0,255.0
2,0,21000.0,266.0
2,0,22000.0,277.0
2,0,23000.0,301.0
2,0,24000.0,326.0
2,0,25000.0,352.0
2,0,26000.0,378.0
2,0,27000.0,391.0
2,0,28000.0,405.0
2,0,29000.0,433.0
2,0,30000.0,447.0
2,0,31000.0,461.0
2,0,32000.0,489.0
2,0,33000.0,503.0
2,0,34000.0,517.0
2,0,35000.0,545.0
2,0,36000.0,559.0
2,0,37000.0,574.0
2,0,38000.0,602.0
2,0,39000.0,630.0
2,0,40000.0,660.0
2,0,41000.0,709.0
2,0,42000.0,726.0
2,0,43000.0,743.0
2,0,44000.0,779.0
2,0,45000.0,797.0
2,0,46000.0,815.0
2,0,47000.0,853.0
2,0,48000.0,893.0
2,0,49000.0,933.0
2,0,50000.0,973.0
2,1,1000.0,7.0
2,1,2000.0,14.0
2,1,3000.0,32.0
2,1,4000.0,41.0
2,1,5000.0,50.0
2,1,6000.0,69.0
2,1,7000.0,81.0
2,1,8000.0,93.0
2,1,9000.0,117.0
2,1,10000.0,129.0
2,1,11000.0,141.0
2,1,12000.0,165.0
2,1,13000.0,189.0
2,1,14000.0,201.0
2,1,15000.0,225.0
2,1,16000.0,247.0
2,1,17000.0,258.0
2,1,18000.0,279.0
2,1,19000.0,289.0
2,1,20000.0,299.0
2,1,21000.0,319.0
2,1,22000.0,329.0
2,1,23000.0,339.0
2,1,24000.0,359.0
2,1,25000.0,369.0
2,1,26000.0,379.0
2,1,27000.0,397.0
2,1,28000.0,405.0
2,1,29000.0,412.0
2,1,30000.0,426.0
2,1,31000.0,433.0
2,1,32000.0,441.0
2,1,33000.0,457.0
2,1,34000.0,464.0
2,1,35000.0,471.0
2,1,36000.0,485.0
2,1,37000.0,491.0
2,1,38000.0,496.0
2,1,39000.0,506.0
2,1,40000.0,510.0
2,1,41000.0,514.0
2,1,42000.0,522.0
2,1,43000.0,525.0
2,1,44000.0,527.0
2,1,45000.0,533.0
2,1,46000.0,536.0
2,1,47000.0,539.0
2,1,48000.0,545.0
2,1,49000.0,551.0
2,1,50000.0,559.0
2,2,1000.0,16.0
2,2,2000.0,24.0
2,2,3000.0,32.0
2,2,4000.0,48.0
2,2,5000.0,56.0
2,2,6000.0,64.0
2,2,7000.0,82.0
2,2,8000.0,91.0
2,2,9000.0,100.0
2,2,10000.0,118.0
2,2,11000.0,127.0
2,2,12000.0,136.0
2,2,13000.0,154.0
2,2,14000.0,163.0
2,2,15000.0,172.0
2,2,16000.0,188.0
2,2,17000.0,197.0
2,2,18000.0,205.0
2,2,19000.0,221.0
2,2,20000.0,229.0
2,2,21000.0,237.0
2,2,22000.0,245.0
2,2,23000.0,252.0
2,2,24000.0,259.0
2,2,25000.0,267.0
2,2,26000.0,275.0
2,2,27000.0,283.0
2,2,28000.0,291.0
2,2,29000.0,299.0
2,2,30000.0,308.0
2,2,31000.0,317.0
2,2,32000.0,326.0
2,2,33000.0,336.0
2,2,34000.0,346.0
2,2,35000.0,355.0
2,2,36000.0,364.0
2,2,37000.0,426.0
2,2,38000.0,458.0
2,2,39000.0,472.0
2,2,40000.0,507.0
2,2,41000.0,528.0
2,2,42000.0,549.0
2,2,43000.0,570.0
2,2,44000.0,583.0
2,2,45000.0,595.0
2,2,46000.0,625.0
2,2,47000.0,637.0
2,2,48000.0,658.0
2,2,49000.0,665.0
2,2,50000.0,672.0
2,4,1000.0,6.0
2,4,2000.0,12.0
2,4,3000.0,26.0
2,4,4000.0,33.0
2,4,5000.0,40.0
2,4,6000.0,61.0
2,4,7000.0,68.0
2,4,8000.0,75.0
2,4,9000.0,89.0
2,4,10000.0,97.0
2,4,11000.0,105.0
2,4,12000.0,121.0
2,4,13000.0,129.0
2,4,14000.0,138.0
2,4,15000.0,147.0
2,4,16000.0,156.0
2,4,17000.0,165.0
2,4,18000.0,183.0
2,4,19000.0,192.0
2,4,20000.0,201.0
2,4,21000.0,219.0
2,4,22000.0,228.0
2,4,23000.0,238.0
2,4,24000.0,258.0
2,4,25000.0,280.0
2,4,26000.0,293.0
2,4,27000.0,319.0
2,4,28000.0,349.0
2,4,29000.0,364.0
2,4,30000.0,394.0
2,4,31000.0,409.0
2,4,32000.0,424.0
2,4,33000.0,454.0
2,4,34000.0,470.0
2,4,35000.0,487.0
2,4,36000.0,521.0
2,4,37000.0,555.0
2,4,38000.0,572.0
2,4,39000.0,614.0
2,4,40000.0,660.0
2,4,41000.0,708.0
2,4,42000.0,756.0
2,4,43000.0,807.0
2,4,44000.0,857.0
2,4,45000.0,907.0
2,4,46000.0,957.0
2,4,47000.0,1007.0
2,4,48000.0,1057.0
2,4,49000.0,1105.0
2,4,50000.0,1153.0
2,5,1000.0,13.0
2,5,2000.0,39.0
2,5,3000.0,63.0
2,5,4000.0,87.0
2,5,5000.0,111.0
2,5,6000.0,123.0
2,5,7000.0,136.0
2,5,8000.0,162.0
2,5,9000.0,190.0
2,5,10000.0,216.0
2,5,11000.0,242.0
2,5,12000.0,268.0
2,5,13000.0,281.0
2,5,14000.0,307.0
2,5,15000.0,333.0
2,5,16000.0,357.0
2,5,17000.0,379.0
2,5,18000.0,401.0
2,5,19000.0,411.0
2,5,20000.0,431.0
2,5,21000.0,441.0
2,5,22000.0,451.0
2,5,23000.0,471.0
2,5,24000.0,491.0
2,5,25000.0,511.0
2,5,26000.0,531.0
2,5,27000.0,541.0
2,5,28000.0,552.0
2,5,29000.0,574.0
2,5,30000.0,585.0
2,5,31000.0,596.0
2,5,32000.0,618.0
2,5,33000.0,640.0
2,5,34000.0,651.0
2,5,35000.0,673.0
2,5,36000.0,683.0
2,5,37000.0,693.0
2,5,38000.0,713.0
2,5,39000.0,724.0
2,5,40000.0,734.0
2,5,41000.0,754.0
2,5,42000.0,772.0
2,5,43000.0,781.0
2,5,44000.0,799.0
2,5,45000.0,815.0
2,5,46000.0,829.0
2,5,47000.0,841.0
2,5,48000.0,846.0
2,5,49000.0,850.0
2,5,50000.0,862.0
2,6,1000.0,24.0
2,6,2000.0,36.0
2,6,3000.0,48.0
2,6,4000.0,72.0
2,6,5000.0,96.0
2,6,6000.0,120.0
2,6,7000.0,145.0
2,6,8000.0,158.0
2,6,9000.0,170.0
2,6,10000.0,192.0
2,6,11000.0,203.0
2,6,12000.0,215.0
2,6,13000.0,251.0
2,6,14000.0,285.0
2,6,15000.0,296.0
2,6,16000.0,327.0
2,6,17000.0,345.0
2,6,18000.0,354.0
2,6,19000.0,372.0
2,6,20000.0,382.0
2,6,21000.0,391.0
2,6,22000.0,424.0
2,6,23000.0,446.0
2,6,24000.0,457.0
2,6,25000.0,493.0
2,6,26000.0,532.0
2,6,27000.0,571.0
2,6,28000.0,610.0
2,6,29000.0,652.0
2,6,30000.0,694.0
2,6,31000.0,736.0
2,6,32000.0,780.0
2,6,33000.0,825.0
2,6,34000.0,872.0
2,6,35000.0,922.0
2,6,36000.0,973.0
2,6,37000.0,1024.0
2,6,38000.0,1079.0
2,6,39000.0,1115.0
2,6,40000.0,1169.0
2,6,41000.0,1205.0
2,6,42000.0,1222.0
2,6,43000.0,1256.0
2,6,44000.0,1292.0
2,6,45000.0,1344.0
2,6,46000.0,1432.0
2,6,47000.0,1450.0
2,6,48000.0,1545.0
2,6,49000.0,1622.0
2,6,50000.0,1660.0
2,7,1000.0,8.0
2,7,2000.0,46.0
2,7,3000.0,66.0
2,7,4000.0,76.0
2,7,5000.0,96.0
2,7,6000.0,106.0
2,7,7000.0,116.0
2,7,8000.0,136.0
2,7,9000.0,146.0
2,7,10000.0,156.0
2,7,11000.0,176.0
2,7,12000.0,186.0
2,7,13000.0,196.0
2,7,14000.0,206.0
2,7,15000.0,216.0
2,7,16000.0,227.0
2,7,17000.0,251.0
2,7,18000.0,263.0
2,7,19000.0,276.0
2,7,20000.0,289.0
2,7,21000.0,301.0
2,7,22000.0,313.0
2,7,23000.0,338.0
2,7,24000.0,350.0
2,7,25000.0,378.0
2,7,26000.0,408.0
2,7,27000.0,438.0
2,7,28000.0,453.0
2,7,29000.0,488.0
2,7,30000.0,524.0
2,7,31000.0,563.0
2,7,32000.0,603.0
2,7,33000.0,625.0
2,7,34000.0,647.0
2,7,35000.0,695.0
2,7,36000.0,720.0
2,7,37000.0,746.0
2,7,38000.0,798.0
2,7,39000.0,850.0
2,7,40000.0,904.0
2,7,41000.0,957.0
2,7,42000.0,1011.0
2,7,43000.0,1092.0
2,7,44000.0,1146.0
2,7,45000.0,1201.0
2,7,46000.0,1257.0
2,7,47000.0,1315.0
2,7,48000.0,1373.0
2,7,49000.0,1463.0
2,7,50000.0,1555.0
2,8,1000.0,14.0
2,8,2000.0,34.0
2,8,3000.0,52.0
2,8,4000.0,70.0
2,8,5000.0,88.0
2,8,6000.0,106.0
2,8,7000.0,118.0
2,8,8000.0,138.0
2,8,9000.0,169.0
2,8,10000.0,196.0
2,8,11000.0,236.0
2,8,12000.0,318.0
2,8,13000.0,380.0
2,8,14000.0,445.0
2,8,15000.0,536.0
2,8,16000.0,614.0
2,8,17000.0,712.0
2,8,18000.0,832.0
2,8,19000.0,922.0
2,8,20000.0,982.0
2,8,21000.0,1089.0
2,8,22000.0,1169.0
2,8,23000.0,1281.0
2,8,24000.0,1409.0
2,8,25000.0,1523.0
2,8,26000.0,1625.0
2,8,27000.0,1805.0
2,8,28000.0,1938.0
2,8,29000.0,2071.0
2,8,30000.0,2204.0
2,8,31000.0,2318.0
2,8,32000.0,2451.0
2,8,33000.0,2631.0
2,8,34000.0,2791.0
2,8,35000.0,2931.0
2,8,36000.0,3098.0
2,8,37000.0,3266.0
2,8,38000.0,3392.0
2,8,39000.0,3574.0
2,8,40000.0,3735.0
2,8,41000.0,3988.0
2,8,42000.0,4057.0
2,8,43000.0,4218.0
2,8,44000.0,4264.0
2,8,45000.0,4448.0
2,8,46000.0,4629.0
2,8,47000.0,4761.0
2,8,48000.0,4909.0
2,8,49000.0,5078.0
2,8,50000.0,5257.0
2,9,1000.0,8.0
2,9,2000.0,24.0
2,9,3000.0,32.0
2,9,4000.0,56.0
2,9,5000.0,72.0
2,9,6000.0,104.0
2,9,7000.0,120.0
2,9,8000.0,144.0
2,9,9000.0,152.0
2,9,10000.0,184.0
2,9,11000.0,200.0
2,9,12000.0,248.0
2,9,13000.0,256.0
2,9,14000.0,288.0
2,9,15000.0,296.0
2,9,16000.0,313.0
2,9,17000.0,340.0
2,9,18000.0,359.0
2,9,19000.0,419.0
2,9,20000.0,429.0
2,9,21000.0,479.0
2,9,22000.0,489.0
2,9,23000.0,529.0
2,9,24000.0,579.0
2,9,25000.0,609.0
2,9,26000.0,629.0
2,9,27000.0,651.0
2,9,28000.0,675.0
2,9,29000.0,701.0
2,9,30000.0,725.0
2,9,31000.0,749.0
2,9,32000.0,773.0
2,9,33000.0,797.0
2,9,34000.0,845.0
2,9,35000.0,869.0
2,9,36000.0,905.0
2,9,37000.0,917.0
2,9,38000.0,956.0
2,9,39000.0,1008.0
2,9,40000.0,1022.0
2,9,41000.0,1050.0
2,9,42000.0,1140.0
2,9,43000.0,1155.0
2,9,44000.0,1185.0
2,9,45000.0,1215.0
2,9,46000.0,1263.0
2,9,47000.0,1295.0
2,9,48000.0,1346.0
2,9,49000.0,1364.0
2,9,50000.0,1400.0
2,10,1000.0,14.0
2,10,2000.0,28.0
2,10,3000.0,56.0
2,10,4000.0,70.0
2,10,5000.0,85.0
2,10,6000.0,117.0
2,10,7000.0,134.0
2,10,8000.0,152.0
2,10,9000.0,188.0
2,10,10000.0,206.0
2,10,11000.0,224.0
2,10,12000.0,260.0
2,10,13000.0,278.0
2,10,14000.0,295.0
2,10,15000.0,346.0
2,10,16000.0,397.0
2,10,17000.0,415.0
2,10,18000.0,466.0
2,10,19000.0,517.0
2,10,20000.0,568.0
2,10,21000.0,622.0
2,10,22000.0,673.0
2,10,23000.0,727.0
2,10,24000.0,787.0
2,10,25000.0,825.0
2,10,26000.0,844.0
2,10,27000.0,901.0
2,10,28000.0,961.0
2,10,29000.0,1024.0
2,10,30000.0,1068.0
2,10,31000.0,1134.0
2,10,32000.0,1200.0
2,10,33000.0,1243.0
2,10,34000.0,1308.0
2,10,35000.0,1354.0
2,10,36000.0,1426.0
2,10,37000.0,1475.0
2,10,38000.0,1525.0
2,10,39000.0,1578.0
2,10,40000.0,1659.0
2,10,41000.0,1743.0
2,10,42000.0,1798.0
2,10,43000.0,1879.0
2,10,44000.0,1933.0
2,10,45000.0,1989.0
2,10,46000.0,2045.0
2,10,47000.0,2129.0
2,10,48000.0,2210.0
2,10,49000.0,2294.0
2,10,50000.0,2378.0
2,11,1000.0,7.0
2,11,2000.0,21.0
2,11,3000.0,28.0
2,11,4000.0,35.0
2,11,5000.0,49.0
2,11,6000.0,56.0
2,11,7000.0,63.0
2,11,8000.0,79.0
2,11,9000.0,87.0
2,11,10000.0,95.0
2,11,11000.0,111.0
2,11,12000.0,119.0
2,11,13000.0,127.0
2,11,14000.0,143.0
2,11,15000.0,150.0
2,11,16000.0,157.0
2,11,17000.0,178.0
2,11,18000.0,199.0
2,11,19000.0,204.0
2,11,20000.0,214.0
2,11,21000.0,218.0
2,11,22000.0,222.0
2,11,23000.0,230.0
2,11,24000.0,238.0
2,11,25000.0,242.0
2,11,26000.0,247.0
2,11,27000.0,253.0
2,11,28000.0,267.0
2,11,29000.0,274.0
2,11,30000.0,281.0
2,11,31000.0,302.0
2,11,32000.0,309.0
2,11,33000.0,341.0
2,11,34000.0,349.0
2,11,35000.0,356.0
2,11,36000.0,377.0
2,11,37000.0,413.0
2,11,38000.0,431.0
2,11,39000.0,440.0
2,11,40000.0,449.0
2,11,41000.0,476.0
2,11,42000.0,504.0
2,11,43000.0,526.0
2,11,44000.0,537.0
2,11,45000.0,561.0
2,11,46000.0,587.0
2,11,47000.0,626.0
2,11,48000.0,640.0
2,11,49000.0,655.0
2,11,50000.0,700.0
2,12,1000.0,12.0
2,12,2000.0,26.0
2,12,3000.0,56.0
2,12,4000.0,86.0
2,12,5000.0,101.0
2,12,6000.0,129.0
2,12,7000.0,143.0
2,12,8000.0,156.0
2,12,9000.0,185.0
2,12,10000.0,213.0
2,12,11000.0,227.0
2,12,12000.0,255.0
2,12,13000.0,269.0
2,12,14000.0,284.0
2,12,15000.0,329.0
2,12,16000.0,374.0
2,12,17000.0,389.0
2,12,18000.0,434.0
2,12,19000.0,482.0
2,12,20000.0,498.0
2,12,21000.0,548.0
2,12,22000.0,600.0
2,12,23000.0,668.0
2,12,24000.0,722.0
2,12,25000.0,773.0
2,12,26000.0,824.0
2,12,27000.0,875.0
2,12,28000.0,926.0
2,12,29000.0,977.0
2,12,30000.0,1028.0
2,12,31000.0,1079.0
2,12,32000.0,1130.0
2,12,33000.0,1179.0
2,12,34000.0,1243.0
2,12,35000.0,1259.0
2,12,36000.0,1308.0
2,12,37000.0,1339.0
2,12,38000.0,1354.0
2,12,39000.0,1396.0
2,12,40000.0,1438.0
2,12,41000.0,1483.0
2,12,42000.0,1539.0
2,12,43000.0,1553.0
2,12,44000.0,1567.0
2,12,45000.0,1609.0
2,12,46000.0,1651.0
2,12,47000.0,1665.0
2,12,48000.0,1692.0
2,12,49000.0,1716.0
2,12,50000.0,1728.0
2,13,1000.0,18.0
2,13,2000.0,27.0
2,13,3000.0,36.0
2,13,4000.0,54.0
2,13,5000.0,63.0
2,13,6000.0,72.0
2,13,7000.0,90.0
2,13,8000.0,99.0
2,13,9000.0,108.0
2,13,10000.0,126.0
2,13,11000.0,135.0
2,13,12000.0,145.0
2,13,13000.0,163.0
2,13,14000.0,172.0
2,13,15000.0,181.0
2,13,16000.0,199.0
2,13,17000.0,209.0
2,13,18000.0,219.0
2,13,19000.0,239.0
2,13,20000.0,249.0
2,13,21000.0,259.0
2,13,22000.0,286.0
2,13,23000.0,296.0
2,13,24000.0,306.0
2,13,25000.0,336.0
2,13,26000.0,366.0
2,13,27000.0,393.0
2,13,28000.0,414.0
2,13,29000.0,420.0
2,13,30000.0,426.0
2,13,31000.0,444.0
2,13,32000.0,450.0
2,13,33000.0,468.0
2,13,34000.0,473.0
2,13,35000.0,478.0
2,13,36000.0,483.0
2,13,37000.0,487.0
2,13,38000.0,491.0
2,13,39000.0,494.0
2,13,40000.0,497.0
2,13,41000.0,500.0
2,13,42000.0,503.0
2,13,43000.0,509.0
2,13,44000.0,512.0
2,13,45000.0,515.0
2,13,46000.0,519.0
2,13,47000.0,523.0
2,13,48000.0,525.0
2,13,49000.0,529.0
2,13,50000.0,531.0
2,14,1000.0,8.0
2,14,2000.0,17.0
2,14,3000.0,35.0
2,14,4000.0,44.0
2,14,5000.0,66.0
2,14,6000.0,121.0
2,14,7000.0,143.0
2,14,8000.0,154.0
2,14,9000.0,187.0
2,14,10000.0,199.0
2,14,11000.0,238.0
2,14,12000.0,290.0
2,14,13000.0,303.0
2,14,14000.0,342.0
2,14,15000.0,381.0
2,14,16000.0,433.0
2,14,17000.0,472.0
2,14,18000.0,525.0
2,14,19000.0,539.0
2,14,20000.0,582.0
2,14,21000.0,627.0
2,14,22000.0,658.0
2,14,23000.0,694.0
2,14,24000.0,784.0
2,14,25000.0,838.0
2,14,26000.0,892.0
2,14,27000.0,948.0
2,14,28000.0,1021.0
2,14,29000.0,1075.0
2,14,30000.0,1112.0
2,14,31000.0,1169.0
2,14,32000.0,1207.0
2,14,33000.0,1264.0
2,14,34000.0,1324.0
2,14,35000.0,1384.0
2,14,36000.0,1457.0
2,14,37000.0,1511.0
2,14,38000.0,1565.0
2,14,39000.0,1637.0
2,14,40000.0,1689.0
2,14,41000.0,1740.0
2,14,42000.0,1817.0
2,14,43000.0,1832.0
2,14,44000.0,1847.0
2,14,45000.0,1892.0
2,14,46000.0,1935.0
2,14,47000.0,1949.0
2,14,48000.0,1993.0
2,14,49000.0,2008.0
2,14,50000.0,2022.0
2,15,1000.0,16.0
2,15,2000.0,24.0
2,15,3000.0,48.0
2,15,4000.0,72.0
2,15,5000.0,81.0
2,15,6000.0,90.0
2,15,7000.0,108.0
2,15,8000.0,117.0
2,15,9000.0,126.0
2,15,10000.0,144.0
2,15,11000.0,153.0
2,15,12000.0,162.0
2,15,13000.0,180.0
2,15,14000.0,189.0
2,15,15000.0,198.0
2,15,16000.0,216.0
2,15,17000.0,225.0
2,15,18000.0,235.0
2,15,19000.0,257.0
2,15,20000.0,268.0
2,15,21000.0,278.0
2,15,22000.0,300.0
2,15,23000.0,311.0
2,15,24000.0,323.0
2,15,25000.0,347.0
2,15,26000.0,359.0
2,15,27000.0,371.0
2,15,28000.0,395.0
2,15,29000.0,407.0
2,15,30000.0,419.0
2,15,31000.0,443.0
2,15,32000.0,455.0
2,15,33000.0,467.0
2,15,34000.0,492.0
2,15,35000.0,506.0
2,15,36000.0,521.0
2,15,37000.0,553.0
2,15,38000.0,569.0
2,15,39000.0,585.0
2,15,40000.0,617.0
2,15,41000.0,649.0
2,15,42000.0,681.0
2,15,43000.0,716.0
2,15,44000.0,752.0
2,15,45000.0,786.0
2,15,46000.0,821.0
2,15,47000.0,839.0
2,15,48000.0,858.0
2,15,49000.0,898.0
2,15,50000.0,919.0
2,16,1000.0,9.0
2,16,2000.0,27.0
2,16,3000.0,36.0
2,16,4000.0,44.0
2,16,5000.0,65.0
2,16,6000.0,76.0
2,16,7000.0,87.0
2,16,8000.0,110.0
2,16,9000.0,122.0
2,16,10000.0,134.0
2,16,11000.0,170.0
2,16,12000.0,182.0
2,16,13000.0,194.0
2,16,14000.0,218.0
2,16,15000.0,230.0
2,16,16000.0,241.0
2,16,17000.0,277.0
2,16,18000.0,313.0
2,16,19000.0,324.0
2,16,20000.0,349.0
2,16,21000.0,361.0
2,16,22000.0,373.0
2,16,23000.0,402.0
2,16,24000.0,449.0
2,16,25000.0,465.0
2,16,26000.0,498.0
2,16,27000.0,514.0
2,16,28000.0,531.0
2,16,29000.0,569.0
2,16,30000.0,588.0
2,16,31000.0,607.0
2,16,32000.0,644.0
2,16,33000.0,662.0
2,16,34000.0,681.0
2,16,35000.0,719.0
2,16,36000.0,758.0
2,16,37000.0,798.0
2,16,38000.0,838.0
2,16,39000.0,858.0
2,16,40000.0,878.0
2,16,41000.0,919.0
2,16,42000.0,962.0
2,16,43000.0,984.0
2,16,44000.0,1028.0
2,16,45000.0,1072.0
2,16,46000.0,1116.0
2,16,47000.0,1160.0
2,16,48000.0,1203.0
2,16,49000.0,1244.0
2,16,50000.0,1283.0
2,17,1000.0,7.0
2,17,2000.0,21.0
2,17,3000.0,28.0
2,17,4000.0,35.0
2,17,5000.0,49.0
2,17,6000.0,56.0
2,17,7000.0,63.0
2,17,8000.0,77.0
2,17,9000.0,84.0
2,17,10000.0,91.0
2,17,11000.0,105.0
2,17,12000.0,112.0
2,17,13000.0,120.0
2,17,14000.0,144.0
2,17,15000.0,152.0
2,17,16000.0,160.0
2,17,17000.0,184.0
2,17,18000.0,194.0
2,17,19000.0,205.0
2,17,20000.0,240.0
2,17,21000.0,253.0
2,17,22000.0,267.0
2,17,23000.0,311.0
2,17,24000.0,356.0
2,17,25000.0,371.0
2,17,26000.0,413.0
2,17,27000.0,455.0
2,17,28000.0,469.0
2,17,29000.0,514.0
2,17,30000.0,561.0
2,17,31000.0,578.0
2,17,32000.0,635.0
2,17,33000.0,692.0
2,17,34000.0,751.0
2,17,35000.0,811.0
2,17,36000.0,871.0
2,17,37000.0,911.0
2,17,38000.0,976.0
2,17,39000.0,1020.0
2,17,40000.0,1043.0
2,17,41000.0,1112.0
2,17,42000.0,1161.0
2,17,43000.0,1213.0
2,17,44000.0,1266.0
2,17,45000.0,1322.0
2,17,46000.0,1409.0
2,17,47000.0,1498.0
2,17,48000.0,1588.0
2,17,49000.0,1678.0
2,17,50000.0,1765.0
2,18,1000.0,6.0
2,18,2000.0,18.0
2,18,3000.0,24.0
2,18,4000.0,30.0
2,18,5000.0,42.0
2,18,6000.0,54.0
2,18,7000.0,60.0
2,18,8000.0,72.0
2,18,9000.0,78.0
2,18,10000.0,85.0
2,18,11000.0,99.0
2,18,12000.0,106.0
2,18,13000.0,113.0
2,18,14000.0,127.0
2,18,15000.0,134.0
2,18,16000.0,143.0
2,18,17000.0,165.0
2,18,18000.0,176.0
2,18,19000.0,187.0
2,18,20000.0,209.0
2,18,21000.0,220.0
2,18,22000.0,231.0
2,18,23000.0,260.0
2,18,24000.0,290.0
2,18,25000.0,305.0
2,18,26000.0,335.0
2,18,27000.0,350.0
2,18,28000.0,366.0
2,18,29000.0,398.0
2,18,30000.0,414.0
2,18,31000.0,430.0
2,18,32000.0,462.0
2,18,33000.0,478.0
2,18,34000.0,493.0
2,18,35000.0,523.0
2,18,36000.0,538.0
2,18,37000.0,553.0
2,18,38000.0,598.0
2,18,39000.0,631.0
2,18,40000.0,649.0
2,18,41000.0,721.0
2,18,42000.0,739.0
2,18,43000.0,757.0
2,18,44000.0,795.0
2,18,45000.0,814.0
2,18,46000.0,835.0
2,18,47000.0,879.0
2,18,48000.0,925.0
2,18,49000.0,971.0
2,18,50000.0,1020.0
2,19,1000.0,7.0
2,19,2000.0,14.0
2,19,3000.0,35.0
2,19,4000.0,42.0
2,19,5000.0,84.0
2,19,6000.0,114.0
2,19,7000.0,122.0
2,19,8000.0,157.0
2,19,9000.0,181.0
2,19,10000.0,199.0
2,19,11000.0,253.0
2,19,12000.0,280.0
2,19,13000.0,307.0
2,19,14000.0,352.0
2,19,15000.0,361.0
2,19,16000.0,397.0
2,19,17000.0,442.0
2,19,18000.0,478.0
2,19,19000.0,487.0
2,19,20000.0,505.0
2,19,21000.0,523.0
2,19,22000.0,555.0
2,19,23000.0,592.0
2,19,24000.0,657.0
2,19,25000.0,670.0
2,19,26000.0,683.0
2,19,27000.0,712.0
2,19,28000.0,727.0
2,19,29000.0,742.0
2,19,30000.0,774.0
2,19,31000.0,790.0
2,19,32000.0,806.0
2,19,33000.0,838.0
2,19,34000.0,854.0
2,19,35000.0,872.0
2,19,36000.0,911.0
2,19,37000.0,951.0
2,19,38000.0,971.0
2,19,39000.0,1014.0
2,19,40000.0,1059.0
2,19,41000.0,1107.0
2,19,42000.0,1159.0
2,19,43000.0,1215.0
2,19,44000.0,1271.0
2,19,45000.0,1327.0
2,19,46000.0,1383.0
2,19,47000.0,1440.0
2,19,48000.0,1498.0
2,19,49000.0,1556.0
2,19,50000.0,1643.0
2,20,1000.0,14.0
2,20,2000.0,23.0
2,20,3000.0,33.0
2,20,4000.0,55.0
2,20,5000.0,77.0
2,20,6000.0,89.0
2,20,7000.0,101.0
2,20,8000.0,125.0
2,20,9000.0,137.0
2,20,10000.0,163.0
2,20,11000.0,177.0
2,20,12000.0,191.0
2,20,13000.0,220.0
2,20,14000.0,235.0
2,20,15000.0,250.0
2,20,16000.0,280.0
2,20,17000.0,295.0
2,20,18000.0,309.0
2,20,19000.0,323.0
2,20,20000.0,337.0
2,20,21000.0,351.0
2,20,22000.0,379.0
2,20,23000.0,393.0
2,20,24000.0,408.0
2,20,25000.0,438.0
2,20,26000.0,474.0
2,20,27000.0,510.0
2,20,28000.0,546.0
2,20,29000.0,584.0
2,20,30000.0,624.0
2,20,31000.0,668.0
2,20,32000.0,714.0
2,20,33000.0,737.0
2,20,34000.0,785.0
2,20,35000.0,863.0
2,20,36000.0,915.0
2,20,37000.0,993.0
2,20,38000.0,1043.0
2,20,39000.0,1118.0
2,20,40000.0,1193.0
2,20,41000.0,1265.0
2,20,42000.0,1314.0
2,20,43000.0,1393.0
2,20,44000.0,1447.0
2,20,45000.0,1530.0
2,20,46000.0,1614.0
2,20,47000.0,1697.0
2,20,48000.0,1777.0
2,20,49000.0,1858.0
2,20,50000.0,1941.0
2,21,1000.0,19.0
2,21,2000.0,29.0
2,21,3000.0,40.0
2,21,4000.0,62.0
2,21,5000.0,73.0
2,21,6000.0,84.0
2,21,7000.0,106.0
2,21,8000.0,117.0
2,21,9000.0,128.0
2,21,10000.0,152.0
2,21,11000.0,164.0
2,21,12000.0,175.0
2,21,13000.0,197.0
2,21,14000.0,208.0
2,21,15000.0,218.0
2,21,16000.0,238.0
2,21,17000.0,248.0
2,21,18000.0,258.0
2,21,19000.0,278.0
2,21,20000.0,288.0
2,21,21000.0,298.0
2,21,22000.0,318.0
2,21,23000.0,328.0
2,21,24000.0,338.0
2,21,25000.0,358.0
2,21,26000.0,368.0
2,21,27000.0,379.0
2,21,28000.0,401.0
2,21,29000.0,412.0
2,21,30000.0,423.0
2,21,31000.0,446.0
2,21,32000.0,458.0
2,21,33000.0,470.0
2,21,34000.0,495.0
2,21,35000.0,509.0
2,21,36000.0,523.0
2,21,37000.0,550.0
2,21,38000.0,564.0
2,21,39000.0,578.0
2,21,40000.0,606.0
2,21,41000.0,632.0
2,21,42000.0,660.0
2,21,43000.0,688.0
2,21,44000.0,702.0
2,21,45000.0,716.0
2,21,46000.0,744.0
2,21,47000.0,758.0
2,21,48000.0,771.0
2,21,49000.0,794.0
2,21,50000.0,814.0
2,22,1000.0,12.0
2,22,2000.0,38.0
2,22,3000.0,52.0
2,22,4000.0,66.0
2,22,5000.0,94.0
2,22,6000.0,108.0
2,22,7000.0,122.0
2,22,8000.0,136.0
2,22,9000.0,151.0
2,22,10000.0,166.0
2,22,11000.0,198.0
2,22,12000.0,214.0
2,22,13000.0,230.0
2,22,14000.0,264.0
2,22,15000.0,298.0
2,22,16000.0,315.0
2,22,17000.0,350.0
2,22,18000.0,406.0
2,22,19000.0,463.0
2,22,20000.0,497.0
2,22,21000.0,514.0
2,22,22000.0,531.0
2,22,23000.0,582.0
2,22,24000.0,633.0
2,22,25000.0,650.0
2,22,26000.0,688.0
2,22,27000.0,785.0
2,22,28000.0,823.0
2,22,29000.0,880.0
2,22,30000.0,959.0
2,22,31000.0,1022.0
2,22,32000.0,1122.0
2,22,33000.0,1179.0
2,22,34000.0,1243.0
2,22,35000.0,1309.0
2,22,36000.0,1353.0
2,22,37000.0,1421.0
2,22,38000.0,1497.0
2,22,39000.0,1577.0
2,22,40000.0,1658.0
2,22,41000.0,1739.0
2,22,42000.0,1792.0
2,22,43000.0,1872.0
2,22,44000.0,1926.0
2,22,45000.0,2007.0
2,22,46000.0,2088.0
2,22,47000.0,2167.0
2,22,48000.0,2243.0
2,22,49000.0,2321.0
2,22,50000.0,2404.0
2,23,1000.0,10.0
2,23,2000.0,20.0
2,23,3000.0,40.0
2,23,4000.0,50.0
2,23,5000.0,60.0
2,23,6000.0,80.0
2,23,7000.0,90.0
2,23,8000.0,100.0
2,23,9000.0,120.0
2,23,10000.0,130.0
2,23,11000.0,140.0
2,23,12000.0,170.0
2,23,13000.0,180.0
2,23,14000.0,191.0
2,23,15000.0,215.0
2,23,16000.0,227.0
2,23,17000.0,240.0
2,23,18000.0,264.0
2,23,19000.0,276.0
2,23,20000.0,300.0
2,23,21000.0,326.0
2,23,22000.0,340.0
2,23,23000.0,354.0
2,23,24000.0,382.0
2,23,25000.0,396.0
2,23,26000.0,410.0
2,23,27000.0,438.0
2,23,28000.0,453.0
2,23,29000.0,468.0
2,23,30000.0,510.0
2,23,31000.0,524.0
2,23,32000.0,538.0
2,23,33000.0,582.0
2,23,34000.0,622.0
2,23,35000.0,635.0
2,23,36000.0,676.0
2,23,37000.0,719.0
2,23,38000.0,749.0
2,23,39000.0,779.0
2,23,40000.0,809.0
2,23,41000.0,823.0
2,23,42000.0,852.0
2,23,43000.0,868.0
2,23,44000.0,887.0
2,23,45000.0,944.0
2,23,46000.0,986.0
2,23,47000.0,1006.0
2,23,48000.0,1050.0
2,23,49000.0,1074.0
2,23,50000.0,1098.0
2,24,1000.0,18.0
2,24,2000.0,36.0
2,24,3000.0,45.0
2,24,4000.0,90.0
2,24,5000.0,99.0
2,24,6000.0,108.0
2,24,7000.0,126.0
2,24,8000.0,135.0
2,24,9000.0,144.0
2,24,10000.0,162.0
2,24,11000.0,171.0
2,24,12000.0,180.0
2,24,13000.0,198.0
2,24,14000.0,207.0
2,24,15000.0,216.0
2,24,16000.0,232.0
2,24,17000.0,240.0
2,24,18000.0,249.0
2,24,19000.0,270.0
2,24,20000.0,282.0
2,24,21000.0,294.0
2,24,22000.0,318.0
2,24,23000.0,330.0
2,24,24000.0,342.0
2,24,25000.0,370.0
2,24,26000.0,399.0
2,24,27000.0,415.0
2,24,28000.0,447.0
2,24,29000.0,463.0
2,24,30000.0,479.0
2,24,31000.0,511.0
2,24,32000.0,527.0
2,24,33000.0,543.0
2,24,34000.0,575.0
2,24,35000.0,590.0
2,24,36000.0,605.0
2,24,37000.0,635.0
2,24,38000.0,649.0
2,24,39000.0,666.0
2,24,40000.0,700.0
2,24,41000.0,734.0
2,24,42000.0,751.0
2,24,43000.0,787.0
2,24,44000.0,805.0
2,24,45000.0,824.0
2,24,46000.0,862.0
2,24,47000.0,882.0
2,24,48000.0,920.0
2,24,49000.0,962.0
2,24,50000.0,1004.0
2,25,1000.0,24.0
2,25,2000.0,36.0
2,25,3000.0,48.0
2,25,4000.0,72.0
2,25,5000.0,84.0
2,25,6000.0,97.0
2,25,7000.0,121.0
2,25,8000.0,133.0
2,25,9000.0,147.0
2,25,10000.0,175.0
2,25,11000.0,189.0
2,25,12000.0,203.0
2,25,13000.0,231.0
2,25,14000.0,246.0
2,25,15000.0,261.0
2,25,16000.0,291.0
2,25,17000.0,306.0
2,25,18000.0,320.0
2,25,19000.0,344.0
2,25,20000.0,356.0
2,25,21000.0,369.0
2,25,22000.0,400.0
2,25,23000.0,420.0
2,25,24000.0,477.0
2,25,25000.0,517.0
2,25,26000.0,546.0
2,25,27000.0,564.0
2,25,28000.0,591.0
2,25,29000.0,609.0
2,25,30000.0,654.0
2,25,31000.0,672.0
2,25,32000.0,697.0
2,25,33000.0,713.0
2,25,34000.0,740.0
2,25,35000.0,758.0
2,25,36000.0,776.0
2,25,37000.0,800.0
2,25,38000.0,808.0
2,25,39000.0,817.0
2,25,40000.0,838.0
2,25,41000.0,848.0
2,25,42000.0,858.0
2,25,43000.0,878.0
2,25,44000.0,888.0
2,25,45000.0,898.0
2,25,46000.0,918.0
2,25,47000.0,928.0
2,25,48000.0,938.0
2,25,49000.0,947.0
2,25,50000.0,956.0
2,26,1000.0,8.0
2,26,2000.0,26.0
2,26,3000.0,53.0
2,26,4000.0,80.0
2,26,5000.0,107.0
2,26,6000.0,134.0
2,26,7000.0,161.0
2,26,8000.0,179.0
2,26,9000.0,215.0
2,26,10000.0,242.0
2,26,11000.0,269.0
2,26,12000.0,314.0
2,26,13000.0,341.0
2,26,14000.0,368.0
2,26,15000.0,418.0
2,26,16000.0,448.0
2,26,17000.0,478.0
2,26,18000.0,538.0
2,26,19000.0,568.0
2,26,20000.0,598.0
2,26,21000.0,648.0
2,26,22000.0,678.0
2,26,23000.0,698.0
2,26,24000.0,748.0
2,26,25000.0,788.0
2,26,26000.0,818.0
2,26,27000.0,858.0
2,26,28000.0,890.0
2,26,29000.0,926.0
2,26,30000.0,974.0
2,26,31000.0,1010.0
2,26,32000.0,1034.0
2,26,33000.0,1070.0
2,26,34000.0,1108.0
2,26,35000.0,1136.0
2,26,36000.0,1164.0
2,26,37000.0,1210.0
2,26,38000.0,1242.0
2,26,39000.0,1258.0
2,26,40000.0,1276.0
2,26,41000.0,1312.0
2,26,42000.0,1348.0
2,26,43000.0,1367.0
2,26,44000.0,1405.0
2,26,45000.0,1425.0
2,26,46000.0,1446.0
2,26,47000.0,1509.0
2,26,48000.0,1530.0
2,26,49000.0,1552.0
2,26,50000.0,1645.0
2,27,1000.0,11.0
2,27,2000.0,22.0
2,27,3000.0,44.0
2,27,4000.0,56.0
2,27,5000.0,80.0
2,27,6000.0,104.0
2,27,7000.0,128.0
2,27,8000.0,152.0
2,27,9000.0,176.0
2,27,10000.0,200.0
2,27,11000.0,224.0
2,27,12000.0,248.0
2,27,13000.0,261.0
2,27,14000.0,274.0
2,27,15000.0,300.0
2,27,16000.0,313.0
2,27,17000.0,325.0
2,27,18000.0,352.0
2,27,19000.0,366.0
2,27,20000.0,380.0
2,27,21000.0,408.0
2,27,22000.0,422.0
2,27,23000.0,437.0
2,27,24000.0,467.0
2,27,25000.0,482.0
2,27,26000.0,499.0
2,27,27000.0,536.0
2,27,28000.0,591.0
2,27,29000.0,609.0
2,27,30000.0,663.0
2,27,31000.0,699.0
2,27,32000.0,717.0
2,27,33000.0,774.0
2,27,34000.0,831.0
2,27,35000.0,887.0
2,27,36000.0,946.0
2,27,37000.0,966.0
2,27,38000.0,986.0
2,27,39000.0,1028.0
2,27,40000.0,1072.0
2,27,41000.0,1117.0
2,27,42000.0,1165.0
2,27,43000.0,1214.0
2,27,44000.0,1264.0
2,27,45000.0,1318.0
2,27,46000.0,1374.0
2,27,47000.0,1430.0
2,27,48000.0,1484.0
2,27,49000.0,1565.0
2,27,50000.0,1592.0
2,28,1000.0,9.0
2,28,2000.0,27.0
2,28,3000.0,36.0
2,28,4000.0,46.0
2,28,5000.0,66.0
2,28,6000.0,76.0
2,28,7000.0,86.0
2,28,8000.0,108.0
2,28,9000.0,119.0
2,28,10000.0,130.0
2,28,11000.0,153.0
2,28,12000.0,165.0
2,28,13000.0,178.0
2,28,14000.0,204.0
2,28,15000.0,217.0
2,28,16000.0,230.0
2,28,17000.0,256.0
2,28,18000.0,269.0
2,28,19000.0,282.0
2,28,20000.0,296.0
2,28,21000.0,310.0
2,28,22000.0,324.0
2,28,23000.0,338.0
2,28,24000.0,353.0
2,28,25000.0,369.0
2,28,26000.0,385.0
2,28,27000.0,401.0
2,28,28000.0,417.0
2,28,29000.0,433.0
2,28,30000.0,449.0
2,28,31000.0,467.0
2,28,32000.0,504.0
2,28,33000.0,523.0
2,28,34000.0,542.0
2,28,35000.0,561.0
2,28,36000.0,579.0
2,28,37000.0,597.0
2,28,38000.0,615.0
2,28,39000.0,632.0
2,28,40000.0,650.0
2,28,41000.0,690.0
2,28,42000.0,750.0
2,28,43000.0,790.0
2,28,44000.0,810.0
2,28,45000.0,854.0
2,28,46000.0,922.0
2,28,47000.0,946.0
2,28,48000.0,972.0
2,28,49000.0,1023.0
2,28,50000.0,1075.0
2,29,1000.0,16.0
2,29,2000.0,25.0
2,29,3000.0,34.0
2,29,4000.0,52.0
2,29,5000.0,62.0
2,29,6000.0,73.0
2,29,7000.0,97.0
2,29,8000.0,109.0
2,29,9000.0,122.0
2,29,10000.0,152.0
2,29,11000.0,182.0
2,29,12000.0,197.0
2,29,13000.0,227.0
2,29,14000.0,257.0
2,29,15000.0,272.0
2,29,16000.0,302.0
2,29,17000.0,330.0
2,29,18000.0,344.0
2,29,19000.0,372.0
2,29,20000.0,386.0
2,29,21000.0,401.0
2,29,22000.0,416.0
2,29,23000.0,431.0
2,29,24000.0,446.0
2,29,25000.0,512.0
2,29,26000.0,580.0
2,29,27000.0,632.0
2,29,28000.0,650.0
2,29,29000.0,738.0
2,29,30000.0,774.0
2,29,31000.0,792.0
2,29,32000.0,866.0
2,29,33000.0,923.0
2,29,34000.0,944.0
2,29,35000.0,1007.0
2,29,36000.0,1028.0
2,29,37000.0,1072.0
2,29,38000.0,1094.0
2,29,39000.0,1117.0
2,29,40000.0,1167.0
2,29,41000.0,1192.0
2,29,42000.0,1218.0
2,29,43000.0,1274.0
2,29,44000.0,1330.0
2,29,45000.0,1358.0
2,29,46000.0,1414.0
2,29,47000.0,1442.0
2,29,48000.0,1470.0
2,29,49000.0,1528.0
2,29,50000.0,1559.0
2,30,1000.0,7.0
2,30,2000.0,14.0
2,30,3000.0,35.0
2,30,4000.0,42.0
2,30,5000.0,49.0
2,30,6000.0,65.0
2,30,7000.0,74.0
2,30,8000.0,83.0
2,30,9000.0,107.0
2,30,10000.0,120.0
2,30,11000.0,133.0
2,30,12000.0,160.0
2,30,13000.0,174.0
2,30,14000.0,188.0
2,30,15000.0,236.0
2,30,16000.0,284.0
2,30,17000.0,334.0
2,30,18000.0,409.0
2,30,19000.0,428.0
2,30,20000.0,447.0
2,30,21000.0,504.0
2,30,22000.0,523.0
2,30,23000.0,543.0
2,30,24000.0,597.0
2,30,25000.0,615.0
2,30,26000.0,632.0
2,30,27000.0,666.0
2,30,28000.0,700.0
2,30,29000.0,717.0
2,30,30000.0,749.0
2,30,31000.0,765.0
2,30,32000.0,781.0
2,30,33000.0,813.0
2,30,34000.0,829.0
2,30,35000.0,846.0
2,30,36000.0,875.0
2,30,37000.0,889.0
2,30,38000.0,903.0
2,30,39000.0,931.0
2,30,40000.0,958.0
2,30,41000.0,984.0
2,30,42000.0,1018.0
2,30,43000.0,1040.0
2,30,44000.0,1062.0
2,30,45000.0,1084.0
2,30,46000.0,1095.0
2,30,47000.0,1105.0
2,30,48000.0,1121.0
2,30,49000.0,1129.0
2,30,50000.0,1136.0
2,31,1000.0,5.0
2,31,2000.0,25.0
2,31,3000.0,32.0
2,31,4000.0,39.0
2,31,5000.0,53.0
2,31,6000.0,67.0
2,31,7000.0,75.0
2,31,8000.0,93.0
2,31,9000.0,102.0
2,31,10000.0,111.0
2,31,11000.0,129.0
2,31,12000.0,138.0
2,31,13000.0,147.0
2,31,14000.0,165.0
2,31,15000.0,174.0
2,31,16000.0,183.0
2,31,17000.0,201.0
2,31,18000.0,210.0
2,31,19000.0,220.0
2,31,20000.0,240.0
2,31,21000.0,250.0
2,31,22000.0,262.0
2,31,23000.0,288.0
2,31,24000.0,314.0
2,31,25000.0,342.0
2,31,26000.0,372.0
2,31,27000.0,402.0
2,31,28000.0,432.0
2,31,29000.0,464.0
2,31,30000.0,496.0
2,31,31000.0,528.0
2,31,32000.0,562.0
2,31,33000.0,580.0
2,31,34000.0,599.0
2,31,35000.0,641.0
2,31,36000.0,683.0
2,31,37000.0,704.0
2,31,38000.0,746.0
2,31,39000.0,790.0
2,31,40000.0,838.0
2,31,41000.0,888.0
2,31,42000.0,914.0
2,31,43000.0,940.0
2,31,44000.0,966.0
2,31,45000.0,992.0
2,31,46000.0,1018.0
2,31,47000.0,1070.0
2,31,48000.0,1118.0
2,31,49000.0,1143.0
2,31,50000.0,1168.0
2,32,1000.0,19.0
2,32,2000.0,59.0
2,32,3000.0,69.0
2,32,4000.0,79.0
2,32,5000.0,123.0
2,32,6000.0,134.0
2,32,7000.0,145.0
2,32,8000.0,166.0
2,32,9000.0,176.0
2,32,10000.0,185.0
2,32,11000.0,211.0
2,32,12000.0,219.0
2,32,13000.0,227.0
2,32,14000.0,243.0
2,32,15000.0,258.0
2,32,16000.0,272.0
2,32,17000.0,280.0
2,32,18000.0,296.0
2,32,19000.0,304.0
2,32,20000.0,332.0
2,32,21000.0,346.0
2,32,22000.0,360.0
2,32,23000.0,367.0
2,32,24000.0,374.0
2,32,25000.0,390.0
2,32,26000.0,398.0
2,32,27000.0,406.0
2,32,28000.0,422.0
2,32,29000.0,430.0
2,32,30000.0,437.0
2,32,31000.0,444.0
2,32,32000.0,451.0
2,32,33000.0,458.0
2,32,34000.0,465.0
2,32,35000.0,470.0
2,32,36000.0,475.0
2,32,37000.0,484.0
2,32,38000.0,488.0
2,32,39000.0,492.0
2,32,40000.0,502.0
2,32,41000.0,507.0
2,32,42000.0,513.0
2,32,43000.0,525.0
2,32,44000.0,531.0
2,32,45000.0,537.0
2,32,46000.0,549.0
2,32,47000.0,555.0
2,32,48000.0,561.0
2,32,49000.0,567.0
2,32,50000.0,573.0
2,33,1000.0,4.0
2,33,2000.0,12.0
2,33,3000.0,16.0
2,33,4000.0,20.0
2,33,5000.0,28.0
2,33,6000.0,32.0
2,33,7000.0,37.0
2,33,8000.0,47.0
2,33,9000.0,52.0
2,33,10000.0,57.0
2,33,11000.0,67.0
2,33,12000.0,72.0
2,33,13000.0,77.0
2,33,14000.0,89.0
2,33,15000.0,95.0
2,33,16000.0,101.0
2,33,17000.0,115.0
2,33,18000.0,122.0
2,33,19000.0,129.0
2,33,20000.0,143.0
2,33,21000.0,151.0
2,33,22000.0,159.0
2,33,23000.0,175.0
2,33,24000.0,191.0
2,33,25000.0,199.0
2,33,26000.0,215.0
2,33,27000.0,223.0
2,33,28000.0,233.0
2,33,29000.0,255.0
2,33,30000.0,277.0
2,33,31000.0,288.0
2,33,32000.0,310.0
2,33,33000.0,321.0
2,33,34000.0,332.0
2,33,35000.0,356.0
2,33,36000.0,369.0
2,33,37000.0,382.0
2,33,38000.0,408.0
2,33,39000.0,434.0
2,33,40000.0,458.0
2,33,41000.0,484.0
2,33,42000.0,497.0
2,33,43000.0,510.0
2,33,44000.0,535.0
2,33,45000.0,559.0
2,33,46000.0,571.0
2,33,47000.0,595.0
2,33,48000.0,607.0
2,33,49000.0,620.0
2,33,50000.0,633.0
2,34,1000.0,8.0
2,34,2000.0,17.0
2,34,3000.0,35.0
2,34,4000.0,44.0
2,34,5000.0,54.0
2,34,6000.0,73.0
2,34,7000.0,82.0
2,34,8000.0,92.0
2,34,9000.0,112.0
2,34,10000.0,122.0
2,34,11000.0,132.0
2,34,12000.0,152.0
2,34,13000.0,162.0
2,34,14000.0,172.0
2,34,15000.0,192.0
2,34,16000.0,202.0
2,34,17000.0,212.0
2,34,18000.0,232.0
2,34,19000.0,242.0
2,34,20000.0,252.0
2,34,21000.0,272.0
2,34,22000.0,282.0
2,34,23000.0,292.0
2,34,24000.0,311.0
2,34,25000.0,320.0
2,34,26000.0,329.0
2,34,27000.0,347.0
2,34,28000.0,356.0
2,34,29000.0,364.0
2,34,30000.0,380.0
2,34,31000.0,388.0
2,34,32000.0,396.0
2,34,33000.0,412.0
2,34,34000.0,420.0
2,34,35000.0,428.0
2,34,36000.0,444.0
2,34,37000.0,452.0
2,34,38000.0,460.0
2,34,39000.0,476.0
2,34,40000.0,492.0
2,34,41000.0,500.0
2,34,42000.0,508.0
2,34,43000.0,517.0
2,34,44000.0,526.0
2,34,45000.0,535.0
2,34,46000.0,544.0
2,34,47000.0,553.0
2,34,48000.0,561.0
2,34,49000.0,571.0
2,34,50000.0,581.0
2,35,1000.0,12.0
2,35,2000.0,36.0
2,35,3000.0,47.0
2,35,4000.0,58.0
2,35,5000.0,80.0
2,35,6000.0,91.0
2,35,7000.0,102.0
2,35,8000.0,124.0
2,35,9000.0,135.0
2,35,10000.0,146.0
2,35,11000.0,170.0
2,35,12000.0,195.0
2,35,13000.0,208.0
2,35,14000.0,232.0
2,35,15000.0,244.0
2,35,16000.0,256.0
2,35,17000.0,280.0
2,35,18000.0,292.0
2,35,19000.0,304.0
2,35,20000.0,330.0
2,35,21000.0,343.0
2,35,22000.0,355.0
2,35,23000.0,379.0
2,35,24000.0,415.0
2,35,25000.0,425.0
2,35,26000.0,445.0
2,35,27000.0,455.0
2,35,28000.0,464.0
2,35,29000.0,483.0
2,35,30000.0,490.0
2,35,31000.0,497.0
2,35,32000.0,511.0
2,35,33000.0,518.0
2,35,34000.0,525.0
2,35,35000.0,539.0
2,35,36000.0,553.0
2,35,37000.0,560.0
2,35,38000.0,574.0
2,35,39000.0,588.0
2,35,40000.0,595.0
2,35,41000.0,608.0
2,35,42000.0,614.0
2,35,43000.0,620.0
2,35,44000.0,632.0
2,35,45000.0,638.0
2,35,46000.0,644.0
2,35,47000.0,660.0
2,35,48000.0,668.0
2,35,49000.0,675.0
2,35,50000.0,682.0
2,36,1000.0,9.0
2,36,2000.0,19.0
2,36,3000.0,39.0
2,36,4000.0,49.0
2,36,5000.0,61.0
2,36,6000.0,85.0
2,36,7000.0,97.0
2,36,8000.0,108.0
2,36,9000.0,133.0
2,36,10000.0,146.0
2,36,11000.0,159.0
2,36,12000.0,200.0
2,36,13000.0,228.0
2,36,14000.0,242.0
2,36,15000.0,270.0
2,36,16000.0,284.0
2,36,17000.0,298.0
2,36,18000.0,328.0
2,36,19000.0,343.0
2,36,20000.0,358.0
2,36,21000.0,386.0
2,36,22000.0,400.0
2,36,23000.0,414.0
2,36,24000.0,446.0
2,36,25000.0,463.0
2,36,26000.0,481.0
2,36,27000.0,517.0
2,36,28000.0,535.0
2,36,29000.0,554.0
2,36,30000.0,593.0
2,36,31000.0,632.0
2,36,32000.0,652.0
2,36,33000.0,693.0
2,36,34000.0,735.0
2,36,35000.0,777.0
2,36,36000.0,798.0
2,36,37000.0,820.0
2,36,38000.0,843.0
2,36,39000.0,867.0
2,36,40000.0,891.0
2,36,41000.0,914.0
2,36,42000.0,936.0
2,36,43000.0,958.0
2,36,44000.0,981.0
2,36,45000.0,1030.0
2,36,46000.0,1055.0
2,36,47000.0,1079.0
2,36,48000.0,1104.0
2,36,49000.0,1129.0
2,36,50000.0,1154.0
2,37,1000.0,7.0
2,37,2000.0,21.0
2,37,3000.0,28.0
2,37,4000.0,36.0
2,37,5000.0,52.0
2,37,6000.0,60.0
2,37,7000.0,70.0
2,37,8000.0,90.0
2,37,9000.0,100.0
2,37,10000.0,110.0
2,37,11000.0,130.0
2,37,12000.0,140.0
2,37,13000.0,149.0
2,37,14000.0,167.0
2,37,15000.0,176.0
2,37,16000.0,186.0
2,37,17000.0,206.0
2,37,18000.0,216.0
2,37,19000.0,225.0
2,37,20000.0,247.0
2,37,21000.0,258.0
2,37,22000.0,269.0
2,37,23000.0,291.0
2,37,24000.0,303.0
2,37,25000.0,315.0
2,37,26000.0,339.0
2,37,27000.0,363.0
2,37,28000.0,376.0
2,37,29000.0,402.0
2,37,30000.0,415.0
2,37,31000.0,428.0
2,37,32000.0,454.0
2,37,33000.0,468.0
2,37,34000.0,483.0
2,37,35000.0,513.0
2,37,36000.0,545.0
2,37,37000.0,577.0
2,37,38000.0,609.0
2,37,39000.0,625.0
2,37,40000.0,641.0
2,37,41000.0,673.0
2,37,42000.0,690.0
2,37,43000.0,708.0
2,37,44000.0,748.0
2,37,45000.0,768.0
2,37,46000.0,789.0
2,37,47000.0,833.0
2,37,48000.0,854.0
2,37,49000.0,873.0
2,37,50000.0,893.0
2,38,1000.0,10.0
2,38,2000.0,20.0
2,38,3000.0,40.0
2,38,4000.0,50.0
2,38,5000.0,70.0
2,38,6000.0,90.0
2,38,7000.0,100.0
2,38,8000.0,110.0
2,38,9000.0,130.0
2,38,10000.0,140.0
2,38,11000.0,150.0
2,38,12000.0,170.0
2,38,13000.0,180.0
2,38,14000.0,190.0
2,38,15000.0,210.0
2,38,16000.0,220.0
2,38,17000.0,230.0
2,38,18000.0,250.0
2,38,19000.0,260.0
2,38,20000.0,270.0
2,38,21000.0,293.0
2,38,22000.0,305.0
2,38,23000.0,317.0
2,38,24000.0,341.0
2,38,25000.0,353.0
2,38,26000.0,365.0
2,38,27000.0,389.0
2,38,28000.0,402.0
2,38,29000.0,415.0
2,38,30000.0,443.0
2,38,31000.0,459.0
2,38,32000.0,475.0
2,38,33000.0,507.0
2,38,34000.0,523.0
2,38,35000.0,539.0
2,38,36000.0,572.0
2,38,37000.0,589.0
2,38,38000.0,607.0
2,38,39000.0,625.0
2,38,40000.0,642.0
2,38,41000.0,662.0
2,38,42000.0,702.0
2,38,43000.0,749.0
2,38,44000.0,773.0
2,38,45000.0,822.0
2,38,46000.0,847.0
2,38,47000.0,872.0
2,38,48000.0,921.0
2,38,49000.0,973.0
2,38,50000.0,1026.0
2,39,1000.0,7.0
2,39,2000.0,15.0
2,39,3000.0,31.0
2,39,4000.0,39.0
2,39,5000.0,47.0
2,39,6000.0,66.0
2,39,7000.0,76.0
2,39,8000.0,86.0
2,39,9000.0,106.0
2,39,10000.0,116.0
2,39,11000.0,126.0
2,39,12000.0,146.0
2,39,13000.0,156.0
2,39,14000.0,165.0
2,39,15000.0,184.0
2,39,16000.0,204.0
2,39,17000.0,214.0
2,39,18000.0,234.0
2,39,19000.0,244.0
2,39,20000.0,256.0
2,39,21000.0,281.0
2,39,22000.0,307.0
2,39,23000.0,333.0
2,39,24000.0,359.0
2,39,25000.0,385.0
2,39,26000.0,398.0
2,39,27000.0,425.0
2,39,28000.0,453.0
2,39,29000.0,467.0
2,39,30000.0,481.0
2,39,31000.0,495.0
2,39,32000.0,509.0
2,39,33000.0,523.0
2,39,34000.0,537.0
2,39,35000.0,551.0
2,39,36000.0,565.0
2,39,37000.0,578.0
2,39,38000.0,590.0
2,39,39000.0,602.0
2,39,40000.0,616.0
2,39,41000.0,630.0
2,39,42000.0,644.0
2,39,43000.0,657.0
2,39,44000.0,670.0
2,39,45000.0,683.0
2,39,46000.0,696.0
2,39,47000.0,710.0
2,39,48000.0,739.0
2,39,49000.0,753.0
2,39,50000.0,767.0
2,40,1000.0,6.0
2,40,2000.0,12.0
2,40,3000.0,36.0
2,40,4000.0,60.0
2,40,5000.0,66.0
2,40,6000.0,84.0
2,40,7000.0,108.0
2,40,8000.0,120.0
2,40,9000.0,138.0
2,40,10000.0,156.0
2,40,11000.0,168.0
2,40,12000.0,180.0
2,40,13000.0,200.0
2,40,14000.0,221.0
2,40,15000.0,236.0
2,40,16000.0,257.0
2,40,17000.0,285.0
2,40,18000.0,299.0
2,40,19000.0,324.0
2,40,20000.0,360.0
2,40,21000.0,378.0
2,40,22000.0,396.0
2,40,23000.0,414.0
2,40,24000.0,441.0
2,40,25000.0,450.0
2,40,26000.0,459.0
2,40,27000.0,468.0
2,40,28000.0,480.0
2,40,29000.0,492.0
2,40,30000.0,516.0
2,40,31000.0,528.0
2,40,32000.0,541.0
2,40,33000.0,554.0
2,40,34000.0,567.0
2,40,35000.0,579.0
2,40,36000.0,592.0
2,40,37000.0,605.0
2,40,38000.0,618.0
2,40,39000.0,644.0
2,40,40000.0,657.0
2,40,41000.0,670.0
2,40,42000.0,684.0
2,40,43000.0,698.0
2,40,44000.0,712.0
2,40,45000.0,742.0
2,40,46000.0,757.0
2,40,47000.0,772.0
2,40,48000.0,787.0
2,40,49000.0,802.0
2,40,50000.0,817.0
2,41,1000.0,8.0
2,41,2000.0,26.0
2,41,3000.0,35.0
2,41,4000.0,44.0
2,41,5000.0,62.0
2,41,6000.0,71.0
2,41,7000.0,80.0
2,41,8000.0,99.0
2,41,9000.0,120.0
2,41,10000.0,142.0
2,41,11000.0,153.0
2,41,12000.0,164.0
2,41,13000.0,174.0
2,41,14000.0,193.0
2,41,15000.0,203.0
2,41,16000.0,213.0
2,41,17000.0,243.0
2,41,18000.0,253.0
2,41,19000.0,264.0
2,41,20000.0,288.0
2,41,21000.0,300.0
2,41,22000.0,312.0
2,41,23000.0,335.0
2,41,24000.0,346.0
2,41,25000.0,357.0
2,41,26000.0,379.0
2,41,27000.0,390.0
2,41,28000.0,401.0
2,41,29000.0,426.0
2,41,30000.0,439.0
2,41,31000.0,452.0
2,41,32000.0,465.0
2,41,33000.0,479.0
2,41,34000.0,493.0
2,41,35000.0,507.0
2,41,36000.0,522.0
2,41,37000.0,538.0
2,41,38000.0,570.0
2,41,39000.0,587.0
2,41,40000.0,605.0
2,41,41000.0,623.0
2,41,42000.0,641.0
2,41,43000.0,659.0
2,41,44000.0,677.0
2,41,45000.0,695.0
2,41,46000.0,713.0
2,41,47000.0,731.0
2,41,48000.0,749.0
2,41,49000.0,767.0
2,41,50000.0,785.0
2,42,1000.0,10.0
2,42,2000.0,20.0
2,42,3000.0,40.0
2,42,4000.0,50.0
2,42,5000.0,60.0
2,42,6000.0,71.0
2,42,7000.0,82.0
2,42,8000.0,93.0
2,42,9000.0,104.0
2,42,10000.0,115.0
2,42,11000.0,126.0
2,42,12000.0,148.0
2,42,13000.0,169.0
2,42,14000.0,180.0
2,42,15000.0,204.0
2,42,16000.0,228.0
2,42,17000.0,240.0
2,42,18000.0,292.0
2,42,19000.0,318.0
2,42,20000.0,331.0
2,42,21000.0,357.0
2,42,22000.0,370.0
2,42,23000.0,384.0
2,42,24000.0,397.0
2,42,25000.0,411.0
2,42,26000.0,441.0
2,42,27000.0,471.0
2,42,28000.0,486.0
2,42,29000.0,516.0
2,42,30000.0,530.0
2,42,31000.0,545.0
2,42,32000.0,575.0
2,42,33000.0,605.0
2,42,34000.0,620.0
2,42,35000.0,650.0
2,42,36000.0,680.0
2,42,37000.0,696.0
2,42,38000.0,730.0
2,42,39000.0,764.0
2,42,40000.0,781.0
2,42,41000.0,815.0
2,42,42000.0,889.0
2,42,43000.0,908.0
2,42,44000.0,927.0
2,42,45000.0,947.0
2,42,46000.0,989.0
2,42,47000.0,1011.0
2,42,48000.0,1058.0
2,42,49000.0,1106.0
2,42,50000.0,1130.0
2,43,1000.0,10.0
2,43,2000.0,40.0
2,43,3000.0,80.0
2,43,4000.0,110.0
2,43,5000.0,130.0
2,43,6000.0,140.0
2,43,7000.0,149.0
2,43,8000.0,167.0
2,43,9000.0,185.0
2,43,10000.0,204.0
2,43,11000.0,224.0
2,43,12000.0,234.0
2,43,13000.0,244.0
2,43,14000.0,276.0
2,43,15000.0,286.0
2,43,16000.0,296.0
2,43,17000.0,317.0
2,43,18000.0,337.0
2,43,19000.0,347.0
2,43,20000.0,369.0
2,43,21000.0,381.0
2,43,22000.0,418.0
2,43,23000.0,444.0
2,43,24000.0,457.0
2,43,25000.0,496.0
2,43,26000.0,509.0
2,43,27000.0,535.0
2,43,28000.0,561.0
2,43,29000.0,587.0
2,43,30000.0,613.0
2,43,31000.0,639.0
2,43,32000.0,665.0
2,43,33000.0,677.0
2,43,34000.0,690.0
2,43,35000.0,716.0
2,43,36000.0,729.0
2,43,37000.0,743.0
2,43,38000.0,771.0
2,43,39000.0,785.0
2,43,40000.0,799.0
2,43,41000.0,827.0
2,43,42000.0,855.0
2,43,43000.0,897.0
2,43,44000.0,925.0
2,43,45000.0,954.0
2,43,46000.0,969.0
2,43,47000.0,1005.0
2,43,48000.0,1024.0
2,43,49000.0,1063.0
2,43,50000.0,1084.0
2,44,1000.0,13.0
2,44,2000.0,26.0
2,44,3000.0,53.0
2,44,4000.0,81.0
2,44,5000.0,95.0
2,44,6000.0,125.0
2,44,7000.0,140.0
2,44,8000.0,155.0
2,44,9000.0,185.0
2,44,10000.0,215.0
2,44,11000.0,230.0
2,44,12000.0,260.0
2,44,13000.0,275.0
2,44,14000.0,290.0
2,44,15000.0,320.0
2,44,16000.0,350.0
2,44,17000.0,380.0
2,44,18000.0,410.0
2,44,19000.0,440.0
2,44,20000.0,455.0
2,44,21000.0,501.0
2,44,22000.0,529.0
2,44,23000.0,556.0
2,44,24000.0,597.0
2,44,25000.0,623.0
2,44,26000.0,636.0
2,44,27000.0,660.0
2,44,28000.0,672.0
2,44,29000.0,683.0
2,44,30000.0,703.0
2,44,31000.0,713.0
2,44,32000.0,723.0
2,44,33000.0,744.0
2,44,34000.0,788.0
2,44,35000.0,799.0
2,44,36000.0,832.0
2,44,37000.0,843.0
2,44,38000.0,855.0
2,44,39000.0,891.0
2,44,40000.0,915.0
2,44,41000.0,927.0
2,44,42000.0,954.0
2,44,43000.0,983.0
2,44,44000.0,1013.0
2,44,45000.0,1043.0
2,44,46000.0,1073.0
2,44,47000.0,1103.0
2,44,48000.0,1134.0
2,44,49000.0,1150.0
2,44,50000.0,1167.0
2,45,1000.0,14.0
2,45,2000.0,23.0
2,45,3000.0,32.0
2,45,4000.0,50.0
2,45,5000.0,68.0
2,45,6000.0,86.0
2,45,7000.0,108.0
2,45,8000.0,130.0
2,45,9000.0,154.0
2,45,10000.0,178.0
2,45,11000.0,204.0
2,45,12000.0,230.0
2,45,13000.0,256.0
2,45,14000.0,282.0
2,45,15000.0,296.0
2,45,16000.0,320.0
2,45,17000.0,334.0
2,45,18000.0,348.0
2,45,19000.0,378.0
2,45,20000.0,393.0
2,45,21000.0,408.0
2,45,22000.0,438.0
2,45,23000.0,466.0
2,45,24000.0,496.0
2,45,25000.0,528.0
2,45,26000.0,545.0
2,45,27000.0,562.0
2,45,28000.0,600.0
2,45,29000.0,619.0
2,45,30000.0,637.0
2,45,31000.0,673.0
2,45,32000.0,692.0
2,45,33000.0,709.0
2,45,34000.0,747.0
2,45,35000.0,767.0
2,45,36000.0,788.0
2,45,37000.0,832.0
2,45,38000.0,876.0
2,45,39000.0,920.0
2,45,40000.0,963.0
2,45,41000.0,1006.0
2,45,42000.0,1048.0
2,45,43000.0,1090.0
2,45,44000.0,1132.0
2,45,45000.0,1174.0
2,45,46000.0,1195.0
2,45,47000.0,1216.0
2,45,48000.0,1235.0
2,45,49000.0,1273.0
2,45,50000.0,1292.0
2,46,1000.0,6.0
2,46,2000.0,12.0
2,46,3000.0,26.0
2,46,4000.0,33.0
2,46,5000.0,41.0
2,46,6000.0,59.0
2,46,7000.0,68.0
2,46,8000.0,77.0
2,46,9000.0,95.0
2,46,10000.0,104.0
2,46,11000.0,113.0
2,46,12000.0,131.0
2,46,13000.0,140.0
2,46,14000.0,151.0
2,46,15000.0,173.0
2,46,16000.0,183.0
2,46,17000.0,193.0
2,46,18000.0,213.0
2,46,19000.0,223.0
2,46,20000.0,234.0
2,46,21000.0,259.0
2,46,22000.0,272.0
2,46,23000.0,302.0
2,46,24000.0,347.0
2,46,25000.0,362.0
2,46,26000.0,377.0
2,46,27000.0,409.0
2,46,28000.0,425.0
2,46,29000.0,441.0
2,46,30000.0,473.0
2,46,31000.0,489.0
2,46,32000.0,505.0
2,46,33000.0,541.0
2,46,34000.0,560.0
2,46,35000.0,579.0
2,46,36000.0,618.0
2,46,37000.0,661.0
2,46,38000.0,682.0
2,46,39000.0,727.0
2,46,40000.0,750.0
2,46,41000.0,772.0
2,46,42000.0,816.0
2,46,43000.0,840.0
2,46,44000.0,865.0
2,46,45000.0,920.0
2,46,46000.0,948.0
2,46,47000.0,975.0
2,46,48000.0,1024.0
2,46,49000.0,1048.0
2,46,50000.0,1074.0
2,47,1000.0,26.0
2,47,2000.0,39.0
2,47,3000.0,52.0
2,47,4000.0,77.0
2,47,5000.0,90.0
2,47,6000.0,103.0
2,47,7000.0,131.0
2,47,8000.0,158.0
2,47,9000.0,171.0
2,47,10000.0,199.0
2,47,11000.0,213.0
2,47,12000.0,241.0
2,47,13000.0,271.0
2,47,14000.0,301.0
2,47,15000.0,316.0
2,47,16000.0,346.0
2,47,17000.0,376.0
2,47,18000.0,391.0
2,47,19000.0,419.0
2,47,20000.0,432.0
2,47,21000.0,444.0
2,47,22000.0,468.0
2,47,23000.0,504.0
2,47,24000.0,527.0
2,47,25000.0,549.0
2,47,26000.0,560.0
2,47,27000.0,582.0
2,47,28000.0,591.0
2,47,29000.0,600.0
2,47,30000.0,609.0
2,47,31000.0,619.0
2,47,32000.0,629.0
2,47,33000.0,639.0
2,47,34000.0,670.0
2,47,35000.0,681.0
2,47,36000.0,703.0
2,47,37000.0,714.0
2,47,38000.0,725.0
2,47,39000.0,736.0
2,47,40000.0,758.0
2,47,41000.0,769.0
2,47,42000.0,791.0
2,47,43000.0,802.0
2,47,44000.0,825.0
2,47,45000.0,837.0
2,47,46000.0,851.0
2,47,47000.0,865.0
2,47,48000.0,880.0
2,47,49000.0,895.0
2,47,50000.0,910.0
2,48,1000.0,7.0
2,48,2000.0,15.0
2,48,3000.0,31.0
2,48,4000.0,40.0
2,48,5000.0,49.0
2,48,6000.0,71.0
2,48,7000.0,83.0
2,48,8000.0,95.0
2,48,9000.0,121.0
2,48,10000.0,134.0
2,48,11000.0,148.0
2,48,12000.0,178.0
2,48,13000.0,194.0
2,48,14000.0,212.0
2,48,15000.0,250.0
2,48,16000.0,269.0
2,48,17000.0,290.0
2,48,18000.0,332.0
2,48,19000.0,353.0
2,48,20000.0,374.0
2,48,21000.0,412.0
2,48,22000.0,431.0
2,48,23000.0,450.0
2,48,24000.0,488.0
2,48,25000.0,507.0
2,48,26000.0,526.0
2,48,27000.0,560.0
2,48,28000.0,594.0
2,48,29000.0,611.0
2,48,30000.0,642.0
2,48,31000.0,672.0
2,48,32000.0,687.0
2,48,33000.0,713.0
2,48,34000.0,737.0
2,48,35000.0,761.0
2,48,36000.0,773.0
2,48,37000.0,785.0
2,48,38000.0,797.0
2,48,39000.0,809.0
2,48,40000.0,821.0
2,48,41000.0,832.0
2,48,42000.0,854.0
2,48,43000.0,865.0
2,48,44000.0,876.0
2,48,45000.0,902.0
2,48,46000.0,916.0
2,48,47000.0,930.0
2,48,48000.0,944.0
2,48,49000.0,958.0
2,48,50000.0,972.0
2,49,1000.0,10.0
2,49,2000.0,30.0
2,49,3000.0,50.0
2,49,4000.0,70.0
2,49,5000.0,90.0
2,49,6000.0,110.0
2,49,7000.0,120.0
2,49,8000.0,153.0
2,49,9000.0,164.0
2,49,10000.0,174.0
2,49,11000.0,194.0
2,49,12000.0,204.0
2,49,13000.0,214.0
2,49,14000.0,234.0
2,49,15000.0,244.0
2,49,16000.0,254.0
2,49,17000.0,274.0
2,49,18000.0,284.0
2,49,19000.0,294.0
2,49,20000.0,314.0
2,49,21000.0,324.0
2,49,22000.0,334.0
2,49,23000.0,354.0
2,49,24000.0,364.0
2,49,25000.0,376.0
2,49,26000.0,402.0
2,49,27000.0,415.0
2,49,28000.0,429.0
2,49,29000.0,460.0
2,49,30000.0,492.0
2,49,31000.0,508.0
2,49,32000.0,542.0
2,49,33000.0,559.0
2,49,34000.0,580.0
2,49,35000.0,620.0
2,49,36000.0,640.0
2,49,37000.0,660.0
2,49,38000.0,700.0
2,49,39000.0,720.0
2,49,40000.0,740.0
2,49,41000.0,760.0
2,49,42000.0,779.0
2,49,43000.0,798.0
2,49,44000.0,817.0
2,49,45000.0,835.0
2,49,46000.0,852.0
2,49,47000.0,871.0
2,49,48000.0,889.0
2,49,49000.0,910.0
2,49,50000.0,931.0
3,0,1000.0,14.0
3,0,2000.0,28.0
3,0,3000.0,35.0
3,0,4000.0,51.0
3,0,5000.0,59.0
3,0,6000.0,67.0
3,0,7000.0,85.0
3,0,8000.0,94.0
3,0,9000.0,104.0
3,0,10000.0,124.0
3,0,11000.0,134.0
3,0,12000.0,144.0
3,0,13000.0,184.0
3,0,14000.0,224.0
3,0,15000.0,234.0
3,0,16000.0,254.0
3,0,17000.0,284.0
3,0,18000.0,305.0
3,0,19000.0,340.0
3,0,20000.0,405.0
3,0,21000.0,418.0
3,0,22000.0,457.0
3,0,23000.0,496.0
3,0,24000.0,509.0
3,0,25000.0,574.0
3,0,26000.0,639.0
3,0,27000.0,691.0
3,0,28000.0,730.0
3,0,29000.0,773.0
3,0,30000.0,787.0
3,0,31000.0,817.0
3,0,32000.0,834.0
3,0,33000.0,851.0
3,0,34000.0,883.0
3,0,35000.0,915.0
3,0,36000.0,948.0
3,0,37000.0,1004.0
3,0,38000.0,1023.0
3,0,39000.0,1041.0
3,0,40000.0,1081.0
3,0,41000.0,1141.0
3,0,42000.0,1184.0
3,0,43000.0,1228.0
3,0,44000.0,1272.0
3,0,45000.0,1338.0
3,0,46000.0,1384.0
3,0,47000.0,1432.0
3,0,48000.0,1507.0
3,0,49000.0,1580.0
3,0,50000.0,1652.0
3,1,1000.0,11.0
3,1,2000.0,22.0
3,1,3000.0,45.0
3,1,4000.0,57.0
3,1,5000.0,69.0
3,1,6000.0,92.0
3,1,7000.0,103.0
3,1,8000.0,114.0
3,1,9000.0,138.0
3,1,10000.0,163.0
3,1,11000.0,177.0
3,1,12000.0,203.0
3,1,13000.0,216.0
3,1,14000.0,229.0
3,1,15000.0,268.0
3,1,16000.0,307.0
3,1,17000.0,320.0
3,1,18000.0,357.0
3,1,19000.0,391.0
3,1,20000.0,403.0
3,1,21000.0,425.0
3,1,22000.0,447.0
3,1,23000.0,458.0
3,1,24000.0,480.0
3,1,25000.0,491.0
3,1,26000.0,503.0
3,1,27000.0,526.0
3,1,28000.0,537.0
3,1,29000.0,548.0
3,1,30000.0,572.0
3,1,31000.0,584.0
3,1,32000.0,594.0
3,1,33000.0,614.0
3,1,34000.0,624.0
3,1,35000.0,634.0
3,1,36000.0,652.0
3,1,37000.0,661.0
3,1,38000.0,670.0
3,1,39000.0,686.0
3,1,40000.0,694.0
3,1,41000.0,702.0
3,1,42000.0,716.0
3,1,43000.0,723.0
3,1,44000.0,730.0
3,1,45000.0,754.0
3,1,46000.0,778.0
3,1,47000.0,786.0
3,1,48000.0,816.0
3,1,49000.0,836.0
3,1,50000.0,847.0
3,2,1000.0,8.0
3,2,2000.0,17.0
3,2,3000.0,36.0
3,2,4000.0,46.0
3,2,5000.0,56.0
3,2,6000.0,79.0
3,2,7000.0,91.0
3,2,8000.0,104.0
3,2,9000.0,129.0
3,2,10000.0,142.0
3,2,11000.0,155.0
3,2,12000.0,183.0
3,2,13000.0,212.0
3,2,14000.0,228.0
3,2,15000.0,261.0
3,2,16000.0,312.0
3,2,17000.0,365.0
3,2,18000.0,419.0
3,2,19000.0,455.0
3,2,20000.0,491.0
3,2,21000.0,545.0
3,2,22000.0,581.0
3,2,23000.0,619.0
3,2,24000.0,657.0
3,2,25000.0,676.0
3,2,26000.0,695.0
3,2,27000.0,731.0
3,2,28000.0,749.0
3,2,29000.0,768.0
3,2,30000.0,808.0
3,2,31000.0,829.0
3,2,32000.0,850.0
3,2,33000.0,891.0
3,2,34000.0,933.0
3,2,35000.0,954.0
3,2,36000.0,997.0
3,2,37000.0,1066.0
3,2,38000.0,1135.0
3,2,39000.0,1202.0
3,2,40000.0,1290.0
3,2,41000.0,1356.0
3,2,42000.0,1424.0
3,2,43000.0,1470.0
3,2,44000.0,1516.0
3,2,45000.0,1562.0
3,2,46000.0,1608.0
3,2,47000.0,1656.0
3,2,48000.0,1704.0
3,2,49000.0,1780.0
3,2,50000.0,1858.0
3,4,1000.0,9.0
3,4,2000.0,18.0
3,4,3000.0,36.0
3,4,4000.0,45.0
3,4,5000.0,65.0
3,4,6000.0,85.0
3,4,7000.0,105.0
3,4,8000.0,127.0
3,4,9000.0,153.0
3,4,10000.0,179.0
3,4,11000.0,205.0
3,4,12000.0,233.0
3,4,13000.0,261.0
3,4,14000.0,289.0
3,4,15000.0,317.0
3,4,16000.0,343.0
3,4,17000.0,373.0
3,4,18000.0,401.0
3,4,19000.0,427.0
3,4,20000.0,455.0
3,4,21000.0,481.0
3,4,22000.0,507.0
3,4,23000.0,531.0
3,4,24000.0,555.0
3,4,25000.0,581.0
3,4,26000.0,609.0
3,4,27000.0,637.0
3,4,28000.0,665.0
3,4,29000.0,695.0
3,4,30000.0,727.0
3,4,31000.0,761.0
3,4,32000.0,795.0
3,4,33000.0,829.0
3,4,34000.0,865.0
3,4,35000.0,901.0
3,4,36000.0,937.0
3,4,37000.0,975.0
3,4,38000.0,1013.0
3,4,39000.0,1051.0
3,4,40000.0,1089.0
3,4,41000.0,1125.0
3,4,42000.0,1161.0
3,4,43000.0,1195.0
3,4,44000.0,1227.0
3,4,45000.0,1257.0
3,4,46000.0,1285.0
3,4,47000.0,1313.0
3,4,48000.0,1341.0
3,4,49000.0,1371.0
3,4,50000.0,1386.0
3,5,1000.0,24.0
3,5,2000.0,37.0
3,5,3000.0,50.0
3,5,4000.0,76.0
3,5,5000.0,89.0
3,5,6000.0,103.0
3,5,7000.0,129.0
3,5,8000.0,142.0
3,5,9000.0,155.0
3,5,10000.0,183.0
3,5,11000.0,198.0
3,5,12000.0,214.0
3,5,13000.0,246.0
3,5,14000.0,280.0
3,5,15000.0,314.0
3,5,16000.0,348.0
3,5,17000.0,381.0
3,5,18000.0,413.0
3,5,19000.0,445.0
3,5,20000.0,477.0
3,5,21000.0,509.0
3,5,22000.0,541.0
3,5,23000.0,575.0
3,5,24000.0,609.0
3,5,25000.0,644.0
3,5,26000.0,663.0
3,5,27000.0,682.0
3,5,28000.0,720.0
3,5,29000.0,758.0
3,5,30000.0,777.0
3,5,31000.0,815.0
3,5,32000.0,834.0
3,5,33000.0,852.0
3,5,34000.0,887.0
3,5,35000.0,921.0
3,5,36000.0,938.0
3,5,37000.0,969.0
3,5,38000.0,1014.0
3,5,39000.0,1029.0
3,5,40000.0,1058.0
3,5,41000.0,1084.0
3,5,42000.0,1108.0
3,5,43000.0,1131.0
3,5,44000.0,1142.0
3,5,45000.0,1152.0
3,5,46000.0,1172.0
3,5,47000.0,1182.0
3,5,48000.0,1192.0
3,5,49000.0,1202.0
3,5,50000.0,1212.0
3,6,1000.0,7.0
3,6,2000.0,23.0
3,6,3000.0,31.0
3,6,4000.0,39.0
3,6,5000.0,47.0
3,6,6000.0,56.0
3,6,7000.0,65.0
3,6,8000.0,74.0
3,6,9000.0,83.0
3,6,10000.0,92.0
3,6,11000.0,101.0
3,6,12000.0,110.0
3,6,13000.0,119.0
3,6,14000.0,128.0
3,6,15000.0,137.0
3,6,16000.0,145.0
3,6,17000.0,153.0
3,6,18000.0,161.0
3,6,19000.0,169.0
3,6,20000.0,193.0
3,6,21000.0,201.0
3,6,22000.0,209.0
3,6,23000.0,224.0
3,6,24000.0,231.0
3,6,25000.0,237.0
3,6,26000.0,258.0
3,6,27000.0,265.0
3,6,28000.0,272.0
3,6,29000.0,293.0
3,6,30000.0,300.0
3,6,31000.0,306.0
3,6,32000.0,324.0
3,6,33000.0,331.0
3,6,34000.0,338.0
3,6,35000.0,352.0
3,6,36000.0,359.0
3,6,37000.0,366.0
3,6,38000.0,380.0
3,6,39000.0,387.0
3,6,40000.0,394.0
3,6,41000.0,407.0
3,6,42000.0,413.0
3,6,43000.0,419.0
3,6,44000.0,431.0
3,6,45000.0,438.0
3,6,46000.0,444.0
3,6,47000.0,456.0
3,6,48000.0,462.0
3,6,49000.0,468.0
3,6,50000.0,483.0
3,7,1000.0,5.0
3,7,2000.0,10.0
3,7,3000.0,25.0
3,7,4000.0,30.0
3,7,5000.0,35.0
3,7,6000.0,45.0
3,7,7000.0,50.0
3,7,8000.0,55.0
3,7,9000.0,65.0
3,7,10000.0,70.0
3,7,11000.0,75.0
3,7,12000.0,89.0
3,7,13000.0,96.0
3,7,14000.0,103.0
3,7,15000.0,110.0
3,7,16000.0,117.0
3,7,17000.0,124.0
3,7,18000.0,148.0
3,7,19000.0,156.0
3,7,20000.0,166.0
3,7,21000.0,196.0
3,7,22000.0,206.0
3,7,23000.0,216.0
3,7,24000.0,226.0
3,7,25000.0,236.0
3,7,26000.0,246.0
3,7,27000.0,266.0
3,7,28000.0,276.0
3,7,29000.0,286.0
3,7,30000.0,307.0
3,7,31000.0,330.0
3,7,32000.0,342.0
3,7,33000.0,366.0
3,7,34000.0,378.0
3,7,35000.0,390.0
3,7,36000.0,414.0
3,7,37000.0,427.0
3,7,38000.0,440.0
3,7,39000.0,465.0
3,7,40000.0,493.0
3,7,41000.0,532.0
3,7,42000.0,571.0
3,7,43000.0,585.0
3,7,44000.0,600.0
3,7,45000.0,634.0
3,7,46000.0,671.0
3,7,47000.0,713.0
3,7,48000.0,755.0
3,7,49000.0,799.0
3,7,50000.0,865.0
3,8,1000.0,10.0
3,8,2000.0,20.0
3,8,3000.0,42.0
3,8,4000.0,62.0
3,8,5000.0,84.0
3,8,6000.0,106.0
3,8,7000.0,128.0
3,8,8000.0,152.0
3,8,9000.0,180.0
3,8,10000.0,208.0
3,8,11000.0,236.0
3,8,12000.0,266.0
3,8,13000.0,294.0
3,8,14000.0,322.0
3,8,15000.0,348.0
3,8,16000.0,376.0
3,8,17000.0,404.0
3,8,18000.0,436.0
3,8,19000.0,468.0
3,8,20000.0,498.0
3,8,21000.0,526.0
3,8,22000.0,554.0
3,8,23000.0,584.0
3,8,24000.0,616.0
3,8,25000.0,648.0
3,8,26000.0,680.0
3,8,27000.0,712.0
3,8,28000.0,746.0
3,8,29000.0,782.0
3,8,30000.0,820.0
3,8,31000.0,858.0
3,8,32000.0,896.0
3,8,33000.0,932.0
3,8,34000.0,968.0
3,8,35000.0,1008.0
3,8,36000.0,1048.0
3,8,37000.0,1088.0
3,8,38000.0,1126.0
3,8,39000.0,1164.0
3,8,40000.0,1202.0
3,8,41000.0,1240.0
3,8,42000.0,1276.0
3,8,43000.0,1312.0
3,8,44000.0,1346.0
3,8,45000.0,1380.0
3,8,46000.0,1412.0
3,8,47000.0,1444.0
3,8,48000.0,1476.0
3,8,49000.0,1508.0
3,8,50000.0,1540.0
3,9,1000.0,8.0
3,9,2000.0,16.0
3,9,3000.0,40.0
3,9,4000.0,48.0
3,9,5000.0,64.0
3,9,6000.0,105.0
3,9,7000.0,114.0
3,9,8000.0,123.0
3,9,9000.0,177.0
3,9,10000.0,186.0
3,9,11000.0,196.0
3,9,12000.0,261.0
3,9,13000.0,273.0
3,9,14000.0,285.0
3,9,15000.0,333.0
3,9,16000.0,357.0
3,9,17000.0,370.0
3,9,18000.0,422.0
3,9,19000.0,461.0
3,9,20000.0,474.0
3,9,21000.0,539.0
3,9,22000.0,565.0
3,9,23000.0,579.0
3,9,24000.0,654.0
3,9,25000.0,669.0
3,9,26000.0,684.0
3,9,27000.0,774.0
3,9,28000.0,789.0
3,9,29000.0,819.0
3,9,30000.0,852.0
3,9,31000.0,870.0
3,9,32000.0,888.0
3,9,33000.0,923.0
3,9,34000.0,959.0
3,9,35000.0,977.0
3,9,36000.0,1011.0
3,9,37000.0,1080.0
3,9,38000.0,1136.0
3,9,39000.0,1216.0
3,9,40000.0,1299.0
3,9,41000.0,1367.0
3,9,42000.0,1436.0
3,9,43000.0,1483.0
3,9,44000.0,1533.0
3,9,45000.0,1582.0
3,9,46000.0,1630.0
3,9,47000.0,1678.0
3,9,48000.0,1726.0
3,9,49000.0,1774.0
3,9,50000.0,1822.0
3,10,1000.0,11.0
3,10,2000.0,33.0
3,10,3000.0,44.0
3,10,4000.0,55.0
3,10,5000.0,77.0
3,10,6000.0,88.0
3,10,7000.0,99.0
3,10,8000.0,121.0
3,10,9000.0,132.0
3,10,10000.0,142.0
3,10,11000.0,164.0
3,10,12000.0,176.0
3,10,13000.0,189.0
3,10,14000.0,215.0
3,10,15000.0,228.0
3,10,16000.0,241.0
3,10,17000.0,282.0
3,10,18000.0,327.0
3,10,19000.0,372.0
3,10,20000.0,420.0
3,10,21000.0,471.0
3,10,22000.0,505.0
3,10,23000.0,542.0
3,10,24000.0,599.0
3,10,25000.0,618.0
3,10,26000.0,660.0
3,10,27000.0,725.0
3,10,28000.0,791.0
3,10,29000.0,835.0
3,10,30000.0,898.0
3,10,31000.0,941.0
3,10,32000.0,1009.0
3,10,33000.0,1079.0
3,10,34000.0,1154.0
3,10,35000.0,1229.0
3,10,36000.0,1255.0
3,10,37000.0,1281.0
3,10,38000.0,1335.0
3,10,39000.0,1416.0
3,10,40000.0,1470.0
3,10,41000.0,1551.0
3,10,42000.0,1630.0
3,10,43000.0,1682.0
3,10,44000.0,1734.0
3,10,45000.0,1787.0
3,10,46000.0,1841.0
3,10,47000.0,1895.0
3,10,48000.0,1945.0
3,10,49000.0,1995.0
3,10,50000.0,2043.0
3,11,1000.0,13.0
3,11,2000.0,41.0
3,11,3000.0,70.0
3,11,4000.0,85.0
3,11,5000.0,115.0
3,11,6000.0,146.0
3,11,7000.0,162.0
3,11,8000.0,198.0
3,11,9000.0,234.0
3,11,10000.0,252.0
3,11,11000.0,288.0
3,11,12000.0,325.0
3,11,13000.0,344.0
3,11,14000.0,382.0
3,11,15000.0,439.0
3,11,16000.0,478.0
3,11,17000.0,540.0
3,11,18000.0,603.0
3,11,19000.0,666.0
3,11,20000.0,727.0
3,11,21000.0,766.0
3,11,22000.0,804.0
3,11,23000.0,841.0
3,11,24000.0,880.0
3,11,25000.0,945.0
3,11,26000.0,989.0
3,11,27000.0,1034.0
3,11,28000.0,1079.0
3,11,29000.0,1123.0
3,11,30000.0,1145.0
3,11,31000.0,1167.0
3,11,32000.0,1233.0
3,11,33000.0,1255.0
3,11,34000.0,1279.0
3,11,35000.0,1357.0
3,11,36000.0,1435.0
3,11,37000.0,1461.0
3,11,38000.0,1513.0
3,11,39000.0,1593.0
3,11,40000.0,1647.0
3,11,41000.0,1728.0
3,11,42000.0,1807.0
3,11,43000.0,1860.0
3,11,44000.0,1914.0
3,11,45000.0,1967.0
3,11,46000.0,2022.0
3,11,47000.0,2104.0
3,11,48000.0,2183.0
3,11,49000.0,2235.0
3,11,50000.0,2287.0
3,12,1000.0,7.0
3,12,2000.0,14.0
3,12,3000.0,31.0
3,12,4000.0,41.0
3,12,5000.0,61.0
3,12,6000.0,81.0
3,12,7000.0,101.0
3,12,8000.0,121.0
3,12,9000.0,141.0
3,12,10000.0,151.0
3,12,11000.0,162.0
3,12,12000.0,201.0
3,12,13000.0,243.0
3,12,14000.0,257.0
3,12,15000.0,299.0
3,12,16000.0,327.0
3,12,17000.0,341.0
3,12,18000.0,388.0
3,12,19000.0,439.0
3,12,20000.0,472.0
3,12,21000.0,520.0
3,12,22000.0,568.0
3,12,23000.0,601.0
3,12,24000.0,634.0
3,12,25000.0,653.0
3,12,26000.0,673.0
3,12,27000.0,750.0
3,12,28000.0,833.0
3,12,29000.0,896.0
3,12,30000.0,942.0
3,12,31000.0,965.0
3,12,32000.0,987.0
3,12,33000.0,1075.0
3,12,34000.0,1141.0
3,12,35000.0,1163.0
3,12,36000.0,1226.0
3,12,37000.0,1314.0
3,12,38000.0,1360.0
3,12,39000.0,1429.0
3,12,40000.0,1475.0
3,12,41000.0,1546.0
3,12,42000.0,1624.0
3,12,43000.0,1677.0
3,12,44000.0,1729.0
3,12,45000.0,1780.0
3,12,46000.0,1831.0
3,12,47000.0,1883.0
3,12,48000.0,1934.0
3,12,49000.0,1984.0
3,12,50000.0,2034.0
3,13,1000.0,5.0
3,13,2000.0,15.0
3,13,3000.0,20.0
3,13,4000.0,25.0
3,13,5000.0,37.0
3,13,6000.0,43.0
3,13,7000.0,49.0
3,13,8000.0,63.0
3,13,9000.0,77.0
3,13,10000.0,91.0
3,13,11000.0,98.0
3,13,12000.0,106.0
3,13,13000.0,114.0
3,13,14000.0,128.0
3,13,15000.0,135.0
3,13,16000.0,142.0
3,13,17000.0,156.0
3,13,18000.0,163.0
3,13,19000.0,170.0
3,13,20000.0,184.0
3,13,21000.0,191.0
3,13,22000.0,198.0
3,13,23000.0,212.0
3,13,24000.0,219.0
3,13,25000.0,226.0
3,13,26000.0,242.0
3,13,27000.0,260.0
3,13,28000.0,278.0
3,13,29000.0,296.0
3,13,30000.0,314.0
3,13,31000.0,332.0
3,13,32000.0,350.0
3,13,33000.0,359.0
3,13,34000.0,368.0
3,13,35000.0,382.0
3,13,36000.0,389.0
3,13,37000.0,396.0
3,13,38000.0,410.0
3,13,39000.0,417.0
3,13,40000.0,424.0
3,13,41000.0,438.0
3,13,42000.0,452.0
3,13,43000.0,459.0
3,13,44000.0,466.0
3,13,45000.0,472.0
3,13,46000.0,478.0
3,13,47000.0,484.0
3,13,48000.0,490.0
3,13,49000.0,496.0
3,13,50000.0,502.0
3,14,1000.0,28.0
3,14,2000.0,43.0
3,14,3000.0,59.0
3,14,4000.0,91.0
3,14,5000.0,123.0
3,14,6000.0,139.0
3,14,7000.0,171.0
3,14,8000.0,203.0
3,14,9000.0,220.0
3,14,10000.0,252.0
3,14,11000.0,284.0
3,14,12000.0,300.0
3,14,13000.0,334.0
3,14,14000.0,385.0
3,14,15000.0,419.0
3,14,16000.0,452.0
3,14,17000.0,482.0
3,14,18000.0,512.0
3,14,19000.0,542.0
3,14,20000.0,572.0
3,14,21000.0,602.0
3,14,22000.0,632.0
3,14,23000.0,662.0
3,14,24000.0,692.0
3,14,25000.0,721.0
3,14,26000.0,749.0
3,14,27000.0,761.0
3,14,28000.0,785.0
3,14,29000.0,797.0
3,14,30000.0,809.0
3,14,31000.0,830.0
3,14,32000.0,840.0
3,14,33000.0,850.0
3,14,34000.0,870.0
3,14,35000.0,888.0
3,14,36000.0,904.0
3,14,37000.0,919.0
3,14,38000.0,925.0
3,14,39000.0,931.0
3,14,40000.0,941.0
3,14,41000.0,951.0
3,14,42000.0,956.0
3,14,43000.0,961.0
3,14,44000.0,963.0
3,14,45000.0,965.0
3,14,46000.0,965.0
3,14,47000.0,965.0
3,14,48000.0,965.0
3,14,49000.0,965.0
3,14,50000.0,965.0
3,15,1000.0,19.0
3,15,2000.0,28.0
3,15,3000.0,64.0
3,15,4000.0,83.0
3,15,5000.0,93.0
3,15,6000.0,105.0
3,15,7000.0,130.0
3,15,8000.0,158.0
3,15,9000.0,172.0
3,15,10000.0,202.0
3,15,11000.0,231.0
3,15,12000.0,245.0
3,15,13000.0,273.0
3,15,14000.0,318.0
3,15,15000.0,348.0
3,15,16000.0,393.0
3,15,17000.0,441.0
3,15,18000.0,489.0
3,15,19000.0,537.0
3,15,20000.0,585.0
3,15,21000.0,636.0
3,15,22000.0,670.0
3,15,23000.0,706.0
3,15,24000.0,744.0
3,15,25000.0,783.0
3,15,26000.0,823.0
3,15,27000.0,863.0
3,15,28000.0,903.0
3,15,29000.0,945.0
3,15,30000.0,989.0
3,15,31000.0,1033.0
3,15,32000.0,1054.0
3,15,33000.0,1075.0
3,15,34000.0,1139.0
3,15,35000.0,1202.0
3,15,36000.0,1223.0
3,15,37000.0,1286.0
3,15,38000.0,1330.0
3,15,39000.0,1401.0
3,15,40000.0,1452.0
3,15,41000.0,1530.0
3,15,42000.0,1608.0
3,15,43000.0,1660.0
3,15,44000.0,1711.0
3,15,45000.0,1761.0
3,15,46000.0,1809.0
3,15,47000.0,1857.0
3,15,48000.0,1906.0
3,15,49000.0,1953.0
3,15,50000.0,1999.0
3,16,1000.0,8.0
3,16,2000.0,24.0
3,16,3000.0,31.0
3,16,4000.0,39.0
3,16,5000.0,55.0
3,16,6000.0,63.0
3,16,7000.0,72.0
3,16,8000.0,90.0
3,16,9000.0,99.0
3,16,10000.0,108.0
3,16,11000.0,135.0
3,16,12000.0,162.0
3,16,13000.0,171.0
3,16,14000.0,210.0
3,16,15000.0,220.0
3,16,16000.0,228.0
3,16,17000.0,243.0
3,16,18000.0,264.0
3,16,19000.0,271.0
3,16,20000.0,292.0
3,16,21000.0,299.0
3,16,22000.0,307.0
3,16,23000.0,323.0
3,16,24000.0,331.0
3,16,25000.0,338.0
3,16,26000.0,359.0
3,16,27000.0,366.0
3,16,28000.0,372.0
3,16,29000.0,390.0
3,16,30000.0,395.0
3,16,31000.0,399.0
3,16,32000.0,411.0
3,16,33000.0,415.0
3,16,34000.0,419.0
3,16,35000.0,428.0
3,16,36000.0,434.0
3,16,37000.0,437.0
3,16,38000.0,446.0
3,16,39000.0,448.0
3,16,40000.0,450.0
3,16,41000.0,452.0
3,16,42000.0,454.0
3,16,43000.0,456.0
3,16,44000.0,458.0
3,16,45000.0,460.0
3,16,46000.0,462.0
3,16,47000.0,462.0
3,16,48000.0,462.0
3,16,49000.0,462.0
3,16,50000.0,462.0
3,17,1000.0,13.0
3,17,2000.0,39.0
3,17,3000.0,65.0
3,17,4000.0,78.0
3,17,5000.0,103.0
3,17,6000.0,127.0
3,17,7000.0,139.0
3,17,8000.0,163.0
3,17,9000.0,186.0
3,17,10000.0,209.0
3,17,11000.0,233.0
3,17,12000.0,245.0
3,17,13000.0,257.0
3,17,14000.0,279.0
3,17,15000.0,290.0
3,17,16000.0,301.0
3,17,17000.0,321.0
3,17,18000.0,331.0
3,17,19000.0,341.0
3,17,20000.0,357.0
3,17,21000.0,364.0
3,17,22000.0,371.0
3,17,23000.0,385.0
3,17,24000.0,392.0
3,17,25000.0,399.0
3,17,26000.0,413.0
3,17,27000.0,427.0
3,17,28000.0,441.0
3,17,29000.0,455.0
3,17,30000.0,462.0
3,17,31000.0,476.0
3,17,32000.0,488.0
3,17,33000.0,494.0
3,17,34000.0,500.0
3,17,35000.0,510.0
3,17,36000.0,520.0
3,17,37000.0,525.0
3,17,38000.0,543.0
3,17,39000.0,549.0
3,17,40000.0,555.0
3,17,41000.0,569.0
3,17,42000.0,576.0
3,17,43000.0,583.0
3,17,44000.0,604.0
3,17,45000.0,611.0
3,17,46000.0,619.0
3,17,47000.0,636.0
3,17,48000.0,644.0
3,17,49000.0,652.0
3,17,50000.0,668.0
3,18,1000.0,7.0
3,18,2000.0,14.0
3,18,3000.0,30.0
3,18,4000.0,38.0
3,18,5000.0,46.0
3,18,6000.0,62.0
3,18,7000.0,70.0
3,18,8000.0,78.0
3,18,9000.0,94.0
3,18,10000.0,102.0
3,18,11000.0,111.0
3,18,12000.0,131.0
3,18,13000.0,140.0
3,18,14000.0,149.0
3,18,15000.0,167.0
3,18,16000.0,176.0
3,18,17000.0,185.0
3,18,18000.0,203.0
3,18,19000.0,212.0
3,18,20000.0,221.0
3,18,21000.0,234.0
3,18,22000.0,240.0
3,18,23000.0,246.0
3,18,24000.0,258.0
3,18,25000.0,264.0
3,18,26000.0,270.0
3,18,27000.0,282.0
3,18,28000.0,288.0
3,18,29000.0,294.0
3,18,30000.0,304.0
3,18,31000.0,314.0
3,18,32000.0,339.0
3,18,33000.0,356.0
3,18,34000.0,362.0
3,18,35000.0,380.0
3,18,36000.0,412.0
3,18,37000.0,428.0
3,18,38000.0,464.0
3,18,39000.0,500.0
3,18,40000.0,527.0
3,18,41000.0,547.0
3,18,42000.0,591.0
3,18,43000.0,636.0
3,18,44000.0,674.0
3,18,45000.0,739.0
3,18,46000.0,794.0
3,18,47000.0,864.0
3,18,48000.0,983.0
3,18,49000.0,1063.0
3,18,50000.0,1148.0
3,19,1000.0,18.0
3,19,2000.0,46.0
3,19,3000.0,86.0
3,19,4000.0,137.0
3,19,5000.0,159.0
3,19,6000.0,192.0
3,19,7000.0,247.0
3,19,8000.0,282.0
3,19,9000.0,330.0
3,19,10000.0,414.0
3,19,11000.0,476.0
3,19,12000.0,554.0
3,19,13000.0,645.0
3,19,14000.0,684.0
3,19,15000.0,726.0
3,19,16000.0,796.0
3,19,17000.0,823.0
3,19,18000.0,849.0
3,19,19000.0,942.0
3,19,20000.0,998.0
3,19,21000.0,1040.0
3,19,22000.0,1132.0
3,19,23000.0,1164.0
3,19,24000.0,1196.0
3,19,25000.0,1281.0
3,19,26000.0,1350.0
3,19,27000.0,1494.0
3,19,28000.0,1666.0
3,19,29000.0,1746.0
3,19,30000.0,1826.0
3,19,31000.0,1930.0
3,19,32000.0,2021.0
3,19,33000.0,2153.0
3,19,34000.0,2307.0
3,19,35000.0,2417.0
3,19,36000.0,2529.0
3,19,37000.0,2713.0
3,19,38000.0,2780.0
3,19,39000.0,2928.0
3,19,40000.0,2991.0
3,19,41000.0,3197.0
3,19,42000.0,3381.0
3,19,43000.0,3427.0
3,19,44000.0,3450.0
3,19,45000.0,3475.0
3,19,46000.0,3527.0
3,19,47000.0,3553.0
3,19,48000.0,3580.0
3,19,49000.0,3634.0
3,19,50000.0,3661.0
3,20,1000.0,10.0
3,20,2000.0,20.0
3,20,3000.0,42.0
3,20,4000.0,53.0
3,20,5000.0,65.0
3,20,6000.0,90.0
3,20,7000.0,103.0
3,20,8000.0,116.0
3,20,9000.0,142.0
3,20,10000.0,155.0
3,20,11000.0,168.0
3,20,12000.0,198.0
3,20,13000.0,227.0
3,20,14000.0,241.0
3,20,15000.0,269.0
3,20,16000.0,297.0
3,20,17000.0,311.0
3,20,18000.0,356.0
3,20,19000.0,386.0
3,20,20000.0,401.0
3,20,21000.0,449.0
3,20,22000.0,482.0
3,20,23000.0,516.0
3,20,24000.0,533.0
3,20,25000.0,552.0
3,20,26000.0,571.0
3,20,27000.0,611.0
3,20,28000.0,631.0
3,20,29000.0,736.0
3,20,30000.0,868.0
3,20,31000.0,936.0
3,20,32000.0,1006.0
3,20,33000.0,1102.0
3,20,34000.0,1247.0
3,20,35000.0,1343.0
3,20,36000.0,1441.0
3,20,37000.0,1566.0
3,20,38000.0,1644.0
3,20,39000.0,1725.0
3,20,40000.0,1830.0
3,20,41000.0,1938.0
3,20,42000.0,2050.0
3,20,43000.0,2106.0
3,20,44000.0,2162.0
3,20,45000.0,2218.0
3,20,46000.0,2274.0
3,20,47000.0,2329.0
3,20,48000.0,2383.0
3,20,49000.0,2438.0
3,20,50000.0,2494.0
3,21,1000.0,30.0
3,21,2000.0,60.0
3,21,3000.0,75.0
3,21,4000.0,105.0
3,21,5000.0,149.0
3,21,6000.0,191.0
3,21,7000.0,220.0
3,21,8000.0,310.0
3,21,9000.0,340.0
3,21,10000.0,400.0
3,21,11000.0,475.0
3,21,12000.0,520.0
3,21,13000.0,595.0
3,21,14000.0,640.0
3,21,15000.0,700.0
3,21,16000.0,799.0
3,21,17000.0,875.0
3,21,18000.0,1034.0
3,21,19000.0,1169.0
3,21,20000.0,1226.0
3,21,21000.0,1357.0
3,21,22000.0,1383.0
3,21,23000.0,1396.0
3,21,24000.0,1410.0
3,21,25000.0,1439.0
3,21,26000.0,1467.0
3,21,27000.0,1481.0
3,21,28000.0,1511.0
3,21,29000.0,1541.0
3,21,30000.0,1568.0
3,21,31000.0,1594.0
3,21,32000.0,1618.0
3,21,33000.0,1642.0
3,21,34000.0,1666.0
3,21,35000.0,1688.0
3,21,36000.0,1698.0
3,21,37000.0,1718.0
3,21,38000.0,1738.0
3,21,39000.0,1748.0
3,21,40000.0,1768.0
3,21,41000.0,1777.0
3,21,42000.0,1786.0
3,21,43000.0,1802.0
3,21,44000.0,1810.0
3,21,45000.0,1818.0
3,21,46000.0,1832.0
3,21,47000.0,1839.0
3,21,48000.0,1846.0
3,21,49000.0,1853.0
3,21,50000.0,1860.0
3,22,1000.0,29.0
3,22,2000.0,59.0
3,22,3000.0,74.0
3,22,4000.0,102.0
3,22,5000.0,116.0
3,22,6000.0,130.0
3,22,7000.0,160.0
3,22,8000.0,190.0
3,22,9000.0,205.0
3,22,10000.0,247.0
3,22,11000.0,287.0
3,22,12000.0,313.0
3,22,13000.0,340.0
3,22,14000.0,354.0
3,22,15000.0,368.0
3,22,16000.0,398.0
3,22,17000.0,413.0
3,22,18000.0,478.0
3,22,19000.0,543.0
3,22,20000.0,569.0
3,22,21000.0,634.0
3,22,22000.0,698.0
3,22,23000.0,763.0
3,22,24000.0,828.0
3,22,25000.0,880.0
3,22,26000.0,905.0
3,22,27000.0,970.0
3,22,28000.0,1048.0
3,22,29000.0,1097.0
3,22,30000.0,1157.0
3,22,31000.0,1217.0
3,22,32000.0,1253.0
3,22,33000.0,1282.0
3,22,34000.0,1314.0
3,22,35000.0,1330.0
3,22,36000.0,1346.0
3,22,37000.0,1382.0
3,22,38000.0,1396.0
3,22,39000.0,1410.0
3,22,40000.0,1445.0
3,22,41000.0,1452.0
3,22,42000.0,1460.0
3,22,43000.0,1484.0
3,22,44000.0,1492.0
3,22,45000.0,1502.0
3,22,46000.0,1535.0
3,22,47000.0,1546.0
3,22,48000.0,1558.0
3,22,49000.0,1596.0
3,22,50000.0,1609.0
3,23,1000.0,8.0
3,23,2000.0,16.0
3,23,3000.0,30.0
3,23,4000.0,44.0
3,23,5000.0,80.0
3,23,6000.0,89.0
3,23,7000.0,99.0
3,23,8000.0,109.0
3,23,9000.0,142.0
3,23,10000.0,153.0
3,23,11000.0,164.0
3,23,12000.0,186.0
3,23,13000.0,198.0
3,23,14000.0,209.0
3,23,15000.0,231.0
3,23,16000.0,242.0
3,23,17000.0,253.0
3,23,18000.0,289.0
3,23,19000.0,325.0
3,23,20000.0,337.0
3,23,21000.0,373.0
3,23,22000.0,397.0
3,23,23000.0,419.0
3,23,24000.0,441.0
3,23,25000.0,452.0
3,23,26000.0,463.0
3,23,27000.0,483.0
3,23,28000.0,493.0
3,23,29000.0,502.0
3,23,30000.0,519.0
3,23,31000.0,527.0
3,23,32000.0,535.0
3,23,33000.0,554.0
3,23,34000.0,564.0
3,23,35000.0,573.0
3,23,36000.0,591.0
3,23,37000.0,600.0
3,23,38000.0,607.0
3,23,39000.0,621.0
3,23,40000.0,628.0
3,23,41000.0,635.0
3,23,42000.0,651.0
3,23,43000.0,659.0
3,23,44000.0,667.0
3,23,45000.0,691.0
3,23,46000.0,707.0
3,23,47000.0,723.0
3,23,48000.0,747.0
3,23,49000.0,755.0
3,23,50000.0,763.0
3,24,1000.0,14.0
3,24,2000.0,28.0
3,24,3000.0,45.0
3,24,4000.0,73.0
3,24,5000.0,83.0
3,24,6000.0,104.0
3,24,7000.0,126.0
3,24,8000.0,159.0
3,24,9000.0,191.0
3,24,10000.0,221.0
3,24,11000.0,261.0
3,24,12000.0,281.0
3,24,13000.0,311.0
3,24,14000.0,351.0
3,24,15000.0,361.0
3,24,16000.0,391.0
3,24,17000.0,421.0
3,24,18000.0,441.0
3,24,19000.0,471.0
3,24,20000.0,531.0
3,24,21000.0,551.0
3,24,22000.0,595.0
3,24,23000.0,606.0
3,24,24000.0,617.0
3,24,25000.0,689.0
3,24,26000.0,749.0
3,24,27000.0,773.0
3,24,28000.0,823.0
3,24,29000.0,926.0
3,24,30000.0,971.0
3,24,31000.0,1031.0
3,24,32000.0,1095.0
3,24,33000.0,1143.0
3,24,34000.0,1191.0
3,24,35000.0,1255.0
3,24,36000.0,1319.0
3,24,37000.0,1370.0
3,24,38000.0,1421.0
3,24,39000.0,1437.0
3,24,40000.0,1471.0
3,24,41000.0,1488.0
3,24,42000.0,1505.0
3,24,43000.0,1539.0
3,24,44000.0,1556.0
3,24,45000.0,1574.0
3,24,46000.0,1630.0
3,24,47000.0,1690.0
3,24,48000.0,1729.0
3,24,49000.0,1786.0
3,24,50000.0,1825.0
3,25,1000.0,9.0
3,25,2000.0,18.0
3,25,3000.0,36.0
3,25,4000.0,45.0
3,25,5000.0,54.0
3,25,6000.0,72.0
3,25,7000.0,81.0
3,25,8000.0,90.0
3,25,9000.0,117.0
3,25,10000.0,136.0
3,25,11000.0,146.0
3,25,12000.0,179.0
3,25,13000.0,201.0
3,25,14000.0,212.0
3,25,15000.0,245.0
3,25,16000.0,265.0
3,25,17000.0,275.0
3,25,18000.0,296.0
3,25,19000.0,307.0
3,25,20000.0,318.0
3,25,21000.0,340.0
3,25,22000.0,351.0
3,25,23000.0,362.0
3,25,24000.0,384.0
3,25,25000.0,395.0
3,25,26000.0,406.0
3,25,27000.0,451.0
3,25,28000.0,463.0
3,25,29000.0,475.0
3,25,30000.0,524.0
3,25,31000.0,572.0
3,25,32000.0,584.0
3,25,33000.0,632.0
3,25,34000.0,644.0
3,25,35000.0,658.0
3,25,36000.0,718.0
3,25,37000.0,765.0
3,25,38000.0,815.0
3,25,39000.0,864.0
3,25,40000.0,912.0
3,25,41000.0,945.0
3,25,42000.0,979.0
3,25,43000.0,996.0
3,25,44000.0,1012.0
3,25,45000.0,1042.0
3,25,46000.0,1071.0
3,25,47000.0,1101.0
3,25,48000.0,1129.0
3,25,49000.0,1155.0
3,25,50000.0,1181.0
3,26,1000.0,3.0
3,26,2000.0,7.0
3,26,3000.0,15.0
3,26,4000.0,19.0
3,26,5000.0,23.0
3,26,6000.0,31.0
3,26,7000.0,35.0
3,26,8000.0,39.0
3,26,9000.0,47.0
3,26,10000.0,51.0
3,26,11000.0,55.0
3,26,12000.0,63.0
3,26,13000.0,67.0
3,26,14000.0,71.0
3,26,15000.0,75.0
3,26,16000.0,80.0
3,26,17000.0,85.0
3,26,18000.0,95.0
3,26,19000.0,100.0
3,26,20000.0,105.0
3,26,21000.0,115.0
3,26,22000.0,120.0
3,26,23000.0,125.0
3,26,24000.0,137.0
3,26,25000.0,143.0
3,26,26000.0,149.0
3,26,27000.0,163.0
3,26,28000.0,170.0
3,26,29000.0,177.0
3,26,30000.0,191.0
3,26,31000.0,198.0
3,26,32000.0,205.0
3,26,33000.0,226.0
3,26,34000.0,233.0
3,26,35000.0,240.0
3,26,36000.0,252.0
3,26,37000.0,257.0
3,26,38000.0,267.0
3,26,39000.0,277.0
3,26,40000.0,297.0
3,26,41000.0,302.0
3,26,42000.0,317.0
3,26,43000.0,324.0
3,26,44000.0,331.0
3,26,45000.0,352.0
3,26,46000.0,360.0
3,26,47000.0,370.0
3,26,48000.0,380.0
3,26,49000.0,391.0
3,26,50000.0,402.0
3,27,1000.0,30.0
3,27,2000.0,46.0
3,27,3000.0,62.0
3,27,4000.0,94.0
3,27,5000.0,128.0
3,27,6000.0,162.0
3,27,7000.0,196.0
3,27,8000.0,213.0
3,27,9000.0,230.0
3,27,10000.0,264.0
3,27,11000.0,298.0
3,27,12000.0,331.0
3,27,13000.0,367.0
3,27,14000.0,385.0
3,27,15000.0,402.0
3,27,16000.0,436.0
3,27,17000.0,454.0
3,27,18000.0,473.0
3,27,19000.0,511.0
3,27,20000.0,549.0
3,27,21000.0,587.0
3,27,22000.0,625.0
3,27,23000.0,663.0
3,27,24000.0,723.0
3,27,25000.0,783.0
3,27,26000.0,803.0
3,27,27000.0,822.0
3,27,28000.0,879.0
3,27,29000.0,899.0
3,27,30000.0,919.0
3,27,31000.0,960.0
3,27,32000.0,1004.0
3,27,33000.0,1046.0
3,27,34000.0,1086.0
3,27,35000.0,1126.0
3,27,36000.0,1166.0
3,27,37000.0,1206.0
3,27,38000.0,1246.0
3,27,39000.0,1287.0
3,27,40000.0,1331.0
3,27,41000.0,1375.0
3,27,42000.0,1417.0
3,27,43000.0,1461.0
3,27,44000.0,1505.0
3,27,45000.0,1551.0
3,27,46000.0,1597.0
3,27,47000.0,1643.0
3,27,48000.0,1689.0
3,27,49000.0,1711.0
3,27,50000.0,1733.0
3,28,1000.0,9.0
3,28,2000.0,27.0
3,28,3000.0,36.0
3,28,4000.0,45.0
3,28,5000.0,63.0
3,28,6000.0,81.0
3,28,7000.0,99.0
3,28,8000.0,109.0
3,28,9000.0,119.0
3,28,10000.0,129.0
3,28,11000.0,165.0
3,28,12000.0,178.0
3,28,13000.0,192.0
3,28,14000.0,220.0
3,28,15000.0,248.0
3,28,16000.0,276.0
3,28,17000.0,304.0
3,28,18000.0,334.0
3,28,19000.0,364.0
3,28,20000.0,394.0
3,28,21000.0,426.0
3,28,22000.0,458.0
3,28,23000.0,490.0
3,28,24000.0,522.0
3,28,25000.0,554.0
3,28,26000.0,586.0
3,28,27000.0,618.0
3,28,28000.0,648.0
3,28,29000.0,678.0
3,28,30000.0,708.0
3,28,31000.0,738.0
3,28,32000.0,768.0
3,28,33000.0,784.0
3,28,34000.0,800.0
3,28,35000.0,834.0
3,28,36000.0,870.0
3,28,37000.0,905.0
3,28,38000.0,941.0
3,28,39000.0,979.0
3,28,40000.0,1019.0
3,28,41000.0,1059.0
3,28,42000.0,1099.0
3,28,43000.0,1137.0
3,28,44000.0,1173.0
3,28,45000.0,1209.0
3,28,46000.0,1247.0
3,28,47000.0,1287.0
3,28,48000.0,1327.0
3,28,49000.0,1367.0
3,28,50000.0,1411.0
3,29,1000.0,19.0
3,29,2000.0,39.0
3,29,3000.0,59.0
3,29,4000.0,79.0
3,29,5000.0,90.0
3,29,6000.0,102.0
3,29,7000.0,127.0
3,29,8000.0,140.0
3,29,9000.0,153.0
3,29,10000.0,179.0
3,29,11000.0,193.0
3,29,12000.0,208.0
3,29,13000.0,238.0
3,29,14000.0,253.0
3,29,15000.0,268.0
3,29,16000.0,298.0
3,29,17000.0,314.0
3,29,18000.0,330.0
3,29,19000.0,362.0
3,29,20000.0,378.0
3,29,21000.0,429.0
3,29,22000.0,463.0
3,29,23000.0,497.0
3,29,24000.0,565.0
3,29,25000.0,582.0
3,29,26000.0,634.0
3,29,27000.0,742.0
3,29,28000.0,815.0
3,29,29000.0,834.0
3,29,30000.0,855.0
3,29,31000.0,897.0
3,29,32000.0,939.0
3,29,33000.0,981.0
3,29,34000.0,1002.0
3,29,35000.0,1042.0
3,29,36000.0,1078.0
3,29,37000.0,1097.0
3,29,38000.0,1135.0
3,29,39000.0,1155.0
3,29,40000.0,1175.0
3,29,41000.0,1217.0
3,29,42000.0,1239.0
3,29,43000.0,1261.0
3,29,44000.0,1282.0
3,29,45000.0,1302.0
3,29,46000.0,1342.0
3,29,47000.0,1364.0
3,29,48000.0,1388.0
3,29,49000.0,1436.0
3,29,50000.0,1460.0
3,30,1000.0,14.0
3,30,2000.0,21.0
3,30,3000.0,27.0
3,30,4000.0,39.0
3,30,5000.0,45.0
3,30,6000.0,51.0
3,30,7000.0,63.0
3,30,8000.0,69.0
3,30,9000.0,76.0
3,30,10000.0,91.0
3,30,11000.0,109.0
3,30,12000.0,118.0
3,30,13000.0,145.0
3,30,14000.0,154.0
3,30,15000.0,163.0
3,30,16000.0,183.0
3,30,17000.0,193.0
3,30,18000.0,203.0
3,30,19000.0,233.0
3,30,20000.0,244.0
3,30,21000.0,255.0
3,30,22000.0,277.0
3,30,23000.0,288.0
3,30,24000.0,299.0
3,30,25000.0,323.0
3,30,26000.0,347.0
3,30,27000.0,359.0
3,30,28000.0,398.0
3,30,29000.0,411.0
3,30,30000.0,425.0
3,30,31000.0,467.0
3,30,32000.0,497.0
3,30,33000.0,512.0
3,30,34000.0,546.0
3,30,35000.0,563.0
3,30,36000.0,580.0
3,30,37000.0,617.0
3,30,38000.0,636.0
3,30,39000.0,657.0
3,30,40000.0,723.0
3,30,41000.0,745.0
3,30,42000.0,789.0
3,30,43000.0,831.0
3,30,44000.0,852.0
3,30,45000.0,873.0
3,30,46000.0,916.0
3,30,47000.0,938.0
3,30,48000.0,959.0
3,30,49000.0,1003.0
3,30,50000.0,1048.0
3,31,1000.0,6.0
3,31,2000.0,12.0
3,31,3000.0,24.0
3,31,4000.0,30.0
3,31,5000.0,36.0
3,31,6000.0,48.0
3,31,7000.0,54.0
3,31,8000.0,61.0
3,31,9000.0,75.0
3,31,10000.0,82.0
3,31,11000.0,89.0
3,31,12000.0,103.0
3,31,13000.0,110.0
3,31,14000.0,116.0
3,31,15000.0,128.0
3,31,16000.0,134.0
3,31,17000.0,141.0
3,31,18000.0,157.0
3,31,19000.0,173.0
3,31,20000.0,189.0
3,31,21000.0,203.0
3,31,22000.0,217.0
3,31,23000.0,224.0
3,31,24000.0,238.0
3,31,25000.0,245.0
3,31,26000.0,252.0
3,31,27000.0,266.0
3,31,28000.0,274.0
3,31,29000.0,282.0
3,31,30000.0,298.0
3,31,31000.0,314.0
3,31,32000.0,332.0
3,31,33000.0,340.0
3,31,34000.0,349.0
3,31,35000.0,357.0
3,31,36000.0,371.0
3,31,37000.0,378.0
3,31,38000.0,385.0
3,31,39000.0,399.0
3,31,40000.0,406.0
3,31,41000.0,412.0
3,31,42000.0,424.0
3,31,43000.0,429.0
3,31,44000.0,434.0
3,31,45000.0,444.0
3,31,46000.0,449.0
3,31,47000.0,454.0
3,31,48000.0,464.0
3,31,49000.0,474.0
3,31,50000.0,479.0
3,32,1000.0,7.0
3,32,2000.0,14.0
3,32,3000.0,28.0
3,32,4000.0,35.0
3,32,5000.0,49.0
3,32,6000.0,63.0
3,32,7000.0,72.0
3,32,8000.0,81.0
3,32,9000.0,101.0
3,32,10000.0,111.0
3,32,11000.0,121.0
3,32,12000.0,141.0
3,32,13000.0,151.0
3,32,14000.0,162.0
3,32,15000.0,184.0
3,32,16000.0,196.0
3,32,17000.0,208.0
3,32,18000.0,233.0
3,32,19000.0,247.0
3,32,20000.0,261.0
3,32,21000.0,291.0
3,32,22000.0,321.0
3,32,23000.0,351.0
3,32,24000.0,366.0
3,32,25000.0,381.0
3,32,26000.0,396.0
3,32,27000.0,426.0
3,32,28000.0,456.0
3,32,29000.0,488.0
3,32,30000.0,520.0
3,32,31000.0,537.0
3,32,32000.0,555.0
3,32,33000.0,591.0
3,32,34000.0,629.0
3,32,35000.0,648.0
3,32,36000.0,686.0
3,32,37000.0,724.0
3,32,38000.0,762.0
3,32,39000.0,802.0
3,32,40000.0,842.0
3,32,41000.0,882.0
3,32,42000.0,924.0
3,32,43000.0,966.0
3,32,44000.0,1006.0
3,32,45000.0,1046.0
3,32,46000.0,1086.0
3,32,47000.0,1130.0
3,32,48000.0,1176.0
3,32,49000.0,1222.0
3,32,50000.0,1246.0
3,33,1000.0,6.0
3,33,2000.0,12.0
3,33,3000.0,24.0
3,33,4000.0,30.0
3,33,5000.0,36.0
3,33,6000.0,48.0
3,33,7000.0,54.0
3,33,8000.0,61.0
3,33,9000.0,75.0
3,33,10000.0,90.0
3,33,11000.0,98.0
3,33,12000.0,115.0
3,33,13000.0,124.0
3,33,14000.0,134.0
3,33,15000.0,154.0
3,33,16000.0,164.0
3,33,17000.0,175.0
3,33,18000.0,200.0
3,33,19000.0,213.0
3,33,20000.0,226.0
3,33,21000.0,252.0
3,33,22000.0,265.0
3,33,23000.0,279.0
3,33,24000.0,307.0
3,33,25000.0,321.0
3,33,26000.0,336.0
3,33,27000.0,386.0
3,33,28000.0,442.0
3,33,29000.0,501.0
3,33,30000.0,544.0
3,33,31000.0,566.0
3,33,32000.0,589.0
3,33,33000.0,634.0
3,33,34000.0,656.0
3,33,35000.0,679.0
3,33,36000.0,729.0
3,33,37000.0,781.0
3,33,38000.0,806.0
3,33,39000.0,832.0
3,33,40000.0,858.0
3,33,41000.0,884.0
3,33,42000.0,910.0
3,33,43000.0,936.0
3,33,44000.0,962.0
3,33,45000.0,1014.0
3,33,46000.0,1040.0
3,33,47000.0,1067.0
3,33,48000.0,1122.0
3,33,49000.0,1176.0
3,33,50000.0,1203.0
3,34,1000.0,9.0
3,34,2000.0,25.0
3,34,3000.0,33.0
3,34,4000.0,41.0
3,34,5000.0,57.0
3,34,6000.0,66.0
3,34,7000.0,76.0
3,34,8000.0,96.0
3,34,9000.0,106.0
3,34,10000.0,116.0
3,34,11000.0,136.0
3,34,12000.0,146.0
3,34,13000.0,156.0
3,34,14000.0,186.0
3,34,15000.0,196.0
3,34,16000.0,206.0
3,34,17000.0,236.0
3,34,18000.0,245.0
3,34,19000.0,255.0
3,34,20000.0,285.0
3,34,21000.0,295.0
3,34,22000.0,306.0
3,34,23000.0,328.0
3,34,24000.0,339.0
3,34,25000.0,350.0
3,34,26000.0,383.0
3,34,27000.0,414.0
3,34,28000.0,424.0
3,34,29000.0,434.0
3,34,30000.0,444.0
3,34,31000.0,454.0
3,34,32000.0,487.0
3,34,33000.0,498.0
3,34,34000.0,509.0
3,34,35000.0,535.0
3,34,36000.0,548.0
3,34,37000.0,562.0
3,34,38000.0,590.0
3,34,39000.0,604.0
3,34,40000.0,618.0
3,34,41000.0,632.0
3,34,42000.0,645.0
3,34,43000.0,658.0
3,34,44000.0,671.0
3,34,45000.0,684.0
3,34,46000.0,697.0
3,34,47000.0,709.0
3,34,48000.0,721.0
3,34,49000.0,733.0
3,34,50000.0,769.0
3,35,1000.0,12.0
3,35,2000.0,24.0
3,35,3000.0,50.0
3,35,4000.0,63.0
3,35,5000.0,76.0
3,35,6000.0,104.0
3,35,7000.0,118.0
3,35,8000.0,133.0
3,35,9000.0,181.0
3,35,10000.0,213.0
3,35,11000.0,230.0
3,35,12000.0,281.0
3,35,13000.0,332.0
3,35,14000.0,349.0
3,35,15000.0,382.0
3,35,16000.0,399.0
3,35,17000.0,416.0
3,35,18000.0,452.0
3,35,19000.0,470.0
3,35,20000.0,488.0
3,35,21000.0,524.0
3,35,22000.0,542.0
3,35,23000.0,559.0
3,35,24000.0,596.0
3,35,25000.0,616.0
3,35,26000.0,635.0
3,35,27000.0,675.0
3,35,28000.0,715.0
3,35,29000.0,736.0
3,35,30000.0,821.0
3,35,31000.0,842.0
3,35,32000.0,863.0
3,35,33000.0,884.0
3,35,34000.0,906.0
3,35,35000.0,928.0
3,35,36000.0,951.0
3,35,37000.0,975.0
3,35,38000.0,999.0
3,35,39000.0,1050.0
3,35,40000.0,1076.0
3,35,41000.0,1101.0
3,35,42000.0,1176.0
3,35,43000.0,1201.0
3,35,44000.0,1227.0
3,35,45000.0,1304.0
3,35,46000.0,1352.0
3,35,47000.0,1377.0
3,35,48000.0,1427.0
3,35,49000.0,1451.0
3,35,50000.0,1473.0
3,36,1000.0,8.0
3,36,2000.0,16.0
3,36,3000.0,32.0
3,36,4000.0,40.0
3,36,5000.0,48.0
3,36,6000.0,64.0
3,36,7000.0,72.0
3,36,8000.0,80.0
3,36,9000.0,96.0
3,36,10000.0,103.0
3,36,11000.0,110.0
3,36,12000.0,124.0
3,36,13000.0,130.0
3,36,14000.0,136.0
3,36,15000.0,148.0
3,36,16000.0,154.0
3,36,17000.0,160.0
3,36,18000.0,170.0
3,36,19000.0,175.0
3,36,20000.0,180.0
3,36,21000.0,185.0
3,36,22000.0,190.0
3,36,23000.0,194.0
3,36,24000.0,204.0
3,36,25000.0,209.0
3,36,26000.0,214.0
3,36,27000.0,224.0
3,36,28000.0,229.0
3,36,29000.0,234.0
3,36,30000.0,244.0
3,36,31000.0,248.0
3,36,32000.0,252.0
3,36,33000.0,260.0
3,36,34000.0,264.0
3,36,35000.0,267.0
3,36,36000.0,273.0
3,36,37000.0,275.0
3,36,38000.0,277.0
3,36,39000.0,281.0
3,36,40000.0,283.0
3,36,41000.0,285.0
3,36,42000.0,289.0
3,36,43000.0,291.0
3,36,44000.0,293.0
3,36,45000.0,295.0
3,36,46000.0,297.0
3,36,47000.0,300.0
3,36,48000.0,303.0
3,36,49000.0,306.0
3,36,50000.0,310.0
3,37,1000.0,5.0
3,37,2000.0,10.0
3,37,3000.0,25.0
3,37,4000.0,35.0
3,37,5000.0,50.0
3,37,6000.0,56.0
3,37,7000.0,74.0
3,37,8000.0,80.0
3,37,9000.0,104.0
3,37,10000.0,110.0
3,37,11000.0,116.0
3,37,12000.0,135.0
3,37,13000.0,142.0
3,37,14000.0,158.0
3,37,15000.0,182.0
3,37,16000.0,190.0
3,37,17000.0,198.0
3,37,18000.0,214.0
3,37,19000.0,222.0
3,37,20000.0,231.0
3,37,21000.0,247.0
3,37,22000.0,255.0
3,37,23000.0,263.0
3,37,24000.0,279.0
3,37,25000.0,287.0
3,37,26000.0,295.0
3,37,27000.0,311.0
3,37,28000.0,319.0
3,37,29000.0,328.0
3,37,30000.0,346.0
3,37,31000.0,370.0
3,37,32000.0,378.0
3,37,33000.0,386.0
3,37,34000.0,394.0
3,37,35000.0,402.0
3,37,36000.0,409.0
3,37,37000.0,416.0
3,37,38000.0,423.0
3,37,39000.0,437.0
3,37,40000.0,444.0
3,37,41000.0,452.0
3,37,42000.0,460.0
3,37,43000.0,469.0
3,37,44000.0,478.0
3,37,45000.0,498.0
3,37,46000.0,509.0
3,37,47000.0,521.0
3,37,48000.0,533.0
3,37,49000.0,545.0
3,37,50000.0,557.0
3,38,1000.0,7.0
3,38,2000.0,21.0
3,38,3000.0,28.0
3,38,4000.0,35.0
3,38,5000.0,59.0
3,38,6000.0,68.0
3,38,7000.0,77.0
3,38,8000.0,96.0
3,38,9000.0,106.0
3,38,10000.0,116.0
3,38,11000.0,138.0
3,38,12000.0,149.0
3,38,13000.0,160.0
3,38,14000.0,192.0
3,38,15000.0,205.0
3,38,16000.0,218.0
3,38,17000.0,270.0
3,38,18000.0,283.0
3,38,19000.0,296.0
3,38,20000.0,348.0
3,38,21000.0,387.0
3,38,22000.0,399.0
3,38,23000.0,423.0
3,38,24000.0,447.0
3,38,25000.0,483.0
3,38,26000.0,509.0
3,38,27000.0,522.0
3,38,28000.0,536.0
3,38,29000.0,565.0
3,38,30000.0,595.0
3,38,31000.0,625.0
3,38,32000.0,654.0
3,38,33000.0,682.0
3,38,34000.0,708.0
3,38,35000.0,721.0
3,38,36000.0,733.0
3,38,37000.0,744.0
3,38,38000.0,766.0
3,38,39000.0,776.0
3,38,40000.0,786.0
3,38,41000.0,806.0
3,38,42000.0,816.0
3,38,43000.0,823.0
3,38,44000.0,829.0
3,38,45000.0,835.0
3,38,46000.0,841.0
3,38,47000.0,846.0
3,38,48000.0,850.0
3,38,49000.0,853.0
3,38,50000.0,859.0
3,39,1000.0,22.0
3,39,2000.0,33.0
3,39,3000.0,44.0
3,39,4000.0,68.0
3,39,5000.0,80.0
3,39,6000.0,91.0
3,39,7000.0,111.0
3,39,8000.0,122.0
3,39,9000.0,133.0
3,39,10000.0,165.0
3,39,11000.0,198.0
3,39,12000.0,222.0
3,39,13000.0,258.0
3,39,14000.0,282.0
3,39,15000.0,295.0
3,39,16000.0,321.0
3,39,17000.0,334.0
3,39,18000.0,347.0
3,39,19000.0,394.0
3,39,20000.0,411.0
3,39,21000.0,429.0
3,39,22000.0,465.0
3,39,23000.0,483.0
3,39,24000.0,501.0
3,39,25000.0,537.0
3,39,26000.0,555.0
3,39,27000.0,573.0
3,39,28000.0,611.0
3,39,29000.0,649.0
3,39,30000.0,687.0
3,39,31000.0,705.0
3,39,32000.0,724.0
3,39,33000.0,744.0
3,39,34000.0,784.0
3,39,35000.0,804.0
3,39,36000.0,825.0
3,39,37000.0,867.0
3,39,38000.0,888.0
3,39,39000.0,909.0
3,39,40000.0,951.0
3,39,41000.0,972.0
3,39,42000.0,992.0
3,39,43000.0,1030.0
3,39,44000.0,1049.0
3,39,45000.0,1068.0
3,39,46000.0,1102.0
3,39,47000.0,1119.0
3,39,48000.0,1135.0
3,39,49000.0,1185.0
3,39,50000.0,1219.0
3,40,1000.0,15.0
3,40,2000.0,45.0
3,40,3000.0,105.0
3,40,4000.0,121.0
3,40,5000.0,153.0
3,40,6000.0,201.0
3,40,7000.0,217.0
3,40,8000.0,251.0
3,40,9000.0,286.0
3,40,10000.0,303.0
3,40,11000.0,361.0
3,40,12000.0,381.0
3,40,13000.0,401.0
3,40,14000.0,420.0
3,40,15000.0,439.0
3,40,16000.0,458.0
3,40,17000.0,497.0
3,40,18000.0,535.0
3,40,19000.0,555.0
3,40,20000.0,574.0
3,40,21000.0,592.0
3,40,22000.0,629.0
3,40,23000.0,648.0
3,40,24000.0,668.0
3,40,25000.0,689.0
3,40,26000.0,709.0
3,40,27000.0,729.0
3,40,28000.0,749.0
3,40,29000.0,770.0
3,40,30000.0,791.0
3,40,31000.0,836.0
3,40,32000.0,858.0
3,40,33000.0,879.0
3,40,34000.0,901.0
3,40,35000.0,923.0
3,40,36000.0,945.0
3,40,37000.0,968.0
3,40,38000.0,990.0
3,40,39000.0,1012.0
3,40,40000.0,1034.0
3,40,41000.0,1056.0
3,40,42000.0,1080.0
3,40,43000.0,1104.0
3,40,44000.0,1153.0
3,40,45000.0,1179.0
3,40,46000.0,1227.0
3,40,47000.0,1250.0
3,40,48000.0,1291.0
3,40,49000.0,1312.0
3,40,50000.0,1333.0
3,41,1000.0,11.0
3,41,2000.0,33.0
3,41,3000.0,45.0
3,41,4000.0,58.0
3,41,5000.0,97.0
3,41,6000.0,112.0
3,41,7000.0,127.0
3,41,8000.0,157.0
3,41,9000.0,187.0
3,41,10000.0,202.0
3,41,11000.0,232.0
3,41,12000.0,247.0
3,41,13000.0,261.0
3,41,14000.0,289.0
3,41,15000.0,303.0
3,41,16000.0,317.0
3,41,17000.0,347.0
3,41,18000.0,362.0
3,41,19000.0,377.0
3,41,20000.0,407.0
3,41,21000.0,422.0
3,41,22000.0,437.0
3,41,23000.0,468.0
3,41,24000.0,484.0
3,41,25000.0,500.0
3,41,26000.0,532.0
3,41,27000.0,548.0
3,41,28000.0,564.0
3,41,29000.0,596.0
3,41,30000.0,612.0
3,41,31000.0,627.0
3,41,32000.0,657.0
3,41,33000.0,673.0
3,41,34000.0,688.0
3,41,35000.0,720.0
3,41,36000.0,736.0
3,41,37000.0,752.0
3,41,38000.0,786.0
3,41,39000.0,819.0
3,41,40000.0,834.0
3,41,41000.0,864.0
3,41,42000.0,879.0
3,41,43000.0,895.0
3,41,44000.0,941.0
3,41,45000.0,956.0
3,41,46000.0,971.0
3,41,47000.0,999.0
3,41,48000.0,1012.0
3,41,49000.0,1041.0
3,41,50000.0,1069.0
3,42,1000.0,15.0
3,42,2000.0,47.0
3,42,3000.0,111.0
3,42,4000.0,159.0
3,42,5000.0,175.0
3,42,6000.0,239.0
3,42,7000.0,271.0
3,42,8000.0,287.0
3,42,9000.0,338.0
3,42,10000.0,372.0
3,42,11000.0,389.0
3,42,12000.0,423.0
3,42,13000.0,460.0
3,42,14000.0,523.0
3,42,15000.0,544.0
3,42,16000.0,565.0
3,42,17000.0,607.0
3,42,18000.0,649.0
3,42,19000.0,689.0
3,42,20000.0,729.0
3,42,21000.0,767.0
3,42,22000.0,805.0
3,42,23000.0,843.0
3,42,24000.0,881.0
3,42,25000.0,921.0
3,42,26000.0,961.0
3,42,27000.0,981.0
3,42,28000.0,1001.0
3,42,29000.0,1041.0
3,42,30000.0,1062.0
3,42,31000.0,1082.0
3,42,32000.0,1102.0
3,42,33000.0,1118.0
3,42,34000.0,1135.0
3,42,35000.0,1166.0
3,42,36000.0,1180.0
3,42,37000.0,1194.0
3,42,38000.0,1241.0
3,42,39000.0,1257.0
3,42,40000.0,1287.0
3,42,41000.0,1317.0
3,42,42000.0,1347.0
3,42,43000.0,1373.0
3,42,44000.0,1398.0
3,42,45000.0,1410.0
3,42,46000.0,1433.0
3,42,47000.0,1455.0
3,42,48000.0,1466.0
3,42,49000.0,1486.0
3,42,50000.0,1505.0
3,43,1000.0,12.0
3,43,2000.0,25.0
3,43,3000.0,53.0
3,43,4000.0,67.0
3,43,5000.0,97.0
3,43,6000.0,112.0
3,43,7000.0,127.0
3,43,8000.0,142.0
3,43,9000.0,157.0
3,43,10000.0,172.0
3,43,11000.0,187.0
3,43,12000.0,202.0
3,43,13000.0,217.0
3,43,14000.0,234.0
3,43,15000.0,270.0
3,43,16000.0,288.0
3,43,17000.0,305.0
3,43,18000.0,339.0
3,43,19000.0,356.0
3,43,20000.0,373.0
3,43,21000.0,407.0
3,43,22000.0,424.0
3,43,23000.0,441.0
3,43,24000.0,475.0
3,43,25000.0,491.0
3,43,26000.0,505.0
3,43,27000.0,521.0
3,43,28000.0,537.0
3,43,29000.0,553.0
3,43,30000.0,569.0
3,43,31000.0,585.0
3,43,32000.0,602.0
3,43,33000.0,619.0
3,43,34000.0,639.0
3,43,35000.0,658.0
3,43,36000.0,677.0
3,43,37000.0,715.0
3,43,38000.0,733.0
3,43,39000.0,768.0
3,43,40000.0,786.0
3,43,41000.0,804.0
3,43,42000.0,840.0
3,43,43000.0,858.0
3,43,44000.0,877.0
3,43,45000.0,897.0
3,43,46000.0,917.0
3,43,47000.0,937.0
3,43,48000.0,957.0
3,43,49000.0,977.0
3,43,50000.0,998.0
3,44,1000.0,3.0
3,44,2000.0,4.0
3,44,3000.0,5.0
3,44,4000.0,6.0
3,44,5000.0,7.0
3,44,6000.0,8.0
3,44,7000.0,9.0
3,44,8000.0,10.0
3,44,9000.0,11.0
3,44,10000.0,12.0
3,44,11000.0,13.0
3,44,12000.0,17.0
3,44,13000.0,20.0
3,44,14000.0,23.0
3,44,15000.0,32.0
3,44,16000.0,35.0
3,44,17000.0,43.0
3,44,18000.0,51.0
3,44,19000.0,55.0
3,44,20000.0,63.0
3,44,21000.0,71.0
3,44,22000.0,79.0
3,44,23000.0,91.0
3,44,24000.0,116.0
3,44,25000.0,121.0
3,44,26000.0,126.0
3,44,27000.0,151.0
3,44,28000.0,156.0
3,44,29000.0,161.0
3,44,30000.0,173.0
3,44,31000.0,177.0
3,44,32000.0,181.0
3,44,33000.0,189.0
3,44,34000.0,193.0
3,44,35000.0,197.0
3,44,36000.0,205.0
3,44,37000.0,209.0
3,44,38000.0,212.0
3,44,39000.0,218.0
3,44,40000.0,221.0
3,44,41000.0,225.0
3,44,42000.0,233.0
3,44,43000.0,241.0
3,44,44000.0,245.0
3,44,45000.0,249.0
3,44,46000.0,253.0
3,44,47000.0,257.0
3,44,48000.0,262.0
3,44,49000.0,272.0
3,44,50000.0,277.0
3,45,1000.0,15.0
3,45,2000.0,29.0
3,45,3000.0,58.0
3,45,4000.0,72.0
3,45,5000.0,100.0
3,45,6000.0,128.0
3,45,7000.0,142.0
3,45,8000.0,158.0
3,45,9000.0,174.0
3,45,10000.0,190.0
3,45,11000.0,205.0
3,45,12000.0,220.0
3,45,13000.0,236.0
3,45,14000.0,251.0
3,45,15000.0,266.0
3,45,16000.0,281.0
3,45,17000.0,296.0
3,45,18000.0,311.0
3,45,19000.0,326.0
3,45,20000.0,342.0
3,45,21000.0,357.0
3,45,22000.0,372.0
3,45,23000.0,387.0
3,45,24000.0,402.0
3,45,25000.0,417.0
3,45,26000.0,431.0
3,45,27000.0,448.0
3,45,28000.0,464.0
3,45,29000.0,479.0
3,45,30000.0,494.0
3,45,31000.0,509.0
3,45,32000.0,523.0
3,45,33000.0,549.0
3,45,34000.0,562.0
3,45,35000.0,574.0
3,45,36000.0,598.0
3,45,37000.0,610.0
3,45,38000.0,621.0
3,45,39000.0,642.0
3,45,40000.0,652.0
3,45,41000.0,662.0
3,45,42000.0,682.0
3,45,43000.0,692.0
3,45,44000.0,700.0
3,45,45000.0,714.0
3,45,46000.0,722.0
3,45,47000.0,730.0
3,45,48000.0,737.0
3,45,49000.0,744.0
3,45,50000.0,752.0
3,46,1000.0,11.0
3,46,2000.0,22.0
3,46,3000.0,44.0
3,46,4000.0,55.0
3,46,5000.0,66.0
3,46,6000.0,77.0
3,46,7000.0,88.0
3,46,8000.0,99.0
3,46,9000.0,110.0
3,46,10000.0,121.0
3,46,11000.0,133.0
3,46,12000.0,145.0
3,46,13000.0,158.0
3,46,14000.0,172.0
3,46,15000.0,186.0
3,46,16000.0,200.0
3,46,17000.0,215.0
3,46,18000.0,246.0
3,46,19000.0,278.0
3,46,20000.0,294.0
3,46,21000.0,330.0
3,46,22000.0,366.0
3,46,23000.0,404.0
3,46,24000.0,424.0
3,46,25000.0,445.0
3,46,26000.0,466.0
3,46,27000.0,529.0
3,46,28000.0,550.0
3,46,29000.0,573.0
3,46,30000.0,645.0
3,46,31000.0,669.0
3,46,32000.0,693.0
3,46,33000.0,764.0
3,46,34000.0,789.0
3,46,35000.0,815.0
3,46,36000.0,841.0
3,46,37000.0,867.0
3,46,38000.0,893.0
3,46,39000.0,919.0
3,46,40000.0,946.0
3,46,41000.0,973.0
3,46,42000.0,1026.0
3,46,43000.0,1080.0
3,46,44000.0,1107.0
3,46,45000.0,1159.0
3,46,46000.0,1209.0
3,46,47000.0,1236.0
3,46,48000.0,1263.0
3,46,49000.0,1290.0
3,46,50000.0,1316.0
3,47,1000.0,14.0
3,47,2000.0,21.0
3,47,3000.0,28.0
3,47,4000.0,46.0
3,47,5000.0,55.0
3,47,6000.0,64.0
3,47,7000.0,82.0
3,47,8000.0,91.0
3,47,9000.0,100.0
3,47,10000.0,129.0
3,47,11000.0,139.0
3,47,12000.0,149.0
3,47,13000.0,170.0
3,47,14000.0,192.0
3,47,15000.0,215.0
3,47,16000.0,227.0
3,47,17000.0,239.0
3,47,18000.0,251.0
3,47,19000.0,275.0
3,47,20000.0,303.0
3,47,21000.0,317.0
3,47,22000.0,345.0
3,47,23000.0,373.0
3,47,24000.0,402.0
3,47,25000.0,416.0
3,47,26000.0,444.0
3,47,27000.0,472.0
3,47,28000.0,500.0
3,47,29000.0,528.0
3,47,30000.0,557.0
3,47,31000.0,602.0
3,47,32000.0,617.0
3,47,33000.0,633.0
3,47,34000.0,667.0
3,47,35000.0,685.0
3,47,36000.0,703.0
3,47,37000.0,742.0
3,47,38000.0,762.0
3,47,39000.0,784.0
3,47,40000.0,828.0
3,47,41000.0,850.0
3,47,42000.0,872.0
3,47,43000.0,917.0
3,47,44000.0,939.0
3,47,45000.0,962.0
3,47,46000.0,985.0
3,47,47000.0,1008.0
3,47,48000.0,1034.0
3,47,49000.0,1088.0
3,47,50000.0,1142.0
3,48,1000.0,9.0
3,48,2000.0,19.0
3,48,3000.0,39.0
3,48,4000.0,61.0
3,48,5000.0,83.0
3,48,6000.0,104.0
3,48,7000.0,114.0
3,48,8000.0,124.0
3,48,9000.0,144.0
3,48,10000.0,174.0
3,48,11000.0,194.0
3,48,12000.0,227.0
3,48,13000.0,249.0
3,48,14000.0,271.0
3,48,15000.0,293.0
3,48,16000.0,304.0
3,48,17000.0,315.0
3,48,18000.0,326.0
3,48,19000.0,339.0
3,48,20000.0,352.0
3,48,21000.0,365.0
3,48,22000.0,378.0
3,48,23000.0,392.0
3,48,24000.0,406.0
3,48,25000.0,421.0
3,48,26000.0,438.0
3,48,27000.0,455.0
3,48,28000.0,472.0
3,48,29000.0,491.0
3,48,30000.0,510.0
3,48,31000.0,529.0
3,48,32000.0,549.0
3,48,33000.0,589.0
3,48,34000.0,611.0
3,48,35000.0,634.0
3,48,36000.0,678.0
3,48,37000.0,700.0
3,48,38000.0,721.0
3,48,39000.0,763.0
3,48,40000.0,785.0
3,48,41000.0,808.0
3,48,42000.0,831.0
3,48,43000.0,853.0
3,48,44000.0,877.0
3,48,45000.0,899.0
3,48,46000.0,921.0
3,48,47000.0,943.0
3,48,48000.0,966.0
3,48,49000.0,989.0
3,48,50000.0,1013.0
3,49,1000.0,18.0
3,49,2000.0,27.0
3,49,3000.0,46.0
3,49,4000.0,66.0
3,49,5000.0,76.0
3,49,6000.0,86.0
3,49,7000.0,106.0
3,49,8000.0,116.0
3,49,9000.0,127.0
3,49,10000.0,151.0
3,49,11000.0,163.0
3,49,12000.0,176.0
3,49,13000.0,212.0
3,49,14000.0,224.0
3,49,15000.0,236.0
3,49,16000.0,260.0
3,49,17000.0,272.0
3,49,18000.0,284.0
3,49,19000.0,326.0
3,49,20000.0,356.0
3,49,21000.0,371.0
3,49,22000.0,402.0
3,49,23000.0,434.0
3,49,24000.0,450.0
3,49,25000.0,480.0
3,49,26000.0,495.0
3,49,27000.0,511.0
3,49,28000.0,527.0
3,49,29000.0,543.0
3,49,30000.0,559.0
3,49,31000.0,574.0
3,49,32000.0,604.0
3,49,33000.0,619.0
3,49,34000.0,646.0
3,49,35000.0,659.0
3,49,36000.0,672.0
3,49,37000.0,698.0
3,49,38000.0,723.0
3,49,39000.0,733.0
3,49,40000.0,753.0
3,49,41000.0,773.0
3,49,42000.0,783.0
3,49,43000.0,793.0
3,49,44000.0,803.0
3,49,45000.0,812.0
3,49,46000.0,821.0
3,49,47000.0,830.0
3,49,48000.0,837.0
3,49,49000.0,844.0
3,49,50000.0,851.0
4,0,1000.0,35.0
4,0,2000.0,62.0
4,0,3000.0,71.0
4,0,4000.0,89.0
4,0,5000.0,98.0
4,0,6000.0,107.0
4,0,7000.0,125.0
4,0,8000.0,134.0
4,0,9000.0,143.0
4,0,10000.0,161.0
4,0,11000.0,171.0
4,0,12000.0,181.0
4,0,13000.0,201.0
4,0,14000.0,211.0
4,0,15000.0,222.0
4,0,16000.0,244.0
4,0,17000.0,255.0
4,0,18000.0,269.0
4,0,19000.0,297.0
4,0,20000.0,326.0
4,0,21000.0,342.0
4,0,22000.0,376.0
4,0,23000.0,410.0
4,0,24000.0,427.0
4,0,25000.0,461.0
4,0,26000.0,494.0
4,0,27000.0,511.0
4,0,28000.0,546.0
4,0,29000.0,582.0
4,0,30000.0,600.0
4,0,31000.0,618.0
4,0,32000.0,637.0
4,0,33000.0,659.0
4,0,34000.0,705.0
4,0,35000.0,728.0
4,0,36000.0,751.0
4,0,37000.0,797.0
4,0,38000.0,820.0
4,0,39000.0,844.0
4,0,40000.0,891.0
4,0,41000.0,917.0
4,0,42000.0,944.0
4,0,43000.0,1002.0
4,0,44000.0,1031.0
4,0,45000.0,1060.0
4,0,46000.0,1118.0
4,0,47000.0,1148.0
4,0,48000.0,1178.0
4,0,49000.0,1238.0
4,0,50000.0,1300.0
4,1,1000.0,7.0
4,1,2000.0,14.0
4,1,3000.0,28.0
4,1,4000.0,35.0
4,1,5000.0,42.0
4,1,6000.0,56.0
4,1,7000.0,68.0
4,1,8000.0,74.0
4,1,9000.0,84.0
4,1,10000.0,88.0
4,1,11000.0,92.0
4,1,12000.0,100.0
4,1,13000.0,104.0
4,1,14000.0,107.0
4,1,15000.0,113.0
4,1,16000.0,116.0
4,1,17000.0,119.0
4,1,18000.0,125.0
4,1,19000.0,128.0
4,1,20000.0,131.0
4,1,21000.0,137.0
4,1,22000.0,140.0
4,1,23000.0,143.0
4,1,24000.0,146.0
4,1,25000.0,148.0
4,1,26000.0,150.0
4,1,27000.0,154.0
4,1,28000.0,156.0
4,1,29000.0,157.0
4,1,30000.0,159.0
4,1,31000.0,160.0
4,1,32000.0,163.0
4,1,33000.0,169.0
4,1,34000.0,172.0
4,1,35000.0,175.0
4,1,36000.0,181.0
4,1,37000.0,184.0
4,1,38000.0,187.0
4,1,39000.0,193.0
4,1,40000.0,196.0
4,1,41000.0,199.0
4,1,42000.0,205.0
4,1,43000.0,208.0
4,1,44000.0,211.0
4,1,45000.0,217.0
4,1,46000.0,220.0
4,1,47000.0,223.0
4,1,48000.0,231.0
4,1,49000.0,235.0
4,1,50000.0,239.0
4,2,1000.0,14.0
4,2,2000.0,21.0
4,2,3000.0,29.0
4,2,4000.0,45.0
4,2,5000.0,53.0
4,2,6000.0,61.0
4,2,7000.0,69.0
4,2,8000.0,77.0
4,2,9000.0,85.0
4,2,10000.0,93.0
4,2,11000.0,101.0
4,2,12000.0,109.0
4,2,13000.0,125.0
4,2,14000.0,133.0
4,2,15000.0,141.0
4,2,16000.0,157.0
4,2,17000.0,165.0
4,2,18000.0,174.0
4,2,19000.0,201.0
4,2,20000.0,212.0
4,2,21000.0,223.0
4,2,22000.0,234.0
4,2,23000.0,245.0
4,2,24000.0,269.0
4,2,25000.0,355.0
4,2,26000.0,394.0
4,2,27000.0,433.0
4,2,28000.0,498.0
4,2,29000.0,537.0
4,2,30000.0,589.0
4,2,31000.0,654.0
4,2,32000.0,706.0
4,2,33000.0,758.0
4,2,34000.0,836.0
4,2,35000.0,876.0
4,2,36000.0,933.0
4,2,37000.0,965.0
4,2,38000.0,1013.0
4,2,39000.0,1045.0
4,2,40000.0,1142.0
4,2,41000.0,1215.0
4,2,42000.0,1291.0
4,2,43000.0,1386.0
4,2,44000.0,1443.0
4,2,45000.0,1503.0
4,2,46000.0,1543.0
4,2,47000.0,1600.0
4,2,48000.0,1663.0
4,2,49000.0,1705.0
4,2,50000.0,1749.0
4,4,1000.0,5.0
4,4,2000.0,15.0
4,4,3000.0,20.0
4,4,4000.0,25.0
4,4,5000.0,40.0
4,4,6000.0,45.0
4,4,7000.0,50.0
4,4,8000.0,60.0
4,4,9000.0,65.0
4,4,10000.0,70.0
4,4,11000.0,80.0
4,4,12000.0,85.0
4,4,13000.0,90.0
4,4,14000.0,100.0
4,4,15000.0,105.0
4,4,16000.0,110.0
4,4,17000.0,120.0
4,4,18000.0,125.0
4,4,19000.0,129.0
4,4,20000.0,137.0
4,4,21000.0,141.0
4,4,22000.0,145.0
4,4,23000.0,153.0
4,4,24000.0,157.0
4,4,25000.0,161.0
4,4,26000.0,169.0
4,4,27000.0,173.0
4,4,28000.0,176.0
4,4,29000.0,182.0
4,4,30000.0,185.0
4,4,31000.0,188.0
4,4,32000.0,194.0
4,4,33000.0,197.0
4,4,34000.0,200.0
4,4,35000.0,206.0
4,4,36000.0,209.0
4,4,37000.0,212.0
4,4,38000.0,216.0
4,4,39000.0,218.0
4,4,40000.0,220.0
4,4,41000.0,224.0
4,4,42000.0,226.0
4,4,43000.0,230.0
4,4,44000.0,239.0
4,4,45000.0,244.0
4,4,46000.0,248.0
4,4,47000.0,256.0
4,4,48000.0,260.0
4,4,49000.0,265.0
4,4,50000.0,276.0
4,5,1000.0,13.0
4,5,2000.0,26.0
4,5,3000.0,52.0
4,5,4000.0,65.0
4,5,5000.0,78.0
4,5,6000.0,117.0
4,5,7000.0,130.0
4,5,8000.0,142.0
4,5,9000.0,168.0
4,5,10000.0,196.0
4,5,11000.0,224.0
4,5,12000.0,252.0
4,5,13000.0,280.0
4,5,14000.0,306.0
4,5,15000.0,332.0
4,5,16000.0,358.0
4,5,17000.0,384.0
4,5,18000.0,412.0
4,5,19000.0,440.0
4,5,20000.0,468.0
4,5,21000.0,496.0
4,5,22000.0,524.0
4,5,23000.0,548.0
4,5,24000.0,572.0
4,5,25000.0,592.0
4,5,26000.0,610.0
4,5,27000.0,628.0
4,5,28000.0,642.0
4,5,29000.0,656.0
4,5,30000.0,668.0
4,5,31000.0,674.0
4,5,32000.0,681.0
4,5,33000.0,692.0
4,5,34000.0,697.0
4,5,35000.0,702.0
4,5,36000.0,710.0
4,5,37000.0,714.0
4,5,38000.0,718.0
4,5,39000.0,726.0
4,5,40000.0,730.0
4,5,41000.0,734.0
4,5,42000.0,742.0
4,5,43000.0,750.0
4,5,44000.0,753.0
4,5,45000.0,756.0
4,5,46000.0,759.0
4,5,47000.0,762.0
4,5,48000.0,768.0
4,5,49000.0,774.0
4,5,50000.0,777.0
4,6,1000.0,8.0
4,6,2000.0,24.0
4,6,3000.0,33.0
4,6,4000.0,42.0
4,6,5000.0,60.0
4,6,6000.0,96.0
4,6,7000.0,116.0
4,6,8000.0,160.0
4,6,9000.0,172.0
4,6,10000.0,184.0
4,6,11000.0,210.0
4,6,12000.0,223.0
4,6,13000.0,236.0
4,6,14000.0,274.0
4,6,15000.0,287.0
4,6,16000.0,300.0
4,6,17000.0,343.0
4,6,18000.0,391.0
4,6,19000.0,408.0
4,6,20000.0,443.0
4,6,21000.0,479.0
4,6,22000.0,532.0
4,6,23000.0,572.0
4,6,24000.0,613.0
4,6,25000.0,655.0
4,6,26000.0,697.0
4,6,27000.0,739.0
4,6,28000.0,781.0
4,6,29000.0,823.0
4,6,30000.0,865.0
4,6,31000.0,907.0
4,6,32000.0,952.0
4,6,33000.0,998.0
4,6,34000.0,1046.0
4,6,35000.0,1095.0
4,6,36000.0,1150.0
4,6,37000.0,1206.0
4,6,38000.0,1264.0
4,6,39000.0,1324.0
4,6,40000.0,1385.0
4,6,41000.0,1444.0
4,6,42000.0,1502.0
4,6,43000.0,1565.0
4,6,44000.0,1627.0
4,6,45000.0,1684.0
4,6,46000.0,1741.0
4,6,47000.0,1800.0
4,6,48000.0,1860.0
4,6,49000.0,1920.0
4,6,50000.0,1980.0
4,7,1000.0,9.0
4,7,2000.0,27.0
4,7,3000.0,36.0
4,7,4000.0,45.0
4,7,5000.0,63.0
4,7,6000.0,72.0
4,7,7000.0,82.0
4,7,8000.0,104.0
4,7,9000.0,115.0
4,7,10000.0,127.0
4,7,11000.0,153.0
4,7,12000.0,222.0
4,7,13000.0,306.0
4,7,14000.0,334.0
4,7,15000.0,349.0
4,7,16000.0,429.0
4,7,17000.0,477.0
4,7,18000.0,525.0
4,7,19000.0,589.0
4,7,20000.0,638.0
4,7,21000.0,672.0
4,7,22000.0,740.0
4,7,23000.0,775.0
4,7,24000.0,829.0
4,7,25000.0,883.0
4,7,26000.0,920.0
4,7,27000.0,958.0
4,7,28000.0,977.0
4,7,29000.0,1017.0
4,7,30000.0,1059.0
4,7,31000.0,1102.0
4,7,32000.0,1146.0
4,7,33000.0,1168.0
4,7,34000.0,1190.0
4,7,35000.0,1234.0
4,7,36000.0,1282.0
4,7,37000.0,1307.0
4,7,38000.0,1358.0
4,7,39000.0,1411.0
4,7,40000.0,1466.0
4,7,41000.0,1552.0
4,7,42000.0,1609.0
4,7,43000.0,1665.0
4,7,44000.0,1721.0
4,7,45000.0,1778.0
4,7,46000.0,1836.0
4,7,47000.0,1894.0
4,7,48000.0,1953.0
4,7,49000.0,2013.0
4,7,50000.0,2073.0
4,8,1000.0,8.0
4,8,2000.0,17.0
4,8,3000.0,35.0
4,8,4000.0,44.0
4,8,5000.0,53.0
4,8,6000.0,71.0
4,8,7000.0,80.0
4,8,8000.0,89.0
4,8,9000.0,109.0
4,8,10000.0,119.0
4,8,11000.0,129.0
4,8,12000.0,150.0
4,8,13000.0,161.0
4,8,14000.0,172.0
4,8,15000.0,196.0
4,8,16000.0,208.0
4,8,17000.0,220.0
4,8,18000.0,245.0
4,8,19000.0,257.0
4,8,20000.0,271.0
4,8,21000.0,301.0
4,8,22000.0,331.0
4,8,23000.0,346.0
4,8,24000.0,382.0
4,8,25000.0,418.0
4,8,26000.0,460.0
4,8,27000.0,502.0
4,8,28000.0,548.0
4,8,29000.0,596.0
4,8,30000.0,646.0
4,8,31000.0,696.0
4,8,32000.0,771.0
4,8,33000.0,825.0
4,8,34000.0,883.0
4,8,35000.0,941.0
4,8,36000.0,999.0
4,8,37000.0,1057.0
4,8,38000.0,1115.0
4,8,39000.0,1173.0
4,8,40000.0,1231.0
4,8,41000.0,1289.0
4,8,42000.0,1349.0
4,8,43000.0,1409.0
4,8,44000.0,1469.0
4,8,45000.0,1529.0
4,8,46000.0,1591.0
4,8,47000.0,1657.0
4,8,48000.0,1723.0
4,8,49000.0,1791.0
4,8,50000.0,1857.0
4,9,1000.0,25.0
4,9,2000.0,38.0
4,9,3000.0,51.0
4,9,4000.0,78.0
4,9,5000.0,94.0
4,9,6000.0,110.0
4,9,7000.0,144.0
4,9,8000.0,180.0
4,9,9000.0,197.0
4,9,10000.0,235.0
4,9,11000.0,273.0
4,9,12000.0,311.0
4,9,13000.0,351.0
4,9,14000.0,394.0
4,9,15000.0,439.0
4,9,16000.0,486.0
4,9,17000.0,534.0
4,9,18000.0,582.0
4,9,19000.0,632.0
4,9,20000.0,682.0
4,9,21000.0,732.0
4,9,22000.0,782.0
4,9,23000.0,832.0
4,9,24000.0,879.0
4,9,25000.0,926.0
4,9,26000.0,974.0
4,9,27000.0,1022.0
4,9,28000.0,1069.0
4,9,29000.0,1115.0
4,9,30000.0,1161.0
4,9,31000.0,1206.0
4,9,32000.0,1252.0
4,9,33000.0,1298.0
4,9,34000.0,1342.0
4,9,35000.0,1387.0
4,9,36000.0,1432.0
4,9,37000.0,1476.0
4,9,38000.0,1520.0
4,9,39000.0,1564.0
4,9,40000.0,1606.0
4,9,41000.0,1627.0
4,9,42000.0,1647.0
4,9,43000.0,1687.0
4,9,44000.0,1724.0
4,9,45000.0,1762.0
4,9,46000.0,1800.0
4,9,47000.0,1852.0
4,9,48000.0,1868.0
4,9,49000.0,1919.0
4,9,50000.0,1967.0
4,10,1000.0,24.0
4,10,2000.0,38.0
4,10,3000.0,53.0
4,10,4000.0,83.0
4,10,5000.0,100.0
4,10,6000.0,117.0
4,10,7000.0,171.0
4,10,8000.0,225.0
4,10,9000.0,243.0
4,10,10000.0,279.0
4,10,11000.0,317.0
4,10,12000.0,358.0
4,10,13000.0,400.0
4,10,14000.0,442.0
4,10,15000.0,485.0
4,10,16000.0,529.0
4,10,17000.0,573.0
4,10,18000.0,615.0
4,10,19000.0,657.0
4,10,20000.0,699.0
4,10,21000.0,741.0
4,10,22000.0,783.0
4,10,23000.0,825.0
4,10,24000.0,866.0
4,10,25000.0,908.0
4,10,26000.0,949.0
4,10,27000.0,992.0
4,10,28000.0,1034.0
4,10,29000.0,1075.0
4,10,30000.0,1114.0
4,10,31000.0,1152.0
4,10,32000.0,1190.0
4,10,33000.0,1228.0
4,10,34000.0,1269.0
4,10,35000.0,1309.0
4,10,36000.0,1351.0
4,10,37000.0,1393.0
4,10,38000.0,1435.0
4,10,39000.0,1477.0
4,10,40000.0,1526.0
4,10,41000.0,1581.0
4,10,42000.0,1637.0
4,10,43000.0,1695.0
4,10,44000.0,1754.0
4,10,45000.0,1814.0
4,10,46000.0,1874.0
4,10,47000.0,1934.0
4,10,48000.0,1996.0
4,10,49000.0,2058.0
4,10,50000.0,2120.0
4,11,1000.0,8.0
4,11,2000.0,26.0
4,11,3000.0,35.0
4,11,4000.0,44.0
4,11,5000.0,62.0
4,11,6000.0,80.0
4,11,7000.0,89.0
4,11,8000.0,98.0
4,11,9000.0,118.0
4,11,10000.0,150.0
4,11,11000.0,197.0
4,11,12000.0,209.0
4,11,13000.0,223.0
4,11,14000.0,283.0
4,11,15000.0,330.0
4,11,16000.0,346.0
4,11,17000.0,400.0
4,11,18000.0,437.0
4,11,19000.0,494.0
4,11,20000.0,533.0
4,11,21000.0,573.0
4,11,22000.0,613.0
4,11,23000.0,715.0
4,11,24000.0,757.0
4,11,25000.0,799.0
4,11,26000.0,840.0
4,11,27000.0,881.0
4,11,28000.0,924.0
4,11,29000.0,993.0
4,11,30000.0,1065.0
4,11,31000.0,1112.0
4,11,32000.0,1158.0
4,11,33000.0,1205.0
4,11,34000.0,1253.0
4,11,35000.0,1301.0
4,11,36000.0,1351.0
4,11,37000.0,1403.0
4,11,38000.0,1457.0
4,11,39000.0,1514.0
4,11,40000.0,1572.0
4,11,41000.0,1631.0
4,11,42000.0,1691.0
4,11,43000.0,1750.0
4,11,44000.0,1809.0
4,11,45000.0,1869.0
4,11,46000.0,1928.0
4,11,47000.0,1986.0
4,11,48000.0,2043.0
4,11,49000.0,2097.0
4,11,50000.0,2152.0
4,12,1000.0,8.0
4,12,2000.0,24.0
4,12,3000.0,32.0
4,12,4000.0,41.0
4,12,5000.0,59.0
4,12,6000.0,68.0
4,12,7000.0,76.0
4,12,8000.0,92.0
4,12,9000.0,99.0
4,12,10000.0,107.0
4,12,11000.0,123.0
4,12,12000.0,132.0
4,12,13000.0,141.0
4,12,14000.0,158.0
4,12,15000.0,176.0
4,12,16000.0,184.0
4,12,17000.0,200.0
4,12,18000.0,214.0
4,12,19000.0,220.0
4,12,20000.0,232.0
4,12,21000.0,238.0
4,12,22000.0,245.0
4,12,23000.0,261.0
4,12,24000.0,270.0
4,12,25000.0,279.0
4,12,26000.0,297.0
4,12,27000.0,306.0
4,12,28000.0,315.0
4,12,29000.0,331.0
4,12,30000.0,339.0
4,12,31000.0,346.0
4,12,32000.0,364.0
4,12,33000.0,376.0
4,12,34000.0,382.0
4,12,35000.0,394.0
4,12,36000.0,400.0
4,12,37000.0,406.0
4,12,38000.0,418.0
4,12,39000.0,423.0
4,12,40000.0,428.0
4,12,41000.0,438.0
4,12,42000.0,443.0
4,12,43000.0,448.0
4,12,44000.0,463.0
4,12,45000.0,468.0
4,12,46000.0,472.0
4,12,47000.0,480.0
4,12,48000.0,486.0
4,12,49000.0,489.0
4,12,50000.0,493.0
4,13,1000.0,16.0
4,13,2000.0,24.0
4,13,3000.0,32.0
4,13,4000.0,48.0
4,13,5000.0,57.0
4,13,6000.0,66.0
4,13,7000.0,84.0
4,13,8000.0,93.0
4,13,9000.0,102.0
4,13,10000.0,122.0
4,13,11000.0,133.0
4,13,12000.0,144.0
4,13,13000.0,168.0
4,13,14000.0,180.0
4,13,15000.0,192.0
4,13,16000.0,204.0
4,13,17000.0,216.0
4,13,18000.0,229.0
4,13,19000.0,242.0
4,13,20000.0,255.0
4,13,21000.0,268.0
4,13,22000.0,316.0
4,13,23000.0,364.0
4,13,24000.0,412.0
4,13,25000.0,460.0
4,13,26000.0,508.0
4,13,27000.0,556.0
4,13,28000.0,604.0
4,13,29000.0,641.0
4,13,30000.0,679.0
4,13,31000.0,721.0
4,13,32000.0,765.0
4,13,33000.0,807.0
4,13,34000.0,851.0
4,13,35000.0,895.0
4,13,36000.0,941.0
4,13,37000.0,988.0
4,13,38000.0,1036.0
4,13,39000.0,1084.0
4,13,40000.0,1132.0
4,13,41000.0,1181.0
4,13,42000.0,1233.0
4,13,43000.0,1289.0
4,13,44000.0,1347.0
4,13,45000.0,1405.0
4,13,46000.0,1463.0
4,13,47000.0,1521.0
4,13,48000.0,1577.0
4,13,49000.0,1635.0
4,13,50000.0,1693.0
4,14,1000.0,8.0
4,14,2000.0,17.0
4,14,3000.0,35.0
4,14,4000.0,53.0
4,14,5000.0,71.0
4,14,6000.0,89.0
4,14,7000.0,107.0
4,14,8000.0,116.0
4,14,9000.0,143.0
4,14,10000.0,161.0
4,14,11000.0,170.0
4,14,12000.0,188.0
4,14,13000.0,216.0
4,14,14000.0,236.0
4,14,15000.0,269.0
4,14,16000.0,304.0
4,14,17000.0,316.0
4,14,18000.0,352.0
4,14,19000.0,364.0
4,14,20000.0,376.0
4,14,21000.0,402.0
4,14,22000.0,428.0
4,14,23000.0,454.0
4,14,24000.0,482.0
4,14,25000.0,510.0
4,14,26000.0,538.0
4,14,27000.0,568.0
4,14,28000.0,598.0
4,14,29000.0,632.0
4,14,30000.0,670.0
4,14,31000.0,710.0
4,14,32000.0,750.0
4,14,33000.0,790.0
4,14,34000.0,830.0
4,14,35000.0,870.0
4,14,36000.0,910.0
4,14,37000.0,954.0
4,14,38000.0,1002.0
4,14,39000.0,1050.0
4,14,40000.0,1100.0
4,14,41000.0,1150.0
4,14,42000.0,1202.0
4,14,43000.0,1258.0
4,14,44000.0,1316.0
4,14,45000.0,1372.0
4,14,46000.0,1428.0
4,14,47000.0,1486.0
4,14,48000.0,1544.0
4,14,49000.0,1602.0
4,14,50000.0,1660.0
4,15,1000.0,9.0
4,15,2000.0,19.0
4,15,3000.0,41.0
4,15,4000.0,52.0
4,15,5000.0,64.0
4,15,6000.0,104.0
4,15,7000.0,146.0
4,15,8000.0,160.0
4,15,9000.0,187.0
4,15,10000.0,228.0
4,15,11000.0,242.0
4,15,12000.0,270.0
4,15,13000.0,315.0
4,15,14000.0,345.0
4,15,15000.0,393.0
4,15,16000.0,425.0
4,15,17000.0,476.0
4,15,18000.0,527.0
4,15,19000.0,578.0
4,15,20000.0,629.0
4,15,21000.0,665.0
4,15,22000.0,704.0
4,15,23000.0,744.0
4,15,24000.0,784.0
4,15,25000.0,827.0
4,15,26000.0,872.0
4,15,27000.0,919.0
4,15,28000.0,969.0
4,15,29000.0,1020.0
4,15,30000.0,1073.0
4,15,31000.0,1128.0
4,15,32000.0,1184.0
4,15,33000.0,1241.0
4,15,34000.0,1299.0
4,15,35000.0,1357.0
4,15,36000.0,1413.0
4,15,37000.0,1469.0
4,15,38000.0,1526.0
4,15,39000.0,1583.0
4,15,40000.0,1639.0
4,15,41000.0,1695.0
4,15,42000.0,1751.0
4,15,43000.0,1808.0
4,15,44000.0,1864.0
4,15,45000.0,1919.0
4,15,46000.0,1975.0
4,15,47000.0,2034.0
4,15,48000.0,2094.0
4,15,49000.0,2154.0
4,15,50000.0,2216.0
4,16,1000.0,26.0
4,16,2000.0,54.0
4,16,3000.0,82.0
4,16,4000.0,124.0
4,16,5000.0,151.0
4,16,6000.0,190.0
4,16,7000.0,242.0
4,16,8000.0,319.0
4,16,9000.0,367.0
4,16,10000.0,391.0
4,16,11000.0,403.0
4,16,12000.0,415.0
4,16,13000.0,441.0
4,16,14000.0,454.0
4,16,15000.0,468.0
4,16,16000.0,496.0
4,16,17000.0,526.0
4,16,18000.0,541.0
4,16,19000.0,573.0
4,16,20000.0,605.0
4,16,21000.0,621.0
4,16,22000.0,655.0
4,16,23000.0,689.0
4,16,24000.0,706.0
4,16,25000.0,740.0
4,16,26000.0,774.0
4,16,27000.0,791.0
4,16,28000.0,825.0
4,16,29000.0,859.0
4,16,30000.0,876.0
4,16,31000.0,908.0
4,16,32000.0,951.0
4,16,33000.0,993.0
4,16,34000.0,1033.0
4,16,35000.0,1059.0
4,16,36000.0,1072.0
4,16,37000.0,1094.0
4,16,38000.0,1105.0
4,16,39000.0,1116.0
4,16,40000.0,1138.0
4,16,41000.0,1149.0
4,16,42000.0,1159.0
4,16,43000.0,1195.0
4,16,44000.0,1208.0
4,16,45000.0,1221.0
4,16,46000.0,1247.0
4,16,47000.0,1274.0
4,16,48000.0,1302.0
4,16,49000.0,1330.0
4,16,50000.0,1343.0
4,17,1000.0,12.0
4,17,2000.0,25.0
4,17,3000.0,53.0
4,17,4000.0,67.0
4,17,5000.0,81.0
4,17,6000.0,126.0
4,17,7000.0,171.0
4,17,8000.0,186.0
4,17,9000.0,215.0
4,17,10000.0,260.0
4,17,11000.0,292.0
4,17,12000.0,345.0
4,17,13000.0,363.0
4,17,14000.0,381.0
4,17,15000.0,421.0
4,17,16000.0,461.0
4,17,17000.0,502.0
4,17,18000.0,548.0
4,17,19000.0,596.0
4,17,20000.0,645.0
4,17,21000.0,693.0
4,17,22000.0,741.0
4,17,23000.0,791.0
4,17,24000.0,839.0
4,17,25000.0,911.0
4,17,26000.0,959.0
4,17,27000.0,1007.0
4,17,28000.0,1055.0
4,17,29000.0,1105.0
4,17,30000.0,1157.0
4,17,31000.0,1205.0
4,17,32000.0,1254.0
4,17,33000.0,1304.0
4,17,34000.0,1355.0
4,17,35000.0,1411.0
4,17,36000.0,1466.0
4,17,37000.0,1520.0
4,17,38000.0,1574.0
4,17,39000.0,1628.0
4,17,40000.0,1682.0
4,17,41000.0,1736.0
4,17,42000.0,1790.0
4,17,43000.0,1841.0
4,17,44000.0,1891.0
4,17,45000.0,1941.0
4,17,46000.0,1988.0
4,17,47000.0,2030.0
4,17,48000.0,2070.0
4,17,49000.0,2108.0
4,17,50000.0,2125.0
4,18,1000.0,4.0
4,18,2000.0,12.0
4,18,3000.0,22.0
4,18,4000.0,27.0
4,18,5000.0,37.0
4,18,6000.0,47.0
4,18,7000.0,59.0
4,18,8000.0,71.0
4,18,9000.0,77.0
4,18,10000.0,83.0
4,18,11000.0,95.0
4,18,12000.0,101.0
4,18,13000.0,107.0
4,18,14000.0,119.0
4,18,15000.0,125.0
4,18,16000.0,131.0
4,18,17000.0,143.0
4,18,18000.0,149.0
4,18,19000.0,155.0
4,18,20000.0,167.0
4,18,21000.0,173.0
4,18,22000.0,179.0
4,18,23000.0,191.0
4,18,24000.0,197.0
4,18,25000.0,203.0
4,18,26000.0,215.0
4,18,27000.0,221.0
4,18,28000.0,227.0
4,18,29000.0,239.0
4,18,30000.0,246.0
4,18,31000.0,253.0
4,18,32000.0,267.0
4,18,33000.0,273.0
4,18,34000.0,279.0
4,18,35000.0,289.0
4,18,36000.0,294.0
4,18,37000.0,299.0
4,18,38000.0,309.0
4,18,39000.0,314.0
4,18,40000.0,319.0
4,18,41000.0,329.0
4,18,42000.0,334.0
4,18,43000.0,339.0
4,18,44000.0,349.0
4,18,45000.0,354.0
4,18,46000.0,360.0
4,18,47000.0,374.0
4,18,48000.0,395.0
4,18,49000.0,409.0
4,18,50000.0,437.0
4,19,1000.0,16.0
4,19,2000.0,34.0
4,19,3000.0,61.0
4,19,4000.0,88.0
4,19,5000.0,106.0
4,19,6000.0,186.0
4,19,7000.0,216.0
4,19,8000.0,256.0
4,19,9000.0,310.0
4,19,10000.0,343.0
4,19,11000.0,387.0
4,19,12000.0,420.0
4,19,13000.0,442.0
4,19,14000.0,477.0
4,19,15000.0,525.0
4,19,16000.0,538.0
4,19,17000.0,580.0
4,19,18000.0,594.0
4,19,19000.0,646.0
4,19,20000.0,698.0
4,19,21000.0,740.0
4,19,22000.0,768.0
4,19,23000.0,798.0
4,19,24000.0,844.0
4,19,25000.0,876.0
4,19,26000.0,910.0
4,19,27000.0,944.0
4,19,28000.0,978.0
4,19,29000.0,1012.0
4,19,30000.0,1048.0
4,19,31000.0,1101.0
4,19,32000.0,1153.0
4,19,33000.0,1193.0
4,19,34000.0,1254.0
4,19,35000.0,1317.0
4,19,36000.0,1376.0
4,19,37000.0,1395.0
4,19,38000.0,1433.0
4,19,39000.0,1451.0
4,19,40000.0,1488.0
4,19,41000.0,1524.0
4,19,42000.0,1558.0
4,19,43000.0,1590.0
4,19,44000.0,1654.0
4,19,45000.0,1686.0
4,19,46000.0,1716.0
4,19,47000.0,1761.0
4,19,48000.0,1791.0
4,19,49000.0,1819.0
4,19,50000.0,1858.0
4,20,1000.0,5.0
4,20,2000.0,10.0
4,20,3000.0,18.0
4,20,4000.0,22.0
4,20,5000.0,26.0
4,20,6000.0,34.0
4,20,7000.0,42.0
4,20,8000.0,46.0
4,20,9000.0,54.0
4,20,10000.0,58.0
4,20,11000.0,66.0
4,20,12000.0,70.0
4,20,13000.0,74.0
4,20,14000.0,77.0
4,20,15000.0,80.0
4,20,16000.0,83.0
4,20,17000.0,86.0
4,20,18000.0,89.0
4,20,19000.0,92.0
4,20,20000.0,95.0
4,20,21000.0,98.0
4,20,22000.0,101.0
4,20,23000.0,104.0
4,20,24000.0,107.0
4,20,25000.0,110.0
4,20,26000.0,114.0
4,20,27000.0,122.0
4,20,28000.0,126.0
4,20,29000.0,129.0
4,20,30000.0,135.0
4,20,31000.0,138.0
4,20,32000.0,142.0
4,20,33000.0,150.0
4,20,34000.0,158.0
4,20,35000.0,166.0
4,20,36000.0,174.0
4,20,37000.0,182.0
4,20,38000.0,190.0
4,20,39000.0,198.0
4,20,40000.0,204.0
4,20,41000.0,207.0
4,20,42000.0,210.0
4,20,43000.0,213.0
4,20,44000.0,216.0
4,20,45000.0,222.0
4,20,46000.0,225.0
4,20,47000.0,228.0
4,20,48000.0,231.0
4,20,49000.0,234.0
4,20,50000.0,236.0
4,21,1000.0,11.0
4,21,2000.0,22.0
4,21,3000.0,46.0
4,21,4000.0,58.0
4,21,5000.0,70.0
4,21,6000.0,96.0
4,21,7000.0,109.0
4,21,8000.0,123.0
4,21,9000.0,151.0
4,21,10000.0,165.0
4,21,11000.0,195.0
4,21,12000.0,239.0
4,21,13000.0,253.0
4,21,14000.0,267.0
4,21,15000.0,299.0
4,21,16000.0,347.0
4,21,17000.0,380.0
4,21,18000.0,431.0
4,21,19000.0,466.0
4,21,20000.0,518.0
4,21,21000.0,553.0
4,21,22000.0,589.0
4,21,23000.0,625.0
4,21,24000.0,661.0
4,21,25000.0,697.0
4,21,26000.0,715.0
4,21,27000.0,753.0
4,21,28000.0,772.0
4,21,29000.0,792.0
4,21,30000.0,856.0
4,21,31000.0,900.0
4,21,32000.0,921.0
4,21,33000.0,986.0
4,21,34000.0,1074.0
4,21,35000.0,1142.0
4,21,36000.0,1204.0
4,21,37000.0,1224.0
4,21,38000.0,1244.0
4,21,39000.0,1305.0
4,21,40000.0,1365.0
4,21,41000.0,1422.0
4,21,42000.0,1460.0
4,21,43000.0,1517.0
4,21,44000.0,1574.0
4,21,45000.0,1630.0
4,21,46000.0,1687.0
4,21,47000.0,1725.0
4,21,48000.0,1764.0
4,21,49000.0,1804.0
4,21,50000.0,1844.0
4,22,1000.0,11.0
4,22,2000.0,16.0
4,22,3000.0,21.0
4,22,4000.0,29.0
4,22,5000.0,33.0
4,22,6000.0,43.0
4,22,7000.0,53.0
4,22,8000.0,58.0
4,22,9000.0,63.0
4,22,10000.0,73.0
4,22,11000.0,78.0
4,22,12000.0,83.0
4,22,13000.0,93.0
4,22,14000.0,98.0
4,22,15000.0,103.0
4,22,16000.0,118.0
4,22,17000.0,123.0
4,22,18000.0,128.0
4,22,19000.0,138.0
4,22,20000.0,148.0
4,22,21000.0,152.0
4,22,22000.0,159.0
4,22,23000.0,162.0
4,22,24000.0,165.0
4,22,25000.0,171.0
4,22,26000.0,174.0
4,22,27000.0,177.0
4,22,28000.0,185.0
4,22,29000.0,189.0
4,22,30000.0,193.0
4,22,31000.0,201.0
4,22,32000.0,209.0
4,22,33000.0,217.0
4,22,34000.0,225.0
4,22,35000.0,229.0
4,22,36000.0,233.0
4,22,37000.0,243.0
4,22,38000.0,248.0
4,22,39000.0,254.0
4,22,40000.0,266.0
4,22,41000.0,272.0
4,22,42000.0,278.0
4,22,43000.0,290.0
4,22,44000.0,296.0
4,22,45000.0,302.0
4,22,46000.0,315.0
4,22,47000.0,322.0
4,22,48000.0,338.0
4,22,49000.0,365.0
4,22,50000.0,374.0
4,23,1000.0,28.0
4,23,2000.0,43.0
4,23,3000.0,59.0
4,23,4000.0,89.0
4,23,5000.0,104.0
4,23,6000.0,120.0
4,23,7000.0,154.0
4,23,8000.0,188.0
4,23,9000.0,206.0
4,23,10000.0,242.0
4,23,11000.0,278.0
4,23,12000.0,315.0
4,23,13000.0,353.0
4,23,14000.0,372.0
4,23,15000.0,391.0
4,23,16000.0,431.0
4,23,17000.0,490.0
4,23,18000.0,528.0
4,23,19000.0,585.0
4,23,20000.0,623.0
4,23,21000.0,661.0
4,23,22000.0,700.0
4,23,23000.0,737.0
4,23,24000.0,773.0
4,23,25000.0,811.0
4,23,26000.0,830.0
4,23,27000.0,849.0
4,23,28000.0,888.0
4,23,29000.0,907.0
4,23,30000.0,926.0
4,23,31000.0,963.0
4,23,32000.0,982.0
4,23,33000.0,1003.0
4,23,34000.0,1043.0
4,23,35000.0,1083.0
4,23,36000.0,1103.0
4,23,37000.0,1142.0
4,23,38000.0,1162.0
4,23,39000.0,1181.0
4,23,40000.0,1200.0
4,23,41000.0,1220.0
4,23,42000.0,1240.0
4,23,43000.0,1286.0
4,23,44000.0,1309.0
4,23,45000.0,1332.0
4,23,46000.0,1379.0
4,23,47000.0,1403.0
4,23,48000.0,1428.0
4,23,49000.0,1480.0
4,23,50000.0,1506.0
4,24,1000.0,2.0
4,24,2000.0,6.0
4,24,3000.0,8.0
4,24,4000.0,10.0
4,24,5000.0,14.0
4,24,6000.0,16.0
4,24,7000.0,18.0
4,24,8000.0,22.0
4,24,9000.0,24.0
4,24,10000.0,27.0
4,24,11000.0,33.0
4,24,12000.0,36.0
4,24,13000.0,40.0
4,24,14000.0,50.0
4,24,15000.0,56.0
4,24,16000.0,62.0
4,24,17000.0,74.0
4,24,18000.0,80.0
4,24,19000.0,87.0
4,24,20000.0,101.0
4,24,21000.0,109.0
4,24,22000.0,117.0
4,24,23000.0,133.0
4,24,24000.0,149.0
4,24,25000.0,165.0
4,24,26000.0,198.0
4,24,27000.0,216.0
4,24,28000.0,234.0
4,24,29000.0,280.0
4,24,30000.0,300.0
4,24,31000.0,310.0
4,24,32000.0,342.0
4,24,33000.0,375.0
4,24,34000.0,408.0
4,24,35000.0,430.0
4,24,36000.0,466.0
4,24,37000.0,492.0
4,24,38000.0,531.0
4,24,39000.0,576.0
4,24,40000.0,607.0
4,24,41000.0,639.0
4,24,42000.0,671.0
4,24,43000.0,703.0
4,24,44000.0,735.0
4,24,45000.0,784.0
4,24,46000.0,820.0
4,24,47000.0,862.0
4,24,48000.0,928.0
4,24,49000.0,974.0
4,24,50000.0,1020.0
4,25,1000.0,27.0
4,25,2000.0,43.0
4,25,3000.0,58.0
4,25,4000.0,88.0
4,25,5000.0,103.0
4,25,6000.0,118.0
4,25,7000.0,163.0
4,25,8000.0,194.0
4,25,9000.0,210.0
4,25,10000.0,245.0
4,25,11000.0,281.0
4,25,12000.0,317.0
4,25,13000.0,354.0
4,25,14000.0,392.0
4,25,15000.0,430.0
4,25,16000.0,468.0
4,25,17000.0,507.0
4,25,18000.0,548.0
4,25,19000.0,591.0
4,25,20000.0,636.0
4,25,21000.0,682.0
4,25,22000.0,728.0
4,25,23000.0,772.0
4,25,24000.0,816.0
4,25,25000.0,862.0
4,25,26000.0,886.0
4,25,27000.0,934.0
4,25,28000.0,982.0
4,25,29000.0,1008.0
4,25,30000.0,1060.0
4,25,31000.0,1144.0
4,25,32000.0,1200.0
4,25,33000.0,1228.0
4,25,34000.0,1284.0
4,25,35000.0,1312.0
4,25,36000.0,1340.0
4,25,37000.0,1426.0
4,25,38000.0,1455.0
4,25,39000.0,1485.0
4,25,40000.0,1577.0
4,25,41000.0,1608.0
4,25,42000.0,1639.0
4,25,43000.0,1699.0
4,25,44000.0,1729.0
4,25,45000.0,1760.0
4,25,46000.0,1822.0
4,25,47000.0,1884.0
4,25,48000.0,1915.0
4,25,49000.0,1977.0
4,25,50000.0,2039.0
4,26,1000.0,3.0
4,26,2000.0,9.0
4,26,3000.0,15.0
4,26,4000.0,21.0
4,26,5000.0,27.0
4,26,6000.0,30.0
4,26,7000.0,40.0
4,26,8000.0,52.0
4,26,9000.0,60.0
4,26,10000.0,70.0
4,26,11000.0,80.0
4,26,12000.0,90.0
4,26,13000.0,96.0
4,26,14000.0,114.0
4,26,15000.0,126.0
4,26,16000.0,138.0
4,26,17000.0,156.0
4,26,18000.0,174.0
4,26,19000.0,186.0
4,26,20000.0,204.0
4,26,21000.0,210.0
4,26,22000.0,216.0
4,26,23000.0,230.0
4,26,24000.0,237.0
4,26,25000.0,244.0
4,26,26000.0,259.0
4,26,27000.0,267.0
4,26,28000.0,275.0
4,26,29000.0,291.0
4,26,30000.0,299.0
4,26,31000.0,307.0
4,26,32000.0,325.0
4,26,33000.0,346.0
4,26,34000.0,358.0
4,26,35000.0,371.0
4,26,36000.0,383.0
4,26,37000.0,396.0
4,26,38000.0,409.0
4,26,39000.0,423.0
4,26,40000.0,437.0
4,26,41000.0,451.0
4,26,42000.0,465.0
4,26,43000.0,479.0
4,26,44000.0,492.0
4,26,45000.0,504.0
4,26,46000.0,517.0
4,26,47000.0,545.0
4,26,48000.0,559.0
4,26,49000.0,572.0
4,26,50000.0,614.0
4,27,1000.0,12.0
4,27,2000.0,24.0
4,27,3000.0,47.0
4,27,4000.0,69.0
4,27,5000.0,80.0
4,27,6000.0,105.0
4,27,7000.0,118.0
4,27,8000.0,131.0
4,27,9000.0,156.0
4,27,10000.0,168.0
4,27,11000.0,179.0
4,27,12000.0,203.0
4,27,13000.0,215.0
4,27,14000.0,227.0
4,27,15000.0,251.0
4,27,16000.0,263.0
4,27,17000.0,277.0
4,27,18000.0,305.0
4,27,19000.0,333.0
4,27,20000.0,347.0
4,27,21000.0,378.0
4,27,22000.0,411.0
4,27,23000.0,446.0
4,27,24000.0,481.0
4,27,25000.0,517.0
4,27,26000.0,556.0
4,27,27000.0,600.0
4,27,28000.0,646.0
4,27,29000.0,692.0
4,27,30000.0,716.0
4,27,31000.0,740.0
4,27,32000.0,764.0
4,27,33000.0,812.0
4,27,34000.0,836.0
4,27,35000.0,860.0
4,27,36000.0,883.0
4,27,37000.0,907.0
4,27,38000.0,931.0
4,27,39000.0,983.0
4,27,40000.0,1037.0
4,27,41000.0,1094.0
4,27,42000.0,1152.0
4,27,43000.0,1210.0
4,27,44000.0,1268.0
4,27,45000.0,1326.0
4,27,46000.0,1382.0
4,27,47000.0,1438.0
4,27,48000.0,1495.0
4,27,49000.0,1553.0
4,27,50000.0,1610.0
4,28,1000.0,8.0
4,28,2000.0,24.0
4,28,3000.0,32.0
4,28,4000.0,41.0
4,28,5000.0,59.0
4,28,6000.0,79.0
4,28,7000.0,90.0
4,28,8000.0,112.0
4,28,9000.0,123.0
4,28,10000.0,134.0
4,28,11000.0,156.0
4,28,12000.0,167.0
4,28,13000.0,178.0
4,28,14000.0,198.0
4,28,15000.0,208.0
4,28,16000.0,219.0
4,28,17000.0,241.0
4,28,18000.0,251.0
4,28,19000.0,261.0
4,28,20000.0,291.0
4,28,21000.0,311.0
4,28,22000.0,321.0
4,28,23000.0,341.0
4,28,24000.0,362.0
4,28,25000.0,373.0
4,28,26000.0,396.0
4,28,27000.0,408.0
4,28,28000.0,420.0
4,28,29000.0,446.0
4,28,30000.0,472.0
4,28,31000.0,500.0
4,28,32000.0,528.0
4,28,33000.0,543.0
4,28,34000.0,558.0
4,28,35000.0,588.0
4,28,36000.0,606.0
4,28,37000.0,624.0
4,28,38000.0,678.0
4,28,39000.0,696.0
4,28,40000.0,713.0
4,28,41000.0,764.0
4,28,42000.0,812.0
4,28,43000.0,857.0
4,28,44000.0,887.0
4,28,45000.0,902.0
4,28,46000.0,916.0
4,28,47000.0,948.0
4,28,48000.0,962.0
4,28,49000.0,976.0
4,28,50000.0,990.0
4,29,1000.0,5.0
4,29,2000.0,11.0
4,29,3000.0,23.0
4,29,4000.0,29.0
4,29,5000.0,35.0
4,29,6000.0,49.0
4,29,7000.0,56.0
4,29,8000.0,63.0
4,29,9000.0,77.0
4,29,10000.0,84.0
4,29,11000.0,91.0
4,29,12000.0,107.0
4,29,13000.0,115.0
4,29,14000.0,123.0
4,29,15000.0,139.0
4,29,16000.0,147.0
4,29,17000.0,155.0
4,29,18000.0,171.0
4,29,19000.0,180.0
4,29,20000.0,189.0
4,29,21000.0,216.0
4,29,22000.0,225.0
4,29,23000.0,234.0
4,29,24000.0,254.0
4,29,25000.0,264.0
4,29,26000.0,274.0
4,29,27000.0,296.0
4,29,28000.0,308.0
4,29,29000.0,321.0
4,29,30000.0,347.0
4,29,31000.0,374.0
4,29,32000.0,388.0
4,29,33000.0,415.0
4,29,34000.0,442.0
4,29,35000.0,456.0
4,29,36000.0,481.0
4,29,37000.0,504.0
4,29,38000.0,527.0
4,29,39000.0,550.0
4,29,40000.0,575.0
4,29,41000.0,588.0
4,29,42000.0,614.0
4,29,43000.0,638.0
4,29,44000.0,650.0
4,29,45000.0,675.0
4,29,46000.0,700.0
4,29,47000.0,713.0
4,29,48000.0,741.0
4,29,49000.0,755.0
4,29,50000.0,768.0
4,30,1000.0,9.0
4,30,2000.0,18.0
4,30,3000.0,37.0
4,30,4000.0,47.0
4,30,5000.0,57.0
4,30,6000.0,77.0
4,30,7000.0,87.0
4,30,8000.0,97.0
4,30,9000.0,117.0
4,30,10000.0,127.0
4,30,11000.0,138.0
4,30,12000.0,160.0
4,30,13000.0,171.0
4,30,14000.0,182.0
4,30,15000.0,206.0
4,30,16000.0,230.0
4,30,17000.0,242.0
4,30,18000.0,263.0
4,30,19000.0,284.0
4,30,20000.0,295.0
4,30,21000.0,317.0
4,30,22000.0,339.0
4,30,23000.0,349.0
4,30,24000.0,369.0
4,30,25000.0,380.0
4,30,26000.0,392.0
4,30,27000.0,416.0
4,30,28000.0,429.0
4,30,29000.0,443.0
4,30,30000.0,473.0
4,30,31000.0,488.0
4,30,32000.0,504.0
4,30,33000.0,551.0
4,30,34000.0,583.0
4,30,35000.0,599.0
4,30,36000.0,648.0
4,30,37000.0,684.0
4,30,38000.0,703.0
4,30,39000.0,757.0
4,30,40000.0,791.0
4,30,41000.0,808.0
4,30,42000.0,845.0
4,30,43000.0,864.0
4,30,44000.0,882.0
4,30,45000.0,936.0
4,30,46000.0,990.0
4,30,47000.0,1047.0
4,30,48000.0,1066.0
4,30,49000.0,1106.0
4,30,50000.0,1126.0
4,31,1000.0,27.0
4,31,2000.0,40.0
4,31,3000.0,53.0
4,31,4000.0,79.0
4,31,5000.0,105.0
4,31,6000.0,133.0
4,31,7000.0,161.0
4,31,8000.0,175.0
4,31,9000.0,190.0
4,31,10000.0,220.0
4,31,11000.0,235.0
4,31,12000.0,249.0
4,31,13000.0,282.0
4,31,14000.0,299.0
4,31,15000.0,317.0
4,31,16000.0,355.0
4,31,17000.0,393.0
4,31,18000.0,431.0
4,31,19000.0,473.0
4,31,20000.0,516.0
4,31,21000.0,561.0
4,31,22000.0,608.0
4,31,23000.0,657.0
4,31,24000.0,707.0
4,31,25000.0,732.0
4,31,26000.0,758.0
4,31,27000.0,784.0
4,31,28000.0,838.0
4,31,29000.0,890.0
4,31,30000.0,915.0
4,31,31000.0,988.0
4,31,32000.0,1036.0
4,31,33000.0,1060.0
4,31,34000.0,1105.0
4,31,35000.0,1127.0
4,31,36000.0,1149.0
4,31,37000.0,1172.0
4,31,38000.0,1195.0
4,31,39000.0,1220.0
4,31,40000.0,1271.0
4,31,41000.0,1298.0
4,31,42000.0,1326.0
4,31,43000.0,1382.0
4,31,44000.0,1410.0
4,31,45000.0,1438.0
4,31,46000.0,1494.0
4,31,47000.0,1522.0
4,31,48000.0,1550.0
4,31,49000.0,1607.0
4,31,50000.0,1636.0
4,32,1000.0,12.0
4,32,2000.0,24.0
4,32,3000.0,52.0
4,32,4000.0,66.0
4,32,5000.0,96.0
4,32,6000.0,144.0
4,32,7000.0,160.0
4,32,8000.0,176.0
4,32,9000.0,227.0
4,32,10000.0,244.0
4,32,11000.0,265.0
4,32,12000.0,306.0
4,32,13000.0,347.0
4,32,14000.0,389.0
4,32,15000.0,435.0
4,32,16000.0,481.0
4,32,17000.0,504.0
4,32,18000.0,550.0
4,32,19000.0,595.0
4,32,20000.0,642.0
4,32,21000.0,690.0
4,32,22000.0,762.0
4,32,23000.0,810.0
4,32,24000.0,859.0
4,32,25000.0,909.0
4,32,26000.0,934.0
4,32,27000.0,986.0
4,32,28000.0,1040.0
4,32,29000.0,1067.0
4,32,30000.0,1121.0
4,32,31000.0,1147.0
4,32,32000.0,1174.0
4,32,33000.0,1225.0
4,32,34000.0,1251.0
4,32,35000.0,1276.0
4,32,36000.0,1354.0
4,32,37000.0,1380.0
4,32,38000.0,1406.0
4,32,39000.0,1476.0
4,32,40000.0,1522.0
4,32,41000.0,1545.0
4,32,42000.0,1606.0
4,32,43000.0,1644.0
4,32,44000.0,1663.0
4,32,45000.0,1699.0
4,32,46000.0,1753.0
4,32,47000.0,1791.0
4,32,48000.0,1829.0
4,32,49000.0,1867.0
4,32,50000.0,1886.0
4,33,1000.0,9.0
4,33,2000.0,27.0
4,33,3000.0,36.0
4,33,4000.0,45.0
4,33,5000.0,72.0
4,33,6000.0,81.0
4,33,7000.0,90.0
4,33,8000.0,108.0
4,33,9000.0,117.0
4,33,10000.0,126.0
4,33,11000.0,146.0
4,33,12000.0,166.0
4,33,13000.0,176.0
4,33,14000.0,199.0
4,33,15000.0,212.0
4,33,16000.0,225.0
4,33,17000.0,251.0
4,33,18000.0,264.0
4,33,19000.0,277.0
4,33,20000.0,306.0
4,33,21000.0,322.0
4,33,22000.0,339.0
4,33,23000.0,372.0
4,33,24000.0,389.0
4,33,25000.0,406.0
4,33,26000.0,440.0
4,33,27000.0,457.0
4,33,28000.0,475.0
4,33,29000.0,512.0
4,33,30000.0,531.0
4,33,31000.0,549.0
4,33,32000.0,568.0
4,33,33000.0,589.0
4,33,34000.0,610.0
4,33,35000.0,631.0
4,33,36000.0,652.0
4,33,37000.0,674.0
4,33,38000.0,697.0
4,33,39000.0,720.0
4,33,40000.0,745.0
4,33,41000.0,770.0
4,33,42000.0,795.0
4,33,43000.0,821.0
4,33,44000.0,875.0
4,33,45000.0,902.0
4,33,46000.0,957.0
4,33,47000.0,1013.0
4,33,48000.0,1069.0
4,33,49000.0,1098.0
4,33,50000.0,1129.0
4,34,1000.0,6.0
4,34,2000.0,12.0
4,34,3000.0,24.0
4,34,4000.0,30.0
4,34,5000.0,36.0
4,34,6000.0,48.0
4,34,7000.0,54.0
4,34,8000.0,60.0
4,34,9000.0,72.0
4,34,10000.0,78.0
4,34,11000.0,84.0
4,34,12000.0,98.0
4,34,13000.0,105.0
4,34,14000.0,111.0
4,34,15000.0,123.0
4,34,16000.0,129.0
4,34,17000.0,135.0
4,34,18000.0,149.0
4,34,19000.0,156.0
4,34,20000.0,163.0
4,34,21000.0,179.0
4,34,22000.0,188.0
4,34,23000.0,197.0
4,34,24000.0,215.0
4,34,25000.0,224.0
4,34,26000.0,233.0
4,34,27000.0,251.0
4,34,28000.0,260.0
4,34,29000.0,269.0
4,34,30000.0,287.0
4,34,31000.0,296.0
4,34,32000.0,305.0
4,34,33000.0,323.0
4,34,34000.0,332.0
4,34,35000.0,342.0
4,34,36000.0,378.0
4,34,37000.0,402.0
4,34,38000.0,424.0
4,34,39000.0,457.0
4,34,40000.0,479.0
4,34,41000.0,489.0
4,34,42000.0,509.0
4,34,43000.0,533.0
4,34,44000.0,558.0
4,34,45000.0,571.0
4,34,46000.0,586.0
4,34,47000.0,620.0
4,34,48000.0,636.0
4,34,49000.0,668.0
4,34,50000.0,686.0
4,35,1000.0,10.0
4,35,2000.0,20.0
4,35,3000.0,108.0
4,35,4000.0,156.0
4,35,5000.0,195.0
4,35,6000.0,260.0
4,35,7000.0,374.0
4,35,8000.0,437.0
4,35,9000.0,488.0
4,35,10000.0,556.0
4,35,11000.0,606.0
4,35,12000.0,640.0
4,35,13000.0,674.0
4,35,14000.0,725.0
4,35,15000.0,776.0
4,35,16000.0,793.0
4,35,17000.0,861.0
4,35,18000.0,912.0
4,35,19000.0,946.0
4,35,20000.0,982.0
4,35,21000.0,1021.0
4,35,22000.0,1084.0
4,35,23000.0,1126.0
4,35,24000.0,1167.0
4,35,25000.0,1207.0
4,35,26000.0,1246.0
4,35,27000.0,1286.0
4,35,28000.0,1329.0
4,35,29000.0,1375.0
4,35,30000.0,1398.0
4,35,31000.0,1421.0
4,35,32000.0,1465.0
4,35,33000.0,1487.0
4,35,34000.0,1509.0
4,35,35000.0,1531.0
4,35,36000.0,1553.0
4,35,37000.0,1575.0
4,35,38000.0,1597.0
4,35,39000.0,1620.0
4,35,40000.0,1643.0
4,35,41000.0,1666.0
4,35,42000.0,1689.0
4,35,43000.0,1714.0
4,35,44000.0,1737.0
4,35,45000.0,1759.0
4,35,46000.0,1779.0
4,35,47000.0,1836.0
4,35,48000.0,1855.0
4,35,49000.0,1891.0
4,35,50000.0,1945.0
4,36,1000.0,7.0
4,36,2000.0,21.0
4,36,3000.0,28.0
4,36,4000.0,35.0
4,36,5000.0,49.0
4,36,6000.0,64.0
4,36,7000.0,72.0
4,36,8000.0,88.0
4,36,9000.0,104.0
4,36,10000.0,111.0
4,36,11000.0,128.0
4,36,12000.0,137.0
4,36,13000.0,146.0
4,36,14000.0,165.0
4,36,15000.0,175.0
4,36,16000.0,186.0
4,36,17000.0,210.0
4,36,18000.0,234.0
4,36,19000.0,268.0
4,36,20000.0,301.0
4,36,21000.0,311.0
4,36,22000.0,320.0
4,36,23000.0,337.0
4,36,24000.0,353.0
4,36,25000.0,361.0
4,36,26000.0,379.0
4,36,27000.0,388.0
4,36,28000.0,397.0
4,36,29000.0,406.0
4,36,30000.0,415.0
4,36,31000.0,423.0
4,36,32000.0,437.0
4,36,33000.0,444.0
4,36,34000.0,450.0
4,36,35000.0,456.0
4,36,36000.0,461.0
4,36,37000.0,466.0
4,36,38000.0,471.0
4,36,39000.0,475.0
4,36,40000.0,478.0
4,36,41000.0,481.0
4,36,42000.0,484.0
4,36,43000.0,488.0
4,36,44000.0,496.0
4,36,45000.0,500.0
4,36,46000.0,504.0
4,36,47000.0,510.0
4,36,48000.0,513.0
4,36,49000.0,516.0
4,36,50000.0,519.0
4,37,1000.0,6.0
4,37,2000.0,19.0
4,37,3000.0,26.0
4,37,4000.0,33.0
4,37,5000.0,57.0
4,37,6000.0,65.0
4,37,7000.0,73.0
4,37,8000.0,89.0
4,37,9000.0,97.0
4,37,10000.0,105.0
4,37,11000.0,121.0
4,37,12000.0,129.0
4,37,13000.0,138.0
4,37,14000.0,157.0
4,37,15000.0,167.0
4,37,16000.0,177.0
4,37,17000.0,197.0
4,37,18000.0,207.0
4,37,19000.0,217.0
4,37,20000.0,237.0
4,37,21000.0,247.0
4,37,22000.0,257.0
4,37,23000.0,277.0
4,37,24000.0,287.0
4,37,25000.0,297.0
4,37,26000.0,319.0
4,37,27000.0,330.0
4,37,28000.0,340.0
4,37,29000.0,362.0
4,37,30000.0,374.0
4,37,31000.0,387.0
4,37,32000.0,413.0
4,37,33000.0,426.0
4,37,34000.0,439.0
4,37,35000.0,466.0
4,37,36000.0,495.0
4,37,37000.0,527.0
4,37,38000.0,561.0
4,37,39000.0,578.0
4,37,40000.0,596.0
4,37,41000.0,632.0
4,37,42000.0,669.0
4,37,43000.0,687.0
4,37,44000.0,723.0
4,37,45000.0,759.0
4,37,46000.0,778.0
4,37,47000.0,798.0
4,37,48000.0,818.0
4,37,49000.0,840.0
4,37,50000.0,863.0
4,38,1000.0,35.0
4,38,2000.0,107.0
4,38,3000.0,119.0
4,38,4000.0,144.0
4,38,5000.0,214.0
4,38,6000.0,228.0
4,38,7000.0,256.0
4,38,8000.0,271.0
4,38,9000.0,286.0
4,38,10000.0,319.0
4,38,11000.0,336.0
4,38,12000.0,355.0
4,38,13000.0,394.0
4,38,14000.0,414.0
4,38,15000.0,435.0
4,38,16000.0,481.0
4,38,17000.0,504.0
4,38,18000.0,526.0
4,38,19000.0,569.0
4,38,20000.0,611.0
4,38,21000.0,632.0
4,38,22000.0,674.0
4,38,23000.0,695.0
4,38,24000.0,716.0
4,38,25000.0,736.0
4,38,26000.0,759.0
4,38,27000.0,782.0
4,38,28000.0,806.0
4,38,29000.0,831.0
4,38,30000.0,857.0
4,38,31000.0,884.0
4,38,32000.0,912.0
4,38,33000.0,940.0
4,38,34000.0,969.0
4,38,35000.0,998.0
4,38,36000.0,1027.0
4,38,37000.0,1054.0
4,38,38000.0,1081.0
4,38,39000.0,1108.0
4,38,40000.0,1164.0
4,38,41000.0,1194.0
4,38,42000.0,1223.0
4,38,43000.0,1284.0
4,38,44000.0,1314.0
4,38,45000.0,1344.0
4,38,46000.0,1373.0
4,38,47000.0,1402.0
4,38,48000.0,1431.0
4,38,49000.0,1489.0
4,38,50000.0,1518.0
4,39,1000.0,30.0
4,39,2000.0,46.0
4,39,3000.0,77.0
4,39,4000.0,107.0
4,39,5000.0,122.0
4,39,6000.0,137.0
4,39,7000.0,167.0
4,39,8000.0,197.0
4,39,9000.0,213.0
4,39,10000.0,249.0
4,39,11000.0,267.0
4,39,12000.0,303.0
4,39,13000.0,321.0
4,39,14000.0,357.0
4,39,15000.0,375.0
4,39,16000.0,392.0
4,39,17000.0,409.0
4,39,18000.0,443.0
4,39,19000.0,460.0
4,39,20000.0,497.0
4,39,21000.0,518.0
4,39,22000.0,539.0
4,39,23000.0,581.0
4,39,24000.0,601.0
4,39,25000.0,640.0
4,39,26000.0,661.0
4,39,27000.0,699.0
4,39,28000.0,718.0
4,39,29000.0,737.0
4,39,30000.0,791.0
4,39,31000.0,809.0
4,39,32000.0,825.0
4,39,33000.0,870.0
4,39,34000.0,885.0
4,39,35000.0,912.0
4,39,36000.0,937.0
4,39,37000.0,959.0
4,39,38000.0,981.0
4,39,39000.0,1014.0
4,39,40000.0,1034.0
4,39,41000.0,1043.0
4,39,42000.0,1049.0
4,39,43000.0,1055.0
4,39,44000.0,1061.0
4,39,45000.0,1073.0
4,39,46000.0,1078.0
4,39,47000.0,1084.0
4,39,48000.0,1090.0
4,39,49000.0,1102.0
4,39,50000.0,1109.0
4,40,1000.0,12.0
4,40,2000.0,36.0
4,40,3000.0,60.0
4,40,4000.0,72.0
4,40,5000.0,100.0
4,40,6000.0,128.0
4,40,7000.0,142.0
4,40,8000.0,170.0
4,40,9000.0,184.0
4,40,10000.0,200.0
4,40,11000.0,233.0
4,40,12000.0,251.0
4,40,13000.0,270.0
4,40,14000.0,308.0
4,40,15000.0,346.0
4,40,16000.0,365.0
4,40,17000.0,406.0
4,40,18000.0,427.0
4,40,19000.0,449.0
4,40,20000.0,472.0
4,40,21000.0,496.0
4,40,22000.0,520.0
4,40,23000.0,567.0
4,40,24000.0,590.0
4,40,25000.0,614.0
4,40,26000.0,638.0
4,40,27000.0,662.0
4,40,28000.0,686.0
4,40,29000.0,735.0
4,40,30000.0,760.0
4,40,31000.0,786.0
4,40,32000.0,813.0
4,40,33000.0,841.0
4,40,34000.0,870.0
4,40,35000.0,899.0
4,40,36000.0,927.0
4,40,37000.0,956.0
4,40,38000.0,1016.0
4,40,39000.0,1046.0
4,40,40000.0,1077.0
4,40,41000.0,1135.0
4,40,42000.0,1164.0
4,40,43000.0,1193.0
4,40,44000.0,1222.0
4,40,45000.0,1251.0
4,40,46000.0,1281.0
4,40,47000.0,1311.0
4,40,48000.0,1342.0
4,40,49000.0,1372.0
4,40,50000.0,1401.0
4,41,1000.0,18.0
4,41,2000.0,24.0
4,41,3000.0,30.0
4,41,4000.0,51.0
4,41,5000.0,58.0
4,41,6000.0,65.0
4,41,7000.0,72.0
4,41,8000.0,79.0
4,41,9000.0,87.0
4,41,10000.0,95.0
4,41,11000.0,103.0
4,41,12000.0,111.0
4,41,13000.0,127.0
4,41,14000.0,135.0
4,41,15000.0,143.0
4,41,16000.0,151.0
4,41,17000.0,159.0
4,41,18000.0,167.0
4,41,19000.0,175.0
4,41,20000.0,183.0
4,41,21000.0,192.0
4,41,22000.0,219.0
4,41,23000.0,237.0
4,41,24000.0,259.0
4,41,25000.0,281.0
4,41,26000.0,292.0
4,41,27000.0,303.0
4,41,28000.0,327.0
4,41,29000.0,339.0
4,41,30000.0,351.0
4,41,31000.0,376.0
4,41,32000.0,389.0
4,41,33000.0,402.0
4,41,34000.0,428.0
4,41,35000.0,441.0
4,41,36000.0,454.0
4,41,37000.0,467.0
4,41,38000.0,480.0
4,41,39000.0,493.0
4,41,40000.0,522.0
4,41,41000.0,537.0
4,41,42000.0,554.0
4,41,43000.0,588.0
4,41,44000.0,605.0
4,41,45000.0,623.0
4,41,46000.0,659.0
4,41,47000.0,678.0
4,41,48000.0,697.0
4,41,49000.0,732.0
4,41,50000.0,750.0
4,42,1000.0,4.0
4,42,2000.0,12.0
4,42,3000.0,22.0
4,42,4000.0,40.0
4,42,5000.0,47.0
4,42,6000.0,54.0
4,42,7000.0,63.0
4,42,8000.0,72.0
4,42,9000.0,81.0
4,42,10000.0,90.0
4,42,11000.0,99.0
4,42,12000.0,128.0
4,42,13000.0,138.0
4,42,14000.0,158.0
4,42,15000.0,170.0
4,42,16000.0,182.0
4,42,17000.0,206.0
4,42,18000.0,242.0
4,42,19000.0,266.0
4,42,20000.0,279.0
4,42,21000.0,291.0
4,42,22000.0,303.0
4,42,23000.0,326.0
4,42,24000.0,337.0
4,42,25000.0,350.0
4,42,26000.0,376.0
4,42,27000.0,404.0
4,42,28000.0,418.0
4,42,29000.0,448.0
4,42,30000.0,463.0
4,42,31000.0,480.0
4,42,32000.0,514.0
4,42,33000.0,531.0
4,42,34000.0,550.0
4,42,35000.0,586.0
4,42,36000.0,605.0
4,42,37000.0,624.0
4,42,38000.0,663.0
4,42,39000.0,683.0
4,42,40000.0,704.0
4,42,41000.0,725.0
4,42,42000.0,746.0
4,42,43000.0,767.0
4,42,44000.0,788.0
4,42,45000.0,810.0
4,42,46000.0,831.0
4,42,47000.0,852.0
4,42,48000.0,873.0
4,42,49000.0,892.0
4,42,50000.0,932.0
4,43,1000.0,10.0
4,43,2000.0,21.0
4,43,3000.0,43.0
4,43,4000.0,54.0
4,43,5000.0,66.0
4,43,6000.0,102.0
4,43,7000.0,140.0
4,43,8000.0,166.0
4,43,9000.0,192.0
4,43,10000.0,204.0
4,43,11000.0,230.0
4,43,12000.0,254.0
4,43,13000.0,266.0
4,43,14000.0,279.0
4,43,15000.0,292.0
4,43,16000.0,304.0
4,43,17000.0,317.0
4,43,18000.0,345.0
4,43,19000.0,359.0
4,43,20000.0,374.0
4,43,21000.0,406.0
4,43,22000.0,422.0
4,43,23000.0,438.0
4,43,24000.0,465.0
4,43,25000.0,478.0
4,43,26000.0,504.0
4,43,27000.0,528.0
4,43,28000.0,554.0
4,43,29000.0,580.0
4,43,30000.0,604.0
4,43,31000.0,616.0
4,43,32000.0,628.0
4,43,33000.0,650.0
4,43,34000.0,661.0
4,43,35000.0,672.0
4,43,36000.0,692.0
4,43,37000.0,702.0
4,43,38000.0,712.0
4,43,39000.0,722.0
4,43,40000.0,731.0
4,43,41000.0,740.0
4,43,42000.0,748.0
4,43,43000.0,754.0
4,43,44000.0,760.0
4,43,45000.0,764.0
4,43,46000.0,768.0
4,43,47000.0,770.0
4,43,48000.0,774.0
4,43,49000.0,776.0
4,43,50000.0,778.0
4,44,1000.0,8.0
4,44,2000.0,24.0
4,44,3000.0,32.0
4,44,4000.0,41.0
4,44,5000.0,59.0
4,44,6000.0,68.0
4,44,7000.0,78.0
4,44,8000.0,98.0
4,44,9000.0,108.0
4,44,10000.0,118.0
4,44,11000.0,138.0
4,44,12000.0,148.0
4,44,13000.0,158.0
4,44,14000.0,167.0
4,44,15000.0,177.0
4,44,16000.0,190.0
4,44,17000.0,216.0
4,44,18000.0,254.0
4,44,19000.0,266.0
4,44,20000.0,290.0
4,44,21000.0,315.0
4,44,22000.0,328.0
4,44,23000.0,356.0
4,44,24000.0,399.0
4,44,25000.0,414.0
4,44,26000.0,446.0
4,44,27000.0,478.0
4,44,28000.0,494.0
4,44,29000.0,510.0
4,44,30000.0,525.0
4,44,31000.0,541.0
4,44,32000.0,573.0
4,44,33000.0,589.0
4,44,34000.0,606.0
4,44,35000.0,625.0
4,44,36000.0,643.0
4,44,37000.0,661.0
4,44,38000.0,679.0
4,44,39000.0,697.0
4,44,40000.0,715.0
4,44,41000.0,732.0
4,44,42000.0,748.0
4,44,43000.0,764.0
4,44,44000.0,796.0
4,44,45000.0,812.0
4,44,46000.0,827.0
4,44,47000.0,841.0
4,44,48000.0,855.0
4,44,49000.0,868.0
4,44,50000.0,894.0
4,45,1000.0,11.0
4,45,2000.0,22.0
4,45,3000.0,46.0
4,45,4000.0,70.0
4,45,5000.0,94.0
4,45,6000.0,116.0
4,45,7000.0,127.0
4,45,8000.0,138.0
4,45,9000.0,161.0
4,45,10000.0,173.0
4,45,11000.0,185.0
4,45,12000.0,209.0
4,45,13000.0,234.0
4,45,14000.0,247.0
4,45,15000.0,273.0
4,45,16000.0,286.0
4,45,17000.0,299.0
4,45,18000.0,325.0
4,45,19000.0,338.0
4,45,20000.0,364.0
4,45,21000.0,394.0
4,45,22000.0,410.0
4,45,23000.0,426.0
4,45,24000.0,459.0
4,45,25000.0,493.0
4,45,26000.0,511.0
4,45,27000.0,529.0
4,45,28000.0,549.0
4,45,29000.0,571.0
4,45,30000.0,594.0
4,45,31000.0,618.0
4,45,32000.0,642.0
4,45,33000.0,667.0
4,45,34000.0,694.0
4,45,35000.0,723.0
4,45,36000.0,751.0
4,45,37000.0,779.0
4,45,38000.0,809.0
4,45,39000.0,839.0
4,45,40000.0,869.0
4,45,41000.0,899.0
4,45,42000.0,928.0
4,45,43000.0,957.0
4,45,44000.0,986.0
4,45,45000.0,1016.0
4,45,46000.0,1046.0
4,45,47000.0,1076.0
4,45,48000.0,1137.0
4,45,49000.0,1197.0
4,45,50000.0,1257.0
4,46,1000.0,14.0
4,46,2000.0,41.0
4,46,3000.0,67.0
4,46,4000.0,80.0
4,46,5000.0,106.0
4,46,6000.0,133.0
4,46,7000.0,161.0
4,46,8000.0,187.0
4,46,9000.0,212.0
4,46,10000.0,237.0
4,46,11000.0,261.0
4,46,12000.0,273.0
4,46,13000.0,287.0
4,46,14000.0,316.0
4,46,15000.0,331.0
4,46,16000.0,346.0
4,46,17000.0,376.0
4,46,18000.0,391.0
4,46,19000.0,406.0
4,46,20000.0,434.0
4,46,21000.0,448.0
4,46,22000.0,463.0
4,46,23000.0,493.0
4,46,24000.0,508.0
4,46,25000.0,538.0
4,46,26000.0,570.0
4,46,27000.0,585.0
4,46,28000.0,600.0
4,46,29000.0,628.0
4,46,30000.0,642.0
4,46,31000.0,654.0
4,46,32000.0,678.0
4,46,33000.0,690.0
4,46,34000.0,702.0
4,46,35000.0,715.0
4,46,36000.0,728.0
4,46,37000.0,741.0
4,46,38000.0,769.0
4,46,39000.0,783.0
4,46,40000.0,797.0
4,46,41000.0,811.0
4,46,42000.0,825.0
4,46,43000.0,840.0
4,46,44000.0,855.0
4,46,45000.0,871.0
4,46,46000.0,887.0
4,46,47000.0,904.0
4,46,48000.0,921.0
4,46,49000.0,939.0
4,46,50000.0,959.0
4,47,1000.0,12.0
4,47,2000.0,26.0
4,47,3000.0,58.0
4,47,4000.0,90.0
4,47,5000.0,122.0
4,47,6000.0,138.0
4,47,7000.0,155.0
4,47,8000.0,172.0
4,47,9000.0,189.0
4,47,10000.0,207.0
4,47,11000.0,223.0
4,47,12000.0,240.0
4,47,13000.0,259.0
4,47,14000.0,279.0
4,47,15000.0,325.0
4,47,16000.0,371.0
4,47,17000.0,394.0
4,47,18000.0,417.0
4,47,19000.0,440.0
4,47,20000.0,464.0
4,47,21000.0,488.0
4,47,22000.0,512.0
4,47,23000.0,535.0
4,47,24000.0,576.0
4,47,25000.0,596.0
4,47,26000.0,617.0
4,47,27000.0,639.0
4,47,28000.0,661.0
4,47,29000.0,683.0
4,47,30000.0,705.0
4,47,31000.0,729.0
4,47,32000.0,753.0
4,47,33000.0,801.0
4,47,34000.0,825.0
4,47,35000.0,849.0
4,47,36000.0,874.0
4,47,37000.0,924.0
4,47,38000.0,949.0
4,47,39000.0,975.0
4,47,40000.0,1027.0
4,47,41000.0,1053.0
4,47,42000.0,1079.0
4,47,43000.0,1135.0
4,47,44000.0,1164.0
4,47,45000.0,1193.0
4,47,46000.0,1222.0
4,47,47000.0,1252.0
4,47,48000.0,1282.0
4,47,49000.0,1312.0
4,47,50000.0,1342.0
4,48,1000.0,12.0
4,48,2000.0,24.0
4,48,3000.0,50.0
4,48,4000.0,77.0
4,48,5000.0,133.0
4,48,6000.0,161.0
4,48,7000.0,189.0
4,48,8000.0,231.0
4,48,9000.0,260.0
4,48,10000.0,306.0
4,48,11000.0,354.0
4,48,12000.0,386.0
4,48,13000.0,418.0
4,48,14000.0,434.0
4,48,15000.0,468.0
4,48,16000.0,504.0
4,48,17000.0,522.0
4,48,18000.0,558.0
4,48,19000.0,577.0
4,48,20000.0,597.0
4,48,21000.0,641.0
4,48,22000.0,664.0
4,48,23000.0,687.0
4,48,24000.0,713.0
4,48,25000.0,740.0
4,48,26000.0,767.0
4,48,27000.0,795.0
4,48,28000.0,823.0
4,48,29000.0,851.0
4,48,30000.0,878.0
4,48,31000.0,906.0
4,48,32000.0,933.0
4,48,33000.0,960.0
4,48,34000.0,987.0
4,48,35000.0,1015.0
4,48,36000.0,1045.0
4,48,37000.0,1074.0
4,48,38000.0,1103.0
4,48,39000.0,1133.0
4,48,40000.0,1164.0
4,48,41000.0,1194.0
4,48,42000.0,1224.0
4,48,43000.0,1255.0
4,48,44000.0,1286.0
4,48,45000.0,1316.0
4,48,46000.0,1348.0
4,48,47000.0,1380.0
4,48,48000.0,1412.0
4,48,49000.0,1442.0
4,48,50000.0,1472.0
4,49,1000.0,18.0
4,49,2000.0,27.0
4,49,3000.0,36.0
4,49,4000.0,54.0
4,49,5000.0,63.0
4,49,6000.0,72.0
4,49,7000.0,91.0
4,49,8000.0,101.0
4,49,9000.0,111.0
4,49,10000.0,135.0
4,49,11000.0,147.0
4,49,12000.0,160.0
4,49,13000.0,173.0
4,49,14000.0,186.0
4,49,15000.0,199.0
4,49,16000.0,226.0
4,49,17000.0,240.0
4,49,18000.0,255.0
4,49,19000.0,287.0
4,49,20000.0,303.0
4,49,21000.0,318.0
4,49,22000.0,335.0
4,49,23000.0,352.0
4,49,24000.0,386.0
4,49,25000.0,406.0
4,49,26000.0,426.0
4,49,27000.0,447.0
4,49,28000.0,489.0
4,49,29000.0,510.0
4,49,30000.0,531.0
4,49,31000.0,552.0
4,49,32000.0,573.0
4,49,33000.0,596.0
4,49,34000.0,644.0
4,49,35000.0,668.0
4,49,36000.0,693.0
4,49,37000.0,747.0
4,49,38000.0,805.0
4,49,39000.0,835.0
4,49,40000.0,865.0
4,49,41000.0,896.0
4,49,42000.0,926.0
4,49,43000.0,957.0
4,49,44000.0,988.0
4,49,45000.0,1020.0
4,49,46000.0,1050.0
4,49,47000.0,1080.0
4,49,48000.0,1111.0
4,49,49000.0,1141.0
4,49,50000.0,1171.0
