rep,host,t,Rc
0,0,5000.0,2.0
0,0,6000.0,2.0
0,0,7000.0,2.0
0,0,8000.0,2.0
0,0,9000.0,2.0
0,0,10000.0,2.0
0,0,11000.0,2.0
0,0,12000.0,0.0
0,0,13000.0,0.0
0,0,14000.0,0.0
0,0,15000.0,0.0
0,0,16000.0,0.0
0,0,17000.0,0.0
0,0,18000.0,0.0
0,0,19000.0,0.0
0,0,20000.0,0.0
0,0,21000.0,0.0
0,0,22000.0,0.0
0,0,23000.0,0.0
0,0,24000.0,0.0
0,0,25000.0,0.0
0,0,26000.0,0.0
0,0,27000.0,0.0
0,0,28000.0,0.0
0,0,29000.0,0.0
0,0,30000.0,0.0
0,0,31000.0,0.0
0,0,32000.0,0.0
0,0,33000.0,0.0
0,0,34000.0,0.0
0,0,35000.0,0.0
0,0,36000.0,0.0
0,0,37000.0,0.0
0,0,38000.0,0.0
0,0,39000.0,0.0
0,0,40000.0,0.0
0,0,41000.0,0.0
0,0,42000.0,0.0
0,0,43000.0,0.0
0,0,44000.0,0.0
0,0,45000.0,0.0
0,0,46000.0,0.0
0,0,47000.0,0.0
0,0,48000.0,0.0
0,0,49000.0,0.0
0,0,50000.0,0.0
0,1,5000.0,0.0
0,1,6000.0,0.0
0,1,7000.0,0.0
0,1,8000.0,0.0
0,1,9000.0,0.0
0,1,10000.0,0.0
0,1,11000.0,0.0
0,1,12000.0,0.0
0,1,13000.0,0.0
0,1,14000.0,0.0
0,1,15000.0,0.0
0,1,16000.0,0.0
0,1,17000.0,0.0
0,1,18000.0,0.0
0,1,19000.0,0.0
0,1,20000.0,0.0
0,1,21000.0,0.0
0,1,22000.0,0.0
0,1,23000.0,0.0
0,1,24000.0,0.0
0,1,25000.0,0.0
0,1,26000.0,0.0
0,1,27000.0,0.0
0,1,28000.0,0.0
0,1,29000.0,0.0
0,1,30000.0,0.0
0,1,31000.0,0.0
0,1,32000.0,0.0
0,1,33000.0,0.0
0,1,34000.0,0.0
0,1,35000.0,0.0
0,1,36000.0,0.0
0,1,37000.0,0.0
0,1,38000.0,0.0
0,1,39000.0,0.0
0,1,40000.0,0.0
0,1,41000.0,0.0
0,1,42000.0,0.0
0,1,43000.0,0.0
0,1,44000.0,0.0
0,1,45000.0,0.0
0,1,46000.0,0.0
0,1,47000.0,0.0
0,1,48000.0,0.0
0,1,49000.0,0.0
0,1,50000.0,0.0
0,2,5000.0,0.0
0,2,6000.0,0.0
0,2,7000.0,0.0
0,2,8000.0,0.0
0,2,9000.0,0.0
0,2,10000.0,0.0
0,2,11000.0,0.0
0,2,12000.0,0.0
0,2,13000.0,0.0
0,2,14000.0,0.0
0,2,15000.0,0.0
0,2,16000.0,0.0
0,2,17000.0,0.0
0,2,18000.0,0.0
0,2,19000.0,0.0
0,2,20000.0,0.0
0,2,21000.0,0.0
0,2,22000.0,0.0
0,2,23000.0,0.0
0,2,24000.0,0.0
0,2,25000.0,0.0
0,2,26000.0,0.0
0,2,27000.0,0.0
0,2,28000.0,0.0
0,2,29000.0,0.0
0,2,30000.0,0.0
0,2,31000.0,0.0
0,2,32000.0,0.0
0,2,33000.0,0.0
0,2,34000.0,0.0
0,2,35000.0,0.0
0,2,36000.0,0.0
0,2,37000.0,0.0
0,2,38000.0,0.0
0,2,39000.0,0.0
0,2,40000.0,0.0
0,2,41000.0,0.0
0,2,42000.0,0.0
0,2,43000.0,0.0
0,2,44000.0,0.0
0,2,45000.0,0.0
0,2,46000.0,0.0
0,2,47000.0,0.0
0,2,48000.0,0.0
0,2,49000.0,0.0
0,2,50000.0,0.0
0,4,5000.0,0.0
0,4,6000.0,0.0
0,4,7000.0,0.0
0,4,8000.0,0.0
0,4,9000.0,0.0
0,4,10000.0,0.0
0,4,11000.0,0.0
0,4,12000.0,0.0
0,4,13000.0,0.0
0,4,14000.0,0.0
0,4,15000.0,0.0
0,4,16000.0,0.0
0,4,17000.0,0.0
0,4,18000.0,0.0
0,4,19000.0,0.0
0,4,20000.0,0.0
0,4,21000.0,0.0
0,4,22000.0,0.0
0,4,23000.0,0.0
0,4,24000.0,0.0
0,4,25000.0,0.0
0,4,26000.0,0.0
0,4,27000.0,0.0
0,4,28000.0,0.0
0,4,29000.0,0.0
0,4,30000.0,0.0
0,4,31000.0,0.0
0,4,32000.0,0.0
0,4,33000.0,0.0
0,4,34000.0,0.0
0,4,35000.0,0.0
0,4,36000.0,0.0
0,4,37000.0,0.0
0,4,38000.0,0.0
0,4,39000.0,0.0
0,4,40000.0,0.0
0,4,41000.0,0.0
0,4,42000.0,0.0
0,4,43000.0,0.0
0,4,44000.0,0.0
0,4,45000.0,0.0
0,4,46000.0,0.0
0,4,47000.0,0.0
0,4,48000.0,0.0
0,4,49000.0,0.0
0,4,50000.0,0.0
0,5,5000.0,0.0
0,5,6000.0,0.0
0,5,7000.0,0.0
0,5,8000.0,0.0
0,5,9000.0,0.0
0,5,10000.0,0.0
0,5,11000.0,0.0
0,5,12000.0,0.0
0,5,13000.0,0.0
0,5,14000.0,0.0
0,5,15000.0,0.0
0,5,16000.0,0.0
0,5,17000.0,0.0
0,5,18000.0,0.0
0,5,19000.0,0.0
0,5,20000.0,0.0
0,5,21000.0,0.0
0,5,22000.0,0.0
0,5,23000.0,0.0
0,5,24000.0,0.0
0,5,25000.0,0.0
0,5,26000.0,0.0
0,5,27000.0,0.0
0,5,28000.0,0.0
0,5,29000.0,0.0
0,5,30000.0,0.0
0,5,31000.0,0.0
0,5,32000.0,0.0
0,5,33000.0,0.0
0,5,34000.0,0.0
0,5,35000.0,0.0
0,5,36000.0,0.0
0,5,37000.0,0.0
0,5,38000.0,0.0
0,5,39000.0,0.0
0,5,40000.0,0.0
0,5,41000.0,0.0
0,5,42000.0,0.0
0,5,43000.0,0.0
0,5,44000.0,0.0
0,5,45000.0,0.0
0,5,46000.0,0.0
0,5,47000.0,0.0
0,5,48000.0,0.0
0,5,49000.0,0.0
0,5,50000.0,0.0
0,6,5000.0,0.0
0,6,6000.0,0.0
0,6,7000.0,0.0
0,6,8000.0,0.0
0,6,9000.0,0.0
0,6,10000.0,0.0
0,6,11000.0,0.0
0,6,12000.0,0.0
0,6,13000.0,0.0
0,6,14000.0,0.0
0,6,15000.0,0.0
0,6,16000.0,0.0
0,6,17000.0,0.0
0,6,18000.0,0.0
0,6,19000.0,0.0
0,6,20000.0,0.0
0,6,21000.0,0.0
0,6,22000.0,0.0
0,6,23000.0,0.0
0,6,24000.0,0.0
0,6,25000.0,0.0
0,6,26000.0,0.0
0,6,27000.0,0.0
0,6,28000.0,0.0
0,6,29000.0,0.0
0,6,30000.0,0.0
0,6,31000.0,0.0
0,6,32000.0,0.0
0,6,33000.0,0.0
0,6,34000.0,0.0
0,6,35000.0,0.0
0,6,36000.0,0.0
0,6,37000.0,0.0
0,6,38000.0,0.0
0,6,39000.0,0.0
0,6,40000.0,0.0
0,6,41000.0,0.0
0,6,42000.0,0.0
0,6,43000.0,0.0
0,6,44000.0,0.0
0,6,45000.0,0.0
0,6,46000.0,0.0
0,6,47000.0,0.0
0,6,48000.0,0.0
0,6,49000.0,0.0
0,6,50000.0,0.0
0,7,5000.0,0.0
0,7,6000.0,0.0
0,7,7000.0,0.0
0,7,8000.0,2.0
0,7,9000.0,2.0
0,7,10000.0,2.0
0,7,11000.0,2.0
0,7,12000.0,0.0
0,7,13000.0,0.0
0,7,14000.0,0.0
0,7,15000.0,0.0
0,7,16000.0,0.0
0,7,17000.0,0.0
0,7,18000.0,0.0
0,7,19000.0,0.0
0,7,20000.0,0.0
0,7,21000.0,0.0
0,7,22000.0,0.0
0,7,23000.0,0.0
0,7,24000.0,0.0
0,7,25000.0,0.0
0,7,26000.0,0.0
0,7,27000.0,0.0
0,7,28000.0,0.0
0,7,29000.0,0.0
0,7,30000.0,0.0
0,7,31000.0,0.0
0,7,32000.0,0.0
0,7,33000.0,0.0
0,7,34000.0,0.0
0,7,35000.0,0.0
0,7,36000.0,0.0
0,7,37000.0,0.0
0,7,38000.0,0.0
0,7,39000.0,0.0
0,7,40000.0,0.0
0,7,41000.0,2.0
0,7,42000.0,0.0
0,7,43000.0,0.0
0,7,44000.0,0.0
0,7,45000.0,0.0
0,7,46000.0,0.0
0,7,47000.0,0.0
0,7,48000.0,0.0
0,7,49000.0,0.0
0,7,50000.0,0.0
0,8,5000.0,0.0
0,8,6000.0,0.0
0,8,7000.0,0.0
0,8,8000.0,0.0
0,8,9000.0,0.0
0,8,10000.0,0.0
0,8,11000.0,0.0
0,8,12000.0,0.0
0,8,13000.0,0.0
0,8,14000.0,0.0
0,8,15000.0,0.0
0,8,16000.0,0.0
0,8,17000.0,0.0
0,8,18000.0,0.0
0,8,19000.0,0.0
0,8,20000.0,0.0
0,8,21000.0,0.0
0,8,22000.0,0.0
0,8,23000.0,0.0
0,8,24000.0,0.0
0,8,25000.0,0.0
0,8,26000.0,0.0
0,8,27000.0,0.0
0,8,28000.0,0.0
0,8,29000.0,0.0
0,8,30000.0,0.0
0,8,31000.0,0.0
0,8,32000.0,0.0
0,8,33000.0,0.0
0,8,34000.0,0.0
0,8,35000.0,0.0
0,8,36000.0,0.0
0,8,37000.0,0.0
0,8,38000.0,0.0
0,8,39000.0,0.0
0,8,40000.0,0.0
0,8,41000.0,0.0
0,8,42000.0,0.0
0,8,43000.0,0.0
0,8,44000.0,0.0
0,8,45000.0,0.0
0,8,46000.0,0.0
0,8,47000.0,0.0
0,8,48000.0,0.0
0,8,49000.0,0.0
0,8,50000.0,0.0
0,9,5000.0,0.0
0,9,6000.0,0.0
0,9,7000.0,0.0
0,9,8000.0,0.0
0,9,9000.0,0.0
0,9,10000.0,0.0
0,9,11000.0,0.0
0,9,12000.0,0.0
0,9,13000.0,0.0
0,9,14000.0,0.0
0,9,15000.0,0.0
0,9,16000.0,0.0
0,9,17000.0,0.0
0,9,18000.0,2.0
0,9,19000.0,2.0
0,9,20000.0,2.0
0,9,21000.0,2.0
0,9,22000.0,0.0
0,9,23000.0,0.0
0,9,24000.0,0.0
0,9,25000.0,0.0
0,9,26000.0,0.0
0,9,27000.0,0.0
0,9,28000.0,0.0
0,9,29000.0,0.0
0,9,30000.0,0.0
0,9,31000.0,0.0
0,9,32000.0,0.0
0,9,33000.0,0.0
0,9,34000.0,0.0
0,9,35000.0,0.0
0,9,36000.0,0.0
0,9,37000.0,0.0
0,9,38000.0,0.0
0,9,39000.0,0.0
0,9,40000.0,0.0
0,9,41000.0,0.0
0,9,42000.0,0.0
0,9,43000.0,0.0
0,9,44000.0,0.0
0,9,45000.0,0.0
0,9,46000.0,0.0
0,9,47000.0,0.0
0,9,48000.0,0.0
0,9,49000.0,0.0
0,9,50000.0,0.0
0,10,5000.0,0.0
0,10,6000.0,0.0
0,10,7000.0,0.0
0,10,8000.0,0.0
0,10,9000.0,0.0
0,10,10000.0,0.0
0,10,11000.0,0.0
0,10,12000.0,0.0
0,10,13000.0,0.0
0,10,14000.0,0.0
0,10,15000.0,0.0
0,10,16000.0,0.0
0,10,17000.0,0.0
0,10,18000.0,0.0
0,10,19000.0,0.0
0,10,20000.0,0.0
0,10,21000.0,0.0
0,10,22000.0,0.0
0,10,23000.0,0.0
0,10,24000.0,0.0
0,10,25000.0,0.0
0,10,26000.0,0.0
0,10,27000.0,0.0
0,10,28000.0,0.0
0,10,29000.0,0.0
0,10,30000.0,0.0
0,10,31000.0,0.0
0,10,32000.0,0.0
0,10,33000.0,0.0
0,10,34000.0,0.0
0,10,35000.0,0.0
0,10,36000.0,0.0
0,10,37000.0,0.0
0,10,38000.0,0.0
0,10,39000.0,0.0
0,10,40000.0,0.0
0,10,41000.0,0.0
0,10,42000.0,0.0
0,10,43000.0,0.0
0,10,44000.0,0.0
0,10,45000.0,0.0
0,10,46000.0,0.0
0,10,47000.0,0.0
0,10,48000.0,0.0
0,10,49000.0,0.0
0,10,50000.0,0.0
0,11,5000.0,0.0
0,11,6000.0,0.0
0,11,7000.0,0.0
0,11,8000.0,0.0
0,11,9000.0,0.0
0,11,10000.0,0.0
0,11,11000.0,0.0
0,11,12000.0,0.0
0,11,13000.0,0.0
0,11,14000.0,0.0
0,11,15000.0,2.0
0,11,16000.0,2.0
0,11,17000.0,2.0
0,11,18000.0,2.0
0,11,19000.0,2.0
0,11,20000.0,2.0
0,11,21000.0,2.0
0,11,22000.0,0.0
0,11,23000.0,0.0
0,11,24000.0,0.0
0,11,25000.0,0.0
0,11,26000.0,0.0
0,11,27000.0,0.0
0,11,28000.0,0.0
0,11,29000.0,0.0
0,11,30000.0,0.0
0,11,31000.0,0.0
0,11,32000.0,0.0
0,11,33000.0,0.0
0,11,34000.0,0.0
0,11,35000.0,0.0
0,11,36000.0,0.0
0,11,37000.0,0.0
0,11,38000.0,0.0
0,11,39000.0,0.0
0,11,40000.0,0.0
0,11,41000.0,0.0
0,11,42000.0,0.0
0,11,43000.0,0.0
0,11,44000.0,0.0
0,11,45000.0,0.0
0,11,46000.0,0.0
0,11,47000.0,0.0
0,11,48000.0,0.0
0,11,49000.0,0.0
0,11,50000.0,0.0
0,12,5000.0,2.0
0,12,6000.0,2.0
0,12,7000.0,2.0
0,12,8000.0,2.0
0,12,9000.0,2.0
0,12,10000.0,2.0
0,12,11000.0,2.0
0,12,12000.0,0.0
0,12,13000.0,0.0
0,12,14000.0,0.0
0,12,15000.0,0.0
0,12,16000.0,0.0
0,12,17000.0,0.0
0,12,18000.0,0.0
0,12,19000.0,0.0
0,12,20000.0,0.0
0,12,21000.0,0.0
0,12,22000.0,0.0
0,12,23000.0,0.0
0,12,24000.0,0.0
0,12,25000.0,0.0
0,12,26000.0,0.0
0,12,27000.0,0.0
0,12,28000.0,0.0
0,12,29000.0,0.0
0,12,30000.0,0.0
0,12,31000.0,0.0
0,12,32000.0,0.0
0,12,33000.0,0.0
0,12,34000.0,0.0
0,12,35000.0,0.0
0,12,36000.0,0.0
0,12,37000.0,0.0
0,12,38000.0,0.0
0,12,39000.0,2.0
0,12,40000.0,2.0
0,12,41000.0,2.0
0,12,42000.0,0.0
0,12,43000.0,0.0
0,12,44000.0,0.0
0,12,45000.0,0.0
0,12,46000.0,0.0
0,12,47000.0,0.0
0,12,48000.0,0.0
0,12,49000.0,0.0
0,12,50000.0,0.0
0,13,5000.0,0.0
0,13,6000.0,0.0
0,13,7000.0,0.0
0,13,8000.0,0.0
0,13,9000.0,0.0
0,13,10000.0,0.0
0,13,11000.0,0.0
0,13,12000.0,0.0
0,13,13000.0,0.0
0,13,14000.0,0.0
0,13,15000.0,0.0
0,13,16000.0,0.0
0,13,17000.0,0.0
0,13,18000.0,0.0
0,13,19000.0,0.0
0,13,20000.0,0.0
0,13,21000.0,0.0
0,13,22000.0,0.0
0,13,23000.0,0.0
0,13,24000.0,0.0
0,13,25000.0,0.0
0,13,26000.0,0.0
0,13,27000.0,0.0
0,13,28000.0,0.0
0,13,29000.0,0.0
0,13,30000.0,0.0
0,13,31000.0,0.0
0,13,32000.0,0.0
0,13,33000.0,0.0
0,13,34000.0,0.0
0,13,35000.0,0.0
0,13,36000.0,0.0
0,13,37000.0,0.0
0,13,38000.0,0.0
0,13,39000.0,0.0
0,13,40000.0,0.0
0,13,41000.0,0.0
0,13,42000.0,0.0
0,13,43000.0,0.0
0,13,44000.0,0.0
0,13,45000.0,0.0
0,13,46000.0,0.0
0,13,47000.0,0.0
0,13,48000.0,0.0
0,13,49000.0,0.0
0,13,50000.0,0.0
0,14,5000.0,0.0
0,14,6000.0,0.0
0,14,7000.0,0.0
0,14,8000.0,0.0
0,14,9000.0,0.0
0,14,10000.0,0.0
0,14,11000.0,0.0
0,14,12000.0,0.0
0,14,13000.0,0.0
0,14,14000.0,0.0
0,14,15000.0,0.0
0,14,16000.0,0.0
0,14,17000.0,0.0
0,14,18000.0,0.0
0,14,19000.0,0.0
0,14,20000.0,0.0
0,14,21000.0,2.0
0,14,22000.0,0.0
0,14,23000.0,0.0
0,14,24000.0,0.0
0,14,25000.0,0.0
0,14,26000.0,0.0
0,14,27000.0,0.0
0,14,28000.0,0.0
0,14,29000.0,0.0
0,14,30000.0,0.0
0,14,31000.0,0.0
0,14,32000.0,0.0
0,14,33000.0,0.0
0,14,34000.0,2.0
0,14,35000.0,2.0
0,14,36000.0,2.0
0,14,37000.0,2.0
0,14,38000.0,2.0
0,14,39000.0,2.0
0,14,40000.0,2.0
0,14,41000.0,2.0
0,14,42000.0,0.0
0,14,43000.0,0.0
0,14,44000.0,0.0
0,14,45000.0,0.0
0,14,46000.0,0.0
0,14,47000.0,0.0
0,14,48000.0,0.0
0,14,49000.0,0.0
0,14,50000.0,0.0
0,15,5000.0,0.0
0,15,6000.0,2.0
0,15,7000.0,2.0
0,15,8000.0,2.0
0,15,9000.0,2.0
0,15,10000.0,2.0
0,15,11000.0,2.0
0,15,12000.0,0.0
0,15,13000.0,0.0
0,15,14000.0,0.0
0,15,15000.0,0.0
0,15,16000.0,0.0
0,15,17000.0,0.0
0,15,18000.0,0.0
0,15,19000.0,0.0
0,15,20000.0,0.0
0,15,21000.0,2.0
0,15,22000.0,0.0
0,15,23000.0,0.0
0,15,24000.0,0.0
0,15,25000.0,0.0
0,15,26000.0,0.0
0,15,27000.0,0.0
0,15,28000.0,0.0
0,15,29000.0,0.0
0,15,30000.0,0.0
0,15,31000.0,0.0
0,15,32000.0,0.0
0,15,33000.0,0.0
0,15,34000.0,0.0
0,15,35000.0,0.0
0,15,36000.0,0.0
0,15,37000.0,0.0
0,15,38000.0,0.0
0,15,39000.0,0.0
0,15,40000.0,0.0
0,15,41000.0,0.0
0,15,42000.0,0.0
0,15,43000.0,0.0
0,15,44000.0,0.0
0,15,45000.0,0.0
0,15,46000.0,0.0
0,15,47000.0,0.0
0,15,48000.0,0.0
0,15,49000.0,0.0
0,15,50000.0,0.0
0,16,5000.0,0.0
0,16,6000.0,0.0
0,16,7000.0,0.0
0,16,8000.0,0.0
0,16,9000.0,0.0
0,16,10000.0,0.0
0,16,11000.0,0.0
0,16,12000.0,0.0
0,16,13000.0,0.0
0,16,14000.0,0.0
0,16,15000.0,0.0
0,16,16000.0,0.0
0,16,17000.0,0.0
0,16,18000.0,0.0
0,16,19000.0,0.0
0,16,20000.0,0.0
0,16,21000.0,0.0
0,16,22000.0,0.0
0,16,23000.0,0.0
0,16,24000.0,0.0
0,16,25000.0,0.0
0,16,26000.0,0.0
0,16,27000.0,0.0
0,16,28000.0,0.0
0,16,29000.0,0.0
0,16,30000.0,0.0
0,16,31000.0,0.0
0,16,32000.0,0.0
0,16,33000.0,0.0
0,16,34000.0,0.0
0,16,35000.0,0.0
0,16,36000.0,0.0
0,16,37000.0,0.0
0,16,38000.0,0.0
0,16,39000.0,0.0
0,16,40000.0,0.0
0,16,41000.0,0.0
0,16,42000.0,0.0
0,16,43000.0,0.0
0,16,44000.0,0.0
0,16,45000.0,0.0
0,16,46000.0,0.0
0,16,47000.0,0.0
0,16,48000.0,0.0
0,16,49000.0,0.0
0,16,50000.0,0.0
0,17,5000.0,0.0
0,17,6000.0,0.0
0,17,7000.0,0.0
0,17,8000.0,0.0
0,17,9000.0,0.0
0,17,10000.0,0.0
0,17,11000.0,0.0
0,17,12000.0,0.0
0,17,13000.0,0.0
0,17,14000.0,0.0
0,17,15000.0,0.0
0,17,16000.0,0.0
0,17,17000.0,0.0
0,17,18000.0,0.0
0,17,19000.0,0.0
0,17,20000.0,0.0
0,17,21000.0,0.0
0,17,22000.0,0.0
0,17,23000.0,0.0
0,17,24000.0,0.0
0,17,25000.0,0.0
0,17,26000.0,0.0
0,17,27000.0,0.0
0,17,28000.0,0.0
0,17,29000.0,0.0
0,17,30000.0,0.0
0,17,31000.0,0.0
0,17,32000.0,0.0
0,17,33000.0,0.0
0,17,34000.0,0.0
0,17,35000.0,0.0
0,17,36000.0,0.0
0,17,37000.0,0.0
0,17,38000.0,0.0
0,17,39000.0,0.0
0,17,40000.0,0.0
0,17,41000.0,0.0
0,17,42000.0,0.0
0,17,43000.0,0.0
0,17,44000.0,0.0
0,17,45000.0,0.0
0,17,46000.0,0.0
0,17,47000.0,0.0
0,17,48000.0,0.0
0,17,49000.0,0.0
0,17,50000.0,0.0
0,18,5000.0,0.0
0,18,6000.0,0.0
0,18,7000.0,0.0
0,18,8000.0,0.0
0,18,9000.0,0.0
0,18,10000.0,0.0
0,18,11000.0,0.0
0,18,12000.0,0.0
0,18,13000.0,0.0
0,18,14000.0,0.0
0,18,15000.0,0.0
0,18,16000.0,0.0
0,18,17000.0,0.0
0,18,18000.0,0.0
0,18,19000.0,0.0
0,18,20000.0,0.0
0,18,21000.0,0.0
0,18,22000.0,0.0
0,18,23000.0,0.0
0,18,24000.0,0.0
0,18,25000.0,0.0
0,18,26000.0,0.0
0,18,27000.0,0.0
0,18,28000.0,0.0
0,18,29000.0,0.0
0,18,30000.0,0.0
0,18,31000.0,0.0
0,18,32000.0,0.0
0,18,33000.0,0.0
0,18,34000.0,0.0
0,18,35000.0,0.0
0,18,36000.0,0.0
0,18,37000.0,0.0
0,18,38000.0,0.0
0,18,39000.0,0.0
0,18,40000.0,0.0
0,18,41000.0,0.0
0,18,42000.0,0.0
0,18,43000.0,0.0
0,18,44000.0,0.0
0,18,45000.0,0.0
0,18,46000.0,0.0
0,18,47000.0,0.0
0,18,48000.0,0.0
0,18,49000.0,0.0
0,18,50000.0,0.0
0,19,5000.0,2.0
0,19,6000.0,2.0
0,19,7000.0,2.0
0,19,8000.0,2.0
0,19,9000.0,2.0
0,19,10000.0,2.0
0,19,11000.0,2.0
0,19,12000.0,0.0
0,19,13000.0,0.0
0,19,14000.0,0.0
0,19,15000.0,0.0
0,19,16000.0,0.0
0,19,17000.0,0.0
0,19,18000.0,0.0
0,19,19000.0,0.0
0,19,20000.0,0.0
0,19,21000.0,0.0
0,19,22000.0,0.0
0,19,23000.0,0.0
0,19,24000.0,0.0
0,19,25000.0,0.0
0,19,26000.0,0.0
0,19,27000.0,0.0
0,19,28000.0,0.0
0,19,29000.0,0.0
0,19,30000.0,0.0
0,19,31000.0,0.0
0,19,32000.0,0.0
0,19,33000.0,0.0
0,19,34000.0,0.0
0,19,35000.0,0.0
0,19,36000.0,0.0
0,19,37000.0,0.0
0,19,38000.0,0.0
0,19,39000.0,0.0
0,19,40000.0,0.0
0,19,41000.0,0.0
0,19,42000.0,0.0
0,19,43000.0,0.0
0,19,44000.0,0.0
0,19,45000.0,0.0
0,19,46000.0,0.0
0,19,47000.0,0.0
0,19,48000.0,0.0
0,19,49000.0,0.0
0,19,50000.0,0.0
0,20,5000.0,0.0
0,20,6000.0,0.0
0,20,7000.0,0.0
0,20,8000.0,0.0
0,20,9000.0,0.0
0,20,10000.0,0.0
0,20,11000.0,0.0
0,20,12000.0,0.0
0,20,13000.0,0.0
0,20,14000.0,0.0
0,20,15000.0,0.0
0,20,16000.0,0.0
0,20,17000.0,0.0
0,20,18000.0,0.0
0,20,19000.0,0.0
0,20,20000.0,0.0
0,20,21000.0,0.0
0,20,22000.0,0.0
0,20,23000.0,0.0
0,20,24000.0,0.0
0,20,25000.0,0.0
0,20,26000.0,0.0
0,20,27000.0,0.0
0,20,28000.0,0.0
0,20,29000.0,0.0
0,20,30000.0,0.0
0,20,31000.0,0.0
0,20,32000.0,0.0
0,20,33000.0,0.0
0,20,34000.0,0.0
0,20,35000.0,0.0
0,20,36000.0,0.0
0,20,37000.0,0.0
0,20,38000.0,0.0
0,20,39000.0,0.0
0,20,40000.0,0.0
0,20,41000.0,0.0
0,20,42000.0,0.0
0,20,43000.0,0.0
0,20,44000.0,0.0
0,20,45000.0,0.0
0,20,46000.0,0.0
0,20,47000.0,0.0
0,20,48000.0,0.0
0,20,49000.0,0.0
0,20,50000.0,0.0
0,21,5000.0,0.0
0,21,6000.0,0.0
0,21,7000.0,0.0
0,21,8000.0,0.0
0,21,9000.0,0.0
0,21,10000.0,0.0
0,21,11000.0,0.0
0,21,12000.0,0.0
0,21,13000.0,0.0
0,21,14000.0,0.0
0,21,15000.0,0.0
0,21,16000.0,0.0
0,21,17000.0,0.0
0,21,18000.0,0.0
0,21,19000.0,0.0
0,21,20000.0,0.0
0,21,21000.0,0.0
0,21,22000.0,0.0
0,21,23000.0,0.0
0,21,24000.0,0.0
0,21,25000.0,0.0
0,21,26000.0,0.0
0,21,27000.0,0.0
0,21,28000.0,0.0
0,21,29000.0,0.0
0,21,30000.0,0.0
0,21,31000.0,0.0
0,21,32000.0,0.0
0,21,33000.0,0.0
0,21,34000.0,0.0
0,21,35000.0,0.0
0,21,36000.0,0.0
0,21,37000.0,0.0
0,21,38000.0,2.0
0,21,39000.0,2.0
0,21,40000.0,2.0
0,21,41000.0,2.0
0,21,42000.0,0.0
0,21,43000.0,0.0
0,21,44000.0,0.0
0,21,45000.0,0.0
0,21,46000.0,0.0
0,21,47000.0,0.0
0,21,48000.0,0.0
0,21,49000.0,0.0
0,21,50000.0,0.0
0,22,5000.0,0.0
0,22,6000.0,0.0
0,22,7000.0,0.0
0,22,8000.0,0.0
0,22,9000.0,0.0
0,22,10000.0,0.0
0,22,11000.0,0.0
0,22,12000.0,0.0
0,22,13000.0,0.0
0,22,14000.0,0.0
0,22,15000.0,2.0
0,22,16000.0,2.0
0,22,17000.0,2.0
0,22,18000.0,2.0
0,22,19000.0,2.0
0,22,20000.0,2.0
0,22,21000.0,2.0
0,22,22000.0,0.0
0,22,23000.0,0.0
0,22,24000.0,0.0
0,22,25000.0,0.0
0,22,26000.0,0.0
0,22,27000.0,0.0
0,22,28000.0,0.0
0,22,29000.0,0.0
0,22,30000.0,0.0
0,22,31000.0,0.0
0,22,32000.0,0.0
0,22,33000.0,0.0
0,22,34000.0,0.0
0,22,35000.0,0.0
0,22,36000.0,0.0
0,22,37000.0,0.0
0,22,38000.0,0.0
0,22,39000.0,0.0
0,22,40000.0,0.0
0,22,41000.0,0.0
0,22,42000.0,0.0
0,22,43000.0,0.0
0,22,44000.0,0.0
0,22,45000.0,0.0
0,22,46000.0,0.0
0,22,47000.0,0.0
0,22,48000.0,0.0
0,22,49000.0,0.0
0,22,50000.0,0.0
0,23,5000.0,2.0
0,23,6000.0,2.0
0,23,7000.0,2.0
0,23,8000.0,2.0
0,23,9000.0,2.0
0,23,10000.0,2.0
0,23,11000.0,2.0
0,23,12000.0,0.0
0,23,13000.0,0.0
0,23,14000.0,0.0
0,23,15000.0,0.0
0,23,16000.0,0.0
0,23,17000.0,0.0
0,23,18000.0,0.0
0,23,19000.0,0.0
0,23,20000.0,0.0
0,23,21000.0,0.0
0,23,22000.0,0.0
0,23,23000.0,0.0
0,23,24000.0,0.0
0,23,25000.0,0.0
0,23,26000.0,0.0
0,23,27000.0,0.0
0,23,28000.0,0.0
0,23,29000.0,0.0
0,23,30000.0,0.0
0,23,31000.0,0.0
0,23,32000.0,0.0
0,23,33000.0,0.0
0,23,34000.0,0.0
0,23,35000.0,0.0
0,23,36000.0,0.0
0,23,37000.0,0.0
0,23,38000.0,0.0
0,23,39000.0,0.0
0,23,40000.0,0.0
0,23,41000.0,0.0
0,23,42000.0,0.0
0,23,43000.0,0.0
0,23,44000.0,0.0
0,23,45000.0,0.0
0,23,46000.0,0.0
0,23,47000.0,0.0
0,23,48000.0,0.0
0,23,49000.0,0.0
0,23,50000.0,0.0
0,24,5000.0,0.0
0,24,6000.0,0.0
0,24,7000.0,0.0
0,24,8000.0,2.0
0,24,9000.0,2.0
0,24,10000.0,2.0
0,24,11000.0,2.0
0,24,12000.0,0.0
0,24,13000.0,0.0
0,24,14000.0,0.0
0,24,15000.0,0.0
0,24,16000.0,0.0
0,24,17000.0,0.0
0,24,18000.0,0.0
0,24,19000.0,0.0
0,24,20000.0,0.0
0,24,21000.0,2.0
0,24,22000.0,0.0
0,24,23000.0,0.0
0,24,24000.0,0.0
0,24,25000.0,0.0
0,24,26000.0,0.0
0,24,27000.0,0.0
0,24,28000.0,0.0
0,24,29000.0,0.0
0,24,30000.0,0.0
0,24,31000.0,0.0
0,24,32000.0,0.0
0,24,33000.0,0.0
0,24,34000.0,0.0
0,24,35000.0,0.0
0,24,36000.0,0.0
0,24,37000.0,0.0
0,24,38000.0,0.0
0,24,39000.0,0.0
0,24,40000.0,0.0
0,24,41000.0,0.0
0,24,42000.0,0.0
0,24,43000.0,0.0
0,24,44000.0,0.0
0,24,45000.0,0.0
0,24,46000.0,0.0
0,24,47000.0,0.0
0,24,48000.0,0.0
0,24,49000.0,0.0
0,24,50000.0,0.0
0,25,5000.0,0.0
0,25,6000.0,0.0
0,25,7000.0,0.0
0,25,8000.0,0.0
0,25,9000.0,0.0
0,25,10000.0,0.0
0,25,11000.0,0.0
0,25,12000.0,0.0
0,25,13000.0,0.0
0,25,14000.0,0.0
0,25,15000.0,0.0
0,25,16000.0,0.0
0,25,17000.0,0.0
0,25,18000.0,0.0
0,25,19000.0,0.0
0,25,20000.0,0.0
0,25,21000.0,0.0
0,25,22000.0,0.0
0,25,23000.0,0.0
0,25,24000.0,0.0
0,25,25000.0,0.0
0,25,26000.0,0.0
0,25,27000.0,2.0
0,25,28000.0,2.0
0,25,29000.0,2.0
0,25,30000.0,2.0
0,25,31000.0,2.0
0,25,32000.0,0.0
0,25,33000.0,0.0
0,25,34000.0,0.0
0,25,35000.0,0.0
0,25,36000.0,0.0
0,25,37000.0,0.0
0,25,38000.0,0.0
0,25,39000.0,0.0
0,25,40000.0,0.0
0,25,41000.0,0.0
0,25,42000.0,0.0
0,25,43000.0,0.0
0,25,44000.0,0.0
0,25,45000.0,0.0
0,25,46000.0,0.0
0,25,47000.0,0.0
0,25,48000.0,0.0
0,25,49000.0,0.0
0,25,50000.0,0.0
0,26,5000.0,0.0
0,26,6000.0,0.0
0,26,7000.0,0.0
0,26,8000.0,0.0
0,26,9000.0,0.0
0,26,10000.0,0.0
0,26,11000.0,0.0
0,26,12000.0,0.0
0,26,13000.0,0.0
0,26,14000.0,0.0
0,26,15000.0,0.0
0,26,16000.0,0.0
0,26,17000.0,0.0
0,26,18000.0,0.0
0,26,19000.0,0.0
0,26,20000.0,0.0
0,26,21000.0,0.0
0,26,22000.0,0.0
0,26,23000.0,0.0
0,26,24000.0,0.0
0,26,25000.0,0.0
0,26,26000.0,0.0
0,26,27000.0,0.0
0,26,28000.0,0.0
0,26,29000.0,0.0
0,26,30000.0,0.0
0,26,31000.0,0.0
0,26,32000.0,0.0
0,26,33000.0,0.0
0,26,34000.0,0.0
0,26,35000.0,0.0
0,26,36000.0,0.0
0,26,37000.0,0.0
0,26,38000.0,0.0
0,26,39000.0,0.0
0,26,40000.0,0.0
0,26,41000.0,0.0
0,26,42000.0,0.0
0,26,43000.0,0.0
0,26,44000.0,0.0
0,26,45000.0,0.0
0,26,46000.0,0.0
0,26,47000.0,0.0
0,26,48000.0,0.0
0,26,49000.0,0.0
0,26,50000.0,0.0
0,27,5000.0,0.0
0,27,6000.0,0.0
0,27,7000.0,0.0
0,27,8000.0,0.0
0,27,9000.0,0.0
0,27,10000.0,0.0
0,27,11000.0,0.0
0,27,12000.0,0.0
0,27,13000.0,0.0
0,27,14000.0,0.0
0,27,15000.0,0.0
0,27,16000.0,0.0
0,27,17000.0,0.0
0,27,18000.0,0.0
0,27,19000.0,0.0
0,27,20000.0,0.0
0,27,21000.0,0.0
0,27,22000.0,0.0
0,27,23000.0,0.0
0,27,24000.0,0.0
0,27,25000.0,0.0
0,27,26000.0,0.0
0,27,27000.0,0.0
0,27,28000.0,0.0
0,27,29000.0,0.0
0,27,30000.0,0.0
0,27,31000.0,0.0
0,27,32000.0,0.0
0,27,33000.0,0.0
0,27,34000.0,0.0
0,27,35000.0,0.0
0,27,36000.0,0.0
0,27,37000.0,0.0
0,27,38000.0,0.0
0,27,39000.0,0.0
0,27,40000.0,0.0
0,27,41000.0,0.0
0,27,42000.0,0.0
0,27,43000.0,0.0
0,27,44000.0,0.0
0,27,45000.0,0.0
0,27,46000.0,0.0
0,27,47000.0,0.0
0,27,48000.0,0.0
0,27,49000.0,0.0
0,27,50000.0,0.0
0,28,5000.0,0.0
0,28,6000.0,2.0
0,28,7000.0,2.0
0,28,8000.0,2.0
0,28,9000.0,2.0
0,28,10000.0,2.0
0,28,11000.0,2.0
0,28,12000.0,0.0
0,28,13000.0,0.0
0,28,14000.0,0.0
0,28,15000.0,0.0
0,28,16000.0,0.0
0,28,17000.0,0.0
0,28,18000.0,0.0
0,28,19000.0,0.0
0,28,20000.0,0.0
0,28,21000.0,0.0
0,28,22000.0,0.0
0,28,23000.0,0.0
0,28,24000.0,0.0
0,28,25000.0,0.0
0,28,26000.0,0.0
0,28,27000.0,0.0
0,28,28000.0,0.0
0,28,29000.0,0.0
0,28,30000.0,0.0
0,28,31000.0,0.0
0,28,32000.0,0.0
0,28,33000.0,0.0
0,28,34000.0,0.0
0,28,35000.0,0.0
0,28,36000.0,0.0
0,28,37000.0,0.0
0,28,38000.0,0.0
0,28,39000.0,0.0
0,28,40000.0,0.0
0,28,41000.0,0.0
0,28,42000.0,0.0
0,28,43000.0,0.0
0,28,44000.0,0.0
0,28,45000.0,0.0
0,28,46000.0,0.0
0,28,47000.0,0.0
0,28,48000.0,0.0
0,28,49000.0,0.0
0,28,50000.0,0.0
0,29,5000.0,0.0
0,29,6000.0,0.0
0,29,7000.0,0.0
0,29,8000.0,0.0
0,29,9000.0,0.0
0,29,10000.0,0.0
0,29,11000.0,0.0
0,29,12000.0,0.0
0,29,13000.0,0.0
0,29,14000.0,0.0
0,29,15000.0,0.0
0,29,16000.0,0.0
0,29,17000.0,0.0
0,29,18000.0,0.0
0,29,19000.0,0.0
0,29,20000.0,0.0
0,29,21000.0,0.0
0,29,22000.0,0.0
0,29,23000.0,0.0
0,29,24000.0,0.0
0,29,25000.0,0.0
0,29,26000.0,0.0
0,29,27000.0,0.0
0,29,28000.0,0.0
0,29,29000.0,0.0
0,29,30000.0,0.0
0,29,31000.0,0.0
0,29,32000.0,0.0
0,29,33000.0,0.0
0,29,34000.0,0.0
0,29,35000.0,0.0
0,29,36000.0,0.0
0,29,37000.0,0.0
0,29,38000.0,0.0
0,29,39000.0,0.0
0,29,40000.0,0.0
0,29,41000.0,0.0
0,29,42000.0,0.0
0,29,43000.0,0.0
0,29,44000.0,0.0
0,29,45000.0,0.0
0,29,46000.0,0.0
0,29,47000.0,0.0
0,29,48000.0,0.0
0,29,49000.0,0.0
0,29,50000.0,0.0
0,30,5000.0,0.0
0,30,6000.0,0.0
0,30,7000.0,0.0
0,30,8000.0,0.0
0,30,9000.0,0.0
0,30,10000.0,0.0
0,30,11000.0,0.0
0,30,12000.0,0.0
0,30,13000.0,0.0
0,30,14000.0,0.0
0,30,15000.0,0.0
0,30,16000.0,0.0
0,30,17000.0,0.0
0,30,18000.0,0.0
0,30,19000.0,0.0
0,30,20000.0,0.0
0,30,21000.0,0.0
0,30,22000.0,0.0
0,30,23000.0,0.0
0,30,24000.0,0.0
0,30,25000.0,0.0
0,30,26000.0,0.0
0,30,27000.0,0.0
0,30,28000.0,0.0
0,30,29000.0,0.0
0,30,30000.0,0.0
0,30,31000.0,0.0
0,30,32000.0,0.0
0,30,33000.0,0.0
0,30,34000.0,0.0
0,30,35000.0,0.0
0,30,36000.0,0.0
0,30,37000.0,0.0
0,30,38000.0,0.0
0,30,39000.0,0.0
0,30,40000.0,0.0
0,30,41000.0,2.0
0,30,42000.0,0.0
0,30,43000.0,0.0
0,30,44000.0,0.0
0,30,45000.0,0.0
0,30,46000.0,0.0
0,30,47000.0,0.0
0,30,48000.0,0.0
0,30,49000.0,0.0
0,30,50000.0,0.0
0,31,5000.0,0.0
0,31,6000.0,0.0
0,31,7000.0,0.0
0,31,8000.0,0.0
0,31,9000.0,0.0
0,31,10000.0,0.0
0,31,11000.0,0.0
0,31,12000.0,0.0
0,31,13000.0,0.0
0,31,14000.0,0.0
0,31,15000.0,0.0
0,31,16000.0,0.0
0,31,17000.0,0.0
0,31,18000.0,0.0
0,31,19000.0,0.0
0,31,20000.0,0.0
0,31,21000.0,0.0
0,31,22000.0,0.0
0,31,23000.0,0.0
0,31,24000.0,0.0
0,31,25000.0,0.0
0,31,26000.0,0.0
0,31,27000.0,0.0
0,31,28000.0,0.0
0,31,29000.0,0.0
0,31,30000.0,0.0
0,31,31000.0,0.0
0,31,32000.0,0.0
0,31,33000.0,0.0
0,31,34000.0,0.0
0,31,35000.0,0.0
0,31,36000.0,0.0
0,31,37000.0,0.0
0,31,38000.0,0.0
0,31,39000.0,0.0
0,31,40000.0,0.0
0,31,41000.0,0.0
0,31,42000.0,0.0
0,31,43000.0,0.0
0,31,44000.0,0.0
0,31,45000.0,0.0
0,31,46000.0,0.0
0,31,47000.0,0.0
0,31,48000.0,0.0
0,31,49000.0,0.0
0,31,50000.0,0.0
0,32,5000.0,0.0
0,32,6000.0,0.0
0,32,7000.0,0.0
0,32,8000.0,0.0
0,32,9000.0,0.0
0,32,10000.0,0.0
0,32,11000.0,0.0
0,32,12000.0,0.0
0,32,13000.0,0.0
0,32,14000.0,0.0
0,32,15000.0,0.0
0,32,16000.0,0.0
0,32,17000.0,0.0
0,32,18000.0,0.0
0,32,19000.0,0.0
0,32,20000.0,0.0
0,32,21000.0,0.0
0,32,22000.0,0.0
0,32,23000.0,0.0
0,32,24000.0,0.0
0,32,25000.0,0.0
0,32,26000.0,0.0
0,32,27000.0,0.0
0,32,28000.0,0.0
0,32,29000.0,0.0
0,32,30000.0,0.0
0,32,31000.0,0.0
0,32,32000.0,0.0
0,32,33000.0,0.0
0,32,34000.0,0.0
0,32,35000.0,0.0
0,32,36000.0,0.0
0,32,37000.0,0.0
0,32,38000.0,0.0
0,32,39000.0,0.0
0,32,40000.0,0.0
0,32,41000.0,0.0
0,32,42000.0,0.0
0,32,43000.0,0.0
0,32,44000.0,0.0
0,32,45000.0,0.0
0,32,46000.0,0.0
0,32,47000.0,0.0
0,32,48000.0,0.0
0,32,49000.0,0.0
0,32,50000.0,0.0
0,33,5000.0,2.0
0,33,6000.0,2.0
0,33,7000.0,2.0
0,33,8000.0,2.0
0,33,9000.0,2.0
0,33,10000.0,2.0
0,33,11000.0,2.0
0,33,12000.0,0.0
0,33,13000.0,0.0
0,33,14000.0,0.0
0,33,15000.0,0.0
0,33,16000.0,0.0
0,33,17000.0,0.0
0,33,18000.0,0.0
0,33,19000.0,0.0
0,33,20000.0,0.0
0,33,21000.0,0.0
0,33,22000.0,0.0
0,33,23000.0,0.0
0,33,24000.0,0.0
0,33,25000.0,0.0
0,33,26000.0,0.0
0,33,27000.0,0.0
0,33,28000.0,0.0
0,33,29000.0,0.0
0,33,30000.0,0.0
0,33,31000.0,0.0
0,33,32000.0,0.0
0,33,33000.0,0.0
0,33,34000.0,0.0
0,33,35000.0,0.0
0,33,36000.0,0.0
0,33,37000.0,0.0
0,33,38000.0,0.0
0,33,39000.0,0.0
0,33,40000.0,0.0
0,33,41000.0,0.0
0,33,42000.0,0.0
0,33,43000.0,0.0
0,33,44000.0,0.0
0,33,45000.0,0.0
0,33,46000.0,0.0
0,33,47000.0,0.0
0,33,48000.0,0.0
0,33,49000.0,0.0
0,33,50000.0,0.0
0,34,5000.0,0.0
0,34,6000.0,0.0
0,34,7000.0,0.0
0,34,8000.0,0.0
0,34,9000.0,0.0
0,34,10000.0,0.0
0,34,11000.0,0.0
0,34,12000.0,0.0
0,34,13000.0,0.0
0,34,14000.0,0.0
0,34,15000.0,0.0
0,34,16000.0,0.0
0,34,17000.0,0.0
0,34,18000.0,0.0
0,34,19000.0,0.0
0,34,20000.0,0.0
0,34,21000.0,0.0
0,34,22000.0,0.0
0,34,23000.0,0.0
0,34,24000.0,0.0
0,34,25000.0,0.0
0,34,26000.0,0.0
0,34,27000.0,0.0
0,34,28000.0,2.0
0,34,29000.0,2.0
0,34,30000.0,2.0
0,34,31000.0,2.0
0,34,32000.0,0.0
0,34,33000.0,0.0
0,34,34000.0,0.0
0,34,35000.0,0.0
0,34,36000.0,0.0
0,34,37000.0,0.0
0,34,38000.0,0.0
0,34,39000.0,0.0
0,34,40000.0,0.0
0,34,41000.0,0.0
0,34,42000.0,0.0
0,34,43000.0,0.0
0,34,44000.0,0.0
0,34,45000.0,0.0
0,34,46000.0,0.0
0,34,47000.0,0.0
0,34,48000.0,0.0
0,34,49000.0,0.0
0,34,50000.0,0.0
0,35,5000.0,0.0
0,35,6000.0,0.0
0,35,7000.0,0.0
0,35,8000.0,0.0
0,35,9000.0,2.0
0,35,10000.0,2.0
0,35,11000.0,2.0
0,35,12000.0,0.0
0,35,13000.0,0.0
0,35,14000.0,0.0
0,35,15000.0,0.0
0,35,16000.0,0.0
0,35,17000.0,0.0
0,35,18000.0,0.0
0,35,19000.0,0.0
0,35,20000.0,0.0
0,35,21000.0,0.0
0,35,22000.0,0.0
0,35,23000.0,0.0
0,35,24000.0,0.0
0,35,25000.0,0.0
0,35,26000.0,0.0
0,35,27000.0,0.0
0,35,28000.0,0.0
0,35,29000.0,0.0
0,35,30000.0,0.0
0,35,31000.0,0.0
0,35,32000.0,0.0
0,35,33000.0,0.0
0,35,34000.0,0.0
0,35,35000.0,0.0
0,35,36000.0,0.0
0,35,37000.0,0.0
0,35,38000.0,0.0
0,35,39000.0,0.0
0,35,40000.0,0.0
0,35,41000.0,0.0
0,35,42000.0,0.0
0,35,43000.0,0.0
0,35,44000.0,0.0
0,35,45000.0,0.0
0,35,46000.0,0.0
0,35,47000.0,0.0
0,35,48000.0,0.0
0,35,49000.0,0.0
0,35,50000.0,0.0
0,36,5000.0,0.0
0,36,6000.0,0.0
0,36,7000.0,0.0
0,36,8000.0,0.0
0,36,9000.0,0.0
0,36,10000.0,0.0
0,36,11000.0,0.0
0,36,12000.0,0.0
0,36,13000.0,0.0
0,36,14000.0,0.0
0,36,15000.0,0.0
0,36,16000.0,0.0
0,36,17000.0,0.0
0,36,18000.0,0.0
0,36,19000.0,0.0
0,36,20000.0,0.0
0,36,21000.0,0.0
0,36,22000.0,0.0
0,36,23000.0,0.0
0,36,24000.0,0.0
0,36,25000.0,0.0
0,36,26000.0,0.0
0,36,27000.0,0.0
0,36,28000.0,0.0
0,36,29000.0,0.0
0,36,30000.0,0.0
0,36,31000.0,0.0
0,36,32000.0,0.0
0,36,33000.0,0.0
0,36,34000.0,0.0
0,36,35000.0,0.0
0,36,36000.0,0.0
0,36,37000.0,0.0
0,36,38000.0,0.0
0,36,39000.0,0.0
0,36,40000.0,0.0
0,36,41000.0,0.0
0,36,42000.0,0.0
0,36,43000.0,0.0
0,36,44000.0,0.0
0,36,45000.0,0.0
0,36,46000.0,0.0
0,36,47000.0,0.0
0,36,48000.0,0.0
0,36,49000.0,0.0
0,36,50000.0,0.0
0,37,5000.0,2.0
0,37,6000.0,2.0
0,37,7000.0,2.0
0,37,8000.0,2.0
0,37,9000.0,2.0
0,37,10000.0,2.0
0,37,11000.0,2.0
0,37,12000.0,0.0
0,37,13000.0,0.0
0,37,14000.0,0.0
0,37,15000.0,0.0
0,37,16000.0,2.0
0,37,17000.0,2.0
0,37,18000.0,2.0
0,37,19000.0,2.0
0,37,20000.0,2.0
0,37,21000.0,2.0
0,37,22000.0,0.0
0,37,23000.0,0.0
0,37,24000.0,0.0
0,37,25000.0,0.0
0,37,26000.0,0.0
0,37,27000.0,0.0
0,37,28000.0,0.0
0,37,29000.0,0.0
0,37,30000.0,0.0
0,37,31000.0,0.0
0,37,32000.0,0.0
0,37,33000.0,0.0
0,37,34000.0,0.0
0,37,35000.0,0.0
0,37,36000.0,0.0
0,37,37000.0,0.0
0,37,38000.0,0.0
0,37,39000.0,0.0
0,37,40000.0,0.0
0,37,41000.0,0.0
0,37,42000.0,0.0
0,37,43000.0,0.0
0,37,44000.0,0.0
0,37,45000.0,0.0
0,37,46000.0,0.0
0,37,47000.0,0.0
0,37,48000.0,0.0
0,37,49000.0,0.0
0,37,50000.0,0.0
0,38,5000.0,0.0
0,38,6000.0,0.0
0,38,7000.0,0.0
0,38,8000.0,0.0
0,38,9000.0,0.0
0,38,10000.0,0.0
0,38,11000.0,0.0
0,38,12000.0,0.0
0,38,13000.0,0.0
0,38,14000.0,0.0
0,38,15000.0,0.0
0,38,16000.0,0.0
0,38,17000.0,2.0
0,38,18000.0,2.0
0,38,19000.0,2.0
0,38,20000.0,2.0
0,38,21000.0,2.0
0,38,22000.0,0.0
0,38,23000.0,0.0
0,38,24000.0,0.0
0,38,25000.0,0.0
0,38,26000.0,2.0
0,38,27000.0,2.0
0,38,28000.0,2.0
0,38,29000.0,2.0
0,38,30000.0,2.0
0,38,31000.0,2.0
0,38,32000.0,0.0
0,38,33000.0,0.0
0,38,34000.0,0.0
0,38,35000.0,0.0
0,38,36000.0,0.0
0,38,37000.0,0.0
0,38,38000.0,0.0
0,38,39000.0,0.0
0,38,40000.0,0.0
0,38,41000.0,0.0
0,38,42000.0,0.0
0,38,43000.0,0.0
0,38,44000.0,0.0
0,38,45000.0,0.0
0,38,46000.0,0.0
0,38,47000.0,0.0
0,38,48000.0,0.0
0,38,49000.0,0.0
0,38,50000.0,0.0
0,39,5000.0,2.0
0,39,6000.0,2.0
0,39,7000.0,2.0
0,39,8000.0,2.0
0,39,9000.0,2.0
0,39,10000.0,2.0
0,39,11000.0,2.0
0,39,12000.0,0.0
0,39,13000.0,0.0
0,39,14000.0,0.0
0,39,15000.0,0.0
0,39,16000.0,0.0
0,39,17000.0,0.0
0,39,18000.0,0.0
0,39,19000.0,0.0
0,39,20000.0,0.0
0,39,21000.0,0.0
0,39,22000.0,0.0
0,39,23000.0,0.0
0,39,24000.0,0.0
0,39,25000.0,0.0
0,39,26000.0,0.0
0,39,27000.0,0.0
0,39,28000.0,0.0
0,39,29000.0,0.0
0,39,30000.0,0.0
0,39,31000.0,0.0
0,39,32000.0,0.0
0,39,33000.0,0.0
0,39,34000.0,0.0
0,39,35000.0,0.0
0,39,36000.0,0.0
0,39,37000.0,0.0
0,39,38000.0,0.0
0,39,39000.0,0.0
0,39,40000.0,0.0
0,39,41000.0,0.0
0,39,42000.0,0.0
0,39,43000.0,0.0
0,39,44000.0,0.0
0,39,45000.0,0.0
0,39,46000.0,0.0
0,39,47000.0,0.0
0,39,48000.0,0.0
0,39,49000.0,0.0
0,39,50000.0,0.0
0,40,5000.0,0.0
0,40,6000.0,0.0
0,40,7000.0,0.0
0,40,8000.0,0.0
0,40,9000.0,0.0
0,40,10000.0,0.0
0,40,11000.0,0.0
0,40,12000.0,0.0
0,40,13000.0,0.0
0,40,14000.0,0.0
0,40,15000.0,0.0
0,40,16000.0,0.0
0,40,17000.0,2.0
0,40,18000.0,2.0
0,40,19000.0,2.0
0,40,20000.0,2.0
0,40,21000.0,2.0
0,40,22000.0,0.0
0,40,23000.0,0.0
0,40,24000.0,0.0
0,40,25000.0,0.0
0,40,26000.0,0.0
0,40,27000.0,0.0
0,40,28000.0,0.0
0,40,29000.0,0.0
0,40,30000.0,0.0
0,40,31000.0,0.0
0,40,32000.0,0.0
0,40,33000.0,0.0
0,40,34000.0,0.0
0,40,35000.0,0.0
0,40,36000.0,0.0
0,40,37000.0,0.0
0,40,38000.0,0.0
0,40,39000.0,0.0
0,40,40000.0,0.0
0,40,41000.0,0.0
0,40,42000.0,0.0
0,40,43000.0,0.0
0,40,44000.0,2.0
0,40,45000.0,2.0
0,40,46000.0,2.0
0,40,47000.0,2.0
0,40,48000.0,2.0
0,40,49000.0,2.0
0,40,50000.0,2.0
0,41,5000.0,0.0
0,41,6000.0,0.0
0,41,7000.0,0.0
0,41,8000.0,0.0
0,41,9000.0,0.0
0,41,10000.0,0.0
0,41,11000.0,0.0
0,41,12000.0,0.0
0,41,13000.0,0.0
0,41,14000.0,0.0
0,41,15000.0,0.0
0,41,16000.0,0.0
0,41,17000.0,0.0
0,41,18000.0,0.0
0,41,19000.0,0.0
0,41,20000.0,0.0
0,41,21000.0,0.0
0,41,22000.0,0.0
0,41,23000.0,0.0
0,41,24000.0,0.0
0,41,25000.0,0.0
0,41,26000.0,0.0
0,41,27000.0,0.0
0,41,28000.0,0.0
0,41,29000.0,0.0
0,41,30000.0,0.0
0,41,31000.0,0.0
0,41,32000.0,0.0
0,41,33000.0,0.0
0,41,34000.0,0.0
0,41,35000.0,0.0
0,41,36000.0,0.0
0,41,37000.0,0.0
0,41,38000.0,0.0
0,41,39000.0,0.0
0,41,40000.0,0.0
0,41,41000.0,0.0
0,41,42000.0,0.0
0,41,43000.0,0.0
0,41,44000.0,0.0
0,41,45000.0,0.0
0,41,46000.0,0.0
0,41,47000.0,0.0
0,41,48000.0,0.0
0,41,49000.0,0.0
0,41,50000.0,0.0
0,42,5000.0,0.0
0,42,6000.0,0.0
0,42,7000.0,0.0
0,42,8000.0,0.0
0,42,9000.0,0.0
0,42,10000.0,0.0
0,42,11000.0,0.0
0,42,12000.0,0.0
0,42,13000.0,0.0
0,42,14000.0,0.0
0,42,15000.0,0.0
0,42,16000.0,0.0
0,42,17000.0,0.0
0,42,18000.0,0.0
0,42,19000.0,0.0
0,42,20000.0,0.0
0,42,21000.0,0.0
0,42,22000.0,0.0
0,42,23000.0,0.0
0,42,24000.0,0.0
0,42,25000.0,0.0
0,42,26000.0,0.0
0,42,27000.0,0.0
0,42,28000.0,0.0
0,42,29000.0,0.0
0,42,30000.0,0.0
0,42,31000.0,0.0
0,42,32000.0,0.0
0,42,33000.0,0.0
0,42,34000.0,0.0
0,42,35000.0,0.0
0,42,36000.0,0.0
0,42,37000.0,0.0
0,42,38000.0,0.0
0,42,39000.0,0.0
0,42,40000.0,0.0
0,42,41000.0,0.0
0,42,42000.0,0.0
0,42,43000.0,0.0
0,42,44000.0,0.0
0,42,45000.0,0.0
0,42,46000.0,0.0
0,42,47000.0,0.0
0,42,48000.0,0.0
0,42,49000.0,0.0
0,42,50000.0,0.0
0,43,5000.0,0.0
0,43,6000.0,0.0
0,43,7000.0,0.0
0,43,8000.0,0.0
0,43,9000.0,0.0
0,43,10000.0,0.0
0,43,11000.0,0.0
0,43,12000.0,0.0
0,43,13000.0,0.0
0,43,14000.0,0.0
0,43,15000.0,0.0
0,43,16000.0,0.0
0,43,17000.0,0.0
0,43,18000.0,0.0
0,43,19000.0,0.0
0,43,20000.0,0.0
0,43,21000.0,0.0
0,43,22000.0,0.0
0,43,23000.0,0.0
0,43,24000.0,0.0
0,43,25000.0,0.0
0,43,26000.0,0.0
0,43,27000.0,0.0
0,43,28000.0,0.0
0,43,29000.0,0.0
0,43,30000.0,0.0
0,43,31000.0,0.0
0,43,32000.0,0.0
0,43,33000.0,0.0
0,43,34000.0,0.0
0,43,35000.0,0.0
0,43,36000.0,0.0
0,43,37000.0,0.0
0,43,38000.0,0.0
0,43,39000.0,2.0
0,43,40000.0,2.0
0,43,41000.0,2.0
0,43,42000.0,0.0
0,43,43000.0,0.0
0,43,44000.0,0.0
0,43,45000.0,0.0
0,43,46000.0,0.0
0,43,47000.0,0.0
0,43,48000.0,0.0
0,43,49000.0,0.0
0,43,50000.0,0.0
0,44,5000.0,0.0
0,44,6000.0,0.0
0,44,7000.0,0.0
0,44,8000.0,0.0
0,44,9000.0,0.0
0,44,10000.0,0.0
0,44,11000.0,0.0
0,44,12000.0,0.0
0,44,13000.0,0.0
0,44,14000.0,0.0
0,44,15000.0,0.0
0,44,16000.0,0.0
0,44,17000.0,0.0
0,44,18000.0,0.0
0,44,19000.0,0.0
0,44,20000.0,0.0
0,44,21000.0,0.0
0,44,22000.0,0.0
0,44,23000.0,0.0
0,44,24000.0,0.0
0,44,25000.0,0.0
0,44,26000.0,0.0
0,44,27000.0,0.0
0,44,28000.0,0.0
0,44,29000.0,0.0
0,44,30000.0,0.0
0,44,31000.0,0.0
0,44,32000.0,0.0
0,44,33000.0,0.0
0,44,34000.0,0.0
0,44,35000.0,0.0
0,44,36000.0,0.0
0,44,37000.0,0.0
0,44,38000.0,0.0
0,44,39000.0,0.0
0,44,40000.0,0.0
0,44,41000.0,0.0
0,44,42000.0,0.0
0,44,43000.0,0.0
0,44,44000.0,0.0
0,44,45000.0,0.0
0,44,46000.0,0.0
0,44,47000.0,0.0
0,44,48000.0,0.0
0,44,49000.0,0.0
0,44,50000.0,0.0
0,45,5000.0,0.0
0,45,6000.0,0.0
0,45,7000.0,0.0
0,45,8000.0,0.0
0,45,9000.0,0.0
0,45,10000.0,0.0
0,45,11000.0,0.0
0,45,12000.0,0.0
0,45,13000.0,0.0
0,45,14000.0,0.0
0,45,15000.0,0.0
0,45,16000.0,0.0
0,45,17000.0,0.0
0,45,18000.0,0.0
0,45,19000.0,0.0
0,45,20000.0,0.0
0,45,21000.0,0.0
0,45,22000.0,0.0
0,45,23000.0,0.0
0,45,24000.0,0.0
0,45,25000.0,0.0
0,45,26000.0,0.0
0,45,27000.0,0.0
0,45,28000.0,0.0
0,45,29000.0,0.0
0,45,30000.0,0.0
0,45,31000.0,0.0
0,45,32000.0,0.0
0,45,33000.0,0.0
0,45,34000.0,0.0
0,45,35000.0,0.0
0,45,36000.0,0.0
0,45,37000.0,0.0
0,45,38000.0,0.0
0,45,39000.0,0.0
0,45,40000.0,0.0
0,45,41000.0,0.0
0,45,42000.0,0.0
0,45,43000.0,0.0
0,45,44000.0,0.0
0,45,45000.0,0.0
0,45,46000.0,0.0
0,45,47000.0,0.0
0,45,48000.0,0.0
0,45,49000.0,0.0
0,45,50000.0,0.0
0,46,5000.0,0.0
0,46,6000.0,0.0
0,46,7000.0,0.0
0,46,8000.0,0.0
0,46,9000.0,0.0
0,46,10000.0,0.0
0,46,11000.0,0.0
0,46,12000.0,0.0
0,46,13000.0,0.0
0,46,14000.0,0.0
0,46,15000.0,0.0
0,46,16000.0,0.0
0,46,17000.0,0.0
0,46,18000.0,0.0
0,46,19000.0,0.0
0,46,20000.0,0.0
0,46,21000.0,0.0
0,46,22000.0,0.0
0,46,23000.0,0.0
0,46,24000.0,0.0
0,46,25000.0,0.0
0,46,26000.0,0.0
0,46,27000.0,0.0
0,46,28000.0,0.0
0,46,29000.0,0.0
0,46,30000.0,0.0
0,46,31000.0,0.0
0,46,32000.0,2.0
0,46,33000.0,2.0
0,46,34000.0,2.0
0,46,35000.0,2.0
0,46,36000.0,2.0
0,46,37000.0,2.0
0,46,38000.0,2.0
0,46,39000.0,2.0
0,46,40000.0,2.0
0,46,41000.0,2.0
0,46,42000.0,0.0
0,46,43000.0,0.0
0,46,44000.0,0.0
0,46,45000.0,0.0
0,46,46000.0,0.0
0,46,47000.0,0.0
0,46,48000.0,0.0
0,46,49000.0,0.0
0,46,50000.0,0.0
0,47,5000.0,0.0
0,47,6000.0,0.0
0,47,7000.0,0.0
0,47,8000.0,2.0
0,47,9000.0,2.0
0,47,10000.0,2.0
0,47,11000.0,2.0
0,47,12000.0,0.0
0,47,13000.0,0.0
0,47,14000.0,0.0
0,47,15000.0,0.0
0,47,16000.0,0.0
0,47,17000.0,0.0
0,47,18000.0,0.0
0,47,19000.0,0.0
0,47,20000.0,0.0
0,47,21000.0,0.0
0,47,22000.0,0.0
0,47,23000.0,0.0
0,47,24000.0,0.0
0,47,25000.0,0.0
0,47,26000.0,0.0
0,47,27000.0,2.0
0,47,28000.0,2.0
0,47,29000.0,2.0
0,47,30000.0,2.0
0,47,31000.0,2.0
0,47,32000.0,0.0
0,47,33000.0,0.0
0,47,34000.0,0.0
0,47,35000.0,0.0
0,47,36000.0,0.0
0,47,37000.0,0.0
0,47,38000.0,0.0
0,47,39000.0,0.0
0,47,40000.0,0.0
0,47,41000.0,0.0
0,47,42000.0,0.0
0,47,43000.0,0.0
0,47,44000.0,0.0
0,47,45000.0,0.0
0,47,46000.0,0.0
0,47,47000.0,0.0
0,47,48000.0,0.0
0,47,49000.0,0.0
0,47,50000.0,0.0
0,48,5000.0,0.0
0,48,6000.0,0.0
0,48,7000.0,0.0
0,48,8000.0,0.0
0,48,9000.0,0.0
0,48,10000.0,2.0
0,48,11000.0,2.0
0,48,12000.0,0.0
0,48,13000.0,0.0
0,48,14000.0,0.0
0,48,15000.0,0.0
0,48,16000.0,2.0
0,48,17000.0,2.0
0,48,18000.0,2.0
0,48,19000.0,2.0
0,48,20000.0,2.0
0,48,21000.0,2.0
0,48,22000.0,0.0
0,48,23000.0,0.0
0,48,24000.0,0.0
0,48,25000.0,0.0
0,48,26000.0,0.0
0,48,27000.0,0.0
0,48,28000.0,0.0
0,48,29000.0,0.0
0,48,30000.0,0.0
0,48,31000.0,0.0
0,48,32000.0,0.0
0,48,33000.0,0.0
0,48,34000.0,0.0
0,48,35000.0,0.0
0,48,36000.0,0.0
0,48,37000.0,0.0
0,48,38000.0,0.0
0,48,39000.0,0.0
0,48,40000.0,0.0
0,48,41000.0,0.0
0,48,42000.0,0.0
0,48,43000.0,0.0
0,48,44000.0,0.0
0,48,45000.0,0.0
0,48,46000.0,0.0
0,48,47000.0,0.0
0,48,48000.0,0.0
0,48,49000.0,0.0
0,48,50000.0,0.0
0,49,5000.0,0.0
0,49,6000.0,0.0
0,49,7000.0,0.0
0,49,8000.0,0.0
0,49,9000.0,0.0
0,49,10000.0,0.0
0,49,11000.0,0.0
0,49,12000.0,0.0
0,49,13000.0,0.0
0,49,14000.0,0.0
0,49,15000.0,0.0
0,49,16000.0,0.0
0,49,17000.0,0.0
0,49,18000.0,0.0
0,49,19000.0,0.0
0,49,20000.0,0.0
0,49,21000.0,0.0
0,49,22000.0,0.0
0,49,23000.0,0.0
0,49,24000.0,0.0
0,49,25000.0,0.0
0,49,26000.0,0.0
0,49,27000.0,0.0
0,49,28000.0,0.0
0,49,29000.0,0.0
0,49,30000.0,0.0
0,49,31000.0,0.0
0,49,32000.0,0.0
0,49,33000.0,0.0
0,49,34000.0,0.0
0,49,35000.0,0.0
0,49,36000.0,0.0
0,49,37000.0,0.0
0,49,38000.0,0.0
0,49,39000.0,2.0
0,49,40000.0,2.0
0,49,41000.0,2.0
0,49,42000.0,0.0
0,49,43000.0,0.0
0,49,44000.0,0.0
0,49,45000.0,0.0
0,49,46000.0,0.0
0,49,47000.0,0.0
0,49,48000.0,0.0
0,49,49000.0,0.0
0,49,50000.0,0.0
1,0,5000.0,2.0
1,0,6000.0,2.0
1,0,7000.0,2.0
1,0,8000.0,2.0
1,0,9000.0,2.0
1,0,10000.0,2.0
1,0,11000.0,2.0
1,0,12000.0,0.0
1,0,13000.0,0.0
1,0,14000.0,0.0
1,0,15000.0,0.0
1,0,16000.0,0.0
1,0,17000.0,0.0
1,0,18000.0,0.0
1,0,19000.0,0.0
1,0,20000.0,0.0
1,0,21000.0,0.0
1,0,22000.0,0.0
1,0,23000.0,0.0
1,0,24000.0,0.0
1,0,25000.0,0.0
1,0,26000.0,0.0
1,0,27000.0,0.0
1,0,28000.0,0.0
1,0,29000.0,0.0
1,0,30000.0,0.0
1,0,31000.0,0.0
1,0,32000.0,0.0
1,0,33000.0,0.0
1,0,34000.0,0.0
1,0,35000.0,0.0
1,0,36000.0,0.0
1,0,37000.0,0.0
1,0,38000.0,0.0
1,0,39000.0,0.0
1,0,40000.0,0.0
1,0,41000.0,0.0
1,0,42000.0,0.0
1,0,43000.0,0.0
1,0,44000.0,0.0
1,0,45000.0,0.0
1,0,46000.0,0.0
1,0,47000.0,0.0
1,0,48000.0,0.0
1,0,49000.0,0.0
1,0,50000.0,2.0
1,1,5000.0,0.0
1,1,6000.0,0.0
1,1,7000.0,0.0
1,1,8000.0,0.0
1,1,9000.0,0.0
1,1,10000.0,0.0
1,1,11000.0,0.0
1,1,12000.0,0.0
1,1,13000.0,0.0
1,1,14000.0,0.0
1,1,15000.0,0.0
1,1,16000.0,0.0
1,1,17000.0,0.0
1,1,18000.0,0.0
1,1,19000.0,0.0
1,1,20000.0,0.0
1,1,21000.0,0.0
1,1,22000.0,0.0
1,1,23000.0,0.0
1,1,24000.0,0.0
1,1,25000.0,0.0
1,1,26000.0,0.0
1,1,27000.0,0.0
1,1,28000.0,0.0
1,1,29000.0,0.0
1,1,30000.0,0.0
1,1,31000.0,0.0
1,1,32000.0,0.0
1,1,33000.0,0.0
1,1,34000.0,0.0
1,1,35000.0,0.0
1,1,36000.0,0.0
1,1,37000.0,0.0
1,1,38000.0,0.0
1,1,39000.0,0.0
1,1,40000.0,0.0
1,1,41000.0,0.0
1,1,42000.0,0.0
1,1,43000.0,0.0
1,1,44000.0,0.0
1,1,45000.0,0.0
1,1,46000.0,0.0
1,1,47000.0,0.0
1,1,48000.0,0.0
1,1,49000.0,0.0
1,1,50000.0,0.0
1,2,5000.0,0.0
1,2,6000.0,0.0
1,2,7000.0,0.0
1,2,8000.0,0.0
1,2,9000.0,0.0
1,2,10000.0,0.0
1,2,11000.0,0.0
1,2,12000.0,0.0
1,2,13000.0,0.0
1,2,14000.0,0.0
1,2,15000.0,0.0
1,2,16000.0,0.0
1,2,17000.0,0.0
1,2,18000.0,0.0
1,2,19000.0,0.0
1,2,20000.0,0.0
1,2,21000.0,0.0
1,2,22000.0,0.0
1,2,23000.0,0.0
1,2,24000.0,0.0
1,2,25000.0,0.0
1,2,26000.0,0.0
1,2,27000.0,0.0
1,2,28000.0,0.0
1,2,29000.0,0.0
1,2,30000.0,0.0
1,2,31000.0,0.0
1,2,32000.0,0.0
1,2,33000.0,0.0
1,2,34000.0,0.0
1,2,35000.0,0.0
1,2,36000.0,0.0
1,2,37000.0,0.0
1,2,38000.0,0.0
1,2,39000.0,0.0
1,2,40000.0,0.0
1,2,41000.0,0.0
1,2,42000.0,0.0
1,2,43000.0,0.0
1,2,44000.0,0.0
1,2,45000.0,0.0
1,2,46000.0,0.0
1,2,47000.0,0.0
1,2,48000.0,0.0
1,2,49000.0,0.0
1,2,50000.0,0.0
1,4,5000.0,0.0
1,4,6000.0,0.0
1,4,7000.0,0.0
1,4,8000.0,0.0
1,4,9000.0,0.0
1,4,10000.0,0.0
1,4,11000.0,0.0
1,4,12000.0,0.0
1,4,13000.0,0.0
1,4,14000.0,0.0
1,4,15000.0,0.0
1,4,16000.0,0.0
1,4,17000.0,0.0
1,4,18000.0,0.0
1,4,19000.0,0.0
1,4,20000.0,0.0
1,4,21000.0,0.0
1,4,22000.0,0.0
1,4,23000.0,0.0
1,4,24000.0,0.0
1,4,25000.0,0.0
1,4,26000.0,0.0
1,4,27000.0,0.0
1,4,28000.0,0.0
1,4,29000.0,0.0
1,4,30000.0,0.0
1,4,31000.0,0.0
1,4,32000.0,0.0
1,4,33000.0,0.0
1,4,34000.0,0.0
1,4,35000.0,0.0
1,4,36000.0,0.0
1,4,37000.0,0.0
1,4,38000.0,0.0
1,4,39000.0,0.0
1,4,40000.0,0.0
1,4,41000.0,0.0
1,4,42000.0,0.0
1,4,43000.0,0.0
1,4,44000.0,0.0
1,4,45000.0,0.0
1,4,46000.0,0.0
1,4,47000.0,0.0
1,4,48000.0,0.0
1,4,49000.0,0.0
1,4,50000.0,0.0
1,5,5000.0,0.0
1,5,6000.0,0.0
1,5,7000.0,0.0
1,5,8000.0,0.0
1,5,9000.0,2.0
1,5,10000.0,2.0
1,5,11000.0,2.0
1,5,12000.0,0.0
1,5,13000.0,0.0
1,5,14000.0,0.0
1,5,15000.0,0.0
1,5,16000.0,0.0
1,5,17000.0,0.0
1,5,18000.0,0.0
1,5,19000.0,0.0
1,5,20000.0,0.0
1,5,21000.0,0.0
1,5,22000.0,0.0
1,5,23000.0,0.0
1,5,24000.0,0.0
1,5,25000.0,0.0
1,5,26000.0,0.0
1,5,27000.0,0.0
1,5,28000.0,0.0
1,5,29000.0,0.0
1,5,30000.0,0.0
1,5,31000.0,0.0
1,5,32000.0,0.0
1,5,33000.0,0.0
1,5,34000.0,0.0
1,5,35000.0,0.0
1,5,36000.0,0.0
1,5,37000.0,0.0
1,5,38000.0,0.0
1,5,39000.0,0.0
1,5,40000.0,0.0
1,5,41000.0,0.0
1,5,42000.0,0.0
1,5,43000.0,0.0
1,5,44000.0,0.0
1,5,45000.0,0.0
1,5,46000.0,0.0
1,5,47000.0,0.0
1,5,48000.0,0.0
1,5,49000.0,0.0
1,5,50000.0,0.0
1,6,5000.0,0.0
1,6,6000.0,0.0
1,6,7000.0,0.0
1,6,8000.0,0.0
1,6,9000.0,0.0
1,6,10000.0,0.0
1,6,11000.0,0.0
1,6,12000.0,0.0
1,6,13000.0,0.0
1,6,14000.0,0.0
1,6,15000.0,0.0
1,6,16000.0,0.0
1,6,17000.0,0.0
1,6,18000.0,0.0
1,6,19000.0,0.0
1,6,20000.0,0.0
1,6,21000.0,0.0
1,6,22000.0,0.0
1,6,23000.0,0.0
1,6,24000.0,0.0
1,6,25000.0,0.0
1,6,26000.0,0.0
1,6,27000.0,0.0
1,6,28000.0,0.0
1,6,29000.0,0.0
1,6,30000.0,0.0
1,6,31000.0,0.0
1,6,32000.0,0.0
1,6,33000.0,0.0
1,6,34000.0,0.0
1,6,35000.0,0.0
1,6,36000.0,0.0
1,6,37000.0,0.0
1,6,38000.0,0.0
1,6,39000.0,0.0
1,6,40000.0,0.0
1,6,41000.0,0.0
1,6,42000.0,0.0
1,6,43000.0,0.0
1,6,44000.0,0.0
1,6,45000.0,0.0
1,6,46000.0,0.0
1,6,47000.0,0.0
1,6,48000.0,0.0
1,6,49000.0,0.0
1,6,50000.0,0.0
1,7,5000.0,0.0
1,7,6000.0,0.0
1,7,7000.0,0.0
1,7,8000.0,0.0
1,7,9000.0,2.0
1,7,10000.0,2.0
1,7,11000.0,2.0
1,7,12000.0,0.0
1,7,13000.0,0.0
1,7,14000.0,0.0
1,7,15000.0,0.0
1,7,16000.0,0.0
1,7,17000.0,0.0
1,7,18000.0,0.0
1,7,19000.0,0.0
1,7,20000.0,0.0
1,7,21000.0,0.0
1,7,22000.0,0.0
1,7,23000.0,0.0
1,7,24000.0,0.0
1,7,25000.0,0.0
1,7,26000.0,0.0
1,7,27000.0,0.0
1,7,28000.0,0.0
1,7,29000.0,0.0
1,7,30000.0,0.0
1,7,31000.0,0.0
1,7,32000.0,0.0
1,7,33000.0,0.0
1,7,34000.0,0.0
1,7,35000.0,0.0
1,7,36000.0,0.0
1,7,37000.0,0.0
1,7,38000.0,0.0
1,7,39000.0,0.0
1,7,40000.0,0.0
1,7,41000.0,0.0
1,7,42000.0,0.0
1,7,43000.0,2.0
1,7,44000.0,2.0
1,7,45000.0,2.0
1,7,46000.0,2.0
1,7,47000.0,2.0
1,7,48000.0,2.0
1,7,49000.0,2.0
1,7,50000.0,2.0
1,8,5000.0,0.0
1,8,6000.0,0.0
1,8,7000.0,0.0
1,8,8000.0,0.0
1,8,9000.0,0.0
1,8,10000.0,0.0
1,8,11000.0,0.0
1,8,12000.0,0.0
1,8,13000.0,0.0
1,8,14000.0,0.0
1,8,15000.0,0.0
1,8,16000.0,0.0
1,8,17000.0,0.0
1,8,18000.0,0.0
1,8,19000.0,0.0
1,8,20000.0,0.0
1,8,21000.0,0.0
1,8,22000.0,0.0
1,8,23000.0,0.0
1,8,24000.0,0.0
1,8,25000.0,0.0
1,8,26000.0,0.0
1,8,27000.0,0.0
1,8,28000.0,0.0
1,8,29000.0,0.0
1,8,30000.0,0.0
1,8,31000.0,0.0
1,8,32000.0,0.0
1,8,33000.0,0.0
1,8,34000.0,0.0
1,8,35000.0,0.0
1,8,36000.0,0.0
1,8,37000.0,0.0
1,8,38000.0,0.0
1,8,39000.0,0.0
1,8,40000.0,0.0
1,8,41000.0,0.0
1,8,42000.0,0.0
1,8,43000.0,0.0
1,8,44000.0,0.0
1,8,45000.0,0.0
1,8,46000.0,0.0
1,8,47000.0,0.0
1,8,48000.0,0.0
1,8,49000.0,0.0
1,8,50000.0,0.0
1,9,5000.0,0.0
1,9,6000.0,0.0
1,9,7000.0,0.0
1,9,8000.0,0.0
1,9,9000.0,0.0
1,9,10000.0,0.0
1,9,11000.0,0.0
1,9,12000.0,0.0
1,9,13000.0,0.0
1,9,14000.0,0.0
1,9,15000.0,0.0
1,9,16000.0,0.0
1,9,17000.0,0.0
1,9,18000.0,0.0
1,9,19000.0,0.0
1,9,20000.0,0.0
1,9,21000.0,2.0
1,9,22000.0,0.0
1,9,23000.0,0.0
1,9,24000.0,0.0
1,9,25000.0,0.0
1,9,26000.0,0.0
1,9,27000.0,0.0
1,9,28000.0,0.0
1,9,29000.0,0.0
1,9,30000.0,0.0
1,9,31000.0,0.0
1,9,32000.0,0.0
1,9,33000.0,0.0
1,9,34000.0,0.0
1,9,35000.0,0.0
1,9,36000.0,0.0
1,9,37000.0,0.0
1,9,38000.0,0.0
1,9,39000.0,0.0
1,9,40000.0,0.0
1,9,41000.0,0.0
1,9,42000.0,0.0
1,9,43000.0,0.0
1,9,44000.0,0.0
1,9,45000.0,0.0
1,9,46000.0,0.0
1,9,47000.0,0.0
1,9,48000.0,0.0
1,9,49000.0,0.0
1,9,50000.0,0.0
1,10,5000.0,0.0
1,10,6000.0,0.0
1,10,7000.0,0.0
1,10,8000.0,0.0
1,10,9000.0,0.0
1,10,10000.0,0.0
1,10,11000.0,0.0
1,10,12000.0,0.0
1,10,13000.0,0.0
1,10,14000.0,0.0
1,10,15000.0,0.0
1,10,16000.0,0.0
1,10,17000.0,0.0
1,10,18000.0,0.0
1,10,19000.0,0.0
1,10,20000.0,0.0
1,10,21000.0,0.0
1,10,22000.0,0.0
1,10,23000.0,0.0
1,10,24000.0,0.0
1,10,25000.0,0.0
1,10,26000.0,0.0
1,10,27000.0,0.0
1,10,28000.0,0.0
1,10,29000.0,0.0
1,10,30000.0,0.0
1,10,31000.0,0.0
1,10,32000.0,0.0
1,10,33000.0,0.0
1,10,34000.0,0.0
1,10,35000.0,0.0
1,10,36000.0,0.0
1,10,37000.0,0.0
1,10,38000.0,0.0
1,10,39000.0,0.0
1,10,40000.0,0.0
1,10,41000.0,0.0
1,10,42000.0,0.0
1,10,43000.0,0.0
1,10,44000.0,0.0
1,10,45000.0,0.0
1,10,46000.0,0.0
1,10,47000.0,0.0
1,10,48000.0,0.0
1,10,49000.0,2.0
1,10,50000.0,2.0
1,11,5000.0,2.0
1,11,6000.0,2.0
1,11,7000.0,2.0
1,11,8000.0,2.0
1,11,9000.0,2.0
1,11,10000.0,2.0
1,11,11000.0,2.0
1,11,12000.0,0.0
1,11,13000.0,0.0
1,11,14000.0,0.0
1,11,15000.0,0.0
1,11,16000.0,0.0
1,11,17000.0,0.0
1,11,18000.0,0.0
1,11,19000.0,0.0
1,11,20000.0,0.0
1,11,21000.0,0.0
1,11,22000.0,0.0
1,11,23000.0,0.0
1,11,24000.0,0.0
1,11,25000.0,0.0
1,11,26000.0,0.0
1,11,27000.0,0.0
1,11,28000.0,0.0
1,11,29000.0,0.0
1,11,30000.0,0.0
1,11,31000.0,0.0
1,11,32000.0,0.0
1,11,33000.0,0.0
1,11,34000.0,0.0
1,11,35000.0,0.0
1,11,36000.0,0.0
1,11,37000.0,0.0
1,11,38000.0,0.0
1,11,39000.0,0.0
1,11,40000.0,0.0
1,11,41000.0,0.0
1,11,42000.0,0.0
1,11,43000.0,0.0
1,11,44000.0,0.0
1,11,45000.0,0.0
1,11,46000.0,0.0
1,11,47000.0,0.0
1,11,48000.0,0.0
1,11,49000.0,0.0
1,11,50000.0,0.0
1,12,5000.0,0.0
1,12,6000.0,0.0
1,12,7000.0,0.0
1,12,8000.0,0.0
1,12,9000.0,0.0
1,12,10000.0,0.0
1,12,11000.0,0.0
1,12,12000.0,0.0
1,12,13000.0,0.0
1,12,14000.0,0.0
1,12,15000.0,0.0
1,12,16000.0,0.0
1,12,17000.0,0.0
1,12,18000.0,0.0
1,12,19000.0,0.0
1,12,20000.0,0.0
1,12,21000.0,0.0
1,12,22000.0,0.0
1,12,23000.0,0.0
1,12,24000.0,0.0
1,12,25000.0,0.0
1,12,26000.0,0.0
1,12,27000.0,0.0
1,12,28000.0,0.0
1,12,29000.0,0.0
1,12,30000.0,0.0
1,12,31000.0,0.0
1,12,32000.0,0.0
1,12,33000.0,0.0
1,12,34000.0,0.0
1,12,35000.0,0.0
1,12,36000.0,0.0
1,12,37000.0,0.0
1,12,38000.0,0.0
1,12,39000.0,0.0
1,12,40000.0,0.0
1,12,41000.0,0.0
1,12,42000.0,0.0
1,12,43000.0,0.0
1,12,44000.0,0.0
1,12,45000.0,0.0
1,12,46000.0,0.0
1,12,47000.0,0.0
1,12,48000.0,0.0
1,12,49000.0,0.0
1,12,50000.0,0.0
1,13,5000.0,0.0
1,13,6000.0,0.0
1,13,7000.0,0.0
1,13,8000.0,0.0
1,13,9000.0,2.0
1,13,10000.0,2.0
1,13,11000.0,2.0
1,13,12000.0,0.0
1,13,13000.0,0.0
1,13,14000.0,0.0
1,13,15000.0,0.0
1,13,16000.0,0.0
1,13,17000.0,0.0
1,13,18000.0,0.0
1,13,19000.0,0.0
1,13,20000.0,0.0
1,13,21000.0,0.0
1,13,22000.0,0.0
1,13,23000.0,0.0
1,13,24000.0,0.0
1,13,25000.0,0.0
1,13,26000.0,0.0
1,13,27000.0,0.0
1,13,28000.0,0.0
1,13,29000.0,0.0
1,13,30000.0,0.0
1,13,31000.0,0.0
1,13,32000.0,0.0
1,13,33000.0,0.0
1,13,34000.0,0.0
1,13,35000.0,0.0
1,13,36000.0,0.0
1,13,37000.0,0.0
1,13,38000.0,0.0
1,13,39000.0,0.0
1,13,40000.0,0.0
1,13,41000.0,0.0
1,13,42000.0,0.0
1,13,43000.0,2.0
1,13,44000.0,2.0
1,13,45000.0,2.0
1,13,46000.0,2.0
1,13,47000.0,2.0
1,13,48000.0,2.0
1,13,49000.0,2.0
1,13,50000.0,2.0
1,14,5000.0,0.0
1,14,6000.0,0.0
1,14,7000.0,0.0
1,14,8000.0,0.0
1,14,9000.0,0.0
1,14,10000.0,0.0
1,14,11000.0,0.0
1,14,12000.0,0.0
1,14,13000.0,0.0
1,14,14000.0,0.0
1,14,15000.0,0.0
1,14,16000.0,0.0
1,14,17000.0,0.0
1,14,18000.0,0.0
1,14,19000.0,0.0
1,14,20000.0,0.0
1,14,21000.0,0.0
1,14,22000.0,0.0
1,14,23000.0,0.0
1,14,24000.0,0.0
1,14,25000.0,0.0
1,14,26000.0,0.0
1,14,27000.0,0.0
1,14,28000.0,0.0
1,14,29000.0,0.0
1,14,30000.0,0.0
1,14,31000.0,0.0
1,14,32000.0,0.0
1,14,33000.0,0.0
1,14,34000.0,0.0
1,14,35000.0,0.0
1,14,36000.0,0.0
1,14,37000.0,0.0
1,14,38000.0,0.0
1,14,39000.0,0.0
1,14,40000.0,0.0
1,14,41000.0,0.0
1,14,42000.0,0.0
1,14,43000.0,0.0
1,14,44000.0,0.0
1,14,45000.0,0.0
1,14,46000.0,0.0
1,14,47000.0,0.0
1,14,48000.0,0.0
1,14,49000.0,0.0
1,14,50000.0,0.0
1,15,5000.0,0.0
1,15,6000.0,0.0
1,15,7000.0,0.0
1,15,8000.0,0.0
1,15,9000.0,0.0
1,15,10000.0,0.0
1,15,11000.0,0.0
1,15,12000.0,0.0
1,15,13000.0,0.0
1,15,14000.0,0.0
1,15,15000.0,0.0
1,15,16000.0,0.0
1,15,17000.0,0.0
1,15,18000.0,0.0
1,15,19000.0,0.0
1,15,20000.0,0.0
1,15,21000.0,0.0
1,15,22000.0,0.0
1,15,23000.0,0.0
1,15,24000.0,0.0
1,15,25000.0,0.0
1,15,26000.0,0.0
1,15,27000.0,0.0
1,15,28000.0,0.0
1,15,29000.0,0.0
1,15,30000.0,0.0
1,15,31000.0,0.0
1,15,32000.0,0.0
1,15,33000.0,0.0
1,15,34000.0,0.0
1,15,35000.0,0.0
1,15,36000.0,0.0
1,15,37000.0,0.0
1,15,38000.0,0.0
1,15,39000.0,0.0
1,15,40000.0,0.0
1,15,41000.0,0.0
1,15,42000.0,2.0
1,15,43000.0,2.0
1,15,44000.0,2.0
1,15,45000.0,2.0
1,15,46000.0,2.0
1,15,47000.0,2.0
1,15,48000.0,2.0
1,15,49000.0,2.0
1,15,50000.0,2.0
1,16,5000.0,0.0
1,16,6000.0,0.0
1,16,7000.0,0.0
1,16,8000.0,0.0
1,16,9000.0,0.0
1,16,10000.0,0.0
1,16,11000.0,0.0
1,16,12000.0,0.0
1,16,13000.0,0.0
1,16,14000.0,0.0
1,16,15000.0,0.0
1,16,16000.0,0.0
1,16,17000.0,0.0
1,16,18000.0,0.0
1,16,19000.0,0.0
1,16,20000.0,0.0
1,16,21000.0,0.0
1,16,22000.0,0.0
1,16,23000.0,0.0
1,16,24000.0,0.0
1,16,25000.0,0.0
1,16,26000.0,0.0
1,16,27000.0,0.0
1,16,28000.0,2.0
1,16,29000.0,2.0
1,16,30000.0,2.0
1,16,31000.0,2.0
1,16,32000.0,0.0
1,16,33000.0,0.0
1,16,34000.0,0.0
1,16,35000.0,0.0
1,16,36000.0,0.0
1,16,37000.0,0.0
1,16,38000.0,0.0
1,16,39000.0,0.0
1,16,40000.0,0.0
1,16,41000.0,0.0
1,16,42000.0,0.0
1,16,43000.0,0.0
1,16,44000.0,0.0
1,16,45000.0,0.0
1,16,46000.0,0.0
1,16,47000.0,0.0
1,16,48000.0,0.0
1,16,49000.0,0.0
1,16,50000.0,0.0
1,17,5000.0,0.0
1,17,6000.0,0.0
1,17,7000.0,0.0
1,17,8000.0,0.0
1,17,9000.0,0.0
1,17,10000.0,0.0
1,17,11000.0,0.0
1,17,12000.0,0.0
1,17,13000.0,0.0
1,17,14000.0,0.0
1,17,15000.0,0.0
1,17,16000.0,0.0
1,17,17000.0,0.0
1,17,18000.0,0.0
1,17,19000.0,0.0
1,17,20000.0,0.0
1,17,21000.0,0.0
1,17,22000.0,0.0
1,17,23000.0,0.0
1,17,24000.0,0.0
1,17,25000.0,0.0
1,17,26000.0,0.0
1,17,27000.0,0.0
1,17,28000.0,0.0
1,17,29000.0,0.0
1,17,30000.0,0.0
1,17,31000.0,0.0
1,17,32000.0,0.0
1,17,33000.0,0.0
1,17,34000.0,0.0
1,17,35000.0,0.0
1,17,36000.0,0.0
1,17,37000.0,0.0
1,17,38000.0,0.0
1,17,39000.0,0.0
1,17,40000.0,0.0
1,17,41000.0,0.0
1,17,42000.0,0.0
1,17,43000.0,0.0
1,17,44000.0,0.0
1,17,45000.0,0.0
1,17,46000.0,0.0
1,17,47000.0,0.0
1,17,48000.0,0.0
1,17,49000.0,0.0
1,17,50000.0,0.0
1,18,5000.0,0.0
1,18,6000.0,0.0
1,18,7000.0,0.0
1,18,8000.0,0.0
1,18,9000.0,0.0
1,18,10000.0,0.0
1,18,11000.0,0.0
1,18,12000.0,0.0
1,18,13000.0,0.0
1,18,14000.0,0.0
1,18,15000.0,0.0
1,18,16000.0,0.0
1,18,17000.0,0.0
1,18,18000.0,0.0
1,18,19000.0,0.0
1,18,20000.0,0.0
1,18,21000.0,0.0
1,18,22000.0,0.0
1,18,23000.0,0.0
1,18,24000.0,0.0
1,18,25000.0,0.0
1,18,26000.0,0.0
1,18,27000.0,0.0
1,18,28000.0,0.0
1,18,29000.0,0.0
1,18,30000.0,0.0
1,18,31000.0,0.0
1,18,32000.0,0.0
1,18,33000.0,0.0
1,18,34000.0,0.0
1,18,35000.0,0.0
1,18,36000.0,0.0
1,18,37000.0,0.0
1,18,38000.0,0.0
1,18,39000.0,0.0
1,18,40000.0,0.0
1,18,41000.0,0.0
1,18,42000.0,0.0
1,18,43000.0,0.0
1,18,44000.0,0.0
1,18,45000.0,0.0
1,18,46000.0,0.0
1,18,47000.0,0.0
1,18,48000.0,0.0
1,18,49000.0,0.0
1,18,50000.0,0.0
1,19,5000.0,0.0
1,19,6000.0,2.0
1,19,7000.0,2.0
1,19,8000.0,2.0
1,19,9000.0,2.0
1,19,10000.0,2.0
1,19,11000.0,2.0
1,19,12000.0,2.0
1,19,13000.0,2.0
1,19,14000.0,2.0
1,19,15000.0,2.0
1,19,16000.0,2.0
1,19,17000.0,2.0
1,19,18000.0,2.0
1,19,19000.0,2.0
1,19,20000.0,2.0
1,19,21000.0,2.0
1,19,22000.0,0.0
1,19,23000.0,0.0
1,19,24000.0,0.0
1,19,25000.0,0.0
1,19,26000.0,0.0
1,19,27000.0,0.0
1,19,28000.0,0.0
1,19,29000.0,0.0
1,19,30000.0,2.0
1,19,31000.0,2.0
1,19,32000.0,0.0
1,19,33000.0,0.0
1,19,34000.0,0.0
1,19,35000.0,0.0
1,19,36000.0,0.0
1,19,37000.0,0.0
1,19,38000.0,0.0
1,19,39000.0,0.0
1,19,40000.0,0.0
1,19,41000.0,0.0
1,19,42000.0,0.0
1,19,43000.0,0.0
1,19,44000.0,0.0
1,19,45000.0,0.0
1,19,46000.0,0.0
1,19,47000.0,0.0
1,19,48000.0,0.0
1,19,49000.0,0.0
1,19,50000.0,0.0
1,20,5000.0,0.0
1,20,6000.0,0.0
1,20,7000.0,0.0
1,20,8000.0,0.0
1,20,9000.0,0.0
1,20,10000.0,0.0
1,20,11000.0,0.0
1,20,12000.0,0.0
1,20,13000.0,0.0
1,20,14000.0,0.0
1,20,15000.0,0.0
1,20,16000.0,0.0
1,20,17000.0,0.0
1,20,18000.0,0.0
1,20,19000.0,0.0
1,20,20000.0,0.0
1,20,21000.0,0.0
1,20,22000.0,0.0
1,20,23000.0,0.0
1,20,24000.0,0.0
1,20,25000.0,0.0
1,20,26000.0,0.0
1,20,27000.0,0.0
1,20,28000.0,0.0
1,20,29000.0,0.0
1,20,30000.0,0.0
1,20,31000.0,0.0
1,20,32000.0,0.0
1,20,33000.0,0.0
1,20,34000.0,0.0
1,20,35000.0,0.0
1,20,36000.0,0.0
1,20,37000.0,0.0
1,20,38000.0,0.0
1,20,39000.0,0.0
1,20,40000.0,0.0
1,20,41000.0,0.0
1,20,42000.0,0.0
1,20,43000.0,0.0
1,20,44000.0,0.0
1,20,45000.0,0.0
1,20,46000.0,0.0
1,20,47000.0,0.0
1,20,48000.0,0.0
1,20,49000.0,0.0
1,20,50000.0,0.0
1,21,5000.0,2.0
1,21,6000.0,2.0
1,21,7000.0,2.0
1,21,8000.0,2.0
1,21,9000.0,2.0
1,21,10000.0,2.0
1,21,11000.0,2.0
1,21,12000.0,0.0
1,21,13000.0,0.0
1,21,14000.0,0.0
1,21,15000.0,0.0
1,21,16000.0,0.0
1,21,17000.0,0.0
1,21,18000.0,0.0
1,21,19000.0,0.0
1,21,20000.0,0.0
1,21,21000.0,0.0
1,21,22000.0,0.0
1,21,23000.0,0.0
1,21,24000.0,0.0
1,21,25000.0,0.0
1,21,26000.0,0.0
1,21,27000.0,0.0
1,21,28000.0,0.0
1,21,29000.0,0.0
1,21,30000.0,0.0
1,21,31000.0,0.0
1,21,32000.0,0.0
1,21,33000.0,0.0
1,21,34000.0,0.0
1,21,35000.0,0.0
1,21,36000.0,0.0
1,21,37000.0,0.0
1,21,38000.0,0.0
1,21,39000.0,0.0
1,21,40000.0,0.0
1,21,41000.0,0.0
1,21,42000.0,0.0
1,21,43000.0,0.0
1,21,44000.0,0.0
1,21,45000.0,0.0
1,21,46000.0,0.0
1,21,47000.0,0.0
1,21,48000.0,0.0
1,21,49000.0,0.0
1,21,50000.0,2.0
1,22,5000.0,0.0
1,22,6000.0,0.0
1,22,7000.0,0.0
1,22,8000.0,0.0
1,22,9000.0,0.0
1,22,10000.0,0.0
1,22,11000.0,0.0
1,22,12000.0,0.0
1,22,13000.0,0.0
1,22,14000.0,0.0
1,22,15000.0,0.0
1,22,16000.0,0.0
1,22,17000.0,0.0
1,22,18000.0,0.0
1,22,19000.0,0.0
1,22,20000.0,0.0
1,22,21000.0,0.0
1,22,22000.0,0.0
1,22,23000.0,0.0
1,22,24000.0,0.0
1,22,25000.0,0.0
1,22,26000.0,0.0
1,22,27000.0,0.0
1,22,28000.0,0.0
1,22,29000.0,0.0
1,22,30000.0,0.0
1,22,31000.0,0.0
1,22,32000.0,0.0
1,22,33000.0,0.0
1,22,34000.0,0.0
1,22,35000.0,0.0
1,22,36000.0,0.0
1,22,37000.0,0.0
1,22,38000.0,0.0
1,22,39000.0,0.0
1,22,40000.0,0.0
1,22,41000.0,0.0
1,22,42000.0,0.0
1,22,43000.0,2.0
1,22,44000.0,2.0
1,22,45000.0,2.0
1,22,46000.0,2.0
1,22,47000.0,2.0
1,22,48000.0,2.0
1,22,49000.0,2.0
1,22,50000.0,2.0
1,23,5000.0,2.0
1,23,6000.0,2.0
1,23,7000.0,2.0
1,23,8000.0,2.0
1,23,9000.0,2.0
1,23,10000.0,2.0
1,23,11000.0,2.0
1,23,12000.0,0.0
1,23,13000.0,0.0
1,23,14000.0,0.0
1,23,15000.0,0.0
1,23,16000.0,0.0
1,23,17000.0,0.0
1,23,18000.0,0.0
1,23,19000.0,0.0
1,23,20000.0,0.0
1,23,21000.0,0.0
1,23,22000.0,0.0
1,23,23000.0,0.0
1,23,24000.0,0.0
1,23,25000.0,0.0
1,23,26000.0,0.0
1,23,27000.0,0.0
1,23,28000.0,0.0
1,23,29000.0,2.0
1,23,30000.0,2.0
1,23,31000.0,2.0
1,23,32000.0,0.0
1,23,33000.0,0.0
1,23,34000.0,0.0
1,23,35000.0,0.0
1,23,36000.0,0.0
1,23,37000.0,0.0
1,23,38000.0,0.0
1,23,39000.0,0.0
1,23,40000.0,0.0
1,23,41000.0,0.0
1,23,42000.0,0.0
1,23,43000.0,0.0
1,23,44000.0,0.0
1,23,45000.0,0.0
1,23,46000.0,0.0
1,23,47000.0,0.0
1,23,48000.0,0.0
1,23,49000.0,0.0
1,23,50000.0,0.0
1,24,5000.0,0.0
1,24,6000.0,0.0
1,24,7000.0,0.0
1,24,8000.0,0.0
1,24,9000.0,0.0
1,24,10000.0,0.0
1,24,11000.0,0.0
1,24,12000.0,0.0
1,24,13000.0,0.0
1,24,14000.0,0.0
1,24,15000.0,0.0
1,24,16000.0,0.0
1,24,17000.0,0.0
1,24,18000.0,0.0
1,24,19000.0,0.0
1,24,20000.0,0.0
1,24,21000.0,0.0
1,24,22000.0,0.0
1,24,23000.0,0.0
1,24,24000.0,0.0
1,24,25000.0,0.0
1,24,26000.0,0.0
1,24,27000.0,0.0
1,24,28000.0,0.0
1,24,29000.0,0.0
1,24,30000.0,0.0
1,24,31000.0,0.0
1,24,32000.0,0.0
1,24,33000.0,0.0
1,24,34000.0,0.0
1,24,35000.0,0.0
1,24,36000.0,0.0
1,24,37000.0,0.0
1,24,38000.0,0.0
1,24,39000.0,0.0
1,24,40000.0,0.0
1,24,41000.0,0.0
1,24,42000.0,0.0
1,24,43000.0,2.0
1,24,44000.0,2.0
1,24,45000.0,2.0
1,24,46000.0,2.0
1,24,47000.0,2.0
1,24,48000.0,2.0
1,24,49000.0,2.0
1,24,50000.0,2.0
1,25,5000.0,2.0
1,25,6000.0,2.0
1,25,7000.0,2.0
1,25,8000.0,2.0
1,25,9000.0,2.0
1,25,10000.0,2.0
1,25,11000.0,2.0
1,25,12000.0,0.0
1,25,13000.0,0.0
1,25,14000.0,0.0
1,25,15000.0,0.0
1,25,16000.0,0.0
1,25,17000.0,0.0
1,25,18000.0,0.0
1,25,19000.0,0.0
1,25,20000.0,0.0
1,25,21000.0,0.0
1,25,22000.0,0.0
1,25,23000.0,0.0
1,25,24000.0,0.0
1,25,25000.0,0.0
1,25,26000.0,0.0
1,25,27000.0,0.0
1,25,28000.0,0.0
1,25,29000.0,0.0
1,25,30000.0,0.0
1,25,31000.0,0.0
1,25,32000.0,0.0
1,25,33000.0,0.0
1,25,34000.0,0.0
1,25,35000.0,0.0
1,25,36000.0,0.0
1,25,37000.0,0.0
1,25,38000.0,0.0
1,25,39000.0,0.0
1,25,40000.0,0.0
1,25,41000.0,0.0
1,25,42000.0,0.0
1,25,43000.0,0.0
1,25,44000.0,0.0
1,25,45000.0,0.0
1,25,46000.0,0.0
1,25,47000.0,0.0
1,25,48000.0,0.0
1,25,49000.0,0.0
1,25,50000.0,0.0
1,26,5000.0,0.0
1,26,6000.0,0.0
1,26,7000.0,0.0
1,26,8000.0,0.0
1,26,9000.0,0.0
1,26,10000.0,0.0
1,26,11000.0,0.0
1,26,12000.0,0.0
1,26,13000.0,0.0
1,26,14000.0,0.0
1,26,15000.0,0.0
1,26,16000.0,0.0
1,26,17000.0,0.0
1,26,18000.0,0.0
1,26,19000.0,0.0
1,26,20000.0,0.0
1,26,21000.0,0.0
1,26,22000.0,0.0
1,26,23000.0,0.0
1,26,24000.0,0.0
1,26,25000.0,0.0
1,26,26000.0,0.0
1,26,27000.0,0.0
1,26,28000.0,0.0
1,26,29000.0,0.0
1,26,30000.0,0.0
1,26,31000.0,0.0
1,26,32000.0,0.0
1,26,33000.0,0.0
1,26,34000.0,0.0
1,26,35000.0,0.0
1,26,36000.0,0.0
1,26,37000.0,0.0
1,26,38000.0,0.0
1,26,39000.0,0.0
1,26,40000.0,0.0
1,26,41000.0,0.0
1,26,42000.0,0.0
1,26,43000.0,0.0
1,26,44000.0,0.0
1,26,45000.0,0.0
1,26,46000.0,0.0
1,26,47000.0,0.0
1,26,48000.0,0.0
1,26,49000.0,0.0
1,26,50000.0,0.0
1,27,5000.0,0.0
1,27,6000.0,0.0
1,27,7000.0,0.0
1,27,8000.0,0.0
1,27,9000.0,0.0
1,27,10000.0,0.0
1,27,11000.0,0.0
1,27,12000.0,0.0
1,27,13000.0,0.0
1,27,14000.0,0.0
1,27,15000.0,0.0
1,27,16000.0,0.0
1,27,17000.0,0.0
1,27,18000.0,0.0
1,27,19000.0,0.0
1,27,20000.0,0.0
1,27,21000.0,0.0
1,27,22000.0,0.0
1,27,23000.0,0.0
1,27,24000.0,0.0
1,27,25000.0,0.0
1,27,26000.0,0.0
1,27,27000.0,0.0
1,27,28000.0,0.0
1,27,29000.0,0.0
1,27,30000.0,0.0
1,27,31000.0,0.0
1,27,32000.0,0.0
1,27,33000.0,0.0
1,27,34000.0,0.0
1,27,35000.0,0.0
1,27,36000.0,0.0
1,27,37000.0,0.0
1,27,38000.0,0.0
1,27,39000.0,0.0
1,27,40000.0,0.0
1,27,41000.0,0.0
1,27,42000.0,0.0
1,27,43000.0,0.0
1,27,44000.0,0.0
1,27,45000.0,0.0
1,27,46000.0,0.0
1,27,47000.0,0.0
1,27,48000.0,0.0
1,27,49000.0,0.0
1,27,50000.0,2.0
1,28,5000.0,0.0
1,28,6000.0,0.0
1,28,7000.0,0.0
1,28,8000.0,0.0
1,28,9000.0,0.0
1,28,10000.0,0.0
1,28,11000.0,0.0
1,28,12000.0,0.0
1,28,13000.0,0.0
1,28,14000.0,0.0
1,28,15000.0,0.0
1,28,16000.0,0.0
1,28,17000.0,0.0
1,28,18000.0,0.0
1,28,19000.0,0.0
1,28,20000.0,0.0
1,28,21000.0,0.0
1,28,22000.0,0.0
1,28,23000.0,0.0
1,28,24000.0,0.0
1,28,25000.0,0.0
1,28,26000.0,0.0
1,28,27000.0,0.0
1,28,28000.0,0.0
1,28,29000.0,0.0
1,28,30000.0,0.0
1,28,31000.0,0.0
1,28,32000.0,0.0
1,28,33000.0,0.0
1,28,34000.0,0.0
1,28,35000.0,0.0
1,28,36000.0,0.0
1,28,37000.0,0.0
1,28,38000.0,0.0
1,28,39000.0,0.0
1,28,40000.0,0.0
1,28,41000.0,0.0
1,28,42000.0,0.0
1,28,43000.0,0.0
1,28,44000.0,0.0
1,28,45000.0,0.0
1,28,46000.0,0.0
1,28,47000.0,0.0
1,28,48000.0,0.0
1,28,49000.0,0.0
1,28,50000.0,0.0
1,29,5000.0,0.0
1,29,6000.0,0.0
1,29,7000.0,0.0
1,29,8000.0,0.0
1,29,9000.0,0.0
1,29,10000.0,0.0
1,29,11000.0,0.0
1,29,12000.0,0.0
1,29,13000.0,0.0
1,29,14000.0,0.0
1,29,15000.0,0.0
1,29,16000.0,0.0
1,29,17000.0,0.0
1,29,18000.0,0.0
1,29,19000.0,0.0
1,29,20000.0,0.0
1,29,21000.0,0.0
1,29,22000.0,0.0
1,29,23000.0,0.0
1,29,24000.0,0.0
1,29,25000.0,0.0
1,29,26000.0,0.0
1,29,27000.0,0.0
1,29,28000.0,0.0
1,29,29000.0,0.0
1,29,30000.0,0.0
1,29,31000.0,0.0
1,29,32000.0,0.0
1,29,33000.0,0.0
1,29,34000.0,2.0
1,29,35000.0,2.0
1,29,36000.0,2.0
1,29,37000.0,2.0
1,29,38000.0,2.0
1,29,39000.0,2.0
1,29,40000.0,2.0
1,29,41000.0,2.0
1,29,42000.0,0.0
1,29,43000.0,0.0
1,29,44000.0,0.0
1,29,45000.0,0.0
1,29,46000.0,0.0
1,29,47000.0,0.0
1,29,48000.0,0.0
1,29,49000.0,0.0
1,29,50000.0,0.0
1,30,5000.0,0.0
1,30,6000.0,0.0
1,30,7000.0,0.0
1,30,8000.0,0.0
1,30,9000.0,0.0
1,30,10000.0,2.0
1,30,11000.0,2.0
1,30,12000.0,0.0
1,30,13000.0,0.0
1,30,14000.0,0.0
1,30,15000.0,0.0
1,30,16000.0,0.0
1,30,17000.0,0.0
1,30,18000.0,0.0
1,30,19000.0,0.0
1,30,20000.0,0.0
1,30,21000.0,0.0
1,30,22000.0,0.0
1,30,23000.0,0.0
1,30,24000.0,0.0
1,30,25000.0,0.0
1,30,26000.0,0.0
1,30,27000.0,0.0
1,30,28000.0,0.0
1,30,29000.0,0.0
1,30,30000.0,0.0
1,30,31000.0,0.0
1,30,32000.0,0.0
1,30,33000.0,0.0
1,30,34000.0,0.0
1,30,35000.0,0.0
1,30,36000.0,0.0
1,30,37000.0,0.0
1,30,38000.0,0.0
1,30,39000.0,0.0
1,30,40000.0,0.0
1,30,41000.0,0.0
1,30,42000.0,0.0
1,30,43000.0,0.0
1,30,44000.0,0.0
1,30,45000.0,0.0
1,30,46000.0,0.0
1,30,47000.0,0.0
1,30,48000.0,0.0
1,30,49000.0,0.0
1,30,50000.0,0.0
1,31,5000.0,0.0
1,31,6000.0,0.0
1,31,7000.0,0.0
1,31,8000.0,0.0
1,31,9000.0,0.0
1,31,10000.0,0.0
1,31,11000.0,0.0
1,31,12000.0,0.0
1,31,13000.0,0.0
1,31,14000.0,0.0
1,31,15000.0,0.0
1,31,16000.0,0.0
1,31,17000.0,0.0
1,31,18000.0,0.0
1,31,19000.0,0.0
1,31,20000.0,0.0
1,31,21000.0,0.0
1,31,22000.0,0.0
1,31,23000.0,0.0
1,31,24000.0,0.0
1,31,25000.0,0.0
1,31,26000.0,0.0
1,31,27000.0,0.0
1,31,28000.0,0.0
1,31,29000.0,0.0
1,31,30000.0,0.0
1,31,31000.0,0.0
1,31,32000.0,0.0
1,31,33000.0,0.0
1,31,34000.0,0.0
1,31,35000.0,0.0
1,31,36000.0,0.0
1,31,37000.0,0.0
1,31,38000.0,0.0
1,31,39000.0,0.0
1,31,40000.0,0.0
1,31,41000.0,0.0
1,31,42000.0,0.0
1,31,43000.0,0.0
1,31,44000.0,0.0
1,31,45000.0,0.0
1,31,46000.0,0.0
1,31,47000.0,0.0
1,31,48000.0,0.0
1,31,49000.0,0.0
1,31,50000.0,0.0
1,32,5000.0,2.0
1,32,6000.0,2.0
1,32,7000.0,2.0
1,32,8000.0,2.0
1,32,9000.0,2.0
1,32,10000.0,2.0
1,32,11000.0,2.0
1,32,12000.0,0.0
1,32,13000.0,0.0
1,32,14000.0,0.0
1,32,15000.0,0.0
1,32,16000.0,0.0
1,32,17000.0,0.0
1,32,18000.0,0.0
1,32,19000.0,0.0
1,32,20000.0,0.0
1,32,21000.0,0.0
1,32,22000.0,0.0
1,32,23000.0,0.0
1,32,24000.0,2.0
1,32,25000.0,2.0
1,32,26000.0,2.0
1,32,27000.0,2.0
1,32,28000.0,2.0
1,32,29000.0,2.0
1,32,30000.0,2.0
1,32,31000.0,2.0
1,32,32000.0,0.0
1,32,33000.0,0.0
1,32,34000.0,0.0
1,32,35000.0,0.0
1,32,36000.0,0.0
1,32,37000.0,0.0
1,32,38000.0,0.0
1,32,39000.0,0.0
1,32,40000.0,0.0
1,32,41000.0,0.0
1,32,42000.0,0.0
1,32,43000.0,0.0
1,32,44000.0,2.0
1,32,45000.0,2.0
1,32,46000.0,2.0
1,32,47000.0,2.0
1,32,48000.0,2.0
1,32,49000.0,2.0
1,32,50000.0,2.0
1,33,5000.0,2.0
1,33,6000.0,2.0
1,33,7000.0,2.0
1,33,8000.0,2.0
1,33,9000.0,2.0
1,33,10000.0,2.0
1,33,11000.0,2.0
1,33,12000.0,0.0
1,33,13000.0,0.0
1,33,14000.0,0.0
1,33,15000.0,0.0
1,33,16000.0,0.0
1,33,17000.0,0.0
1,33,18000.0,0.0
1,33,19000.0,0.0
1,33,20000.0,0.0
1,33,21000.0,0.0
1,33,22000.0,0.0
1,33,23000.0,0.0
1,33,24000.0,0.0
1,33,25000.0,0.0
1,33,26000.0,0.0
1,33,27000.0,0.0
1,33,28000.0,0.0
1,33,29000.0,0.0
1,33,30000.0,0.0
1,33,31000.0,0.0
1,33,32000.0,0.0
1,33,33000.0,0.0
1,33,34000.0,0.0
1,33,35000.0,0.0
1,33,36000.0,0.0
1,33,37000.0,0.0
1,33,38000.0,0.0
1,33,39000.0,0.0
1,33,40000.0,0.0
1,33,41000.0,0.0
1,33,42000.0,0.0
1,33,43000.0,0.0
1,33,44000.0,0.0
1,33,45000.0,0.0
1,33,46000.0,0.0
1,33,47000.0,0.0
1,33,48000.0,0.0
1,33,49000.0,0.0
1,33,50000.0,0.0
1,34,5000.0,0.0
1,34,6000.0,0.0
1,34,7000.0,0.0
1,34,8000.0,0.0
1,34,9000.0,0.0
1,34,10000.0,0.0
1,34,11000.0,0.0
1,34,12000.0,0.0
1,34,13000.0,0.0
1,34,14000.0,0.0
1,34,15000.0,0.0
1,34,16000.0,0.0
1,34,17000.0,0.0
1,34,18000.0,0.0
1,34,19000.0,0.0
1,34,20000.0,0.0
1,34,21000.0,0.0
1,34,22000.0,0.0
1,34,23000.0,0.0
1,34,24000.0,0.0
1,34,25000.0,0.0
1,34,26000.0,0.0
1,34,27000.0,0.0
1,34,28000.0,0.0
1,34,29000.0,0.0
1,34,30000.0,0.0
1,34,31000.0,2.0
1,34,32000.0,0.0
1,34,33000.0,0.0
1,34,34000.0,0.0
1,34,35000.0,0.0
1,34,36000.0,0.0
1,34,37000.0,0.0
1,34,38000.0,0.0
1,34,39000.0,0.0
1,34,40000.0,0.0
1,34,41000.0,0.0
1,34,42000.0,0.0
1,34,43000.0,0.0
1,34,44000.0,0.0
1,34,45000.0,0.0
1,34,46000.0,0.0
1,34,47000.0,0.0
1,34,48000.0,0.0
1,34,49000.0,0.0
1,34,50000.0,0.0
1,35,5000.0,0.0
1,35,6000.0,0.0
1,35,7000.0,0.0
1,35,8000.0,0.0
1,35,9000.0,0.0
1,35,10000.0,0.0
1,35,11000.0,0.0
1,35,12000.0,0.0
1,35,13000.0,0.0
1,35,14000.0,0.0
1,35,15000.0,0.0
1,35,16000.0,0.0
1,35,17000.0,0.0
1,35,18000.0,0.0
1,35,19000.0,0.0
1,35,20000.0,0.0
1,35,21000.0,2.0
1,35,22000.0,0.0
1,35,23000.0,0.0
1,35,24000.0,0.0
1,35,25000.0,0.0
1,35,26000.0,0.0
1,35,27000.0,0.0
1,35,28000.0,0.0
1,35,29000.0,0.0
1,35,30000.0,0.0
1,35,31000.0,0.0
1,35,32000.0,0.0
1,35,33000.0,0.0
1,35,34000.0,0.0
1,35,35000.0,0.0
1,35,36000.0,0.0
1,35,37000.0,0.0
1,35,38000.0,0.0
1,35,39000.0,0.0
1,35,40000.0,0.0
1,35,41000.0,0.0
1,35,42000.0,0.0
1,35,43000.0,0.0
1,35,44000.0,0.0
1,35,45000.0,0.0
1,35,46000.0,0.0
1,35,47000.0,0.0
1,35,48000.0,0.0
1,35,49000.0,0.0
1,35,50000.0,0.0
1,36,5000.0,0.0
1,36,6000.0,0.0
1,36,7000.0,0.0
1,36,8000.0,0.0
1,36,9000.0,0.0
1,36,10000.0,0.0
1,36,11000.0,0.0
1,36,12000.0,0.0
1,36,13000.0,0.0
1,36,14000.0,0.0
1,36,15000.0,0.0
1,36,16000.0,0.0
1,36,17000.0,0.0
1,36,18000.0,0.0
1,36,19000.0,0.0
1,36,20000.0,0.0
1,36,21000.0,0.0
1,36,22000.0,0.0
1,36,23000.0,0.0
1,36,24000.0,0.0
1,36,25000.0,0.0
1,36,26000.0,0.0
1,36,27000.0,0.0
1,36,28000.0,0.0
1,36,29000.0,0.0
1,36,30000.0,0.0
1,36,31000.0,0.0
1,36,32000.0,0.0
1,36,33000.0,0.0
1,36,34000.0,0.0
1,36,35000.0,0.0
1,36,36000.0,0.0
1,36,37000.0,0.0
1,36,38000.0,0.0
1,36,39000.0,2.0
1,36,40000.0,2.0
1,36,41000.0,2.0
1,36,42000.0,0.0
1,36,43000.0,0.0
1,36,44000.0,0.0
1,36,45000.0,0.0
1,36,46000.0,0.0
1,36,47000.0,2.0
1,36,48000.0,2.0
1,36,49000.0,2.0
1,36,50000.0,2.0
1,37,5000.0,0.0
1,37,6000.0,0.0
1,37,7000.0,0.0
1,37,8000.0,0.0
1,37,9000.0,0.0
1,37,10000.0,0.0
1,37,11000.0,0.0
1,37,12000.0,0.0
1,37,13000.0,0.0
1,37,14000.0,0.0
1,37,15000.0,0.0
1,37,16000.0,0.0
1,37,17000.0,0.0
1,37,18000.0,0.0
1,37,19000.0,0.0
1,37,20000.0,0.0
1,37,21000.0,0.0
1,37,22000.0,0.0
1,37,23000.0,0.0
1,37,24000.0,0.0
1,37,25000.0,0.0
1,37,26000.0,0.0
1,37,27000.0,0.0
1,37,28000.0,0.0
1,37,29000.0,0.0
1,37,30000.0,0.0
1,37,31000.0,0.0
1,37,32000.0,0.0
1,37,33000.0,0.0
1,37,34000.0,0.0
1,37,35000.0,0.0
1,37,36000.0,0.0
1,37,37000.0,0.0
1,37,38000.0,0.0
1,37,39000.0,0.0
1,37,40000.0,0.0
1,37,41000.0,0.0
1,37,42000.0,0.0
1,37,43000.0,0.0
1,37,44000.0,0.0
1,37,45000.0,0.0
1,37,46000.0,0.0
1,37,47000.0,0.0
1,37,48000.0,0.0
1,37,49000.0,0.0
1,37,50000.0,0.0
1,38,5000.0,0.0
1,38,6000.0,0.0
1,38,7000.0,0.0
1,38,8000.0,0.0
1,38,9000.0,0.0
1,38,10000.0,0.0
1,38,11000.0,0.0
1,38,12000.0,0.0
1,38,13000.0,0.0
1,38,14000.0,0.0
1,38,15000.0,0.0
1,38,16000.0,2.0
1,38,17000.0,2.0
1,38,18000.0,2.0
1,38,19000.0,2.0
1,38,20000.0,2.0
1,38,21000.0,2.0
1,38,22000.0,0.0
1,38,23000.0,0.0
1,38,24000.0,0.0
1,38,25000.0,2.0
1,38,26000.0,2.0
1,38,27000.0,2.0
1,38,28000.0,2.0
1,38,29000.0,2.0
1,38,30000.0,2.0
1,38,31000.0,2.0
1,38,32000.0,0.0
1,38,33000.0,0.0
1,38,34000.0,0.0
1,38,35000.0,0.0
1,38,36000.0,0.0
1,38,37000.0,0.0
1,38,38000.0,0.0
1,38,39000.0,0.0
1,38,40000.0,0.0
1,38,41000.0,0.0
1,38,42000.0,0.0
1,38,43000.0,0.0
1,38,44000.0,0.0
1,38,45000.0,0.0
1,38,46000.0,0.0
1,38,47000.0,0.0
1,38,48000.0,0.0
1,38,49000.0,0.0
1,38,50000.0,0.0
1,39,5000.0,0.0
1,39,6000.0,0.0
1,39,7000.0,0.0
1,39,8000.0,0.0
1,39,9000.0,0.0
1,39,10000.0,2.0
1,39,11000.0,2.0
1,39,12000.0,0.0
1,39,13000.0,0.0
1,39,14000.0,0.0
1,39,15000.0,0.0
1,39,16000.0,0.0
1,39,17000.0,0.0
1,39,18000.0,0.0
1,39,19000.0,0.0
1,39,20000.0,0.0
1,39,21000.0,0.0
1,39,22000.0,0.0
1,39,23000.0,0.0
1,39,24000.0,0.0
1,39,25000.0,0.0
1,39,26000.0,0.0
1,39,27000.0,0.0
1,39,28000.0,0.0
1,39,29000.0,0.0
1,39,30000.0,0.0
1,39,31000.0,0.0
1,39,32000.0,0.0
1,39,33000.0,0.0
1,39,34000.0,0.0
1,39,35000.0,0.0
1,39,36000.0,0.0
1,39,37000.0,0.0
1,39,38000.0,0.0
1,39,39000.0,0.0
1,39,40000.0,0.0
1,39,41000.0,0.0
1,39,42000.0,0.0
1,39,43000.0,0.0
1,39,44000.0,0.0
1,39,45000.0,0.0
1,39,46000.0,0.0
1,39,47000.0,0.0
1,39,48000.0,0.0
1,39,49000.0,2.0
1,39,50000.0,2.0
1,40,5000.0,0.0
1,40,6000.0,0.0
1,40,7000.0,0.0
1,40,8000.0,0.0
1,40,9000.0,0.0
1,40,10000.0,0.0
1,40,11000.0,0.0
1,40,12000.0,0.0
1,40,13000.0,0.0
1,40,14000.0,0.0
1,40,15000.0,0.0
1,40,16000.0,0.0
1,40,17000.0,0.0
1,40,18000.0,0.0
1,40,19000.0,0.0
1,40,20000.0,0.0
1,40,21000.0,0.0
1,40,22000.0,0.0
1,40,23000.0,0.0
1,40,24000.0,0.0
1,40,25000.0,0.0
1,40,26000.0,0.0
1,40,27000.0,0.0
1,40,28000.0,0.0
1,40,29000.0,0.0
1,40,30000.0,0.0
1,40,31000.0,0.0
1,40,32000.0,0.0
1,40,33000.0,0.0
1,40,34000.0,2.0
1,40,35000.0,2.0
1,40,36000.0,2.0
1,40,37000.0,2.0
1,40,38000.0,2.0
1,40,39000.0,2.0
1,40,40000.0,2.0
1,40,41000.0,2.0
1,40,42000.0,0.0
1,40,43000.0,0.0
1,40,44000.0,0.0
1,40,45000.0,0.0
1,40,46000.0,0.0
1,40,47000.0,0.0
1,40,48000.0,0.0
1,40,49000.0,0.0
1,40,50000.0,0.0
1,41,5000.0,0.0
1,41,6000.0,0.0
1,41,7000.0,0.0
1,41,8000.0,2.0
1,41,9000.0,2.0
1,41,10000.0,2.0
1,41,11000.0,2.0
1,41,12000.0,0.0
1,41,13000.0,0.0
1,41,14000.0,0.0
1,41,15000.0,0.0
1,41,16000.0,0.0
1,41,17000.0,0.0
1,41,18000.0,0.0
1,41,19000.0,0.0
1,41,20000.0,0.0
1,41,21000.0,0.0
1,41,22000.0,0.0
1,41,23000.0,0.0
1,41,24000.0,0.0
1,41,25000.0,0.0
1,41,26000.0,0.0
1,41,27000.0,0.0
1,41,28000.0,0.0
1,41,29000.0,0.0
1,41,30000.0,0.0
1,41,31000.0,0.0
1,41,32000.0,2.0
1,41,33000.0,2.0
1,41,34000.0,2.0
1,41,35000.0,2.0
1,41,36000.0,2.0
1,41,37000.0,2.0
1,41,38000.0,2.0
1,41,39000.0,2.0
1,41,40000.0,2.0
1,41,41000.0,2.0
1,41,42000.0,0.0
1,41,43000.0,0.0
1,41,44000.0,0.0
1,41,45000.0,0.0
1,41,46000.0,0.0
1,41,47000.0,0.0
1,41,48000.0,0.0
1,41,49000.0,0.0
1,41,50000.0,2.0
1,42,5000.0,0.0
1,42,6000.0,0.0
1,42,7000.0,0.0
1,42,8000.0,0.0
1,42,9000.0,0.0
1,42,10000.0,0.0
1,42,11000.0,0.0
1,42,12000.0,0.0
1,42,13000.0,0.0
1,42,14000.0,0.0
1,42,15000.0,0.0
1,42,16000.0,0.0
1,42,17000.0,0.0
1,42,18000.0,0.0
1,42,19000.0,0.0
1,42,20000.0,0.0
1,42,21000.0,0.0
1,42,22000.0,0.0
1,42,23000.0,0.0
1,42,24000.0,0.0
1,42,25000.0,0.0
1,42,26000.0,0.0
1,42,27000.0,0.0
1,42,28000.0,0.0
1,42,29000.0,0.0
1,42,30000.0,0.0
1,42,31000.0,0.0
1,42,32000.0,0.0
1,42,33000.0,0.0
1,42,34000.0,0.0
1,42,35000.0,0.0
1,42,36000.0,0.0
1,42,37000.0,0.0
1,42,38000.0,0.0
1,42,39000.0,0.0
1,42,40000.0,0.0
1,42,41000.0,0.0
1,42,42000.0,0.0
1,42,43000.0,0.0
1,42,44000.0,0.0
1,42,45000.0,0.0
1,42,46000.0,0.0
1,42,47000.0,0.0
1,42,48000.0,0.0
1,42,49000.0,0.0
1,42,50000.0,0.0
1,43,5000.0,0.0
1,43,6000.0,0.0
1,43,7000.0,0.0
1,43,8000.0,2.0
1,43,9000.0,2.0
1,43,10000.0,2.0
1,43,11000.0,2.0
1,43,12000.0,0.0
1,43,13000.0,0.0
1,43,14000.0,0.0
1,43,15000.0,0.0
1,43,16000.0,0.0
1,43,17000.0,0.0
1,43,18000.0,0.0
1,43,19000.0,0.0
1,43,20000.0,0.0
1,43,21000.0,0.0
1,43,22000.0,0.0
1,43,23000.0,0.0
1,43,24000.0,0.0
1,43,25000.0,0.0
1,43,26000.0,0.0
1,43,27000.0,0.0
1,43,28000.0,0.0
1,43,29000.0,0.0
1,43,30000.0,0.0
1,43,31000.0,0.0
1,43,32000.0,0.0
1,43,33000.0,0.0
1,43,34000.0,0.0
1,43,35000.0,0.0
1,43,36000.0,0.0
1,43,37000.0,0.0
1,43,38000.0,0.0
1,43,39000.0,0.0
1,43,40000.0,0.0
1,43,41000.0,0.0
1,43,42000.0,0.0
1,43,43000.0,0.0
1,43,44000.0,0.0
1,43,45000.0,0.0
1,43,46000.0,0.0
1,43,47000.0,0.0
1,43,48000.0,2.0
1,43,49000.0,2.0
1,43,50000.0,2.0
1,44,5000.0,2.0
1,44,6000.0,2.0
1,44,7000.0,2.0
1,44,8000.0,2.0
1,44,9000.0,2.0
1,44,10000.0,2.0
1,44,11000.0,2.0
1,44,12000.0,0.0
1,44,13000.0,0.0
1,44,14000.0,0.0
1,44,15000.0,0.0
1,44,16000.0,0.0
1,44,17000.0,0.0
1,44,18000.0,0.0
1,44,19000.0,0.0
1,44,20000.0,0.0
1,44,21000.0,0.0
1,44,22000.0,2.0
1,44,23000.0,2.0
1,44,24000.0,2.0
1,44,25000.0,2.0
1,44,26000.0,2.0
1,44,27000.0,2.0
1,44,28000.0,2.0
1,44,29000.0,2.0
1,44,30000.0,2.0
1,44,31000.0,2.0
1,44,32000.0,0.0
1,44,33000.0,0.0
1,44,34000.0,0.0
1,44,35000.0,0.0
1,44,36000.0,0.0
1,44,37000.0,0.0
1,44,38000.0,0.0
1,44,39000.0,0.0
1,44,40000.0,0.0
1,44,41000.0,0.0
1,44,42000.0,0.0
1,44,43000.0,0.0
1,44,44000.0,0.0
1,44,45000.0,0.0
1,44,46000.0,0.0
1,44,47000.0,0.0
1,44,48000.0,0.0
1,44,49000.0,0.0
1,44,50000.0,0.0
1,45,5000.0,0.0
1,45,6000.0,0.0
1,45,7000.0,0.0
1,45,8000.0,0.0
1,45,9000.0,0.0
1,45,10000.0,0.0
1,45,11000.0,0.0
1,45,12000.0,0.0
1,45,13000.0,0.0
1,45,14000.0,0.0
1,45,15000.0,0.0
1,45,16000.0,0.0
1,45,17000.0,0.0
1,45,18000.0,0.0
1,45,19000.0,0.0
1,45,20000.0,0.0
1,45,21000.0,0.0
1,45,22000.0,0.0
1,45,23000.0,0.0
1,45,24000.0,0.0
1,45,25000.0,0.0
1,45,26000.0,0.0
1,45,27000.0,0.0
1,45,28000.0,0.0
1,45,29000.0,0.0
1,45,30000.0,0.0
1,45,31000.0,0.0
1,45,32000.0,0.0
1,45,33000.0,0.0
1,45,34000.0,0.0
1,45,35000.0,0.0
1,45,36000.0,0.0
1,45,37000.0,0.0
1,45,38000.0,0.0
1,45,39000.0,0.0
1,45,40000.0,0.0
1,45,41000.0,0.0
1,45,42000.0,0.0
1,45,43000.0,0.0
1,45,44000.0,0.0
1,45,45000.0,0.0
1,45,46000.0,0.0
1,45,47000.0,0.0
1,45,48000.0,0.0
1,45,49000.0,0.0
1,45,50000.0,0.0
1,46,5000.0,0.0
1,46,6000.0,0.0
1,46,7000.0,0.0
1,46,8000.0,0.0
1,46,9000.0,0.0
1,46,10000.0,0.0
1,46,11000.0,0.0
1,46,12000.0,0.0
1,46,13000.0,0.0
1,46,14000.0,0.0
1,46,15000.0,0.0
1,46,16000.0,0.0
1,46,17000.0,0.0
1,46,18000.0,0.0
1,46,19000.0,0.0
1,46,20000.0,0.0
1,46,21000.0,0.0
1,46,22000.0,0.0
1,46,23000.0,0.0
1,46,24000.0,0.0
1,46,25000.0,0.0
1,46,26000.0,0.0
1,46,27000.0,0.0
1,46,28000.0,0.0
1,46,29000.0,0.0
1,46,30000.0,0.0
1,46,31000.0,0.0
1,46,32000.0,0.0
1,46,33000.0,0.0
1,46,34000.0,0.0
1,46,35000.0,0.0
1,46,36000.0,0.0
1,46,37000.0,0.0
1,46,38000.0,0.0
1,46,39000.0,0.0
1,46,40000.0,0.0
1,46,41000.0,0.0
1,46,42000.0,0.0
1,46,43000.0,0.0
1,46,44000.0,0.0
1,46,45000.0,0.0
1,46,46000.0,0.0
1,46,47000.0,0.0
1,46,48000.0,0.0
1,46,49000.0,0.0
1,46,50000.0,0.0
1,47,5000.0,0.0
1,47,6000.0,2.0
1,47,7000.0,2.0
1,47,8000.0,2.0
1,47,9000.0,2.0
1,47,10000.0,2.0
1,47,11000.0,2.0
1,47,12000.0,0.0
1,47,13000.0,0.0
1,47,14000.0,0.0
1,47,15000.0,0.0
1,47,16000.0,0.0
1,47,17000.0,0.0
1,47,18000.0,0.0
1,47,19000.0,0.0
1,47,20000.0,0.0
1,47,21000.0,0.0
1,47,22000.0,0.0
1,47,23000.0,0.0
1,47,24000.0,0.0
1,47,25000.0,0.0
1,47,26000.0,0.0
1,47,27000.0,0.0
1,47,28000.0,0.0
1,47,29000.0,0.0
1,47,30000.0,0.0
1,47,31000.0,0.0
1,47,32000.0,0.0
1,47,33000.0,0.0
1,47,34000.0,0.0
1,47,35000.0,0.0
1,47,36000.0,0.0
1,47,37000.0,0.0
1,47,38000.0,0.0
1,47,39000.0,0.0
1,47,40000.0,0.0
1,47,41000.0,0.0
1,47,42000.0,0.0
1,47,43000.0,0.0
1,47,44000.0,0.0
1,47,45000.0,0.0
1,47,46000.0,0.0
1,47,47000.0,0.0
1,47,48000.0,0.0
1,47,49000.0,0.0
1,47,50000.0,0.0
1,48,5000.0,0.0
1,48,6000.0,0.0
1,48,7000.0,0.0
1,48,8000.0,0.0
1,48,9000.0,0.0
1,48,10000.0,0.0
1,48,11000.0,0.0
1,48,12000.0,0.0
1,48,13000.0,0.0
1,48,14000.0,0.0
1,48,15000.0,0.0
1,48,16000.0,0.0
1,48,17000.0,0.0
1,48,18000.0,0.0
1,48,19000.0,0.0
1,48,20000.0,0.0
1,48,21000.0,0.0
1,48,22000.0,0.0
1,48,23000.0,0.0
1,48,24000.0,0.0
1,48,25000.0,0.0
1,48,26000.0,0.0
1,48,27000.0,0.0
1,48,28000.0,0.0
1,48,29000.0,0.0
1,48,30000.0,0.0
1,48,31000.0,0.0
1,48,32000.0,0.0
1,48,33000.0,2.0
1,48,34000.0,2.0
1,48,35000.0,2.0
1,48,36000.0,2.0
1,48,37000.0,2.0
1,48,38000.0,2.0
1,48,39000.0,2.0
1,48,40000.0,2.0
1,48,41000.0,2.0
1,48,42000.0,0.0
1,48,43000.0,0.0
1,48,44000.0,0.0
1,48,45000.0,0.0
1,48,46000.0,0.0
1,48,47000.0,0.0
1,48,48000.0,0.0
1,48,49000.0,0.0
1,48,50000.0,0.0
1,49,5000.0,0.0
1,49,6000.0,0.0
1,49,7000.0,0.0
1,49,8000.0,0.0
1,49,9000.0,2.0
1,49,10000.0,2.0
1,49,11000.0,2.0
1,49,12000.0,0.0
1,49,13000.0,0.0
1,49,14000.0,0.0
1,49,15000.0,0.0
1,49,16000.0,0.0
1,49,17000.0,0.0
1,49,18000.0,0.0
1,49,19000.0,0.0
1,49,20000.0,0.0
1,49,21000.0,0.0
1,49,22000.0,0.0
1,49,23000.0,0.0
1,49,24000.0,0.0
1,49,25000.0,0.0
1,49,26000.0,0.0
1,49,27000.0,0.0
1,49,28000.0,0.0
1,49,29000.0,0.0
1,49,30000.0,0.0
1,49,31000.0,0.0
1,49,32000.0,0.0
1,49,33000.0,0.0
1,49,34000.0,0.0
1,49,35000.0,0.0
1,49,36000.0,0.0
1,49,37000.0,0.0
1,49,38000.0,0.0
1,49,39000.0,0.0
1,49,40000.0,0.0
1,49,41000.0,0.0
1,49,42000.0,0.0
1,49,43000.0,0.0
1,49,44000.0,0.0
1,49,45000.0,0.0
1,49,46000.0,0.0
1,49,47000.0,0.0
1,49,48000.0,0.0
1,49,49000.0,0.0
1,49,50000.0,0.0
2,0,5000.0,0.0
2,0,6000.0,0.0
2,0,7000.0,0.0
2,0,8000.0,0.0
2,0,9000.0,0.0
2,0,10000.0,0.0
2,0,11000.0,0.0
2,0,12000.0,0.0
2,0,13000.0,0.0
2,0,14000.0,0.0
2,0,15000.0,0.0
2,0,16000.0,0.0
2,0,17000.0,0.0
2,0,18000.0,0.0
2,0,19000.0,0.0
2,0,20000.0,0.0
2,0,21000.0,0.0
2,0,22000.0,0.0
2,0,23000.0,0.0
2,0,24000.0,0.0
2,0,25000.0,0.0
2,0,26000.0,0.0
2,0,27000.0,0.0
2,0,28000.0,0.0
2,0,29000.0,0.0
2,0,30000.0,0.0
2,0,31000.0,0.0
2,0,32000.0,0.0
2,0,33000.0,0.0
2,0,34000.0,0.0
2,0,35000.0,0.0
2,0,36000.0,0.0
2,0,37000.0,0.0
2,0,38000.0,0.0
2,0,39000.0,0.0
2,0,40000.0,0.0
2,0,41000.0,2.0
2,0,42000.0,0.0
2,0,43000.0,0.0
2,0,44000.0,0.0
2,0,45000.0,0.0
2,0,46000.0,0.0
2,0,47000.0,0.0
2,0,48000.0,0.0
2,0,49000.0,0.0
2,0,50000.0,2.0
2,1,5000.0,0.0
2,1,6000.0,0.0
2,1,7000.0,0.0
2,1,8000.0,0.0
2,1,9000.0,0.0
2,1,10000.0,0.0
2,1,11000.0,0.0
2,1,12000.0,0.0
2,1,13000.0,0.0
2,1,14000.0,0.0
2,1,15000.0,0.0
2,1,16000.0,0.0
2,1,17000.0,0.0
2,1,18000.0,0.0
2,1,19000.0,0.0
2,1,20000.0,0.0
2,1,21000.0,0.0
2,1,22000.0,0.0
2,1,23000.0,0.0
2,1,24000.0,0.0
2,1,25000.0,0.0
2,1,26000.0,0.0
2,1,27000.0,0.0
2,1,28000.0,0.0
2,1,29000.0,0.0
2,1,30000.0,2.0
2,1,31000.0,2.0
2,1,32000.0,0.0
2,1,33000.0,0.0
2,1,34000.0,0.0
2,1,35000.0,0.0
2,1,36000.0,0.0
2,1,37000.0,0.0
2,1,38000.0,0.0
2,1,39000.0,0.0
2,1,40000.0,0.0
2,1,41000.0,0.0
2,1,42000.0,0.0
2,1,43000.0,0.0
2,1,44000.0,0.0
2,1,45000.0,0.0
2,1,46000.0,0.0
2,1,47000.0,0.0
2,1,48000.0,0.0
2,1,49000.0,0.0
2,1,50000.0,2.0
2,2,5000.0,0.0
2,2,6000.0,0.0
2,2,7000.0,0.0
2,2,8000.0,0.0
2,2,9000.0,0.0
2,2,10000.0,0.0
2,2,11000.0,0.0
2,2,12000.0,0.0
2,2,13000.0,0.0
2,2,14000.0,0.0
2,2,15000.0,0.0
2,2,16000.0,0.0
2,2,17000.0,0.0
2,2,18000.0,0.0
2,2,19000.0,0.0
2,2,20000.0,0.0
2,2,21000.0,0.0
2,2,22000.0,0.0
2,2,23000.0,0.0
2,2,24000.0,0.0
2,2,25000.0,0.0
2,2,26000.0,0.0
2,2,27000.0,0.0
2,2,28000.0,0.0
2,2,29000.0,0.0
2,2,30000.0,0.0
2,2,31000.0,0.0
2,2,32000.0,0.0
2,2,33000.0,0.0
2,2,34000.0,0.0
2,2,35000.0,0.0
2,2,36000.0,0.0
2,2,37000.0,2.0
2,2,38000.0,2.0
2,2,39000.0,2.0
2,2,40000.0,2.0
2,2,41000.0,2.0
2,2,42000.0,0.0
2,2,43000.0,0.0
2,2,44000.0,0.0
2,2,45000.0,0.0
2,2,46000.0,0.0
2,2,47000.0,0.0
2,2,48000.0,0.0
2,2,49000.0,0.0
2,2,50000.0,0.0
2,4,5000.0,0.0
2,4,6000.0,2.0
2,4,7000.0,2.0
2,4,8000.0,2.0
2,4,9000.0,2.0
2,4,10000.0,2.0
2,4,11000.0,2.0
2,4,12000.0,0.0
2,4,13000.0,0.0
2,4,14000.0,0.0
2,4,15000.0,0.0
2,4,16000.0,0.0
2,4,17000.0,0.0
2,4,18000.0,0.0
2,4,19000.0,0.0
2,4,20000.0,0.0
2,4,21000.0,0.0
2,4,22000.0,0.0
2,4,23000.0,0.0
2,4,24000.0,0.0
2,4,25000.0,2.0
2,4,26000.0,2.0
2,4,27000.0,2.0
2,4,28000.0,2.0
2,4,29000.0,2.0
2,4,30000.0,2.0
2,4,31000.0,2.0
2,4,32000.0,0.0
2,4,33000.0,0.0
2,4,34000.0,0.0
2,4,35000.0,0.0
2,4,36000.0,0.0
2,4,37000.0,0.0
2,4,38000.0,0.0
2,4,39000.0,0.0
2,4,40000.0,0.0
2,4,41000.0,0.0
2,4,42000.0,0.0
2,4,43000.0,0.0
2,4,44000.0,0.0
2,4,45000.0,0.0
2,4,46000.0,0.0
2,4,47000.0,0.0
2,4,48000.0,0.0
2,4,49000.0,0.0
2,4,50000.0,0.0
2,5,5000.0,0.0
2,5,6000.0,0.0
2,5,7000.0,0.0
2,5,8000.0,0.0
2,5,9000.0,0.0
2,5,10000.0,0.0
2,5,11000.0,0.0
2,5,12000.0,0.0
2,5,13000.0,0.0
2,5,14000.0,0.0
2,5,15000.0,0.0
2,5,16000.0,0.0
2,5,17000.0,0.0
2,5,18000.0,0.0
2,5,19000.0,0.0
2,5,20000.0,0.0
2,5,21000.0,0.0
2,5,22000.0,0.0
2,5,23000.0,0.0
2,5,24000.0,0.0
2,5,25000.0,0.0
2,5,26000.0,0.0
2,5,27000.0,0.0
2,5,28000.0,0.0
2,5,29000.0,0.0
2,5,30000.0,0.0
2,5,31000.0,0.0
2,5,32000.0,0.0
2,5,33000.0,0.0
2,5,34000.0,0.0
2,5,35000.0,0.0
2,5,36000.0,0.0
2,5,37000.0,0.0
2,5,38000.0,0.0
2,5,39000.0,0.0
2,5,40000.0,0.0
2,5,41000.0,0.0
2,5,42000.0,0.0
2,5,43000.0,0.0
2,5,44000.0,0.0
2,5,45000.0,0.0
2,5,46000.0,0.0
2,5,47000.0,0.0
2,5,48000.0,0.0
2,5,49000.0,0.0
2,5,50000.0,0.0
2,6,5000.0,0.0
2,6,6000.0,0.0
2,6,7000.0,0.0
2,6,8000.0,0.0
2,6,9000.0,0.0
2,6,10000.0,0.0
2,6,11000.0,0.0
2,6,12000.0,0.0
2,6,13000.0,0.0
2,6,14000.0,0.0
2,6,15000.0,0.0
2,6,16000.0,0.0
2,6,17000.0,0.0
2,6,18000.0,0.0
2,6,19000.0,0.0
2,6,20000.0,0.0
2,6,21000.0,0.0
2,6,22000.0,0.0
2,6,23000.0,0.0
2,6,24000.0,0.0
2,6,25000.0,0.0
2,6,26000.0,0.0
2,6,27000.0,0.0
2,6,28000.0,0.0
2,6,29000.0,0.0
2,6,30000.0,0.0
2,6,31000.0,0.0
2,6,32000.0,0.0
2,6,33000.0,0.0
2,6,34000.0,0.0
2,6,35000.0,0.0
2,6,36000.0,0.0
2,6,37000.0,0.0
2,6,38000.0,0.0
2,6,39000.0,0.0
2,6,40000.0,0.0
2,6,41000.0,0.0
2,6,42000.0,0.0
2,6,43000.0,0.0
2,6,44000.0,2.0
2,6,45000.0,2.0
2,6,46000.0,2.0
2,6,47000.0,2.0
2,6,48000.0,2.0
2,6,49000.0,2.0
2,6,50000.0,2.0
2,7,5000.0,2.0
2,7,6000.0,2.0
2,7,7000.0,2.0
2,7,8000.0,2.0
2,7,9000.0,2.0
2,7,10000.0,2.0
2,7,11000.0,2.0
2,7,12000.0,0.0
2,7,13000.0,0.0
2,7,14000.0,0.0
2,7,15000.0,0.0
2,7,16000.0,0.0
2,7,17000.0,0.0
2,7,18000.0,0.0
2,7,19000.0,0.0
2,7,20000.0,0.0
2,7,21000.0,0.0
2,7,22000.0,0.0
2,7,23000.0,0.0
2,7,24000.0,0.0
2,7,25000.0,2.0
2,7,26000.0,2.0
2,7,27000.0,2.0
2,7,28000.0,2.0
2,7,29000.0,2.0
2,7,30000.0,2.0
2,7,31000.0,2.0
2,7,32000.0,0.0
2,7,33000.0,0.0
2,7,34000.0,0.0
2,7,35000.0,0.0
2,7,36000.0,0.0
2,7,37000.0,0.0
2,7,38000.0,0.0
2,7,39000.0,0.0
2,7,40000.0,0.0
2,7,41000.0,0.0
2,7,42000.0,0.0
2,7,43000.0,0.0
2,7,44000.0,0.0
2,7,45000.0,0.0
2,7,46000.0,0.0
2,7,47000.0,0.0
2,7,48000.0,0.0
2,7,49000.0,0.0
2,7,50000.0,0.0
2,8,5000.0,0.0
2,8,6000.0,0.0
2,8,7000.0,0.0
2,8,8000.0,0.0
2,8,9000.0,0.0
2,8,10000.0,0.0
2,8,11000.0,0.0
2,8,12000.0,0.0
2,8,13000.0,0.0
2,8,14000.0,0.0
2,8,15000.0,0.0
2,8,16000.0,0.0
2,8,17000.0,0.0
2,8,18000.0,0.0
2,8,19000.0,0.0
2,8,20000.0,0.0
2,8,21000.0,0.0
2,8,22000.0,0.0
2,8,23000.0,0.0
2,8,24000.0,0.0
2,8,25000.0,0.0
2,8,26000.0,0.0
2,8,27000.0,0.0
2,8,28000.0,0.0
2,8,29000.0,0.0
2,8,30000.0,0.0
2,8,31000.0,0.0
2,8,32000.0,0.0
2,8,33000.0,0.0
2,8,34000.0,0.0
2,8,35000.0,0.0
2,8,36000.0,0.0
2,8,37000.0,0.0
2,8,38000.0,0.0
2,8,39000.0,0.0
2,8,40000.0,0.0
2,8,41000.0,0.0
2,8,42000.0,0.0
2,8,43000.0,0.0
2,8,44000.0,0.0
2,8,45000.0,0.0
2,8,46000.0,0.0
2,8,47000.0,0.0
2,8,48000.0,0.0
2,8,49000.0,0.0
2,8,50000.0,0.0
2,9,5000.0,0.0
2,9,6000.0,0.0
2,9,7000.0,0.0
2,9,8000.0,0.0
2,9,9000.0,0.0
2,9,10000.0,0.0
2,9,11000.0,0.0
2,9,12000.0,0.0
2,9,13000.0,0.0
2,9,14000.0,0.0
2,9,15000.0,0.0
2,9,16000.0,0.0
2,9,17000.0,0.0
2,9,18000.0,0.0
2,9,19000.0,0.0
2,9,20000.0,0.0
2,9,21000.0,0.0
2,9,22000.0,0.0
2,9,23000.0,0.0
2,9,24000.0,0.0
2,9,25000.0,0.0
2,9,26000.0,0.0
2,9,27000.0,0.0
2,9,28000.0,0.0
2,9,29000.0,0.0
2,9,30000.0,0.0
2,9,31000.0,0.0
2,9,32000.0,0.0
2,9,33000.0,2.0
2,9,34000.0,2.0
2,9,35000.0,2.0
2,9,36000.0,2.0
2,9,37000.0,2.0
2,9,38000.0,2.0
2,9,39000.0,2.0
2,9,40000.0,2.0
2,9,41000.0,2.0
2,9,42000.0,0.0
2,9,43000.0,0.0
2,9,44000.0,0.0
2,9,45000.0,0.0
2,9,46000.0,0.0
2,9,47000.0,0.0
2,9,48000.0,0.0
2,9,49000.0,0.0
2,9,50000.0,0.0
2,10,5000.0,0.0
2,10,6000.0,0.0
2,10,7000.0,0.0
2,10,8000.0,0.0
2,10,9000.0,0.0
2,10,10000.0,0.0
2,10,11000.0,0.0
2,10,12000.0,0.0
2,10,13000.0,0.0
2,10,14000.0,0.0
2,10,15000.0,0.0
2,10,16000.0,0.0
2,10,17000.0,0.0
2,10,18000.0,0.0
2,10,19000.0,0.0
2,10,20000.0,0.0
2,10,21000.0,0.0
2,10,22000.0,0.0
2,10,23000.0,0.0
2,10,24000.0,0.0
2,10,25000.0,0.0
2,10,26000.0,0.0
2,10,27000.0,0.0
2,10,28000.0,0.0
2,10,29000.0,0.0
2,10,30000.0,0.0
2,10,31000.0,0.0
2,10,32000.0,0.0
2,10,33000.0,0.0
2,10,34000.0,0.0
2,10,35000.0,0.0
2,10,36000.0,0.0
2,10,37000.0,0.0
2,10,38000.0,0.0
2,10,39000.0,0.0
2,10,40000.0,0.0
2,10,41000.0,0.0
2,10,42000.0,0.0
2,10,43000.0,0.0
2,10,44000.0,0.0
2,10,45000.0,0.0
2,10,46000.0,0.0
2,10,47000.0,0.0
2,10,48000.0,0.0
2,10,49000.0,0.0
2,10,50000.0,0.0
2,11,5000.0,0.0
2,11,6000.0,0.0
2,11,7000.0,0.0
2,11,8000.0,0.0
2,11,9000.0,0.0
2,11,10000.0,0.0
2,11,11000.0,0.0
2,11,12000.0,0.0
2,11,13000.0,0.0
2,11,14000.0,0.0
2,11,15000.0,0.0
2,11,16000.0,0.0
2,11,17000.0,0.0
2,11,18000.0,2.0
2,11,19000.0,2.0
2,11,20000.0,2.0
2,11,21000.0,2.0
2,11,22000.0,0.0
2,11,23000.0,0.0
2,11,24000.0,0.0
2,11,25000.0,0.0
2,11,26000.0,0.0
2,11,27000.0,0.0
2,11,28000.0,0.0
2,11,29000.0,0.0
2,11,30000.0,0.0
2,11,31000.0,0.0
2,11,32000.0,0.0
2,11,33000.0,0.0
2,11,34000.0,0.0
2,11,35000.0,0.0
2,11,36000.0,0.0
2,11,37000.0,0.0
2,11,38000.0,0.0
2,11,39000.0,0.0
2,11,40000.0,0.0
2,11,41000.0,0.0
2,11,42000.0,0.0
2,11,43000.0,0.0
2,11,44000.0,0.0
2,11,45000.0,0.0
2,11,46000.0,0.0
2,11,47000.0,0.0
2,11,48000.0,0.0
2,11,49000.0,0.0
2,11,50000.0,0.0
2,12,5000.0,0.0
2,12,6000.0,0.0
2,12,7000.0,0.0
2,12,8000.0,0.0
2,12,9000.0,0.0
2,12,10000.0,0.0
2,12,11000.0,0.0
2,12,12000.0,0.0
2,12,13000.0,0.0
2,12,14000.0,0.0
2,12,15000.0,0.0
2,12,16000.0,0.0
2,12,17000.0,0.0
2,12,18000.0,0.0
2,12,19000.0,0.0
2,12,20000.0,0.0
2,12,21000.0,0.0
2,12,22000.0,0.0
2,12,23000.0,0.0
2,12,24000.0,0.0
2,12,25000.0,0.0
2,12,26000.0,0.0
2,12,27000.0,0.0
2,12,28000.0,0.0
2,12,29000.0,0.0
2,12,30000.0,0.0
2,12,31000.0,0.0
2,12,32000.0,0.0
2,12,33000.0,0.0
2,12,34000.0,0.0
2,12,35000.0,0.0
2,12,36000.0,0.0
2,12,37000.0,0.0
2,12,38000.0,0.0
2,12,39000.0,0.0
2,12,40000.0,0.0
2,12,41000.0,0.0
2,12,42000.0,0.0
2,12,43000.0,0.0
2,12,44000.0,0.0
2,12,45000.0,0.0
2,12,46000.0,0.0
2,12,47000.0,0.0
2,12,48000.0,0.0
2,12,49000.0,0.0
2,12,50000.0,0.0
2,13,5000.0,0.0
2,13,6000.0,0.0
2,13,7000.0,0.0
2,13,8000.0,0.0
2,13,9000.0,0.0
2,13,10000.0,0.0
2,13,11000.0,0.0
2,13,12000.0,0.0
2,13,13000.0,0.0
2,13,14000.0,0.0
2,13,15000.0,0.0
2,13,16000.0,0.0
2,13,17000.0,0.0
2,13,18000.0,0.0
2,13,19000.0,0.0
2,13,20000.0,0.0
2,13,21000.0,0.0
2,13,22000.0,0.0
2,13,23000.0,0.0
2,13,24000.0,0.0
2,13,25000.0,0.0
2,13,26000.0,0.0
2,13,27000.0,0.0
2,13,28000.0,0.0
2,13,29000.0,0.0
2,13,30000.0,0.0
2,13,31000.0,0.0
2,13,32000.0,0.0
2,13,33000.0,2.0
2,13,34000.0,2.0
2,13,35000.0,2.0
2,13,36000.0,2.0
2,13,37000.0,2.0
2,13,38000.0,2.0
2,13,39000.0,2.0
2,13,40000.0,2.0
2,13,41000.0,2.0
2,13,42000.0,0.0
2,13,43000.0,0.0
2,13,44000.0,0.0
2,13,45000.0,0.0
2,13,46000.0,0.0
2,13,47000.0,0.0
2,13,48000.0,0.0
2,13,49000.0,0.0
2,13,50000.0,0.0
2,14,5000.0,0.0
2,14,6000.0,0.0
2,14,7000.0,0.0
2,14,8000.0,0.0
2,14,9000.0,0.0
2,14,10000.0,0.0
2,14,11000.0,0.0
2,14,12000.0,0.0
2,14,13000.0,0.0
2,14,14000.0,0.0
2,14,15000.0,0.0
2,14,16000.0,0.0
2,14,17000.0,0.0
2,14,18000.0,0.0
2,14,19000.0,0.0
2,14,20000.0,0.0
2,14,21000.0,0.0
2,14,22000.0,0.0
2,14,23000.0,0.0
2,14,24000.0,0.0
2,14,25000.0,0.0
2,14,26000.0,0.0
2,14,27000.0,0.0
2,14,28000.0,0.0
2,14,29000.0,0.0
2,14,30000.0,0.0
2,14,31000.0,0.0
2,14,32000.0,0.0
2,14,33000.0,0.0
2,14,34000.0,0.0
2,14,35000.0,0.0
2,14,36000.0,0.0
2,14,37000.0,0.0
2,14,38000.0,0.0
2,14,39000.0,0.0
2,14,40000.0,0.0
2,14,41000.0,0.0
2,14,42000.0,0.0
2,14,43000.0,0.0
2,14,44000.0,0.0
2,14,45000.0,0.0
2,14,46000.0,0.0
2,14,47000.0,0.0
2,14,48000.0,0.0
2,14,49000.0,0.0
2,14,50000.0,0.0
2,15,5000.0,0.0
2,15,6000.0,0.0
2,15,7000.0,0.0
2,15,8000.0,0.0
2,15,9000.0,0.0
2,15,10000.0,0.0
2,15,11000.0,0.0
2,15,12000.0,0.0
2,15,13000.0,0.0
2,15,14000.0,0.0
2,15,15000.0,0.0
2,15,16000.0,0.0
2,15,17000.0,0.0
2,15,18000.0,0.0
2,15,19000.0,0.0
2,15,20000.0,0.0
2,15,21000.0,0.0
2,15,22000.0,0.0
2,15,23000.0,0.0
2,15,24000.0,0.0
2,15,25000.0,0.0
2,15,26000.0,0.0
2,15,27000.0,0.0
2,15,28000.0,0.0
2,15,29000.0,0.0
2,15,30000.0,0.0
2,15,31000.0,0.0
2,15,32000.0,0.0
2,15,33000.0,0.0
2,15,34000.0,0.0
2,15,35000.0,0.0
2,15,36000.0,0.0
2,15,37000.0,0.0
2,15,38000.0,0.0
2,15,39000.0,0.0
2,15,40000.0,0.0
2,15,41000.0,0.0
2,15,42000.0,0.0
2,15,43000.0,0.0
2,15,44000.0,0.0
2,15,45000.0,0.0
2,15,46000.0,0.0
2,15,47000.0,0.0
2,15,48000.0,0.0
2,15,49000.0,0.0
2,15,50000.0,0.0
2,16,5000.0,0.0
2,16,6000.0,0.0
2,16,7000.0,0.0
2,16,8000.0,0.0
2,16,9000.0,0.0
2,16,10000.0,0.0
2,16,11000.0,2.0
2,16,12000.0,0.0
2,16,13000.0,0.0
2,16,14000.0,0.0
2,16,15000.0,0.0
2,16,16000.0,0.0
2,16,17000.0,2.0
2,16,18000.0,2.0
2,16,19000.0,2.0
2,16,20000.0,2.0
2,16,21000.0,2.0
2,16,22000.0,0.0
2,16,23000.0,0.0
2,16,24000.0,0.0
2,16,25000.0,0.0
2,16,26000.0,0.0
2,16,27000.0,0.0
2,16,28000.0,0.0
2,16,29000.0,0.0
2,16,30000.0,0.0
2,16,31000.0,0.0
2,16,32000.0,0.0
2,16,33000.0,0.0
2,16,34000.0,0.0
2,16,35000.0,0.0
2,16,36000.0,0.0
2,16,37000.0,0.0
2,16,38000.0,0.0
2,16,39000.0,0.0
2,16,40000.0,0.0
2,16,41000.0,0.0
2,16,42000.0,0.0
2,16,43000.0,0.0
2,16,44000.0,0.0
2,16,45000.0,0.0
2,16,46000.0,0.0
2,16,47000.0,0.0
2,16,48000.0,0.0
2,16,49000.0,0.0
2,16,50000.0,0.0
2,17,5000.0,0.0
2,17,6000.0,0.0
2,17,7000.0,0.0
2,17,8000.0,0.0
2,17,9000.0,0.0
2,17,10000.0,0.0
2,17,11000.0,0.0
2,17,12000.0,0.0
2,17,13000.0,0.0
2,17,14000.0,0.0
2,17,15000.0,0.0
2,17,16000.0,0.0
2,17,17000.0,0.0
2,17,18000.0,0.0
2,17,19000.0,0.0
2,17,20000.0,0.0
2,17,21000.0,0.0
2,17,22000.0,0.0
2,17,23000.0,0.0
2,17,24000.0,0.0
2,17,25000.0,0.0
2,17,26000.0,0.0
2,17,27000.0,0.0
2,17,28000.0,0.0
2,17,29000.0,0.0
2,17,30000.0,0.0
2,17,31000.0,0.0
2,17,32000.0,0.0
2,17,33000.0,0.0
2,17,34000.0,0.0
2,17,35000.0,0.0
2,17,36000.0,0.0
2,17,37000.0,0.0
2,17,38000.0,0.0
2,17,39000.0,0.0
2,17,40000.0,0.0
2,17,41000.0,0.0
2,17,42000.0,0.0
2,17,43000.0,0.0
2,17,44000.0,0.0
2,17,45000.0,0.0
2,17,46000.0,0.0
2,17,47000.0,0.0
2,17,48000.0,0.0
2,17,49000.0,0.0
2,17,50000.0,0.0
2,18,5000.0,2.0
2,18,6000.0,2.0
2,18,7000.0,2.0
2,18,8000.0,2.0
2,18,9000.0,2.0
2,18,10000.0,2.0
2,18,11000.0,2.0
2,18,12000.0,0.0
2,18,13000.0,0.0
2,18,14000.0,0.0
2,18,15000.0,0.0
2,18,16000.0,0.0
2,18,17000.0,0.0
2,18,18000.0,0.0
2,18,19000.0,0.0
2,18,20000.0,0.0
2,18,21000.0,0.0
2,18,22000.0,0.0
2,18,23000.0,0.0
2,18,24000.0,0.0
2,18,25000.0,0.0
2,18,26000.0,0.0
2,18,27000.0,0.0
2,18,28000.0,0.0
2,18,29000.0,0.0
2,18,30000.0,0.0
2,18,31000.0,0.0
2,18,32000.0,0.0
2,18,33000.0,0.0
2,18,34000.0,0.0
2,18,35000.0,0.0
2,18,36000.0,0.0
2,18,37000.0,0.0
2,18,38000.0,2.0
2,18,39000.0,2.0
2,18,40000.0,2.0
2,18,41000.0,2.0
2,18,42000.0,0.0
2,18,43000.0,0.0
2,18,44000.0,0.0
2,18,45000.0,0.0
2,18,46000.0,0.0
2,18,47000.0,0.0
2,18,48000.0,0.0
2,18,49000.0,0.0
2,18,50000.0,0.0
2,19,5000.0,0.0
2,19,6000.0,0.0
2,19,7000.0,0.0
2,19,8000.0,0.0
2,19,9000.0,0.0
2,19,10000.0,0.0
2,19,11000.0,0.0
2,19,12000.0,0.0
2,19,13000.0,0.0
2,19,14000.0,0.0
2,19,15000.0,0.0
2,19,16000.0,0.0
2,19,17000.0,0.0
2,19,18000.0,0.0
2,19,19000.0,0.0
2,19,20000.0,0.0
2,19,21000.0,0.0
2,19,22000.0,0.0
2,19,23000.0,0.0
2,19,24000.0,0.0
2,19,25000.0,0.0
2,19,26000.0,0.0
2,19,27000.0,2.0
2,19,28000.0,2.0
2,19,29000.0,2.0
2,19,30000.0,2.0
2,19,31000.0,2.0
2,19,32000.0,0.0
2,19,33000.0,0.0
2,19,34000.0,0.0
2,19,35000.0,0.0
2,19,36000.0,0.0
2,19,37000.0,0.0
2,19,38000.0,0.0
2,19,39000.0,0.0
2,19,40000.0,0.0
2,19,41000.0,0.0
2,19,42000.0,0.0
2,19,43000.0,0.0
2,19,44000.0,0.0
2,19,45000.0,0.0
2,19,46000.0,0.0
2,19,47000.0,0.0
2,19,48000.0,0.0
2,19,49000.0,0.0
2,19,50000.0,0.0
2,20,5000.0,2.0
2,20,6000.0,2.0
2,20,7000.0,2.0
2,20,8000.0,2.0
2,20,9000.0,2.0
2,20,10000.0,2.0
2,20,11000.0,2.0
2,20,12000.0,0.0
2,20,13000.0,0.0
2,20,14000.0,0.0
2,20,15000.0,0.0
2,20,16000.0,0.0
2,20,17000.0,0.0
2,20,18000.0,0.0
2,20,19000.0,0.0
2,20,20000.0,0.0
2,20,21000.0,0.0
2,20,22000.0,0.0
2,20,23000.0,0.0
2,20,24000.0,0.0
2,20,25000.0,0.0
2,20,26000.0,0.0
2,20,27000.0,0.0
2,20,28000.0,0.0
2,20,29000.0,0.0
2,20,30000.0,2.0
2,20,31000.0,2.0
2,20,32000.0,0.0
2,20,33000.0,0.0
2,20,34000.0,0.0
2,20,35000.0,0.0
2,20,36000.0,0.0
2,20,37000.0,0.0
2,20,38000.0,0.0
2,20,39000.0,0.0
2,20,40000.0,0.0
2,20,41000.0,0.0
2,20,42000.0,0.0
2,20,43000.0,0.0
2,20,44000.0,0.0
2,20,45000.0,0.0
2,20,46000.0,0.0
2,20,47000.0,0.0
2,20,48000.0,0.0
2,20,49000.0,0.0
2,20,50000.0,0.0
2,21,5000.0,0.0
2,21,6000.0,0.0
2,21,7000.0,0.0
2,21,8000.0,0.0
2,21,9000.0,0.0
2,21,10000.0,0.0
2,21,11000.0,0.0
2,21,12000.0,0.0
2,21,13000.0,0.0
2,21,14000.0,0.0
2,21,15000.0,0.0
2,21,16000.0,0.0
2,21,17000.0,0.0
2,21,18000.0,0.0
2,21,19000.0,0.0
2,21,20000.0,0.0
2,21,21000.0,0.0
2,21,22000.0,0.0
2,21,23000.0,0.0
2,21,24000.0,0.0
2,21,25000.0,0.0
2,21,26000.0,0.0
2,21,27000.0,0.0
2,21,28000.0,0.0
2,21,29000.0,0.0
2,21,30000.0,0.0
2,21,31000.0,0.0
2,21,32000.0,0.0
2,21,33000.0,0.0
2,21,34000.0,0.0
2,21,35000.0,0.0
2,21,36000.0,0.0
2,21,37000.0,0.0
2,21,38000.0,0.0
2,21,39000.0,0.0
2,21,40000.0,0.0
2,21,41000.0,0.0
2,21,42000.0,0.0
2,21,43000.0,0.0
2,21,44000.0,0.0
2,21,45000.0,0.0
2,21,46000.0,0.0
2,21,47000.0,0.0
2,21,48000.0,0.0
2,21,49000.0,0.0
2,21,50000.0,0.0
2,22,5000.0,0.0
2,22,6000.0,0.0
2,22,7000.0,0.0
2,22,8000.0,0.0
2,22,9000.0,0.0
2,22,10000.0,0.0
2,22,11000.0,0.0
2,22,12000.0,0.0
2,22,13000.0,0.0
2,22,14000.0,0.0
2,22,15000.0,0.0
2,22,16000.0,0.0
2,22,17000.0,0.0
2,22,18000.0,0.0
2,22,19000.0,0.0
2,22,20000.0,0.0
2,22,21000.0,0.0
2,22,22000.0,0.0
2,22,23000.0,0.0
2,22,24000.0,2.0
2,22,25000.0,2.0
2,22,26000.0,2.0
2,22,27000.0,2.0
2,22,28000.0,2.0
2,22,29000.0,2.0
2,22,30000.0,2.0
2,22,31000.0,2.0
2,22,32000.0,0.0
2,22,33000.0,0.0
2,22,34000.0,0.0
2,22,35000.0,0.0
2,22,36000.0,0.0
2,22,37000.0,0.0
2,22,38000.0,0.0
2,22,39000.0,0.0
2,22,40000.0,0.0
2,22,41000.0,0.0
2,22,42000.0,0.0
2,22,43000.0,0.0
2,22,44000.0,0.0
2,22,45000.0,0.0
2,22,46000.0,0.0
2,22,47000.0,0.0
2,22,48000.0,0.0
2,22,49000.0,0.0
2,22,50000.0,0.0
2,23,5000.0,0.0
2,23,6000.0,0.0
2,23,7000.0,0.0
2,23,8000.0,0.0
2,23,9000.0,0.0
2,23,10000.0,0.0
2,23,11000.0,0.0
2,23,12000.0,2.0
2,23,13000.0,2.0
2,23,14000.0,2.0
2,23,15000.0,2.0
2,23,16000.0,2.0
2,23,17000.0,2.0
2,23,18000.0,2.0
2,23,19000.0,2.0
2,23,20000.0,2.0
2,23,21000.0,2.0
2,23,22000.0,0.0
2,23,23000.0,0.0
2,23,24000.0,0.0
2,23,25000.0,0.0
2,23,26000.0,0.0
2,23,27000.0,0.0
2,23,28000.0,0.0
2,23,29000.0,0.0
2,23,30000.0,0.0
2,23,31000.0,0.0
2,23,32000.0,0.0
2,23,33000.0,0.0
2,23,34000.0,0.0
2,23,35000.0,0.0
2,23,36000.0,0.0
2,23,37000.0,0.0
2,23,38000.0,0.0
2,23,39000.0,0.0
2,23,40000.0,2.0
2,23,41000.0,2.0
2,23,42000.0,0.0
2,23,43000.0,0.0
2,23,44000.0,0.0
2,23,45000.0,0.0
2,23,46000.0,2.0
2,23,47000.0,2.0
2,23,48000.0,2.0
2,23,49000.0,2.0
2,23,50000.0,2.0
2,24,5000.0,0.0
2,24,6000.0,0.0
2,24,7000.0,0.0
2,24,8000.0,0.0
2,24,9000.0,0.0
2,24,10000.0,0.0
2,24,11000.0,0.0
2,24,12000.0,0.0
2,24,13000.0,0.0
2,24,14000.0,0.0
2,24,15000.0,0.0
2,24,16000.0,0.0
2,24,17000.0,0.0
2,24,18000.0,0.0
2,24,19000.0,0.0
2,24,20000.0,0.0
2,24,21000.0,0.0
2,24,22000.0,0.0
2,24,23000.0,0.0
2,24,24000.0,0.0
2,24,25000.0,0.0
2,24,26000.0,0.0
2,24,27000.0,0.0
2,24,28000.0,0.0
2,24,29000.0,0.0
2,24,30000.0,0.0
2,24,31000.0,0.0
2,24,32000.0,0.0
2,24,33000.0,0.0
2,24,34000.0,0.0
2,24,35000.0,0.0
2,24,36000.0,0.0
2,24,37000.0,0.0
2,24,38000.0,0.0
2,24,39000.0,0.0
2,24,40000.0,0.0
2,24,41000.0,2.0
2,24,42000.0,0.0
2,24,43000.0,0.0
2,24,44000.0,0.0
2,24,45000.0,0.0
2,24,46000.0,0.0
2,24,47000.0,0.0
2,24,48000.0,0.0
2,24,49000.0,0.0
2,24,50000.0,2.0
2,25,5000.0,0.0
2,25,6000.0,0.0
2,25,7000.0,0.0
2,25,8000.0,0.0
2,25,9000.0,0.0
2,25,10000.0,0.0
2,25,11000.0,0.0
2,25,12000.0,0.0
2,25,13000.0,0.0
2,25,14000.0,0.0
2,25,15000.0,0.0
2,25,16000.0,0.0
2,25,17000.0,0.0
2,25,18000.0,0.0
2,25,19000.0,0.0
2,25,20000.0,0.0
2,25,21000.0,0.0
2,25,22000.0,2.0
2,25,23000.0,2.0
2,25,24000.0,2.0
2,25,25000.0,2.0
2,25,26000.0,2.0
2,25,27000.0,2.0
2,25,28000.0,2.0
2,25,29000.0,2.0
2,25,30000.0,2.0
2,25,31000.0,2.0
2,25,32000.0,0.0
2,25,33000.0,0.0
2,25,34000.0,0.0
2,25,35000.0,0.0
2,25,36000.0,0.0
2,25,37000.0,0.0
2,25,38000.0,0.0
2,25,39000.0,0.0
2,25,40000.0,0.0
2,25,41000.0,0.0
2,25,42000.0,0.0
2,25,43000.0,0.0
2,25,44000.0,0.0
2,25,45000.0,0.0
2,25,46000.0,0.0
2,25,47000.0,0.0
2,25,48000.0,0.0
2,25,49000.0,0.0
2,25,50000.0,0.0
2,26,5000.0,0.0
2,26,6000.0,0.0
2,26,7000.0,0.0
2,26,8000.0,0.0
2,26,9000.0,0.0
2,26,10000.0,0.0
2,26,11000.0,0.0
2,26,12000.0,0.0
2,26,13000.0,0.0
2,26,14000.0,0.0
2,26,15000.0,0.0
2,26,16000.0,0.0
2,26,17000.0,0.0
2,26,18000.0,0.0
2,26,19000.0,0.0
2,26,20000.0,0.0
2,26,21000.0,0.0
2,26,22000.0,0.0
2,26,23000.0,0.0
2,26,24000.0,0.0
2,26,25000.0,0.0
2,26,26000.0,0.0
2,26,27000.0,0.0
2,26,28000.0,0.0
2,26,29000.0,0.0
2,26,30000.0,0.0
2,26,31000.0,0.0
2,26,32000.0,0.0
2,26,33000.0,0.0
2,26,34000.0,0.0
2,26,35000.0,0.0
2,26,36000.0,0.0
2,26,37000.0,0.0
2,26,38000.0,0.0
2,26,39000.0,0.0
2,26,40000.0,0.0
2,26,41000.0,0.0
2,26,42000.0,0.0
2,26,43000.0,0.0
2,26,44000.0,0.0
2,26,45000.0,0.0
2,26,46000.0,0.0
2,26,47000.0,0.0
2,26,48000.0,0.0
2,26,49000.0,0.0
2,26,50000.0,0.0
2,27,5000.0,2.0
2,27,6000.0,2.0
2,27,7000.0,2.0
2,27,8000.0,2.0
2,27,9000.0,2.0
2,27,10000.0,2.0
2,27,11000.0,2.0
2,27,12000.0,0.0
2,27,13000.0,0.0
2,27,14000.0,0.0
2,27,15000.0,0.0
2,27,16000.0,0.0
2,27,17000.0,0.0
2,27,18000.0,0.0
2,27,19000.0,0.0
2,27,20000.0,0.0
2,27,21000.0,0.0
2,27,22000.0,0.0
2,27,23000.0,0.0
2,27,24000.0,0.0
2,27,25000.0,0.0
2,27,26000.0,0.0
2,27,27000.0,0.0
2,27,28000.0,0.0
2,27,29000.0,0.0
2,27,30000.0,0.0
2,27,31000.0,0.0
2,27,32000.0,0.0
2,27,33000.0,0.0
2,27,34000.0,0.0
2,27,35000.0,0.0
2,27,36000.0,0.0
2,27,37000.0,0.0
2,27,38000.0,0.0
2,27,39000.0,0.0
2,27,40000.0,0.0
2,27,41000.0,0.0
2,27,42000.0,0.0
2,27,43000.0,0.0
2,27,44000.0,0.0
2,27,45000.0,0.0
2,27,46000.0,0.0
2,27,47000.0,0.0
2,27,48000.0,0.0
2,27,49000.0,0.0
2,27,50000.0,0.0
2,28,5000.0,0.0
2,28,6000.0,0.0
2,28,7000.0,0.0
2,28,8000.0,0.0
2,28,9000.0,0.0
2,28,10000.0,0.0
2,28,11000.0,0.0
2,28,12000.0,0.0
2,28,13000.0,0.0
2,28,14000.0,0.0
2,28,15000.0,0.0
2,28,16000.0,0.0
2,28,17000.0,0.0
2,28,18000.0,0.0
2,28,19000.0,0.0
2,28,20000.0,0.0
2,28,21000.0,0.0
2,28,22000.0,0.0
2,28,23000.0,0.0
2,28,24000.0,0.0
2,28,25000.0,0.0
2,28,26000.0,0.0
2,28,27000.0,0.0
2,28,28000.0,0.0
2,28,29000.0,0.0
2,28,30000.0,0.0
2,28,31000.0,0.0
2,28,32000.0,0.0
2,28,33000.0,0.0
2,28,34000.0,0.0
2,28,35000.0,0.0
2,28,36000.0,0.0
2,28,37000.0,0.0
2,28,38000.0,0.0
2,28,39000.0,0.0
2,28,40000.0,0.0
2,28,41000.0,2.0
2,28,42000.0,0.0
2,28,43000.0,0.0
2,28,44000.0,0.0
2,28,45000.0,0.0
2,28,46000.0,0.0
2,28,47000.0,0.0
2,28,48000.0,0.0
2,28,49000.0,0.0
2,28,50000.0,0.0
2,29,5000.0,0.0
2,29,6000.0,0.0
2,29,7000.0,0.0
2,29,8000.0,0.0
2,29,9000.0,0.0
2,29,10000.0,0.0
2,29,11000.0,0.0
2,29,12000.0,0.0
2,29,13000.0,0.0
2,29,14000.0,0.0
2,29,15000.0,0.0
2,29,16000.0,0.0
2,29,17000.0,0.0
2,29,18000.0,0.0
2,29,19000.0,0.0
2,29,20000.0,0.0
2,29,21000.0,0.0
2,29,22000.0,0.0
2,29,23000.0,0.0
2,29,24000.0,0.0
2,29,25000.0,2.0
2,29,26000.0,2.0
2,29,27000.0,2.0
2,29,28000.0,2.0
2,29,29000.0,2.0
2,29,30000.0,2.0
2,29,31000.0,2.0
2,29,32000.0,0.0
2,29,33000.0,0.0
2,29,34000.0,0.0
2,29,35000.0,0.0
2,29,36000.0,0.0
2,29,37000.0,0.0
2,29,38000.0,0.0
2,29,39000.0,0.0
2,29,40000.0,0.0
2,29,41000.0,0.0
2,29,42000.0,0.0
2,29,43000.0,2.0
2,29,44000.0,2.0
2,29,45000.0,2.0
2,29,46000.0,2.0
2,29,47000.0,2.0
2,29,48000.0,2.0
2,29,49000.0,2.0
2,29,50000.0,2.0
2,30,5000.0,0.0
2,30,6000.0,2.0
2,30,7000.0,2.0
2,30,8000.0,2.0
2,30,9000.0,2.0
2,30,10000.0,2.0
2,30,11000.0,2.0
2,30,12000.0,0.0
2,30,13000.0,0.0
2,30,14000.0,0.0
2,30,15000.0,0.0
2,30,16000.0,0.0
2,30,17000.0,0.0
2,30,18000.0,0.0
2,30,19000.0,0.0
2,30,20000.0,0.0
2,30,21000.0,0.0
2,30,22000.0,0.0
2,30,23000.0,0.0
2,30,24000.0,0.0
2,30,25000.0,0.0
2,30,26000.0,0.0
2,30,27000.0,0.0
2,30,28000.0,0.0
2,30,29000.0,0.0
2,30,30000.0,0.0
2,30,31000.0,0.0
2,30,32000.0,0.0
2,30,33000.0,0.0
2,30,34000.0,0.0
2,30,35000.0,0.0
2,30,36000.0,0.0
2,30,37000.0,0.0
2,30,38000.0,0.0
2,30,39000.0,0.0
2,30,40000.0,0.0
2,30,41000.0,0.0
2,30,42000.0,0.0
2,30,43000.0,0.0
2,30,44000.0,0.0
2,30,45000.0,0.0
2,30,46000.0,0.0
2,30,47000.0,0.0
2,30,48000.0,0.0
2,30,49000.0,0.0
2,30,50000.0,0.0
2,31,5000.0,0.0
2,31,6000.0,2.0
2,31,7000.0,2.0
2,31,8000.0,2.0
2,31,9000.0,2.0
2,31,10000.0,2.0
2,31,11000.0,2.0
2,31,12000.0,0.0
2,31,13000.0,0.0
2,31,14000.0,0.0
2,31,15000.0,0.0
2,31,16000.0,0.0
2,31,17000.0,0.0
2,31,18000.0,0.0
2,31,19000.0,0.0
2,31,20000.0,0.0
2,31,21000.0,0.0
2,31,22000.0,0.0
2,31,23000.0,0.0
2,31,24000.0,0.0
2,31,25000.0,0.0
2,31,26000.0,0.0
2,31,27000.0,0.0
2,31,28000.0,0.0
2,31,29000.0,0.0
2,31,30000.0,0.0
2,31,31000.0,0.0
2,31,32000.0,0.0
2,31,33000.0,0.0
2,31,34000.0,0.0
2,31,35000.0,0.0
2,31,36000.0,0.0
2,31,37000.0,0.0
2,31,38000.0,0.0
2,31,39000.0,0.0
2,31,40000.0,0.0
2,31,41000.0,0.0
2,31,42000.0,0.0
2,31,43000.0,0.0
2,31,44000.0,0.0
2,31,45000.0,0.0
2,31,46000.0,0.0
2,31,47000.0,0.0
2,31,48000.0,2.0
2,31,49000.0,2.0
2,31,50000.0,2.0
2,32,5000.0,0.0
2,32,6000.0,0.0
2,32,7000.0,0.0
2,32,8000.0,0.0
2,32,9000.0,0.0
2,32,10000.0,0.0
2,32,11000.0,0.0
2,32,12000.0,0.0
2,32,13000.0,0.0
2,32,14000.0,0.0
2,32,15000.0,0.0
2,32,16000.0,0.0
2,32,17000.0,0.0
2,32,18000.0,0.0
2,32,19000.0,0.0
2,32,20000.0,0.0
2,32,21000.0,0.0
2,32,22000.0,0.0
2,32,23000.0,0.0
2,32,24000.0,0.0
2,32,25000.0,0.0
2,32,26000.0,0.0
2,32,27000.0,0.0
2,32,28000.0,0.0
2,32,29000.0,0.0
2,32,30000.0,0.0
2,32,31000.0,0.0
2,32,32000.0,0.0
2,32,33000.0,0.0
2,32,34000.0,0.0
2,32,35000.0,0.0
2,32,36000.0,0.0
2,32,37000.0,0.0
2,32,38000.0,0.0
2,32,39000.0,0.0
2,32,40000.0,0.0
2,32,41000.0,0.0
2,32,42000.0,0.0
2,32,43000.0,0.0
2,32,44000.0,0.0
2,32,45000.0,0.0
2,32,46000.0,0.0
2,32,47000.0,0.0
2,32,48000.0,0.0
2,32,49000.0,0.0
2,32,50000.0,0.0
2,33,5000.0,0.0
2,33,6000.0,0.0
2,33,7000.0,0.0
2,33,8000.0,0.0
2,33,9000.0,0.0
2,33,10000.0,0.0
2,33,11000.0,0.0
2,33,12000.0,0.0
2,33,13000.0,0.0
2,33,14000.0,0.0
2,33,15000.0,0.0
2,33,16000.0,0.0
2,33,17000.0,0.0
2,33,18000.0,0.0
2,33,19000.0,0.0
2,33,20000.0,0.0
2,33,21000.0,0.0
2,33,22000.0,0.0
2,33,23000.0,0.0
2,33,24000.0,2.0
2,33,25000.0,2.0
2,33,26000.0,2.0
2,33,27000.0,2.0
2,33,28000.0,2.0
2,33,29000.0,2.0
2,33,30000.0,2.0
2,33,31000.0,2.0
2,33,32000.0,0.0
2,33,33000.0,0.0
2,33,34000.0,0.0
2,33,35000.0,0.0
2,33,36000.0,0.0
2,33,37000.0,0.0
2,33,38000.0,0.0
2,33,39000.0,0.0
2,33,40000.0,2.0
2,33,41000.0,2.0
2,33,42000.0,0.0
2,33,43000.0,0.0
2,33,44000.0,0.0
2,33,45000.0,0.0
2,33,46000.0,0.0
2,33,47000.0,2.0
2,33,48000.0,2.0
2,33,49000.0,2.0
2,33,50000.0,2.0
2,34,5000.0,0.0
2,34,6000.0,0.0
2,34,7000.0,0.0
2,34,8000.0,0.0
2,34,9000.0,0.0
2,34,10000.0,0.0
2,34,11000.0,0.0
2,34,12000.0,0.0
2,34,13000.0,0.0
2,34,14000.0,0.0
2,34,15000.0,0.0
2,34,16000.0,0.0
2,34,17000.0,0.0
2,34,18000.0,0.0
2,34,19000.0,0.0
2,34,20000.0,0.0
2,34,21000.0,0.0
2,34,22000.0,0.0
2,34,23000.0,0.0
2,34,24000.0,0.0
2,34,25000.0,0.0
2,34,26000.0,0.0
2,34,27000.0,0.0
2,34,28000.0,0.0
2,34,29000.0,0.0
2,34,30000.0,0.0
2,34,31000.0,0.0
2,34,32000.0,0.0
2,34,33000.0,0.0
2,34,34000.0,0.0
2,34,35000.0,0.0
2,34,36000.0,0.0
2,34,37000.0,0.0
2,34,38000.0,0.0
2,34,39000.0,0.0
2,34,40000.0,2.0
2,34,41000.0,2.0
2,34,42000.0,0.0
2,34,43000.0,0.0
2,34,44000.0,0.0
2,34,45000.0,0.0
2,34,46000.0,0.0
2,34,47000.0,0.0
2,34,48000.0,0.0
2,34,49000.0,0.0
2,34,50000.0,0.0
2,35,5000.0,0.0
2,35,6000.0,0.0
2,35,7000.0,0.0
2,35,8000.0,0.0
2,35,9000.0,0.0
2,35,10000.0,0.0
2,35,11000.0,0.0
2,35,12000.0,0.0
2,35,13000.0,0.0
2,35,14000.0,0.0
2,35,15000.0,0.0
2,35,16000.0,0.0
2,35,17000.0,0.0
2,35,18000.0,0.0
2,35,19000.0,0.0
2,35,20000.0,0.0
2,35,21000.0,0.0
2,35,22000.0,0.0
2,35,23000.0,0.0
2,35,24000.0,2.0
2,35,25000.0,2.0
2,35,26000.0,2.0
2,35,27000.0,2.0
2,35,28000.0,2.0
2,35,29000.0,2.0
2,35,30000.0,2.0
2,35,31000.0,2.0
2,35,32000.0,0.0
2,35,33000.0,0.0
2,35,34000.0,0.0
2,35,35000.0,0.0
2,35,36000.0,0.0
2,35,37000.0,0.0
2,35,38000.0,0.0
2,35,39000.0,2.0
2,35,40000.0,2.0
2,35,41000.0,2.0
2,35,42000.0,0.0
2,35,43000.0,0.0
2,35,44000.0,0.0
2,35,45000.0,0.0
2,35,46000.0,0.0
2,35,47000.0,0.0
2,35,48000.0,0.0
2,35,49000.0,0.0
2,35,50000.0,0.0
2,36,5000.0,0.0
2,36,6000.0,0.0
2,36,7000.0,0.0
2,36,8000.0,0.0
2,36,9000.0,0.0
2,36,10000.0,0.0
2,36,11000.0,0.0
2,36,12000.0,0.0
2,36,13000.0,0.0
2,36,14000.0,0.0
2,36,15000.0,0.0
2,36,16000.0,0.0
2,36,17000.0,0.0
2,36,18000.0,0.0
2,36,19000.0,0.0
2,36,20000.0,0.0
2,36,21000.0,0.0
2,36,22000.0,0.0
2,36,23000.0,0.0
2,36,24000.0,0.0
2,36,25000.0,0.0
2,36,26000.0,0.0
2,36,27000.0,0.0
2,36,28000.0,0.0
2,36,29000.0,0.0
2,36,30000.0,0.0
2,36,31000.0,2.0
2,36,32000.0,0.0
2,36,33000.0,0.0
2,36,34000.0,0.0
2,36,35000.0,0.0
2,36,36000.0,0.0
2,36,37000.0,0.0
2,36,38000.0,0.0
2,36,39000.0,0.0
2,36,40000.0,0.0
2,36,41000.0,0.0
2,36,42000.0,0.0
2,36,43000.0,0.0
2,36,44000.0,0.0
2,36,45000.0,0.0
2,36,46000.0,0.0
2,36,47000.0,0.0
2,36,48000.0,0.0
2,36,49000.0,0.0
2,36,50000.0,0.0
2,37,5000.0,2.0
2,37,6000.0,2.0
2,37,7000.0,2.0
2,37,8000.0,2.0
2,37,9000.0,2.0
2,37,10000.0,2.0
2,37,11000.0,2.0
2,37,12000.0,0.0
2,37,13000.0,0.0
2,37,14000.0,0.0
2,37,15000.0,0.0
2,37,16000.0,0.0
2,37,17000.0,0.0
2,37,18000.0,0.0
2,37,19000.0,0.0
2,37,20000.0,0.0
2,37,21000.0,0.0
2,37,22000.0,0.0
2,37,23000.0,0.0
2,37,24000.0,0.0
2,37,25000.0,0.0
2,37,26000.0,0.0
2,37,27000.0,0.0
2,37,28000.0,0.0
2,37,29000.0,0.0
2,37,30000.0,0.0
2,37,31000.0,0.0
2,37,32000.0,0.0
2,37,33000.0,0.0
2,37,34000.0,0.0
2,37,35000.0,0.0
2,37,36000.0,0.0
2,37,37000.0,0.0
2,37,38000.0,2.0
2,37,39000.0,2.0
2,37,40000.0,2.0
2,37,41000.0,2.0
2,37,42000.0,0.0
2,37,43000.0,0.0
2,37,44000.0,0.0
2,37,45000.0,0.0
2,37,46000.0,0.0
2,37,47000.0,0.0
2,37,48000.0,0.0
2,37,49000.0,0.0
2,37,50000.0,0.0
2,38,5000.0,2.0
2,38,6000.0,2.0
2,38,7000.0,2.0
2,38,8000.0,2.0
2,38,9000.0,2.0
2,38,10000.0,2.0
2,38,11000.0,2.0
2,38,12000.0,0.0
2,38,13000.0,0.0
2,38,14000.0,0.0
2,38,15000.0,0.0
2,38,16000.0,0.0
2,38,17000.0,0.0
2,38,18000.0,0.0
2,38,19000.0,0.0
2,38,20000.0,0.0
2,38,21000.0,0.0
2,38,22000.0,0.0
2,38,23000.0,0.0
2,38,24000.0,0.0
2,38,25000.0,0.0
2,38,26000.0,0.0
2,38,27000.0,0.0
2,38,28000.0,0.0
2,38,29000.0,0.0
2,38,30000.0,0.0
2,38,31000.0,0.0
2,38,32000.0,0.0
2,38,33000.0,0.0
2,38,34000.0,0.0
2,38,35000.0,0.0
2,38,36000.0,2.0
2,38,37000.0,2.0
2,38,38000.0,2.0
2,38,39000.0,2.0
2,38,40000.0,2.0
2,38,41000.0,2.0
2,38,42000.0,0.0
2,38,43000.0,0.0
2,38,44000.0,0.0
2,38,45000.0,0.0
2,38,46000.0,0.0
2,38,47000.0,0.0
2,38,48000.0,0.0
2,38,49000.0,0.0
2,38,50000.0,0.0
2,39,5000.0,0.0
2,39,6000.0,0.0
2,39,7000.0,0.0
2,39,8000.0,0.0
2,39,9000.0,0.0
2,39,10000.0,0.0
2,39,11000.0,0.0
2,39,12000.0,0.0
2,39,13000.0,0.0
2,39,14000.0,0.0
2,39,15000.0,0.0
2,39,16000.0,0.0
2,39,17000.0,0.0
2,39,18000.0,0.0
2,39,19000.0,0.0
2,39,20000.0,0.0
2,39,21000.0,0.0
2,39,22000.0,0.0
2,39,23000.0,0.0
2,39,24000.0,0.0
2,39,25000.0,0.0
2,39,26000.0,0.0
2,39,27000.0,0.0
2,39,28000.0,2.0
2,39,29000.0,2.0
2,39,30000.0,2.0
2,39,31000.0,2.0
2,39,32000.0,0.0
2,39,33000.0,0.0
2,39,34000.0,0.0
2,39,35000.0,0.0
2,39,36000.0,0.0
2,39,37000.0,0.0
2,39,38000.0,0.0
2,39,39000.0,0.0
2,39,40000.0,0.0
2,39,41000.0,0.0
2,39,42000.0,0.0
2,39,43000.0,0.0
2,39,44000.0,0.0
2,39,45000.0,0.0
2,39,46000.0,0.0
2,39,47000.0,0.0
2,39,48000.0,0.0
2,39,49000.0,0.0
2,39,50000.0,0.0
2,40,5000.0,0.0
2,40,6000.0,0.0
2,40,7000.0,0.0
2,40,8000.0,0.0
2,40,9000.0,0.0
2,40,10000.0,0.0
2,40,11000.0,0.0
2,40,12000.0,0.0
2,40,13000.0,0.0
2,40,14000.0,0.0
2,40,15000.0,0.0
2,40,16000.0,0.0
2,40,17000.0,0.0
2,40,18000.0,0.0
2,40,19000.0,0.0
2,40,20000.0,0.0
2,40,21000.0,0.0
2,40,22000.0,0.0
2,40,23000.0,0.0
2,40,24000.0,0.0
2,40,25000.0,0.0
2,40,26000.0,0.0
2,40,27000.0,0.0
2,40,28000.0,0.0
2,40,29000.0,0.0
2,40,30000.0,0.0
2,40,31000.0,0.0
2,40,32000.0,0.0
2,40,33000.0,0.0
2,40,34000.0,0.0
2,40,35000.0,0.0
2,40,36000.0,0.0
2,40,37000.0,0.0
2,40,38000.0,0.0
2,40,39000.0,0.0
2,40,40000.0,0.0
2,40,41000.0,0.0
2,40,42000.0,0.0
2,40,43000.0,0.0
2,40,44000.0,0.0
2,40,45000.0,0.0
2,40,46000.0,0.0
2,40,47000.0,0.0
2,40,48000.0,0.0
2,40,49000.0,0.0
2,40,50000.0,0.0
2,41,5000.0,0.0
2,41,6000.0,0.0
2,41,7000.0,0.0
2,41,8000.0,0.0
2,41,9000.0,0.0
2,41,10000.0,0.0
2,41,11000.0,0.0
2,41,12000.0,0.0
2,41,13000.0,0.0
2,41,14000.0,2.0
2,41,15000.0,2.0
2,41,16000.0,2.0
2,41,17000.0,2.0
2,41,18000.0,2.0
2,41,19000.0,2.0
2,41,20000.0,2.0
2,41,21000.0,2.0
2,41,22000.0,0.0
2,41,23000.0,0.0
2,41,24000.0,0.0
2,41,25000.0,0.0
2,41,26000.0,0.0
2,41,27000.0,0.0
2,41,28000.0,0.0
2,41,29000.0,0.0
2,41,30000.0,0.0
2,41,31000.0,0.0
2,41,32000.0,0.0
2,41,33000.0,0.0
2,41,34000.0,0.0
2,41,35000.0,0.0
2,41,36000.0,0.0
2,41,37000.0,0.0
2,41,38000.0,2.0
2,41,39000.0,2.0
2,41,40000.0,2.0
2,41,41000.0,2.0
2,41,42000.0,0.0
2,41,43000.0,0.0
2,41,44000.0,0.0
2,41,45000.0,0.0
2,41,46000.0,0.0
2,41,47000.0,0.0
2,41,48000.0,0.0
2,41,49000.0,0.0
2,41,50000.0,0.0
2,42,5000.0,0.0
2,42,6000.0,0.0
2,42,7000.0,0.0
2,42,8000.0,0.0
2,42,9000.0,0.0
2,42,10000.0,0.0
2,42,11000.0,0.0
2,42,12000.0,2.0
2,42,13000.0,2.0
2,42,14000.0,2.0
2,42,15000.0,2.0
2,42,16000.0,2.0
2,42,17000.0,2.0
2,42,18000.0,2.0
2,42,19000.0,2.0
2,42,20000.0,2.0
2,42,21000.0,2.0
2,42,22000.0,0.0
2,42,23000.0,0.0
2,42,24000.0,0.0
2,42,25000.0,0.0
2,42,26000.0,2.0
2,42,27000.0,2.0
2,42,28000.0,2.0
2,42,29000.0,2.0
2,42,30000.0,2.0
2,42,31000.0,2.0
2,42,32000.0,0.0
2,42,33000.0,0.0
2,42,34000.0,0.0
2,42,35000.0,0.0
2,42,36000.0,0.0
2,42,37000.0,0.0
2,42,38000.0,0.0
2,42,39000.0,0.0
2,42,40000.0,0.0
2,42,41000.0,0.0
2,42,42000.0,0.0
2,42,43000.0,0.0
2,42,44000.0,0.0
2,42,45000.0,0.0
2,42,46000.0,0.0
2,42,47000.0,0.0
2,42,48000.0,0.0
2,42,49000.0,0.0
2,42,50000.0,0.0
2,43,5000.0,0.0
2,43,6000.0,0.0
2,43,7000.0,0.0
2,43,8000.0,0.0
2,43,9000.0,0.0
2,43,10000.0,0.0
2,43,11000.0,2.0
2,43,12000.0,0.0
2,43,13000.0,0.0
2,43,14000.0,0.0
2,43,15000.0,0.0
2,43,16000.0,0.0
2,43,17000.0,0.0
2,43,18000.0,0.0
2,43,19000.0,0.0
2,43,20000.0,2.0
2,43,21000.0,2.0
2,43,22000.0,0.0
2,43,23000.0,0.0
2,43,24000.0,0.0
2,43,25000.0,0.0
2,43,26000.0,0.0
2,43,27000.0,0.0
2,43,28000.0,0.0
2,43,29000.0,0.0
2,43,30000.0,0.0
2,43,31000.0,0.0
2,43,32000.0,0.0
2,43,33000.0,0.0
2,43,34000.0,0.0
2,43,35000.0,0.0
2,43,36000.0,0.0
2,43,37000.0,0.0
2,43,38000.0,0.0
2,43,39000.0,0.0
2,43,40000.0,0.0
2,43,41000.0,2.0
2,43,42000.0,0.0
2,43,43000.0,0.0
2,43,44000.0,0.0
2,43,45000.0,0.0
2,43,46000.0,0.0
2,43,47000.0,0.0
2,43,48000.0,0.0
2,43,49000.0,0.0
2,43,50000.0,0.0
2,44,5000.0,0.0
2,44,6000.0,0.0
2,44,7000.0,0.0
2,44,8000.0,0.0
2,44,9000.0,0.0
2,44,10000.0,0.0
2,44,11000.0,0.0
2,44,12000.0,0.0
2,44,13000.0,0.0
2,44,14000.0,0.0
2,44,15000.0,0.0
2,44,16000.0,0.0
2,44,17000.0,0.0
2,44,18000.0,0.0
2,44,19000.0,0.0
2,44,20000.0,0.0
2,44,21000.0,0.0
2,44,22000.0,0.0
2,44,23000.0,0.0
2,44,24000.0,0.0
2,44,25000.0,0.0
2,44,26000.0,0.0
2,44,27000.0,2.0
2,44,28000.0,2.0
2,44,29000.0,2.0
2,44,30000.0,2.0
2,44,31000.0,2.0
2,44,32000.0,0.0
2,44,33000.0,0.0
2,44,34000.0,0.0
2,44,35000.0,0.0
2,44,36000.0,0.0
2,44,37000.0,0.0
2,44,38000.0,0.0
2,44,39000.0,0.0
2,44,40000.0,0.0
2,44,41000.0,0.0
2,44,42000.0,0.0
2,44,43000.0,0.0
2,44,44000.0,0.0
2,44,45000.0,0.0
2,44,46000.0,0.0
2,44,47000.0,0.0
2,44,48000.0,0.0
2,44,49000.0,0.0
2,44,50000.0,0.0
2,45,5000.0,2.0
2,45,6000.0,2.0
2,45,7000.0,2.0
2,45,8000.0,2.0
2,45,9000.0,2.0
2,45,10000.0,2.0
2,45,11000.0,2.0
2,45,12000.0,0.0
2,45,13000.0,0.0
2,45,14000.0,0.0
2,45,15000.0,0.0
2,45,16000.0,2.0
2,45,17000.0,2.0
2,45,18000.0,2.0
2,45,19000.0,2.0
2,45,20000.0,2.0
2,45,21000.0,2.0
2,45,22000.0,0.0
2,45,23000.0,0.0
2,45,24000.0,0.0
2,45,25000.0,0.0
2,45,26000.0,0.0
2,45,27000.0,0.0
2,45,28000.0,0.0
2,45,29000.0,0.0
2,45,30000.0,0.0
2,45,31000.0,0.0
2,45,32000.0,0.0
2,45,33000.0,0.0
2,45,34000.0,0.0
2,45,35000.0,0.0
2,45,36000.0,0.0
2,45,37000.0,0.0
2,45,38000.0,0.0
2,45,39000.0,0.0
2,45,40000.0,0.0
2,45,41000.0,0.0
2,45,42000.0,0.0
2,45,43000.0,0.0
2,45,44000.0,0.0
2,45,45000.0,0.0
2,45,46000.0,0.0
2,45,47000.0,0.0
2,45,48000.0,0.0
2,45,49000.0,2.0
2,45,50000.0,2.0
2,46,5000.0,0.0
2,46,6000.0,0.0
2,46,7000.0,0.0
2,46,8000.0,0.0
2,46,9000.0,0.0
2,46,10000.0,0.0
2,46,11000.0,0.0
2,46,12000.0,0.0
2,46,13000.0,0.0
2,46,14000.0,0.0
2,46,15000.0,0.0
2,46,16000.0,0.0
2,46,17000.0,0.0
2,46,18000.0,2.0
2,46,19000.0,2.0
2,46,20000.0,2.0
2,46,21000.0,2.0
2,46,22000.0,0.0
2,46,23000.0,0.0
2,46,24000.0,2.0
2,46,25000.0,2.0
2,46,26000.0,2.0
2,46,27000.0,2.0
2,46,28000.0,2.0
2,46,29000.0,2.0
2,46,30000.0,2.0
2,46,31000.0,2.0
2,46,32000.0,0.0
2,46,33000.0,0.0
2,46,34000.0,0.0
2,46,35000.0,0.0
2,46,36000.0,0.0
2,46,37000.0,0.0
2,46,38000.0,0.0
2,46,39000.0,0.0
2,46,40000.0,0.0
2,46,41000.0,0.0
2,46,42000.0,0.0
2,46,43000.0,0.0
2,46,44000.0,0.0
2,46,45000.0,0.0
2,46,46000.0,0.0
2,46,47000.0,0.0
2,46,48000.0,0.0
2,46,49000.0,0.0
2,46,50000.0,0.0
2,47,5000.0,0.0
2,47,6000.0,0.0
2,47,7000.0,0.0
2,47,8000.0,0.0
2,47,9000.0,0.0
2,47,10000.0,0.0
2,47,11000.0,0.0
2,47,12000.0,2.0
2,47,13000.0,2.0
2,47,14000.0,2.0
2,47,15000.0,2.0
2,47,16000.0,2.0
2,47,17000.0,2.0
2,47,18000.0,2.0
2,47,19000.0,2.0
2,47,20000.0,2.0
2,47,21000.0,2.0
2,47,22000.0,0.0
2,47,23000.0,0.0
2,47,24000.0,0.0
2,47,25000.0,0.0
2,47,26000.0,0.0
2,47,27000.0,2.0
2,47,28000.0,2.0
2,47,29000.0,2.0
2,47,30000.0,2.0
2,47,31000.0,2.0
2,47,32000.0,0.0
2,47,33000.0,0.0
2,47,34000.0,0.0
2,47,35000.0,0.0
2,47,36000.0,0.0
2,47,37000.0,0.0
2,47,38000.0,0.0
2,47,39000.0,0.0
2,47,40000.0,0.0
2,47,41000.0,0.0
2,47,42000.0,0.0
2,47,43000.0,0.0
2,47,44000.0,0.0
2,47,45000.0,0.0
2,47,46000.0,0.0
2,47,47000.0,0.0
2,47,48000.0,0.0
2,47,49000.0,0.0
2,47,50000.0,0.0
2,48,5000.0,0.0
2,48,6000.0,0.0
2,48,7000.0,0.0
2,48,8000.0,0.0
2,48,9000.0,2.0
2,48,10000.0,2.0
2,48,11000.0,2.0
2,48,12000.0,0.0
2,48,13000.0,0.0
2,48,14000.0,0.0
2,48,15000.0,2.0
2,48,16000.0,2.0
2,48,17000.0,2.0
2,48,18000.0,2.0
2,48,19000.0,2.0
2,48,20000.0,2.0
2,48,21000.0,2.0
2,48,22000.0,0.0
2,48,23000.0,0.0
2,48,24000.0,0.0
2,48,25000.0,0.0
2,48,26000.0,0.0
2,48,27000.0,0.0
2,48,28000.0,0.0
2,48,29000.0,0.0
2,48,30000.0,0.0
2,48,31000.0,2.0
2,48,32000.0,0.0
2,48,33000.0,0.0
2,48,34000.0,0.0
2,48,35000.0,0.0
2,48,36000.0,0.0
2,48,37000.0,0.0
2,48,38000.0,0.0
2,48,39000.0,0.0
2,48,40000.0,0.0
2,48,41000.0,0.0
2,48,42000.0,0.0
2,48,43000.0,0.0
2,48,44000.0,0.0
2,48,45000.0,0.0
2,48,46000.0,0.0
2,48,47000.0,0.0
2,48,48000.0,0.0
2,48,49000.0,0.0
2,48,50000.0,0.0
2,49,5000.0,0.0
2,49,6000.0,0.0
2,49,7000.0,0.0
2,49,8000.0,0.0
2,49,9000.0,2.0
2,49,10000.0,2.0
2,49,11000.0,2.0
2,49,12000.0,0.0
2,49,13000.0,0.0
2,49,14000.0,0.0
2,49,15000.0,0.0
2,49,16000.0,0.0
2,49,17000.0,0.0
2,49,18000.0,0.0
2,49,19000.0,0.0
2,49,20000.0,0.0
2,49,21000.0,0.0
2,49,22000.0,0.0
2,49,23000.0,0.0
2,49,24000.0,0.0
2,49,25000.0,0.0
2,49,26000.0,0.0
2,49,27000.0,0.0
2,49,28000.0,0.0
2,49,29000.0,0.0
2,49,30000.0,0.0
2,49,31000.0,0.0
2,49,32000.0,0.0
2,49,33000.0,2.0
2,49,34000.0,2.0
2,49,35000.0,2.0
2,49,36000.0,2.0
2,49,37000.0,2.0
2,49,38000.0,2.0
2,49,39000.0,2.0
2,49,40000.0,2.0
2,49,41000.0,2.0
2,49,42000.0,0.0
2,49,43000.0,0.0
2,49,44000.0,0.0
2,49,45000.0,0.0
2,49,46000.0,0.0
2,49,47000.0,0.0
2,49,48000.0,0.0
2,49,49000.0,0.0
2,49,50000.0,0.0
3,0,5000.0,0.0
3,0,6000.0,0.0
3,0,7000.0,0.0
3,0,8000.0,0.0
3,0,9000.0,0.0
3,0,10000.0,0.0
3,0,11000.0,0.0
3,0,12000.0,0.0
3,0,13000.0,2.0
3,0,14000.0,2.0
3,0,15000.0,2.0
3,0,16000.0,2.0
3,0,17000.0,2.0
3,0,18000.0,2.0
3,0,19000.0,2.0
3,0,20000.0,2.0
3,0,21000.0,2.0
3,0,22000.0,0.0
3,0,23000.0,0.0
3,0,24000.0,0.0
3,0,25000.0,0.0
3,0,26000.0,0.0
3,0,27000.0,0.0
3,0,28000.0,0.0
3,0,29000.0,0.0
3,0,30000.0,0.0
3,0,31000.0,0.0
3,0,32000.0,0.0
3,0,33000.0,0.0
3,0,34000.0,0.0
3,0,35000.0,0.0
3,0,36000.0,0.0
3,0,37000.0,2.0
3,0,38000.0,2.0
3,0,39000.0,2.0
3,0,40000.0,2.0
3,0,41000.0,2.0
3,0,42000.0,0.0
3,0,43000.0,0.0
3,0,44000.0,0.0
3,0,45000.0,0.0
3,0,46000.0,0.0
3,0,47000.0,0.0
3,0,48000.0,0.0
3,0,49000.0,0.0
3,0,50000.0,0.0
3,1,5000.0,0.0
3,1,6000.0,0.0
3,1,7000.0,0.0
3,1,8000.0,0.0
3,1,9000.0,0.0
3,1,10000.0,0.0
3,1,11000.0,0.0
3,1,12000.0,0.0
3,1,13000.0,0.0
3,1,14000.0,0.0
3,1,15000.0,0.0
3,1,16000.0,0.0
3,1,17000.0,0.0
3,1,18000.0,0.0
3,1,19000.0,0.0
3,1,20000.0,0.0
3,1,21000.0,0.0
3,1,22000.0,0.0
3,1,23000.0,0.0
3,1,24000.0,0.0
3,1,25000.0,0.0
3,1,26000.0,0.0
3,1,27000.0,0.0
3,1,28000.0,0.0
3,1,29000.0,0.0
3,1,30000.0,0.0
3,1,31000.0,0.0
3,1,32000.0,0.0
3,1,33000.0,0.0
3,1,34000.0,0.0
3,1,35000.0,0.0
3,1,36000.0,0.0
3,1,37000.0,0.0
3,1,38000.0,0.0
3,1,39000.0,0.0
3,1,40000.0,0.0
3,1,41000.0,0.0
3,1,42000.0,0.0
3,1,43000.0,0.0
3,1,44000.0,0.0
3,1,45000.0,0.0
3,1,46000.0,0.0
3,1,47000.0,0.0
3,1,48000.0,0.0
3,1,49000.0,0.0
3,1,50000.0,0.0
3,2,5000.0,0.0
3,2,6000.0,0.0
3,2,7000.0,0.0
3,2,8000.0,0.0
3,2,9000.0,0.0
3,2,10000.0,0.0
3,2,11000.0,0.0
3,2,12000.0,0.0
3,2,13000.0,0.0
3,2,14000.0,0.0
3,2,15000.0,0.0
3,2,16000.0,0.0
3,2,17000.0,0.0
3,2,18000.0,0.0
3,2,19000.0,0.0
3,2,20000.0,0.0
3,2,21000.0,0.0
3,2,22000.0,0.0
3,2,23000.0,0.0
3,2,24000.0,0.0
3,2,25000.0,0.0
3,2,26000.0,0.0
3,2,27000.0,0.0
3,2,28000.0,0.0
3,2,29000.0,0.0
3,2,30000.0,0.0
3,2,31000.0,0.0
3,2,32000.0,0.0
3,2,33000.0,0.0
3,2,34000.0,0.0
3,2,35000.0,0.0
3,2,36000.0,0.0
3,2,37000.0,0.0
3,2,38000.0,0.0
3,2,39000.0,0.0
3,2,40000.0,0.0
3,2,41000.0,0.0
3,2,42000.0,0.0
3,2,43000.0,0.0
3,2,44000.0,0.0
3,2,45000.0,0.0
3,2,46000.0,0.0
3,2,47000.0,0.0
3,2,48000.0,0.0
3,2,49000.0,0.0
3,2,50000.0,0.0
3,4,5000.0,2.0
3,4,6000.0,2.0
3,4,7000.0,2.0
3,4,8000.0,2.0
3,4,9000.0,2.0
3,4,10000.0,2.0
3,4,11000.0,2.0
3,4,12000.0,0.0
3,4,13000.0,0.0
3,4,14000.0,0.0
3,4,15000.0,0.0
3,4,16000.0,0.0
3,4,17000.0,0.0
3,4,18000.0,0.0
3,4,19000.0,0.0
3,4,20000.0,0.0
3,4,21000.0,0.0
3,4,22000.0,0.0
3,4,23000.0,0.0
3,4,24000.0,0.0
3,4,25000.0,0.0
3,4,26000.0,0.0
3,4,27000.0,0.0
3,4,28000.0,0.0
3,4,29000.0,0.0
3,4,30000.0,0.0
3,4,31000.0,0.0
3,4,32000.0,0.0
3,4,33000.0,0.0
3,4,34000.0,0.0
3,4,35000.0,0.0
3,4,36000.0,0.0
3,4,37000.0,0.0
3,4,38000.0,0.0
3,4,39000.0,0.0
3,4,40000.0,0.0
3,4,41000.0,0.0
3,4,42000.0,0.0
3,4,43000.0,0.0
3,4,44000.0,0.0
3,4,45000.0,0.0
3,4,46000.0,0.0
3,4,47000.0,0.0
3,4,48000.0,0.0
3,4,49000.0,0.0
3,4,50000.0,0.0
3,5,5000.0,0.0
3,5,6000.0,0.0
3,5,7000.0,0.0
3,5,8000.0,0.0
3,5,9000.0,0.0
3,5,10000.0,0.0
3,5,11000.0,0.0
3,5,12000.0,0.0
3,5,13000.0,0.0
3,5,14000.0,0.0
3,5,15000.0,0.0
3,5,16000.0,0.0
3,5,17000.0,0.0
3,5,18000.0,0.0
3,5,19000.0,0.0
3,5,20000.0,0.0
3,5,21000.0,0.0
3,5,22000.0,0.0
3,5,23000.0,0.0
3,5,24000.0,0.0
3,5,25000.0,0.0
3,5,26000.0,0.0
3,5,27000.0,0.0
3,5,28000.0,0.0
3,5,29000.0,0.0
3,5,30000.0,0.0
3,5,31000.0,0.0
3,5,32000.0,0.0
3,5,33000.0,0.0
3,5,34000.0,0.0
3,5,35000.0,0.0
3,5,36000.0,0.0
3,5,37000.0,0.0
3,5,38000.0,0.0
3,5,39000.0,0.0
3,5,40000.0,0.0
3,5,41000.0,0.0
3,5,42000.0,0.0
3,5,43000.0,0.0
3,5,44000.0,0.0
3,5,45000.0,0.0
3,5,46000.0,0.0
3,5,47000.0,0.0
3,5,48000.0,0.0
3,5,49000.0,0.0
3,5,50000.0,0.0
3,6,5000.0,0.0
3,6,6000.0,0.0
3,6,7000.0,0.0
3,6,8000.0,0.0
3,6,9000.0,0.0
3,6,10000.0,0.0
3,6,11000.0,0.0
3,6,12000.0,0.0
3,6,13000.0,0.0
3,6,14000.0,0.0
3,6,15000.0,0.0
3,6,16000.0,0.0
3,6,17000.0,0.0
3,6,18000.0,0.0
3,6,19000.0,0.0
3,6,20000.0,0.0
3,6,21000.0,0.0
3,6,22000.0,0.0
3,6,23000.0,0.0
3,6,24000.0,0.0
3,6,25000.0,0.0
3,6,26000.0,0.0
3,6,27000.0,0.0
3,6,28000.0,0.0
3,6,29000.0,0.0
3,6,30000.0,0.0
3,6,31000.0,0.0
3,6,32000.0,2.0
3,6,33000.0,2.0
3,6,34000.0,2.0
3,6,35000.0,2.0
3,6,36000.0,2.0
3,6,37000.0,2.0
3,6,38000.0,2.0
3,6,39000.0,2.0
3,6,40000.0,2.0
3,6,41000.0,2.0
3,6,42000.0,0.0
3,6,43000.0,0.0
3,6,44000.0,0.0
3,6,45000.0,0.0
3,6,46000.0,0.0
3,6,47000.0,0.0
3,6,48000.0,0.0
3,6,49000.0,0.0
3,6,50000.0,0.0
3,7,5000.0,0.0
3,7,6000.0,2.0
3,7,7000.0,2.0
3,7,8000.0,2.0
3,7,9000.0,2.0
3,7,10000.0,2.0
3,7,11000.0,2.0
3,7,12000.0,0.0
3,7,13000.0,0.0
3,7,14000.0,0.0
3,7,15000.0,0.0
3,7,16000.0,0.0
3,7,17000.0,0.0
3,7,18000.0,0.0
3,7,19000.0,0.0
3,7,20000.0,0.0
3,7,21000.0,0.0
3,7,22000.0,0.0
3,7,23000.0,0.0
3,7,24000.0,0.0
3,7,25000.0,0.0
3,7,26000.0,0.0
3,7,27000.0,0.0
3,7,28000.0,0.0
3,7,29000.0,0.0
3,7,30000.0,0.0
3,7,31000.0,0.0
3,7,32000.0,0.0
3,7,33000.0,0.0
3,7,34000.0,0.0
3,7,35000.0,0.0
3,7,36000.0,0.0
3,7,37000.0,0.0
3,7,38000.0,0.0
3,7,39000.0,0.0
3,7,40000.0,0.0
3,7,41000.0,0.0
3,7,42000.0,0.0
3,7,43000.0,0.0
3,7,44000.0,0.0
3,7,45000.0,0.0
3,7,46000.0,0.0
3,7,47000.0,0.0
3,7,48000.0,0.0
3,7,49000.0,0.0
3,7,50000.0,0.0
3,8,5000.0,0.0
3,8,6000.0,0.0
3,8,7000.0,0.0
3,8,8000.0,0.0
3,8,9000.0,0.0
3,8,10000.0,0.0
3,8,11000.0,0.0
3,8,12000.0,0.0
3,8,13000.0,0.0
3,8,14000.0,0.0
3,8,15000.0,0.0
3,8,16000.0,0.0
3,8,17000.0,0.0
3,8,18000.0,0.0
3,8,19000.0,0.0
3,8,20000.0,0.0
3,8,21000.0,0.0
3,8,22000.0,0.0
3,8,23000.0,0.0
3,8,24000.0,0.0
3,8,25000.0,0.0
3,8,26000.0,0.0
3,8,27000.0,0.0
3,8,28000.0,0.0
3,8,29000.0,0.0
3,8,30000.0,0.0
3,8,31000.0,0.0
3,8,32000.0,0.0
3,8,33000.0,0.0
3,8,34000.0,0.0
3,8,35000.0,0.0
3,8,36000.0,0.0
3,8,37000.0,0.0
3,8,38000.0,0.0
3,8,39000.0,0.0
3,8,40000.0,0.0
3,8,41000.0,0.0
3,8,42000.0,0.0
3,8,43000.0,0.0
3,8,44000.0,0.0
3,8,45000.0,0.0
3,8,46000.0,0.0
3,8,47000.0,0.0
3,8,48000.0,0.0
3,8,49000.0,0.0
3,8,50000.0,0.0
3,9,5000.0,0.0
3,9,6000.0,0.0
3,9,7000.0,0.0
3,9,8000.0,0.0
3,9,9000.0,0.0
3,9,10000.0,0.0
3,9,11000.0,0.0
3,9,12000.0,0.0
3,9,13000.0,0.0
3,9,14000.0,0.0
3,9,15000.0,0.0
3,9,16000.0,0.0
3,9,17000.0,0.0
3,9,18000.0,0.0
3,9,19000.0,0.0
3,9,20000.0,0.0
3,9,21000.0,0.0
3,9,22000.0,0.0
3,9,23000.0,0.0
3,9,24000.0,0.0
3,9,25000.0,0.0
3,9,26000.0,0.0
3,9,27000.0,0.0
3,9,28000.0,0.0
3,9,29000.0,0.0
3,9,30000.0,0.0
3,9,31000.0,0.0
3,9,32000.0,0.0
3,9,33000.0,0.0
3,9,34000.0,0.0
3,9,35000.0,0.0
3,9,36000.0,0.0
3,9,37000.0,0.0
3,9,38000.0,0.0
3,9,39000.0,0.0
3,9,40000.0,0.0
3,9,41000.0,0.0
3,9,42000.0,0.0
3,9,43000.0,0.0
3,9,44000.0,0.0
3,9,45000.0,0.0
3,9,46000.0,0.0
3,9,47000.0,0.0
3,9,48000.0,0.0
3,9,49000.0,0.0
3,9,50000.0,0.0
3,10,5000.0,0.0
3,10,6000.0,0.0
3,10,7000.0,0.0
3,10,8000.0,0.0
3,10,9000.0,0.0
3,10,10000.0,0.0
3,10,11000.0,0.0
3,10,12000.0,0.0
3,10,13000.0,0.0
3,10,14000.0,0.0
3,10,15000.0,0.0
3,10,16000.0,0.0
3,10,17000.0,0.0
3,10,18000.0,0.0
3,10,19000.0,0.0
3,10,20000.0,0.0
3,10,21000.0,0.0
3,10,22000.0,0.0
3,10,23000.0,0.0
3,10,24000.0,0.0
3,10,25000.0,0.0
3,10,26000.0,0.0
3,10,27000.0,0.0
3,10,28000.0,0.0
3,10,29000.0,0.0
3,10,30000.0,0.0
3,10,31000.0,0.0
3,10,32000.0,0.0
3,10,33000.0,0.0
3,10,34000.0,0.0
3,10,35000.0,0.0
3,10,36000.0,0.0
3,10,37000.0,0.0
3,10,38000.0,0.0
3,10,39000.0,0.0
3,10,40000.0,0.0
3,10,41000.0,0.0
3,10,42000.0,0.0
3,10,43000.0,0.0
3,10,44000.0,0.0
3,10,45000.0,0.0
3,10,46000.0,0.0
3,10,47000.0,0.0
3,10,48000.0,0.0
3,10,49000.0,0.0
3,10,50000.0,0.0
3,11,5000.0,0.0
3,11,6000.0,0.0
3,11,7000.0,0.0
3,11,8000.0,0.0
3,11,9000.0,0.0
3,11,10000.0,0.0
3,11,11000.0,0.0
3,11,12000.0,0.0
3,11,13000.0,0.0
3,11,14000.0,0.0
3,11,15000.0,0.0
3,11,16000.0,0.0
3,11,17000.0,0.0
3,11,18000.0,0.0
3,11,19000.0,0.0
3,11,20000.0,0.0
3,11,21000.0,0.0
3,11,22000.0,0.0
3,11,23000.0,0.0
3,11,24000.0,0.0
3,11,25000.0,0.0
3,11,26000.0,0.0
3,11,27000.0,0.0
3,11,28000.0,0.0
3,11,29000.0,2.0
3,11,30000.0,2.0
3,11,31000.0,2.0
3,11,32000.0,0.0
3,11,33000.0,0.0
3,11,34000.0,0.0
3,11,35000.0,0.0
3,11,36000.0,0.0
3,11,37000.0,0.0
3,11,38000.0,0.0
3,11,39000.0,0.0
3,11,40000.0,0.0
3,11,41000.0,0.0
3,11,42000.0,0.0
3,11,43000.0,0.0
3,11,44000.0,0.0
3,11,45000.0,0.0
3,11,46000.0,0.0
3,11,47000.0,0.0
3,11,48000.0,0.0
3,11,49000.0,0.0
3,11,50000.0,0.0
3,12,5000.0,2.0
3,12,6000.0,2.0
3,12,7000.0,2.0
3,12,8000.0,2.0
3,12,9000.0,2.0
3,12,10000.0,2.0
3,12,11000.0,2.0
3,12,12000.0,0.0
3,12,13000.0,0.0
3,12,14000.0,0.0
3,12,15000.0,0.0
3,12,16000.0,0.0
3,12,17000.0,0.0
3,12,18000.0,0.0
3,12,19000.0,0.0
3,12,20000.0,0.0
3,12,21000.0,0.0
3,12,22000.0,0.0
3,12,23000.0,0.0
3,12,24000.0,0.0
3,12,25000.0,0.0
3,12,26000.0,0.0
3,12,27000.0,0.0
3,12,28000.0,0.0
3,12,29000.0,0.0
3,12,30000.0,0.0
3,12,31000.0,0.0
3,12,32000.0,0.0
3,12,33000.0,0.0
3,12,34000.0,0.0
3,12,35000.0,0.0
3,12,36000.0,0.0
3,12,37000.0,0.0
3,12,38000.0,0.0
3,12,39000.0,0.0
3,12,40000.0,0.0
3,12,41000.0,0.0
3,12,42000.0,0.0
3,12,43000.0,0.0
3,12,44000.0,0.0
3,12,45000.0,0.0
3,12,46000.0,0.0
3,12,47000.0,0.0
3,12,48000.0,0.0
3,12,49000.0,0.0
3,12,50000.0,0.0
3,13,5000.0,2.0
3,13,6000.0,2.0
3,13,7000.0,2.0
3,13,8000.0,2.0
3,13,9000.0,2.0
3,13,10000.0,2.0
3,13,11000.0,2.0
3,13,12000.0,0.0
3,13,13000.0,0.0
3,13,14000.0,0.0
3,13,15000.0,0.0
3,13,16000.0,0.0
3,13,17000.0,0.0
3,13,18000.0,0.0
3,13,19000.0,0.0
3,13,20000.0,0.0
3,13,21000.0,0.0
3,13,22000.0,0.0
3,13,23000.0,0.0
3,13,24000.0,0.0
3,13,25000.0,0.0
3,13,26000.0,0.0
3,13,27000.0,0.0
3,13,28000.0,0.0
3,13,29000.0,0.0
3,13,30000.0,0.0
3,13,31000.0,0.0
3,13,32000.0,0.0
3,13,33000.0,0.0
3,13,34000.0,0.0
3,13,35000.0,0.0
3,13,36000.0,0.0
3,13,37000.0,0.0
3,13,38000.0,0.0
3,13,39000.0,0.0
3,13,40000.0,0.0
3,13,41000.0,0.0
3,13,42000.0,0.0
3,13,43000.0,0.0
3,13,44000.0,0.0
3,13,45000.0,0.0
3,13,46000.0,0.0
3,13,47000.0,0.0
3,13,48000.0,0.0
3,13,49000.0,0.0
3,13,50000.0,0.0
3,14,5000.0,0.0
3,14,6000.0,0.0
3,14,7000.0,0.0
3,14,8000.0,0.0
3,14,9000.0,0.0
3,14,10000.0,0.0
3,14,11000.0,0.0
3,14,12000.0,0.0
3,14,13000.0,0.0
3,14,14000.0,0.0
3,14,15000.0,0.0
3,14,16000.0,0.0
3,14,17000.0,0.0
3,14,18000.0,0.0
3,14,19000.0,0.0
3,14,20000.0,0.0
3,14,21000.0,0.0
3,14,22000.0,0.0
3,14,23000.0,0.0
3,14,24000.0,0.0
3,14,25000.0,0.0
3,14,26000.0,0.0
3,14,27000.0,0.0
3,14,28000.0,0.0
3,14,29000.0,0.0
3,14,30000.0,0.0
3,14,31000.0,0.0
3,14,32000.0,0.0
3,14,33000.0,0.0
3,14,34000.0,0.0
3,14,35000.0,0.0
3,14,36000.0,0.0
3,14,37000.0,0.0
3,14,38000.0,0.0
3,14,39000.0,0.0
3,14,40000.0,0.0
3,14,41000.0,2.0
3,14,42000.0,0.0
3,14,43000.0,0.0
3,14,44000.0,0.0
3,14,45000.0,0.0
3,14,46000.0,0.0
3,14,47000.0,0.0
3,14,48000.0,0.0
3,14,49000.0,2.0
3,14,50000.0,2.0
3,15,5000.0,0.0
3,15,6000.0,0.0
3,15,7000.0,0.0
3,15,8000.0,0.0
3,15,9000.0,0.0
3,15,10000.0,0.0
3,15,11000.0,0.0
3,15,12000.0,0.0
3,15,13000.0,0.0
3,15,14000.0,0.0
3,15,15000.0,0.0
3,15,16000.0,0.0
3,15,17000.0,0.0
3,15,18000.0,0.0
3,15,19000.0,0.0
3,15,20000.0,0.0
3,15,21000.0,0.0
3,15,22000.0,0.0
3,15,23000.0,0.0
3,15,24000.0,0.0
3,15,25000.0,0.0
3,15,26000.0,0.0
3,15,27000.0,0.0
3,15,28000.0,0.0
3,15,29000.0,0.0
3,15,30000.0,0.0
3,15,31000.0,0.0
3,15,32000.0,0.0
3,15,33000.0,0.0
3,15,34000.0,0.0
3,15,35000.0,0.0
3,15,36000.0,0.0
3,15,37000.0,0.0
3,15,38000.0,0.0
3,15,39000.0,0.0
3,15,40000.0,0.0
3,15,41000.0,0.0
3,15,42000.0,0.0
3,15,43000.0,0.0
3,15,44000.0,0.0
3,15,45000.0,0.0
3,15,46000.0,0.0
3,15,47000.0,0.0
3,15,48000.0,0.0
3,15,49000.0,0.0
3,15,50000.0,0.0
3,16,5000.0,0.0
3,16,6000.0,0.0
3,16,7000.0,0.0
3,16,8000.0,0.0
3,16,9000.0,0.0
3,16,10000.0,0.0
3,16,11000.0,0.0
3,16,12000.0,0.0
3,16,13000.0,0.0
3,16,14000.0,0.0
3,16,15000.0,0.0
3,16,16000.0,0.0
3,16,17000.0,0.0
3,16,18000.0,0.0
3,16,19000.0,0.0
3,16,20000.0,0.0
3,16,21000.0,0.0
3,16,22000.0,0.0
3,16,23000.0,0.0
3,16,24000.0,0.0
3,16,25000.0,0.0
3,16,26000.0,2.0
3,16,27000.0,2.0
3,16,28000.0,2.0
3,16,29000.0,2.0
3,16,30000.0,2.0
3,16,31000.0,2.0
3,16,32000.0,2.0
3,16,33000.0,2.0
3,16,34000.0,2.0
3,16,35000.0,2.0
3,16,36000.0,2.0
3,16,37000.0,2.0
3,16,38000.0,2.0
3,16,39000.0,2.0
3,16,40000.0,2.0
3,16,41000.0,2.0
3,16,42000.0,0.0
3,16,43000.0,0.0
3,16,44000.0,0.0
3,16,45000.0,0.0
3,16,46000.0,0.0
3,16,47000.0,0.0
3,16,48000.0,0.0
3,16,49000.0,0.0
3,16,50000.0,0.0
3,17,5000.0,0.0
3,17,6000.0,0.0
3,17,7000.0,0.0
3,17,8000.0,0.0
3,17,9000.0,0.0
3,17,10000.0,0.0
3,17,11000.0,0.0
3,17,12000.0,0.0
3,17,13000.0,0.0
3,17,14000.0,0.0
3,17,15000.0,0.0
3,17,16000.0,0.0
3,17,17000.0,0.0
3,17,18000.0,0.0
3,17,19000.0,0.0
3,17,20000.0,0.0
3,17,21000.0,0.0
3,17,22000.0,0.0
3,17,23000.0,0.0
3,17,24000.0,0.0
3,17,25000.0,0.0
3,17,26000.0,0.0
3,17,27000.0,0.0
3,17,28000.0,0.0
3,17,29000.0,0.0
3,17,30000.0,0.0
3,17,31000.0,2.0
3,17,32000.0,0.0
3,17,33000.0,0.0
3,17,34000.0,0.0
3,17,35000.0,0.0
3,17,36000.0,0.0
3,17,37000.0,0.0
3,17,38000.0,0.0
3,17,39000.0,0.0
3,17,40000.0,0.0
3,17,41000.0,0.0
3,17,42000.0,0.0
3,17,43000.0,0.0
3,17,44000.0,0.0
3,17,45000.0,0.0
3,17,46000.0,0.0
3,17,47000.0,0.0
3,17,48000.0,0.0
3,17,49000.0,0.0
3,17,50000.0,0.0
3,18,5000.0,0.0
3,18,6000.0,0.0
3,18,7000.0,0.0
3,18,8000.0,0.0
3,18,9000.0,0.0
3,18,10000.0,0.0
3,18,11000.0,0.0
3,18,12000.0,0.0
3,18,13000.0,0.0
3,18,14000.0,0.0
3,18,15000.0,0.0
3,18,16000.0,0.0
3,18,17000.0,0.0
3,18,18000.0,0.0
3,18,19000.0,0.0
3,18,20000.0,0.0
3,18,21000.0,0.0
3,18,22000.0,0.0
3,18,23000.0,0.0
3,18,24000.0,0.0
3,18,25000.0,0.0
3,18,26000.0,0.0
3,18,27000.0,0.0
3,18,28000.0,0.0
3,18,29000.0,0.0
3,18,30000.0,2.0
3,18,31000.0,2.0
3,18,32000.0,0.0
3,18,33000.0,0.0
3,18,34000.0,0.0
3,18,35000.0,0.0
3,18,36000.0,0.0
3,18,37000.0,0.0
3,18,38000.0,0.0
3,18,39000.0,0.0
3,18,40000.0,0.0
3,18,41000.0,0.0
3,18,42000.0,0.0
3,18,43000.0,0.0
3,18,44000.0,0.0
3,18,45000.0,0.0
3,18,46000.0,0.0
3,18,47000.0,0.0
3,18,48000.0,0.0
3,18,49000.0,0.0
3,18,50000.0,0.0
3,19,5000.0,0.0
3,19,6000.0,0.0
3,19,7000.0,0.0
3,19,8000.0,0.0
3,19,9000.0,0.0
3,19,10000.0,0.0
3,19,11000.0,0.0
3,19,12000.0,0.0
3,19,13000.0,0.0
3,19,14000.0,0.0
3,19,15000.0,0.0
3,19,16000.0,0.0
3,19,17000.0,0.0
3,19,18000.0,0.0
3,19,19000.0,0.0
3,19,20000.0,0.0
3,19,21000.0,0.0
3,19,22000.0,0.0
3,19,23000.0,0.0
3,19,24000.0,0.0
3,19,25000.0,0.0
3,19,26000.0,0.0
3,19,27000.0,0.0
3,19,28000.0,0.0
3,19,29000.0,0.0
3,19,30000.0,0.0
3,19,31000.0,0.0
3,19,32000.0,0.0
3,19,33000.0,0.0
3,19,34000.0,0.0
3,19,35000.0,0.0
3,19,36000.0,0.0
3,19,37000.0,0.0
3,19,38000.0,0.0
3,19,39000.0,0.0
3,19,40000.0,0.0
3,19,41000.0,0.0
3,19,42000.0,0.0
3,19,43000.0,0.0
3,19,44000.0,0.0
3,19,45000.0,0.0
3,19,46000.0,0.0
3,19,47000.0,0.0
3,19,48000.0,0.0
3,19,49000.0,0.0
3,19,50000.0,0.0
3,20,5000.0,0.0
3,20,6000.0,0.0
3,20,7000.0,0.0
3,20,8000.0,0.0
3,20,9000.0,0.0
3,20,10000.0,0.0
3,20,11000.0,0.0
3,20,12000.0,0.0
3,20,13000.0,0.0
3,20,14000.0,0.0
3,20,15000.0,0.0
3,20,16000.0,0.0
3,20,17000.0,0.0
3,20,18000.0,0.0
3,20,19000.0,0.0
3,20,20000.0,0.0
3,20,21000.0,0.0
3,20,22000.0,0.0
3,20,23000.0,0.0
3,20,24000.0,0.0
3,20,25000.0,0.0
3,20,26000.0,0.0
3,20,27000.0,0.0
3,20,28000.0,0.0
3,20,29000.0,2.0
3,20,30000.0,2.0
3,20,31000.0,2.0
3,20,32000.0,0.0
3,20,33000.0,0.0
3,20,34000.0,0.0
3,20,35000.0,0.0
3,20,36000.0,0.0
3,20,37000.0,0.0
3,20,38000.0,0.0
3,20,39000.0,0.0
3,20,40000.0,0.0
3,20,41000.0,0.0
3,20,42000.0,0.0
3,20,43000.0,0.0
3,20,44000.0,0.0
3,20,45000.0,0.0
3,20,46000.0,0.0
3,20,47000.0,0.0
3,20,48000.0,0.0
3,20,49000.0,0.0
3,20,50000.0,0.0
3,21,5000.0,0.0
3,21,6000.0,0.0
3,21,7000.0,0.0
3,21,8000.0,0.0
3,21,9000.0,0.0
3,21,10000.0,0.0
3,21,11000.0,0.0
3,21,12000.0,0.0
3,21,13000.0,0.0
3,21,14000.0,0.0
3,21,15000.0,0.0
3,21,16000.0,0.0
3,21,17000.0,0.0
3,21,18000.0,0.0
3,21,19000.0,0.0
3,21,20000.0,0.0
3,21,21000.0,0.0
3,21,22000.0,0.0
3,21,23000.0,0.0
3,21,24000.0,0.0
3,21,25000.0,0.0
3,21,26000.0,0.0
3,21,27000.0,0.0
3,21,28000.0,0.0
3,21,29000.0,0.0
3,21,30000.0,0.0
3,21,31000.0,0.0
3,21,32000.0,0.0
3,21,33000.0,0.0
3,21,34000.0,0.0
3,21,35000.0,0.0
3,21,36000.0,0.0
3,21,37000.0,0.0
3,21,38000.0,0.0
3,21,39000.0,0.0
3,21,40000.0,0.0
3,21,41000.0,0.0
3,21,42000.0,0.0
3,21,43000.0,0.0
3,21,44000.0,0.0
3,21,45000.0,0.0
3,21,46000.0,0.0
3,21,47000.0,0.0
3,21,48000.0,0.0
3,21,49000.0,0.0
3,21,50000.0,0.0
3,22,5000.0,0.0
3,22,6000.0,0.0
3,22,7000.0,0.0
3,22,8000.0,0.0
3,22,9000.0,0.0
3,22,10000.0,0.0
3,22,11000.0,0.0
3,22,12000.0,0.0
3,22,13000.0,0.0
3,22,14000.0,0.0
3,22,15000.0,0.0
3,22,16000.0,2.0
3,22,17000.0,2.0
3,22,18000.0,2.0
3,22,19000.0,2.0
3,22,20000.0,2.0
3,22,21000.0,2.0
3,22,22000.0,0.0
3,22,23000.0,0.0
3,22,24000.0,0.0
3,22,25000.0,0.0
3,22,26000.0,0.0
3,22,27000.0,0.0
3,22,28000.0,0.0
3,22,29000.0,0.0
3,22,30000.0,0.0
3,22,31000.0,0.0
3,22,32000.0,0.0
3,22,33000.0,0.0
3,22,34000.0,0.0
3,22,35000.0,0.0
3,22,36000.0,0.0
3,22,37000.0,0.0
3,22,38000.0,0.0
3,22,39000.0,0.0
3,22,40000.0,0.0
3,22,41000.0,0.0
3,22,42000.0,0.0
3,22,43000.0,0.0
3,22,44000.0,0.0
3,22,45000.0,0.0
3,22,46000.0,0.0
3,22,47000.0,0.0
3,22,48000.0,0.0
3,22,49000.0,0.0
3,22,50000.0,0.0
3,23,5000.0,0.0
3,23,6000.0,0.0
3,23,7000.0,0.0
3,23,8000.0,0.0
3,23,9000.0,2.0
3,23,10000.0,2.0
3,23,11000.0,2.0
3,23,12000.0,0.0
3,23,13000.0,0.0
3,23,14000.0,0.0
3,23,15000.0,0.0
3,23,16000.0,0.0
3,23,17000.0,0.0
3,23,18000.0,0.0
3,23,19000.0,0.0
3,23,20000.0,0.0
3,23,21000.0,0.0
3,23,22000.0,0.0
3,23,23000.0,0.0
3,23,24000.0,0.0
3,23,25000.0,0.0
3,23,26000.0,0.0
3,23,27000.0,0.0
3,23,28000.0,0.0
3,23,29000.0,0.0
3,23,30000.0,0.0
3,23,31000.0,0.0
3,23,32000.0,0.0
3,23,33000.0,0.0
3,23,34000.0,0.0
3,23,35000.0,0.0
3,23,36000.0,0.0
3,23,37000.0,0.0
3,23,38000.0,0.0
3,23,39000.0,0.0
3,23,40000.0,0.0
3,23,41000.0,0.0
3,23,42000.0,0.0
3,23,43000.0,0.0
3,23,44000.0,0.0
3,23,45000.0,0.0
3,23,46000.0,0.0
3,23,47000.0,0.0
3,23,48000.0,0.0
3,23,49000.0,0.0
3,23,50000.0,0.0
3,24,5000.0,0.0
3,24,6000.0,0.0
3,24,7000.0,0.0
3,24,8000.0,0.0
3,24,9000.0,0.0
3,24,10000.0,0.0
3,24,11000.0,0.0
3,24,12000.0,0.0
3,24,13000.0,0.0
3,24,14000.0,0.0
3,24,15000.0,0.0
3,24,16000.0,0.0
3,24,17000.0,0.0
3,24,18000.0,0.0
3,24,19000.0,0.0
3,24,20000.0,0.0
3,24,21000.0,0.0
3,24,22000.0,0.0
3,24,23000.0,0.0
3,24,24000.0,0.0
3,24,25000.0,0.0
3,24,26000.0,0.0
3,24,27000.0,0.0
3,24,28000.0,0.0
3,24,29000.0,0.0
3,24,30000.0,0.0
3,24,31000.0,0.0
3,24,32000.0,0.0
3,24,33000.0,0.0
3,24,34000.0,0.0
3,24,35000.0,0.0
3,24,36000.0,0.0
3,24,37000.0,0.0
3,24,38000.0,0.0
3,24,39000.0,0.0
3,24,40000.0,0.0
3,24,41000.0,0.0
3,24,42000.0,0.0
3,24,43000.0,0.0
3,24,44000.0,0.0
3,24,45000.0,0.0
3,24,46000.0,0.0
3,24,47000.0,0.0
3,24,48000.0,0.0
3,24,49000.0,0.0
3,24,50000.0,0.0
3,25,5000.0,0.0
3,25,6000.0,0.0
3,25,7000.0,0.0
3,25,8000.0,0.0
3,25,9000.0,0.0
3,25,10000.0,0.0
3,25,11000.0,0.0
3,25,12000.0,0.0
3,25,13000.0,0.0
3,25,14000.0,0.0
3,25,15000.0,0.0
3,25,16000.0,0.0
3,25,17000.0,0.0
3,25,18000.0,0.0
3,25,19000.0,0.0
3,25,20000.0,0.0
3,25,21000.0,0.0
3,25,22000.0,0.0
3,25,23000.0,0.0
3,25,24000.0,0.0
3,25,25000.0,0.0
3,25,26000.0,0.0
3,25,27000.0,0.0
3,25,28000.0,0.0
3,25,29000.0,0.0
3,25,30000.0,0.0
3,25,31000.0,0.0
3,25,32000.0,0.0
3,25,33000.0,0.0
3,25,34000.0,0.0
3,25,35000.0,0.0
3,25,36000.0,0.0
3,25,37000.0,0.0
3,25,38000.0,0.0
3,25,39000.0,0.0
3,25,40000.0,0.0
3,25,41000.0,0.0
3,25,42000.0,0.0
3,25,43000.0,0.0
3,25,44000.0,0.0
3,25,45000.0,0.0
3,25,46000.0,0.0
3,25,47000.0,0.0
3,25,48000.0,0.0
3,25,49000.0,0.0
3,25,50000.0,0.0
3,26,5000.0,0.0
3,26,6000.0,0.0
3,26,7000.0,0.0
3,26,8000.0,0.0
3,26,9000.0,0.0
3,26,10000.0,0.0
3,26,11000.0,0.0
3,26,12000.0,0.0
3,26,13000.0,0.0
3,26,14000.0,0.0
3,26,15000.0,0.0
3,26,16000.0,0.0
3,26,17000.0,0.0
3,26,18000.0,0.0
3,26,19000.0,0.0
3,26,20000.0,0.0
3,26,21000.0,0.0
3,26,22000.0,0.0
3,26,23000.0,0.0
3,26,24000.0,0.0
3,26,25000.0,0.0
3,26,26000.0,0.0
3,26,27000.0,0.0
3,26,28000.0,0.0
3,26,29000.0,0.0
3,26,30000.0,0.0
3,26,31000.0,0.0
3,26,32000.0,0.0
3,26,33000.0,2.0
3,26,34000.0,2.0
3,26,35000.0,2.0
3,26,36000.0,2.0
3,26,37000.0,2.0
3,26,38000.0,2.0
3,26,39000.0,2.0
3,26,40000.0,2.0
3,26,41000.0,2.0
3,26,42000.0,0.0
3,26,43000.0,0.0
3,26,44000.0,0.0
3,26,45000.0,0.0
3,26,46000.0,0.0
3,26,47000.0,0.0
3,26,48000.0,0.0
3,26,49000.0,0.0
3,26,50000.0,0.0
3,27,5000.0,0.0
3,27,6000.0,0.0
3,27,7000.0,0.0
3,27,8000.0,0.0
3,27,9000.0,0.0
3,27,10000.0,0.0
3,27,11000.0,0.0
3,27,12000.0,0.0
3,27,13000.0,0.0
3,27,14000.0,0.0
3,27,15000.0,0.0
3,27,16000.0,0.0
3,27,17000.0,0.0
3,27,18000.0,0.0
3,27,19000.0,0.0
3,27,20000.0,0.0
3,27,21000.0,0.0
3,27,22000.0,0.0
3,27,23000.0,0.0
3,27,24000.0,2.0
3,27,25000.0,2.0
3,27,26000.0,2.0
3,27,27000.0,2.0
3,27,28000.0,2.0
3,27,29000.0,2.0
3,27,30000.0,2.0
3,27,31000.0,2.0
3,27,32000.0,0.0
3,27,33000.0,0.0
3,27,34000.0,0.0
3,27,35000.0,0.0
3,27,36000.0,0.0
3,27,37000.0,0.0
3,27,38000.0,0.0
3,27,39000.0,0.0
3,27,40000.0,0.0
3,27,41000.0,0.0
3,27,42000.0,0.0
3,27,43000.0,0.0
3,27,44000.0,0.0
3,27,45000.0,0.0
3,27,46000.0,0.0
3,27,47000.0,0.0
3,27,48000.0,0.0
3,27,49000.0,0.0
3,27,50000.0,0.0
3,28,5000.0,0.0
3,28,6000.0,0.0
3,28,7000.0,0.0
3,28,8000.0,0.0
3,28,9000.0,0.0
3,28,10000.0,0.0
3,28,11000.0,0.0
3,28,12000.0,0.0
3,28,13000.0,0.0
3,28,14000.0,0.0
3,28,15000.0,0.0
3,28,16000.0,0.0
3,28,17000.0,0.0
3,28,18000.0,0.0
3,28,19000.0,0.0
3,28,20000.0,0.0
3,28,21000.0,0.0
3,28,22000.0,0.0
3,28,23000.0,0.0
3,28,24000.0,0.0
3,28,25000.0,0.0
3,28,26000.0,0.0
3,28,27000.0,0.0
3,28,28000.0,0.0
3,28,29000.0,0.0
3,28,30000.0,0.0
3,28,31000.0,0.0
3,28,32000.0,0.0
3,28,33000.0,0.0
3,28,34000.0,0.0
3,28,35000.0,0.0
3,28,36000.0,0.0
3,28,37000.0,0.0
3,28,38000.0,0.0
3,28,39000.0,0.0
3,28,40000.0,0.0
3,28,41000.0,0.0
3,28,42000.0,0.0
3,28,43000.0,0.0
3,28,44000.0,0.0
3,28,45000.0,0.0
3,28,46000.0,0.0
3,28,47000.0,0.0
3,28,48000.0,0.0
3,28,49000.0,0.0
3,28,50000.0,0.0
3,29,5000.0,0.0
3,29,6000.0,0.0
3,29,7000.0,0.0
3,29,8000.0,0.0
3,29,9000.0,0.0
3,29,10000.0,0.0
3,29,11000.0,0.0
3,29,12000.0,0.0
3,29,13000.0,0.0
3,29,14000.0,0.0
3,29,15000.0,0.0
3,29,16000.0,0.0
3,29,17000.0,0.0
3,29,18000.0,0.0
3,29,19000.0,2.0
3,29,20000.0,2.0
3,29,21000.0,2.0
3,29,22000.0,0.0
3,29,23000.0,0.0
3,29,24000.0,0.0
3,29,25000.0,0.0
3,29,26000.0,0.0
3,29,27000.0,0.0
3,29,28000.0,0.0
3,29,29000.0,0.0
3,29,30000.0,0.0
3,29,31000.0,0.0
3,29,32000.0,0.0
3,29,33000.0,0.0
3,29,34000.0,0.0
3,29,35000.0,0.0
3,29,36000.0,0.0
3,29,37000.0,0.0
3,29,38000.0,0.0
3,29,39000.0,0.0
3,29,40000.0,0.0
3,29,41000.0,0.0
3,29,42000.0,0.0
3,29,43000.0,0.0
3,29,44000.0,0.0
3,29,45000.0,0.0
3,29,46000.0,0.0
3,29,47000.0,0.0
3,29,48000.0,0.0
3,29,49000.0,0.0
3,29,50000.0,0.0
3,30,5000.0,0.0
3,30,6000.0,0.0
3,30,7000.0,0.0
3,30,8000.0,0.0
3,30,9000.0,0.0
3,30,10000.0,0.0
3,30,11000.0,0.0
3,30,12000.0,0.0
3,30,13000.0,0.0
3,30,14000.0,0.0
3,30,15000.0,0.0
3,30,16000.0,0.0
3,30,17000.0,0.0
3,30,18000.0,0.0
3,30,19000.0,0.0
3,30,20000.0,0.0
3,30,21000.0,0.0
3,30,22000.0,0.0
3,30,23000.0,0.0
3,30,24000.0,0.0
3,30,25000.0,0.0
3,30,26000.0,0.0
3,30,27000.0,0.0
3,30,28000.0,0.0
3,30,29000.0,0.0
3,30,30000.0,0.0
3,30,31000.0,0.0
3,30,32000.0,0.0
3,30,33000.0,0.0
3,30,34000.0,0.0
3,30,35000.0,0.0
3,30,36000.0,0.0
3,30,37000.0,0.0
3,30,38000.0,0.0
3,30,39000.0,0.0
3,30,40000.0,0.0
3,30,41000.0,0.0
3,30,42000.0,2.0
3,30,43000.0,2.0
3,30,44000.0,2.0
3,30,45000.0,2.0
3,30,46000.0,2.0
3,30,47000.0,2.0
3,30,48000.0,2.0
3,30,49000.0,2.0
3,30,50000.0,2.0
3,31,5000.0,0.0
3,31,6000.0,0.0
3,31,7000.0,0.0
3,31,8000.0,0.0
3,31,9000.0,2.0
3,31,10000.0,2.0
3,31,11000.0,2.0
3,31,12000.0,0.0
3,31,13000.0,0.0
3,31,14000.0,0.0
3,31,15000.0,0.0
3,31,16000.0,0.0
3,31,17000.0,0.0
3,31,18000.0,0.0
3,31,19000.0,0.0
3,31,20000.0,0.0
3,31,21000.0,0.0
3,31,22000.0,0.0
3,31,23000.0,0.0
3,31,24000.0,0.0
3,31,25000.0,0.0
3,31,26000.0,0.0
3,31,27000.0,0.0
3,31,28000.0,0.0
3,31,29000.0,0.0
3,31,30000.0,0.0
3,31,31000.0,0.0
3,31,32000.0,0.0
3,31,33000.0,0.0
3,31,34000.0,0.0
3,31,35000.0,0.0
3,31,36000.0,0.0
3,31,37000.0,0.0
3,31,38000.0,0.0
3,31,39000.0,0.0
3,31,40000.0,0.0
3,31,41000.0,0.0
3,31,42000.0,0.0
3,31,43000.0,0.0
3,31,44000.0,0.0
3,31,45000.0,0.0
3,31,46000.0,0.0
3,31,47000.0,0.0
3,31,48000.0,0.0
3,31,49000.0,0.0
3,31,50000.0,0.0
3,32,5000.0,2.0
3,32,6000.0,2.0
3,32,7000.0,2.0
3,32,8000.0,2.0
3,32,9000.0,2.0
3,32,10000.0,2.0
3,32,11000.0,2.0
3,32,12000.0,0.0
3,32,13000.0,0.0
3,32,14000.0,0.0
3,32,15000.0,0.0
3,32,16000.0,0.0
3,32,17000.0,0.0
3,32,18000.0,0.0
3,32,19000.0,0.0
3,32,20000.0,0.0
3,32,21000.0,0.0
3,32,22000.0,0.0
3,32,23000.0,0.0
3,32,24000.0,0.0
3,32,25000.0,0.0
3,32,26000.0,0.0
3,32,27000.0,0.0
3,32,28000.0,0.0
3,32,29000.0,0.0
3,32,30000.0,0.0
3,32,31000.0,0.0
3,32,32000.0,0.0
3,32,33000.0,0.0
3,32,34000.0,0.0
3,32,35000.0,0.0
3,32,36000.0,0.0
3,32,37000.0,0.0
3,32,38000.0,0.0
3,32,39000.0,0.0
3,32,40000.0,0.0
3,32,41000.0,0.0
3,32,42000.0,0.0
3,32,43000.0,0.0
3,32,44000.0,0.0
3,32,45000.0,0.0
3,32,46000.0,0.0
3,32,47000.0,0.0
3,32,48000.0,0.0
3,32,49000.0,2.0
3,32,50000.0,2.0
3,33,5000.0,0.0
3,33,6000.0,0.0
3,33,7000.0,0.0
3,33,8000.0,0.0
3,33,9000.0,0.0
3,33,10000.0,0.0
3,33,11000.0,0.0
3,33,12000.0,0.0
3,33,13000.0,0.0
3,33,14000.0,0.0
3,33,15000.0,0.0
3,33,16000.0,0.0
3,33,17000.0,0.0
3,33,18000.0,0.0
3,33,19000.0,0.0
3,33,20000.0,0.0
3,33,21000.0,0.0
3,33,22000.0,0.0
3,33,23000.0,0.0
3,33,24000.0,0.0
3,33,25000.0,0.0
3,33,26000.0,0.0
3,33,27000.0,0.0
3,33,28000.0,0.0
3,33,29000.0,0.0
3,33,30000.0,0.0
3,33,31000.0,0.0
3,33,32000.0,0.0
3,33,33000.0,0.0
3,33,34000.0,0.0
3,33,35000.0,0.0
3,33,36000.0,0.0
3,33,37000.0,2.0
3,33,38000.0,2.0
3,33,39000.0,2.0
3,33,40000.0,2.0
3,33,41000.0,2.0
3,33,42000.0,0.0
3,33,43000.0,0.0
3,33,44000.0,0.0
3,33,45000.0,0.0
3,33,46000.0,0.0
3,33,47000.0,0.0
3,33,48000.0,0.0
3,33,49000.0,0.0
3,33,50000.0,0.0
3,34,5000.0,2.0
3,34,6000.0,2.0
3,34,7000.0,2.0
3,34,8000.0,2.0
3,34,9000.0,2.0
3,34,10000.0,2.0
3,34,11000.0,2.0
3,34,12000.0,0.0
3,34,13000.0,0.0
3,34,14000.0,0.0
3,34,15000.0,0.0
3,34,16000.0,0.0
3,34,17000.0,0.0
3,34,18000.0,0.0
3,34,19000.0,0.0
3,34,20000.0,0.0
3,34,21000.0,0.0
3,34,22000.0,0.0
3,34,23000.0,0.0
3,34,24000.0,0.0
3,34,25000.0,0.0
3,34,26000.0,0.0
3,34,27000.0,0.0
3,34,28000.0,0.0
3,34,29000.0,0.0
3,34,30000.0,0.0
3,34,31000.0,0.0
3,34,32000.0,2.0
3,34,33000.0,2.0
3,34,34000.0,2.0
3,34,35000.0,2.0
3,34,36000.0,2.0
3,34,37000.0,2.0
3,34,38000.0,2.0
3,34,39000.0,2.0
3,34,40000.0,2.0
3,34,41000.0,2.0
3,34,42000.0,0.0
3,34,43000.0,0.0
3,34,44000.0,0.0
3,34,45000.0,0.0
3,34,46000.0,0.0
3,34,47000.0,0.0
3,34,48000.0,0.0
3,34,49000.0,0.0
3,34,50000.0,2.0
3,35,5000.0,0.0
3,35,6000.0,0.0
3,35,7000.0,0.0
3,35,8000.0,0.0
3,35,9000.0,0.0
3,35,10000.0,0.0
3,35,11000.0,0.0
3,35,12000.0,0.0
3,35,13000.0,0.0
3,35,14000.0,0.0
3,35,15000.0,0.0
3,35,16000.0,0.0
3,35,17000.0,0.0
3,35,18000.0,0.0
3,35,19000.0,0.0
3,35,20000.0,0.0
3,35,21000.0,0.0
3,35,22000.0,0.0
3,35,23000.0,0.0
3,35,24000.0,0.0
3,35,25000.0,0.0
3,35,26000.0,0.0
3,35,27000.0,0.0
3,35,28000.0,0.0
3,35,29000.0,0.0
3,35,30000.0,2.0
3,35,31000.0,2.0
3,35,32000.0,0.0
3,35,33000.0,0.0
3,35,34000.0,0.0
3,35,35000.0,0.0
3,35,36000.0,0.0
3,35,37000.0,0.0
3,35,38000.0,0.0
3,35,39000.0,0.0
3,35,40000.0,0.0
3,35,41000.0,0.0
3,35,42000.0,0.0
3,35,43000.0,0.0
3,35,44000.0,0.0
3,35,45000.0,0.0
3,35,46000.0,0.0
3,35,47000.0,0.0
3,35,48000.0,0.0
3,35,49000.0,0.0
3,35,50000.0,0.0
3,36,5000.0,0.0
3,36,6000.0,0.0
3,36,7000.0,0.0
3,36,8000.0,0.0
3,36,9000.0,0.0
3,36,10000.0,0.0
3,36,11000.0,0.0
3,36,12000.0,0.0
3,36,13000.0,0.0
3,36,14000.0,0.0
3,36,15000.0,0.0
3,36,16000.0,0.0
3,36,17000.0,0.0
3,36,18000.0,2.0
3,36,19000.0,2.0
3,36,20000.0,2.0
3,36,21000.0,2.0
3,36,22000.0,0.0
3,36,23000.0,0.0
3,36,24000.0,0.0
3,36,25000.0,0.0
3,36,26000.0,0.0
3,36,27000.0,0.0
3,36,28000.0,0.0
3,36,29000.0,0.0
3,36,30000.0,0.0
3,36,31000.0,0.0
3,36,32000.0,0.0
3,36,33000.0,0.0
3,36,34000.0,0.0
3,36,35000.0,0.0
3,36,36000.0,0.0
3,36,37000.0,0.0
3,36,38000.0,0.0
3,36,39000.0,0.0
3,36,40000.0,0.0
3,36,41000.0,0.0
3,36,42000.0,0.0
3,36,43000.0,0.0
3,36,44000.0,0.0
3,36,45000.0,0.0
3,36,46000.0,0.0
3,36,47000.0,0.0
3,36,48000.0,0.0
3,36,49000.0,0.0
3,36,50000.0,0.0
3,37,5000.0,0.0
3,37,6000.0,0.0
3,37,7000.0,0.0
3,37,8000.0,0.0
3,37,9000.0,0.0
3,37,10000.0,0.0
3,37,11000.0,0.0
3,37,12000.0,0.0
3,37,13000.0,0.0
3,37,14000.0,0.0
3,37,15000.0,0.0
3,37,16000.0,0.0
3,37,17000.0,0.0
3,37,18000.0,0.0
3,37,19000.0,0.0
3,37,20000.0,0.0
3,37,21000.0,0.0
3,37,22000.0,0.0
3,37,23000.0,0.0
3,37,24000.0,0.0
3,37,25000.0,0.0
3,37,26000.0,0.0
3,37,27000.0,0.0
3,37,28000.0,0.0
3,37,29000.0,0.0
3,37,30000.0,0.0
3,37,31000.0,0.0
3,37,32000.0,0.0
3,37,33000.0,0.0
3,37,34000.0,0.0
3,37,35000.0,0.0
3,37,36000.0,0.0
3,37,37000.0,0.0
3,37,38000.0,0.0
3,37,39000.0,0.0
3,37,40000.0,0.0
3,37,41000.0,0.0
3,37,42000.0,0.0
3,37,43000.0,0.0
3,37,44000.0,0.0
3,37,45000.0,0.0
3,37,46000.0,0.0
3,37,47000.0,0.0
3,37,48000.0,0.0
3,37,49000.0,0.0
3,37,50000.0,0.0
3,38,5000.0,2.0
3,38,6000.0,2.0
3,38,7000.0,2.0
3,38,8000.0,2.0
3,38,9000.0,2.0
3,38,10000.0,2.0
3,38,11000.0,2.0
3,38,12000.0,0.0
3,38,13000.0,0.0
3,38,14000.0,0.0
3,38,15000.0,0.0
3,38,16000.0,0.0
3,38,17000.0,0.0
3,38,18000.0,0.0
3,38,19000.0,0.0
3,38,20000.0,0.0
3,38,21000.0,0.0
3,38,22000.0,0.0
3,38,23000.0,0.0
3,38,24000.0,0.0
3,38,25000.0,0.0
3,38,26000.0,0.0
3,38,27000.0,0.0
3,38,28000.0,0.0
3,38,29000.0,0.0
3,38,30000.0,0.0
3,38,31000.0,0.0
3,38,32000.0,0.0
3,38,33000.0,0.0
3,38,34000.0,0.0
3,38,35000.0,0.0
3,38,36000.0,0.0
3,38,37000.0,0.0
3,38,38000.0,2.0
3,38,39000.0,2.0
3,38,40000.0,2.0
3,38,41000.0,2.0
3,38,42000.0,0.0
3,38,43000.0,0.0
3,38,44000.0,0.0
3,38,45000.0,0.0
3,38,46000.0,0.0
3,38,47000.0,0.0
3,38,48000.0,0.0
3,38,49000.0,0.0
3,38,50000.0,0.0
3,39,5000.0,0.0
3,39,6000.0,0.0
3,39,7000.0,0.0
3,39,8000.0,0.0
3,39,9000.0,0.0
3,39,10000.0,0.0
3,39,11000.0,0.0
3,39,12000.0,0.0
3,39,13000.0,0.0
3,39,14000.0,0.0
3,39,15000.0,0.0
3,39,16000.0,0.0
3,39,17000.0,0.0
3,39,18000.0,0.0
3,39,19000.0,0.0
3,39,20000.0,0.0
3,39,21000.0,0.0
3,39,22000.0,0.0
3,39,23000.0,0.0
3,39,24000.0,0.0
3,39,25000.0,0.0
3,39,26000.0,0.0
3,39,27000.0,0.0
3,39,28000.0,0.0
3,39,29000.0,0.0
3,39,30000.0,0.0
3,39,31000.0,0.0
3,39,32000.0,0.0
3,39,33000.0,0.0
3,39,34000.0,2.0
3,39,35000.0,2.0
3,39,36000.0,2.0
3,39,37000.0,2.0
3,39,38000.0,2.0
3,39,39000.0,2.0
3,39,40000.0,2.0
3,39,41000.0,2.0
3,39,42000.0,0.0
3,39,43000.0,0.0
3,39,44000.0,0.0
3,39,45000.0,0.0
3,39,46000.0,0.0
3,39,47000.0,0.0
3,39,48000.0,0.0
3,39,49000.0,2.0
3,39,50000.0,2.0
3,40,5000.0,0.0
3,40,6000.0,0.0
3,40,7000.0,0.0
3,40,8000.0,0.0
3,40,9000.0,0.0
3,40,10000.0,0.0
3,40,11000.0,0.0
3,40,12000.0,0.0
3,40,13000.0,0.0
3,40,14000.0,0.0
3,40,15000.0,0.0
3,40,16000.0,0.0
3,40,17000.0,0.0
3,40,18000.0,0.0
3,40,19000.0,0.0
3,40,20000.0,0.0
3,40,21000.0,0.0
3,40,22000.0,0.0
3,40,23000.0,0.0
3,40,24000.0,0.0
3,40,25000.0,0.0
3,40,26000.0,0.0
3,40,27000.0,0.0
3,40,28000.0,0.0
3,40,29000.0,0.0
3,40,30000.0,0.0
3,40,31000.0,0.0
3,40,32000.0,0.0
3,40,33000.0,0.0
3,40,34000.0,0.0
3,40,35000.0,0.0
3,40,36000.0,0.0
3,40,37000.0,0.0
3,40,38000.0,0.0
3,40,39000.0,0.0
3,40,40000.0,0.0
3,40,41000.0,0.0
3,40,42000.0,0.0
3,40,43000.0,0.0
3,40,44000.0,0.0
3,40,45000.0,0.0
3,40,46000.0,0.0
3,40,47000.0,0.0
3,40,48000.0,0.0
3,40,49000.0,0.0
3,40,50000.0,0.0
3,41,5000.0,2.0
3,41,6000.0,2.0
3,41,7000.0,2.0
3,41,8000.0,2.0
3,41,9000.0,2.0
3,41,10000.0,2.0
3,41,11000.0,2.0
3,41,12000.0,0.0
3,41,13000.0,0.0
3,41,14000.0,0.0
3,41,15000.0,0.0
3,41,16000.0,0.0
3,41,17000.0,0.0
3,41,18000.0,0.0
3,41,19000.0,0.0
3,41,20000.0,0.0
3,41,21000.0,0.0
3,41,22000.0,0.0
3,41,23000.0,0.0
3,41,24000.0,0.0
3,41,25000.0,0.0
3,41,26000.0,0.0
3,41,27000.0,0.0
3,41,28000.0,0.0
3,41,29000.0,0.0
3,41,30000.0,0.0
3,41,31000.0,0.0
3,41,32000.0,2.0
3,41,33000.0,2.0
3,41,34000.0,2.0
3,41,35000.0,2.0
3,41,36000.0,2.0
3,41,37000.0,2.0
3,41,38000.0,2.0
3,41,39000.0,2.0
3,41,40000.0,2.0
3,41,41000.0,2.0
3,41,42000.0,0.0
3,41,43000.0,0.0
3,41,44000.0,0.0
3,41,45000.0,0.0
3,41,46000.0,0.0
3,41,47000.0,0.0
3,41,48000.0,0.0
3,41,49000.0,0.0
3,41,50000.0,0.0
3,42,5000.0,0.0
3,42,6000.0,0.0
3,42,7000.0,0.0
3,42,8000.0,0.0
3,42,9000.0,0.0
3,42,10000.0,0.0
3,42,11000.0,0.0
3,42,12000.0,0.0
3,42,13000.0,0.0
3,42,14000.0,0.0
3,42,15000.0,0.0
3,42,16000.0,0.0
3,42,17000.0,0.0
3,42,18000.0,0.0
3,42,19000.0,0.0
3,42,20000.0,0.0
3,42,21000.0,0.0
3,42,22000.0,0.0
3,42,23000.0,0.0
3,42,24000.0,0.0
3,42,25000.0,0.0
3,42,26000.0,0.0
3,42,27000.0,0.0
3,42,28000.0,0.0
3,42,29000.0,0.0
3,42,30000.0,0.0
3,42,31000.0,0.0
3,42,32000.0,0.0
3,42,33000.0,0.0
3,42,34000.0,0.0
3,42,35000.0,0.0
3,42,36000.0,0.0
3,42,37000.0,0.0
3,42,38000.0,2.0
3,42,39000.0,2.0
3,42,40000.0,2.0
3,42,41000.0,2.0
3,42,42000.0,0.0
3,42,43000.0,0.0
3,42,44000.0,0.0
3,42,45000.0,0.0
3,42,46000.0,0.0
3,42,47000.0,0.0
3,42,48000.0,0.0
3,42,49000.0,0.0
3,42,50000.0,0.0
3,43,5000.0,2.0
3,43,6000.0,2.0
3,43,7000.0,2.0
3,43,8000.0,2.0
3,43,9000.0,2.0
3,43,10000.0,2.0
3,43,11000.0,2.0
3,43,12000.0,0.0
3,43,13000.0,0.0
3,43,14000.0,0.0
3,43,15000.0,0.0
3,43,16000.0,0.0
3,43,17000.0,0.0
3,43,18000.0,0.0
3,43,19000.0,0.0
3,43,20000.0,0.0
3,43,21000.0,0.0
3,43,22000.0,0.0
3,43,23000.0,0.0
3,43,24000.0,0.0
3,43,25000.0,0.0
3,43,26000.0,0.0
3,43,27000.0,0.0
3,43,28000.0,0.0
3,43,29000.0,0.0
3,43,30000.0,0.0
3,43,31000.0,0.0
3,43,32000.0,0.0
3,43,33000.0,0.0
3,43,34000.0,0.0
3,43,35000.0,0.0
3,43,36000.0,0.0
3,43,37000.0,0.0
3,43,38000.0,0.0
3,43,39000.0,0.0
3,43,40000.0,0.0
3,43,41000.0,0.0
3,43,42000.0,0.0
3,43,43000.0,0.0
3,43,44000.0,0.0
3,43,45000.0,0.0
3,43,46000.0,0.0
3,43,47000.0,0.0
3,43,48000.0,0.0
3,43,49000.0,0.0
3,43,50000.0,0.0
3,44,5000.0,0.0
3,44,6000.0,0.0
3,44,7000.0,0.0
3,44,8000.0,0.0
3,44,9000.0,0.0
3,44,10000.0,0.0
3,44,11000.0,0.0
3,44,12000.0,0.0
3,44,13000.0,0.0
3,44,14000.0,0.0
3,44,15000.0,0.0
3,44,16000.0,0.0
3,44,17000.0,0.0
3,44,18000.0,0.0
3,44,19000.0,0.0
3,44,20000.0,0.0
3,44,21000.0,0.0
3,44,22000.0,0.0
3,44,23000.0,0.0
3,44,24000.0,0.0
3,44,25000.0,0.0
3,44,26000.0,0.0
3,44,27000.0,0.0
3,44,28000.0,0.0
3,44,29000.0,0.0
3,44,30000.0,0.0
3,44,31000.0,0.0
3,44,32000.0,0.0
3,44,33000.0,0.0
3,44,34000.0,0.0
3,44,35000.0,0.0
3,44,36000.0,0.0
3,44,37000.0,0.0
3,44,38000.0,0.0
3,44,39000.0,0.0
3,44,40000.0,0.0
3,44,41000.0,0.0
3,44,42000.0,0.0
3,44,43000.0,0.0
3,44,44000.0,0.0
3,44,45000.0,0.0
3,44,46000.0,0.0
3,44,47000.0,0.0
3,44,48000.0,0.0
3,44,49000.0,0.0
3,44,50000.0,0.0
3,45,5000.0,2.0
3,45,6000.0,2.0
3,45,7000.0,2.0
3,45,8000.0,2.0
3,45,9000.0,2.0
3,45,10000.0,2.0
3,45,11000.0,2.0
3,45,12000.0,0.0
3,45,13000.0,0.0
3,45,14000.0,0.0
3,45,15000.0,0.0
3,45,16000.0,0.0
3,45,17000.0,0.0
3,45,18000.0,0.0
3,45,19000.0,0.0
3,45,20000.0,0.0
3,45,21000.0,0.0
3,45,22000.0,0.0
3,45,23000.0,0.0
3,45,24000.0,0.0
3,45,25000.0,0.0
3,45,26000.0,0.0
3,45,27000.0,0.0
3,45,28000.0,0.0
3,45,29000.0,0.0
3,45,30000.0,0.0
3,45,31000.0,0.0
3,45,32000.0,0.0
3,45,33000.0,0.0
3,45,34000.0,0.0
3,45,35000.0,0.0
3,45,36000.0,0.0
3,45,37000.0,0.0
3,45,38000.0,0.0
3,45,39000.0,0.0
3,45,40000.0,0.0
3,45,41000.0,0.0
3,45,42000.0,0.0
3,45,43000.0,0.0
3,45,44000.0,0.0
3,45,45000.0,0.0
3,45,46000.0,0.0
3,45,47000.0,0.0
3,45,48000.0,0.0
3,45,49000.0,0.0
3,45,50000.0,0.0
3,46,5000.0,0.0
3,46,6000.0,0.0
3,46,7000.0,0.0
3,46,8000.0,0.0
3,46,9000.0,0.0
3,46,10000.0,0.0
3,46,11000.0,0.0
3,46,12000.0,0.0
3,46,13000.0,0.0
3,46,14000.0,0.0
3,46,15000.0,0.0
3,46,16000.0,0.0
3,46,17000.0,0.0
3,46,18000.0,0.0
3,46,19000.0,0.0
3,46,20000.0,0.0
3,46,21000.0,0.0
3,46,22000.0,0.0
3,46,23000.0,0.0
3,46,24000.0,0.0
3,46,25000.0,0.0
3,46,26000.0,0.0
3,46,27000.0,2.0
3,46,28000.0,2.0
3,46,29000.0,2.0
3,46,30000.0,2.0
3,46,31000.0,2.0
3,46,32000.0,0.0
3,46,33000.0,0.0
3,46,34000.0,0.0
3,46,35000.0,0.0
3,46,36000.0,0.0
3,46,37000.0,0.0
3,46,38000.0,0.0
3,46,39000.0,0.0
3,46,40000.0,0.0
3,46,41000.0,0.0
3,46,42000.0,0.0
3,46,43000.0,0.0
3,46,44000.0,0.0
3,46,45000.0,0.0
3,46,46000.0,0.0
3,46,47000.0,0.0
3,46,48000.0,0.0
3,46,49000.0,0.0
3,46,50000.0,0.0
3,47,5000.0,0.0
3,47,6000.0,0.0
3,47,7000.0,0.0
3,47,8000.0,0.0
3,47,9000.0,0.0
3,47,10000.0,0.0
3,47,11000.0,0.0
3,47,12000.0,0.0
3,47,13000.0,0.0
3,47,14000.0,0.0
3,47,15000.0,0.0
3,47,16000.0,0.0
3,47,17000.0,0.0
3,47,18000.0,0.0
3,47,19000.0,0.0
3,47,20000.0,0.0
3,47,21000.0,0.0
3,47,22000.0,2.0
3,47,23000.0,2.0
3,47,24000.0,2.0
3,47,25000.0,2.0
3,47,26000.0,2.0
3,47,27000.0,2.0
3,47,28000.0,2.0
3,47,29000.0,2.0
3,47,30000.0,2.0
3,47,31000.0,2.0
3,47,32000.0,0.0
3,47,33000.0,0.0
3,47,34000.0,0.0
3,47,35000.0,0.0
3,47,36000.0,0.0
3,47,37000.0,0.0
3,47,38000.0,0.0
3,47,39000.0,0.0
3,47,40000.0,0.0
3,47,41000.0,0.0
3,47,42000.0,0.0
3,47,43000.0,0.0
3,47,44000.0,0.0
3,47,45000.0,0.0
3,47,46000.0,0.0
3,47,47000.0,0.0
3,47,48000.0,0.0
3,47,49000.0,0.0
3,47,50000.0,0.0
3,48,5000.0,0.0
3,48,6000.0,0.0
3,48,7000.0,0.0
3,48,8000.0,0.0
3,48,9000.0,0.0
3,48,10000.0,0.0
3,48,11000.0,0.0
3,48,12000.0,0.0
3,48,13000.0,0.0
3,48,14000.0,0.0
3,48,15000.0,0.0
3,48,16000.0,0.0
3,48,17000.0,0.0
3,48,18000.0,0.0
3,48,19000.0,0.0
3,48,20000.0,0.0
3,48,21000.0,0.0
3,48,22000.0,0.0
3,48,23000.0,0.0
3,48,24000.0,0.0
3,48,25000.0,0.0
3,48,26000.0,0.0
3,48,27000.0,0.0
3,48,28000.0,0.0
3,48,29000.0,0.0
3,48,30000.0,0.0
3,48,31000.0,0.0
3,48,32000.0,0.0
3,48,33000.0,0.0
3,48,34000.0,0.0
3,48,35000.0,0.0
3,48,36000.0,0.0
3,48,37000.0,0.0
3,48,38000.0,0.0
3,48,39000.0,0.0
3,48,40000.0,0.0
3,48,41000.0,0.0
3,48,42000.0,0.0
3,48,43000.0,0.0
3,48,44000.0,0.0
3,48,45000.0,0.0
3,48,46000.0,0.0
3,48,47000.0,0.0
3,48,48000.0,0.0
3,48,49000.0,0.0
3,48,50000.0,0.0
3,49,5000.0,0.0
3,49,6000.0,0.0
3,49,7000.0,0.0
3,49,8000.0,0.0
3,49,9000.0,0.0
3,49,10000.0,0.0
3,49,11000.0,0.0
3,49,12000.0,0.0
3,49,13000.0,0.0
3,49,14000.0,0.0
3,49,15000.0,0.0
3,49,16000.0,0.0
3,49,17000.0,0.0
3,49,18000.0,0.0
3,49,19000.0,0.0
3,49,20000.0,0.0
3,49,21000.0,0.0
3,49,22000.0,0.0
3,49,23000.0,2.0
3,49,24000.0,2.0
3,49,25000.0,2.0
3,49,26000.0,2.0
3,49,27000.0,2.0
3,49,28000.0,2.0
3,49,29000.0,2.0
3,49,30000.0,2.0
3,49,31000.0,2.0
3,49,32000.0,0.0
3,49,33000.0,0.0
3,49,34000.0,0.0
3,49,35000.0,0.0
3,49,36000.0,0.0
3,49,37000.0,0.0
3,49,38000.0,0.0
3,49,39000.0,0.0
3,49,40000.0,0.0
3,49,41000.0,0.0
3,49,42000.0,0.0
3,49,43000.0,0.0
3,49,44000.0,0.0
3,49,45000.0,0.0
3,49,46000.0,0.0
3,49,47000.0,0.0
3,49,48000.0,0.0
3,49,49000.0,0.0
3,49,50000.0,0.0
4,0,5000.0,0.0
4,0,6000.0,0.0
4,0,7000.0,0.0
4,0,8000.0,0.0
4,0,9000.0,0.0
4,0,10000.0,0.0
4,0,11000.0,0.0
4,0,12000.0,0.0
4,0,13000.0,0.0
4,0,14000.0,0.0
4,0,15000.0,0.0
4,0,16000.0,0.0
4,0,17000.0,0.0
4,0,18000.0,0.0
4,0,19000.0,0.0
4,0,20000.0,0.0
4,0,21000.0,0.0
4,0,22000.0,0.0
4,0,23000.0,0.0
4,0,24000.0,0.0
4,0,25000.0,0.0
4,0,26000.0,0.0
4,0,27000.0,0.0
4,0,28000.0,0.0
4,0,29000.0,0.0
4,0,30000.0,0.0
4,0,31000.0,0.0
4,0,32000.0,0.0
4,0,33000.0,0.0
4,0,34000.0,0.0
4,0,35000.0,0.0
4,0,36000.0,0.0
4,0,37000.0,0.0
4,0,38000.0,0.0
4,0,39000.0,0.0
4,0,40000.0,0.0
4,0,41000.0,0.0
4,0,42000.0,0.0
4,0,43000.0,0.0
4,0,44000.0,0.0
4,0,45000.0,0.0
4,0,46000.0,0.0
4,0,47000.0,0.0
4,0,48000.0,0.0
4,0,49000.0,0.0
4,0,50000.0,2.0
4,1,5000.0,0.0
4,1,6000.0,2.0
4,1,7000.0,2.0
4,1,8000.0,2.0
4,1,9000.0,2.0
4,1,10000.0,2.0
4,1,11000.0,2.0
4,1,12000.0,0.0
4,1,13000.0,0.0
4,1,14000.0,0.0
4,1,15000.0,0.0
4,1,16000.0,0.0
4,1,17000.0,0.0
4,1,18000.0,0.0
4,1,19000.0,0.0
4,1,20000.0,0.0
4,1,21000.0,2.0
4,1,22000.0,0.0
4,1,23000.0,0.0
4,1,24000.0,0.0
4,1,25000.0,0.0
4,1,26000.0,0.0
4,1,27000.0,0.0
4,1,28000.0,0.0
4,1,29000.0,0.0
4,1,30000.0,0.0
4,1,31000.0,0.0
4,1,32000.0,0.0
4,1,33000.0,0.0
4,1,34000.0,0.0
4,1,35000.0,0.0
4,1,36000.0,2.0
4,1,37000.0,2.0
4,1,38000.0,2.0
4,1,39000.0,2.0
4,1,40000.0,2.0
4,1,41000.0,2.0
4,1,42000.0,0.0
4,1,43000.0,0.0
4,1,44000.0,0.0
4,1,45000.0,0.0
4,1,46000.0,0.0
4,1,47000.0,0.0
4,1,48000.0,0.0
4,1,49000.0,0.0
4,1,50000.0,0.0
4,2,5000.0,0.0
4,2,6000.0,0.0
4,2,7000.0,0.0
4,2,8000.0,0.0
4,2,9000.0,0.0
4,2,10000.0,0.0
4,2,11000.0,0.0
4,2,12000.0,0.0
4,2,13000.0,0.0
4,2,14000.0,0.0
4,2,15000.0,0.0
4,2,16000.0,0.0
4,2,17000.0,0.0
4,2,18000.0,0.0
4,2,19000.0,0.0
4,2,20000.0,0.0
4,2,21000.0,0.0
4,2,22000.0,0.0
4,2,23000.0,0.0
4,2,24000.0,2.0
4,2,25000.0,2.0
4,2,26000.0,2.0
4,2,27000.0,2.0
4,2,28000.0,2.0
4,2,29000.0,2.0
4,2,30000.0,2.0
4,2,31000.0,2.0
4,2,32000.0,0.0
4,2,33000.0,0.0
4,2,34000.0,0.0
4,2,35000.0,0.0
4,2,36000.0,0.0
4,2,37000.0,0.0
4,2,38000.0,0.0
4,2,39000.0,0.0
4,2,40000.0,0.0
4,2,41000.0,0.0
4,2,42000.0,0.0
4,2,43000.0,0.0
4,2,44000.0,0.0
4,2,45000.0,0.0
4,2,46000.0,0.0
4,2,47000.0,0.0
4,2,48000.0,0.0
4,2,49000.0,0.0
4,2,50000.0,0.0
4,4,5000.0,2.0
4,4,6000.0,2.0
4,4,7000.0,2.0
4,4,8000.0,2.0
4,4,9000.0,2.0
4,4,10000.0,2.0
4,4,11000.0,2.0
4,4,12000.0,0.0
4,4,13000.0,0.0
4,4,14000.0,0.0
4,4,15000.0,0.0
4,4,16000.0,0.0
4,4,17000.0,0.0
4,4,18000.0,0.0
4,4,19000.0,0.0
4,4,20000.0,0.0
4,4,21000.0,0.0
4,4,22000.0,0.0
4,4,23000.0,0.0
4,4,24000.0,0.0
4,4,25000.0,0.0
4,4,26000.0,0.0
4,4,27000.0,0.0
4,4,28000.0,0.0
4,4,29000.0,0.0
4,4,30000.0,0.0
4,4,31000.0,0.0
4,4,32000.0,0.0
4,4,33000.0,0.0
4,4,34000.0,0.0
4,4,35000.0,0.0
4,4,36000.0,0.0
4,4,37000.0,0.0
4,4,38000.0,0.0
4,4,39000.0,0.0
4,4,40000.0,0.0
4,4,41000.0,0.0
4,4,42000.0,0.0
4,4,43000.0,0.0
4,4,44000.0,0.0
4,4,45000.0,0.0
4,4,46000.0,0.0
4,4,47000.0,2.0
4,4,48000.0,2.0
4,4,49000.0,2.0
4,4,50000.0,2.0
4,5,5000.0,0.0
4,5,6000.0,0.0
4,5,7000.0,0.0
4,5,8000.0,0.0
4,5,9000.0,2.0
4,5,10000.0,2.0
4,5,11000.0,2.0
4,5,12000.0,0.0
4,5,13000.0,0.0
4,5,14000.0,0.0
4,5,15000.0,0.0
4,5,16000.0,0.0
4,5,17000.0,0.0
4,5,18000.0,0.0
4,5,19000.0,0.0
4,5,20000.0,0.0
4,5,21000.0,0.0
4,5,22000.0,0.0
4,5,23000.0,0.0
4,5,24000.0,0.0
4,5,25000.0,0.0
4,5,26000.0,0.0
4,5,27000.0,0.0
4,5,28000.0,0.0
4,5,29000.0,0.0
4,5,30000.0,0.0
4,5,31000.0,0.0
4,5,32000.0,0.0
4,5,33000.0,0.0
4,5,34000.0,0.0
4,5,35000.0,0.0
4,5,36000.0,0.0
4,5,37000.0,0.0
4,5,38000.0,0.0
4,5,39000.0,0.0
4,5,40000.0,0.0
4,5,41000.0,0.0
4,5,42000.0,0.0
4,5,43000.0,0.0
4,5,44000.0,0.0
4,5,45000.0,0.0
4,5,46000.0,0.0
4,5,47000.0,0.0
4,5,48000.0,2.0
4,5,49000.0,2.0
4,5,50000.0,2.0
4,6,5000.0,0.0
4,6,6000.0,2.0
4,6,7000.0,2.0
4,6,8000.0,2.0
4,6,9000.0,2.0
4,6,10000.0,2.0
4,6,11000.0,2.0
4,6,12000.0,0.0
4,6,13000.0,0.0
4,6,14000.0,0.0
4,6,15000.0,0.0
4,6,16000.0,0.0
4,6,17000.0,0.0
4,6,18000.0,0.0
4,6,19000.0,0.0
4,6,20000.0,0.0
4,6,21000.0,0.0
4,6,22000.0,0.0
4,6,23000.0,0.0
4,6,24000.0,0.0
4,6,25000.0,0.0
4,6,26000.0,0.0
4,6,27000.0,0.0
4,6,28000.0,0.0
4,6,29000.0,0.0
4,6,30000.0,0.0
4,6,31000.0,0.0
4,6,32000.0,0.0
4,6,33000.0,0.0
4,6,34000.0,0.0
4,6,35000.0,0.0
4,6,36000.0,0.0
4,6,37000.0,0.0
4,6,38000.0,0.0
4,6,39000.0,0.0
4,6,40000.0,0.0
4,6,41000.0,0.0
4,6,42000.0,0.0
4,6,43000.0,0.0
4,6,44000.0,0.0
4,6,45000.0,0.0
4,6,46000.0,0.0
4,6,47000.0,0.0
4,6,48000.0,0.0
4,6,49000.0,0.0
4,6,50000.0,0.0
4,7,5000.0,0.0
4,7,6000.0,0.0
4,7,7000.0,0.0
4,7,8000.0,0.0
4,7,9000.0,0.0
4,7,10000.0,0.0
4,7,11000.0,2.0
4,7,12000.0,0.0
4,7,13000.0,0.0
4,7,14000.0,0.0
4,7,15000.0,0.0
4,7,16000.0,0.0
4,7,17000.0,0.0
4,7,18000.0,0.0
4,7,19000.0,0.0
4,7,20000.0,0.0
4,7,21000.0,0.0
4,7,22000.0,0.0
4,7,23000.0,0.0
4,7,24000.0,0.0
4,7,25000.0,0.0
4,7,26000.0,0.0
4,7,27000.0,0.0
4,7,28000.0,0.0
4,7,29000.0,0.0
4,7,30000.0,0.0
4,7,31000.0,0.0
4,7,32000.0,0.0
4,7,33000.0,0.0
4,7,34000.0,0.0
4,7,35000.0,0.0
4,7,36000.0,0.0
4,7,37000.0,0.0
4,7,38000.0,0.0
4,7,39000.0,0.0
4,7,40000.0,0.0
4,7,41000.0,0.0
4,7,42000.0,0.0
4,7,43000.0,0.0
4,7,44000.0,0.0
4,7,45000.0,0.0
4,7,46000.0,0.0
4,7,47000.0,0.0
4,7,48000.0,0.0
4,7,49000.0,0.0
4,7,50000.0,0.0
4,8,5000.0,0.0
4,8,6000.0,0.0
4,8,7000.0,0.0
4,8,8000.0,0.0
4,8,9000.0,0.0
4,8,10000.0,0.0
4,8,11000.0,0.0
4,8,12000.0,0.0
4,8,13000.0,0.0
4,8,14000.0,0.0
4,8,15000.0,2.0
4,8,16000.0,2.0
4,8,17000.0,2.0
4,8,18000.0,2.0
4,8,19000.0,2.0
4,8,20000.0,2.0
4,8,21000.0,2.0
4,8,22000.0,0.0
4,8,23000.0,0.0
4,8,24000.0,0.0
4,8,25000.0,0.0
4,8,26000.0,0.0
4,8,27000.0,0.0
4,8,28000.0,0.0
4,8,29000.0,0.0
4,8,30000.0,0.0
4,8,31000.0,0.0
4,8,32000.0,0.0
4,8,33000.0,0.0
4,8,34000.0,0.0
4,8,35000.0,0.0
4,8,36000.0,0.0
4,8,37000.0,0.0
4,8,38000.0,0.0
4,8,39000.0,0.0
4,8,40000.0,0.0
4,8,41000.0,0.0
4,8,42000.0,0.0
4,8,43000.0,0.0
4,8,44000.0,0.0
4,8,45000.0,0.0
4,8,46000.0,0.0
4,8,47000.0,0.0
4,8,48000.0,0.0
4,8,49000.0,0.0
4,8,50000.0,0.0
4,9,5000.0,0.0
4,9,6000.0,0.0
4,9,7000.0,0.0
4,9,8000.0,0.0
4,9,9000.0,0.0
4,9,10000.0,0.0
4,9,11000.0,0.0
4,9,12000.0,0.0
4,9,13000.0,0.0
4,9,14000.0,0.0
4,9,15000.0,0.0
4,9,16000.0,0.0
4,9,17000.0,0.0
4,9,18000.0,0.0
4,9,19000.0,0.0
4,9,20000.0,0.0
4,9,21000.0,0.0
4,9,22000.0,0.0
4,9,23000.0,0.0
4,9,24000.0,0.0
4,9,25000.0,0.0
4,9,26000.0,0.0
4,9,27000.0,0.0
4,9,28000.0,0.0
4,9,29000.0,0.0
4,9,30000.0,0.0
4,9,31000.0,0.0
4,9,32000.0,0.0
4,9,33000.0,0.0
4,9,34000.0,0.0
4,9,35000.0,0.0
4,9,36000.0,0.0
4,9,37000.0,0.0
4,9,38000.0,0.0
4,9,39000.0,0.0
4,9,40000.0,0.0
4,9,41000.0,0.0
4,9,42000.0,0.0
4,9,43000.0,0.0
4,9,44000.0,0.0
4,9,45000.0,0.0
4,9,46000.0,0.0
4,9,47000.0,0.0
4,9,48000.0,0.0
4,9,49000.0,0.0
4,9,50000.0,0.0
4,10,5000.0,0.0
4,10,6000.0,0.0
4,10,7000.0,0.0
4,10,8000.0,0.0
4,10,9000.0,0.0
4,10,10000.0,0.0
4,10,11000.0,0.0
4,10,12000.0,0.0
4,10,13000.0,0.0
4,10,14000.0,0.0
4,10,15000.0,0.0
4,10,16000.0,0.0
4,10,17000.0,0.0
4,10,18000.0,0.0
4,10,19000.0,0.0
4,10,20000.0,0.0
4,10,21000.0,0.0
4,10,22000.0,0.0
4,10,23000.0,0.0
4,10,24000.0,0.0
4,10,25000.0,0.0
4,10,26000.0,0.0
4,10,27000.0,0.0
4,10,28000.0,0.0
4,10,29000.0,0.0
4,10,30000.0,0.0
4,10,31000.0,0.0
4,10,32000.0,0.0
4,10,33000.0,0.0
4,10,34000.0,0.0
4,10,35000.0,0.0
4,10,36000.0,0.0
4,10,37000.0,0.0
4,10,38000.0,0.0
4,10,39000.0,0.0
4,10,40000.0,0.0
4,10,41000.0,0.0
4,10,42000.0,0.0
4,10,43000.0,0.0
4,10,44000.0,0.0
4,10,45000.0,0.0
4,10,46000.0,0.0
4,10,47000.0,0.0
4,10,48000.0,0.0
4,10,49000.0,0.0
4,10,50000.0,0.0
4,11,5000.0,0.0
4,11,6000.0,0.0
4,11,7000.0,0.0
4,11,8000.0,0.0
4,11,9000.0,2.0
4,11,10000.0,2.0
4,11,11000.0,2.0
4,11,12000.0,0.0
4,11,13000.0,0.0
4,11,14000.0,0.0
4,11,15000.0,0.0
4,11,16000.0,0.0
4,11,17000.0,0.0
4,11,18000.0,0.0
4,11,19000.0,0.0
4,11,20000.0,0.0
4,11,21000.0,0.0
4,11,22000.0,0.0
4,11,23000.0,0.0
4,11,24000.0,0.0
4,11,25000.0,0.0
4,11,26000.0,0.0
4,11,27000.0,0.0
4,11,28000.0,0.0
4,11,29000.0,0.0
4,11,30000.0,0.0
4,11,31000.0,0.0
4,11,32000.0,0.0
4,11,33000.0,0.0
4,11,34000.0,0.0
4,11,35000.0,0.0
4,11,36000.0,0.0
4,11,37000.0,0.0
4,11,38000.0,0.0
4,11,39000.0,0.0
4,11,40000.0,0.0
4,11,41000.0,0.0
4,11,42000.0,0.0
4,11,43000.0,0.0
4,11,44000.0,0.0
4,11,45000.0,0.0
4,11,46000.0,0.0
4,11,47000.0,0.0
4,11,48000.0,0.0
4,11,49000.0,0.0
4,11,50000.0,0.0
4,12,5000.0,2.0
4,12,6000.0,2.0
4,12,7000.0,2.0
4,12,8000.0,2.0
4,12,9000.0,2.0
4,12,10000.0,2.0
4,12,11000.0,2.0
4,12,12000.0,0.0
4,12,13000.0,0.0
4,12,14000.0,0.0
4,12,15000.0,0.0
4,12,16000.0,0.0
4,12,17000.0,0.0
4,12,18000.0,0.0
4,12,19000.0,0.0
4,12,20000.0,0.0
4,12,21000.0,0.0
4,12,22000.0,0.0
4,12,23000.0,0.0
4,12,24000.0,0.0
4,12,25000.0,0.0
4,12,26000.0,0.0
4,12,27000.0,0.0
4,12,28000.0,0.0
4,12,29000.0,0.0
4,12,30000.0,0.0
4,12,31000.0,0.0
4,12,32000.0,0.0
4,12,33000.0,0.0
4,12,34000.0,0.0
4,12,35000.0,0.0
4,12,36000.0,0.0
4,12,37000.0,0.0
4,12,38000.0,0.0
4,12,39000.0,0.0
4,12,40000.0,0.0
4,12,41000.0,0.0
4,12,42000.0,0.0
4,12,43000.0,0.0
4,12,44000.0,0.0
4,12,45000.0,0.0
4,12,46000.0,0.0
4,12,47000.0,0.0
4,12,48000.0,0.0
4,12,49000.0,0.0
4,12,50000.0,0.0
4,13,5000.0,0.0
4,13,6000.0,0.0
4,13,7000.0,0.0
4,13,8000.0,0.0
4,13,9000.0,0.0
4,13,10000.0,0.0
4,13,11000.0,0.0
4,13,12000.0,0.0
4,13,13000.0,0.0
4,13,14000.0,0.0
4,13,15000.0,0.0
4,13,16000.0,0.0
4,13,17000.0,0.0
4,13,18000.0,0.0
4,13,19000.0,0.0
4,13,20000.0,0.0
4,13,21000.0,0.0
4,13,22000.0,0.0
4,13,23000.0,0.0
4,13,24000.0,0.0
4,13,25000.0,0.0
4,13,26000.0,0.0
4,13,27000.0,0.0
4,13,28000.0,0.0
4,13,29000.0,0.0
4,13,30000.0,0.0
4,13,31000.0,0.0
4,13,32000.0,0.0
4,13,33000.0,0.0
4,13,34000.0,0.0
4,13,35000.0,0.0
4,13,36000.0,0.0
4,13,37000.0,0.0
4,13,38000.0,0.0
4,13,39000.0,0.0
4,13,40000.0,0.0
4,13,41000.0,0.0
4,13,42000.0,0.0
4,13,43000.0,0.0
4,13,44000.0,0.0
4,13,45000.0,0.0
4,13,46000.0,0.0
4,13,47000.0,0.0
4,13,48000.0,0.0
4,13,49000.0,0.0
4,13,50000.0,0.0
4,14,5000.0,0.0
4,14,6000.0,0.0
4,14,7000.0,0.0
4,14,8000.0,0.0
4,14,9000.0,0.0
4,14,10000.0,0.0
4,14,11000.0,0.0
4,14,12000.0,0.0
4,14,13000.0,0.0
4,14,14000.0,0.0
4,14,15000.0,0.0
4,14,16000.0,0.0
4,14,17000.0,0.0
4,14,18000.0,0.0
4,14,19000.0,0.0
4,14,20000.0,0.0
4,14,21000.0,0.0
4,14,22000.0,0.0
4,14,23000.0,0.0
4,14,24000.0,0.0
4,14,25000.0,0.0
4,14,26000.0,0.0
4,14,27000.0,0.0
4,14,28000.0,0.0
4,14,29000.0,0.0
4,14,30000.0,0.0
4,14,31000.0,0.0
4,14,32000.0,0.0
4,14,33000.0,0.0
4,14,34000.0,0.0
4,14,35000.0,0.0
4,14,36000.0,0.0
4,14,37000.0,0.0
4,14,38000.0,0.0
4,14,39000.0,0.0
4,14,40000.0,0.0
4,14,41000.0,0.0
4,14,42000.0,0.0
4,14,43000.0,0.0
4,14,44000.0,0.0
4,14,45000.0,0.0
4,14,46000.0,0.0
4,14,47000.0,0.0
4,14,48000.0,0.0
4,14,49000.0,0.0
4,14,50000.0,0.0
4,15,5000.0,0.0
4,15,6000.0,0.0
4,15,7000.0,0.0
4,15,8000.0,0.0
4,15,9000.0,0.0
4,15,10000.0,0.0
4,15,11000.0,0.0
4,15,12000.0,0.0
4,15,13000.0,0.0
4,15,14000.0,0.0
4,15,15000.0,0.0
4,15,16000.0,0.0
4,15,17000.0,0.0
4,15,18000.0,0.0
4,15,19000.0,0.0
4,15,20000.0,0.0
4,15,21000.0,0.0
4,15,22000.0,0.0
4,15,23000.0,0.0
4,15,24000.0,0.0
4,15,25000.0,0.0
4,15,26000.0,0.0
4,15,27000.0,0.0
4,15,28000.0,0.0
4,15,29000.0,0.0
4,15,30000.0,0.0
4,15,31000.0,0.0
4,15,32000.0,0.0
4,15,33000.0,0.0
4,15,34000.0,0.0
4,15,35000.0,0.0
4,15,36000.0,0.0
4,15,37000.0,0.0
4,15,38000.0,0.0
4,15,39000.0,0.0
4,15,40000.0,0.0
4,15,41000.0,0.0
4,15,42000.0,0.0
4,15,43000.0,0.0
4,15,44000.0,0.0
4,15,45000.0,0.0
4,15,46000.0,0.0
4,15,47000.0,0.0
4,15,48000.0,0.0
4,15,49000.0,0.0
4,15,50000.0,0.0
4,16,5000.0,0.0
4,16,6000.0,0.0
4,16,7000.0,0.0
4,16,8000.0,0.0
4,16,9000.0,0.0
4,16,10000.0,0.0
4,16,11000.0,0.0
4,16,12000.0,0.0
4,16,13000.0,0.0
4,16,14000.0,0.0
4,16,15000.0,0.0
4,16,16000.0,0.0
4,16,17000.0,0.0
4,16,18000.0,0.0
4,16,19000.0,0.0
4,16,20000.0,0.0
4,16,21000.0,0.0
4,16,22000.0,0.0
4,16,23000.0,0.0
4,16,24000.0,0.0
4,16,25000.0,0.0
4,16,26000.0,0.0
4,16,27000.0,0.0
4,16,28000.0,0.0
4,16,29000.0,0.0
4,16,30000.0,0.0
4,16,31000.0,0.0
4,16,32000.0,0.0
4,16,33000.0,0.0
4,16,34000.0,0.0
4,16,35000.0,0.0
4,16,36000.0,0.0
4,16,37000.0,0.0
4,16,38000.0,0.0
4,16,39000.0,0.0
4,16,40000.0,0.0
4,16,41000.0,0.0
4,16,42000.0,0.0
4,16,43000.0,0.0
4,16,44000.0,0.0
4,16,45000.0,0.0
4,16,46000.0,0.0
4,16,47000.0,0.0
4,16,48000.0,0.0
4,16,49000.0,0.0
4,16,50000.0,0.0
4,17,5000.0,0.0
4,17,6000.0,0.0
4,17,7000.0,0.0
4,17,8000.0,0.0
4,17,9000.0,0.0
4,17,10000.0,0.0
4,17,11000.0,0.0
4,17,12000.0,0.0
4,17,13000.0,0.0
4,17,14000.0,0.0
4,17,15000.0,0.0
4,17,16000.0,0.0
4,17,17000.0,0.0
4,17,18000.0,0.0
4,17,19000.0,0.0
4,17,20000.0,0.0
4,17,21000.0,0.0
4,17,22000.0,0.0
4,17,23000.0,0.0
4,17,24000.0,0.0
4,17,25000.0,0.0
4,17,26000.0,0.0
4,17,27000.0,0.0
4,17,28000.0,0.0
4,17,29000.0,0.0
4,17,30000.0,0.0
4,17,31000.0,0.0
4,17,32000.0,0.0
4,17,33000.0,0.0
4,17,34000.0,0.0
4,17,35000.0,0.0
4,17,36000.0,0.0
4,17,37000.0,0.0
4,17,38000.0,0.0
4,17,39000.0,0.0
4,17,40000.0,0.0
4,17,41000.0,0.0
4,17,42000.0,0.0
4,17,43000.0,0.0
4,17,44000.0,0.0
4,17,45000.0,0.0
4,17,46000.0,0.0
4,17,47000.0,0.0
4,17,48000.0,0.0
4,17,49000.0,0.0
4,17,50000.0,0.0
4,18,5000.0,2.0
4,18,6000.0,2.0
4,18,7000.0,2.0
4,18,8000.0,2.0
4,18,9000.0,2.0
4,18,10000.0,2.0
4,18,11000.0,2.0
4,18,12000.0,0.0
4,18,13000.0,0.0
4,18,14000.0,0.0
4,18,15000.0,0.0
4,18,16000.0,0.0
4,18,17000.0,0.0
4,18,18000.0,0.0
4,18,19000.0,0.0
4,18,20000.0,0.0
4,18,21000.0,0.0
4,18,22000.0,0.0
4,18,23000.0,0.0
4,18,24000.0,0.0
4,18,25000.0,0.0
4,18,26000.0,0.0
4,18,27000.0,0.0
4,18,28000.0,0.0
4,18,29000.0,0.0
4,18,30000.0,0.0
4,18,31000.0,0.0
4,18,32000.0,0.0
4,18,33000.0,0.0
4,18,34000.0,0.0
4,18,35000.0,0.0
4,18,36000.0,0.0
4,18,37000.0,0.0
4,18,38000.0,0.0
4,18,39000.0,0.0
4,18,40000.0,0.0
4,18,41000.0,0.0
4,18,42000.0,0.0
4,18,43000.0,0.0
4,18,44000.0,0.0
4,18,45000.0,0.0
4,18,46000.0,0.0
4,18,47000.0,0.0
4,18,48000.0,2.0
4,18,49000.0,2.0
4,18,50000.0,2.0
4,19,5000.0,0.0
4,19,6000.0,0.0
4,19,7000.0,0.0
4,19,8000.0,0.0
4,19,9000.0,0.0
4,19,10000.0,0.0
4,19,11000.0,0.0
4,19,12000.0,0.0
4,19,13000.0,0.0
4,19,14000.0,0.0
4,19,15000.0,0.0
4,19,16000.0,0.0
4,19,17000.0,0.0
4,19,18000.0,0.0
4,19,19000.0,0.0
4,19,20000.0,0.0
4,19,21000.0,0.0
4,19,22000.0,0.0
4,19,23000.0,0.0
4,19,24000.0,0.0
4,19,25000.0,0.0
4,19,26000.0,0.0
4,19,27000.0,0.0
4,19,28000.0,0.0
4,19,29000.0,0.0
4,19,30000.0,0.0
4,19,31000.0,0.0
4,19,32000.0,0.0
4,19,33000.0,0.0
4,19,34000.0,0.0
4,19,35000.0,0.0
4,19,36000.0,0.0
4,19,37000.0,0.0
4,19,38000.0,0.0
4,19,39000.0,0.0
4,19,40000.0,0.0
4,19,41000.0,0.0
4,19,42000.0,0.0
4,19,43000.0,0.0
4,19,44000.0,0.0
4,19,45000.0,0.0
4,19,46000.0,0.0
4,19,47000.0,0.0
4,19,48000.0,0.0
4,19,49000.0,0.0
4,19,50000.0,0.0
4,20,5000.0,0.0
4,20,6000.0,2.0
4,20,7000.0,2.0
4,20,8000.0,2.0
4,20,9000.0,2.0
4,20,10000.0,2.0
4,20,11000.0,2.0
4,20,12000.0,0.0
4,20,13000.0,0.0
4,20,14000.0,0.0
4,20,15000.0,0.0
4,20,16000.0,0.0
4,20,17000.0,0.0
4,20,18000.0,0.0
4,20,19000.0,0.0
4,20,20000.0,0.0
4,20,21000.0,0.0
4,20,22000.0,0.0
4,20,23000.0,0.0
4,20,24000.0,0.0
4,20,25000.0,0.0
4,20,26000.0,0.0
4,20,27000.0,0.0
4,20,28000.0,0.0
4,20,29000.0,0.0
4,20,30000.0,0.0
4,20,31000.0,0.0
4,20,32000.0,0.0
4,20,33000.0,0.0
4,20,34000.0,0.0
4,20,35000.0,0.0
4,20,36000.0,0.0
4,20,37000.0,0.0
4,20,38000.0,0.0
4,20,39000.0,0.0
4,20,40000.0,0.0
4,20,41000.0,0.0
4,20,42000.0,0.0
4,20,43000.0,0.0
4,20,44000.0,0.0
4,20,45000.0,0.0
4,20,46000.0,0.0
4,20,47000.0,0.0
4,20,48000.0,0.0
4,20,49000.0,0.0
4,20,50000.0,0.0
4,21,5000.0,0.0
4,21,6000.0,0.0
4,21,7000.0,0.0
4,21,8000.0,0.0
4,21,9000.0,0.0
4,21,10000.0,0.0
4,21,11000.0,2.0
4,21,12000.0,0.0
4,21,13000.0,0.0
4,21,14000.0,0.0
4,21,15000.0,0.0
4,21,16000.0,0.0
4,21,17000.0,0.0
4,21,18000.0,0.0
4,21,19000.0,0.0
4,21,20000.0,0.0
4,21,21000.0,0.0
4,21,22000.0,0.0
4,21,23000.0,0.0
4,21,24000.0,0.0
4,21,25000.0,0.0
4,21,26000.0,0.0
4,21,27000.0,0.0
4,21,28000.0,0.0
4,21,29000.0,0.0
4,21,30000.0,0.0
4,21,31000.0,0.0
4,21,32000.0,0.0
4,21,33000.0,0.0
4,21,34000.0,0.0
4,21,35000.0,0.0
4,21,36000.0,0.0
4,21,37000.0,0.0
4,21,38000.0,0.0
4,21,39000.0,0.0
4,21,40000.0,0.0
4,21,41000.0,0.0
4,21,42000.0,0.0
4,21,43000.0,0.0
4,21,44000.0,0.0
4,21,45000.0,0.0
4,21,46000.0,0.0
4,21,47000.0,0.0
4,21,48000.0,0.0
4,21,49000.0,0.0
4,21,50000.0,0.0
4,22,5000.0,0.0
4,22,6000.0,2.0
4,22,7000.0,2.0
4,22,8000.0,2.0
4,22,9000.0,2.0
4,22,10000.0,2.0
4,22,11000.0,2.0
4,22,12000.0,0.0
4,22,13000.0,0.0
4,22,14000.0,0.0
4,22,15000.0,0.0
4,22,16000.0,0.0
4,22,17000.0,0.0
4,22,18000.0,0.0
4,22,19000.0,0.0
4,22,20000.0,2.0
4,22,21000.0,2.0
4,22,22000.0,0.0
4,22,23000.0,0.0
4,22,24000.0,0.0
4,22,25000.0,0.0
4,22,26000.0,0.0
4,22,27000.0,0.0
4,22,28000.0,0.0
4,22,29000.0,0.0
4,22,30000.0,0.0
4,22,31000.0,0.0
4,22,32000.0,0.0
4,22,33000.0,0.0
4,22,34000.0,0.0
4,22,35000.0,0.0
4,22,36000.0,0.0
4,22,37000.0,0.0
4,22,38000.0,0.0
4,22,39000.0,0.0
4,22,40000.0,0.0
4,22,41000.0,0.0
4,22,42000.0,0.0
4,22,43000.0,0.0
4,22,44000.0,0.0
4,22,45000.0,0.0
4,22,46000.0,2.0
4,22,47000.0,2.0
4,22,48000.0,2.0
4,22,49000.0,2.0
4,22,50000.0,2.0
4,23,5000.0,0.0
4,23,6000.0,0.0
4,23,7000.0,0.0
4,23,8000.0,0.0
4,23,9000.0,0.0
4,23,10000.0,0.0
4,23,11000.0,0.0
4,23,12000.0,0.0
4,23,13000.0,0.0
4,23,14000.0,0.0
4,23,15000.0,0.0
4,23,16000.0,0.0
4,23,17000.0,0.0
4,23,18000.0,0.0
4,23,19000.0,0.0
4,23,20000.0,0.0
4,23,21000.0,0.0
4,23,22000.0,0.0
4,23,23000.0,0.0
4,23,24000.0,0.0
4,23,25000.0,0.0
4,23,26000.0,0.0
4,23,27000.0,0.0
4,23,28000.0,0.0
4,23,29000.0,0.0
4,23,30000.0,0.0
4,23,31000.0,0.0
4,23,32000.0,0.0
4,23,33000.0,0.0
4,23,34000.0,0.0
4,23,35000.0,0.0
4,23,36000.0,0.0
4,23,37000.0,0.0
4,23,38000.0,0.0
4,23,39000.0,0.0
4,23,40000.0,0.0
4,23,41000.0,0.0
4,23,42000.0,0.0
4,23,43000.0,0.0
4,23,44000.0,0.0
4,23,45000.0,0.0
4,23,46000.0,0.0
4,23,47000.0,0.0
4,23,48000.0,0.0
4,23,49000.0,0.0
4,23,50000.0,0.0
4,24,5000.0,2.0
4,24,6000.0,2.0
4,24,7000.0,2.0
4,24,8000.0,2.0
4,24,9000.0,2.0
4,24,10000.0,2.0
4,24,11000.0,2.0
4,24,12000.0,0.0
4,24,13000.0,0.0
4,24,14000.0,0.0
4,24,15000.0,0.0
4,24,16000.0,0.0
4,24,17000.0,0.0
4,24,18000.0,0.0
4,24,19000.0,0.0
4,24,20000.0,0.0
4,24,21000.0,0.0
4,24,22000.0,0.0
4,24,23000.0,0.0
4,24,24000.0,0.0
4,24,25000.0,0.0
4,24,26000.0,2.0
4,24,27000.0,2.0
4,24,28000.0,2.0
4,24,29000.0,2.0
4,24,30000.0,2.0
4,24,31000.0,2.0
4,24,32000.0,0.0
4,24,33000.0,0.0
4,24,34000.0,0.0
4,24,35000.0,0.0
4,24,36000.0,0.0
4,24,37000.0,0.0
4,24,38000.0,0.0
4,24,39000.0,0.0
4,24,40000.0,0.0
4,24,41000.0,0.0
4,24,42000.0,0.0
4,24,43000.0,0.0
4,24,44000.0,0.0
4,24,45000.0,0.0
4,24,46000.0,0.0
4,24,47000.0,0.0
4,24,48000.0,0.0
4,24,49000.0,0.0
4,24,50000.0,0.0
4,25,5000.0,0.0
4,25,6000.0,0.0
4,25,7000.0,0.0
4,25,8000.0,0.0
4,25,9000.0,0.0
4,25,10000.0,0.0
4,25,11000.0,0.0
4,25,12000.0,0.0
4,25,13000.0,0.0
4,25,14000.0,0.0
4,25,15000.0,0.0
4,25,16000.0,0.0
4,25,17000.0,0.0
4,25,18000.0,0.0
4,25,19000.0,0.0
4,25,20000.0,0.0
4,25,21000.0,0.0
4,25,22000.0,0.0
4,25,23000.0,0.0
4,25,24000.0,0.0
4,25,25000.0,0.0
4,25,26000.0,0.0
4,25,27000.0,0.0
4,25,28000.0,2.0
4,25,29000.0,2.0
4,25,30000.0,2.0
4,25,31000.0,2.0
4,25,32000.0,0.0
4,25,33000.0,0.0
4,25,34000.0,0.0
4,25,35000.0,0.0
4,25,36000.0,0.0
4,25,37000.0,0.0
4,25,38000.0,0.0
4,25,39000.0,0.0
4,25,40000.0,0.0
4,25,41000.0,0.0
4,25,42000.0,0.0
4,25,43000.0,0.0
4,25,44000.0,0.0
4,25,45000.0,0.0
4,25,46000.0,0.0
4,25,47000.0,0.0
4,25,48000.0,0.0
4,25,49000.0,0.0
4,25,50000.0,0.0
4,26,5000.0,0.0
4,26,6000.0,0.0
4,26,7000.0,0.0
4,26,8000.0,0.0
4,26,9000.0,0.0
4,26,10000.0,0.0
4,26,11000.0,0.0
4,26,12000.0,0.0
4,26,13000.0,0.0
4,26,14000.0,0.0
4,26,15000.0,0.0
4,26,16000.0,0.0
4,26,17000.0,0.0
4,26,18000.0,0.0
4,26,19000.0,0.0
4,26,20000.0,0.0
4,26,21000.0,0.0
4,26,22000.0,0.0
4,26,23000.0,0.0
4,26,24000.0,0.0
4,26,25000.0,0.0
4,26,26000.0,0.0
4,26,27000.0,0.0
4,26,28000.0,0.0
4,26,29000.0,0.0
4,26,30000.0,0.0
4,26,31000.0,0.0
4,26,32000.0,0.0
4,26,33000.0,0.0
4,26,34000.0,0.0
4,26,35000.0,0.0
4,26,36000.0,0.0
4,26,37000.0,0.0
4,26,38000.0,0.0
4,26,39000.0,0.0
4,26,40000.0,0.0
4,26,41000.0,0.0
4,26,42000.0,0.0
4,26,43000.0,0.0
4,26,44000.0,0.0
4,26,45000.0,0.0
4,26,46000.0,0.0
4,26,47000.0,0.0
4,26,48000.0,0.0
4,26,49000.0,0.0
4,26,50000.0,2.0
4,27,5000.0,0.0
4,27,6000.0,0.0
4,27,7000.0,0.0
4,27,8000.0,0.0
4,27,9000.0,0.0
4,27,10000.0,0.0
4,27,11000.0,0.0
4,27,12000.0,0.0
4,27,13000.0,0.0
4,27,14000.0,0.0
4,27,15000.0,0.0
4,27,16000.0,0.0
4,27,17000.0,0.0
4,27,18000.0,0.0
4,27,19000.0,0.0
4,27,20000.0,0.0
4,27,21000.0,0.0
4,27,22000.0,0.0
4,27,23000.0,0.0
4,27,24000.0,0.0
4,27,25000.0,0.0
4,27,26000.0,0.0
4,27,27000.0,0.0
4,27,28000.0,0.0
4,27,29000.0,0.0
4,27,30000.0,0.0
4,27,31000.0,0.0
4,27,32000.0,0.0
4,27,33000.0,0.0
4,27,34000.0,0.0
4,27,35000.0,0.0
4,27,36000.0,0.0
4,27,37000.0,0.0
4,27,38000.0,0.0
4,27,39000.0,0.0
4,27,40000.0,0.0
4,27,41000.0,0.0
4,27,42000.0,0.0
4,27,43000.0,0.0
4,27,44000.0,0.0
4,27,45000.0,0.0
4,27,46000.0,0.0
4,27,47000.0,0.0
4,27,48000.0,0.0
4,27,49000.0,0.0
4,27,50000.0,0.0
4,28,5000.0,0.0
4,28,6000.0,2.0
4,28,7000.0,2.0
4,28,8000.0,2.0
4,28,9000.0,2.0
4,28,10000.0,2.0
4,28,11000.0,2.0
4,28,12000.0,0.0
4,28,13000.0,0.0
4,28,14000.0,0.0
4,28,15000.0,0.0
4,28,16000.0,0.0
4,28,17000.0,0.0
4,28,18000.0,0.0
4,28,19000.0,0.0
4,28,20000.0,0.0
4,28,21000.0,0.0
4,28,22000.0,0.0
4,28,23000.0,0.0
4,28,24000.0,0.0
4,28,25000.0,0.0
4,28,26000.0,0.0
4,28,27000.0,0.0
4,28,28000.0,0.0
4,28,29000.0,0.0
4,28,30000.0,0.0
4,28,31000.0,0.0
4,28,32000.0,0.0
4,28,33000.0,0.0
4,28,34000.0,0.0
4,28,35000.0,0.0
4,28,36000.0,0.0
4,28,37000.0,0.0
4,28,38000.0,0.0
4,28,39000.0,0.0
4,28,40000.0,0.0
4,28,41000.0,0.0
4,28,42000.0,0.0
4,28,43000.0,0.0
4,28,44000.0,0.0
4,28,45000.0,0.0
4,28,46000.0,0.0
4,28,47000.0,0.0
4,28,48000.0,0.0
4,28,49000.0,0.0
4,28,50000.0,0.0
4,29,5000.0,0.0
4,29,6000.0,0.0
4,29,7000.0,0.0
4,29,8000.0,0.0
4,29,9000.0,0.0
4,29,10000.0,0.0
4,29,11000.0,0.0
4,29,12000.0,0.0
4,29,13000.0,0.0
4,29,14000.0,0.0
4,29,15000.0,0.0
4,29,16000.0,0.0
4,29,17000.0,0.0
4,29,18000.0,0.0
4,29,19000.0,0.0
4,29,20000.0,0.0
4,29,21000.0,0.0
4,29,22000.0,0.0
4,29,23000.0,0.0
4,29,24000.0,0.0
4,29,25000.0,0.0
4,29,26000.0,0.0
4,29,27000.0,0.0
4,29,28000.0,0.0
4,29,29000.0,0.0
4,29,30000.0,0.0
4,29,31000.0,0.0
4,29,32000.0,0.0
4,29,33000.0,0.0
4,29,34000.0,0.0
4,29,35000.0,0.0
4,29,36000.0,0.0
4,29,37000.0,2.0
4,29,38000.0,2.0
4,29,39000.0,2.0
4,29,40000.0,2.0
4,29,41000.0,2.0
4,29,42000.0,0.0
4,29,43000.0,0.0
4,29,44000.0,0.0
4,29,45000.0,0.0
4,29,46000.0,0.0
4,29,47000.0,0.0
4,29,48000.0,0.0
4,29,49000.0,0.0
4,29,50000.0,0.0
4,30,5000.0,0.0
4,30,6000.0,0.0
4,30,7000.0,0.0
4,30,8000.0,0.0
4,30,9000.0,0.0
4,30,10000.0,0.0
4,30,11000.0,0.0
4,30,12000.0,0.0
4,30,13000.0,0.0
4,30,14000.0,0.0
4,30,15000.0,0.0
4,30,16000.0,0.0
4,30,17000.0,0.0
4,30,18000.0,0.0
4,30,19000.0,0.0
4,30,20000.0,0.0
4,30,21000.0,0.0
4,30,22000.0,0.0
4,30,23000.0,0.0
4,30,24000.0,0.0
4,30,25000.0,0.0
4,30,26000.0,0.0
4,30,27000.0,0.0
4,30,28000.0,0.0
4,30,29000.0,0.0
4,30,30000.0,0.0
4,30,31000.0,0.0
4,30,32000.0,0.0
4,30,33000.0,0.0
4,30,34000.0,0.0
4,30,35000.0,0.0
4,30,36000.0,0.0
4,30,37000.0,0.0
4,30,38000.0,0.0
4,30,39000.0,0.0
4,30,40000.0,0.0
4,30,41000.0,0.0
4,30,42000.0,0.0
4,30,43000.0,0.0
4,30,44000.0,0.0
4,30,45000.0,0.0
4,30,46000.0,0.0
4,30,47000.0,0.0
4,30,48000.0,0.0
4,30,49000.0,2.0
4,30,50000.0,2.0
4,31,5000.0,0.0
4,31,6000.0,0.0
4,31,7000.0,0.0
4,31,8000.0,0.0
4,31,9000.0,0.0
4,31,10000.0,0.0
4,31,11000.0,0.0
4,31,12000.0,0.0
4,31,13000.0,0.0
4,31,14000.0,0.0
4,31,15000.0,0.0
4,31,16000.0,0.0
4,31,17000.0,0.0
4,31,18000.0,0.0
4,31,19000.0,0.0
4,31,20000.0,0.0
4,31,21000.0,0.0
4,31,22000.0,0.0
4,31,23000.0,0.0
4,31,24000.0,0.0
4,31,25000.0,0.0
4,31,26000.0,0.0
4,31,27000.0,0.0
4,31,28000.0,0.0
4,31,29000.0,0.0
4,31,30000.0,0.0
4,31,31000.0,0.0
4,31,32000.0,0.0
4,31,33000.0,0.0
4,31,34000.0,0.0
4,31,35000.0,0.0
4,31,36000.0,0.0
4,31,37000.0,0.0
4,31,38000.0,0.0
4,31,39000.0,0.0
4,31,40000.0,0.0
4,31,41000.0,0.0
4,31,42000.0,0.0
4,31,43000.0,0.0
4,31,44000.0,0.0
4,31,45000.0,0.0
4,31,46000.0,2.0
4,31,47000.0,2.0
4,31,48000.0,2.0
4,31,49000.0,2.0
4,31,50000.0,2.0
4,32,5000.0,2.0
4,32,6000.0,2.0
4,32,7000.0,2.0
4,32,8000.0,2.0
4,32,9000.0,2.0
4,32,10000.0,2.0
4,32,11000.0,2.0
4,32,12000.0,0.0
4,32,13000.0,0.0
4,32,14000.0,0.0
4,32,15000.0,0.0
4,32,16000.0,0.0
4,32,17000.0,0.0
4,32,18000.0,0.0
4,32,19000.0,0.0
4,32,20000.0,0.0
4,32,21000.0,0.0
4,32,22000.0,0.0
4,32,23000.0,0.0
4,32,24000.0,0.0
4,32,25000.0,0.0
4,32,26000.0,0.0
4,32,27000.0,0.0
4,32,28000.0,2.0
4,32,29000.0,2.0
4,32,30000.0,2.0
4,32,31000.0,2.0
4,32,32000.0,0.0
4,32,33000.0,0.0
4,32,34000.0,0.0
4,32,35000.0,0.0
4,32,36000.0,0.0
4,32,37000.0,0.0
4,32,38000.0,0.0
4,32,39000.0,0.0
4,32,40000.0,0.0
4,32,41000.0,0.0
4,32,42000.0,0.0
4,32,43000.0,2.0
4,32,44000.0,2.0
4,32,45000.0,2.0
4,32,46000.0,2.0
4,32,47000.0,2.0
4,32,48000.0,2.0
4,32,49000.0,2.0
4,32,50000.0,2.0
4,33,5000.0,2.0
4,33,6000.0,2.0
4,33,7000.0,2.0
4,33,8000.0,2.0
4,33,9000.0,2.0
4,33,10000.0,2.0
4,33,11000.0,2.0
4,33,12000.0,0.0
4,33,13000.0,0.0
4,33,14000.0,0.0
4,33,15000.0,0.0
4,33,16000.0,0.0
4,33,17000.0,0.0
4,33,18000.0,0.0
4,33,19000.0,0.0
4,33,20000.0,0.0
4,33,21000.0,0.0
4,33,22000.0,0.0
4,33,23000.0,0.0
4,33,24000.0,0.0
4,33,25000.0,0.0
4,33,26000.0,0.0
4,33,27000.0,0.0
4,33,28000.0,0.0
4,33,29000.0,0.0
4,33,30000.0,0.0
4,33,31000.0,0.0
4,33,32000.0,0.0
4,33,33000.0,0.0
4,33,34000.0,0.0
4,33,35000.0,0.0
4,33,36000.0,0.0
4,33,37000.0,0.0
4,33,38000.0,0.0
4,33,39000.0,0.0
4,33,40000.0,0.0
4,33,41000.0,0.0
4,33,42000.0,0.0
4,33,43000.0,0.0
4,33,44000.0,2.0
4,33,45000.0,2.0
4,33,46000.0,2.0
4,33,47000.0,2.0
4,33,48000.0,2.0
4,33,49000.0,2.0
4,33,50000.0,2.0
4,34,5000.0,0.0
4,34,6000.0,0.0
4,34,7000.0,0.0
4,34,8000.0,0.0
4,34,9000.0,0.0
4,34,10000.0,0.0
4,34,11000.0,0.0
4,34,12000.0,0.0
4,34,13000.0,0.0
4,34,14000.0,0.0
4,34,15000.0,0.0
4,34,16000.0,0.0
4,34,17000.0,0.0
4,34,18000.0,0.0
4,34,19000.0,0.0
4,34,20000.0,0.0
4,34,21000.0,0.0
4,34,22000.0,0.0
4,34,23000.0,0.0
4,34,24000.0,0.0
4,34,25000.0,0.0
4,34,26000.0,0.0
4,34,27000.0,0.0
4,34,28000.0,0.0
4,34,29000.0,0.0
4,34,30000.0,0.0
4,34,31000.0,0.0
4,34,32000.0,0.0
4,34,33000.0,0.0
4,34,34000.0,0.0
4,34,35000.0,0.0
4,34,36000.0,0.0
4,34,37000.0,0.0
4,34,38000.0,0.0
4,34,39000.0,0.0
4,34,40000.0,0.0
4,34,41000.0,0.0
4,34,42000.0,2.0
4,34,43000.0,2.0
4,34,44000.0,2.0
4,34,45000.0,2.0
4,34,46000.0,2.0
4,34,47000.0,2.0
4,34,48000.0,2.0
4,34,49000.0,2.0
4,34,50000.0,2.0
4,35,5000.0,0.0
4,35,6000.0,0.0
4,35,7000.0,0.0
4,35,8000.0,0.0
4,35,9000.0,0.0
4,35,10000.0,0.0
4,35,11000.0,0.0
4,35,12000.0,0.0
4,35,13000.0,0.0
4,35,14000.0,0.0
4,35,15000.0,0.0
4,35,16000.0,0.0
4,35,17000.0,0.0
4,35,18000.0,0.0
4,35,19000.0,0.0
4,35,20000.0,0.0
4,35,21000.0,0.0
4,35,22000.0,0.0
4,35,23000.0,0.0
4,35,24000.0,0.0
4,35,25000.0,0.0
4,35,26000.0,0.0
4,35,27000.0,0.0
4,35,28000.0,0.0
4,35,29000.0,0.0
4,35,30000.0,0.0
4,35,31000.0,0.0
4,35,32000.0,0.0
4,35,33000.0,0.0
4,35,34000.0,0.0
4,35,35000.0,0.0
4,35,36000.0,0.0
4,35,37000.0,0.0
4,35,38000.0,0.0
4,35,39000.0,0.0
4,35,40000.0,0.0
4,35,41000.0,0.0
4,35,42000.0,0.0
4,35,43000.0,0.0
4,35,44000.0,0.0
4,35,45000.0,0.0
4,35,46000.0,0.0
4,35,47000.0,0.0
4,35,48000.0,0.0
4,35,49000.0,0.0
4,35,50000.0,0.0
4,36,5000.0,0.0
4,36,6000.0,2.0
4,36,7000.0,2.0
4,36,8000.0,2.0
4,36,9000.0,2.0
4,36,10000.0,2.0
4,36,11000.0,2.0
4,36,12000.0,0.0
4,36,13000.0,0.0
4,36,14000.0,0.0
4,36,15000.0,0.0
4,36,16000.0,0.0
4,36,17000.0,0.0
4,36,18000.0,0.0
4,36,19000.0,0.0
4,36,20000.0,0.0
4,36,21000.0,0.0
4,36,22000.0,0.0
4,36,23000.0,0.0
4,36,24000.0,0.0
4,36,25000.0,0.0
4,36,26000.0,2.0
4,36,27000.0,2.0
4,36,28000.0,2.0
4,36,29000.0,2.0
4,36,30000.0,2.0
4,36,31000.0,2.0
4,36,32000.0,0.0
4,36,33000.0,0.0
4,36,34000.0,0.0
4,36,35000.0,0.0
4,36,36000.0,0.0
4,36,37000.0,0.0
4,36,38000.0,0.0
4,36,39000.0,0.0
4,36,40000.0,0.0
4,36,41000.0,0.0
4,36,42000.0,0.0
4,36,43000.0,0.0
4,36,44000.0,0.0
4,36,45000.0,0.0
4,36,46000.0,0.0
4,36,47000.0,0.0
4,36,48000.0,0.0
4,36,49000.0,0.0
4,36,50000.0,0.0
4,37,5000.0,2.0
4,37,6000.0,2.0
4,37,7000.0,2.0
4,37,8000.0,2.0
4,37,9000.0,2.0
4,37,10000.0,2.0
4,37,11000.0,2.0
4,37,12000.0,0.0
4,37,13000.0,0.0
4,37,14000.0,0.0
4,37,15000.0,0.0
4,37,16000.0,0.0
4,37,17000.0,0.0
4,37,18000.0,0.0
4,37,19000.0,0.0
4,37,20000.0,0.0
4,37,21000.0,0.0
4,37,22000.0,0.0
4,37,23000.0,0.0
4,37,24000.0,0.0
4,37,25000.0,0.0
4,37,26000.0,0.0
4,37,27000.0,0.0
4,37,28000.0,0.0
4,37,29000.0,0.0
4,37,30000.0,0.0
4,37,31000.0,0.0
4,37,32000.0,0.0
4,37,33000.0,0.0
4,37,34000.0,0.0
4,37,35000.0,0.0
4,37,36000.0,0.0
4,37,37000.0,0.0
4,37,38000.0,0.0
4,37,39000.0,0.0
4,37,40000.0,0.0
4,37,41000.0,0.0
4,37,42000.0,0.0
4,37,43000.0,0.0
4,37,44000.0,0.0
4,37,45000.0,2.0
4,37,46000.0,2.0
4,37,47000.0,2.0
4,37,48000.0,2.0
4,37,49000.0,2.0
4,37,50000.0,2.0
4,38,5000.0,0.0
4,38,6000.0,0.0
4,38,7000.0,0.0
4,38,8000.0,0.0
4,38,9000.0,0.0
4,38,10000.0,0.0
4,38,11000.0,0.0
4,38,12000.0,0.0
4,38,13000.0,0.0
4,38,14000.0,0.0
4,38,15000.0,0.0
4,38,16000.0,0.0
4,38,17000.0,0.0
4,38,18000.0,0.0
4,38,19000.0,0.0
4,38,20000.0,0.0
4,38,21000.0,0.0
4,38,22000.0,2.0
4,38,23000.0,2.0
4,38,24000.0,2.0
4,38,25000.0,2.0
4,38,26000.0,2.0
4,38,27000.0,2.0
4,38,28000.0,2.0
4,38,29000.0,2.0
4,38,30000.0,2.0
4,38,31000.0,2.0
4,38,32000.0,0.0
4,38,33000.0,0.0
4,38,34000.0,0.0
4,38,35000.0,0.0
4,38,36000.0,0.0
4,38,37000.0,0.0
4,38,38000.0,0.0
4,38,39000.0,0.0
4,38,40000.0,0.0
4,38,41000.0,0.0
4,38,42000.0,0.0
4,38,43000.0,0.0
4,38,44000.0,0.0
4,38,45000.0,0.0
4,38,46000.0,0.0
4,38,47000.0,0.0
4,38,48000.0,0.0
4,38,49000.0,0.0
4,38,50000.0,0.0
4,39,5000.0,0.0
4,39,6000.0,0.0
4,39,7000.0,0.0
4,39,8000.0,0.0
4,39,9000.0,0.0
4,39,10000.0,0.0
4,39,11000.0,0.0
4,39,12000.0,2.0
4,39,13000.0,2.0
4,39,14000.0,2.0
4,39,15000.0,2.0
4,39,16000.0,2.0
4,39,17000.0,2.0
4,39,18000.0,2.0
4,39,19000.0,2.0
4,39,20000.0,2.0
4,39,21000.0,2.0
4,39,22000.0,0.0
4,39,23000.0,0.0
4,39,24000.0,0.0
4,39,25000.0,0.0
4,39,26000.0,0.0
4,39,27000.0,0.0
4,39,28000.0,0.0
4,39,29000.0,0.0
4,39,30000.0,0.0
4,39,31000.0,0.0
4,39,32000.0,0.0
4,39,33000.0,0.0
4,39,34000.0,0.0
4,39,35000.0,0.0
4,39,36000.0,0.0
4,39,37000.0,0.0
4,39,38000.0,0.0
4,39,39000.0,0.0
4,39,40000.0,0.0
4,39,41000.0,0.0
4,39,42000.0,0.0
4,39,43000.0,0.0
4,39,44000.0,0.0
4,39,45000.0,0.0
4,39,46000.0,0.0
4,39,47000.0,0.0
4,39,48000.0,0.0
4,39,49000.0,0.0
4,39,50000.0,0.0
4,40,5000.0,0.0
4,40,6000.0,0.0
4,40,7000.0,0.0
4,40,8000.0,0.0
4,40,9000.0,0.0
4,40,10000.0,0.0
4,40,11000.0,0.0
4,40,12000.0,0.0
4,40,13000.0,0.0
4,40,14000.0,0.0
4,40,15000.0,0.0
4,40,16000.0,0.0
4,40,17000.0,2.0
4,40,18000.0,2.0
4,40,19000.0,2.0
4,40,20000.0,2.0
4,40,21000.0,2.0
4,40,22000.0,0.0
4,40,23000.0,0.0
4,40,24000.0,0.0
4,40,25000.0,0.0
4,40,26000.0,0.0
4,40,27000.0,0.0
4,40,28000.0,0.0
4,40,29000.0,0.0
4,40,30000.0,0.0
4,40,31000.0,0.0
4,40,32000.0,0.0
4,40,33000.0,0.0
4,40,34000.0,0.0
4,40,35000.0,0.0
4,40,36000.0,0.0
4,40,37000.0,0.0
4,40,38000.0,0.0
4,40,39000.0,0.0
4,40,40000.0,0.0
4,40,41000.0,0.0
4,40,42000.0,0.0
4,40,43000.0,0.0
4,40,44000.0,0.0
4,40,45000.0,0.0
4,40,46000.0,0.0
4,40,47000.0,0.0
4,40,48000.0,0.0
4,40,49000.0,0.0
4,40,50000.0,0.0
4,41,5000.0,0.0
4,41,6000.0,0.0
4,41,7000.0,0.0
4,41,8000.0,0.0
4,41,9000.0,0.0
4,41,10000.0,0.0
4,41,11000.0,0.0
4,41,12000.0,0.0
4,41,13000.0,0.0
4,41,14000.0,0.0
4,41,15000.0,0.0
4,41,16000.0,0.0
4,41,17000.0,0.0
4,41,18000.0,0.0
4,41,19000.0,0.0
4,41,20000.0,0.0
4,41,21000.0,0.0
4,41,22000.0,2.0
4,41,23000.0,2.0
4,41,24000.0,2.0
4,41,25000.0,2.0
4,41,26000.0,2.0
4,41,27000.0,2.0
4,41,28000.0,2.0
4,41,29000.0,2.0
4,41,30000.0,2.0
4,41,31000.0,2.0
4,41,32000.0,0.0
4,41,33000.0,0.0
4,41,34000.0,0.0
4,41,35000.0,0.0
4,41,36000.0,0.0
4,41,37000.0,0.0
4,41,38000.0,0.0
4,41,39000.0,0.0
4,41,40000.0,0.0
4,41,41000.0,0.0
4,41,42000.0,0.0
4,41,43000.0,2.0
4,41,44000.0,2.0
4,41,45000.0,2.0
4,41,46000.0,2.0
4,41,47000.0,2.0
4,41,48000.0,2.0
4,41,49000.0,2.0
4,41,50000.0,2.0
4,42,5000.0,0.0
4,42,6000.0,0.0
4,42,7000.0,0.0
4,42,8000.0,0.0
4,42,9000.0,0.0
4,42,10000.0,0.0
4,42,11000.0,0.0
4,42,12000.0,0.0
4,42,13000.0,0.0
4,42,14000.0,0.0
4,42,15000.0,0.0
4,42,16000.0,0.0
4,42,17000.0,2.0
4,42,18000.0,2.0
4,42,19000.0,2.0
4,42,20000.0,2.0
4,42,21000.0,2.0
4,42,22000.0,0.0
4,42,23000.0,0.0
4,42,24000.0,0.0
4,42,25000.0,0.0
4,42,26000.0,2.0
4,42,27000.0,2.0
4,42,28000.0,2.0
4,42,29000.0,2.0
4,42,30000.0,2.0
4,42,31000.0,2.0
4,42,32000.0,0.0
4,42,33000.0,0.0
4,42,34000.0,0.0
4,42,35000.0,0.0
4,42,36000.0,0.0
4,42,37000.0,0.0
4,42,38000.0,2.0
4,42,39000.0,2.0
4,42,40000.0,2.0
4,42,41000.0,2.0
4,42,42000.0,0.0
4,42,43000.0,0.0
4,42,44000.0,0.0
4,42,45000.0,0.0
4,42,46000.0,0.0
4,42,47000.0,0.0
4,42,48000.0,0.0
4,42,49000.0,0.0
4,42,50000.0,0.0
4,43,5000.0,0.0
4,43,6000.0,0.0
4,43,7000.0,0.0
4,43,8000.0,0.0
4,43,9000.0,0.0
4,43,10000.0,0.0
4,43,11000.0,2.0
4,43,12000.0,0.0
4,43,13000.0,0.0
4,43,14000.0,0.0
4,43,15000.0,0.0
4,43,16000.0,0.0
4,43,17000.0,0.0
4,43,18000.0,0.0
4,43,19000.0,0.0
4,43,20000.0,0.0
4,43,21000.0,0.0
4,43,22000.0,0.0
4,43,23000.0,0.0
4,43,24000.0,0.0
4,43,25000.0,0.0
4,43,26000.0,2.0
4,43,27000.0,2.0
4,43,28000.0,2.0
4,43,29000.0,2.0
4,43,30000.0,2.0
4,43,31000.0,2.0
4,43,32000.0,0.0
4,43,33000.0,0.0
4,43,34000.0,0.0
4,43,35000.0,0.0
4,43,36000.0,0.0
4,43,37000.0,0.0
4,43,38000.0,0.0
4,43,39000.0,0.0
4,43,40000.0,0.0
4,43,41000.0,0.0
4,43,42000.0,0.0
4,43,43000.0,0.0
4,43,44000.0,0.0
4,43,45000.0,0.0
4,43,46000.0,0.0
4,43,47000.0,0.0
4,43,48000.0,0.0
4,43,49000.0,0.0
4,43,50000.0,0.0
4,44,5000.0,0.0
4,44,6000.0,0.0
4,44,7000.0,0.0
4,44,8000.0,0.0
4,44,9000.0,0.0
4,44,10000.0,0.0
4,44,11000.0,0.0
4,44,12000.0,0.0
4,44,13000.0,0.0
4,44,14000.0,0.0
4,44,15000.0,0.0
4,44,16000.0,0.0
4,44,17000.0,2.0
4,44,18000.0,2.0
4,44,19000.0,2.0
4,44,20000.0,2.0
4,44,21000.0,2.0
4,44,22000.0,0.0
4,44,23000.0,0.0
4,44,24000.0,0.0
4,44,25000.0,0.0
4,44,26000.0,0.0
4,44,27000.0,0.0
4,44,28000.0,0.0
4,44,29000.0,0.0
4,44,30000.0,0.0
4,44,31000.0,0.0
4,44,32000.0,0.0
4,44,33000.0,0.0
4,44,34000.0,0.0
4,44,35000.0,0.0
4,44,36000.0,0.0
4,44,37000.0,0.0
4,44,38000.0,0.0
4,44,39000.0,0.0
4,44,40000.0,0.0
4,44,41000.0,0.0
4,44,42000.0,0.0
4,44,43000.0,0.0
4,44,44000.0,0.0
4,44,45000.0,0.0
4,44,46000.0,0.0
4,44,47000.0,0.0
4,44,48000.0,0.0
4,44,49000.0,0.0
4,44,50000.0,0.0
4,45,5000.0,2.0
4,45,6000.0,2.0
4,45,7000.0,2.0
4,45,8000.0,2.0
4,45,9000.0,2.0
4,45,10000.0,2.0
4,45,11000.0,2.0
4,45,12000.0,0.0
4,45,13000.0,0.0
4,45,14000.0,0.0
4,45,15000.0,0.0
4,45,16000.0,0.0
4,45,17000.0,0.0
4,45,18000.0,0.0
4,45,19000.0,0.0
4,45,20000.0,2.0
4,45,21000.0,2.0
4,45,22000.0,0.0
4,45,23000.0,0.0
4,45,24000.0,0.0
4,45,25000.0,0.0
4,45,26000.0,0.0
4,45,27000.0,0.0
4,45,28000.0,0.0
4,45,29000.0,0.0
4,45,30000.0,0.0
4,45,31000.0,0.0
4,45,32000.0,0.0
4,45,33000.0,0.0
4,45,34000.0,0.0
4,45,35000.0,0.0
4,45,36000.0,0.0
4,45,37000.0,0.0
4,45,38000.0,0.0
4,45,39000.0,0.0
4,45,40000.0,0.0
4,45,41000.0,0.0
4,45,42000.0,0.0
4,45,43000.0,0.0
4,45,44000.0,0.0
4,45,45000.0,0.0
4,45,46000.0,0.0
4,45,47000.0,0.0
4,45,48000.0,0.0
4,45,49000.0,0.0
4,45,50000.0,0.0
4,46,5000.0,0.0
4,46,6000.0,0.0
4,46,7000.0,0.0
4,46,8000.0,0.0
4,46,9000.0,0.0
4,46,10000.0,0.0
4,46,11000.0,0.0
4,46,12000.0,0.0
4,46,13000.0,0.0
4,46,14000.0,2.0
4,46,15000.0,2.0
4,46,16000.0,2.0
4,46,17000.0,2.0
4,46,18000.0,2.0
4,46,19000.0,2.0
4,46,20000.0,2.0
4,46,21000.0,2.0
4,46,22000.0,0.0
4,46,23000.0,0.0
4,46,24000.0,0.0
4,46,25000.0,2.0
4,46,26000.0,2.0
4,46,27000.0,2.0
4,46,28000.0,2.0
4,46,29000.0,2.0
4,46,30000.0,2.0
4,46,31000.0,2.0
4,46,32000.0,0.0
4,46,33000.0,0.0
4,46,34000.0,0.0
4,46,35000.0,0.0
4,46,36000.0,0.0
4,46,37000.0,0.0
4,46,38000.0,2.0
4,46,39000.0,2.0
4,46,40000.0,2.0
4,46,41000.0,2.0
4,46,42000.0,0.0
4,46,43000.0,0.0
4,46,44000.0,0.0
4,46,45000.0,0.0
4,46,46000.0,0.0
4,46,47000.0,0.0
4,46,48000.0,0.0
4,46,49000.0,0.0
4,46,50000.0,0.0
4,47,5000.0,0.0
4,47,6000.0,0.0
4,47,7000.0,0.0
4,47,8000.0,0.0
4,47,9000.0,0.0
4,47,10000.0,0.0
4,47,11000.0,0.0
4,47,12000.0,0.0
4,47,13000.0,0.0
4,47,14000.0,0.0
4,47,15000.0,0.0
4,47,16000.0,0.0
4,47,17000.0,0.0
4,47,18000.0,0.0
4,47,19000.0,0.0
4,47,20000.0,0.0
4,47,21000.0,0.0
4,47,22000.0,0.0
4,47,23000.0,0.0
4,47,24000.0,0.0
4,47,25000.0,0.0
4,47,26000.0,0.0
4,47,27000.0,0.0
4,47,28000.0,0.0
4,47,29000.0,0.0
4,47,30000.0,0.0
4,47,31000.0,0.0
4,47,32000.0,0.0
4,47,33000.0,0.0
4,47,34000.0,0.0
4,47,35000.0,0.0
4,47,36000.0,0.0
4,47,37000.0,0.0
4,47,38000.0,0.0
4,47,39000.0,0.0
4,47,40000.0,0.0
4,47,41000.0,0.0
4,47,42000.0,0.0
4,47,43000.0,0.0
4,47,44000.0,0.0
4,47,45000.0,0.0
4,47,46000.0,0.0
4,47,47000.0,0.0
4,47,48000.0,0.0
4,47,49000.0,0.0
4,47,50000.0,0.0
4,48,5000.0,0.0
4,48,6000.0,0.0
4,48,7000.0,0.0
4,48,8000.0,0.0
4,48,9000.0,0.0
4,48,10000.0,0.0
4,48,11000.0,0.0
4,48,12000.0,0.0
4,48,13000.0,0.0
4,48,14000.0,0.0
4,48,15000.0,0.0
4,48,16000.0,0.0
4,48,17000.0,0.0
4,48,18000.0,0.0
4,48,19000.0,0.0
4,48,20000.0,0.0
4,48,21000.0,0.0
4,48,22000.0,0.0
4,48,23000.0,0.0
4,48,24000.0,0.0
4,48,25000.0,0.0
4,48,26000.0,0.0
4,48,27000.0,0.0
4,48,28000.0,0.0
4,48,29000.0,0.0
4,48,30000.0,0.0
4,48,31000.0,0.0
4,48,32000.0,0.0
4,48,33000.0,0.0
4,48,34000.0,0.0
4,48,35000.0,0.0
4,48,36000.0,0.0
4,48,37000.0,0.0
4,48,38000.0,0.0
4,48,39000.0,0.0
4,48,40000.0,0.0
4,48,41000.0,0.0
4,48,42000.0,0.0
4,48,43000.0,0.0
4,48,44000.0,0.0
4,48,45000.0,0.0
4,48,46000.0,0.0
4,48,47000.0,0.0
4,48,48000.0,0.0
4,48,49000.0,0.0
4,48,50000.0,0.0
4,49,5000.0,0.0
4,49,6000.0,0.0
4,49,7000.0,0.0
4,49,8000.0,0.0
4,49,9000.0,0.0
4,49,10000.0,0.0
4,49,11000.0,0.0
4,49,12000.0,0.0
4,49,13000.0,0.0
4,49,14000.0,0.0
4,49,15000.0,0.0
4,49,16000.0,0.0
4,49,17000.0,0.0
4,49,18000.0,0.0
4,49,19000.0,0.0
4,49,20000.0,0.0
4,49,21000.0,0.0
4,49,22000.0,0.0
4,49,23000.0,0.0
4,49,24000.0,2.0
4,49,25000.0,2.0
4,49,26000.0,2.0
4,49,27000.0,2.0
4,49,28000.0,2.0
4,49,29000.0,2.0
4,49,30000.0,2.0
4,49,31000.0,2.0
4,49,32000.0,0.0
4,49,33000.0,0.0
4,49,34000.0,0.0
4,49,35000.0,0.0
4,49,36000.0,0.0
4,49,37000.0,0.0
4,49,38000.0,2.0
4,49,39000.0,2.0
4,49,40000.0,2.0
4,49,41000.0,2.0
4,49,42000.0,0.0
4,49,43000.0,0.0
4,49,44000.0,0.0
4,49,45000.0,0.0
4,49,46000.0,0.0
4,49,47000.0,0.0
4,49,48000.0,0.0
4,49,49000.0,0.0
4,49,50000.0,0.0
