run,type,module,name,attrname,attrvalue,vectime,vecvalue
General-2-20251226-16:19:21-135923,runattr,,,configname,General,,
General-2-20251226-16:19:21-135923,runattr,,,datetime,20251226-16:19:21,,
General-2-20251226-16:19:21-135923,runattr,,,datetimef,20251226-161921,,
General-2-20251226-16:19:21-135923,runattr,,,experiment,General,,
General-2-20251226-16:19:21-135923,runattr,,,inifile,omnetpp.ini,,
General-2-20251226-16:19:21-135923,runattr,,,iterationvars,,,
General-2-20251226-16:19:21-135923,runattr,,,iterationvarsd,,,
General-2-20251226-16:19:21-135923,runattr,,,iterationvarsf,,,
General-2-20251226-16:19:21-135923,runattr,,,measurement,,,
General-2-20251226-16:19:21-135923,runattr,,,network,src.AdhocNetwork1,,
General-2-20251226-16:19:21-135923,runattr,,,processid,135923,,
General-2-20251226-16:19:21-135923,runattr,,,repetition,2,,
General-2-20251226-16:19:21-135923,runattr,,,replication,#2,,
General-2-20251226-16:19:21-135923,runattr,,,resultdir,results,,
General-2-20251226-16:19:21-135923,runattr,,,runnumber,2,,
General-2-20251226-16:19:21-135923,runattr,,,seedset,2,,
General-2-20251226-16:19:21-135923,config,,,image-path,../../../inet4.5/images,,
General-2-20251226-16:19:21-135923,config,,,repeat,5,,
General-2-20251226-16:19:21-135923,config,,,network,src.AdhocNetwork1,,
General-2-20251226-16:19:21-135923,config,,,sim-time-limit,50s,,
General-2-20251226-16:19:21-135923,config,,,*.host[*].ipv4.arp.typename,GlobalArp,,
General-2-20251226-16:19:21-135923,config,,,*.host[*].numApps,3,,
General-2-20251226-16:19:21-135923,config,,,*.host[*].app[0].typename,src.cluster.ClusterApp,,
General-2-20251226-16:19:21-135923,config,,,*.host[*].app[0].localPort,4000,,
General-2-20251226-16:19:21-135923,config,,,*.host[*].app[0].destPort,4000,,
General-2-20251226-16:19:21-135923,config,,,*.host[*].app[0].helloInterval,1s,,
General-2-20251226-16:19:21-135923,config,,,*.host[*].app[0].cfInterval,3s,,
General-2-20251226-16:19:21-135923,config,,,*.host[*].app[0].hldTimeThreshold,1s,,
General-2-20251226-16:19:21-135923,config,,,*.host[*].app[0].maxTrials,3,,
General-2-20251226-16:19:21-135923,config,,,*.host[*].app[0].requestTimeout,1s,,
General-2-20251226-16:19:21-135923,config,,,*.host[*].app[0].maxClusterSize,10,,
General-2-20251226-16:19:21-135923,config,,,*.host[*].app[1].typename,src.tcp.RecordingTcpClientApp,,
General-2-20251226-16:19:21-135923,config,,,*.host[*].app[1].delaySamplePeriod,1s,,
General-2-20251226-16:19:21-135923,config,,,*.host[*].app[1].delayStaleWindow,3s,,
General-2-20251226-16:19:21-135923,config,,,*.host[*].app[1].connectPort,1000,,
General-2-20251226-16:19:21-135923,config,,,*.host[*].app[1].tOpen,"uniform(1s, 2s)",,
General-2-20251226-16:19:21-135923,config,,,*.host[*].app[1].tSend,"uniform(1s, 2s)",,
General-2-20251226-16:19:21-135923,config,,,*.host[*].app[1].thinkTime,"uniform(0s, 1s)",,
General-2-20251226-16:19:21-135923,config,,,*.host[*].app[1].idleInterval,"uniform(3s, 5s)",,
General-2-20251226-16:19:21-135923,config,,,*.host[*].app[1].sendBytes,200B,,
General-2-20251226-16:19:21-135923,config,,,*.host[*].app[1].sendInterval,"uniform(1s, 2s)",,
General-2-20251226-16:19:21-135923,config,,,*.host[*].app[1].connectAddress,"""host["" + string((index + intuniform(1,24)) % 25) + ""]""",,
General-2-20251226-16:19:21-135923,config,,,*.host[*].app[2].typename,TcpEchoApp,,
General-2-20251226-16:19:21-135923,config,,,*.host[*].app[2].localPort,1000,,
General-2-20251226-16:19:21-135923,config,,,*.host[*].typename,RouterWithMetrics,,
General-2-20251226-16:19:21-135923,config,,,**.metrics.samplePeriod,0.5s,,
General-2-20251226-16:19:21-135923,config,,,**.metrics.recordPerUtility,true,,
General-2-20251226-16:19:21-135923,config,,,*.host[*].wlan[0].typename,WirelessInterface,,
General-2-20251226-16:19:21-135923,config,,,*.radioMedium.typename,Ieee80211DimensionalRadioMedium,,
General-2-20251226-16:19:21-135923,config,,,*.radioMedium.analogModel.typename,DimensionalAnalogModel,,
General-2-20251226-16:19:21-135923,config,,,*.radioMedium.backgroundNoise.power,-120dBm,,
General-2-20251226-16:19:21-135923,config,,,*.host[*].wlan[0].radio.typename,Ieee80211DimensionalRadio,,
General-2-20251226-16:19:21-135923,config,,,*.host[*].wlan[0].radio.transmitter.power,2mW,,
General-2-20251226-16:19:21-135923,config,,,*.host[*].wlan[0].radio.transmitter.centerFrequency,2.412GHz,,
General-2-20251226-16:19:21-135923,config,,,*.host[*].wlan[0].radio.transmitter.bandwidth,20MHz,,
General-2-20251226-16:19:21-135923,config,,,*.host[*].wlan[0].radio.receiver.sensitivity,-90dBm,,
General-2-20251226-16:19:21-135923,config,,,*.host[*].wlan[0].radio.receiver.snirThreshold,4dB,,
General-2-20251226-16:19:21-135923,config,,,*.host[*].wlan[0].radio.receiver.ignoreInterference,false,,
General-2-20251226-16:19:21-135923,config,,,*.host[*].wlan[0].mac.rateControl.typename,ConstantRateControl,,
General-2-20251226-16:19:21-135923,config,,,*.host[*].wlan[0].mac.rateControl.dataRate,6Mbps,,
General-2-20251226-16:19:21-135923,config,,,*.host[*].wlan[0].mac.rateControl.multicastRate,6Mbps,,
General-2-20251226-16:19:21-135923,config,,,*.host[*].wlan[0].mac.typename,CsmaCaMac,,
General-2-20251226-16:19:21-135923,config,,,*.host[*].wlan[0].mac.ackTimeout,300us,,
General-2-20251226-16:19:21-135923,config,,,*.host[*].wlan[0].mac.useAck,true,,
General-2-20251226-16:19:21-135923,config,,,*.host[*].wlan[0].mac.fullDuplex,false,,
General-2-20251226-16:19:21-135923,config,,,*.host[*].wlan[0].mac.headerLength,23B,,
General-2-20251226-16:19:21-135923,config,,,*.host[*].mobility.typename,GaussMarkovMobility,,
General-2-20251226-16:19:21-135923,config,,,*.host[*].mobility.alpha,0.7,,
General-2-20251226-16:19:21-135923,config,,,*.host[*].mobility.speed,"uniform(5mps, 10mps)",,
General-2-20251226-16:19:21-135923,config,,,*.host[*].mobility.speedStdDev,1mps,,
General-2-20251226-16:19:21-135923,config,,,*.host[*].mobility.angle,"uniform(0deg, 360deg)",,
General-2-20251226-16:19:21-135923,config,,,*.host[*].mobility.angleStdDev,10deg,,
General-2-20251226-16:19:21-135923,config,,,*.host[*].mobility.margin,2m,,
General-2-20251226-16:19:21-135923,config,,,*.host[*].wlan[0].queue.typename,DropTailQueue,,
General-2-20251226-16:19:21-135923,config,,,*.host[*].wlan[0].queue.packetCapacity,10,,
General-2-20251226-16:19:21-135923,config,,,*.host[*].hasStatus,true,,
General-2-20251226-16:19:21-135923,config,,,*.host[*].wlan[0].radio.energyConsumer.typename,StateBasedEpEnergyConsumer,,
General-2-20251226-16:19:21-135923,config,,,*.host[*].wlan[0].radio.energyConsumer.offPowerConsumption,0mW,,
General-2-20251226-16:19:21-135923,config,,,*.host[*].wlan[0].radio.energyConsumer.sleepPowerConsumption,1mW,,
General-2-20251226-16:19:21-135923,config,,,*.host[*].wlan[0].radio.energyConsumer.switchingPowerConsumption,1mW,,
General-2-20251226-16:19:21-135923,config,,,*.host[*].wlan[0].radio.energyConsumer.receiverIdlePowerConsumption,2mW,,
General-2-20251226-16:19:21-135923,config,,,*.host[*].wlan[0].radio.energyConsumer.receiverBusyPowerConsumption,5mW,,
General-2-20251226-16:19:21-135923,config,,,*.host[*].wlan[0].radio.energyConsumer.receiverReceivingPowerConsumption,10mW,,
General-2-20251226-16:19:21-135923,config,,,*.host[*].wlan[0].radio.energyConsumer.transmitterIdlePowerConsumption,2mW,,
General-2-20251226-16:19:21-135923,config,,,*.host[*].wlan[0].radio.energyConsumer.transmitterTransmittingPowerConsumption,100mW,,
General-2-20251226-16:19:21-135923,config,,,*.host[*].energyStorage.typename,SimpleEpEnergyStorage,,
General-2-20251226-16:19:21-135923,config,,,*.host[*].energyStorage.nominalCapacity,2J,,
General-2-20251226-16:19:21-135923,config,,,*.host[*].energyStorage.initialCapacity,2J,,
General-2-20251226-16:19:21-135923,config,,,*.host[*].energyManagement.typename,SimpleEpEnergyManagement,,
General-2-20251226-16:19:21-135923,config,,,*.host[*].energyManagement.nodeStartCapacity,0.0001J,,
General-2-20251226-16:19:21-135923,config,,,*.host[*].energyManagement.nodeShutdownCapacity,0.0001J,,
General-2-20251226-16:19:21-135923,config,,,*.host[*].**.bitrate,6Mbps,,
General-2-20251226-16:19:21-135923,config,,,*.host[*].forwarding,true,,
General-2-20251226-16:19:21-135923,config,,,*.host[*].mobility.constraintAreaMinX,0m,,
General-2-20251226-16:19:21-135923,config,,,*.host[*].mobility.constraintAreaMinY,0m,,
General-2-20251226-16:19:21-135923,config,,,*.host[*].mobility.constraintAreaMinZ,0m,,
General-2-20251226-16:19:21-135923,config,,,*.host[*].mobility.constraintAreaMaxX,1250m,,
General-2-20251226-16:19:21-135923,config,,,*.host[*].mobility.constraintAreaMaxY,1250m,,
General-2-20251226-16:19:21-135923,config,,,*.host[*].mobility.constraintAreaMaxZ,0m,,
General-2-20251226-16:19:21-135923,config,,,*.host[*].mobility.initialX,"uniform(100m, 1150m)",,
General-2-20251226-16:19:21-135923,config,,,*.host[*].mobility.initialY,"uniform(100m, 1150m)",,
General-2-20251226-16:19:21-135923,config,,,*.host[*].wlan[0].radio.displayCommunicationRange,true,,
General-2-20251226-16:19:21-135923,config,,,*.configurator.config,"xml(""<config><interface hosts='**' address='10.0.0.x' netmask='255.255.255.0'/></config>"")",,
General-2-20251226-16:19:21-135923,config,,,*.configurator.addDefaultRoutes,false,,
General-2-20251226-16:19:21-135923,config,,,*.configurator.addStaticRoutes,false,,
General-2-20251226-16:19:21-135923,config,,,*.configurator.optimizeRoutes,false,,
General-2-20251226-16:19:21-135923,config,,,*.host*.ipv4.routingTable.netmaskRoutes,"""""",,
General-2-20251226-16:19:21-135923,config,,,*.linkVisualizer.*.displayLinks,false,,
General-0-20251226-16:19:21-135927,runattr,,,configname,General,,
General-0-20251226-16:19:21-135927,runattr,,,datetime,20251226-16:19:21,,
General-0-20251226-16:19:21-135927,runattr,,,datetimef,20251226-161921,,
General-0-20251226-16:19:21-135927,runattr,,,experiment,General,,
General-0-20251226-16:19:21-135927,runattr,,,inifile,omnetpp.ini,,
General-0-20251226-16:19:21-135927,runattr,,,iterationvars,,,
General-0-20251226-16:19:21-135927,runattr,,,iterationvarsd,,,
General-0-20251226-16:19:21-135927,runattr,,,iterationvarsf,,,
General-0-20251226-16:19:21-135927,runattr,,,measurement,,,
General-0-20251226-16:19:21-135927,runattr,,,network,src.AdhocNetwork1,,
General-0-20251226-16:19:21-135927,runattr,,,processid,135927,,
General-0-20251226-16:19:21-135927,runattr,,,repetition,0,,
General-0-20251226-16:19:21-135927,runattr,,,replication,#0,,
General-0-20251226-16:19:21-135927,runattr,,,resultdir,results,,
General-0-20251226-16:19:21-135927,runattr,,,runnumber,0,,
General-0-20251226-16:19:21-135927,runattr,,,seedset,0,,
General-0-20251226-16:19:21-135927,config,,,image-path,../../../inet4.5/images,,
General-0-20251226-16:19:21-135927,config,,,repeat,5,,
General-0-20251226-16:19:21-135927,config,,,network,src.AdhocNetwork1,,
General-0-20251226-16:19:21-135927,config,,,sim-time-limit,50s,,
General-0-20251226-16:19:21-135927,config,,,*.host[*].ipv4.arp.typename,GlobalArp,,
General-0-20251226-16:19:21-135927,config,,,*.host[*].numApps,3,,
General-0-20251226-16:19:21-135927,config,,,*.host[*].app[0].typename,src.cluster.ClusterApp,,
General-0-20251226-16:19:21-135927,config,,,*.host[*].app[0].localPort,4000,,
General-0-20251226-16:19:21-135927,config,,,*.host[*].app[0].destPort,4000,,
General-0-20251226-16:19:21-135927,config,,,*.host[*].app[0].helloInterval,1s,,
General-0-20251226-16:19:21-135927,config,,,*.host[*].app[0].cfInterval,3s,,
General-0-20251226-16:19:21-135927,config,,,*.host[*].app[0].hldTimeThreshold,1s,,
General-0-20251226-16:19:21-135927,config,,,*.host[*].app[0].maxTrials,3,,
General-0-20251226-16:19:21-135927,config,,,*.host[*].app[0].requestTimeout,1s,,
General-0-20251226-16:19:21-135927,config,,,*.host[*].app[0].maxClusterSize,10,,
General-0-20251226-16:19:21-135927,config,,,*.host[*].app[1].typename,src.tcp.RecordingTcpClientApp,,
General-0-20251226-16:19:21-135927,config,,,*.host[*].app[1].delaySamplePeriod,1s,,
General-0-20251226-16:19:21-135927,config,,,*.host[*].app[1].delayStaleWindow,3s,,
General-0-20251226-16:19:21-135927,config,,,*.host[*].app[1].connectPort,1000,,
General-0-20251226-16:19:21-135927,config,,,*.host[*].app[1].tOpen,"uniform(1s, 2s)",,
General-0-20251226-16:19:21-135927,config,,,*.host[*].app[1].tSend,"uniform(1s, 2s)",,
General-0-20251226-16:19:21-135927,config,,,*.host[*].app[1].thinkTime,"uniform(0s, 1s)",,
General-0-20251226-16:19:21-135927,config,,,*.host[*].app[1].idleInterval,"uniform(3s, 5s)",,
General-0-20251226-16:19:21-135927,config,,,*.host[*].app[1].sendBytes,200B,,
General-0-20251226-16:19:21-135927,config,,,*.host[*].app[1].sendInterval,"uniform(1s, 2s)",,
General-0-20251226-16:19:21-135927,config,,,*.host[*].app[1].connectAddress,"""host["" + string((index + intuniform(1,24)) % 25) + ""]""",,
General-0-20251226-16:19:21-135927,config,,,*.host[*].app[2].typename,TcpEchoApp,,
General-0-20251226-16:19:21-135927,config,,,*.host[*].app[2].localPort,1000,,
General-0-20251226-16:19:21-135927,config,,,*.host[*].typename,RouterWithMetrics,,
General-0-20251226-16:19:21-135927,config,,,**.metrics.samplePeriod,0.5s,,
General-0-20251226-16:19:21-135927,config,,,**.metrics.recordPerUtility,true,,
General-0-20251226-16:19:21-135927,config,,,*.host[*].wlan[0].typename,WirelessInterface,,
General-0-20251226-16:19:21-135927,config,,,*.radioMedium.typename,Ieee80211DimensionalRadioMedium,,
General-0-20251226-16:19:21-135927,config,,,*.radioMedium.analogModel.typename,DimensionalAnalogModel,,
General-0-20251226-16:19:21-135927,config,,,*.radioMedium.backgroundNoise.power,-120dBm,,
General-0-20251226-16:19:21-135927,config,,,*.host[*].wlan[0].radio.typename,Ieee80211DimensionalRadio,,
General-0-20251226-16:19:21-135927,config,,,*.host[*].wlan[0].radio.transmitter.power,2mW,,
General-0-20251226-16:19:21-135927,config,,,*.host[*].wlan[0].radio.transmitter.centerFrequency,2.412GHz,,
General-0-20251226-16:19:21-135927,config,,,*.host[*].wlan[0].radio.transmitter.bandwidth,20MHz,,
General-0-20251226-16:19:21-135927,config,,,*.host[*].wlan[0].radio.receiver.sensitivity,-90dBm,,
General-0-20251226-16:19:21-135927,config,,,*.host[*].wlan[0].radio.receiver.snirThreshold,4dB,,
General-0-20251226-16:19:21-135927,config,,,*.host[*].wlan[0].radio.receiver.ignoreInterference,false,,
General-0-20251226-16:19:21-135927,config,,,*.host[*].wlan[0].mac.rateControl.typename,ConstantRateControl,,
General-0-20251226-16:19:21-135927,config,,,*.host[*].wlan[0].mac.rateControl.dataRate,6Mbps,,
General-0-20251226-16:19:21-135927,config,,,*.host[*].wlan[0].mac.rateControl.multicastRate,6Mbps,,
General-0-20251226-16:19:21-135927,config,,,*.host[*].wlan[0].mac.typename,CsmaCaMac,,
General-0-20251226-16:19:21-135927,config,,,*.host[*].wlan[0].mac.ackTimeout,300us,,
General-0-20251226-16:19:21-135927,config,,,*.host[*].wlan[0].mac.useAck,true,,
General-0-20251226-16:19:21-135927,config,,,*.host[*].wlan[0].mac.fullDuplex,false,,
General-0-20251226-16:19:21-135927,config,,,*.host[*].wlan[0].mac.headerLength,23B,,
General-0-20251226-16:19:21-135927,config,,,*.host[*].mobility.typename,GaussMarkovMobility,,
General-0-20251226-16:19:21-135927,config,,,*.host[*].mobility.alpha,0.7,,
General-0-20251226-16:19:21-135927,config,,,*.host[*].mobility.speed,"uniform(5mps, 10mps)",,
General-0-20251226-16:19:21-135927,config,,,*.host[*].mobility.speedStdDev,1mps,,
General-0-20251226-16:19:21-135927,config,,,*.host[*].mobility.angle,"uniform(0deg, 360deg)",,
General-0-20251226-16:19:21-135927,config,,,*.host[*].mobility.angleStdDev,10deg,,
General-0-20251226-16:19:21-135927,config,,,*.host[*].mobility.margin,2m,,
General-0-20251226-16:19:21-135927,config,,,*.host[*].wlan[0].queue.typename,DropTailQueue,,
General-0-20251226-16:19:21-135927,config,,,*.host[*].wlan[0].queue.packetCapacity,10,,
General-0-20251226-16:19:21-135927,config,,,*.host[*].hasStatus,true,,
General-0-20251226-16:19:21-135927,config,,,*.host[*].wlan[0].radio.energyConsumer.typename,StateBasedEpEnergyConsumer,,
General-0-20251226-16:19:21-135927,config,,,*.host[*].wlan[0].radio.energyConsumer.offPowerConsumption,0mW,,
General-0-20251226-16:19:21-135927,config,,,*.host[*].wlan[0].radio.energyConsumer.sleepPowerConsumption,1mW,,
General-0-20251226-16:19:21-135927,config,,,*.host[*].wlan[0].radio.energyConsumer.switchingPowerConsumption,1mW,,
General-0-20251226-16:19:21-135927,config,,,*.host[*].wlan[0].radio.energyConsumer.receiverIdlePowerConsumption,2mW,,
General-0-20251226-16:19:21-135927,config,,,*.host[*].wlan[0].radio.energyConsumer.receiverBusyPowerConsumption,5mW,,
General-0-20251226-16:19:21-135927,config,,,*.host[*].wlan[0].radio.energyConsumer.receiverReceivingPowerConsumption,10mW,,
General-0-20251226-16:19:21-135927,config,,,*.host[*].wlan[0].radio.energyConsumer.transmitterIdlePowerConsumption,2mW,,
General-0-20251226-16:19:21-135927,config,,,*.host[*].wlan[0].radio.energyConsumer.transmitterTransmittingPowerConsumption,100mW,,
General-0-20251226-16:19:21-135927,config,,,*.host[*].energyStorage.typename,SimpleEpEnergyStorage,,
General-0-20251226-16:19:21-135927,config,,,*.host[*].energyStorage.nominalCapacity,2J,,
General-0-20251226-16:19:21-135927,config,,,*.host[*].energyStorage.initialCapacity,2J,,
General-0-20251226-16:19:21-135927,config,,,*.host[*].energyManagement.typename,SimpleEpEnergyManagement,,
General-0-20251226-16:19:21-135927,config,,,*.host[*].energyManagement.nodeStartCapacity,0.0001J,,
General-0-20251226-16:19:21-135927,config,,,*.host[*].energyManagement.nodeShutdownCapacity,0.0001J,,
General-0-20251226-16:19:21-135927,config,,,*.host[*].**.bitrate,6Mbps,,
General-0-20251226-16:19:21-135927,config,,,*.host[*].forwarding,true,,
General-0-20251226-16:19:21-135927,config,,,*.host[*].mobility.constraintAreaMinX,0m,,
General-0-20251226-16:19:21-135927,config,,,*.host[*].mobility.constraintAreaMinY,0m,,
General-0-20251226-16:19:21-135927,config,,,*.host[*].mobility.constraintAreaMinZ,0m,,
General-0-20251226-16:19:21-135927,config,,,*.host[*].mobility.constraintAreaMaxX,1250m,,
General-0-20251226-16:19:21-135927,config,,,*.host[*].mobility.constraintAreaMaxY,1250m,,
General-0-20251226-16:19:21-135927,config,,,*.host[*].mobility.constraintAreaMaxZ,0m,,
General-0-20251226-16:19:21-135927,config,,,*.host[*].mobility.initialX,"uniform(100m, 1150m)",,
General-0-20251226-16:19:21-135927,config,,,*.host[*].mobility.initialY,"uniform(100m, 1150m)",,
General-0-20251226-16:19:21-135927,config,,,*.host[*].wlan[0].radio.displayCommunicationRange,true,,
General-0-20251226-16:19:21-135927,config,,,*.configurator.config,"xml(""<config><interface hosts='**' address='10.0.0.x' netmask='255.255.255.0'/></config>"")",,
General-0-20251226-16:19:21-135927,config,,,*.configurator.addDefaultRoutes,false,,
General-0-20251226-16:19:21-135927,config,,,*.configurator.addStaticRoutes,false,,
General-0-20251226-16:19:21-135927,config,,,*.configurator.optimizeRoutes,false,,
General-0-20251226-16:19:21-135927,config,,,*.host*.ipv4.routingTable.netmaskRoutes,"""""",,
General-0-20251226-16:19:21-135927,config,,,*.linkVisualizer.*.displayLinks,false,,
General-3-20251226-16:19:21-135925,runattr,,,configname,General,,
General-3-20251226-16:19:21-135925,runattr,,,datetime,20251226-16:19:21,,
General-3-20251226-16:19:21-135925,runattr,,,datetimef,20251226-161921,,
General-3-20251226-16:19:21-135925,runattr,,,experiment,General,,
General-3-20251226-16:19:21-135925,runattr,,,inifile,omnetpp.ini,,
General-3-20251226-16:19:21-135925,runattr,,,iterationvars,,,
General-3-20251226-16:19:21-135925,runattr,,,iterationvarsd,,,
General-3-20251226-16:19:21-135925,runattr,,,iterationvarsf,,,
General-3-20251226-16:19:21-135925,runattr,,,measurement,,,
General-3-20251226-16:19:21-135925,runattr,,,network,src.AdhocNetwork1,,
General-3-20251226-16:19:21-135925,runattr,,,processid,135925,,
General-3-20251226-16:19:21-135925,runattr,,,repetition,3,,
General-3-20251226-16:19:21-135925,runattr,,,replication,#3,,
General-3-20251226-16:19:21-135925,runattr,,,resultdir,results,,
General-3-20251226-16:19:21-135925,runattr,,,runnumber,3,,
General-3-20251226-16:19:21-135925,runattr,,,seedset,3,,
General-3-20251226-16:19:21-135925,config,,,image-path,../../../inet4.5/images,,
General-3-20251226-16:19:21-135925,config,,,repeat,5,,
General-3-20251226-16:19:21-135925,config,,,network,src.AdhocNetwork1,,
General-3-20251226-16:19:21-135925,config,,,sim-time-limit,50s,,
General-3-20251226-16:19:21-135925,config,,,*.host[*].ipv4.arp.typename,GlobalArp,,
General-3-20251226-16:19:21-135925,config,,,*.host[*].numApps,3,,
General-3-20251226-16:19:21-135925,config,,,*.host[*].app[0].typename,src.cluster.ClusterApp,,
General-3-20251226-16:19:21-135925,config,,,*.host[*].app[0].localPort,4000,,
General-3-20251226-16:19:21-135925,config,,,*.host[*].app[0].destPort,4000,,
General-3-20251226-16:19:21-135925,config,,,*.host[*].app[0].helloInterval,1s,,
General-3-20251226-16:19:21-135925,config,,,*.host[*].app[0].cfInterval,3s,,
General-3-20251226-16:19:21-135925,config,,,*.host[*].app[0].hldTimeThreshold,1s,,
General-3-20251226-16:19:21-135925,config,,,*.host[*].app[0].maxTrials,3,,
General-3-20251226-16:19:21-135925,config,,,*.host[*].app[0].requestTimeout,1s,,
General-3-20251226-16:19:21-135925,config,,,*.host[*].app[0].maxClusterSize,10,,
General-3-20251226-16:19:21-135925,config,,,*.host[*].app[1].typename,src.tcp.RecordingTcpClientApp,,
General-3-20251226-16:19:21-135925,config,,,*.host[*].app[1].delaySamplePeriod,1s,,
General-3-20251226-16:19:21-135925,config,,,*.host[*].app[1].delayStaleWindow,3s,,
General-3-20251226-16:19:21-135925,config,,,*.host[*].app[1].connectPort,1000,,
General-3-20251226-16:19:21-135925,config,,,*.host[*].app[1].tOpen,"uniform(1s, 2s)",,
General-3-20251226-16:19:21-135925,config,,,*.host[*].app[1].tSend,"uniform(1s, 2s)",,
General-3-20251226-16:19:21-135925,config,,,*.host[*].app[1].thinkTime,"uniform(0s, 1s)",,
General-3-20251226-16:19:21-135925,config,,,*.host[*].app[1].idleInterval,"uniform(3s, 5s)",,
General-3-20251226-16:19:21-135925,config,,,*.host[*].app[1].sendBytes,200B,,
General-3-20251226-16:19:21-135925,config,,,*.host[*].app[1].sendInterval,"uniform(1s, 2s)",,
General-3-20251226-16:19:21-135925,config,,,*.host[*].app[1].connectAddress,"""host["" + string((index + intuniform(1,24)) % 25) + ""]""",,
General-3-20251226-16:19:21-135925,config,,,*.host[*].app[2].typename,TcpEchoApp,,
General-3-20251226-16:19:21-135925,config,,,*.host[*].app[2].localPort,1000,,
General-3-20251226-16:19:21-135925,config,,,*.host[*].typename,RouterWithMetrics,,
General-3-20251226-16:19:21-135925,config,,,**.metrics.samplePeriod,0.5s,,
General-3-20251226-16:19:21-135925,config,,,**.metrics.recordPerUtility,true,,
General-3-20251226-16:19:21-135925,config,,,*.host[*].wlan[0].typename,WirelessInterface,,
General-3-20251226-16:19:21-135925,config,,,*.radioMedium.typename,Ieee80211DimensionalRadioMedium,,
General-3-20251226-16:19:21-135925,config,,,*.radioMedium.analogModel.typename,DimensionalAnalogModel,,
General-3-20251226-16:19:21-135925,config,,,*.radioMedium.backgroundNoise.power,-120dBm,,
General-3-20251226-16:19:21-135925,config,,,*.host[*].wlan[0].radio.typename,Ieee80211DimensionalRadio,,
General-3-20251226-16:19:21-135925,config,,,*.host[*].wlan[0].radio.transmitter.power,2mW,,
General-3-20251226-16:19:21-135925,config,,,*.host[*].wlan[0].radio.transmitter.centerFrequency,2.412GHz,,
General-3-20251226-16:19:21-135925,config,,,*.host[*].wlan[0].radio.transmitter.bandwidth,20MHz,,
General-3-20251226-16:19:21-135925,config,,,*.host[*].wlan[0].radio.receiver.sensitivity,-90dBm,,
General-3-20251226-16:19:21-135925,config,,,*.host[*].wlan[0].radio.receiver.snirThreshold,4dB,,
General-3-20251226-16:19:21-135925,config,,,*.host[*].wlan[0].radio.receiver.ignoreInterference,false,,
General-3-20251226-16:19:21-135925,config,,,*.host[*].wlan[0].mac.rateControl.typename,ConstantRateControl,,
General-3-20251226-16:19:21-135925,config,,,*.host[*].wlan[0].mac.rateControl.dataRate,6Mbps,,
General-3-20251226-16:19:21-135925,config,,,*.host[*].wlan[0].mac.rateControl.multicastRate,6Mbps,,
General-3-20251226-16:19:21-135925,config,,,*.host[*].wlan[0].mac.typename,CsmaCaMac,,
General-3-20251226-16:19:21-135925,config,,,*.host[*].wlan[0].mac.ackTimeout,300us,,
General-3-20251226-16:19:21-135925,config,,,*.host[*].wlan[0].mac.useAck,true,,
General-3-20251226-16:19:21-135925,config,,,*.host[*].wlan[0].mac.fullDuplex,false,,
General-3-20251226-16:19:21-135925,config,,,*.host[*].wlan[0].mac.headerLength,23B,,
General-3-20251226-16:19:21-135925,config,,,*.host[*].mobility.typename,GaussMarkovMobility,,
General-3-20251226-16:19:21-135925,config,,,*.host[*].mobility.alpha,0.7,,
General-3-20251226-16:19:21-135925,config,,,*.host[*].mobility.speed,"uniform(5mps, 10mps)",,
General-3-20251226-16:19:21-135925,config,,,*.host[*].mobility.speedStdDev,1mps,,
General-3-20251226-16:19:21-135925,config,,,*.host[*].mobility.angle,"uniform(0deg, 360deg)",,
General-3-20251226-16:19:21-135925,config,,,*.host[*].mobility.angleStdDev,10deg,,
General-3-20251226-16:19:21-135925,config,,,*.host[*].mobility.margin,2m,,
General-3-20251226-16:19:21-135925,config,,,*.host[*].wlan[0].queue.typename,DropTailQueue,,
General-3-20251226-16:19:21-135925,config,,,*.host[*].wlan[0].queue.packetCapacity,10,,
General-3-20251226-16:19:21-135925,config,,,*.host[*].hasStatus,true,,
General-3-20251226-16:19:21-135925,config,,,*.host[*].wlan[0].radio.energyConsumer.typename,StateBasedEpEnergyConsumer,,
General-3-20251226-16:19:21-135925,config,,,*.host[*].wlan[0].radio.energyConsumer.offPowerConsumption,0mW,,
General-3-20251226-16:19:21-135925,config,,,*.host[*].wlan[0].radio.energyConsumer.sleepPowerConsumption,1mW,,
General-3-20251226-16:19:21-135925,config,,,*.host[*].wlan[0].radio.energyConsumer.switchingPowerConsumption,1mW,,
General-3-20251226-16:19:21-135925,config,,,*.host[*].wlan[0].radio.energyConsumer.receiverIdlePowerConsumption,2mW,,
General-3-20251226-16:19:21-135925,config,,,*.host[*].wlan[0].radio.energyConsumer.receiverBusyPowerConsumption,5mW,,
General-3-20251226-16:19:21-135925,config,,,*.host[*].wlan[0].radio.energyConsumer.receiverReceivingPowerConsumption,10mW,,
General-3-20251226-16:19:21-135925,config,,,*.host[*].wlan[0].radio.energyConsumer.transmitterIdlePowerConsumption,2mW,,
General-3-20251226-16:19:21-135925,config,,,*.host[*].wlan[0].radio.energyConsumer.transmitterTransmittingPowerConsumption,100mW,,
General-3-20251226-16:19:21-135925,config,,,*.host[*].energyStorage.typename,SimpleEpEnergyStorage,,
General-3-20251226-16:19:21-135925,config,,,*.host[*].energyStorage.nominalCapacity,2J,,
General-3-20251226-16:19:21-135925,config,,,*.host[*].energyStorage.initialCapacity,2J,,
General-3-20251226-16:19:21-135925,config,,,*.host[*].energyManagement.typename,SimpleEpEnergyManagement,,
General-3-20251226-16:19:21-135925,config,,,*.host[*].energyManagement.nodeStartCapacity,0.0001J,,
General-3-20251226-16:19:21-135925,config,,,*.host[*].energyManagement.nodeShutdownCapacity,0.0001J,,
General-3-20251226-16:19:21-135925,config,,,*.host[*].**.bitrate,6Mbps,,
General-3-20251226-16:19:21-135925,config,,,*.host[*].forwarding,true,,
General-3-20251226-16:19:21-135925,config,,,*.host[*].mobility.constraintAreaMinX,0m,,
General-3-20251226-16:19:21-135925,config,,,*.host[*].mobility.constraintAreaMinY,0m,,
General-3-20251226-16:19:21-135925,config,,,*.host[*].mobility.constraintAreaMinZ,0m,,
General-3-20251226-16:19:21-135925,config,,,*.host[*].mobility.constraintAreaMaxX,1250m,,
General-3-20251226-16:19:21-135925,config,,,*.host[*].mobility.constraintAreaMaxY,1250m,,
General-3-20251226-16:19:21-135925,config,,,*.host[*].mobility.constraintAreaMaxZ,0m,,
General-3-20251226-16:19:21-135925,config,,,*.host[*].mobility.initialX,"uniform(100m, 1150m)",,
General-3-20251226-16:19:21-135925,config,,,*.host[*].mobility.initialY,"uniform(100m, 1150m)",,
General-3-20251226-16:19:21-135925,config,,,*.host[*].wlan[0].radio.displayCommunicationRange,true,,
General-3-20251226-16:19:21-135925,config,,,*.configurator.config,"xml(""<config><interface hosts='**' address='10.0.0.x' netmask='255.255.255.0'/></config>"")",,
General-3-20251226-16:19:21-135925,config,,,*.configurator.addDefaultRoutes,false,,
General-3-20251226-16:19:21-135925,config,,,*.configurator.addStaticRoutes,false,,
General-3-20251226-16:19:21-135925,config,,,*.configurator.optimizeRoutes,false,,
General-3-20251226-16:19:21-135925,config,,,*.host*.ipv4.routingTable.netmaskRoutes,"""""",,
General-3-20251226-16:19:21-135925,config,,,*.linkVisualizer.*.displayLinks,false,,
General-1-20251226-16:19:21-135926,runattr,,,configname,General,,
General-1-20251226-16:19:21-135926,runattr,,,datetime,20251226-16:19:21,,
General-1-20251226-16:19:21-135926,runattr,,,datetimef,20251226-161921,,
General-1-20251226-16:19:21-135926,runattr,,,experiment,General,,
General-1-20251226-16:19:21-135926,runattr,,,inifile,omnetpp.ini,,
General-1-20251226-16:19:21-135926,runattr,,,iterationvars,,,
General-1-20251226-16:19:21-135926,runattr,,,iterationvarsd,,,
General-1-20251226-16:19:21-135926,runattr,,,iterationvarsf,,,
General-1-20251226-16:19:21-135926,runattr,,,measurement,,,
General-1-20251226-16:19:21-135926,runattr,,,network,src.AdhocNetwork1,,
General-1-20251226-16:19:21-135926,runattr,,,processid,135926,,
General-1-20251226-16:19:21-135926,runattr,,,repetition,1,,
General-1-20251226-16:19:21-135926,runattr,,,replication,#1,,
General-1-20251226-16:19:21-135926,runattr,,,resultdir,results,,
General-1-20251226-16:19:21-135926,runattr,,,runnumber,1,,
General-1-20251226-16:19:21-135926,runattr,,,seedset,1,,
General-1-20251226-16:19:21-135926,config,,,image-path,../../../inet4.5/images,,
General-1-20251226-16:19:21-135926,config,,,repeat,5,,
General-1-20251226-16:19:21-135926,config,,,network,src.AdhocNetwork1,,
General-1-20251226-16:19:21-135926,config,,,sim-time-limit,50s,,
General-1-20251226-16:19:21-135926,config,,,*.host[*].ipv4.arp.typename,GlobalArp,,
General-1-20251226-16:19:21-135926,config,,,*.host[*].numApps,3,,
General-1-20251226-16:19:21-135926,config,,,*.host[*].app[0].typename,src.cluster.ClusterApp,,
General-1-20251226-16:19:21-135926,config,,,*.host[*].app[0].localPort,4000,,
General-1-20251226-16:19:21-135926,config,,,*.host[*].app[0].destPort,4000,,
General-1-20251226-16:19:21-135926,config,,,*.host[*].app[0].helloInterval,1s,,
General-1-20251226-16:19:21-135926,config,,,*.host[*].app[0].cfInterval,3s,,
General-1-20251226-16:19:21-135926,config,,,*.host[*].app[0].hldTimeThreshold,1s,,
General-1-20251226-16:19:21-135926,config,,,*.host[*].app[0].maxTrials,3,,
General-1-20251226-16:19:21-135926,config,,,*.host[*].app[0].requestTimeout,1s,,
General-1-20251226-16:19:21-135926,config,,,*.host[*].app[0].maxClusterSize,10,,
General-1-20251226-16:19:21-135926,config,,,*.host[*].app[1].typename,src.tcp.RecordingTcpClientApp,,
General-1-20251226-16:19:21-135926,config,,,*.host[*].app[1].delaySamplePeriod,1s,,
General-1-20251226-16:19:21-135926,config,,,*.host[*].app[1].delayStaleWindow,3s,,
General-1-20251226-16:19:21-135926,config,,,*.host[*].app[1].connectPort,1000,,
General-1-20251226-16:19:21-135926,config,,,*.host[*].app[1].tOpen,"uniform(1s, 2s)",,
General-1-20251226-16:19:21-135926,config,,,*.host[*].app[1].tSend,"uniform(1s, 2s)",,
General-1-20251226-16:19:21-135926,config,,,*.host[*].app[1].thinkTime,"uniform(0s, 1s)",,
General-1-20251226-16:19:21-135926,config,,,*.host[*].app[1].idleInterval,"uniform(3s, 5s)",,
General-1-20251226-16:19:21-135926,config,,,*.host[*].app[1].sendBytes,200B,,
General-1-20251226-16:19:21-135926,config,,,*.host[*].app[1].sendInterval,"uniform(1s, 2s)",,
General-1-20251226-16:19:21-135926,config,,,*.host[*].app[1].connectAddress,"""host["" + string((index + intuniform(1,24)) % 25) + ""]""",,
General-1-20251226-16:19:21-135926,config,,,*.host[*].app[2].typename,TcpEchoApp,,
General-1-20251226-16:19:21-135926,config,,,*.host[*].app[2].localPort,1000,,
General-1-20251226-16:19:21-135926,config,,,*.host[*].typename,RouterWithMetrics,,
General-1-20251226-16:19:21-135926,config,,,**.metrics.samplePeriod,0.5s,,
General-1-20251226-16:19:21-135926,config,,,**.metrics.recordPerUtility,true,,
General-1-20251226-16:19:21-135926,config,,,*.host[*].wlan[0].typename,WirelessInterface,,
General-1-20251226-16:19:21-135926,config,,,*.radioMedium.typename,Ieee80211DimensionalRadioMedium,,
General-1-20251226-16:19:21-135926,config,,,*.radioMedium.analogModel.typename,DimensionalAnalogModel,,
General-1-20251226-16:19:21-135926,config,,,*.radioMedium.backgroundNoise.power,-120dBm,,
General-1-20251226-16:19:21-135926,config,,,*.host[*].wlan[0].radio.typename,Ieee80211DimensionalRadio,,
General-1-20251226-16:19:21-135926,config,,,*.host[*].wlan[0].radio.transmitter.power,2mW,,
General-1-20251226-16:19:21-135926,config,,,*.host[*].wlan[0].radio.transmitter.centerFrequency,2.412GHz,,
General-1-20251226-16:19:21-135926,config,,,*.host[*].wlan[0].radio.transmitter.bandwidth,20MHz,,
General-1-20251226-16:19:21-135926,config,,,*.host[*].wlan[0].radio.receiver.sensitivity,-90dBm,,
General-1-20251226-16:19:21-135926,config,,,*.host[*].wlan[0].radio.receiver.snirThreshold,4dB,,
General-1-20251226-16:19:21-135926,config,,,*.host[*].wlan[0].radio.receiver.ignoreInterference,false,,
General-1-20251226-16:19:21-135926,config,,,*.host[*].wlan[0].mac.rateControl.typename,ConstantRateControl,,
General-1-20251226-16:19:21-135926,config,,,*.host[*].wlan[0].mac.rateControl.dataRate,6Mbps,,
General-1-20251226-16:19:21-135926,config,,,*.host[*].wlan[0].mac.rateControl.multicastRate,6Mbps,,
General-1-20251226-16:19:21-135926,config,,,*.host[*].wlan[0].mac.typename,CsmaCaMac,,
General-1-20251226-16:19:21-135926,config,,,*.host[*].wlan[0].mac.ackTimeout,300us,,
General-1-20251226-16:19:21-135926,config,,,*.host[*].wlan[0].mac.useAck,true,,
General-1-20251226-16:19:21-135926,config,,,*.host[*].wlan[0].mac.fullDuplex,false,,
General-1-20251226-16:19:21-135926,config,,,*.host[*].wlan[0].mac.headerLength,23B,,
General-1-20251226-16:19:21-135926,config,,,*.host[*].mobility.typename,GaussMarkovMobility,,
General-1-20251226-16:19:21-135926,config,,,*.host[*].mobility.alpha,0.7,,
General-1-20251226-16:19:21-135926,config,,,*.host[*].mobility.speed,"uniform(5mps, 10mps)",,
General-1-20251226-16:19:21-135926,config,,,*.host[*].mobility.speedStdDev,1mps,,
General-1-20251226-16:19:21-135926,config,,,*.host[*].mobility.angle,"uniform(0deg, 360deg)",,
General-1-20251226-16:19:21-135926,config,,,*.host[*].mobility.angleStdDev,10deg,,
General-1-20251226-16:19:21-135926,config,,,*.host[*].mobility.margin,2m,,
General-1-20251226-16:19:21-135926,config,,,*.host[*].wlan[0].queue.typename,DropTailQueue,,
General-1-20251226-16:19:21-135926,config,,,*.host[*].wlan[0].queue.packetCapacity,10,,
General-1-20251226-16:19:21-135926,config,,,*.host[*].hasStatus,true,,
General-1-20251226-16:19:21-135926,config,,,*.host[*].wlan[0].radio.energyConsumer.typename,StateBasedEpEnergyConsumer,,
General-1-20251226-16:19:21-135926,config,,,*.host[*].wlan[0].radio.energyConsumer.offPowerConsumption,0mW,,
General-1-20251226-16:19:21-135926,config,,,*.host[*].wlan[0].radio.energyConsumer.sleepPowerConsumption,1mW,,
General-1-20251226-16:19:21-135926,config,,,*.host[*].wlan[0].radio.energyConsumer.switchingPowerConsumption,1mW,,
General-1-20251226-16:19:21-135926,config,,,*.host[*].wlan[0].radio.energyConsumer.receiverIdlePowerConsumption,2mW,,
General-1-20251226-16:19:21-135926,config,,,*.host[*].wlan[0].radio.energyConsumer.receiverBusyPowerConsumption,5mW,,
General-1-20251226-16:19:21-135926,config,,,*.host[*].wlan[0].radio.energyConsumer.receiverReceivingPowerConsumption,10mW,,
General-1-20251226-16:19:21-135926,config,,,*.host[*].wlan[0].radio.energyConsumer.transmitterIdlePowerConsumption,2mW,,
General-1-20251226-16:19:21-135926,config,,,*.host[*].wlan[0].radio.energyConsumer.transmitterTransmittingPowerConsumption,100mW,,
General-1-20251226-16:19:21-135926,config,,,*.host[*].energyStorage.typename,SimpleEpEnergyStorage,,
General-1-20251226-16:19:21-135926,config,,,*.host[*].energyStorage.nominalCapacity,2J,,
General-1-20251226-16:19:21-135926,config,,,*.host[*].energyStorage.initialCapacity,2J,,
General-1-20251226-16:19:21-135926,config,,,*.host[*].energyManagement.typename,SimpleEpEnergyManagement,,
General-1-20251226-16:19:21-135926,config,,,*.host[*].energyManagement.nodeStartCapacity,0.0001J,,
General-1-20251226-16:19:21-135926,config,,,*.host[*].energyManagement.nodeShutdownCapacity,0.0001J,,
General-1-20251226-16:19:21-135926,config,,,*.host[*].**.bitrate,6Mbps,,
General-1-20251226-16:19:21-135926,config,,,*.host[*].forwarding,true,,
General-1-20251226-16:19:21-135926,config,,,*.host[*].mobility.constraintAreaMinX,0m,,
General-1-20251226-16:19:21-135926,config,,,*.host[*].mobility.constraintAreaMinY,0m,,
General-1-20251226-16:19:21-135926,config,,,*.host[*].mobility.constraintAreaMinZ,0m,,
General-1-20251226-16:19:21-135926,config,,,*.host[*].mobility.constraintAreaMaxX,1250m,,
General-1-20251226-16:19:21-135926,config,,,*.host[*].mobility.constraintAreaMaxY,1250m,,
General-1-20251226-16:19:21-135926,config,,,*.host[*].mobility.constraintAreaMaxZ,0m,,
General-1-20251226-16:19:21-135926,config,,,*.host[*].mobility.initialX,"uniform(100m, 1150m)",,
General-1-20251226-16:19:21-135926,config,,,*.host[*].mobility.initialY,"uniform(100m, 1150m)",,
General-1-20251226-16:19:21-135926,config,,,*.host[*].wlan[0].radio.displayCommunicationRange,true,,
General-1-20251226-16:19:21-135926,config,,,*.configurator.config,"xml(""<config><interface hosts='**' address='10.0.0.x' netmask='255.255.255.0'/></config>"")",,
General-1-20251226-16:19:21-135926,config,,,*.configurator.addDefaultRoutes,false,,
General-1-20251226-16:19:21-135926,config,,,*.configurator.addStaticRoutes,false,,
General-1-20251226-16:19:21-135926,config,,,*.configurator.optimizeRoutes,false,,
General-1-20251226-16:19:21-135926,config,,,*.host*.ipv4.routingTable.netmaskRoutes,"""""",,
General-1-20251226-16:19:21-135926,config,,,*.linkVisualizer.*.displayLinks,false,,
General-4-20251226-16:19:21-135928,runattr,,,configname,General,,
General-4-20251226-16:19:21-135928,runattr,,,datetime,20251226-16:19:21,,
General-4-20251226-16:19:21-135928,runattr,,,datetimef,20251226-161921,,
General-4-20251226-16:19:21-135928,runattr,,,experiment,General,,
General-4-20251226-16:19:21-135928,runattr,,,inifile,omnetpp.ini,,
General-4-20251226-16:19:21-135928,runattr,,,iterationvars,,,
General-4-20251226-16:19:21-135928,runattr,,,iterationvarsd,,,
General-4-20251226-16:19:21-135928,runattr,,,iterationvarsf,,,
General-4-20251226-16:19:21-135928,runattr,,,measurement,,,
General-4-20251226-16:19:21-135928,runattr,,,network,src.AdhocNetwork1,,
General-4-20251226-16:19:21-135928,runattr,,,processid,135928,,
General-4-20251226-16:19:21-135928,runattr,,,repetition,4,,
General-4-20251226-16:19:21-135928,runattr,,,replication,#4,,
General-4-20251226-16:19:21-135928,runattr,,,resultdir,results,,
General-4-20251226-16:19:21-135928,runattr,,,runnumber,4,,
General-4-20251226-16:19:21-135928,runattr,,,seedset,4,,
General-4-20251226-16:19:21-135928,config,,,image-path,../../../inet4.5/images,,
General-4-20251226-16:19:21-135928,config,,,repeat,5,,
General-4-20251226-16:19:21-135928,config,,,network,src.AdhocNetwork1,,
General-4-20251226-16:19:21-135928,config,,,sim-time-limit,50s,,
General-4-20251226-16:19:21-135928,config,,,*.host[*].ipv4.arp.typename,GlobalArp,,
General-4-20251226-16:19:21-135928,config,,,*.host[*].numApps,3,,
General-4-20251226-16:19:21-135928,config,,,*.host[*].app[0].typename,src.cluster.ClusterApp,,
General-4-20251226-16:19:21-135928,config,,,*.host[*].app[0].localPort,4000,,
General-4-20251226-16:19:21-135928,config,,,*.host[*].app[0].destPort,4000,,
General-4-20251226-16:19:21-135928,config,,,*.host[*].app[0].helloInterval,1s,,
General-4-20251226-16:19:21-135928,config,,,*.host[*].app[0].cfInterval,3s,,
General-4-20251226-16:19:21-135928,config,,,*.host[*].app[0].hldTimeThreshold,1s,,
General-4-20251226-16:19:21-135928,config,,,*.host[*].app[0].maxTrials,3,,
General-4-20251226-16:19:21-135928,config,,,*.host[*].app[0].requestTimeout,1s,,
General-4-20251226-16:19:21-135928,config,,,*.host[*].app[0].maxClusterSize,10,,
General-4-20251226-16:19:21-135928,config,,,*.host[*].app[1].typename,src.tcp.RecordingTcpClientApp,,
General-4-20251226-16:19:21-135928,config,,,*.host[*].app[1].delaySamplePeriod,1s,,
General-4-20251226-16:19:21-135928,config,,,*.host[*].app[1].delayStaleWindow,3s,,
General-4-20251226-16:19:21-135928,config,,,*.host[*].app[1].connectPort,1000,,
General-4-20251226-16:19:21-135928,config,,,*.host[*].app[1].tOpen,"uniform(1s, 2s)",,
General-4-20251226-16:19:21-135928,config,,,*.host[*].app[1].tSend,"uniform(1s, 2s)",,
General-4-20251226-16:19:21-135928,config,,,*.host[*].app[1].thinkTime,"uniform(0s, 1s)",,
General-4-20251226-16:19:21-135928,config,,,*.host[*].app[1].idleInterval,"uniform(3s, 5s)",,
General-4-20251226-16:19:21-135928,config,,,*.host[*].app[1].sendBytes,200B,,
General-4-20251226-16:19:21-135928,config,,,*.host[*].app[1].sendInterval,"uniform(1s, 2s)",,
General-4-20251226-16:19:21-135928,config,,,*.host[*].app[1].connectAddress,"""host["" + string((index + intuniform(1,24)) % 25) + ""]""",,
General-4-20251226-16:19:21-135928,config,,,*.host[*].app[2].typename,TcpEchoApp,,
General-4-20251226-16:19:21-135928,config,,,*.host[*].app[2].localPort,1000,,
General-4-20251226-16:19:21-135928,config,,,*.host[*].typename,RouterWithMetrics,,
General-4-20251226-16:19:21-135928,config,,,**.metrics.samplePeriod,0.5s,,
General-4-20251226-16:19:21-135928,config,,,**.metrics.recordPerUtility,true,,
General-4-20251226-16:19:21-135928,config,,,*.host[*].wlan[0].typename,WirelessInterface,,
General-4-20251226-16:19:21-135928,config,,,*.radioMedium.typename,Ieee80211DimensionalRadioMedium,,
General-4-20251226-16:19:21-135928,config,,,*.radioMedium.analogModel.typename,DimensionalAnalogModel,,
General-4-20251226-16:19:21-135928,config,,,*.radioMedium.backgroundNoise.power,-120dBm,,
General-4-20251226-16:19:21-135928,config,,,*.host[*].wlan[0].radio.typename,Ieee80211DimensionalRadio,,
General-4-20251226-16:19:21-135928,config,,,*.host[*].wlan[0].radio.transmitter.power,2mW,,
General-4-20251226-16:19:21-135928,config,,,*.host[*].wlan[0].radio.transmitter.centerFrequency,2.412GHz,,
General-4-20251226-16:19:21-135928,config,,,*.host[*].wlan[0].radio.transmitter.bandwidth,20MHz,,
General-4-20251226-16:19:21-135928,config,,,*.host[*].wlan[0].radio.receiver.sensitivity,-90dBm,,
General-4-20251226-16:19:21-135928,config,,,*.host[*].wlan[0].radio.receiver.snirThreshold,4dB,,
General-4-20251226-16:19:21-135928,config,,,*.host[*].wlan[0].radio.receiver.ignoreInterference,false,,
General-4-20251226-16:19:21-135928,config,,,*.host[*].wlan[0].mac.rateControl.typename,ConstantRateControl,,
General-4-20251226-16:19:21-135928,config,,,*.host[*].wlan[0].mac.rateControl.dataRate,6Mbps,,
General-4-20251226-16:19:21-135928,config,,,*.host[*].wlan[0].mac.rateControl.multicastRate,6Mbps,,
General-4-20251226-16:19:21-135928,config,,,*.host[*].wlan[0].mac.typename,CsmaCaMac,,
General-4-20251226-16:19:21-135928,config,,,*.host[*].wlan[0].mac.ackTimeout,300us,,
General-4-20251226-16:19:21-135928,config,,,*.host[*].wlan[0].mac.useAck,true,,
General-4-20251226-16:19:21-135928,config,,,*.host[*].wlan[0].mac.fullDuplex,false,,
General-4-20251226-16:19:21-135928,config,,,*.host[*].wlan[0].mac.headerLength,23B,,
General-4-20251226-16:19:21-135928,config,,,*.host[*].mobility.typename,GaussMarkovMobility,,
General-4-20251226-16:19:21-135928,config,,,*.host[*].mobility.alpha,0.7,,
General-4-20251226-16:19:21-135928,config,,,*.host[*].mobility.speed,"uniform(5mps, 10mps)",,
General-4-20251226-16:19:21-135928,config,,,*.host[*].mobility.speedStdDev,1mps,,
General-4-20251226-16:19:21-135928,config,,,*.host[*].mobility.angle,"uniform(0deg, 360deg)",,
General-4-20251226-16:19:21-135928,config,,,*.host[*].mobility.angleStdDev,10deg,,
General-4-20251226-16:19:21-135928,config,,,*.host[*].mobility.margin,2m,,
General-4-20251226-16:19:21-135928,config,,,*.host[*].wlan[0].queue.typename,DropTailQueue,,
General-4-20251226-16:19:21-135928,config,,,*.host[*].wlan[0].queue.packetCapacity,10,,
General-4-20251226-16:19:21-135928,config,,,*.host[*].hasStatus,true,,
General-4-20251226-16:19:21-135928,config,,,*.host[*].wlan[0].radio.energyConsumer.typename,StateBasedEpEnergyConsumer,,
General-4-20251226-16:19:21-135928,config,,,*.host[*].wlan[0].radio.energyConsumer.offPowerConsumption,0mW,,
General-4-20251226-16:19:21-135928,config,,,*.host[*].wlan[0].radio.energyConsumer.sleepPowerConsumption,1mW,,
General-4-20251226-16:19:21-135928,config,,,*.host[*].wlan[0].radio.energyConsumer.switchingPowerConsumption,1mW,,
General-4-20251226-16:19:21-135928,config,,,*.host[*].wlan[0].radio.energyConsumer.receiverIdlePowerConsumption,2mW,,
General-4-20251226-16:19:21-135928,config,,,*.host[*].wlan[0].radio.energyConsumer.receiverBusyPowerConsumption,5mW,,
General-4-20251226-16:19:21-135928,config,,,*.host[*].wlan[0].radio.energyConsumer.receiverReceivingPowerConsumption,10mW,,
General-4-20251226-16:19:21-135928,config,,,*.host[*].wlan[0].radio.energyConsumer.transmitterIdlePowerConsumption,2mW,,
General-4-20251226-16:19:21-135928,config,,,*.host[*].wlan[0].radio.energyConsumer.transmitterTransmittingPowerConsumption,100mW,,
General-4-20251226-16:19:21-135928,config,,,*.host[*].energyStorage.typename,SimpleEpEnergyStorage,,
General-4-20251226-16:19:21-135928,config,,,*.host[*].energyStorage.nominalCapacity,2J,,
General-4-20251226-16:19:21-135928,config,,,*.host[*].energyStorage.initialCapacity,2J,,
General-4-20251226-16:19:21-135928,config,,,*.host[*].energyManagement.typename,SimpleEpEnergyManagement,,
General-4-20251226-16:19:21-135928,config,,,*.host[*].energyManagement.nodeStartCapacity,0.0001J,,
General-4-20251226-16:19:21-135928,config,,,*.host[*].energyManagement.nodeShutdownCapacity,0.0001J,,
General-4-20251226-16:19:21-135928,config,,,*.host[*].**.bitrate,6Mbps,,
General-4-20251226-16:19:21-135928,config,,,*.host[*].forwarding,true,,
General-4-20251226-16:19:21-135928,config,,,*.host[*].mobility.constraintAreaMinX,0m,,
General-4-20251226-16:19:21-135928,config,,,*.host[*].mobility.constraintAreaMinY,0m,,
General-4-20251226-16:19:21-135928,config,,,*.host[*].mobility.constraintAreaMinZ,0m,,
General-4-20251226-16:19:21-135928,config,,,*.host[*].mobility.constraintAreaMaxX,1250m,,
General-4-20251226-16:19:21-135928,config,,,*.host[*].mobility.constraintAreaMaxY,1250m,,
General-4-20251226-16:19:21-135928,config,,,*.host[*].mobility.constraintAreaMaxZ,0m,,
General-4-20251226-16:19:21-135928,config,,,*.host[*].mobility.initialX,"uniform(100m, 1150m)",,
General-4-20251226-16:19:21-135928,config,,,*.host[*].mobility.initialY,"uniform(100m, 1150m)",,
General-4-20251226-16:19:21-135928,config,,,*.host[*].wlan[0].radio.displayCommunicationRange,true,,
General-4-20251226-16:19:21-135928,config,,,*.configurator.config,"xml(""<config><interface hosts='**' address='10.0.0.x' netmask='255.255.255.0'/></config>"")",,
General-4-20251226-16:19:21-135928,config,,,*.configurator.addDefaultRoutes,false,,
General-4-20251226-16:19:21-135928,config,,,*.configurator.addStaticRoutes,false,,
General-4-20251226-16:19:21-135928,config,,,*.configurator.optimizeRoutes,false,,
General-4-20251226-16:19:21-135928,config,,,*.host*.ipv4.routingTable.netmaskRoutes,"""""",,
General-4-20251226-16:19:21-135928,config,,,*.linkVisualizer.*.displayLinks,false,,
General-0-20251226-16:19:21-135927,vector,AdhocNetwork1.host[0].app[1],e2eDelayPeriodicSec,,,"1 2 3 4 5 6 7 8 9 10 11 12 13 14 15 16 17 18 19 20 21 22 23 24 25 26 27 28 29 30 31 32 33 34 35 36 37 38 39 40 41 42 43 44 45 46 47 48 49 50","NaN NaN NaN NaN NaN NaN NaN NaN NaN NaN 0.014503483962 0.014503483962 0.014503483962 NaN 0.008487481081 0.008487481081 0.008487481081 NaN 0.007404004095 0.007404004095 0.007404004095 NaN NaN 0.033867478883 0.033867478883 0.033867478883 NaN 0.00776766362 0.00776766362 0.00776766362 NaN NaN NaN 0.004969900167 0.004969900167 0.004969900167 NaN 0.005950398746 0.005950398746 0.005950398746 NaN 0.004630801745 0.004630801745 0.004630801745 NaN 0.003240699405 0.003240699405 0.003240699405 NaN NaN"
General-0-20251226-16:19:21-135927,vector,AdhocNetwork1.host[0].rl,rlReward,,,"1 2 3 4 5 6 7 8 9 10 11 12 13 14 15 16 17 18 19 20 21 22 23 24 25 26 27 28 29 30 31 32 33 34 35 36 37 38 39 40 41 42 43 44 45 46 47 48 49 50","0.33333333333333 0 0.085422326253977 0.08387390138393 -0.61798074366401 -0.57899549908808 -0.60798061579209 -0.62873945556016 -0.37577754893726 -0.49580630347552 -0.60844076412005 0.18064063935668 -0.10154715145456 0.095617469406911 0.22194871902881 0.37598443913623 -0.13991793804446 0.23764219701221 0.24151058808227 0.20263179859497 -0.37598301550983 0.047995833799512 -0.10443593519614 0.16459230421047 0.23146430968845 0.22555832857572 0.34646567573619 0.34309890993309 0.38488453512399 0.23944861271217 0.23208152123163 0.18689529308927 0.22717262296905 -0.097003797779497 0.22081973126388 0.2387353221571 0.16977893428918 0.23069152355199 0.21094395454965 0.23487914445236 0.23677969968417 0.16497379383493 0.19776204413128 0.24423513536185 0.24187384593295 0.21657643623037 0.1337191472889 0.20775108132698 0.20669505302636 0.58681822323101"
General-0-20251226-16:19:21-135927,vector,AdhocNetwork1.host[1].app[1],e2eDelayPeriodicSec,,,"1 2 3 4 5 6 7 8 9 10 11 12 13 14 15 16 17 18 19 20 21 22 23 24 25 26 27 28 29 30 31 32 33 34 35 36 37 38 39 40 41 42 43 44 45 46 47 48 49 50","NaN 0.087433176114 0.087433176114 0.087433176114 NaN NaN NaN NaN 0.010162382018 0.010162382018 0.010162382018 0.005210208291 0.005210208291 0.005210208291 NaN NaN 0.004529274378 0.004529274378 0.004529274378 NaN NaN 0.005350444364 0.005350444364 0.005350444364 0.004624656812 0.004624656812 0.004624656812 NaN NaN 0.005390031451 0.005390031451 0.005390031451 0.005459423526 0.005459423526 0.005459423526 NaN NaN 0.004567774832 0.004567774832 0.004567774832 NaN 0.003576415535 0.003576415535 0.003576415535 0.004035237103 0.004035237103 0.004035237103 NaN 0.002758260723 0.002758260723"
General-0-20251226-16:19:21-135927,vector,AdhocNetwork1.host[1].rl,rlReward,,,"1 2 3 4 5 6 7 8 9 10 11 12 13 14 15 16 17 18 19 20 21 22 23 24 25 26 27 28 29 30 31 32 33 34 35 36 37 38 39 40 41 42 43 44 45 46 47 48 49 50","0.33333333333333 0.1 0.077460492455352 0.067361314366023 0.051884251244574 0.070551197628081 0.01778638524165 0.066865893312097 0.056058440873064 0.063215698710864 0.075617622450685 0.031824093771219 0.044481977037888 0.37371705238708 0.08464474315031 0.070541067227003 0.047901915613432 0.052045849212489 0.36491065033717 0.37417488189737 0.37378679136626 0.31485300122821 0.36208885868053 0.36149337636675 0.36621020099619 0.35299153517815 0.34775612857665 0.35160996579156 0.3754687330974 0.20361931314524 0.066909358559863 0.05664449774801 -0.10790494969402 0.064689714808384 0.085560525266369 0.08250892338868 0.047332724514895 0.07681703494523 0.067663860124766 0.084674440867726 0.084496488944001 0.026062220947171 0.073758568671283 0.09027077586367 0.086857941435272 0.1946919062759 0.16383370370922 0.2124976548473 0.19582233036539 0.22169724459801"
General-0-20251226-16:19:21-135927,vector,AdhocNetwork1.host[2].app[1],e2eDelayPeriodicSec,,,"1 2 3 4 5 6 7 8 9 10 11 12 13 14 15 16 17 18 19 20 21 22 23 24 25 26 27 28 29 30 31 32 33 34 35 36 37 38 39 40 41 42 43 44 45 46 47 48 49 50","NaN NaN NaN NaN 0.036521421766 0.036521421766 0.036521421766 NaN 0.00924368464 0.00924368464 0.00924368464 NaN NaN 0.008102959752 0.008102959752 0.008102959752 0.00683789978 0.00683789978 0.00683789978 NaN NaN 0.013589256193 0.013589256193 0.013589256193 NaN 0.007033890139 0.007033890139 0.007033890139 NaN NaN 0.011867631466 0.011867631466 0.011867631466 0.007629403321 0.007629403321 0.007629403321 NaN 0.009879591804 0.009879591804 0.009879591804 NaN NaN NaN 0.009419555209 0.009419555209 0.009419555209 NaN 0.00678972849 0.00678972849 0.00678972849"
General-0-20251226-16:19:21-135927,vector,AdhocNetwork1.host[2].rl,rlReward,,,"1 2 3 4 5 6 7 8 9 10 11 12 13 14 15 16 17 18 19 20 21 22 23 24 25 26 27 28 29 30 31 32 33 34 35 36 37 38 39 40 41 42 43 44 45 46 47 48 49 50","0.33333333333333 0 0.16694990790568 0.15826021216304 0.37186695496595 0.43619074512278 0.3669233743829 0.44563641929155 0.42349564153882 0.40621603273483 0.42420253842598 0.4033148208219 0.41246386737773 -0.033538491127223 0.14374683180923 0.4179749394287 0.11709894199613 0.13688955097481 0.13315752909564 0.16413669642794 0.16874844511954 0.087570518329907 0.15014349342217 0.12796846091295 0.1664458703694 0.13713894000236 0.13794558820314 0.12622284931199 0.15493455844223 0.17030717923708 0.15131848826045 -0.58647812045852 -0.56382717311991 -0.56132709096533 -0.50926733100344 -0.49940259992636 -0.54611846189489 -0.52295112953203 -0.16035964682773 -0.56410116577604 -0.54677052529464 0.41485598313569 0.44243100365378 0.45272209085667 0.44223481356289 0.4368251391308 0.43778424786895 0.45084958363748 0.43476037994966 0.44356444426352"
General-0-20251226-16:19:21-135927,vector,AdhocNetwork1.host[3].app[1],e2eDelayPeriodicSec,,,"1 2 3 4 5 6 7 8 9 10 11 12 13 14 15 16 17 18 19 20 21 22 23 24 25 26 27 28 29 30 31 32 33 34 35 36 37 38 39 40 41 42 43 44 45 46 47 48 49 50","NaN 0.118728900365 0.118728900365 0.118728900365 NaN 0.023211654439 0.023211654439 0.023211654439 NaN NaN NaN NaN NaN 0.012745698373 0.012745698373 0.012745698373 NaN NaN NaN NaN NaN NaN NaN NaN NaN NaN 0.012009504782 0.012009504782 0.012009504782 NaN NaN NaN 0.008589334481 0.008589334481 0.008589334481 NaN 0.007515489883 0.007515489883 0.007515489883 NaN 0.01194380572 0.01194380572 0.01194380572 NaN 0.007948064405 0.007948064405 0.007948064405 NaN NaN 0.008095550891"
General-0-20251226-16:19:21-135927,vector,AdhocNetwork1.host[3].rl,rlReward,,,"1 2 3 4 5 6 7 8 9 10 11 12 13 14 15 16 17 18 19 20 21 22 23 24 25 26 27 28 29 30 31 32 33 34 35 36 37 38 39 40 41 42 43 44 45 46 47 48 49 50","0.33333333333333 0.1 0.12495858848107 0.12908294669804 0.097806020262763 0.12696122660485 0.064389376666854 0.12737450140892 -0.070793314921948 0.11581846976817 0.11531139559298 0.088428428981099 0.10021963181608 0.11118521498574 0.12792535051743 0.11757690726756 0.071629331415727 0.12042087842737 0.11747779808204 0.11676052089918 0.11532741630856 0.057614914627243 0.10806307069595 0.12915050281563 0.11308130867756 0.12427971178426 0.077717187178439 0.11207705563866 0.1056284828213 0.11954975704827 0.11347385475287 0.028356019289602 0.12102830038703 0.082139841925399 0.11889473665706 0.11557546459917 0.053143462821717 0.092540453400047 0.09966767022659 0.086920427476419 0.10361998642701 0.046616975963495 0.36766616559803 0.11456017951829 0.10699798316736 0.064241841825281 0.032902453722449 0.076502017245195 0.097979627037064 0.020838360895264"
General-0-20251226-16:19:21-135927,vector,AdhocNetwork1.host[4].app[1],e2eDelayPeriodicSec,,,"1 2 3 4 5 6 7 8 9 10 11 12 13 14 15 16 17 18 19 20 21 22 23 24 25 26 27 28 29 30 31 32 33 34 35 36 37 38 39 40 41 42 43 44 45 46 47 48 49 50","NaN 0.016727019917 0.016727019917 0.016727019917 NaN 0.00283815188 0.00283815188 0.00283815188 0.002857985354 0.002857985354 0.002857985354 NaN 0.002797639117 0.002797639117 0.002797639117 NaN NaN 0.002737366984 0.002737366984 0.002737366984 0.00257722312 0.00257722312 0.00257722312 NaN NaN 0.003371764519 0.003371764519 0.003371764519 0.002696822803 0.002696822803 0.002696822803 NaN 0.002896713655 0.002896713655 0.002896713655 NaN NaN 0.002136551995 0.002136551995 0.002136551995 NaN NaN 0.005219275473 0.005219275473 0.005219275473 0.002565773583 0.002565773583 0.002565773583 NaN NaN"
General-0-20251226-16:19:21-135927,vector,AdhocNetwork1.host[4].rl,rlReward,,,"1 2 3 4 5 6 7 8 9 10 11 12 13 14 15 16 17 18 19 20 21 22 23 24 25 26 27 28 29 30 31 32 33 34 35 36 37 38 39 40 41 42 43 44 45 46 47 48 49 50","0.33333333333333 0 0.12409076191132 0.12918705273889 0.050795239165145 0.11776074925956 0.0039568245794064 -0.032682478617477 0.10161334802997 0.10780039905748 -0.03869730742181 0.09584433677985 0.091752968137074 0.09323320560361 0.1224941005618 -0.54552446101601 -0.58182082825774 -0.5612698301638 -0.55411438211534 -0.54402837175253 -0.34885172595556 0.39156989053667 0.42788521096644 0.40776337916592 0.41420661531681 0.40786508139139 0.38123076634986 0.38566767812138 0.40293756500179 0.39082778282845 0.40971257066019 0.07332642674784 0.41474193491763 0.38206475045044 0.41242537255329 0.40046666804664 0.35291106289251 0.40647695461182 0.38705929826327 0.40262675602917 0.38822053514038 0.37800492087793 0.3766737825541 0.398991757322 0.42040148879045 0.39825341812906 0.37031780304524 0.41377346729314 0.42007207885768 0.40769698410565"
General-0-20251226-16:19:21-135927,vector,AdhocNetwork1.host[5].app[1],e2eDelayPeriodicSec,,,"1 2 3 4 5 6 7 8 9 10 11 12 13 14 15 16 17 18 19 20 21 22 23 24 25 26 27 28 29 30 31 32 33 34 35 36 37 38 39 40 41 42 43 44 45 46 47 48 49 50","NaN 0.062277345884 0.062277345884 0.062277345884 NaN NaN NaN NaN NaN NaN NaN NaN NaN 0.00736139357 0.00736139357 0.00736139357 NaN NaN 0.005866138727 0.005866138727 0.005866138727 NaN NaN NaN NaN NaN 0.008874488606 0.008874488606 0.008874488606 NaN NaN NaN NaN 0.016404822229 0.016404822229 0.016404822229 NaN NaN NaN NaN NaN 0.009804335758 0.009804335758 0.009804335758 NaN 0.015773106459 0.015773106459 0.015773106459 NaN 0.009059051339"
General-0-20251226-16:19:21-135927,vector,AdhocNetwork1.host[5].rl,rlReward,,,"1 2 3 4 5 6 7 8 9 10 11 12 13 14 15 16 17 18 19 20 21 22 23 24 25 26 27 28 29 30 31 32 33 34 35 36 37 38 39 40 41 42 43 44 45 46 47 48 49 50","0.33333333333333 0 0.15602559151284 0.1489960401746 0.068214029226355 0.14934899066841 0.1145617423369 0.14847489274123 0.1134890531964 0.14726390503168 0.12597996764386 0.10266946040235 0.10948288937941 0.14302607522959 0.12681959247415 0.11241382091744 0.26780249015648 0.14302094348094 0.15156845247737 0.097550199289369 0.14625706368686 0.098343433611861 0.12553951669987 0.15332088361434 0.12954298095968 0.13541852546875 0.12898809280285 0.085285496397994 0.1565255345748 0.14751836422895 0.14868144280492 0.10829677910121 0.14855384838013 0.11743732436987 0.13679608319744 0.13988845343397 0.12453970559505 0.14927382106672 0.11023334474575 0.15532365429901 0.15406890350811 0.10207496502936 0.10130216638775 0.16051024515157 0.15980132656222 0.13498795710267 0.10938819136471 0.14011137821513 0.11927218138366 0.1323737203565"
General-0-20251226-16:19:21-135927,vector,AdhocNetwork1.host[6].app[1],e2eDelayPeriodicSec,,,"1 2 3 4 5 6 7 8 9 10 11 12 13 14 15 16 17 18 19 20 21 22 23 24 25 26 27 28 29 30 31 32 33 34 35 36 37 38 39 40 41 42 43 44 45 46 47 48 49 50","NaN NaN NaN NaN 0.043951754197 0.043951754197 0.043951754197 NaN NaN NaN NaN 0.012548048173 0.012548048173 0.012548048173 NaN 0.008228564647 0.008228564647 0.008228564647 NaN NaN NaN NaN 0.011243519894 0.011243519894 0.011243519894 NaN 0.00904951222 0.00904951222 0.00904951222 NaN NaN NaN NaN NaN 0.010799211399 0.010799211399 0.010799211399 NaN 0.00975600434 0.00975600434 0.00975600434 NaN NaN 0.010416515247 0.010416515247 0.010416515247 NaN 0.011181780475 0.011181780475 0.011181780475"
General-0-20251226-16:19:21-135927,vector,AdhocNetwork1.host[6].rl,rlReward,,,"1 2 3 4 5 6 7 8 9 10 11 12 13 14 15 16 17 18 19 20 21 22 23 24 25 26 27 28 29 30 31 32 33 34 35 36 37 38 39 40 41 42 43 44 45 46 47 48 49 50","0.33333333333333 0 0.38764009405956 0.39569419580316 0.34254712085974 0.39131089084697 0.31946450159956 0.38835365295282 0.23816899146733 0.37554811217934 0.37297466229398 0.047645273006308 0.073717289436929 0.77176437645675 0.097654938483308 -0.64850393011198 -0.62955180939064 -0.62298202752107 -0.60347572328541 -0.47537453171139 -0.56552463635064 0.07076412121772 0.060603205398775 0.10118449648576 0.098428176657068 0.098993507541591 0.32103946566866 0.37235439080235 0.38442380706513 0.38705538252014 0.088477379907316 -0.63401283628491 -0.57432176882263 -0.39719272076876 -0.58487682377894 -0.61094525712653 -0.66566649989906 -0.60152710115818 0.087646193106211 -0.61022514590129 -0.62011994038872 -0.15686127231353 0.066826711042829 -0.10171364265665 0.089570441422023 0.068547917984718 0.35309850426152 -0.094235880994747 0.20175756859793 0.068155548270874"
General-0-20251226-16:19:21-135927,vector,AdhocNetwork1.host[7].app[1],e2eDelayPeriodicSec,,,"1 2 3 4 5 6 7 8 9 10 11 12 13 14 15 16 17 18 19 20 21 22 23 24 25 26 27 28 29 30 31 32 33 34 35 36 37 38 39 40 41 42 43 44 45 46 47 48 49 50","NaN 0 0 0 0 0 0 NaN 0 0 0 NaN 0 0 0 0 0 0 NaN 0 0 0 NaN 0 0 0 0 0 0 NaN NaN 0 0 0 NaN 0 0 0 0 0 0 NaN NaN 0 0 0 NaN NaN 0 0"
General-0-20251226-16:19:21-135927,vector,AdhocNetwork1.host[7].rl,rlReward,,,"1 2 3 4 5 6 7 8 9 10 11 12 13 14 15 16 17 18 19 20 21 22 23 24 25 26 27 28 29 30 31 32 33 34 35 36 37 38 39 40 41 42 43 44 45 46 47 48 49 50","0.33333333333333 0 0.060445264452271 0.058018696186335 -0.0075616236168879 -0.61563493234965 -0.64039806411051 -0.65791630996359 -0.54171808118137 -0.60410233702392 -0.39716383763903 0.014913119316222 0.17804729519455 0.20071512915053 0.071247674850037 -0.12993009425907 0.11391105302013 0.34989844212883 0.1974173136224 0.19945092250833 0.049417860514019 0.12919304822821 0.057919311192702 0.16776541578443 0.19970110701039 0.17851216803834 0.15448149762769 -0.16867561964596 0.20952131689809 0.18319454445237 0.18918302709773 0.11696642063055 0.064478838260565 0.16518918865965 0.19658614670708 0.17020565212006 0.1 0.21328621105898 0.1841577909766 0.19831326173051 0.078012033176935 0.15670974153294 0.17569953977093 0.22838240743129 0.22735391463433 0.1856951407409 0.036454259501027 0.20974095447613 0.20764844275694 0.076441350054549"
General-0-20251226-16:19:21-135927,vector,AdhocNetwork1.host[8].app[1],e2eDelayPeriodicSec,,,"1 2 3 4 5 6 7 8 9 10 11 12 13 14 15 16 17 18 19 20 21 22 23 24 25 26 27 28 29 30 31 32 33 34 35 36 37 38 39 40 41 42 43 44 45 46 47 48 49 50","NaN 0.025263861568 0.025263861568 0.025263861568 NaN NaN NaN NaN 0.012032995273 0.012032995273 0.012032995273 NaN NaN 0.008549956181 0.008549956181 0.008549956181 NaN NaN 0.012152326138 0.012152326138 0.012152326138 NaN NaN 0.020182880492 0.020182880492 0.020182880492 NaN 0.015635106959 0.015635106959 0.015635106959 0.011834777062 0.011834777062 0.011834777062 NaN NaN NaN NaN NaN 0.014076823298 0.014076823298 0.014076823298 0.009880711879 0.009880711879 0.009880711879 NaN NaN NaN NaN NaN NaN"
General-0-20251226-16:19:21-135927,vector,AdhocNetwork1.host[8].rl,rlReward,,,"1 2 3 4 5 6 7 8 9 10 11 12 13 14 15 16 17 18 19 20 21 22 23 24 25 26 27 28 29 30 31 32 33 34 35 36 37 38 39 40 41 42 43 44 45 46 47 48 49 50","0.33333333333333 0 0.13698517533677 0.13376123585538 0.12422984782084 0.13642606116485 0.095016225442842 0.28213465318898 0.11292054376709 0.089152790275227 0.127742470502 0.095963478833775 0.10019836825698 0.089875240416488 0.23289106942267 0.2596941740903 0.074658050231604 0.11071042399928 0.39666094291605 0.10322823812866 0.097832972116063 0.081728975849856 0.11932980980972 0.098553631098052 0.10536987315291 0.11955504244968 0.078792044149045 0.055871516251219 -0.05439871120093 0.10650171937215 0.1082136650999 0.0030031789000288 0.11655889558033 0.085642362252663 0.11718817607226 0.098451741772403 0.083332064516279 0.10055068767624 0.090517031665913 0.1186760174922 0.28618728115643 0.072660880436379 0.078184880671306 0.12711755204906 0.11879916407296 0.10546076704891 0.060522096986791 0.11251822729698 0.074386733158649 0.088033444447075"
General-0-20251226-16:19:21-135927,vector,AdhocNetwork1.host[9].app[1],e2eDelayPeriodicSec,,,"1 2 3 4 5 6 7 8 9 10 11 12 13 14 15 16 17 18 19 20 21 22 23 24 25 26 27 28 29 30 31 32 33 34 35 36 37 38 39 40 41 42 43 44 45 46 47 48 49 50","NaN 0.016184594871 0.016184594871 0.016184594871 NaN 0.004172033967 0.004172033967 0.004172033967 NaN NaN NaN NaN 0.00560358688 0.00560358688 0.00560358688 NaN NaN NaN 0.005009011143 0.005009011143 0.005009011143 NaN 0.005199171091 0.005199171091 0.005199171091 NaN 0.005484828061 0.005484828061 0.005484828061 NaN NaN NaN NaN 0.005760057575 0.005760057575 0.005760057575 0.007864543026 0.007864543026 0.007864543026 NaN 0.010183345905 0.010183345905 0.010183345905 NaN 0.035784595378 0.035784595378 0.035784595378 NaN 0.006384301934 0.006384301934"
General-0-20251226-16:19:21-135927,vector,AdhocNetwork1.host[9].rl,rlReward,,,"1 2 3 4 5 6 7 8 9 10 11 12 13 14 15 16 17 18 19 20 21 22 23 24 25 26 27 28 29 30 31 32 33 34 35 36 37 38 39 40 41 42 43 44 45 46 47 48 49 50","0.33333333333333 0 0.44841492393408 0.44532359346711 0.73224182441718 0.16237811754669 0.090788053059259 0.17068920678168 0.1585049580937 0.11298752042384 0.44631599822398 0.13885740851927 -0.04701921755194 -0.52344058489084 -0.51091832988488 -0.52822172127121 -0.28850949426272 -0.2630924523324 -0.52389023316974 -0.50450854186364 -0.50130597626597 0.11652348657345 0.16558716778697 0.14676081741239 0.16848935092926 0.14954119218592 0.087810959835971 0.14486391228254 0.12845029672172 0.45087947251355 0.4168856285891 0.38575416186477 0.44186396927481 0.41900069683043 -0.045515597946247 0.34037740348709 0.39854065820863 0.40419484355552 0.43641961736474 0.40753123197272 0.42444842993212 0.40348354589862 0.42100080877684 0.43386839435408 0.41865460711941 0.40119648542334 0.42053646614692 0.44050252592376 0.42016329924289 -0.054952949437908"
General-0-20251226-16:19:21-135927,vector,AdhocNetwork1.host[10].app[1],e2eDelayPeriodicSec,,,"1 2 3 4 5 6 7 8 9 10 11 12 13 14 15 16 17 18 19 20 21 22 23 24 25 26 27 28 29 30 31 32 33 34 35 36 37 38 39 40 41 42 43 44 45 46 47 48 49 50","NaN 0.006022333397 0.006022333397 0.006022333397 0.002738457382 0.002738457382 0.002738457382 0.003337910286 0.003337910286 0.003337910286 NaN 0.003057428891 0.003057428891 0.003057428891 NaN 0.003342216994 0.003342216994 0.003342216994 NaN 0.002956383606 0.002956383606 0.002956383606 NaN 0.006954399755 0.006954399755 0.006954399755 0.00321537514 0.00321537514 0.00321537514 NaN 0.002334868056 0.002334868056 0.002334868056 NaN 0.002654268543 0.002654268543 0.002654268543 NaN 0.002153779621 0.002153779621 0.002153779621 0.003393335217 0.003393335217 0.003393335217 NaN 0.002772954201 0.002772954201 0.002772954201 NaN 0.0023528039"
General-0-20251226-16:19:21-135927,vector,AdhocNetwork1.host[10].rl,rlReward,,,"1 2 3 4 5 6 7 8 9 10 11 12 13 14 15 16 17 18 19 20 21 22 23 24 25 26 27 28 29 30 31 32 33 34 35 36 37 38 39 40 41 42 43 44 45 46 47 48 49 50","0.33333333333333 0 0.10287028388073 0.097930043934073 0.079405783474071 0.086419545871731 0.043240686342539 0.096203682778657 0.36747092961341 0.069490396270015 0.10159373764142 0.052684434258674 0.089665437907543 0.089210795805651 0.10472715780649 0.092707940845052 0.059756103689515 0.09070191981985 0.084574680996017 0.10482575477422 0.089145982777153 0.02761647334641 0.050237565494508 0.036153264749284 0.36059230926876 0.36249978089461 0.3646700374809 0.33638796903287 0.39508658117412 0.39203412102918 0.37567886436731 0.037827566164149 0.38977998033588 0.1816006076638 0.39505332054033 0.37990880240279 0.35749781985164 0.39180391860118 0.37201617303724 0.3857395946479 0.39805807683541 0.33076795656549 0.36280182555821 0.40338930421956 0.40285429230738 0.35580878555966 0.36740707857756 0.39791129958809 0.39083795928305 0.40031668841718"
General-0-20251226-16:19:21-135927,vector,AdhocNetwork1.host[11].app[1],e2eDelayPeriodicSec,,,"1 2 3 4 5 6 7 8 9 10 11 12 13 14 15 16 17 18 19 20 21 22 23 24 25 26 27 28 29 30 31 32 33 34 35 36 37 38 39 40 41 42 43 44 45 46 47 48 49 50","NaN 0.046071138195 0.046071138195 0.046071138195 0.005834599361 0.005834599361 0.005834599361 NaN 0.005349021573 0.005349021573 0.005349021573 NaN NaN NaN NaN NaN 0.004750776592 0.004750776592 0.004750776592 0.002860418191 0.002860418191 0.002860418191 NaN 0.002660185251 0.002660185251 0.002660185251 0.004229948706 0.004229948706 0.004229948706 NaN 0.004196925668 0.004196925668 0.004196925668 NaN 0.003239633663 0.003239633663 0.003239633663 0.002419701648 0.002419701648 0.002419701648 NaN 0.003240002627 0.003240002627 0.003240002627 NaN 0.002740427513 0.002740427513 0.002740427513 NaN NaN"
General-0-20251226-16:19:21-135927,vector,AdhocNetwork1.host[11].rl,rlReward,,,"1 2 3 4 5 6 7 8 9 10 11 12 13 14 15 16 17 18 19 20 21 22 23 24 25 26 27 28 29 30 31 32 33 34 35 36 37 38 39 40 41 42 43 44 45 46 47 48 49 50","0.33333333333333 0 0.16376973764506 0.16889801157475 0.14107888089384 0.15257517691174 0.060232147380698 0.17275721587718 0.1635524175834 0.14386210367337 0.16939886272698 0.14691206174243 0.15037110245931 0.16642153258839 0.17612104062917 0.1681014561233 0.1129502851083 0.1694209197387 0.16596467164946 0.16017161339144 0.15626707269028 0.31912647358904 0.17228132638939 0.16125783677927 0.16181948271651 0.16660846061361 0.141655986968 0.12918834328411 0.16962552463581 0.0081787511063184 0.16774374752606 0.082762196258761 0.15877914100335 0.15236120128474 0.1493220498621 0.14027986506269 0.10190622674426 0.1583649364676 0.13635226539422 0.16393200025038 0.16606666817876 -0.051953261341396 0.11705430270009 0.15255942458558 -0.028698120542727 0.10726203336192 0.10041717006228 0.13820257520574 0.41948463581661 0.090442958004292"
General-0-20251226-16:19:21-135927,vector,AdhocNetwork1.host[12].app[1],e2eDelayPeriodicSec,,,"1 2 3 4 5 6 7 8 9 10 11 12 13 14 15 16 17 18 19 20 21 22 23 24 25 26 27 28 29 30 31 32 33 34 35 36 37 38 39 40 41 42 43 44 45 46 47 48 49 50","NaN NaN NaN NaN 0.017500689321 0.017500689321 0.017500689321 NaN NaN NaN NaN 0.006942719902 0.006942719902 0.006942719902 0.008714802102 0.008714802102 0.008714802102 NaN NaN 0.007708286715 0.007708286715 0.007708286715 NaN NaN NaN NaN 0.009377829828 0.009377829828 0.009377829828 NaN NaN 0.008531332204 0.008531332204 0.008531332204 0.010528282173 0.010528282173 0.010528282173 NaN NaN NaN NaN NaN 0.009515812868 0.009515812868 0.009515812868 NaN 0.006963969437 0.006963969437 0.006963969437 NaN"
General-0-20251226-16:19:21-135927,vector,AdhocNetwork1.host[12].rl,rlReward,,,"1 2 3 4 5 6 7 8 9 10 11 12 13 14 15 16 17 18 19 20 21 22 23 24 25 26 27 28 29 30 31 32 33 34 35 36 37 38 39 40 41 42 43 44 45 46 47 48 49 50","0.33333333333333 0 0.087753702675203 0.086687212911371 0.027225182982564 0.078178726770473 0.031302829905863 0.088816372569571 -0.64874677322405 -0.66067209731731 -0.57851509594077 0.042928149471821 0.15203681393825 0.18927192666727 0.61150084558119 0.17071588143488 0.15660576437891 0.17358128460236 0.14300217918639 0.20566573176992 0.15856288327625 0.17081043578087 0.24242732847684 0.16750142846551 0.20530464836084 0.22104940081015 0.16274322471324 0.16942863692454 0.23506290560192 0.21414577496684 0.21994082934118 0.1 0.18174019134905 0.2143597058689 0.074318436209301 0.16306068599369 0.15281868055924 0.21421272078057 0.1705940476541 0.21478282732065 0.37823817842493 0.14254745440207 0.15275182084323 0.22037825758494 0.21376156068838 0.20451981492165 0.15882333475094 0.056792592133762 0.20641736069895 0.072362371319299"
General-0-20251226-16:19:21-135927,vector,AdhocNetwork1.host[13].app[1],e2eDelayPeriodicSec,,,"1 2 3 4 5 6 7 8 9 10 11 12 13 14 15 16 17 18 19 20 21 22 23 24 25 26 27 28 29 30 31 32 33 34 35 36 37 38 39 40 41 42 43 44 45 46 47 48 49 50","NaN NaN NaN NaN 0.079924766678 0.079924766678 0.079924766678 NaN NaN NaN NaN 0.008078103205 0.008078103205 0.008078103205 NaN NaN NaN NaN 0.008927023776 0.008927023776 0.008927023776 NaN 0.006369437972 0.006369437972 0.006369437972 NaN 0.00803478671 0.00803478671 0.00803478671 NaN 0.007162721051 0.007162721051 0.007162721051 NaN 0.007040107229 0.007040107229 0.007040107229 0.007666131472 0.007666131472 0.007666131472 NaN NaN 0.00455179681 0.00455179681 0.00455179681 NaN 0.005721405537 0.005721405537 0.005721405537 NaN"
General-0-20251226-16:19:21-135927,vector,AdhocNetwork1.host[13].rl,rlReward,,,"1 2 3 4 5 6 7 8 9 10 11 12 13 14 15 16 17 18 19 20 21 22 23 24 25 26 27 28 29 30 31 32 33 34 35 36 37 38 39 40 41 42 43 44 45 46 47 48 49 50","0.33333333333333 0 0.13524157430375 0.13448618572435 0.069673280650333 0.11703392180833 0.089504960625903 0.1323223208793 0.1224423981054 0.11483376475512 0.13836053393486 0.10509199358427 0.10774173252627 0.12367245559601 0.14185003317285 0.12650618236468 0.10082654109763 0.13794769362929 0.11142289196757 0.13460712324303 0.12128135256403 0.095660141981197 0.13305191138184 0.12963677733882 0.13883889317038 0.13335859897941 0.10575946526367 0.12167740853053 0.13451258870304 0.12896271522359 0.13424383817623 0.080413803782866 0.12957657804778 0.11479801169715 0.12291580235922 0.29067316186466 0.082170374585054 0.12499224433312 0.11965598670521 0.1305898064853 0.12311968186077 0.098254389212929 0.26003236656087 0.12978606687283 0.12842332800869 0.11960459772644 0.087153161746011 0.12224979816225 0.12201672856292 0.10037822584"
General-0-20251226-16:19:21-135927,vector,AdhocNetwork1.host[14].app[1],e2eDelayPeriodicSec,,,"1 2 3 4 5 6 7 8 9 10 11 12 13 14 15 16 17 18 19 20 21 22 23 24 25 26 27 28 29 30 31 32 33 34 35 36 37 38 39 40 41 42 43 44 45 46 47 48 49 50","NaN 0.013216083787 0.013216083787 0.013216083787 0.00279423117 0.00279423117 0.00279423117 0.002855194186 0.002855194186 0.002855194186 NaN NaN 0.002496494029 0.002496494029 0.002496494029 0.003555042933 0.003555042933 0.003555042933 NaN 0.003038477901 0.003038477901 0.003038477901 NaN 0.004835532688 0.004835532688 0.004835532688 0.002699463466 0.002699463466 0.002699463466 NaN 0.002819362846 0.002819362846 0.002819362846 0.002359361521 0.002359361521 0.002359361521 NaN NaN 0.002739322277 0.002739322277 0.002739322277 0.003179223244 0.003179223244 0.003179223244 NaN 0.025396028718 0.025396028718 0.025396028718 NaN NaN"
General-0-20251226-16:19:21-135927,vector,AdhocNetwork1.host[14].rl,rlReward,,,"1 2 3 4 5 6 7 8 9 10 11 12 13 14 15 16 17 18 19 20 21 22 23 24 25 26 27 28 29 30 31 32 33 34 35 36 37 38 39 40 41 42 43 44 45 46 47 48 49 50","0.33333333333333 0 0.10926817855058 0.76580424785733 0.061778090389679 0.092683253249547 0.1740109319029 0.10752479398377 -0.5915142683092 -0.60925623769243 -0.56062435799765 0.06256105711995 0.055021253553813 0.031988049340452 -0.60486009994214 -0.58296195534615 -0.44947562777104 -0.59378850226569 -0.3953463128874 -0.66002929910576 -0.51131570307016 0.028162229103622 0.10777286065879 0.17727266869118 0.078620699895919 -0.13293098003258 0.1006240642656 0 0.18365752553956 0.39037248235934 0.20674723926857 0 0.39809012777279 -0.097369203268881 0.075700219714664 0.38516270763212 -0.076331802002356 0.40552767237779 0.33603805845401 0.14698101933108 0.42527791133829 0.37433802797128 0.3504523478119 0.41327932460752 0.4204364223507 0.40450758800593 0.37358853892646 0.40591087910561 0.40818610880425 0.38646457517783"
General-0-20251226-16:19:21-135927,vector,AdhocNetwork1.host[15].app[1],e2eDelayPeriodicSec,,,"1 2 3 4 5 6 7 8 9 10 11 12 13 14 15 16 17 18 19 20 21 22 23 24 25 26 27 28 29 30 31 32 33 34 35 36 37 38 39 40 41 42 43 44 45 46 47 48 49 50","NaN 0.022539036937 0.022539036937 0.022539036937 NaN 0.002856870181 0.002856870181 0.002856870181 NaN 0.002997509251 0.002997509251 0.002997509251 NaN NaN 0.003538333308 0.003538333308 0.003538333308 0.00309901809 0.00309901809 0.00309901809 NaN 0.002139646656 0.002139646656 0.002139646656 NaN 0.002840464536 0.002840464536 0.002840464536 NaN NaN NaN NaN 0.005008160736 0.005008160736 0.005008160736 NaN 0.005939293607 0.005939293607 0.005939293607 NaN NaN 0.005104194102 0.005104194102 0.005104194102 NaN NaN NaN NaN 0.009045993689 0.009045993689"
General-0-20251226-16:19:21-135927,vector,AdhocNetwork1.host[15].rl,rlReward,,,"1 2 3 4 5 6 7 8 9 10 11 12 13 14 15 16 17 18 19 20 21 22 23 24 25 26 27 28 29 30 31 32 33 34 35 36 37 38 39 40 41 42 43 44 45 46 47 48 49 50","0.33333333333333 0 0.083008879872678 0.061072299346186 0.06096472739336 0.064864889336419 0 0.10168102447867 0.072540251214367 0.083398746958916 0.39763374967917 0.073378032873365 0.36013084347824 0.40212831422639 0.390866526861 0.38372367403284 0.36690770560865 0.37352472007812 0.38456197023119 0.39347988021052 0.39428250298626 0.33465851767725 0.38487869140064 0.042666034086168 0.38811145806099 0.37930724100044 0.3764273541617 0.35072629600453 0.4029329710115 0.096268275232336 0.37391686736489 0.36496521438896 0.39682264370258 0.38313143894872 0.40482548674085 0.39708057837725 0.36181225914439 0.40305157624439 0.39949453735154 0.40466876930225 0.40486168975729 0.35394661208373 0.39440732197413 0.40855711025498 0.40579370182188 0.39244336678953 0.37538914475949 0.40370150701058 0.3838207226085 0.40642212388028"
General-0-20251226-16:19:21-135927,vector,AdhocNetwork1.host[16].app[1],e2eDelayPeriodicSec,,,"1 2 3 4 5 6 7 8 9 10 11 12 13 14 15 16 17 18 19 20 21 22 23 24 25 26 27 28 29 30 31 32 33 34 35 36 37 38 39 40 41 42 43 44 45 46 47 48 49 50","NaN NaN NaN NaN 0.037284098567 0.037284098567 0.037284098567 NaN 0.004811795544 0.004811795544 0.004811795544 NaN NaN 0.005252923009 0.005252923009 0.005252923009 NaN 0.004953728982 0.004953728982 0.004953728982 NaN 0.00814737059 0.00814737059 0.00814737059 NaN NaN NaN NaN 0.007633651825 0.007633651825 0.007633651825 NaN 0.009824204278 0.009824204278 0.009824204278 NaN NaN NaN NaN NaN NaN NaN NaN NaN NaN 0.009924980399 0.009924980399 0.009924980399 0.013686793914 0.013686793914"
General-0-20251226-16:19:21-135927,vector,AdhocNetwork1.host[16].rl,rlReward,,,"1 2 3 4 5 6 7 8 9 10 11 12 13 14 15 16 17 18 19 20 21 22 23 24 25 26 27 28 29 30 31 32 33 34 35 36 37 38 39 40 41 42 43 44 45 46 47 48 49 50","0.33333333333333 0 0.13565889728562 0.12819588927776 0.023582630565431 0.13202975265932 0.063031471192057 0.14369544240946 0.13419036770573 0.11870253672541 0.14025459749926 0.10065720348983 0.10765268344246 0.11431291280497 0.29072295051265 0.11461371668027 0.089839808891915 -0.050578294841066 0.12808094192764 0.41801266450657 0.13436570344141 -0.11651857357383 0.13577586080808 0.14218197722256 0.13815306166265 0.42423100889392 0.073536183381263 0.10938684375593 0.11826392457933 0.1451393907008 0.12570341168011 0.075785504551749 0.11688522408853 0.12189064399893 0.1112715798534 0.41671546021756 0.095972857623202 0.4209286709692 0.10607895929286 0.40709033683854 -0.038003773210593 0.1004541637483 -0.078192887595554 0.40968133757772 0.42703854577466 0.10876740890185 0.088101399192279 0.12636956660771 0.26104198015256 0.10643279853592"
General-0-20251226-16:19:21-135927,vector,AdhocNetwork1.host[17].app[1],e2eDelayPeriodicSec,,,"1 2 3 4 5 6 7 8 9 10 11 12 13 14 15 16 17 18 19 20 21 22 23 24 25 26 27 28 29 30 31 32 33 34 35 36 37 38 39 40 41 42 43 44 45 46 47 48 49 50","NaN 0.018965788981 0.018965788981 0.018965788981 0.001936545095 0.001936545095 0.001936545095 NaN 0.0021174069 0.0021174069 0.0021174069 NaN 0.002898383774 0.002898383774 0.002898383774 NaN 0.002919427948 0.002919427948 0.002919427948 0.003540333031 0.003540333031 0.003540333031 NaN NaN NaN NaN 0.007015461489 0.007015461489 0.007015461489 NaN NaN NaN NaN 0.01232361837 0.01232361837 0.01232361837 NaN 0.005110502901 0.005110502901 0.005110502901 NaN 0.007326096261 0.007326096261 0.007326096261 NaN NaN NaN NaN 0.00699447185 0.00699447185"
General-0-20251226-16:19:21-135927,vector,AdhocNetwork1.host[17].rl,rlReward,,,"1 2 3 4 5 6 7 8 9 10 11 12 13 14 15 16 17 18 19 20 21 22 23 24 25 26 27 28 29 30 31 32 33 34 35 36 37 38 39 40 41 42 43 44 45 46 47 48 49 50","0.33333333333333 0 0.14511220484566 0.13347687012861 0.069611931745004 0.14694475768666 0.096895291689687 0.14599088429725 -0.54747498426691 -0.56278157210518 -0.42370956540075 0.092974934893893 0.056469658837016 0.11082181129131 0.13908962777114 0.12287884951361 0.38225360837121 0.13283193752384 0.422141321999 0.42678403625315 0.10982700597032 0.40702957474494 0.43784326058541 0.42474665953947 0.40889918390155 0.42906271440309 0.40386972923776 0.37867923553431 0.43845534772878 0.43965046074094 0.42527904547932 0.35913479198512 0.43041814896988 0.40977386298357 0.42206412774287 0.42484002780342 0.40112317188522 0.43377690026615 0.40119934174022 0.43570205866859 0.43848662654615 0.40208859213211 0.40769671473282 0.44082098831253 0.15605481039304 0.41700023697191 0.40765233882161 0.14445547983591 0.42161387015508 0.15177543283206"
General-0-20251226-16:19:21-135927,vector,AdhocNetwork1.host[18].app[1],e2eDelayPeriodicSec,,,"1 2 3 4 5 6 7 8 9 10 11 12 13 14 15 16 17 18 19 20 21 22 23 24 25 26 27 28 29 30 31 32 33 34 35 36 37 38 39 40 41 42 43 44 45 46 47 48 49 50","NaN 0.017886754014 0.017886754014 0.017886754014 0.005508165293 0.005508165293 0.005508165293 NaN 0.004889202439 0.004889202439 0.004889202439 NaN 0.004933920443 0.004933920443 0.004933920443 NaN NaN 0.004742035456 0.004742035456 0.004742035456 NaN 0.005194325333 0.005194325333 0.005194325333 NaN NaN NaN NaN 0.004703651083 0.004703651083 0.004703651083 NaN NaN 0.007082713741 0.007082713741 0.007082713741 0.006668803111 0.006668803111 0.006668803111 NaN 0.005985545348 0.005985545348 0.005985545348 NaN 0.005452057 0.005452057 0.005452057 NaN NaN 0.003804894428"
General-0-20251226-16:19:21-135927,vector,AdhocNetwork1.host[18].rl,rlReward,,,"1 2 3 4 5 6 7 8 9 10 11 12 13 14 15 16 17 18 19 20 21 22 23 24 25 26 27 28 29 30 31 32 33 34 35 36 37 38 39 40 41 42 43 44 45 46 47 48 49 50","0.33333333333333 0 0.13979779075058 0.13233062985489 -0.58404437504799 -0.54095451983532 -0.60835864892708 -0.57056004936377 -0.59499284730067 -0.38895203445867 -0.43394864630747 -0.55900708292154 -0.59216676589183 -0.37671903311778 -0.51902489077311 -0.62380605780335 -0.56720298667024 -0.60694595622108 -0.60436678805516 -0.39429771890249 -0.58166571172258 0.090523014653277 -0.045906108894143 0.29446215301241 0.131407333468 -0.037286134340876 0.24660972172084 0.10676698004964 -0.037388842846464 -0.044307772679167 0.28777040055232 0.086425508841044 0.30346046534494 0.25694252618634 0.29583408804131 0.12570848123762 0.20945055136415 0.27671337947366 0.41311662697132 0.28559832026995 0.2577511927722 0.23702248912867 0.26307502158252 0.27600397231254 0.22411839573712 0.25174024892403 0.20954570036056 0.4012877925237 0.18807866168766 0.17924986045609"
General-0-20251226-16:19:21-135927,vector,AdhocNetwork1.host[19].app[1],e2eDelayPeriodicSec,,,"1 2 3 4 5 6 7 8 9 10 11 12 13 14 15 16 17 18 19 20 21 22 23 24 25 26 27 28 29 30 31 32 33 34 35 36 37 38 39 40 41 42 43 44 45 46 47 48 49 50","NaN NaN NaN NaN 0.011630327637 0.011630327637 0.011630327637 NaN 0.00419131011 0.00419131011 0.00419131011 NaN 0.005155396675 0.005155396675 0.005155396675 NaN 0.005106875524 0.005106875524 0.005106875524 0.005150639667 0.005150639667 0.005150639667 NaN NaN 0.005375842869 0.005375842869 0.005375842869 NaN 0.00476366222 0.00476366222 0.00476366222 0.005348865099 0.005348865099 0.005348865099 NaN NaN NaN NaN NaN NaN NaN NaN NaN 0.006738951355 0.006738951355 0.006738951355 0.00568583893 0.00568583893 0.00568583893 0.004769256254"
General-0-20251226-16:19:21-135927,vector,AdhocNetwork1.host[19].rl,rlReward,,,"1 2 3 4 5 6 7 8 9 10 11 12 13 14 15 16 17 18 19 20 21 22 23 24 25 26 27 28 29 30 31 32 33 34 35 36 37 38 39 40 41 42 43 44 45 46 47 48 49 50","0.33333333333333 0 0.090421089127245 0.74392372302086 0.059203997063767 -0.09763452192727 0.043417990699361 0.080390766329145 -0.61735751050286 -0.59310297223291 -0.58051766891095 0.052977771214045 0.70844278854217 0.061843450734934 0.078988903150907 0.067188171764488 0.039828291900289 0.06647322098928 -0.1033619590843 0.086843212603254 0.044665257956045 0.048890630139586 0.38205513010795 0.37165538677021 0.35717799339331 0.36673013519681 0.33879337715009 0.36057206977153 0.36947572212662 0.36947781933015 0.36823167312271 0.32510611379957 0.34844797697065 0.36823951239607 0.36950473473396 0.36688760344276 0.33322827729577 0.35878694835646 0.34867766916842 0.3746705882829 0.36080011967719 0.33624243694445 0.35028194411767 0.34999491248914 0.36783927416128 0.34661389537471 0.31207796828565 0.34997400970363 0.34036289100791 0.35003438783601"
General-0-20251226-16:19:21-135927,vector,AdhocNetwork1.host[20].app[1],e2eDelayPeriodicSec,,,"1 2 3 4 5 6 7 8 9 10 11 12 13 14 15 16 17 18 19 20 21 22 23 24 25 26 27 28 29 30 31 32 33 34 35 36 37 38 39 40 41 42 43 44 45 46 47 48 49 50","NaN 0.086914458696 0.086914458696 0.086914458696 NaN NaN NaN NaN NaN NaN NaN 0.010875647541 0.010875647541 0.010875647541 0.010012987416 0.010012987416 0.010012987416 NaN NaN NaN NaN NaN 0.010443204871 0.010443204871 0.010443204871 NaN 0.009688349545 0.009688349545 0.009688349545 NaN 0.043027138644 0.043027138644 0.043027138644 NaN NaN 0.019129283139 0.019129283139 0.019129283139 NaN 0.010178936527 0.010178936527 0.010178936527 0.009163911713 0.009163911713 0.009163911713 NaN NaN NaN NaN NaN"
General-0-20251226-16:19:21-135927,vector,AdhocNetwork1.host[20].rl,rlReward,,,"1 2 3 4 5 6 7 8 9 10 11 12 13 14 15 16 17 18 19 20 21 22 23 24 25 26 27 28 29 30 31 32 33 34 35 36 37 38 39 40 41 42 43 44 45 46 47 48 49 50","0.33333333333333 0 0.10297439958243 0.095331571840244 0.074907522086322 0.099207458278411 0.056252613085695 0.097672713893052 0.08936387282396 0.10020277276124 0.095407342046202 0.038958090560069 0.088646915365247 0.099488467385118 0.10257931646367 0.071355647906913 0.058363686339484 0.093741112785639 0.09747432442263 0.093010101069101 0.092458711841574 0.059429961248794 0.082549250001428 0.10595198776788 0.097818888716714 0.09561505894645 0.068441544268517 0.37270609086252 0.1087292277921 0.1115012863983 -0.0752120509977 0.052691578378937 0.098000465918657 0.095704006621284 0.098987596137214 0.098972185996702 0.014673106567666 0.089837346140756 0.08353066157632 0.071098748104053 0.071524487946162 0.059548935696561 0.078629075533003 0.097590042756959 0.1042105995499 0.38428500556794 0.061971248590913 0.38223938175881 -0.61451964130996 -0.61441044292661"
General-0-20251226-16:19:21-135927,vector,AdhocNetwork1.host[21].app[1],e2eDelayPeriodicSec,,,"1 2 3 4 5 6 7 8 9 10 11 12 13 14 15 16 17 18 19 20 21 22 23 24 25 26 27 28 29 30 31 32 33 34 35 36 37 38 39 40 41 42 43 44 45 46 47 48 49 50","NaN 0.007270632281 0.007270632281 0.007270632281 NaN 0.003343287372 0.003343287372 0.003343287372 NaN 0.001858413298 0.001858413298 0.001858413298 0.003137618964 0.003137618964 0.003137618964 0.003076937602 0.003076937602 0.003076937602 NaN NaN 0.002176042344 0.002176042344 0.002176042344 NaN 0.002535543 0.002535543 0.002535543 NaN 0.002394459693 0.002394459693 0.002394459693 NaN NaN 0.002113343824 0.002113343824 0.002113343824 NaN 0.002746834891 0.002746834891 0.002746834891 NaN 0.002252691191 0.002252691191 0.002252691191 NaN 0.002933618238 0.002933618238 0.002933618238 0.0028344501 0.0028344501"
General-0-20251226-16:19:21-135927,vector,AdhocNetwork1.host[21].rl,rlReward,,,"1 2 3 4 5 6 7 8 9 10 11 12 13 14 15 16 17 18 19 20 21 22 23 24 25 26 27 28 29 30 31 32 33 34 35 36 37 38 39 40 41 42 43 44 45 46 47 48 49 50","0.33333333333333 0 0.12316953385163 0.12059836344073 0.047528802194354 0.12692695916076 0.056490031613787 -0.53470521889103 -0.55802141000537 -0.58884756181588 -0.53161708809911 0.38520148529306 -0.63187384949165 -0.60684965917313 -0.31522818763667 -0.45143384813905 -0.59165429033847 -0.59644925452188 -0.33225114071372 -0.54575783048577 -0.46109174207007 0.37270944096594 0.1405094981404 0.24756181363459 0.12394630920689 0.2896708870704 0.38270380410859 -0.083935273452268 0.30528012724606 0.12723581891503 0.2614458521227 0.21113149946255 0.29714380132226 0.27888707290826 0.23814281967888 0.29440118521469 0.26252567974462 0.24288276438759 0.25603473983417 0.30514609357491 0.27784788995905 0.24239072481515 0.22130423488245 -0.040060686168558 -0.079830255471589 0.1080909349579 0.18177045678785 0.28585519639983 0.24434859618897 0.23923356888234"
General-0-20251226-16:19:21-135927,vector,AdhocNetwork1.host[22].app[1],e2eDelayPeriodicSec,,,"1 2 3 4 5 6 7 8 9 10 11 12 13 14 15 16 17 18 19 20 21 22 23 24 25 26 27 28 29 30 31 32 33 34 35 36 37 38 39 40 41 42 43 44 45 46 47 48 49 50","NaN 0.021877797072 0.021877797072 0.021877797072 0.004294898828 0.004294898828 0.004294898828 0.004777603527 0.004777603527 0.004777603527 NaN 0.00816352128 0.00816352128 0.00816352128 NaN 0.005030598644 0.005030598644 0.005030598644 NaN 0.005109858748 0.005109858748 0.005109858748 NaN NaN 0.005029638169 0.005029638169 0.005029638169 0.005115811188 0.005115811188 0.005115811188 NaN 0.005627735346 0.005627735346 0.005627735346 NaN NaN NaN NaN 0.008704382897 0.008704382897 0.008704382897 NaN NaN 0.005823175885 0.005823175885 0.005823175885 0.004664096245 0.004664096245 0.004664096245 NaN"
General-0-20251226-16:19:21-135927,vector,AdhocNetwork1.host[22].rl,rlReward,,,"1 2 3 4 5 6 7 8 9 10 11 12 13 14 15 16 17 18 19 20 21 22 23 24 25 26 27 28 29 30 31 32 33 34 35 36 37 38 39 40 41 42 43 44 45 46 47 48 49 50","0.33333333333333 0 0.1416216131857 0.14656402851067 0.015283081165927 0.14153426141391 0.091621599246559 0.15050644763682 0.11132633322947 0.12239177744651 0.15014979208123 0.11036077138062 -0.58009721938716 -0.4465140148419 -0.52905219277946 -0.59466171294254 -0.57816072350259 -0.52092811550119 -0.54171940370692 -0.52466710154242 -0.34312149782303 0.10609626569588 0.15422067137076 0.29110108138889 0.13337444932898 -0.028320737015719 0.2371673976948 0.1877681027214 0.28554926318092 0.32164611416445 0.31524151608681 0.22945356167434 0.31292708428912 0.20997090839126 0.31735168165437 0.28879541435693 0.26281907368805 0.26138319395944 0.25743359401039 0.29120824800841 0.29905120448734 0.21700909648041 0.23737577645076 0.31091167742774 0.30789421686892 0.27988203064446 0.24087258439947 0.2645097421349 0.28860088198727 0.24413740583264"
General-0-20251226-16:19:21-135927,vector,AdhocNetwork1.host[23].app[1],e2eDelayPeriodicSec,,,"1 2 3 4 5 6 7 8 9 10 11 12 13 14 15 16 17 18 19 20 21 22 23 24 25 26 27 28 29 30 31 32 33 34 35 36 37 38 39 40 41 42 43 44 45 46 47 48 49 50","NaN 0.068293088574 0.068293088574 0.068293088574 NaN NaN NaN NaN 0.007195825782 0.007195825782 0.007195825782 NaN 0.007353629189 0.007353629189 0.007353629189 NaN 0.008155189499 0.008155189499 0.008155189499 NaN 0.005219442958 0.005219442958 0.005219442958 NaN NaN NaN 0.005520494697 0.005520494697 0.005520494697 NaN NaN 0.005352642384 0.005352642384 0.005352642384 0.004631202851 0.004631202851 0.004631202851 NaN 0.004644889485 0.004644889485 0.004644889485 NaN 0.007332050235 0.007332050235 0.007332050235 0.005241240848 0.005241240848 0.005241240848 NaN 0.004533876155"
General-0-20251226-16:19:21-135927,vector,AdhocNetwork1.host[23].rl,rlReward,,,"1 2 3 4 5 6 7 8 9 10 11 12 13 14 15 16 17 18 19 20 21 22 23 24 25 26 27 28 29 30 31 32 33 34 35 36 37 38 39 40 41 42 43 44 45 46 47 48 49 50","0.33333333333333 0 0.15744305178358 0.16232738197146 0.10257239128049 0.15577788886704 0.11618310766225 0.15887988718428 0.14693420740033 0.10818964647922 0.14155417008391 0.10646544884031 0.77226057121507 0.10650119345631 0.14107014770574 0.1038463283338 0.11771819200915 0.14051205954938 0.14931615742617 0.13100056052269 0.13634611681745 0.10966712631993 0.13290890046724 0.12284967047534 0.14811183752361 0.1369745996009 0.11370457206067 0.11620222775716 0.14424521586473 0.33226549069496 0.14296877230058 -0.10995756079371 0.13727400882121 0.10802019817668 0.1144749733706 0.12499394560974 0.1103618554923 0.1012257924741 0.10950398607583 0.13644024343135 0.12113119188336 0.094293823375876 0.089685126708494 0.13974387284708 0.13723073026395 -0.075295889428743 0.074056675830477 0.13995130449987 -0.050114164397804 0.061779621192172"
General-0-20251226-16:19:21-135927,vector,AdhocNetwork1.host[24].app[1],e2eDelayPeriodicSec,,,"1 2 3 4 5 6 7 8 9 10 11 12 13 14 15 16 17 18 19 20 21 22 23 24 25 26 27 28 29 30 31 32 33 34 35 36 37 38 39 40 41 42 43 44 45 46 47 48 49 50","NaN NaN NaN NaN 3.022868932434 3.022868932434 3.022868932434 0.010902224972 0.010902224972 0.010902224972 NaN 0.009183455159 0.009183455159 0.009183455159 NaN NaN 0.006913090276 0.006913090276 0.006913090276 NaN NaN NaN NaN 0.008669632859 0.008669632859 0.008669632859 NaN NaN 0.011022372244 0.011022372244 0.011022372244 NaN 0.008186505252 0.008186505252 0.008186505252 NaN 0.007562218868 0.007562218868 0.007562218868 NaN 0.009348365536 0.009348365536 0.009348365536 NaN 0.005085521531 0.005085521531 0.005085521531 NaN 0.0069779876 0.0069779876"
General-0-20251226-16:19:21-135927,vector,AdhocNetwork1.host[24].rl,rlReward,,,"1 2 3 4 5 6 7 8 9 10 11 12 13 14 15 16 17 18 19 20 21 22 23 24 25 26 27 28 29 30 31 32 33 34 35 36 37 38 39 40 41 42 43 44 45 46 47 48 49 50","0.33333333333333 0 0.36389813135526 0.37247738276362 0.35323158347286 0.36822013746199 0.32804925634522 0.074406427329178 0.17366421618017 0.060091002165785 0.065798227681755 0.32296214930033 0.032979567606294 0.049383187860286 0.35166622832048 0.34530257674349 0.015244992142506 0.042594029488728 0.052024601150225 0.35409836505298 0.35446900125221 0 0.002468214921956 0.064137263388085 0.049563092781406 0.35525076743101 0.3 0.34311595972916 0.35974167329522 0.2227816636969 0.75776728250258 -0.19810019720118 0.37166697324808 0.34910404285307 0.36673789036737 0.3751357026495 0.14403342167378 0.059452645593216 0.083052716517745 0.35775736762945 0.35516416738789 0.32835071581709 0.33506233675835 0.37275642007979 0.36380684977987 0.35591285910174 0.31276831013821 0.35736261666616 0.3 0.30192705949379"
General-1-20251226-16:19:21-135926,vector,AdhocNetwork1.host[0].app[1],e2eDelayPeriodicSec,,,"1 2 3 4 5 6 7 8 9 10 11 12 13 14 15 16 17 18 19 20 21 22 23 24 25 26 27 28 29 30 31 32 33 34 35 36 37 38 39 40 41 42 43 44 45 46 47 48 49 50","NaN NaN NaN NaN 0.055724411133 0.055724411133 0.055724411133 NaN 0.010739160103 0.010739160103 0.010739160103 NaN NaN 0.010829302217 0.010829302217 0.010829302217 0.014991739737 0.014991739737 0.014991739737 NaN NaN 0.013582256185 0.013582256185 0.013582256185 NaN 0.015198900327 0.015198900327 0.015198900327 NaN 0.010236763114 0.010236763114 0.010236763114 NaN 0.009430936279 0.009430936279 0.009430936279 NaN NaN 0.013880638626 0.013880638626 0.013880638626 NaN NaN 0.019436287339 0.019436287339 0.019436287339 NaN NaN NaN NaN"
General-1-20251226-16:19:21-135926,vector,AdhocNetwork1.host[0].rl,rlReward,,,"1 2 3 4 5 6 7 8 9 10 11 12 13 14 15 16 17 18 19 20 21 22 23 24 25 26 27 28 29 30 31 32 33 34 35 36 37 38 39 40 41 42 43 44 45 46 47 48 49 50","0.33333333333333 0 0.04302562343087 0.06703919795299 -0.6 -0.56461941003621 -0.60089196613614 -0.6117359907134 -0.36667262830771 -0.60971598704849 -0.66666666666667 0.23446214227409 0.22707021695766 0.24132804656111 0.11219337836047 -0.12163362931672 0.37234748709597 0.23920612734676 0.24874258275128 0.25657025206159 0.26015948721023 0.18161364371946 0.23111662604438 0.25291447589194 0.28362713753748 0.26343768014752 0.22116731553804 0.24957751358018 0.25751332388854 0.10891022914932 0.2742908992085 0.22821778457856 -0.069441391252277 0.27254259826672 0.26079020151308 0.28233981498231 0.25563388005276 0.27100650669121 0.26811215045827 0.27493276145251 0.25194458269137 0.24533376153513 0.27588993347933 0.38655178011662 0.26484466311205 0.28074508086006 0.2318235455909 0.27679488637913 0.26389823469798 0.11877707268616"
General-1-20251226-16:19:21-135926,vector,AdhocNetwork1.host[1].app[1],e2eDelayPeriodicSec,,,"1 2 3 4 5 6 7 8 9 10 11 12 13 14 15 16 17 18 19 20 21 22 23 24 25 26 27 28 29 30 31 32 33 34 35 36 37 38 39 40 41 42 43 44 45 46 47 48 49 50","NaN NaN NaN NaN 0.112689917958 0.112689917958 0.112689917958 0.007102592431 0.007102592431 0.007102592431 NaN NaN 0.006325173925 0.006325173925 0.006325173925 NaN 0.006763201361 0.006763201361 0.006763201361 NaN 0.019404452411 0.019404452411 0.019404452411 NaN NaN NaN 0.004897618027 0.004897618027 0.004897618027 NaN NaN NaN NaN NaN NaN NaN NaN NaN NaN NaN NaN NaN NaN NaN NaN NaN NaN NaN NaN NaN"
General-1-20251226-16:19:21-135926,vector,AdhocNetwork1.host[1].rl,rlReward,,,"1 2 3 4 5 6 7 8 9 10 11 12 13 14 15 16 17 18 19 20 21 22 23 24 25 26 27 28 29 30 31 32 33 34 35 36 37 38 39 40 41 42 43 44 45 46 47 48 49 50","0.33333333333333 0 0.023298744926556 0.021209121081002 0 0.043730768735808 0 0.009082580875255 0.03231277463008 0.033690173301357 0.010623933565796 0 0.31760142152998 0.34394801243673 0.33838551183985 0.33606082579274 0.3 0.34704656559833 0.35924491773865 0.35317826878389 0.14163776880634 0.30016179346741 0.33241576443294 0.34807435082528 0.34515750693584 0.34909435737997 0.30268404905237 0.32099778147047 0.34633806785952 0.34175502517002 0.16438605180288 0.3 0.35961715571101 0.32753542569935 0.36712520095063 0.33345435207658 0.32072745895627 0.35561537459269 0.36779125012651 0.35436838127841 0.36945574215819 0.30886331510858 0.31904386471188 0.36573540545756 0.36632935038892 0.35789748427975 0.33952664660303 0.35148524409241 0.35965141433701 0.37182783465197"
General-1-20251226-16:19:21-135926,vector,AdhocNetwork1.host[2].app[1],e2eDelayPeriodicSec,,,"1 2 3 4 5 6 7 8 9 10 11 12 13 14 15 16 17 18 19 20 21 22 23 24 25 26 27 28 29 30 31 32 33 34 35 36 37 38 39 40 41 42 43 44 45 46 47 48 49 50","NaN NaN NaN NaN NaN NaN NaN NaN NaN NaN 0.042354156903 0.042354156903 0.042354156903 0.008669909571 0.008669909571 0.008669909571 NaN NaN 0.0601884119 0.0601884119 0.0601884119 0.008644063783 0.008644063783 0.008644063783 NaN NaN 0.007051621904 0.007051621904 0.007051621904 0.007639220951 0.007639220951 0.007639220951 NaN NaN NaN NaN NaN NaN NaN NaN NaN NaN 0.005132957869 0.005132957869 0.005132957869 NaN 0.008006283155 0.008006283155 0.008006283155 NaN"
General-1-20251226-16:19:21-135926,vector,AdhocNetwork1.host[2].rl,rlReward,,,"1 2 3 4 5 6 7 8 9 10 11 12 13 14 15 16 17 18 19 20 21 22 23 24 25 26 27 28 29 30 31 32 33 34 35 36 37 38 39 40 41 42 43 44 45 46 47 48 49 50","0.33333333333333 0 0.055999509314171 0.062759839227897 0.019708866670475 0.3429632727913 0.32856734197822 0.33114653463485 0.33917635925587 0.19210949507829 0 0.13913343723811 0.44289941254071 -0.050642752667548 0.42582261119779 0.13638300763302 0.15015625624464 0.13174151780373 0.43740194221331 0.1558128122129 0.12387099868124 0.15090372857003 0.1292497302483 0.16553219038509 0.1641548974945 0.15502067522279 0.11986380529957 0.14498309555236 0.34877976261864 0.15505415018199 0.15720225392654 0.15563409663147 0.16687879151213 0.16218966550802 0.15870806857708 0.17096079606789 0.16166215082151 0.16665052152046 0.16999688286802 0.15750277744496 0.16485217599833 0.14713887223796 0.14202773448447 0.16458937777273 0.44773854453918 0.45090996283435 0.12046868880665 0.44587747272535 0.44880345282351 0.44044992207186"
General-1-20251226-16:19:21-135926,vector,AdhocNetwork1.host[3].app[1],e2eDelayPeriodicSec,,,"1 2 3 4 5 6 7 8 9 10 11 12 13 14 15 16 17 18 19 20 21 22 23 24 25 26 27 28 29 30 31 32 33 34 35 36 37 38 39 40 41 42 43 44 45 46 47 48 49 50","NaN 0 0 0 0 0 0 NaN 0 0 0 NaN 0 0 0 NaN 0 0 0 NaN 0 0 0 NaN 0 0 0 NaN 0 0 0 0 0 0 NaN NaN 0 0 0 0 0 0 NaN 0 0 0 NaN 0 0 0"
General-1-20251226-16:19:21-135926,vector,AdhocNetwork1.host[3].rl,rlReward,,,"1 2 3 4 5 6 7 8 9 10 11 12 13 14 15 16 17 18 19 20 21 22 23 24 25 26 27 28 29 30 31 32 33 34 35 36 37 38 39 40 41 42 43 44 45 46 47 48 49 50","0.33333333333333 0 0.028287956733786 0.70612095158562 0.30543723360398 0.34334396570747 0.3 0.33818801937936 0.048930795018315 0.33489128268285 0.010056033450595 0.020468993224058 0.034522781597776 0.051593258458403 0.052157882726988 0.03827971473607 0.018116116814739 0.030078190544616 0.3312639338707 0.036914796459548 0.040509767713972 0 0.32992146789583 0.3367160325906 0.34310645799792 0.34904785672988 0.019947239161306 -0.63777163660941 -0.67295354446875 -0.65805496867277 -0.6654202983579 0.32670221475273 0.34935079736568 0.06582888726298 0.071650618048309 0.061783021755799 0.03320805352352 0.059151514451354 0.20175891280967 0.19153485811302 0.064906781329127 0.02677801794222 0.058528132793029 0.35851939689092 0.066532831455964 0.064745025210796 0.03091422496197 0.043457913266304 0.18170464767349 0.065872120573435"
General-1-20251226-16:19:21-135926,vector,AdhocNetwork1.host[4].app[1],e2eDelayPeriodicSec,,,"1 2 3 4 5 6 7 8 9 10 11 12 13 14 15 16 17 18 19 20 21 22 23 24 25 26 27 28 29 30 31 32 33 34 35 36 37 38 39 40 41 42 43 44 45 46 47 48 49 50","NaN NaN NaN NaN 0.143870477847 0.143870477847 0.143870477847 NaN 0.011575765436 0.011575765436 0.011575765436 0.01323881788 0.01323881788 0.01323881788 NaN NaN NaN NaN 0.006950869565 0.006950869565 0.006950869565 NaN 0.008620693339 0.008620693339 0.008620693339 NaN 0.009037886828 0.009037886828 0.009037886828 NaN NaN 0.00770973307 0.00770973307 0.00770973307 0.009239957024 0.009239957024 0.009239957024 NaN NaN 0.007825914504 0.007825914504 0.007825914504 NaN 0.004851943091 0.004851943091 0.004851943091 NaN NaN 0.004937517145 0.004937517145"
General-1-20251226-16:19:21-135926,vector,AdhocNetwork1.host[4].rl,rlReward,,,"1 2 3 4 5 6 7 8 9 10 11 12 13 14 15 16 17 18 19 20 21 22 23 24 25 26 27 28 29 30 31 32 33 34 35 36 37 38 39 40 41 42 43 44 45 46 47 48 49 50","0.33333333333333 0 0.065273485974049 0.064235901381606 0.0065253096774717 0.075229116869849 0.014808924685452 0.031044303788407 0.031480815861787 0.72281621253706 0.031147623048652 0.005083984247305 0.060105181589692 0.044651298979358 0.048648584958624 0.056574098960072 0.0045736216576069 0.029948452107817 0.070213241893457 0.031665247214369 0.023445821559197 0.011530540082055 0.006811381600037 -0.61509833685289 -0.54917869558583 -0.61573919170896 -0.66666666666667 -0.66666666666667 -0.6474879963229 -0.35538314408924 -0.60122993739079 0.027758740998021 0.089575130179482 0.61646490309038 0.25506603608473 0.20925369964952 0.35069320126721 0.19107892028369 0.24179746825406 0.17030980069045 0.094402990406301 0.17417561059633 0.19885241487479 0.21721899135983 0.22366489142192 0.22229860385447 -0.66228561209532 -0.37234583574932 -0.41195638567599 -0.39539438133849"
General-1-20251226-16:19:21-135926,vector,AdhocNetwork1.host[5].app[1],e2eDelayPeriodicSec,,,"1 2 3 4 5 6 7 8 9 10 11 12 13 14 15 16 17 18 19 20 21 22 23 24 25 26 27 28 29 30 31 32 33 34 35 36 37 38 39 40 41 42 43 44 45 46 47 48 49 50","NaN 0.003265449643 0.003265449643 0.003265449643 NaN 0.002455521658 0.002455521658 0.002455521658 0.00263515384 0.00263515384 0.00263515384 0.003334847955 0.003334847955 0.003334847955 NaN 0.002214574691 0.002214574691 0.002214574691 NaN 0.003234492855 0.003234492855 0.003234492855 NaN 0.002694559625 0.002694559625 0.002694559625 NaN 0.002954777407 0.002954777407 0.002954777407 NaN 0.002675242874 0.002675242874 0.002675242874 NaN 0.002935769395 0.002935769395 0.002935769395 0.00271632452 0.00271632452 0.00271632452 NaN NaN 0.002577153742 0.002577153742 0.002577153742 NaN 0.002777948162 0.002777948162 0.002777948162"
General-1-20251226-16:19:21-135926,vector,AdhocNetwork1.host[5].rl,rlReward,,,"1 2 3 4 5 6 7 8 9 10 11 12 13 14 15 16 17 18 19 20 21 22 23 24 25 26 27 28 29 30 31 32 33 34 35 36 37 38 39 40 41 42 43 44 45 46 47 48 49 50","0.33333333333333 0 0.077390103021471 0.7435479467515 -0.2 0.13024084402096 0.11094636293195 0.12684784864107 0.12986387208952 0.12140681736264 0.37503954893852 0.091995445327674 0.12077268396196 0.11622080639647 0.12351510192605 0.10851124035364 0.10998226269358 0.1046395233124 0.12011552445898 0.10712667795681 0.10524807698968 0.053199092305754 0.11086712657201 -0.55875053802157 -0.5490864823877 -0.54298813925626 -0.56948066659828 -0.59083107868715 -0.56078961765565 -0.54182706152309 -0.53604406397025 0.057550317626873 0.074412310941508 0.08725734335496 -0.55711376695807 -0.60346656085962 -0.61518223468998 -0.5880119598695 -0.54071756489631 -0.62703334013738 -0.56115336069721 0.067945703168102 0.64190468426351 0.11062095462048 0.40147281100084 0.25038764575026 0.36196039649219 0.38643609321921 0.21294149581346 0.10210618118158"
General-1-20251226-16:19:21-135926,vector,AdhocNetwork1.host[6].app[1],e2eDelayPeriodicSec,,,"1 2 3 4 5 6 7 8 9 10 11 12 13 14 15 16 17 18 19 20 21 22 23 24 25 26 27 28 29 30 31 32 33 34 35 36 37 38 39 40 41 42 43 44 45 46 47 48 49 50","NaN NaN NaN NaN NaN NaN NaN NaN NaN NaN NaN NaN NaN 3.009005957091 3.009005957091 3.009005957091 NaN NaN NaN 0.014825856305 0.014825856305 0.014825856305 NaN NaN NaN NaN 0.021389139926 0.021389139926 0.021389139926 NaN NaN NaN NaN 0.011512238141 0.011512238141 0.011512238141 0.015642926632 0.015642926632 0.015642926632 NaN NaN 0.011463268419 0.011463268419 0.011463268419 NaN NaN NaN 0.012763953348 0.012763953348 0.012763953348"
General-1-20251226-16:19:21-135926,vector,AdhocNetwork1.host[6].rl,rlReward,,,"1 2 3 4 5 6 7 8 9 10 11 12 13 14 15 16 17 18 19 20 21 22 23 24 25 26 27 28 29 30 31 32 33 34 35 36 37 38 39 40 41 42 43 44 45 46 47 48 49 50","0.33333333333333 0 0.0077875068645745 0.019966581601551 0.0075993469688342 0.024324234175251 0 0.036494206855012 -0.63449810132605 -0.63948681476148 -0.7 0.15796652897296 0.15122918531509 0.17269317109884 0.15534961892657 0.14144188939482 0.027065095416263 0.13430044975994 0.16317344603666 0.19693138649293 0.11755777440917 0.10176749415824 0.16366173688426 0.1885721225378 0.1773278675623 0.18724739667018 0.30954194371311 0.14036662152184 0.13694721145414 0.17411041222675 0.15499607773945 0.10242619875775 0.10893801789778 0.13771568660715 0.16901773150185 0.14752816292845 0.1 0.13022660758863 0.16998266068103 0.11203550265766 0.14080432416662 0.1 0.17048351441277 0.18205258972 0.16246561778021 0.17671440251822 0.10432632348112 0.16411950080827 0.10147082704529 0.18668853381508"
General-1-20251226-16:19:21-135926,vector,AdhocNetwork1.host[7].app[1],e2eDelayPeriodicSec,,,"1 2 3 4 5 6 7 8 9 10 11 12 13 14 15 16 17 18 19 20 21 22 23 24 25 26 27 28 29 30 31 32 33 34 35 36 37 38 39 40 41 42 43 44 45 46 47 48 49 50","NaN NaN NaN NaN NaN NaN NaN NaN NaN NaN 0.068335320025 0.068335320025 0.068335320025 NaN 0.007323618213 0.007323618213 0.007323618213 0.008416808739 0.008416808739 0.008416808739 NaN NaN 0.012076004633 0.012076004633 0.012076004633 NaN NaN 0.011172432061 0.011172432061 0.011172432061 NaN 0.00986247195 0.00986247195 0.00986247195 0.008161642934 0.008161642934 0.008161642934 NaN NaN 0.00841763922 0.00841763922 0.00841763922 0.006804989881 0.006804989881 0.006804989881 NaN NaN NaN 0.009445401041 0.009445401041"
General-1-20251226-16:19:21-135926,vector,AdhocNetwork1.host[7].rl,rlReward,,,"1 2 3 4 5 6 7 8 9 10 11 12 13 14 15 16 17 18 19 20 21 22 23 24 25 26 27 28 29 30 31 32 33 34 35 36 37 38 39 40 41 42 43 44 45 46 47 48 49 50","0.33333333333333 0 0.045484669103189 0.71490753582277 0.0068724840785899 0.05091219729211 0 0.037277586296231 0.042814799511484 0.33049124344549 0 -0.1699992449812 0.06756513545303 0.058848326827136 0.33480198139236 0.35412011382278 0.32446680147003 0.34085247309129 0.34265304110028 0.33030253786801 0.32495405412437 0.30252470538616 0.3373736838688 0.3412705930894 0.35675124296121 0.20856048599082 0.32584098263369 0.33130792503 0.34186631621608 0.35153228589484 0.34189726461209 0.31986142737075 -0.11830472111184 0.33249932584863 0.36668887599999 0.34994280379935 0.32720509871666 0.33964487673573 0.36543903364602 0.04656441598091 0.072436984591066 0.0059485433869462 0.028299709212546 0.36209088379345 0.35795234228268 0.35742171210399 0.33409550105526 0.35663144951366 0.34934932637005 0.34762275415354"
General-1-20251226-16:19:21-135926,vector,AdhocNetwork1.host[8].app[1],e2eDelayPeriodicSec,,,"1 2 3 4 5 6 7 8 9 10 11 12 13 14 15 16 17 18 19 20 21 22 23 24 25 26 27 28 29 30 31 32 33 34 35 36 37 38 39 40 41 42 43 44 45 46 47 48 49 50","NaN NaN NaN NaN 0.031408270977 0.031408270977 0.031408270977 NaN 0.014330991928 0.014330991928 0.014330991928 NaN 0.012337590008 0.012337590008 0.012337590008 0.00799220259 0.00799220259 0.00799220259 NaN 0.013547894321 0.013547894321 0.013547894321 NaN 0.009218023737 0.009218023737 0.009218023737 NaN 0.007485592897 0.007485592897 0.007485592897 NaN NaN 0.008504207408 0.008504207408 0.008504207408 NaN NaN NaN NaN NaN NaN NaN NaN NaN NaN 0.011334138402 0.011334138402 0.011334138402 NaN 0.00840235432"
General-1-20251226-16:19:21-135926,vector,AdhocNetwork1.host[8].rl,rlReward,,,"1 2 3 4 5 6 7 8 9 10 11 12 13 14 15 16 17 18 19 20 21 22 23 24 25 26 27 28 29 30 31 32 33 34 35 36 37 38 39 40 41 42 43 44 45 46 47 48 49 50","0.33333333333333 0 0.065210893423102 0.067947537584092 0 0.10594537359234 0.077654510606093 0.097749586900005 -0.065455145422004 0.09274786282033 0.027839610391822 0.071221169739256 0.072541891587624 -0.089932806723131 0.10354507130894 0.088268819837187 0.067825285817497 0.079454411765851 0.098863193119292 0.10402381182854 0.37123479852919 0.31290558596598 0.38661770764809 0.38599372390457 0.37224218483789 0.37075548439595 0.36088584737069 0.34564814950946 0.37944561689704 0.39782174963825 0.39601560739909 0.13468402649686 0.35717064033707 0.37841553179361 0.37834661198704 0.77241655851071 0.35023910347287 0.38104776979209 0.39490273949139 0.38370897908495 0.3867269537532 0.34600852050126 0.37432818614299 0.38640380938562 0.3848671893846 0.38356103794956 0.31075059266412 0.37836811187688 0.36568238348071 0.35414035677381"
General-1-20251226-16:19:21-135926,vector,AdhocNetwork1.host[9].app[1],e2eDelayPeriodicSec,,,"1 2 3 4 5 6 7 8 9 10 11 12 13 14 15 16 17 18 19 20 21 22 23 24 25 26 27 28 29 30 31 32 33 34 35 36 37 38 39 40 41 42 43 44 45 46 47 48 49 50","NaN 0.006904383716 0.006904383716 0.006904383716 NaN NaN 0.005897446297 0.005897446297 0.005897446297 NaN 0.005057209805 0.005057209805 0.005057209805 NaN 0.004517133597 0.004517133597 0.004517133597 NaN 0.005685453669 0.005685453669 0.005685453669 NaN 0.005195655086 0.005195655086 0.005195655086 NaN 0.004477736473 0.004477736473 0.004477736473 NaN NaN NaN NaN NaN NaN NaN NaN NaN NaN NaN 0.026061093659 0.026061093659 0.026061093659 NaN 0.004983073222 0.004983073222 0.004983073222 0.005937878656 0.005937878656 0.005937878656"
General-1-20251226-16:19:21-135926,vector,AdhocNetwork1.host[9].rl,rlReward,,,"1 2 3 4 5 6 7 8 9 10 11 12 13 14 15 16 17 18 19 20 21 22 23 24 25 26 27 28 29 30 31 32 33 34 35 36 37 38 39 40 41 42 43 44 45 46 47 48 49 50","0.33333333333333 0 0.054817465902382 0.66617734203557 -0.2 -0.59258382235858 -0.63148700973583 -0.59486090565269 -0.6260069502785 -0.44392546991987 -0.6 0.04802507343589 0.20541263446265 0.074399759245804 -0.10832351267656 -0.12008632869939 0.34361296017549 0.16526188214477 0.17809936750253 0.056857079124229 0.20741474459909 0.31153671997618 0.16982721037078 0.22860282373429 0.56557562879061 0.18561636189522 0.1660061505515 0.1581933461176 0.073563256933886 0.22437603714241 0.20016339408886 0.1551220290919 0.19289409162454 0.20750269466909 0.21313718208473 0.20743965386368 0.16203986014073 0.20607255389505 0.22018587754467 0.18316731426828 0.17991678058764 0.15033964401946 0.18936836863908 0.22251654881495 0.19341941890031 0.35273697115826 0.14671357955368 0.033651955363271 0.14744838156389 0.20096097471623"
General-1-20251226-16:19:21-135926,vector,AdhocNetwork1.host[10].app[1],e2eDelayPeriodicSec,,,"1 2 3 4 5 6 7 8 9 10 11 12 13 14 15 16 17 18 19 20 21 22 23 24 25 26 27 28 29 30 31 32 33 34 35 36 37 38 39 40 41 42 43 44 45 46 47 48 49 50","NaN 0.016762220398 0.016762220398 0.016762220398 NaN NaN NaN NaN NaN NaN NaN NaN NaN NaN 0.004515543552 0.004515543552 0.004515543552 NaN NaN 0.005329282948 0.005329282948 0.005329282948 0.006021641436 0.006021641436 0.006021641436 NaN NaN 0.005169438923 0.005169438923 0.005169438923 NaN 0.00473407201 0.00473407201 0.00473407201 NaN NaN 0.005116417433 0.005116417433 0.005116417433 NaN NaN 0.005529386522 0.005529386522 0.005529386522 NaN NaN NaN 0.005128988307 0.005128988307 0.005128988307"
General-1-20251226-16:19:21-135926,vector,AdhocNetwork1.host[10].rl,rlReward,,,"1 2 3 4 5 6 7 8 9 10 11 12 13 14 15 16 17 18 19 20 21 22 23 24 25 26 27 28 29 30 31 32 33 34 35 36 37 38 39 40 41 42 43 44 45 46 47 48 49 50","0.33333333333333 0 0.060001464221097 0.07669640037713 0.024952232579023 0.063628737725171 0.032194189523716 0.083847313856129 0.067821905423111 0.041544450480746 0.053047290845126 0.043156597444493 0.061318182163973 0.060103102366047 0.054087938690978 0.064769587926162 0.032145295650382 0.029631692772335 0.025423027105322 0.069126655563438 0.33033523097389 0.3 0.367054309634 0.39175373784917 0.067064419665962 0.37530681533602 0.36690987709498 0.34661766992651 -0.13223008456267 0.38383971628728 0.36408159385946 0.35693175782179 0.37535333619161 0.36689976674113 0.40024206362404 0.39431834258442 0.34214530893309 0.37969232207775 0.39379286342855 0.37737955303808 0.3878507512345 0.34508187286367 0.37209290591615 0.40293777152499 0.11074942180503 -0.091480721247541 0.37480202674661 0.39502486680822 0.3802866800383 0.39889412982477"
General-1-20251226-16:19:21-135926,vector,AdhocNetwork1.host[11].app[1],e2eDelayPeriodicSec,,,"1 2 3 4 5 6 7 8 9 10 11 12 13 14 15 16 17 18 19 20 21 22 23 24 25 26 27 28 29 30 31 32 33 34 35 36 37 38 39 40 41 42 43 44 45 46 47 48 49 50","NaN 0.006629411633 0.006629411633 0.006629411633 0.002718201247 0.002718201247 0.002718201247 NaN NaN 0.001698458846 0.001698458846 0.001698458846 0.003498630945 0.003498630945 0.003498630945 NaN 0.003178846185 0.003178846185 0.003178846185 NaN 0.001858653994 0.001858653994 0.001858653994 NaN NaN 0.002678032861 0.002678032861 0.002678032861 NaN 0.003177678656 0.003177678656 0.003177678656 NaN NaN 0.002637431708 0.002637431708 0.002637431708 NaN 0.003537464948 0.003537464948 0.003537464948 0.002957550521 0.002957550521 0.002957550521 NaN NaN 0.016653902245 0.016653902245 0.016653902245 0.003598215246"
General-1-20251226-16:19:21-135926,vector,AdhocNetwork1.host[11].rl,rlReward,,,"1 2 3 4 5 6 7 8 9 10 11 12 13 14 15 16 17 18 19 20 21 22 23 24 25 26 27 28 29 30 31 32 33 34 35 36 37 38 39 40 41 42 43 44 45 46 47 48 49 50","0.33333333333333 0 0.36812451227857 0.77367533593176 0.3 0.35704695769228 0.3336717464719 0.034411510110457 0.33895339413587 0.38322524799215 0.3 0.4092333747702 0.42893759605373 0.38134281254441 0.40766773099946 0.41673568892955 0.40727469349136 0.39406638558308 0.44432136213582 0.13597237926529 0.088285405496228 0.13885550868681 0.12053084544307 0.15996537878796 0.15864539578313 0.15065156293295 0.11432952125426 0.11923223070817 0.1643620361455 0.16239668430284 0.33111729315782 0.15304310794417 0.16148054972052 0.16324019846116 0.32789225626431 0.16728689766565 0.16247620531044 0.1612153701623 0.16279166054681 0.15520594790864 0.16268618020207 0.14868883988412 0.14289563590744 0.16119072522202 0.44390851009529 0.44565100595745 0.12137501679992 0.43839267670694 0.16288728291528 0.43715855667421"
General-1-20251226-16:19:21-135926,vector,AdhocNetwork1.host[12].app[1],e2eDelayPeriodicSec,,,"1 2 3 4 5 6 7 8 9 10 11 12 13 14 15 16 17 18 19 20 21 22 23 24 25 26 27 28 29 30 31 32 33 34 35 36 37 38 39 40 41 42 43 44 45 46 47 48 49 50","NaN NaN NaN NaN 0.072847647726 0.072847647726 0.072847647726 NaN 0.005509888582 0.005509888582 0.005509888582 NaN 0.00471526938 0.00471526938 0.00471526938 NaN NaN 0.007289240319 0.007289240319 0.007289240319 0.00497014882 0.00497014882 0.00497014882 NaN NaN NaN 0.00678290819 0.00678290819 0.00678290819 NaN NaN NaN NaN NaN NaN NaN NaN NaN NaN NaN NaN NaN NaN NaN NaN NaN NaN NaN NaN NaN"
General-1-20251226-16:19:21-135926,vector,AdhocNetwork1.host[12].rl,rlReward,,,"1 2 3 4 5 6 7 8 9 10 11 12 13 14 15 16 17 18 19 20 21 22 23 24 25 26 27 28 29 30 31 32 33 34 35 36 37 38 39 40 41 42 43 44 45 46 47 48 49 50","0.33333333333333 0 0.050912799197262 0.064225587773895 -0.66666666666667 -0.52936659164483 -0.594756815178 -0.58175783737322 -0.31744384188062 -0.50760005658098 -0.64530013922758 0.37057788335316 0.29931302552724 0.1034693121361 0.24512074130708 0.26075498562847 0.26221697795529 0.27818099190869 0.30887788921012 -0.029527345612409 0.28878535402091 0.17392544146317 0.80819376722549 0.28565320168453 0.31141191011484 0.29595857248795 0.2551576706008 0.27014112986879 0.30162958844994 0.29694364196834 0.30076606480242 0.25547848980296 0.28829484971381 0.2577412882754 0.31730340048962 0.28941671303749 0.26413028283795 0.29663391272905 0.41292934481893 0.30302281502848 0.14468967961645 0.091191290864807 0.41451403016568 0.2974193132664 0.42945097235871 0.30210202043333 0.41102384704784 -0.034466748395278 0.31825309289201 0.43052425323704"
General-1-20251226-16:19:21-135926,vector,AdhocNetwork1.host[13].app[1],e2eDelayPeriodicSec,,,"1 2 3 4 5 6 7 8 9 10 11 12 13 14 15 16 17 18 19 20 21 22 23 24 25 26 27 28 29 30 31 32 33 34 35 36 37 38 39 40 41 42 43 44 45 46 47 48 49 50","NaN 0.034979954275 0.034979954275 0.034979954275 0.022092446631 0.022092446631 0.022092446631 0.004582508613 0.004582508613 0.004582508613 NaN 0.005260454104 0.005260454104 0.005260454104 0.005368280144 0.005368280144 0.005368280144 NaN 0.028045897501 0.028045897501 0.028045897501 0.006313338831 0.006313338831 0.006313338831 NaN 0.005057775057 0.005057775057 0.005057775057 NaN NaN NaN NaN 0.004851623825 0.004851623825 0.004851623825 NaN 0.004110670285 0.004110670285 0.004110670285 NaN NaN 0.005463646868 0.005463646868 0.005463646868 NaN NaN 0.005659636366 0.005659636366 0.005659636366 NaN"
General-1-20251226-16:19:21-135926,vector,AdhocNetwork1.host[13].rl,rlReward,,,"1 2 3 4 5 6 7 8 9 10 11 12 13 14 15 16 17 18 19 20 21 22 23 24 25 26 27 28 29 30 31 32 33 34 35 36 37 38 39 40 41 42 43 44 45 46 47 48 49 50","0.33333333333333 0 0.088820161907635 0.11241051139643 -0.66666666666667 -0.53552011808858 -0.55451441275318 -0.57618565950952 -0.27752117920577 -0.47765031019162 -0.62408568377414 0.27115337585548 0.31845969544642 0.12365395888159 0.26103007657003 0.29609131756966 0.29844981389887 0.30878643396419 0.2926560671069 0.32458122015131 0.31769887082484 0.26286541104701 0.31285562405061 0.31964562347481 0.30778942605881 0.29722509467003 0.28220829364576 0.23748850342966 0.29266909857659 0.30481315157678 0.32596158638644 0.21905742658104 0.11177446320839 0.27326619489981 0.29667515352077 0.23321336415808 0.28550392417461 0.29545128167096 0.13664543436316 0.25414797671946 0.28960214479887 0.22624221660283 0.29114072202766 0.31241129053128 -0.29096573933787 -0.28455906184039 -0.37546276794169 -0.53337349144551 -0.31700495061976 -0.31903268722637"
General-1-20251226-16:19:21-135926,vector,AdhocNetwork1.host[14].app[1],e2eDelayPeriodicSec,,,"1 2 3 4 5 6 7 8 9 10 11 12 13 14 15 16 17 18 19 20 21 22 23 24 25 26 27 28 29 30 31 32 33 34 35 36 37 38 39 40 41 42 43 44 45 46 47 48 49 50","NaN NaN NaN NaN NaN NaN NaN 3.008370344275 3.008370344275 3.008370344275 NaN NaN NaN 0.008944007162 0.008944007162 0.008944007162 NaN NaN 0.01067062635 0.01067062635 0.01067062635 0.009465802075 0.009465802075 0.009465802075 NaN NaN 0.006429038704 0.006429038704 0.006429038704 NaN NaN NaN NaN NaN NaN NaN NaN NaN NaN NaN NaN NaN NaN NaN NaN NaN NaN NaN NaN NaN"
General-1-20251226-16:19:21-135926,vector,AdhocNetwork1.host[14].rl,rlReward,,,"1 2 3 4 5 6 7 8 9 10 11 12 13 14 15 16 17 18 19 20 21 22 23 24 25 26 27 28 29 30 31 32 33 34 35 36 37 38 39 40 41 42 43 44 45 46 47 48 49 50","0.33333333333333 0 0.016328657467341 0.68143811609979 0 -0.61024022271099 -0.64886200619343 -0.63259929742499 -0.61271253240446 -0.6753195301798 -0.44668005415702 -0.19915483059551 0.32585051318319 0.031896034936748 0.026860150331756 -0.15256217587664 0.011291666901051 0.1456259969743 -0.13560897221085 0.031080786874738 0.17110224263139 -0.2 0.17202834872616 0.08073341214998 0.22268543343104 0.35539026700131 0.16390876596302 0.16596553785892 -0.10712540537326 0.19622024488471 0.19153187374663 0.16031622995727 0.20582678845863 0.16571778720236 0.21800863440171 0.20801996695162 0.1483638291579 0.19464613752173 0.18597266297376 0.19586206541093 0.20657688335894 0.11532816154972 0.15403918511858 0.16754160423694 0.20485362022475 0.19474939403766 0.13154880258273 0.18227435444736 0.1897191703823 0.1816104272455"
General-1-20251226-16:19:21-135926,vector,AdhocNetwork1.host[15].app[1],e2eDelayPeriodicSec,,,"1 2 3 4 5 6 7 8 9 10 11 12 13 14 15 16 17 18 19 20 21 22 23 24 25 26 27 28 29 30 31 32 33 34 35 36 37 38 39 40 41 42 43 44 45 46 47 48 49 50","NaN 0.008234635499 0.008234635499 0.008234635499 0.003336091246 0.003336091246 0.003336091246 NaN 0.002652679146 0.002652679146 0.002652679146 NaN NaN 0.003113551848 0.003113551848 0.003113551848 0.002314298275 0.002314298275 0.002314298275 NaN 0.002255199604 0.002255199604 0.002255199604 NaN 0.003176173206 0.003176173206 0.003176173206 NaN NaN 0.003057359554 0.003057359554 0.003057359554 0.002178056867 0.002178056867 0.002178056867 NaN 0.002898953244 0.002898953244 0.002898953244 NaN 0.003519841855 0.003519841855 0.003519841855 NaN NaN NaN NaN NaN 0.005233428157 0.005233428157"
General-1-20251226-16:19:21-135926,vector,AdhocNetwork1.host[15].rl,rlReward,,,"1 2 3 4 5 6 7 8 9 10 11 12 13 14 15 16 17 18 19 20 21 22 23 24 25 26 27 28 29 30 31 32 33 34 35 36 37 38 39 40 41 42 43 44 45 46 47 48 49 50","0.33333333333333 0 0.022508382091952 0.05436020717881 -0.66666666666667 -0.60320680121888 -0.66710744486536 -0.40702063661044 -0.54456757128416 -0.6248445963376 -0.62430050928545 0.013335751162322 0.17753075449796 -0.15200123303725 0.16526650236187 0.34630207767012 0.10831331971439 0.12193678954261 0.1238598755401 0.34612563216251 0.1 0.0097179404121053 -0.15994240482898 0.20237490255464 0.37828439773581 0.066256557343668 0.31637060605287 0.34120795772381 0.063978972578922 0.33775703876975 0.36626913983144 -0.1615423301269 0.35663942009835 0.37232486059754 0.38586458816955 0.35752935440065 0.32956958402279 0.35640047960122 0.36989059927433 0.36064039176173 -0.10543173266646 0.31230412870376 0.36275745501713 0.34350236751155 -0.10990822583421 0.35591249624474 0.32166982911879 0.34416487221877 0.34883438737442 0.35802516159633"
General-1-20251226-16:19:21-135926,vector,AdhocNetwork1.host[16].app[1],e2eDelayPeriodicSec,,,"1 2 3 4 5 6 7 8 9 10 11 12 13 14 15 16 17 18 19 20 21 22 23 24 25 26 27 28 29 30 31 32 33 34 35 36 37 38 39 40 41 42 43 44 45 46 47 48 49 50","NaN NaN NaN NaN NaN NaN NaN NaN NaN NaN 0.053670495988 0.053670495988 0.053670495988 NaN 0.014489360319 0.014489360319 0.014489360319 NaN NaN 0.011889659527 0.011889659527 0.011889659527 NaN NaN NaN NaN NaN 0.010181102459 0.010181102459 0.010181102459 NaN NaN NaN NaN 0.011782822908 0.011782822908 0.011782822908 0.011719854102 0.011719854102 0.011719854102 NaN NaN 0.009845549451 0.009845549451 0.009845549451 NaN 0.011156948261 0.011156948261 0.011156948261 NaN"
General-1-20251226-16:19:21-135926,vector,AdhocNetwork1.host[16].rl,rlReward,,,"1 2 3 4 5 6 7 8 9 10 11 12 13 14 15 16 17 18 19 20 21 22 23 24 25 26 27 28 29 30 31 32 33 34 35 36 37 38 39 40 41 42 43 44 45 46 47 48 49 50","0.33333333333333 0 0.018729048105232 0.034682156813425 0 0.059031871528545 0.021095400196063 -0.62950776331201 -0.64538736440729 -0.67067237017234 -0.5 -0.045849483787474 0.12863354391439 -0.045991628938941 0.13687131066436 -0.055791501187705 0.12073290912474 -0.055775510786928 0.11075623578082 -0.02105206783017 0.21968972801694 0.11577217033425 -0.065589053637119 0.13367400160168 0.43121505488553 0.31662346970776 0.078288222231619 0.41424638110317 -0.040218017300527 0.41193111249537 0.30769615521679 0.29060856821751 0.28003121438508 0.32720019521356 0.31294773383618 0.31781399045055 0.30206896881427 0.28749881554908 0.32149533492522 0.31185886241012 0.31236405926253 0.27726330433979 0.13402024760724 0.31436836184889 0.31165464239075 0.31884436484448 0.25854210672148 0.29599021402709 0.31895958262716 0.30037817286947"
General-1-20251226-16:19:21-135926,vector,AdhocNetwork1.host[17].app[1],e2eDelayPeriodicSec,,,"1 2 3 4 5 6 7 8 9 10 11 12 13 14 15 16 17 18 19 20 21 22 23 24 25 26 27 28 29 30 31 32 33 34 35 36 37 38 39 40 41 42 43 44 45 46 47 48 49 50","NaN 0.007836193551 0.007836193551 0.007836193551 NaN 0.005169482931 0.005169482931 0.005169482931 NaN 0.004582912699 0.004582912699 0.004582912699 NaN 0.005328715013 0.005328715013 0.005328715013 NaN 0.002180116136 0.002180116136 0.002180116136 NaN 0.00320454716 0.00320454716 0.00320454716 0.002678888514 0.002678888514 0.002678888514 NaN 0.003018239982 0.003018239982 0.003018239982 NaN 0.002437594407 0.002437594407 0.002437594407 NaN 0.00312103568 0.00312103568 0.00312103568 NaN NaN 0.002756981639 0.002756981639 0.002756981639 0.003077042317 0.003077042317 0.003077042317 NaN 0.001957258918 0.001957258918"
General-1-20251226-16:19:21-135926,vector,AdhocNetwork1.host[17].rl,rlReward,,,"1 2 3 4 5 6 7 8 9 10 11 12 13 14 15 16 17 18 19 20 21 22 23 24 25 26 27 28 29 30 31 32 33 34 35 36 37 38 39 40 41 42 43 44 45 46 47 48 49 50","0.33333333333333 0 0.39955713022277 0.80311669294887 -0.7 -0.53252015870438 -0.53447173423623 -0.579275772249 -0.27663986033686 -0.49155281239712 -0.43500017528001 0.21257728634056 0.099647988772853 0.10702282901786 -0.09937311616863 0.41651243104262 0.25458974403639 0.098474886960156 0.77243800995399 0.41612925536047 0.36040922067757 0.12354447961379 0.40073331193639 0.39811171003069 0.37294710763095 0.26938853256506 0.39448940198714 0.34657456608312 0.38440585504403 0.41316086540646 0.42317363654952 0.19470555664555 0.38428007474516 0.39895945844232 0.12683234401152 0.39379807604804 0.39790526701429 0.36916317675286 0.4231299451706 0.37936799888693 0.40433028510995 0.384656134323 0.38383465844571 0.40633280989851 0.42661653347911 0.39756696084921 0.3647759792567 0.40603644769545 0.38985169424994 0.40533344051609"
General-1-20251226-16:19:21-135926,vector,AdhocNetwork1.host[18].app[1],e2eDelayPeriodicSec,,,"1 2 3 4 5 6 7 8 9 10 11 12 13 14 15 16 17 18 19 20 21 22 23 24 25 26 27 28 29 30 31 32 33 34 35 36 37 38 39 40 41 42 43 44 45 46 47 48 49 50","NaN NaN NaN NaN 0.128506411489 0.128506411489 0.128506411489 NaN 0.00882294738 0.00882294738 0.00882294738 NaN 0.004472442586 0.004472442586 0.004472442586 NaN 0.009158215454 0.009158215454 0.009158215454 NaN NaN NaN NaN 3.003656265203 3.003656265203 3.003656265203 0.00551030656 0.00551030656 0.00551030656 NaN 0.00525409697 0.00525409697 0.00525409697 NaN 0.006595110258 0.006595110258 0.006595110258 NaN 0.003910272372 0.003910272372 0.003910272372 NaN 0.005076482724 0.005076482724 0.005076482724 NaN NaN 0.005236180471 0.005236180471 0.005236180471"
General-1-20251226-16:19:21-135926,vector,AdhocNetwork1.host[18].rl,rlReward,,,"1 2 3 4 5 6 7 8 9 10 11 12 13 14 15 16 17 18 19 20 21 22 23 24 25 26 27 28 29 30 31 32 33 34 35 36 37 38 39 40 41 42 43 44 45 46 47 48 49 50","0.33333333333333 0 0.044117064856607 0.068849036973782 0 0.098972624244799 0.068667230062759 0.098684003520064 0.092123794431486 0.067313258700567 0.035475653983896 0.048970823563752 0.057593577879789 0.09002952246609 0.094019927967297 0.072706940611027 0.072422175404941 0.077126765264086 0.37737612646165 0.26477328647507 0.38236332727277 0.34617713227367 0.36884826901889 0.39636903166094 0.37495839596297 0.38605731537497 0.36793779490699 0.36454684776385 0.39066449508801 0.39314214350634 0.39146556380807 0.35212341684878 0.093572170009528 0.39024400868376 0.38724613496856 0.3941639317315 0.36503950252564 0.39120984147129 0.40184722047398 0.37833212364476 0.39331545791633 0.37142484734457 -0.083262282893546 0.3920160289068 0.40213006595964 0.39374132040793 0.36707685209135 0.38000788498502 0.091884578969687 0.40307526095128"
General-1-20251226-16:19:21-135926,vector,AdhocNetwork1.host[19].app[1],e2eDelayPeriodicSec,,,"1 2 3 4 5 6 7 8 9 10 11 12 13 14 15 16 17 18 19 20 21 22 23 24 25 26 27 28 29 30 31 32 33 34 35 36 37 38 39 40 41 42 43 44 45 46 47 48 49 50","NaN 0 0 0 0 0 0 NaN 0 0 0 NaN 0 0 0 0 0 0 NaN NaN 0 0 0 NaN 0 0 0 NaN 0 0 0 NaN 0 0 0 NaN 0 0 0 0 0 0 0 0 0 NaN NaN 0 0 0"
General-1-20251226-16:19:21-135926,vector,AdhocNetwork1.host[19].rl,rlReward,,,"1 2 3 4 5 6 7 8 9 10 11 12 13 14 15 16 17 18 19 20 21 22 23 24 25 26 27 28 29 30 31 32 33 34 35 36 37 38 39 40 41 42 43 44 45 46 47 48 49 50","0.33333333333333 0 0.34737418819768 0.35346380041418 0.34632968320037 0.067586055624957 0.042335859187365 0.054570962207032 0.053998574241935 0.058072308534699 0.032110319464849 0.046534694493535 0.035509896900388 0.055140868003736 0.056654494113558 0.021930451634906 0.022328047053352 0.028454582280526 0.04179822157549 0.036052683290092 0.031387875806074 0 0.047661673614945 0.062519283254952 0.36781971846222 0.36522654639886 0.32347663925182 0.35840532282457 0.35810880659924 0.36858858776619 0.36194759022447 0.31942860188637 0.36096434700918 0.37353504765511 0.37140877670677 0.35101467726536 0.3297483489482 0.35605842175246 0.37469470063199 0.35284855520567 0.36411012669382 0.32938591438338 0.34828399775 0.36273917388743 0.35715176021003 0.33532068112713 0.31838536213269 0.34118422580381 0.3396442024098 0.047710440255802"
General-1-20251226-16:19:21-135926,vector,AdhocNetwork1.host[20].app[1],e2eDelayPeriodicSec,,,"1 2 3 4 5 6 7 8 9 10 11 12 13 14 15 16 17 18 19 20 21 22 23 24 25 26 27 28 29 30 31 32 33 34 35 36 37 38 39 40 41 42 43 44 45 46 47 48 49 50","NaN NaN NaN NaN NaN NaN NaN NaN NaN NaN 0.072615543471 0.072615543471 0.072615543471 0.0119024708 0.0119024708 0.0119024708 0.010640401314 0.010640401314 0.010640401314 NaN 0.012676432474 0.012676432474 0.012676432474 NaN NaN NaN NaN 0.013208170192 0.013208170192 0.013208170192 NaN 0.007428349622 0.007428349622 0.007428349622 NaN 0.006115918225 0.006115918225 0.006115918225 NaN 0.005391646241 0.005391646241 0.005391646241 0.004590007033 0.004590007033 0.004590007033 NaN 0.005240218997 0.005240218997 0.005240218997 0.005569532191"
General-1-20251226-16:19:21-135926,vector,AdhocNetwork1.host[20].rl,rlReward,,,"1 2 3 4 5 6 7 8 9 10 11 12 13 14 15 16 17 18 19 20 21 22 23 24 25 26 27 28 29 30 31 32 33 34 35 36 37 38 39 40 41 42 43 44 45 46 47 48 49 50","0.33333333333333 0 0.071530005293427 0.74291238591234 0 0.070606240627395 0.044501342425172 -0.14742266075236 0.037134684868548 0.077614700069978 0.019637820289529 0.038089102706194 0.043537386894971 0.063145487127363 0.061665541505326 0.066388039714075 0.026209815005273 0.0397292777016 0.083193186784536 0.052126631415016 0.012564100205572 0.031219280685608 0.063293666744548 -0.61142746526931 -0.61138737519833 -0.60111226928415 -0.62655068952295 -0.63932250060003 -0.61712024615194 -0.59954641374204 -0.58994710109369 0 0.044116003110672 0.35387488212005 0.36762881800404 0.30568729997743 0.33982173702404 0.32990307491234 0.35786675638839 0.31765835530301 0.36937791599348 0.3 0.30283917407555 -0.1761181404332 -0.65319880343426 -0.6396881544745 -0.7 -0.60244760080841 -0.63071934090995 -0.58994467171311"
General-1-20251226-16:19:21-135926,vector,AdhocNetwork1.host[21].app[1],e2eDelayPeriodicSec,,,"1 2 3 4 5 6 7 8 9 10 11 12 13 14 15 16 17 18 19 20 21 22 23 24 25 26 27 28 29 30 31 32 33 34 35 36 37 38 39 40 41 42 43 44 45 46 47 48 49 50","NaN NaN NaN NaN NaN NaN NaN NaN NaN NaN 0.074365129601 0.074365129601 0.074365129601 0.007985566889 0.007985566889 0.007985566889 NaN NaN 0.008181605326 0.008181605326 0.008181605326 NaN NaN 0.011541678989 0.011541678989 0.011541678989 NaN 0.007625290581 0.007625290581 0.007625290581 0.009995123116 0.009995123116 0.009995123116 NaN 0.007948880952 0.007948880952 0.007948880952 NaN NaN 0.007484779775 0.007484779775 0.007484779775 NaN NaN 0.004564681445 0.004564681445 0.004564681445 0.00523644174 0.00523644174 0.00523644174"
General-1-20251226-16:19:21-135926,vector,AdhocNetwork1.host[21].rl,rlReward,,,"1 2 3 4 5 6 7 8 9 10 11 12 13 14 15 16 17 18 19 20 21 22 23 24 25 26 27 28 29 30 31 32 33 34 35 36 37 38 39 40 41 42 43 44 45 46 47 48 49 50","0.33333333333333 0 0.054329452304688 0.05337352488158 0 0.10643169745386 0.081451591330219 0.11443428181304 0.10997225394772 0.10784982851765 0.02804516593248 0.083415978461151 0.080316653084578 0.10407839764481 -0.085646269534202 0.085805265572662 0.077533478905049 0.081118337615956 0.11630929144652 0.097366344251537 0.094565014223903 0.062349227435005 0.092781541575853 0.11370847294957 0.38190556384209 0.37681615793809 0.36871208043147 0.36657091599002 0.39685898702124 0.40761528719562 0.40435924835939 0.36659335127227 0.39893764652076 0.38811361502077 0.39619442587622 0.39857810043208 0.36263144038107 -0.6171147147646 -0.59212146869302 -0.60191154781675 -0.62045773210928 0.36760701188723 0.38083031761694 0.40120341365516 0.39567446043202 0.3897028842449 0.36810418153635 0.37622399899408 0.38314166446181 0.38064910248683"
General-1-20251226-16:19:21-135926,vector,AdhocNetwork1.host[22].app[1],e2eDelayPeriodicSec,,,"1 2 3 4 5 6 7 8 9 10 11 12 13 14 15 16 17 18 19 20 21 22 23 24 25 26 27 28 29 30 31 32 33 34 35 36 37 38 39 40 41 42 43 44 45 46 47 48 49 50","NaN 0 0 0 NaN 0 0 0 NaN NaN 0 0 0 0 0 0 NaN NaN 0 0 0 NaN NaN 0 0 0 NaN 0 0 0 NaN NaN 0 0 0 0 0 0 0 0 0 NaN NaN 0 0 0 NaN NaN 0 0"
General-1-20251226-16:19:21-135926,vector,AdhocNetwork1.host[22].rl,rlReward,,,"1 2 3 4 5 6 7 8 9 10 11 12 13 14 15 16 17 18 19 20 21 22 23 24 25 26 27 28 29 30 31 32 33 34 35 36 37 38 39 40 41 42 43 44 45 46 47 48 49 50","0.33333333333333 0 0.043635277479839 0.037603599461143 -0.66468744487614 -0.65991313100966 -0.66036559476803 -0.46596641121489 -0.54772642608706 -0.63012726518621 -0.64524296924926 0.1 -0.16544426351883 0.33061757725182 0.032987686802669 0.16048498034489 0.1 0.31634600584852 -0.15101142252232 0.015625445361325 0.31715477073277 0.1 0.35688740066524 0.36521489607125 0.34739374587048 0.35514024193236 0.029766098663294 0.3562092774905 0.36836902213743 0.36971491598933 0.36867362761537 0.33236166064956 0.35045444701177 0.36296751347443 0.36456653876601 -0.11557917918775 -0.66984904574983 -0.65400185668901 -0.63642302226112 -0.64901271189178 -0.66546902735071 0.31381450916678 0.33853376323298 0.35108616401859 0.35678281475137 0.3431459807676 0.31247020848687 0.34478181424401 0.34069400891061 0.33969377222168"
General-1-20251226-16:19:21-135926,vector,AdhocNetwork1.host[23].app[1],e2eDelayPeriodicSec,,,"1 2 3 4 5 6 7 8 9 10 11 12 13 14 15 16 17 18 19 20 21 22 23 24 25 26 27 28 29 30 31 32 33 34 35 36 37 38 39 40 41 42 43 44 45 46 47 48 49 50","NaN 0.003209100907 0.003209100907 0.003209100907 0.002715575839 0.002715575839 0.002715575839 NaN 0.00257594259 0.00257594259 0.00257594259 NaN 0.003216522789 0.003216522789 0.003216522789 NaN NaN 0.003503228064 0.003503228064 0.003503228064 NaN 0.003138054607 0.003138054607 0.003138054607 0.002718597358 0.002718597358 0.002718597358 NaN 0.002739271894 0.002739271894 0.002739271894 NaN 0.003460115745 0.003460115745 0.003460115745 NaN 0.003004126254 0.003004126254 0.003004126254 NaN 0.002780141922 0.002780141922 0.002780141922 NaN NaN 0.035826447753 0.035826447753 0.035826447753 0.002920071869 0.002920071869"
General-1-20251226-16:19:21-135926,vector,AdhocNetwork1.host[23].rl,rlReward,,,"1 2 3 4 5 6 7 8 9 10 11 12 13 14 15 16 17 18 19 20 21 22 23 24 25 26 27 28 29 30 31 32 33 34 35 36 37 38 39 40 41 42 43 44 45 46 47 48 49 50","0.33333333333333 0 0.028195036387906 0.027303251746179 0.025168970031102 0.02571264120563 0.0057646465209991 0.029865315397393 0.022201446317963 0.020200575819315 0.01699711458117 0 0.30843067060867 0.33863704563936 0.3345041323835 0.33208277710038 0.3 0.31706916044074 0.33463628482268 0.33783884008946 0.33027280526062 0.3 0.33745151781009 0.36018576009198 0.36573284114819 0.16136161933297 0.31957605550481 0.33771649939882 0.35417051038745 0.35996599882771 0.34879567889023 0.30912716176246 0.34021280175244 0.3 0.34765559443188 0.34955330137657 0.3 0.35322913114002 0.37284861658123 0.34788121460104 0.34616690978166 0.30767628286858 0.33960946317736 0.37861739782868 0.36885238920658 0.35217903046329 0.32641502893896 0.2044987711812 0.34229667429222 0.33377106643447"
General-1-20251226-16:19:21-135926,vector,AdhocNetwork1.host[24].app[1],e2eDelayPeriodicSec,,,"1 2 3 4 5 6 7 8 9 10 11 12 13 14 15 16 17 18 19 20 21 22 23 24 25 26 27 28 29 30 31 32 33 34 35 36 37 38 39 40 41 42 43 44 45 46 47 48 49 50","NaN 0.002651680914 0.002651680914 0.002651680914 NaN 0.002294770323 0.002294770323 0.002294770323 NaN 0.002915990665 0.002915990665 0.002915990665 0.003396825514 0.003396825514 0.003396825514 0.003313692651 0.003313692651 0.003313692651 NaN NaN 0.002598851351 0.002598851351 0.002598851351 0.002439891608 0.002439891608 0.002439891608 0.003160781752 0.003160781752 0.003160781752 NaN NaN 0.004855848823 0.004855848823 0.004855848823 NaN NaN NaN NaN NaN NaN NaN NaN NaN NaN NaN 0.006058492148 0.006058492148 0.006058492148 NaN NaN"
General-1-20251226-16:19:21-135926,vector,AdhocNetwork1.host[24].rl,rlReward,,,"1 2 3 4 5 6 7 8 9 10 11 12 13 14 15 16 17 18 19 20 21 22 23 24 25 26 27 28 29 30 31 32 33 34 35 36 37 38 39 40 41 42 43 44 45 46 47 48 49 50","0.33333333333333 0 0.07980840304731 0.077424915531447 0.014589334017114 0.05956302451442 0.047537819826971 0.052017404642624 0.082401859772082 0.054694959798329 0.017716864365925 -0.1699143614794 0.051913652463198 0.062097030001351 0.042115161554431 -0.12217208686109 0.015644350628127 0.047175898714081 0.043333224054485 0.077636673877418 0.040101422216471 0.3 0.38561022589354 0.24085709018582 0.38406829542611 0.37835662833954 0.36159730578134 0.36178837003935 0.40081340595666 0.38854082374933 0.39617297089658 0.3602851907019 0.3681318337129 0.38682605535886 0.38908699661609 0.39371580243816 0.35965997115545 0.36110850812158 0.38897596997766 0.39005266376988 0.39038634061302 0.34465520151094 0.38177877665537 0.38453311806625 0.393405800502 0.36333482953945 0.34569859067185 0.38425134648885 0.38681141302975 0.37783209307517"
General-2-20251226-16:19:21-135923,vector,AdhocNetwork1.host[0].app[1],e2eDelayPeriodicSec,,,"1 2 3 4 5 6 7 8 9 10 11 12 13 14 15 16 17 18 19 20 21 22 23 24 25 26 27 28 29 30 31 32 33 34 35 36 37 38 39 40 41 42 43 44 45 46 47 48 49 50","NaN NaN NaN NaN 0.028348966102 0.028348966102 0.028348966102 NaN 0.009584601575 0.009584601575 0.009584601575 NaN NaN 0.007527556499 0.007527556499 0.007527556499 NaN NaN 0.010004793945 0.010004793945 0.010004793945 NaN 0.006406626808 0.006406626808 0.006406626808 NaN 0.009220599835 0.009220599835 0.009220599835 NaN NaN NaN NaN NaN 0.011451708601 0.011451708601 0.011451708601 0.005753094237 0.005753094237 0.005753094237 NaN 0.006875335742 0.006875335742 0.006875335742 NaN 0.005332928181 0.005332928181 0.005332928181 NaN NaN"
General-2-20251226-16:19:21-135923,vector,AdhocNetwork1.host[0].rl,rlReward,,,"1 2 3 4 5 6 7 8 9 10 11 12 13 14 15 16 17 18 19 20 21 22 23 24 25 26 27 28 29 30 31 32 33 34 35 36 37 38 39 40 41 42 43 44 45 46 47 48 49 50","0.33333333333333 0 0.090079909242176 0.086465690543076 0.0037801913002821 0.09339171512686 0.057189099658538 0.058482254604046 0.1021816292748 0.056415629461498 0.076401608356962 0.04678576683606 0.084539135775822 0.093454022798694 0.082028668941879 0.057651397899591 0.055461603405158 0.099451698269367 0.085021879361769 0.082246589175233 0.070775964947633 0.041518416954142 0.063771932688613 0.11152803832259 0.072127794839178 0.06440773801571 0.033827340918915 0.083741260617375 0.089172542635116 0.39607168902479 0.39634074625012 0.33505827657306 0.37657078818767 0.32476190939829 0.37825979541034 -0.063745492427425 0.34242967410305 0.38259175078269 0.36938099267685 0.38572307152595 0.38570288024037 0.33649568940525 0.35829370552861 0.35690392161541 0.40658490200168 0.4037307945371 0.31191003354569 0.3569183542568 0.37460980336341 0.405126586099"
General-2-20251226-16:19:21-135923,vector,AdhocNetwork1.host[1].app[1],e2eDelayPeriodicSec,,,"1 2 3 4 5 6 7 8 9 10 11 12 13 14 15 16 17 18 19 20 21 22 23 24 25 26 27 28 29 30 31 32 33 34 35 36 37 38 39 40 41 42 43 44 45 46 47 48 49 50","NaN NaN NaN NaN 0.072760926435 0.072760926435 0.072760926435 NaN 0.007036776641 0.007036776641 0.007036776641 NaN NaN NaN NaN NaN NaN NaN NaN NaN NaN 0.008114313032 0.008114313032 0.008114313032 0.008166718592 0.008166718592 0.008166718592 NaN NaN 0.006623836688 0.006623836688 0.006623836688 NaN 0.006962880745 0.006962880745 0.006962880745 NaN 0.004993312361 0.004993312361 0.004993312361 NaN NaN 0.034178408656 0.034178408656 0.034178408656 0.004467065339 0.004467065339 0.004467065339 NaN 0.005646055224"
General-2-20251226-16:19:21-135923,vector,AdhocNetwork1.host[1].rl,rlReward,,,"1 2 3 4 5 6 7 8 9 10 11 12 13 14 15 16 17 18 19 20 21 22 23 24 25 26 27 28 29 30 31 32 33 34 35 36 37 38 39 40 41 42 43 44 45 46 47 48 49 50","0.33333333333333 0 0.022415580438864 0.0403066461356 0 -0.62056002426626 -0.61491755002041 -0.63704596847924 -0.42103257927764 -0.51111947619282 -0.58806219878436 -0.19700051085638 0.045753032590368 0.21993188350831 0.075479272604641 0.17063018237458 0.33154507058623 0.20319635413352 0.35652363879165 0.37355043822916 0.13902272589256 0.31880220365949 0.348376120707 0.080881178162411 0.3363780215616 0.35835781480009 0.16320501449462 0.37268954466641 0.23804872891915 0.22843600732425 0.21086456289136 0.1706799054454 0.21000544953461 0.22506885890378 0.25387896148896 -0.082027987896409 0.18654299623414 0.25815639715514 0.23361616290197 0.25468914738612 0.25086842369362 0.20329700775307 0.20029782095776 0.26171430545925 0.25986735839832 0.22529461770853 0.1662357692276 0.24297531309353 0.10470902237481 0.25781082222582"
General-2-20251226-16:19:21-135923,vector,AdhocNetwork1.host[2].app[1],e2eDelayPeriodicSec,,,"1 2 3 4 5 6 7 8 9 10 11 12 13 14 15 16 17 18 19 20 21 22 23 24 25 26 27 28 29 30 31 32 33 34 35 36 37 38 39 40 41 42 43 44 45 46 47 48 49 50","NaN NaN NaN NaN 0.063114844934 0.063114844934 0.063114844934 NaN 0.010954387145 0.010954387145 0.010954387145 NaN 0.014497607289 0.014497607289 0.014497607289 NaN 0.012349343487 0.012349343487 0.012349343487 NaN 0.009314183518 0.009314183518 0.009314183518 NaN NaN NaN NaN NaN NaN NaN NaN NaN NaN 0.006643857321 0.006643857321 0.006643857321 NaN NaN 0.006964967179 0.006964967179 0.006964967179 NaN NaN NaN NaN NaN NaN NaN NaN NaN"
General-2-20251226-16:19:21-135923,vector,AdhocNetwork1.host[2].rl,rlReward,,,"1 2 3 4 5 6 7 8 9 10 11 12 13 14 15 16 17 18 19 20 21 22 23 24 25 26 27 28 29 30 31 32 33 34 35 36 37 38 39 40 41 42 43 44 45 46 47 48 49 50","0.33333333333333 0 0.04862685555536 0.069468657809083 0 0.055176020911421 -0.63100051661328 -0.61822718135369 -0.62707254076242 -0.66132066760379 -0.40920433218435 -0.2 0.02953561190601 -0.10074367677067 0.055621966881996 0.31894329503408 0.12064576491811 -0.13433033344558 0.068222530274336 0.19621005631471 -0.16569813871084 0.13526395536548 0.066048449863423 0.2251025546342 -0.11528636031411 0.1992557844625 0.32460561802409 0.21443947166485 0.22900800064759 -0.10728722724139 0.21061747681825 0.15871943026321 0.18868444176301 0.2064979082634 0.19839363810252 0.20759357368631 0.12432098191866 0.22418635913452 0.19163676290159 0.21653608386401 0.1967645259066 0.16553449970569 0.17525675994392 0.21795838712027 0.23977197714911 0.2319032303307 0.1 0.22743731101812 0.26893150426943 0.25887062528396"
General-2-20251226-16:19:21-135923,vector,AdhocNetwork1.host[3].app[1],e2eDelayPeriodicSec,,,"1 2 3 4 5 6 7 8 9 10 11 12 13 14 15 16 17 18 19 20 21 22 23 24 25 26 27 28 29 30 31 32 33 34 35 36 37 38 39 40 41 42 43 44 45 46 47 48 49 50","NaN 0.009919325182 0.009919325182 0.009919325182 0.009055709889 0.009055709889 0.009055709889 NaN NaN 0.044915534445 0.044915534445 0.044915534445 0.005548697607 0.005548697607 0.005548697607 NaN 0.002986483536 0.002986483536 0.002986483536 NaN 0.002420514464 0.002420514464 0.002420514464 NaN NaN NaN NaN 0.005021798883 0.005021798883 0.005021798883 NaN NaN 0.005051838717 0.005051838717 0.005051838717 NaN NaN NaN NaN NaN NaN NaN NaN NaN NaN NaN 0.026084150052 0.026084150052 0.026084150052 NaN"
General-2-20251226-16:19:21-135923,vector,AdhocNetwork1.host[3].rl,rlReward,,,"1 2 3 4 5 6 7 8 9 10 11 12 13 14 15 16 17 18 19 20 21 22 23 24 25 26 27 28 29 30 31 32 33 34 35 36 37 38 39 40 41 42 43 44 45 46 47 48 49 50","0.33333333333333 0 0.12691358816517 0.78866653206639 0.020446029990455 0.099260423346879 0.045722617441886 0.098326896001688 0.12215942687244 0.07943628898608 0.074379803610293 0.066134502321976 0.37787815982404 0.10795430315026 0.094362248036706 0.084798685553325 -0.14883613976366 0.081921584769684 0.10932458423322 0.079317687268604 0.17435013253258 0.054550445871233 0.053326394384406 0.1301968784787 0.087270432296759 0.074370115252402 0.025210448329712 0.086903561561989 0.12040559372139 0.084915390970998 0.089934470291989 0.077945006473235 0.07147551496018 0.053736462638604 0.075816144636023 0.12936952057756 0.077465441130938 0.11143492422564 0.11918201696616 0.11385414438487 0.12364785367638 0.077553272677583 0.38804799686973 0.13370232817516 0.13958358024965 0.12685571716771 0.062307062146174 0.11526481267866 0.12021333377002 0.14172945141555"
General-2-20251226-16:19:21-135923,vector,AdhocNetwork1.host[4].app[1],e2eDelayPeriodicSec,,,"1 2 3 4 5 6 7 8 9 10 11 12 13 14 15 16 17 18 19 20 21 22 23 24 25 26 27 28 29 30 31 32 33 34 35 36 37 38 39 40 41 42 43 44 45 46 47 48 49 50","NaN NaN NaN NaN NaN NaN NaN NaN NaN NaN NaN NaN NaN NaN NaN NaN NaN NaN NaN NaN NaN NaN NaN NaN NaN NaN NaN NaN NaN NaN NaN NaN NaN NaN NaN NaN NaN NaN NaN NaN NaN NaN NaN NaN NaN NaN NaN NaN NaN NaN"
General-2-20251226-16:19:21-135923,vector,AdhocNetwork1.host[4].rl,rlReward,,,"1 2 3 4 5 6 7 8 9 10 11 12 13 14 15 16 17 18 19 20 21 22 23 24 25 26 27 28 29 30 31 32 33 34 35 36 37 38 39 40 41 42 43 44 45 46 47 48 49 50","0.33333333333333 0 0.025975902680091 0.035483365024787 0 0.053725812770494 0.02814670060985 0.045894017648975 0.056844899447707 0.057883381016915 0.055492688225971 0.019125022046881 0.043830581825322 0.05809929777602 0.35412070631319 0.34961751516747 0.30884577143945 0.34359109632132 0.063279739151382 0.35575771954431 0.32543083197622 0.31316868509814 0.33709314648972 0.35262089127285 0.040091319781683 0.34627746500192 0.31659305462922 0.34680327957211 0.33997290374716 0.3513552028393 0.35014991907014 0.0092162637871188 0.34274028023364 0.3542178331299 0.35823899331795 0.35112341749909 0.11829543343984 0.3508611957002 0.35496309384243 0.18800350877769 0.35162210717064 0.32130598942735 0.33201821817158 0.35908372211349 0.3572702715175 0.35430285681282 0.3 0.34722564363047 0.3619975262503 0.34586835356707"
General-2-20251226-16:19:21-135923,vector,AdhocNetwork1.host[5].app[1],e2eDelayPeriodicSec,,,"1 2 3 4 5 6 7 8 9 10 11 12 13 14 15 16 17 18 19 20 21 22 23 24 25 26 27 28 29 30 31 32 33 34 35 36 37 38 39 40 41 42 43 44 45 46 47 48 49 50","NaN NaN NaN NaN 0.003229401647 0.003229401647 0.003229401647 0.00255808459 0.00255808459 0.00255808459 NaN NaN 0.006274368444 0.006274368444 0.006274368444 0.002917728595 0.002917728595 0.002917728595 0.003217591172 0.003217591172 0.003217591172 NaN 0.002697542818 0.002697542818 0.002697542818 NaN 0.002697453115 0.002697453115 0.002697453115 NaN NaN 0.002437333111 0.002437333111 0.002437333111 0.003177372213 0.003177372213 0.003177372213 NaN 0.00235727998 0.00235727998 0.00235727998 NaN 0.003177331199 0.003177331199 0.003177331199 NaN 0.002289667511 0.002289667511 0.002289667511 0.002997535906"
General-2-20251226-16:19:21-135923,vector,AdhocNetwork1.host[5].rl,rlReward,,,"1 2 3 4 5 6 7 8 9 10 11 12 13 14 15 16 17 18 19 20 21 22 23 24 25 26 27 28 29 30 31 32 33 34 35 36 37 38 39 40 41 42 43 44 45 46 47 48 49 50","0.33333333333333 0.1 0.12139216279899 0.1281061448899 0.018861963166259 0.082960202127061 0.050857063039678 0.080864151680192 0.11120434610113 -0.62764822409305 -0.6501305387288 0.040976041907509 0.011133341136452 0.096445612484433 0.059633774675651 0.057951949840222 0.06323580961552 0.053230881516513 0.2536074420491 0.23535295427648 0.22417185571924 0.17750791412016 0.15012340748569 0.27005251231817 0.21045207399726 0.23610585218874 0.1 0.34862344550195 0.29859004452033 0.19168728157021 0.28191121364091 0.21965812980045 0.21609198944787 0.19910970759487 0.21525000511479 0.2834944662027 0.21802254475187 0.26946515792118 0.27350760111655 0.25616851028317 0.29486762400564 0.19574737302343 0.21817317141971 0.25669348240058 0.30019472260461 0.3013020876531 0.1 0.10470431607901 0.25612145449485 0.2843389353493"
General-2-20251226-16:19:21-135923,vector,AdhocNetwork1.host[6].app[1],e2eDelayPeriodicSec,,,"1 2 3 4 5 6 7 8 9 10 11 12 13 14 15 16 17 18 19 20 21 22 23 24 25 26 27 28 29 30 31 32 33 34 35 36 37 38 39 40 41 42 43 44 45 46 47 48 49 50","NaN NaN NaN NaN NaN NaN NaN 0.016602010028 0.016602010028 0.016602010028 NaN 0.01576334076 0.01576334076 0.01576334076 0.017411731212 0.017411731212 0.017411731212 0.008985971701 0.008985971701 0.008985971701 NaN 0.00859446333 0.00859446333 0.00859446333 NaN NaN 0.010787629473 0.010787629473 0.010787629473 NaN NaN NaN 0.00791878995 0.00791878995 0.00791878995 NaN NaN NaN NaN NaN NaN NaN NaN NaN NaN NaN 0.010185801464 0.010185801464 0.010185801464 NaN"
General-2-20251226-16:19:21-135923,vector,AdhocNetwork1.host[6].rl,rlReward,,,"1 2 3 4 5 6 7 8 9 10 11 12 13 14 15 16 17 18 19 20 21 22 23 24 25 26 27 28 29 30 31 32 33 34 35 36 37 38 39 40 41 42 43 44 45 46 47 48 49 50","0.33333333333333 0 0.075501867632203 0.083285536209883 0.020006984521321 0.050045983974792 -0.17495641336344 0.035032866213753 0.061779086011001 0.058631367664599 -0.62893942863187 0 0.073273141475533 0.064093869992677 0.3395707821769 0.34167751738687 0.32278409243702 0.33888167928128 0.34605550141722 0.36017411784227 0.33897274818739 0.30184368500161 0.34752930768638 0.38020581338836 0.3590977394939 0.32708359683752 0.3 0.35531329460972 0.34931043806108 0.35996271289953 0.34621742919096 0.31669319608135 0.36088721885882 0.31243302428748 0.36702591481992 0.37727859916776 0.34444089213002 0.38103057768373 0.35924843507486 0.3958906416272 0.38453539118183 0.3 0.39243413458484 -0.083349885865439 -0.6018529877737 -0.64416424872427 -0.66666666666667 -0.59131263242165 -0.6005307196719 -0.59817467407734"
General-2-20251226-16:19:21-135923,vector,AdhocNetwork1.host[7].app[1],e2eDelayPeriodicSec,,,"1 2 3 4 5 6 7 8 9 10 11 12 13 14 15 16 17 18 19 20 21 22 23 24 25 26 27 28 29 30 31 32 33 34 35 36 37 38 39 40 41 42 43 44 45 46 47 48 49 50","NaN NaN NaN NaN 0.045131122326 0.045131122326 0.045131122326 NaN NaN NaN NaN 0.010067439815 0.010067439815 0.010067439815 NaN 0.008941234292 0.008941234292 0.008941234292 0.010238464663 0.010238464663 0.010238464663 0.011554387796 0.011554387796 0.011554387796 NaN NaN 0.009002479668 0.009002479668 0.009002479668 NaN NaN NaN 0.015481167683 0.015481167683 0.015481167683 0.012031530259 0.012031530259 0.012031530259 0.007153788064 0.007153788064 0.007153788064 0.017705652746 0.017705652746 0.017705652746 NaN NaN 0.012507853528 0.012507853528 0.012507853528 NaN"
General-2-20251226-16:19:21-135923,vector,AdhocNetwork1.host[7].rl,rlReward,,,"1 2 3 4 5 6 7 8 9 10 11 12 13 14 15 16 17 18 19 20 21 22 23 24 25 26 27 28 29 30 31 32 33 34 35 36 37 38 39 40 41 42 43 44 45 46 47 48 49 50","0.33333333333333 0 0.34909408937713 0.35905617592456 0.0033350213794981 0.047544341307151 0.024978097954945 0.014173089511611 0.059796922035309 0.051249030122399 0.054512422176784 0 0.059867559352115 0.092570249024595 0.067780951140866 0.057880246242945 0.063411622446367 0.0702125610726 0.054059225891538 0.38635804722369 0.38007240348699 0.34330707481158 0.33489323123947 0.3859103071427 -0.10383255529286 0.37281772803195 0.32397501806821 -0.1226504516171 0.38461973856184 0.37979588178542 0.37995584637441 0.35228800129638 0.34667756830586 -0.11794743911209 0.38387697077401 0.38470374006719 0.33098015535389 -0.094711041863846 0.38957502353093 0.36803446528416 0.35236677782729 0.35592257360356 0.3539200066893 0.38568281981291 0.38718037774897 0.38227091178293 0.13601661384318 0.36278457216515 0.3749338425065 0.23716369948562"
General-2-20251226-16:19:21-135923,vector,AdhocNetwork1.host[8].app[1],e2eDelayPeriodicSec,,,"1 2 3 4 5 6 7 8 9 10 11 12 13 14 15 16 17 18 19 20 21 22 23 24 25 26 27 28 29 30 31 32 33 34 35 36 37 38 39 40 41 42 43 44 45 46 47 48 49 50","NaN NaN NaN NaN NaN NaN NaN 3.005623466491 3.005623466491 3.005623466491 NaN NaN NaN NaN 0.008849240387 0.008849240387 0.008849240387 NaN 0.004648877845 0.004648877845 0.004648877845 0.004388771764 0.004388771764 0.004388771764 NaN NaN 0.005705664828 0.005705664828 0.005705664828 NaN NaN NaN NaN 0.005185112057 0.005185112057 0.005185112057 NaN NaN NaN NaN NaN NaN NaN NaN NaN NaN 0.006577032101 0.006577032101 0.006577032101 NaN"
General-2-20251226-16:19:21-135923,vector,AdhocNetwork1.host[8].rl,rlReward,,,"1 2 3 4 5 6 7 8 9 10 11 12 13 14 15 16 17 18 19 20 21 22 23 24 25 26 27 28 29 30 31 32 33 34 35 36 37 38 39 40 41 42 43 44 45 46 47 48 49 50","0.33333333333333 0 0.074629762171713 0.084164109026998 0 0.090471415929275 -0.59783908499341 -0.58389489333972 -0.564356413268 -0.61986481968216 -0.34932387058893 -0.15010412801224 0.74589426685341 -0.056647960077901 0.082808987054343 0.21272199889502 -0.10070628933686 0.38633527717839 0.076665849455317 0.40439541665597 0.38922140944683 0.34734488001473 0.37462697650557 0.28520285649401 0.37453822514365 0.38736383737093 0.35597501545687 0.3692048638894 0.3899036249933 0.40174460376182 -0.06231480561777 0.37272400918233 0.098930847653356 0.38961127326634 0.2899627591614 0.29717779677148 0.2250719476027 0.26899788796721 0.2877602488529 0.27477000350404 0.41144983470123 0.38421070365239 0.3822934972378 0.42523614781767 0.42781102353654 0.41692319413609 0.19000013067578 0.40369183784881 0.13109868385098 0.12326429720568"
General-2-20251226-16:19:21-135923,vector,AdhocNetwork1.host[9].app[1],e2eDelayPeriodicSec,,,"1 2 3 4 5 6 7 8 9 10 11 12 13 14 15 16 17 18 19 20 21 22 23 24 25 26 27 28 29 30 31 32 33 34 35 36 37 38 39 40 41 42 43 44 45 46 47 48 49 50","NaN 0.019074557009 0.019074557009 0.019074557009 NaN 0.006772531568 0.006772531568 0.006772531568 0.007812398118 0.007812398118 0.007812398118 NaN 0.007782330285 0.007782330285 0.007782330285 NaN NaN 0.009824726522 0.009824726522 0.009824726522 NaN NaN NaN 0.010706055958 0.010706055958 0.010706055958 0.013081201902 0.013081201902 0.013081201902 NaN NaN 0.011545893542 0.011545893542 0.011545893542 NaN NaN 0.010580738373 0.010580738373 0.010580738373 NaN NaN NaN NaN NaN NaN NaN NaN NaN NaN NaN"
General-2-20251226-16:19:21-135923,vector,AdhocNetwork1.host[9].rl,rlReward,,,"1 2 3 4 5 6 7 8 9 10 11 12 13 14 15 16 17 18 19 20 21 22 23 24 25 26 27 28 29 30 31 32 33 34 35 36 37 38 39 40 41 42 43 44 45 46 47 48 49 50","0.33333333333333 0.1 0.075799685095396 0.088674838445124 0.069554365505256 0.052318686573228 0.049342861720919 -0.66883206863677 -0.38079719765155 -0.52686836107115 -0.59971905988078 -0.62060735604439 -0.4309486385311 -0.49639269502257 -0.62945660358445 -0.59711797161713 -0.53894667561177 -0.41164987794765 -0.57067211758099 -0.48304775980119 -0.35995315681729 0.34610489015687 -0.10417256343609 0.390398493793 0.069879066357589 0.23748678832783 0.33928441832119 0.052094274211142 0.38011213267295 0.098926300969678 0.098402372308011 0.19798301696963 0.063674671666636 0.096587735270129 0.10207437018078 0.099632367921487 0.068781739376023 0.20924590915835 0.10469356376467 0.10081694139322 0.089103875306893 0.0775104358504 0.088666293686403 0.10556108169453 0.10670473026656 0.10678208282428 0.082627847215199 0.093722992287962 0.10602789538616 0.10620328781368"
General-2-20251226-16:19:21-135923,vector,AdhocNetwork1.host[10].app[1],e2eDelayPeriodicSec,,,"1 2 3 4 5 6 7 8 9 10 11 12 13 14 15 16 17 18 19 20 21 22 23 24 25 26 27 28 29 30 31 32 33 34 35 36 37 38 39 40 41 42 43 44 45 46 47 48 49 50","NaN 0.012830572347 0.012830572347 0.012830572347 NaN 0.005651594367 0.005651594367 0.005651594367 NaN NaN NaN 0.007519683186 0.007519683186 0.007519683186 0.005611282339 0.005611282339 0.005611282339 NaN 0.005904779669 0.005904779669 0.005904779669 NaN 0.005937344423 0.005937344423 0.005937344423 0.008546950829 0.008546950829 0.008546950829 NaN NaN NaN NaN NaN 0.008321271473 0.008321271473 0.008321271473 NaN NaN NaN NaN 0.012659257902 0.012659257902 0.012659257902 NaN NaN NaN NaN 0.012623454595 0.012623454595 0.012623454595"
General-2-20251226-16:19:21-135923,vector,AdhocNetwork1.host[10].rl,rlReward,,,"1 2 3 4 5 6 7 8 9 10 11 12 13 14 15 16 17 18 19 20 21 22 23 24 25 26 27 28 29 30 31 32 33 34 35 36 37 38 39 40 41 42 43 44 45 46 47 48 49 50","0.33333333333333 0 0.092173534228606 0.092762773478391 0.053212403155339 0.079570199613354 0.015450903576002 0.080132588897007 0.061454622089355 0.043881009255345 0.050818488914802 -0.15963056480126 0.0337301414828 0.059027214259755 0.089536460269479 0.057842850736521 0.018655478134929 0.08295611235599 0.066157090084139 0.083345591072911 0.034774396059408 0.027733764996216 0.077232504825116 0.087883950685737 0.049107421308019 0.37658019692989 0.30898501049652 -0.14281782914717 0.3662753811093 0.38623059501734 0.35302649154633 0.33074144695793 0.3618758418723 0.36862649520372 0.37528028859431 0.37164382068637 0.32848076139087 0.38437615524923 0.37568696145315 0.37599066344987 0.38513542766017 0.33254126141325 0.37044717119852 0.24041655296557 0.38665243212654 0.36267047601812 0.14956610814976 0.37718241710934 0.22147269558632 0.38519417518222"
General-2-20251226-16:19:21-135923,vector,AdhocNetwork1.host[11].app[1],e2eDelayPeriodicSec,,,"1 2 3 4 5 6 7 8 9 10 11 12 13 14 15 16 17 18 19 20 21 22 23 24 25 26 27 28 29 30 31 32 33 34 35 36 37 38 39 40 41 42 43 44 45 46 47 48 49 50","NaN NaN NaN NaN 0.033676308 0.033676308 0.033676308 NaN 0.003584458277 0.003584458277 0.003584458277 NaN 0.002899875397 0.002899875397 0.002899875397 NaN NaN 0.002900453242 0.002900453242 0.002900453242 0.010269082986 0.010269082986 0.010269082986 NaN 0.005608432507 0.005608432507 0.005608432507 NaN NaN 0.005535714328 0.005535714328 0.005535714328 NaN 0.004548773151 0.004548773151 0.004548773151 NaN NaN NaN NaN NaN NaN NaN NaN NaN NaN 0.00466683951 0.00466683951 0.00466683951 NaN"
General-2-20251226-16:19:21-135923,vector,AdhocNetwork1.host[11].rl,rlReward,,,"1 2 3 4 5 6 7 8 9 10 11 12 13 14 15 16 17 18 19 20 21 22 23 24 25 26 27 28 29 30 31 32 33 34 35 36 37 38 39 40 41 42 43 44 45 46 47 48 49 50","0.33333333333333 0.1 0.088788448845729 0.24692418267165 -0.66666666666667 -0.55732213963274 -0.3618196193244 -0.23024248970146 -0.4733654922592 -0.50280247883259 -0.36453373665194 0.042693943872962 0.21711314835839 0.3958705928837 0.36391459063186 0.35621631202676 0.36184866065251 0.37461550767094 0.36322373278056 0.39736492842545 0.3476132194812 0.33778472946707 0.39170589868186 0.40541331167648 0.36613972482775 0.3878756171002 0.35835166815066 0.4095707273712 0.40792857354905 0.41377335290894 0.40496535798636 0.35821058721345 0.40015167156959 0.39796510281449 0.40408552467927 0.4154331956354 0.39104349354036 0.42670605174803 0.41364254226615 0.41611456457812 0.42919113830561 0.24565957268815 0.42391985790986 0.41319265727275 0.43153337257396 -0.038035518214848 0.34604638627607 0.40754977541942 0.43427335327634 0.43572086630139"
General-2-20251226-16:19:21-135923,vector,AdhocNetwork1.host[12].app[1],e2eDelayPeriodicSec,,,"1 2 3 4 5 6 7 8 9 10 11 12 13 14 15 16 17 18 19 20 21 22 23 24 25 26 27 28 29 30 31 32 33 34 35 36 37 38 39 40 41 42 43 44 45 46 47 48 49 50","NaN NaN NaN NaN NaN NaN NaN NaN NaN NaN NaN NaN NaN NaN NaN NaN 12.006951440931 12.006951440931 12.006951440931 0.009344255378 0.009344255378 0.009344255378 NaN 0.008941796666 0.008941796666 0.008941796666 NaN 0.008459485369 0.008459485369 0.008459485369 NaN 0.010304378762 0.010304378762 0.010304378762 NaN NaN 0.014331997611 0.014331997611 0.014331997611 0.008871020462 0.008871020462 0.008871020462 NaN NaN NaN NaN 0.015230315924 0.015230315924 0.015230315924 NaN"
General-2-20251226-16:19:21-135923,vector,AdhocNetwork1.host[12].rl,rlReward,,,"1 2 3 4 5 6 7 8 9 10 11 12 13 14 15 16 17 18 19 20 21 22 23 24 25 26 27 28 29 30 31 32 33 34 35 36 37 38 39 40 41 42 43 44 45 46 47 48 49 50","0.33333333333333 0 0.061379017708362 0.074922323248536 0.0013709142067197 0.031479054607779 0.030516053060932 0.031578248717032 0.020827987774307 -0.1433543899485 0.062235369849175 0 -0.19481608502518 0.06708350369593 0.049997844197583 0.038989660881962 0.02567151324969 0.33822515467645 0.30343742373907 0.36685473854365 0.31915693126371 0.31635624951561 0.35227299482728 0.36084254185229 0.18220706941113 0.35103458013002 0.31732277826178 0.34679780456967 0.075249518725545 0.35276077902824 0.36316578854816 0.31661944461124 0.33298415535241 0.05554043483615 0.36968618085096 0.35587065445142 0.31852286786562 0.3749316366267 0.35729067408981 0.37996079919041 0.20904361602459 0.34365040676499 0.34957059726649 0.38340811816916 0.37362121261198 0.38079232853161 0.31666962613838 0.35493274446267 0.38174189881148 0.38512530670601"
General-2-20251226-16:19:21-135923,vector,AdhocNetwork1.host[13].app[1],e2eDelayPeriodicSec,,,"1 2 3 4 5 6 7 8 9 10 11 12 13 14 15 16 17 18 19 20 21 22 23 24 25 26 27 28 29 30 31 32 33 34 35 36 37 38 39 40 41 42 43 44 45 46 47 48 49 50","NaN NaN NaN NaN 0.092563085224 0.092563085224 0.092563085224 NaN NaN NaN NaN NaN NaN NaN NaN NaN 0.010221734734 0.010221734734 0.010221734734 NaN 0.009845225179 0.009845225179 0.009845225179 0.008961908495 0.008961908495 0.008961908495 NaN NaN 0.00590395188 0.00590395188 0.00590395188 0.007148888997 0.007148888997 0.007148888997 NaN NaN NaN NaN NaN NaN NaN NaN 0.008186615783 0.008186615783 0.008186615783 NaN 0.00982315505 0.00982315505 0.00982315505 0.006163666687"
General-2-20251226-16:19:21-135923,vector,AdhocNetwork1.host[13].rl,rlReward,,,"1 2 3 4 5 6 7 8 9 10 11 12 13 14 15 16 17 18 19 20 21 22 23 24 25 26 27 28 29 30 31 32 33 34 35 36 37 38 39 40 41 42 43 44 45 46 47 48 49 50","0.33333333333333 0 0.08168709516257 0.74597180003549 0.3 0.071168274912044 0.018148697509007 0.044814705532429 0.072855672400457 0.055371822684049 -0.62778361778961 0.034467669351217 0.71614662319306 0.075525757307672 0.05965901301456 0.022261805610212 0.0093004657695514 0.066180427624452 0.054350197840541 0.068616926846404 0.035614561119893 0 0.04658642601116 0.089626141426789 0.050553995104992 0.05605850038713 0.0062205690539943 0.063653869785164 0.065608101415646 0.082719735239206 0.06788053444994 0.00022971798574128 0.08234212848465 0.049688428224859 0.093348985578424 0.082288422797804 0.0018091749281151 0.095328187606399 0.06629877623087 0.067289222114657 0.066519494680154 0.013373163251975 0.056865887548462 0.06593162698045 0.10134638245408 0.060262377751665 -0.2 0.31666579196312 0.063976939304783 0.091857795981976"
General-2-20251226-16:19:21-135923,vector,AdhocNetwork1.host[14].app[1],e2eDelayPeriodicSec,,,"1 2 3 4 5 6 7 8 9 10 11 12 13 14 15 16 17 18 19 20 21 22 23 24 25 26 27 28 29 30 31 32 33 34 35 36 37 38 39 40 41 42 43 44 45 46 47 48 49 50","NaN 0.032537256249 0.032537256249 0.032537256249 0.030444979152 0.030444979152 0.030444979152 0.002556470979 0.002556470979 0.002556470979 0.003240907334 0.003240907334 0.003240907334 NaN NaN 0.004903709378 0.004903709378 0.004903709378 0.002377998076 0.002377998076 0.002377998076 0.00299855248 0.00299855248 0.00299855248 NaN NaN 0.014249140202 0.014249140202 0.014249140202 NaN 0.003878598851 0.003878598851 0.003878598851 NaN 0.002860610002 0.002860610002 0.002860610002 NaN NaN NaN NaN 0.004569116731 0.004569116731 0.004569116731 NaN 0.004730094606 0.004730094606 0.004730094606 NaN 0.005210231796"
General-2-20251226-16:19:21-135923,vector,AdhocNetwork1.host[14].rl,rlReward,,,"1 2 3 4 5 6 7 8 9 10 11 12 13 14 15 16 17 18 19 20 21 22 23 24 25 26 27 28 29 30 31 32 33 34 35 36 37 38 39 40 41 42 43 44 45 46 47 48 49 50","0.33333333333333 0 -0.10433976692533 0.078307928677279 0 0.061341906012156 0.33722987998988 0.014188337213735 0.049089042364152 0.065770499069718 0.077955110882645 0 0.051421258139625 0.1113844930486 0.074531324195941 0.045324876397334 0.071656589748906 0.039676436593122 0.33762147961754 0.39855297798234 0.36486464535763 0.32366568468075 0.35791869791177 0.39533417561324 0.38098893507711 0.33853403610756 0.3587601000256 0.3700579043672 0.37499203991387 0.37254216845324 -0.60555321026338 0.35391508146959 0.37041117134778 0.38624064649592 0.39656334458996 0.3756095925083 0.35238951271222 0.39918944960261 0.39595050927683 0.39529009905498 0.40183323491155 0.36668136786714 0.3880263695768 0.40458376948154 0.40724620236744 0.40478468664657 0.059435487264106 0.39167120140108 0.40874181655265 0.39622644375102"
General-2-20251226-16:19:21-135923,vector,AdhocNetwork1.host[15].app[1],e2eDelayPeriodicSec,,,"1 2 3 4 5 6 7 8 9 10 11 12 13 14 15 16 17 18 19 20 21 22 23 24 25 26 27 28 29 30 31 32 33 34 35 36 37 38 39 40 41 42 43 44 45 46 47 48 49 50","NaN 0.075528417314 0.075528417314 0.075528417314 NaN NaN 0.00697771967 0.00697771967 0.00697771967 0.009617591509 0.009617591509 0.009617591509 0.007158114459 0.007158114459 0.007158114459 NaN 0.010251573917 0.010251573917 0.010251573917 NaN NaN 0.01536063255 0.01536063255 0.01536063255 0.009527414186 0.009527414186 0.009527414186 NaN NaN 0.007503708918 0.007503708918 0.007503708918 NaN 0.007974710284 0.007974710284 0.007974710284 NaN NaN NaN NaN 0.007028100389 0.007028100389 0.007028100389 NaN NaN NaN NaN 0.015031949891 0.015031949891 0.015031949891"
General-2-20251226-16:19:21-135923,vector,AdhocNetwork1.host[15].rl,rlReward,,,"1 2 3 4 5 6 7 8 9 10 11 12 13 14 15 16 17 18 19 20 21 22 23 24 25 26 27 28 29 30 31 32 33 34 35 36 37 38 39 40 41 42 43 44 45 46 47 48 49 50","0.33333333333333 0 0.092386583073693 0.25686071679146 0.066289960988834 0.078550613095893 0.027276833260287 0.069607508987782 0.087037490760423 0.054092143345817 0.052564553742841 -0.62433938517782 -0.61506090682413 -0.37910530157155 -0.60647392212028 -0.63769533195769 -0.54631966778892 -0.43992603024642 -0.58476888503367 -0.58578632937077 -0.36891968319847 0.03101544846177 0.16536736572946 -0.081437902923793 0.078605849572906 0.35497525041118 0.16203176431674 0.030004732106506 0.084905046133991 0.34039136561225 0.37958468060239 0.3505320756064 0.3531818379627 0.069079424099432 0.36051046379136 0.38551121216522 0.35360924836139 -0.096744983344765 0.37660868724982 0.38777994483283 -0.083834571645015 0.35404451016281 0.36178163395264 0.38111333505176 0.39417842410843 -0.076755744505208 0.34372569206491 0.36452589352581 0.35605258412696 0.38566994465598"
General-2-20251226-16:19:21-135923,vector,AdhocNetwork1.host[16].app[1],e2eDelayPeriodicSec,,,"1 2 3 4 5 6 7 8 9 10 11 12 13 14 15 16 17 18 19 20 21 22 23 24 25 26 27 28 29 30 31 32 33 34 35 36 37 38 39 40 41 42 43 44 45 46 47 48 49 50","NaN 0.020342690187 0.020342690187 0.020342690187 NaN NaN NaN NaN 0.007284546949 0.007284546949 0.007284546949 NaN 0.006680650832 0.006680650832 0.006680650832 NaN 0.004545403032 0.004545403032 0.004545403032 NaN NaN 0.005092316061 0.005092316061 0.005092316061 0.004238840565 0.004238840565 0.004238840565 NaN 0.007988951202 0.007988951202 0.007988951202 NaN 0.004573250525 0.004573250525 0.004573250525 NaN NaN NaN NaN NaN NaN NaN NaN NaN NaN NaN 0.018557885402 0.018557885402 0.018557885402 NaN"
General-2-20251226-16:19:21-135923,vector,AdhocNetwork1.host[16].rl,rlReward,,,"1 2 3 4 5 6 7 8 9 10 11 12 13 14 15 16 17 18 19 20 21 22 23 24 25 26 27 28 29 30 31 32 33 34 35 36 37 38 39 40 41 42 43 44 45 46 47 48 49 50","0.33333333333333 -0.2 0.10060467674088 0.65399034172504 -0.38064818690233 -0.38750273582928 -0.40501589236134 -0.61836420286457 -0.62466789831523 -0.37999856649135 -0.58090649887827 0.11951675990965 0.031001362260054 0.23504077817494 -0.13079986023376 0.054895313027603 0.20360140829785 0.051469553172053 -0.097933793213657 0.25429880237859 0.22465010194463 0.34141141867539 0.065437977301301 0.25436343832428 -0.1029244787789 0.19844054580826 0.18097383841362 0.053808251812866 0.2294293221918 0.36961296424171 0.092697245170083 0.1703399082811 0.20029989012567 0.20682146015706 0.24573158916083 0.21845447959874 0.15219281110193 0.21243198826529 0.24809503147913 0.22670117330165 0.2074367571764 0.19005308963943 0.17598020883472 0.24497202735385 0.24973963200938 0.2546182501838 0.13215049901282 0.22991516079071 0.23753486174453 0.23618857825147"
General-2-20251226-16:19:21-135923,vector,AdhocNetwork1.host[17].app[1],e2eDelayPeriodicSec,,,"1 2 3 4 5 6 7 8 9 10 11 12 13 14 15 16 17 18 19 20 21 22 23 24 25 26 27 28 29 30 31 32 33 34 35 36 37 38 39 40 41 42 43 44 45 46 47 48 49 50","NaN 0.019123935639 0.019123935639 0.019123935639 NaN NaN NaN 0.007958729451 0.007958729451 0.007958729451 NaN 0.005764636057 0.005764636057 0.005764636057 NaN NaN 0.00558139706 0.00558139706 0.00558139706 NaN 0.004905582595 0.004905582595 0.004905582595 NaN 0.005332519671 0.005332519671 0.005332519671 NaN NaN 0.009297644342 0.009297644342 0.009297644342 0.004153196664 0.004153196664 0.004153196664 NaN 0.005350001929 0.005350001929 0.005350001929 NaN NaN NaN NaN NaN NaN NaN NaN NaN NaN NaN"
General-2-20251226-16:19:21-135923,vector,AdhocNetwork1.host[17].rl,rlReward,,,"1 2 3 4 5 6 7 8 9 10 11 12 13 14 15 16 17 18 19 20 21 22 23 24 25 26 27 28 29 30 31 32 33 34 35 36 37 38 39 40 41 42 43 44 45 46 47 48 49 50","0.33333333333333 -0.2 0.070826466603665 0.072392797257979 0.0369575431401 0.044635711848925 0.03247155903173 0.048935746391775 0.057358531042388 0.043669867692754 0.071209547074787 0.008053371995471 0.020229129350381 0.083128830283058 0.05635768863186 0.041208609444253 0.027042473098872 0.042658913202352 0.064675857190573 -0.093008881863335 0.039681427084618 0.012902653459157 0.063830512833245 0.085093067331345 0.36334867261782 0.34102069909208 0.34539970966016 0.36764629611796 0.36571994700277 0.36173833826034 0.36971879893323 0.34067339062989 0.36073666299193 0.37099126778931 0.10533085457678 0.38396167178143 0.3418318621114 0.38846175181991 0.39001481436355 0.3916329307514 0.38570401749696 0.36609341876847 0.37872405358828 0.390548088158 0.38973378562985 0.39023348933223 0.34444613712568 0.38707641846323 0.39246138753118 0.38524276223211"
General-2-20251226-16:19:21-135923,vector,AdhocNetwork1.host[18].app[1],e2eDelayPeriodicSec,,,"1 2 3 4 5 6 7 8 9 10 11 12 13 14 15 16 17 18 19 20 21 22 23 24 25 26 27 28 29 30 31 32 33 34 35 36 37 38 39 40 41 42 43 44 45 46 47 48 49 50","NaN 0.027185753687 0.027185753687 0.027185753687 NaN 0.009497289943 0.009497289943 0.009497289943 NaN 0.006630158241 0.006630158241 0.006630158241 NaN NaN 0.009883778923 0.009883778923 0.009883778923 0.008381324236 0.008381324236 0.008381324236 NaN 0.007402938516 0.007402938516 0.007402938516 NaN 0.008268631642 0.008268631642 0.008268631642 NaN 0.010240096989 0.010240096989 0.010240096989 NaN 0.00814287206 0.00814287206 0.00814287206 NaN NaN 0.007456524579 0.007456524579 0.007456524579 NaN 0.008262793098 0.008262793098 0.008262793098 NaN NaN 0.020764453819 0.020764453819 0.020764453819"
General-2-20251226-16:19:21-135923,vector,AdhocNetwork1.host[18].rl,rlReward,,,"1 2 3 4 5 6 7 8 9 10 11 12 13 14 15 16 17 18 19 20 21 22 23 24 25 26 27 28 29 30 31 32 33 34 35 36 37 38 39 40 41 42 43 44 45 46 47 48 49 50","0.33333333333333 0 0.091083344331836 -0.084029377729209 0.048427985091236 0.089847678851229 -0.15932520721704 0.082855794595041 0.088496395294987 0.082783287880003 -0.52714683442735 0.025033317952075 0.074880091788251 0.087131586752456 0.35985994526719 0.1899997739924 0.034575523214542 0.061659364080943 0.061831563974272 0.08122367875453 0.058212970553403 0.024648445498867 0.35603299510574 0.38248937902746 0.36036018610882 0.3674158678758 0.31876459228989 0.36681181248433 0.37868918131144 0.20357429324013 0.36516201012851 0.31104327856809 0.36348844685855 0.32076958376009 0.36134558982335 0.37466232029239 0.30398163500321 0.37234437802562 0.3389136653514 0.37590269545638 0.38375723041652 0.1 0.34876117227927 0.37506845457925 0.40448052768895 0.33742083379044 0.3 0.37263507894113 0.40093474036511 0.41839844081713"
General-2-20251226-16:19:21-135923,vector,AdhocNetwork1.host[19].app[1],e2eDelayPeriodicSec,,,"1 2 3 4 5 6 7 8 9 10 11 12 13 14 15 16 17 18 19 20 21 22 23 24 25 26 27 28 29 30 31 32 33 34 35 36 37 38 39 40 41 42 43 44 45 46 47 48 49 50","NaN NaN NaN NaN NaN NaN NaN 0.007360910217 0.007360910217 0.007360910217 0.007450568273 0.007450568273 0.007450568273 NaN 0.005503522412 0.005503522412 0.005503522412 NaN 0.005291606906 0.005291606906 0.005291606906 NaN NaN NaN NaN NaN 0.007949056298 0.007949056298 0.007949056298 NaN NaN NaN NaN 0.005763544343 0.005763544343 0.005763544343 0.012502273207 0.012502273207 0.012502273207 NaN 0.011660994232 0.011660994232 0.011660994232 NaN 0.007155444162 0.007155444162 0.007155444162 NaN NaN 0.006930750214"
General-2-20251226-16:19:21-135923,vector,AdhocNetwork1.host[19].rl,rlReward,,,"1 2 3 4 5 6 7 8 9 10 11 12 13 14 15 16 17 18 19 20 21 22 23 24 25 26 27 28 29 30 31 32 33 34 35 36 37 38 39 40 41 42 43 44 45 46 47 48 49 50","0.33333333333333 0 0.11153509993751 0.1131284048387 0.048156450995397 0.10594204539284 0.060147307246152 0.06939445235576 0.10379642338352 0.077414714642812 0.073707831714853 0.046879930854563 0.066544415124255 0.051853540119032 0.080824236786253 0.059633937918398 0.030942621700929 0.097175201764673 0.10879281072261 0.062246460772433 0.046834149635837 0.061227633745708 0.10896053934559 0.11248889617452 0.11481881654665 0.091939989731605 0.062620550494834 0.10410968322477 0.10925919306279 0.12397314054233 0.11173916444272 0.070495246663433 0.10272331600166 0.10714079728471 0.12945092835355 0.11884028218318 0.078421132131085 0.12307381506207 0.12608716649267 0.12334261467429 0.12174621145002 0.065904286212865 0.12427503155373 0.1267789190861 0.1279686531795 0.10507328306814 -0.60728695465661 -0.55089288873345 -0.54685839233499 -0.58613391697577"
General-2-20251226-16:19:21-135923,vector,AdhocNetwork1.host[20].app[1],e2eDelayPeriodicSec,,,"1 2 3 4 5 6 7 8 9 10 11 12 13 14 15 16 17 18 19 20 21 22 23 24 25 26 27 28 29 30 31 32 33 34 35 36 37 38 39 40 41 42 43 44 45 46 47 48 49 50","NaN NaN NaN NaN 0.048276078774 0.048276078774 0.048276078774 0.005452440577 0.005452440577 0.005452440577 NaN NaN 0.005551644798 0.005551644798 0.005551644798 0.006895164555 0.006895164555 0.006895164555 NaN 0.004750663229 0.004750663229 0.004750663229 NaN 0.004756683516 0.004756683516 0.004756683516 NaN NaN 0.004690037385 0.004690037385 0.004690037385 0.006168374321 0.006168374321 0.006168374321 NaN NaN NaN NaN NaN NaN NaN NaN 0.005694691188 0.005694691188 0.005694691188 NaN 0.007958254256 0.007958254256 0.007958254256 NaN"
General-2-20251226-16:19:21-135923,vector,AdhocNetwork1.host[20].rl,rlReward,,,"1 2 3 4 5 6 7 8 9 10 11 12 13 14 15 16 17 18 19 20 21 22 23 24 25 26 27 28 29 30 31 32 33 34 35 36 37 38 39 40 41 42 43 44 45 46 47 48 49 50","0.33333333333333 0 0.080286043552214 0.09762692187744 0.031191079585719 0.078378157266709 0.15874130701036 0.048631471858735 0.036462647359096 0.067459321574103 0.08717497945447 0.022887991783492 0.056775722369512 0.10122239987387 0.083304187520114 0.050491958712973 0.058059769343159 0.36012885275584 0.37328886275502 0.38734326724995 0.35521472345766 0.3329685856546 0.38625355033518 0.38532752939351 0.36574647016298 0.38107289899393 0.35260762644619 0.38837445237114 0.38683622854877 0.39624276813184 0.38754681655736 -0.10808609708428 0.36959621918384 0.39620735776199 0.40547680336374 0.3987778611946 -0.11438088011155 0.40334540022662 0.40258320526762 0.40623214145508 0.40229124706626 0.37387526661693 0.38321946820618 0.41049667203563 0.40625494888206 0.11570253989457 0.35682570197569 0.39837092327991 0.40809540498219 0.4092064909973"
General-2-20251226-16:19:21-135923,vector,AdhocNetwork1.host[21].app[1],e2eDelayPeriodicSec,,,"1 2 3 4 5 6 7 8 9 10 11 12 13 14 15 16 17 18 19 20 21 22 23 24 25 26 27 28 29 30 31 32 33 34 35 36 37 38 39 40 41 42 43 44 45 46 47 48 49 50","NaN 0.017152023301 0.017152023301 0.017152023301 NaN NaN 0.00592657439 0.00592657439 0.00592657439 0.005208872972 0.005208872972 0.005208872972 0.005594477264 0.005594477264 0.005594477264 NaN 0.002139801135 0.002139801135 0.002139801135 NaN 0.003575066272 0.003575066272 0.003575066272 NaN NaN 0.002638263274 0.002638263274 0.002638263274 0.003509757278 0.003509757278 0.003509757278 0.003197389154 0.003197389154 0.003197389154 NaN NaN 0.00307706862 0.00307706862 0.00307706862 NaN NaN 0.002977151051 0.002977151051 0.002977151051 0.002077462243 0.002077462243 0.002077462243 0.002957840507 0.002957840507 0.002957840507"
General-2-20251226-16:19:21-135923,vector,AdhocNetwork1.host[21].rl,rlReward,,,"1 2 3 4 5 6 7 8 9 10 11 12 13 14 15 16 17 18 19 20 21 22 23 24 25 26 27 28 29 30 31 32 33 34 35 36 37 38 39 40 41 42 43 44 45 46 47 48 49 50","0.33333333333333 -0.2 0.098113769737222 0.095208001330427 0.074220014012026 0.097053533462144 0.050891341201204 0.086297846907868 0.08846957217421 0.087306396121622 0.090755035914114 0.064669634980783 0.087517053470863 0.065446678280293 0.1024250787355 0.094214654193661 0.032571792520138 0.077697315071718 0.093772490929477 -0.10041996823247 0.051983273638606 0.054670577509573 0.094672888225134 0.085113387947572 0.075520812080811 0.077433298716082 0.044324478340708 0.071520993850235 0.07609501408128 0.098823923898926 0.096653936013157 0.027280670981378 0.070024675141811 0.10004660522396 0.10245070509376 0.3739434665163 0.035803886173603 0.078242483550023 0.10036584883808 0.083730867642972 0.080248289006009 0.041082356154421 -0.11367887295736 0.088511622342939 0.38767849952864 0.36426100315436 -0.47320776327738 -0.63567918753187 -0.63393564694359 -0.6123367459829"
General-2-20251226-16:19:21-135923,vector,AdhocNetwork1.host[22].app[1],e2eDelayPeriodicSec,,,"1 2 3 4 5 6 7 8 9 10 11 12 13 14 15 16 17 18 19 20 21 22 23 24 25 26 27 28 29 30 31 32 33 34 35 36 37 38 39 40 41 42 43 44 45 46 47 48 49 50","NaN NaN NaN NaN 0.086623475196 0.086623475196 0.086623475196 0.002919096589 0.002919096589 0.002919096589 0.003616026582 0.003616026582 0.003616026582 0.002398289319 0.002398289319 0.002398289319 NaN 0.002637733039 0.002637733039 0.002637733039 NaN NaN NaN NaN NaN NaN NaN NaN NaN NaN 0.002700334608 0.002700334608 0.002700334608 NaN 0.00311588316 0.00311588316 0.00311588316 NaN 0.00277530082 0.00277530082 0.00277530082 NaN NaN 0.003545497168 0.003545497168 0.003545497168 0.003786452712 0.003786452712 0.003786452712 0.002674032783"
General-2-20251226-16:19:21-135923,vector,AdhocNetwork1.host[22].rl,rlReward,,,"1 2 3 4 5 6 7 8 9 10 11 12 13 14 15 16 17 18 19 20 21 22 23 24 25 26 27 28 29 30 31 32 33 34 35 36 37 38 39 40 41 42 43 44 45 46 47 48 49 50","0.33333333333333 0 0.086002011594341 0.093546016845792 0 0.24603415598341 0.07263379857826 0.074559829408672 0.10472228024933 0.054233306126621 0.35613058346589 0.011346240542816 0.025865921381762 0.10746155576483 0.059052008317214 0.056703001923747 0.34772568528122 0.39237981696498 0.38081587369423 0.39568173517684 0.37030476779227 0.36201898771218 0.37701408664986 0.40297392032391 0.23904978556089 0.40100174450976 0.34001149231966 0.38024152844794 0.41827981129778 -0.059178826895284 0.3940933225573 0.37919164416125 0.40108195478166 0.38674523919647 0.39220411026683 0.40964881545725 0.39963788523202 0.39767581279397 0.4119700404985 0.40497196898423 -0.03978695811464 0.38448731786965 0.4031416022146 0.27287731541829 0.41618501083095 0.41901471977661 0.35278489581051 0.39648472310139 0.42013233530624 -0.027588897308626"
General-2-20251226-16:19:21-135923,vector,AdhocNetwork1.host[23].app[1],e2eDelayPeriodicSec,,,"1 2 3 4 5 6 7 8 9 10 11 12 13 14 15 16 17 18 19 20 21 22 23 24 25 26 27 28 29 30 31 32 33 34 35 36 37 38 39 40 41 42 43 44 45 46 47 48 49 50","NaN 0.048917877626 0.048917877626 0.048917877626 0.007272191082 0.007272191082 0.007272191082 NaN 0.004542771923 0.004542771923 0.004542771923 NaN 0.005714268234 0.005714268234 0.005714268234 NaN 0.004026530135 0.004026530135 0.004026530135 0.002439226593 0.002439226593 0.002439226593 0.002598694893 0.002598694893 0.002598694893 NaN 0.003698016409 0.003698016409 0.003698016409 NaN NaN 0.002703254824 0.002703254824 0.002703254824 NaN 0.002537075337 0.002537075337 0.002537075337 0.002737060742 0.002737060742 0.002737060742 NaN 0.002597232669 0.002597232669 0.002597232669 NaN 0.002777719637 0.002777719637 0.002777719637 0.002618043762"
General-2-20251226-16:19:21-135923,vector,AdhocNetwork1.host[23].rl,rlReward,,,"1 2 3 4 5 6 7 8 9 10 11 12 13 14 15 16 17 18 19 20 21 22 23 24 25 26 27 28 29 30 31 32 33 34 35 36 37 38 39 40 41 42 43 44 45 46 47 48 49 50","0.33333333333333 0 0.094374347090719 0.1009087853226 0.060798994789735 0.094140141883136 0.047202134856212 0.76784362375319 0.08745364388644 -0.5923594228075 -0.5898882359526 0.058601070116429 0.08441556756986 0.059518333874945 0.081981315589234 0.079431695628887 0.050404975774602 0.089070341435817 0.10827085966186 0.089567329732311 0.072643123871717 0.35562060813663 0.39395832017695 0.22926270056926 0.38958155679524 0.37992270946013 0.33662285109204 0.3820511052153 0.38268091700811 0.39027145311122 0.39096522120564 0.33925665032307 0.36961737247219 0.38954690510478 0.39747385526439 0.37274438614407 0.35927431423814 0.38538659976325 0.39336610931491 0.38321729608347 0.39674469704589 0.34282549347664 0.38073382586009 0.39630609801803 0.39224921690101 0.37637875496748 0.34815867970205 0.35726207955875 0.38015584126017 0.3963214128827"
General-2-20251226-16:19:21-135923,vector,AdhocNetwork1.host[24].app[1],e2eDelayPeriodicSec,,,"1 2 3 4 5 6 7 8 9 10 11 12 13 14 15 16 17 18 19 20 21 22 23 24 25 26 27 28 29 30 31 32 33 34 35 36 37 38 39 40 41 42 43 44 45 46 47 48 49 50","NaN NaN NaN NaN NaN NaN NaN NaN NaN NaN 0.05037960559 0.05037960559 0.05037960559 NaN 0.013527142621 0.013527142621 0.013527142621 NaN NaN 0.009340502283 0.009340502283 0.009340502283 NaN NaN NaN NaN NaN NaN NaN NaN NaN 0.009494531605 0.009494531605 0.009494531605 NaN NaN NaN NaN NaN 0.007258554236 0.007258554236 0.007258554236 0.009010291107 0.009010291107 0.009010291107 NaN 0.009814990038 0.009814990038 0.009814990038 NaN"
General-2-20251226-16:19:21-135923,vector,AdhocNetwork1.host[24].rl,rlReward,,,"1 2 3 4 5 6 7 8 9 10 11 12 13 14 15 16 17 18 19 20 21 22 23 24 25 26 27 28 29 30 31 32 33 34 35 36 37 38 39 40 41 42 43 44 45 46 47 48 49 50","0.33333333333333 0 0.1097963480389 0.77514847302737 0.076082210546255 0.10827764654603 0.21257823030016 0.064822929544404 0.10964172243026 0.10511223629821 0.057438065157472 0.076230320966747 0.096046744055786 0.25523732272222 0.11159609896807 0.074535218405788 0.072613553448607 0.10817146777752 0.11402036818691 0.095840511634082 0.096467264957111 0.064906650045646 0.11171472952889 0.26493265948762 0.1044071689152 0.11231169245081 0.0773492612648 0.10424995082931 0.11174582457442 0.11652267031164 0.11129385287833 0.065040954878378 0.10259020357734 0.11764661052846 0.11985656047464 0.11572133886763 0.068169642568466 0.11456425938392 0.11917980073496 0.24375846427073 0.11597687056922 0.07515886681456 0.10743652199618 0.096193127147422 0.11771209052659 0.10228037138943 -0.60249730311394 -0.58023564903793 -0.56449689259135 -0.59635531042133"
General-3-20251226-16:19:21-135925,vector,AdhocNetwork1.host[0].app[1],e2eDelayPeriodicSec,,,"1 2 3 4 5 6 7 8 9 10 11 12 13 14 15 16 17 18 19 20 21 22 23 24 25 26 27 28 29 30 31 32 33 34 35 36 37 38 39 40 41 42 43 44 45 46 47 48 49 50","NaN NaN NaN NaN 0.027718325428 0.027718325428 0.027718325428 NaN 0.008737757683 0.008737757683 0.008737757683 NaN NaN NaN NaN NaN NaN NaN NaN NaN NaN NaN NaN NaN NaN NaN NaN NaN NaN NaN 9.004316969039 9.004316969039 9.004316969039 0.00570486363 0.00570486363 0.00570486363 NaN 0.004891496677 0.004891496677 0.004891496677 NaN NaN 0.00538411512 0.00538411512 0.00538411512 NaN NaN NaN NaN 0.004283181148"
General-3-20251226-16:19:21-135925,vector,AdhocNetwork1.host[0].rl,rlReward,,,"1 2 3 4 5 6 7 8 9 10 11 12 13 14 15 16 17 18 19 20 21 22 23 24 25 26 27 28 29 30 31 32 33 34 35 36 37 38 39 40 41 42 43 44 45 46 47 48 49 50","0.33333333333333 -0.2 0.13752788575892 0.12234612337755 -0.16070043055507 0.078375703084539 0.37126123254807 0.12229515219319 0.13109211191956 0.058944042392241 0.11030426266508 0.090327432432226 0.095210076481207 0.24101336561956 0.12213290455914 -0.57830754369061 -0.59464749223259 -0.58174381743922 -0.50207669265255 -0.54001171314169 -0.58163484914111 0.3553518001283 0.4066470696003 0.41241003414914 0.39154219925277 0.42444595248938 0.35872677393846 0.39671181234937 0.4054613192562 0.40865233072311 0.25058040614945 0.38647411345253 0.38705506049301 0.099877449944901 0.39882938720365 0.41102619323534 0.35665979829934 0.39447635352361 0.069307575320433 -0.045602146391127 0.4056928674524 -0.096316003283483 0.38299616680349 0.41872811219134 0.37532014503675 0.39553320914414 0.36453522064031 -0.060031903294758 0.38721052984125 0.39708964435292"
General-3-20251226-16:19:21-135925,vector,AdhocNetwork1.host[1].app[1],e2eDelayPeriodicSec,,,"1 2 3 4 5 6 7 8 9 10 11 12 13 14 15 16 17 18 19 20 21 22 23 24 25 26 27 28 29 30 31 32 33 34 35 36 37 38 39 40 41 42 43 44 45 46 47 48 49 50","NaN NaN NaN NaN NaN NaN NaN NaN NaN NaN 0.046686567885 0.046686567885 0.046686567885 NaN NaN NaN 0.010002432772 0.010002432772 0.010002432772 0.007388207761 0.007388207761 0.007388207761 NaN NaN NaN NaN 0.009139089349 0.009139089349 0.009139089349 NaN 0.008974085626 0.008974085626 0.008974085626 NaN 0.008200260532 0.008200260532 0.008200260532 0.007248161836 0.007248161836 0.007248161836 NaN NaN NaN NaN 0.005830281552 0.005830281552 0.005830281552 0.004691556612 0.004691556612 0.004691556612"
General-3-20251226-16:19:21-135925,vector,AdhocNetwork1.host[1].rl,rlReward,,,"1 2 3 4 5 6 7 8 9 10 11 12 13 14 15 16 17 18 19 20 21 22 23 24 25 26 27 28 29 30 31 32 33 34 35 36 37 38 39 40 41 42 43 44 45 46 47 48 49 50","0.33333333333333 0 0.055399119912669 0.064280354888866 0.035187860405865 0.056670515003396 0.023678462539355 0.036057048570124 0.04814409498418 0.043107532177426 0.015369563830415 0.0095973874191996 0.053528516780525 0.052371172192867 0.063922066896807 0.059094168437983 0.3 0.33706774785525 0.3537052464368 0.32584526627595 0.34652657618384 0.31080998640012 0.34527502866007 0.36046626126702 0.36931730789234 0.3563793071287 0.30164102716873 0.35475379520284 0.070904923604373 0.35711130000274 0.36190847140437 0.12450597785361 0.19776312214791 0.36784306355807 0.36741049317087 0.35942302874368 0.33320110006924 0.35547353406051 0.35361312208677 0.37601573728139 0.36786272584868 0.34205554233842 0.34348297453744 0.37373819018854 0.35465053121422 0.37075436485157 0.3185219180076 0.35620897185252 0.36733751535892 0.37046413234843"
General-3-20251226-16:19:21-135925,vector,AdhocNetwork1.host[2].app[1],e2eDelayPeriodicSec,,,"1 2 3 4 5 6 7 8 9 10 11 12 13 14 15 16 17 18 19 20 21 22 23 24 25 26 27 28 29 30 31 32 33 34 35 36 37 38 39 40 41 42 43 44 45 46 47 48 49 50","NaN 0.033810539487 0.033810539487 0.033810539487 0.008801694914 0.008801694914 0.008801694914 0.008781319166 0.008781319166 0.008781319166 NaN 0.010217029066 0.010217029066 0.010217029066 0.007224687748 0.007224687748 0.007224687748 0.009598535773 0.009598535773 0.009598535773 NaN NaN 0.006481646619 0.006481646619 0.006481646619 0.006066725099 0.006066725099 0.006066725099 NaN 0.005773192634 0.005773192634 0.005773192634 NaN NaN 0.005199198494 0.005199198494 0.005199198494 NaN 0.004765958412 0.004765958412 0.004765958412 0.004952139123 0.004952139123 0.004952139123 NaN NaN 0.00574387399 0.00574387399 0.00574387399 NaN"
General-3-20251226-16:19:21-135925,vector,AdhocNetwork1.host[2].rl,rlReward,,,"1 2 3 4 5 6 7 8 9 10 11 12 13 14 15 16 17 18 19 20 21 22 23 24 25 26 27 28 29 30 31 32 33 34 35 36 37 38 39 40 41 42 43 44 45 46 47 48 49 50","0.33333333333333 0 0.067276095333021 0.086815993096379 0.015895751802996 0.036755803272422 0.035709642616694 0.078414178269193 0 0.080867050285516 0.029830652854317 0.30006396170131 0.076295777243388 0.36853986248722 0.35604565037679 0.36682162209486 0.15564481916937 0.30502979027244 0.33083261785676 0.36204299448687 0.34247198845653 0.3 0.3736549366355 -0.12711713000041 0.38940958435018 0.38050454504132 0.31812377750937 0.37143335017532 0.096389945178696 0.39458291631633 0.38060614242863 0.35003928775368 0.38008622191106 0.37029608534635 0.37470300416516 0.37927375585943 0.34569791900978 0.36088171058193 0.34435499078442 0.39204572636468 0.37864284796048 0.34456294729046 0.36613115097941 -0.62232522707991 -0.66698621932671 -0.49557153512984 -0.6619408383922 -0.64821976853069 -0.64168017103827 -0.62756566708412"
General-3-20251226-16:19:21-135925,vector,AdhocNetwork1.host[3].app[1],e2eDelayPeriodicSec,,,"1 2 3 4 5 6 7 8 9 10 11 12 13 14 15 16 17 18 19 20 21 22 23 24 25 26 27 28 29 30 31 32 33 34 35 36 37 38 39 40 41 42 43 44 45 46 47 48 49 50","NaN NaN NaN NaN NaN NaN NaN 3.034259665075 3.034259665075 3.034259665075 NaN 0.009259278881 0.009259278881 0.009259278881 NaN NaN 0.008402247297 0.008402247297 0.008402247297 NaN NaN NaN NaN NaN NaN NaN 0.017620702558 0.017620702558 0.017620702558 NaN NaN NaN NaN 0.008012650896 0.008012650896 0.008012650896 0.014571439316 0.014571439316 0.014571439316 NaN NaN NaN NaN 0.009927770055 0.009927770055 0.009927770055 NaN 0.007391627455 0.007391627455 0.007391627455"
General-3-20251226-16:19:21-135925,vector,AdhocNetwork1.host[3].rl,rlReward,,,"1 2 3 4 5 6 7 8 9 10 11 12 13 14 15 16 17 18 19 20 21 22 23 24 25 26 27 28 29 30 31 32 33 34 35 36 37 38 39 40 41 42 43 44 45 46 47 48 49 50","0.33333333333333 0 0.092085893761912 0.76636373579361 0 0.10032228600328 0.074201969979465 0.067311587373939 0.053400544302863 0.053606664394142 0.041325446490914 0.042614908449026 0.06802503176518 0.088938973317405 0.39187098837651 0.080910388157544 0.063400083008168 0.079487208706665 0.066865321775719 0.069003210109455 0.095800327710432 0.013583269003374 0.091112920342099 0.1120709252674 0.12048655738483 0.093879511088297 0.32088162393506 0.070038169883321 0.11156247620138 0.10898928533017 0.07549383723385 0.74345762045293 0.086348365807923 0.10853966392971 0.07435329868317 0.1239259504932 0.06729598364552 0.39005814296604 0.37561746168015 0.41656707140186 0.4143302049318 0.086546819136692 0.094502241568811 -0.065669931795587 0.1134593849667 0.1133723370524 0.056854397085666 0.11883591831954 0.11013983167673 0.11479386734053"
General-3-20251226-16:19:21-135925,vector,AdhocNetwork1.host[4].app[1],e2eDelayPeriodicSec,,,"1 2 3 4 5 6 7 8 9 10 11 12 13 14 15 16 17 18 19 20 21 22 23 24 25 26 27 28 29 30 31 32 33 34 35 36 37 38 39 40 41 42 43 44 45 46 47 48 49 50","NaN 0.013013051357 0.013013051357 0.013013051357 0.004504476964 0.004504476964 0.004504476964 NaN NaN 0.004930437326 0.004930437326 0.004930437326 NaN NaN 0.005151137058 0.005151137058 0.005151137058 NaN 0.004970248333 0.004970248333 0.004970248333 0.006608615683 0.006608615683 0.006608615683 NaN NaN NaN NaN 0.005236663756 0.005236663756 0.005236663756 NaN NaN 0.004650493576 0.004650493576 0.004650493576 NaN 0.004978142039 0.004978142039 0.004978142039 0.00631099427 0.00631099427 0.00631099427 NaN NaN NaN NaN NaN 0.008575736312 0.008575736312"
General-3-20251226-16:19:21-135925,vector,AdhocNetwork1.host[4].rl,rlReward,,,"1 2 3 4 5 6 7 8 9 10 11 12 13 14 15 16 17 18 19 20 21 22 23 24 25 26 27 28 29 30 31 32 33 34 35 36 37 38 39 40 41 42 43 44 45 46 47 48 49 50","0.33333333333333 0 0.088036941406365 0.082165023248918 0 0.096313436290426 0.074469003521505 0.10155019020249 0.097720666446314 0.054720815480458 0.037237060467774 0.19192699706894 0.07761401713053 0.097345569491691 0.077652329510654 0.074516683035044 0 0.080286031406501 0.078067491579019 0.10871452901902 0.091312082204761 0.33933860325349 0.35930957396605 0.41184442573895 0.41709182715443 0.38303151771178 0.35464805955192 0.3817905436058 0.40924722005592 0.42058815284293 0.37661325671976 0.38761582259297 0.38534984715491 0.37727503715867 0.39842277416765 0.40375737066272 0.36486232787501 0.37607598160981 0.38240781275147 0.40432339695746 0.38953514486706 -0.12653748982856 0.35289069570031 0.38706257443015 0.35420549436827 0.3663561822005 0.33693665815319 0.39858280168267 0.38333635447458 0.40552382746921"
General-3-20251226-16:19:21-135925,vector,AdhocNetwork1.host[5].app[1],e2eDelayPeriodicSec,,,"1 2 3 4 5 6 7 8 9 10 11 12 13 14 15 16 17 18 19 20 21 22 23 24 25 26 27 28 29 30 31 32 33 34 35 36 37 38 39 40 41 42 43 44 45 46 47 48 49 50","NaN NaN NaN NaN NaN NaN NaN NaN NaN NaN 0.012488824866 0.012488824866 0.012488824866 0.008845500207 0.008845500207 0.008845500207 NaN 0.008717954154 0.008717954154 0.008717954154 NaN NaN NaN NaN NaN 0.005979703371 0.005979703371 0.005979703371 NaN NaN 0.008581246936 0.008581246936 0.008581246936 0.005151027427 0.005151027427 0.005151027427 0.004393305679 0.004393305679 0.004393305679 NaN NaN NaN NaN 0.005497981023 0.005497981023 0.005497981023 NaN NaN 0.004710896369 0.004710896369"
General-3-20251226-16:19:21-135925,vector,AdhocNetwork1.host[5].rl,rlReward,,,"1 2 3 4 5 6 7 8 9 10 11 12 13 14 15 16 17 18 19 20 21 22 23 24 25 26 27 28 29 30 31 32 33 34 35 36 37 38 39 40 41 42 43 44 45 46 47 48 49 50","0.33333333333333 0 0.036029528969879 0.051612839641374 0 0.094686277040948 0.052968924891556 0.077567610041267 0.072746016055155 0.037987164212419 0.030119616360547 0.040634206356693 0.070117510436043 0.08682064086608 0.085911987161086 0.068937143979123 0.025353400178997 0.074602368789934 -0.11587907086807 0.3726988971208 0.39344671618033 0.30006865970415 0.35398554153952 0.38716688227277 0.39266667260602 0.37352702048309 0.30277198682374 0.36346635199539 0.38518191303576 0.39527413313568 0.33627178395179 0.35584923264957 0.068208589759284 0.34358913747986 0.35510031512626 -0.077686723985492 0.33749337919495 0.36185391061753 0.33276308538151 0.37883491525005 0.37897107477976 0.33538238698526 0.34279671742045 0.38236026602377 0.33313209663181 0.33650232520193 0.305383197227 0.35344639505218 0.32082404114104 0.36203778306112"
General-3-20251226-16:19:21-135925,vector,AdhocNetwork1.host[6].app[1],e2eDelayPeriodicSec,,,"1 2 3 4 5 6 7 8 9 10 11 12 13 14 15 16 17 18 19 20 21 22 23 24 25 26 27 28 29 30 31 32 33 34 35 36 37 38 39 40 41 42 43 44 45 46 47 48 49 50","NaN NaN NaN NaN 0.004696069256 0.004696069256 0.004696069256 NaN 0.004652019961 0.004652019961 0.004652019961 0.004585158066 0.004585158066 0.004585158066 0.004691495082 0.004691495082 0.004691495082 NaN NaN 0.008563054788 0.008563054788 0.008563054788 NaN NaN 0.006175523997 0.006175523997 0.006175523997 0.006128836394 0.006128836394 0.006128836394 NaN NaN 0.011560667751 0.011560667751 0.011560667751 NaN NaN 0.056952846757 0.056952846757 0.056952846757 NaN NaN NaN NaN NaN NaN NaN NaN NaN NaN"
General-3-20251226-16:19:21-135925,vector,AdhocNetwork1.host[6].rl,rlReward,,,"1 2 3 4 5 6 7 8 9 10 11 12 13 14 15 16 17 18 19 20 21 22 23 24 25 26 27 28 29 30 31 32 33 34 35 36 37 38 39 40 41 42 43 44 45 46 47 48 49 50","0.33333333333333 0 0.089912176495592 0.097353020452812 -0.61711257095236 -0.6454906602071 0.061517441014042 -0.61599799403822 -0.3952675122843 -0.52567028370151 -0.582475942675 0.061283670256454 -0.3966257485457 -0.51726513599093 -0.58062612778998 -0.63030691625145 -0.60590949225545 -0.44739225099152 -0.50686255374335 -0.56843790900229 -0.63672241999881 0.17158772072945 0.087598681622253 -0.096065316860737 0.23243844014469 -0.070357813719129 0.025546647809606 0.22635116204206 0.3842482614486 0.11172107468108 0.21781980174689 0.17316661549474 0.039982201176504 0.21954997878612 0.37364387375177 0.21482673899817 0.060612987139098 0.14952667737258 0.044993906835137 0.25549163245145 -0.099561043841473 0.15640692304658 0.22779064913832 0.38766626863203 0.21334073527539 0.2317015304375 0.15146801055026 0.21938747689815 0.2292604856114 0.24779024984522"
General-3-20251226-16:19:21-135925,vector,AdhocNetwork1.host[7].app[1],e2eDelayPeriodicSec,,,"1 2 3 4 5 6 7 8 9 10 11 12 13 14 15 16 17 18 19 20 21 22 23 24 25 26 27 28 29 30 31 32 33 34 35 36 37 38 39 40 41 42 43 44 45 46 47 48 49 50","NaN NaN NaN NaN NaN NaN NaN NaN NaN NaN 0.053944549412 0.053944549412 0.053944549412 NaN 0.009652974617 0.009652974617 0.009652974617 NaN 0.010894517748 0.010894517748 0.010894517748 0.007978637563 0.007978637563 0.007978637563 NaN NaN 0.015675697603 0.015675697603 0.015675697603 0.013738558432 0.013738558432 0.013738558432 NaN 0.00914775897 0.00914775897 0.00914775897 NaN 0.005046522074 0.005046522074 0.005046522074 NaN NaN NaN 0.005259497264 0.005259497264 0.005259497264 NaN 0.005118692964 0.005118692964 0.005118692964"
General-3-20251226-16:19:21-135925,vector,AdhocNetwork1.host[7].rl,rlReward,,,"1 2 3 4 5 6 7 8 9 10 11 12 13 14 15 16 17 18 19 20 21 22 23 24 25 26 27 28 29 30 31 32 33 34 35 36 37 38 39 40 41 42 43 44 45 46 47 48 49 50","0.33333333333333 0 0.027007076119571 0.034774311825972 0 -0.63066716235876 -0.66666666666667 -0.67409329162314 -0.46386710998613 -0.55585704794741 -0.64780599449247 0 0.13981783835477 0.050361310869957 -0.1390022504158 0.32199657292215 0.12580916310362 0.018311383456091 0.14754378093425 0.32638669141701 -0.14459800981082 0.1 0.036523638571014 0.36360875994973 0.36347341595393 0.35601055911741 0.31017167451932 0.31960901680972 0.36678109217605 0.36763050117536 0.33242607266499 0.33462540866347 0.33276374978555 0.34637688589699 0.34574407050925 0.35355113628741 0.3054765112695 0.31690844218448 0.3201399229038 0.34955073055727 0.34299474077381 0.3 0.33306111836988 0.3459305852898 -0.25636368581037 -0.69590417393135 -0.69356173233023 -0.65942630956138 -0.69966450564198 -0.66251294477706"
General-3-20251226-16:19:21-135925,vector,AdhocNetwork1.host[8].app[1],e2eDelayPeriodicSec,,,"1 2 3 4 5 6 7 8 9 10 11 12 13 14 15 16 17 18 19 20 21 22 23 24 25 26 27 28 29 30 31 32 33 34 35 36 37 38 39 40 41 42 43 44 45 46 47 48 49 50","NaN NaN NaN NaN NaN NaN NaN NaN NaN NaN NaN NaN NaN NaN NaN NaN NaN NaN NaN NaN NaN NaN NaN NaN NaN 0.004850322722 0.004850322722 0.004850322722 NaN NaN NaN NaN 0.005416017861 0.005416017861 0.005416017861 NaN 0.004893772074 0.004893772074 0.004893772074 NaN 0.004275988333 0.004275988333 0.004275988333 0.005350386485 0.005350386485 0.005350386485 NaN 0.004389693119 0.004389693119 0.004389693119"
General-3-20251226-16:19:21-135925,vector,AdhocNetwork1.host[8].rl,rlReward,,,"1 2 3 4 5 6 7 8 9 10 11 12 13 14 15 16 17 18 19 20 21 22 23 24 25 26 27 28 29 30 31 32 33 34 35 36 37 38 39 40 41 42 43 44 45 46 47 48 49 50","0.33333333333333 0 -0.16213348886037 0.042445745126023 0.027823486799297 0.040497036434792 0.11087643289055 0.030772586621029 0.04073078890241 0.036622762860968 0.020833477981497 0 0.041911663364858 0.026980771667909 0.048679411752888 0.041713507322891 0.10430076101933 -0.16060765501586 0.1630823283368 0.14086470204267 0.12519432299475 0.1 0.14513005865523 0.14857831310234 0.32908254426789 0.32121094803368 0.3 0.3495665276945 0.036691648069817 0.34857487880095 0.34956855843616 0.31134756748834 0.18018549728818 0.037468718472719 0.33040728857317 0.35989244181127 0.3 0.30125959501568 0.31507373713977 0.34059642500835 0.34894404115109 -0.18827316120318 0.31429252744731 0.35454946456832 0.34419940490935 0.33267065544571 0.3039244178477 0.33201336093544 0.34712806277396 0.34865030943171"
General-3-20251226-16:19:21-135925,vector,AdhocNetwork1.host[9].app[1],e2eDelayPeriodicSec,,,"1 2 3 4 5 6 7 8 9 10 11 12 13 14 15 16 17 18 19 20 21 22 23 24 25 26 27 28 29 30 31 32 33 34 35 36 37 38 39 40 41 42 43 44 45 46 47 48 49 50","NaN NaN NaN NaN 0.11437163808 0.11437163808 0.11437163808 NaN 0.009568725346 0.009568725346 0.009568725346 NaN NaN NaN NaN NaN NaN NaN NaN NaN NaN NaN NaN NaN NaN NaN NaN NaN NaN NaN NaN NaN NaN 0.008028454209 0.008028454209 0.008028454209 NaN NaN 0.019114060807 0.019114060807 0.019114060807 0.017127866002 0.017127866002 0.017127866002 0.011693629363 0.011693629363 0.011693629363 NaN 0.008621115114 0.008621115114"
General-3-20251226-16:19:21-135925,vector,AdhocNetwork1.host[9].rl,rlReward,,,"1 2 3 4 5 6 7 8 9 10 11 12 13 14 15 16 17 18 19 20 21 22 23 24 25 26 27 28 29 30 31 32 33 34 35 36 37 38 39 40 41 42 43 44 45 46 47 48 49 50","0.33333333333333 0 0.40125705172987 0.79290857694976 0.35491087528836 0.3819874369651 0.35539347059832 -0.5785135226063 -0.56891012559851 -0.62892398500113 -0.62077598148003 0.36681715390166 0.37781325592096 0.36400700811244 0.40483537499697 -0.62394271773802 -0.65276540017765 -0.48697454796958 -0.20136042876023 -0.59565640051603 -0.63420755582577 0.22496321802052 0.10452131261508 0.23443563284229 0.24522201817791 0.27480093652804 0.20342141330233 0.2409441481091 0.22788217416685 0.10708745460903 0.23437598710607 0.20945360236586 0.20790660291539 -0.081466948037556 0.21129071007286 0.25617759834201 0.17080159372505 0.066799566895082 0.17227608647677 0.62350205141874 0.25252541299229 0.20038817352534 0.17620065403709 0.25796457860727 0.2206904032648 0.21939906295225 0.17598078700925 0.25378860787912 0.21945941287125 0.22282893393365"
General-3-20251226-16:19:21-135925,vector,AdhocNetwork1.host[10].app[1],e2eDelayPeriodicSec,,,"1 2 3 4 5 6 7 8 9 10 11 12 13 14 15 16 17 18 19 20 21 22 23 24 25 26 27 28 29 30 31 32 33 34 35 36 37 38 39 40 41 42 43 44 45 46 47 48 49 50","NaN NaN NaN NaN 0.030933849574 0.030933849574 0.030933849574 0.014799563022 0.014799563022 0.014799563022 0.010307072815 0.010307072815 0.010307072815 NaN NaN NaN NaN 0.013633420329 0.013633420329 0.013633420329 NaN 0.017051407081 0.017051407081 0.017051407081 NaN NaN NaN 0.009828115716 0.009828115716 0.009828115716 NaN 0.007551087458 0.007551087458 0.007551087458 NaN NaN 0.005531260168 0.005531260168 0.005531260168 NaN 0.002959919102 0.002959919102 0.002959919102 NaN 0.002379348683 0.002379348683 0.002379348683 NaN 0.011999686534 0.011999686534"
General-3-20251226-16:19:21-135925,vector,AdhocNetwork1.host[10].rl,rlReward,,,"1 2 3 4 5 6 7 8 9 10 11 12 13 14 15 16 17 18 19 20 21 22 23 24 25 26 27 28 29 30 31 32 33 34 35 36 37 38 39 40 41 42 43 44 45 46 47 48 49 50","0.33333333333333 0 0.029452661463939 0.053301390812424 0.018035998710826 0.33137706918743 -0.17751991295468 0.32139009914152 0.31092104880786 0.33952547921824 0.33144826183419 0.3 0.34749671203733 0.35524330937639 0.050914512924585 0.35042835296106 0.3311336595832 0.32277595962891 0.34770821227019 0.75812998929686 -0.61293775806474 0.30431717388212 0.060035173576275 0.070901768875847 0.071677626550379 0.071533363921146 0.036594790235399 0.037837080085869 0.071701075599689 0.07299383188252 0.36027251873563 0.32851261661054 0.33664321761939 0.3638813274219 0.3626646276207 0.36153555589728 0.32428444716274 0.33303624407611 0.34352133353904 0.35541214253112 0.3529755314288 -0.2 0.33864322311271 0.34587633414012 0.34192381913172 0.32780452718251 0.30882358310334 0.33195730749956 0.10235858948722 0.34148505764431"
General-3-20251226-16:19:21-135925,vector,AdhocNetwork1.host[11].app[1],e2eDelayPeriodicSec,,,"1 2 3 4 5 6 7 8 9 10 11 12 13 14 15 16 17 18 19 20 21 22 23 24 25 26 27 28 29 30 31 32 33 34 35 36 37 38 39 40 41 42 43 44 45 46 47 48 49 50","NaN NaN NaN NaN NaN NaN NaN 3.055959906576 3.055959906576 3.055959906576 NaN 0.007436627329 0.007436627329 0.007436627329 NaN NaN NaN NaN NaN NaN NaN NaN NaN NaN NaN NaN NaN 0.008329292778 0.008329292778 0.008329292778 NaN NaN NaN 0.009706162904 0.009706162904 0.009706162904 NaN NaN 0.011034456368 0.011034456368 0.011034456368 NaN 0.011621249033 0.011621249033 0.011621249033 NaN 0.019545515042 0.019545515042 0.019545515042 NaN"
General-3-20251226-16:19:21-135925,vector,AdhocNetwork1.host[11].rl,rlReward,,,"1 2 3 4 5 6 7 8 9 10 11 12 13 14 15 16 17 18 19 20 21 22 23 24 25 26 27 28 29 30 31 32 33 34 35 36 37 38 39 40 41 42 43 44 45 46 47 48 49 50","0.33333333333333 0 0.1088576687834 0.099362673827841 -0.60352011244154 -0.57846704501641 -0.60350621875643 -0.6337784774556 -0.36943982745613 -0.49389142655755 -0.5762097319636 0.19326964676292 0.080665319075461 -0.072120038045673 0.27939765545713 -0.36824700444145 -0.63015522129775 -0.577233719458 -0.32609788764828 -0.54563953250616 -0.45687822138013 0.2393876315859 0.26631006142756 0.27908085216908 -0.054137208006788 0.28869449472566 0.20840080680708 0.39362369256529 0.12653259510377 0.28924154571348 0.27357175022847 0.23314530752535 0.27008712238695 0.26242235647327 0.24973437197828 0.27923877424571 0.2181034042802 0.23496188001472 0.19757658650195 0.25925712132288 0.26864023880089 0.21552019369794 0.19724882997762 0.24419920918874 0.22921576018606 0.2582311769505 0.10461314018036 0.27040878412958 0.24177316889079 0.24143105853772"
General-3-20251226-16:19:21-135925,vector,AdhocNetwork1.host[12].app[1],e2eDelayPeriodicSec,,,"1 2 3 4 5 6 7 8 9 10 11 12 13 14 15 16 17 18 19 20 21 22 23 24 25 26 27 28 29 30 31 32 33 34 35 36 37 38 39 40 41 42 43 44 45 46 47 48 49 50","NaN 0.063470424926 0.063470424926 0.063470424926 NaN 0.004776563372 0.004776563372 0.004776563372 NaN 0.005170147257 0.005170147257 0.005170147257 NaN 0.011505999467 0.011505999467 0.011505999467 0.006944687088 0.006944687088 0.006944687088 0.004630622798 0.004630622798 0.004630622798 NaN 0.005430842421 0.005430842421 0.005430842421 NaN 0.005249632601 0.005249632601 0.005249632601 NaN NaN 0.004944059777 0.004944059777 0.004944059777 0.006213294639 0.006213294639 0.006213294639 NaN 0.005029624895 0.005029624895 0.005029624895 NaN 0.00493099156 0.00493099156 0.00493099156 NaN 0.00426377181 0.00426377181 0.00426377181"
General-3-20251226-16:19:21-135925,vector,AdhocNetwork1.host[12].rl,rlReward,,,"1 2 3 4 5 6 7 8 9 10 11 12 13 14 15 16 17 18 19 20 21 22 23 24 25 26 27 28 29 30 31 32 33 34 35 36 37 38 39 40 41 42 43 44 45 46 47 48 49 50","0.33333333333333 0 0.13703387667312 0.79552282098196 0 0.072859380101572 0.09939761484108 -0.57482668447136 -0.54689048154773 0.010733340584474 -0.60874526805595 0.1027255995451 -0.56951567041507 -0.55974701524499 -0.57057496132403 -0.5727187554118 -0.64112615757557 -0.4013840916884 -0.55511845707251 -0.56009688573687 -0.37339257932136 0.018325541960565 -0.10430743470489 0.38472833555464 0.075277066797822 0.41663839609927 0.1 0.37655033639357 0.41791924398923 0.42029229016682 0.3641706184158 0.25667518007473 0.37725632597522 0.37145480159062 0.40219271435945 0.39628028021493 0.36207806900508 0.40507601109049 0.37683093322394 0.42117894579005 0.4227113146708 0.37686624371265 0.38814494641335 0.39952292839966 0.38327829455653 0.38881533292721 0.37383609051873 0.41845341608214 0.24176516150075 0.41610743424165"
General-3-20251226-16:19:21-135925,vector,AdhocNetwork1.host[13].app[1],e2eDelayPeriodicSec,,,"1 2 3 4 5 6 7 8 9 10 11 12 13 14 15 16 17 18 19 20 21 22 23 24 25 26 27 28 29 30 31 32 33 34 35 36 37 38 39 40 41 42 43 44 45 46 47 48 49 50","NaN NaN NaN NaN 0.012646094899 0.012646094899 0.012646094899 NaN 0.005142187286 0.005142187286 0.005142187286 NaN NaN 0.005213457928 0.005213457928 0.005213457928 NaN 0.005208620385 0.005208620385 0.005208620385 NaN 0.004929344423 0.004929344423 0.004929344423 0.006601411252 0.006601411252 0.006601411252 NaN NaN 0.012987124009 0.012987124009 0.012987124009 NaN 0.00456916314 0.00456916314 0.00456916314 NaN NaN NaN NaN NaN 0.004604996757 0.004604996757 0.004604996757 NaN 0.008093107336 0.008093107336 0.008093107336 NaN NaN"
General-3-20251226-16:19:21-135925,vector,AdhocNetwork1.host[13].rl,rlReward,,,"1 2 3 4 5 6 7 8 9 10 11 12 13 14 15 16 17 18 19 20 21 22 23 24 25 26 27 28 29 30 31 32 33 34 35 36 37 38 39 40 41 42 43 44 45 46 47 48 49 50","0.33333333333333 0 0.016815591011109 0.027031201404042 -0.66666666666667 -0.54986122105098 -0.65648713085646 -0.66954743521143 -0.4601370117175 -0.63281793706837 -0.63517270340862 0.1 -0.14542212229428 0.3444995556964 0.058590317377129 0.14749010431901 0.11462238397452 0.3 -0.1506646027133 0.19406485864764 0.35441671691311 0.0044828112569501 0.30530269592077 0.34999659222677 0.35974640752578 0.3327856883991 0.31068663700638 0.33478887556711 0.36150730667658 0.36101736712932 0.33357839686757 0.32774660686408 0.33152950608287 0.34308892867923 0.33899054283907 0.35552062401052 0.30211685176725 0.33267613622091 0.33046311946856 0.34627153877167 0.3438797414341 0.3 0.338416747081 0.36064928824287 0.33464028157946 0.34976298231719 0.3 0.35212025529641 0.33915101557399 0.3573535115339"
General-3-20251226-16:19:21-135925,vector,AdhocNetwork1.host[14].app[1],e2eDelayPeriodicSec,,,"1 2 3 4 5 6 7 8 9 10 11 12 13 14 15 16 17 18 19 20 21 22 23 24 25 26 27 28 29 30 31 32 33 34 35 36 37 38 39 40 41 42 43 44 45 46 47 48 49 50","NaN NaN NaN NaN NaN NaN NaN NaN NaN NaN NaN NaN NaN NaN NaN NaN NaN NaN NaN 9.012264276963 9.012264276963 9.012264276963 NaN 0.025787870341 0.025787870341 0.025787870341 NaN 0.010019682049 0.010019682049 0.010019682049 NaN NaN 0.009683240402 0.009683240402 0.009683240402 NaN NaN NaN NaN NaN NaN NaN NaN NaN NaN NaN 0.085578636096 0.085578636096 0.085578636096 NaN"
General-3-20251226-16:19:21-135925,vector,AdhocNetwork1.host[14].rl,rlReward,,,"1 2 3 4 5 6 7 8 9 10 11 12 13 14 15 16 17 18 19 20 21 22 23 24 25 26 27 28 29 30 31 32 33 34 35 36 37 38 39 40 41 42 43 44 45 46 47 48 49 50","0.33333333333333 0 0.072682645350442 0.7457518425551 0.010757931607187 0.065591465785016 0.036695981400895 0.18646885951207 0.072882658006222 0.034102638471615 0.30897187849236 0.32568415677776 0.35955992361252 0.35964283297791 0.37179466511655 0.36761588085653 0.32180406458167 0.35900923675499 0.36477187668192 0.34061984845537 0.070617579695646 0.023005568797281 0.064510710071038 0.33631447065133 0.37195341555129 0.36293321254088 0.30258160789886 0.34798510957927 0.34161525385404 0.34814509549059 0.073453903997717 0.33457629038655 0.36451407067449 0.059347275884058 0.37050479312004 0.3775029268508 0.34066617076624 0.36076106783775 0.37345411673007 0.37657134222128 0.096900913283617 0.36351999154841 -0.58392330293847 -0.56762566406569 -0.56762196068819 -0.56898110025902 -0.6137586385447 -0.58222715600832 -0.56701090338792 -0.61265294004209"
General-3-20251226-16:19:21-135925,vector,AdhocNetwork1.host[15].app[1],e2eDelayPeriodicSec,,,"1 2 3 4 5 6 7 8 9 10 11 12 13 14 15 16 17 18 19 20 21 22 23 24 25 26 27 28 29 30 31 32 33 34 35 36 37 38 39 40 41 42 43 44 45 46 47 48 49 50","NaN NaN NaN NaN 0.198003396635 0.198003396635 0.198003396635 0.022695716065 0.022695716065 0.022695716065 NaN 0.01051457741 0.01051457741 0.01051457741 NaN 0.008861149071 0.008861149071 0.008861149071 NaN 0.008679359938 0.008679359938 0.008679359938 NaN NaN NaN NaN NaN 0.018580697258 0.018580697258 0.018580697258 NaN 0.007302146957 0.007302146957 0.007302146957 NaN NaN NaN NaN NaN NaN NaN NaN NaN NaN NaN 0.006622562966 0.006622562966 0.006622562966 NaN NaN"
General-3-20251226-16:19:21-135925,vector,AdhocNetwork1.host[15].rl,rlReward,,,"1 2 3 4 5 6 7 8 9 10 11 12 13 14 15 16 17 18 19 20 21 22 23 24 25 26 27 28 29 30 31 32 33 34 35 36 37 38 39 40 41 42 43 44 45 46 47 48 49 50","0.33333333333333 0 0.041053931328569 0.054225069187717 0 0.24089639870334 0.063627655824892 0.084369062201366 0.031854199140412 0.086390356614279 0.068551181140359 0.053633318766448 0.06524388642865 0.082898712513943 0.23721269062874 -0.097391854639653 0.16596980627871 0.2019469108182 0.18942608450429 0.21976411645836 0.21093734041539 0.14317340484038 0.21086612398008 0.22842856108809 0.24138170283009 0.22969533778736 0.14075045841838 0.18608173123053 0.25115469283182 0.24518286551899 0.19087229685504 0.18927269384929 0.20650479150397 0.23957866746031 0.22258775612202 0.2451441023214 0.18968507164553 0.23015757950639 0.23689398652752 0.23718440730151 0.24513284304613 0.16977274583442 0.22399663708082 0.24580924604111 0.21725194367687 0.20344935084156 0.18172938803121 0.22712726358594 0.22374986193279 0.23955706596904"
General-3-20251226-16:19:21-135925,vector,AdhocNetwork1.host[16].app[1],e2eDelayPeriodicSec,,,"1 2 3 4 5 6 7 8 9 10 11 12 13 14 15 16 17 18 19 20 21 22 23 24 25 26 27 28 29 30 31 32 33 34 35 36 37 38 39 40 41 42 43 44 45 46 47 48 49 50","NaN 0 0 0 NaN 0 0 0 0 0 0 NaN 0 0 0 NaN 0 0 0 NaN 0 0 0 NaN 0 0 0 0 0 0 0 0 0 NaN NaN 0 0 0 NaN 0 0 0 NaN 0 0 0 NaN 0 0 0"
General-3-20251226-16:19:21-135925,vector,AdhocNetwork1.host[16].rl,rlReward,,,"1 2 3 4 5 6 7 8 9 10 11 12 13 14 15 16 17 18 19 20 21 22 23 24 25 26 27 28 29 30 31 32 33 34 35 36 37 38 39 40 41 42 43 44 45 46 47 48 49 50","0.33333333333333 0 0.078631828834235 0.093090362714378 0.079713820059447 -0.59248663797261 -0.61184249597535 -0.59782602668014 -0.65484291778337 -0.37868984433815 -0.51664579574651 0.040807783927161 0.069135417655265 0.19531595471262 0.071621041455803 0.36897451483677 -0.14075185781461 0.16931081280323 0.21638676381912 0.077874286097428 0.36742320450012 0.31866892833728 0.071435179210599 0.21940565324321 0.22525408883111 0.22221400557851 0.13302210445758 -0.40217827941695 -0.62940463850909 -0.38549524617378 -0.41700307669458 0.69804152504954 0.35481286561999 0.17670294314022 -0.11544734281786 0.36318084520413 0.32498528733807 0.35216064078636 0.3468690381376 0.36577132556133 0.36376632915207 0.14965133330818 0.35518482090545 0.36011306214332 0.35623164712688 0.37142549680992 0.30662272796879 0.36909459566558 0.37323527383214 0.084935264302722"
General-3-20251226-16:19:21-135925,vector,AdhocNetwork1.host[17].app[1],e2eDelayPeriodicSec,,,"1 2 3 4 5 6 7 8 9 10 11 12 13 14 15 16 17 18 19 20 21 22 23 24 25 26 27 28 29 30 31 32 33 34 35 36 37 38 39 40 41 42 43 44 45 46 47 48 49 50","NaN NaN NaN NaN 0.124294672943 0.124294672943 0.124294672943 NaN NaN 0.01107958666 0.01107958666 0.01107958666 NaN NaN NaN NaN 0.011763912544 0.011763912544 0.011763912544 NaN NaN 0.015698716413 0.015698716413 0.015698716413 NaN 0.009047196254 0.009047196254 0.009047196254 NaN NaN NaN NaN NaN 0.007473417967 0.007473417967 0.007473417967 NaN 0.006820691365 0.006820691365 0.006820691365 NaN NaN NaN NaN 0.014259748394 0.014259748394 0.014259748394 NaN 0.007903102491 0.007903102491"
General-3-20251226-16:19:21-135925,vector,AdhocNetwork1.host[17].rl,rlReward,,,"1 2 3 4 5 6 7 8 9 10 11 12 13 14 15 16 17 18 19 20 21 22 23 24 25 26 27 28 29 30 31 32 33 34 35 36 37 38 39 40 41 42 43 44 45 46 47 48 49 50","0.33333333333333 0 0.030523717708522 0.71227606253106 0 -0.63322763430856 -0.66079462144689 -0.64469903949874 -0.62520133470077 -0.68194935873614 -0.44484038688794 -0.18907079667579 0.022552195326676 0.038405965520587 0.043656785351665 0.02535259645208 0 0.010377783785719 0.043678644961039 -0.14213427395077 0.042893500216606 0 0.028815777226108 0.044370712263044 0.35158259555476 0.35331443904694 0.3 0.32959087460546 0.36368875069658 0.36552014489814 0.35114308644338 0.3266262613868 0.34900382856187 0.34218477960572 0.35794547041357 0.35717624976482 0.33070392021925 0.34513842901868 0.3397473061931 0.35763540447142 0.35752489880432 0.30553672217354 0.33901229261984 0.36131048183799 0.32136714278806 0.35197107309389 0.31719344101356 0.35125798713326 0.35574174535032 0.34455997859891"
General-3-20251226-16:19:21-135925,vector,AdhocNetwork1.host[18].app[1],e2eDelayPeriodicSec,,,"1 2 3 4 5 6 7 8 9 10 11 12 13 14 15 16 17 18 19 20 21 22 23 24 25 26 27 28 29 30 31 32 33 34 35 36 37 38 39 40 41 42 43 44 45 46 47 48 49 50","NaN 0.012443636578 0.012443636578 0.012443636578 0.002738575607 0.002738575607 0.002738575607 NaN 0.006773576501 0.006773576501 0.006773576501 NaN 0.002978384843 0.002978384843 0.002978384843 NaN NaN 0.002938668948 0.002938668948 0.002938668948 NaN 0.002779283466 0.002779283466 0.002779283466 0.002659885355 0.002659885355 0.002659885355 NaN NaN 0.003340548433 0.003340548433 0.003340548433 NaN 0.002020429495 0.002020429495 0.002020429495 NaN NaN 0.004056416244 0.004056416244 0.004056416244 NaN NaN NaN 0.008878246186 0.008878246186 0.008878246186 NaN 0.002560070191 0.002560070191"
General-3-20251226-16:19:21-135925,vector,AdhocNetwork1.host[18].rl,rlReward,,,"1 2 3 4 5 6 7 8 9 10 11 12 13 14 15 16 17 18 19 20 21 22 23 24 25 26 27 28 29 30 31 32 33 34 35 36 37 38 39 40 41 42 43 44 45 46 47 48 49 50","0.33333333333333 0 0.4113916157753 0.4131901687915 0.40779484378289 0.38412210465624 0.38123108438105 0.40860390373832 0.079503356833451 0.11711654969018 0.1243452391466 0.090479473932449 0.12847407798415 0.11368953276237 0.12181914624742 0.41010379923985 0.11697397013672 0.40211811687672 0.41273896122003 0.12272957037106 0.42377322370336 0.091268812495525 0.79916278923516 -0.53349701460975 -0.52220326080822 -0.5317301068981 -0.55730623938983 -0.58245371762616 -0.57795825373504 -0.53195756925047 -0.52760035428404 0.11502793510131 0.13886187970757 0.12587027014177 0.41657956582455 0.42717930585537 0.40504648208079 0.42256756694572 0.42052997194879 0.42742742236953 0.42505317774379 0.40351111120296 0.41948311367434 0.4257014454476 0.41424818455637 0.42901144658981 0.37334099373523 0.130743386966 0.42471549181206 0.41535786070502"
General-3-20251226-16:19:21-135925,vector,AdhocNetwork1.host[19].app[1],e2eDelayPeriodicSec,,,"1 2 3 4 5 6 7 8 9 10 11 12 13 14 15 16 17 18 19 20 21 22 23 24 25 26 27 28 29 30 31 32 33 34 35 36 37 38 39 40 41 42 43 44 45 46 47 48 49 50","NaN 0.015622663845 0.015622663845 0.015622663845 0.002516664452 0.002516664452 0.002516664452 NaN 0.002796114907 0.002796114907 0.002796114907 NaN 0.002295541408 0.002295541408 0.002295541408 NaN 0.003526846936 0.003526846936 0.003526846936 NaN 0.002374083213 0.002374083213 0.002374083213 NaN 0.004249274325 0.004249274325 0.004249274325 NaN 0.002932951484 0.002932951484 0.002932951484 0.002812517024 0.002812517024 0.002812517024 NaN NaN 0.002292697099 0.002292697099 0.002292697099 NaN 0.002353347844 0.002353347844 0.002353347844 NaN NaN 0.002414119708 0.002414119708 0.002414119708 NaN 0.00215480471"
General-3-20251226-16:19:21-135925,vector,AdhocNetwork1.host[19].rl,rlReward,,,"1 2 3 4 5 6 7 8 9 10 11 12 13 14 15 16 17 18 19 20 21 22 23 24 25 26 27 28 29 30 31 32 33 34 35 36 37 38 39 40 41 42 43 44 45 46 47 48 49 50","0.33333333333333 0.3 0.09408882816716 0.060620538070287 0.018407730564693 -0.64955131319337 -0.62809316857996 -0.58608905746746 -0.61213106276127 -0.42960095888083 -0.52292957218078 0.34256408354571 0.34838291339768 0.37753214834343 0.38297444826618 0.35352881985349 0.33311874148927 0.35125071362641 0.35392146051265 0.37328898767065 0.36403558557588 0.31912342092542 0.34962410288537 0.37734179737761 0.36461080641011 0.38839903462942 0.3 0.37231691967537 0.36329027456676 0.41652632408568 0.3511730158776 0.35913667631678 0.37572009940623 0.38733751429791 0.24396117234866 0.40349815098261 0.33402217997104 0.38279823281449 0.23859514165731 0.3914951505186 0.3992311974598 0.37571173075965 0.38170260110069 0.39917612217362 0.39925931677426 0.37388644576305 0.36914299328575 0.40394597019285 0.37483333705073 0.40897323837544"
General-3-20251226-16:19:21-135925,vector,AdhocNetwork1.host[20].app[1],e2eDelayPeriodicSec,,,"1 2 3 4 5 6 7 8 9 10 11 12 13 14 15 16 17 18 19 20 21 22 23 24 25 26 27 28 29 30 31 32 33 34 35 36 37 38 39 40 41 42 43 44 45 46 47 48 49 50","NaN 0.004750509683 0.004750509683 0.004750509683 NaN 0.00272005931 0.00272005931 0.00272005931 NaN NaN NaN NaN 0.004744510658 0.004744510658 0.004744510658 NaN 0.007657253445 0.007657253445 0.007657253445 0.004652378556 0.004652378556 0.004652378556 NaN 0.004431006582 0.004431006582 0.004431006582 NaN 0.004353516916 0.004353516916 0.004353516916 NaN NaN NaN 0.005085702708 0.005085702708 0.005085702708 NaN NaN 0.006242649158 0.006242649158 0.006242649158 NaN 0.006391264424 0.006391264424 0.006391264424 0.005054615889 0.005054615889 0.005054615889 NaN 0.004988219431"
General-3-20251226-16:19:21-135925,vector,AdhocNetwork1.host[20].rl,rlReward,,,"1 2 3 4 5 6 7 8 9 10 11 12 13 14 15 16 17 18 19 20 21 22 23 24 25 26 27 28 29 30 31 32 33 34 35 36 37 38 39 40 41 42 43 44 45 46 47 48 49 50","0.33333333333333 0 0.11809190517304 0.11769267360502 0.082153708004344 0.1069187105556 -0.61056210338722 -0.57144103766547 -0.59002837185101 -0.56462515811717 -0.54973054640729 0.36288768813988 0.39748021895382 0.38917113002203 0.40651543335255 -0.60202939485975 -0.62468550524698 -0.59919272445064 -0.58938357730719 -0.59185527591812 -0.59810934160577 0.36682002480719 0.28958186696963 0.2970402913661 0.31644055590304 0.32349200206232 0.20357352726637 0.28681430157576 0.4086108569002 0.31505588577375 0.2625632093065 0.27691459985138 0.3090291316233 0.27667633763862 0.2971004061229 0.31547625458045 0.27485047826636 0.30302166757868 0.29137597306884 0.30999396101807 0.32333106560945 0.28000000279138 0.27531923185432 0.31614615039571 0.32253795675136 0.3198443074048 0.25568584443036 0.3032975987079 0.31141923790854 0.303669213615"
General-3-20251226-16:19:21-135925,vector,AdhocNetwork1.host[21].app[1],e2eDelayPeriodicSec,,,"1 2 3 4 5 6 7 8 9 10 11 12 13 14 15 16 17 18 19 20 21 22 23 24 25 26 27 28 29 30 31 32 33 34 35 36 37 38 39 40 41 42 43 44 45 46 47 48 49 50","NaN 0.050369310835 0.050369310835 0.050369310835 NaN NaN NaN NaN 0.008006858427 0.008006858427 0.008006858427 NaN NaN 0.011535197229 0.011535197229 0.011535197229 NaN 0.006620833248 0.006620833248 0.006620833248 NaN 0.004952234132 0.004952234132 0.004952234132 NaN 0.005298630865 0.005298630865 0.005298630865 NaN 0.005198608586 0.005198608586 0.005198608586 0.004952026487 0.004952026487 0.004952026487 NaN NaN NaN NaN NaN NaN NaN NaN NaN NaN 0.005930275976 0.005930275976 0.005930275976 NaN NaN"
General-3-20251226-16:19:21-135925,vector,AdhocNetwork1.host[21].rl,rlReward,,,"1 2 3 4 5 6 7 8 9 10 11 12 13 14 15 16 17 18 19 20 21 22 23 24 25 26 27 28 29 30 31 32 33 34 35 36 37 38 39 40 41 42 43 44 45 46 47 48 49 50","0.33333333333333 0 0.4026071379431 0.40823067547453 0.39037551957064 0.38250297277525 -0.62471339877755 -0.56343993505074 -0.57280299673735 -0.60535367374871 0.048693395720032 -0.12000459472467 0.25495005869929 0.22754847306871 0.25877166116078 -0.35978886183475 -0.3728124252773 -0.62658273498339 -0.61609351072241 -0.33174962665831 -0.60091969863954 0.190157440492 0.242712502986 -0.079489640212849 0.27506549364712 0.28583965898494 0.046543820466149 0.27130093237478 0.27068341051717 0.28261016632507 0.2310407174669 0.22997975779287 0.25964141297332 0.2500729361377 0.20940445766757 0.27592536493643 0.2083998630153 0.23743199870114 0.23474478784258 0.2630260085586 0.39311303856251 0.21031911200111 0.22593073197232 0.256257127319 0.25490987019172 0.25677648323351 0.18334760959966 0.25178134910412 0.10309133004102 0.26877560189146"
General-3-20251226-16:19:21-135925,vector,AdhocNetwork1.host[22].app[1],e2eDelayPeriodicSec,,,"1 2 3 4 5 6 7 8 9 10 11 12 13 14 15 16 17 18 19 20 21 22 23 24 25 26 27 28 29 30 31 32 33 34 35 36 37 38 39 40 41 42 43 44 45 46 47 48 49 50","NaN NaN NaN NaN NaN NaN NaN 3.008584160388 3.008584160388 3.008584160388 NaN NaN NaN NaN NaN NaN NaN NaN 3.003911570743 3.003911570743 3.003911570743 0.008959626411 0.008959626411 0.008959626411 NaN NaN NaN NaN 0.011719133244 0.011719133244 0.011719133244 NaN 0.005678974695 0.005678974695 0.005678974695 0.004812685978 0.004812685978 0.004812685978 NaN NaN NaN NaN 0.008665814887 0.008665814887 0.008665814887 0.006424400432 0.006424400432 0.006424400432 NaN 0.004724405039"
General-3-20251226-16:19:21-135925,vector,AdhocNetwork1.host[22].rl,rlReward,,,"1 2 3 4 5 6 7 8 9 10 11 12 13 14 15 16 17 18 19 20 21 22 23 24 25 26 27 28 29 30 31 32 33 34 35 36 37 38 39 40 41 42 43 44 45 46 47 48 49 50","0.33333333333333 -0.2 0.1215013971953 0.11387608608835 0.065229269307977 -0.40002467328506 -0.49201766235739 -0.59116850487055 -0.56430260319174 -0.61570382724989 -0.66239378796802 0.059271588947302 0.069951044565971 0.046029431873594 0.24297929838759 0.083865594289917 0.17570049708483 -0.11735409676618 0.37735257611877 0.40919871812882 0.22234853333737 0.18320310406118 0.26964176703617 0.22963556745597 0.24454440300603 0.29513253947072 0.16218985890156 0.25679544090055 -0.090496969612624 0.25823561339459 0.24644798254925 0.22085709950649 0.18763742845044 0.19321037440318 0.21334676833678 0.27364664156241 0.1550956249641 0.1844364115435 0.20087618412579 0.2601880230804 0.26318410750933 0.20633036091932 -0.14032510353536 0.25761426463086 0.071875764788635 0.23257241266305 0.17894362662692 0.26086223592163 0.21803867267176 0.26682615287753"
General-3-20251226-16:19:21-135925,vector,AdhocNetwork1.host[23].app[1],e2eDelayPeriodicSec,,,"1 2 3 4 5 6 7 8 9 10 11 12 13 14 15 16 17 18 19 20 21 22 23 24 25 26 27 28 29 30 31 32 33 34 35 36 37 38 39 40 41 42 43 44 45 46 47 48 49 50","NaN 0.018382240587 0.018382240587 0.018382240587 NaN 0.005031679544 0.005031679544 0.005031679544 NaN 0.013146451314 0.013146451314 0.013146451314 NaN 0.005071646454 0.005071646454 0.005071646454 NaN 0.005350187513 0.005350187513 0.005350187513 0.005515528742 0.005515528742 0.005515528742 NaN 0.002539665021 0.002539665021 0.002539665021 NaN 0.00229863365 0.00229863365 0.00229863365 0.002937961686 0.002937961686 0.002937961686 NaN 0.002717017852 0.002717017852 0.002717017852 NaN NaN 0.003215880231 0.003215880231 0.003215880231 NaN NaN 0.002739698461 0.002739698461 0.002739698461 NaN 0.003014374408"
General-3-20251226-16:19:21-135925,vector,AdhocNetwork1.host[23].rl,rlReward,,,"1 2 3 4 5 6 7 8 9 10 11 12 13 14 15 16 17 18 19 20 21 22 23 24 25 26 27 28 29 30 31 32 33 34 35 36 37 38 39 40 41 42 43 44 45 46 47 48 49 50","0.33333333333333 -0.2 0.07019943187803 0.081829265650095 0.04679495591777 0.056116431944608 0.33669249464302 0.067489623125402 0.069424328040597 0.039704200041209 0.053316381154583 0.028992727729841 0.066359350805889 0.054785850805909 0.056646715423037 0.066897347617119 0.015549228435144 0.044426291371927 0.040657844544591 0.040868522174596 0.33602267581327 0.3 0.36506794130993 0.34981365604982 0.37171858743633 0.35839712421875 0.3 0.39066964518131 0.39681122542962 0.38739081796038 0.38409986555442 0.35649050194351 0.35684263060985 0.35274952908231 0.36960617278721 0.40068364174764 0.33872089262554 0.34130641680941 0.17067057864364 0.39629645235473 0.37022879440001 0.35673760498509 0.36161362834686 0.39468336404742 0.35313897120089 0.3784188416101 0.31598143227206 0.35783274214684 0.3321380479229 0.36250147401452"
General-3-20251226-16:19:21-135925,vector,AdhocNetwork1.host[24].app[1],e2eDelayPeriodicSec,,,"1 2 3 4 5 6 7 8 9 10 11 12 13 14 15 16 17 18 19 20 21 22 23 24 25 26 27 28 29 30 31 32 33 34 35 36 37 38 39 40 41 42 43 44 45 46 47 48 49 50","NaN 0.005070417332 0.005070417332 0.005070417332 0.002854398378 0.002854398378 0.002854398378 NaN 0.002834554928 0.002834554928 0.002834554928 NaN NaN 0.002514988549 0.002514988549 0.002514988549 0.003855171455 0.003855171455 0.003855171455 NaN NaN 0.002716454531 0.002716454531 0.002716454531 NaN 0.002197423257 0.002197423257 0.002197423257 NaN NaN 0.002994326635 0.002994326635 0.002994326635 NaN 0.002979448744 0.002979448744 0.002979448744 NaN 0.038070434675 0.038070434675 0.038070434675 NaN NaN NaN NaN NaN NaN NaN NaN NaN"
General-3-20251226-16:19:21-135925,vector,AdhocNetwork1.host[24].rl,rlReward,,,"1 2 3 4 5 6 7 8 9 10 11 12 13 14 15 16 17 18 19 20 21 22 23 24 25 26 27 28 29 30 31 32 33 34 35 36 37 38 39 40 41 42 43 44 45 46 47 48 49 50","0.33333333333333 0 0.10178039369211 0.10188554702634 0 0.048306034717353 0.038138171636037 0.10101803087212 0.071293612080822 0.061151017063124 0.059746534371318 0.0093723401383592 0.071400742487861 0.074557158842989 0.060513783500882 0.031440696959146 0.024919018613658 0.042341673448655 0.080953454898149 0.079481128771229 0.06345130171753 0.0065506955398507 0.061447808014973 0.3677443532518 0.38741817298488 0.40257892543115 0.33028663937607 0.3916728686842 0.39650695056065 0.40185674172612 0.22395970745039 0.35524310417154 0.37372803206678 0.37811896633836 0.37078833572011 0.36238013077657 0.33745857074122 0.36442662266588 0.32806968419496 0.38104837994142 0.38733234275806 0.1742848967891 0.36590300040336 0.38100452378048 0.36428919825128 0.37834264150541 0.3539211751545 0.37596076840028 0.36427763082678 0.093124188635831"
General-4-20251226-16:19:21-135928,vector,AdhocNetwork1.host[0].app[1],e2eDelayPeriodicSec,,,"1 2 3 4 5 6 7 8 9 10 11 12 13 14 15 16 17 18 19 20 21 22 23 24 25 26 27 28 29 30 31 32 33 34 35 36 37 38 39 40 41 42 43 44 45 46 47 48 49 50","NaN 0 0 0 NaN 0 0 0 NaN 0 0 0 0 0 0 NaN 0 0 0 NaN 0 0 0 NaN 0 0 0 NaN NaN 0 0 0 NaN NaN 0 0 0 NaN NaN 0 0 0 0 0 0 0 0 0 NaN NaN"
General-4-20251226-16:19:21-135928,vector,AdhocNetwork1.host[0].rl,rlReward,,,"1 2 3 4 5 6 7 8 9 10 11 12 13 14 15 16 17 18 19 20 21 22 23 24 25 26 27 28 29 30 31 32 33 34 35 36 37 38 39 40 41 42 43 44 45 46 47 48 49 50","0.33333333333333 0 0.15529543139325 0.16151827733661 -0.55890973904641 -0.54129049342872 -0.55021905819395 -0.5677092818813 -0.5292646730458 -0.6025863515321 -0.41654828700344 -0.051606363148532 0.30906585450204 0.060213442169696 -0.071130513389255 0.13123370248523 -0.04651126593835 0.0741490088124 -0.033199580461028 0.28202775682051 -0.02078431829677 0.087694331829696 0.28259751183928 0.43990478697049 0.13479953152259 -0.32178520808142 -0.48565575443261 -0.30535778758202 -0.32113141198372 -0.58842946617657 -0.52189396810901 -0.084610707667004 0.12282401600071 -0.068371877138986 0.4278096096598 0.13295446798981 0.23024081160031 0.30277965983525 -0.026810358856762 0.41469658037177 0.14650554111534 -0.069860786023376 0.43149628765515 0.40935936915445 0.31224944795114 0.40252105011265 -0.050836778081296 0.41651846157278 0.422035596957 0.41561552669786"
General-4-20251226-16:19:21-135928,vector,AdhocNetwork1.host[1].app[1],e2eDelayPeriodicSec,,,"1 2 3 4 5 6 7 8 9 10 11 12 13 14 15 16 17 18 19 20 21 22 23 24 25 26 27 28 29 30 31 32 33 34 35 36 37 38 39 40 41 42 43 44 45 46 47 48 49 50","NaN NaN NaN NaN 3.012956225766 3.012956225766 3.012956225766 NaN 0.003133059094 0.003133059094 0.003133059094 0.003703837624 0.003703837624 0.003703837624 NaN NaN 0.004378501121 0.004378501121 0.004378501121 NaN NaN 0.002456810116 0.002456810116 0.002456810116 NaN 0.003011526851 0.003011526851 0.003011526851 NaN NaN 0.002336637546 0.002336637546 0.002336637546 0.002516558328 0.002516558328 0.002516558328 NaN 0.002896477268 0.002896477268 0.002896477268 NaN NaN 0.002691232863 0.002691232863 0.002691232863 NaN 0.002296360816 0.002296360816 0.002296360816 NaN"
General-4-20251226-16:19:21-135928,vector,AdhocNetwork1.host[1].rl,rlReward,,,"1 2 3 4 5 6 7 8 9 10 11 12 13 14 15 16 17 18 19 20 21 22 23 24 25 26 27 28 29 30 31 32 33 34 35 36 37 38 39 40 41 42 43 44 45 46 47 48 49 50","0.33333333333333 0 0.099770906554453 0.11112320470757 -0.63905826040479 -0.58380889718253 -0.61219107488396 -0.41214676046135 -0.62646492762385 -0.54002892997177 -0.66666666666667 0.21286646027945 0.26156841706786 0.074421188422619 0.18430938658931 0.39382960603926 -0.096872881962753 0.20358234139804 0.22299383234604 -0.11244016673957 0.2877405675685 0.1812791393983 0.21924053058946 0.27551846294179 0.27489391505405 0.2629564934252 0.19305324321736 0.23727522260599 0.25729222288949 0.28261497972635 0.24450723269817 0.15989734114504 0.26786503205851 -0.064402122119797 0.24264399866041 0.2746380398076 0.21386470092891 0.25446148132102 0.22434720379405 0.23524049366105 0.28328946318959 0.20565676425017 0.24232746572624 0.23007846366901 0.28897775026911 0.25592256525257 0.23810035496913 0.25339012849895 0.28108718725465 -0.33629758916556"
General-4-20251226-16:19:21-135928,vector,AdhocNetwork1.host[2].app[1],e2eDelayPeriodicSec,,,"1 2 3 4 5 6 7 8 9 10 11 12 13 14 15 16 17 18 19 20 21 22 23 24 25 26 27 28 29 30 31 32 33 34 35 36 37 38 39 40 41 42 43 44 45 46 47 48 49 50","NaN 0.008237167935 0.008237167935 0.008237167935 NaN 0.004100433845 0.004100433845 0.004100433845 NaN 0.003055574968 0.003055574968 0.003055574968 NaN 0.002756147747 0.002756147747 0.002756147747 0.002856922953 0.002856922953 0.002856922953 NaN 0.002397521769 0.002397521769 0.002397521769 NaN NaN NaN NaN NaN 0.002493285441 0.002493285441 0.002493285441 NaN 0.003197220986 0.003197220986 0.003197220986 0.002877113171 0.002877113171 0.002877113171 0.002637125193 0.002637125193 0.002637125193 NaN NaN 0.001977012505 0.001977012505 0.001977012505 0.002869200149 0.002869200149 0.002869200149 NaN"
General-4-20251226-16:19:21-135928,vector,AdhocNetwork1.host[2].rl,rlReward,,,"1 2 3 4 5 6 7 8 9 10 11 12 13 14 15 16 17 18 19 20 21 22 23 24 25 26 27 28 29 30 31 32 33 34 35 36 37 38 39 40 41 42 43 44 45 46 47 48 49 50","0.33333333333333 0 0.34890273682976 0.3689302179858 0.36171194185674 -0.63805786197889 -0.68234693757744 -0.67856514701249 -0.62660630076424 -0.63591764337006 -0.42700453241132 -0.13659578316637 0.72019676679078 0.073559866640512 0.077747698510483 0.06742158298762 0.054323400256797 -0.1458129774205 0.083465500059153 0.092168205436381 0.088140354972987 0.041045887335078 0.06955561225491 -0.58164099395027 -0.57421389253336 -0.58494822020041 -0.65344282781419 -0.60975996782349 -0.59871322808762 -0.5781445271565 -0.59840411946998 0.0017449991949285 0.18061966774253 0.209277976464 0.18745962725839 0.19185911594521 0.1782932589547 0.20243751640758 0.22116119715487 0.16712995459421 0.22642784169744 0.16208133780999 0.21415386996038 0.20155143435629 0.19076048256741 0.22637899781653 0.16015448210505 0.17352758369226 0.22002575389576 0.2331293637251"
General-4-20251226-16:19:21-135928,vector,AdhocNetwork1.host[3].app[1],e2eDelayPeriodicSec,,,"1 2 3 4 5 6 7 8 9 10 11 12 13 14 15 16 17 18 19 20 21 22 23 24 25 26 27 28 29 30 31 32 33 34 35 36 37 38 39 40 41 42 43 44 45 46 47 48 49 50","NaN 0.007654071538 0.007654071538 0.007654071538 0.002857031787 0.002857031787 0.002857031787 0.00301299328 0.00301299328 0.00301299328 NaN NaN 0.002917316942 0.002917316942 0.002917316942 0.003879417485 0.003879417485 0.003879417485 NaN 0.006042831828 0.006042831828 0.006042831828 NaN 0.002938213076 0.002938213076 0.002938213076 NaN 0.004283797457 0.004283797457 0.004283797457 NaN 0.003254815243 0.003254815243 0.003254815243 0.002619168204 0.002619168204 0.002619168204 NaN 0.002499634362 0.002499634362 0.002499634362 NaN NaN 0.003240216833 0.003240216833 0.003240216833 NaN 0.002600702662 0.002600702662 0.002600702662"
General-4-20251226-16:19:21-135928,vector,AdhocNetwork1.host[3].rl,rlReward,,,"1 2 3 4 5 6 7 8 9 10 11 12 13 14 15 16 17 18 19 20 21 22 23 24 25 26 27 28 29 30 31 32 33 34 35 36 37 38 39 40 41 42 43 44 45 46 47 48 49 50","0.33333333333333 0 0.043507842208237 0.05833468448759 0 0.055437591393751 0.01668736585725 0.038351989743513 0.047864049349186 0.050486713962896 0.15212461276033 -0.19252056183594 0.044530519092906 0.061472392149122 0.04985545751787 0.032665740869439 0.11673826595888 0.17122145690528 0.13632110727437 0.10676900331896 0.18473642749343 0.12054862601045 0.1287918447615 0.18934367497869 0.17002256248805 0.13775400066354 0.1 0.16739356811268 0.1339422025182 0.16802171764375 0.17184611311212 0.1 0.21372755868139 0.07110001962603 0.23891306380765 0.20965322431754 0.17430540513757 -0.11129362637418 0.23280897921198 0.21144877406071 -0.090648556393716 0.032759673525873 0.084543510269336 0.37687757614329 0.22142927457573 0.3604605371513 0.35657820723298 0.37327705783849 0.35332110630691 -0.62147428199582"
General-4-20251226-16:19:21-135928,vector,AdhocNetwork1.host[4].app[1],e2eDelayPeriodicSec,,,"1 2 3 4 5 6 7 8 9 10 11 12 13 14 15 16 17 18 19 20 21 22 23 24 25 26 27 28 29 30 31 32 33 34 35 36 37 38 39 40 41 42 43 44 45 46 47 48 49 50","NaN 0.041712064108 0.041712064108 0.041712064108 NaN 0.004846022644 0.004846022644 0.004846022644 NaN NaN NaN NaN NaN 0.009512372793 0.009512372793 0.009512372793 NaN 0.004751632382 0.004751632382 0.004751632382 NaN 0.005531978579 0.005531978579 0.005531978579 NaN NaN 0.004905425069 0.004905425069 0.004905425069 NaN 0.005515303862 0.005515303862 0.005515303862 NaN NaN NaN NaN NaN 0.004404780791 0.004404780791 0.004404780791 NaN 0.004987930215 0.004987930215 0.004987930215 NaN 0.002780405972 0.002780405972 0.002780405972 NaN"
General-4-20251226-16:19:21-135928,vector,AdhocNetwork1.host[4].rl,rlReward,,,"1 2 3 4 5 6 7 8 9 10 11 12 13 14 15 16 17 18 19 20 21 22 23 24 25 26 27 28 29 30 31 32 33 34 35 36 37 38 39 40 41 42 43 44 45 46 47 48 49 50","0.33333333333333 0 0.079489805460514 0.10315605593989 -0.1050310490879 0.067876395297199 0.027289786978015 -0.59453978070885 -0.61599513901439 -0.59225660963938 -0.61763601823685 0.18442873461132 0.24008029960302 0.17739446046942 0.2237880721674 0.23434579266169 0.20326063375549 0.17208799873559 0.2332503582712 0.22525480507231 0.24369936955806 0.14119573352213 0.33553282839024 -0.084833572034357 0.25190675724527 0.23163289686785 0.13049750603565 0.17956883776476 0.2025285521462 0.24205002858015 0.18281043944256 0.1 0.24767368928316 0.25268800530474 0.24948310281249 0.25252415478365 0.073978782889841 0.23047381936846 0.20715602838518 0.24826855973578 0.25900080169649 0.1950645826253 0.22468542464616 0.21588571488079 0.25622559867696 0.097807455714053 0.21323817801338 0.20437624303207 0.26644926703038 0.25970491806374"
General-4-20251226-16:19:21-135928,vector,AdhocNetwork1.host[5].app[1],e2eDelayPeriodicSec,,,"1 2 3 4 5 6 7 8 9 10 11 12 13 14 15 16 17 18 19 20 21 22 23 24 25 26 27 28 29 30 31 32 33 34 35 36 37 38 39 40 41 42 43 44 45 46 47 48 49 50","NaN NaN NaN NaN 0.032745619433 0.032745619433 0.032745619433 NaN 0.007574202108 0.007574202108 0.007574202108 NaN NaN 0.007184525649 0.007184525649 0.007184525649 NaN 0.008177658833 0.008177658833 0.008177658833 NaN 0.008365288823 0.008365288823 0.008365288823 0.011195525812 0.011195525812 0.011195525812 0.013253836959 0.013253836959 0.013253836959 NaN NaN 0.008119883252 0.008119883252 0.008119883252 NaN 0.006171552688 0.006171552688 0.006171552688 0.006604550116 0.006604550116 0.006604550116 NaN NaN 0.004753459039 0.004753459039 0.004753459039 0.004813455866 0.004813455866 0.004813455866"
General-4-20251226-16:19:21-135928,vector,AdhocNetwork1.host[5].rl,rlReward,,,"1 2 3 4 5 6 7 8 9 10 11 12 13 14 15 16 17 18 19 20 21 22 23 24 25 26 27 28 29 30 31 32 33 34 35 36 37 38 39 40 41 42 43 44 45 46 47 48 49 50","0.33333333333333 0 0.069426618661622 0.085555002218346 -0.63574441739981 -0.60635907772986 -0.62330002076143 -0.51999563938134 -0.64384438233507 -0.38903848977886 -0.62329415305373 0.15488247520813 -0.1315100945796 0.71590480458465 0.19721756253681 0.36652549304103 0.14338873899294 0.032872207379433 0.22062731101813 0.20674134451593 0.17111182804302 0.12371715487596 0.2005157889258 0.2052702694531 0.17394904051944 0.19154889065484 0.12699430874254 0.2065357654286 -0.41748334662295 -0.44641481050426 -0.38894590528059 0.1041836033585 0.20255072841935 0.12524129674423 0.35652261133728 0.14183881151356 0.10781954018247 -0.16617521159417 0.36190482527019 -0.12102167143637 0.3393863422829 0.3 0.3374385971824 0.36114159474554 0.33469750124465 0.3 0.32852547208825 0.33944822027144 -0.66098941524442 -0.65652279590583"
General-4-20251226-16:19:21-135928,vector,AdhocNetwork1.host[6].app[1],e2eDelayPeriodicSec,,,"1 2 3 4 5 6 7 8 9 10 11 12 13 14 15 16 17 18 19 20 21 22 23 24 25 26 27 28 29 30 31 32 33 34 35 36 37 38 39 40 41 42 43 44 45 46 47 48 49 50","NaN NaN NaN NaN 0.015472161537 0.015472161537 0.015472161537 0.006328807934 0.006328807934 0.006328807934 0.007868811117 0.007868811117 0.007868811117 NaN 0.004872825115 0.004872825115 0.004872825115 NaN 0.008379342946 0.008379342946 0.008379342946 NaN 0.005011227023 0.005011227023 0.005011227023 NaN NaN 0.004865474058 0.004865474058 0.004865474058 0.004609266245 0.004609266245 0.004609266245 NaN 0.005789589617 0.005789589617 0.005789589617 NaN 0.005483126629 0.005483126629 0.005483126629 NaN 0.005015285733 0.005015285733 0.005015285733 NaN NaN 0.005517516251 0.005517516251 0.005517516251"
General-4-20251226-16:19:21-135928,vector,AdhocNetwork1.host[6].rl,rlReward,,,"1 2 3 4 5 6 7 8 9 10 11 12 13 14 15 16 17 18 19 20 21 22 23 24 25 26 27 28 29 30 31 32 33 34 35 36 37 38 39 40 41 42 43 44 45 46 47 48 49 50","0.33333333333333 0 0.094889847081817 0.095057209773985 0.05423116044023 0.087371443391401 -0.15909215187014 0.088132387906297 0.074539046855797 0.079071387617168 0.053186866968303 0.037924637748817 0.077123738163725 0.074641033740573 0.0830396558316 0.070317079259233 0.056823423015299 0.067584881427342 0.090089283125857 0.071351562384704 0.089935769870314 0.04166213819273 0.070725221310471 0.079354426849191 0.087328615788488 0.073327275712982 0.041519095921703 0.071404013150216 0.067615315151416 0.065856846900082 0.08089009219235 0.019823474431765 0.071836981006712 0.065111788425218 0.093389453503238 0.06508524067549 0.33750684662972 0.073567763539094 0.38236208277981 0.18924346256201 0.37813847777258 -0.66201606635636 -0.63432776756102 -0.6345442928478 -0.63710609374377 -0.41443366229165 -0.66576824430356 -0.40069108844083 -0.61322423255663 -0.61784314823349"
General-4-20251226-16:19:21-135928,vector,AdhocNetwork1.host[7].app[1],e2eDelayPeriodicSec,,,"1 2 3 4 5 6 7 8 9 10 11 12 13 14 15 16 17 18 19 20 21 22 23 24 25 26 27 28 29 30 31 32 33 34 35 36 37 38 39 40 41 42 43 44 45 46 47 48 49 50","NaN 0.005515340962 0.005515340962 0.005515340962 NaN 0.003667554354 0.003667554354 0.003667554354 NaN NaN 0.002674085098 0.002674085098 0.002674085098 NaN 0.002835011685 0.002835011685 0.002835011685 0.002617012606 0.002617012606 0.002617012606 NaN 0.002796472656 0.002796472656 0.002796472656 NaN 0.002397122688 0.002397122688 0.002397122688 0.002937791891 0.002937791891 0.002937791891 0.002464991816 0.002464991816 0.002464991816 NaN 0.008691469171 0.008691469171 0.008691469171 NaN 0.002800185419 0.002800185419 0.002800185419 NaN NaN NaN NaN NaN NaN NaN NaN"
General-4-20251226-16:19:21-135928,vector,AdhocNetwork1.host[7].rl,rlReward,,,"1 2 3 4 5 6 7 8 9 10 11 12 13 14 15 16 17 18 19 20 21 22 23 24 25 26 27 28 29 30 31 32 33 34 35 36 37 38 39 40 41 42 43 44 45 46 47 48 49 50","0.33333333333333 0 0.091752822754347 0.092921413194978 0.061392184808504 -0.097419416106302 0 0.083144515246666 0.071555165664966 0.09300132887515 0.01633573883206 0.14988304299307 0.085770757359807 0.049069946260532 0.076531661902981 0.075368649709518 0.040412157020661 0.022416986942876 0.065653951726551 0.060556388185608 0.080199089228399 0.023791382537115 0.016288974412002 0.36630494966152 0.3711879303216 0.32939846998706 0.33084695629539 -0.10217943120068 0.33944220924347 0.34344230074063 0.37387997700578 0.3 0.20691464940539 -0.12065504728701 0.38279130416228 0.34323561356261 0.34539866321311 0.36804157863226 0.25517916694413 0.36508136363814 0.38434258218733 0.34719982088297 0.38368362754316 0.37863599938449 0.38236580732775 0.37588869512698 0.34997199520678 0.38404102452805 0.38033947217205 0.37809536649122"
General-4-20251226-16:19:21-135928,vector,AdhocNetwork1.host[8].app[1],e2eDelayPeriodicSec,,,"1 2 3 4 5 6 7 8 9 10 11 12 13 14 15 16 17 18 19 20 21 22 23 24 25 26 27 28 29 30 31 32 33 34 35 36 37 38 39 40 41 42 43 44 45 46 47 48 49 50","NaN NaN NaN NaN NaN NaN NaN 0.005159421898 0.005159421898 0.005159421898 NaN 0.004930681286 0.004930681286 0.004930681286 NaN 0.0047047878 0.0047047878 0.0047047878 NaN NaN NaN NaN NaN NaN NaN NaN NaN 0.004933379892 0.004933379892 0.004933379892 0.023755521289 0.023755521289 0.023755521289 NaN 0.006705467233 0.006705467233 0.006705467233 NaN NaN 0.005492817825 0.005492817825 0.005492817825 NaN 0.01029915482 0.01029915482 0.01029915482 0.005974019086 0.005974019086 0.005974019086 NaN"
General-4-20251226-16:19:21-135928,vector,AdhocNetwork1.host[8].rl,rlReward,,,"1 2 3 4 5 6 7 8 9 10 11 12 13 14 15 16 17 18 19 20 21 22 23 24 25 26 27 28 29 30 31 32 33 34 35 36 37 38 39 40 41 42 43 44 45 46 47 48 49 50","0.33333333333333 0 0.08187528858763 0.097158405274674 0.04731708158603 0.089487617256402 0.04738015233236 0.029686110713025 0.077893979547557 0.35893616084664 0 0.054446388975724 0.063758085349594 0.055160399367961 0.042760590429242 0.20051390448127 0.36116692212238 0.082065692666374 0.38068618525117 0.37267601802958 0.38558132158283 0.34068363989455 0.3799549761892 0.38042795741962 -0.08050130353576 0.36341667339346 0.3536853875046 0.35765879996097 0.39101743896483 0.37923789779102 0.38000547385334 0.33146900506009 0.38849967478487 0.39755924850609 0.37339384481498 0.39317150279312 0.37071609651427 0.37558566825686 0.38758889353324 0.37761333423772 0.39747472965799 0.3540467949248 0.38132901990773 0.39715204613933 0.38082166166962 0.38462370622147 0.36449158017247 0.37217593432051 0.39123112150271 0.3992482135285"
General-4-20251226-16:19:21-135928,vector,AdhocNetwork1.host[9].app[1],e2eDelayPeriodicSec,,,"1 2 3 4 5 6 7 8 9 10 11 12 13 14 15 16 17 18 19 20 21 22 23 24 25 26 27 28 29 30 31 32 33 34 35 36 37 38 39 40 41 42 43 44 45 46 47 48 49 50","NaN 0.047772329173 0.047772329173 0.047772329173 NaN 0.00492431337 0.00492431337 0.00492431337 NaN NaN 0.00784403138 0.00784403138 0.00784403138 NaN 0.005789607555 0.005789607555 0.005789607555 NaN 0.007878438683 0.007878438683 0.007878438683 NaN NaN NaN NaN NaN NaN NaN NaN NaN NaN 0.007606744973 0.007606744973 0.007606744973 NaN 0.004735410034 0.004735410034 0.004735410034 NaN NaN 0.004836774223 0.004836774223 0.004836774223 0.005450842003 0.005450842003 0.005450842003 NaN NaN 0.003974380098 0.003974380098"
General-4-20251226-16:19:21-135928,vector,AdhocNetwork1.host[9].rl,rlReward,,,"1 2 3 4 5 6 7 8 9 10 11 12 13 14 15 16 17 18 19 20 21 22 23 24 25 26 27 28 29 30 31 32 33 34 35 36 37 38 39 40 41 42 43 44 45 46 47 48 49 50","0.33333333333333 0 0.089734949244845 0.089957345461396 0.04961379253107 -0.63398551345077 -0.64697059502644 -0.59556448142551 -0.60041976567362 -0.41006107287904 -0.5770080540423 0.045847204590515 0.047610105785705 0.19412317768389 0.055090341360799 -0.16103849563763 0.14018583040627 0.35129965871416 0.1 0.032376555196197 0.21175202107541 0.30112838861466 0.14078303098604 0.20344357085725 0.038247728388956 0.16168202618666 0.10355585769991 0.1731002425134 0.13938204854679 0.16738893088643 0.19833182542114 0.1 0.17702064085136 0.16533656192997 0.24727282575698 0.1890118408973 -0.17297268784983 0.14960196438214 0.25009840095191 0.17949109236994 0.2032512353439 0.11346051119254 0.35295690126495 0.17980260560609 0.2103797044462 0.1 0.058095909979506 0.22031384025648 0.15694793445373 0.23758990244732"
General-4-20251226-16:19:21-135928,vector,AdhocNetwork1.host[10].app[1],e2eDelayPeriodicSec,,,"1 2 3 4 5 6 7 8 9 10 11 12 13 14 15 16 17 18 19 20 21 22 23 24 25 26 27 28 29 30 31 32 33 34 35 36 37 38 39 40 41 42 43 44 45 46 47 48 49 50","NaN 0.015834849954 0.015834849954 0.015834849954 0.002435247868 0.002435247868 0.002435247868 NaN 0.002815322498 0.002815322498 0.002815322498 0.002335318208 0.002335318208 0.002335318208 NaN 0.003759365251 0.003759365251 0.003759365251 0.002115433945 0.002115433945 0.002115433945 NaN 0.002555459755 0.002555459755 0.002555459755 NaN 0.002939713593 0.002939713593 0.002939713593 NaN 0.002523260129 0.002523260129 0.002523260129 0.002895597075 0.002895597075 0.002895597075 0.002975750566 0.002975750566 0.002975750566 NaN NaN 0.003281347876 0.003281347876 0.003281347876 NaN 0.003235983892 0.003235983892 0.003235983892 0.002236200979 0.002236200979"
General-4-20251226-16:19:21-135928,vector,AdhocNetwork1.host[10].rl,rlReward,,,"1 2 3 4 5 6 7 8 9 10 11 12 13 14 15 16 17 18 19 20 21 22 23 24 25 26 27 28 29 30 31 32 33 34 35 36 37 38 39 40 41 42 43 44 45 46 47 48 49 50","0.33333333333333 0 0.068573413607347 0.096783964496908 0.045017861720509 0.077022998638457 -0.64340162903833 -0.58882617212646 -0.62185681142059 -0.6642049965246 -0.40723988793743 -0.16438140170636 0.074828667198638 -0.13486189796678 0.046961406866447 0.20163669499614 -0.14576167812288 0.048141513421245 0.19431947088865 0.065989437666114 -0.093392912303136 0.31492874006065 0.22069747258759 0.20550825207023 0.21846507052225 0.22578013080742 0.15696177447425 0.1882150244757 0.20802097551245 0.2274901427962 0.19438414013615 0.12346464070098 0.1877034009236 0.20587610941256 0.20374019351516 0.16024570893697 0.15709369909831 0.19681279266312 0.16233969029055 0.18607935343318 0.21348516218382 0.16364353260346 0.18576229637687 0.20481767844424 0.21796707739685 0.21760673751734 0.18387360566737 0.16200891794013 0.22663934022243 0.23612493358703"
General-4-20251226-16:19:21-135928,vector,AdhocNetwork1.host[11].app[1],e2eDelayPeriodicSec,,,"1 2 3 4 5 6 7 8 9 10 11 12 13 14 15 16 17 18 19 20 21 22 23 24 25 26 27 28 29 30 31 32 33 34 35 36 37 38 39 40 41 42 43 44 45 46 47 48 49 50","NaN 0.0475078602 0.0475078602 0.0475078602 NaN NaN NaN NaN 0.004996155306 0.004996155306 0.004996155306 NaN NaN 0.005290992747 0.005290992747 0.005290992747 NaN 0.004285005535 0.004285005535 0.004285005535 NaN 0.005065584855 0.005065584855 0.005065584855 0.005212705221 0.005212705221 0.005212705221 NaN NaN 0.005320328774 0.005320328774 0.005320328774 NaN NaN NaN NaN 0.010321342304 0.010321342304 0.010321342304 NaN NaN 0.011945185152 0.011945185152 0.011945185152 NaN NaN 0.00720296091 0.00720296091 0.00720296091 NaN"
General-4-20251226-16:19:21-135928,vector,AdhocNetwork1.host[11].rl,rlReward,,,"1 2 3 4 5 6 7 8 9 10 11 12 13 14 15 16 17 18 19 20 21 22 23 24 25 26 27 28 29 30 31 32 33 34 35 36 37 38 39 40 41 42 43 44 45 46 47 48 49 50","0.33333333333333 0 0.087920535685819 0.083162944196994 0.053813672850473 0.076157445106099 0.023858694736897 0.081094394188355 0.068124911247961 0.06265297547596 0.04617530691826 0.026047804506489 0.19989711881192 0.036678641105413 0.056788778247377 0.066697008687255 0.046338849989597 0.033835089097392 0.083530732165249 0.070416046475538 0.058423868549759 0.11712861239809 0.19219450716177 0.21654408899478 0.22767913025276 0.17411460362142 0.14373453584876 0.21569391655426 0.20251006034601 0.16926343410111 0.22318312475966 0.10617917020272 0.15796002239768 0.14992741961197 0.19708502117937 0.16079142055795 0.12014547025311 0.11055671040586 0.21132617547204 0.18188774335547 0.16992331372136 0.13334683534545 0.13759454322217 0.19797480386127 0.20376850498036 0.14189663862162 0.11775670424868 0.18398808011379 0.12043968063195 0.054781158518098"
General-4-20251226-16:19:21-135928,vector,AdhocNetwork1.host[12].app[1],e2eDelayPeriodicSec,,,"1 2 3 4 5 6 7 8 9 10 11 12 13 14 15 16 17 18 19 20 21 22 23 24 25 26 27 28 29 30 31 32 33 34 35 36 37 38 39 40 41 42 43 44 45 46 47 48 49 50","NaN 0.011249814207 0.011249814207 0.011249814207 NaN 0.008376028574 0.008376028574 0.008376028574 NaN 0.036932352724 0.036932352724 0.036932352724 NaN 0.006372096324 0.006372096324 0.006372096324 NaN NaN 0.007729616537 0.007729616537 0.007729616537 NaN 0.006527960881 0.006527960881 0.006527960881 NaN NaN 0.006094569849 0.006094569849 0.006094569849 0.007051829666 0.007051829666 0.007051829666 NaN NaN 0.004457805694 0.004457805694 0.004457805694 0.007085414892 0.007085414892 0.007085414892 NaN 0.004363937425 0.004363937425 0.004363937425 NaN 0.002280054865 0.002280054865 0.002280054865 NaN"
General-4-20251226-16:19:21-135928,vector,AdhocNetwork1.host[12].rl,rlReward,,,"1 2 3 4 5 6 7 8 9 10 11 12 13 14 15 16 17 18 19 20 21 22 23 24 25 26 27 28 29 30 31 32 33 34 35 36 37 38 39 40 41 42 43 44 45 46 47 48 49 50","0.33333333333333 0 0.15828084398123 0.82864171488115 0.1197750117153 0.13282533311319 0.086943212547209 0.13645514808603 0.14291167042228 0.11565848636701 0.056671116639649 0.11067242166423 0.15109978921087 0.12647143652431 0.1295718777133 0.11259154953549 0.11248307365177 0.13935500832256 0.10498666481317 0.11043079766726 0.14783483315383 -0.066708082638015 0.087714422454052 0.13087642872175 0.15159742451812 0.11505564130533 0.099907675133656 0.11962650304317 0.40434998262822 0.14412035474622 -0.030173252392833 0.066846279441311 0.13274052888241 0.13471923181697 0.14211009921295 0.11877017754167 0.10435706628454 0.4032711059928 0.15440419611732 0.10942402786674 0.13735187162051 0.11027237321367 0.15083483830243 0.12172377211902 0.15531182161643 0.13128886776917 0.12370240243382 0.13413050304429 0.3179623067581 0.14328513704402"
General-4-20251226-16:19:21-135928,vector,AdhocNetwork1.host[13].app[1],e2eDelayPeriodicSec,,,"1 2 3 4 5 6 7 8 9 10 11 12 13 14 15 16 17 18 19 20 21 22 23 24 25 26 27 28 29 30 31 32 33 34 35 36 37 38 39 40 41 42 43 44 45 46 47 48 49 50","NaN NaN NaN NaN 0.010495518197 0.010495518197 0.010495518197 NaN 0.004705837148 0.004705837148 0.004705837148 NaN 0.005829745815 0.005829745815 0.005829745815 0.004509574344 0.004509574344 0.004509574344 NaN 0.004870453421 0.004870453421 0.004870453421 NaN NaN 0.005174358105 0.005174358105 0.005174358105 0.005656934941 0.005656934941 0.005656934941 NaN NaN 0.005554819047 0.005554819047 0.005554819047 NaN 0.003060468981 0.003060468981 0.003060468981 NaN NaN 0.002520167113 0.002520167113 0.002520167113 NaN 0.002419577268 0.002419577268 0.002419577268 NaN 0.003178467603"
General-4-20251226-16:19:21-135928,vector,AdhocNetwork1.host[13].rl,rlReward,,,"1 2 3 4 5 6 7 8 9 10 11 12 13 14 15 16 17 18 19 20 21 22 23 24 25 26 27 28 29 30 31 32 33 34 35 36 37 38 39 40 41 42 43 44 45 46 47 48 49 50","0.33333333333333 0 0.049925558260134 0.060332835135763 0 0.038599851103842 0 0.010923877085679 0.04392506865175 0 0 0.086369243579631 0.099544950825006 0.087025089269676 0.3583875428706 0.38771492269119 0.37375148336625 0.3940398365869 0.35813756175178 0.39209056465723 0.40194561893733 0.35151426108309 0.40029021704101 0.40988438154343 0.39622347107894 0.38680937175207 0.34381689538835 0.39979554819084 0.36890213474765 0.39162243264497 0.39276522862358 0.33131668659065 0.37603183579515 0.38256801466019 0.40356241377888 0.36417551222355 0.37331055810057 0.38221151699891 0.40549999975052 0.37957353836379 0.11579861425123 0.36318899411605 0.39261642717997 0.40117903454338 0.41360834310345 0.10869476636314 0.37556076447529 0.40257344090449 0.40485764354595 0.38727504526127"
General-4-20251226-16:19:21-135928,vector,AdhocNetwork1.host[14].app[1],e2eDelayPeriodicSec,,,"1 2 3 4 5 6 7 8 9 10 11 12 13 14 15 16 17 18 19 20 21 22 23 24 25 26 27 28 29 30 31 32 33 34 35 36 37 38 39 40 41 42 43 44 45 46 47 48 49 50","NaN 0.024423441325 0.024423441325 0.024423441325 NaN 0.010464963 0.010464963 0.010464963 NaN 0.008058433278 0.008058433278 0.008058433278 0.007640441593 0.007640441593 0.007640441593 NaN NaN 0.005922972295 0.005922972295 0.005922972295 NaN 0.004945819209 0.004945819209 0.004945819209 NaN 0.00491164275 0.00491164275 0.00491164275 NaN 0.007886061298 0.007886061298 0.007886061298 0.004250179875 0.004250179875 0.004250179875 NaN 0.005243543098 0.005243543098 0.005243543098 NaN NaN 0.006978887527 0.006978887527 0.006978887527 NaN 0.005375358448 0.005375358448 0.005375358448 NaN 0.004532966679"
General-4-20251226-16:19:21-135928,vector,AdhocNetwork1.host[14].rl,rlReward,,,"1 2 3 4 5 6 7 8 9 10 11 12 13 14 15 16 17 18 19 20 21 22 23 24 25 26 27 28 29 30 31 32 33 34 35 36 37 38 39 40 41 42 43 44 45 46 47 48 49 50","0.33333333333333 0 0.079048831917923 0.083281679948515 0.047743383883924 0.079342561273779 0.017253767610462 0.051551331284305 0.20566127422361 0.38401443336775 0.053939991801026 0.027387822450913 0.08869752726331 0.069989640312401 0.38003652981803 0.3624583206774 0.1752840985247 0.36020284380756 0.36998465018858 0.35121162715583 0.37349702630434 0.33051408061685 0.33475357059388 0.067048546838261 0.3762353461989 0.35139314899935 0.3288251674208 0.36472587829251 0.34509002117793 0.33829231816099 0.36337325191697 0.30958262147995 0.35971227889407 0.036392294935206 0.36107375993324 0.34741661978273 -0.16148626913177 0.33941234879373 0.37240687267319 0.34700468217167 0.35597423758628 0.30174589388144 0.35185417300706 0.33603731827662 0.36117176451315 0.32731783676618 0.025334576042557 0.34442460539294 0.32420598225283 0.34641534101088"
General-4-20251226-16:19:21-135928,vector,AdhocNetwork1.host[15].app[1],e2eDelayPeriodicSec,,,"1 2 3 4 5 6 7 8 9 10 11 12 13 14 15 16 17 18 19 20 21 22 23 24 25 26 27 28 29 30 31 32 33 34 35 36 37 38 39 40 41 42 43 44 45 46 47 48 49 50","NaN NaN NaN NaN NaN NaN NaN 0.006262274929 0.006262274929 0.006262274929 0.004803993812 0.004803993812 0.004803993812 NaN NaN 0.004743945294 0.004743945294 0.004743945294 0.00496878142 0.00496878142 0.00496878142 0.005591343206 0.005591343206 0.005591343206 NaN 0.00632276673 0.00632276673 0.00632276673 0.004156745884 0.004156745884 0.004156745884 NaN 0.00559025815 0.00559025815 0.00559025815 NaN 0.005917152803 0.005917152803 0.005917152803 NaN NaN 0.004430631524 0.004430631524 0.004430631524 0.004991286766 0.004991286766 0.004991286766 0.004525586727 0.004525586727 0.004525586727"
General-4-20251226-16:19:21-135928,vector,AdhocNetwork1.host[15].rl,rlReward,,,"1 2 3 4 5 6 7 8 9 10 11 12 13 14 15 16 17 18 19 20 21 22 23 24 25 26 27 28 29 30 31 32 33 34 35 36 37 38 39 40 41 42 43 44 45 46 47 48 49 50","0.33333333333333 0 0.062704575966146 0.072173712966544 0.058840430844024 0.041138878741962 0.024409678770272 0.033309019630755 0.063347838025792 0.052008095373591 0.044401841867688 0.0051003892849131 0.067217285823814 0.041336619119833 0.18523083304777 0.042163174085831 0.011276314224118 0.17202288085593 0.12591552780965 0.17845741453943 0.18166538562678 0.12579406518274 0.11609044125555 0.18678234355427 0.20100470632083 0.15317621023124 0.1 0.20923808699089 0.20625712069387 0.17912721267596 0.20703592817978 0.12701312351648 0.18797067112156 0.16799719694681 -0.11921213697958 0.17506517929676 0.32847288859836 0.17047232732837 0.22614732676748 0.21075869369233 0.2065148894947 0.11277734747577 0.19477113392867 0.20765028697715 0.20714909331237 0.15784303492455 0.14844905942595 0.18795886438911 0.17528821480491 0.2014935447531"
General-4-20251226-16:19:21-135928,vector,AdhocNetwork1.host[16].app[1],e2eDelayPeriodicSec,,,"1 2 3 4 5 6 7 8 9 10 11 12 13 14 15 16 17 18 19 20 21 22 23 24 25 26 27 28 29 30 31 32 33 34 35 36 37 38 39 40 41 42 43 44 45 46 47 48 49 50","NaN 0.025711689343 0.025711689343 0.025711689343 0.008179719167 0.008179719167 0.008179719167 NaN 0.008121570728 0.008121570728 0.008121570728 NaN NaN 0.009240501491 0.009240501491 0.009240501491 NaN NaN 0.008768046888 0.008768046888 0.008768046888 NaN 0.00862788135 0.00862788135 0.00862788135 0.008433506734 0.008433506734 0.008433506734 NaN NaN NaN NaN NaN NaN NaN NaN NaN NaN NaN NaN NaN NaN NaN NaN NaN NaN NaN NaN NaN NaN"
General-4-20251226-16:19:21-135928,vector,AdhocNetwork1.host[16].rl,rlReward,,,"1 2 3 4 5 6 7 8 9 10 11 12 13 14 15 16 17 18 19 20 21 22 23 24 25 26 27 28 29 30 31 32 33 34 35 36 37 38 39 40 41 42 43 44 45 46 47 48 49 50","0.33333333333333 0 0.10069001344449 0.1179315198203 0.097716901548135 -0.58527890842636 -0.60371870820446 -0.60804856290027 -0.61587777125609 -0.40643431833191 -0.56100782054392 0.72494367771424 0.10060779466033 0.028008468150186 0.065070302990628 0.25357227137532 0.077947793712985 -0.15518495362285 0.24425863543005 0.39460518548653 0.10954319517849 0.18854983661424 0.17842274143437 0.27175176484326 0.28141312051903 0.25398147641273 0.19478890906365 0.24737987062829 -0.33056218317715 -0.33406947580486 -0.34268101106496 0.17693949089851 0.65677199934261 0.25260575210198 0.24743486327948 0.25537807380204 0.23144083556983 0.22297964193799 0.27391468623933 0.26068928253844 0.26814132390706 0.19587268622936 0.25606835835354 0.27024918683145 0.27706278531547 0.26823655404438 0.20874755066504 0.21377632805208 0.2752314467311 0.28595884083956"
General-4-20251226-16:19:21-135928,vector,AdhocNetwork1.host[17].app[1],e2eDelayPeriodicSec,,,"1 2 3 4 5 6 7 8 9 10 11 12 13 14 15 16 17 18 19 20 21 22 23 24 25 26 27 28 29 30 31 32 33 34 35 36 37 38 39 40 41 42 43 44 45 46 47 48 49 50","NaN 0.011941797669 0.011941797669 0.011941797669 NaN 0.00243706927 0.00243706927 0.00243706927 NaN 0.002916307638 0.002916307638 0.002916307638 NaN NaN 0.002675508981 0.002675508981 0.002675508981 0.002495074696 0.002495074696 0.002495074696 NaN 0.002974772151 0.002974772151 0.002974772151 0.003034799864 0.003034799864 0.003034799864 NaN 0.00253513068 0.00253513068 0.00253513068 0.002855574558 0.002855574558 0.002855574558 NaN 0.002876187465 0.002876187465 0.002876187465 NaN 0.002656956314 0.002656956314 0.002656956314 0.002457623462 0.002457623462 0.002457623462 NaN 0.003874477358 0.003874477358 0.003874477358 NaN"
General-4-20251226-16:19:21-135928,vector,AdhocNetwork1.host[17].rl,rlReward,,,"1 2 3 4 5 6 7 8 9 10 11 12 13 14 15 16 17 18 19 20 21 22 23 24 25 26 27 28 29 30 31 32 33 34 35 36 37 38 39 40 41 42 43 44 45 46 47 48 49 50","0.33333333333333 0 0.059847143553317 0.085302869103748 0.070203935978347 0.058740447671152 -0.19243692932508 0.0021321673753192 0.066422638101605 -0.62195769944835 0 0.025317140724522 0.067162207943836 0.36249980852327 0.33742510534355 0.36294030017703 0.34675651219556 0.33821999139529 0.34925236808209 0.07917444529383 0.37462910472294 0.31226296978003 0.13485464484126 0.363140052784 0.3767981612508 0.35239249538348 0.32500769303514 0.34388673043466 -0.64203693591925 -0.62099737764707 -0.62902253591147 0.3 0.38409974393966 -0.6143485927274 -0.62692081396279 -0.61725281992441 -0.63295324438562 -0.64235641516334 -0.63465806163654 -0.62112179427939 -0.6194195807131 0.34820884111287 0.37485606489165 0.092284529742422 0.37575381404383 0.38864799490131 -0.10431906965583 0.35532601815881 0.39649587775618 0.40220280907529"
General-4-20251226-16:19:21-135928,vector,AdhocNetwork1.host[18].app[1],e2eDelayPeriodicSec,,,"1 2 3 4 5 6 7 8 9 10 11 12 13 14 15 16 17 18 19 20 21 22 23 24 25 26 27 28 29 30 31 32 33 34 35 36 37 38 39 40 41 42 43 44 45 46 47 48 49 50","NaN 0.007764450988 0.007764450988 0.007764450988 0.005029504324 0.005029504324 0.005029504324 NaN NaN 0.005954807271 0.005954807271 0.005954807271 0.004276382215 0.004276382215 0.004276382215 NaN NaN 0.002078964063 0.002078964063 0.002078964063 NaN NaN 0.002638350027 0.002638350027 0.002638350027 0.002258061407 0.002258061407 0.002258061407 NaN NaN 0.002697987645 0.002697987645 0.002697987645 NaN NaN NaN NaN NaN 0.00875722569 0.00875722569 0.00875722569 NaN 0.002278981939 0.002278981939 0.002278981939 NaN NaN 0.002999721029 0.002999721029 0.002999721029"
General-4-20251226-16:19:21-135928,vector,AdhocNetwork1.host[18].rl,rlReward,,,"1 2 3 4 5 6 7 8 9 10 11 12 13 14 15 16 17 18 19 20 21 22 23 24 25 26 27 28 29 30 31 32 33 34 35 36 37 38 39 40 41 42 43 44 45 46 47 48 49 50","0.33333333333333 0 0.19722192639814 0.069364186727089 0.010844726670285 0.060629754509762 0.3 0.3527489523226 0.035353274123086 0.0060032438830426 0.0082116631928748 0.013689091670746 0.048841360949949 0.01463010281072 0.032878698790908 0.16327168046031 0.12894638460731 0.30325219993466 0.30311141412493 0.1 0.18358813445049 0.1 0.20448105392764 0.26389317909596 0.24823092458738 0.18725939596137 0.17648668009252 0.1788710326505 0.17819312733379 0.21628537547076 0.23862659046121 0.1 0.22714808736389 0.23375450807635 0.25862618695777 0.24918192196958 0.34654198579713 0.16955683621476 0.38562389571298 0.35813982104916 0.38224733272179 0.0084470930723096 0.24494632623774 0.19734258016789 0.40591884578181 0.32996673935015 0.20265944895609 0.21004039958211 0.22101159652792 0.23340066034579"
General-4-20251226-16:19:21-135928,vector,AdhocNetwork1.host[19].app[1],e2eDelayPeriodicSec,,,"1 2 3 4 5 6 7 8 9 10 11 12 13 14 15 16 17 18 19 20 21 22 23 24 25 26 27 28 29 30 31 32 33 34 35 36 37 38 39 40 41 42 43 44 45 46 47 48 49 50","NaN NaN NaN NaN NaN NaN NaN NaN NaN NaN 0.013677990376 0.013677990376 0.013677990376 NaN 0.011480371958 0.011480371958 0.011480371958 NaN 0.012730872781 0.012730872781 0.012730872781 NaN 0.057765148994 0.057765148994 0.057765148994 NaN 0.010620592837 0.010620592837 0.010620592837 0.008805327594 0.008805327594 0.008805327594 NaN 0.010181797919 0.010181797919 0.010181797919 NaN NaN 0.007322439999 0.007322439999 0.007322439999 0.050610938821 0.050610938821 0.050610938821 0.007427063652 0.007427063652 0.007427063652 NaN NaN 0.006045093963"
General-4-20251226-16:19:21-135928,vector,AdhocNetwork1.host[19].rl,rlReward,,,"1 2 3 4 5 6 7 8 9 10 11 12 13 14 15 16 17 18 19 20 21 22 23 24 25 26 27 28 29 30 31 32 33 34 35 36 37 38 39 40 41 42 43 44 45 46 47 48 49 50","0.33333333333333 0 0.067192055949163 0.062868654999667 0.052364760808297 0.062998561111733 0.011335932165912 0.10122125118189 0.065488218143925 0.049042741637978 0 0.0047448127662384 -0.11788740075816 0.18949935664622 0.061253218611227 0.030218110942631 0.0071736001826587 -0.59863475726634 -0.4936666388312 -0.59787068088014 -0.63637309306099 0.010532961593218 0.16293260185736 -0.11249701579201 0.07589389974833 0.18780956656042 0.1243607412174 0.055539770089856 0.17971452725663 0.20486455144942 0.17071283755238 0 0.1944337744229 0.15389778877487 0.21324860995746 0.18448410340752 0.0070473941318625 0.19655719141455 0.19188605857277 0.16947770297017 0.19880018841497 0.1 0.19698262686357 0.18932696494524 0.2174087432295 0.1307327058163 0.12265859022044 0.36487592339135 0.15804612906151 0.18116077855444"
General-4-20251226-16:19:21-135928,vector,AdhocNetwork1.host[20].app[1],e2eDelayPeriodicSec,,,"1 2 3 4 5 6 7 8 9 10 11 12 13 14 15 16 17 18 19 20 21 22 23 24 25 26 27 28 29 30 31 32 33 34 35 36 37 38 39 40 41 42 43 44 45 46 47 48 49 50","NaN NaN NaN NaN NaN NaN NaN 0.016693280321 0.016693280321 0.016693280321 0.010380533902 0.010380533902 0.010380533902 0.010295607124 0.010295607124 0.010295607124 NaN NaN 0.009662288698 0.009662288698 0.009662288698 0.012430120635 0.012430120635 0.012430120635 NaN NaN NaN NaN 0.01203752484 0.01203752484 0.01203752484 0.009703244067 0.009703244067 0.009703244067 NaN NaN NaN NaN 0.007500177703 0.007500177703 0.007500177703 NaN 0.007502365862 0.007502365862 0.007502365862 NaN NaN 0.005845332721 0.005845332721 0.005845332721"
General-4-20251226-16:19:21-135928,vector,AdhocNetwork1.host[20].rl,rlReward,,,"1 2 3 4 5 6 7 8 9 10 11 12 13 14 15 16 17 18 19 20 21 22 23 24 25 26 27 28 29 30 31 32 33 34 35 36 37 38 39 40 41 42 43 44 45 46 47 48 49 50","0.33333333333333 0 0.071802954394622 0.74998549438906 0.083149157208924 0.079838770131422 0.013116386841439 0.046917510955615 -0.59230750207822 -0.60470701969793 -0.66666666666667 0.033509830665895 0.045107593080272 0.040607048295808 0.13281978035979 0.059296632396938 0.068667664466618 0.14572284462394 0.19613275384505 0.24827357955682 0.25129380632816 0.1475501151434 0.16825872844495 0.20588302671709 0.25548377710273 0.21286755253415 0.15396926832587 0.21765265371355 0.1889475107164 0.26677138256908 0.22797794090531 0.1579395656728 0.21179874305267 0.23420094359428 0.25621907350063 0.21677289271012 -0.10316583303809 0.22163928780903 0.23075987020734 0.20638101860491 0.23825060351445 0.1293269091848 0.24165502267631 0.19177226056197 0.2537694304172 0.20280464499959 0.15245575788667 0.2080264123304 0.21767434764165 0.24266732483499"
General-4-20251226-16:19:21-135928,vector,AdhocNetwork1.host[21].app[1],e2eDelayPeriodicSec,,,"1 2 3 4 5 6 7 8 9 10 11 12 13 14 15 16 17 18 19 20 21 22 23 24 25 26 27 28 29 30 31 32 33 34 35 36 37 38 39 40 41 42 43 44 45 46 47 48 49 50","NaN NaN NaN NaN NaN NaN NaN NaN NaN NaN 0.017858196329 0.017858196329 0.017858196329 NaN 0.008714734472 0.008714734472 0.008714734472 NaN NaN 0.013110984204 0.013110984204 0.013110984204 NaN NaN NaN NaN NaN NaN 0.007587249787 0.007587249787 0.007587249787 NaN 0.007249385778 0.007249385778 0.007249385778 NaN NaN NaN NaN NaN NaN NaN NaN NaN NaN 0.007785611128 0.007785611128 0.007785611128 0.005012690777 0.005012690777"
General-4-20251226-16:19:21-135928,vector,AdhocNetwork1.host[21].rl,rlReward,,,"1 2 3 4 5 6 7 8 9 10 11 12 13 14 15 16 17 18 19 20 21 22 23 24 25 26 27 28 29 30 31 32 33 34 35 36 37 38 39 40 41 42 43 44 45 46 47 48 49 50","0.33333333333333 0 0.070447330169789 0.095243417517257 0.064246677939254 0.081338853918947 0.040401328071315 0.074580443005995 0.085200678435803 0.085048700057045 0.021649320847595 0.056661532872393 0.074869978228107 0.055992366927385 0.061798969917071 0.091718013836842 0.054915348717164 0.057165977456583 0.093154417295103 0.064347794810278 0.086063087148359 0.17172344761558 0.068472235685068 0.079511591809735 0.090789986032599 0.063420146251423 0.1770460812607 0.22549534806572 0.21068484109172 0.16942418025686 0.22916989899951 0.1601097311436 0.19377340524614 0.20422582790219 0.23175138095972 0.20909762292958 0.16593590371902 0.18426789304605 0.23253418042603 0.22050203360847 0.20563177360189 0.15375187634737 0.20539713768372 0.2189638276033 0.2255475983797 0.039672827995377 0.15504536962657 0.2092868215684 -0.39909552563929 -0.40286568467479"
General-4-20251226-16:19:21-135928,vector,AdhocNetwork1.host[22].app[1],e2eDelayPeriodicSec,,,"1 2 3 4 5 6 7 8 9 10 11 12 13 14 15 16 17 18 19 20 21 22 23 24 25 26 27 28 29 30 31 32 33 34 35 36 37 38 39 40 41 42 43 44 45 46 47 48 49 50","NaN NaN NaN NaN NaN NaN NaN NaN NaN NaN 0.036551284544 0.036551284544 0.036551284544 NaN 0.011160685414 0.011160685414 0.011160685414 0.009952799383 0.009952799383 0.009952799383 NaN NaN 0.00888452774 0.00888452774 0.00888452774 NaN 0.012928157057 0.012928157057 0.012928157057 NaN 0.013007566065 0.013007566065 0.013007566065 NaN NaN NaN NaN 0.012213249339 0.012213249339 0.012213249339 NaN 0.011902491607 0.011902491607 0.011902491607 NaN 0.008060272023 0.008060272023 0.008060272023 NaN 0.00841626891"
General-4-20251226-16:19:21-135928,vector,AdhocNetwork1.host[22].rl,rlReward,,,"1 2 3 4 5 6 7 8 9 10 11 12 13 14 15 16 17 18 19 20 21 22 23 24 25 26 27 28 29 30 31 32 33 34 35 36 37 38 39 40 41 42 43 44 45 46 47 48 49 50","0.33333333333333 0 0.077383028398888 0.22453943889548 0.028006139768594 0.075080638922085 0.040019073143652 0.046008931684999 0.078226984388911 0.083151736381254 0.13565528309433 0.035840998274899 0.083124638881843 0.056515720180232 0.055782387848781 0.068337667776982 0.1 0.16772310125325 -0.10420589667903 0.20850238724155 0.20489880019369 0.1450404046739 0.14963871195921 0.2142712089018 0.22583290380259 0.18660946946733 0.15091035729535 0.17871134628116 0.18952842064616 0.21025855305217 0.21401408335599 0.10787688137183 0.20320148721966 0.19451374978521 0.2021036509232 0.19388956336871 0.11792462399523 0.16280500727792 0.22735512290591 0.19445029552256 0.18961411377033 0.10010418812021 0.16917758213363 -0.13396205569636 0.20048007233629 0.12178750904093 0.12190453122819 0.16851542290136 0.035026418513759 0.1709682153851"
General-4-20251226-16:19:21-135928,vector,AdhocNetwork1.host[23].app[1],e2eDelayPeriodicSec,,,"1 2 3 4 5 6 7 8 9 10 11 12 13 14 15 16 17 18 19 20 21 22 23 24 25 26 27 28 29 30 31 32 33 34 35 36 37 38 39 40 41 42 43 44 45 46 47 48 49 50","NaN 0.029325679634 0.029325679634 0.029325679634 0.002837401819 0.002837401819 0.002837401819 0.002616840846 0.002616840846 0.002616840846 NaN 0.002596246871 0.002596246871 0.002596246871 NaN 0.00311994025 0.00311994025 0.00311994025 NaN NaN 0.002992320793 0.002992320793 0.002992320793 NaN 0.002596188217 0.002596188217 0.002596188217 NaN NaN 0.003156874105 0.003156874105 0.003156874105 NaN 0.002457645753 0.002457645753 0.002457645753 0.003178319035 0.003178319035 0.003178319035 NaN NaN 0.003338960574 0.003338960574 0.003338960574 0.002758716351 0.002758716351 0.002758716351 NaN NaN 0.002678486681"
General-4-20251226-16:19:21-135928,vector,AdhocNetwork1.host[23].rl,rlReward,,,"1 2 3 4 5 6 7 8 9 10 11 12 13 14 15 16 17 18 19 20 21 22 23 24 25 26 27 28 29 30 31 32 33 34 35 36 37 38 39 40 41 42 43 44 45 46 47 48 49 50","0.33333333333333 0 0.10622536660173 0.12085608873937 -0.58321867982957 -0.57100769960699 -0.60744299887706 -0.59663126749428 -0.35441730792038 -0.46322402552586 -0.5864196980728 0.21761804285572 -0.07850895601936 0.38160748860582 0.25593318536315 0.10336628077057 0.21089772641628 0.24091770580367 0.2552506051628 0.27465009441152 0.24596596673228 0.22071465164746 0.24524220272637 -0.051667453278382 0.27785574191413 0.23963601904077 0.22468676246166 0.28526311860703 0.27805786773166 0.24535476040899 -0.050557694266042 0.20476550590299 0.26317594838782 -0.34586743037205 -0.55062812428344 -0.35359782668685 -0.37178406727369 -0.35233012814409 -0.32102930422172 -0.31748384064643 -0.59870185550543 -0.37088094999686 -0.35392935230325 -0.55179788423019 -0.34555202687479 -0.60956540603985 -0.59534264734385 -0.37866688128174 -0.35564477135468 -0.35685229266406"
General-4-20251226-16:19:21-135928,vector,AdhocNetwork1.host[24].app[1],e2eDelayPeriodicSec,,,"1 2 3 4 5 6 7 8 9 10 11 12 13 14 15 16 17 18 19 20 21 22 23 24 25 26 27 28 29 30 31 32 33 34 35 36 37 38 39 40 41 42 43 44 45 46 47 48 49 50","NaN NaN NaN NaN 0.02218906303 0.02218906303 0.02218906303 NaN 0.004455294753 0.004455294753 0.004455294753 NaN 0.005255867627 0.005255867627 0.005255867627 NaN NaN 0.004796709131 0.004796709131 0.004796709131 0.004831490112 0.004831490112 0.004831490112 NaN 0.004905330714 0.004905330714 0.004905330714 NaN NaN 0.004732597382 0.004732597382 0.004732597382 0.005231460237 0.005231460237 0.005231460237 0.005960246619 0.005960246619 0.005960246619 NaN NaN NaN NaN 0.003140510784 0.003140510784 0.003140510784 0.003440042229 0.003440042229 0.003440042229 0.002619581523 0.002619581523"
General-4-20251226-16:19:21-135928,vector,AdhocNetwork1.host[24].rl,rlReward,,,"1 2 3 4 5 6 7 8 9 10 11 12 13 14 15 16 17 18 19 20 21 22 23 24 25 26 27 28 29 30 31 32 33 34 35 36 37 38 39 40 41 42 43 44 45 46 47 48 49 50","0.33333333333333 0 0.029230346082497 0.037960337350704 0.3 0.34743962909938 0.31416191821644 0.33963004750046 0.33401581447395 0.34866316498018 0.34122192409403 0.31564523622186 0.039784800111899 0.024551306969432 0.69432619406527 0.035739531022407 0.0095406196636905 0.0095316652916183 0.044327300193749 0.042634923945625 0.051996344506455 0 0.059066003479259 0.073498263825621 0.071319948127516 0.046165129597812 0.022670122169532 0.064513834903181 0.06955331124246 0.04899402987138 0.060004475790544 -0.17540468791505 0.042215372175597 0.06663971566615 0.065975084762459 0.049999328689432 0.035368855713449 0.35343141572101 0.06178131670005 0.070384460823132 0.064173699192633 0.022311096351947 0.038891255121842 0.059299418386716 0.34963180113868 0.19194382690047 0.30750541605214 0.33794889887599 0.36110017830881 0.33876409630637"
