rep,host,t,rlReward
0,0,5000.0,-0.61798074366401
0,0,6000.0,-0.57899549908808
0,0,7000.0,-0.60798061579209
0,0,8000.0,-0.62873945556016
0,0,9000.0,-0.37577754893726
0,0,10000.0,-0.49580630347552
0,0,11000.0,-0.60844076412005
0,0,12000.0,0.18064063935668
0,0,13000.0,-0.10154715145456
0,0,14000.0,0.095617469406911
0,0,15000.0,0.22194871902881
0,0,16000.0,0.37598443913623
0,0,17000.0,-0.13991793804446
0,0,18000.0,0.23764219701221
0,0,19000.0,0.24151058808227
0,0,20000.0,0.20263179859497
0,0,21000.0,-0.37598301550983
0,0,22000.0,0.047995833799512
0,0,23000.0,-0.10443593519614
0,0,24000.0,0.16459230421047
0,0,25000.0,0.23146430968845
0,0,26000.0,0.22555832857572
0,0,27000.0,0.34646567573619
0,0,28000.0,0.34309890993309
0,0,29000.0,0.38488453512399
0,0,30000.0,0.23944861271217
0,0,31000.0,0.23208152123163
0,0,32000.0,0.18689529308927
0,0,33000.0,0.22717262296905
0,0,34000.0,-0.097003797779497
0,0,35000.0,0.22081973126388
0,0,36000.0,0.2387353221571
0,0,37000.0,0.16977893428918
0,0,38000.0,0.23069152355199
0,0,39000.0,0.21094395454965
0,0,40000.0,0.23487914445236
0,0,41000.0,0.23677969968417
0,0,42000.0,0.16497379383493
0,0,43000.0,0.19776204413128
0,0,44000.0,0.24423513536185
0,0,45000.0,0.24187384593295
0,0,46000.0,0.21657643623037
0,0,47000.0,0.1337191472889
0,0,48000.0,0.20775108132698
0,0,49000.0,0.20669505302636
0,0,50000.0,0.58681822323101
0,1,5000.0,0.051884251244574
0,1,6000.0,0.070551197628081
0,1,7000.0,0.01778638524165
0,1,8000.0,0.066865893312097
0,1,9000.0,0.056058440873064
0,1,10000.0,0.063215698710864
0,1,11000.0,0.075617622450685
0,1,12000.0,0.031824093771219
0,1,13000.0,0.044481977037888
0,1,14000.0,0.37371705238708
0,1,15000.0,0.08464474315031
0,1,16000.0,0.070541067227003
0,1,17000.0,0.047901915613432
0,1,18000.0,0.052045849212489
0,1,19000.0,0.36491065033717
0,1,20000.0,0.37417488189737
0,1,21000.0,0.37378679136626
0,1,22000.0,0.31485300122821
0,1,23000.0,0.36208885868053
0,1,24000.0,0.36149337636675
0,1,25000.0,0.36621020099619
0,1,26000.0,0.35299153517815
0,1,27000.0,0.34775612857665
0,1,28000.0,0.35160996579156
0,1,29000.0,0.3754687330974
0,1,30000.0,0.20361931314524
0,1,31000.0,0.066909358559863
0,1,32000.0,0.05664449774801
0,1,33000.0,-0.10790494969402
0,1,34000.0,0.064689714808384
0,1,35000.0,0.085560525266369
0,1,36000.0,0.08250892338868
0,1,37000.0,0.047332724514895
0,1,38000.0,0.07681703494523
0,1,39000.0,0.067663860124766
0,1,40000.0,0.084674440867726
0,1,41000.0,0.084496488944001
0,1,42000.0,0.026062220947171
0,1,43000.0,0.073758568671283
0,1,44000.0,0.09027077586367
0,1,45000.0,0.086857941435272
0,1,46000.0,0.1946919062759
0,1,47000.0,0.16383370370922
0,1,48000.0,0.2124976548473
0,1,49000.0,0.19582233036539
0,1,50000.0,0.22169724459801
0,2,5000.0,0.37186695496595
0,2,6000.0,0.43619074512278
0,2,7000.0,0.3669233743829
0,2,8000.0,0.44563641929155
0,2,9000.0,0.42349564153882
0,2,10000.0,0.40621603273483
0,2,11000.0,0.42420253842598
0,2,12000.0,0.4033148208219
0,2,13000.0,0.41246386737773
0,2,14000.0,-0.033538491127223
0,2,15000.0,0.14374683180923
0,2,16000.0,0.4179749394287
0,2,17000.0,0.11709894199613
0,2,18000.0,0.13688955097481
0,2,19000.0,0.13315752909564
0,2,20000.0,0.16413669642794
0,2,21000.0,0.16874844511954
0,2,22000.0,0.087570518329907
0,2,23000.0,0.15014349342217
0,2,24000.0,0.12796846091295
0,2,25000.0,0.1664458703694
0,2,26000.0,0.13713894000236
0,2,27000.0,0.13794558820314
0,2,28000.0,0.12622284931199
0,2,29000.0,0.15493455844223
0,2,30000.0,0.17030717923708
0,2,31000.0,0.15131848826045
0,2,32000.0,-0.58647812045852
0,2,33000.0,-0.56382717311991
0,2,34000.0,-0.56132709096533
0,2,35000.0,-0.50926733100344
0,2,36000.0,-0.49940259992636
0,2,37000.0,-0.54611846189489
0,2,38000.0,-0.52295112953203
0,2,39000.0,-0.16035964682773
0,2,40000.0,-0.56410116577604
0,2,41000.0,-0.54677052529464
0,2,42000.0,0.41485598313569
0,2,43000.0,0.44243100365378
0,2,44000.0,0.45272209085667
0,2,45000.0,0.44223481356289
0,2,46000.0,0.4368251391308
0,2,47000.0,0.43778424786895
0,2,48000.0,0.45084958363748
0,2,49000.0,0.43476037994966
0,2,50000.0,0.44356444426352
0,4,5000.0,0.050795239165145
0,4,6000.0,0.11776074925956
0,4,7000.0,0.0039568245794064
0,4,8000.0,-0.032682478617477
0,4,9000.0,0.10161334802997
0,4,10000.0,0.10780039905748
0,4,11000.0,-0.03869730742181
0,4,12000.0,0.09584433677985
0,4,13000.0,0.091752968137074
0,4,14000.0,0.09323320560361
0,4,15000.0,0.1224941005618
0,4,16000.0,-0.54552446101601
0,4,17000.0,-0.58182082825774
0,4,18000.0,-0.5612698301638
0,4,19000.0,-0.55411438211534
0,4,20000.0,-0.54402837175253
0,4,21000.0,-0.34885172595556
0,4,22000.0,0.39156989053667
0,4,23000.0,0.42788521096644
0,4,24000.0,0.40776337916592
0,4,25000.0,0.41420661531681
0,4,26000.0,0.40786508139139
0,4,27000.0,0.38123076634986
0,4,28000.0,0.38566767812138
0,4,29000.0,0.40293756500179
0,4,30000.0,0.39082778282845
0,4,31000.0,0.40971257066019
0,4,32000.0,0.07332642674784
0,4,33000.0,0.41474193491763
0,4,34000.0,0.38206475045044
0,4,35000.0,0.41242537255329
0,4,36000.0,0.40046666804664
0,4,37000.0,0.35291106289251
0,4,38000.0,0.40647695461182
0,4,39000.0,0.38705929826327
0,4,40000.0,0.40262675602917
0,4,41000.0,0.38822053514038
0,4,42000.0,0.37800492087793
0,4,43000.0,0.3766737825541
0,4,44000.0,0.398991757322
0,4,45000.0,0.42040148879045
0,4,46000.0,0.39825341812906
0,4,47000.0,0.37031780304524
0,4,48000.0,0.41377346729314
0,4,49000.0,0.42007207885768
0,4,50000.0,0.40769698410565
0,5,5000.0,0.068214029226355
0,5,6000.0,0.14934899066841
0,5,7000.0,0.1145617423369
0,5,8000.0,0.14847489274123
0,5,9000.0,0.1134890531964
0,5,10000.0,0.14726390503168
0,5,11000.0,0.12597996764386
0,5,12000.0,0.10266946040235
0,5,13000.0,0.10948288937941
0,5,14000.0,0.14302607522959
0,5,15000.0,0.12681959247415
0,5,16000.0,0.11241382091744
0,5,17000.0,0.26780249015648
0,5,18000.0,0.14302094348094
0,5,19000.0,0.15156845247737
0,5,20000.0,0.097550199289369
0,5,21000.0,0.14625706368686
0,5,22000.0,0.098343433611861
0,5,23000.0,0.12553951669987
0,5,24000.0,0.15332088361434
0,5,25000.0,0.12954298095968
0,5,26000.0,0.13541852546875
0,5,27000.0,0.12898809280285
0,5,28000.0,0.085285496397994
0,5,29000.0,0.1565255345748
0,5,30000.0,0.14751836422895
0,5,31000.0,0.14868144280492
0,5,32000.0,0.10829677910121
0,5,33000.0,0.14855384838013
0,5,34000.0,0.11743732436987
0,5,35000.0,0.13679608319744
0,5,36000.0,0.13988845343397
0,5,37000.0,0.12453970559505
0,5,38000.0,0.14927382106672
0,5,39000.0,0.11023334474575
0,5,40000.0,0.15532365429901
0,5,41000.0,0.15406890350811
0,5,42000.0,0.10207496502936
0,5,43000.0,0.10130216638775
0,5,44000.0,0.16051024515157
0,5,45000.0,0.15980132656222
0,5,46000.0,0.13498795710267
0,5,47000.0,0.10938819136471
0,5,48000.0,0.14011137821513
0,5,49000.0,0.11927218138366
0,5,50000.0,0.1323737203565
0,6,5000.0,0.34254712085974
0,6,6000.0,0.39131089084697
0,6,7000.0,0.31946450159956
0,6,8000.0,0.38835365295282
0,6,9000.0,0.23816899146733
0,6,10000.0,0.37554811217934
0,6,11000.0,0.37297466229398
0,6,12000.0,0.047645273006308
0,6,13000.0,0.073717289436929
0,6,14000.0,0.77176437645675
0,6,15000.0,0.097654938483308
0,6,16000.0,-0.64850393011198
0,6,17000.0,-0.62955180939064
0,6,18000.0,-0.62298202752107
0,6,19000.0,-0.60347572328541
0,6,20000.0,-0.47537453171139
0,6,21000.0,-0.56552463635064
0,6,22000.0,0.07076412121772
0,6,23000.0,0.060603205398775
0,6,24000.0,0.10118449648576
0,6,25000.0,0.098428176657068
0,6,26000.0,0.098993507541591
0,6,27000.0,0.32103946566866
0,6,28000.0,0.37235439080235
0,6,29000.0,0.38442380706513
0,6,30000.0,0.38705538252014
0,6,31000.0,0.088477379907316
0,6,32000.0,-0.63401283628491
0,6,33000.0,-0.57432176882263
0,6,34000.0,-0.39719272076876
0,6,35000.0,-0.58487682377894
0,6,36000.0,-0.61094525712653
0,6,37000.0,-0.66566649989906
0,6,38000.0,-0.60152710115818
0,6,39000.0,0.087646193106211
0,6,40000.0,-0.61022514590129
0,6,41000.0,-0.62011994038872
0,6,42000.0,-0.15686127231353
0,6,43000.0,0.066826711042829
0,6,44000.0,-0.10171364265665
0,6,45000.0,0.089570441422023
0,6,46000.0,0.068547917984718
0,6,47000.0,0.35309850426152
0,6,48000.0,-0.094235880994747
0,6,49000.0,0.20175756859793
0,6,50000.0,0.068155548270874
0,7,5000.0,-0.0075616236168879
0,7,6000.0,-0.61563493234965
0,7,7000.0,-0.64039806411051
0,7,8000.0,-0.65791630996359
0,7,9000.0,-0.54171808118137
0,7,10000.0,-0.60410233702392
0,7,11000.0,-0.39716383763903
0,7,12000.0,0.014913119316222
0,7,13000.0,0.17804729519455
0,7,14000.0,0.20071512915053
0,7,15000.0,0.071247674850037
0,7,16000.0,-0.12993009425907
0,7,17000.0,0.11391105302013
0,7,18000.0,0.34989844212883
0,7,19000.0,0.1974173136224
0,7,20000.0,0.19945092250833
0,7,21000.0,0.049417860514019
0,7,22000.0,0.12919304822821
0,7,23000.0,0.057919311192702
0,7,24000.0,0.16776541578443
0,7,25000.0,0.19970110701039
0,7,26000.0,0.17851216803834
0,7,27000.0,0.15448149762769
0,7,28000.0,-0.16867561964596
0,7,29000.0,0.20952131689809
0,7,30000.0,0.18319454445237
0,7,31000.0,0.18918302709773
0,7,32000.0,0.11696642063055
0,7,33000.0,0.064478838260565
0,7,34000.0,0.16518918865965
0,7,35000.0,0.19658614670708
0,7,36000.0,0.17020565212006
0,7,37000.0,0.1
0,7,38000.0,0.21328621105898
0,7,39000.0,0.1841577909766
0,7,40000.0,0.19831326173051
0,7,41000.0,0.078012033176935
0,7,42000.0,0.15670974153294
0,7,43000.0,0.17569953977093
0,7,44000.0,0.22838240743129
0,7,45000.0,0.22735391463433
0,7,46000.0,0.1856951407409
0,7,47000.0,0.036454259501027
0,7,48000.0,0.20974095447613
0,7,49000.0,0.20764844275694
0,7,50000.0,0.076441350054549
0,8,5000.0,0.12422984782084
0,8,6000.0,0.13642606116485
0,8,7000.0,0.095016225442842
0,8,8000.0,0.28213465318898
0,8,9000.0,0.11292054376709
0,8,10000.0,0.089152790275227
0,8,11000.0,0.127742470502
0,8,12000.0,0.095963478833775
0,8,13000.0,0.10019836825698
0,8,14000.0,0.089875240416488
0,8,15000.0,0.23289106942267
0,8,16000.0,0.2596941740903
0,8,17000.0,0.074658050231604
0,8,18000.0,0.11071042399928
0,8,19000.0,0.39666094291605
0,8,20000.0,0.10322823812866
0,8,21000.0,0.097832972116063
0,8,22000.0,0.081728975849856
0,8,23000.0,0.11932980980972
0,8,24000.0,0.098553631098052
0,8,25000.0,0.10536987315291
0,8,26000.0,0.11955504244968
0,8,27000.0,0.078792044149045
0,8,28000.0,0.055871516251219
0,8,29000.0,-0.05439871120093
0,8,30000.0,0.10650171937215
0,8,31000.0,0.1082136650999
0,8,32000.0,0.0030031789000288
0,8,33000.0,0.11655889558033
0,8,34000.0,0.085642362252663
0,8,35000.0,0.11718817607226
0,8,36000.0,0.098451741772403
0,8,37000.0,0.083332064516279
0,8,38000.0,0.10055068767624
0,8,39000.0,0.090517031665913
0,8,40000.0,0.1186760174922
0,8,41000.0,0.28618728115643
0,8,42000.0,0.072660880436379
0,8,43000.0,0.078184880671306
0,8,44000.0,0.12711755204906
0,8,45000.0,0.11879916407296
0,8,46000.0,0.10546076704891
0,8,47000.0,0.060522096986791
0,8,48000.0,0.11251822729698
0,8,49000.0,0.074386733158649
0,8,50000.0,0.088033444447075
0,9,5000.0,0.73224182441718
0,9,6000.0,0.16237811754669
0,9,7000.0,0.090788053059259
0,9,8000.0,0.17068920678168
0,9,9000.0,0.1585049580937
0,9,10000.0,0.11298752042384
0,9,11000.0,0.44631599822398
0,9,12000.0,0.13885740851927
0,9,13000.0,-0.04701921755194
0,9,14000.0,-0.52344058489084
0,9,15000.0,-0.51091832988488
0,9,16000.0,-0.52822172127121
0,9,17000.0,-0.28850949426272
0,9,18000.0,-0.2630924523324
0,9,19000.0,-0.52389023316974
0,9,20000.0,-0.50450854186364
0,9,21000.0,-0.50130597626597
0,9,22000.0,0.11652348657345
0,9,23000.0,0.16558716778697
0,9,24000.0,0.14676081741239
0,9,25000.0,0.16848935092926
0,9,26000.0,0.14954119218592
0,9,27000.0,0.087810959835971
0,9,28000.0,0.14486391228254
0,9,29000.0,0.12845029672172
0,9,30000.0,0.45087947251355
0,9,31000.0,0.4168856285891
0,9,32000.0,0.38575416186477
0,9,33000.0,0.44186396927481
0,9,34000.0,0.41900069683043
0,9,35000.0,-0.045515597946247
0,9,36000.0,0.34037740348709
0,9,37000.0,0.39854065820863
0,9,38000.0,0.40419484355552
0,9,39000.0,0.43641961736474
0,9,40000.0,0.40753123197272
0,9,41000.0,0.42444842993212
0,9,42000.0,0.40348354589862
0,9,43000.0,0.42100080877684
0,9,44000.0,0.43386839435408
0,9,45000.0,0.41865460711941
0,9,46000.0,0.40119648542334
0,9,47000.0,0.42053646614692
0,9,48000.0,0.44050252592376
0,9,49000.0,0.42016329924289
0,9,50000.0,-0.054952949437908
0,10,5000.0,0.079405783474071
0,10,6000.0,0.086419545871731
0,10,7000.0,0.043240686342539
0,10,8000.0,0.096203682778657
0,10,9000.0,0.36747092961341
0,10,10000.0,0.069490396270015
0,10,11000.0,0.10159373764142
0,10,12000.0,0.052684434258674
0,10,13000.0,0.089665437907543
0,10,14000.0,0.089210795805651
0,10,15000.0,0.10472715780649
0,10,16000.0,0.092707940845052
0,10,17000.0,0.059756103689515
0,10,18000.0,0.09070191981985
0,10,19000.0,0.084574680996017
0,10,20000.0,0.10482575477422
0,10,21000.0,0.089145982777153
0,10,22000.0,0.02761647334641
0,10,23000.0,0.050237565494508
0,10,24000.0,0.036153264749284
0,10,25000.0,0.36059230926876
0,10,26000.0,0.36249978089461
0,10,27000.0,0.3646700374809
0,10,28000.0,0.33638796903287
0,10,29000.0,0.39508658117412
0,10,30000.0,0.39203412102918
0,10,31000.0,0.37567886436731
0,10,32000.0,0.037827566164149
0,10,33000.0,0.38977998033588
0,10,34000.0,0.1816006076638
0,10,35000.0,0.39505332054033
0,10,36000.0,0.37990880240279
0,10,37000.0,0.35749781985164
0,10,38000.0,0.39180391860118
0,10,39000.0,0.37201617303724
0,10,40000.0,0.3857395946479
0,10,41000.0,0.39805807683541
0,10,42000.0,0.33076795656549
0,10,43000.0,0.36280182555821
0,10,44000.0,0.40338930421956
0,10,45000.0,0.40285429230738
0,10,46000.0,0.35580878555966
0,10,47000.0,0.36740707857756
0,10,48000.0,0.39791129958809
0,10,49000.0,0.39083795928305
0,10,50000.0,0.40031668841718
0,11,5000.0,0.14107888089384
0,11,6000.0,0.15257517691174
0,11,7000.0,0.060232147380698
0,11,8000.0,0.17275721587718
0,11,9000.0,0.1635524175834
0,11,10000.0,0.14386210367337
0,11,11000.0,0.16939886272698
0,11,12000.0,0.14691206174243
0,11,13000.0,0.15037110245931
0,11,14000.0,0.16642153258839
0,11,15000.0,0.17612104062917
0,11,16000.0,0.1681014561233
0,11,17000.0,0.1129502851083
0,11,18000.0,0.1694209197387
0,11,19000.0,0.16596467164946
0,11,20000.0,0.16017161339144
0,11,21000.0,0.15626707269028
0,11,22000.0,0.31912647358904
0,11,23000.0,0.17228132638939
0,11,24000.0,0.16125783677927
0,11,25000.0,0.16181948271651
0,11,26000.0,0.16660846061361
0,11,27000.0,0.141655986968
0,11,28000.0,0.12918834328411
0,11,29000.0,0.16962552463581
0,11,30000.0,0.0081787511063184
0,11,31000.0,0.16774374752606
0,11,32000.0,0.082762196258761
0,11,33000.0,0.15877914100335
0,11,34000.0,0.15236120128474
0,11,35000.0,0.1493220498621
0,11,36000.0,0.14027986506269
0,11,37000.0,0.10190622674426
0,11,38000.0,0.1583649364676
0,11,39000.0,0.13635226539422
0,11,40000.0,0.16393200025038
0,11,41000.0,0.16606666817876
0,11,42000.0,-0.051953261341396
0,11,43000.0,0.11705430270009
0,11,44000.0,0.15255942458558
0,11,45000.0,-0.028698120542727
0,11,46000.0,0.10726203336192
0,11,47000.0,0.10041717006228
0,11,48000.0,0.13820257520574
0,11,49000.0,0.41948463581661
0,11,50000.0,0.090442958004292
0,12,5000.0,0.027225182982564
0,12,6000.0,0.078178726770473
0,12,7000.0,0.031302829905863
0,12,8000.0,0.088816372569571
0,12,9000.0,-0.64874677322405
0,12,10000.0,-0.66067209731731
0,12,11000.0,-0.57851509594077
0,12,12000.0,0.042928149471821
0,12,13000.0,0.15203681393825
0,12,14000.0,0.18927192666727
0,12,15000.0,0.61150084558119
0,12,16000.0,0.17071588143488
0,12,17000.0,0.15660576437891
0,12,18000.0,0.17358128460236
0,12,19000.0,0.14300217918639
0,12,20000.0,0.20566573176992
0,12,21000.0,0.15856288327625
0,12,22000.0,0.17081043578087
0,12,23000.0,0.24242732847684
0,12,24000.0,0.16750142846551
0,12,25000.0,0.20530464836084
0,12,26000.0,0.22104940081015
0,12,27000.0,0.16274322471324
0,12,28000.0,0.16942863692454
0,12,29000.0,0.23506290560192
0,12,30000.0,0.21414577496684
0,12,31000.0,0.21994082934118
0,12,32000.0,0.1
0,12,33000.0,0.18174019134905
0,12,34000.0,0.2143597058689
0,12,35000.0,0.074318436209301
0,12,36000.0,0.16306068599369
0,12,37000.0,0.15281868055924
0,12,38000.0,0.21421272078057
0,12,39000.0,0.1705940476541
0,12,40000.0,0.21478282732065
0,12,41000.0,0.37823817842493
0,12,42000.0,0.14254745440207
0,12,43000.0,0.15275182084323
0,12,44000.0,0.22037825758494
0,12,45000.0,0.21376156068838
0,12,46000.0,0.20451981492165
0,12,47000.0,0.15882333475094
0,12,48000.0,0.056792592133762
0,12,49000.0,0.20641736069895
0,12,50000.0,0.072362371319299
0,13,5000.0,0.069673280650333
0,13,6000.0,0.11703392180833
0,13,7000.0,0.089504960625903
0,13,8000.0,0.1323223208793
0,13,9000.0,0.1224423981054
0,13,10000.0,0.11483376475512
0,13,11000.0,0.13836053393486
0,13,12000.0,0.10509199358427
0,13,13000.0,0.10774173252627
0,13,14000.0,0.12367245559601
0,13,15000.0,0.14185003317285
0,13,16000.0,0.12650618236468
0,13,17000.0,0.10082654109763
0,13,18000.0,0.13794769362929
0,13,19000.0,0.11142289196757
0,13,20000.0,0.13460712324303
0,13,21000.0,0.12128135256403
0,13,22000.0,0.095660141981197
0,13,23000.0,0.13305191138184
0,13,24000.0,0.12963677733882
0,13,25000.0,0.13883889317038
0,13,26000.0,0.13335859897941
0,13,27000.0,0.10575946526367
0,13,28000.0,0.12167740853053
0,13,29000.0,0.13451258870304
0,13,30000.0,0.12896271522359
0,13,31000.0,0.13424383817623
0,13,32000.0,0.080413803782866
0,13,33000.0,0.12957657804778
0,13,34000.0,0.11479801169715
0,13,35000.0,0.12291580235922
0,13,36000.0,0.29067316186466
0,13,37000.0,0.082170374585054
0,13,38000.0,0.12499224433312
0,13,39000.0,0.11965598670521
0,13,40000.0,0.1305898064853
0,13,41000.0,0.12311968186077
0,13,42000.0,0.098254389212929
0,13,43000.0,0.26003236656087
0,13,44000.0,0.12978606687283
0,13,45000.0,0.12842332800869
0,13,46000.0,0.11960459772644
0,13,47000.0,0.087153161746011
0,13,48000.0,0.12224979816225
0,13,49000.0,0.12201672856292
0,13,50000.0,0.10037822584
0,14,5000.0,0.061778090389679
0,14,6000.0,0.092683253249547
0,14,7000.0,0.1740109319029
0,14,8000.0,0.10752479398377
0,14,9000.0,-0.5915142683092
0,14,10000.0,-0.60925623769243
0,14,11000.0,-0.56062435799765
0,14,12000.0,0.06256105711995
0,14,13000.0,0.055021253553813
0,14,14000.0,0.031988049340452
0,14,15000.0,-0.60486009994214
0,14,16000.0,-0.58296195534615
0,14,17000.0,-0.44947562777104
0,14,18000.0,-0.59378850226569
0,14,19000.0,-0.3953463128874
0,14,20000.0,-0.66002929910576
0,14,21000.0,-0.51131570307016
0,14,22000.0,0.028162229103622
0,14,23000.0,0.10777286065879
0,14,24000.0,0.17727266869118
0,14,25000.0,0.078620699895919
0,14,26000.0,-0.13293098003258
0,14,27000.0,0.1006240642656
0,14,28000.0,0.0
0,14,29000.0,0.18365752553956
0,14,30000.0,0.39037248235934
0,14,31000.0,0.20674723926857
0,14,32000.0,0.0
0,14,33000.0,0.39809012777279
0,14,34000.0,-0.097369203268881
0,14,35000.0,0.075700219714664
0,14,36000.0,0.38516270763212
0,14,37000.0,-0.076331802002356
0,14,38000.0,0.40552767237779
0,14,39000.0,0.33603805845401
0,14,40000.0,0.14698101933108
0,14,41000.0,0.42527791133829
0,14,42000.0,0.37433802797128
0,14,43000.0,0.3504523478119
0,14,44000.0,0.41327932460752
0,14,45000.0,0.4204364223507
0,14,46000.0,0.40450758800593
0,14,47000.0,0.37358853892646
0,14,48000.0,0.40591087910561
0,14,49000.0,0.40818610880425
0,14,50000.0,0.38646457517783
0,15,5000.0,0.06096472739336
0,15,6000.0,0.064864889336419
0,15,7000.0,0.0
0,15,8000.0,0.10168102447867
0,15,9000.0,0.072540251214367
0,15,10000.0,0.083398746958916
0,15,11000.0,0.39763374967917
0,15,12000.0,0.073378032873365
0,15,13000.0,0.36013084347824
0,15,14000.0,0.40212831422639
0,15,15000.0,0.390866526861
0,15,16000.0,0.38372367403284
0,15,17000.0,0.36690770560865
0,15,18000.0,0.37352472007812
0,15,19000.0,0.38456197023119
0,15,20000.0,0.39347988021052
0,15,21000.0,0.39428250298626
0,15,22000.0,0.33465851767725
0,15,23000.0,0.38487869140064
0,15,24000.0,0.042666034086168
0,15,25000.0,0.38811145806099
0,15,26000.0,0.37930724100044
0,15,27000.0,0.3764273541617
0,15,28000.0,0.35072629600453
0,15,29000.0,0.4029329710115
0,15,30000.0,0.096268275232336
0,15,31000.0,0.37391686736489
0,15,32000.0,0.36496521438896
0,15,33000.0,0.39682264370258
0,15,34000.0,0.38313143894872
0,15,35000.0,0.40482548674085
0,15,36000.0,0.39708057837725
0,15,37000.0,0.36181225914439
0,15,38000.0,0.40305157624439
0,15,39000.0,0.39949453735154
0,15,40000.0,0.40466876930225
0,15,41000.0,0.40486168975729
0,15,42000.0,0.35394661208373
0,15,43000.0,0.39440732197413
0,15,44000.0,0.40855711025498
0,15,45000.0,0.40579370182188
0,15,46000.0,0.39244336678953
0,15,47000.0,0.37538914475949
0,15,48000.0,0.40370150701058
0,15,49000.0,0.3838207226085
0,15,50000.0,0.40642212388028
0,16,5000.0,0.023582630565431
0,16,6000.0,0.13202975265932
0,16,7000.0,0.063031471192057
0,16,8000.0,0.14369544240946
0,16,9000.0,0.13419036770573
0,16,10000.0,0.11870253672541
0,16,11000.0,0.14025459749926
0,16,12000.0,0.10065720348983
0,16,13000.0,0.10765268344246
0,16,14000.0,0.11431291280497
0,16,15000.0,0.29072295051265
0,16,16000.0,0.11461371668027
0,16,17000.0,0.089839808891915
0,16,18000.0,-0.050578294841066
0,16,19000.0,0.12808094192764
0,16,20000.0,0.41801266450657
0,16,21000.0,0.13436570344141
0,16,22000.0,-0.11651857357383
0,16,23000.0,0.13577586080808
0,16,24000.0,0.14218197722256
0,16,25000.0,0.13815306166265
0,16,26000.0,0.42423100889392
0,16,27000.0,0.073536183381263
0,16,28000.0,0.10938684375593
0,16,29000.0,0.11826392457933
0,16,30000.0,0.1451393907008
0,16,31000.0,0.12570341168011
0,16,32000.0,0.075785504551749
0,16,33000.0,0.11688522408853
0,16,34000.0,0.12189064399893
0,16,35000.0,0.1112715798534
0,16,36000.0,0.41671546021756
0,16,37000.0,0.095972857623202
0,16,38000.0,0.4209286709692
0,16,39000.0,0.10607895929286
0,16,40000.0,0.40709033683854
0,16,41000.0,-0.038003773210593
0,16,42000.0,0.1004541637483
0,16,43000.0,-0.078192887595554
0,16,44000.0,0.40968133757772
0,16,45000.0,0.42703854577466
0,16,46000.0,0.10876740890185
0,16,47000.0,0.088101399192279
0,16,48000.0,0.12636956660771
0,16,49000.0,0.26104198015256
0,16,50000.0,0.10643279853592
0,17,5000.0,0.069611931745004
0,17,6000.0,0.14694475768666
0,17,7000.0,0.096895291689687
0,17,8000.0,0.14599088429725
0,17,9000.0,-0.54747498426691
0,17,10000.0,-0.56278157210518
0,17,11000.0,-0.42370956540075
0,17,12000.0,0.092974934893893
0,17,13000.0,0.056469658837016
0,17,14000.0,0.11082181129131
0,17,15000.0,0.13908962777114
0,17,16000.0,0.12287884951361
0,17,17000.0,0.38225360837121
0,17,18000.0,0.13283193752384
0,17,19000.0,0.422141321999
0,17,20000.0,0.42678403625315
0,17,21000.0,0.10982700597032
0,17,22000.0,0.40702957474494
0,17,23000.0,0.43784326058541
0,17,24000.0,0.42474665953947
0,17,25000.0,0.40889918390155
0,17,26000.0,0.42906271440309
0,17,27000.0,0.40386972923776
0,17,28000.0,0.37867923553431
0,17,29000.0,0.43845534772878
0,17,30000.0,0.43965046074094
0,17,31000.0,0.42527904547932
0,17,32000.0,0.35913479198512
0,17,33000.0,0.43041814896988
0,17,34000.0,0.40977386298357
0,17,35000.0,0.42206412774287
0,17,36000.0,0.42484002780342
0,17,37000.0,0.40112317188522
0,17,38000.0,0.43377690026615
0,17,39000.0,0.40119934174022
0,17,40000.0,0.43570205866859
0,17,41000.0,0.43848662654615
0,17,42000.0,0.40208859213211
0,17,43000.0,0.40769671473282
0,17,44000.0,0.44082098831253
0,17,45000.0,0.15605481039304
0,17,46000.0,0.41700023697191
0,17,47000.0,0.40765233882161
0,17,48000.0,0.14445547983591
0,17,49000.0,0.42161387015508
0,17,50000.0,0.15177543283206
0,18,5000.0,-0.58404437504799
0,18,6000.0,-0.54095451983532
0,18,7000.0,-0.60835864892708
0,18,8000.0,-0.57056004936377
0,18,9000.0,-0.59499284730067
0,18,10000.0,-0.38895203445867
0,18,11000.0,-0.43394864630747
0,18,12000.0,-0.55900708292154
0,18,13000.0,-0.59216676589183
0,18,14000.0,-0.37671903311778
0,18,15000.0,-0.51902489077311
0,18,16000.0,-0.62380605780335
0,18,17000.0,-0.56720298667024
0,18,18000.0,-0.60694595622108
0,18,19000.0,-0.60436678805516
0,18,20000.0,-0.39429771890249
0,18,21000.0,-0.58166571172258
0,18,22000.0,0.090523014653277
0,18,23000.0,-0.045906108894143
0,18,24000.0,0.29446215301241
0,18,25000.0,0.131407333468
0,18,26000.0,-0.037286134340876
0,18,27000.0,0.24660972172084
0,18,28000.0,0.10676698004964
0,18,29000.0,-0.037388842846464
0,18,30000.0,-0.044307772679167
0,18,31000.0,0.28777040055232
0,18,32000.0,0.086425508841044
0,18,33000.0,0.30346046534494
0,18,34000.0,0.25694252618634
0,18,35000.0,0.29583408804131
0,18,36000.0,0.12570848123762
0,18,37000.0,0.20945055136415
0,18,38000.0,0.27671337947366
0,18,39000.0,0.41311662697132
0,18,40000.0,0.28559832026995
0,18,41000.0,0.2577511927722
0,18,42000.0,0.23702248912867
0,18,43000.0,0.26307502158252
0,18,44000.0,0.27600397231254
0,18,45000.0,0.22411839573712
0,18,46000.0,0.25174024892403
0,18,47000.0,0.20954570036056
0,18,48000.0,0.4012877925237
0,18,49000.0,0.18807866168766
0,18,50000.0,0.17924986045609
0,19,5000.0,0.059203997063767
0,19,6000.0,-0.09763452192727
0,19,7000.0,0.043417990699361
0,19,8000.0,0.080390766329145
0,19,9000.0,-0.61735751050286
0,19,10000.0,-0.59310297223291
0,19,11000.0,-0.58051766891095
0,19,12000.0,0.052977771214045
0,19,13000.0,0.70844278854217
0,19,14000.0,0.061843450734934
0,19,15000.0,0.078988903150907
0,19,16000.0,0.067188171764488
0,19,17000.0,0.039828291900289
0,19,18000.0,0.06647322098928
0,19,19000.0,-0.1033619590843
0,19,20000.0,0.086843212603254
0,19,21000.0,0.044665257956045
0,19,22000.0,0.048890630139586
0,19,23000.0,0.38205513010795
0,19,24000.0,0.37165538677021
0,19,25000.0,0.35717799339331
0,19,26000.0,0.36673013519681
0,19,27000.0,0.33879337715009
0,19,28000.0,0.36057206977153
0,19,29000.0,0.36947572212662
0,19,30000.0,0.36947781933015
0,19,31000.0,0.36823167312271
0,19,32000.0,0.32510611379957
0,19,33000.0,0.34844797697065
0,19,34000.0,0.36823951239607
0,19,35000.0,0.36950473473396
0,19,36000.0,0.36688760344276
0,19,37000.0,0.33322827729577
0,19,38000.0,0.35878694835646
0,19,39000.0,0.34867766916842
0,19,40000.0,0.3746705882829
0,19,41000.0,0.36080011967719
0,19,42000.0,0.33624243694445
0,19,43000.0,0.35028194411767
0,19,44000.0,0.34999491248914
0,19,45000.0,0.36783927416128
0,19,46000.0,0.34661389537471
0,19,47000.0,0.31207796828565
0,19,48000.0,0.34997400970363
0,19,49000.0,0.34036289100791
0,19,50000.0,0.35003438783601
0,20,5000.0,0.074907522086322
0,20,6000.0,0.099207458278411
0,20,7000.0,0.056252613085695
0,20,8000.0,0.097672713893052
0,20,9000.0,0.08936387282396
0,20,10000.0,0.10020277276124
0,20,11000.0,0.095407342046202
0,20,12000.0,0.038958090560069
0,20,13000.0,0.088646915365247
0,20,14000.0,0.099488467385118
0,20,15000.0,0.10257931646367
0,20,16000.0,0.071355647906913
0,20,17000.0,0.058363686339484
0,20,18000.0,0.093741112785639
0,20,19000.0,0.09747432442263
0,20,20000.0,0.093010101069101
0,20,21000.0,0.092458711841574
0,20,22000.0,0.059429961248794
0,20,23000.0,0.082549250001428
0,20,24000.0,0.10595198776788
0,20,25000.0,0.097818888716714
0,20,26000.0,0.09561505894645
0,20,27000.0,0.068441544268517
0,20,28000.0,0.37270609086252
0,20,29000.0,0.1087292277921
0,20,30000.0,0.1115012863983
0,20,31000.0,-0.0752120509977
0,20,32000.0,0.052691578378937
0,20,33000.0,0.098000465918657
0,20,34000.0,0.095704006621284
0,20,35000.0,0.098987596137214
0,20,36000.0,0.098972185996702
0,20,37000.0,0.014673106567666
0,20,38000.0,0.089837346140756
0,20,39000.0,0.08353066157632
0,20,40000.0,0.071098748104053
0,20,41000.0,0.071524487946162
0,20,42000.0,0.059548935696561
0,20,43000.0,0.078629075533003
0,20,44000.0,0.097590042756959
0,20,45000.0,0.1042105995499
0,20,46000.0,0.38428500556794
0,20,47000.0,0.061971248590913
0,20,48000.0,0.38223938175881
0,20,49000.0,-0.61451964130996
0,20,50000.0,-0.61441044292661
0,21,5000.0,0.047528802194354
0,21,6000.0,0.12692695916076
0,21,7000.0,0.056490031613787
0,21,8000.0,-0.53470521889103
0,21,9000.0,-0.55802141000537
0,21,10000.0,-0.58884756181588
0,21,11000.0,-0.53161708809911
0,21,12000.0,0.38520148529306
0,21,13000.0,-0.63187384949165
0,21,14000.0,-0.60684965917313
0,21,15000.0,-0.31522818763667
0,21,16000.0,-0.45143384813905
0,21,17000.0,-0.59165429033847
0,21,18000.0,-0.59644925452188
0,21,19000.0,-0.33225114071372
0,21,20000.0,-0.54575783048577
0,21,21000.0,-0.46109174207007
0,21,22000.0,0.37270944096594
0,21,23000.0,0.1405094981404
0,21,24000.0,0.24756181363459
0,21,25000.0,0.12394630920689
0,21,26000.0,0.2896708870704
0,21,27000.0,0.38270380410859
0,21,28000.0,-0.083935273452268
0,21,29000.0,0.30528012724606
0,21,30000.0,0.12723581891503
0,21,31000.0,0.2614458521227
0,21,32000.0,0.21113149946255
0,21,33000.0,0.29714380132226
0,21,34000.0,0.27888707290826
0,21,35000.0,0.23814281967888
0,21,36000.0,0.29440118521469
0,21,37000.0,0.26252567974462
0,21,38000.0,0.24288276438759
0,21,39000.0,0.25603473983417
0,21,40000.0,0.30514609357491
0,21,41000.0,0.27784788995905
0,21,42000.0,0.24239072481515
0,21,43000.0,0.22130423488245
0,21,44000.0,-0.040060686168558
0,21,45000.0,-0.079830255471589
0,21,46000.0,0.1080909349579
0,21,47000.0,0.18177045678785
0,21,48000.0,0.28585519639983
0,21,49000.0,0.24434859618897
0,21,50000.0,0.23923356888234
0,22,5000.0,0.015283081165927
0,22,6000.0,0.14153426141391
0,22,7000.0,0.091621599246559
0,22,8000.0,0.15050644763682
0,22,9000.0,0.11132633322947
0,22,10000.0,0.12239177744651
0,22,11000.0,0.15014979208123
0,22,12000.0,0.11036077138062
0,22,13000.0,-0.58009721938716
0,22,14000.0,-0.4465140148419
0,22,15000.0,-0.52905219277946
0,22,16000.0,-0.59466171294254
0,22,17000.0,-0.57816072350259
0,22,18000.0,-0.52092811550119
0,22,19000.0,-0.54171940370692
0,22,20000.0,-0.52466710154242
0,22,21000.0,-0.34312149782303
0,22,22000.0,0.10609626569588
0,22,23000.0,0.15422067137076
0,22,24000.0,0.29110108138889
0,22,25000.0,0.13337444932898
0,22,26000.0,-0.028320737015719
0,22,27000.0,0.2371673976948
0,22,28000.0,0.1877681027214
0,22,29000.0,0.28554926318092
0,22,30000.0,0.32164611416445
0,22,31000.0,0.31524151608681
0,22,32000.0,0.22945356167434
0,22,33000.0,0.31292708428912
0,22,34000.0,0.20997090839126
0,22,35000.0,0.31735168165437
0,22,36000.0,0.28879541435693
0,22,37000.0,0.26281907368805
0,22,38000.0,0.26138319395944
0,22,39000.0,0.25743359401039
0,22,40000.0,0.29120824800841
0,22,41000.0,0.29905120448734
0,22,42000.0,0.21700909648041
0,22,43000.0,0.23737577645076
0,22,44000.0,0.31091167742774
0,22,45000.0,0.30789421686892
0,22,46000.0,0.27988203064446
0,22,47000.0,0.24087258439947
0,22,48000.0,0.2645097421349
0,22,49000.0,0.28860088198727
0,22,50000.0,0.24413740583264
0,23,5000.0,0.10257239128049
0,23,6000.0,0.15577788886704
0,23,7000.0,0.11618310766225
0,23,8000.0,0.15887988718428
0,23,9000.0,0.14693420740033
0,23,10000.0,0.10818964647922
0,23,11000.0,0.14155417008391
0,23,12000.0,0.10646544884031
0,23,13000.0,0.77226057121507
0,23,14000.0,0.10650119345631
0,23,15000.0,0.14107014770574
0,23,16000.0,0.1038463283338
0,23,17000.0,0.11771819200915
0,23,18000.0,0.14051205954938
0,23,19000.0,0.14931615742617
0,23,20000.0,0.13100056052269
0,23,21000.0,0.13634611681745
0,23,22000.0,0.10966712631993
0,23,23000.0,0.13290890046724
0,23,24000.0,0.12284967047534
0,23,25000.0,0.14811183752361
0,23,26000.0,0.1369745996009
0,23,27000.0,0.11370457206067
0,23,28000.0,0.11620222775716
0,23,29000.0,0.14424521586473
0,23,30000.0,0.33226549069496
0,23,31000.0,0.14296877230058
0,23,32000.0,-0.10995756079371
0,23,33000.0,0.13727400882121
0,23,34000.0,0.10802019817668
0,23,35000.0,0.1144749733706
0,23,36000.0,0.12499394560974
0,23,37000.0,0.1103618554923
0,23,38000.0,0.1012257924741
0,23,39000.0,0.10950398607583
0,23,40000.0,0.13644024343135
0,23,41000.0,0.12113119188336
0,23,42000.0,0.094293823375876
0,23,43000.0,0.089685126708494
0,23,44000.0,0.13974387284708
0,23,45000.0,0.13723073026395
0,23,46000.0,-0.075295889428743
0,23,47000.0,0.074056675830477
0,23,48000.0,0.13995130449987
0,23,49000.0,-0.050114164397804
0,23,50000.0,0.061779621192172
0,24,5000.0,0.35323158347286
0,24,6000.0,0.36822013746199
0,24,7000.0,0.32804925634522
0,24,8000.0,0.074406427329178
0,24,9000.0,0.17366421618017
0,24,10000.0,0.060091002165785
0,24,11000.0,0.065798227681755
0,24,12000.0,0.32296214930033
0,24,13000.0,0.032979567606294
0,24,14000.0,0.049383187860286
0,24,15000.0,0.35166622832048
0,24,16000.0,0.34530257674349
0,24,17000.0,0.015244992142506
0,24,18000.0,0.042594029488728
0,24,19000.0,0.052024601150225
0,24,20000.0,0.35409836505298
0,24,21000.0,0.35446900125221
0,24,22000.0,0.0
0,24,23000.0,0.002468214921956
0,24,24000.0,0.064137263388085
0,24,25000.0,0.049563092781406
0,24,26000.0,0.35525076743101
0,24,27000.0,0.3
0,24,28000.0,0.34311595972916
0,24,29000.0,0.35974167329522
0,24,30000.0,0.2227816636969
0,24,31000.0,0.75776728250258
0,24,32000.0,-0.19810019720118
0,24,33000.0,0.37166697324808
0,24,34000.0,0.34910404285307
0,24,35000.0,0.36673789036737
0,24,36000.0,0.3751357026495
0,24,37000.0,0.14403342167378
0,24,38000.0,0.059452645593216
0,24,39000.0,0.083052716517745
0,24,40000.0,0.35775736762945
0,24,41000.0,0.35516416738789
0,24,42000.0,0.32835071581709
0,24,43000.0,0.33506233675835
0,24,44000.0,0.37275642007979
0,24,45000.0,0.36380684977987
0,24,46000.0,0.35591285910174
0,24,47000.0,0.31276831013821
0,24,48000.0,0.35736261666616
0,24,49000.0,0.3
0,24,50000.0,0.30192705949379
1,0,5000.0,-0.6
1,0,6000.0,-0.56461941003621
1,0,7000.0,-0.60089196613614
1,0,8000.0,-0.6117359907134
1,0,9000.0,-0.36667262830771
1,0,10000.0,-0.60971598704849
1,0,11000.0,-0.66666666666667
1,0,12000.0,0.23446214227409
1,0,13000.0,0.22707021695766
1,0,14000.0,0.24132804656111
1,0,15000.0,0.11219337836047
1,0,16000.0,-0.12163362931672
1,0,17000.0,0.37234748709597
1,0,18000.0,0.23920612734676
1,0,19000.0,0.24874258275128
1,0,20000.0,0.25657025206159
1,0,21000.0,0.26015948721023
1,0,22000.0,0.18161364371946
1,0,23000.0,0.23111662604438
1,0,24000.0,0.25291447589194
1,0,25000.0,0.28362713753748
1,0,26000.0,0.26343768014752
1,0,27000.0,0.22116731553804
1,0,28000.0,0.24957751358018
1,0,29000.0,0.25751332388854
1,0,30000.0,0.10891022914932
1,0,31000.0,0.2742908992085
1,0,32000.0,0.22821778457856
1,0,33000.0,-0.069441391252277
1,0,34000.0,0.27254259826672
1,0,35000.0,0.26079020151308
1,0,36000.0,0.28233981498231
1,0,37000.0,0.25563388005276
1,0,38000.0,0.27100650669121
1,0,39000.0,0.26811215045827
1,0,40000.0,0.27493276145251
1,0,41000.0,0.25194458269137
1,0,42000.0,0.24533376153513
1,0,43000.0,0.27588993347933
1,0,44000.0,0.38655178011662
1,0,45000.0,0.26484466311205
1,0,46000.0,0.28074508086006
1,0,47000.0,0.2318235455909
1,0,48000.0,0.27679488637913
1,0,49000.0,0.26389823469798
1,0,50000.0,0.11877707268616
1,1,5000.0,0.0
1,1,6000.0,0.043730768735808
1,1,7000.0,0.0
1,1,8000.0,0.009082580875255
1,1,9000.0,0.03231277463008
1,1,10000.0,0.033690173301357
1,1,11000.0,0.010623933565796
1,1,12000.0,0.0
1,1,13000.0,0.31760142152998
1,1,14000.0,0.34394801243673
1,1,15000.0,0.33838551183985
1,1,16000.0,0.33606082579274
1,1,17000.0,0.3
1,1,18000.0,0.34704656559833
1,1,19000.0,0.35924491773865
1,1,20000.0,0.35317826878389
1,1,21000.0,0.14163776880634
1,1,22000.0,0.30016179346741
1,1,23000.0,0.33241576443294
1,1,24000.0,0.34807435082528
1,1,25000.0,0.34515750693584
1,1,26000.0,0.34909435737997
1,1,27000.0,0.30268404905237
1,1,28000.0,0.32099778147047
1,1,29000.0,0.34633806785952
1,1,30000.0,0.34175502517002
1,1,31000.0,0.16438605180288
1,1,32000.0,0.3
1,1,33000.0,0.35961715571101
1,1,34000.0,0.32753542569935
1,1,35000.0,0.36712520095063
1,1,36000.0,0.33345435207658
1,1,37000.0,0.32072745895627
1,1,38000.0,0.35561537459269
1,1,39000.0,0.36779125012651
1,1,40000.0,0.35436838127841
1,1,41000.0,0.36945574215819
1,1,42000.0,0.30886331510858
1,1,43000.0,0.31904386471188
1,1,44000.0,0.36573540545756
1,1,45000.0,0.36632935038892
1,1,46000.0,0.35789748427975
1,1,47000.0,0.33952664660303
1,1,48000.0,0.35148524409241
1,1,49000.0,0.35965141433701
1,1,50000.0,0.37182783465197
1,2,5000.0,0.019708866670475
1,2,6000.0,0.3429632727913
1,2,7000.0,0.32856734197822
1,2,8000.0,0.33114653463485
1,2,9000.0,0.33917635925587
1,2,10000.0,0.19210949507829
1,2,11000.0,0.0
1,2,12000.0,0.13913343723811
1,2,13000.0,0.44289941254071
1,2,14000.0,-0.050642752667548
1,2,15000.0,0.42582261119779
1,2,16000.0,0.13638300763302
1,2,17000.0,0.15015625624464
1,2,18000.0,0.13174151780373
1,2,19000.0,0.43740194221331
1,2,20000.0,0.1558128122129
1,2,21000.0,0.12387099868124
1,2,22000.0,0.15090372857003
1,2,23000.0,0.1292497302483
1,2,24000.0,0.16553219038509
1,2,25000.0,0.1641548974945
1,2,26000.0,0.15502067522279
1,2,27000.0,0.11986380529957
1,2,28000.0,0.14498309555236
1,2,29000.0,0.34877976261864
1,2,30000.0,0.15505415018199
1,2,31000.0,0.15720225392654
1,2,32000.0,0.15563409663147
1,2,33000.0,0.16687879151213
1,2,34000.0,0.16218966550802
1,2,35000.0,0.15870806857708
1,2,36000.0,0.17096079606789
1,2,37000.0,0.16166215082151
1,2,38000.0,0.16665052152046
1,2,39000.0,0.16999688286802
1,2,40000.0,0.15750277744496
1,2,41000.0,0.16485217599833
1,2,42000.0,0.14713887223796
1,2,43000.0,0.14202773448447
1,2,44000.0,0.16458937777273
1,2,45000.0,0.44773854453918
1,2,46000.0,0.45090996283435
1,2,47000.0,0.12046868880665
1,2,48000.0,0.44587747272535
1,2,49000.0,0.44880345282351
1,2,50000.0,0.44044992207186
1,4,5000.0,0.0065253096774717
1,4,6000.0,0.075229116869849
1,4,7000.0,0.014808924685452
1,4,8000.0,0.031044303788407
1,4,9000.0,0.031480815861787
1,4,10000.0,0.72281621253706
1,4,11000.0,0.031147623048652
1,4,12000.0,0.005083984247305
1,4,13000.0,0.060105181589692
1,4,14000.0,0.044651298979358
1,4,15000.0,0.048648584958624
1,4,16000.0,0.056574098960072
1,4,17000.0,0.0045736216576069
1,4,18000.0,0.029948452107817
1,4,19000.0,0.070213241893457
1,4,20000.0,0.031665247214369
1,4,21000.0,0.023445821559197
1,4,22000.0,0.011530540082055
1,4,23000.0,0.006811381600037
1,4,24000.0,-0.61509833685289
1,4,25000.0,-0.54917869558583
1,4,26000.0,-0.61573919170896
1,4,27000.0,-0.66666666666667
1,4,28000.0,-0.66666666666667
1,4,29000.0,-0.6474879963229
1,4,30000.0,-0.35538314408924
1,4,31000.0,-0.60122993739079
1,4,32000.0,0.027758740998021
1,4,33000.0,0.089575130179482
1,4,34000.0,0.61646490309038
1,4,35000.0,0.25506603608473
1,4,36000.0,0.20925369964952
1,4,37000.0,0.35069320126721
1,4,38000.0,0.19107892028369
1,4,39000.0,0.24179746825406
1,4,40000.0,0.17030980069045
1,4,41000.0,0.094402990406301
1,4,42000.0,0.17417561059633
1,4,43000.0,0.19885241487479
1,4,44000.0,0.21721899135983
1,4,45000.0,0.22366489142192
1,4,46000.0,0.22229860385447
1,4,47000.0,-0.66228561209532
1,4,48000.0,-0.37234583574932
1,4,49000.0,-0.41195638567599
1,4,50000.0,-0.39539438133849
1,5,5000.0,-0.2
1,5,6000.0,0.13024084402096
1,5,7000.0,0.11094636293195
1,5,8000.0,0.12684784864107
1,5,9000.0,0.12986387208952
1,5,10000.0,0.12140681736264
1,5,11000.0,0.37503954893852
1,5,12000.0,0.091995445327674
1,5,13000.0,0.12077268396196
1,5,14000.0,0.11622080639647
1,5,15000.0,0.12351510192605
1,5,16000.0,0.10851124035364
1,5,17000.0,0.10998226269358
1,5,18000.0,0.1046395233124
1,5,19000.0,0.12011552445898
1,5,20000.0,0.10712667795681
1,5,21000.0,0.10524807698968
1,5,22000.0,0.053199092305754
1,5,23000.0,0.11086712657201
1,5,24000.0,-0.55875053802157
1,5,25000.0,-0.5490864823877
1,5,26000.0,-0.54298813925626
1,5,27000.0,-0.56948066659828
1,5,28000.0,-0.59083107868715
1,5,29000.0,-0.56078961765565
1,5,30000.0,-0.54182706152309
1,5,31000.0,-0.53604406397025
1,5,32000.0,0.057550317626873
1,5,33000.0,0.074412310941508
1,5,34000.0,0.08725734335496
1,5,35000.0,-0.55711376695807
1,5,36000.0,-0.60346656085962
1,5,37000.0,-0.61518223468998
1,5,38000.0,-0.5880119598695
1,5,39000.0,-0.54071756489631
1,5,40000.0,-0.62703334013738
1,5,41000.0,-0.56115336069721
1,5,42000.0,0.067945703168102
1,5,43000.0,0.64190468426351
1,5,44000.0,0.11062095462048
1,5,45000.0,0.40147281100084
1,5,46000.0,0.25038764575026
1,5,47000.0,0.36196039649219
1,5,48000.0,0.38643609321921
1,5,49000.0,0.21294149581346
1,5,50000.0,0.10210618118158
1,6,5000.0,0.0075993469688342
1,6,6000.0,0.024324234175251
1,6,7000.0,0.0
1,6,8000.0,0.036494206855012
1,6,9000.0,-0.63449810132605
1,6,10000.0,-0.63948681476148
1,6,11000.0,-0.7
1,6,12000.0,0.15796652897296
1,6,13000.0,0.15122918531509
1,6,14000.0,0.17269317109884
1,6,15000.0,0.15534961892657
1,6,16000.0,0.14144188939482
1,6,17000.0,0.027065095416263
1,6,18000.0,0.13430044975994
1,6,19000.0,0.16317344603666
1,6,20000.0,0.19693138649293
1,6,21000.0,0.11755777440917
1,6,22000.0,0.10176749415824
1,6,23000.0,0.16366173688426
1,6,24000.0,0.1885721225378
1,6,25000.0,0.1773278675623
1,6,26000.0,0.18724739667018
1,6,27000.0,0.30954194371311
1,6,28000.0,0.14036662152184
1,6,29000.0,0.13694721145414
1,6,30000.0,0.17411041222675
1,6,31000.0,0.15499607773945
1,6,32000.0,0.10242619875775
1,6,33000.0,0.10893801789778
1,6,34000.0,0.13771568660715
1,6,35000.0,0.16901773150185
1,6,36000.0,0.14752816292845
1,6,37000.0,0.1
1,6,38000.0,0.13022660758863
1,6,39000.0,0.16998266068103
1,6,40000.0,0.11203550265766
1,6,41000.0,0.14080432416662
1,6,42000.0,0.1
1,6,43000.0,0.17048351441277
1,6,44000.0,0.18205258972
1,6,45000.0,0.16246561778021
1,6,46000.0,0.17671440251822
1,6,47000.0,0.10432632348112
1,6,48000.0,0.16411950080827
1,6,49000.0,0.10147082704529
1,6,50000.0,0.18668853381508
1,7,5000.0,0.0068724840785899
1,7,6000.0,0.05091219729211
1,7,7000.0,0.0
1,7,8000.0,0.037277586296231
1,7,9000.0,0.042814799511484
1,7,10000.0,0.33049124344549
1,7,11000.0,0.0
1,7,12000.0,-0.1699992449812
1,7,13000.0,0.06756513545303
1,7,14000.0,0.058848326827136
1,7,15000.0,0.33480198139236
1,7,16000.0,0.35412011382278
1,7,17000.0,0.32446680147003
1,7,18000.0,0.34085247309129
1,7,19000.0,0.34265304110028
1,7,20000.0,0.33030253786801
1,7,21000.0,0.32495405412437
1,7,22000.0,0.30252470538616
1,7,23000.0,0.3373736838688
1,7,24000.0,0.3412705930894
1,7,25000.0,0.35675124296121
1,7,26000.0,0.20856048599082
1,7,27000.0,0.32584098263369
1,7,28000.0,0.33130792503
1,7,29000.0,0.34186631621608
1,7,30000.0,0.35153228589484
1,7,31000.0,0.34189726461209
1,7,32000.0,0.31986142737075
1,7,33000.0,-0.11830472111184
1,7,34000.0,0.33249932584863
1,7,35000.0,0.36668887599999
1,7,36000.0,0.34994280379935
1,7,37000.0,0.32720509871666
1,7,38000.0,0.33964487673573
1,7,39000.0,0.36543903364602
1,7,40000.0,0.04656441598091
1,7,41000.0,0.072436984591066
1,7,42000.0,0.0059485433869462
1,7,43000.0,0.028299709212546
1,7,44000.0,0.36209088379345
1,7,45000.0,0.35795234228268
1,7,46000.0,0.35742171210399
1,7,47000.0,0.33409550105526
1,7,48000.0,0.35663144951366
1,7,49000.0,0.34934932637005
1,7,50000.0,0.34762275415354
1,8,5000.0,0.0
1,8,6000.0,0.10594537359234
1,8,7000.0,0.077654510606093
1,8,8000.0,0.097749586900005
1,8,9000.0,-0.065455145422004
1,8,10000.0,0.09274786282033
1,8,11000.0,0.027839610391822
1,8,12000.0,0.071221169739256
1,8,13000.0,0.072541891587624
1,8,14000.0,-0.089932806723131
1,8,15000.0,0.10354507130894
1,8,16000.0,0.088268819837187
1,8,17000.0,0.067825285817497
1,8,18000.0,0.079454411765851
1,8,19000.0,0.098863193119292
1,8,20000.0,0.10402381182854
1,8,21000.0,0.37123479852919
1,8,22000.0,0.31290558596598
1,8,23000.0,0.38661770764809
1,8,24000.0,0.38599372390457
1,8,25000.0,0.37224218483789
1,8,26000.0,0.37075548439595
1,8,27000.0,0.36088584737069
1,8,28000.0,0.34564814950946
1,8,29000.0,0.37944561689704
1,8,30000.0,0.39782174963825
1,8,31000.0,0.39601560739909
1,8,32000.0,0.13468402649686
1,8,33000.0,0.35717064033707
1,8,34000.0,0.37841553179361
1,8,35000.0,0.37834661198704
1,8,36000.0,0.77241655851071
1,8,37000.0,0.35023910347287
1,8,38000.0,0.38104776979209
1,8,39000.0,0.39490273949139
1,8,40000.0,0.38370897908495
1,8,41000.0,0.3867269537532
1,8,42000.0,0.34600852050126
1,8,43000.0,0.37432818614299
1,8,44000.0,0.38640380938562
1,8,45000.0,0.3848671893846
1,8,46000.0,0.38356103794956
1,8,47000.0,0.31075059266412
1,8,48000.0,0.37836811187688
1,8,49000.0,0.36568238348071
1,8,50000.0,0.35414035677381
1,9,5000.0,-0.2
1,9,6000.0,-0.59258382235858
1,9,7000.0,-0.63148700973583
1,9,8000.0,-0.59486090565269
1,9,9000.0,-0.6260069502785
1,9,10000.0,-0.44392546991987
1,9,11000.0,-0.6
1,9,12000.0,0.04802507343589
1,9,13000.0,0.20541263446265
1,9,14000.0,0.074399759245804
1,9,15000.0,-0.10832351267656
1,9,16000.0,-0.12008632869939
1,9,17000.0,0.34361296017549
1,9,18000.0,0.16526188214477
1,9,19000.0,0.17809936750253
1,9,20000.0,0.056857079124229
1,9,21000.0,0.20741474459909
1,9,22000.0,0.31153671997618
1,9,23000.0,0.16982721037078
1,9,24000.0,0.22860282373429
1,9,25000.0,0.56557562879061
1,9,26000.0,0.18561636189522
1,9,27000.0,0.1660061505515
1,9,28000.0,0.1581933461176
1,9,29000.0,0.073563256933886
1,9,30000.0,0.22437603714241
1,9,31000.0,0.20016339408886
1,9,32000.0,0.1551220290919
1,9,33000.0,0.19289409162454
1,9,34000.0,0.20750269466909
1,9,35000.0,0.21313718208473
1,9,36000.0,0.20743965386368
1,9,37000.0,0.16203986014073
1,9,38000.0,0.20607255389505
1,9,39000.0,0.22018587754467
1,9,40000.0,0.18316731426828
1,9,41000.0,0.17991678058764
1,9,42000.0,0.15033964401946
1,9,43000.0,0.18936836863908
1,9,44000.0,0.22251654881495
1,9,45000.0,0.19341941890031
1,9,46000.0,0.35273697115826
1,9,47000.0,0.14671357955368
1,9,48000.0,0.033651955363271
1,9,49000.0,0.14744838156389
1,9,50000.0,0.20096097471623
1,10,5000.0,0.024952232579023
1,10,6000.0,0.063628737725171
1,10,7000.0,0.032194189523716
1,10,8000.0,0.083847313856129
1,10,9000.0,0.067821905423111
1,10,10000.0,0.041544450480746
1,10,11000.0,0.053047290845126
1,10,12000.0,0.043156597444493
1,10,13000.0,0.061318182163973
1,10,14000.0,0.060103102366047
1,10,15000.0,0.054087938690978
1,10,16000.0,0.064769587926162
1,10,17000.0,0.032145295650382
1,10,18000.0,0.029631692772335
1,10,19000.0,0.025423027105322
1,10,20000.0,0.069126655563438
1,10,21000.0,0.33033523097389
1,10,22000.0,0.3
1,10,23000.0,0.367054309634
1,10,24000.0,0.39175373784917
1,10,25000.0,0.067064419665962
1,10,26000.0,0.37530681533602
1,10,27000.0,0.36690987709498
1,10,28000.0,0.34661766992651
1,10,29000.0,-0.13223008456267
1,10,30000.0,0.38383971628728
1,10,31000.0,0.36408159385946
1,10,32000.0,0.35693175782179
1,10,33000.0,0.37535333619161
1,10,34000.0,0.36689976674113
1,10,35000.0,0.40024206362404
1,10,36000.0,0.39431834258442
1,10,37000.0,0.34214530893309
1,10,38000.0,0.37969232207775
1,10,39000.0,0.39379286342855
1,10,40000.0,0.37737955303808
1,10,41000.0,0.3878507512345
1,10,42000.0,0.34508187286367
1,10,43000.0,0.37209290591615
1,10,44000.0,0.40293777152499
1,10,45000.0,0.11074942180503
1,10,46000.0,-0.091480721247541
1,10,47000.0,0.37480202674661
1,10,48000.0,0.39502486680822
1,10,49000.0,0.3802866800383
1,10,50000.0,0.39889412982477
1,11,5000.0,0.3
1,11,6000.0,0.35704695769228
1,11,7000.0,0.3336717464719
1,11,8000.0,0.034411510110457
1,11,9000.0,0.33895339413587
1,11,10000.0,0.38322524799215
1,11,11000.0,0.3
1,11,12000.0,0.4092333747702
1,11,13000.0,0.42893759605373
1,11,14000.0,0.38134281254441
1,11,15000.0,0.40766773099946
1,11,16000.0,0.41673568892955
1,11,17000.0,0.40727469349136
1,11,18000.0,0.39406638558308
1,11,19000.0,0.44432136213582
1,11,20000.0,0.13597237926529
1,11,21000.0,0.088285405496228
1,11,22000.0,0.13885550868681
1,11,23000.0,0.12053084544307
1,11,24000.0,0.15996537878796
1,11,25000.0,0.15864539578313
1,11,26000.0,0.15065156293295
1,11,27000.0,0.11432952125426
1,11,28000.0,0.11923223070817
1,11,29000.0,0.1643620361455
1,11,30000.0,0.16239668430284
1,11,31000.0,0.33111729315782
1,11,32000.0,0.15304310794417
1,11,33000.0,0.16148054972052
1,11,34000.0,0.16324019846116
1,11,35000.0,0.32789225626431
1,11,36000.0,0.16728689766565
1,11,37000.0,0.16247620531044
1,11,38000.0,0.1612153701623
1,11,39000.0,0.16279166054681
1,11,40000.0,0.15520594790864
1,11,41000.0,0.16268618020207
1,11,42000.0,0.14868883988412
1,11,43000.0,0.14289563590744
1,11,44000.0,0.16119072522202
1,11,45000.0,0.44390851009529
1,11,46000.0,0.44565100595745
1,11,47000.0,0.12137501679992
1,11,48000.0,0.43839267670694
1,11,49000.0,0.16288728291528
1,11,50000.0,0.43715855667421
1,12,5000.0,-0.66666666666667
1,12,6000.0,-0.52936659164483
1,12,7000.0,-0.594756815178
1,12,8000.0,-0.58175783737322
1,12,9000.0,-0.31744384188062
1,12,10000.0,-0.50760005658098
1,12,11000.0,-0.64530013922758
1,12,12000.0,0.37057788335316
1,12,13000.0,0.29931302552724
1,12,14000.0,0.1034693121361
1,12,15000.0,0.24512074130708
1,12,16000.0,0.26075498562847
1,12,17000.0,0.26221697795529
1,12,18000.0,0.27818099190869
1,12,19000.0,0.30887788921012
1,12,20000.0,-0.029527345612409
1,12,21000.0,0.28878535402091
1,12,22000.0,0.17392544146317
1,12,23000.0,0.80819376722549
1,12,24000.0,0.28565320168453
1,12,25000.0,0.31141191011484
1,12,26000.0,0.29595857248795
1,12,27000.0,0.2551576706008
1,12,28000.0,0.27014112986879
1,12,29000.0,0.30162958844994
1,12,30000.0,0.29694364196834
1,12,31000.0,0.30076606480242
1,12,32000.0,0.25547848980296
1,12,33000.0,0.28829484971381
1,12,34000.0,0.2577412882754
1,12,35000.0,0.31730340048962
1,12,36000.0,0.28941671303749
1,12,37000.0,0.26413028283795
1,12,38000.0,0.29663391272905
1,12,39000.0,0.41292934481893
1,12,40000.0,0.30302281502848
1,12,41000.0,0.14468967961645
1,12,42000.0,0.091191290864807
1,12,43000.0,0.41451403016568
1,12,44000.0,0.2974193132664
1,12,45000.0,0.42945097235871
1,12,46000.0,0.30210202043333
1,12,47000.0,0.41102384704784
1,12,48000.0,-0.034466748395278
1,12,49000.0,0.31825309289201
1,12,50000.0,0.43052425323704
1,13,5000.0,-0.66666666666667
1,13,6000.0,-0.53552011808858
1,13,7000.0,-0.55451441275318
1,13,8000.0,-0.57618565950952
1,13,9000.0,-0.27752117920577
1,13,10000.0,-0.47765031019162
1,13,11000.0,-0.62408568377414
1,13,12000.0,0.27115337585548
1,13,13000.0,0.31845969544642
1,13,14000.0,0.12365395888159
1,13,15000.0,0.26103007657003
1,13,16000.0,0.29609131756966
1,13,17000.0,0.29844981389887
1,13,18000.0,0.30878643396419
1,13,19000.0,0.2926560671069
1,13,20000.0,0.32458122015131
1,13,21000.0,0.31769887082484
1,13,22000.0,0.26286541104701
1,13,23000.0,0.31285562405061
1,13,24000.0,0.31964562347481
1,13,25000.0,0.30778942605881
1,13,26000.0,0.29722509467003
1,13,27000.0,0.28220829364576
1,13,28000.0,0.23748850342966
1,13,29000.0,0.29266909857659
1,13,30000.0,0.30481315157678
1,13,31000.0,0.32596158638644
1,13,32000.0,0.21905742658104
1,13,33000.0,0.11177446320839
1,13,34000.0,0.27326619489981
1,13,35000.0,0.29667515352077
1,13,36000.0,0.23321336415808
1,13,37000.0,0.28550392417461
1,13,38000.0,0.29545128167096
1,13,39000.0,0.13664543436316
1,13,40000.0,0.25414797671946
1,13,41000.0,0.28960214479887
1,13,42000.0,0.22624221660283
1,13,43000.0,0.29114072202766
1,13,44000.0,0.31241129053128
1,13,45000.0,-0.29096573933787
1,13,46000.0,-0.28455906184039
1,13,47000.0,-0.37546276794169
1,13,48000.0,-0.53337349144551
1,13,49000.0,-0.31700495061976
1,13,50000.0,-0.31903268722637
1,14,5000.0,0.0
1,14,6000.0,-0.61024022271099
1,14,7000.0,-0.64886200619343
1,14,8000.0,-0.63259929742499
1,14,9000.0,-0.61271253240446
1,14,10000.0,-0.6753195301798
1,14,11000.0,-0.44668005415702
1,14,12000.0,-0.19915483059551
1,14,13000.0,0.32585051318319
1,14,14000.0,0.031896034936748
1,14,15000.0,0.026860150331756
1,14,16000.0,-0.15256217587664
1,14,17000.0,0.011291666901051
1,14,18000.0,0.1456259969743
1,14,19000.0,-0.13560897221085
1,14,20000.0,0.031080786874738
1,14,21000.0,0.17110224263139
1,14,22000.0,-0.2
1,14,23000.0,0.17202834872616
1,14,24000.0,0.08073341214998
1,14,25000.0,0.22268543343104
1,14,26000.0,0.35539026700131
1,14,27000.0,0.16390876596302
1,14,28000.0,0.16596553785892
1,14,29000.0,-0.10712540537326
1,14,30000.0,0.19622024488471
1,14,31000.0,0.19153187374663
1,14,32000.0,0.16031622995727
1,14,33000.0,0.20582678845863
1,14,34000.0,0.16571778720236
1,14,35000.0,0.21800863440171
1,14,36000.0,0.20801996695162
1,14,37000.0,0.1483638291579
1,14,38000.0,0.19464613752173
1,14,39000.0,0.18597266297376
1,14,40000.0,0.19586206541093
1,14,41000.0,0.20657688335894
1,14,42000.0,0.11532816154972
1,14,43000.0,0.15403918511858
1,14,44000.0,0.16754160423694
1,14,45000.0,0.20485362022475
1,14,46000.0,0.19474939403766
1,14,47000.0,0.13154880258273
1,14,48000.0,0.18227435444736
1,14,49000.0,0.1897191703823
1,14,50000.0,0.1816104272455
1,15,5000.0,-0.66666666666667
1,15,6000.0,-0.60320680121888
1,15,7000.0,-0.66710744486536
1,15,8000.0,-0.40702063661044
1,15,9000.0,-0.54456757128416
1,15,10000.0,-0.6248445963376
1,15,11000.0,-0.62430050928545
1,15,12000.0,0.013335751162322
1,15,13000.0,0.17753075449796
1,15,14000.0,-0.15200123303725
1,15,15000.0,0.16526650236187
1,15,16000.0,0.34630207767012
1,15,17000.0,0.10831331971439
1,15,18000.0,0.12193678954261
1,15,19000.0,0.1238598755401
1,15,20000.0,0.34612563216251
1,15,21000.0,0.1
1,15,22000.0,0.0097179404121053
1,15,23000.0,-0.15994240482898
1,15,24000.0,0.20237490255464
1,15,25000.0,0.37828439773581
1,15,26000.0,0.066256557343668
1,15,27000.0,0.31637060605287
1,15,28000.0,0.34120795772381
1,15,29000.0,0.063978972578922
1,15,30000.0,0.33775703876975
1,15,31000.0,0.36626913983144
1,15,32000.0,-0.1615423301269
1,15,33000.0,0.35663942009835
1,15,34000.0,0.37232486059754
1,15,35000.0,0.38586458816955
1,15,36000.0,0.35752935440065
1,15,37000.0,0.32956958402279
1,15,38000.0,0.35640047960122
1,15,39000.0,0.36989059927433
1,15,40000.0,0.36064039176173
1,15,41000.0,-0.10543173266646
1,15,42000.0,0.31230412870376
1,15,43000.0,0.36275745501713
1,15,44000.0,0.34350236751155
1,15,45000.0,-0.10990822583421
1,15,46000.0,0.35591249624474
1,15,47000.0,0.32166982911879
1,15,48000.0,0.34416487221877
1,15,49000.0,0.34883438737442
1,15,50000.0,0.35802516159633
1,16,5000.0,0.0
1,16,6000.0,0.059031871528545
1,16,7000.0,0.021095400196063
1,16,8000.0,-0.62950776331201
1,16,9000.0,-0.64538736440729
1,16,10000.0,-0.67067237017234
1,16,11000.0,-0.5
1,16,12000.0,-0.045849483787474
1,16,13000.0,0.12863354391439
1,16,14000.0,-0.045991628938941
1,16,15000.0,0.13687131066436
1,16,16000.0,-0.055791501187705
1,16,17000.0,0.12073290912474
1,16,18000.0,-0.055775510786928
1,16,19000.0,0.11075623578082
1,16,20000.0,-0.02105206783017
1,16,21000.0,0.21968972801694
1,16,22000.0,0.11577217033425
1,16,23000.0,-0.065589053637119
1,16,24000.0,0.13367400160168
1,16,25000.0,0.43121505488553
1,16,26000.0,0.31662346970776
1,16,27000.0,0.078288222231619
1,16,28000.0,0.41424638110317
1,16,29000.0,-0.040218017300527
1,16,30000.0,0.41193111249537
1,16,31000.0,0.30769615521679
1,16,32000.0,0.29060856821751
1,16,33000.0,0.28003121438508
1,16,34000.0,0.32720019521356
1,16,35000.0,0.31294773383618
1,16,36000.0,0.31781399045055
1,16,37000.0,0.30206896881427
1,16,38000.0,0.28749881554908
1,16,39000.0,0.32149533492522
1,16,40000.0,0.31185886241012
1,16,41000.0,0.31236405926253
1,16,42000.0,0.27726330433979
1,16,43000.0,0.13402024760724
1,16,44000.0,0.31436836184889
1,16,45000.0,0.31165464239075
1,16,46000.0,0.31884436484448
1,16,47000.0,0.25854210672148
1,16,48000.0,0.29599021402709
1,16,49000.0,0.31895958262716
1,16,50000.0,0.30037817286947
1,17,5000.0,-0.7
1,17,6000.0,-0.53252015870438
1,17,7000.0,-0.53447173423623
1,17,8000.0,-0.579275772249
1,17,9000.0,-0.27663986033686
1,17,10000.0,-0.49155281239712
1,17,11000.0,-0.43500017528001
1,17,12000.0,0.21257728634056
1,17,13000.0,0.099647988772853
1,17,14000.0,0.10702282901786
1,17,15000.0,-0.09937311616863
1,17,16000.0,0.41651243104262
1,17,17000.0,0.25458974403639
1,17,18000.0,0.098474886960156
1,17,19000.0,0.77243800995399
1,17,20000.0,0.41612925536047
1,17,21000.0,0.36040922067757
1,17,22000.0,0.12354447961379
1,17,23000.0,0.40073331193639
1,17,24000.0,0.39811171003069
1,17,25000.0,0.37294710763095
1,17,26000.0,0.26938853256506
1,17,27000.0,0.39448940198714
1,17,28000.0,0.34657456608312
1,17,29000.0,0.38440585504403
1,17,30000.0,0.41316086540646
1,17,31000.0,0.42317363654952
1,17,32000.0,0.19470555664555
1,17,33000.0,0.38428007474516
1,17,34000.0,0.39895945844232
1,17,35000.0,0.12683234401152
1,17,36000.0,0.39379807604804
1,17,37000.0,0.39790526701429
1,17,38000.0,0.36916317675286
1,17,39000.0,0.4231299451706
1,17,40000.0,0.37936799888693
1,17,41000.0,0.40433028510995
1,17,42000.0,0.384656134323
1,17,43000.0,0.38383465844571
1,17,44000.0,0.40633280989851
1,17,45000.0,0.42661653347911
1,17,46000.0,0.39756696084921
1,17,47000.0,0.3647759792567
1,17,48000.0,0.40603644769545
1,17,49000.0,0.38985169424994
1,17,50000.0,0.40533344051609
1,18,5000.0,0.0
1,18,6000.0,0.098972624244799
1,18,7000.0,0.068667230062759
1,18,8000.0,0.098684003520064
1,18,9000.0,0.092123794431486
1,18,10000.0,0.067313258700567
1,18,11000.0,0.035475653983896
1,18,12000.0,0.048970823563752
1,18,13000.0,0.057593577879789
1,18,14000.0,0.09002952246609
1,18,15000.0,0.094019927967297
1,18,16000.0,0.072706940611027
1,18,17000.0,0.072422175404941
1,18,18000.0,0.077126765264086
1,18,19000.0,0.37737612646165
1,18,20000.0,0.26477328647507
1,18,21000.0,0.38236332727277
1,18,22000.0,0.34617713227367
1,18,23000.0,0.36884826901889
1,18,24000.0,0.39636903166094
1,18,25000.0,0.37495839596297
1,18,26000.0,0.38605731537497
1,18,27000.0,0.36793779490699
1,18,28000.0,0.36454684776385
1,18,29000.0,0.39066449508801
1,18,30000.0,0.39314214350634
1,18,31000.0,0.39146556380807
1,18,32000.0,0.35212341684878
1,18,33000.0,0.093572170009528
1,18,34000.0,0.39024400868376
1,18,35000.0,0.38724613496856
1,18,36000.0,0.3941639317315
1,18,37000.0,0.36503950252564
1,18,38000.0,0.39120984147129
1,18,39000.0,0.40184722047398
1,18,40000.0,0.37833212364476
1,18,41000.0,0.39331545791633
1,18,42000.0,0.37142484734457
1,18,43000.0,-0.083262282893546
1,18,44000.0,0.3920160289068
1,18,45000.0,0.40213006595964
1,18,46000.0,0.39374132040793
1,18,47000.0,0.36707685209135
1,18,48000.0,0.38000788498502
1,18,49000.0,0.091884578969687
1,18,50000.0,0.40307526095128
1,19,5000.0,0.34632968320037
1,19,6000.0,0.067586055624957
1,19,7000.0,0.042335859187365
1,19,8000.0,0.054570962207032
1,19,9000.0,0.053998574241935
1,19,10000.0,0.058072308534699
1,19,11000.0,0.032110319464849
1,19,12000.0,0.046534694493535
1,19,13000.0,0.035509896900388
1,19,14000.0,0.055140868003736
1,19,15000.0,0.056654494113558
1,19,16000.0,0.021930451634906
1,19,17000.0,0.022328047053352
1,19,18000.0,0.028454582280526
1,19,19000.0,0.04179822157549
1,19,20000.0,0.036052683290092
1,19,21000.0,0.031387875806074
1,19,22000.0,0.0
1,19,23000.0,0.047661673614945
1,19,24000.0,0.062519283254952
1,19,25000.0,0.36781971846222
1,19,26000.0,0.36522654639886
1,19,27000.0,0.32347663925182
1,19,28000.0,0.35840532282457
1,19,29000.0,0.35810880659924
1,19,30000.0,0.36858858776619
1,19,31000.0,0.36194759022447
1,19,32000.0,0.31942860188637
1,19,33000.0,0.36096434700918
1,19,34000.0,0.37353504765511
1,19,35000.0,0.37140877670677
1,19,36000.0,0.35101467726536
1,19,37000.0,0.3297483489482
1,19,38000.0,0.35605842175246
1,19,39000.0,0.37469470063199
1,19,40000.0,0.35284855520567
1,19,41000.0,0.36411012669382
1,19,42000.0,0.32938591438338
1,19,43000.0,0.34828399775
1,19,44000.0,0.36273917388743
1,19,45000.0,0.35715176021003
1,19,46000.0,0.33532068112713
1,19,47000.0,0.31838536213269
1,19,48000.0,0.34118422580381
1,19,49000.0,0.3396442024098
1,19,50000.0,0.047710440255802
1,20,5000.0,0.0
1,20,6000.0,0.070606240627395
1,20,7000.0,0.044501342425172
1,20,8000.0,-0.14742266075236
1,20,9000.0,0.037134684868548
1,20,10000.0,0.077614700069978
1,20,11000.0,0.019637820289529
1,20,12000.0,0.038089102706194
1,20,13000.0,0.043537386894971
1,20,14000.0,0.063145487127363
1,20,15000.0,0.061665541505326
1,20,16000.0,0.066388039714075
1,20,17000.0,0.026209815005273
1,20,18000.0,0.0397292777016
1,20,19000.0,0.083193186784536
1,20,20000.0,0.052126631415016
1,20,21000.0,0.012564100205572
1,20,22000.0,0.031219280685608
1,20,23000.0,0.063293666744548
1,20,24000.0,-0.61142746526931
1,20,25000.0,-0.61138737519833
1,20,26000.0,-0.60111226928415
1,20,27000.0,-0.62655068952295
1,20,28000.0,-0.63932250060003
1,20,29000.0,-0.61712024615194
1,20,30000.0,-0.59954641374204
1,20,31000.0,-0.58994710109369
1,20,32000.0,0.0
1,20,33000.0,0.044116003110672
1,20,34000.0,0.35387488212005
1,20,35000.0,0.36762881800404
1,20,36000.0,0.30568729997743
1,20,37000.0,0.33982173702404
1,20,38000.0,0.32990307491234
1,20,39000.0,0.35786675638839
1,20,40000.0,0.31765835530301
1,20,41000.0,0.36937791599348
1,20,42000.0,0.3
1,20,43000.0,0.30283917407555
1,20,44000.0,-0.1761181404332
1,20,45000.0,-0.65319880343426
1,20,46000.0,-0.6396881544745
1,20,47000.0,-0.7
1,20,48000.0,-0.60244760080841
1,20,49000.0,-0.63071934090995
1,20,50000.0,-0.58994467171311
1,21,5000.0,0.0
1,21,6000.0,0.10643169745386
1,21,7000.0,0.081451591330219
1,21,8000.0,0.11443428181304
1,21,9000.0,0.10997225394772
1,21,10000.0,0.10784982851765
1,21,11000.0,0.02804516593248
1,21,12000.0,0.083415978461151
1,21,13000.0,0.080316653084578
1,21,14000.0,0.10407839764481
1,21,15000.0,-0.085646269534202
1,21,16000.0,0.085805265572662
1,21,17000.0,0.077533478905049
1,21,18000.0,0.081118337615956
1,21,19000.0,0.11630929144652
1,21,20000.0,0.097366344251537
1,21,21000.0,0.094565014223903
1,21,22000.0,0.062349227435005
1,21,23000.0,0.092781541575853
1,21,24000.0,0.11370847294957
1,21,25000.0,0.38190556384209
1,21,26000.0,0.37681615793809
1,21,27000.0,0.36871208043147
1,21,28000.0,0.36657091599002
1,21,29000.0,0.39685898702124
1,21,30000.0,0.40761528719562
1,21,31000.0,0.40435924835939
1,21,32000.0,0.36659335127227
1,21,33000.0,0.39893764652076
1,21,34000.0,0.38811361502077
1,21,35000.0,0.39619442587622
1,21,36000.0,0.39857810043208
1,21,37000.0,0.36263144038107
1,21,38000.0,-0.6171147147646
1,21,39000.0,-0.59212146869302
1,21,40000.0,-0.60191154781675
1,21,41000.0,-0.62045773210928
1,21,42000.0,0.36760701188723
1,21,43000.0,0.38083031761694
1,21,44000.0,0.40120341365516
1,21,45000.0,0.39567446043202
1,21,46000.0,0.3897028842449
1,21,47000.0,0.36810418153635
1,21,48000.0,0.37622399899408
1,21,49000.0,0.38314166446181
1,21,50000.0,0.38064910248683
1,22,5000.0,-0.66468744487614
1,22,6000.0,-0.65991313100966
1,22,7000.0,-0.66036559476803
1,22,8000.0,-0.46596641121489
1,22,9000.0,-0.54772642608706
1,22,10000.0,-0.63012726518621
1,22,11000.0,-0.64524296924926
1,22,12000.0,0.1
1,22,13000.0,-0.16544426351883
1,22,14000.0,0.33061757725182
1,22,15000.0,0.032987686802669
1,22,16000.0,0.16048498034489
1,22,17000.0,0.1
1,22,18000.0,0.31634600584852
1,22,19000.0,-0.15101142252232
1,22,20000.0,0.015625445361325
1,22,21000.0,0.31715477073277
1,22,22000.0,0.1
1,22,23000.0,0.35688740066524
1,22,24000.0,0.36521489607125
1,22,25000.0,0.34739374587048
1,22,26000.0,0.35514024193236
1,22,27000.0,0.029766098663294
1,22,28000.0,0.3562092774905
1,22,29000.0,0.36836902213743
1,22,30000.0,0.36971491598933
1,22,31000.0,0.36867362761537
1,22,32000.0,0.33236166064956
1,22,33000.0,0.35045444701177
1,22,34000.0,0.36296751347443
1,22,35000.0,0.36456653876601
1,22,36000.0,-0.11557917918775
1,22,37000.0,-0.66984904574983
1,22,38000.0,-0.65400185668901
1,22,39000.0,-0.63642302226112
1,22,40000.0,-0.64901271189178
1,22,41000.0,-0.66546902735071
1,22,42000.0,0.31381450916678
1,22,43000.0,0.33853376323298
1,22,44000.0,0.35108616401859
1,22,45000.0,0.35678281475137
1,22,46000.0,0.3431459807676
1,22,47000.0,0.31247020848687
1,22,48000.0,0.34478181424401
1,22,49000.0,0.34069400891061
1,22,50000.0,0.33969377222168
1,23,5000.0,0.025168970031102
1,23,6000.0,0.02571264120563
1,23,7000.0,0.0057646465209991
1,23,8000.0,0.029865315397393
1,23,9000.0,0.022201446317963
1,23,10000.0,0.020200575819315
1,23,11000.0,0.01699711458117
1,23,12000.0,0.0
1,23,13000.0,0.30843067060867
1,23,14000.0,0.33863704563936
1,23,15000.0,0.3345041323835
1,23,16000.0,0.33208277710038
1,23,17000.0,0.3
1,23,18000.0,0.31706916044074
1,23,19000.0,0.33463628482268
1,23,20000.0,0.33783884008946
1,23,21000.0,0.33027280526062
1,23,22000.0,0.3
1,23,23000.0,0.33745151781009
1,23,24000.0,0.36018576009198
1,23,25000.0,0.36573284114819
1,23,26000.0,0.16136161933297
1,23,27000.0,0.31957605550481
1,23,28000.0,0.33771649939882
1,23,29000.0,0.35417051038745
1,23,30000.0,0.35996599882771
1,23,31000.0,0.34879567889023
1,23,32000.0,0.30912716176246
1,23,33000.0,0.34021280175244
1,23,34000.0,0.3
1,23,35000.0,0.34765559443188
1,23,36000.0,0.34955330137657
1,23,37000.0,0.3
1,23,38000.0,0.35322913114002
1,23,39000.0,0.37284861658123
1,23,40000.0,0.34788121460104
1,23,41000.0,0.34616690978166
1,23,42000.0,0.30767628286858
1,23,43000.0,0.33960946317736
1,23,44000.0,0.37861739782868
1,23,45000.0,0.36885238920658
1,23,46000.0,0.35217903046329
1,23,47000.0,0.32641502893896
1,23,48000.0,0.2044987711812
1,23,49000.0,0.34229667429222
1,23,50000.0,0.33377106643447
1,24,5000.0,0.014589334017114
1,24,6000.0,0.05956302451442
1,24,7000.0,0.047537819826971
1,24,8000.0,0.052017404642624
1,24,9000.0,0.082401859772082
1,24,10000.0,0.054694959798329
1,24,11000.0,0.017716864365925
1,24,12000.0,-0.1699143614794
1,24,13000.0,0.051913652463198
1,24,14000.0,0.062097030001351
1,24,15000.0,0.042115161554431
1,24,16000.0,-0.12217208686109
1,24,17000.0,0.015644350628127
1,24,18000.0,0.047175898714081
1,24,19000.0,0.043333224054485
1,24,20000.0,0.077636673877418
1,24,21000.0,0.040101422216471
1,24,22000.0,0.3
1,24,23000.0,0.38561022589354
1,24,24000.0,0.24085709018582
1,24,25000.0,0.38406829542611
1,24,26000.0,0.37835662833954
1,24,27000.0,0.36159730578134
1,24,28000.0,0.36178837003935
1,24,29000.0,0.40081340595666
1,24,30000.0,0.38854082374933
1,24,31000.0,0.39617297089658
1,24,32000.0,0.3602851907019
1,24,33000.0,0.3681318337129
1,24,34000.0,0.38682605535886
1,24,35000.0,0.38908699661609
1,24,36000.0,0.39371580243816
1,24,37000.0,0.35965997115545
1,24,38000.0,0.36110850812158
1,24,39000.0,0.38897596997766
1,24,40000.0,0.39005266376988
1,24,41000.0,0.39038634061302
1,24,42000.0,0.34465520151094
1,24,43000.0,0.38177877665537
1,24,44000.0,0.38453311806625
1,24,45000.0,0.393405800502
1,24,46000.0,0.36333482953945
1,24,47000.0,0.34569859067185
1,24,48000.0,0.38425134648885
1,24,49000.0,0.38681141302975
1,24,50000.0,0.37783209307517
2,0,5000.0,0.0037801913002821
2,0,6000.0,0.09339171512686
2,0,7000.0,0.057189099658538
2,0,8000.0,0.058482254604046
2,0,9000.0,0.1021816292748
2,0,10000.0,0.056415629461498
2,0,11000.0,0.076401608356962
2,0,12000.0,0.04678576683606
2,0,13000.0,0.084539135775822
2,0,14000.0,0.093454022798694
2,0,15000.0,0.082028668941879
2,0,16000.0,0.057651397899591
2,0,17000.0,0.055461603405158
2,0,18000.0,0.099451698269367
2,0,19000.0,0.085021879361769
2,0,20000.0,0.082246589175233
2,0,21000.0,0.070775964947633
2,0,22000.0,0.041518416954142
2,0,23000.0,0.063771932688613
2,0,24000.0,0.11152803832259
2,0,25000.0,0.072127794839178
2,0,26000.0,0.06440773801571
2,0,27000.0,0.033827340918915
2,0,28000.0,0.083741260617375
2,0,29000.0,0.089172542635116
2,0,30000.0,0.39607168902479
2,0,31000.0,0.39634074625012
2,0,32000.0,0.33505827657306
2,0,33000.0,0.37657078818767
2,0,34000.0,0.32476190939829
2,0,35000.0,0.37825979541034
2,0,36000.0,-0.063745492427425
2,0,37000.0,0.34242967410305
2,0,38000.0,0.38259175078269
2,0,39000.0,0.36938099267685
2,0,40000.0,0.38572307152595
2,0,41000.0,0.38570288024037
2,0,42000.0,0.33649568940525
2,0,43000.0,0.35829370552861
2,0,44000.0,0.35690392161541
2,0,45000.0,0.40658490200168
2,0,46000.0,0.4037307945371
2,0,47000.0,0.31191003354569
2,0,48000.0,0.3569183542568
2,0,49000.0,0.37460980336341
2,0,50000.0,0.405126586099
2,1,5000.0,0.0
2,1,6000.0,-0.62056002426626
2,1,7000.0,-0.61491755002041
2,1,8000.0,-0.63704596847924
2,1,9000.0,-0.42103257927764
2,1,10000.0,-0.51111947619282
2,1,11000.0,-0.58806219878436
2,1,12000.0,-0.19700051085638
2,1,13000.0,0.045753032590368
2,1,14000.0,0.21993188350831
2,1,15000.0,0.075479272604641
2,1,16000.0,0.17063018237458
2,1,17000.0,0.33154507058623
2,1,18000.0,0.20319635413352
2,1,19000.0,0.35652363879165
2,1,20000.0,0.37355043822916
2,1,21000.0,0.13902272589256
2,1,22000.0,0.31880220365949
2,1,23000.0,0.348376120707
2,1,24000.0,0.080881178162411
2,1,25000.0,0.3363780215616
2,1,26000.0,0.35835781480009
2,1,27000.0,0.16320501449462
2,1,28000.0,0.37268954466641
2,1,29000.0,0.23804872891915
2,1,30000.0,0.22843600732425
2,1,31000.0,0.21086456289136
2,1,32000.0,0.1706799054454
2,1,33000.0,0.21000544953461
2,1,34000.0,0.22506885890378
2,1,35000.0,0.25387896148896
2,1,36000.0,-0.082027987896409
2,1,37000.0,0.18654299623414
2,1,38000.0,0.25815639715514
2,1,39000.0,0.23361616290197
2,1,40000.0,0.25468914738612
2,1,41000.0,0.25086842369362
2,1,42000.0,0.20329700775307
2,1,43000.0,0.20029782095776
2,1,44000.0,0.26171430545925
2,1,45000.0,0.25986735839832
2,1,46000.0,0.22529461770853
2,1,47000.0,0.1662357692276
2,1,48000.0,0.24297531309353
2,1,49000.0,0.10470902237481
2,1,50000.0,0.25781082222582
2,2,5000.0,0.0
2,2,6000.0,0.055176020911421
2,2,7000.0,-0.63100051661328
2,2,8000.0,-0.61822718135369
2,2,9000.0,-0.62707254076242
2,2,10000.0,-0.66132066760379
2,2,11000.0,-0.40920433218435
2,2,12000.0,-0.2
2,2,13000.0,0.02953561190601
2,2,14000.0,-0.10074367677067
2,2,15000.0,0.055621966881996
2,2,16000.0,0.31894329503408
2,2,17000.0,0.12064576491811
2,2,18000.0,-0.13433033344558
2,2,19000.0,0.068222530274336
2,2,20000.0,0.19621005631471
2,2,21000.0,-0.16569813871084
2,2,22000.0,0.13526395536548
2,2,23000.0,0.066048449863423
2,2,24000.0,0.2251025546342
2,2,25000.0,-0.11528636031411
2,2,26000.0,0.1992557844625
2,2,27000.0,0.32460561802409
2,2,28000.0,0.21443947166485
2,2,29000.0,0.22900800064759
2,2,30000.0,-0.10728722724139
2,2,31000.0,0.21061747681825
2,2,32000.0,0.15871943026321
2,2,33000.0,0.18868444176301
2,2,34000.0,0.2064979082634
2,2,35000.0,0.19839363810252
2,2,36000.0,0.20759357368631
2,2,37000.0,0.12432098191866
2,2,38000.0,0.22418635913452
2,2,39000.0,0.19163676290159
2,2,40000.0,0.21653608386401
2,2,41000.0,0.1967645259066
2,2,42000.0,0.16553449970569
2,2,43000.0,0.17525675994392
2,2,44000.0,0.21795838712027
2,2,45000.0,0.23977197714911
2,2,46000.0,0.2319032303307
2,2,47000.0,0.1
2,2,48000.0,0.22743731101812
2,2,49000.0,0.26893150426943
2,2,50000.0,0.25887062528396
2,4,5000.0,0.0
2,4,6000.0,0.053725812770494
2,4,7000.0,0.02814670060985
2,4,8000.0,0.045894017648975
2,4,9000.0,0.056844899447707
2,4,10000.0,0.057883381016915
2,4,11000.0,0.055492688225971
2,4,12000.0,0.019125022046881
2,4,13000.0,0.043830581825322
2,4,14000.0,0.05809929777602
2,4,15000.0,0.35412070631319
2,4,16000.0,0.34961751516747
2,4,17000.0,0.30884577143945
2,4,18000.0,0.34359109632132
2,4,19000.0,0.063279739151382
2,4,20000.0,0.35575771954431
2,4,21000.0,0.32543083197622
2,4,22000.0,0.31316868509814
2,4,23000.0,0.33709314648972
2,4,24000.0,0.35262089127285
2,4,25000.0,0.040091319781683
2,4,26000.0,0.34627746500192
2,4,27000.0,0.31659305462922
2,4,28000.0,0.34680327957211
2,4,29000.0,0.33997290374716
2,4,30000.0,0.3513552028393
2,4,31000.0,0.35014991907014
2,4,32000.0,0.0092162637871188
2,4,33000.0,0.34274028023364
2,4,34000.0,0.3542178331299
2,4,35000.0,0.35823899331795
2,4,36000.0,0.35112341749909
2,4,37000.0,0.11829543343984
2,4,38000.0,0.3508611957002
2,4,39000.0,0.35496309384243
2,4,40000.0,0.18800350877769
2,4,41000.0,0.35162210717064
2,4,42000.0,0.32130598942735
2,4,43000.0,0.33201821817158
2,4,44000.0,0.35908372211349
2,4,45000.0,0.3572702715175
2,4,46000.0,0.35430285681282
2,4,47000.0,0.3
2,4,48000.0,0.34722564363047
2,4,49000.0,0.3619975262503
2,4,50000.0,0.34586835356707
2,5,5000.0,0.018861963166259
2,5,6000.0,0.082960202127061
2,5,7000.0,0.050857063039678
2,5,8000.0,0.080864151680192
2,5,9000.0,0.11120434610113
2,5,10000.0,-0.62764822409305
2,5,11000.0,-0.6501305387288
2,5,12000.0,0.040976041907509
2,5,13000.0,0.011133341136452
2,5,14000.0,0.096445612484433
2,5,15000.0,0.059633774675651
2,5,16000.0,0.057951949840222
2,5,17000.0,0.06323580961552
2,5,18000.0,0.053230881516513
2,5,19000.0,0.2536074420491
2,5,20000.0,0.23535295427648
2,5,21000.0,0.22417185571924
2,5,22000.0,0.17750791412016
2,5,23000.0,0.15012340748569
2,5,24000.0,0.27005251231817
2,5,25000.0,0.21045207399726
2,5,26000.0,0.23610585218874
2,5,27000.0,0.1
2,5,28000.0,0.34862344550195
2,5,29000.0,0.29859004452033
2,5,30000.0,0.19168728157021
2,5,31000.0,0.28191121364091
2,5,32000.0,0.21965812980045
2,5,33000.0,0.21609198944787
2,5,34000.0,0.19910970759487
2,5,35000.0,0.21525000511479
2,5,36000.0,0.2834944662027
2,5,37000.0,0.21802254475187
2,5,38000.0,0.26946515792118
2,5,39000.0,0.27350760111655
2,5,40000.0,0.25616851028317
2,5,41000.0,0.29486762400564
2,5,42000.0,0.19574737302343
2,5,43000.0,0.21817317141971
2,5,44000.0,0.25669348240058
2,5,45000.0,0.30019472260461
2,5,46000.0,0.3013020876531
2,5,47000.0,0.1
2,5,48000.0,0.10470431607901
2,5,49000.0,0.25612145449485
2,5,50000.0,0.2843389353493
2,6,5000.0,0.020006984521321
2,6,6000.0,0.050045983974792
2,6,7000.0,-0.17495641336344
2,6,8000.0,0.035032866213753
2,6,9000.0,0.061779086011001
2,6,10000.0,0.058631367664599
2,6,11000.0,-0.62893942863187
2,6,12000.0,0.0
2,6,13000.0,0.073273141475533
2,6,14000.0,0.064093869992677
2,6,15000.0,0.3395707821769
2,6,16000.0,0.34167751738687
2,6,17000.0,0.32278409243702
2,6,18000.0,0.33888167928128
2,6,19000.0,0.34605550141722
2,6,20000.0,0.36017411784227
2,6,21000.0,0.33897274818739
2,6,22000.0,0.30184368500161
2,6,23000.0,0.34752930768638
2,6,24000.0,0.38020581338836
2,6,25000.0,0.3590977394939
2,6,26000.0,0.32708359683752
2,6,27000.0,0.3
2,6,28000.0,0.35531329460972
2,6,29000.0,0.34931043806108
2,6,30000.0,0.35996271289953
2,6,31000.0,0.34621742919096
2,6,32000.0,0.31669319608135
2,6,33000.0,0.36088721885882
2,6,34000.0,0.31243302428748
2,6,35000.0,0.36702591481992
2,6,36000.0,0.37727859916776
2,6,37000.0,0.34444089213002
2,6,38000.0,0.38103057768373
2,6,39000.0,0.35924843507486
2,6,40000.0,0.3958906416272
2,6,41000.0,0.38453539118183
2,6,42000.0,0.3
2,6,43000.0,0.39243413458484
2,6,44000.0,-0.083349885865439
2,6,45000.0,-0.6018529877737
2,6,46000.0,-0.64416424872427
2,6,47000.0,-0.66666666666667
2,6,48000.0,-0.59131263242165
2,6,49000.0,-0.6005307196719
2,6,50000.0,-0.59817467407734
2,7,5000.0,0.0033350213794981
2,7,6000.0,0.047544341307151
2,7,7000.0,0.024978097954945
2,7,8000.0,0.014173089511611
2,7,9000.0,0.059796922035309
2,7,10000.0,0.051249030122399
2,7,11000.0,0.054512422176784
2,7,12000.0,0.0
2,7,13000.0,0.059867559352115
2,7,14000.0,0.092570249024595
2,7,15000.0,0.067780951140866
2,7,16000.0,0.057880246242945
2,7,17000.0,0.063411622446367
2,7,18000.0,0.0702125610726
2,7,19000.0,0.054059225891538
2,7,20000.0,0.38635804722369
2,7,21000.0,0.38007240348699
2,7,22000.0,0.34330707481158
2,7,23000.0,0.33489323123947
2,7,24000.0,0.3859103071427
2,7,25000.0,-0.10383255529286
2,7,26000.0,0.37281772803195
2,7,27000.0,0.32397501806821
2,7,28000.0,-0.1226504516171
2,7,29000.0,0.38461973856184
2,7,30000.0,0.37979588178542
2,7,31000.0,0.37995584637441
2,7,32000.0,0.35228800129638
2,7,33000.0,0.34667756830586
2,7,34000.0,-0.11794743911209
2,7,35000.0,0.38387697077401
2,7,36000.0,0.38470374006719
2,7,37000.0,0.33098015535389
2,7,38000.0,-0.094711041863846
2,7,39000.0,0.38957502353093
2,7,40000.0,0.36803446528416
2,7,41000.0,0.35236677782729
2,7,42000.0,0.35592257360356
2,7,43000.0,0.3539200066893
2,7,44000.0,0.38568281981291
2,7,45000.0,0.38718037774897
2,7,46000.0,0.38227091178293
2,7,47000.0,0.13601661384318
2,7,48000.0,0.36278457216515
2,7,49000.0,0.3749338425065
2,7,50000.0,0.23716369948562
2,8,5000.0,0.0
2,8,6000.0,0.090471415929275
2,8,7000.0,-0.59783908499341
2,8,8000.0,-0.58389489333972
2,8,9000.0,-0.564356413268
2,8,10000.0,-0.61986481968216
2,8,11000.0,-0.34932387058893
2,8,12000.0,-0.15010412801224
2,8,13000.0,0.74589426685341
2,8,14000.0,-0.056647960077901
2,8,15000.0,0.082808987054343
2,8,16000.0,0.21272199889502
2,8,17000.0,-0.10070628933686
2,8,18000.0,0.38633527717839
2,8,19000.0,0.076665849455317
2,8,20000.0,0.40439541665597
2,8,21000.0,0.38922140944683
2,8,22000.0,0.34734488001473
2,8,23000.0,0.37462697650557
2,8,24000.0,0.28520285649401
2,8,25000.0,0.37453822514365
2,8,26000.0,0.38736383737093
2,8,27000.0,0.35597501545687
2,8,28000.0,0.3692048638894
2,8,29000.0,0.3899036249933
2,8,30000.0,0.40174460376182
2,8,31000.0,-0.06231480561777
2,8,32000.0,0.37272400918233
2,8,33000.0,0.098930847653356
2,8,34000.0,0.38961127326634
2,8,35000.0,0.2899627591614
2,8,36000.0,0.29717779677148
2,8,37000.0,0.2250719476027
2,8,38000.0,0.26899788796721
2,8,39000.0,0.2877602488529
2,8,40000.0,0.27477000350404
2,8,41000.0,0.41144983470123
2,8,42000.0,0.38421070365239
2,8,43000.0,0.3822934972378
2,8,44000.0,0.42523614781767
2,8,45000.0,0.42781102353654
2,8,46000.0,0.41692319413609
2,8,47000.0,0.19000013067578
2,8,48000.0,0.40369183784881
2,8,49000.0,0.13109868385098
2,8,50000.0,0.12326429720568
2,9,5000.0,0.069554365505256
2,9,6000.0,0.052318686573228
2,9,7000.0,0.049342861720919
2,9,8000.0,-0.66883206863677
2,9,9000.0,-0.38079719765155
2,9,10000.0,-0.52686836107115
2,9,11000.0,-0.59971905988078
2,9,12000.0,-0.62060735604439
2,9,13000.0,-0.4309486385311
2,9,14000.0,-0.49639269502257
2,9,15000.0,-0.62945660358445
2,9,16000.0,-0.59711797161713
2,9,17000.0,-0.53894667561177
2,9,18000.0,-0.41164987794765
2,9,19000.0,-0.57067211758099
2,9,20000.0,-0.48304775980119
2,9,21000.0,-0.35995315681729
2,9,22000.0,0.34610489015687
2,9,23000.0,-0.10417256343609
2,9,24000.0,0.390398493793
2,9,25000.0,0.069879066357589
2,9,26000.0,0.23748678832783
2,9,27000.0,0.33928441832119
2,9,28000.0,0.052094274211142
2,9,29000.0,0.38011213267295
2,9,30000.0,0.098926300969678
2,9,31000.0,0.098402372308011
2,9,32000.0,0.19798301696963
2,9,33000.0,0.063674671666636
2,9,34000.0,0.096587735270129
2,9,35000.0,0.10207437018078
2,9,36000.0,0.099632367921487
2,9,37000.0,0.068781739376023
2,9,38000.0,0.20924590915835
2,9,39000.0,0.10469356376467
2,9,40000.0,0.10081694139322
2,9,41000.0,0.089103875306893
2,9,42000.0,0.0775104358504
2,9,43000.0,0.088666293686403
2,9,44000.0,0.10556108169453
2,9,45000.0,0.10670473026656
2,9,46000.0,0.10678208282428
2,9,47000.0,0.082627847215199
2,9,48000.0,0.093722992287962
2,9,49000.0,0.10602789538616
2,9,50000.0,0.10620328781368
2,10,5000.0,0.053212403155339
2,10,6000.0,0.079570199613354
2,10,7000.0,0.015450903576002
2,10,8000.0,0.080132588897007
2,10,9000.0,0.061454622089355
2,10,10000.0,0.043881009255345
2,10,11000.0,0.050818488914802
2,10,12000.0,-0.15963056480126
2,10,13000.0,0.0337301414828
2,10,14000.0,0.059027214259755
2,10,15000.0,0.089536460269479
2,10,16000.0,0.057842850736521
2,10,17000.0,0.018655478134929
2,10,18000.0,0.08295611235599
2,10,19000.0,0.066157090084139
2,10,20000.0,0.083345591072911
2,10,21000.0,0.034774396059408
2,10,22000.0,0.027733764996216
2,10,23000.0,0.077232504825116
2,10,24000.0,0.087883950685737
2,10,25000.0,0.049107421308019
2,10,26000.0,0.37658019692989
2,10,27000.0,0.30898501049652
2,10,28000.0,-0.14281782914717
2,10,29000.0,0.3662753811093
2,10,30000.0,0.38623059501734
2,10,31000.0,0.35302649154633
2,10,32000.0,0.33074144695793
2,10,33000.0,0.3618758418723
2,10,34000.0,0.36862649520372
2,10,35000.0,0.37528028859431
2,10,36000.0,0.37164382068637
2,10,37000.0,0.32848076139087
2,10,38000.0,0.38437615524923
2,10,39000.0,0.37568696145315
2,10,40000.0,0.37599066344987
2,10,41000.0,0.38513542766017
2,10,42000.0,0.33254126141325
2,10,43000.0,0.37044717119852
2,10,44000.0,0.24041655296557
2,10,45000.0,0.38665243212654
2,10,46000.0,0.36267047601812
2,10,47000.0,0.14956610814976
2,10,48000.0,0.37718241710934
2,10,49000.0,0.22147269558632
2,10,50000.0,0.38519417518222
2,11,5000.0,-0.66666666666667
2,11,6000.0,-0.55732213963274
2,11,7000.0,-0.3618196193244
2,11,8000.0,-0.23024248970146
2,11,9000.0,-0.4733654922592
2,11,10000.0,-0.50280247883259
2,11,11000.0,-0.36453373665194
2,11,12000.0,0.042693943872962
2,11,13000.0,0.21711314835839
2,11,14000.0,0.3958705928837
2,11,15000.0,0.36391459063186
2,11,16000.0,0.35621631202676
2,11,17000.0,0.36184866065251
2,11,18000.0,0.37461550767094
2,11,19000.0,0.36322373278056
2,11,20000.0,0.39736492842545
2,11,21000.0,0.3476132194812
2,11,22000.0,0.33778472946707
2,11,23000.0,0.39170589868186
2,11,24000.0,0.40541331167648
2,11,25000.0,0.36613972482775
2,11,26000.0,0.3878756171002
2,11,27000.0,0.35835166815066
2,11,28000.0,0.4095707273712
2,11,29000.0,0.40792857354905
2,11,30000.0,0.41377335290894
2,11,31000.0,0.40496535798636
2,11,32000.0,0.35821058721345
2,11,33000.0,0.40015167156959
2,11,34000.0,0.39796510281449
2,11,35000.0,0.40408552467927
2,11,36000.0,0.4154331956354
2,11,37000.0,0.39104349354036
2,11,38000.0,0.42670605174803
2,11,39000.0,0.41364254226615
2,11,40000.0,0.41611456457812
2,11,41000.0,0.42919113830561
2,11,42000.0,0.24565957268815
2,11,43000.0,0.42391985790986
2,11,44000.0,0.41319265727275
2,11,45000.0,0.43153337257396
2,11,46000.0,-0.038035518214848
2,11,47000.0,0.34604638627607
2,11,48000.0,0.40754977541942
2,11,49000.0,0.43427335327634
2,11,50000.0,0.43572086630139
2,12,5000.0,0.0013709142067197
2,12,6000.0,0.031479054607779
2,12,7000.0,0.030516053060932
2,12,8000.0,0.031578248717032
2,12,9000.0,0.020827987774307
2,12,10000.0,-0.1433543899485
2,12,11000.0,0.062235369849175
2,12,12000.0,0.0
2,12,13000.0,-0.19481608502518
2,12,14000.0,0.06708350369593
2,12,15000.0,0.049997844197583
2,12,16000.0,0.038989660881962
2,12,17000.0,0.02567151324969
2,12,18000.0,0.33822515467645
2,12,19000.0,0.30343742373907
2,12,20000.0,0.36685473854365
2,12,21000.0,0.31915693126371
2,12,22000.0,0.31635624951561
2,12,23000.0,0.35227299482728
2,12,24000.0,0.36084254185229
2,12,25000.0,0.18220706941113
2,12,26000.0,0.35103458013002
2,12,27000.0,0.31732277826178
2,12,28000.0,0.34679780456967
2,12,29000.0,0.075249518725545
2,12,30000.0,0.35276077902824
2,12,31000.0,0.36316578854816
2,12,32000.0,0.31661944461124
2,12,33000.0,0.33298415535241
2,12,34000.0,0.05554043483615
2,12,35000.0,0.36968618085096
2,12,36000.0,0.35587065445142
2,12,37000.0,0.31852286786562
2,12,38000.0,0.3749316366267
2,12,39000.0,0.35729067408981
2,12,40000.0,0.37996079919041
2,12,41000.0,0.20904361602459
2,12,42000.0,0.34365040676499
2,12,43000.0,0.34957059726649
2,12,44000.0,0.38340811816916
2,12,45000.0,0.37362121261198
2,12,46000.0,0.38079232853161
2,12,47000.0,0.31666962613838
2,12,48000.0,0.35493274446267
2,12,49000.0,0.38174189881148
2,12,50000.0,0.38512530670601
2,13,5000.0,0.3
2,13,6000.0,0.071168274912044
2,13,7000.0,0.018148697509007
2,13,8000.0,0.044814705532429
2,13,9000.0,0.072855672400457
2,13,10000.0,0.055371822684049
2,13,11000.0,-0.62778361778961
2,13,12000.0,0.034467669351217
2,13,13000.0,0.71614662319306
2,13,14000.0,0.075525757307672
2,13,15000.0,0.05965901301456
2,13,16000.0,0.022261805610212
2,13,17000.0,0.0093004657695514
2,13,18000.0,0.066180427624452
2,13,19000.0,0.054350197840541
2,13,20000.0,0.068616926846404
2,13,21000.0,0.035614561119893
2,13,22000.0,0.0
2,13,23000.0,0.04658642601116
2,13,24000.0,0.089626141426789
2,13,25000.0,0.050553995104992
2,13,26000.0,0.05605850038713
2,13,27000.0,0.0062205690539943
2,13,28000.0,0.063653869785164
2,13,29000.0,0.065608101415646
2,13,30000.0,0.082719735239206
2,13,31000.0,0.06788053444994
2,13,32000.0,0.00022971798574128
2,13,33000.0,0.08234212848465
2,13,34000.0,0.049688428224859
2,13,35000.0,0.093348985578424
2,13,36000.0,0.082288422797804
2,13,37000.0,0.0018091749281151
2,13,38000.0,0.095328187606399
2,13,39000.0,0.06629877623087
2,13,40000.0,0.067289222114657
2,13,41000.0,0.066519494680154
2,13,42000.0,0.013373163251975
2,13,43000.0,0.056865887548462
2,13,44000.0,0.06593162698045
2,13,45000.0,0.10134638245408
2,13,46000.0,0.060262377751665
2,13,47000.0,-0.2
2,13,48000.0,0.31666579196312
2,13,49000.0,0.063976939304783
2,13,50000.0,0.091857795981976
2,14,5000.0,0.0
2,14,6000.0,0.061341906012156
2,14,7000.0,0.33722987998988
2,14,8000.0,0.014188337213735
2,14,9000.0,0.049089042364152
2,14,10000.0,0.065770499069718
2,14,11000.0,0.077955110882645
2,14,12000.0,0.0
2,14,13000.0,0.051421258139625
2,14,14000.0,0.1113844930486
2,14,15000.0,0.074531324195941
2,14,16000.0,0.045324876397334
2,14,17000.0,0.071656589748906
2,14,18000.0,0.039676436593122
2,14,19000.0,0.33762147961754
2,14,20000.0,0.39855297798234
2,14,21000.0,0.36486464535763
2,14,22000.0,0.32366568468075
2,14,23000.0,0.35791869791177
2,14,24000.0,0.39533417561324
2,14,25000.0,0.38098893507711
2,14,26000.0,0.33853403610756
2,14,27000.0,0.3587601000256
2,14,28000.0,0.3700579043672
2,14,29000.0,0.37499203991387
2,14,30000.0,0.37254216845324
2,14,31000.0,-0.60555321026338
2,14,32000.0,0.35391508146959
2,14,33000.0,0.37041117134778
2,14,34000.0,0.38624064649592
2,14,35000.0,0.39656334458996
2,14,36000.0,0.3756095925083
2,14,37000.0,0.35238951271222
2,14,38000.0,0.39918944960261
2,14,39000.0,0.39595050927683
2,14,40000.0,0.39529009905498
2,14,41000.0,0.40183323491155
2,14,42000.0,0.36668136786714
2,14,43000.0,0.3880263695768
2,14,44000.0,0.40458376948154
2,14,45000.0,0.40724620236744
2,14,46000.0,0.40478468664657
2,14,47000.0,0.059435487264106
2,14,48000.0,0.39167120140108
2,14,49000.0,0.40874181655265
2,14,50000.0,0.39622644375102
2,15,5000.0,0.066289960988834
2,15,6000.0,0.078550613095893
2,15,7000.0,0.027276833260287
2,15,8000.0,0.069607508987782
2,15,9000.0,0.087037490760423
2,15,10000.0,0.054092143345817
2,15,11000.0,0.052564553742841
2,15,12000.0,-0.62433938517782
2,15,13000.0,-0.61506090682413
2,15,14000.0,-0.37910530157155
2,15,15000.0,-0.60647392212028
2,15,16000.0,-0.63769533195769
2,15,17000.0,-0.54631966778892
2,15,18000.0,-0.43992603024642
2,15,19000.0,-0.58476888503367
2,15,20000.0,-0.58578632937077
2,15,21000.0,-0.36891968319847
2,15,22000.0,0.03101544846177
2,15,23000.0,0.16536736572946
2,15,24000.0,-0.081437902923793
2,15,25000.0,0.078605849572906
2,15,26000.0,0.35497525041118
2,15,27000.0,0.16203176431674
2,15,28000.0,0.030004732106506
2,15,29000.0,0.084905046133991
2,15,30000.0,0.34039136561225
2,15,31000.0,0.37958468060239
2,15,32000.0,0.3505320756064
2,15,33000.0,0.3531818379627
2,15,34000.0,0.069079424099432
2,15,35000.0,0.36051046379136
2,15,36000.0,0.38551121216522
2,15,37000.0,0.35360924836139
2,15,38000.0,-0.096744983344765
2,15,39000.0,0.37660868724982
2,15,40000.0,0.38777994483283
2,15,41000.0,-0.083834571645015
2,15,42000.0,0.35404451016281
2,15,43000.0,0.36178163395264
2,15,44000.0,0.38111333505176
2,15,45000.0,0.39417842410843
2,15,46000.0,-0.076755744505208
2,15,47000.0,0.34372569206491
2,15,48000.0,0.36452589352581
2,15,49000.0,0.35605258412696
2,15,50000.0,0.38566994465598
2,16,5000.0,-0.38064818690233
2,16,6000.0,-0.38750273582928
2,16,7000.0,-0.40501589236134
2,16,8000.0,-0.61836420286457
2,16,9000.0,-0.62466789831523
2,16,10000.0,-0.37999856649135
2,16,11000.0,-0.58090649887827
2,16,12000.0,0.11951675990965
2,16,13000.0,0.031001362260054
2,16,14000.0,0.23504077817494
2,16,15000.0,-0.13079986023376
2,16,16000.0,0.054895313027603
2,16,17000.0,0.20360140829785
2,16,18000.0,0.051469553172053
2,16,19000.0,-0.097933793213657
2,16,20000.0,0.25429880237859
2,16,21000.0,0.22465010194463
2,16,22000.0,0.34141141867539
2,16,23000.0,0.065437977301301
2,16,24000.0,0.25436343832428
2,16,25000.0,-0.1029244787789
2,16,26000.0,0.19844054580826
2,16,27000.0,0.18097383841362
2,16,28000.0,0.053808251812866
2,16,29000.0,0.2294293221918
2,16,30000.0,0.36961296424171
2,16,31000.0,0.092697245170083
2,16,32000.0,0.1703399082811
2,16,33000.0,0.20029989012567
2,16,34000.0,0.20682146015706
2,16,35000.0,0.24573158916083
2,16,36000.0,0.21845447959874
2,16,37000.0,0.15219281110193
2,16,38000.0,0.21243198826529
2,16,39000.0,0.24809503147913
2,16,40000.0,0.22670117330165
2,16,41000.0,0.2074367571764
2,16,42000.0,0.19005308963943
2,16,43000.0,0.17598020883472
2,16,44000.0,0.24497202735385
2,16,45000.0,0.24973963200938
2,16,46000.0,0.2546182501838
2,16,47000.0,0.13215049901282
2,16,48000.0,0.22991516079071
2,16,49000.0,0.23753486174453
2,16,50000.0,0.23618857825147
2,17,5000.0,0.0369575431401
2,17,6000.0,0.044635711848925
2,17,7000.0,0.03247155903173
2,17,8000.0,0.048935746391775
2,17,9000.0,0.057358531042388
2,17,10000.0,0.043669867692754
2,17,11000.0,0.071209547074787
2,17,12000.0,0.008053371995471
2,17,13000.0,0.020229129350381
2,17,14000.0,0.083128830283058
2,17,15000.0,0.05635768863186
2,17,16000.0,0.041208609444253
2,17,17000.0,0.027042473098872
2,17,18000.0,0.042658913202352
2,17,19000.0,0.064675857190573
2,17,20000.0,-0.093008881863335
2,17,21000.0,0.039681427084618
2,17,22000.0,0.012902653459157
2,17,23000.0,0.063830512833245
2,17,24000.0,0.085093067331345
2,17,25000.0,0.36334867261782
2,17,26000.0,0.34102069909208
2,17,27000.0,0.34539970966016
2,17,28000.0,0.36764629611796
2,17,29000.0,0.36571994700277
2,17,30000.0,0.36173833826034
2,17,31000.0,0.36971879893323
2,17,32000.0,0.34067339062989
2,17,33000.0,0.36073666299193
2,17,34000.0,0.37099126778931
2,17,35000.0,0.10533085457678
2,17,36000.0,0.38396167178143
2,17,37000.0,0.3418318621114
2,17,38000.0,0.38846175181991
2,17,39000.0,0.39001481436355
2,17,40000.0,0.3916329307514
2,17,41000.0,0.38570401749696
2,17,42000.0,0.36609341876847
2,17,43000.0,0.37872405358828
2,17,44000.0,0.390548088158
2,17,45000.0,0.38973378562985
2,17,46000.0,0.39023348933223
2,17,47000.0,0.34444613712568
2,17,48000.0,0.38707641846323
2,17,49000.0,0.39246138753118
2,17,50000.0,0.38524276223211
2,18,5000.0,0.048427985091236
2,18,6000.0,0.089847678851229
2,18,7000.0,-0.15932520721704
2,18,8000.0,0.082855794595041
2,18,9000.0,0.088496395294987
2,18,10000.0,0.082783287880003
2,18,11000.0,-0.52714683442735
2,18,12000.0,0.025033317952075
2,18,13000.0,0.074880091788251
2,18,14000.0,0.087131586752456
2,18,15000.0,0.35985994526719
2,18,16000.0,0.1899997739924
2,18,17000.0,0.034575523214542
2,18,18000.0,0.061659364080943
2,18,19000.0,0.061831563974272
2,18,20000.0,0.08122367875453
2,18,21000.0,0.058212970553403
2,18,22000.0,0.024648445498867
2,18,23000.0,0.35603299510574
2,18,24000.0,0.38248937902746
2,18,25000.0,0.36036018610882
2,18,26000.0,0.3674158678758
2,18,27000.0,0.31876459228989
2,18,28000.0,0.36681181248433
2,18,29000.0,0.37868918131144
2,18,30000.0,0.20357429324013
2,18,31000.0,0.36516201012851
2,18,32000.0,0.31104327856809
2,18,33000.0,0.36348844685855
2,18,34000.0,0.32076958376009
2,18,35000.0,0.36134558982335
2,18,36000.0,0.37466232029239
2,18,37000.0,0.30398163500321
2,18,38000.0,0.37234437802562
2,18,39000.0,0.3389136653514
2,18,40000.0,0.37590269545638
2,18,41000.0,0.38375723041652
2,18,42000.0,0.1
2,18,43000.0,0.34876117227927
2,18,44000.0,0.37506845457925
2,18,45000.0,0.40448052768895
2,18,46000.0,0.33742083379044
2,18,47000.0,0.3
2,18,48000.0,0.37263507894113
2,18,49000.0,0.40093474036511
2,18,50000.0,0.41839844081713
2,19,5000.0,0.048156450995397
2,19,6000.0,0.10594204539284
2,19,7000.0,0.060147307246152
2,19,8000.0,0.06939445235576
2,19,9000.0,0.10379642338352
2,19,10000.0,0.077414714642812
2,19,11000.0,0.073707831714853
2,19,12000.0,0.046879930854563
2,19,13000.0,0.066544415124255
2,19,14000.0,0.051853540119032
2,19,15000.0,0.080824236786253
2,19,16000.0,0.059633937918398
2,19,17000.0,0.030942621700929
2,19,18000.0,0.097175201764673
2,19,19000.0,0.10879281072261
2,19,20000.0,0.062246460772433
2,19,21000.0,0.046834149635837
2,19,22000.0,0.061227633745708
2,19,23000.0,0.10896053934559
2,19,24000.0,0.11248889617452
2,19,25000.0,0.11481881654665
2,19,26000.0,0.091939989731605
2,19,27000.0,0.062620550494834
2,19,28000.0,0.10410968322477
2,19,29000.0,0.10925919306279
2,19,30000.0,0.12397314054233
2,19,31000.0,0.11173916444272
2,19,32000.0,0.070495246663433
2,19,33000.0,0.10272331600166
2,19,34000.0,0.10714079728471
2,19,35000.0,0.12945092835355
2,19,36000.0,0.11884028218318
2,19,37000.0,0.078421132131085
2,19,38000.0,0.12307381506207
2,19,39000.0,0.12608716649267
2,19,40000.0,0.12334261467429
2,19,41000.0,0.12174621145002
2,19,42000.0,0.065904286212865
2,19,43000.0,0.12427503155373
2,19,44000.0,0.1267789190861
2,19,45000.0,0.1279686531795
2,19,46000.0,0.10507328306814
2,19,47000.0,-0.60728695465661
2,19,48000.0,-0.55089288873345
2,19,49000.0,-0.54685839233499
2,19,50000.0,-0.58613391697577
2,20,5000.0,0.031191079585719
2,20,6000.0,0.078378157266709
2,20,7000.0,0.15874130701036
2,20,8000.0,0.048631471858735
2,20,9000.0,0.036462647359096
2,20,10000.0,0.067459321574103
2,20,11000.0,0.08717497945447
2,20,12000.0,0.022887991783492
2,20,13000.0,0.056775722369512
2,20,14000.0,0.10122239987387
2,20,15000.0,0.083304187520114
2,20,16000.0,0.050491958712973
2,20,17000.0,0.058059769343159
2,20,18000.0,0.36012885275584
2,20,19000.0,0.37328886275502
2,20,20000.0,0.38734326724995
2,20,21000.0,0.35521472345766
2,20,22000.0,0.3329685856546
2,20,23000.0,0.38625355033518
2,20,24000.0,0.38532752939351
2,20,25000.0,0.36574647016298
2,20,26000.0,0.38107289899393
2,20,27000.0,0.35260762644619
2,20,28000.0,0.38837445237114
2,20,29000.0,0.38683622854877
2,20,30000.0,0.39624276813184
2,20,31000.0,0.38754681655736
2,20,32000.0,-0.10808609708428
2,20,33000.0,0.36959621918384
2,20,34000.0,0.39620735776199
2,20,35000.0,0.40547680336374
2,20,36000.0,0.3987778611946
2,20,37000.0,-0.11438088011155
2,20,38000.0,0.40334540022662
2,20,39000.0,0.40258320526762
2,20,40000.0,0.40623214145508
2,20,41000.0,0.40229124706626
2,20,42000.0,0.37387526661693
2,20,43000.0,0.38321946820618
2,20,44000.0,0.41049667203563
2,20,45000.0,0.40625494888206
2,20,46000.0,0.11570253989457
2,20,47000.0,0.35682570197569
2,20,48000.0,0.39837092327991
2,20,49000.0,0.40809540498219
2,20,50000.0,0.4092064909973
2,21,5000.0,0.074220014012026
2,21,6000.0,0.097053533462144
2,21,7000.0,0.050891341201204
2,21,8000.0,0.086297846907868
2,21,9000.0,0.08846957217421
2,21,10000.0,0.087306396121622
2,21,11000.0,0.090755035914114
2,21,12000.0,0.064669634980783
2,21,13000.0,0.087517053470863
2,21,14000.0,0.065446678280293
2,21,15000.0,0.1024250787355
2,21,16000.0,0.094214654193661
2,21,17000.0,0.032571792520138
2,21,18000.0,0.077697315071718
2,21,19000.0,0.093772490929477
2,21,20000.0,-0.10041996823247
2,21,21000.0,0.051983273638606
2,21,22000.0,0.054670577509573
2,21,23000.0,0.094672888225134
2,21,24000.0,0.085113387947572
2,21,25000.0,0.075520812080811
2,21,26000.0,0.077433298716082
2,21,27000.0,0.044324478340708
2,21,28000.0,0.071520993850235
2,21,29000.0,0.07609501408128
2,21,30000.0,0.098823923898926
2,21,31000.0,0.096653936013157
2,21,32000.0,0.027280670981378
2,21,33000.0,0.070024675141811
2,21,34000.0,0.10004660522396
2,21,35000.0,0.10245070509376
2,21,36000.0,0.3739434665163
2,21,37000.0,0.035803886173603
2,21,38000.0,0.078242483550023
2,21,39000.0,0.10036584883808
2,21,40000.0,0.083730867642972
2,21,41000.0,0.080248289006009
2,21,42000.0,0.041082356154421
2,21,43000.0,-0.11367887295736
2,21,44000.0,0.088511622342939
2,21,45000.0,0.38767849952864
2,21,46000.0,0.36426100315436
2,21,47000.0,-0.47320776327738
2,21,48000.0,-0.63567918753187
2,21,49000.0,-0.63393564694359
2,21,50000.0,-0.6123367459829
2,22,5000.0,0.0
2,22,6000.0,0.24603415598341
2,22,7000.0,0.07263379857826
2,22,8000.0,0.074559829408672
2,22,9000.0,0.10472228024933
2,22,10000.0,0.054233306126621
2,22,11000.0,0.35613058346589
2,22,12000.0,0.011346240542816
2,22,13000.0,0.025865921381762
2,22,14000.0,0.10746155576483
2,22,15000.0,0.059052008317214
2,22,16000.0,0.056703001923747
2,22,17000.0,0.34772568528122
2,22,18000.0,0.39237981696498
2,22,19000.0,0.38081587369423
2,22,20000.0,0.39568173517684
2,22,21000.0,0.37030476779227
2,22,22000.0,0.36201898771218
2,22,23000.0,0.37701408664986
2,22,24000.0,0.40297392032391
2,22,25000.0,0.23904978556089
2,22,26000.0,0.40100174450976
2,22,27000.0,0.34001149231966
2,22,28000.0,0.38024152844794
2,22,29000.0,0.41827981129778
2,22,30000.0,-0.059178826895284
2,22,31000.0,0.3940933225573
2,22,32000.0,0.37919164416125
2,22,33000.0,0.40108195478166
2,22,34000.0,0.38674523919647
2,22,35000.0,0.39220411026683
2,22,36000.0,0.40964881545725
2,22,37000.0,0.39963788523202
2,22,38000.0,0.39767581279397
2,22,39000.0,0.4119700404985
2,22,40000.0,0.40497196898423
2,22,41000.0,-0.03978695811464
2,22,42000.0,0.38448731786965
2,22,43000.0,0.4031416022146
2,22,44000.0,0.27287731541829
2,22,45000.0,0.41618501083095
2,22,46000.0,0.41901471977661
2,22,47000.0,0.35278489581051
2,22,48000.0,0.39648472310139
2,22,49000.0,0.42013233530624
2,22,50000.0,-0.027588897308626
2,23,5000.0,0.060798994789735
2,23,6000.0,0.094140141883136
2,23,7000.0,0.047202134856212
2,23,8000.0,0.76784362375319
2,23,9000.0,0.08745364388644
2,23,10000.0,-0.5923594228075
2,23,11000.0,-0.5898882359526
2,23,12000.0,0.058601070116429
2,23,13000.0,0.08441556756986
2,23,14000.0,0.059518333874945
2,23,15000.0,0.081981315589234
2,23,16000.0,0.079431695628887
2,23,17000.0,0.050404975774602
2,23,18000.0,0.089070341435817
2,23,19000.0,0.10827085966186
2,23,20000.0,0.089567329732311
2,23,21000.0,0.072643123871717
2,23,22000.0,0.35562060813663
2,23,23000.0,0.39395832017695
2,23,24000.0,0.22926270056926
2,23,25000.0,0.38958155679524
2,23,26000.0,0.37992270946013
2,23,27000.0,0.33662285109204
2,23,28000.0,0.3820511052153
2,23,29000.0,0.38268091700811
2,23,30000.0,0.39027145311122
2,23,31000.0,0.39096522120564
2,23,32000.0,0.33925665032307
2,23,33000.0,0.36961737247219
2,23,34000.0,0.38954690510478
2,23,35000.0,0.39747385526439
2,23,36000.0,0.37274438614407
2,23,37000.0,0.35927431423814
2,23,38000.0,0.38538659976325
2,23,39000.0,0.39336610931491
2,23,40000.0,0.38321729608347
2,23,41000.0,0.39674469704589
2,23,42000.0,0.34282549347664
2,23,43000.0,0.38073382586009
2,23,44000.0,0.39630609801803
2,23,45000.0,0.39224921690101
2,23,46000.0,0.37637875496748
2,23,47000.0,0.34815867970205
2,23,48000.0,0.35726207955875
2,23,49000.0,0.38015584126017
2,23,50000.0,0.3963214128827
2,24,5000.0,0.076082210546255
2,24,6000.0,0.10827764654603
2,24,7000.0,0.21257823030016
2,24,8000.0,0.064822929544404
2,24,9000.0,0.10964172243026
2,24,10000.0,0.10511223629821
2,24,11000.0,0.057438065157472
2,24,12000.0,0.076230320966747
2,24,13000.0,0.096046744055786
2,24,14000.0,0.25523732272222
2,24,15000.0,0.11159609896807
2,24,16000.0,0.074535218405788
2,24,17000.0,0.072613553448607
2,24,18000.0,0.10817146777752
2,24,19000.0,0.11402036818691
2,24,20000.0,0.095840511634082
2,24,21000.0,0.096467264957111
2,24,22000.0,0.064906650045646
2,24,23000.0,0.11171472952889
2,24,24000.0,0.26493265948762
2,24,25000.0,0.1044071689152
2,24,26000.0,0.11231169245081
2,24,27000.0,0.0773492612648
2,24,28000.0,0.10424995082931
2,24,29000.0,0.11174582457442
2,24,30000.0,0.11652267031164
2,24,31000.0,0.11129385287833
2,24,32000.0,0.065040954878378
2,24,33000.0,0.10259020357734
2,24,34000.0,0.11764661052846
2,24,35000.0,0.11985656047464
2,24,36000.0,0.11572133886763
2,24,37000.0,0.068169642568466
2,24,38000.0,0.11456425938392
2,24,39000.0,0.11917980073496
2,24,40000.0,0.24375846427073
2,24,41000.0,0.11597687056922
2,24,42000.0,0.07515886681456
2,24,43000.0,0.10743652199618
2,24,44000.0,0.096193127147422
2,24,45000.0,0.11771209052659
2,24,46000.0,0.10228037138943
2,24,47000.0,-0.60249730311394
2,24,48000.0,-0.58023564903793
2,24,49000.0,-0.56449689259135
2,24,50000.0,-0.59635531042133
3,0,5000.0,-0.16070043055507
3,0,6000.0,0.078375703084539
3,0,7000.0,0.37126123254807
3,0,8000.0,0.12229515219319
3,0,9000.0,0.13109211191956
3,0,10000.0,0.058944042392241
3,0,11000.0,0.11030426266508
3,0,12000.0,0.090327432432226
3,0,13000.0,0.095210076481207
3,0,14000.0,0.24101336561956
3,0,15000.0,0.12213290455914
3,0,16000.0,-0.57830754369061
3,0,17000.0,-0.59464749223259
3,0,18000.0,-0.58174381743922
3,0,19000.0,-0.50207669265255
3,0,20000.0,-0.54001171314169
3,0,21000.0,-0.58163484914111
3,0,22000.0,0.3553518001283
3,0,23000.0,0.4066470696003
3,0,24000.0,0.41241003414914
3,0,25000.0,0.39154219925277
3,0,26000.0,0.42444595248938
3,0,27000.0,0.35872677393846
3,0,28000.0,0.39671181234937
3,0,29000.0,0.4054613192562
3,0,30000.0,0.40865233072311
3,0,31000.0,0.25058040614945
3,0,32000.0,0.38647411345253
3,0,33000.0,0.38705506049301
3,0,34000.0,0.099877449944901
3,0,35000.0,0.39882938720365
3,0,36000.0,0.41102619323534
3,0,37000.0,0.35665979829934
3,0,38000.0,0.39447635352361
3,0,39000.0,0.069307575320433
3,0,40000.0,-0.045602146391127
3,0,41000.0,0.4056928674524
3,0,42000.0,-0.096316003283483
3,0,43000.0,0.38299616680349
3,0,44000.0,0.41872811219134
3,0,45000.0,0.37532014503675
3,0,46000.0,0.39553320914414
3,0,47000.0,0.36453522064031
3,0,48000.0,-0.060031903294758
3,0,49000.0,0.38721052984125
3,0,50000.0,0.39708964435292
3,1,5000.0,0.035187860405865
3,1,6000.0,0.056670515003396
3,1,7000.0,0.023678462539355
3,1,8000.0,0.036057048570124
3,1,9000.0,0.04814409498418
3,1,10000.0,0.043107532177426
3,1,11000.0,0.015369563830415
3,1,12000.0,0.0095973874191996
3,1,13000.0,0.053528516780525
3,1,14000.0,0.052371172192867
3,1,15000.0,0.063922066896807
3,1,16000.0,0.059094168437983
3,1,17000.0,0.3
3,1,18000.0,0.33706774785525
3,1,19000.0,0.3537052464368
3,1,20000.0,0.32584526627595
3,1,21000.0,0.34652657618384
3,1,22000.0,0.31080998640012
3,1,23000.0,0.34527502866007
3,1,24000.0,0.36046626126702
3,1,25000.0,0.36931730789234
3,1,26000.0,0.3563793071287
3,1,27000.0,0.30164102716873
3,1,28000.0,0.35475379520284
3,1,29000.0,0.070904923604373
3,1,30000.0,0.35711130000274
3,1,31000.0,0.36190847140437
3,1,32000.0,0.12450597785361
3,1,33000.0,0.19776312214791
3,1,34000.0,0.36784306355807
3,1,35000.0,0.36741049317087
3,1,36000.0,0.35942302874368
3,1,37000.0,0.33320110006924
3,1,38000.0,0.35547353406051
3,1,39000.0,0.35361312208677
3,1,40000.0,0.37601573728139
3,1,41000.0,0.36786272584868
3,1,42000.0,0.34205554233842
3,1,43000.0,0.34348297453744
3,1,44000.0,0.37373819018854
3,1,45000.0,0.35465053121422
3,1,46000.0,0.37075436485157
3,1,47000.0,0.3185219180076
3,1,48000.0,0.35620897185252
3,1,49000.0,0.36733751535892
3,1,50000.0,0.37046413234843
3,2,5000.0,0.015895751802996
3,2,6000.0,0.036755803272422
3,2,7000.0,0.035709642616694
3,2,8000.0,0.078414178269193
3,2,9000.0,0.0
3,2,10000.0,0.080867050285516
3,2,11000.0,0.029830652854317
3,2,12000.0,0.30006396170131
3,2,13000.0,0.076295777243388
3,2,14000.0,0.36853986248722
3,2,15000.0,0.35604565037679
3,2,16000.0,0.36682162209486
3,2,17000.0,0.15564481916937
3,2,18000.0,0.30502979027244
3,2,19000.0,0.33083261785676
3,2,20000.0,0.36204299448687
3,2,21000.0,0.34247198845653
3,2,22000.0,0.3
3,2,23000.0,0.3736549366355
3,2,24000.0,-0.12711713000041
3,2,25000.0,0.38940958435018
3,2,26000.0,0.38050454504132
3,2,27000.0,0.31812377750937
3,2,28000.0,0.37143335017532
3,2,29000.0,0.096389945178696
3,2,30000.0,0.39458291631633
3,2,31000.0,0.38060614242863
3,2,32000.0,0.35003928775368
3,2,33000.0,0.38008622191106
3,2,34000.0,0.37029608534635
3,2,35000.0,0.37470300416516
3,2,36000.0,0.37927375585943
3,2,37000.0,0.34569791900978
3,2,38000.0,0.36088171058193
3,2,39000.0,0.34435499078442
3,2,40000.0,0.39204572636468
3,2,41000.0,0.37864284796048
3,2,42000.0,0.34456294729046
3,2,43000.0,0.36613115097941
3,2,44000.0,-0.62232522707991
3,2,45000.0,-0.66698621932671
3,2,46000.0,-0.49557153512984
3,2,47000.0,-0.6619408383922
3,2,48000.0,-0.64821976853069
3,2,49000.0,-0.64168017103827
3,2,50000.0,-0.62756566708412
3,4,5000.0,0.0
3,4,6000.0,0.096313436290426
3,4,7000.0,0.074469003521505
3,4,8000.0,0.10155019020249
3,4,9000.0,0.097720666446314
3,4,10000.0,0.054720815480458
3,4,11000.0,0.037237060467774
3,4,12000.0,0.19192699706894
3,4,13000.0,0.07761401713053
3,4,14000.0,0.097345569491691
3,4,15000.0,0.077652329510654
3,4,16000.0,0.074516683035044
3,4,17000.0,0.0
3,4,18000.0,0.080286031406501
3,4,19000.0,0.078067491579019
3,4,20000.0,0.10871452901902
3,4,21000.0,0.091312082204761
3,4,22000.0,0.33933860325349
3,4,23000.0,0.35930957396605
3,4,24000.0,0.41184442573895
3,4,25000.0,0.41709182715443
3,4,26000.0,0.38303151771178
3,4,27000.0,0.35464805955192
3,4,28000.0,0.3817905436058
3,4,29000.0,0.40924722005592
3,4,30000.0,0.42058815284293
3,4,31000.0,0.37661325671976
3,4,32000.0,0.38761582259297
3,4,33000.0,0.38534984715491
3,4,34000.0,0.37727503715867
3,4,35000.0,0.39842277416765
3,4,36000.0,0.40375737066272
3,4,37000.0,0.36486232787501
3,4,38000.0,0.37607598160981
3,4,39000.0,0.38240781275147
3,4,40000.0,0.40432339695746
3,4,41000.0,0.38953514486706
3,4,42000.0,-0.12653748982856
3,4,43000.0,0.35289069570031
3,4,44000.0,0.38706257443015
3,4,45000.0,0.35420549436827
3,4,46000.0,0.3663561822005
3,4,47000.0,0.33693665815319
3,4,48000.0,0.39858280168267
3,4,49000.0,0.38333635447458
3,4,50000.0,0.40552382746921
3,5,5000.0,0.0
3,5,6000.0,0.094686277040948
3,5,7000.0,0.052968924891556
3,5,8000.0,0.077567610041267
3,5,9000.0,0.072746016055155
3,5,10000.0,0.037987164212419
3,5,11000.0,0.030119616360547
3,5,12000.0,0.040634206356693
3,5,13000.0,0.070117510436043
3,5,14000.0,0.08682064086608
3,5,15000.0,0.085911987161086
3,5,16000.0,0.068937143979123
3,5,17000.0,0.025353400178997
3,5,18000.0,0.074602368789934
3,5,19000.0,-0.11587907086807
3,5,20000.0,0.3726988971208
3,5,21000.0,0.39344671618033
3,5,22000.0,0.30006865970415
3,5,23000.0,0.35398554153952
3,5,24000.0,0.38716688227277
3,5,25000.0,0.39266667260602
3,5,26000.0,0.37352702048309
3,5,27000.0,0.30277198682374
3,5,28000.0,0.36346635199539
3,5,29000.0,0.38518191303576
3,5,30000.0,0.39527413313568
3,5,31000.0,0.33627178395179
3,5,32000.0,0.35584923264957
3,5,33000.0,0.068208589759284
3,5,34000.0,0.34358913747986
3,5,35000.0,0.35510031512626
3,5,36000.0,-0.077686723985492
3,5,37000.0,0.33749337919495
3,5,38000.0,0.36185391061753
3,5,39000.0,0.33276308538151
3,5,40000.0,0.37883491525005
3,5,41000.0,0.37897107477976
3,5,42000.0,0.33538238698526
3,5,43000.0,0.34279671742045
3,5,44000.0,0.38236026602377
3,5,45000.0,0.33313209663181
3,5,46000.0,0.33650232520193
3,5,47000.0,0.305383197227
3,5,48000.0,0.35344639505218
3,5,49000.0,0.32082404114104
3,5,50000.0,0.36203778306112
3,6,5000.0,-0.61711257095236
3,6,6000.0,-0.6454906602071
3,6,7000.0,0.061517441014042
3,6,8000.0,-0.61599799403822
3,6,9000.0,-0.3952675122843
3,6,10000.0,-0.52567028370151
3,6,11000.0,-0.582475942675
3,6,12000.0,0.061283670256454
3,6,13000.0,-0.3966257485457
3,6,14000.0,-0.51726513599093
3,6,15000.0,-0.58062612778998
3,6,16000.0,-0.63030691625145
3,6,17000.0,-0.60590949225545
3,6,18000.0,-0.44739225099152
3,6,19000.0,-0.50686255374335
3,6,20000.0,-0.56843790900229
3,6,21000.0,-0.63672241999881
3,6,22000.0,0.17158772072945
3,6,23000.0,0.087598681622253
3,6,24000.0,-0.096065316860737
3,6,25000.0,0.23243844014469
3,6,26000.0,-0.070357813719129
3,6,27000.0,0.025546647809606
3,6,28000.0,0.22635116204206
3,6,29000.0,0.3842482614486
3,6,30000.0,0.11172107468108
3,6,31000.0,0.21781980174689
3,6,32000.0,0.17316661549474
3,6,33000.0,0.039982201176504
3,6,34000.0,0.21954997878612
3,6,35000.0,0.37364387375177
3,6,36000.0,0.21482673899817
3,6,37000.0,0.060612987139098
3,6,38000.0,0.14952667737258
3,6,39000.0,0.044993906835137
3,6,40000.0,0.25549163245145
3,6,41000.0,-0.099561043841473
3,6,42000.0,0.15640692304658
3,6,43000.0,0.22779064913832
3,6,44000.0,0.38766626863203
3,6,45000.0,0.21334073527539
3,6,46000.0,0.2317015304375
3,6,47000.0,0.15146801055026
3,6,48000.0,0.21938747689815
3,6,49000.0,0.2292604856114
3,6,50000.0,0.24779024984522
3,7,5000.0,0.0
3,7,6000.0,-0.63066716235876
3,7,7000.0,-0.66666666666667
3,7,8000.0,-0.67409329162314
3,7,9000.0,-0.46386710998613
3,7,10000.0,-0.55585704794741
3,7,11000.0,-0.64780599449247
3,7,12000.0,0.0
3,7,13000.0,0.13981783835477
3,7,14000.0,0.050361310869957
3,7,15000.0,-0.1390022504158
3,7,16000.0,0.32199657292215
3,7,17000.0,0.12580916310362
3,7,18000.0,0.018311383456091
3,7,19000.0,0.14754378093425
3,7,20000.0,0.32638669141701
3,7,21000.0,-0.14459800981082
3,7,22000.0,0.1
3,7,23000.0,0.036523638571014
3,7,24000.0,0.36360875994973
3,7,25000.0,0.36347341595393
3,7,26000.0,0.35601055911741
3,7,27000.0,0.31017167451932
3,7,28000.0,0.31960901680972
3,7,29000.0,0.36678109217605
3,7,30000.0,0.36763050117536
3,7,31000.0,0.33242607266499
3,7,32000.0,0.33462540866347
3,7,33000.0,0.33276374978555
3,7,34000.0,0.34637688589699
3,7,35000.0,0.34574407050925
3,7,36000.0,0.35355113628741
3,7,37000.0,0.3054765112695
3,7,38000.0,0.31690844218448
3,7,39000.0,0.3201399229038
3,7,40000.0,0.34955073055727
3,7,41000.0,0.34299474077381
3,7,42000.0,0.3
3,7,43000.0,0.33306111836988
3,7,44000.0,0.3459305852898
3,7,45000.0,-0.25636368581037
3,7,46000.0,-0.69590417393135
3,7,47000.0,-0.69356173233023
3,7,48000.0,-0.65942630956138
3,7,49000.0,-0.69966450564198
3,7,50000.0,-0.66251294477706
3,8,5000.0,0.027823486799297
3,8,6000.0,0.040497036434792
3,8,7000.0,0.11087643289055
3,8,8000.0,0.030772586621029
3,8,9000.0,0.04073078890241
3,8,10000.0,0.036622762860968
3,8,11000.0,0.020833477981497
3,8,12000.0,0.0
3,8,13000.0,0.041911663364858
3,8,14000.0,0.026980771667909
3,8,15000.0,0.048679411752888
3,8,16000.0,0.041713507322891
3,8,17000.0,0.10430076101933
3,8,18000.0,-0.16060765501586
3,8,19000.0,0.1630823283368
3,8,20000.0,0.14086470204267
3,8,21000.0,0.12519432299475
3,8,22000.0,0.1
3,8,23000.0,0.14513005865523
3,8,24000.0,0.14857831310234
3,8,25000.0,0.32908254426789
3,8,26000.0,0.32121094803368
3,8,27000.0,0.3
3,8,28000.0,0.3495665276945
3,8,29000.0,0.036691648069817
3,8,30000.0,0.34857487880095
3,8,31000.0,0.34956855843616
3,8,32000.0,0.31134756748834
3,8,33000.0,0.18018549728818
3,8,34000.0,0.037468718472719
3,8,35000.0,0.33040728857317
3,8,36000.0,0.35989244181127
3,8,37000.0,0.3
3,8,38000.0,0.30125959501568
3,8,39000.0,0.31507373713977
3,8,40000.0,0.34059642500835
3,8,41000.0,0.34894404115109
3,8,42000.0,-0.18827316120318
3,8,43000.0,0.31429252744731
3,8,44000.0,0.35454946456832
3,8,45000.0,0.34419940490935
3,8,46000.0,0.33267065544571
3,8,47000.0,0.3039244178477
3,8,48000.0,0.33201336093544
3,8,49000.0,0.34712806277396
3,8,50000.0,0.34865030943171
3,9,5000.0,0.35491087528836
3,9,6000.0,0.3819874369651
3,9,7000.0,0.35539347059832
3,9,8000.0,-0.5785135226063
3,9,9000.0,-0.56891012559851
3,9,10000.0,-0.62892398500113
3,9,11000.0,-0.62077598148003
3,9,12000.0,0.36681715390166
3,9,13000.0,0.37781325592096
3,9,14000.0,0.36400700811244
3,9,15000.0,0.40483537499697
3,9,16000.0,-0.62394271773802
3,9,17000.0,-0.65276540017765
3,9,18000.0,-0.48697454796958
3,9,19000.0,-0.20136042876023
3,9,20000.0,-0.59565640051603
3,9,21000.0,-0.63420755582577
3,9,22000.0,0.22496321802052
3,9,23000.0,0.10452131261508
3,9,24000.0,0.23443563284229
3,9,25000.0,0.24522201817791
3,9,26000.0,0.27480093652804
3,9,27000.0,0.20342141330233
3,9,28000.0,0.2409441481091
3,9,29000.0,0.22788217416685
3,9,30000.0,0.10708745460903
3,9,31000.0,0.23437598710607
3,9,32000.0,0.20945360236586
3,9,33000.0,0.20790660291539
3,9,34000.0,-0.081466948037556
3,9,35000.0,0.21129071007286
3,9,36000.0,0.25617759834201
3,9,37000.0,0.17080159372505
3,9,38000.0,0.066799566895082
3,9,39000.0,0.17227608647677
3,9,40000.0,0.62350205141874
3,9,41000.0,0.25252541299229
3,9,42000.0,0.20038817352534
3,9,43000.0,0.17620065403709
3,9,44000.0,0.25796457860727
3,9,45000.0,0.2206904032648
3,9,46000.0,0.21939906295225
3,9,47000.0,0.17598078700925
3,9,48000.0,0.25378860787912
3,9,49000.0,0.21945941287125
3,9,50000.0,0.22282893393365
3,10,5000.0,0.018035998710826
3,10,6000.0,0.33137706918743
3,10,7000.0,-0.17751991295468
3,10,8000.0,0.32139009914152
3,10,9000.0,0.31092104880786
3,10,10000.0,0.33952547921824
3,10,11000.0,0.33144826183419
3,10,12000.0,0.3
3,10,13000.0,0.34749671203733
3,10,14000.0,0.35524330937639
3,10,15000.0,0.050914512924585
3,10,16000.0,0.35042835296106
3,10,17000.0,0.3311336595832
3,10,18000.0,0.32277595962891
3,10,19000.0,0.34770821227019
3,10,20000.0,0.75812998929686
3,10,21000.0,-0.61293775806474
3,10,22000.0,0.30431717388212
3,10,23000.0,0.060035173576275
3,10,24000.0,0.070901768875847
3,10,25000.0,0.071677626550379
3,10,26000.0,0.071533363921146
3,10,27000.0,0.036594790235399
3,10,28000.0,0.037837080085869
3,10,29000.0,0.071701075599689
3,10,30000.0,0.07299383188252
3,10,31000.0,0.36027251873563
3,10,32000.0,0.32851261661054
3,10,33000.0,0.33664321761939
3,10,34000.0,0.3638813274219
3,10,35000.0,0.3626646276207
3,10,36000.0,0.36153555589728
3,10,37000.0,0.32428444716274
3,10,38000.0,0.33303624407611
3,10,39000.0,0.34352133353904
3,10,40000.0,0.35541214253112
3,10,41000.0,0.3529755314288
3,10,42000.0,-0.2
3,10,43000.0,0.33864322311271
3,10,44000.0,0.34587633414012
3,10,45000.0,0.34192381913172
3,10,46000.0,0.32780452718251
3,10,47000.0,0.30882358310334
3,10,48000.0,0.33195730749956
3,10,49000.0,0.10235858948722
3,10,50000.0,0.34148505764431
3,11,5000.0,-0.60352011244154
3,11,6000.0,-0.57846704501641
3,11,7000.0,-0.60350621875643
3,11,8000.0,-0.6337784774556
3,11,9000.0,-0.36943982745613
3,11,10000.0,-0.49389142655755
3,11,11000.0,-0.5762097319636
3,11,12000.0,0.19326964676292
3,11,13000.0,0.080665319075461
3,11,14000.0,-0.072120038045673
3,11,15000.0,0.27939765545713
3,11,16000.0,-0.36824700444145
3,11,17000.0,-0.63015522129775
3,11,18000.0,-0.577233719458
3,11,19000.0,-0.32609788764828
3,11,20000.0,-0.54563953250616
3,11,21000.0,-0.45687822138013
3,11,22000.0,0.2393876315859
3,11,23000.0,0.26631006142756
3,11,24000.0,0.27908085216908
3,11,25000.0,-0.054137208006788
3,11,26000.0,0.28869449472566
3,11,27000.0,0.20840080680708
3,11,28000.0,0.39362369256529
3,11,29000.0,0.12653259510377
3,11,30000.0,0.28924154571348
3,11,31000.0,0.27357175022847
3,11,32000.0,0.23314530752535
3,11,33000.0,0.27008712238695
3,11,34000.0,0.26242235647327
3,11,35000.0,0.24973437197828
3,11,36000.0,0.27923877424571
3,11,37000.0,0.2181034042802
3,11,38000.0,0.23496188001472
3,11,39000.0,0.19757658650195
3,11,40000.0,0.25925712132288
3,11,41000.0,0.26864023880089
3,11,42000.0,0.21552019369794
3,11,43000.0,0.19724882997762
3,11,44000.0,0.24419920918874
3,11,45000.0,0.22921576018606
3,11,46000.0,0.2582311769505
3,11,47000.0,0.10461314018036
3,11,48000.0,0.27040878412958
3,11,49000.0,0.24177316889079
3,11,50000.0,0.24143105853772
3,12,5000.0,0.0
3,12,6000.0,0.072859380101572
3,12,7000.0,0.09939761484108
3,12,8000.0,-0.57482668447136
3,12,9000.0,-0.54689048154773
3,12,10000.0,0.010733340584474
3,12,11000.0,-0.60874526805595
3,12,12000.0,0.1027255995451
3,12,13000.0,-0.56951567041507
3,12,14000.0,-0.55974701524499
3,12,15000.0,-0.57057496132403
3,12,16000.0,-0.5727187554118
3,12,17000.0,-0.64112615757557
3,12,18000.0,-0.4013840916884
3,12,19000.0,-0.55511845707251
3,12,20000.0,-0.56009688573687
3,12,21000.0,-0.37339257932136
3,12,22000.0,0.018325541960565
3,12,23000.0,-0.10430743470489
3,12,24000.0,0.38472833555464
3,12,25000.0,0.075277066797822
3,12,26000.0,0.41663839609927
3,12,27000.0,0.1
3,12,28000.0,0.37655033639357
3,12,29000.0,0.41791924398923
3,12,30000.0,0.42029229016682
3,12,31000.0,0.3641706184158
3,12,32000.0,0.25667518007473
3,12,33000.0,0.37725632597522
3,12,34000.0,0.37145480159062
3,12,35000.0,0.40219271435945
3,12,36000.0,0.39628028021493
3,12,37000.0,0.36207806900508
3,12,38000.0,0.40507601109049
3,12,39000.0,0.37683093322394
3,12,40000.0,0.42117894579005
3,12,41000.0,0.4227113146708
3,12,42000.0,0.37686624371265
3,12,43000.0,0.38814494641335
3,12,44000.0,0.39952292839966
3,12,45000.0,0.38327829455653
3,12,46000.0,0.38881533292721
3,12,47000.0,0.37383609051873
3,12,48000.0,0.41845341608214
3,12,49000.0,0.24176516150075
3,12,50000.0,0.41610743424165
3,13,5000.0,-0.66666666666667
3,13,6000.0,-0.54986122105098
3,13,7000.0,-0.65648713085646
3,13,8000.0,-0.66954743521143
3,13,9000.0,-0.4601370117175
3,13,10000.0,-0.63281793706837
3,13,11000.0,-0.63517270340862
3,13,12000.0,0.1
3,13,13000.0,-0.14542212229428
3,13,14000.0,0.3444995556964
3,13,15000.0,0.058590317377129
3,13,16000.0,0.14749010431901
3,13,17000.0,0.11462238397452
3,13,18000.0,0.3
3,13,19000.0,-0.1506646027133
3,13,20000.0,0.19406485864764
3,13,21000.0,0.35441671691311
3,13,22000.0,0.0044828112569501
3,13,23000.0,0.30530269592077
3,13,24000.0,0.34999659222677
3,13,25000.0,0.35974640752578
3,13,26000.0,0.3327856883991
3,13,27000.0,0.31068663700638
3,13,28000.0,0.33478887556711
3,13,29000.0,0.36150730667658
3,13,30000.0,0.36101736712932
3,13,31000.0,0.33357839686757
3,13,32000.0,0.32774660686408
3,13,33000.0,0.33152950608287
3,13,34000.0,0.34308892867923
3,13,35000.0,0.33899054283907
3,13,36000.0,0.35552062401052
3,13,37000.0,0.30211685176725
3,13,38000.0,0.33267613622091
3,13,39000.0,0.33046311946856
3,13,40000.0,0.34627153877167
3,13,41000.0,0.3438797414341
3,13,42000.0,0.3
3,13,43000.0,0.338416747081
3,13,44000.0,0.36064928824287
3,13,45000.0,0.33464028157946
3,13,46000.0,0.34976298231719
3,13,47000.0,0.3
3,13,48000.0,0.35212025529641
3,13,49000.0,0.33915101557399
3,13,50000.0,0.3573535115339
3,14,5000.0,0.010757931607187
3,14,6000.0,0.065591465785016
3,14,7000.0,0.036695981400895
3,14,8000.0,0.18646885951207
3,14,9000.0,0.072882658006222
3,14,10000.0,0.034102638471615
3,14,11000.0,0.30897187849236
3,14,12000.0,0.32568415677776
3,14,13000.0,0.35955992361252
3,14,14000.0,0.35964283297791
3,14,15000.0,0.37179466511655
3,14,16000.0,0.36761588085653
3,14,17000.0,0.32180406458167
3,14,18000.0,0.35900923675499
3,14,19000.0,0.36477187668192
3,14,20000.0,0.34061984845537
3,14,21000.0,0.070617579695646
3,14,22000.0,0.023005568797281
3,14,23000.0,0.064510710071038
3,14,24000.0,0.33631447065133
3,14,25000.0,0.37195341555129
3,14,26000.0,0.36293321254088
3,14,27000.0,0.30258160789886
3,14,28000.0,0.34798510957927
3,14,29000.0,0.34161525385404
3,14,30000.0,0.34814509549059
3,14,31000.0,0.073453903997717
3,14,32000.0,0.33457629038655
3,14,33000.0,0.36451407067449
3,14,34000.0,0.059347275884058
3,14,35000.0,0.37050479312004
3,14,36000.0,0.3775029268508
3,14,37000.0,0.34066617076624
3,14,38000.0,0.36076106783775
3,14,39000.0,0.37345411673007
3,14,40000.0,0.37657134222128
3,14,41000.0,0.096900913283617
3,14,42000.0,0.36351999154841
3,14,43000.0,-0.58392330293847
3,14,44000.0,-0.56762566406569
3,14,45000.0,-0.56762196068819
3,14,46000.0,-0.56898110025902
3,14,47000.0,-0.6137586385447
3,14,48000.0,-0.58222715600832
3,14,49000.0,-0.56701090338792
3,14,50000.0,-0.61265294004209
3,15,5000.0,0.0
3,15,6000.0,0.24089639870334
3,15,7000.0,0.063627655824892
3,15,8000.0,0.084369062201366
3,15,9000.0,0.031854199140412
3,15,10000.0,0.086390356614279
3,15,11000.0,0.068551181140359
3,15,12000.0,0.053633318766448
3,15,13000.0,0.06524388642865
3,15,14000.0,0.082898712513943
3,15,15000.0,0.23721269062874
3,15,16000.0,-0.097391854639653
3,15,17000.0,0.16596980627871
3,15,18000.0,0.2019469108182
3,15,19000.0,0.18942608450429
3,15,20000.0,0.21976411645836
3,15,21000.0,0.21093734041539
3,15,22000.0,0.14317340484038
3,15,23000.0,0.21086612398008
3,15,24000.0,0.22842856108809
3,15,25000.0,0.24138170283009
3,15,26000.0,0.22969533778736
3,15,27000.0,0.14075045841838
3,15,28000.0,0.18608173123053
3,15,29000.0,0.25115469283182
3,15,30000.0,0.24518286551899
3,15,31000.0,0.19087229685504
3,15,32000.0,0.18927269384929
3,15,33000.0,0.20650479150397
3,15,34000.0,0.23957866746031
3,15,35000.0,0.22258775612202
3,15,36000.0,0.2451441023214
3,15,37000.0,0.18968507164553
3,15,38000.0,0.23015757950639
3,15,39000.0,0.23689398652752
3,15,40000.0,0.23718440730151
3,15,41000.0,0.24513284304613
3,15,42000.0,0.16977274583442
3,15,43000.0,0.22399663708082
3,15,44000.0,0.24580924604111
3,15,45000.0,0.21725194367687
3,15,46000.0,0.20344935084156
3,15,47000.0,0.18172938803121
3,15,48000.0,0.22712726358594
3,15,49000.0,0.22374986193279
3,15,50000.0,0.23955706596904
3,16,5000.0,0.079713820059447
3,16,6000.0,-0.59248663797261
3,16,7000.0,-0.61184249597535
3,16,8000.0,-0.59782602668014
3,16,9000.0,-0.65484291778337
3,16,10000.0,-0.37868984433815
3,16,11000.0,-0.51664579574651
3,16,12000.0,0.040807783927161
3,16,13000.0,0.069135417655265
3,16,14000.0,0.19531595471262
3,16,15000.0,0.071621041455803
3,16,16000.0,0.36897451483677
3,16,17000.0,-0.14075185781461
3,16,18000.0,0.16931081280323
3,16,19000.0,0.21638676381912
3,16,20000.0,0.077874286097428
3,16,21000.0,0.36742320450012
3,16,22000.0,0.31866892833728
3,16,23000.0,0.071435179210599
3,16,24000.0,0.21940565324321
3,16,25000.0,0.22525408883111
3,16,26000.0,0.22221400557851
3,16,27000.0,0.13302210445758
3,16,28000.0,-0.40217827941695
3,16,29000.0,-0.62940463850909
3,16,30000.0,-0.38549524617378
3,16,31000.0,-0.41700307669458
3,16,32000.0,0.69804152504954
3,16,33000.0,0.35481286561999
3,16,34000.0,0.17670294314022
3,16,35000.0,-0.11544734281786
3,16,36000.0,0.36318084520413
3,16,37000.0,0.32498528733807
3,16,38000.0,0.35216064078636
3,16,39000.0,0.3468690381376
3,16,40000.0,0.36577132556133
3,16,41000.0,0.36376632915207
3,16,42000.0,0.14965133330818
3,16,43000.0,0.35518482090545
3,16,44000.0,0.36011306214332
3,16,45000.0,0.35623164712688
3,16,46000.0,0.37142549680992
3,16,47000.0,0.30662272796879
3,16,48000.0,0.36909459566558
3,16,49000.0,0.37323527383214
3,16,50000.0,0.084935264302722
3,17,5000.0,0.0
3,17,6000.0,-0.63322763430856
3,17,7000.0,-0.66079462144689
3,17,8000.0,-0.64469903949874
3,17,9000.0,-0.62520133470077
3,17,10000.0,-0.68194935873614
3,17,11000.0,-0.44484038688794
3,17,12000.0,-0.18907079667579
3,17,13000.0,0.022552195326676
3,17,14000.0,0.038405965520587
3,17,15000.0,0.043656785351665
3,17,16000.0,0.02535259645208
3,17,17000.0,0.0
3,17,18000.0,0.010377783785719
3,17,19000.0,0.043678644961039
3,17,20000.0,-0.14213427395077
3,17,21000.0,0.042893500216606
3,17,22000.0,0.0
3,17,23000.0,0.028815777226108
3,17,24000.0,0.044370712263044
3,17,25000.0,0.35158259555476
3,17,26000.0,0.35331443904694
3,17,27000.0,0.3
3,17,28000.0,0.32959087460546
3,17,29000.0,0.36368875069658
3,17,30000.0,0.36552014489814
3,17,31000.0,0.35114308644338
3,17,32000.0,0.3266262613868
3,17,33000.0,0.34900382856187
3,17,34000.0,0.34218477960572
3,17,35000.0,0.35794547041357
3,17,36000.0,0.35717624976482
3,17,37000.0,0.33070392021925
3,17,38000.0,0.34513842901868
3,17,39000.0,0.3397473061931
3,17,40000.0,0.35763540447142
3,17,41000.0,0.35752489880432
3,17,42000.0,0.30553672217354
3,17,43000.0,0.33901229261984
3,17,44000.0,0.36131048183799
3,17,45000.0,0.32136714278806
3,17,46000.0,0.35197107309389
3,17,47000.0,0.31719344101356
3,17,48000.0,0.35125798713326
3,17,49000.0,0.35574174535032
3,17,50000.0,0.34455997859891
3,18,5000.0,0.40779484378289
3,18,6000.0,0.38412210465624
3,18,7000.0,0.38123108438105
3,18,8000.0,0.40860390373832
3,18,9000.0,0.079503356833451
3,18,10000.0,0.11711654969018
3,18,11000.0,0.1243452391466
3,18,12000.0,0.090479473932449
3,18,13000.0,0.12847407798415
3,18,14000.0,0.11368953276237
3,18,15000.0,0.12181914624742
3,18,16000.0,0.41010379923985
3,18,17000.0,0.11697397013672
3,18,18000.0,0.40211811687672
3,18,19000.0,0.41273896122003
3,18,20000.0,0.12272957037106
3,18,21000.0,0.42377322370336
3,18,22000.0,0.091268812495525
3,18,23000.0,0.79916278923516
3,18,24000.0,-0.53349701460975
3,18,25000.0,-0.52220326080822
3,18,26000.0,-0.5317301068981
3,18,27000.0,-0.55730623938983
3,18,28000.0,-0.58245371762616
3,18,29000.0,-0.57795825373504
3,18,30000.0,-0.53195756925047
3,18,31000.0,-0.52760035428404
3,18,32000.0,0.11502793510131
3,18,33000.0,0.13886187970757
3,18,34000.0,0.12587027014177
3,18,35000.0,0.41657956582455
3,18,36000.0,0.42717930585537
3,18,37000.0,0.40504648208079
3,18,38000.0,0.42256756694572
3,18,39000.0,0.42052997194879
3,18,40000.0,0.42742742236953
3,18,41000.0,0.42505317774379
3,18,42000.0,0.40351111120296
3,18,43000.0,0.41948311367434
3,18,44000.0,0.4257014454476
3,18,45000.0,0.41424818455637
3,18,46000.0,0.42901144658981
3,18,47000.0,0.37334099373523
3,18,48000.0,0.130743386966
3,18,49000.0,0.42471549181206
3,18,50000.0,0.41535786070502
3,19,5000.0,0.018407730564693
3,19,6000.0,-0.64955131319337
3,19,7000.0,-0.62809316857996
3,19,8000.0,-0.58608905746746
3,19,9000.0,-0.61213106276127
3,19,10000.0,-0.42960095888083
3,19,11000.0,-0.52292957218078
3,19,12000.0,0.34256408354571
3,19,13000.0,0.34838291339768
3,19,14000.0,0.37753214834343
3,19,15000.0,0.38297444826618
3,19,16000.0,0.35352881985349
3,19,17000.0,0.33311874148927
3,19,18000.0,0.35125071362641
3,19,19000.0,0.35392146051265
3,19,20000.0,0.37328898767065
3,19,21000.0,0.36403558557588
3,19,22000.0,0.31912342092542
3,19,23000.0,0.34962410288537
3,19,24000.0,0.37734179737761
3,19,25000.0,0.36461080641011
3,19,26000.0,0.38839903462942
3,19,27000.0,0.3
3,19,28000.0,0.37231691967537
3,19,29000.0,0.36329027456676
3,19,30000.0,0.41652632408568
3,19,31000.0,0.3511730158776
3,19,32000.0,0.35913667631678
3,19,33000.0,0.37572009940623
3,19,34000.0,0.38733751429791
3,19,35000.0,0.24396117234866
3,19,36000.0,0.40349815098261
3,19,37000.0,0.33402217997104
3,19,38000.0,0.38279823281449
3,19,39000.0,0.23859514165731
3,19,40000.0,0.3914951505186
3,19,41000.0,0.3992311974598
3,19,42000.0,0.37571173075965
3,19,43000.0,0.38170260110069
3,19,44000.0,0.39917612217362
3,19,45000.0,0.39925931677426
3,19,46000.0,0.37388644576305
3,19,47000.0,0.36914299328575
3,19,48000.0,0.40394597019285
3,19,49000.0,0.37483333705073
3,19,50000.0,0.40897323837544
3,20,5000.0,0.082153708004344
3,20,6000.0,0.1069187105556
3,20,7000.0,-0.61056210338722
3,20,8000.0,-0.57144103766547
3,20,9000.0,-0.59002837185101
3,20,10000.0,-0.56462515811717
3,20,11000.0,-0.54973054640729
3,20,12000.0,0.36288768813988
3,20,13000.0,0.39748021895382
3,20,14000.0,0.38917113002203
3,20,15000.0,0.40651543335255
3,20,16000.0,-0.60202939485975
3,20,17000.0,-0.62468550524698
3,20,18000.0,-0.59919272445064
3,20,19000.0,-0.58938357730719
3,20,20000.0,-0.59185527591812
3,20,21000.0,-0.59810934160577
3,20,22000.0,0.36682002480719
3,20,23000.0,0.28958186696963
3,20,24000.0,0.2970402913661
3,20,25000.0,0.31644055590304
3,20,26000.0,0.32349200206232
3,20,27000.0,0.20357352726637
3,20,28000.0,0.28681430157576
3,20,29000.0,0.4086108569002
3,20,30000.0,0.31505588577375
3,20,31000.0,0.2625632093065
3,20,32000.0,0.27691459985138
3,20,33000.0,0.3090291316233
3,20,34000.0,0.27667633763862
3,20,35000.0,0.2971004061229
3,20,36000.0,0.31547625458045
3,20,37000.0,0.27485047826636
3,20,38000.0,0.30302166757868
3,20,39000.0,0.29137597306884
3,20,40000.0,0.30999396101807
3,20,41000.0,0.32333106560945
3,20,42000.0,0.28000000279138
3,20,43000.0,0.27531923185432
3,20,44000.0,0.31614615039571
3,20,45000.0,0.32253795675136
3,20,46000.0,0.3198443074048
3,20,47000.0,0.25568584443036
3,20,48000.0,0.3032975987079
3,20,49000.0,0.31141923790854
3,20,50000.0,0.303669213615
3,21,5000.0,0.39037551957064
3,21,6000.0,0.38250297277525
3,21,7000.0,-0.62471339877755
3,21,8000.0,-0.56343993505074
3,21,9000.0,-0.57280299673735
3,21,10000.0,-0.60535367374871
3,21,11000.0,0.048693395720032
3,21,12000.0,-0.12000459472467
3,21,13000.0,0.25495005869929
3,21,14000.0,0.22754847306871
3,21,15000.0,0.25877166116078
3,21,16000.0,-0.35978886183475
3,21,17000.0,-0.3728124252773
3,21,18000.0,-0.62658273498339
3,21,19000.0,-0.61609351072241
3,21,20000.0,-0.33174962665831
3,21,21000.0,-0.60091969863954
3,21,22000.0,0.190157440492
3,21,23000.0,0.242712502986
3,21,24000.0,-0.079489640212849
3,21,25000.0,0.27506549364712
3,21,26000.0,0.28583965898494
3,21,27000.0,0.046543820466149
3,21,28000.0,0.27130093237478
3,21,29000.0,0.27068341051717
3,21,30000.0,0.28261016632507
3,21,31000.0,0.2310407174669
3,21,32000.0,0.22997975779287
3,21,33000.0,0.25964141297332
3,21,34000.0,0.2500729361377
3,21,35000.0,0.20940445766757
3,21,36000.0,0.27592536493643
3,21,37000.0,0.2083998630153
3,21,38000.0,0.23743199870114
3,21,39000.0,0.23474478784258
3,21,40000.0,0.2630260085586
3,21,41000.0,0.39311303856251
3,21,42000.0,0.21031911200111
3,21,43000.0,0.22593073197232
3,21,44000.0,0.256257127319
3,21,45000.0,0.25490987019172
3,21,46000.0,0.25677648323351
3,21,47000.0,0.18334760959966
3,21,48000.0,0.25178134910412
3,21,49000.0,0.10309133004102
3,21,50000.0,0.26877560189146
3,22,5000.0,0.065229269307977
3,22,6000.0,-0.40002467328506
3,22,7000.0,-0.49201766235739
3,22,8000.0,-0.59116850487055
3,22,9000.0,-0.56430260319174
3,22,10000.0,-0.61570382724989
3,22,11000.0,-0.66239378796802
3,22,12000.0,0.059271588947302
3,22,13000.0,0.069951044565971
3,22,14000.0,0.046029431873594
3,22,15000.0,0.24297929838759
3,22,16000.0,0.083865594289917
3,22,17000.0,0.17570049708483
3,22,18000.0,-0.11735409676618
3,22,19000.0,0.37735257611877
3,22,20000.0,0.40919871812882
3,22,21000.0,0.22234853333737
3,22,22000.0,0.18320310406118
3,22,23000.0,0.26964176703617
3,22,24000.0,0.22963556745597
3,22,25000.0,0.24454440300603
3,22,26000.0,0.29513253947072
3,22,27000.0,0.16218985890156
3,22,28000.0,0.25679544090055
3,22,29000.0,-0.090496969612624
3,22,30000.0,0.25823561339459
3,22,31000.0,0.24644798254925
3,22,32000.0,0.22085709950649
3,22,33000.0,0.18763742845044
3,22,34000.0,0.19321037440318
3,22,35000.0,0.21334676833678
3,22,36000.0,0.27364664156241
3,22,37000.0,0.1550956249641
3,22,38000.0,0.1844364115435
3,22,39000.0,0.20087618412579
3,22,40000.0,0.2601880230804
3,22,41000.0,0.26318410750933
3,22,42000.0,0.20633036091932
3,22,43000.0,-0.14032510353536
3,22,44000.0,0.25761426463086
3,22,45000.0,0.071875764788635
3,22,46000.0,0.23257241266305
3,22,47000.0,0.17894362662692
3,22,48000.0,0.26086223592163
3,22,49000.0,0.21803867267176
3,22,50000.0,0.26682615287753
3,23,5000.0,0.04679495591777
3,23,6000.0,0.056116431944608
3,23,7000.0,0.33669249464302
3,23,8000.0,0.067489623125402
3,23,9000.0,0.069424328040597
3,23,10000.0,0.039704200041209
3,23,11000.0,0.053316381154583
3,23,12000.0,0.028992727729841
3,23,13000.0,0.066359350805889
3,23,14000.0,0.054785850805909
3,23,15000.0,0.056646715423037
3,23,16000.0,0.066897347617119
3,23,17000.0,0.015549228435144
3,23,18000.0,0.044426291371927
3,23,19000.0,0.040657844544591
3,23,20000.0,0.040868522174596
3,23,21000.0,0.33602267581327
3,23,22000.0,0.3
3,23,23000.0,0.36506794130993
3,23,24000.0,0.34981365604982
3,23,25000.0,0.37171858743633
3,23,26000.0,0.35839712421875
3,23,27000.0,0.3
3,23,28000.0,0.39066964518131
3,23,29000.0,0.39681122542962
3,23,30000.0,0.38739081796038
3,23,31000.0,0.38409986555442
3,23,32000.0,0.35649050194351
3,23,33000.0,0.35684263060985
3,23,34000.0,0.35274952908231
3,23,35000.0,0.36960617278721
3,23,36000.0,0.40068364174764
3,23,37000.0,0.33872089262554
3,23,38000.0,0.34130641680941
3,23,39000.0,0.17067057864364
3,23,40000.0,0.39629645235473
3,23,41000.0,0.37022879440001
3,23,42000.0,0.35673760498509
3,23,43000.0,0.36161362834686
3,23,44000.0,0.39468336404742
3,23,45000.0,0.35313897120089
3,23,46000.0,0.3784188416101
3,23,47000.0,0.31598143227206
3,23,48000.0,0.35783274214684
3,23,49000.0,0.3321380479229
3,23,50000.0,0.36250147401452
3,24,5000.0,0.0
3,24,6000.0,0.048306034717353
3,24,7000.0,0.038138171636037
3,24,8000.0,0.10101803087212
3,24,9000.0,0.071293612080822
3,24,10000.0,0.061151017063124
3,24,11000.0,0.059746534371318
3,24,12000.0,0.0093723401383592
3,24,13000.0,0.071400742487861
3,24,14000.0,0.074557158842989
3,24,15000.0,0.060513783500882
3,24,16000.0,0.031440696959146
3,24,17000.0,0.024919018613658
3,24,18000.0,0.042341673448655
3,24,19000.0,0.080953454898149
3,24,20000.0,0.079481128771229
3,24,21000.0,0.06345130171753
3,24,22000.0,0.0065506955398507
3,24,23000.0,0.061447808014973
3,24,24000.0,0.3677443532518
3,24,25000.0,0.38741817298488
3,24,26000.0,0.40257892543115
3,24,27000.0,0.33028663937607
3,24,28000.0,0.3916728686842
3,24,29000.0,0.39650695056065
3,24,30000.0,0.40185674172612
3,24,31000.0,0.22395970745039
3,24,32000.0,0.35524310417154
3,24,33000.0,0.37372803206678
3,24,34000.0,0.37811896633836
3,24,35000.0,0.37078833572011
3,24,36000.0,0.36238013077657
3,24,37000.0,0.33745857074122
3,24,38000.0,0.36442662266588
3,24,39000.0,0.32806968419496
3,24,40000.0,0.38104837994142
3,24,41000.0,0.38733234275806
3,24,42000.0,0.1742848967891
3,24,43000.0,0.36590300040336
3,24,44000.0,0.38100452378048
3,24,45000.0,0.36428919825128
3,24,46000.0,0.37834264150541
3,24,47000.0,0.3539211751545
3,24,48000.0,0.37596076840028
3,24,49000.0,0.36427763082678
3,24,50000.0,0.093124188635831
4,0,5000.0,-0.55890973904641
4,0,6000.0,-0.54129049342872
4,0,7000.0,-0.55021905819395
4,0,8000.0,-0.5677092818813
4,0,9000.0,-0.5292646730458
4,0,10000.0,-0.6025863515321
4,0,11000.0,-0.41654828700344
4,0,12000.0,-0.051606363148532
4,0,13000.0,0.30906585450204
4,0,14000.0,0.060213442169696
4,0,15000.0,-0.071130513389255
4,0,16000.0,0.13123370248523
4,0,17000.0,-0.04651126593835
4,0,18000.0,0.0741490088124
4,0,19000.0,-0.033199580461028
4,0,20000.0,0.28202775682051
4,0,21000.0,-0.02078431829677
4,0,22000.0,0.087694331829696
4,0,23000.0,0.28259751183928
4,0,24000.0,0.43990478697049
4,0,25000.0,0.13479953152259
4,0,26000.0,-0.32178520808142
4,0,27000.0,-0.48565575443261
4,0,28000.0,-0.30535778758202
4,0,29000.0,-0.32113141198372
4,0,30000.0,-0.58842946617657
4,0,31000.0,-0.52189396810901
4,0,32000.0,-0.084610707667004
4,0,33000.0,0.12282401600071
4,0,34000.0,-0.068371877138986
4,0,35000.0,0.4278096096598
4,0,36000.0,0.13295446798981
4,0,37000.0,0.23024081160031
4,0,38000.0,0.30277965983525
4,0,39000.0,-0.026810358856762
4,0,40000.0,0.41469658037177
4,0,41000.0,0.14650554111534
4,0,42000.0,-0.069860786023376
4,0,43000.0,0.43149628765515
4,0,44000.0,0.40935936915445
4,0,45000.0,0.31224944795114
4,0,46000.0,0.40252105011265
4,0,47000.0,-0.050836778081296
4,0,48000.0,0.41651846157278
4,0,49000.0,0.422035596957
4,0,50000.0,0.41561552669786
4,1,5000.0,-0.63905826040479
4,1,6000.0,-0.58380889718253
4,1,7000.0,-0.61219107488396
4,1,8000.0,-0.41214676046135
4,1,9000.0,-0.62646492762385
4,1,10000.0,-0.54002892997177
4,1,11000.0,-0.66666666666667
4,1,12000.0,0.21286646027945
4,1,13000.0,0.26156841706786
4,1,14000.0,0.074421188422619
4,1,15000.0,0.18430938658931
4,1,16000.0,0.39382960603926
4,1,17000.0,-0.096872881962753
4,1,18000.0,0.20358234139804
4,1,19000.0,0.22299383234604
4,1,20000.0,-0.11244016673957
4,1,21000.0,0.2877405675685
4,1,22000.0,0.1812791393983
4,1,23000.0,0.21924053058946
4,1,24000.0,0.27551846294179
4,1,25000.0,0.27489391505405
4,1,26000.0,0.2629564934252
4,1,27000.0,0.19305324321736
4,1,28000.0,0.23727522260599
4,1,29000.0,0.25729222288949
4,1,30000.0,0.28261497972635
4,1,31000.0,0.24450723269817
4,1,32000.0,0.15989734114504
4,1,33000.0,0.26786503205851
4,1,34000.0,-0.064402122119797
4,1,35000.0,0.24264399866041
4,1,36000.0,0.2746380398076
4,1,37000.0,0.21386470092891
4,1,38000.0,0.25446148132102
4,1,39000.0,0.22434720379405
4,1,40000.0,0.23524049366105
4,1,41000.0,0.28328946318959
4,1,42000.0,0.20565676425017
4,1,43000.0,0.24232746572624
4,1,44000.0,0.23007846366901
4,1,45000.0,0.28897775026911
4,1,46000.0,0.25592256525257
4,1,47000.0,0.23810035496913
4,1,48000.0,0.25339012849895
4,1,49000.0,0.28108718725465
4,1,50000.0,-0.33629758916556
4,2,5000.0,0.36171194185674
4,2,6000.0,-0.63805786197889
4,2,7000.0,-0.68234693757744
4,2,8000.0,-0.67856514701249
4,2,9000.0,-0.62660630076424
4,2,10000.0,-0.63591764337006
4,2,11000.0,-0.42700453241132
4,2,12000.0,-0.13659578316637
4,2,13000.0,0.72019676679078
4,2,14000.0,0.073559866640512
4,2,15000.0,0.077747698510483
4,2,16000.0,0.06742158298762
4,2,17000.0,0.054323400256797
4,2,18000.0,-0.1458129774205
4,2,19000.0,0.083465500059153
4,2,20000.0,0.092168205436381
4,2,21000.0,0.088140354972987
4,2,22000.0,0.041045887335078
4,2,23000.0,0.06955561225491
4,2,24000.0,-0.58164099395027
4,2,25000.0,-0.57421389253336
4,2,26000.0,-0.58494822020041
4,2,27000.0,-0.65344282781419
4,2,28000.0,-0.60975996782349
4,2,29000.0,-0.59871322808762
4,2,30000.0,-0.5781445271565
4,2,31000.0,-0.59840411946998
4,2,32000.0,0.0017449991949285
4,2,33000.0,0.18061966774253
4,2,34000.0,0.209277976464
4,2,35000.0,0.18745962725839
4,2,36000.0,0.19185911594521
4,2,37000.0,0.1782932589547
4,2,38000.0,0.20243751640758
4,2,39000.0,0.22116119715487
4,2,40000.0,0.16712995459421
4,2,41000.0,0.22642784169744
4,2,42000.0,0.16208133780999
4,2,43000.0,0.21415386996038
4,2,44000.0,0.20155143435629
4,2,45000.0,0.19076048256741
4,2,46000.0,0.22637899781653
4,2,47000.0,0.16015448210505
4,2,48000.0,0.17352758369226
4,2,49000.0,0.22002575389576
4,2,50000.0,0.2331293637251
4,4,5000.0,-0.1050310490879
4,4,6000.0,0.067876395297199
4,4,7000.0,0.027289786978015
4,4,8000.0,-0.59453978070885
4,4,9000.0,-0.61599513901439
4,4,10000.0,-0.59225660963938
4,4,11000.0,-0.61763601823685
4,4,12000.0,0.18442873461132
4,4,13000.0,0.24008029960302
4,4,14000.0,0.17739446046942
4,4,15000.0,0.2237880721674
4,4,16000.0,0.23434579266169
4,4,17000.0,0.20326063375549
4,4,18000.0,0.17208799873559
4,4,19000.0,0.2332503582712
4,4,20000.0,0.22525480507231
4,4,21000.0,0.24369936955806
4,4,22000.0,0.14119573352213
4,4,23000.0,0.33553282839024
4,4,24000.0,-0.084833572034357
4,4,25000.0,0.25190675724527
4,4,26000.0,0.23163289686785
4,4,27000.0,0.13049750603565
4,4,28000.0,0.17956883776476
4,4,29000.0,0.2025285521462
4,4,30000.0,0.24205002858015
4,4,31000.0,0.18281043944256
4,4,32000.0,0.1
4,4,33000.0,0.24767368928316
4,4,34000.0,0.25268800530474
4,4,35000.0,0.24948310281249
4,4,36000.0,0.25252415478365
4,4,37000.0,0.073978782889841
4,4,38000.0,0.23047381936846
4,4,39000.0,0.20715602838518
4,4,40000.0,0.24826855973578
4,4,41000.0,0.25900080169649
4,4,42000.0,0.1950645826253
4,4,43000.0,0.22468542464616
4,4,44000.0,0.21588571488079
4,4,45000.0,0.25622559867696
4,4,46000.0,0.097807455714053
4,4,47000.0,0.21323817801338
4,4,48000.0,0.20437624303207
4,4,49000.0,0.26644926703038
4,4,50000.0,0.25970491806374
4,5,5000.0,-0.63574441739981
4,5,6000.0,-0.60635907772986
4,5,7000.0,-0.62330002076143
4,5,8000.0,-0.51999563938134
4,5,9000.0,-0.64384438233507
4,5,10000.0,-0.38903848977886
4,5,11000.0,-0.62329415305373
4,5,12000.0,0.15488247520813
4,5,13000.0,-0.1315100945796
4,5,14000.0,0.71590480458465
4,5,15000.0,0.19721756253681
4,5,16000.0,0.36652549304103
4,5,17000.0,0.14338873899294
4,5,18000.0,0.032872207379433
4,5,19000.0,0.22062731101813
4,5,20000.0,0.20674134451593
4,5,21000.0,0.17111182804302
4,5,22000.0,0.12371715487596
4,5,23000.0,0.2005157889258
4,5,24000.0,0.2052702694531
4,5,25000.0,0.17394904051944
4,5,26000.0,0.19154889065484
4,5,27000.0,0.12699430874254
4,5,28000.0,0.2065357654286
4,5,29000.0,-0.41748334662295
4,5,30000.0,-0.44641481050426
4,5,31000.0,-0.38894590528059
4,5,32000.0,0.1041836033585
4,5,33000.0,0.20255072841935
4,5,34000.0,0.12524129674423
4,5,35000.0,0.35652261133728
4,5,36000.0,0.14183881151356
4,5,37000.0,0.10781954018247
4,5,38000.0,-0.16617521159417
4,5,39000.0,0.36190482527019
4,5,40000.0,-0.12102167143637
4,5,41000.0,0.3393863422829
4,5,42000.0,0.3
4,5,43000.0,0.3374385971824
4,5,44000.0,0.36114159474554
4,5,45000.0,0.33469750124465
4,5,46000.0,0.3
4,5,47000.0,0.32852547208825
4,5,48000.0,0.33944822027144
4,5,49000.0,-0.66098941524442
4,5,50000.0,-0.65652279590583
4,6,5000.0,0.05423116044023
4,6,6000.0,0.087371443391401
4,6,7000.0,-0.15909215187014
4,6,8000.0,0.088132387906297
4,6,9000.0,0.074539046855797
4,6,10000.0,0.079071387617168
4,6,11000.0,0.053186866968303
4,6,12000.0,0.037924637748817
4,6,13000.0,0.077123738163725
4,6,14000.0,0.074641033740573
4,6,15000.0,0.0830396558316
4,6,16000.0,0.070317079259233
4,6,17000.0,0.056823423015299
4,6,18000.0,0.067584881427342
4,6,19000.0,0.090089283125857
4,6,20000.0,0.071351562384704
4,6,21000.0,0.089935769870314
4,6,22000.0,0.04166213819273
4,6,23000.0,0.070725221310471
4,6,24000.0,0.079354426849191
4,6,25000.0,0.087328615788488
4,6,26000.0,0.073327275712982
4,6,27000.0,0.041519095921703
4,6,28000.0,0.071404013150216
4,6,29000.0,0.067615315151416
4,6,30000.0,0.065856846900082
4,6,31000.0,0.08089009219235
4,6,32000.0,0.019823474431765
4,6,33000.0,0.071836981006712
4,6,34000.0,0.065111788425218
4,6,35000.0,0.093389453503238
4,6,36000.0,0.06508524067549
4,6,37000.0,0.33750684662972
4,6,38000.0,0.073567763539094
4,6,39000.0,0.38236208277981
4,6,40000.0,0.18924346256201
4,6,41000.0,0.37813847777258
4,6,42000.0,-0.66201606635636
4,6,43000.0,-0.63432776756102
4,6,44000.0,-0.6345442928478
4,6,45000.0,-0.63710609374377
4,6,46000.0,-0.41443366229165
4,6,47000.0,-0.66576824430356
4,6,48000.0,-0.40069108844083
4,6,49000.0,-0.61322423255663
4,6,50000.0,-0.61784314823349
4,7,5000.0,0.061392184808504
4,7,6000.0,-0.097419416106302
4,7,7000.0,0.0
4,7,8000.0,0.083144515246666
4,7,9000.0,0.071555165664966
4,7,10000.0,0.09300132887515
4,7,11000.0,0.01633573883206
4,7,12000.0,0.14988304299307
4,7,13000.0,0.085770757359807
4,7,14000.0,0.049069946260532
4,7,15000.0,0.076531661902981
4,7,16000.0,0.075368649709518
4,7,17000.0,0.040412157020661
4,7,18000.0,0.022416986942876
4,7,19000.0,0.065653951726551
4,7,20000.0,0.060556388185608
4,7,21000.0,0.080199089228399
4,7,22000.0,0.023791382537115
4,7,23000.0,0.016288974412002
4,7,24000.0,0.36630494966152
4,7,25000.0,0.3711879303216
4,7,26000.0,0.32939846998706
4,7,27000.0,0.33084695629539
4,7,28000.0,-0.10217943120068
4,7,29000.0,0.33944220924347
4,7,30000.0,0.34344230074063
4,7,31000.0,0.37387997700578
4,7,32000.0,0.3
4,7,33000.0,0.20691464940539
4,7,34000.0,-0.12065504728701
4,7,35000.0,0.38279130416228
4,7,36000.0,0.34323561356261
4,7,37000.0,0.34539866321311
4,7,38000.0,0.36804157863226
4,7,39000.0,0.25517916694413
4,7,40000.0,0.36508136363814
4,7,41000.0,0.38434258218733
4,7,42000.0,0.34719982088297
4,7,43000.0,0.38368362754316
4,7,44000.0,0.37863599938449
4,7,45000.0,0.38236580732775
4,7,46000.0,0.37588869512698
4,7,47000.0,0.34997199520678
4,7,48000.0,0.38404102452805
4,7,49000.0,0.38033947217205
4,7,50000.0,0.37809536649122
4,8,5000.0,0.04731708158603
4,8,6000.0,0.089487617256402
4,8,7000.0,0.04738015233236
4,8,8000.0,0.029686110713025
4,8,9000.0,0.077893979547557
4,8,10000.0,0.35893616084664
4,8,11000.0,0.0
4,8,12000.0,0.054446388975724
4,8,13000.0,0.063758085349594
4,8,14000.0,0.055160399367961
4,8,15000.0,0.042760590429242
4,8,16000.0,0.20051390448127
4,8,17000.0,0.36116692212238
4,8,18000.0,0.082065692666374
4,8,19000.0,0.38068618525117
4,8,20000.0,0.37267601802958
4,8,21000.0,0.38558132158283
4,8,22000.0,0.34068363989455
4,8,23000.0,0.3799549761892
4,8,24000.0,0.38042795741962
4,8,25000.0,-0.08050130353576
4,8,26000.0,0.36341667339346
4,8,27000.0,0.3536853875046
4,8,28000.0,0.35765879996097
4,8,29000.0,0.39101743896483
4,8,30000.0,0.37923789779102
4,8,31000.0,0.38000547385334
4,8,32000.0,0.33146900506009
4,8,33000.0,0.38849967478487
4,8,34000.0,0.39755924850609
4,8,35000.0,0.37339384481498
4,8,36000.0,0.39317150279312
4,8,37000.0,0.37071609651427
4,8,38000.0,0.37558566825686
4,8,39000.0,0.38758889353324
4,8,40000.0,0.37761333423772
4,8,41000.0,0.39747472965799
4,8,42000.0,0.3540467949248
4,8,43000.0,0.38132901990773
4,8,44000.0,0.39715204613933
4,8,45000.0,0.38082166166962
4,8,46000.0,0.38462370622147
4,8,47000.0,0.36449158017247
4,8,48000.0,0.37217593432051
4,8,49000.0,0.39123112150271
4,8,50000.0,0.3992482135285
4,9,5000.0,0.04961379253107
4,9,6000.0,-0.63398551345077
4,9,7000.0,-0.64697059502644
4,9,8000.0,-0.59556448142551
4,9,9000.0,-0.60041976567362
4,9,10000.0,-0.41006107287904
4,9,11000.0,-0.5770080540423
4,9,12000.0,0.045847204590515
4,9,13000.0,0.047610105785705
4,9,14000.0,0.19412317768389
4,9,15000.0,0.055090341360799
4,9,16000.0,-0.16103849563763
4,9,17000.0,0.14018583040627
4,9,18000.0,0.35129965871416
4,9,19000.0,0.1
4,9,20000.0,0.032376555196197
4,9,21000.0,0.21175202107541
4,9,22000.0,0.30112838861466
4,9,23000.0,0.14078303098604
4,9,24000.0,0.20344357085725
4,9,25000.0,0.038247728388956
4,9,26000.0,0.16168202618666
4,9,27000.0,0.10355585769991
4,9,28000.0,0.1731002425134
4,9,29000.0,0.13938204854679
4,9,30000.0,0.16738893088643
4,9,31000.0,0.19833182542114
4,9,32000.0,0.1
4,9,33000.0,0.17702064085136
4,9,34000.0,0.16533656192997
4,9,35000.0,0.24727282575698
4,9,36000.0,0.1890118408973
4,9,37000.0,-0.17297268784983
4,9,38000.0,0.14960196438214
4,9,39000.0,0.25009840095191
4,9,40000.0,0.17949109236994
4,9,41000.0,0.2032512353439
4,9,42000.0,0.11346051119254
4,9,43000.0,0.35295690126495
4,9,44000.0,0.17980260560609
4,9,45000.0,0.2103797044462
4,9,46000.0,0.1
4,9,47000.0,0.058095909979506
4,9,48000.0,0.22031384025648
4,9,49000.0,0.15694793445373
4,9,50000.0,0.23758990244732
4,10,5000.0,0.045017861720509
4,10,6000.0,0.077022998638457
4,10,7000.0,-0.64340162903833
4,10,8000.0,-0.58882617212646
4,10,9000.0,-0.62185681142059
4,10,10000.0,-0.6642049965246
4,10,11000.0,-0.40723988793743
4,10,12000.0,-0.16438140170636
4,10,13000.0,0.074828667198638
4,10,14000.0,-0.13486189796678
4,10,15000.0,0.046961406866447
4,10,16000.0,0.20163669499614
4,10,17000.0,-0.14576167812288
4,10,18000.0,0.048141513421245
4,10,19000.0,0.19431947088865
4,10,20000.0,0.065989437666114
4,10,21000.0,-0.093392912303136
4,10,22000.0,0.31492874006065
4,10,23000.0,0.22069747258759
4,10,24000.0,0.20550825207023
4,10,25000.0,0.21846507052225
4,10,26000.0,0.22578013080742
4,10,27000.0,0.15696177447425
4,10,28000.0,0.1882150244757
4,10,29000.0,0.20802097551245
4,10,30000.0,0.2274901427962
4,10,31000.0,0.19438414013615
4,10,32000.0,0.12346464070098
4,10,33000.0,0.1877034009236
4,10,34000.0,0.20587610941256
4,10,35000.0,0.20374019351516
4,10,36000.0,0.16024570893697
4,10,37000.0,0.15709369909831
4,10,38000.0,0.19681279266312
4,10,39000.0,0.16233969029055
4,10,40000.0,0.18607935343318
4,10,41000.0,0.21348516218382
4,10,42000.0,0.16364353260346
4,10,43000.0,0.18576229637687
4,10,44000.0,0.20481767844424
4,10,45000.0,0.21796707739685
4,10,46000.0,0.21760673751734
4,10,47000.0,0.18387360566737
4,10,48000.0,0.16200891794013
4,10,49000.0,0.22663934022243
4,10,50000.0,0.23612493358703
4,11,5000.0,0.053813672850473
4,11,6000.0,0.076157445106099
4,11,7000.0,0.023858694736897
4,11,8000.0,0.081094394188355
4,11,9000.0,0.068124911247961
4,11,10000.0,0.06265297547596
4,11,11000.0,0.04617530691826
4,11,12000.0,0.026047804506489
4,11,13000.0,0.19989711881192
4,11,14000.0,0.036678641105413
4,11,15000.0,0.056788778247377
4,11,16000.0,0.066697008687255
4,11,17000.0,0.046338849989597
4,11,18000.0,0.033835089097392
4,11,19000.0,0.083530732165249
4,11,20000.0,0.070416046475538
4,11,21000.0,0.058423868549759
4,11,22000.0,0.11712861239809
4,11,23000.0,0.19219450716177
4,11,24000.0,0.21654408899478
4,11,25000.0,0.22767913025276
4,11,26000.0,0.17411460362142
4,11,27000.0,0.14373453584876
4,11,28000.0,0.21569391655426
4,11,29000.0,0.20251006034601
4,11,30000.0,0.16926343410111
4,11,31000.0,0.22318312475966
4,11,32000.0,0.10617917020272
4,11,33000.0,0.15796002239768
4,11,34000.0,0.14992741961197
4,11,35000.0,0.19708502117937
4,11,36000.0,0.16079142055795
4,11,37000.0,0.12014547025311
4,11,38000.0,0.11055671040586
4,11,39000.0,0.21132617547204
4,11,40000.0,0.18188774335547
4,11,41000.0,0.16992331372136
4,11,42000.0,0.13334683534545
4,11,43000.0,0.13759454322217
4,11,44000.0,0.19797480386127
4,11,45000.0,0.20376850498036
4,11,46000.0,0.14189663862162
4,11,47000.0,0.11775670424868
4,11,48000.0,0.18398808011379
4,11,49000.0,0.12043968063195
4,11,50000.0,0.054781158518098
4,12,5000.0,0.1197750117153
4,12,6000.0,0.13282533311319
4,12,7000.0,0.086943212547209
4,12,8000.0,0.13645514808603
4,12,9000.0,0.14291167042228
4,12,10000.0,0.11565848636701
4,12,11000.0,0.056671116639649
4,12,12000.0,0.11067242166423
4,12,13000.0,0.15109978921087
4,12,14000.0,0.12647143652431
4,12,15000.0,0.1295718777133
4,12,16000.0,0.11259154953549
4,12,17000.0,0.11248307365177
4,12,18000.0,0.13935500832256
4,12,19000.0,0.10498666481317
4,12,20000.0,0.11043079766726
4,12,21000.0,0.14783483315383
4,12,22000.0,-0.066708082638015
4,12,23000.0,0.087714422454052
4,12,24000.0,0.13087642872175
4,12,25000.0,0.15159742451812
4,12,26000.0,0.11505564130533
4,12,27000.0,0.099907675133656
4,12,28000.0,0.11962650304317
4,12,29000.0,0.40434998262822
4,12,30000.0,0.14412035474622
4,12,31000.0,-0.030173252392833
4,12,32000.0,0.066846279441311
4,12,33000.0,0.13274052888241
4,12,34000.0,0.13471923181697
4,12,35000.0,0.14211009921295
4,12,36000.0,0.11877017754167
4,12,37000.0,0.10435706628454
4,12,38000.0,0.4032711059928
4,12,39000.0,0.15440419611732
4,12,40000.0,0.10942402786674
4,12,41000.0,0.13735187162051
4,12,42000.0,0.11027237321367
4,12,43000.0,0.15083483830243
4,12,44000.0,0.12172377211902
4,12,45000.0,0.15531182161643
4,12,46000.0,0.13128886776917
4,12,47000.0,0.12370240243382
4,12,48000.0,0.13413050304429
4,12,49000.0,0.3179623067581
4,12,50000.0,0.14328513704402
4,13,5000.0,0.0
4,13,6000.0,0.038599851103842
4,13,7000.0,0.0
4,13,8000.0,0.010923877085679
4,13,9000.0,0.04392506865175
4,13,10000.0,0.0
4,13,11000.0,0.0
4,13,12000.0,0.086369243579631
4,13,13000.0,0.099544950825006
4,13,14000.0,0.087025089269676
4,13,15000.0,0.3583875428706
4,13,16000.0,0.38771492269119
4,13,17000.0,0.37375148336625
4,13,18000.0,0.3940398365869
4,13,19000.0,0.35813756175178
4,13,20000.0,0.39209056465723
4,13,21000.0,0.40194561893733
4,13,22000.0,0.35151426108309
4,13,23000.0,0.40029021704101
4,13,24000.0,0.40988438154343
4,13,25000.0,0.39622347107894
4,13,26000.0,0.38680937175207
4,13,27000.0,0.34381689538835
4,13,28000.0,0.39979554819084
4,13,29000.0,0.36890213474765
4,13,30000.0,0.39162243264497
4,13,31000.0,0.39276522862358
4,13,32000.0,0.33131668659065
4,13,33000.0,0.37603183579515
4,13,34000.0,0.38256801466019
4,13,35000.0,0.40356241377888
4,13,36000.0,0.36417551222355
4,13,37000.0,0.37331055810057
4,13,38000.0,0.38221151699891
4,13,39000.0,0.40549999975052
4,13,40000.0,0.37957353836379
4,13,41000.0,0.11579861425123
4,13,42000.0,0.36318899411605
4,13,43000.0,0.39261642717997
4,13,44000.0,0.40117903454338
4,13,45000.0,0.41360834310345
4,13,46000.0,0.10869476636314
4,13,47000.0,0.37556076447529
4,13,48000.0,0.40257344090449
4,13,49000.0,0.40485764354595
4,13,50000.0,0.38727504526127
4,14,5000.0,0.047743383883924
4,14,6000.0,0.079342561273779
4,14,7000.0,0.017253767610462
4,14,8000.0,0.051551331284305
4,14,9000.0,0.20566127422361
4,14,10000.0,0.38401443336775
4,14,11000.0,0.053939991801026
4,14,12000.0,0.027387822450913
4,14,13000.0,0.08869752726331
4,14,14000.0,0.069989640312401
4,14,15000.0,0.38003652981803
4,14,16000.0,0.3624583206774
4,14,17000.0,0.1752840985247
4,14,18000.0,0.36020284380756
4,14,19000.0,0.36998465018858
4,14,20000.0,0.35121162715583
4,14,21000.0,0.37349702630434
4,14,22000.0,0.33051408061685
4,14,23000.0,0.33475357059388
4,14,24000.0,0.067048546838261
4,14,25000.0,0.3762353461989
4,14,26000.0,0.35139314899935
4,14,27000.0,0.3288251674208
4,14,28000.0,0.36472587829251
4,14,29000.0,0.34509002117793
4,14,30000.0,0.33829231816099
4,14,31000.0,0.36337325191697
4,14,32000.0,0.30958262147995
4,14,33000.0,0.35971227889407
4,14,34000.0,0.036392294935206
4,14,35000.0,0.36107375993324
4,14,36000.0,0.34741661978273
4,14,37000.0,-0.16148626913177
4,14,38000.0,0.33941234879373
4,14,39000.0,0.37240687267319
4,14,40000.0,0.34700468217167
4,14,41000.0,0.35597423758628
4,14,42000.0,0.30174589388144
4,14,43000.0,0.35185417300706
4,14,44000.0,0.33603731827662
4,14,45000.0,0.36117176451315
4,14,46000.0,0.32731783676618
4,14,47000.0,0.025334576042557
4,14,48000.0,0.34442460539294
4,14,49000.0,0.32420598225283
4,14,50000.0,0.34641534101088
4,15,5000.0,0.058840430844024
4,15,6000.0,0.041138878741962
4,15,7000.0,0.024409678770272
4,15,8000.0,0.033309019630755
4,15,9000.0,0.063347838025792
4,15,10000.0,0.052008095373591
4,15,11000.0,0.044401841867688
4,15,12000.0,0.0051003892849131
4,15,13000.0,0.067217285823814
4,15,14000.0,0.041336619119833
4,15,15000.0,0.18523083304777
4,15,16000.0,0.042163174085831
4,15,17000.0,0.011276314224118
4,15,18000.0,0.17202288085593
4,15,19000.0,0.12591552780965
4,15,20000.0,0.17845741453943
4,15,21000.0,0.18166538562678
4,15,22000.0,0.12579406518274
4,15,23000.0,0.11609044125555
4,15,24000.0,0.18678234355427
4,15,25000.0,0.20100470632083
4,15,26000.0,0.15317621023124
4,15,27000.0,0.1
4,15,28000.0,0.20923808699089
4,15,29000.0,0.20625712069387
4,15,30000.0,0.17912721267596
4,15,31000.0,0.20703592817978
4,15,32000.0,0.12701312351648
4,15,33000.0,0.18797067112156
4,15,34000.0,0.16799719694681
4,15,35000.0,-0.11921213697958
4,15,36000.0,0.17506517929676
4,15,37000.0,0.32847288859836
4,15,38000.0,0.17047232732837
4,15,39000.0,0.22614732676748
4,15,40000.0,0.21075869369233
4,15,41000.0,0.2065148894947
4,15,42000.0,0.11277734747577
4,15,43000.0,0.19477113392867
4,15,44000.0,0.20765028697715
4,15,45000.0,0.20714909331237
4,15,46000.0,0.15784303492455
4,15,47000.0,0.14844905942595
4,15,48000.0,0.18795886438911
4,15,49000.0,0.17528821480491
4,15,50000.0,0.2014935447531
4,16,5000.0,0.097716901548135
4,16,6000.0,-0.58527890842636
4,16,7000.0,-0.60371870820446
4,16,8000.0,-0.60804856290027
4,16,9000.0,-0.61587777125609
4,16,10000.0,-0.40643431833191
4,16,11000.0,-0.56100782054392
4,16,12000.0,0.72494367771424
4,16,13000.0,0.10060779466033
4,16,14000.0,0.028008468150186
4,16,15000.0,0.065070302990628
4,16,16000.0,0.25357227137532
4,16,17000.0,0.077947793712985
4,16,18000.0,-0.15518495362285
4,16,19000.0,0.24425863543005
4,16,20000.0,0.39460518548653
4,16,21000.0,0.10954319517849
4,16,22000.0,0.18854983661424
4,16,23000.0,0.17842274143437
4,16,24000.0,0.27175176484326
4,16,25000.0,0.28141312051903
4,16,26000.0,0.25398147641273
4,16,27000.0,0.19478890906365
4,16,28000.0,0.24737987062829
4,16,29000.0,-0.33056218317715
4,16,30000.0,-0.33406947580486
4,16,31000.0,-0.34268101106496
4,16,32000.0,0.17693949089851
4,16,33000.0,0.65677199934261
4,16,34000.0,0.25260575210198
4,16,35000.0,0.24743486327948
4,16,36000.0,0.25537807380204
4,16,37000.0,0.23144083556983
4,16,38000.0,0.22297964193799
4,16,39000.0,0.27391468623933
4,16,40000.0,0.26068928253844
4,16,41000.0,0.26814132390706
4,16,42000.0,0.19587268622936
4,16,43000.0,0.25606835835354
4,16,44000.0,0.27024918683145
4,16,45000.0,0.27706278531547
4,16,46000.0,0.26823655404438
4,16,47000.0,0.20874755066504
4,16,48000.0,0.21377632805208
4,16,49000.0,0.2752314467311
4,16,50000.0,0.28595884083956
4,17,5000.0,0.070203935978347
4,17,6000.0,0.058740447671152
4,17,7000.0,-0.19243692932508
4,17,8000.0,0.0021321673753192
4,17,9000.0,0.066422638101605
4,17,10000.0,-0.62195769944835
4,17,11000.0,0.0
4,17,12000.0,0.025317140724522
4,17,13000.0,0.067162207943836
4,17,14000.0,0.36249980852327
4,17,15000.0,0.33742510534355
4,17,16000.0,0.36294030017703
4,17,17000.0,0.34675651219556
4,17,18000.0,0.33821999139529
4,17,19000.0,0.34925236808209
4,17,20000.0,0.07917444529383
4,17,21000.0,0.37462910472294
4,17,22000.0,0.31226296978003
4,17,23000.0,0.13485464484126
4,17,24000.0,0.363140052784
4,17,25000.0,0.3767981612508
4,17,26000.0,0.35239249538348
4,17,27000.0,0.32500769303514
4,17,28000.0,0.34388673043466
4,17,29000.0,-0.64203693591925
4,17,30000.0,-0.62099737764707
4,17,31000.0,-0.62902253591147
4,17,32000.0,0.3
4,17,33000.0,0.38409974393966
4,17,34000.0,-0.6143485927274
4,17,35000.0,-0.62692081396279
4,17,36000.0,-0.61725281992441
4,17,37000.0,-0.63295324438562
4,17,38000.0,-0.64235641516334
4,17,39000.0,-0.63465806163654
4,17,40000.0,-0.62112179427939
4,17,41000.0,-0.6194195807131
4,17,42000.0,0.34820884111287
4,17,43000.0,0.37485606489165
4,17,44000.0,0.092284529742422
4,17,45000.0,0.37575381404383
4,17,46000.0,0.38864799490131
4,17,47000.0,-0.10431906965583
4,17,48000.0,0.35532601815881
4,17,49000.0,0.39649587775618
4,17,50000.0,0.40220280907529
4,18,5000.0,0.010844726670285
4,18,6000.0,0.060629754509762
4,18,7000.0,0.3
4,18,8000.0,0.3527489523226
4,18,9000.0,0.035353274123086
4,18,10000.0,0.0060032438830426
4,18,11000.0,0.0082116631928748
4,18,12000.0,0.013689091670746
4,18,13000.0,0.048841360949949
4,18,14000.0,0.01463010281072
4,18,15000.0,0.032878698790908
4,18,16000.0,0.16327168046031
4,18,17000.0,0.12894638460731
4,18,18000.0,0.30325219993466
4,18,19000.0,0.30311141412493
4,18,20000.0,0.1
4,18,21000.0,0.18358813445049
4,18,22000.0,0.1
4,18,23000.0,0.20448105392764
4,18,24000.0,0.26389317909596
4,18,25000.0,0.24823092458738
4,18,26000.0,0.18725939596137
4,18,27000.0,0.17648668009252
4,18,28000.0,0.1788710326505
4,18,29000.0,0.17819312733379
4,18,30000.0,0.21628537547076
4,18,31000.0,0.23862659046121
4,18,32000.0,0.1
4,18,33000.0,0.22714808736389
4,18,34000.0,0.23375450807635
4,18,35000.0,0.25862618695777
4,18,36000.0,0.24918192196958
4,18,37000.0,0.34654198579713
4,18,38000.0,0.16955683621476
4,18,39000.0,0.38562389571298
4,18,40000.0,0.35813982104916
4,18,41000.0,0.38224733272179
4,18,42000.0,0.0084470930723096
4,18,43000.0,0.24494632623774
4,18,44000.0,0.19734258016789
4,18,45000.0,0.40591884578181
4,18,46000.0,0.32996673935015
4,18,47000.0,0.20265944895609
4,18,48000.0,0.21004039958211
4,18,49000.0,0.22101159652792
4,18,50000.0,0.23340066034579
4,19,5000.0,0.052364760808297
4,19,6000.0,0.062998561111733
4,19,7000.0,0.011335932165912
4,19,8000.0,0.10122125118189
4,19,9000.0,0.065488218143925
4,19,10000.0,0.049042741637978
4,19,11000.0,0.0
4,19,12000.0,0.0047448127662384
4,19,13000.0,-0.11788740075816
4,19,14000.0,0.18949935664622
4,19,15000.0,0.061253218611227
4,19,16000.0,0.030218110942631
4,19,17000.0,0.0071736001826587
4,19,18000.0,-0.59863475726634
4,19,19000.0,-0.4936666388312
4,19,20000.0,-0.59787068088014
4,19,21000.0,-0.63637309306099
4,19,22000.0,0.010532961593218
4,19,23000.0,0.16293260185736
4,19,24000.0,-0.11249701579201
4,19,25000.0,0.07589389974833
4,19,26000.0,0.18780956656042
4,19,27000.0,0.1243607412174
4,19,28000.0,0.055539770089856
4,19,29000.0,0.17971452725663
4,19,30000.0,0.20486455144942
4,19,31000.0,0.17071283755238
4,19,32000.0,0.0
4,19,33000.0,0.1944337744229
4,19,34000.0,0.15389778877487
4,19,35000.0,0.21324860995746
4,19,36000.0,0.18448410340752
4,19,37000.0,0.0070473941318625
4,19,38000.0,0.19655719141455
4,19,39000.0,0.19188605857277
4,19,40000.0,0.16947770297017
4,19,41000.0,0.19880018841497
4,19,42000.0,0.1
4,19,43000.0,0.19698262686357
4,19,44000.0,0.18932696494524
4,19,45000.0,0.2174087432295
4,19,46000.0,0.1307327058163
4,19,47000.0,0.12265859022044
4,19,48000.0,0.36487592339135
4,19,49000.0,0.15804612906151
4,19,50000.0,0.18116077855444
4,20,5000.0,0.083149157208924
4,20,6000.0,0.079838770131422
4,20,7000.0,0.013116386841439
4,20,8000.0,0.046917510955615
4,20,9000.0,-0.59230750207822
4,20,10000.0,-0.60470701969793
4,20,11000.0,-0.66666666666667
4,20,12000.0,0.033509830665895
4,20,13000.0,0.045107593080272
4,20,14000.0,0.040607048295808
4,20,15000.0,0.13281978035979
4,20,16000.0,0.059296632396938
4,20,17000.0,0.068667664466618
4,20,18000.0,0.14572284462394
4,20,19000.0,0.19613275384505
4,20,20000.0,0.24827357955682
4,20,21000.0,0.25129380632816
4,20,22000.0,0.1475501151434
4,20,23000.0,0.16825872844495
4,20,24000.0,0.20588302671709
4,20,25000.0,0.25548377710273
4,20,26000.0,0.21286755253415
4,20,27000.0,0.15396926832587
4,20,28000.0,0.21765265371355
4,20,29000.0,0.1889475107164
4,20,30000.0,0.26677138256908
4,20,31000.0,0.22797794090531
4,20,32000.0,0.1579395656728
4,20,33000.0,0.21179874305267
4,20,34000.0,0.23420094359428
4,20,35000.0,0.25621907350063
4,20,36000.0,0.21677289271012
4,20,37000.0,-0.10316583303809
4,20,38000.0,0.22163928780903
4,20,39000.0,0.23075987020734
4,20,40000.0,0.20638101860491
4,20,41000.0,0.23825060351445
4,20,42000.0,0.1293269091848
4,20,43000.0,0.24165502267631
4,20,44000.0,0.19177226056197
4,20,45000.0,0.2537694304172
4,20,46000.0,0.20280464499959
4,20,47000.0,0.15245575788667
4,20,48000.0,0.2080264123304
4,20,49000.0,0.21767434764165
4,20,50000.0,0.24266732483499
4,21,5000.0,0.064246677939254
4,21,6000.0,0.081338853918947
4,21,7000.0,0.040401328071315
4,21,8000.0,0.074580443005995
4,21,9000.0,0.085200678435803
4,21,10000.0,0.085048700057045
4,21,11000.0,0.021649320847595
4,21,12000.0,0.056661532872393
4,21,13000.0,0.074869978228107
4,21,14000.0,0.055992366927385
4,21,15000.0,0.061798969917071
4,21,16000.0,0.091718013836842
4,21,17000.0,0.054915348717164
4,21,18000.0,0.057165977456583
4,21,19000.0,0.093154417295103
4,21,20000.0,0.064347794810278
4,21,21000.0,0.086063087148359
4,21,22000.0,0.17172344761558
4,21,23000.0,0.068472235685068
4,21,24000.0,0.079511591809735
4,21,25000.0,0.090789986032599
4,21,26000.0,0.063420146251423
4,21,27000.0,0.1770460812607
4,21,28000.0,0.22549534806572
4,21,29000.0,0.21068484109172
4,21,30000.0,0.16942418025686
4,21,31000.0,0.22916989899951
4,21,32000.0,0.1601097311436
4,21,33000.0,0.19377340524614
4,21,34000.0,0.20422582790219
4,21,35000.0,0.23175138095972
4,21,36000.0,0.20909762292958
4,21,37000.0,0.16593590371902
4,21,38000.0,0.18426789304605
4,21,39000.0,0.23253418042603
4,21,40000.0,0.22050203360847
4,21,41000.0,0.20563177360189
4,21,42000.0,0.15375187634737
4,21,43000.0,0.20539713768372
4,21,44000.0,0.2189638276033
4,21,45000.0,0.2255475983797
4,21,46000.0,0.039672827995377
4,21,47000.0,0.15504536962657
4,21,48000.0,0.2092868215684
4,21,49000.0,-0.39909552563929
4,21,50000.0,-0.40286568467479
4,22,5000.0,0.028006139768594
4,22,6000.0,0.075080638922085
4,22,7000.0,0.040019073143652
4,22,8000.0,0.046008931684999
4,22,9000.0,0.078226984388911
4,22,10000.0,0.083151736381254
4,22,11000.0,0.13565528309433
4,22,12000.0,0.035840998274899
4,22,13000.0,0.083124638881843
4,22,14000.0,0.056515720180232
4,22,15000.0,0.055782387848781
4,22,16000.0,0.068337667776982
4,22,17000.0,0.1
4,22,18000.0,0.16772310125325
4,22,19000.0,-0.10420589667903
4,22,20000.0,0.20850238724155
4,22,21000.0,0.20489880019369
4,22,22000.0,0.1450404046739
4,22,23000.0,0.14963871195921
4,22,24000.0,0.2142712089018
4,22,25000.0,0.22583290380259
4,22,26000.0,0.18660946946733
4,22,27000.0,0.15091035729535
4,22,28000.0,0.17871134628116
4,22,29000.0,0.18952842064616
4,22,30000.0,0.21025855305217
4,22,31000.0,0.21401408335599
4,22,32000.0,0.10787688137183
4,22,33000.0,0.20320148721966
4,22,34000.0,0.19451374978521
4,22,35000.0,0.2021036509232
4,22,36000.0,0.19388956336871
4,22,37000.0,0.11792462399523
4,22,38000.0,0.16280500727792
4,22,39000.0,0.22735512290591
4,22,40000.0,0.19445029552256
4,22,41000.0,0.18961411377033
4,22,42000.0,0.10010418812021
4,22,43000.0,0.16917758213363
4,22,44000.0,-0.13396205569636
4,22,45000.0,0.20048007233629
4,22,46000.0,0.12178750904093
4,22,47000.0,0.12190453122819
4,22,48000.0,0.16851542290136
4,22,49000.0,0.035026418513759
4,22,50000.0,0.1709682153851
4,23,5000.0,-0.58321867982957
4,23,6000.0,-0.57100769960699
4,23,7000.0,-0.60744299887706
4,23,8000.0,-0.59663126749428
4,23,9000.0,-0.35441730792038
4,23,10000.0,-0.46322402552586
4,23,11000.0,-0.5864196980728
4,23,12000.0,0.21761804285572
4,23,13000.0,-0.07850895601936
4,23,14000.0,0.38160748860582
4,23,15000.0,0.25593318536315
4,23,16000.0,0.10336628077057
4,23,17000.0,0.21089772641628
4,23,18000.0,0.24091770580367
4,23,19000.0,0.2552506051628
4,23,20000.0,0.27465009441152
4,23,21000.0,0.24596596673228
4,23,22000.0,0.22071465164746
4,23,23000.0,0.24524220272637
4,23,24000.0,-0.051667453278382
4,23,25000.0,0.27785574191413
4,23,26000.0,0.23963601904077
4,23,27000.0,0.22468676246166
4,23,28000.0,0.28526311860703
4,23,29000.0,0.27805786773166
4,23,30000.0,0.24535476040899
4,23,31000.0,-0.050557694266042
4,23,32000.0,0.20476550590299
4,23,33000.0,0.26317594838782
4,23,34000.0,-0.34586743037205
4,23,35000.0,-0.55062812428344
4,23,36000.0,-0.35359782668685
4,23,37000.0,-0.37178406727369
4,23,38000.0,-0.35233012814409
4,23,39000.0,-0.32102930422172
4,23,40000.0,-0.31748384064643
4,23,41000.0,-0.59870185550543
4,23,42000.0,-0.37088094999686
4,23,43000.0,-0.35392935230325
4,23,44000.0,-0.55179788423019
4,23,45000.0,-0.34555202687479
4,23,46000.0,-0.60956540603985
4,23,47000.0,-0.59534264734385
4,23,48000.0,-0.37866688128174
4,23,49000.0,-0.35564477135468
4,23,50000.0,-0.35685229266406
4,24,5000.0,0.3
4,24,6000.0,0.34743962909938
4,24,7000.0,0.31416191821644
4,24,8000.0,0.33963004750046
4,24,9000.0,0.33401581447395
4,24,10000.0,0.34866316498018
4,24,11000.0,0.34122192409403
4,24,12000.0,0.31564523622186
4,24,13000.0,0.039784800111899
4,24,14000.0,0.024551306969432
4,24,15000.0,0.69432619406527
4,24,16000.0,0.035739531022407
4,24,17000.0,0.0095406196636905
4,24,18000.0,0.0095316652916183
4,24,19000.0,0.044327300193749
4,24,20000.0,0.042634923945625
4,24,21000.0,0.051996344506455
4,24,22000.0,0.0
4,24,23000.0,0.059066003479259
4,24,24000.0,0.073498263825621
4,24,25000.0,0.071319948127516
4,24,26000.0,0.046165129597812
4,24,27000.0,0.022670122169532
4,24,28000.0,0.064513834903181
4,24,29000.0,0.06955331124246
4,24,30000.0,0.04899402987138
4,24,31000.0,0.060004475790544
4,24,32000.0,-0.17540468791505
4,24,33000.0,0.042215372175597
4,24,34000.0,0.06663971566615
4,24,35000.0,0.065975084762459
4,24,36000.0,0.049999328689432
4,24,37000.0,0.035368855713449
4,24,38000.0,0.35343141572101
4,24,39000.0,0.06178131670005
4,24,40000.0,0.070384460823132
4,24,41000.0,0.064173699192633
4,24,42000.0,0.022311096351947
4,24,43000.0,0.038891255121842
4,24,44000.0,0.059299418386716
4,24,45000.0,0.34963180113868
4,24,46000.0,0.19194382690047
4,24,47000.0,0.30750541605214
4,24,48000.0,0.33794889887599
4,24,49000.0,0.36110017830881
4,24,50000.0,0.33876409630637
