run,type,module,name,attrname,attrvalue,vectime,vecvalue
General-0-20251226-14:24:06-81708,runattr,,,configname,General,,
General-0-20251226-14:24:06-81708,runattr,,,datetime,20251226-14:24:06,,
General-0-20251226-14:24:06-81708,runattr,,,datetimef,20251226-142406,,
General-0-20251226-14:24:06-81708,runattr,,,experiment,General,,
General-0-20251226-14:24:06-81708,runattr,,,inifile,omnetpp.ini,,
General-0-20251226-14:24:06-81708,runattr,,,iterationvars,,,
General-0-20251226-14:24:06-81708,runattr,,,iterationvarsd,,,
General-0-20251226-14:24:06-81708,runattr,,,iterationvarsf,,,
General-0-20251226-14:24:06-81708,runattr,,,measurement,,,
General-0-20251226-14:24:06-81708,runattr,,,network,src.AdhocNetwork1,,
General-0-20251226-14:24:06-81708,runattr,,,processid,81708,,
General-0-20251226-14:24:06-81708,runattr,,,repetition,0,,
General-0-20251226-14:24:06-81708,runattr,,,replication,#0,,
General-0-20251226-14:24:06-81708,runattr,,,resultdir,results,,
General-0-20251226-14:24:06-81708,runattr,,,runnumber,0,,
General-0-20251226-14:24:06-81708,runattr,,,seedset,0,,
General-0-20251226-14:24:06-81708,config,,,image-path,../../../inet4.5/images,,
General-0-20251226-14:24:06-81708,config,,,repeat,5,,
General-0-20251226-14:24:06-81708,config,,,network,src.AdhocNetwork1,,
General-0-20251226-14:24:06-81708,config,,,sim-time-limit,50s,,
General-0-20251226-14:24:06-81708,config,,,*.host[*].ipv4.arp.typename,GlobalArp,,
General-0-20251226-14:24:06-81708,config,,,*.host[*].numApps,3,,
General-0-20251226-14:24:06-81708,config,,,*.host[*].app[0].typename,src.cluster.ClusterApp,,
General-0-20251226-14:24:06-81708,config,,,*.host[*].app[0].localPort,4000,,
General-0-20251226-14:24:06-81708,config,,,*.host[*].app[0].destPort,4000,,
General-0-20251226-14:24:06-81708,config,,,*.host[*].app[0].helloInterval,1s,,
General-0-20251226-14:24:06-81708,config,,,*.host[*].app[0].cfInterval,3s,,
General-0-20251226-14:24:06-81708,config,,,*.host[*].app[0].hldTimeThreshold,1s,,
General-0-20251226-14:24:06-81708,config,,,*.host[*].app[0].maxTrials,3,,
General-0-20251226-14:24:06-81708,config,,,*.host[*].app[0].requestTimeout,1s,,
General-0-20251226-14:24:06-81708,config,,,*.host[*].app[0].maxClusterSize,10,,
General-0-20251226-14:24:06-81708,config,,,*.host[*].app[1].typename,src.tcp.RecordingTcpClientApp,,
General-0-20251226-14:24:06-81708,config,,,*.host[*].app[1].delaySamplePeriod,1s,,
General-0-20251226-14:24:06-81708,config,,,*.host[*].app[1].delayStaleWindow,3s,,
General-0-20251226-14:24:06-81708,config,,,*.host[*].app[1].connectPort,1000,,
General-0-20251226-14:24:06-81708,config,,,*.host[*].app[1].tOpen,"uniform(1s, 2s)",,
General-0-20251226-14:24:06-81708,config,,,*.host[*].app[1].tSend,"uniform(1s, 2s)",,
General-0-20251226-14:24:06-81708,config,,,*.host[*].app[1].thinkTime,"uniform(0s, 1s)",,
General-0-20251226-14:24:06-81708,config,,,*.host[*].app[1].idleInterval,"uniform(3s, 5s)",,
General-0-20251226-14:24:06-81708,config,,,*.host[*].app[1].sendBytes,200B,,
General-0-20251226-14:24:06-81708,config,,,*.host[*].app[1].sendInterval,"uniform(1s, 2s)",,
General-0-20251226-14:24:06-81708,config,,,*.host[*].app[1].connectAddress,"""host["" + string((index + intuniform(1,24)) % 25) + ""]""",,
General-0-20251226-14:24:06-81708,config,,,*.host[*].app[2].typename,TcpEchoApp,,
General-0-20251226-14:24:06-81708,config,,,*.host[*].app[2].localPort,1000,,
General-0-20251226-14:24:06-81708,config,,,*.host[*].typename,RouterWithMetrics,,
General-0-20251226-14:24:06-81708,config,,,**.metrics.samplePeriod,0.5s,,
General-0-20251226-14:24:06-81708,config,,,**.metrics.recordPerUtility,true,,
General-0-20251226-14:24:06-81708,config,,,*.host[*].wlan[0].typename,WirelessInterface,,
General-0-20251226-14:24:06-81708,config,,,*.host[*].wlan[0].radio.transmitter.communicationRange,350m,,
General-0-20251226-14:24:06-81708,config,,,*.host[*].wlan[0].radio.receiver.ignoreInterference,false,,
General-0-20251226-14:24:06-81708,config,,,*.host[*].wlan[0].radio.transmitter.interferenceRange,400m,,
General-0-20251226-14:24:06-81708,config,,,*.host[*].wlan[0].radio.typename,UnitDiskRadio,,
General-0-20251226-14:24:06-81708,config,,,*.host[*].wlan[0].mac.typename,CsmaCaMac,,
General-0-20251226-14:24:06-81708,config,,,*.host[*].wlan[0].mac.ackTimeout,300us,,
General-0-20251226-14:24:06-81708,config,,,*.host[*].wlan[0].mac.useAck,true,,
General-0-20251226-14:24:06-81708,config,,,*.host[*].wlan[0].mac.fullDuplex,false,,
General-0-20251226-14:24:06-81708,config,,,*.host[*].wlan[0].mac.headerLength,23B,,
General-0-20251226-14:24:06-81708,config,,,*.host[*].mobility.typename,GaussMarkovMobility,,
General-0-20251226-14:24:06-81708,config,,,*.host[*].mobility.alpha,0.7,,
General-0-20251226-14:24:06-81708,config,,,*.host[*].mobility.speed,"uniform(5mps, 10mps)",,
General-0-20251226-14:24:06-81708,config,,,*.host[*].mobility.speedStdDev,1mps,,
General-0-20251226-14:24:06-81708,config,,,*.host[*].mobility.angle,"uniform(0deg, 360deg)",,
General-0-20251226-14:24:06-81708,config,,,*.host[*].mobility.angleStdDev,10deg,,
General-0-20251226-14:24:06-81708,config,,,*.host[*].mobility.margin,2m,,
General-0-20251226-14:24:06-81708,config,,,*.host[*].wlan[0].queue.typename,DropTailQueue,,
General-0-20251226-14:24:06-81708,config,,,*.host[*].wlan[0].queue.packetCapacity,10,,
General-0-20251226-14:24:06-81708,config,,,*.host[*].hasStatus,true,,
General-0-20251226-14:24:06-81708,config,,,*.host[*].wlan[0].radio.energyConsumer.typename,StateBasedEpEnergyConsumer,,
General-0-20251226-14:24:06-81708,config,,,*.host[*].wlan[0].radio.energyConsumer.offPowerConsumption,0mW,,
General-0-20251226-14:24:06-81708,config,,,*.host[*].wlan[0].radio.energyConsumer.sleepPowerConsumption,1mW,,
General-0-20251226-14:24:06-81708,config,,,*.host[*].wlan[0].radio.energyConsumer.switchingPowerConsumption,1mW,,
General-0-20251226-14:24:06-81708,config,,,*.host[*].wlan[0].radio.energyConsumer.receiverIdlePowerConsumption,2mW,,
General-0-20251226-14:24:06-81708,config,,,*.host[*].wlan[0].radio.energyConsumer.receiverBusyPowerConsumption,5mW,,
General-0-20251226-14:24:06-81708,config,,,*.host[*].wlan[0].radio.energyConsumer.receiverReceivingPowerConsumption,10mW,,
General-0-20251226-14:24:06-81708,config,,,*.host[*].wlan[0].radio.energyConsumer.transmitterIdlePowerConsumption,2mW,,
General-0-20251226-14:24:06-81708,config,,,*.host[*].wlan[0].radio.energyConsumer.transmitterTransmittingPowerConsumption,100mW,,
General-0-20251226-14:24:06-81708,config,,,*.host[*].energyStorage.typename,SimpleEpEnergyStorage,,
General-0-20251226-14:24:06-81708,config,,,*.host[*].energyStorage.nominalCapacity,2J,,
General-0-20251226-14:24:06-81708,config,,,*.host[*].energyStorage.initialCapacity,2J,,
General-0-20251226-14:24:06-81708,config,,,*.host[*].energyManagement.typename,SimpleEpEnergyManagement,,
General-0-20251226-14:24:06-81708,config,,,*.host[*].energyManagement.nodeStartCapacity,0.0001J,,
General-0-20251226-14:24:06-81708,config,,,*.host[*].energyManagement.nodeShutdownCapacity,0.0001J,,
General-0-20251226-14:24:06-81708,config,,,*.host[*].**.bitrate,1Mbps,,
General-0-20251226-14:24:06-81708,config,,,*.host[*].forwarding,true,,
General-0-20251226-14:24:06-81708,config,,,*.host[*].mobility.constraintAreaMinX,0m,,
General-0-20251226-14:24:06-81708,config,,,*.host[*].mobility.constraintAreaMinY,0m,,
General-0-20251226-14:24:06-81708,config,,,*.host[*].mobility.constraintAreaMinZ,0m,,
General-0-20251226-14:24:06-81708,config,,,*.host[*].mobility.constraintAreaMaxX,1250m,,
General-0-20251226-14:24:06-81708,config,,,*.host[*].mobility.constraintAreaMaxY,1250m,,
General-0-20251226-14:24:06-81708,config,,,*.host[*].mobility.constraintAreaMaxZ,0m,,
General-0-20251226-14:24:06-81708,config,,,*.host[*].mobility.initialX,"uniform(100m, 1150m)",,
General-0-20251226-14:24:06-81708,config,,,*.host[*].mobility.initialY,"uniform(100m, 1150m)",,
General-0-20251226-14:24:06-81708,config,,,*.host[*].wlan[0].radio.displayCommunicationRange,true,,
General-0-20251226-14:24:06-81708,config,,,*.configurator.config,"xml(""<config><interface hosts='**' address='10.0.0.x' netmask='255.255.255.0'/></config>"")",,
General-0-20251226-14:24:06-81708,config,,,*.configurator.addDefaultRoutes,false,,
General-0-20251226-14:24:06-81708,config,,,*.configurator.addStaticRoutes,false,,
General-0-20251226-14:24:06-81708,config,,,*.configurator.optimizeRoutes,false,,
General-0-20251226-14:24:06-81708,config,,,*.host*.ipv4.routingTable.netmaskRoutes,"""""",,
General-0-20251226-14:24:06-81708,config,,,*.linkVisualizer.*.displayLinks,false,,
General-1-20251226-14:24:05-81707,runattr,,,configname,General,,
General-1-20251226-14:24:05-81707,runattr,,,datetime,20251226-14:24:05,,
General-1-20251226-14:24:05-81707,runattr,,,datetimef,20251226-142405,,
General-1-20251226-14:24:05-81707,runattr,,,experiment,General,,
General-1-20251226-14:24:05-81707,runattr,,,inifile,omnetpp.ini,,
General-1-20251226-14:24:05-81707,runattr,,,iterationvars,,,
General-1-20251226-14:24:05-81707,runattr,,,iterationvarsd,,,
General-1-20251226-14:24:05-81707,runattr,,,iterationvarsf,,,
General-1-20251226-14:24:05-81707,runattr,,,measurement,,,
General-1-20251226-14:24:05-81707,runattr,,,network,src.AdhocNetwork1,,
General-1-20251226-14:24:05-81707,runattr,,,processid,81707,,
General-1-20251226-14:24:05-81707,runattr,,,repetition,1,,
General-1-20251226-14:24:05-81707,runattr,,,replication,#1,,
General-1-20251226-14:24:05-81707,runattr,,,resultdir,results,,
General-1-20251226-14:24:05-81707,runattr,,,runnumber,1,,
General-1-20251226-14:24:05-81707,runattr,,,seedset,1,,
General-1-20251226-14:24:05-81707,config,,,image-path,../../../inet4.5/images,,
General-1-20251226-14:24:05-81707,config,,,repeat,5,,
General-1-20251226-14:24:05-81707,config,,,network,src.AdhocNetwork1,,
General-1-20251226-14:24:05-81707,config,,,sim-time-limit,50s,,
General-1-20251226-14:24:05-81707,config,,,*.host[*].ipv4.arp.typename,GlobalArp,,
General-1-20251226-14:24:05-81707,config,,,*.host[*].numApps,3,,
General-1-20251226-14:24:05-81707,config,,,*.host[*].app[0].typename,src.cluster.ClusterApp,,
General-1-20251226-14:24:05-81707,config,,,*.host[*].app[0].localPort,4000,,
General-1-20251226-14:24:05-81707,config,,,*.host[*].app[0].destPort,4000,,
General-1-20251226-14:24:05-81707,config,,,*.host[*].app[0].helloInterval,1s,,
General-1-20251226-14:24:05-81707,config,,,*.host[*].app[0].cfInterval,3s,,
General-1-20251226-14:24:05-81707,config,,,*.host[*].app[0].hldTimeThreshold,1s,,
General-1-20251226-14:24:05-81707,config,,,*.host[*].app[0].maxTrials,3,,
General-1-20251226-14:24:05-81707,config,,,*.host[*].app[0].requestTimeout,1s,,
General-1-20251226-14:24:05-81707,config,,,*.host[*].app[0].maxClusterSize,10,,
General-1-20251226-14:24:05-81707,config,,,*.host[*].app[1].typename,src.tcp.RecordingTcpClientApp,,
General-1-20251226-14:24:05-81707,config,,,*.host[*].app[1].delaySamplePeriod,1s,,
General-1-20251226-14:24:05-81707,config,,,*.host[*].app[1].delayStaleWindow,3s,,
General-1-20251226-14:24:05-81707,config,,,*.host[*].app[1].connectPort,1000,,
General-1-20251226-14:24:05-81707,config,,,*.host[*].app[1].tOpen,"uniform(1s, 2s)",,
General-1-20251226-14:24:05-81707,config,,,*.host[*].app[1].tSend,"uniform(1s, 2s)",,
General-1-20251226-14:24:05-81707,config,,,*.host[*].app[1].thinkTime,"uniform(0s, 1s)",,
General-1-20251226-14:24:05-81707,config,,,*.host[*].app[1].idleInterval,"uniform(3s, 5s)",,
General-1-20251226-14:24:05-81707,config,,,*.host[*].app[1].sendBytes,200B,,
General-1-20251226-14:24:05-81707,config,,,*.host[*].app[1].sendInterval,"uniform(1s, 2s)",,
General-1-20251226-14:24:05-81707,config,,,*.host[*].app[1].connectAddress,"""host["" + string((index + intuniform(1,24)) % 25) + ""]""",,
General-1-20251226-14:24:05-81707,config,,,*.host[*].app[2].typename,TcpEchoApp,,
General-1-20251226-14:24:05-81707,config,,,*.host[*].app[2].localPort,1000,,
General-1-20251226-14:24:05-81707,config,,,*.host[*].typename,RouterWithMetrics,,
General-1-20251226-14:24:05-81707,config,,,**.metrics.samplePeriod,0.5s,,
General-1-20251226-14:24:05-81707,config,,,**.metrics.recordPerUtility,true,,
General-1-20251226-14:24:05-81707,config,,,*.host[*].wlan[0].typename,WirelessInterface,,
General-1-20251226-14:24:05-81707,config,,,*.host[*].wlan[0].radio.transmitter.communicationRange,350m,,
General-1-20251226-14:24:05-81707,config,,,*.host[*].wlan[0].radio.receiver.ignoreInterference,false,,
General-1-20251226-14:24:05-81707,config,,,*.host[*].wlan[0].radio.transmitter.interferenceRange,400m,,
General-1-20251226-14:24:05-81707,config,,,*.host[*].wlan[0].radio.typename,UnitDiskRadio,,
General-1-20251226-14:24:05-81707,config,,,*.host[*].wlan[0].mac.typename,CsmaCaMac,,
General-1-20251226-14:24:05-81707,config,,,*.host[*].wlan[0].mac.ackTimeout,300us,,
General-1-20251226-14:24:05-81707,config,,,*.host[*].wlan[0].mac.useAck,true,,
General-1-20251226-14:24:05-81707,config,,,*.host[*].wlan[0].mac.fullDuplex,false,,
General-1-20251226-14:24:05-81707,config,,,*.host[*].wlan[0].mac.headerLength,23B,,
General-1-20251226-14:24:05-81707,config,,,*.host[*].mobility.typename,GaussMarkovMobility,,
General-1-20251226-14:24:05-81707,config,,,*.host[*].mobility.alpha,0.7,,
General-1-20251226-14:24:05-81707,config,,,*.host[*].mobility.speed,"uniform(5mps, 10mps)",,
General-1-20251226-14:24:05-81707,config,,,*.host[*].mobility.speedStdDev,1mps,,
General-1-20251226-14:24:05-81707,config,,,*.host[*].mobility.angle,"uniform(0deg, 360deg)",,
General-1-20251226-14:24:05-81707,config,,,*.host[*].mobility.angleStdDev,10deg,,
General-1-20251226-14:24:05-81707,config,,,*.host[*].mobility.margin,2m,,
General-1-20251226-14:24:05-81707,config,,,*.host[*].wlan[0].queue.typename,DropTailQueue,,
General-1-20251226-14:24:05-81707,config,,,*.host[*].wlan[0].queue.packetCapacity,10,,
General-1-20251226-14:24:05-81707,config,,,*.host[*].hasStatus,true,,
General-1-20251226-14:24:05-81707,config,,,*.host[*].wlan[0].radio.energyConsumer.typename,StateBasedEpEnergyConsumer,,
General-1-20251226-14:24:05-81707,config,,,*.host[*].wlan[0].radio.energyConsumer.offPowerConsumption,0mW,,
General-1-20251226-14:24:05-81707,config,,,*.host[*].wlan[0].radio.energyConsumer.sleepPowerConsumption,1mW,,
General-1-20251226-14:24:05-81707,config,,,*.host[*].wlan[0].radio.energyConsumer.switchingPowerConsumption,1mW,,
General-1-20251226-14:24:05-81707,config,,,*.host[*].wlan[0].radio.energyConsumer.receiverIdlePowerConsumption,2mW,,
General-1-20251226-14:24:05-81707,config,,,*.host[*].wlan[0].radio.energyConsumer.receiverBusyPowerConsumption,5mW,,
General-1-20251226-14:24:05-81707,config,,,*.host[*].wlan[0].radio.energyConsumer.receiverReceivingPowerConsumption,10mW,,
General-1-20251226-14:24:05-81707,config,,,*.host[*].wlan[0].radio.energyConsumer.transmitterIdlePowerConsumption,2mW,,
General-1-20251226-14:24:05-81707,config,,,*.host[*].wlan[0].radio.energyConsumer.transmitterTransmittingPowerConsumption,100mW,,
General-1-20251226-14:24:05-81707,config,,,*.host[*].energyStorage.typename,SimpleEpEnergyStorage,,
General-1-20251226-14:24:05-81707,config,,,*.host[*].energyStorage.nominalCapacity,2J,,
General-1-20251226-14:24:05-81707,config,,,*.host[*].energyStorage.initialCapacity,2J,,
General-1-20251226-14:24:05-81707,config,,,*.host[*].energyManagement.typename,SimpleEpEnergyManagement,,
General-1-20251226-14:24:05-81707,config,,,*.host[*].energyManagement.nodeStartCapacity,0.0001J,,
General-1-20251226-14:24:05-81707,config,,,*.host[*].energyManagement.nodeShutdownCapacity,0.0001J,,
General-1-20251226-14:24:05-81707,config,,,*.host[*].**.bitrate,1Mbps,,
General-1-20251226-14:24:05-81707,config,,,*.host[*].forwarding,true,,
General-1-20251226-14:24:05-81707,config,,,*.host[*].mobility.constraintAreaMinX,0m,,
General-1-20251226-14:24:05-81707,config,,,*.host[*].mobility.constraintAreaMinY,0m,,
General-1-20251226-14:24:05-81707,config,,,*.host[*].mobility.constraintAreaMinZ,0m,,
General-1-20251226-14:24:05-81707,config,,,*.host[*].mobility.constraintAreaMaxX,1250m,,
General-1-20251226-14:24:05-81707,config,,,*.host[*].mobility.constraintAreaMaxY,1250m,,
General-1-20251226-14:24:05-81707,config,,,*.host[*].mobility.constraintAreaMaxZ,0m,,
General-1-20251226-14:24:05-81707,config,,,*.host[*].mobility.initialX,"uniform(100m, 1150m)",,
General-1-20251226-14:24:05-81707,config,,,*.host[*].mobility.initialY,"uniform(100m, 1150m)",,
General-1-20251226-14:24:05-81707,config,,,*.host[*].wlan[0].radio.displayCommunicationRange,true,,
General-1-20251226-14:24:05-81707,config,,,*.configurator.config,"xml(""<config><interface hosts='**' address='10.0.0.x' netmask='255.255.255.0'/></config>"")",,
General-1-20251226-14:24:05-81707,config,,,*.configurator.addDefaultRoutes,false,,
General-1-20251226-14:24:05-81707,config,,,*.configurator.addStaticRoutes,false,,
General-1-20251226-14:24:05-81707,config,,,*.configurator.optimizeRoutes,false,,
General-1-20251226-14:24:05-81707,config,,,*.host*.ipv4.routingTable.netmaskRoutes,"""""",,
General-1-20251226-14:24:05-81707,config,,,*.linkVisualizer.*.displayLinks,false,,
General-3-20251226-14:24:05-81711,runattr,,,configname,General,,
General-3-20251226-14:24:05-81711,runattr,,,datetime,20251226-14:24:05,,
General-3-20251226-14:24:05-81711,runattr,,,datetimef,20251226-142405,,
General-3-20251226-14:24:05-81711,runattr,,,experiment,General,,
General-3-20251226-14:24:05-81711,runattr,,,inifile,omnetpp.ini,,
General-3-20251226-14:24:05-81711,runattr,,,iterationvars,,,
General-3-20251226-14:24:05-81711,runattr,,,iterationvarsd,,,
General-3-20251226-14:24:05-81711,runattr,,,iterationvarsf,,,
General-3-20251226-14:24:05-81711,runattr,,,measurement,,,
General-3-20251226-14:24:05-81711,runattr,,,network,src.AdhocNetwork1,,
General-3-20251226-14:24:05-81711,runattr,,,processid,81711,,
General-3-20251226-14:24:05-81711,runattr,,,repetition,3,,
General-3-20251226-14:24:05-81711,runattr,,,replication,#3,,
General-3-20251226-14:24:05-81711,runattr,,,resultdir,results,,
General-3-20251226-14:24:05-81711,runattr,,,runnumber,3,,
General-3-20251226-14:24:05-81711,runattr,,,seedset,3,,
General-3-20251226-14:24:05-81711,config,,,image-path,../../../inet4.5/images,,
General-3-20251226-14:24:05-81711,config,,,repeat,5,,
General-3-20251226-14:24:05-81711,config,,,network,src.AdhocNetwork1,,
General-3-20251226-14:24:05-81711,config,,,sim-time-limit,50s,,
General-3-20251226-14:24:05-81711,config,,,*.host[*].ipv4.arp.typename,GlobalArp,,
General-3-20251226-14:24:05-81711,config,,,*.host[*].numApps,3,,
General-3-20251226-14:24:05-81711,config,,,*.host[*].app[0].typename,src.cluster.ClusterApp,,
General-3-20251226-14:24:05-81711,config,,,*.host[*].app[0].localPort,4000,,
General-3-20251226-14:24:05-81711,config,,,*.host[*].app[0].destPort,4000,,
General-3-20251226-14:24:05-81711,config,,,*.host[*].app[0].helloInterval,1s,,
General-3-20251226-14:24:05-81711,config,,,*.host[*].app[0].cfInterval,3s,,
General-3-20251226-14:24:05-81711,config,,,*.host[*].app[0].hldTimeThreshold,1s,,
General-3-20251226-14:24:05-81711,config,,,*.host[*].app[0].maxTrials,3,,
General-3-20251226-14:24:05-81711,config,,,*.host[*].app[0].requestTimeout,1s,,
General-3-20251226-14:24:05-81711,config,,,*.host[*].app[0].maxClusterSize,10,,
General-3-20251226-14:24:05-81711,config,,,*.host[*].app[1].typename,src.tcp.RecordingTcpClientApp,,
General-3-20251226-14:24:05-81711,config,,,*.host[*].app[1].delaySamplePeriod,1s,,
General-3-20251226-14:24:05-81711,config,,,*.host[*].app[1].delayStaleWindow,3s,,
General-3-20251226-14:24:05-81711,config,,,*.host[*].app[1].connectPort,1000,,
General-3-20251226-14:24:05-81711,config,,,*.host[*].app[1].tOpen,"uniform(1s, 2s)",,
General-3-20251226-14:24:05-81711,config,,,*.host[*].app[1].tSend,"uniform(1s, 2s)",,
General-3-20251226-14:24:05-81711,config,,,*.host[*].app[1].thinkTime,"uniform(0s, 1s)",,
General-3-20251226-14:24:05-81711,config,,,*.host[*].app[1].idleInterval,"uniform(3s, 5s)",,
General-3-20251226-14:24:05-81711,config,,,*.host[*].app[1].sendBytes,200B,,
General-3-20251226-14:24:05-81711,config,,,*.host[*].app[1].sendInterval,"uniform(1s, 2s)",,
General-3-20251226-14:24:05-81711,config,,,*.host[*].app[1].connectAddress,"""host["" + string((index + intuniform(1,24)) % 25) + ""]""",,
General-3-20251226-14:24:05-81711,config,,,*.host[*].app[2].typename,TcpEchoApp,,
General-3-20251226-14:24:05-81711,config,,,*.host[*].app[2].localPort,1000,,
General-3-20251226-14:24:05-81711,config,,,*.host[*].typename,RouterWithMetrics,,
General-3-20251226-14:24:05-81711,config,,,**.metrics.samplePeriod,0.5s,,
General-3-20251226-14:24:05-81711,config,,,**.metrics.recordPerUtility,true,,
General-3-20251226-14:24:05-81711,config,,,*.host[*].wlan[0].typename,WirelessInterface,,
General-3-20251226-14:24:05-81711,config,,,*.host[*].wlan[0].radio.transmitter.communicationRange,350m,,
General-3-20251226-14:24:05-81711,config,,,*.host[*].wlan[0].radio.receiver.ignoreInterference,false,,
General-3-20251226-14:24:05-81711,config,,,*.host[*].wlan[0].radio.transmitter.interferenceRange,400m,,
General-3-20251226-14:24:05-81711,config,,,*.host[*].wlan[0].radio.typename,UnitDiskRadio,,
General-3-20251226-14:24:05-81711,config,,,*.host[*].wlan[0].mac.typename,CsmaCaMac,,
General-3-20251226-14:24:05-81711,config,,,*.host[*].wlan[0].mac.ackTimeout,300us,,
General-3-20251226-14:24:05-81711,config,,,*.host[*].wlan[0].mac.useAck,true,,
General-3-20251226-14:24:05-81711,config,,,*.host[*].wlan[0].mac.fullDuplex,false,,
General-3-20251226-14:24:05-81711,config,,,*.host[*].wlan[0].mac.headerLength,23B,,
General-3-20251226-14:24:05-81711,config,,,*.host[*].mobility.typename,GaussMarkovMobility,,
General-3-20251226-14:24:05-81711,config,,,*.host[*].mobility.alpha,0.7,,
General-3-20251226-14:24:05-81711,config,,,*.host[*].mobility.speed,"uniform(5mps, 10mps)",,
General-3-20251226-14:24:05-81711,config,,,*.host[*].mobility.speedStdDev,1mps,,
General-3-20251226-14:24:05-81711,config,,,*.host[*].mobility.angle,"uniform(0deg, 360deg)",,
General-3-20251226-14:24:05-81711,config,,,*.host[*].mobility.angleStdDev,10deg,,
General-3-20251226-14:24:05-81711,config,,,*.host[*].mobility.margin,2m,,
General-3-20251226-14:24:05-81711,config,,,*.host[*].wlan[0].queue.typename,DropTailQueue,,
General-3-20251226-14:24:05-81711,config,,,*.host[*].wlan[0].queue.packetCapacity,10,,
General-3-20251226-14:24:05-81711,config,,,*.host[*].hasStatus,true,,
General-3-20251226-14:24:05-81711,config,,,*.host[*].wlan[0].radio.energyConsumer.typename,StateBasedEpEnergyConsumer,,
General-3-20251226-14:24:05-81711,config,,,*.host[*].wlan[0].radio.energyConsumer.offPowerConsumption,0mW,,
General-3-20251226-14:24:05-81711,config,,,*.host[*].wlan[0].radio.energyConsumer.sleepPowerConsumption,1mW,,
General-3-20251226-14:24:05-81711,config,,,*.host[*].wlan[0].radio.energyConsumer.switchingPowerConsumption,1mW,,
General-3-20251226-14:24:05-81711,config,,,*.host[*].wlan[0].radio.energyConsumer.receiverIdlePowerConsumption,2mW,,
General-3-20251226-14:24:05-81711,config,,,*.host[*].wlan[0].radio.energyConsumer.receiverBusyPowerConsumption,5mW,,
General-3-20251226-14:24:05-81711,config,,,*.host[*].wlan[0].radio.energyConsumer.receiverReceivingPowerConsumption,10mW,,
General-3-20251226-14:24:05-81711,config,,,*.host[*].wlan[0].radio.energyConsumer.transmitterIdlePowerConsumption,2mW,,
General-3-20251226-14:24:05-81711,config,,,*.host[*].wlan[0].radio.energyConsumer.transmitterTransmittingPowerConsumption,100mW,,
General-3-20251226-14:24:05-81711,config,,,*.host[*].energyStorage.typename,SimpleEpEnergyStorage,,
General-3-20251226-14:24:05-81711,config,,,*.host[*].energyStorage.nominalCapacity,2J,,
General-3-20251226-14:24:05-81711,config,,,*.host[*].energyStorage.initialCapacity,2J,,
General-3-20251226-14:24:05-81711,config,,,*.host[*].energyManagement.typename,SimpleEpEnergyManagement,,
General-3-20251226-14:24:05-81711,config,,,*.host[*].energyManagement.nodeStartCapacity,0.0001J,,
General-3-20251226-14:24:05-81711,config,,,*.host[*].energyManagement.nodeShutdownCapacity,0.0001J,,
General-3-20251226-14:24:05-81711,config,,,*.host[*].**.bitrate,1Mbps,,
General-3-20251226-14:24:05-81711,config,,,*.host[*].forwarding,true,,
General-3-20251226-14:24:05-81711,config,,,*.host[*].mobility.constraintAreaMinX,0m,,
General-3-20251226-14:24:05-81711,config,,,*.host[*].mobility.constraintAreaMinY,0m,,
General-3-20251226-14:24:05-81711,config,,,*.host[*].mobility.constraintAreaMinZ,0m,,
General-3-20251226-14:24:05-81711,config,,,*.host[*].mobility.constraintAreaMaxX,1250m,,
General-3-20251226-14:24:05-81711,config,,,*.host[*].mobility.constraintAreaMaxY,1250m,,
General-3-20251226-14:24:05-81711,config,,,*.host[*].mobility.constraintAreaMaxZ,0m,,
General-3-20251226-14:24:05-81711,config,,,*.host[*].mobility.initialX,"uniform(100m, 1150m)",,
General-3-20251226-14:24:05-81711,config,,,*.host[*].mobility.initialY,"uniform(100m, 1150m)",,
General-3-20251226-14:24:05-81711,config,,,*.host[*].wlan[0].radio.displayCommunicationRange,true,,
General-3-20251226-14:24:05-81711,config,,,*.configurator.config,"xml(""<config><interface hosts='**' address='10.0.0.x' netmask='255.255.255.0'/></config>"")",,
General-3-20251226-14:24:05-81711,config,,,*.configurator.addDefaultRoutes,false,,
General-3-20251226-14:24:05-81711,config,,,*.configurator.addStaticRoutes,false,,
General-3-20251226-14:24:05-81711,config,,,*.configurator.optimizeRoutes,false,,
General-3-20251226-14:24:05-81711,config,,,*.host*.ipv4.routingTable.netmaskRoutes,"""""",,
General-3-20251226-14:24:05-81711,config,,,*.linkVisualizer.*.displayLinks,false,,
General-2-20251226-14:24:05-81710,runattr,,,configname,General,,
General-2-20251226-14:24:05-81710,runattr,,,datetime,20251226-14:24:05,,
General-2-20251226-14:24:05-81710,runattr,,,datetimef,20251226-142405,,
General-2-20251226-14:24:05-81710,runattr,,,experiment,General,,
General-2-20251226-14:24:05-81710,runattr,,,inifile,omnetpp.ini,,
General-2-20251226-14:24:05-81710,runattr,,,iterationvars,,,
General-2-20251226-14:24:05-81710,runattr,,,iterationvarsd,,,
General-2-20251226-14:24:05-81710,runattr,,,iterationvarsf,,,
General-2-20251226-14:24:05-81710,runattr,,,measurement,,,
General-2-20251226-14:24:05-81710,runattr,,,network,src.AdhocNetwork1,,
General-2-20251226-14:24:05-81710,runattr,,,processid,81710,,
General-2-20251226-14:24:05-81710,runattr,,,repetition,2,,
General-2-20251226-14:24:05-81710,runattr,,,replication,#2,,
General-2-20251226-14:24:05-81710,runattr,,,resultdir,results,,
General-2-20251226-14:24:05-81710,runattr,,,runnumber,2,,
General-2-20251226-14:24:05-81710,runattr,,,seedset,2,,
General-2-20251226-14:24:05-81710,config,,,image-path,../../../inet4.5/images,,
General-2-20251226-14:24:05-81710,config,,,repeat,5,,
General-2-20251226-14:24:05-81710,config,,,network,src.AdhocNetwork1,,
General-2-20251226-14:24:05-81710,config,,,sim-time-limit,50s,,
General-2-20251226-14:24:05-81710,config,,,*.host[*].ipv4.arp.typename,GlobalArp,,
General-2-20251226-14:24:05-81710,config,,,*.host[*].numApps,3,,
General-2-20251226-14:24:05-81710,config,,,*.host[*].app[0].typename,src.cluster.ClusterApp,,
General-2-20251226-14:24:05-81710,config,,,*.host[*].app[0].localPort,4000,,
General-2-20251226-14:24:05-81710,config,,,*.host[*].app[0].destPort,4000,,
General-2-20251226-14:24:05-81710,config,,,*.host[*].app[0].helloInterval,1s,,
General-2-20251226-14:24:05-81710,config,,,*.host[*].app[0].cfInterval,3s,,
General-2-20251226-14:24:05-81710,config,,,*.host[*].app[0].hldTimeThreshold,1s,,
General-2-20251226-14:24:05-81710,config,,,*.host[*].app[0].maxTrials,3,,
General-2-20251226-14:24:05-81710,config,,,*.host[*].app[0].requestTimeout,1s,,
General-2-20251226-14:24:05-81710,config,,,*.host[*].app[0].maxClusterSize,10,,
General-2-20251226-14:24:05-81710,config,,,*.host[*].app[1].typename,src.tcp.RecordingTcpClientApp,,
General-2-20251226-14:24:05-81710,config,,,*.host[*].app[1].delaySamplePeriod,1s,,
General-2-20251226-14:24:05-81710,config,,,*.host[*].app[1].delayStaleWindow,3s,,
General-2-20251226-14:24:05-81710,config,,,*.host[*].app[1].connectPort,1000,,
General-2-20251226-14:24:05-81710,config,,,*.host[*].app[1].tOpen,"uniform(1s, 2s)",,
General-2-20251226-14:24:05-81710,config,,,*.host[*].app[1].tSend,"uniform(1s, 2s)",,
General-2-20251226-14:24:05-81710,config,,,*.host[*].app[1].thinkTime,"uniform(0s, 1s)",,
General-2-20251226-14:24:05-81710,config,,,*.host[*].app[1].idleInterval,"uniform(3s, 5s)",,
General-2-20251226-14:24:05-81710,config,,,*.host[*].app[1].sendBytes,200B,,
General-2-20251226-14:24:05-81710,config,,,*.host[*].app[1].sendInterval,"uniform(1s, 2s)",,
General-2-20251226-14:24:05-81710,config,,,*.host[*].app[1].connectAddress,"""host["" + string((index + intuniform(1,24)) % 25) + ""]""",,
General-2-20251226-14:24:05-81710,config,,,*.host[*].app[2].typename,TcpEchoApp,,
General-2-20251226-14:24:05-81710,config,,,*.host[*].app[2].localPort,1000,,
General-2-20251226-14:24:05-81710,config,,,*.host[*].typename,RouterWithMetrics,,
General-2-20251226-14:24:05-81710,config,,,**.metrics.samplePeriod,0.5s,,
General-2-20251226-14:24:05-81710,config,,,**.metrics.recordPerUtility,true,,
General-2-20251226-14:24:05-81710,config,,,*.host[*].wlan[0].typename,WirelessInterface,,
General-2-20251226-14:24:05-81710,config,,,*.host[*].wlan[0].radio.transmitter.communicationRange,350m,,
General-2-20251226-14:24:05-81710,config,,,*.host[*].wlan[0].radio.receiver.ignoreInterference,false,,
General-2-20251226-14:24:05-81710,config,,,*.host[*].wlan[0].radio.transmitter.interferenceRange,400m,,
General-2-20251226-14:24:05-81710,config,,,*.host[*].wlan[0].radio.typename,UnitDiskRadio,,
General-2-20251226-14:24:05-81710,config,,,*.host[*].wlan[0].mac.typename,CsmaCaMac,,
General-2-20251226-14:24:05-81710,config,,,*.host[*].wlan[0].mac.ackTimeout,300us,,
General-2-20251226-14:24:05-81710,config,,,*.host[*].wlan[0].mac.useAck,true,,
General-2-20251226-14:24:05-81710,config,,,*.host[*].wlan[0].mac.fullDuplex,false,,
General-2-20251226-14:24:05-81710,config,,,*.host[*].wlan[0].mac.headerLength,23B,,
General-2-20251226-14:24:05-81710,config,,,*.host[*].mobility.typename,GaussMarkovMobility,,
General-2-20251226-14:24:05-81710,config,,,*.host[*].mobility.alpha,0.7,,
General-2-20251226-14:24:05-81710,config,,,*.host[*].mobility.speed,"uniform(5mps, 10mps)",,
General-2-20251226-14:24:05-81710,config,,,*.host[*].mobility.speedStdDev,1mps,,
General-2-20251226-14:24:05-81710,config,,,*.host[*].mobility.angle,"uniform(0deg, 360deg)",,
General-2-20251226-14:24:05-81710,config,,,*.host[*].mobility.angleStdDev,10deg,,
General-2-20251226-14:24:05-81710,config,,,*.host[*].mobility.margin,2m,,
General-2-20251226-14:24:05-81710,config,,,*.host[*].wlan[0].queue.typename,DropTailQueue,,
General-2-20251226-14:24:05-81710,config,,,*.host[*].wlan[0].queue.packetCapacity,10,,
General-2-20251226-14:24:05-81710,config,,,*.host[*].hasStatus,true,,
General-2-20251226-14:24:05-81710,config,,,*.host[*].wlan[0].radio.energyConsumer.typename,StateBasedEpEnergyConsumer,,
General-2-20251226-14:24:05-81710,config,,,*.host[*].wlan[0].radio.energyConsumer.offPowerConsumption,0mW,,
General-2-20251226-14:24:05-81710,config,,,*.host[*].wlan[0].radio.energyConsumer.sleepPowerConsumption,1mW,,
General-2-20251226-14:24:05-81710,config,,,*.host[*].wlan[0].radio.energyConsumer.switchingPowerConsumption,1mW,,
General-2-20251226-14:24:05-81710,config,,,*.host[*].wlan[0].radio.energyConsumer.receiverIdlePowerConsumption,2mW,,
General-2-20251226-14:24:05-81710,config,,,*.host[*].wlan[0].radio.energyConsumer.receiverBusyPowerConsumption,5mW,,
General-2-20251226-14:24:05-81710,config,,,*.host[*].wlan[0].radio.energyConsumer.receiverReceivingPowerConsumption,10mW,,
General-2-20251226-14:24:05-81710,config,,,*.host[*].wlan[0].radio.energyConsumer.transmitterIdlePowerConsumption,2mW,,
General-2-20251226-14:24:05-81710,config,,,*.host[*].wlan[0].radio.energyConsumer.transmitterTransmittingPowerConsumption,100mW,,
General-2-20251226-14:24:05-81710,config,,,*.host[*].energyStorage.typename,SimpleEpEnergyStorage,,
General-2-20251226-14:24:05-81710,config,,,*.host[*].energyStorage.nominalCapacity,2J,,
General-2-20251226-14:24:05-81710,config,,,*.host[*].energyStorage.initialCapacity,2J,,
General-2-20251226-14:24:05-81710,config,,,*.host[*].energyManagement.typename,SimpleEpEnergyManagement,,
General-2-20251226-14:24:05-81710,config,,,*.host[*].energyManagement.nodeStartCapacity,0.0001J,,
General-2-20251226-14:24:05-81710,config,,,*.host[*].energyManagement.nodeShutdownCapacity,0.0001J,,
General-2-20251226-14:24:05-81710,config,,,*.host[*].**.bitrate,1Mbps,,
General-2-20251226-14:24:05-81710,config,,,*.host[*].forwarding,true,,
General-2-20251226-14:24:05-81710,config,,,*.host[*].mobility.constraintAreaMinX,0m,,
General-2-20251226-14:24:05-81710,config,,,*.host[*].mobility.constraintAreaMinY,0m,,
General-2-20251226-14:24:05-81710,config,,,*.host[*].mobility.constraintAreaMinZ,0m,,
General-2-20251226-14:24:05-81710,config,,,*.host[*].mobility.constraintAreaMaxX,1250m,,
General-2-20251226-14:24:05-81710,config,,,*.host[*].mobility.constraintAreaMaxY,1250m,,
General-2-20251226-14:24:05-81710,config,,,*.host[*].mobility.constraintAreaMaxZ,0m,,
General-2-20251226-14:24:05-81710,config,,,*.host[*].mobility.initialX,"uniform(100m, 1150m)",,
General-2-20251226-14:24:05-81710,config,,,*.host[*].mobility.initialY,"uniform(100m, 1150m)",,
General-2-20251226-14:24:05-81710,config,,,*.host[*].wlan[0].radio.displayCommunicationRange,true,,
General-2-20251226-14:24:05-81710,config,,,*.configurator.config,"xml(""<config><interface hosts='**' address='10.0.0.x' netmask='255.255.255.0'/></config>"")",,
General-2-20251226-14:24:05-81710,config,,,*.configurator.addDefaultRoutes,false,,
General-2-20251226-14:24:05-81710,config,,,*.configurator.addStaticRoutes,false,,
General-2-20251226-14:24:05-81710,config,,,*.configurator.optimizeRoutes,false,,
General-2-20251226-14:24:05-81710,config,,,*.host*.ipv4.routingTable.netmaskRoutes,"""""",,
General-2-20251226-14:24:05-81710,config,,,*.linkVisualizer.*.displayLinks,false,,
General-4-20251226-14:24:05-81709,runattr,,,configname,General,,
General-4-20251226-14:24:05-81709,runattr,,,datetime,20251226-14:24:05,,
General-4-20251226-14:24:05-81709,runattr,,,datetimef,20251226-142405,,
General-4-20251226-14:24:05-81709,runattr,,,experiment,General,,
General-4-20251226-14:24:05-81709,runattr,,,inifile,omnetpp.ini,,
General-4-20251226-14:24:05-81709,runattr,,,iterationvars,,,
General-4-20251226-14:24:05-81709,runattr,,,iterationvarsd,,,
General-4-20251226-14:24:05-81709,runattr,,,iterationvarsf,,,
General-4-20251226-14:24:05-81709,runattr,,,measurement,,,
General-4-20251226-14:24:05-81709,runattr,,,network,src.AdhocNetwork1,,
General-4-20251226-14:24:05-81709,runattr,,,processid,81709,,
General-4-20251226-14:24:05-81709,runattr,,,repetition,4,,
General-4-20251226-14:24:05-81709,runattr,,,replication,#4,,
General-4-20251226-14:24:05-81709,runattr,,,resultdir,results,,
General-4-20251226-14:24:05-81709,runattr,,,runnumber,4,,
General-4-20251226-14:24:05-81709,runattr,,,seedset,4,,
General-4-20251226-14:24:05-81709,config,,,image-path,../../../inet4.5/images,,
General-4-20251226-14:24:05-81709,config,,,repeat,5,,
General-4-20251226-14:24:05-81709,config,,,network,src.AdhocNetwork1,,
General-4-20251226-14:24:05-81709,config,,,sim-time-limit,50s,,
General-4-20251226-14:24:05-81709,config,,,*.host[*].ipv4.arp.typename,GlobalArp,,
General-4-20251226-14:24:05-81709,config,,,*.host[*].numApps,3,,
General-4-20251226-14:24:05-81709,config,,,*.host[*].app[0].typename,src.cluster.ClusterApp,,
General-4-20251226-14:24:05-81709,config,,,*.host[*].app[0].localPort,4000,,
General-4-20251226-14:24:05-81709,config,,,*.host[*].app[0].destPort,4000,,
General-4-20251226-14:24:05-81709,config,,,*.host[*].app[0].helloInterval,1s,,
General-4-20251226-14:24:05-81709,config,,,*.host[*].app[0].cfInterval,3s,,
General-4-20251226-14:24:05-81709,config,,,*.host[*].app[0].hldTimeThreshold,1s,,
General-4-20251226-14:24:05-81709,config,,,*.host[*].app[0].maxTrials,3,,
General-4-20251226-14:24:05-81709,config,,,*.host[*].app[0].requestTimeout,1s,,
General-4-20251226-14:24:05-81709,config,,,*.host[*].app[0].maxClusterSize,10,,
General-4-20251226-14:24:05-81709,config,,,*.host[*].app[1].typename,src.tcp.RecordingTcpClientApp,,
General-4-20251226-14:24:05-81709,config,,,*.host[*].app[1].delaySamplePeriod,1s,,
General-4-20251226-14:24:05-81709,config,,,*.host[*].app[1].delayStaleWindow,3s,,
General-4-20251226-14:24:05-81709,config,,,*.host[*].app[1].connectPort,1000,,
General-4-20251226-14:24:05-81709,config,,,*.host[*].app[1].tOpen,"uniform(1s, 2s)",,
General-4-20251226-14:24:05-81709,config,,,*.host[*].app[1].tSend,"uniform(1s, 2s)",,
General-4-20251226-14:24:05-81709,config,,,*.host[*].app[1].thinkTime,"uniform(0s, 1s)",,
General-4-20251226-14:24:05-81709,config,,,*.host[*].app[1].idleInterval,"uniform(3s, 5s)",,
General-4-20251226-14:24:05-81709,config,,,*.host[*].app[1].sendBytes,200B,,
General-4-20251226-14:24:05-81709,config,,,*.host[*].app[1].sendInterval,"uniform(1s, 2s)",,
General-4-20251226-14:24:05-81709,config,,,*.host[*].app[1].connectAddress,"""host["" + string((index + intuniform(1,24)) % 25) + ""]""",,
General-4-20251226-14:24:05-81709,config,,,*.host[*].app[2].typename,TcpEchoApp,,
General-4-20251226-14:24:05-81709,config,,,*.host[*].app[2].localPort,1000,,
General-4-20251226-14:24:05-81709,config,,,*.host[*].typename,RouterWithMetrics,,
General-4-20251226-14:24:05-81709,config,,,**.metrics.samplePeriod,0.5s,,
General-4-20251226-14:24:05-81709,config,,,**.metrics.recordPerUtility,true,,
General-4-20251226-14:24:05-81709,config,,,*.host[*].wlan[0].typename,WirelessInterface,,
General-4-20251226-14:24:05-81709,config,,,*.host[*].wlan[0].radio.transmitter.communicationRange,350m,,
General-4-20251226-14:24:05-81709,config,,,*.host[*].wlan[0].radio.receiver.ignoreInterference,false,,
General-4-20251226-14:24:05-81709,config,,,*.host[*].wlan[0].radio.transmitter.interferenceRange,400m,,
General-4-20251226-14:24:05-81709,config,,,*.host[*].wlan[0].radio.typename,UnitDiskRadio,,
General-4-20251226-14:24:05-81709,config,,,*.host[*].wlan[0].mac.typename,CsmaCaMac,,
General-4-20251226-14:24:05-81709,config,,,*.host[*].wlan[0].mac.ackTimeout,300us,,
General-4-20251226-14:24:05-81709,config,,,*.host[*].wlan[0].mac.useAck,true,,
General-4-20251226-14:24:05-81709,config,,,*.host[*].wlan[0].mac.fullDuplex,false,,
General-4-20251226-14:24:05-81709,config,,,*.host[*].wlan[0].mac.headerLength,23B,,
General-4-20251226-14:24:05-81709,config,,,*.host[*].mobility.typename,GaussMarkovMobility,,
General-4-20251226-14:24:05-81709,config,,,*.host[*].mobility.alpha,0.7,,
General-4-20251226-14:24:05-81709,config,,,*.host[*].mobility.speed,"uniform(5mps, 10mps)",,
General-4-20251226-14:24:05-81709,config,,,*.host[*].mobility.speedStdDev,1mps,,
General-4-20251226-14:24:05-81709,config,,,*.host[*].mobility.angle,"uniform(0deg, 360deg)",,
General-4-20251226-14:24:05-81709,config,,,*.host[*].mobility.angleStdDev,10deg,,
General-4-20251226-14:24:05-81709,config,,,*.host[*].mobility.margin,2m,,
General-4-20251226-14:24:05-81709,config,,,*.host[*].wlan[0].queue.typename,DropTailQueue,,
General-4-20251226-14:24:05-81709,config,,,*.host[*].wlan[0].queue.packetCapacity,10,,
General-4-20251226-14:24:05-81709,config,,,*.host[*].hasStatus,true,,
General-4-20251226-14:24:05-81709,config,,,*.host[*].wlan[0].radio.energyConsumer.typename,StateBasedEpEnergyConsumer,,
General-4-20251226-14:24:05-81709,config,,,*.host[*].wlan[0].radio.energyConsumer.offPowerConsumption,0mW,,
General-4-20251226-14:24:05-81709,config,,,*.host[*].wlan[0].radio.energyConsumer.sleepPowerConsumption,1mW,,
General-4-20251226-14:24:05-81709,config,,,*.host[*].wlan[0].radio.energyConsumer.switchingPowerConsumption,1mW,,
General-4-20251226-14:24:05-81709,config,,,*.host[*].wlan[0].radio.energyConsumer.receiverIdlePowerConsumption,2mW,,
General-4-20251226-14:24:05-81709,config,,,*.host[*].wlan[0].radio.energyConsumer.receiverBusyPowerConsumption,5mW,,
General-4-20251226-14:24:05-81709,config,,,*.host[*].wlan[0].radio.energyConsumer.receiverReceivingPowerConsumption,10mW,,
General-4-20251226-14:24:05-81709,config,,,*.host[*].wlan[0].radio.energyConsumer.transmitterIdlePowerConsumption,2mW,,
General-4-20251226-14:24:05-81709,config,,,*.host[*].wlan[0].radio.energyConsumer.transmitterTransmittingPowerConsumption,100mW,,
General-4-20251226-14:24:05-81709,config,,,*.host[*].energyStorage.typename,SimpleEpEnergyStorage,,
General-4-20251226-14:24:05-81709,config,,,*.host[*].energyStorage.nominalCapacity,2J,,
General-4-20251226-14:24:05-81709,config,,,*.host[*].energyStorage.initialCapacity,2J,,
General-4-20251226-14:24:05-81709,config,,,*.host[*].energyManagement.typename,SimpleEpEnergyManagement,,
General-4-20251226-14:24:05-81709,config,,,*.host[*].energyManagement.nodeStartCapacity,0.0001J,,
General-4-20251226-14:24:05-81709,config,,,*.host[*].energyManagement.nodeShutdownCapacity,0.0001J,,
General-4-20251226-14:24:05-81709,config,,,*.host[*].**.bitrate,1Mbps,,
General-4-20251226-14:24:05-81709,config,,,*.host[*].forwarding,true,,
General-4-20251226-14:24:05-81709,config,,,*.host[*].mobility.constraintAreaMinX,0m,,
General-4-20251226-14:24:05-81709,config,,,*.host[*].mobility.constraintAreaMinY,0m,,
General-4-20251226-14:24:05-81709,config,,,*.host[*].mobility.constraintAreaMinZ,0m,,
General-4-20251226-14:24:05-81709,config,,,*.host[*].mobility.constraintAreaMaxX,1250m,,
General-4-20251226-14:24:05-81709,config,,,*.host[*].mobility.constraintAreaMaxY,1250m,,
General-4-20251226-14:24:05-81709,config,,,*.host[*].mobility.constraintAreaMaxZ,0m,,
General-4-20251226-14:24:05-81709,config,,,*.host[*].mobility.initialX,"uniform(100m, 1150m)",,
General-4-20251226-14:24:05-81709,config,,,*.host[*].mobility.initialY,"uniform(100m, 1150m)",,
General-4-20251226-14:24:05-81709,config,,,*.host[*].wlan[0].radio.displayCommunicationRange,true,,
General-4-20251226-14:24:05-81709,config,,,*.configurator.config,"xml(""<config><interface hosts='**' address='10.0.0.x' netmask='255.255.255.0'/></config>"")",,
General-4-20251226-14:24:05-81709,config,,,*.configurator.addDefaultRoutes,false,,
General-4-20251226-14:24:05-81709,config,,,*.configurator.addStaticRoutes,false,,
General-4-20251226-14:24:05-81709,config,,,*.configurator.optimizeRoutes,false,,
General-4-20251226-14:24:05-81709,config,,,*.host*.ipv4.routingTable.netmaskRoutes,"""""",,
General-4-20251226-14:24:05-81709,config,,,*.linkVisualizer.*.displayLinks,false,,
General-0-20251226-14:24:06-81708,vector,AdhocNetwork1.host[0].app[1],e2eDelayPeriodicSec,,,"1 2 3 4 5 6 7 8 9 10 11 12 13 14 15 16 17 18 19 20 21 22 23 24 25 26 27 28 29 30 31 32 33 34 35 36 37 38 39 40 41 42 43 44 45 46 47 48 49 50","NaN NaN NaN NaN NaN NaN NaN NaN NaN NaN NaN NaN NaN NaN NaN NaN NaN NaN NaN NaN NaN NaN NaN NaN NaN NaN NaN NaN NaN 0.05549177831 0.05549177831 0.05549177831 NaN NaN NaN NaN NaN NaN NaN NaN NaN NaN NaN NaN NaN NaN NaN NaN NaN NaN"
General-0-20251226-14:24:06-81708,vector,AdhocNetwork1.host[0].rl,rlReward,,,"1 2 3 4 5 6 7 8 9 10 11 12 13 14 15 16 17 18 19 20 21 22 23 24 25 26 27 28 29 30 31 32 33 34 35 36 37 38 39 40 41 42 43 44 45 46 47 48 49 50","0.33333333333333 0 0.055992854205377 0.070678777155701 0.038037987276678 0.081724036891047 0.053152769206677 0 0.030247853970413 0.091203417352456 0.07086208773101 0.37782766734925 0.3869902580897 0.041105890965712 0.10816046096323 0.096260672694408 0.090242299379391 0.11658596019901 0.112207491325 0.092632852683589 0.12049903990635 0.11676155562704 0.32724998485575 0.073591513468299 0.0965570722099 0.38329943867138 0.37091631257004 0.39713467264951 0.11845398188275 0 0.069310127854334 0.14737696104663 0.41451399271947 0.4038672359905 0.36567731808919 0.40879888815506 0.42650660299034 0.40582506481191 0.40151879208246 0.38833852523556 0.4105470297918 0.39551957476475 -0.069630849851126 0.38021433799623 0.40104546148754 0.38156163749997 0.77687193144075 0.35946136678727 0.3 0.32891278427446"
General-0-20251226-14:24:06-81708,vector,AdhocNetwork1.host[1].app[1],e2eDelayPeriodicSec,,,"1 2 3 4 5 6 7 8 9 10 11 12 13 14 15 16 17 18 19 20 21 22 23 24 25 26 27 28 29 30 31 32 33 34 35 36 37 38 39 40 41 42 43 44 45 46 47 48 49 50","NaN NaN NaN NaN NaN NaN NaN NaN NaN NaN NaN NaN NaN NaN NaN NaN NaN NaN NaN NaN NaN NaN NaN NaN NaN NaN 0.019681895358 0.019681895358 0.019681895358 NaN NaN 0.019482228068 0.019482228068 0.019482228068 NaN 0.020739019752 0.020739019752 0.020739019752 NaN 0.015984979004 0.015984979004 0.015984979004 NaN 0.018185730244 0.018185730244 0.018185730244 NaN 0.020112905803 0.020112905803 0.020112905803"
General-0-20251226-14:24:06-81708,vector,AdhocNetwork1.host[1].rl,rlReward,,,"1 2 3 4 5 6 7 8 9 10 11 12 13 14 15 16 17 18 19 20 21 22 23 24 25 26 27 28 29 30 31 32 33 34 35 36 37 38 39 40 41 42 43 44 45 46 47 48 49 50","0.33333333333333 0 -0.17815488117998 -0.098509277824288 0.097019267792371 0 -0.66666666666667 -0.5587327355196 -0.58663076189678 -0.31236419010895 -0.52707605468616 0.12944414607976 0.16000198304318 0.31076472267112 0.32996896559699 0.35483011417892 0.32107609637447 0.32675886037286 0.33330169941826 0.15265890130205 0.13516319288971 0.3100392300671 0.14981023430525 0.29167006080275 0.36829585940268 0.29062883039605 -0.10629975182365 0.13855550478234 0.29162202575013 0.37038930205499 0.27249273323438 0.25695889934137 0.32371650492099 0.30916876135995 0.30987393297423 0.23695531020482 0.33259424509539 0.33654186398748 0.33457946166813 0.32232482389411 0.2294533652121 0.29161041993543 0.34335719028597 0.31353654165506 0.26940440108805 0.33908030945862 0.3250570895161 0.17686023893922 0.1 0.43542791738086"
General-0-20251226-14:24:06-81708,vector,AdhocNetwork1.host[2].app[1],e2eDelayPeriodicSec,,,"1 2 3 4 5 6 7 8 9 10 11 12 13 14 15 16 17 18 19 20 21 22 23 24 25 26 27 28 29 30 31 32 33 34 35 36 37 38 39 40 41 42 43 44 45 46 47 48 49 50","NaN NaN 0.087748101629 0.087748101629 0.087748101629 NaN NaN NaN NaN NaN NaN NaN NaN 0.108447416221 0.108447416221 0.108447416221 NaN NaN NaN NaN NaN NaN NaN NaN NaN NaN NaN 0.166925104614 0.166925104614 0.166925104614 NaN NaN NaN NaN NaN 0.578569175846 0.578569175846 0.578569175846 NaN NaN NaN NaN NaN NaN NaN NaN NaN NaN NaN NaN"
General-0-20251226-14:24:06-81708,vector,AdhocNetwork1.host[2].rl,rlReward,,,"1 2 3 4 5 6 7 8 9 10 11 12 13 14 15 16 17 18 19 20 21 22 23 24 25 26 27 28 29 30 31 32 33 34 35 36 37 38 39 40 41 42 43 44 45 46 47 48 49 50","0.33333333333333 0 0.37946122200289 0.46000406672505 0.49642473716815 0.43414249830565 -0.58835796361438 -0.55119424533324 -0.49655365796565 -0.58491781709188 -0.51829207081061 0.4833697277367 0.21831523216931 0.11222917250159 -0.51993737755712 -0.49533341232746 -0.47296126868393 -0.49568923252939 -0.51898131081279 -0.16677467798179 -0.39628740238751 0.11842811197538 0.4055696203825 -0.20764446173312 -0.18842048030001 -0.33493308950757 -0.45460497315416 -0.55609895665839 -0.58702653640933 -0.35786398026913 -0.62645430350231 0.1870985821071 0.48284059605311 0.38731458030166 0.20369672766787 0.053908278713506 0.36502188507645 0.51109622336754 0.44778230414027 0.25242927813072 0.45346598842867 0.37170095386249 0.39875617747105 0.46045194648903 0.45028066715378 0.46017552393893 0.51235828062008 0.45458723517742 0.48863332905528 0.51586771879929"
General-0-20251226-14:24:06-81708,vector,AdhocNetwork1.host[3].app[1],e2eDelayPeriodicSec,,,"1 2 3 4 5 6 7 8 9 10 11 12 13 14 15 16 17 18 19 20 21 22 23 24 25 26 27 28 29 30 31 32 33 34 35 36 37 38 39 40 41 42 43 44 45 46 47 48 49 50","NaN NaN NaN NaN NaN NaN NaN NaN NaN NaN NaN NaN NaN NaN NaN NaN NaN NaN NaN NaN NaN NaN NaN NaN NaN NaN NaN NaN NaN NaN 0.095994374417 0.095994374417 0.095994374417 NaN NaN NaN NaN NaN NaN NaN NaN NaN NaN NaN 0.286463035091 0.286463035091 0.286463035091 NaN NaN 0.029211144526"
General-0-20251226-14:24:06-81708,vector,AdhocNetwork1.host[3].rl,rlReward,,,"1 2 3 4 5 6 7 8 9 10 11 12 13 14 15 16 17 18 19 20 21 22 23 24 25 26 27 28 29 30 31 32 33 34 35 36 37 38 39 40 41 42 43 44 45 46 47 48 49 50","0.33333333333333 0 0.34375075507881 0.08305817918215 0.046366988103446 0.069690595176535 0.070681675299569 0 0.014630441067168 0.12157655492438 0.086639654017756 0.069304209956324 0.12367979550549 0.1311590960462 0.11923342992213 0.76588015046061 -0.60886498703095 -0.56828265500338 -0.59997315797762 -0.57960977935891 -0.57263185162365 0.4319805544523 0.068073797018199 0.17705611958199 0.25598077503621 0.27182166731087 0.20100510427246 0.1 0.27631189226793 -0.10741010952851 0.16989236437673 -0.2 0.36233601428002 0.32182381611509 0.70938232774557 0.19913012502816 0.29929919724591 -0.5 -0.2620434849168 -0.20883953593066 -0.23148388524612 0.15992157152116 0.17103873234299 0.37526167586379 0.3127622286363 0.13633860183394 0.11641885429304 0.30002270974528 0.27035950668212 0.1"
General-0-20251226-14:24:06-81708,vector,AdhocNetwork1.host[4].app[1],e2eDelayPeriodicSec,,,"1 2 3 4 5 6 7 8 9 10 11 12 13 14 15 16 17 18 19 20 21 22 23 24 25 26 27 28 29 30 31 32 33 34 35 36 37 38 39 40 41 42 43 44 45 46 47 48 49 50","NaN NaN NaN NaN 0.085548069032 0.085548069032 0.085548069032 0.008933985951 0.008933985951 0.008933985951 NaN 0.013495391657 0.013495391657 0.013495391657 NaN 0.008173555198 0.008173555198 0.008173555198 NaN 0.008533364345 0.008533364345 0.008533364345 NaN 0.008193207078 0.008193207078 0.008193207078 NaN NaN 0.009092979859 0.009092979859 0.009092979859 0.007752871975 0.007752871975 0.007752871975 NaN 0.037954636478 0.037954636478 0.037954636478 0.007952647372 0.007952647372 0.007952647372 NaN 0.00851256057 0.00851256057 0.00851256057 NaN NaN 0.00777251328 0.00777251328 0.00777251328"
General-0-20251226-14:24:06-81708,vector,AdhocNetwork1.host[4].rl,rlReward,,,"1 2 3 4 5 6 7 8 9 10 11 12 13 14 15 16 17 18 19 20 21 22 23 24 25 26 27 28 29 30 31 32 33 34 35 36 37 38 39 40 41 42 43 44 45 46 47 48 49 50","0.33333333333333 0 0 0.09302146090521 0 0.15162293720935 0.092258624315311 0.067874229779935 0.3617002081981 0 0.0872931941615 0.42876107095543 0.4512223197152 0.38787053326001 0.36151646105203 0.44747916592787 0.41499408205535 0.40603600187017 0.39652871912472 0.48950664804921 0.34549747226279 0.43050774705069 0.44700290408857 0.3 0.39949871028109 0.39014683527293 0.38825880672519 0.3 0.45834064765078 0.49967388246282 0.40820565422465 0.31154711956 0.49660215321104 0.48552649111705 0.41842509856435 0.35449312398174 0.47873100330902 0.41172887886247 0.43653269804809 0.46925424560973 0.49610701686381 0.34737923852235 0.37569269717563 0.50660831218999 -0.10106496950252 -0.55563898547482 -0.51135610637247 -0.54638964819451 -0.5243506552687 -0.50486804186579"
General-0-20251226-14:24:06-81708,vector,AdhocNetwork1.host[5].app[1],e2eDelayPeriodicSec,,,"1 2 3 4 5 6 7 8 9 10 11 12 13 14 15 16 17 18 19 20 21 22 23 24 25 26 27 28 29 30 31 32 33 34 35 36 37 38 39 40 41 42 43 44 45 46 47 48 49 50","NaN NaN NaN NaN NaN NaN NaN NaN NaN NaN NaN NaN NaN NaN NaN NaN NaN NaN NaN NaN NaN NaN NaN NaN NaN NaN 0.110246986167 0.110246986167 0.110246986167 NaN NaN NaN NaN NaN NaN NaN NaN NaN NaN NaN NaN NaN NaN NaN NaN NaN NaN NaN NaN NaN"
General-0-20251226-14:24:06-81708,vector,AdhocNetwork1.host[5].rl,rlReward,,,"1 2 3 4 5 6 7 8 9 10 11 12 13 14 15 16 17 18 19 20 21 22 23 24 25 26 27 28 29 30 31 32 33 34 35 36 37 38 39 40 41 42 43 44 45 46 47 48 49 50","0.33333333333333 0 0.15103422818544 0.74172700691645 -0.63872337375893 -0.56860194779557 -0.43397755191018 -0.62680764987984 -0.65648058301762 -0.4511408174428 -0.32359056269965 0.08765888868937 0.097840473532181 0.38635346182739 0.39740422552706 0.40720153762456 0.39749587754656 0.40103602551093 0.25858663849535 0.38851717415766 0.38277784212112 0.39305630147847 0.36702365984162 0.36837751474075 0.39049722957672 0.39874505945197 0.31240573760381 0.31470022413269 0.37898830790594 0.3 0.31260077726619 0.37930598031659 0.42886678445871 0.39341869779534 0.3838531918858 0.34611837088443 0.39569174910381 0.42206474162998 0.4226592427518 0.39703427129636 0.36142043163604 0.37488671747757 0.32460448472511 0.3 0.36080560147376 0.36686896437684 0.39797399037914 0.3371019158077 0.3 0.48620023042165"
General-0-20251226-14:24:06-81708,vector,AdhocNetwork1.host[6].app[1],e2eDelayPeriodicSec,,,"1 2 3 4 5 6 7 8 9 10 11 12 13 14 15 16 17 18 19 20 21 22 23 24 25 26 27 28 29 30 31 32 33 34 35 36 37 38 39 40 41 42 43 44 45 46 47 48 49 50","NaN 0.051217997757 0.051217997757 0.051217997757 NaN NaN NaN 0.08824486315 0.08824486315 0.08824486315 NaN NaN NaN NaN NaN NaN NaN NaN NaN 0.057341130546 0.057341130546 0.057341130546 NaN NaN 0.160403892098 0.160403892098 0.160403892098 NaN NaN NaN NaN NaN NaN NaN NaN NaN NaN NaN NaN NaN NaN NaN NaN NaN NaN NaN NaN NaN NaN NaN"
General-0-20251226-14:24:06-81708,vector,AdhocNetwork1.host[6].rl,rlReward,,,"1 2 3 4 5 6 7 8 9 10 11 12 13 14 15 16 17 18 19 20 21 22 23 24 25 26 27 28 29 30 31 32 33 34 35 36 37 38 39 40 41 42 43 44 45 46 47 48 49 50","0.33333333333333 0 0.38652611667906 0.82796139176172 0.42918851783016 0.43926470386584 0.37872648449164 0.3 0.17618127671452 0.136918270844 0.45496795813623 0.48360156801943 -0.47519133313189 -0.46660164512822 -0.52139246125273 -0.53481665801792 -0.52391479677636 -0.51786404246401 -0.14417675855123 -0.50540541554383 -0.59373667527534 0.18511423575728 0.40758876377818 -0.54204005076676 -0.38495921079344 -0.56882921738714 -0.22696738736321 -0.52010623224524 -0.22169343595054 -0.23154920067265 -0.28467679918961 -0.15188606225832 0.38004276416564 0.48234640224571 0.18929973601952 0.19063273042521 0.47577422521203 0.3316015930277 0.3981650907258 0.45962362532594 0.46037762508832 0.3 0.39880979651157 0.50445092495819 0.47939026121724 0.48784722215979 0.41046582314587 0.50210907493541 0.50936651847021 0.46763779773189"
General-0-20251226-14:24:06-81708,vector,AdhocNetwork1.host[7].app[1],e2eDelayPeriodicSec,,,"1 2 3 4 5 6 7 8 9 10 11 12 13 14 15 16 17 18 19 20 21 22 23 24 25 26 27 28 29 30 31 32 33 34 35 36 37 38 39 40 41 42 43 44 45 46 47 48 49 50","NaN 0 0 0 NaN 0 0 0 NaN NaN 0 0 0 NaN 0 0 0 NaN NaN 0 0 0 0 0 0 0 0 0 NaN NaN 0 0 0 0 0 0 NaN NaN 0 0 0 NaN 0 0 0 0 0 0 NaN 0"
General-0-20251226-14:24:06-81708,vector,AdhocNetwork1.host[7].rl,rlReward,,,"1 2 3 4 5 6 7 8 9 10 11 12 13 14 15 16 17 18 19 20 21 22 23 24 25 26 27 28 29 30 31 32 33 34 35 36 37 38 39 40 41 42 43 44 45 46 47 48 49 50","0.33333333333333 0 0.089340277889367 -0.050107141142953 0.1162581582177 0 0.055834313831302 0.065414918968299 0.098604949236905 0.056478169518392 0.10551514734033 0.10125036487952 0.41139926067982 0.058342308270679 0.11339981125517 0.13479133330188 0.090426236082165 0.091825748810048 0.083685394727439 0.42311397009415 0.39012945453094 0.41861239888316 0.41105046402331 0.3659063335075 0.4327690184091 0.35873647521669 0.37686605346946 0.32388778899888 0.39331799398632 0.33316315530532 0.34488520530077 0.39739386035443 0.38213898996742 0.39446725265344 0.38957552402071 0.34422761260954 0.39648724628532 0.42230350413128 0.37729789372754 0.38600038029699 0.30371893592669 0.3737258863972 0.11371959065137 0.38099270112226 0.34104485556886 0.37547333718197 0.38480841452184 0.34934455919514 0.3 0.41238601977375"
General-0-20251226-14:24:06-81708,vector,AdhocNetwork1.host[8].app[1],e2eDelayPeriodicSec,,,"1 2 3 4 5 6 7 8 9 10 11 12 13 14 15 16 17 18 19 20 21 22 23 24 25 26 27 28 29 30 31 32 33 34 35 36 37 38 39 40 41 42 43 44 45 46 47 48 49 50","NaN NaN 0.065563082517 0.065563082517 0.065563082517 NaN NaN NaN NaN NaN NaN NaN NaN 0.113668885234 0.113668885234 0.113668885234 NaN NaN NaN NaN 0.043738329386 0.043738329386 0.043738329386 NaN 0.240005212763 0.240005212763 0.240005212763 NaN NaN NaN NaN NaN NaN NaN NaN NaN NaN NaN NaN NaN NaN NaN NaN NaN NaN NaN NaN NaN NaN NaN"
General-0-20251226-14:24:06-81708,vector,AdhocNetwork1.host[8].rl,rlReward,,,"1 2 3 4 5 6 7 8 9 10 11 12 13 14 15 16 17 18 19 20 21 22 23 24 25 26 27 28 29 30 31 32 33 34 35 36 37 38 39 40 41 42 43 44 45 46 47 48 49 50","0.33333333333333 0 0 0.10940838480463 0.14577363133886 0.15834349177808 0.1419687654818 0 0.075673583327571 0.042881947039026 0.09444293754618 0.11181877256924 0.064146153822151 0 -0.11547146558198 0.058274066481479 0 0.082541632082569 0.26083595988519 0.09660366697507 0.071451958555813 0.073026859250268 0.12902720194896 0.1 0.1 0.24320836147522 0.23491390291904 0.1426425561243 0.23873729774834 0.30698454485734 0.1 0.1 0.29164379348347 0.36128451390901 0.28868485827702 0.12523770144933 0.32902332482843 0.1336772184014 0.10931924879565 0.32290845290461 0.11823670860318 0.30618270587525 0.34498062593584 0.32350818408175 0.39392240157057 0.26248070876266 0.32306248624966 0.31630223418831 0.35106929034705 0.27295724603592"
General-0-20251226-14:24:06-81708,vector,AdhocNetwork1.host[9].app[1],e2eDelayPeriodicSec,,,"1 2 3 4 5 6 7 8 9 10 11 12 13 14 15 16 17 18 19 20 21 22 23 24 25 26 27 28 29 30 31 32 33 34 35 36 37 38 39 40 41 42 43 44 45 46 47 48 49 50","NaN 0.051913033966 0.051913033966 0.051913033966 0.015983731359 0.015983731359 0.015983731359 0.019179255566 0.019179255566 0.019179255566 NaN 0.028440155064 0.028440155064 0.028440155064 NaN 0.015624245374 0.015624245374 0.015624245374 NaN NaN NaN NaN 0.03129338742 0.03129338742 0.03129338742 NaN 0.03376579549 0.03376579549 0.03376579549 NaN 0.169512391173 0.169512391173 0.169512391173 NaN 0.035495566224 0.035495566224 0.035495566224 0.056898638455 0.056898638455 0.056898638455 NaN NaN NaN NaN NaN 3.932686417435 3.932686417435 3.932686417435 NaN NaN"
General-0-20251226-14:24:06-81708,vector,AdhocNetwork1.host[9].rl,rlReward,,,"1 2 3 4 5 6 7 8 9 10 11 12 13 14 15 16 17 18 19 20 21 22 23 24 25 26 27 28 29 30 31 32 33 34 35 36 37 38 39 40 41 42 43 44 45 46 47 48 49 50","0.33333333333333 0 0.3 0.44778572452161 0.43081835793559 0.19467274612874 0.18114310095993 -0.2 0.19132589277346 0.2350485185234 0.22633991749221 0.22271875868867 0.23919679966235 0.17136433404649 0.29396695596564 0.85140222782927 0.23287743131027 -0.42887594644973 -0.43574796333414 -0.40767854711701 -0.44764691060381 0.23624234009373 0.25019098608232 0.2160872704655 0.52369651339746 0.22132746733309 0.23242354518324 0.19108704484722 0.21278163413447 0.25740032295747 0.17475130436806 0.17890923612684 0.51565487556823 0.24615263092955 0.2059016167056 0.2226085583518 0.2309754452716 0.31055947096504 0.18473603602346 0.088148919902996 0.24871394966535 0.067910770720945 0.084332658803649 0.23377046287017 0.19450128715443 0.13143392015059 0.13774983091055 0.185869202865 0.18782456345816 0.28633578688784"
General-0-20251226-14:24:06-81708,vector,AdhocNetwork1.host[10].app[1],e2eDelayPeriodicSec,,,"1 2 3 4 5 6 7 8 9 10 11 12 13 14 15 16 17 18 19 20 21 22 23 24 25 26 27 28 29 30 31 32 33 34 35 36 37 38 39 40 41 42 43 44 45 46 47 48 49 50","NaN 0.093336835088 0.093336835088 0.093336835088 NaN 0.026788006571 0.026788006571 0.026788006571 0.008731858709 0.008731858709 0.008731858709 NaN NaN 0.007353217414 0.007353217414 0.007353217414 NaN 0.008732591922 0.008732591922 0.008732591922 NaN NaN 0.008171841151 0.008171841151 0.008171841151 NaN NaN 0.010527926703 0.010527926703 0.010527926703 0.01107277508 0.01107277508 0.01107277508 NaN NaN 0.008630135504 0.008630135504 0.008630135504 NaN NaN 0.008529490377 0.008529490377 0.008529490377 NaN 0.008369158409 0.008369158409 0.008369158409 0.008789007634 0.008789007634 0.008789007634"
General-0-20251226-14:24:06-81708,vector,AdhocNetwork1.host[10].rl,rlReward,,,"1 2 3 4 5 6 7 8 9 10 11 12 13 14 15 16 17 18 19 20 21 22 23 24 25 26 27 28 29 30 31 32 33 34 35 36 37 38 39 40 41 42 43 44 45 46 47 48 49 50","0.33333333333333 0 0.071164355700513 0.15565969946724 -0.48201761379476 -0.31232127135217 -0.52963126771425 -0.51928685074884 -0.53190622103088 -0.46701709045089 -0.50422265322757 0.18181056958315 0.38660795029894 0.23337217543421 0.3761096208761 0.35872139904848 0.44839578549014 0.36400395205379 0.33970682471524 0.39430700754001 0.36652892080877 0.18276644909017 0.37429051378489 0.3282165263503 0.345351057661 0.1 0.36225560683046 0.17444091798455 0.35612701494226 0.11227577702176 0.22213249420962 0.35555930312884 0.40239106208128 0.3192550675532 0.31452920149247 0.22804638786994 0.38577747784015 0.39024317838966 0.41610484392114 0.40729143085299 0.31564388973682 0.40492428642931 0.41536280502775 0.34946836412149 0.29487626265338 0.41762235139391 0.060373326000452 0.37777773704804 0.1 0.45594216781221"
General-0-20251226-14:24:06-81708,vector,AdhocNetwork1.host[11].app[1],e2eDelayPeriodicSec,,,"1 2 3 4 5 6 7 8 9 10 11 12 13 14 15 16 17 18 19 20 21 22 23 24 25 26 27 28 29 30 31 32 33 34 35 36 37 38 39 40 41 42 43 44 45 46 47 48 49 50","NaN NaN NaN NaN NaN NaN NaN NaN 0.024601008159 0.024601008159 0.024601008159 NaN NaN NaN NaN NaN NaN 0.10119840669 0.10119840669 0.10119840669 NaN NaN 0.027771055872 0.027771055872 0.027771055872 NaN 0.150691527257 0.150691527257 0.150691527257 NaN 0.027859903037 0.027859903037 0.027859903037 NaN NaN NaN NaN 3.031218065813 3.031218065813 3.031218065813 NaN NaN 0.015793845588 0.015793845588 0.015793845588 NaN 0.015734059159 0.015734059159 0.015734059159 NaN"
General-0-20251226-14:24:06-81708,vector,AdhocNetwork1.host[11].rl,rlReward,,,"1 2 3 4 5 6 7 8 9 10 11 12 13 14 15 16 17 18 19 20 21 22 23 24 25 26 27 28 29 30 31 32 33 34 35 36 37 38 39 40 41 42 43 44 45 46 47 48 49 50","0.33333333333333 0 0.036890252253006 0.13122194717576 0.10723371895254 0.12966122194905 0.12925525336319 0 0.1476879849191 0.1836678054144 0.36511405188184 0.21705564006727 0.20801867719481 0.44393262761957 0.43182803164366 0.45605613421687 0.43212755521352 0.38368957727403 0.44547666087563 0.52105739147627 0.39840724904981 0.44486124205579 0.4857762153371 0.14944323450397 0.42345808038159 0.83848127493219 0.29150658534563 0.32863262539003 0.44794055962852 0.43593422931669 0.43563354788852 0.31197050042162 0.4109773115355 0.4181245031625 0.38736338428554 0.30325403831592 -0.20597288412868 -0.22592588490197 -0.38725380880994 -0.20691452111001 -0.21150459649838 0.25846695472841 0.27230815175596 0.37170650965001 0.40782355813225 -0.023131164875156 0.37183948150905 0.33262652664036 0.35899672432237 0.29053994933356"
General-0-20251226-14:24:06-81708,vector,AdhocNetwork1.host[12].app[1],e2eDelayPeriodicSec,,,"1 2 3 4 5 6 7 8 9 10 11 12 13 14 15 16 17 18 19 20 21 22 23 24 25 26 27 28 29 30 31 32 33 34 35 36 37 38 39 40 41 42 43 44 45 46 47 48 49 50","NaN NaN NaN NaN NaN NaN NaN NaN NaN NaN NaN NaN NaN NaN NaN NaN NaN NaN NaN NaN NaN NaN NaN NaN NaN NaN NaN NaN NaN NaN NaN NaN NaN NaN NaN NaN NaN NaN NaN NaN NaN NaN NaN NaN NaN NaN NaN NaN NaN NaN"
General-0-20251226-14:24:06-81708,vector,AdhocNetwork1.host[12].rl,rlReward,,,"1 2 3 4 5 6 7 8 9 10 11 12 13 14 15 16 17 18 19 20 21 22 23 24 25 26 27 28 29 30 31 32 33 34 35 36 37 38 39 40 41 42 43 44 45 46 47 48 49 50","0.33333333333333 0 0 0.17524246745115 0.13947556330723 0.19271943428839 0.15791417956751 0.092938262421473 0.082699640029498 0.13381685428354 0.15979286204873 0.12348350059988 0.19630361465825 0.14499550245553 0.16111826925482 0.18423133588548 0.8347659911148 0.16509178321787 0.1880844012544 0.47668060616759 0.16191261891666 0.18096223137897 0.19439383555383 0.15307685404035 0.17021900316974 0.1791225827521 0.19893642726139 0.035486080941863 0.4384281851103 0.19392397772002 0.40241779048988 0.15432694254316 0.13756538544391 0.14927676620511 0.40962011877665 0.13945729502989 0.02700111622101 0.10627149028138 0 0.13151643936959 0.16192199354684 0.051888299455408 0 0.079642713288391 0.12833678110953 0.17825795263118 0.097656807462838 0.13888236182301 0.1807039348084 0.16408742543143"
General-0-20251226-14:24:06-81708,vector,AdhocNetwork1.host[13].app[1],e2eDelayPeriodicSec,,,"1 2 3 4 5 6 7 8 9 10 11 12 13 14 15 16 17 18 19 20 21 22 23 24 25 26 27 28 29 30 31 32 33 34 35 36 37 38 39 40 41 42 43 44 45 46 47 48 49 50","NaN NaN NaN NaN NaN NaN NaN NaN 0.107599602072 0.107599602072 0.107599602072 NaN 0.063644199369 0.063644199369 0.063644199369 NaN 0.042189016242 0.042189016242 0.042189016242 NaN NaN NaN NaN NaN NaN NaN NaN NaN NaN NaN NaN NaN NaN NaN 11.267567399581 11.267567399581 11.267567399581 NaN NaN 0.027405144897 0.027405144897 0.027405144897 NaN NaN NaN NaN NaN NaN 0.042113983126 0.042113983126"
General-0-20251226-14:24:06-81708,vector,AdhocNetwork1.host[13].rl,rlReward,,,"1 2 3 4 5 6 7 8 9 10 11 12 13 14 15 16 17 18 19 20 21 22 23 24 25 26 27 28 29 30 31 32 33 34 35 36 37 38 39 40 41 42 43 44 45 46 47 48 49 50","0.33333333333333 0 0.096288479099003 0.17447606130566 0.14261370803562 -0.52637954515638 -0.572921881812 -0.59994315846283 -0.58935498196677 -0.64983734326844 -0.27169281253728 0.028543411896382 -0.38309537496693 -0.53994173960537 -0.45208348187265 -0.1993424510778 -0.50245583189694 -0.27288888478 -0.4048800107638 -0.51780005237959 -0.51758531056885 0.41130200904991 0.042615011003739 0.23064528197251 0.20886304520964 0.41381653237726 0.30230268009498 0.16982000650579 0.21492077020355 0.38474326211302 0.16478743475574 0.18571546619549 0.37526565812325 0.37676674773288 0.40278902345501 -0.31755065385343 -0.30070746554823 -0.5049897904406 -0.29005170587852 -0.2620435947849 -0.30459066791433 0.25913383151803 0.20789511155403 0.35910810407391 0.35127608290043 0.25265396782499 0.31814666122168 0.30687232637597 0.13742667366984 0.28157287947733"
General-0-20251226-14:24:06-81708,vector,AdhocNetwork1.host[14].app[1],e2eDelayPeriodicSec,,,"1 2 3 4 5 6 7 8 9 10 11 12 13 14 15 16 17 18 19 20 21 22 23 24 25 26 27 28 29 30 31 32 33 34 35 36 37 38 39 40 41 42 43 44 45 46 47 48 49 50","NaN 0.074120785626 0.074120785626 0.074120785626 NaN NaN 0.011917918242 0.011917918242 0.011917918242 NaN 0.015543029571 0.015543029571 0.015543029571 0.011521514184 0.011521514184 0.011521514184 NaN NaN 0.02948329932 0.02948329932 0.02948329932 NaN NaN NaN 0.074738890155 0.074738890155 0.074738890155 NaN 0.016264517815 0.016264517815 0.016264517815 NaN 0.016123801225 0.016123801225 0.016123801225 NaN 0.015743002064 0.015743002064 0.015743002064 NaN 0.015764754729 0.015764754729 0.015764754729 NaN NaN NaN NaN 0.01558341497 0.01558341497 0.01558341497"
General-0-20251226-14:24:06-81708,vector,AdhocNetwork1.host[14].rl,rlReward,,,"1 2 3 4 5 6 7 8 9 10 11 12 13 14 15 16 17 18 19 20 21 22 23 24 25 26 27 28 29 30 31 32 33 34 35 36 37 38 39 40 41 42 43 44 45 46 47 48 49 50","0.33333333333333 0 0 0.14906201121102 0.25747707864871 0.44968863884351 0.41544168893023 0.30214342660182 0.4578966556255 0.45151166839112 -0.004588549537406 0.46522440229786 -0.51227521673332 -0.58824514081003 -0.60952332550815 -0.57871148475782 -0.13245303529252 -0.1417538382436 -0.53616137528228 -0.52995347914632 -0.55065868908939 0.43568469693599 0.44745289065913 0.41572980610229 0.40750506462624 0.39963512309987 0.38165426428761 0.1 0.24666893393593 0.23872972076391 0.24714764553181 0.20049557153273 0.38041848015289 0.40290027682948 0.27062798531195 0.18798489636649 0.29765837631915 0.36068254660106 0.30761656969476 0.34682009845639 0.41003290863377 0.15135470932074 0.27198034016319 0.36573428029018 0.16826997517144 0.29898049165969 0.38551729408811 0.34217670708758 0.15134616545382 0.26158760264645"
General-0-20251226-14:24:06-81708,vector,AdhocNetwork1.host[15].app[1],e2eDelayPeriodicSec,,,"1 2 3 4 5 6 7 8 9 10 11 12 13 14 15 16 17 18 19 20 21 22 23 24 25 26 27 28 29 30 31 32 33 34 35 36 37 38 39 40 41 42 43 44 45 46 47 48 49 50","NaN 0.012072398217 0.012072398217 0.012072398217 NaN 0.016024733289 0.016024733289 0.016024733289 NaN 0.012844759235 0.012844759235 0.012844759235 NaN 0.008354237192 0.008354237192 0.008354237192 NaN 0.008314854939 0.008314854939 0.008314854939 0.024283916784 0.024283916784 0.024283916784 NaN 0.061492363985 0.061492363985 0.061492363985 NaN 0.037507486499 0.037507486499 0.037507486499 NaN 0.019208091636 0.019208091636 0.019208091636 NaN NaN NaN NaN NaN NaN NaN NaN NaN NaN NaN NaN NaN NaN NaN"
General-0-20251226-14:24:06-81708,vector,AdhocNetwork1.host[15].rl,rlReward,,,"1 2 3 4 5 6 7 8 9 10 11 12 13 14 15 16 17 18 19 20 21 22 23 24 25 26 27 28 29 30 31 32 33 34 35 36 37 38 39 40 41 42 43 44 45 46 47 48 49 50","0.33333333333333 0 0.09120410833357 0.12907033526216 0.1204037606257 -0.60657496198935 -0.61866860831922 -0.5498465596229 -0.5763243766478 -0.39440365083013 -0.43705340272772 0.12889160012704 0.14815606798629 0.08037250453071 0.27677270033874 -0.025500657631618 0.13360503847052 0.23346383489775 0.44453908815381 0.29120265226661 0.31311901755132 0.26308305545439 0.32022051563507 0.29572300308916 0.12664322350269 0.098359410153691 0.1 0.1 0.32616789604912 0.1 0.24840319229121 0.11169977657943 0.34609864543043 0.29385544297647 0.36903377085871 0.33144820252476 0.38325817953492 0.3946130374373 0.36525091889847 0.35541665898034 0.35798834244516 0.35568152715846 0.37551247280019 0.34522661346473 0.34680225996896 0.37802933430534 0.37364127753877 0.32352554137982 0.26682099745103 0.19391245938369"
General-0-20251226-14:24:06-81708,vector,AdhocNetwork1.host[16].app[1],e2eDelayPeriodicSec,,,"1 2 3 4 5 6 7 8 9 10 11 12 13 14 15 16 17 18 19 20 21 22 23 24 25 26 27 28 29 30 31 32 33 34 35 36 37 38 39 40 41 42 43 44 45 46 47 48 49 50","NaN 0.023956319721 0.023956319721 0.023956319721 0.015244794915 0.015244794915 0.015244794915 NaN NaN NaN NaN NaN NaN NaN NaN NaN NaN NaN NaN NaN 0.43584263884 0.43584263884 0.43584263884 NaN 0.043423478566 0.043423478566 0.043423478566 NaN NaN 0.045989375598 0.045989375598 0.045989375598 NaN NaN NaN NaN NaN NaN NaN NaN NaN 3.014261578274 3.014261578274 3.014261578274 NaN NaN NaN 0.099197012466 0.099197012466 0.099197012466"
General-0-20251226-14:24:06-81708,vector,AdhocNetwork1.host[16].rl,rlReward,,,"1 2 3 4 5 6 7 8 9 10 11 12 13 14 15 16 17 18 19 20 21 22 23 24 25 26 27 28 29 30 31 32 33 34 35 36 37 38 39 40 41 42 43 44 45 46 47 48 49 50","0.33333333333333 0 0.078075798266782 0.15757352978928 0.06222600084017 0.043270430021941 0.15421594401813 0.0363269192229 0.14465611800193 0.17161468914616 0.15469488879042 0.023982890111679 0.19732276770649 0.17707747017017 0.19293712098949 0.18821199477974 0.16328217569767 0.11155027273246 0.20024187947935 0.48526595347388 -0.53601071118025 0.20766098319571 0.23312613423526 0.032344075572029 0.19578049507374 0.14558359850455 0.086132657259243 0 0.066723347008414 0.21828711772735 0.14810844784403 0 0.20464259162444 0.20855088514837 0.1933315175448 0.8025646038302 0.1716842341396 0.17675381966783 0.17617390330879 0.19876610428763 0.1556572575922 0.16832462526267 0.10761168129581 0.19257659458795 0.11652457328924 0.17579584282125 0.17532064358539 0.12852492510723 0.12360321466364 0.17443684221706"
General-0-20251226-14:24:06-81708,vector,AdhocNetwork1.host[17].app[1],e2eDelayPeriodicSec,,,"1 2 3 4 5 6 7 8 9 10 11 12 13 14 15 16 17 18 19 20 21 22 23 24 25 26 27 28 29 30 31 32 33 34 35 36 37 38 39 40 41 42 43 44 45 46 47 48 49 50","NaN 0.056582574224 0.056582574224 0.056582574224 NaN NaN 0.008152906561 0.008152906561 0.008152906561 0.008033651206 0.008033651206 0.008033651206 0.026235393953 0.026235393953 0.026235393953 NaN NaN NaN NaN 0.015872739024 0.015872739024 0.015872739024 0.043058166632 0.043058166632 0.043058166632 NaN NaN NaN NaN NaN NaN NaN NaN NaN NaN NaN NaN NaN NaN NaN NaN NaN NaN NaN NaN NaN NaN NaN 0.023917574094 0.023917574094"
General-0-20251226-14:24:06-81708,vector,AdhocNetwork1.host[17].rl,rlReward,,,"1 2 3 4 5 6 7 8 9 10 11 12 13 14 15 16 17 18 19 20 21 22 23 24 25 26 27 28 29 30 31 32 33 34 35 36 37 38 39 40 41 42 43 44 45 46 47 48 49 50","0.33333333333333 0 0 0.46511564272492 0.437656269616 0.39956790064308 0.0088291095214443 0.41953027851924 0.41140060895292 0.3123646348477 0.3721301449013 0.4647943840682 0.47547952920731 0.40008226124217 0.38368842632375 0.04121820513562 0.42180245596713 0.09981143777803 -0.51685035058182 -0.51835861720478 -0.54460075609714 0.49659064691045 0.48911360237128 0.41578984290039 0.48836244982877 0.41565504668082 0.48034216638968 0.3 0.38141595775751 0.51210219736318 0.48458289546871 0.46660118710918 0.49704025156009 0.51099914408506 0.43031021918069 0.46761557940639 0.51520766722464 0.50997661787675 0.46603455258175 0.49907242162471 0.49510627387869 0.49680853964413 0.50270900900512 0.20388368359702 0.51926231718139 0.51197110457168 0.20932978638264 0.22137954402292 0.21907173637294 0.011901132375772"
General-0-20251226-14:24:06-81708,vector,AdhocNetwork1.host[18].app[1],e2eDelayPeriodicSec,,,"1 2 3 4 5 6 7 8 9 10 11 12 13 14 15 16 17 18 19 20 21 22 23 24 25 26 27 28 29 30 31 32 33 34 35 36 37 38 39 40 41 42 43 44 45 46 47 48 49 50","NaN 0.078992375367 0.078992375367 0.078992375367 0.020169702425 0.020169702425 0.020169702425 NaN NaN 0.025481457854 0.025481457854 0.025481457854 NaN NaN 0.043818894963 0.043818894963 0.043818894963 NaN 0.025609557687 0.025609557687 0.025609557687 NaN NaN 0.016274776476 0.016274776476 0.016274776476 NaN 0.03259761553 0.03259761553 0.03259761553 NaN NaN NaN 3.040083811727 3.040083811727 3.040083811727 NaN NaN NaN NaN 0.031879649148 0.031879649148 0.031879649148 NaN 0.025818340804 0.025818340804 0.025818340804 NaN NaN 0.114697024972"
General-0-20251226-14:24:06-81708,vector,AdhocNetwork1.host[18].rl,rlReward,,,"1 2 3 4 5 6 7 8 9 10 11 12 13 14 15 16 17 18 19 20 21 22 23 24 25 26 27 28 29 30 31 32 33 34 35 36 37 38 39 40 41 42 43 44 45 46 47 48 49 50","0.33333333333333 0 0.079510619115038 0.84354746438126 0.16936714052871 0.12686531520031 0.20052747684633 0.15691068483373 0.20030497488744 0.17404528058529 0.11238437222641 0.2417411898909 -0.44749072569398 -0.48365380435791 -0.52845696599498 -0.46531698142891 -0.45879588438281 -0.45282650934682 -0.47958820797979 -0.44996849330243 -0.50109522396569 0.20114557133475 0.20898877337051 0.16650052738766 0.2047672131316 0.40927951072238 0.45075441842299 0.3 0.36683093089616 0.21090708550559 0.37125825432104 0.3 0.50343537552031 0.086394225796469 0.45953302412304 0.45532218303981 0.42786705698576 0.46768880899663 0.4635758758711 0.51773395859406 0.50927738233087 0.37218886964877 0.20015397452072 0.2249040656859 0.23168066571258 0.43572576802509 0.46632388770913 0.49671028268997 0.46307109925473 0.38326072790611"
General-0-20251226-14:24:06-81708,vector,AdhocNetwork1.host[19].app[1],e2eDelayPeriodicSec,,,"1 2 3 4 5 6 7 8 9 10 11 12 13 14 15 16 17 18 19 20 21 22 23 24 25 26 27 28 29 30 31 32 33 34 35 36 37 38 39 40 41 42 43 44 45 46 47 48 49 50","NaN NaN NaN NaN 0.041103989158 0.041103989158 0.041103989158 NaN 0.028829620233 0.028829620233 0.028829620233 NaN NaN 0.037699192261 0.037699192261 0.037699192261 0.015483710304 0.015483710304 0.015483710304 NaN NaN NaN NaN NaN 3.364926525461 3.364926525461 3.364926525461 NaN 0.02668325398 0.02668325398 0.02668325398 NaN NaN 0.023617170508 0.023617170508 0.023617170508 NaN NaN 0.085901775274 0.085901775274 0.085901775274 NaN 0.035732528869 0.035732528869 0.035732528869 NaN 0.029071487419 0.029071487419 0.029071487419 NaN"
General-0-20251226-14:24:06-81708,vector,AdhocNetwork1.host[19].rl,rlReward,,,"1 2 3 4 5 6 7 8 9 10 11 12 13 14 15 16 17 18 19 20 21 22 23 24 25 26 27 28 29 30 31 32 33 34 35 36 37 38 39 40 41 42 43 44 45 46 47 48 49 50","0.33333333333333 0 0 0.10800390725616 -0.63825316097419 -0.53977092790234 -0.34403089209288 -0.21520868938487 -0.48718207057083 -0.66666666666667 -0.59930500186417 0.15319737628311 0.37143318287691 0.33027111406501 0.35017858486836 0.4006911336888 0.43902684160553 0.34321852640549 0.40123123627476 0.39463441773575 0.39037064428328 0.30897431436181 0.42001442456516 0.40927836729258 0.39516921520876 0.43099403568724 0.43787813657958 0.34745405002511 0.37204668393544 0.44772707845107 0.37946648646472 0.4010975510503 0.41851223683162 0.41008622238498 0.37581810907357 0.35958190958589 0.42627498204549 0.4130848195208 0.30834348096778 0.37489392946116 0.40992558084762 0.40553602490226 0.36900477980057 0.39618391035033 0.44283711912245 0.38464396345345 0.37711877899934 0.30700422424017 0.20378649237354 0.28698882725851"
General-0-20251226-14:24:06-81708,vector,AdhocNetwork1.host[20].app[1],e2eDelayPeriodicSec,,,"1 2 3 4 5 6 7 8 9 10 11 12 13 14 15 16 17 18 19 20 21 22 23 24 25 26 27 28 29 30 31 32 33 34 35 36 37 38 39 40 41 42 43 44 45 46 47 48 49 50","NaN NaN NaN NaN NaN NaN NaN NaN NaN NaN NaN NaN NaN NaN NaN NaN NaN NaN NaN NaN NaN NaN NaN NaN NaN NaN NaN NaN NaN NaN NaN NaN NaN NaN NaN NaN NaN 0.406041198778 0.406041198778 0.406041198778 NaN 0.191301260811 0.191301260811 0.191301260811 NaN 0.064187731482 0.064187731482 0.064187731482 NaN NaN"
General-0-20251226-14:24:06-81708,vector,AdhocNetwork1.host[20].rl,rlReward,,,"1 2 3 4 5 6 7 8 9 10 11 12 13 14 15 16 17 18 19 20 21 22 23 24 25 26 27 28 29 30 31 32 33 34 35 36 37 38 39 40 41 42 43 44 45 46 47 48 49 50","0.33333333333333 0 0.060290784371835 0.73303827062313 0.030804102749777 0.057568151068138 0.23077916664272 0 -0.11202554859777 0.096352638002572 -0.070771065610768 0.083352507525076 0.10994725432158 0.097256556235894 0.11071501150395 0.12476193915791 0.075612549108576 0.28020670883584 0.10361377705465 0.1067630214621 0.12160299520805 0.15101762508938 0.080340962195317 0.083839151264334 0.12929003507075 0.12773313588014 0.12742018594421 0.091494987734283 0.10595136078903 0.76362818246973 -0.52234143125064 0.079336475183095 0.14987247281951 0.086436266003164 0.078775067135797 0.081582107372445 0.36868313177822 0 0.17106537052487 0.17371036107628 0.16390535376469 0.063987521825892 0.10153797193593 0.16854882657853 0.16872809989595 0.12298485455343 -0.17450254803214 0.16860340627706 0.14793827287996 0.15283481932655"
General-0-20251226-14:24:06-81708,vector,AdhocNetwork1.host[21].app[1],e2eDelayPeriodicSec,,,"1 2 3 4 5 6 7 8 9 10 11 12 13 14 15 16 17 18 19 20 21 22 23 24 25 26 27 28 29 30 31 32 33 34 35 36 37 38 39 40 41 42 43 44 45 46 47 48 49 50","NaN NaN 0.137765335129 0.137765335129 0.137765335129 NaN NaN NaN NaN NaN NaN NaN 0.008353515546 0.008353515546 0.008353515546 0.008332746906 0.008332746906 0.008332746906 NaN 0.008072048238 0.008072048238 0.008072048238 NaN 0.008471243895 0.008471243895 0.008471243895 0.00795092581 0.00795092581 0.00795092581 NaN 0.008349836589 0.008349836589 0.008349836589 NaN NaN 0.00746894202 0.00746894202 0.00746894202 NaN NaN 0.0087287285 0.0087287285 0.0087287285 NaN 0.008409591176 0.008409591176 0.008409591176 NaN NaN 0.010572689929"
General-0-20251226-14:24:06-81708,vector,AdhocNetwork1.host[21].rl,rlReward,,,"1 2 3 4 5 6 7 8 9 10 11 12 13 14 15 16 17 18 19 20 21 22 23 24 25 26 27 28 29 30 31 32 33 34 35 36 37 38 39 40 41 42 43 44 45 46 47 48 49 50","0.33333333333333 0.1 0 0.17505473321139 0.16187256318467 0.18191268109005 0.14959524284053 0.065762666079478 0.12519382970284 0.067801045187306 0.10681001503227 0.11905074979423 0.12202388302122 0.1162001686157 0.04221422140479 0.13407037846536 0.095070647981118 0.13999146046943 0.12069467415232 0.16601536886186 0.16608002728324 0.16142695252535 0.21132557322442 0.1380438491964 0.1916078243151 0.17968501064948 0.16368248574679 0.385947797665 0.11682591540487 0.20049632408391 0.14800739109853 0.12976801855347 0.16319181605272 0.38816596629545 0.12881688415844 0.13754797222807 0.13894307439458 0.14996395731274 0.13628099742433 0.19147809856495 0.13154929516839 0.16057413217427 0.12812711105462 0.17999745362891 0.19378223512292 0.31304270639516 0.19174915062044 0.17919288363191 0.11380009806136 0.0066307185881889"
General-0-20251226-14:24:06-81708,vector,AdhocNetwork1.host[22].app[1],e2eDelayPeriodicSec,,,"1 2 3 4 5 6 7 8 9 10 11 12 13 14 15 16 17 18 19 20 21 22 23 24 25 26 27 28 29 30 31 32 33 34 35 36 37 38 39 40 41 42 43 44 45 46 47 48 49 50","NaN NaN 0.033592608934 0.033592608934 0.033592608934 0.019421906699 0.019421906699 0.019421906699 NaN NaN 0.07688589505 0.07688589505 0.07688589505 0.051436984412 0.051436984412 0.051436984412 NaN NaN NaN NaN NaN NaN NaN NaN NaN NaN NaN NaN NaN NaN 0.045092953665 0.045092953665 0.045092953665 NaN 0.024359350608 0.024359350608 0.024359350608 NaN NaN 0.022947009868 0.022947009868 0.022947009868 NaN 0.100256572025 0.100256572025 0.100256572025 NaN NaN 0.015236489194 0.015236489194"
General-0-20251226-14:24:06-81708,vector,AdhocNetwork1.host[22].rl,rlReward,,,"1 2 3 4 5 6 7 8 9 10 11 12 13 14 15 16 17 18 19 20 21 22 23 24 25 26 27 28 29 30 31 32 33 34 35 36 37 38 39 40 41 42 43 44 45 46 47 48 49 50","0.33333333333333 0 0 0.1449593205616 0.73231519745494 0.12367042235437 0.070240785073245 0 0.14513422361903 0.11157495257601 0.12342119112295 0.21643928300719 0.20244794472164 -0.5244583736408 -0.53062598841452 -0.47257938148837 -0.47132367353825 -0.51292043091607 -0.54263566051694 -0.45470881988232 -0.55169218072438 0.089317788400226 0.19787123934237 0.1349220798752 0.15942365632231 0.1 0.43672875835304 0.24300639378085 0.37343735381539 0.44727384305145 0.25243289799073 0.28652844934687 0.42154573561029 0.41857800977373 0.32913092764685 0.27387303212359 0.38525659805403 0.25177706658788 0.31634636874611 0.36547641088054 0.39972399005427 0.19687985638592 0.1 0.35334164415288 0.37707512860646 0.31749007345916 0.4300595222395 0.40059761011629 0.3097425743415 0.19991571067644"
General-0-20251226-14:24:06-81708,vector,AdhocNetwork1.host[23].app[1],e2eDelayPeriodicSec,,,"1 2 3 4 5 6 7 8 9 10 11 12 13 14 15 16 17 18 19 20 21 22 23 24 25 26 27 28 29 30 31 32 33 34 35 36 37 38 39 40 41 42 43 44 45 46 47 48 49 50","NaN 0.037928077455 0.037928077455 0.037928077455 NaN NaN 0.080616901358 0.080616901358 0.080616901358 NaN NaN NaN NaN NaN NaN NaN NaN NaN NaN NaN NaN NaN NaN NaN NaN NaN NaN NaN NaN NaN 0.044145773915 0.044145773915 0.044145773915 NaN 0.025254263502 0.025254263502 0.025254263502 NaN NaN NaN NaN 3.586036050967 3.586036050967 3.586036050967 NaN 0.02045576632 0.02045576632 0.02045576632 NaN 0.071665581239"
General-0-20251226-14:24:06-81708,vector,AdhocNetwork1.host[23].rl,rlReward,,,"1 2 3 4 5 6 7 8 9 10 11 12 13 14 15 16 17 18 19 20 21 22 23 24 25 26 27 28 29 30 31 32 33 34 35 36 37 38 39 40 41 42 43 44 45 46 47 48 49 50","0.33333333333333 0 0 0.19692043955203 0.22175623327424 0.22309536700654 0.15480587792887 0 0.20310702339957 0.220451211911 0.22162238081789 0.23495642429169 0.2424810130544 0.16576078681359 0.12813557135245 0.18706017973518 -0.45615696280953 -0.43392678137461 -0.43388232023783 -0.43796302609216 -0.5562701498858 0.099866794344118 0.17753833056244 0.18811418419277 0.16933253643736 0 0.21803347575654 0.20718922814368 0.41523864575016 0.20278154924902 0.11420887219306 0.11356433023811 0.23383777913955 0.25281964710557 0.22867441006605 0.16582164622779 0.11095506708122 0.48170895961127 0.50472268560561 0.51736038621816 0.069164163905741 0.43892275900893 0.43588882404782 0.36053108921909 0.50102197473523 0.45691605212093 0.42629538496802 0.49975342361218 0.46472453529017 0.43322499955681"
General-0-20251226-14:24:06-81708,vector,AdhocNetwork1.host[24].app[1],e2eDelayPeriodicSec,,,"1 2 3 4 5 6 7 8 9 10 11 12 13 14 15 16 17 18 19 20 21 22 23 24 25 26 27 28 29 30 31 32 33 34 35 36 37 38 39 40 41 42 43 44 45 46 47 48 49 50","NaN NaN NaN NaN NaN NaN NaN NaN NaN NaN NaN NaN NaN NaN NaN NaN NaN NaN NaN NaN NaN NaN NaN NaN NaN NaN 0.070040392422 0.070040392422 0.070040392422 NaN 0.080884979433 0.080884979433 0.080884979433 NaN NaN 0.032479575248 0.032479575248 0.032479575248 NaN NaN NaN NaN NaN NaN 0.038707561208 0.038707561208 0.038707561208 NaN NaN 0.168813433826"
General-0-20251226-14:24:06-81708,vector,AdhocNetwork1.host[24].rl,rlReward,,,"1 2 3 4 5 6 7 8 9 10 11 12 13 14 15 16 17 18 19 20 21 22 23 24 25 26 27 28 29 30 31 32 33 34 35 36 37 38 39 40 41 42 43 44 45 46 47 48 49 50","0.33333333333333 0 0.3 0.84877607428369 0.19570214202709 -0.54228625329436 -0.52149197095948 -0.55699646661886 -0.47179170077073 -0.57707799009227 -0.49020778719373 0.18177285223576 0.35677051434422 0.32515918948108 0.35645939799904 0.73712660690657 0.33621025020229 0.36848165197603 -0.58566461033837 -0.21815357477184 -0.59040843892909 0.74296947354316 0.27645442663129 -0.58026503023088 -0.6923878539662 -0.66666666666667 -0.19112229763355 -0.58944587638439 -0.191193330951 -0.48433605174622 -0.30614019410328 0.26194822905674 0.43540270828587 0.43770798423976 0.41269725907969 0.38401409608674 0.29495748629808 0.3989677655315 0.43000524331343 0.47266929305678 0.46622817497881 0.29945339525196 0.41494565875445 0.46322099818872 0.066169121356115 0.3962029482939 0.23124002030942 0.38949612551974 0.3903230992778 0.37270148042728"
General-1-20251226-14:24:05-81707,vector,AdhocNetwork1.host[0].app[1],e2eDelayPeriodicSec,,,"1 2 3 4 5 6 7 8 9 10 11 12 13 14 15 16 17 18 19 20 21 22 23 24 25 26 27 28 29 30 31 32 33 34 35 36 37 38 39 40 41 42 43 44 45 46 47 48 49 50","NaN NaN NaN NaN NaN NaN NaN NaN NaN NaN NaN NaN NaN NaN NaN NaN NaN NaN NaN NaN NaN NaN NaN NaN NaN NaN NaN NaN NaN NaN NaN NaN NaN NaN NaN NaN NaN NaN NaN NaN NaN NaN NaN NaN NaN NaN NaN NaN NaN NaN"
General-1-20251226-14:24:05-81707,vector,AdhocNetwork1.host[0].rl,rlReward,,,"1 2 3 4 5 6 7 8 9 10 11 12 13 14 15 16 17 18 19 20 21 22 23 24 25 26 27 28 29 30 31 32 33 34 35 36 37 38 39 40 41 42 43 44 45 46 47 48 49 50","0.33333333333333 0 0.040602709119102 0.693072312255 0.040000185888293 0.060094461684981 -0.15506784959924 0.063405343484994 0.063004090942927 0 0.031475085437302 0.13575178387755 0.10937207106052 0.10911107075901 0.059264201976873 0.14825354250846 0.12562208416778 0.16583886526226 0.072689166658258 0.15822607455284 0.13909352639918 0.1368053730391 0.089585950741841 0.11765412614211 -0.4660999910298 -0.50000454627331 -0.52490573786305 -0.56586244371727 -0.51585808519059 -0.58818054925046 -0.52555963038535 0.1236202656396 0.0040550314822906 0.11589406648201 0.1736574300836 0.11355831110958 0.094835061557448 0.10964226234001 0.15554722578521 0.15291801669842 -0.05460007028055 0.1055335249102 0.7523352894344 0.43210262274505 0.44600044260013 -0.61936291862852 -0.53157107206201 -0.62968625060627 -0.57344924274171 -0.602480931218"
General-1-20251226-14:24:05-81707,vector,AdhocNetwork1.host[1].app[1],e2eDelayPeriodicSec,,,"1 2 3 4 5 6 7 8 9 10 11 12 13 14 15 16 17 18 19 20 21 22 23 24 25 26 27 28 29 30 31 32 33 34 35 36 37 38 39 40 41 42 43 44 45 46 47 48 49 50","NaN NaN NaN NaN NaN NaN NaN NaN NaN NaN NaN NaN NaN NaN NaN NaN NaN NaN NaN NaN NaN NaN NaN NaN NaN NaN NaN NaN NaN NaN NaN NaN NaN NaN NaN NaN NaN NaN NaN NaN NaN NaN NaN NaN NaN NaN NaN NaN NaN NaN"
General-1-20251226-14:24:05-81707,vector,AdhocNetwork1.host[1].rl,rlReward,,,"1 2 3 4 5 6 7 8 9 10 11 12 13 14 15 16 17 18 19 20 21 22 23 24 25 26 27 28 29 30 31 32 33 34 35 36 37 38 39 40 41 42 43 44 45 46 47 48 49 50","0.33333333333333 0 0.0095257525143997 0.072998839742526 0.026001860624743 0.035405571661101 0.38490175801451 0.049412015929933 0.31959841571552 0.35859097725589 0.3407684505391 0.31889161316149 0.31123083064393 0.3 0.3 0.3866703168569 0.33649360569917 0.36538168600358 0.35690786065971 0.3 0.43442716097725 0.43242039176863 0.42586405764569 0.11189919870991 0.42588912023601 0.41439647594562 0.4287536741084 0.43200123858796 0.4060542374976 0.41743903662953 0.44929581778513 0.19433574427276 0.42077660244029 0.45405573366644 0.39456104696823 0.36676512924578 0.41224707580114 0.41726220446134 0.42184170099509 0.43984941144659 0.38955229321065 0.40418319100435 0.43830152185817 0.097381519390517 -0.63035897689663 -0.58807834040129 -0.7 -0.7 -0.53144196196851 -0.50922074038792"
General-1-20251226-14:24:05-81707,vector,AdhocNetwork1.host[2].app[1],e2eDelayPeriodicSec,,,"1 2 3 4 5 6 7 8 9 10 11 12 13 14 15 16 17 18 19 20 21 22 23 24 25 26 27 28 29 30 31 32 33 34 35 36 37 38 39 40 41 42 43 44 45 46 47 48 49 50","NaN NaN NaN NaN NaN NaN NaN NaN NaN NaN NaN NaN NaN NaN NaN NaN NaN NaN NaN NaN NaN NaN NaN NaN NaN NaN NaN NaN NaN NaN NaN NaN NaN NaN NaN NaN NaN NaN NaN NaN NaN NaN NaN NaN NaN NaN NaN NaN NaN NaN"
General-1-20251226-14:24:05-81707,vector,AdhocNetwork1.host[2].rl,rlReward,,,"1 2 3 4 5 6 7 8 9 10 11 12 13 14 15 16 17 18 19 20 21 22 23 24 25 26 27 28 29 30 31 32 33 34 35 36 37 38 39 40 41 42 43 44 45 46 47 48 49 50","0.33333333333333 0 0.11347635905953 0.12700412243135 0.12800275032613 0.11683741238314 0.11164438492263 0.15420522456546 0.052167068513108 0.14159846402272 0.12875659904045 0.16090718572616 0.16098694886274 0.17609602057439 0.38816143639166 0.40163016711515 0.1440372823489 0.16776077280645 0.16737283391504 0.1185541687581 0.17230002039469 0.84118313543116 0.1501597073441 0.11272541712911 0.17451646876446 0.16676615066441 0.16868771713555 0.12438292038705 0.16676615066444 0.1686877171355 0.12438292038705 0.16676615066442 0.17451646876447 0.17451646876447 0.17451646876446 0.12438292038705 0.17451646876447 0.16676615066441 0.12438292038707 0.17451646876454 0.16676615066444 0.12438292038704 0.17451646876447 0.16676615066442 0.17451646876449 0.11865280876049 0.43959778266586 0.44657306895589 0.45446012820519 0.43795489130522"
General-1-20251226-14:24:05-81707,vector,AdhocNetwork1.host[3].app[1],e2eDelayPeriodicSec,,,"1 2 3 4 5 6 7 8 9 10 11 12 13 14 15 16 17 18 19 20 21 22 23 24 25 26 27 28 29 30 31 32 33 34 35 36 37 38 39 40 41 42 43 44 45 46 47 48 49 50","NaN 0 0 0 NaN 0 0 0 NaN NaN 0 0 0 NaN 0 0 0 NaN NaN 0 0 0 NaN NaN 0 0 0 0 0 0 NaN 0 0 0 NaN NaN 0 0 0 NaN NaN 0 0 0 0 0 0 NaN 0 0"
General-1-20251226-14:24:05-81707,vector,AdhocNetwork1.host[3].rl,rlReward,,,"1 2 3 4 5 6 7 8 9 10 11 12 13 14 15 16 17 18 19 20 21 22 23 24 25 26 27 28 29 30 31 32 33 34 35 36 37 38 39 40 41 42 43 44 45 46 47 48 49 50","0.33333333333333 0 0.14803434341006 0.78421517143503 0.13162221066046 0.15042766699914 0.11417489444216 0.16211664078356 0.16396678012992 0.043861727199647 -0.032060552894643 0.17022045031872 0.14047159466086 0.13305555940565 0.12708452471609 0.093453431211975 0.10954119159425 0.14196358628935 0.099385188893447 0.157508366358 0.12926794562844 0.1171012110797 0 0.076537542750954 0 0.1739983420995 0.1552762877013 0.080923684698427 -0.48935315200918 -0.52739180010113 -0.52857993173965 0.13739013774355 0.139947942753 0.1353537516881 0.16758053816419 0.0015444803561576 0.15466352375902 0.12601589307968 0.15023959306121 0.15670628993081 0.14050644286307 0.065161613579126 0.10371827940483 -0.44700460714847 -0.59446461671231 -0.63453589612179 -0.55059435796543 -0.62072986491527 -0.51036870508038 -0.52700311725384"
General-1-20251226-14:24:05-81707,vector,AdhocNetwork1.host[4].app[1],e2eDelayPeriodicSec,,,"1 2 3 4 5 6 7 8 9 10 11 12 13 14 15 16 17 18 19 20 21 22 23 24 25 26 27 28 29 30 31 32 33 34 35 36 37 38 39 40 41 42 43 44 45 46 47 48 49 50","NaN NaN NaN NaN NaN NaN NaN NaN NaN NaN NaN NaN NaN NaN NaN NaN NaN NaN NaN NaN NaN NaN 0.062955629131 0.062955629131 0.062955629131 NaN 0.056979115759 0.056979115759 0.056979115759 0.060397987461 0.060397987461 0.060397987461 NaN 0.171376059598 0.171376059598 0.171376059598 NaN NaN 0.04066347532 0.04066347532 0.04066347532 NaN 0.02605154643 0.02605154643 0.02605154643 NaN NaN 0.024667126133 0.024667126133 0.024667126133"
General-1-20251226-14:24:05-81707,vector,AdhocNetwork1.host[4].rl,rlReward,,,"1 2 3 4 5 6 7 8 9 10 11 12 13 14 15 16 17 18 19 20 21 22 23 24 25 26 27 28 29 30 31 32 33 34 35 36 37 38 39 40 41 42 43 44 45 46 47 48 49 50","0.33333333333333 0 0.066874844896111 0.10992121594566 0.12229305641712 0.22952518274907 0.04890372181542 0.1059818881511 0.058418811716079 0.142692520155 0.14305798558974 0.13503308417142 0.040378567216158 0.11918444804591 0.074966701147987 0.15101035496284 0.068930411572249 0.10172291899781 0.13801680125586 0.084713504393446 0.10585086417819 0.12768851495775 0.05274563096009 0.09089379161956 0.083097743573266 0.095475063894921 0.045580992682953 0.021473110511968 0.08643271461248 0.071040069592016 0 0.037841291920675 0 0.091193849350933 0.082110846629282 0.047985193139575 0 0.13671175556364 -0.11462275656604 0.099732456936065 0.078450903442335 0.022279823707258 0.11711376636795 0.077014833533829 0.086050928428953 0.17103138696936 0.089496254766991 0 0.16592087383653 0.1123945019394"
General-1-20251226-14:24:05-81707,vector,AdhocNetwork1.host[5].app[1],e2eDelayPeriodicSec,,,"1 2 3 4 5 6 7 8 9 10 11 12 13 14 15 16 17 18 19 20 21 22 23 24 25 26 27 28 29 30 31 32 33 34 35 36 37 38 39 40 41 42 43 44 45 46 47 48 49 50","NaN 0.045316010205 0.045316010205 0.045316010205 NaN 0.020132618187 0.020132618187 0.020132618187 0.007951077439 0.007951077439 0.007951077439 0.00819073842 0.00819073842 0.00819073842 NaN NaN 0.008110417665 0.008110417665 0.008110417665 NaN 0.00967823749 0.00967823749 0.00967823749 NaN 0.036155553566 0.036155553566 0.036155553566 NaN 0.008130660939 0.008130660939 0.008130660939 NaN NaN 0.012560010777 0.012560010777 0.012560010777 NaN 0.008251798145 0.008251798145 0.008251798145 NaN NaN 0.008552424388 0.008552424388 0.008552424388 NaN 0.046747445955 0.046747445955 0.046747445955 NaN"
General-1-20251226-14:24:05-81707,vector,AdhocNetwork1.host[5].rl,rlReward,,,"1 2 3 4 5 6 7 8 9 10 11 12 13 14 15 16 17 18 19 20 21 22 23 24 25 26 27 28 29 30 31 32 33 34 35 36 37 38 39 40 41 42 43 44 45 46 47 48 49 50","0.33333333333333 0 0.032649639956797 0.11517390245962 0.093865590810864 -0.6522839616613 -0.63188289277222 -0.59997012963953 -0.7 -0.47242854795671 -0.39479461584848 0.183751064623 0.13134180082061 0.20729321527799 -0.068886721590677 0.17535660951162 0.39065911320871 0.31232633204433 0.15729827912823 -0.053668765031226 0.42958969661986 0.23525962093735 0.3 -0.15397409119982 -0.14460501827798 0.36991431203849 0.26966051785615 0.21070633151009 0.047320357026819 0.20646696014939 0.1431068410734 0.14978500052877 0 0.22499197650903 0.31558515862346 0.2358858780621 0.22058429364474 0.30624085502042 0.39147471183556 0.38140363072259 0.1 0.1716363547804 0.16913018677643 0.38192357197526 0.15165437969885 0.37952632395222 0.18240214939823 0.062941564689583 0.00029703378593482 0.36187492341385"
General-1-20251226-14:24:05-81707,vector,AdhocNetwork1.host[6].app[1],e2eDelayPeriodicSec,,,"1 2 3 4 5 6 7 8 9 10 11 12 13 14 15 16 17 18 19 20 21 22 23 24 25 26 27 28 29 30 31 32 33 34 35 36 37 38 39 40 41 42 43 44 45 46 47 48 49 50","NaN NaN NaN NaN NaN NaN NaN NaN NaN NaN NaN NaN NaN NaN NaN NaN NaN NaN NaN NaN NaN NaN 0.086860975861 0.086860975861 0.086860975861 NaN 0.04363923023 0.04363923023 0.04363923023 NaN NaN 0.093203611096 0.093203611096 0.093203611096 NaN 0.062886517209 0.062886517209 0.062886517209 NaN NaN 0.071176703009 0.071176703009 0.071176703009 NaN NaN NaN 0.097054995666 0.097054995666 0.097054995666 0.07044289407"
General-1-20251226-14:24:05-81707,vector,AdhocNetwork1.host[6].rl,rlReward,,,"1 2 3 4 5 6 7 8 9 10 11 12 13 14 15 16 17 18 19 20 21 22 23 24 25 26 27 28 29 30 31 32 33 34 35 36 37 38 39 40 41 42 43 44 45 46 47 48 49 50","0.33333333333333 0 0 0.0065727809388098 0.037503830511352 0.042146020347808 0.019382200268469 0.060270723676215 0.19726267909132 0 0.090643932654528 0.31550081189806 0.21516851005919 0.24355479355528 0.27026836168222 0.2422471936774 0.26981993290064 0.29632895049682 0.26677410822375 0.31195977100809 0.30454907458208 0.22238353761989 0.1 0.12274268019294 0.18241958234107 0.31110931171453 0.2687061206059 0.1 -0.039276145418575 0.22552103806235 0.28386187473541 0.24402241500987 0.22395319024964 0.18404242481839 0.3110376331065 0.337555823145 0.25955360776645 0.18634409962562 0.28135060513618 0.25611175042183 0.19222723634057 0.10925189714649 0.1 0.39209014982597 0.36607830831727 0.23941702081711 0.27505354963399 -0.34434733552074 -0.23468509927295 -0.30161256911092"
General-1-20251226-14:24:05-81707,vector,AdhocNetwork1.host[7].app[1],e2eDelayPeriodicSec,,,"1 2 3 4 5 6 7 8 9 10 11 12 13 14 15 16 17 18 19 20 21 22 23 24 25 26 27 28 29 30 31 32 33 34 35 36 37 38 39 40 41 42 43 44 45 46 47 48 49 50","NaN NaN NaN NaN NaN NaN NaN NaN 0.05905619576 0.05905619576 0.05905619576 NaN NaN NaN 0.052970250981 0.052970250981 0.052970250981 NaN NaN 0.090294239712 0.090294239712 0.090294239712 NaN NaN 0.030881934992 0.030881934992 0.030881934992 NaN 0.035043616438 0.035043616438 0.035043616438 NaN 0.029909585575 0.029909585575 0.029909585575 0.042626733182 0.042626733182 0.042626733182 NaN 0.151801324382 0.151801324382 0.151801324382 0.030679038178 0.030679038178 0.030679038178 NaN NaN NaN NaN 3.139638724361"
General-1-20251226-14:24:05-81707,vector,AdhocNetwork1.host[7].rl,rlReward,,,"1 2 3 4 5 6 7 8 9 10 11 12 13 14 15 16 17 18 19 20 21 22 23 24 25 26 27 28 29 30 31 32 33 34 35 36 37 38 39 40 41 42 43 44 45 46 47 48 49 50","0.33333333333333 0 0.04283103788751 0.1049780189662 0.065469214222009 -0.59173839674372 -0.61301237727024 -0.36699447337523 -0.6 -0.66025270565198 -0.541140717206 0.42850871870887 0.37745683582696 0.35092815417787 0.3 0.42232908606052 0.39586243753723 0.43092225162965 0.40792754073061 0.3 0.40618524383018 0.39794509564912 0.35921530445765 0.30451639711287 0.33489634740948 0.38417009034063 0.39851262491884 0.35195058531576 0.38469372715343 0.31870292061896 0.4071111545877 0.34668703106832 0.32153139453237 0.40910748597658 0.3504617549436 0.39086003394667 0.31144001762765 0.094032995706668 0.39033119366712 0.37729039430017 0.34229239381816 0.3165531648179 0.40873519913782 -0.5961693695095 -0.7 -0.5666690831197 -0.7 -0.64097047702249 -0.54620422783114 -0.62019199272919"
General-1-20251226-14:24:05-81707,vector,AdhocNetwork1.host[8].app[1],e2eDelayPeriodicSec,,,"1 2 3 4 5 6 7 8 9 10 11 12 13 14 15 16 17 18 19 20 21 22 23 24 25 26 27 28 29 30 31 32 33 34 35 36 37 38 39 40 41 42 43 44 45 46 47 48 49 50","NaN NaN NaN NaN NaN NaN NaN NaN NaN NaN NaN NaN NaN NaN NaN NaN NaN NaN NaN NaN NaN NaN NaN NaN NaN NaN NaN NaN NaN NaN NaN NaN NaN NaN NaN NaN NaN NaN NaN NaN NaN NaN NaN NaN NaN NaN NaN 0.139917423064 0.139917423064 0.139917423064"
General-1-20251226-14:24:05-81707,vector,AdhocNetwork1.host[8].rl,rlReward,,,"1 2 3 4 5 6 7 8 9 10 11 12 13 14 15 16 17 18 19 20 21 22 23 24 25 26 27 28 29 30 31 32 33 34 35 36 37 38 39 40 41 42 43 44 45 46 47 48 49 50","0.33333333333333 0 0.0062506957711557 0.026335128989328 0.3 0 0.1863337639085 -0.32304314421581 -0.36242518050561 -0.46235549964396 -0.50340342703882 0.20624154584704 0.21432755373428 0.20115572795077 0.19927267933533 0.23046054200924 0.23812480309731 0.21987580179165 0.22489609626368 0.20718485801925 0.21190815639269 0.22396145283952 0.21604662727575 0.20497910570459 0.44209578350386 0.44344548271835 0.4218414440923 0.46740092005091 0.4584073172049 0.42272811278755 0.43736235204298 0.43044121337965 0.0055724210462351 0.42525832233033 0.42557848551384 0.28897089912349 0.42258865326295 0.41599196832819 0.36171289258236 0.42203396527144 0.1 0.27476015114791 0.41805971374352 0.20555212804764 0.25646714920409 0.3276726053668 0.1 0.1 0.30700746197026 0.33065759553973"
General-1-20251226-14:24:05-81707,vector,AdhocNetwork1.host[9].app[1],e2eDelayPeriodicSec,,,"1 2 3 4 5 6 7 8 9 10 11 12 13 14 15 16 17 18 19 20 21 22 23 24 25 26 27 28 29 30 31 32 33 34 35 36 37 38 39 40 41 42 43 44 45 46 47 48 49 50","NaN NaN NaN NaN NaN NaN NaN NaN NaN NaN 0.069077335795 0.069077335795 0.069077335795 NaN NaN NaN 0.026557121232 0.026557121232 0.026557121232 0.02394155926 0.02394155926 0.02394155926 NaN NaN 0.154360443804 0.154360443804 0.154360443804 NaN NaN 0.03523498303 0.03523498303 0.03523498303 0.02606414991 0.02606414991 0.02606414991 NaN NaN 0.027811288361 0.027811288361 0.027811288361 NaN NaN 0.032555023939 0.032555023939 0.032555023939 NaN NaN NaN NaN 0.033213231298"
General-1-20251226-14:24:05-81707,vector,AdhocNetwork1.host[9].rl,rlReward,,,"1 2 3 4 5 6 7 8 9 10 11 12 13 14 15 16 17 18 19 20 21 22 23 24 25 26 27 28 29 30 31 32 33 34 35 36 37 38 39 40 41 42 43 44 45 46 47 48 49 50","0.33333333333333 0 0.32271726197449 0.036670322874114 -0.3 -0.66666666666667 -0.65809167771264 -0.7 -0.43975762791594 -0.57025486914474 -0.66666666666667 0.12919151482529 0.28304450325497 -0.095640385106843 0.3100208721934 0.34689477891735 -0.34548698662662 -0.48858007843718 -0.5446678476907 -0.26900534679086 -0.39420902189989 0.32292512912725 0.16138032691774 -0.2 0.057587837259532 0.3267208336649 0.32291212274704 0.31686364587463 0.31202584058327 0.20539869939767 0.2469197467753 0.27689585749668 0.26406710153185 0.24465187544112 0.31558290474754 0.36092042538553 0.31458588836683 0.21711866283337 0.16103241575988 0.32070340305047 0.18799580276204 0.31084023282313 0.28228268841328 0.25499951924404 0.31625983689154 0.29664526510457 0.13975355632578 0 0.35098670960946 0.20333702299306"
General-1-20251226-14:24:05-81707,vector,AdhocNetwork1.host[10].app[1],e2eDelayPeriodicSec,,,"1 2 3 4 5 6 7 8 9 10 11 12 13 14 15 16 17 18 19 20 21 22 23 24 25 26 27 28 29 30 31 32 33 34 35 36 37 38 39 40 41 42 43 44 45 46 47 48 49 50","NaN 0.016223721212 0.016223721212 0.016223721212 NaN NaN NaN NaN NaN 0.07388198364 0.07388198364 0.07388198364 NaN 0.0191099573 0.0191099573 0.0191099573 NaN NaN 0.015667343948 0.015667343948 0.015667343948 NaN 0.019350249176 0.019350249176 0.019350249176 NaN NaN NaN NaN 0.016274784574 0.016274784574 0.016274784574 0.01552612269 0.01552612269 0.01552612269 NaN NaN 0.035994310319 0.035994310319 0.035994310319 NaN 0.019538186766 0.019538186766 0.019538186766 0.015174396958 0.015174396958 0.015174396958 NaN NaN 0.028909810631"
General-1-20251226-14:24:05-81707,vector,AdhocNetwork1.host[10].rl,rlReward,,,"1 2 3 4 5 6 7 8 9 10 11 12 13 14 15 16 17 18 19 20 21 22 23 24 25 26 27 28 29 30 31 32 33 34 35 36 37 38 39 40 41 42 43 44 45 46 47 48 49 50","0.33333333333333 0 0.092758613432305 0.075389241224954 0.09475343860578 0.078737999436382 0.036909460031203 0.077285824760607 0.079476805174866 0 0.066463616125513 0.17698496867381 0.12634776492945 0.067761296142914 0.10645743927739 0.12915870496998 0.093397208775003 0.13323766063735 0.10834660504964 0.11952546310248 0.094903577482352 0.15806216196531 0.008652859979369 0 0 0.14586748765188 0.058124775797585 0.12607016918844 0.11317261174028 -0.2 0.08590565373611 0.097961242727522 0.063887760694264 0.050995495487997 0.053413719888783 0.12558043947235 0.1497295479272 0.0054947473882945 0.09900406481421 0.14976798019666 -0.19280703084343 0.086001262238155 0.06785991387573 0.085538567465053 0.34611860246459 0.2786313303914 0.26138241688475 0.21186455244924 0.30383742444059 0.27387531448399"
General-1-20251226-14:24:05-81707,vector,AdhocNetwork1.host[11].app[1],e2eDelayPeriodicSec,,,"1 2 3 4 5 6 7 8 9 10 11 12 13 14 15 16 17 18 19 20 21 22 23 24 25 26 27 28 29 30 31 32 33 34 35 36 37 38 39 40 41 42 43 44 45 46 47 48 49 50","NaN 0.38340908941 0.38340908941 0.38340908941 NaN NaN NaN 0.009644531705 0.009644531705 0.009644531705 NaN NaN NaN NaN 0.008628873606 0.008628873606 0.008628873606 NaN 0.00873491748 0.00873491748 0.00873491748 NaN 0.007694349949 0.007694349949 0.007694349949 NaN 0.008133966434 0.008133966434 0.008133966434 0.008373746213 0.008373746213 0.008373746213 NaN NaN 0.008373667848 0.008373667848 0.008373667848 0.008313689277 0.008313689277 0.008313689277 NaN 0.008053863784 0.008053863784 0.008053863784 NaN 0.01210611438 0.01210611438 0.01210611438 NaN 0.007734518799"
General-1-20251226-14:24:05-81707,vector,AdhocNetwork1.host[11].rl,rlReward,,,"1 2 3 4 5 6 7 8 9 10 11 12 13 14 15 16 17 18 19 20 21 22 23 24 25 26 27 28 29 30 31 32 33 34 35 36 37 38 39 40 41 42 43 44 45 46 47 48 49 50","0.33333333333333 0 0.35274348951047 0.12401955692334 0.43242193830018 0.35417894204698 0.39102327607822 0.1224374297882 0.057880210038315 0.4807980166968 0.19667706993325 0.46725259091198 0.41875928254056 0.18085822383804 0.42495842854971 0.4480601743215 0.12907654314039 0.16768580261904 0.39827472990884 0.17490721837661 -0.45359452906228 0.21787779013063 0.20619872432188 0.17332933946483 0.21999427815999 0.21446329293914 0.21583461158895 0.1823149264793 0.21446329293917 0.42375191738344 0.18231492648153 0.21446329293914 0.21999427815999 0.21999427816002 0.21999427816003 0.46408343383132 0.21999427816001 0.21446329293913 0.18231492647926 0.21999427815996 0.21446329293914 0.18231492647928 0.21999427816002 0.42169493940871 0.21999427816003 0.17052417348476 0.48552956381735 0.4905074505161 0.059378258426395 0.48955580712103"
General-1-20251226-14:24:05-81707,vector,AdhocNetwork1.host[12].app[1],e2eDelayPeriodicSec,,,"1 2 3 4 5 6 7 8 9 10 11 12 13 14 15 16 17 18 19 20 21 22 23 24 25 26 27 28 29 30 31 32 33 34 35 36 37 38 39 40 41 42 43 44 45 46 47 48 49 50","NaN 0.038060169621 0.038060169621 0.038060169621 NaN NaN NaN 0.019812543975 0.019812543975 0.019812543975 NaN NaN 0.017397854331 0.017397854331 0.017397854331 0.018927772113 0.018927772113 0.018927772113 NaN NaN NaN NaN NaN NaN NaN NaN NaN NaN NaN NaN NaN NaN NaN NaN NaN NaN NaN NaN NaN NaN NaN NaN NaN NaN NaN NaN NaN NaN NaN NaN"
General-1-20251226-14:24:05-81707,vector,AdhocNetwork1.host[12].rl,rlReward,,,"1 2 3 4 5 6 7 8 9 10 11 12 13 14 15 16 17 18 19 20 21 22 23 24 25 26 27 28 29 30 31 32 33 34 35 36 37 38 39 40 41 42 43 44 45 46 47 48 49 50","0.33333333333333 0 -0.2 0.73022705966976 0.066124405475074 -0.66666666666667 -0.59389125420707 -0.5997316499843 -0.66666666666667 -0.66666666666667 -0.4678081657619 0.83488957398648 0.43299746065649 -0.2 0.3 0.48627959950945 0.44055899400112 0.47838778871774 0.48967267502126 0.46290653157807 0.46614865599471 0.47453615975881 0.45116155247648 0.33865231515548 -0.16052625242397 0.44879484186535 0.43237464921272 0.44779658412174 0.46675960584863 0.33364210113913 0.45442002846409 0.3 -0.10389479955418 0.34046988372991 0.41631735941663 0.46789653352457 0.023091015600199 0.48944963775704 0.47936907144409 0.49101996288713 0.47599323330118 0.45098033086073 0.50116662777463 0.44972738503335 -0.56129892304395 -0.51475078100148 -0.54979420326235 -0.54150365296833 -0.4965846333569 -0.51349418318969"
General-1-20251226-14:24:05-81707,vector,AdhocNetwork1.host[13].app[1],e2eDelayPeriodicSec,,,"1 2 3 4 5 6 7 8 9 10 11 12 13 14 15 16 17 18 19 20 21 22 23 24 25 26 27 28 29 30 31 32 33 34 35 36 37 38 39 40 41 42 43 44 45 46 47 48 49 50","NaN NaN NaN NaN NaN NaN NaN NaN NaN NaN NaN NaN NaN NaN NaN NaN NaN NaN NaN NaN NaN NaN NaN NaN NaN NaN NaN NaN NaN NaN NaN NaN NaN NaN NaN NaN NaN NaN NaN NaN NaN NaN NaN NaN NaN NaN 0.026328616451 0.026328616451 0.026328616451 NaN"
General-1-20251226-14:24:05-81707,vector,AdhocNetwork1.host[13].rl,rlReward,,,"1 2 3 4 5 6 7 8 9 10 11 12 13 14 15 16 17 18 19 20 21 22 23 24 25 26 27 28 29 30 31 32 33 34 35 36 37 38 39 40 41 42 43 44 45 46 47 48 49 50","0.33333333333333 0 0.084965293379851 0.10962110049451 0.20231166181858 0.062155373311883 0.0068633731466612 0.023026193026793 0 0 0.035686255935166 0.15067089741005 0.18983840790526 0.077030924418593 0.09460055496194 0.12855164132622 0.1356784019763 0.19605444676251 0.18869953600634 0.22458202611776 0.2571671240084 0.38610115270923 0.1 -0.41887071295903 -0.41017138526438 -0.23394530855312 -0.24006904896723 -0.53135107561251 -0.23003750081003 -0.42722908386964 -0.50605671423882 0.30938066019545 0.11288398745183 -0.11734079184444 0.15044686355829 0.16932331812902 0.1232639592604 -0.08160868468406 0.36511578642002 0.42638557372456 0.37657531103652 0.3 0.42074743645995 0.4243018775687 0.75232662627114 0.091880093246858 -0.7 -0.66666666666667 -0.53279568771672 -0.55015601933871"
General-1-20251226-14:24:05-81707,vector,AdhocNetwork1.host[14].app[1],e2eDelayPeriodicSec,,,"1 2 3 4 5 6 7 8 9 10 11 12 13 14 15 16 17 18 19 20 21 22 23 24 25 26 27 28 29 30 31 32 33 34 35 36 37 38 39 40 41 42 43 44 45 46 47 48 49 50","NaN NaN NaN NaN NaN NaN NaN NaN NaN NaN NaN NaN NaN NaN NaN NaN NaN NaN NaN NaN NaN NaN NaN NaN NaN NaN NaN NaN NaN NaN NaN NaN NaN NaN NaN NaN NaN NaN NaN NaN NaN NaN NaN NaN NaN NaN NaN NaN NaN NaN"
General-1-20251226-14:24:05-81707,vector,AdhocNetwork1.host[14].rl,rlReward,,,"1 2 3 4 5 6 7 8 9 10 11 12 13 14 15 16 17 18 19 20 21 22 23 24 25 26 27 28 29 30 31 32 33 34 35 36 37 38 39 40 41 42 43 44 45 46 47 48 49 50","0.33333333333333 0.1 0.056072364379976 0.79110438190079 0.065150828507778 0.081175010116005 0.11317455540525 0.076105008554814 0.071707768169524 0.095729325152054 0.051199931210082 0.085628061727948 0.089474901495479 0.31984501179069 0.067563587517408 0.089772621227554 0.057258576045423 0.089377004946366 0.068351821406791 0 0.10778650541699 0.080779478622603 0.049559219293088 0.032313437163501 0.049751882810408 0.065628856505978 0.069236424446272 0.063500034567221 0.32845442896927 0 0.08300440478257 0.0011362473329216 0.0047242449399852 0.083613314981558 0.01131182313133 -0.62662088798606 -0.6116076680575 -0.60978381624113 -0.4072963532907 -0.58055515813125 -0.66666666666667 0 0.10683908236749 0.019060068934614 -0.63560875164751 -0.56929012311808 -0.65977460170365 -0.6 -0.58587395839352 -0.63192880592926"
General-1-20251226-14:24:05-81707,vector,AdhocNetwork1.host[15].app[1],e2eDelayPeriodicSec,,,"1 2 3 4 5 6 7 8 9 10 11 12 13 14 15 16 17 18 19 20 21 22 23 24 25 26 27 28 29 30 31 32 33 34 35 36 37 38 39 40 41 42 43 44 45 46 47 48 49 50","NaN 0.022250337781 0.022250337781 0.022250337781 0.008308815316 0.008308815316 0.008308815316 NaN 0.008991914372 0.008991914372 0.008991914372 NaN NaN 0.011711362972 0.011711362972 0.011711362972 0.008610298433 0.008610298433 0.008610298433 NaN NaN 0.007811458747 0.007811458747 0.007811458747 NaN NaN 0.008092514672 0.008092514672 0.008092514672 0.018244125463 0.018244125463 0.018244125463 NaN 0.008694422293 0.008694422293 0.008694422293 NaN 0.034308984513 0.034308984513 0.034308984513 NaN 0.015828331692 0.015828331692 0.015828331692 NaN NaN 0.027115356154 0.027115356154 0.027115356154 NaN"
General-1-20251226-14:24:05-81707,vector,AdhocNetwork1.host[15].rl,rlReward,,,"1 2 3 4 5 6 7 8 9 10 11 12 13 14 15 16 17 18 19 20 21 22 23 24 25 26 27 28 29 30 31 32 33 34 35 36 37 38 39 40 41 42 43 44 45 46 47 48 49 50","0.33333333333333 0 0.032259692548162 0.058822040878402 0.069193765469757 0.02137825349879 0.059438992049502 0.2123082923185 0 0 0.17115508025635 0.20319768938082 0.19093896726787 0.098021935795227 0.15941332456305 0.18961191187876 0.18308001585835 0.15809668794852 0.02047081251116 0.18465500548908 0.18585867935606 0.18713025592784 0.12039738025235 0.0495634768876 0.041014970802737 0.18517332924424 0.37546677657715 0.048406419265953 0.17867635433256 0 0.017025780182001 0.10297860667344 0.037462004568023 0.029280643714268 0.14293064983695 0.099134597959573 0.096873971587071 0.0094889602697935 -0.62641808849982 -0.47396511085303 -0.66666666666667 0.037769086097634 0.14016857542913 0.17063935397052 0.44327292720651 0.16755861145318 0.14098843539235 -0.65644160150856 -0.56008514925644 -0.36509965812591"
General-1-20251226-14:24:05-81707,vector,AdhocNetwork1.host[16].app[1],e2eDelayPeriodicSec,,,"1 2 3 4 5 6 7 8 9 10 11 12 13 14 15 16 17 18 19 20 21 22 23 24 25 26 27 28 29 30 31 32 33 34 35 36 37 38 39 40 41 42 43 44 45 46 47 48 49 50","NaN NaN NaN NaN NaN NaN NaN NaN NaN NaN NaN NaN NaN NaN NaN NaN NaN NaN NaN NaN NaN NaN NaN 0.08052832618 0.08052832618 0.08052832618 NaN NaN NaN NaN NaN NaN NaN NaN 0.085253011814 0.085253011814 0.085253011814 NaN NaN 0.154967795368 0.154967795368 0.154967795368 NaN NaN 0.133864815934 0.133864815934 0.133864815934 NaN 0.045740277783 0.045740277783"
General-1-20251226-14:24:05-81707,vector,AdhocNetwork1.host[16].rl,rlReward,,,"1 2 3 4 5 6 7 8 9 10 11 12 13 14 15 16 17 18 19 20 21 22 23 24 25 26 27 28 29 30 31 32 33 34 35 36 37 38 39 40 41 42 43 44 45 46 47 48 49 50","0.33333333333333 0 0.0023414191864242 0.044061636789112 0.050646345565936 0.042550035398075 0.053702170969688 0 0.046036836258296 0 0.10958684197394 0.1512005584502 0.099156455292255 0.12699174009025 0.10972984464243 0.40268280981697 0.41595217029962 0.44110564105987 0.38488416150406 0.42783720743197 0.41635959595106 0.40861300371688 0.065387188959179 0.4093617592211 0.30580298648606 0.4117947227813 0.7971211423555 0.39622049480065 0.41658668221023 0.21099633268176 0.41956933608596 0.42100483614963 0.42642428260323 0.42679103716073 0.4370845491427 0.40649436535369 0.41921742463275 0.38563964058705 0.4087050741679 0.39828410615989 0.3 0.35617204556801 0.40299265613288 -0.59062283785524 -0.6257460655946 -0.65754305082417 -0.61556224468889 -0.68853106320861 -0.64169935320978 -0.63343878257143"
General-1-20251226-14:24:05-81707,vector,AdhocNetwork1.host[17].app[1],e2eDelayPeriodicSec,,,"1 2 3 4 5 6 7 8 9 10 11 12 13 14 15 16 17 18 19 20 21 22 23 24 25 26 27 28 29 30 31 32 33 34 35 36 37 38 39 40 41 42 43 44 45 46 47 48 49 50","NaN NaN NaN NaN NaN NaN NaN NaN NaN NaN 0.015114006312 0.015114006312 0.015114006312 NaN NaN 0.018807181012 0.018807181012 0.018807181012 NaN 0.016083645641 0.016083645641 0.016083645641 NaN 0.015489325938 0.015489325938 0.015489325938 0.007694360925 0.007694360925 0.007694360925 NaN 0.012220269243 0.012220269243 0.012220269243 0.008633520727 0.008633520727 0.008633520727 NaN 0.034533801108 0.034533801108 0.034533801108 0.022029099607 0.022029099607 0.022029099607 0.011537872052 0.011537872052 0.011537872052 NaN 0.01209939611 0.01209939611 0.01209939611"
General-1-20251226-14:24:05-81707,vector,AdhocNetwork1.host[17].rl,rlReward,,,"1 2 3 4 5 6 7 8 9 10 11 12 13 14 15 16 17 18 19 20 21 22 23 24 25 26 27 28 29 30 31 32 33 34 35 36 37 38 39 40 41 42 43 44 45 46 47 48 49 50","0.33333333333333 0 0.35804813923857 0.42189624112926 0.40629066263149 0 0.086648906182533 -0.59501185395862 -0.66666666666667 -0.6 -0.60193333578341 0.37636673841837 0.36590906640191 0.1 0.13469271719848 0.34571983586913 0.37050909389363 0.41749425262881 0.40318656304463 0.24400675031923 0.37238523747157 0.37791405291329 0.1 -0.1298611833688 0.20208794935255 0.37378462475146 0.26501077533794 0.16011050475966 0.426518316527 0.22962532283377 0.12749157295445 0.19958659723995 0.10012625388414 0.18299288649823 0.18155956669015 0.26936103497617 0.14738849293334 0.14264275825355 0.25481621108963 0.38469781164698 0.1 0.31135190948104 0.29912657826107 0.40814761686368 0.34599636960095 0.39811979962324 0.28502081085959 0.18228321091302 0.42990859547123 0.31312890680029"
General-1-20251226-14:24:05-81707,vector,AdhocNetwork1.host[18].app[1],e2eDelayPeriodicSec,,,"1 2 3 4 5 6 7 8 9 10 11 12 13 14 15 16 17 18 19 20 21 22 23 24 25 26 27 28 29 30 31 32 33 34 35 36 37 38 39 40 41 42 43 44 45 46 47 48 49 50","NaN NaN NaN NaN NaN NaN NaN NaN 0.160640753624 0.160640753624 0.160640753624 NaN NaN 0.113745847319 0.113745847319 0.113745847319 NaN NaN NaN NaN NaN 0.016308662528 0.016308662528 0.016308662528 NaN NaN 0.020171910891 0.020171910891 0.020171910891 NaN NaN 0.016167724055 0.016167724055 0.016167724055 NaN 0.068512765754 0.068512765754 0.068512765754 NaN NaN 0.01984217067 0.01984217067 0.01984217067 NaN 0.030357325 0.030357325 0.030357325 NaN NaN 0.041686065985"
General-1-20251226-14:24:05-81707,vector,AdhocNetwork1.host[18].rl,rlReward,,,"1 2 3 4 5 6 7 8 9 10 11 12 13 14 15 16 17 18 19 20 21 22 23 24 25 26 27 28 29 30 31 32 33 34 35 36 37 38 39 40 41 42 43 44 45 46 47 48 49 50","0.33333333333333 0 0.079041002400143 0.079601566003671 -0.24582783779575 -0.58631036255064 -0.60241516387443 -0.60512879552423 -0.45731063695612 -0.6 -0.61641151423283 0.40848522710752 0.38970123828774 0.3 0.38128575859555 0.39563558053914 0.39719584195926 0.42313682603666 0.41074235486192 0.36540375514806 0.38115201127805 0.40538564050931 0.3 0.36563276022008 0.38293729806165 0.44021748575457 0.42284321073537 0.38746721878108 0.41332875998605 0.42407737550791 0.42367384758155 0.42104849094768 0.36954256192521 0.41529388636122 0.41895246027239 -0.0078645777822152 0.40413777041119 0.3 0.45270802091204 0.48944868140881 0.35543865887375 0.44681019991042 0.44823276600811 0.45758811320909 0.39027478086295 0.44239666266192 0.35828521006981 0.34664714039991 0.44298814471838 0.44582571840308"
General-1-20251226-14:24:05-81707,vector,AdhocNetwork1.host[19].app[1],e2eDelayPeriodicSec,,,"1 2 3 4 5 6 7 8 9 10 11 12 13 14 15 16 17 18 19 20 21 22 23 24 25 26 27 28 29 30 31 32 33 34 35 36 37 38 39 40 41 42 43 44 45 46 47 48 49 50","NaN 0 0 0 0 0 0 NaN 0 0 0 NaN 0 0 0 NaN 0 0 0 NaN 0 0 0 NaN 0 0 0 NaN 0 0 0 NaN 0 0 0 NaN NaN 0 0 0 NaN 0 0 0 0 0 0 0 0 0"
General-1-20251226-14:24:05-81707,vector,AdhocNetwork1.host[19].rl,rlReward,,,"1 2 3 4 5 6 7 8 9 10 11 12 13 14 15 16 17 18 19 20 21 22 23 24 25 26 27 28 29 30 31 32 33 34 35 36 37 38 39 40 41 42 43 44 45 46 47 48 49 50","0.33333333333333 0 0.39664747720975 0.38793131741205 0.38988736467848 0.43734621228549 0.099015625305982 0.091930957579454 -0.54533013528776 -0.63418388290297 -0.57393024835599 0.42571477031907 0.38268496434061 0.36585483637795 0.30820882574538 0.33589876486658 0.36242211889958 0.38231394804336 0.32504643432709 0.38947758710916 0.38985363592318 0.36479831699687 0.3 0.378961877584 0.1 0.43793549338214 -0.032844429362152 0.4114628352481 0.44218748158793 0.36250390755597 0.30457318949816 0.40100244427531 0.41387829452111 0.401399108592 0.43061171854407 0.44880257647863 0.44721652539112 0.3 0.33992303847631 0.45611442137015 0.40592680125363 0.36949431421702 0.36062834513454 0.43169950990328 -0.58971291049061 -0.65604304574962 -0.62334823558548 -0.7 -0.53380682875479 -0.54228704028547"
General-1-20251226-14:24:05-81707,vector,AdhocNetwork1.host[20].app[1],e2eDelayPeriodicSec,,,"1 2 3 4 5 6 7 8 9 10 11 12 13 14 15 16 17 18 19 20 21 22 23 24 25 26 27 28 29 30 31 32 33 34 35 36 37 38 39 40 41 42 43 44 45 46 47 48 49 50","NaN NaN NaN NaN NaN NaN NaN NaN NaN NaN NaN NaN NaN NaN NaN NaN NaN NaN NaN NaN NaN NaN 0.094120589886 0.094120589886 0.094120589886 NaN NaN 0.045037725717 0.045037725717 0.045037725717 NaN 0.044810168626 0.044810168626 0.044810168626 NaN NaN 0.038320500337 0.038320500337 0.038320500337 NaN NaN 0.048551982356 0.048551982356 0.048551982356 NaN NaN NaN NaN NaN 0.040462346132"
General-1-20251226-14:24:05-81707,vector,AdhocNetwork1.host[20].rl,rlReward,,,"1 2 3 4 5 6 7 8 9 10 11 12 13 14 15 16 17 18 19 20 21 22 23 24 25 26 27 28 29 30 31 32 33 34 35 36 37 38 39 40 41 42 43 44 45 46 47 48 49 50","0.33333333333333 0 0 0.14074154631183 0.14956816400369 0.12089867043908 -0.080717085728939 0.1229133336972 0.087657528563138 0.10983284450619 0.17024659844443 0.17424802107396 0.11980410051397 0.1558957088442 0.14212412599872 0.16676254322832 0.12014815766092 0.1747324002677 0.15053581601121 0.14437924045472 0.15444421915418 0.10031612236629 0.093099864445104 0.11722499583649 0.1180909112933 0.079407873898777 0.14145412430378 0.061311847869957 0.170221138569 0.09248222036911 0.10192733024908 0.054184216691737 0.36643835596501 0.12556826842385 0.38845254251893 0.40491989562955 0.050797282293779 0.024958612258475 0.12142776207237 0.0036747590965365 0.038587554145418 0.022834624287277 0 0.093192463571485 -0.53604555186908 -0.53724399733376 -0.66666666666667 -0.66666666666667 -0.45268072443185 -0.59680102048467"
General-1-20251226-14:24:05-81707,vector,AdhocNetwork1.host[21].app[1],e2eDelayPeriodicSec,,,"1 2 3 4 5 6 7 8 9 10 11 12 13 14 15 16 17 18 19 20 21 22 23 24 25 26 27 28 29 30 31 32 33 34 35 36 37 38 39 40 41 42 43 44 45 46 47 48 49 50","NaN NaN NaN NaN NaN NaN NaN NaN NaN NaN NaN NaN NaN NaN NaN NaN NaN NaN NaN NaN NaN NaN NaN NaN NaN NaN NaN NaN NaN NaN NaN NaN NaN NaN NaN NaN NaN NaN NaN NaN NaN NaN NaN NaN NaN NaN 0.097310612301 0.097310612301 0.097310612301 NaN"
General-1-20251226-14:24:05-81707,vector,AdhocNetwork1.host[21].rl,rlReward,,,"1 2 3 4 5 6 7 8 9 10 11 12 13 14 15 16 17 18 19 20 21 22 23 24 25 26 27 28 29 30 31 32 33 34 35 36 37 38 39 40 41 42 43 44 45 46 47 48 49 50","0.33333333333333 0 0.06612384404182 0.12057647585069 0.026759167418362 0.052500878412125 0.12661456258516 0.10272541478204 0.072145558779373 0.31835855196907 0.073285197179253 0 0.064623830365285 0.0043814360794771 0 0.071526679304195 0.094051392256873 0.045387022573956 0.0883785165385 0 0.12628595980795 0.11777846406805 0.16699423908119 0.11597843936054 0.11255691992801 0.12636613851857 0.14258892479922 0.21178976330278 0.19943111003253 0.4541883593868 0.47261786438652 0.46570880575944 0.44973842024324 0.48284218403618 0.48358645661361 0.40815737756805 0.47275774940268 0.47759298888874 0.36694153889984 0.46879485764574 0.31893342822732 0.3310338597857 0.46716804697348 0.4544096438522 0.41049064515567 0.44646166430115 0.34540457514728 0.37120921756193 0.35974784296001 0.37985096113792"
General-1-20251226-14:24:05-81707,vector,AdhocNetwork1.host[22].app[1],e2eDelayPeriodicSec,,,"1 2 3 4 5 6 7 8 9 10 11 12 13 14 15 16 17 18 19 20 21 22 23 24 25 26 27 28 29 30 31 32 33 34 35 36 37 38 39 40 41 42 43 44 45 46 47 48 49 50","NaN 0 0 0 NaN 0 0 0 NaN 0 0 0 NaN NaN 0 0 0 NaN 0 0 0 NaN NaN 0 0 0 NaN 0 0 0 NaN 0 0 0 NaN 0 0 0 NaN 0 0 0 NaN 0 0 0 NaN NaN 0 0"
General-1-20251226-14:24:05-81707,vector,AdhocNetwork1.host[22].rl,rlReward,,,"1 2 3 4 5 6 7 8 9 10 11 12 13 14 15 16 17 18 19 20 21 22 23 24 25 26 27 28 29 30 31 32 33 34 35 36 37 38 39 40 41 42 43 44 45 46 47 48 49 50","0.33333333333333 0 0 0 0.1 0 0.18737212071053 0.20107387061919 0.16888798012456 0.18436895198713 0.16686764279167 0.16930003745396 0.20496552526214 0.19165000960457 0.0068872291224726 0.22418662275809 0.2300291081262 0.20066057580257 0.22347948015456 0.2007225689413 0.18456586431363 0.2284998259291 0.20011511615525 0.18767715299794 0.22084244448252 0.22521391249585 0.19282931468573 0.24057478640361 0.23220025863757 0.20428274819852 0.21965799064998 0.22303811519249 0.17816974081024 0.45378424731676 0.22123067656 0.18366726478786 0.50598525171453 0.22812319915224 0.19065272771962 0.44459422945137 0.18058962573439 0.14082198614545 0.19502304351486 0.16084963293548 0.14566799414081 0.20260567439174 0.12527833296438 0 0.16530938718588 0.074548287709089"
General-1-20251226-14:24:05-81707,vector,AdhocNetwork1.host[23].app[1],e2eDelayPeriodicSec,,,"1 2 3 4 5 6 7 8 9 10 11 12 13 14 15 16 17 18 19 20 21 22 23 24 25 26 27 28 29 30 31 32 33 34 35 36 37 38 39 40 41 42 43 44 45 46 47 48 49 50","NaN 0.018889227641 0.018889227641 0.018889227641 0.007631521192 0.007631521192 0.007631521192 NaN 0.008132024235 0.008132024235 0.008132024235 NaN NaN 0.010934655614 0.010934655614 0.010934655614 NaN 0.008033335357 0.008033335357 0.008033335357 NaN 0.011895969749 0.011895969749 0.011895969749 NaN 0.016541537749 0.016541537749 0.016541537749 NaN NaN NaN NaN NaN NaN NaN NaN NaN 0.031642981668 0.031642981668 0.031642981668 NaN 0.104478548604 0.104478548604 0.104478548604 NaN NaN 0.02983841024 0.02983841024 0.02983841024 NaN"
General-1-20251226-14:24:05-81707,vector,AdhocNetwork1.host[23].rl,rlReward,,,"1 2 3 4 5 6 7 8 9 10 11 12 13 14 15 16 17 18 19 20 21 22 23 24 25 26 27 28 29 30 31 32 33 34 35 36 37 38 39 40 41 42 43 44 45 46 47 48 49 50","0.33333333333333 0 0.088044283154302 0.13745861316897 0.04766064750953 0.10159476523901 0.15405077750496 0.12518444458936 0.10159480858058 0.082855769764828 0.082191521624806 0.10213943648705 0.11704714778036 0.037410218285333 0.087168536742271 0.12175251503146 0.082799436320962 0.042312107518625 0.09128743322917 0 0.13824243294464 0.091297335676345 0.084098446530298 0.011036740997863 0.31221093080437 0.047929016714606 0.11550177970409 0.11641937180693 0.39566423643533 0.052876731969265 0.42795833363706 0.3 0.37233349079621 0.44658207172296 0.21697827734648 0.3479735036749 0.35368869833274 0.4052284988649 0.33443960803366 0.409293097295 0.3 0.32049826857338 0.44976731560406 0.40259929511761 -0.63972652990142 -0.56969525219969 -0.7 -0.58280768677465 -0.52841129792527 -0.54223471624165"
General-1-20251226-14:24:05-81707,vector,AdhocNetwork1.host[24].app[1],e2eDelayPeriodicSec,,,"1 2 3 4 5 6 7 8 9 10 11 12 13 14 15 16 17 18 19 20 21 22 23 24 25 26 27 28 29 30 31 32 33 34 35 36 37 38 39 40 41 42 43 44 45 46 47 48 49 50","NaN 0.008489711254 0.008489711254 0.008489711254 NaN NaN NaN 0.008671697341 0.008671697341 0.008671697341 NaN NaN 0.00997499985 0.00997499985 0.00997499985 0.007753948238 0.007753948238 0.007753948238 NaN NaN NaN NaN NaN NaN NaN NaN NaN NaN NaN NaN NaN 0.479604636191 0.479604636191 0.479604636191 0.022926367364 0.022926367364 0.022926367364 NaN NaN NaN 0.043714402434 0.043714402434 0.043714402434 NaN NaN NaN NaN NaN NaN NaN"
General-1-20251226-14:24:05-81707,vector,AdhocNetwork1.host[24].rl,rlReward,,,"1 2 3 4 5 6 7 8 9 10 11 12 13 14 15 16 17 18 19 20 21 22 23 24 25 26 27 28 29 30 31 32 33 34 35 36 37 38 39 40 41 42 43 44 45 46 47 48 49 50","0.33333333333333 0 0.012890957546201 0.076831638744527 -0.40663456144126 -0.66666666666667 -0.49213771723556 -0.52295564035015 -0.51052277443538 -0.66666666666667 -0.51822068018548 0.35266870388737 -0.0086984724907298 0.18097160378508 0.32493693809888 0.21324586937248 0.38172660703009 0.40565067273326 0.42067885816719 0.29910450216802 0.39519886187734 0.45026192398754 0.41404193179052 0.39296018701811 0.43311057993643 0.4373868913486 0.41836733102271 0.45494996012413 0.46172576215342 0.38434381480054 0.41962919042876 0.33389799017536 0.36212726055916 0.43560070757112 0.41695251164432 0.20891601796481 0.41397492626811 0.053556614891103 0.28023530045319 0.49962838120789 0.29281355264315 0.27021896925355 0.40848659195675 -0.25548924653977 -0.31083557892691 -0.21789479937573 -0.35602682902003 -0.37941698730253 -0.22257913239981 -0.2569868278672"
General-2-20251226-14:24:05-81710,vector,AdhocNetwork1.host[0].app[1],e2eDelayPeriodicSec,,,"1 2 3 4 5 6 7 8 9 10 11 12 13 14 15 16 17 18 19 20 21 22 23 24 25 26 27 28 29 30 31 32 33 34 35 36 37 38 39 40 41 42 43 44 45 46 47 48 49 50","NaN NaN NaN NaN NaN NaN NaN NaN 0.145306591698 0.145306591698 0.145306591698 NaN NaN 0.035078126815 0.035078126815 0.035078126815 NaN 0.032972766619 0.032972766619 0.032972766619 0.063807260408 0.063807260408 0.063807260408 NaN NaN NaN NaN NaN NaN NaN 0.078826235903 0.078826235903 0.078826235903 NaN NaN NaN NaN NaN 0.063755398429 0.063755398429 0.063755398429 NaN 0.117481927963 0.117481927963 0.117481927963 NaN NaN NaN NaN NaN"
General-2-20251226-14:24:05-81710,vector,AdhocNetwork1.host[0].rl,rlReward,,,"1 2 3 4 5 6 7 8 9 10 11 12 13 14 15 16 17 18 19 20 21 22 23 24 25 26 27 28 29 30 31 32 33 34 35 36 37 38 39 40 41 42 43 44 45 46 47 48 49 50","0.33333333333333 0 0.10174951359232 0.11197146875811 0.07393553974223 0.18324282795608 0.089518719526333 0 -0.077569965700813 0.03041406582815 0.070772919243556 0.12232397452492 0.083647393170073 -0.0672514841922 0.11189325575513 0.016193158315543 0.084697849377675 0.10521266081683 0.093548911078826 0.092594610247354 0.39428668886356 0.032197848015364 0.11454397009356 0.15979438451488 0 0.13594144058063 0.1484449224703 0.17409643258654 0.15754403171345 0.16595879108557 0.12445709296723 0.38304222010826 0.25045213373839 0.47995710623788 0.38818275321982 0.46520524128648 0.46644522045894 0.35882592215343 0.40188000825864 0.47415448859266 0.38295693036641 0.42593292778374 0.45328891521067 0.46554907719103 0.45066442578691 0.45911220416246 0.21686007888243 0.48314017568594 0.4930991722586 0.45813028190252"
General-2-20251226-14:24:05-81710,vector,AdhocNetwork1.host[1].app[1],e2eDelayPeriodicSec,,,"1 2 3 4 5 6 7 8 9 10 11 12 13 14 15 16 17 18 19 20 21 22 23 24 25 26 27 28 29 30 31 32 33 34 35 36 37 38 39 40 41 42 43 44 45 46 47 48 49 50","NaN NaN NaN NaN NaN NaN 0.083073585029 0.083073585029 0.083073585029 NaN 0.144580484837 0.144580484837 0.144580484837 NaN 0.039356273789 0.039356273789 0.039356273789 NaN NaN 0.035972788334 0.035972788334 0.035972788334 NaN NaN NaN NaN NaN 0.067819858397 0.067819858397 0.067819858397 NaN NaN NaN NaN 0.024444943384 0.024444943384 0.024444943384 NaN NaN 0.052478210663 0.052478210663 0.052478210663 NaN NaN NaN NaN NaN NaN NaN NaN"
General-2-20251226-14:24:05-81710,vector,AdhocNetwork1.host[1].rl,rlReward,,,"1 2 3 4 5 6 7 8 9 10 11 12 13 14 15 16 17 18 19 20 21 22 23 24 25 26 27 28 29 30 31 32 33 34 35 36 37 38 39 40 41 42 43 44 45 46 47 48 49 50","0.33333333333333 0 0.077902737177721 0.86135711329385 0.1283156682235 0.17666695605072 0.06869703329246 0 0.15033625329552 0.40660722153052 0 0.16878640718363 0.40894788991215 0.1915684860537 0.21735471114166 0.093608953520683 0.17213108045462 0.1771930968304 0.23691677106809 -0.49022483842902 -0.51357189354934 0.23333087242853 0.39142927520199 0.22877854195369 0.20384545123754 0.21826198758642 0.22231860425442 0.012182044554566 0.21699614985951 0.21029998256841 0.24572766139829 0.19841998383459 0.27362592145547 -0.3978270347731 -0.40588401644269 -0.40492344628756 -0.4011141915012 -0.45273610084657 -0.40637020999272 -0.42563058271186 -0.40898121219556 0.28255063061382 0.28020756758588 0.27630745777677 0.27408635367251 0.2647917749298 0.26181334106463 0.5201566896018 0.27393502096511 0.11271853185185"
General-2-20251226-14:24:05-81710,vector,AdhocNetwork1.host[2].app[1],e2eDelayPeriodicSec,,,"1 2 3 4 5 6 7 8 9 10 11 12 13 14 15 16 17 18 19 20 21 22 23 24 25 26 27 28 29 30 31 32 33 34 35 36 37 38 39 40 41 42 43 44 45 46 47 48 49 50","NaN NaN NaN NaN NaN NaN NaN NaN NaN NaN 0.116734010154 0.116734010154 0.116734010154 NaN NaN NaN 0.126851615335 0.126851615335 0.126851615335 NaN NaN NaN NaN NaN 0.100611994909 0.100611994909 0.100611994909 NaN NaN 0.037940939888 0.037940939888 0.037940939888 NaN NaN NaN NaN NaN 0.161925839487 0.161925839487 0.161925839487 NaN NaN NaN NaN NaN NaN NaN NaN NaN NaN"
General-2-20251226-14:24:05-81710,vector,AdhocNetwork1.host[2].rl,rlReward,,,"1 2 3 4 5 6 7 8 9 10 11 12 13 14 15 16 17 18 19 20 21 22 23 24 25 26 27 28 29 30 31 32 33 34 35 36 37 38 39 40 41 42 43 44 45 46 47 48 49 50","0.33333333333333 0 -0.17023212880504 0.18403498037431 0.12660526884645 0.22783710583474 0.19350548476527 0.15559887987732 0.046660201017384 0.15459873744408 0.095941897098461 0.13922955068662 0.12415989510042 0.094204300851684 0.18180314580394 0.11140696608066 0.12187401632645 0.17314282164068 0.19271734874988 0.1516674459633 0.21806665335948 0.087636470726477 0.12638989239289 0.11315938223456 0.14888177880815 0.12793158079277 0.4701610362706 0.19974775324359 0.23183622190649 0.13940577338452 0.19220383585591 0.17430353686554 0.25835572754141 0.21482918824748 0.2064705084397 0.23022369855101 0.21398673538256 0.22623602838543 0.21962709634886 0.23368613359048 0.19584273582818 0.25229792300122 0.23067802211526 0.20078216848515 0.2056108431356 0.22756394543556 0.22237773213954 0.23243528912016 0.22675598096556 0.1919041453986"
General-2-20251226-14:24:05-81710,vector,AdhocNetwork1.host[3].app[1],e2eDelayPeriodicSec,,,"1 2 3 4 5 6 7 8 9 10 11 12 13 14 15 16 17 18 19 20 21 22 23 24 25 26 27 28 29 30 31 32 33 34 35 36 37 38 39 40 41 42 43 44 45 46 47 48 49 50","NaN 0.089426146387 0.089426146387 0.089426146387 NaN 0.104861868707 0.104861868707 0.104861868707 NaN NaN 0.026104745715 0.026104745715 0.026104745715 NaN NaN NaN NaN NaN NaN NaN NaN NaN NaN 6.363378441589 6.363378441589 6.363378441589 NaN 0.077866115362 0.077866115362 0.077866115362 NaN NaN 0.028322131422 0.028322131422 0.028322131422 NaN NaN NaN NaN NaN NaN NaN NaN NaN NaN NaN NaN NaN NaN NaN"
General-2-20251226-14:24:05-81710,vector,AdhocNetwork1.host[3].rl,rlReward,,,"1 2 3 4 5 6 7 8 9 10 11 12 13 14 15 16 17 18 19 20 21 22 23 24 25 26 27 28 29 30 31 32 33 34 35 36 37 38 39 40 41 42 43 44 45 46 47 48 49 50","0.33333333333333 0 0.1389072614467 0.20417892022561 0.38737504605295 0.21583820535926 0.72401634754479 0.027384285874217 0 0 0.078185354631377 0.090734971067997 0.14668558471368 0.12864091641899 0.12049292150512 0.17601807589153 0.1673309538535 0.095966939215967 0.18377893446911 0.13854985017093 0.17816643138166 0.17832559381209 0.17561932694282 0.059778147570737 0.11858120053517 0.12132883920191 0.19885206617801 0.1910967866098 0.18056892587989 0.16695875176987 0.21689755119229 0.16316649483699 0.20581721661328 0.46051549234014 0.15205499987097 0.22752257546786 0.21501068936542 0.19618137398034 0.22430873265849 0.22587761129333 0.1716957809607 0.23880727941964 0.22338553976201 0.2002446356358 0.19257343488395 0.19405971220593 0.18729735191956 0.23169699759624 0.2390349131067 0.21258353868141"
General-2-20251226-14:24:05-81710,vector,AdhocNetwork1.host[4].app[1],e2eDelayPeriodicSec,,,"1 2 3 4 5 6 7 8 9 10 11 12 13 14 15 16 17 18 19 20 21 22 23 24 25 26 27 28 29 30 31 32 33 34 35 36 37 38 39 40 41 42 43 44 45 46 47 48 49 50","NaN NaN NaN NaN NaN NaN NaN NaN NaN NaN NaN NaN NaN NaN NaN NaN NaN NaN NaN NaN NaN NaN NaN 0.094957857284 0.094957857284 0.094957857284 NaN NaN NaN NaN NaN NaN NaN NaN NaN NaN NaN NaN NaN NaN NaN NaN NaN NaN NaN NaN NaN NaN NaN NaN"
General-2-20251226-14:24:05-81710,vector,AdhocNetwork1.host[4].rl,rlReward,,,"1 2 3 4 5 6 7 8 9 10 11 12 13 14 15 16 17 18 19 20 21 22 23 24 25 26 27 28 29 30 31 32 33 34 35 36 37 38 39 40 41 42 43 44 45 46 47 48 49 50","0.33333333333333 0 0.0075167337642774 0.038765829197529 0.030748906125757 0 0 0.0011859776396375 0.051762649441548 0.053848463048999 0 0.0069719397903613 0.30699376009645 0.3 0.30616418524542 0.3 0.3 0.32315642179369 0.35130608523686 0.34646796814058 0.34527391730314 0.34903704846267 0.32975465827249 0.3250369668162 0.3 0.43557647405112 0.41166845206872 0.40458891712347 0.43150212488572 0.43118477599146 0.4298147052747 0.44688010324656 0.45380594290315 0.45952356019587 0.44301090485073 0.45077052831785 0.47556753054523 0.48363366720539 0.36898513849694 0.41776601977192 0.46926150981247 0.48566655018717 0.48075760180686 0.46891283542441 0.46285637351493 0.42295067134002 0.40712381880174 0.37101665270574 0.41142662131533 0.8000445189303"
General-2-20251226-14:24:05-81710,vector,AdhocNetwork1.host[5].app[1],e2eDelayPeriodicSec,,,"1 2 3 4 5 6 7 8 9 10 11 12 13 14 15 16 17 18 19 20 21 22 23 24 25 26 27 28 29 30 31 32 33 34 35 36 37 38 39 40 41 42 43 44 45 46 47 48 49 50","NaN 0.425861635155 0.425861635155 0.425861635155 NaN NaN NaN 0.021350178473 0.021350178473 0.021350178473 NaN 0.021049965064 0.021049965064 0.021049965064 NaN 0.018566850581 0.018566850581 0.018566850581 0.008093843612 0.008093843612 0.008093843612 NaN 0.008013731498 0.008013731498 0.008013731498 NaN NaN 0.00881368502 0.00881368502 0.00881368502 NaN 0.018221110115 0.018221110115 0.018221110115 0.008633683488 0.008633683488 0.008633683488 0.008633754249 0.008633754249 0.008633754249 NaN 0.010261860515 0.010261860515 0.010261860515 NaN 0.007473939208 0.007473939208 0.007473939208 NaN 0.009545982665"
General-2-20251226-14:24:05-81710,vector,AdhocNetwork1.host[5].rl,rlReward,,,"1 2 3 4 5 6 7 8 9 10 11 12 13 14 15 16 17 18 19 20 21 22 23 24 25 26 27 28 29 30 31 32 33 34 35 36 37 38 39 40 41 42 43 44 45 46 47 48 49 50","0.33333333333333 0 0 0.17656242423124 0.12356076439258 0.20417339146822 0.15980976490182 0 0.0055735922666256 0 0.22640055488747 0.19637693089469 0.21042065576491 0.46872394359511 0.15953559060565 0.11987497446804 0.20891884565293 0.43295805917407 0.1922604607357 0.2053629072146 0.048730948080165 0.088083316540229 0.05361863177472 0.19842618375289 -0.43582567741723 -0.43501265956835 -0.43482516499609 -0.42670516645707 -0.4100727246146 -0.44619701088049 -0.47626421024385 0.22427238424043 0.27267109409885 0.23788974992826 0.21113817352455 0.51504859587353 0.54837019664404 0.53679050195101 0.49021612877687 0.54143596507235 0.50514501230233 0.50545897207387 0.90060140890296 0.52471599893135 0.52030481509107 0.47624712839756 0.49240176412407 0.51191507500195 0.54334414879166 0.37261556569274"
General-2-20251226-14:24:05-81710,vector,AdhocNetwork1.host[6].app[1],e2eDelayPeriodicSec,,,"1 2 3 4 5 6 7 8 9 10 11 12 13 14 15 16 17 18 19 20 21 22 23 24 25 26 27 28 29 30 31 32 33 34 35 36 37 38 39 40 41 42 43 44 45 46 47 48 49 50","NaN NaN NaN NaN NaN NaN NaN NaN NaN NaN NaN NaN NaN NaN NaN NaN NaN NaN NaN NaN NaN NaN NaN NaN NaN NaN NaN NaN NaN NaN NaN NaN NaN NaN NaN NaN NaN NaN NaN NaN NaN NaN NaN NaN NaN NaN NaN NaN NaN NaN"
General-2-20251226-14:24:05-81710,vector,AdhocNetwork1.host[6].rl,rlReward,,,"1 2 3 4 5 6 7 8 9 10 11 12 13 14 15 16 17 18 19 20 21 22 23 24 25 26 27 28 29 30 31 32 33 34 35 36 37 38 39 40 41 42 43 44 45 46 47 48 49 50","0.33333333333333 0 0.01406469314035 0.17900268915416 -0.54392159278351 -0.4557155701825 -0.59358183834694 -0.7 -0.27013687667593 -0.53577450860267 -0.49439935676616 0.36902987012998 0.4421506347484 0.40247406505514 0.40537341911143 0.42970197811216 0.39227319515118 0.3902143219995 0.45767163004444 0.40270754762926 0.39753290849824 0.45963208621301 0.43276775767101 0.43354256566121 0.39967495174 0.40881406243988 0.43160929363989 0.052037795105641 0.37473167227069 0.42117137530239 0.41299739308115 0.44716529930689 0.44126088712144 0.49077191606047 0.46244772153393 0.49125830098656 0.48233528817316 0.091076147581687 0.48421738280996 0.42047167624451 0.4698278612504 0.44514038137912 0.48695734677308 0.49807830549133 0.51048241929762 0.50558620665471 0.50011567978869 0.49515292052145 0.51291657256334 0.50536033580195"
General-2-20251226-14:24:05-81710,vector,AdhocNetwork1.host[7].app[1],e2eDelayPeriodicSec,,,"1 2 3 4 5 6 7 8 9 10 11 12 13 14 15 16 17 18 19 20 21 22 23 24 25 26 27 28 29 30 31 32 33 34 35 36 37 38 39 40 41 42 43 44 45 46 47 48 49 50","NaN NaN NaN NaN NaN NaN NaN NaN NaN 0.538952874156 0.538952874156 0.538952874156 NaN NaN NaN 0.112283382947 0.112283382947 0.112283382947 NaN 0.059742840228 0.059742840228 0.059742840228 NaN NaN NaN NaN NaN NaN NaN 0.059655403755 0.059655403755 0.059655403755 NaN 0.048511061504 0.048511061504 0.048511061504 NaN NaN NaN NaN NaN NaN NaN NaN NaN NaN 0.915730430374 0.915730430374 0.915730430374 NaN"
General-2-20251226-14:24:05-81710,vector,AdhocNetwork1.host[7].rl,rlReward,,,"1 2 3 4 5 6 7 8 9 10 11 12 13 14 15 16 17 18 19 20 21 22 23 24 25 26 27 28 29 30 31 32 33 34 35 36 37 38 39 40 41 42 43 44 45 46 47 48 49 50","0.33333333333333 0 0.3 0.50473586414587 -0.45445959721561 -0.47835762912286 -0.50338105362901 -0.23073143268636 -0.50527241666024 -0.58112773184613 -0.33514522955398 0.48569231423404 0.049007900775772 0.18056495619543 0.45053104887416 0.3 0.44925573565035 0.5113431121182 0.5092618273947 0.49656417323304 0.44926853326113 0.48332421422425 0.50118163290892 0.047883275689831 0.48085451408477 0.50173164787193 -0.49638794544401 -0.49145243120169 -0.48696926435041 -0.52244417579947 -0.34301460912253 0.50439865308832 0.52080051676108 0.50860063014338 0.48195027916313 0.085837889065599 0.51009268149317 0.49845673845806 0.5003683595289 0.50630637637538 0.50857799850394 0.51387092289397 0.21522936558725 0.44052873262928 0.50930808157693 0.4500153888828 0.45595079665087 0.44460782689696 0.50140722450771 0.46513540924984"
General-2-20251226-14:24:05-81710,vector,AdhocNetwork1.host[8].app[1],e2eDelayPeriodicSec,,,"1 2 3 4 5 6 7 8 9 10 11 12 13 14 15 16 17 18 19 20 21 22 23 24 25 26 27 28 29 30 31 32 33 34 35 36 37 38 39 40 41 42 43 44 45 46 47 48 49 50","NaN 0.077522773356 0.077522773356 0.077522773356 NaN NaN NaN NaN 0.016587680982 0.016587680982 0.016587680982 NaN 0.016595358224 0.016595358224 0.016595358224 NaN 0.027491888124 0.027491888124 0.027491888124 NaN 0.016466105081 0.016466105081 0.016466105081 NaN 0.022550520314 0.022550520314 0.022550520314 NaN 0.024104316462 0.024104316462 0.024104316462 NaN 0.02043992953 0.02043992953 0.02043992953 NaN 0.03883693387 0.03883693387 0.03883693387 NaN 0.027929659188 0.027929659188 0.027929659188 NaN NaN NaN NaN NaN NaN NaN"
General-2-20251226-14:24:05-81710,vector,AdhocNetwork1.host[8].rl,rlReward,,,"1 2 3 4 5 6 7 8 9 10 11 12 13 14 15 16 17 18 19 20 21 22 23 24 25 26 27 28 29 30 31 32 33 34 35 36 37 38 39 40 41 42 43 44 45 46 47 48 49 50","0.33333333333333 0 0.092738313655427 0.81659417015746 0.19158047409855 0.19424895071488 0.095847464217511 0 0.16801709189947 0.16038075565479 0.12723272882329 0.18540960686465 0.19100110411674 0.22614509056467 0.18303603644407 0.15906635755785 0.16802831420053 0.20993542400821 0.21626626970338 0.18502504167064 0.17802586433474 0.23577741258194 0.24742767070073 0.21142513755283 0.22330413149087 0.22613613728817 0.22403346461458 0.14531797562706 0.18377560711402 0.22008437855157 0.251656704756 0.22021097271932 0.26205769694879 0.27034853847954 0.26428395502324 0.2536642147102 -0.3924564782836 -0.41173466650312 -0.39779190517479 -0.43460476588801 -0.4603591656741 0.2755977518492 0.27683786699847 0.27611724912579 0.27456542653838 0.25107257336974 0.25434213032211 0.26829155725466 0.28056075752474 0.26620639810008"
General-2-20251226-14:24:05-81710,vector,AdhocNetwork1.host[9].app[1],e2eDelayPeriodicSec,,,"1 2 3 4 5 6 7 8 9 10 11 12 13 14 15 16 17 18 19 20 21 22 23 24 25 26 27 28 29 30 31 32 33 34 35 36 37 38 39 40 41 42 43 44 45 46 47 48 49 50","NaN NaN NaN NaN NaN NaN NaN NaN NaN 0.327820992425 0.327820992425 0.327820992425 NaN NaN NaN 0.080706302267 0.080706302267 0.080706302267 NaN NaN NaN NaN NaN NaN NaN NaN NaN NaN NaN NaN NaN NaN NaN NaN NaN NaN NaN NaN NaN NaN NaN NaN NaN NaN NaN NaN NaN 0.142284939993 0.142284939993 0.142284939993"
General-2-20251226-14:24:05-81710,vector,AdhocNetwork1.host[9].rl,rlReward,,,"1 2 3 4 5 6 7 8 9 10 11 12 13 14 15 16 17 18 19 20 21 22 23 24 25 26 27 28 29 30 31 32 33 34 35 36 37 38 39 40 41 42 43 44 45 46 47 48 49 50","0.33333333333333 0 0 0.14934400467482 0.069989712710399 0.43342381629994 0.43238507147877 0.41918680377209 0.36425553779839 0.3 0.18949531502425 0.47417082360062 0.49511183143647 0.45148475113177 0.39196708195915 0.34298206179313 0.18478340822369 0.51393465841544 0.51900230044113 -0.48377812741711 -0.45127848620354 0.49438833214277 0.51597528691276 0.50458007821462 0.49692417832705 0.52186259349405 0.52491821694079 0.52232971644133 0.25156693660331 0.25047560464669 0.53118143386362 0.53730389050877 0.53847193955613 0.53777435656442 0.53929071685702 0.53997565556061 0.53764409653927 0.53954121690535 0.53979314838252 0.53970654693724 0.53992340840767 0.53592876763687 0.53538625610359 0.53637966772387 0.52148040199176 0.51060678640749 0.50928844535215 0.49669950578145 0.52241774931543 0.50712889636544"
General-2-20251226-14:24:05-81710,vector,AdhocNetwork1.host[10].app[1],e2eDelayPeriodicSec,,,"1 2 3 4 5 6 7 8 9 10 11 12 13 14 15 16 17 18 19 20 21 22 23 24 25 26 27 28 29 30 31 32 33 34 35 36 37 38 39 40 41 42 43 44 45 46 47 48 49 50","NaN NaN NaN NaN NaN NaN NaN NaN NaN NaN NaN NaN NaN NaN NaN NaN NaN NaN NaN NaN NaN NaN NaN NaN NaN NaN NaN NaN NaN NaN NaN NaN NaN NaN NaN NaN NaN NaN NaN NaN NaN NaN NaN NaN NaN NaN NaN NaN NaN NaN"
General-2-20251226-14:24:05-81710,vector,AdhocNetwork1.host[10].rl,rlReward,,,"1 2 3 4 5 6 7 8 9 10 11 12 13 14 15 16 17 18 19 20 21 22 23 24 25 26 27 28 29 30 31 32 33 34 35 36 37 38 39 40 41 42 43 44 45 46 47 48 49 50","0.33333333333333 0 0.46505398431244 0.48669913540181 0.49905202462705 0.51617739583938 0.47608048772438 0.48289546974396 -0.092247647808875 -0.56683808015314 -0.55092530022048 0.83964772546932 0.47848823831188 0.47246237503056 0.49724020165912 0.47138046102439 0.49489357578367 0.44711676679285 0.45613038450638 0.49436406357937 0.48872976058103 0.48794479700418 0.47119420115987 0.46333302763025 0.3 0.45280574031661 0.41876139980797 0.43416118047886 0.48827779924512 0.46785528088752 0.46350422932143 0.49595024689088 0.49918572397998 0.49365692024206 0.50517826734842 0.50105940799547 0.48406175811519 0.40649532297843 0.49896061029236 0.47511208995218 0.5025240483444 0.51502803743378 0.49260644896662 0.50738561779354 0.51916547348412 0.51189857812411 0.50459621764877 0.50581227352162 0.50999041987758 0.50346264612522"
General-2-20251226-14:24:05-81710,vector,AdhocNetwork1.host[11].app[1],e2eDelayPeriodicSec,,,"1 2 3 4 5 6 7 8 9 10 11 12 13 14 15 16 17 18 19 20 21 22 23 24 25 26 27 28 29 30 31 32 33 34 35 36 37 38 39 40 41 42 43 44 45 46 47 48 49 50","NaN NaN NaN NaN 3.065152163165 3.065152163165 3.065152163165 0.038847224768 0.038847224768 0.038847224768 NaN NaN 0.027386097561 0.027386097561 0.027386097561 NaN NaN NaN NaN NaN NaN NaN NaN NaN NaN NaN NaN NaN NaN NaN NaN NaN NaN NaN NaN NaN NaN NaN NaN NaN NaN NaN NaN NaN NaN NaN NaN NaN NaN NaN"
General-2-20251226-14:24:05-81710,vector,AdhocNetwork1.host[11].rl,rlReward,,,"1 2 3 4 5 6 7 8 9 10 11 12 13 14 15 16 17 18 19 20 21 22 23 24 25 26 27 28 29 30 31 32 33 34 35 36 37 38 39 40 41 42 43 44 45 46 47 48 49 50","0.33333333333333 0 0.052231496409609 0.1756186932199 0.15343693824672 0.21160331432492 0.13353095000336 0.076820223447386 0.016755247152075 0.096839372991432 0.089658133704435 0.093988419928653 0.023491734167429 0.083402576633231 0.079572236668457 0.034066543427443 0.048946347538029 0.069129475789633 0.075500593711652 0.035732855515297 0.016894996804885 0.11858966879821 0.13328703360545 0.07809338395094 0 0.10714244745515 0.21164090859324 0.21625881916624 0.51208177901099 0.1468417927164 0.14461989011057 0.21651636231409 0.2540759815745 0.22728802052864 0.14949912479995 0.23139039022881 0.21084566511036 0.19718584497582 0.19051423162491 0.25010949692723 0.23291317986179 0.2638555265729 0.23722831835307 0.25627873411008 0.2529973938294 0.23458158306521 0.23985123960657 0.25353095076344 0.24226609323022 0.22201716313241"
General-2-20251226-14:24:05-81710,vector,AdhocNetwork1.host[12].app[1],e2eDelayPeriodicSec,,,"1 2 3 4 5 6 7 8 9 10 11 12 13 14 15 16 17 18 19 20 21 22 23 24 25 26 27 28 29 30 31 32 33 34 35 36 37 38 39 40 41 42 43 44 45 46 47 48 49 50","NaN NaN NaN NaN NaN NaN NaN NaN NaN NaN NaN NaN NaN NaN NaN NaN NaN NaN NaN NaN NaN NaN NaN 0.167398761525 0.167398761525 0.167398761525 NaN NaN NaN NaN NaN NaN NaN NaN NaN NaN NaN NaN NaN NaN NaN NaN NaN NaN NaN NaN NaN NaN NaN NaN"
General-2-20251226-14:24:05-81710,vector,AdhocNetwork1.host[12].rl,rlReward,,,"1 2 3 4 5 6 7 8 9 10 11 12 13 14 15 16 17 18 19 20 21 22 23 24 25 26 27 28 29 30 31 32 33 34 35 36 37 38 39 40 41 42 43 44 45 46 47 48 49 50","0.33333333333333 0 0.22449072536634 0.19257699682205 0.15825942473882 0.20306523750665 0.10748676078217 0.12250607664481 0.013376024779053 0.14391567687959 0.093624259649443 0.16342664065055 0.16296586070705 0.11396280417086 0.17433635719786 0 0.1168602974324 0.12209443321717 0.17044254086742 0.12540831598431 0.16574787095239 0.14042777209878 0.12302872964763 0.1465361468465 0.032433977152866 0.068846618531558 0.16696138610403 0.18032319848674 0.17041091431106 0.15479112450166 0.15515922724566 0.17179449041558 0.21457368826248 0.18211214062674 0.11423527453327 0.17471928041184 0.2075842997809 0.22353482075807 0.20194000288314 0.21688176422883 0.21367725428556 0.23301666471233 -0.45267468280243 -0.45750579801803 -0.33711634083059 -0.45214211178801 -0.46065115981114 -0.53123537675074 -0.50062417002691 -0.51127652524912"
General-2-20251226-14:24:05-81710,vector,AdhocNetwork1.host[13].app[1],e2eDelayPeriodicSec,,,"1 2 3 4 5 6 7 8 9 10 11 12 13 14 15 16 17 18 19 20 21 22 23 24 25 26 27 28 29 30 31 32 33 34 35 36 37 38 39 40 41 42 43 44 45 46 47 48 49 50","NaN NaN NaN NaN NaN NaN NaN NaN NaN NaN NaN NaN NaN NaN NaN NaN NaN NaN NaN NaN NaN NaN NaN NaN NaN NaN 0.110319570637 0.110319570637 0.110319570637 NaN NaN NaN NaN NaN NaN NaN NaN NaN NaN 0.393767671693 0.393767671693 0.393767671693 NaN NaN NaN NaN NaN NaN NaN NaN"
General-2-20251226-14:24:05-81710,vector,AdhocNetwork1.host[13].rl,rlReward,,,"1 2 3 4 5 6 7 8 9 10 11 12 13 14 15 16 17 18 19 20 21 22 23 24 25 26 27 28 29 30 31 32 33 34 35 36 37 38 39 40 41 42 43 44 45 46 47 48 49 50","0.33333333333333 0 0.088750782886126 0.11152607835521 0.42655199866017 0.14399634372325 0 0.1 -0.51730022124826 -0.21761392221036 -0.53919754666072 0.40551770734662 0.4767014178215 0.48882156248215 0.481567827168 0.49159226652638 0.47859025522955 -0.019038417432561 0.47942400154354 0.4951188933744 0.0028250997161994 0.062122274746266 0.49413597352099 0.46159306540787 0.3 0.44876423904922 0.45844925697879 0.4512889895914 0.49211456021459 -0.47723607749974 -0.49289920560606 0.48985408619441 0.50431513854477 0.5385657458718 0.5295771723623 0.50401035084292 0.5091757575478 0.47651002982794 0.53342314511796 0.50997844421132 0.50959230635829 0.54439801710783 0.53393260078369 0.54411225615591 0.54657075384553 0.541285835322 0.53929695857631 0.54070761521611 0.54752478240526 0.12183867375966"
General-2-20251226-14:24:05-81710,vector,AdhocNetwork1.host[14].app[1],e2eDelayPeriodicSec,,,"1 2 3 4 5 6 7 8 9 10 11 12 13 14 15 16 17 18 19 20 21 22 23 24 25 26 27 28 29 30 31 32 33 34 35 36 37 38 39 40 41 42 43 44 45 46 47 48 49 50","NaN 0.092717739183 0.092717739183 0.092717739183 0.012117821622 0.012117821622 0.012117821622 NaN NaN 0.047125837899 0.047125837899 0.047125837899 NaN 0.018227530281 0.018227530281 0.018227530281 NaN NaN NaN NaN 0.027871607755 0.027871607755 0.027871607755 NaN NaN NaN NaN NaN NaN NaN NaN NaN NaN 0.039654228927 0.039654228927 0.039654228927 NaN NaN NaN NaN 0.055871451835 0.055871451835 0.055871451835 0.019609189509 0.019609189509 0.019609189509 NaN NaN NaN NaN"
General-2-20251226-14:24:05-81710,vector,AdhocNetwork1.host[14].rl,rlReward,,,"1 2 3 4 5 6 7 8 9 10 11 12 13 14 15 16 17 18 19 20 21 22 23 24 25 26 27 28 29 30 31 32 33 34 35 36 37 38 39 40 41 42 43 44 45 46 47 48 49 50","0.33333333333333 0 0 0.19802011311455 0.17874621182163 0.18918650317121 0.17955828632892 0.12917627288255 0.3 0.13889474665647 0.23432318719911 0.085158959946769 0.23130524242857 0.22359402449219 0.23254357141999 0.083565195942521 0.20057278532319 0.22789860883285 0.23963632934478 0.23902861030202 0.24417825771114 0.19075017150546 0.44313319271205 0.19262232735102 0.17011930734718 0.21465164242868 0.21452870004768 0.21908617856383 0.25721469342003 0.22334454385506 0.23167420832395 0.25797999219802 0.26608166050305 0.23524681748163 0.23717470363618 0.52830122625623 0.26683049938089 0.26716868331604 0.24975643036637 0.25385472352656 0.21109680409989 0.2652346089197 0.24625112825766 0.23733047202337 0.24476010826083 0.47191401675043 0.51957671547305 0.21270551695401 0.25225382027124 0.05502815771812"
General-2-20251226-14:24:05-81710,vector,AdhocNetwork1.host[15].app[1],e2eDelayPeriodicSec,,,"1 2 3 4 5 6 7 8 9 10 11 12 13 14 15 16 17 18 19 20 21 22 23 24 25 26 27 28 29 30 31 32 33 34 35 36 37 38 39 40 41 42 43 44 45 46 47 48 49 50","NaN NaN NaN NaN NaN NaN NaN NaN 0.097479789958 0.097479789958 0.097479789958 NaN NaN NaN 0.05425418889 0.05425418889 0.05425418889 NaN NaN NaN NaN NaN NaN NaN NaN NaN NaN NaN NaN NaN 9.183748358747 9.183748358747 9.183748358747 NaN NaN NaN NaN NaN NaN NaN 0.10187929886 0.10187929886 0.10187929886 NaN NaN NaN NaN NaN NaN NaN"
General-2-20251226-14:24:05-81710,vector,AdhocNetwork1.host[15].rl,rlReward,,,"1 2 3 4 5 6 7 8 9 10 11 12 13 14 15 16 17 18 19 20 21 22 23 24 25 26 27 28 29 30 31 32 33 34 35 36 37 38 39 40 41 42 43 44 45 46 47 48 49 50","0.33333333333333 0 0.050180795324179 0.13019191267001 0.055395459452598 0.058361472785846 0.69240838613008 0 0 0 0.02956187586504 0.15461181922972 0.19105108891028 0.17226982149645 0.4008275674352 0.12707860575137 0.22745087399785 0.20822352985333 0.19226828640193 0.15468713489911 0.43456037420514 0.032176236028283 0.21487483405845 0.17018355610071 0.4637104455573 0.22725113351781 -0.44274721324245 -0.44346927642233 -0.43714606134087 -0.55968319035721 -0.50692956522401 0.21993362260635 0.2436405391475 0.22870739536904 0.22871155501881 0.2594166732692 -0.47134066726102 -0.47916869247063 -0.4397520062143 -0.41412454399746 -0.41616887874117 0.51044806087565 0.50509149658144 0.52413223224032 -0.47577819540125 -0.49219423932861 -0.49947581956558 -0.1592860315657 -0.31092872609971 -0.18776242697522"
General-2-20251226-14:24:05-81710,vector,AdhocNetwork1.host[16].app[1],e2eDelayPeriodicSec,,,"1 2 3 4 5 6 7 8 9 10 11 12 13 14 15 16 17 18 19 20 21 22 23 24 25 26 27 28 29 30 31 32 33 34 35 36 37 38 39 40 41 42 43 44 45 46 47 48 49 50","NaN 0.177542993037 0.177542993037 0.177542993037 NaN NaN NaN 0.184918079841 0.184918079841 0.184918079841 NaN NaN NaN NaN 0.385962938663 0.385962938663 0.385962938663 NaN NaN 0.081609736881 0.081609736881 0.081609736881 NaN NaN NaN NaN NaN NaN NaN NaN NaN NaN NaN NaN NaN NaN NaN NaN NaN NaN NaN NaN NaN NaN NaN NaN NaN NaN NaN 0.082175893901"
General-2-20251226-14:24:05-81710,vector,AdhocNetwork1.host[16].rl,rlReward,,,"1 2 3 4 5 6 7 8 9 10 11 12 13 14 15 16 17 18 19 20 21 22 23 24 25 26 27 28 29 30 31 32 33 34 35 36 37 38 39 40 41 42 43 44 45 46 47 48 49 50","0.33333333333333 0 0 0.14556417900763 0.33868410098297 -0.079829836507398 0.097229701531318 0.012142134530724 0 0.019248106074534 0.021095300453849 0.1739661969019 0.2003590695784 0.18629718482316 0.14979156538862 0.10553624311914 0.21342779101252 0.2310171521898 0.22020876314054 0.17665892512665 0.17598809833231 0.14635029847931 0.20156612103848 0.14997064331381 0.12345461426886 0.20451684887621 0.199280202555 0.2130061166398 0.22041875578678 0.22664426773434 0.4876199428947 0.21627253973602 0.23492107241645 0.20612560537352 0.15108385040754 0.2212456536018 0.46862331694149 0.21443018722373 0.17206581036122 0.23069333238719 0.18195531483438 0.15474110328097 0.1478837577107 -0.46648465626138 -0.46837313330249 -0.51014064585906 -0.51482852349244 -0.50106016644376 -0.33386781590613 -0.66666666666667"
General-2-20251226-14:24:05-81710,vector,AdhocNetwork1.host[17].app[1],e2eDelayPeriodicSec,,,"1 2 3 4 5 6 7 8 9 10 11 12 13 14 15 16 17 18 19 20 21 22 23 24 25 26 27 28 29 30 31 32 33 34 35 36 37 38 39 40 41 42 43 44 45 46 47 48 49 50","NaN 0.120861671575 0.120861671575 0.120861671575 NaN NaN NaN 0.155614516577 0.155614516577 0.155614516577 NaN 0.046695762063 0.046695762063 0.046695762063 0.080006780955 0.080006780955 0.080006780955 NaN NaN NaN NaN 0.163275190628 0.163275190628 0.163275190628 NaN NaN NaN NaN NaN NaN NaN NaN NaN NaN NaN NaN NaN NaN NaN NaN NaN NaN NaN NaN NaN NaN NaN NaN NaN 0.16130340844"
General-2-20251226-14:24:05-81710,vector,AdhocNetwork1.host[17].rl,rlReward,,,"1 2 3 4 5 6 7 8 9 10 11 12 13 14 15 16 17 18 19 20 21 22 23 24 25 26 27 28 29 30 31 32 33 34 35 36 37 38 39 40 41 42 43 44 45 46 47 48 49 50","0.33333333333333 0 0.063101094599674 0.75983093463113 0.29766450149931 0.41213903616081 0.1791573297201 0.14514292427733 0 0.39887653694365 0.350092938823 0.37247734185205 0.40110680451424 0.35859641325163 0.052934923456778 0.3073549619748 0.36259321486491 0.40037163633331 0.42709723006591 0.12586055028654 0.41488092330469 0.40186419339128 0.37192311566937 0.37570476968506 0.23288403179864 0.3433960564163 0.41067760854169 0.44418224139116 0.45038041642803 0.42034568094226 0.22674597185314 0.42123022221157 0.53344549670013 0.45435115296642 0.5043973204915 0.43322122091098 0.093825181489949 0.48086469792697 0.46153713032313 0.47001414513467 0.44990913206586 0.47277413417604 0.45191799981121 0.45526943218474 0.47574805042315 0.46155076987348 0.43942871820339 0.38353313048701 0.45887470642477 0.18805055071354"
General-2-20251226-14:24:05-81710,vector,AdhocNetwork1.host[18].app[1],e2eDelayPeriodicSec,,,"1 2 3 4 5 6 7 8 9 10 11 12 13 14 15 16 17 18 19 20 21 22 23 24 25 26 27 28 29 30 31 32 33 34 35 36 37 38 39 40 41 42 43 44 45 46 47 48 49 50","NaN NaN NaN NaN NaN NaN NaN NaN 0.098082241646 0.098082241646 0.098082241646 NaN NaN 0.095067295558 0.095067295558 0.095067295558 NaN 0.03459274667 0.03459274667 0.03459274667 NaN NaN NaN 0.340281134768 0.340281134768 0.340281134768 NaN NaN NaN NaN NaN NaN NaN NaN NaN NaN NaN NaN NaN NaN NaN NaN NaN NaN NaN NaN NaN NaN NaN 0.054714796747"
General-2-20251226-14:24:05-81710,vector,AdhocNetwork1.host[18].rl,rlReward,,,"1 2 3 4 5 6 7 8 9 10 11 12 13 14 15 16 17 18 19 20 21 22 23 24 25 26 27 28 29 30 31 32 33 34 35 36 37 38 39 40 41 42 43 44 45 46 47 48 49 50","0.33333333333333 0 0.13519081433274 0.14705320044086 0.13333695943352 0.17427082511301 0.11159344323638 -0.64616752404266 -0.66666666666667 -0.66666666666667 -0.64180044035566 0.38642052456857 0.36049142361432 0.42041344396928 0.40163361785071 0.42255036027964 0.37725379219419 0.42279888504338 0.41693478162122 0.38950468037742 0.093873334918311 0.44914423546957 0.41238464798525 0.30215404420978 0.36745954796144 0.33581882658113 0.42022976082206 0.34577789079251 0.31084332633871 0.3848266071054 -0.050064113654602 0.30282291180082 0.3552700521259 0.46870370915283 0.38303721096457 0.40529577077062 0.43323095960034 0.34138054629144 0.45240888342937 0.38701000372285 0.34449410307894 0.41552063901911 0.48873438550857 0.45673368963009 0.48140879978495 0.42694764044699 0.40025981614583 0.49120190764337 0.50069645011365 0.44529294683214"
General-2-20251226-14:24:05-81710,vector,AdhocNetwork1.host[19].app[1],e2eDelayPeriodicSec,,,"1 2 3 4 5 6 7 8 9 10 11 12 13 14 15 16 17 18 19 20 21 22 23 24 25 26 27 28 29 30 31 32 33 34 35 36 37 38 39 40 41 42 43 44 45 46 47 48 49 50","NaN 0.085744328047 0.085744328047 0.085744328047 NaN NaN NaN 0.025031909369 0.025031909369 0.025031909369 0.024753609977 0.024753609977 0.024753609977 NaN 0.015608481325 0.015608481325 0.015608481325 NaN NaN 0.024786161237 0.024786161237 0.024786161237 NaN NaN NaN NaN 0.202574738114 0.202574738114 0.202574738114 NaN NaN NaN NaN NaN NaN NaN NaN NaN NaN NaN NaN NaN NaN NaN NaN NaN NaN NaN NaN NaN"
General-2-20251226-14:24:05-81710,vector,AdhocNetwork1.host[19].rl,rlReward,,,"1 2 3 4 5 6 7 8 9 10 11 12 13 14 15 16 17 18 19 20 21 22 23 24 25 26 27 28 29 30 31 32 33 34 35 36 37 38 39 40 41 42 43 44 45 46 47 48 49 50","0.33333333333333 0 0.025973534437267 0.15043123814909 -0.0045927559860657 0.1769519943256 0.07789318329375 0 0.037098558601368 0.12494758976487 -0.60261916847916 0.10196075276474 0.12749959432835 0.15203217813428 0.13414387086613 0.082288591312459 0.17567697437161 0.15565907754279 0.12046416221387 0.17140105821811 0.16663575777314 0.21149054283542 -0.50645749099769 -0.26266795400412 -0.52582322459748 -0.48846142359506 -0.52597668820633 -0.44125053960943 -0.53438375075372 -0.45472856950572 -0.39019018344314 0.41116882305514 0.37314697312348 0.074313318109432 0.43104876956252 0.4392614099448 0.43132611013534 0.426540139463 0.4419950083802 0.42294047086304 0.20708479275048 0.44962252984507 0.41828584477086 0.42983773206776 0.45820116082871 0.44063282552532 0.43654181354342 0.43463092205778 0.43576573736574 0.44764161732687"
General-2-20251226-14:24:05-81710,vector,AdhocNetwork1.host[20].app[1],e2eDelayPeriodicSec,,,"1 2 3 4 5 6 7 8 9 10 11 12 13 14 15 16 17 18 19 20 21 22 23 24 25 26 27 28 29 30 31 32 33 34 35 36 37 38 39 40 41 42 43 44 45 46 47 48 49 50","NaN NaN NaN NaN NaN NaN NaN 0.106938998075 0.106938998075 0.106938998075 NaN NaN 0.155946730809 0.155946730809 0.155946730809 0.022285586247 0.022285586247 0.022285586247 0.033263127492 0.033263127492 0.033263127492 NaN NaN NaN NaN 0.373552529516 0.373552529516 0.373552529516 0.031877784 0.031877784 0.031877784 NaN NaN NaN 0.034608607517 0.034608607517 0.034608607517 NaN NaN 0.023553289553 0.023553289553 0.023553289553 NaN 0.032430611465 0.032430611465 0.032430611465 NaN NaN NaN NaN"
General-2-20251226-14:24:05-81710,vector,AdhocNetwork1.host[20].rl,rlReward,,,"1 2 3 4 5 6 7 8 9 10 11 12 13 14 15 16 17 18 19 20 21 22 23 24 25 26 27 28 29 30 31 32 33 34 35 36 37 38 39 40 41 42 43 44 45 46 47 48 49 50","0.33333333333333 0 0.075872513442243 0.0037796508122033 0.14721007442404 0.18126282492292 -0.14930519636653 0 0.035661034184419 0.051677439463692 0 0.18205456811394 0.76277892911477 0.13121037735804 0.18715670579796 0.051475669760895 0.1173682278637 0.18570517554642 0.19555723176303 0.13927610957703 0.18941407837978 0.17607725291515 0.1841337823737 0.060110336014856 0.14163049869154 0.15172257070689 0.20323641989792 0.22950474612086 0.22787770564099 0.19236188694073 0.20232171839298 0.22718068190703 0.25681530900854 0.23343377534967 0.18713233295108 0.24358012597121 0.24223095490356 0.25449542332985 0.24091146044045 0.2382726666543 0.21504672464683 0.10542960447543 0.23659273538752 0.22922614524612 0.22461280501597 0.23416784319044 0.22729157468398 0.18164619933056 0.23752171123174 0.20723849269521"
General-2-20251226-14:24:05-81710,vector,AdhocNetwork1.host[21].app[1],e2eDelayPeriodicSec,,,"1 2 3 4 5 6 7 8 9 10 11 12 13 14 15 16 17 18 19 20 21 22 23 24 25 26 27 28 29 30 31 32 33 34 35 36 37 38 39 40 41 42 43 44 45 46 47 48 49 50","NaN NaN NaN NaN NaN NaN NaN NaN 0.081936871468 0.081936871468 0.081936871468 NaN NaN 0.019818496543 0.019818496543 0.019818496543 NaN 0.016463695703 0.016463695703 0.016463695703 NaN NaN 0.007754842938 0.007754842938 0.007754842938 NaN 0.016865403658 0.016865403658 0.016865403658 NaN 0.008693804801 0.008693804801 0.008693804801 NaN NaN 0.008473492807 0.008473492807 0.008473492807 0.008493511244 0.008493511244 0.008493511244 NaN NaN 0.008013657183 0.008013657183 0.008013657183 0.008213949751 0.008213949751 0.008213949751 NaN"
General-2-20251226-14:24:05-81710,vector,AdhocNetwork1.host[21].rl,rlReward,,,"1 2 3 4 5 6 7 8 9 10 11 12 13 14 15 16 17 18 19 20 21 22 23 24 25 26 27 28 29 30 31 32 33 34 35 36 37 38 39 40 41 42 43 44 45 46 47 48 49 50","0.33333333333333 0 0.24099894358472 0.23041362732298 0.50641829302725 0.25111434939173 0.2339419395398 0.2327621486209 0.15069774025166 0.22577354197827 0.25258908804037 0.22885409120193 0.24503059161019 0.18775957704584 0.248922979931 0.22368190624758 0.10945067828795 0.48499759291091 0.17763617191918 0.24485500553884 0.25587130324526 0.2546418495736 0.19336067246526 0.21934273155016 0.15248659370325 0.23771204801482 0.15808216087473 0.22021218793362 0.24522322934618 0.23162383472628 0.18399208065401 0.24054275937811 0.25028849574851 0.20806626738167 0.24362912903816 0.2169663151263 0.22069540959397 0.23828780999507 0.2207401028541 0.20331385415187 0.24589881119868 0.23650682464939 0.21983766434932 0.49963098741208 0.52247944122181 0.5039088573472 0.51539416136349 0.061401493253319 0.52652078991756 0.51859372394697"
General-2-20251226-14:24:05-81710,vector,AdhocNetwork1.host[22].app[1],e2eDelayPeriodicSec,,,"1 2 3 4 5 6 7 8 9 10 11 12 13 14 15 16 17 18 19 20 21 22 23 24 25 26 27 28 29 30 31 32 33 34 35 36 37 38 39 40 41 42 43 44 45 46 47 48 49 50","NaN 0.047892041956 0.047892041956 0.047892041956 NaN NaN NaN NaN 0.019245666062 0.019245666062 0.019245666062 NaN NaN 0.010816497565 0.010816497565 0.010816497565 NaN 0.008253997114 0.008253997114 0.008253997114 NaN 0.021593216682 0.021593216682 0.021593216682 0.017096074455 0.017096074455 0.017096074455 NaN 0.00743266917 0.00743266917 0.00743266917 NaN NaN 0.008332208791 0.008332208791 0.008332208791 0.007711807379 0.007711807379 0.007711807379 NaN NaN 0.008291317536 0.008291317536 0.008291317536 0.008211042039 0.008211042039 0.008211042039 NaN 0.017274760892 0.017274760892"
General-2-20251226-14:24:05-81710,vector,AdhocNetwork1.host[22].rl,rlReward,,,"1 2 3 4 5 6 7 8 9 10 11 12 13 14 15 16 17 18 19 20 21 22 23 24 25 26 27 28 29 30 31 32 33 34 35 36 37 38 39 40 41 42 43 44 45 46 47 48 49 50","0.33333333333333 0 0 0.17686274757767 0.1949388666973 0.22667098902366 0.19397942931734 0.077743401978698 0.16673953855976 0.0094081063623321 0.14296882653397 0.46771907957733 0.13656726015117 0.1004009769907 0.011726934369116 0.14926390130086 0.17422839138802 0.16618907376828 0.18832606224542 0.18458242207832 0.15703936649233 0 0.16800123257245 0.078598214952847 0.18900218998091 0.19912119532144 0.18864153597311 0.21871877530278 0.22435707636004 0.20138920243997 0.22638880569669 0.19993929770447 0.25659950346096 0.23923845323833 0.2330558788116 0.23663396573944 0.53098760746862 0.21103524858639 0.22677544192826 0.2553884797398 0.22321626338979 0.18534875842102 0.20569273138557 0.24108057655346 0.24399619943108 0.19742325025884 0.18853295026102 0.25824497520473 0.098221771139739 0.21503481428552"
General-2-20251226-14:24:05-81710,vector,AdhocNetwork1.host[23].app[1],e2eDelayPeriodicSec,,,"1 2 3 4 5 6 7 8 9 10 11 12 13 14 15 16 17 18 19 20 21 22 23 24 25 26 27 28 29 30 31 32 33 34 35 36 37 38 39 40 41 42 43 44 45 46 47 48 49 50","NaN NaN NaN NaN NaN NaN NaN NaN 0.086261290777 0.086261290777 0.086261290777 NaN NaN 0.016084483058 0.016084483058 0.016084483058 NaN NaN 0.025749591072 0.025749591072 0.025749591072 0.01173695916 0.01173695916 0.01173695916 NaN NaN 0.013507914557 0.013507914557 0.013507914557 NaN 0.008053847792 0.008053847792 0.008053847792 0.008293609817 0.008293609817 0.008293609817 NaN 0.008393524584 0.008393524584 0.008393524584 0.008513537682 0.008513537682 0.008513537682 NaN NaN 0.008133842165 0.008133842165 0.008133842165 NaN 0.008054144019"
General-2-20251226-14:24:05-81710,vector,AdhocNetwork1.host[23].rl,rlReward,,,"1 2 3 4 5 6 7 8 9 10 11 12 13 14 15 16 17 18 19 20 21 22 23 24 25 26 27 28 29 30 31 32 33 34 35 36 37 38 39 40 41 42 43 44 45 46 47 48 49 50","0.33333333333333 0 0.10778090758387 0.089716517676566 0.12849265296892 0.16818756383433 0.10534848265016 0.042066503429926 0.1 0.11152512558499 -0.66015441941621 0.007376592734826 0.15700100723143 0.071588761834908 0.14741060125159 0.13396993824148 0.17487853423732 0.15167683417529 0.091112864781553 0.17559102537641 0.17514527736028 0.34871610409285 0.25478348114458 0.22523969602192 0.16626059398764 0.33602556744101 0.2170349174689 0.31064314243477 0.31305691489948 0.32817982353731 0.1734333184752 0.22094745256054 0.33445859591346 0.29180719779582 0.34954309947645 0.25277501889367 0.25641738483704 0.34531015409147 0.3137348829853 0.29650301461049 0.4439300191207 0.34537120885039 0.32792145187277 0.44211012265998 0.39841201012658 0.34155575289154 0.37059312783006 0.32843335615966 0.38904567679001 0.38728880148361"
General-2-20251226-14:24:05-81710,vector,AdhocNetwork1.host[24].app[1],e2eDelayPeriodicSec,,,"1 2 3 4 5 6 7 8 9 10 11 12 13 14 15 16 17 18 19 20 21 22 23 24 25 26 27 28 29 30 31 32 33 34 35 36 37 38 39 40 41 42 43 44 45 46 47 48 49 50","NaN NaN NaN NaN NaN NaN NaN 4.663167678209 4.663167678209 4.663167678209 NaN 0.044353650405 0.044353650405 0.044353650405 NaN NaN NaN NaN NaN NaN NaN NaN NaN NaN 9.413557227557 9.413557227557 9.413557227557 NaN NaN NaN 0.045818198815 0.045818198815 0.045818198815 NaN NaN 0.068530986174 0.068530986174 0.068530986174 NaN NaN NaN NaN NaN NaN NaN NaN NaN NaN NaN NaN"
General-2-20251226-14:24:05-81710,vector,AdhocNetwork1.host[24].rl,rlReward,,,"1 2 3 4 5 6 7 8 9 10 11 12 13 14 15 16 17 18 19 20 21 22 23 24 25 26 27 28 29 30 31 32 33 34 35 36 37 38 39 40 41 42 43 44 45 46 47 48 49 50","0.33333333333333 0 0.13018707346805 0.12983151391394 0.15453473744255 0.15973669676162 0.1220132476629 0.029997232090319 -0.62609041971504 -0.54015416892746 -0.52147324363057 0.097571158361797 -0.043175900428892 0.016606363130016 0.16342268257994 0.33912311940679 0.44911104935126 0.43753866411574 0.3152952254084 0.44391522384953 0.45713274650798 0.44277839765937 0.42590770533062 0.40526264031602 0.38700187538278 0.44866985592384 0.44234238285708 0.45231174703604 0.18540795733216 0.46484354380541 0.43087713343277 0.43796734091342 0.45728831989601 0.44978959800489 0.46904537196469 0.41164228547891 0.44660935562617 0.47507823503023 0.44322306130247 0.4403084022747 0.46143476930881 0.47498939535121 0.44888241675465 0.46237799842075 0.47460630668579 0.46605728962203 0.17383683895112 0.0020314464592118 0.48625738065955 0.47333497870094"
General-3-20251226-14:24:05-81711,vector,AdhocNetwork1.host[0].app[1],e2eDelayPeriodicSec,,,"1 2 3 4 5 6 7 8 9 10 11 12 13 14 15 16 17 18 19 20 21 22 23 24 25 26 27 28 29 30 31 32 33 34 35 36 37 38 39 40 41 42 43 44 45 46 47 48 49 50","NaN NaN NaN NaN NaN NaN NaN NaN 0.144306674062 0.144306674062 0.144306674062 NaN NaN 0.039597558224 0.039597558224 0.039597558224 0.027594997454 0.027594997454 0.027594997454 0.033637874552 0.033637874552 0.033637874552 NaN NaN 0.039863895854 0.039863895854 0.039863895854 NaN NaN 0.107502506926 0.107502506926 0.107502506926 NaN 0.043791567878 0.043791567878 0.043791567878 NaN NaN 0.20804312797 0.20804312797 0.20804312797 NaN NaN NaN NaN NaN 3.380911675822 3.380911675822 3.380911675822 NaN"
General-3-20251226-14:24:05-81711,vector,AdhocNetwork1.host[0].rl,rlReward,,,"1 2 3 4 5 6 7 8 9 10 11 12 13 14 15 16 17 18 19 20 21 22 23 24 25 26 27 28 29 30 31 32 33 34 35 36 37 38 39 40 41 42 43 44 45 46 47 48 49 50","0.33333333333333 0 0.040801219618491 0.017453320214657 0.082355304855678 -0.66666666666667 -0.66353453485808 -0.64505273633239 -0.35804248946073 -0.4820990472344 -0.48593009215483 0.15094997824844 0.35992636192163 0.67247699486718 -0.23634336996147 -0.2989295861064 -0.54034326285973 -0.53082271200326 -0.2761292100877 -0.48874904271882 -0.39181598446383 -0.011875656929613 0.40891582039 0.3560920260539 0.44285771229782 0.33959249763759 0.329062213319 0.35424042712425 0.40439817746713 0.35461300030354 0.32579270300136 0.3 0.40840082489719 0.32901179797979 0.35588063986587 0.45689416355232 0.38548639929777 0.37825573455052 0.38565645414684 0.36588763507744 0.4556348246285 -0.16555753300491 -0.62000595969644 -0.59661262825319 -0.56529693834872 -0.58008336208049 -0.65463500688246 -0.67533296374739 -0.58430301997238 -0.6624162723901"
General-3-20251226-14:24:05-81711,vector,AdhocNetwork1.host[1].app[1],e2eDelayPeriodicSec,,,"1 2 3 4 5 6 7 8 9 10 11 12 13 14 15 16 17 18 19 20 21 22 23 24 25 26 27 28 29 30 31 32 33 34 35 36 37 38 39 40 41 42 43 44 45 46 47 48 49 50","NaN NaN NaN NaN NaN NaN NaN NaN NaN NaN NaN NaN NaN NaN NaN NaN NaN NaN NaN NaN NaN NaN NaN 0.032154695453 0.032154695453 0.032154695453 NaN NaN 0.077846005572 0.077846005572 0.077846005572 NaN 0.089866922814 0.089866922814 0.089866922814 NaN NaN NaN 0.064640919482 0.064640919482 0.064640919482 NaN NaN NaN NaN 0.044229345994 0.044229345994 0.044229345994 NaN NaN"
General-3-20251226-14:24:05-81711,vector,AdhocNetwork1.host[1].rl,rlReward,,,"1 2 3 4 5 6 7 8 9 10 11 12 13 14 15 16 17 18 19 20 21 22 23 24 25 26 27 28 29 30 31 32 33 34 35 36 37 38 39 40 41 42 43 44 45 46 47 48 49 50","0.33333333333333 0 0 0.044932467073626 0.12149801395802 -0.66290247830488 -0.55299855483799 -0.57679623268777 -0.36279777869266 -0.42630866147141 -0.50742684499264 0.11310333428528 0.12539590117784 0.4306272449764 0.26190862288527 0.0029529839718797 0.34137644677385 0.27698550670111 0.34911201745534 0.38143984173373 0.34025518505805 0.37565510867102 0.29000444336264 0.17430800387244 0.24244129560584 0.1 0.33946972385396 0.2307670875519 0.16514557367114 0.31406678453606 0.3459551008151 0.37246487685158 0.40368639074272 0.28859905243976 0.41938731725691 0.05495333299512 0.45097536740028 0.44210973201093 0.42641614768194 0.32037451156886 0.37945576259027 0.42320273440881 0.46087650855407 0.43271934339896 0.4127694719261 0.44202986017668 0.37285771689736 0.35653557023892 0.42621671017558 0.43941882473087"
General-3-20251226-14:24:05-81711,vector,AdhocNetwork1.host[2].app[1],e2eDelayPeriodicSec,,,"1 2 3 4 5 6 7 8 9 10 11 12 13 14 15 16 17 18 19 20 21 22 23 24 25 26 27 28 29 30 31 32 33 34 35 36 37 38 39 40 41 42 43 44 45 46 47 48 49 50","NaN 0.026455608009 0.026455608009 0.026455608009 NaN NaN NaN NaN NaN 0.470984332278 0.470984332278 0.470984332278 NaN NaN NaN NaN NaN 0.06350039751 0.06350039751 0.06350039751 NaN NaN 0.096691630881 0.096691630881 0.096691630881 NaN NaN 0.060908011894 0.060908011894 0.060908011894 0.058282706206 0.058282706206 0.058282706206 NaN NaN NaN 0.024796496673 0.024796496673 0.024796496673 NaN NaN 0.02346842796 0.02346842796 0.02346842796 NaN NaN 0.015549023856 0.015549023856 0.015549023856 NaN"
General-3-20251226-14:24:05-81711,vector,AdhocNetwork1.host[2].rl,rlReward,,,"1 2 3 4 5 6 7 8 9 10 11 12 13 14 15 16 17 18 19 20 21 22 23 24 25 26 27 28 29 30 31 32 33 34 35 36 37 38 39 40 41 42 43 44 45 46 47 48 49 50","0.33333333333333 0 0.059399453136688 0.12580514564439 0.059381471069698 0.014597994704394 0.073506871828144 0.36572366516379 0.016139025799757 0 0.21940167021818 0.23477981806083 0.20993627623974 0.22259430020787 0.23742126206692 0.24420002999789 0.24464819096152 0.2229116887966 0.21641339713292 0.2639434571732 0.2656954772703 0.25958944605314 0.20031257009169 0.17190826871775 0.20289429888666 0.19963926203857 0.23538899466582 0.20272464154395 0.069837946138828 0.24307387157443 0.24000621109303 -0.037124843296056 0.24620534945478 0.18258221930652 0.23059909915968 0.2510548664247 0.23765722404918 0.177082152356 0.20131854722314 0.1945545122371 0.24153785264391 0.23572133300883 0.18801895913209 0.20478967422657 0.22711311827785 0.20963944002494 0.14236299926535 0.042688150283754 0.16196085001564 0"
General-3-20251226-14:24:05-81711,vector,AdhocNetwork1.host[3].app[1],e2eDelayPeriodicSec,,,"1 2 3 4 5 6 7 8 9 10 11 12 13 14 15 16 17 18 19 20 21 22 23 24 25 26 27 28 29 30 31 32 33 34 35 36 37 38 39 40 41 42 43 44 45 46 47 48 49 50","NaN NaN NaN NaN NaN NaN NaN NaN NaN NaN NaN NaN NaN NaN NaN NaN NaN NaN NaN NaN NaN NaN NaN NaN NaN 0.691028364804 0.691028364804 0.691028364804 NaN NaN NaN NaN NaN NaN NaN NaN NaN NaN NaN NaN NaN NaN NaN NaN NaN NaN NaN 1.142142386592 1.142142386592 1.142142386592"
General-3-20251226-14:24:05-81711,vector,AdhocNetwork1.host[3].rl,rlReward,,,"1 2 3 4 5 6 7 8 9 10 11 12 13 14 15 16 17 18 19 20 21 22 23 24 25 26 27 28 29 30 31 32 33 34 35 36 37 38 39 40 41 42 43 44 45 46 47 48 49 50","0.33333333333333 0 0 0.099220517852348 -0.48725023766003 0.12974378434045 0.18698715163238 -0.59724623479299 -0.60070680473667 -0.24661283529035 -0.40139668271766 0.05161342050869 0.036437424175725 0.18409176355962 0.36288471853576 0.42225464334739 0.41913165123951 0.33871187323464 0.41812508118943 0.22387892055158 0.3498683063426 0.41295440692399 0.38041253266675 0.3248791518825 0.45905168344187 0.14134989466235 0.35554719536332 0.1 0.1 0.079844501194718 0.14575812892582 0.28412780179108 0.41058506321294 0.37104983357833 0.41672306403821 0.3499394386492 0.48925065847319 0.23623800519704 0.22107469553569 0.1340410305205 0.20686209699646 0.23172055850493 0.50459036099851 0.4651530134576 0.39345463900748 0.46778571305536 0.39325308211905 0.21481612449747 0.38673224296651 0.44480172567332"
General-3-20251226-14:24:05-81711,vector,AdhocNetwork1.host[4].app[1],e2eDelayPeriodicSec,,,"1 2 3 4 5 6 7 8 9 10 11 12 13 14 15 16 17 18 19 20 21 22 23 24 25 26 27 28 29 30 31 32 33 34 35 36 37 38 39 40 41 42 43 44 45 46 47 48 49 50","NaN 0.069265649291 0.069265649291 0.069265649291 NaN NaN NaN NaN 0.128658389981 0.128658389981 0.128658389981 0.023847164357 0.023847164357 0.023847164357 NaN NaN 0.016348262966 0.016348262966 0.016348262966 NaN NaN 0.033794349398 0.033794349398 0.033794349398 NaN 0.022796345097 0.022796345097 0.022796345097 NaN NaN 0.015688554588 0.015688554588 0.015688554588 NaN NaN NaN NaN 0.038007454895 0.038007454895 0.038007454895 NaN NaN NaN NaN 1.02378326354 1.02378326354 1.02378326354 NaN 0.027170072237 0.027170072237"
General-3-20251226-14:24:05-81711,vector,AdhocNetwork1.host[4].rl,rlReward,,,"1 2 3 4 5 6 7 8 9 10 11 12 13 14 15 16 17 18 19 20 21 22 23 24 25 26 27 28 29 30 31 32 33 34 35 36 37 38 39 40 41 42 43 44 45 46 47 48 49 50","0.33333333333333 0 0 0.089538868991231 -0.57901657266386 -0.60693381791325 -0.1810379820466 -0.33595133522149 -0.6 -0.54866337799858 -0.53752562812997 0.14948318076637 0.17367628088505 0.37293257202638 0.33791904506735 0.17677356320438 0.26045953552644 0.13684224885336 0.36436295239766 0.38475202774063 0.19042409091899 0.29450382794266 0.30087458463079 -0.08222218850508 0.15246295928436 0.1 0.33824562688722 0.27766793904771 0.15125717320501 0.16838869472729 0.37081120613636 0.25383368040119 0.307073049552 0.10535105770727 0.1 0.21778497045912 0.39031530901156 0.41917820073518 0.26384261337222 0.2396915194977 0.40268481736835 0.40804558470756 0.38080904754338 0.36777155237779 0.33449886100204 0.20423100394251 0.36748726033106 0.14138736742353 0.33792507648636 0.32650108263362"
General-3-20251226-14:24:05-81711,vector,AdhocNetwork1.host[5].app[1],e2eDelayPeriodicSec,,,"1 2 3 4 5 6 7 8 9 10 11 12 13 14 15 16 17 18 19 20 21 22 23 24 25 26 27 28 29 30 31 32 33 34 35 36 37 38 39 40 41 42 43 44 45 46 47 48 49 50","NaN NaN NaN NaN NaN NaN NaN NaN NaN NaN NaN 4.47145750532 4.47145750532 4.47145750532 NaN 0.025785369924 0.025785369924 0.025785369924 NaN NaN 0.05711895496 0.05711895496 0.05711895496 NaN 0.041047221996 0.041047221996 0.041047221996 NaN NaN 0.045136279361 0.045136279361 0.045136279361 NaN NaN NaN NaN 0.039950338005 0.039950338005 0.039950338005 NaN NaN NaN NaN NaN 0.093425064706 0.093425064706 0.093425064706 NaN NaN 0.019112776361"
General-3-20251226-14:24:05-81711,vector,AdhocNetwork1.host[5].rl,rlReward,,,"1 2 3 4 5 6 7 8 9 10 11 12 13 14 15 16 17 18 19 20 21 22 23 24 25 26 27 28 29 30 31 32 33 34 35 36 37 38 39 40 41 42 43 44 45 46 47 48 49 50","0.33333333333333 -0.2 0 0.012880758048325 0 0.030997933713032 0.051902978505655 0.022879083130708 0 0.075962244839009 0 0.019775442366897 0 0.40287469859239 0.4744618211576 0.44659466919823 0.43974240834341 0.402224133262 0.47569421611843 0.48611018064453 0.36107211629223 0.44146721800306 0.44696904243601 0.44853686581658 0.43750697592605 0.34768055736951 0.45417281073829 0.39501007038489 0.1 0.39863815588037 0.42260607899417 0.44947553645182 0.4771842450687 0.45596372360461 0.39302513405914 0.46653242218686 0.45491427171401 0.45930164083606 0.3 0.36287226859708 0.48692274256601 0.48315470666847 0.40602292168703 -0.16473201708939 0.48746872807085 0.43798618883975 0.44461684005445 0.46886433658371 0.028239892635242 0.41872021895185"
General-3-20251226-14:24:05-81711,vector,AdhocNetwork1.host[6].app[1],e2eDelayPeriodicSec,,,"1 2 3 4 5 6 7 8 9 10 11 12 13 14 15 16 17 18 19 20 21 22 23 24 25 26 27 28 29 30 31 32 33 34 35 36 37 38 39 40 41 42 43 44 45 46 47 48 49 50","NaN 0.042093405059 0.042093405059 0.042093405059 NaN 0.054827589061 0.054827589061 0.054827589061 NaN NaN NaN NaN NaN NaN NaN 0.091865974656 0.091865974656 0.091865974656 NaN 0.023728828315 0.023728828315 0.023728828315 NaN NaN NaN 0.038184487561 0.038184487561 0.038184487561 NaN 0.027131760328 0.027131760328 0.027131760328 NaN 0.027160495926 0.027160495926 0.027160495926 NaN 0.04060120555 0.04060120555 0.04060120555 NaN 0.024410907642 0.024410907642 0.024410907642 NaN 0.022646405248 0.022646405248 0.022646405248 NaN 0.033036370668"
General-3-20251226-14:24:05-81711,vector,AdhocNetwork1.host[6].rl,rlReward,,,"1 2 3 4 5 6 7 8 9 10 11 12 13 14 15 16 17 18 19 20 21 22 23 24 25 26 27 28 29 30 31 32 33 34 35 36 37 38 39 40 41 42 43 44 45 46 47 48 49 50","0.33333333333333 0 0.043850787764347 0.16266772026857 0.10112250684459 0.07355235826522 0.0052666713616182 0.1689430004824 0.067453558027602 0.048974792588832 0.18471831854271 0.19819961683094 0.15261900336473 0.20739399676432 0.21790144598801 0.33631874960884 0.21311077541667 -0.47322005784232 -0.51095812292909 -0.4446540861495 -0.4790144436887 0.20277330315653 0.15257493347731 0.14014477371099 0.24345451174388 0.20140240356169 0.1641316876139 0.1 0.30322689150944 0.056292390340638 0.40389309325613 0.42234910997302 0.43375870139234 0.3373252597349 0.45874445640007 0.46251817445743 0.43610121065196 0.36729045633153 0.33415432592552 0.23376459951086 0.39529848592909 0.48605972052458 0.35042360420738 0.37520717754169 0.40929296524729 0.34512500727405 0.38194903633172 0.36401998824609 0.31387274707114 -0.27132357383177"
General-3-20251226-14:24:05-81711,vector,AdhocNetwork1.host[7].app[1],e2eDelayPeriodicSec,,,"1 2 3 4 5 6 7 8 9 10 11 12 13 14 15 16 17 18 19 20 21 22 23 24 25 26 27 28 29 30 31 32 33 34 35 36 37 38 39 40 41 42 43 44 45 46 47 48 49 50","NaN NaN NaN NaN NaN NaN NaN NaN NaN NaN NaN NaN NaN NaN NaN NaN NaN NaN NaN NaN NaN NaN NaN NaN NaN NaN 0.136293898804 0.136293898804 0.136293898804 NaN NaN NaN NaN NaN 3.881091947724 3.881091947724 3.881091947724 NaN 0.044211338099 0.044211338099 0.044211338099 0.080720293023 0.080720293023 0.080720293023 NaN 0.034587723254 0.034587723254 0.034587723254 NaN 0.025497079023"
General-3-20251226-14:24:05-81711,vector,AdhocNetwork1.host[7].rl,rlReward,,,"1 2 3 4 5 6 7 8 9 10 11 12 13 14 15 16 17 18 19 20 21 22 23 24 25 26 27 28 29 30 31 32 33 34 35 36 37 38 39 40 41 42 43 44 45 46 47 48 49 50","0.33333333333333 0 0 0 0 0 0 0.047658366661183 0.066256211953395 0.065052126598711 0 0.37753090411587 0.34640465269213 0.35132495027811 0.37862553689702 0.37523808880606 0.37089955201941 0.37244865310355 0.40529261111279 0.37146185548865 0.34878517288702 0.37849137117272 0.32637361710252 0.34197367148382 0.37333797383812 0.3 0.30286563103877 0.3 0.3 -0.099064045673624 0.39064916933325 0.40037049724887 0.41555374681905 0.42673997201786 0.3 0.25146865832394 0.41620882350365 0.41953119955179 0.34576190530282 0.33056230229402 0.37579920687438 0.40384871222664 0.3488527511633 0.33419436086288 0.3 0.3 0.3507790945271 0.3 0.39542006358317 0.40536014526917"
General-3-20251226-14:24:05-81711,vector,AdhocNetwork1.host[8].app[1],e2eDelayPeriodicSec,,,"1 2 3 4 5 6 7 8 9 10 11 12 13 14 15 16 17 18 19 20 21 22 23 24 25 26 27 28 29 30 31 32 33 34 35 36 37 38 39 40 41 42 43 44 45 46 47 48 49 50","NaN NaN NaN NaN NaN NaN NaN NaN NaN NaN NaN NaN NaN NaN NaN NaN NaN NaN NaN NaN NaN NaN NaN NaN NaN NaN NaN 3.350503025355 3.350503025355 3.350503025355 0.034433838332 0.034433838332 0.034433838332 NaN 0.023787342987 0.023787342987 0.023787342987 NaN 0.068356349749 0.068356349749 0.068356349749 NaN 0.035661154557 0.035661154557 0.035661154557 NaN NaN NaN NaN 0.050695932596"
General-3-20251226-14:24:05-81711,vector,AdhocNetwork1.host[8].rl,rlReward,,,"1 2 3 4 5 6 7 8 9 10 11 12 13 14 15 16 17 18 19 20 21 22 23 24 25 26 27 28 29 30 31 32 33 34 35 36 37 38 39 40 41 42 43 44 45 46 47 48 49 50","0.33333333333333 0.1 0 0.031708055687681 0.031708055687647 0.020948478783441 0.031708055687681 0.031708055687647 0.020948478783474 0.031708055687647 0.027979967255866 0.024219303294083 0.025931328369869 0.019126662106315 0.12695263155994 0.13401066305695 0.13259905675741 0.1 0.1 0.1 0.1 0.18122373148378 0.13765045093784 0.1 0.1 0.12498288310022 0.1 0.12095847305729 0.21701428569454 0.1 0.10236211527794 0.1 0.33963168620603 0.36340429302967 -0.091305309140262 0.29418191074087 0.1582091987188 0.31991602096951 0.17323479330342 0.1662194720053 0.30914923455963 0.14579932309206 0.17212474193746 0.0062046385172821 0.31248846715631 0.30323786800855 0.21099043692835 0.26369350912078 0.27684279100055 0.29352348658078"
General-3-20251226-14:24:05-81711,vector,AdhocNetwork1.host[9].app[1],e2eDelayPeriodicSec,,,"1 2 3 4 5 6 7 8 9 10 11 12 13 14 15 16 17 18 19 20 21 22 23 24 25 26 27 28 29 30 31 32 33 34 35 36 37 38 39 40 41 42 43 44 45 46 47 48 49 50","NaN NaN NaN NaN NaN NaN NaN NaN NaN NaN NaN NaN NaN NaN NaN NaN NaN NaN NaN NaN NaN NaN NaN NaN NaN NaN NaN NaN NaN NaN NaN NaN NaN NaN NaN NaN NaN NaN NaN NaN NaN NaN NaN NaN NaN NaN NaN NaN NaN NaN"
General-3-20251226-14:24:05-81711,vector,AdhocNetwork1.host[9].rl,rlReward,,,"1 2 3 4 5 6 7 8 9 10 11 12 13 14 15 16 17 18 19 20 21 22 23 24 25 26 27 28 29 30 31 32 33 34 35 36 37 38 39 40 41 42 43 44 45 46 47 48 49 50","0.33333333333333 0 0.41418192011478 0.81424228278581 0.41815517700841 0.41287610672182 0.32661624202997 0.40280405725558 0.1611644530369 -0.53513057956985 -0.56806649754574 0.48071851286948 0.47433814770285 0.44248515037105 0.86992138331182 -0.1474234976716 -0.56085296493575 -0.49921504705393 -0.56302513422025 -0.15557946077802 -0.49827859604358 -0.45020516372289 -0.5496882554859 -0.53121913966465 -0.53112803128843 -0.38187518878828 -0.59725972751623 -0.28198729504519 -0.35893894859281 -0.49199708895388 -0.3094578655371 0.3790671506124 0.39854526077204 0.42513015552811 0.4387904200002 0.44537451372125 0.79568716792108 0.39912328254792 0.44127713729382 0.37866372735603 0.40676381362719 0.4092479183207 0.38099609529814 0.41943745664146 0.43587884309891 0.42473175295092 0.085962393552569 0.17181136497928 0.46304033980178 0.44587395245798"
General-3-20251226-14:24:05-81711,vector,AdhocNetwork1.host[10].app[1],e2eDelayPeriodicSec,,,"1 2 3 4 5 6 7 8 9 10 11 12 13 14 15 16 17 18 19 20 21 22 23 24 25 26 27 28 29 30 31 32 33 34 35 36 37 38 39 40 41 42 43 44 45 46 47 48 49 50","NaN NaN NaN NaN NaN NaN NaN NaN NaN NaN NaN NaN NaN NaN NaN NaN NaN NaN NaN NaN NaN NaN NaN NaN NaN NaN NaN NaN NaN NaN NaN NaN NaN NaN NaN NaN NaN NaN NaN NaN NaN NaN NaN NaN NaN NaN NaN NaN NaN NaN"
General-3-20251226-14:24:05-81711,vector,AdhocNetwork1.host[10].rl,rlReward,,,"1 2 3 4 5 6 7 8 9 10 11 12 13 14 15 16 17 18 19 20 21 22 23 24 25 26 27 28 29 30 31 32 33 34 35 36 37 38 39 40 41 42 43 44 45 46 47 48 49 50","0.33333333333333 0 0.04906305734042 0.69036834347053 0.3 0.013999105301929 0.3 0.3 0.34016155318972 0 0.088895351953192 0.39660336904276 0.39021628092295 0.38351744710574 0.3819543718483 0.076923377824494 0.39060825651236 0.40250540199251 0.031853521513223 0.43639050064005 0.44163635599459 -0.55888251565784 -0.5850539378023 -0.55512835772504 -0.49544696692047 -0.49522328497916 -0.49519099493533 -0.49722761607336 -0.51161547258388 -0.48798561839161 -0.53459382714934 0.36271308918062 0.37634535866173 0.3699968424673 0.37960019509621 0.021932266641219 0.37632158144751 0.3678588308475 0.3660726594272 0.24134470233356 0.28180894143721 0.32653372241989 0.29158487382239 0.29100189175759 0.23864710797387 0.21413452913564 0.21937342296081 0.13266409272218 0.18054352217887 0.17806943455784"
General-3-20251226-14:24:05-81711,vector,AdhocNetwork1.host[11].app[1],e2eDelayPeriodicSec,,,"1 2 3 4 5 6 7 8 9 10 11 12 13 14 15 16 17 18 19 20 21 22 23 24 25 26 27 28 29 30 31 32 33 34 35 36 37 38 39 40 41 42 43 44 45 46 47 48 49 50","NaN NaN NaN NaN NaN NaN NaN NaN NaN NaN NaN NaN NaN NaN NaN NaN NaN NaN NaN NaN NaN NaN NaN NaN 2.021011920343 2.021011920343 2.021011920343 NaN NaN NaN NaN NaN NaN NaN NaN NaN NaN NaN NaN NaN NaN NaN NaN NaN NaN NaN NaN NaN NaN NaN"
General-3-20251226-14:24:05-81711,vector,AdhocNetwork1.host[11].rl,rlReward,,,"1 2 3 4 5 6 7 8 9 10 11 12 13 14 15 16 17 18 19 20 21 22 23 24 25 26 27 28 29 30 31 32 33 34 35 36 37 38 39 40 41 42 43 44 45 46 47 48 49 50","0.33333333333333 0 0.067224851325571 0.047109927371571 0.088679714504623 0.097525239571809 0.032277600572765 0.40204845455525 0.10753203823075 0.016638356008392 0.14381794129325 0.37909908957429 0.19830985801129 0.15006153786183 0.15384173589385 0.17671830834974 0.15927957754933 0.48088908286872 0.42267593270335 0.47817914777211 0.50126224314937 0.49836408852031 0.47870532493691 0.3 0.48346969660581 0.4698250016562 0.52455809539105 0.43801424326806 0.16015283510694 0.54315635724322 0.54468427414935 0.43890359096762 0.49273288802884 0.49448680959481 0.53796735568663 0.50928062251481 0.54041053338974 0.53983137896804 0.48681900632492 0.48150278719137 0.53650032873915 0.52375032832881 0.50229408735752 0.52914222657127 0.22398947910988 0.53989462778979 0.53651289229905 0.52983977308695 0.5174310173313 0.5256993276114"
General-3-20251226-14:24:05-81711,vector,AdhocNetwork1.host[12].app[1],e2eDelayPeriodicSec,,,"1 2 3 4 5 6 7 8 9 10 11 12 13 14 15 16 17 18 19 20 21 22 23 24 25 26 27 28 29 30 31 32 33 34 35 36 37 38 39 40 41 42 43 44 45 46 47 48 49 50","NaN NaN 0.050719638872 0.050719638872 0.050719638872 NaN NaN NaN NaN NaN NaN NaN NaN 0.05196037555 0.05196037555 0.05196037555 0.036426613138 0.036426613138 0.036426613138 0.015808334144 0.015808334144 0.015808334144 NaN NaN NaN NaN 0.053485098201 0.053485098201 0.053485098201 NaN NaN 0.023776193571 0.023776193571 0.023776193571 NaN 0.017397257764 0.017397257764 0.017397257764 NaN NaN 0.016015981082 0.016015981082 0.016015981082 NaN NaN 0.037396426754 0.037396426754 0.037396426754 NaN NaN"
General-3-20251226-14:24:05-81711,vector,AdhocNetwork1.host[12].rl,rlReward,,,"1 2 3 4 5 6 7 8 9 10 11 12 13 14 15 16 17 18 19 20 21 22 23 24 25 26 27 28 29 30 31 32 33 34 35 36 37 38 39 40 41 42 43 44 45 46 47 48 49 50","0.33333333333333 0 0.010481209394723 0.066930518524063 0.036827685349608 0 0.022135086919113 0.028420552001249 0.0028566577470038 0.043642848275958 0.18375276139822 0.088094570707983 0 0.12958948474732 0.47019283464097 0.43545831251496 0.81114564358724 0.36145688185424 0.44343036751869 0.4869766363916 0.3967174237247 0.40743546222699 -0.61172764108409 -0.3 -0.59025728157388 -0.7 -0.51167418532293 -0.57572620892967 -0.34481333909412 -0.49722471947943 -0.50044127656661 0.44299443225054 0.22898323878699 0.4251660719273 0.39136590791953 0.51818546877973 0.50668718189204 0.44408392223456 0.38090305624026 0.41555914725504 0.48442683161271 0.48923256642648 0.35210996308219 -0.18410244868584 0.46574483244404 0.43152469583991 0.42372694081407 0.43629266985085 0.47728386469125 -0.50723552277483"
General-3-20251226-14:24:05-81711,vector,AdhocNetwork1.host[13].app[1],e2eDelayPeriodicSec,,,"1 2 3 4 5 6 7 8 9 10 11 12 13 14 15 16 17 18 19 20 21 22 23 24 25 26 27 28 29 30 31 32 33 34 35 36 37 38 39 40 41 42 43 44 45 46 47 48 49 50","NaN NaN NaN NaN NaN NaN NaN NaN NaN NaN NaN NaN NaN NaN NaN NaN NaN NaN NaN NaN NaN NaN NaN NaN NaN 0.024025680057 0.024025680057 0.024025680057 NaN NaN NaN NaN 0.019302558273 0.019302558273 0.019302558273 0.019952482156 0.019952482156 0.019952482156 NaN 0.023487067533 0.023487067533 0.023487067533 NaN 0.023797230134 0.023797230134 0.023797230134 0.01896105485 0.01896105485 0.01896105485 NaN"
General-3-20251226-14:24:05-81711,vector,AdhocNetwork1.host[13].rl,rlReward,,,"1 2 3 4 5 6 7 8 9 10 11 12 13 14 15 16 17 18 19 20 21 22 23 24 25 26 27 28 29 30 31 32 33 34 35 36 37 38 39 40 41 42 43 44 45 46 47 48 49 50","0.33333333333333 0 0.055412392626696 0.069208845237183 0.059013316497265 0.060208362236891 0.058988358437944 0.091463087717055 0.087800451173129 0.093730030039762 0 0.063553828036305 0.15133446397751 0.14246040251764 0.16979759131364 0.13666591811019 0.16252535456703 0.16413532041558 0.0051809136860897 0.45760876501317 0.41344086660078 0.42697808797619 0.42084315082307 0.4216309856155 0.42589470968816 0.36948072310004 0.42545860527209 0.43115768181675 0.3829728754405 0.25690405969892 0.31476298072511 0.40372583804653 0.36736378394346 0.40109853022274 0.3042632534159 0.2344877307129 0.13618809629688 0.42546655140712 0.32254399020887 0.3 0.39470689751163 0.41006386443356 0.42295191305129 0.39530279095513 0.3559366916554 0.38350616231487 0.41209871605049 0.3 0.40776601792008 0.40279919731224"
General-3-20251226-14:24:05-81711,vector,AdhocNetwork1.host[14].app[1],e2eDelayPeriodicSec,,,"1 2 3 4 5 6 7 8 9 10 11 12 13 14 15 16 17 18 19 20 21 22 23 24 25 26 27 28 29 30 31 32 33 34 35 36 37 38 39 40 41 42 43 44 45 46 47 48 49 50","NaN NaN NaN NaN NaN NaN NaN NaN NaN NaN NaN NaN NaN NaN NaN NaN NaN NaN NaN NaN NaN NaN 0.04553858902 0.04553858902 0.04553858902 NaN NaN NaN NaN NaN 0.284121654832 0.284121654832 0.284121654832 NaN NaN NaN NaN NaN NaN NaN NaN NaN NaN NaN NaN NaN NaN NaN NaN NaN"
General-3-20251226-14:24:05-81711,vector,AdhocNetwork1.host[14].rl,rlReward,,,"1 2 3 4 5 6 7 8 9 10 11 12 13 14 15 16 17 18 19 20 21 22 23 24 25 26 27 28 29 30 31 32 33 34 35 36 37 38 39 40 41 42 43 44 45 46 47 48 49 50","0.33333333333333 0 0 0.20695286267723 0.092850050034107 -0.63757409408884 -0.57534095116134 -0.56193891713935 -0.39100518682327 -0.55781572310502 -0.53619516391589 0.35860886210405 0.3878087057433 0.41152153721688 0.39433482019065 0.16036780951875 0.4296249723106 0.37213887494087 0.41228547354402 0.4461064379492 0.40800845055383 0.43715971766654 0.42344915419599 0.30942761146755 0.33325197013674 0.3508914744314 0.36685126508147 0.3 0.398803287159 0.37366799901104 0.4041996020592 0.3 0.43800391867405 0.47409981373419 0.44738939458204 0.15742012685297 0.4367733335233 0.44961942947805 0.16858226018988 0.12767602630402 -0.44848434216429 0.50009469302913 0.497546527988 0.49206099240972 0.5001999891052 0.50023742771002 0.070004844344915 0.50250363325869 0.50250363325869 0.50250363325869"
General-3-20251226-14:24:05-81711,vector,AdhocNetwork1.host[15].app[1],e2eDelayPeriodicSec,,,"1 2 3 4 5 6 7 8 9 10 11 12 13 14 15 16 17 18 19 20 21 22 23 24 25 26 27 28 29 30 31 32 33 34 35 36 37 38 39 40 41 42 43 44 45 46 47 48 49 50","NaN NaN NaN NaN NaN NaN NaN NaN NaN NaN NaN NaN NaN NaN NaN NaN NaN NaN NaN NaN NaN NaN NaN 0.030070255202 0.030070255202 0.030070255202 NaN NaN 0.437814264926 0.437814264926 0.437814264926 NaN NaN 0.032918470292 0.032918470292 0.032918470292 NaN NaN 0.062773546511 0.062773546511 0.062773546511 NaN 0.093023385238 0.093023385238 0.093023385238 NaN 0.050853221032 0.050853221032 0.050853221032 NaN"
General-3-20251226-14:24:05-81711,vector,AdhocNetwork1.host[15].rl,rlReward,,,"1 2 3 4 5 6 7 8 9 10 11 12 13 14 15 16 17 18 19 20 21 22 23 24 25 26 27 28 29 30 31 32 33 34 35 36 37 38 39 40 41 42 43 44 45 46 47 48 49 50","0.33333333333333 0 0 0 0.078848343012146 0.056715427388517 0.36749875169285 0.14924502005758 0.32624601713911 0.3813484634963 0.3 0.32989145529998 0.40585322414681 0.4242990204202 0.41088159223982 0.39680550911525 0.41732821353408 0.40361071709222 0.4498540462605 0.36396593276578 0.3926825699028 0.42611978406184 0.40045846324895 0.34819919319272 0.40009778261875 0.3 0.44863047260938 0.45023874738961 0.36298105799492 0.36037566651057 0.10849555631841 0.014456853497575 0.46324941171113 0.44762861957547 0.43084503428603 0.45821339843916 0.4619104506773 0.47052522544283 0.36958761805033 0.3 0.45206269879941 0.45748708632093 0.40793718105612 0.33209497244793 0.4419089094572 0.12770348385195 0.44864970844196 0.37276059187974 0.4138860193867 0.45726333081741"
General-3-20251226-14:24:05-81711,vector,AdhocNetwork1.host[16].app[1],e2eDelayPeriodicSec,,,"1 2 3 4 5 6 7 8 9 10 11 12 13 14 15 16 17 18 19 20 21 22 23 24 25 26 27 28 29 30 31 32 33 34 35 36 37 38 39 40 41 42 43 44 45 46 47 48 49 50","NaN 0 0 0 NaN 0 0 0 NaN NaN 0 0 0 0 0 0 NaN 0 0 0 NaN 0 0 0 NaN 0 0 0 NaN NaN 0 0 0 0 0 0 NaN NaN 0 0 0 0 0 0 NaN 0 0 0 0 0"
General-3-20251226-14:24:05-81711,vector,AdhocNetwork1.host[16].rl,rlReward,,,"1 2 3 4 5 6 7 8 9 10 11 12 13 14 15 16 17 18 19 20 21 22 23 24 25 26 27 28 29 30 31 32 33 34 35 36 37 38 39 40 41 42 43 44 45 46 47 48 49 50","0.33333333333333 0 0.033886953590145 0.060805862401793 0.044235065163638 0.040800950200172 0.024140269477548 0 0.028710405257003 0 0 0.1317373494038 0.10315077171099 0.10194317820259 0.08296733101099 0.42692521583398 0.43700901139596 0.1252992427285 0.3 0.41505944442058 0.43591412367253 0.44120356253862 0.37152012560638 0.3 -0.2 0.3 0.36713865099436 0 0.3 0.51178561986292 0.49573642002042 0.41806442348139 0.48793593190679 0.42197185764089 0.48332610942701 0.50549374692103 0.49462458176493 0.43074196187214 0.46309977377316 0.4905317045985 0.49672920855062 0.07480437428988 0.44127825892941 0.47929461710377 0.45603044196707 0.44780843267996 0.51068189194725 0.51391079975761 0.51135642935829 0.49687260728249"
General-3-20251226-14:24:05-81711,vector,AdhocNetwork1.host[17].app[1],e2eDelayPeriodicSec,,,"1 2 3 4 5 6 7 8 9 10 11 12 13 14 15 16 17 18 19 20 21 22 23 24 25 26 27 28 29 30 31 32 33 34 35 36 37 38 39 40 41 42 43 44 45 46 47 48 49 50","NaN NaN NaN NaN NaN NaN NaN NaN NaN NaN NaN NaN NaN NaN NaN NaN NaN NaN NaN NaN NaN NaN NaN NaN NaN NaN NaN NaN NaN 0.074071845003 0.074071845003 0.074071845003 NaN 0.040405615432 0.040405615432 0.040405615432 NaN NaN NaN NaN NaN NaN NaN NaN NaN NaN NaN NaN NaN NaN"
General-3-20251226-14:24:05-81711,vector,AdhocNetwork1.host[17].rl,rlReward,,,"1 2 3 4 5 6 7 8 9 10 11 12 13 14 15 16 17 18 19 20 21 22 23 24 25 26 27 28 29 30 31 32 33 34 35 36 37 38 39 40 41 42 43 44 45 46 47 48 49 50","0.33333333333333 0 0.025071230705169 0.67954175050372 0 0.050226570730499 0.0033639606807142 -0.61733237592339 -0.60331153109053 -0.5831196257633 -0.64321826503624 0.064836708129881 0.074137334071022 0.0096945894915254 0.067847472226258 0.0032344316841108 0.059286143445386 0.064392207408757 0.37983919421245 0.34235293255636 0.31886146376289 0.7 0.31406784410268 0.32626643310954 0.33062730348679 -0.2 0.33005176331993 0.34022388687833 -0.2 0.34450664052275 0.3 0.39919859652509 0.39172348153135 0.41973874542821 0.3 0.43009573856765 0.42123930301266 0.41560056422407 0.36417831308251 0.37130938481716 0.37040551223552 0.36579576738631 0.40185841922301 0.35290429691155 0.37646140539056 0.37724608831577 0.3150317821013 0.36352058197872 0.423409376782 0.38761930572374"
General-3-20251226-14:24:05-81711,vector,AdhocNetwork1.host[18].app[1],e2eDelayPeriodicSec,,,"1 2 3 4 5 6 7 8 9 10 11 12 13 14 15 16 17 18 19 20 21 22 23 24 25 26 27 28 29 30 31 32 33 34 35 36 37 38 39 40 41 42 43 44 45 46 47 48 49 50","NaN 0.045179665568 0.045179665568 0.045179665568 NaN 0.027210002588 0.027210002588 0.027210002588 0.008014475877 0.008014475877 0.008014475877 NaN 0.008514422488 0.008514422488 0.008514422488 NaN 0.008374741597 0.008374741597 0.008374741597 NaN NaN NaN NaN NaN 0.029519887731 0.029519887731 0.029519887731 0.056916532495 0.056916532495 0.056916532495 NaN NaN 0.030301006373 0.030301006373 0.030301006373 NaN 0.022552413564 0.022552413564 0.022552413564 NaN NaN 0.032179727343 0.032179727343 0.032179727343 NaN 0.019929211179 0.019929211179 0.019929211179 NaN NaN"
General-3-20251226-14:24:05-81711,vector,AdhocNetwork1.host[18].rl,rlReward,,,"1 2 3 4 5 6 7 8 9 10 11 12 13 14 15 16 17 18 19 20 21 22 23 24 25 26 27 28 29 30 31 32 33 34 35 36 37 38 39 40 41 42 43 44 45 46 47 48 49 50","0.33333333333333 0 0.3 0.39338291067355 0.40994604966 0.3349059564123 0.37113503323171 0.45218390197421 0.15616060573158 0.10649760673332 0.19514285429545 0.19823548521341 0.1925147504763 0.19150304218248 0.12699727419121 0.20708893264026 0.20458738695859 0.16787393185914 0.37969283964433 0.23116138171732 -0.44368630789694 0.20434852712396 0.22012224756738 0.099509231444342 0.096037942486941 0.35683181909715 0.094695824643323 0.3 0.35845889664319 0.2421785111952 0.22682380800426 0.13309691766963 0.21766434420131 0.48581928775045 0.23610863746753 0.23985717431941 0.25254397192891 0.19464213217342 0.23368162044831 0.24568819495225 0.46046541357654 0.24747443328428 0.2077780703925 0.22110671946128 0.22757185764852 0.22279345743663 0.24591254292934 0.24730710639055 0.22724238425861 0.22015977526006"
General-3-20251226-14:24:05-81711,vector,AdhocNetwork1.host[19].app[1],e2eDelayPeriodicSec,,,"1 2 3 4 5 6 7 8 9 10 11 12 13 14 15 16 17 18 19 20 21 22 23 24 25 26 27 28 29 30 31 32 33 34 35 36 37 38 39 40 41 42 43 44 45 46 47 48 49 50","NaN 0.037210757196 0.037210757196 0.037210757196 NaN 0.010353097758 0.010353097758 0.010353097758 NaN 0.008451833395 0.008451833395 0.008451833395 NaN 0.00803110066 0.00803110066 0.00803110066 NaN 0.008270387541 0.008270387541 0.008270387541 NaN NaN 0.027442222114 0.027442222114 0.027442222114 NaN 0.010257826188 0.010257826188 0.010257826188 NaN NaN 0.012156486446 0.012156486446 0.012156486446 NaN 0.008128786804 0.008128786804 0.008128786804 NaN 0.008069336916 0.008069336916 0.008069336916 NaN 0.008129997968 0.008129997968 0.008129997968 0.014562629523 0.014562629523 0.014562629523 NaN"
General-3-20251226-14:24:05-81711,vector,AdhocNetwork1.host[19].rl,rlReward,,,"1 2 3 4 5 6 7 8 9 10 11 12 13 14 15 16 17 18 19 20 21 22 23 24 25 26 27 28 29 30 31 32 33 34 35 36 37 38 39 40 41 42 43 44 45 46 47 48 49 50","0.33333333333333 0 0.067991836572824 0.3 0.077127705394427 0.039250842982934 -0.64443114574018 -0.55467766194327 -0.63153825086766 -0.62704890636733 -0.26296537009565 -0.1303225876077 0.3 0.40361777049179 0.3355787027626 0.34592530448993 0.46836015645283 0.44423920071195 0.37949009371438 0.4876287093609 0.47426797941001 0.45367768902303 0.44659287591491 0.35256245291052 -0.015463665251757 0.37176050512958 0.43942455164209 0.38222057085842 0.4019365623024 0.41063337368918 0.44397549870878 0.42120895160556 0.41591831248073 0.41497385554574 0.43908658018277 0.3390924987042 0.40381238084353 0.45682842701069 0.41584959293144 0.37750124026787 -0.016676825515902 0.41259516506236 0.36100874982637 0.33450330196855 0.38029950454225 0.14829950702249 0.38678290898427 0.38008733607856 0.34446932090473 0.41586351307993"
General-3-20251226-14:24:05-81711,vector,AdhocNetwork1.host[20].app[1],e2eDelayPeriodicSec,,,"1 2 3 4 5 6 7 8 9 10 11 12 13 14 15 16 17 18 19 20 21 22 23 24 25 26 27 28 29 30 31 32 33 34 35 36 37 38 39 40 41 42 43 44 45 46 47 48 49 50","NaN 0.028803586956 0.028803586956 0.028803586956 NaN 0.026408164087 0.026408164087 0.026408164087 NaN NaN NaN NaN NaN NaN NaN NaN NaN NaN 0.868497048707 0.868497048707 0.868497048707 NaN NaN NaN NaN NaN 3.843776063956 3.843776063956 3.843776063956 NaN NaN 0.032181277254 0.032181277254 0.032181277254 NaN 0.035544420431 0.035544420431 0.035544420431 NaN 0.044037220619 0.044037220619 0.044037220619 0.050547828477 0.050547828477 0.050547828477 NaN NaN NaN NaN NaN"
General-3-20251226-14:24:05-81711,vector,AdhocNetwork1.host[20].rl,rlReward,,,"1 2 3 4 5 6 7 8 9 10 11 12 13 14 15 16 17 18 19 20 21 22 23 24 25 26 27 28 29 30 31 32 33 34 35 36 37 38 39 40 41 42 43 44 45 46 47 48 49 50","0.33333333333333 0 0.049197261018281 0.77095779096533 0.11268184255562 0.040985924311841 0 0.09444979561532 0.056324750367775 0.076054987365555 0.13181238680887 0.14814362158892 0.14133988226714 0.1014749297377 0.03167370766766 0.31292481528759 0.15321963193083 0.12633493595314 0 0.20679879440941 0.20348324994196 0.19870744462302 0.17821691583602 0 0.19831289799112 0.19679141314084 0.22459405274725 0.1272211262931 0.1991725474303 0.27676576076612 0.26702106689519 0.20620137905966 0.21609729853047 0.21914928179298 0.27064155883178 0.23940978244242 0.2730887926282 0.26401728663625 0.2245505952103 0.24145032621571 0.26754051306931 0.27159905205812 0.25220472967868 0.26747622836524 0.18668224919158 0.26505225539056 0.272392338118 0.26679414205503 0.26850306063086 0.26336380495519"
General-3-20251226-14:24:05-81711,vector,AdhocNetwork1.host[21].app[1],e2eDelayPeriodicSec,,,"1 2 3 4 5 6 7 8 9 10 11 12 13 14 15 16 17 18 19 20 21 22 23 24 25 26 27 28 29 30 31 32 33 34 35 36 37 38 39 40 41 42 43 44 45 46 47 48 49 50","NaN NaN NaN NaN NaN NaN NaN NaN 0.132834474516 0.132834474516 0.132834474516 NaN NaN NaN 0.030213601759 0.030213601759 0.030213601759 NaN 0.040635770216 0.040635770216 0.040635770216 NaN NaN 0.036085417976 0.036085417976 0.036085417976 NaN 0.031270606505 0.031270606505 0.031270606505 NaN NaN NaN 0.034283032659 0.034283032659 0.034283032659 NaN NaN 0.05743675555 0.05743675555 0.05743675555 NaN NaN NaN NaN NaN NaN NaN NaN NaN"
General-3-20251226-14:24:05-81711,vector,AdhocNetwork1.host[21].rl,rlReward,,,"1 2 3 4 5 6 7 8 9 10 11 12 13 14 15 16 17 18 19 20 21 22 23 24 25 26 27 28 29 30 31 32 33 34 35 36 37 38 39 40 41 42 43 44 45 46 47 48 49 50","0.33333333333333 0 0.041606420779177 0.41587849077277 0.3280187833534 0.3 0.39310130159503 0.39554821527847 0.064137534893202 0.0054671062153034 0.086537046854502 0.14928337215015 0.43502131018277 0.11787680014322 0.066351731445189 0.020732882585598 0.10241802644141 0.12954887639138 0.026873298997363 0.16918505073894 0.16011448778662 0.16453741318436 0.080414073158158 0 0.22834943845141 0.24736365868261 0.25735121944881 0.25087445769825 0.24533792912366 0.27346837144084 0.26688421370604 0.20477471830383 0.22629819785067 0.22798625756534 0.25922688537403 0.2354140294358 0.26336604491033 0.24532662527079 0.2343051358582 0.22299452089284 0.24394825634193 0.25479411036826 0.20018604657681 0.2236271121932 0.22556129546266 0.24069377831465 0.23192116929723 0.22805559401265 0.21929009558625 0.2428025266339"
General-3-20251226-14:24:05-81711,vector,AdhocNetwork1.host[22].app[1],e2eDelayPeriodicSec,,,"1 2 3 4 5 6 7 8 9 10 11 12 13 14 15 16 17 18 19 20 21 22 23 24 25 26 27 28 29 30 31 32 33 34 35 36 37 38 39 40 41 42 43 44 45 46 47 48 49 50","NaN 0.145612480876 0.145612480876 0.145612480876 NaN NaN NaN NaN NaN NaN NaN 0.070249332493 0.070249332493 0.070249332493 NaN NaN NaN NaN NaN NaN NaN NaN NaN NaN NaN 0.113074192193 0.113074192193 0.113074192193 NaN NaN NaN 0.442659396528 0.442659396528 0.442659396528 NaN 0.034389397546 0.034389397546 0.034389397546 NaN NaN NaN NaN NaN NaN NaN NaN NaN NaN NaN NaN"
General-3-20251226-14:24:05-81711,vector,AdhocNetwork1.host[22].rl,rlReward,,,"1 2 3 4 5 6 7 8 9 10 11 12 13 14 15 16 17 18 19 20 21 22 23 24 25 26 27 28 29 30 31 32 33 34 35 36 37 38 39 40 41 42 43 44 45 46 47 48 49 50","0.33333333333333 0 0.085697912462967 0.18208856633723 0.17712194770397 0.094089692976656 0.05734360198905 0.19747948016638 0.13943521618333 -0.13861752395845 0.18510772423151 0.21023371811684 0.16367222749759 0.19056861308314 0.14695673761208 0.14801185953811 0.1764486994631 0.1890201590978 0.050618703121207 0.24074441973963 0.22892840281258 0.20299228695178 0.20361226180295 0.15860021508183 0.21651227437328 0.13253832994383 0.20898352172189 0.184274461182 0.47531669661761 0.0075775848894161 0.17137852828764 0.037884971936596 0.2122158349384 0.21156800330846 0.21044780340485 0.19388376878184 -0.4904796629977 -0.53554567233765 -0.51674816939195 -0.57284307044434 -0.55132382916455 0.17157734662132 0.3 0.13376959398162 0.14401544847767 0.08266693222896 0.09649125005042 0.12710442010193 0.16343192829702 0.44032297681422"
General-3-20251226-14:24:05-81711,vector,AdhocNetwork1.host[23].app[1],e2eDelayPeriodicSec,,,"1 2 3 4 5 6 7 8 9 10 11 12 13 14 15 16 17 18 19 20 21 22 23 24 25 26 27 28 29 30 31 32 33 34 35 36 37 38 39 40 41 42 43 44 45 46 47 48 49 50","NaN NaN NaN NaN NaN NaN 0.064052755794 0.064052755794 0.064052755794 NaN 0.031605051546 0.031605051546 0.031605051546 NaN NaN NaN 0.060156103701 0.060156103701 0.060156103701 NaN NaN 0.020200612771 0.020200612771 0.020200612771 NaN 0.078848738962 0.078848738962 0.078848738962 0.024306151901 0.024306151901 0.024306151901 NaN 0.009876405339 0.009876405339 0.009876405339 NaN 0.027186780873 0.027186780873 0.027186780873 NaN NaN 0.008611806673 0.008611806673 0.008611806673 NaN 0.008731002762 0.008731002762 0.008731002762 0.008030448488 0.008030448488"
General-3-20251226-14:24:05-81711,vector,AdhocNetwork1.host[23].rl,rlReward,,,"1 2 3 4 5 6 7 8 9 10 11 12 13 14 15 16 17 18 19 20 21 22 23 24 25 26 27 28 29 30 31 32 33 34 35 36 37 38 39 40 41 42 43 44 45 46 47 48 49 50","0.33333333333333 0 0 0.082751645230547 0.099066185989489 -0.64445143699159 -0.54907842414666 -0.61925122165086 -0.36615776037499 -0.42179746103256 -0.26218214391687 0.090522912093071 0.096674480145329 0.086454041038783 0.095475271286831 -0.056840467375354 -0.073324985098417 -0.2 0.11778987452457 0.12379923052263 -0.2 0.4049393719677 0.065754484632845 0.1 0.10961091509441 0.3 0.4042749312585 0.37155706043615 0.35359172218859 0.3 0.34598169147405 0.36604521436688 0.47753515418559 0.46756058443105 0.31744942789602 0.43555706981495 0.4691890075386 0.45331599064559 0.42692883828884 0.44749361838475 0.48335331215229 0.47583987259946 0.46459887739938 0.45954835749869 0.46042895095133 0.47736734615677 0.21447491374481 0.43198402745952 0.44989420903284 0.4621269590326"
General-3-20251226-14:24:05-81711,vector,AdhocNetwork1.host[24].app[1],e2eDelayPeriodicSec,,,"1 2 3 4 5 6 7 8 9 10 11 12 13 14 15 16 17 18 19 20 21 22 23 24 25 26 27 28 29 30 31 32 33 34 35 36 37 38 39 40 41 42 43 44 45 46 47 48 49 50","NaN 0.081363477779 0.081363477779 0.081363477779 NaN NaN NaN 0.007810456141 0.007810456141 0.007810456141 NaN 0.008470737486 0.008470737486 0.008470737486 NaN 0.007591221862 0.007591221862 0.007591221862 NaN NaN 0.0084921315 0.0084921315 0.0084921315 NaN 0.011574902069 0.011574902069 0.011574902069 NaN 0.040170500388 0.040170500388 0.040170500388 NaN 0.008254739381 0.008254739381 0.008254739381 NaN NaN NaN NaN 0.01606464225 0.01606464225 0.01606464225 NaN NaN NaN NaN NaN NaN NaN NaN"
General-3-20251226-14:24:05-81711,vector,AdhocNetwork1.host[24].rl,rlReward,,,"1 2 3 4 5 6 7 8 9 10 11 12 13 14 15 16 17 18 19 20 21 22 23 24 25 26 27 28 29 30 31 32 33 34 35 36 37 38 39 40 41 42 43 44 45 46 47 48 49 50","0.33333333333333 0 0.064098812333714 0.81987942505213 0.77965984950661 0.18368891310771 0.14043444297355 -0.49888060675271 -0.51026114852446 -0.51751765592191 -0.48546300749913 0.15324288364605 -0.038320167613839 0.16902536327884 0.18735859099987 0.14705453260517 0.18035587761426 -0.56443522555967 -0.60118577578763 -0.45697423213588 -0.54217022815542 0.14778469894194 0.17613514083079 0.1183603586953 0.11901602213858 0.018874309347632 0.060979942068867 0.3 0.36377321311786 0.37026398449502 0.40282282998589 0.39237982167364 0.47955084265117 0.415277005891 0.46057618993651 0.87537789456526 0.4423108849874 0.45496565055277 0.3 0.3800391752539 -0.54495612948465 0.45514505793261 0.38352867812685 0.35760901025692 0.47831192266747 0.46557291063807 0.45072324310048 0.45525371792999 0.46995617629028 0.47465504352666"
General-4-20251226-14:24:05-81709,vector,AdhocNetwork1.host[0].app[1],e2eDelayPeriodicSec,,,"1 2 3 4 5 6 7 8 9 10 11 12 13 14 15 16 17 18 19 20 21 22 23 24 25 26 27 28 29 30 31 32 33 34 35 36 37 38 39 40 41 42 43 44 45 46 47 48 49 50","NaN 0 0 0 0 0 0 0 0 0 NaN NaN 0 0 0 0 0 0 NaN 0 0 0 NaN 0 0 0 NaN 0 0 0 NaN 0 0 0 NaN 0 0 0 0 0 0 0 0 0 NaN NaN 0 0 0 0"
General-4-20251226-14:24:05-81709,vector,AdhocNetwork1.host[0].rl,rlReward,,,"1 2 3 4 5 6 7 8 9 10 11 12 13 14 15 16 17 18 19 20 21 22 23 24 25 26 27 28 29 30 31 32 33 34 35 36 37 38 39 40 41 42 43 44 45 46 47 48 49 50","0.33333333333333 0 0.3 0.37461957931996 0.36971313507969 0.3 0.37998304668291 0.38379345689991 0.3 0.3 0.3 0.33926898270585 0.39876872433722 0.12948065135834 0.35422707274944 0.31621770373 0.42958193388969 0.34497327519801 0.36122345251702 -0.09680054506707 0.37612294678054 0.37269109629253 0.35488459768464 0.3 0.10548161800569 0.38057497665213 0.36104119073408 0.30284909342064 0.019859134178699 0.3 0.3 0.36261574619886 0.38386130587785 0.3 0.4508573809033 0.47046753944294 0.50918217256608 0.44974303076655 0.44213379604074 0.45627027952282 0.047541202980804 0.51171225407066 0.43891363768026 0.43910012425827 0.4008433982929 0.37422017084166 0.46067552408931 0.35827999708154 0.3 0.43149871263333"
General-4-20251226-14:24:05-81709,vector,AdhocNetwork1.host[1].app[1],e2eDelayPeriodicSec,,,"1 2 3 4 5 6 7 8 9 10 11 12 13 14 15 16 17 18 19 20 21 22 23 24 25 26 27 28 29 30 31 32 33 34 35 36 37 38 39 40 41 42 43 44 45 46 47 48 49 50","NaN 0.138778347485 0.138778347485 0.138778347485 0.008333276192 0.008333276192 0.008333276192 NaN NaN 0.015377102298 0.015377102298 0.015377102298 NaN NaN 0.192942153595 0.192942153595 0.192942153595 0.007632874325 0.007632874325 0.007632874325 NaN 0.007912795781 0.007912795781 0.007912795781 NaN NaN 0.008432693107 0.008432693107 0.008432693107 NaN 0.027674957297 0.027674957297 0.027674957297 NaN 0.007732543975 0.007732543975 0.007732543975 NaN 0.013548716917 0.013548716917 0.013548716917 NaN 0.020123725565 0.020123725565 0.020123725565 NaN 0.022485808945 0.022485808945 0.022485808945 0.009899991269"
General-4-20251226-14:24:05-81709,vector,AdhocNetwork1.host[1].rl,rlReward,,,"1 2 3 4 5 6 7 8 9 10 11 12 13 14 15 16 17 18 19 20 21 22 23 24 25 26 27 28 29 30 31 32 33 34 35 36 37 38 39 40 41 42 43 44 45 46 47 48 49 50","0.33333333333333 0 0.35353605572729 0.092210219686604 0.054874898417577 0.023671450509575 0.091160566658168 0 0.14734663408999 0.061486749815575 0.12042977267512 0 0.015978690870212 0.16371974275468 0.047307418295788 0.30536686781422 0.46775520734602 0.3778170994542 0.43117115519748 0.44394819208163 0.42371651137335 -0.030141275369299 0.40167480747653 0.32622462954387 0.31558478287895 0.42261420658241 0.43843922807357 0.435086863678 0.38809901751997 0.37770942324693 0.3 0.3 0.41525574413376 0.3 0.37793942462798 0.42789931471269 0.48807086519536 0.47667808221604 0.38074569067292 0.37744377580543 0.4449013821084 0.48942219015778 0.36323098425864 0.44731750711039 0.39592270827216 0.45000912135303 0.47061950002552 0.37986530426177 0.32465898168681 0.40239868874293"
General-4-20251226-14:24:05-81709,vector,AdhocNetwork1.host[2].app[1],e2eDelayPeriodicSec,,,"1 2 3 4 5 6 7 8 9 10 11 12 13 14 15 16 17 18 19 20 21 22 23 24 25 26 27 28 29 30 31 32 33 34 35 36 37 38 39 40 41 42 43 44 45 46 47 48 49 50","NaN 0.055573433207 0.055573433207 0.055573433207 0.00783107108 0.00783107108 0.00783107108 NaN 0.014439425148 0.014439425148 0.014439425148 NaN 0.008312119518 0.008312119518 0.008312119518 NaN 0.007613001488 0.007613001488 0.007613001488 NaN 0.00783370466 0.00783370466 0.00783370466 0.007873702488 0.007873702488 0.007873702488 NaN 0.008013591604 0.008013591604 0.008013591604 NaN NaN 0.00777341323 0.00777341323 0.00777341323 0.007953301795 0.007953301795 0.007953301795 NaN 0.008933134407 0.008933134407 0.008933134407 NaN 0.007473059243 0.007473059243 0.007473059243 NaN 0.008512976608 0.008512976608 0.008512976608"
General-4-20251226-14:24:05-81709,vector,AdhocNetwork1.host[2].rl,rlReward,,,"1 2 3 4 5 6 7 8 9 10 11 12 13 14 15 16 17 18 19 20 21 22 23 24 25 26 27 28 29 30 31 32 33 34 35 36 37 38 39 40 41 42 43 44 45 46 47 48 49 50","0.33333333333333 0 0.14456468342248 0.40818620853213 0.11457796500685 -0.54658307029146 -0.54319242665552 -0.27983602936398 -0.52924223463921 -0.60646205780092 -0.55701652243949 0.75781541883019 0.18040936462391 0.15206821095487 0.1953712928722 0.26532614908214 0.38188851818379 0.29389146381471 0.26298767873284 0.36807078746707 0.41564329989784 0.44903665649045 0.17271870296547 0.17288105830332 -0.33950853458742 -0.51581612074572 -0.5128868118356 -0.54935356770086 -0.50280232569393 -0.52769297908982 -0.50001502241625 0.45748337743848 0.428475275421 0.41847354087601 0.40538087433861 0.44834092696862 0.41374042153997 0.45351821729999 0.3494759354277 -0.068863760438287 0.46339292724283 0.45567514486283 0.44360697740629 0.43603030869953 0.39559997995211 0.43098421887529 0.44579462333706 0.41543159222695 0.37098875567598 0.46394502763885"
General-4-20251226-14:24:05-81709,vector,AdhocNetwork1.host[3].app[1],e2eDelayPeriodicSec,,,"1 2 3 4 5 6 7 8 9 10 11 12 13 14 15 16 17 18 19 20 21 22 23 24 25 26 27 28 29 30 31 32 33 34 35 36 37 38 39 40 41 42 43 44 45 46 47 48 49 50","NaN 0.012038829636 0.012038829636 0.012038829636 NaN 0.015946619957 0.015946619957 0.015946619957 NaN 0.009730804425 0.009730804425 0.009730804425 NaN 0.008513394269 0.008513394269 0.008513394269 NaN 0.008693779798 0.008693779798 0.008693779798 NaN 0.027226645091 0.027226645091 0.027226645091 NaN 0.048583846344 0.048583846344 0.048583846344 0.010013134022 0.010013134022 0.010013134022 NaN NaN NaN NaN NaN 0.017801368453 0.017801368453 0.017801368453 NaN NaN NaN NaN NaN 0.056493535549 0.056493535549 0.056493535549 NaN 0.024310604188 0.024310604188"
General-4-20251226-14:24:05-81709,vector,AdhocNetwork1.host[3].rl,rlReward,,,"1 2 3 4 5 6 7 8 9 10 11 12 13 14 15 16 17 18 19 20 21 22 23 24 25 26 27 28 29 30 31 32 33 34 35 36 37 38 39 40 41 42 43 44 45 46 47 48 49 50","0.33333333333333 0 0.080279784956184 0.13599379869838 -0.26307771107072 -0.65654241563617 -0.58983510779757 -0.5933689467361 -0.43060061236204 -0.6 -0.63699734381745 0.34024764028508 -0.62844449458273 -0.40866754269835 -0.55720322529542 -0.52317413680522 -0.58598256362727 -0.65364637292046 -0.5 -0.5715118293245 -0.39481334145862 0.050197809063209 0.3939332761885 0.18431308671953 0.037695376123117 0.3 0.0084670170214899 0.2906749765002 0.44588343558126 0.099611667468749 0.10788353624068 0.43316791970526 0.36694837746118 0.41661254582418 0.11054221156246 -0.18094911342623 0.34787160470494 0.41075235374058 0.41745090201989 0.35807053659907 0.46837154655422 0.17829380912697 0.13983976749801 0.098388611397762 0.18095343768809 0.0013535838734492 0.17702045602945 0.18177108855217 0.10911954474346 0.056608004271811"
General-4-20251226-14:24:05-81709,vector,AdhocNetwork1.host[4].app[1],e2eDelayPeriodicSec,,,"1 2 3 4 5 6 7 8 9 10 11 12 13 14 15 16 17 18 19 20 21 22 23 24 25 26 27 28 29 30 31 32 33 34 35 36 37 38 39 40 41 42 43 44 45 46 47 48 49 50","NaN NaN NaN NaN NaN NaN NaN NaN NaN 0.294880003588 0.294880003588 0.294880003588 NaN NaN 0.06533348594 0.06533348594 0.06533348594 NaN NaN 0.032376986773 0.032376986773 0.032376986773 NaN NaN 0.125066507798 0.125066507798 0.125066507798 NaN NaN NaN NaN NaN 0.019492227882 0.019492227882 0.019492227882 NaN NaN NaN 0.050756180296 0.050756180296 0.050756180296 NaN 0.016492858373 0.016492858373 0.016492858373 NaN NaN NaN NaN 0.019258179182"
General-4-20251226-14:24:05-81709,vector,AdhocNetwork1.host[4].rl,rlReward,,,"1 2 3 4 5 6 7 8 9 10 11 12 13 14 15 16 17 18 19 20 21 22 23 24 25 26 27 28 29 30 31 32 33 34 35 36 37 38 39 40 41 42 43 44 45 46 47 48 49 50","0.33333333333333 0 0.030932926957612 0.016555234375228 0.078119501131705 0.088157367887868 0.11106988092789 0.076026165807132 0 0 0 0.13486410664263 0.089358650476904 0.16497493440143 0.057659877013545 0 0.1735521577234 0.4265457165927 0.36021246376778 0.18765818224234 0.43710187123201 0.24561350776831 0.36915694832404 0.3 0.35026817824612 0.025796915451783 0.46313458706503 0.45358743455543 0.48174466466605 0.34244851356007 0.19652443713026 0.3669187362818 0.39783894620356 0.3 0.39264870888878 0.46049437759764 0.49917563309292 0.49577540994541 0.3 0.47569224560055 0.50039032860961 0.51733050825928 0.43990091994806 0.4836415907675 0.46812183108736 0.45269385979994 0.49057044655189 0.43321471587902 0.36458231824162 0.49585293499105"
General-4-20251226-14:24:05-81709,vector,AdhocNetwork1.host[5].app[1],e2eDelayPeriodicSec,,,"1 2 3 4 5 6 7 8 9 10 11 12 13 14 15 16 17 18 19 20 21 22 23 24 25 26 27 28 29 30 31 32 33 34 35 36 37 38 39 40 41 42 43 44 45 46 47 48 49 50","NaN NaN NaN NaN NaN NaN NaN NaN NaN NaN NaN NaN NaN NaN NaN NaN NaN NaN NaN NaN NaN NaN NaN 0.038537065493 0.038537065493 0.038537065493 NaN NaN 0.039444458999 0.039444458999 0.039444458999 NaN NaN NaN NaN NaN NaN NaN 5.600052303355 5.600052303355 5.600052303355 NaN NaN NaN 0.036832980995 0.036832980995 0.036832980995 NaN NaN 0.043934877719"
General-4-20251226-14:24:05-81709,vector,AdhocNetwork1.host[5].rl,rlReward,,,"1 2 3 4 5 6 7 8 9 10 11 12 13 14 15 16 17 18 19 20 21 22 23 24 25 26 27 28 29 30 31 32 33 34 35 36 37 38 39 40 41 42 43 44 45 46 47 48 49 50","0.33333333333333 0 0 0.10775653635604 0.10798018209614 0.00066056489068594 0.093908253135591 0.10986495156461 0.058107023539919 0.055120598845788 0.070387016767925 -0.093451680318765 0.10547286976191 0.034746072968772 0.075029619821605 0.115362122164 0.11920392884625 0.045762122254142 0.25079288598348 0.10640198100496 0.06471745395512 0.20354337515204 0.1 0.1 0.1 0.38193103787327 0.34665446560955 -0.27818594738925 -0.24350112502211 -0.19313295590559 -0.24427345117737 0.35009767989064 0.39984737052218 0.24514177162544 0.31379966248237 0.17583535901696 0.40477500285897 0.23928856002706 0.38233446209002 0.23804785250334 0.36563366230623 0.45755459368391 0.31538427988055 0.327291007001 0.26834952816977 -0.39314671451843 -0.22893507509803 -0.2359563296073 -0.31681308026583 -0.27257746304768"
General-4-20251226-14:24:05-81709,vector,AdhocNetwork1.host[6].app[1],e2eDelayPeriodicSec,,,"1 2 3 4 5 6 7 8 9 10 11 12 13 14 15 16 17 18 19 20 21 22 23 24 25 26 27 28 29 30 31 32 33 34 35 36 37 38 39 40 41 42 43 44 45 46 47 48 49 50","NaN NaN NaN NaN NaN NaN NaN NaN 0.031618647835 0.031618647835 0.031618647835 NaN NaN NaN NaN NaN NaN NaN NaN NaN NaN NaN 9.589629327284 9.589629327284 9.589629327284 NaN 0.021178913573 0.021178913573 0.021178913573 NaN NaN 0.080376861596 0.080376861596 0.080376861596 NaN 0.01971061025 0.01971061025 0.01971061025 NaN 0.026372714064 0.026372714064 0.026372714064 0.027585274719 0.027585274719 0.027585274719 NaN NaN NaN NaN NaN"
General-4-20251226-14:24:05-81709,vector,AdhocNetwork1.host[6].rl,rlReward,,,"1 2 3 4 5 6 7 8 9 10 11 12 13 14 15 16 17 18 19 20 21 22 23 24 25 26 27 28 29 30 31 32 33 34 35 36 37 38 39 40 41 42 43 44 45 46 47 48 49 50","0.33333333333333 0 0.019943337451908 0.086642945681908 0.090952657771053 0.013709080468433 -0.59752300021177 -0.57713078219512 -0.66666666666667 -0.66040081181217 -0.54307390727998 0.250450955775 0.23483194394704 0.1294696729401 0.2727409781706 0.26220983932697 0.18108944904205 0.24515845708604 0.23158060181599 0.27959571745425 0.25210987838972 0.21543100031697 0.14257420842414 0.1 0.14742682101825 0.23982848520322 -0.093503913589664 -0.5 -0.39253102325525 -0.27119578248506 -0.38707859574377 0.1 0.34340137635851 0.1 0.32521345642684 0.38542365391987 0.37269456300777 0.39853781448017 0.21890676982202 0.25665139559001 0.41826538375775 0.42817593102088 0.38505460649098 0.3646118022987 0.38935618890482 -0.2071395959026 -0.15914844045685 0.19365318150369 -0.21291043578873 -0.1778295207497"
General-4-20251226-14:24:05-81709,vector,AdhocNetwork1.host[7].app[1],e2eDelayPeriodicSec,,,"1 2 3 4 5 6 7 8 9 10 11 12 13 14 15 16 17 18 19 20 21 22 23 24 25 26 27 28 29 30 31 32 33 34 35 36 37 38 39 40 41 42 43 44 45 46 47 48 49 50","NaN 0.037375059671 0.037375059671 0.037375059671 0.011816866656 0.011816866656 0.011816866656 0.011736996126 0.011736996126 0.011736996126 NaN 0.010210429001 0.010210429001 0.010210429001 NaN NaN NaN NaN 3.12673372481 3.12673372481 3.12673372481 0.007672146615 0.007672146615 0.007672146615 0.007932841514 0.007932841514 0.007932841514 NaN NaN 0.008333809613 0.008333809613 0.008333809613 NaN NaN 0.117351767197 0.117351767197 0.117351767197 NaN NaN NaN NaN NaN NaN NaN NaN NaN NaN 0.056113178215 0.056113178215 0.056113178215"
General-4-20251226-14:24:05-81709,vector,AdhocNetwork1.host[7].rl,rlReward,,,"1 2 3 4 5 6 7 8 9 10 11 12 13 14 15 16 17 18 19 20 21 22 23 24 25 26 27 28 29 30 31 32 33 34 35 36 37 38 39 40 41 42 43 44 45 46 47 48 49 50","0.33333333333333 0 0.082387768960232 0.1213954246869 -0.61533761392384 -0.63175085832097 -0.53779473628782 -0.57152997856739 -0.5 -0.51801262269602 -0.59058501183889 0.096847213578415 0.23071132726376 -0.064025174203138 0.39166346797116 0.13439440969086 -0.023491447837438 0.3479826588218 0.078235681074266 0.39084861574926 0.36734011982872 0 -0.7 -0.7 -0.5 -0.57088188421845 -0.56835341098034 -0.30768332364466 -0.52927241785489 0.43771551283113 -0.53743970915312 -0.042202319270085 0.47377699793554 0.29292258435715 -0.061520488223939 0.46713599812965 0.34073225007253 0.0186970951451 0.38212330116124 -0.016540028086631 0.42199416704873 0.40367585884119 0.13143986652062 0.38558647944368 0.015131756220453 0.36670904686469 0.3440297187411 0.36818081820007 0.26247928377296 0.33507598261605"
General-4-20251226-14:24:05-81709,vector,AdhocNetwork1.host[8].app[1],e2eDelayPeriodicSec,,,"1 2 3 4 5 6 7 8 9 10 11 12 13 14 15 16 17 18 19 20 21 22 23 24 25 26 27 28 29 30 31 32 33 34 35 36 37 38 39 40 41 42 43 44 45 46 47 48 49 50","NaN NaN NaN NaN NaN NaN NaN NaN 0.037632264215 0.037632264215 0.037632264215 NaN NaN NaN 0.186315242113 0.186315242113 0.186315242113 NaN 0.027462638248 0.027462638248 0.027462638248 NaN NaN NaN NaN NaN 0.378966498042 0.378966498042 0.378966498042 NaN NaN NaN NaN 0.079443246609 0.079443246609 0.079443246609 NaN NaN 0.053214110706 0.053214110706 0.053214110706 NaN NaN NaN NaN NaN NaN NaN NaN NaN"
General-4-20251226-14:24:05-81709,vector,AdhocNetwork1.host[8].rl,rlReward,,,"1 2 3 4 5 6 7 8 9 10 11 12 13 14 15 16 17 18 19 20 21 22 23 24 25 26 27 28 29 30 31 32 33 34 35 36 37 38 39 40 41 42 43 44 45 46 47 48 49 50","0.33333333333333 0 0.12019536561478 0.12432700331242 0.15573822440608 0.15309945825158 0.14428862671554 0.1396319419888 0.064996601041295 0 0 0.11824358005985 0.10345941250799 0.15722807608479 0.13299087190805 0.16037008463156 0.028013741387303 0.16945465788572 0.12664370789304 0.16718355364824 0.19177667007402 0.18198318092648 0.15336460242961 0.073902762982061 0.029574041596783 0.015967047407938 0.1534946353549 0.31383593401028 0.19680703530859 0.16671857899099 0.11699739409941 0.47364984700884 0.21491922626939 0.16133276883498 0.16227890354412 0.18383572420248 0.2011614041664 0.21574900679335 0.13261740532557 0.16992442036523 0.22348238790441 0.18779988160615 0.42306827804723 0.20469070161484 0.19913916224774 0.12560484193264 0.39587821092567 0.16034099769141 0.15901620088356 0.20864818175628"
General-4-20251226-14:24:05-81709,vector,AdhocNetwork1.host[9].app[1],e2eDelayPeriodicSec,,,"1 2 3 4 5 6 7 8 9 10 11 12 13 14 15 16 17 18 19 20 21 22 23 24 25 26 27 28 29 30 31 32 33 34 35 36 37 38 39 40 41 42 43 44 45 46 47 48 49 50","NaN NaN NaN NaN NaN NaN NaN NaN NaN NaN NaN NaN NaN NaN NaN NaN NaN NaN NaN NaN NaN NaN 0.043933632631 0.043933632631 0.043933632631 NaN NaN 0.023418772248 0.023418772248 0.023418772248 NaN NaN 0.025770585868 0.025770585868 0.025770585868 NaN NaN 0.016632670271 0.016632670271 0.016632670271 NaN NaN NaN 0.068013699099 0.068013699099 0.068013699099 0.041286733552 0.041286733552 0.041286733552 0.019379469927"
General-4-20251226-14:24:05-81709,vector,AdhocNetwork1.host[9].rl,rlReward,,,"1 2 3 4 5 6 7 8 9 10 11 12 13 14 15 16 17 18 19 20 21 22 23 24 25 26 27 28 29 30 31 32 33 34 35 36 37 38 39 40 41 42 43 44 45 46 47 48 49 50","0.33333333333333 0 0.05493627226609 0.10450906944836 0.00034887617549023 0.023075975598544 0.073419288721677 0 0.090334646958053 0 0.0061652736017042 0 -0.55148749308469 -0.48830039968842 -0.24981785406826 -0.56487033607268 -0.33786656340853 -0.517855215422 -0.49929065619549 -0.27174799665532 -0.50595921241722 -0.023910390500364 0.098100808054056 0.3 0.1 -0.061231481206669 0.17861835188196 0.46378343033983 0.4117043984298 0.49405739311159 0.42518040486844 0.3524088125786 0.47551974921885 0.39177734169201 0.42407572812965 0.48736248278175 0.054628909575693 0.41765459910265 0.48485414334945 0.44839499707829 -0.52901762579762 0.48401455370858 0.3 0.41735931819702 0.45622021301943 0.14769829621879 0.44666430628425 0.46319705719047 0.34179045497484 0.44550861093583"
General-4-20251226-14:24:05-81709,vector,AdhocNetwork1.host[10].app[1],e2eDelayPeriodicSec,,,"1 2 3 4 5 6 7 8 9 10 11 12 13 14 15 16 17 18 19 20 21 22 23 24 25 26 27 28 29 30 31 32 33 34 35 36 37 38 39 40 41 42 43 44 45 46 47 48 49 50","NaN 0.037402625536 0.037402625536 0.037402625536 NaN NaN NaN NaN 0.025509319398 0.025509319398 0.025509319398 NaN NaN 0.010421051767 0.010421051767 0.010421051767 NaN NaN 0.012398667382 0.012398667382 0.012398667382 NaN 0.008431517219 0.008431517219 0.008431517219 NaN 0.008531556648 0.008531556648 0.008531556648 NaN 0.008511579728 0.008511579728 0.008511579728 NaN 0.011901010462 0.011901010462 0.011901010462 NaN 0.007871854667 0.007871854667 0.007871854667 0.008686977353 0.008686977353 0.008686977353 0.011730046126 0.011730046126 0.011730046126 NaN 0.007892288775 0.007892288775"
General-4-20251226-14:24:05-81709,vector,AdhocNetwork1.host[10].rl,rlReward,,,"1 2 3 4 5 6 7 8 9 10 11 12 13 14 15 16 17 18 19 20 21 22 23 24 25 26 27 28 29 30 31 32 33 34 35 36 37 38 39 40 41 42 43 44 45 46 47 48 49 50","0.33333333333333 0.1 0.044979754945806 0.066498417012195 0.11310684597825 0.057719325406438 0.11252271619719 0.078508255149718 0.088484778796204 0 0.0089139679459704 0.078354539226908 0.040464976959954 0.10231039270794 0 0.038932409747136 0.1719589113425 0.068354631896808 0.03073326337581 0.15949628384766 0.16250665652533 0.10480299622419 -0.045679624239719 0 0 0.21140700336864 0.19568903842477 0.15555853519617 0.18917036855609 0.16729725965744 0.072823655632147 0.077940747475922 0.21749565351877 0.17427377747104 0.13975130820185 0.17863915268483 0.22866609896703 0.22158931082045 0.10525342581789 0.14135571003514 0.23219404253418 0.23236937530581 0.15322134642938 0.19498022571512 0.17409887460704 0.16990587992243 0.18810980114101 0.17685043973368 0.020176578572679 0.2214090675742"
General-4-20251226-14:24:05-81709,vector,AdhocNetwork1.host[11].app[1],e2eDelayPeriodicSec,,,"1 2 3 4 5 6 7 8 9 10 11 12 13 14 15 16 17 18 19 20 21 22 23 24 25 26 27 28 29 30 31 32 33 34 35 36 37 38 39 40 41 42 43 44 45 46 47 48 49 50","NaN NaN NaN NaN NaN NaN NaN NaN NaN NaN NaN NaN NaN NaN NaN NaN NaN NaN NaN NaN NaN NaN 0.196039701895 0.196039701895 0.196039701895 NaN NaN NaN NaN NaN NaN NaN NaN NaN NaN NaN 0.053976931147 0.053976931147 0.053976931147 NaN NaN 0.430536104319 0.430536104319 0.430536104319 NaN NaN NaN NaN NaN NaN"
General-4-20251226-14:24:05-81709,vector,AdhocNetwork1.host[11].rl,rlReward,,,"1 2 3 4 5 6 7 8 9 10 11 12 13 14 15 16 17 18 19 20 21 22 23 24 25 26 27 28 29 30 31 32 33 34 35 36 37 38 39 40 41 42 43 44 45 46 47 48 49 50","0.33333333333333 0 0 0.12610513454063 0.12613147153182 0.018573743232382 0.10475806063712 0.10415163854713 0.047575061328466 0.034501819326746 0.010183905919606 0.050627123739178 0 0.023513563849362 0.049092161641888 0.089845259991223 -0.060889144615437 0.026489145273284 0.09166999258068 0.11469015084475 0.060439352132525 0.048752765283051 0 0.34194263821707 0.41635554542974 0.43638074901 0.42162804857318 0.36623446264559 0.41089733484481 0.43334767232682 0.39122182005693 0.37409125477469 0.39703763591397 0.3 0.34750293516588 0.35687660149783 0.40287807334864 0.3 0.41766097209915 0.34045776912564 0.38264860618969 0.4081439683417 0.36202306945547 0.3 0.44537337785381 0.44259333573839 0.39827538437131 0.35622847424614 0.42764811237339 0.4071613653281"
General-4-20251226-14:24:05-81709,vector,AdhocNetwork1.host[12].app[1],e2eDelayPeriodicSec,,,"1 2 3 4 5 6 7 8 9 10 11 12 13 14 15 16 17 18 19 20 21 22 23 24 25 26 27 28 29 30 31 32 33 34 35 36 37 38 39 40 41 42 43 44 45 46 47 48 49 50","NaN NaN NaN NaN NaN NaN NaN NaN NaN NaN NaN NaN 3.38047135716 3.38047135716 3.38047135716 NaN NaN 0.104142443492 0.104142443492 0.104142443492 NaN NaN NaN NaN 0.031636775708 0.031636775708 0.031636775708 NaN NaN 0.02593561383 0.02593561383 0.02593561383 NaN NaN NaN NaN NaN NaN 0.033961985484 0.033961985484 0.033961985484 NaN NaN 0.022930890817 0.022930890817 0.022930890817 NaN 0.022050484572 0.022050484572 0.022050484572"
General-4-20251226-14:24:05-81709,vector,AdhocNetwork1.host[12].rl,rlReward,,,"1 2 3 4 5 6 7 8 9 10 11 12 13 14 15 16 17 18 19 20 21 22 23 24 25 26 27 28 29 30 31 32 33 34 35 36 37 38 39 40 41 42 43 44 45 46 47 48 49 50","0.33333333333333 0 0.081298172477937 0.097997187002063 0.30653886423641 0.3 0.037679590259225 -0.074428929010584 0 0 0.052064253765534 0.10729045785228 0.13442850132216 0.19841734946798 0.17768745268726 0.17506936037578 0.23471911151004 0.15237211992515 0.14739010749293 0.21831262829249 0.20157897020623 0.14394980546697 0.10378314338347 0.094207331436752 0.081643080740367 0.13656589628134 0.18443540465734 0.11509892052223 0.1740109005461 0.020236627114836 0.094912975399423 0.16461806136595 0.18347215025956 0.10852032172486 0.035851959914439 0.14476665631444 0.12594251861668 0.13821453931475 0 -0.10620645538321 0.15732810502472 0.19215765159877 0.051125746662928 0.1008785291034 0.16522366823959 0.11331029086926 -0.0082015370425353 0.15394251883462 0.090658489734894 0.17521460702231"
General-4-20251226-14:24:05-81709,vector,AdhocNetwork1.host[13].app[1],e2eDelayPeriodicSec,,,"1 2 3 4 5 6 7 8 9 10 11 12 13 14 15 16 17 18 19 20 21 22 23 24 25 26 27 28 29 30 31 32 33 34 35 36 37 38 39 40 41 42 43 44 45 46 47 48 49 50","NaN NaN NaN NaN NaN NaN NaN NaN NaN NaN 0.493940754076 0.493940754076 0.493940754076 NaN NaN 0.046728051062 0.046728051062 0.046728051062 NaN NaN NaN NaN NaN 3.251065289866 3.251065289866 3.251065289866 0.016255194333 0.016255194333 0.016255194333 0.043915424301 0.043915424301 0.043915424301 NaN NaN NaN NaN NaN NaN 3.819876958417 3.819876958417 3.819876958417 NaN NaN 0.018727333933 0.018727333933 0.018727333933 0.018686147481 0.018686147481 0.018686147481 0.008114622899"
General-4-20251226-14:24:05-81709,vector,AdhocNetwork1.host[13].rl,rlReward,,,"1 2 3 4 5 6 7 8 9 10 11 12 13 14 15 16 17 18 19 20 21 22 23 24 25 26 27 28 29 30 31 32 33 34 35 36 37 38 39 40 41 42 43 44 45 46 47 48 49 50","0.33333333333333 0 0.0016339290131369 0.039581158562797 0 0.02096209579349 0 0.043131012757201 0 0 0 0.37265177595025 0.42363739833685 0.46409924258822 0.45547296719439 0.39413474549703 0.48221266234761 0.13869722625923 0.44563321843625 0.4139265812393 0.46076833483308 0.41854244351265 0.32579186696303 0.32068517389264 0.3 0.45084463748609 0.5038581814215 0.46217552155752 0.23760484629395 0.51720103946216 0.41515381288139 0.47513812551361 0.52858368518663 0.50846746437059 0.49287422834198 0.057854072613728 0.51874059793043 0.51778720265496 0.48440221597608 0.47047620007907 0.52708899927155 0.52695078049331 0.5020708790673 0.50717049706275 0.52735604026139 0.48220576967923 0.50461971545038 0.5245409024311 0.50662094225656 0.47965765288616"
General-4-20251226-14:24:05-81709,vector,AdhocNetwork1.host[14].app[1],e2eDelayPeriodicSec,,,"1 2 3 4 5 6 7 8 9 10 11 12 13 14 15 16 17 18 19 20 21 22 23 24 25 26 27 28 29 30 31 32 33 34 35 36 37 38 39 40 41 42 43 44 45 46 47 48 49 50","NaN NaN NaN NaN NaN 0.046247865519 0.046247865519 0.046247865519 NaN 0.045527355705 0.045527355705 0.045527355705 NaN 0.036220432267 0.036220432267 0.036220432267 0.034553142223 0.034553142223 0.034553142223 NaN NaN 0.057935321781 0.057935321781 0.057935321781 0.067923236051 0.067923236051 0.067923236051 NaN NaN 0.02328472296 0.02328472296 0.02328472296 NaN NaN 0.030917317957 0.030917317957 0.030917317957 NaN NaN NaN NaN NaN 3.359887461005 3.359887461005 3.359887461005 NaN NaN 0.019519174254 0.019519174254 0.019519174254"
General-4-20251226-14:24:05-81709,vector,AdhocNetwork1.host[14].rl,rlReward,,,"1 2 3 4 5 6 7 8 9 10 11 12 13 14 15 16 17 18 19 20 21 22 23 24 25 26 27 28 29 30 31 32 33 34 35 36 37 38 39 40 41 42 43 44 45 46 47 48 49 50","0.33333333333333 0 0.024192966065849 0.046918200680057 -0.66666666666667 -0.57623401557456 -0.4125246801689 -0.57699846250074 -0.38510458664742 -0.3432978353766 -0.49392841061215 0.12952553031858 -0.017741737905664 0.14660464508447 0.41233116743402 -0.023017271679089 0.17150381178501 0.40673305591217 0.39997531905154 0.43866635486077 0.42842700220043 -0.11948651683745 0.37759823104879 0.3071567777316 0.37391945605947 0.31330232101709 0.42030259709542 0.32846103740837 0.36989468903621 0.38640765124221 0.31974171794802 0.34611858333091 0.40433213996512 0.33996460101301 0.33583505256993 0.34881854791141 0.3 0.41155915499128 0.38221489964313 0.3 0.41918415079649 0.44677336038041 0.40174533412324 0.34149726661968 0.44046350237334 0.41358721421894 0.40499246813959 0.4066328736236 0.41681443578861 0.38608088347634"
General-4-20251226-14:24:05-81709,vector,AdhocNetwork1.host[15].app[1],e2eDelayPeriodicSec,,,"1 2 3 4 5 6 7 8 9 10 11 12 13 14 15 16 17 18 19 20 21 22 23 24 25 26 27 28 29 30 31 32 33 34 35 36 37 38 39 40 41 42 43 44 45 46 47 48 49 50","NaN NaN NaN NaN NaN NaN NaN NaN 0.059867816243 0.059867816243 0.059867816243 NaN NaN 0.025742423841 0.025742423841 0.025742423841 NaN 0.043109148168 0.043109148168 0.043109148168 0.01974040216 0.01974040216 0.01974040216 NaN 0.024253682971 0.024253682971 0.024253682971 NaN 0.016294044404 0.016294044404 0.016294044404 NaN 0.019141323601 0.019141323601 0.019141323601 0.063030577863 0.063030577863 0.063030577863 NaN 0.063281008166 0.063281008166 0.063281008166 0.015234755386 0.015234755386 0.015234755386 NaN NaN NaN NaN 0.576303871214"
General-4-20251226-14:24:05-81709,vector,AdhocNetwork1.host[15].rl,rlReward,,,"1 2 3 4 5 6 7 8 9 10 11 12 13 14 15 16 17 18 19 20 21 22 23 24 25 26 27 28 29 30 31 32 33 34 35 36 37 38 39 40 41 42 43 44 45 46 47 48 49 50","0.33333333333333 0 0 0.073746703616229 -0.66666666666667 -0.66666666666667 -0.6234155770563 -0.46331225925487 -0.58853743441954 -0.65433535428913 -0.56421049045912 0.1 -0.079159712196537 0.35374795519971 0.12128580281035 0.25286351929739 0.41675649381033 0.3544153043016 0.14518511852581 0.4212852106019 0.36053370819426 0.33966721584457 0.30160380411329 0.33077732562352 0.33704712975683 0 0.36630931620618 0.37176824215647 0.40651031134498 0.37601180572384 0.10418560451881 0.4007966194971 0.3571069790074 0.33608336244392 0.34192536820995 0.3275422175746 0.3 0.40847592738724 0.39032405856617 0.33328609682284 0.15160655396383 0.40046508877836 0.41693635301859 0.34064627727852 0.38814440660534 0.2560540814149 0.41512313198282 0.41449561332024 0.39943639609803 0.069179029195777"
General-4-20251226-14:24:05-81709,vector,AdhocNetwork1.host[16].app[1],e2eDelayPeriodicSec,,,"1 2 3 4 5 6 7 8 9 10 11 12 13 14 15 16 17 18 19 20 21 22 23 24 25 26 27 28 29 30 31 32 33 34 35 36 37 38 39 40 41 42 43 44 45 46 47 48 49 50","NaN NaN NaN NaN NaN NaN 0.086190947513 0.086190947513 0.086190947513 NaN NaN 0.117394063268 0.117394063268 0.117394063268 NaN NaN NaN NaN NaN NaN NaN 4.534100097368 4.534100097368 4.534100097368 NaN NaN NaN NaN NaN NaN NaN NaN NaN NaN NaN NaN NaN NaN NaN NaN NaN NaN NaN NaN NaN NaN NaN NaN 0.074432958482 0.074432958482"
General-4-20251226-14:24:05-81709,vector,AdhocNetwork1.host[16].rl,rlReward,,,"1 2 3 4 5 6 7 8 9 10 11 12 13 14 15 16 17 18 19 20 21 22 23 24 25 26 27 28 29 30 31 32 33 34 35 36 37 38 39 40 41 42 43 44 45 46 47 48 49 50","0.33333333333333 0.1 0.075934888599258 0.12420752373234 0.13225561707074 0.099840904206633 0.15271678644241 0 0.12689854620932 0.083635307431456 0.13208410620557 0.01543228016379 0.074359694376233 0.1406861618974 0.033089003261749 0 0.18328398332019 0.12743174015636 0.17569725173424 0.1671889943788 0.1796156876932 0.18304658274949 0.18015952142312 -0.65395121157308 -0.60216556242889 -0.46919472102772 -0.4932774660188 -0.49282999267908 -0.45268114563047 -0.45224952520217 -0.47837352021305 0.21602482914225 0.20684241938617 0.35227495817292 0.1 0.40773007913078 0.41741872174341 0.0048244382809487 0.1 0.4715843505226 0.48655363753941 0.47070938496618 0.36417662173724 0.44046522899749 0.39152363381189 0.37414562205431 0.45348579466902 0.3617075156314 0.42826690399201 0.48954919205147"
General-4-20251226-14:24:05-81709,vector,AdhocNetwork1.host[17].app[1],e2eDelayPeriodicSec,,,"1 2 3 4 5 6 7 8 9 10 11 12 13 14 15 16 17 18 19 20 21 22 23 24 25 26 27 28 29 30 31 32 33 34 35 36 37 38 39 40 41 42 43 44 45 46 47 48 49 50","NaN 0.031116203596 0.031116203596 0.031116203596 0.007893533857 0.007893533857 0.007893533857 0.007812832966 0.007812832966 0.007812832966 NaN 0.007952099242 0.007952099242 0.007952099242 NaN 0.008251361716 0.008251361716 0.008251361716 NaN 0.008870905928 0.008870905928 0.008870905928 NaN 0.014777730557 0.014777730557 0.014777730557 NaN 0.008631014598 0.008631014598 0.008631014598 0.008251447331 0.008251447331 0.008251447331 NaN 0.013049752985 0.013049752985 0.013049752985 0.012096818402 0.012096818402 0.012096818402 NaN 0.008713643189 0.008713643189 0.008713643189 0.016197452421 0.016197452421 0.016197452421 NaN NaN NaN"
General-4-20251226-14:24:05-81709,vector,AdhocNetwork1.host[17].rl,rlReward,,,"1 2 3 4 5 6 7 8 9 10 11 12 13 14 15 16 17 18 19 20 21 22 23 24 25 26 27 28 29 30 31 32 33 34 35 36 37 38 39 40 41 42 43 44 45 46 47 48 49 50","0.33333333333333 0 0.078878610672573 0.71416023679865 0.050208904426995 0.08275558672386 0.11546756315409 0.042843052707601 0.10146341241724 0.043131308347775 0.082600696240817 0.038659635367529 -0.12586582260788 0.12122990124043 0.078772397528791 0 0.13156539654717 0.13260937079985 0.086266616784115 0.78648681376341 0.77881061947145 -0.54605691295143 -0.53752542482321 -0.66666666666667 -0.66666666666667 -0.50529297693467 -0.54147680636198 -0.61767971222782 -0.45777771745023 -0.36293840538295 -0.54930204733453 0.18303240582263 0.14137199328687 0 0.1 0.19043004289413 0.18210511739799 0.10644109352589 0 0.21218276109023 0.37077788920982 0.49923303191444 0.11793637524525 0.40811263845363 0.45863958985326 0.44299544635029 0.50101180400559 0.33621701868975 0.3744598930986 0.50703854267045"
General-4-20251226-14:24:05-81709,vector,AdhocNetwork1.host[18].app[1],e2eDelayPeriodicSec,,,"1 2 3 4 5 6 7 8 9 10 11 12 13 14 15 16 17 18 19 20 21 22 23 24 25 26 27 28 29 30 31 32 33 34 35 36 37 38 39 40 41 42 43 44 45 46 47 48 49 50","NaN NaN NaN NaN NaN NaN NaN NaN NaN NaN 0.114942558517 0.114942558517 0.114942558517 NaN NaN 0.017095336746 0.017095336746 0.017095336746 0.008394750861 0.008394750861 0.008394750861 NaN NaN 0.015249794202 0.015249794202 0.015249794202 NaN 0.011978299383 0.011978299383 0.011978299383 NaN 0.008733944041 0.008733944041 0.008733944041 NaN 0.020462133271 0.020462133271 0.020462133271 NaN NaN 0.008374464846 0.008374464846 0.008374464846 NaN NaN NaN NaN NaN NaN NaN"
General-4-20251226-14:24:05-81709,vector,AdhocNetwork1.host[18].rl,rlReward,,,"1 2 3 4 5 6 7 8 9 10 11 12 13 14 15 16 17 18 19 20 21 22 23 24 25 26 27 28 29 30 31 32 33 34 35 36 37 38 39 40 41 42 43 44 45 46 47 48 49 50","0.33333333333333 0 0.052232526715213 0.077563437119668 -0.3 -0.6616620586552 -0.5 -0.60536069121366 -0.68813220773018 -0.5 -0.6 0.1476380046956 0.17971982627487 0.20143543779073 0.31457331040712 0.12587629862205 0.044704730756724 0.14654330542884 0.37659746100386 -0.047081191746764 0.37746546942692 0.3605245015377 0.26331904512766 0.12192507515156 0.1 0.30899889216486 0.44367791689398 0.43191883635365 0.39908570994643 0.22192380872695 0.21166375086099 -0.22849897788166 -0.16486737202438 -0.21183897607496 -0.28675180516209 -0.21765314711765 -0.15727966430401 -0.50070180390907 -0.53975974887288 -0.22363200648942 -0.23692268586566 0.055087088657586 -0.16519052652212 0.15304181958149 0.41541309301673 0.42957687913109 0.43352230876641 0.35362247746259 0.37077866922289 0.4007986986984"
General-4-20251226-14:24:05-81709,vector,AdhocNetwork1.host[19].app[1],e2eDelayPeriodicSec,,,"1 2 3 4 5 6 7 8 9 10 11 12 13 14 15 16 17 18 19 20 21 22 23 24 25 26 27 28 29 30 31 32 33 34 35 36 37 38 39 40 41 42 43 44 45 46 47 48 49 50","NaN NaN NaN NaN NaN NaN NaN NaN NaN NaN NaN NaN NaN NaN NaN NaN NaN NaN NaN NaN NaN NaN NaN NaN NaN NaN NaN NaN NaN NaN NaN NaN 10.139655617461 10.139655617461 10.139655617461 NaN NaN NaN NaN NaN NaN NaN NaN NaN NaN NaN NaN NaN NaN NaN"
General-4-20251226-14:24:05-81709,vector,AdhocNetwork1.host[19].rl,rlReward,,,"1 2 3 4 5 6 7 8 9 10 11 12 13 14 15 16 17 18 19 20 21 22 23 24 25 26 27 28 29 30 31 32 33 34 35 36 37 38 39 40 41 42 43 44 45 46 47 48 49 50","0.33333333333333 0 0 0.068935667589458 0.04363139340354 0.060649156539683 0.078803175254712 0 0.089440319065314 0.33146838401286 0.37898321276095 0.3 0.43605595818391 0.3988620495137 0.44725516116449 0.34031563380669 0.41679132222522 0.34721010428894 0.3 0.16040173403214 0.0088019887716826 0.36213245015357 0.34467959111084 0.35375738352683 0.32031707120922 0.3 0.44035788252526 0.41772711849163 0.45868445553307 0.43122708927296 0.40705121493271 0.41123576392131 0.42734085497506 0.33798093939783 0.38898104034512 0.4288528415217 0.3925182357633 0.41802740281837 0.36874900275762 0.34009311221358 0.4651567235332 0.46951406276913 0.34820679088507 0.35741357264393 0.42192197057696 0.31042009155974 0.44166990123697 0.390728143975 0.33232516535277 0.3733924915715"
General-4-20251226-14:24:05-81709,vector,AdhocNetwork1.host[20].app[1],e2eDelayPeriodicSec,,,"1 2 3 4 5 6 7 8 9 10 11 12 13 14 15 16 17 18 19 20 21 22 23 24 25 26 27 28 29 30 31 32 33 34 35 36 37 38 39 40 41 42 43 44 45 46 47 48 49 50","NaN NaN NaN NaN NaN NaN NaN NaN NaN NaN NaN NaN NaN NaN NaN NaN NaN NaN NaN NaN NaN NaN NaN NaN NaN NaN NaN NaN NaN NaN NaN NaN 10.411007240731 10.411007240731 10.411007240731 NaN NaN 0.213557634363 0.213557634363 0.213557634363 NaN 0.182215494422 0.182215494422 0.182215494422 NaN NaN NaN 0.45655228453 0.45655228453 0.45655228453"
General-4-20251226-14:24:05-81709,vector,AdhocNetwork1.host[20].rl,rlReward,,,"1 2 3 4 5 6 7 8 9 10 11 12 13 14 15 16 17 18 19 20 21 22 23 24 25 26 27 28 29 30 31 32 33 34 35 36 37 38 39 40 41 42 43 44 45 46 47 48 49 50","0.33333333333333 0 0.15914465085204 0.13568450133816 0.12866345946699 0.18927192826365 0.19896868555454 0.15967362797028 -0.56019727683976 -0.52090161422244 -0.48139742351699 0.16897775376486 0.17036716536049 0.17684112055542 0.069843048922854 0.096134835419457 0.20154623139712 0.44049616270256 0.4180159304682 0.45290596718846 0.42521231598071 0.45018059788697 0.46115322327452 0.38433654152157 0.37152881419813 0.48478031977779 0.45676415418459 0.38282429179008 0.47681300111192 0.48422507298109 0.42488104981622 0.48742900385564 0.47297193918369 0.36131546156443 0.39945913850648 0.49501828880758 0.47547218139376 0.48210420463366 0.37099660740907 0.45389893662043 0.46629867843415 0.49653130553537 0.36161232461322 0.46414588098752 0.4498915992504 0.42553865963215 0.46545356640893 0.44933325229137 0.37427612616231 0.51122105766188"
General-4-20251226-14:24:05-81709,vector,AdhocNetwork1.host[21].app[1],e2eDelayPeriodicSec,,,"1 2 3 4 5 6 7 8 9 10 11 12 13 14 15 16 17 18 19 20 21 22 23 24 25 26 27 28 29 30 31 32 33 34 35 36 37 38 39 40 41 42 43 44 45 46 47 48 49 50","NaN NaN NaN NaN NaN NaN NaN NaN NaN NaN NaN NaN NaN NaN NaN NaN NaN NaN NaN NaN NaN NaN 0.066887284897 0.066887284897 0.066887284897 NaN NaN NaN NaN NaN 0.213944241823 0.213944241823 0.213944241823 NaN NaN NaN NaN NaN NaN NaN NaN NaN 3.446988931614 3.446988931614 3.446988931614 NaN NaN NaN NaN NaN"
General-4-20251226-14:24:05-81709,vector,AdhocNetwork1.host[21].rl,rlReward,,,"1 2 3 4 5 6 7 8 9 10 11 12 13 14 15 16 17 18 19 20 21 22 23 24 25 26 27 28 29 30 31 32 33 34 35 36 37 38 39 40 41 42 43 44 45 46 47 48 49 50","0.33333333333333 0 0 0.077572856059136 0.083460121437018 0 0.11248374992652 0.10805567064978 0.083352796844023 0.059215254804897 0.10279509865556 0.12886546654049 0.1460932045349 0.28184740288109 0.10284302104642 0.1690440809628 0.16782482581152 -0.076947848939055 0.17682890577678 0.18504313654703 0.15191759789793 0.11631374066063 0.064661946021716 0.083765744578452 0.06628474199832 0.066989056747031 0.055139034489102 -0.63270157384923 -0.63603780236551 -0.63234126909252 -0.40068110622163 0 0.058172922924321 0.031251696234412 0.21798826053157 0.35554305612499 0.40104577859959 0.376971050057 0.41089441722043 0.33385892702887 0.35989798642152 0.43480786598466 0.35393349304711 0.3 0.38081359022387 0.43657267901475 0.7938536245268 0.37781720980125 0.41235460757516 0.4086991433188"
General-4-20251226-14:24:05-81709,vector,AdhocNetwork1.host[22].app[1],e2eDelayPeriodicSec,,,"1 2 3 4 5 6 7 8 9 10 11 12 13 14 15 16 17 18 19 20 21 22 23 24 25 26 27 28 29 30 31 32 33 34 35 36 37 38 39 40 41 42 43 44 45 46 47 48 49 50","NaN NaN NaN NaN NaN NaN NaN NaN NaN NaN NaN NaN NaN NaN NaN NaN NaN NaN NaN NaN NaN NaN NaN 0.138532963059 0.138532963059 0.138532963059 NaN NaN NaN NaN NaN NaN NaN NaN 3.836997642573 3.836997642573 3.836997642573 NaN NaN 0.059791247805 0.059791247805 0.059791247805 NaN NaN NaN NaN NaN NaN NaN NaN"
General-4-20251226-14:24:05-81709,vector,AdhocNetwork1.host[22].rl,rlReward,,,"1 2 3 4 5 6 7 8 9 10 11 12 13 14 15 16 17 18 19 20 21 22 23 24 25 26 27 28 29 30 31 32 33 34 35 36 37 38 39 40 41 42 43 44 45 46 47 48 49 50","0.33333333333333 0.1 0 0.052490177989937 0 0.34461164914082 0.088760275890422 0.12998596706716 0 0 0.13515312297682 0.10048024675659 0.12979889550582 0.41568575920126 0.36360749214882 0.41697572723111 0.4431210179955 0.307197435798 0.36763269692763 0.38343524827366 0.38052688252847 0.37558631167502 0.32121827398986 0.30726664591347 0.31978857412318 0.36967225148002 0.36724688767637 0.38649352967285 0.43181745852867 0.43376507170043 0.40661287213018 0.40386529854242 0.40362680177952 0.3900828591024 0.35046539476562 0 0.016979166474845 0.37739337985953 -0.074393278204159 0.3 0.41394333815026 0.4049016283096 0.41277213721103 0.3 0.39490761271945 0.32388380106906 0.40762243645751 0.3801257324384 0.35868790362054 0.3"
General-4-20251226-14:24:05-81709,vector,AdhocNetwork1.host[23].app[1],e2eDelayPeriodicSec,,,"1 2 3 4 5 6 7 8 9 10 11 12 13 14 15 16 17 18 19 20 21 22 23 24 25 26 27 28 29 30 31 32 33 34 35 36 37 38 39 40 41 42 43 44 45 46 47 48 49 50","NaN 0.031216684369 0.031216684369 0.031216684369 NaN 0.011357940311 0.011357940311 0.011357940311 0.011860253055 0.011860253055 0.011860253055 NaN NaN 0.029719953113 0.029719953113 0.029719953113 NaN 0.008211854094 0.008211854094 0.008211854094 NaN 0.013477519087 0.013477519087 0.013477519087 NaN NaN 0.008492360032 0.008492360032 0.008492360032 0.008412857889 0.008412857889 0.008412857889 0.024673636503 0.024673636503 0.024673636503 NaN 0.008274199884 0.008274199884 0.008274199884 NaN NaN NaN NaN NaN 0.015941108925 0.015941108925 0.015941108925 NaN 0.134492685828 0.134492685828"
General-4-20251226-14:24:05-81709,vector,AdhocNetwork1.host[23].rl,rlReward,,,"1 2 3 4 5 6 7 8 9 10 11 12 13 14 15 16 17 18 19 20 21 22 23 24 25 26 27 28 29 30 31 32 33 34 35 36 37 38 39 40 41 42 43 44 45 46 47 48 49 50","0.33333333333333 0 0.075887695230755 0.12705577896236 0.050640180370834 -0.66666666666667 -0.52121586975963 -0.52489983535366 -0.6188040146449 -0.5 -0.6 0.070367618100131 0.19734051432166 0.17446568714454 0.36836795674731 0.062497432541171 0.22240342996288 0.44755229161426 0.41835531540861 0.44964130130449 0.43056696169302 0.36924023420445 0.28285072682896 0.40338985575906 0.38823609980448 0.41349364043505 0.32012525294316 -0.24800695146592 -0.18836579294795 -0.17098183739878 -0.22524776647279 0.1582676683752 0.41496900971044 0.2632937644697 0.379593464114 0.41485957152203 0.21444571155388 0.3616792917133 0.43290059576275 0.14598913760326 0.21310704041025 0.3999759407667 0.37722331270052 0.34948799126956 0.39181506483178 0.44355023334101 0.38804651052874 0.41303015028566 0.37900913358446 0.36616689469991"
General-4-20251226-14:24:05-81709,vector,AdhocNetwork1.host[24].app[1],e2eDelayPeriodicSec,,,"1 2 3 4 5 6 7 8 9 10 11 12 13 14 15 16 17 18 19 20 21 22 23 24 25 26 27 28 29 30 31 32 33 34 35 36 37 38 39 40 41 42 43 44 45 46 47 48 49 50","NaN NaN NaN NaN NaN 0.042355305555 0.042355305555 0.042355305555 NaN NaN NaN 0.033863166388 0.033863166388 0.033863166388 NaN NaN 0.03173824883 0.03173824883 0.03173824883 NaN NaN NaN NaN NaN NaN 0.117619242151 0.117619242151 0.117619242151 NaN NaN 0.123794521282 0.123794521282 0.123794521282 NaN NaN NaN NaN 0.023717601659 0.023717601659 0.023717601659 NaN NaN 0.032505180247 0.032505180247 0.032505180247 0.016244490398 0.016244490398 0.016244490398 NaN NaN"
General-4-20251226-14:24:05-81709,vector,AdhocNetwork1.host[24].rl,rlReward,,,"1 2 3 4 5 6 7 8 9 10 11 12 13 14 15 16 17 18 19 20 21 22 23 24 25 26 27 28 29 30 31 32 33 34 35 36 37 38 39 40 41 42 43 44 45 46 47 48 49 50","0.33333333333333 0 0.042129394444833 0.33909462344698 0.3 0.3 0.3 0.36635706957225 0.38086154114574 0.37231736748317 0.34130213547242 0.3 0.029761880934074 0.70140531594299 0.045304174734366 0.033855491186008 0.075367945913586 0 0.046065392134311 0.12048219164365 0.13617617466995 0.018800173294607 0.26598570323968 0.014426994425014 -0.18557863811719 0 0.085739265379007 0.099331742015752 0.42793427226598 0.061761443692342 0 0.1181081188242 0.12257813143832 0.11307253200549 0.13568030294592 0.12304772067351 0.15778942939256 0.15266241576314 0 0.28710827131935 0.19014585001157 0.16652875284578 0 0.14042478352942 0.1238203956513 0.09992860641192 0.1204440293306 0.1236476694408 0.10030331194137 0.15146705303501"
