run,type,module,name,attrname,attrvalue,vectime,vecvalue
General-0-20251226-15:29:07-112570,runattr,,,configname,General,,
General-0-20251226-15:29:07-112570,runattr,,,datetime,20251226-15:29:07,,
General-0-20251226-15:29:07-112570,runattr,,,datetimef,20251226-152907,,
General-0-20251226-15:29:07-112570,runattr,,,experiment,General,,
General-0-20251226-15:29:07-112570,runattr,,,inifile,omnetpp.ini,,
General-0-20251226-15:29:07-112570,runattr,,,iterationvars,,,
General-0-20251226-15:29:07-112570,runattr,,,iterationvarsd,,,
General-0-20251226-15:29:07-112570,runattr,,,iterationvarsf,,,
General-0-20251226-15:29:07-112570,runattr,,,measurement,,,
General-0-20251226-15:29:07-112570,runattr,,,network,src.AdhocNetwork1,,
General-0-20251226-15:29:07-112570,runattr,,,processid,112570,,
General-0-20251226-15:29:07-112570,runattr,,,repetition,0,,
General-0-20251226-15:29:07-112570,runattr,,,replication,#0,,
General-0-20251226-15:29:07-112570,runattr,,,resultdir,results,,
General-0-20251226-15:29:07-112570,runattr,,,runnumber,0,,
General-0-20251226-15:29:07-112570,runattr,,,seedset,0,,
General-0-20251226-15:29:07-112570,config,,,image-path,../../../inet4.5/images,,
General-0-20251226-15:29:07-112570,config,,,repeat,5,,
General-0-20251226-15:29:07-112570,config,,,network,src.AdhocNetwork1,,
General-0-20251226-15:29:07-112570,config,,,sim-time-limit,50s,,
General-0-20251226-15:29:07-112570,config,,,*.host[*].ipv4.arp.typename,GlobalArp,,
General-0-20251226-15:29:07-112570,config,,,*.host[*].numApps,3,,
General-0-20251226-15:29:07-112570,config,,,*.host[*].app[0].typename,src.cluster.ClusterApp,,
General-0-20251226-15:29:07-112570,config,,,*.host[*].app[0].localPort,4000,,
General-0-20251226-15:29:07-112570,config,,,*.host[*].app[0].destPort,4000,,
General-0-20251226-15:29:07-112570,config,,,*.host[*].app[0].helloInterval,1s,,
General-0-20251226-15:29:07-112570,config,,,*.host[*].app[0].cfInterval,3s,,
General-0-20251226-15:29:07-112570,config,,,*.host[*].app[0].hldTimeThreshold,1s,,
General-0-20251226-15:29:07-112570,config,,,*.host[*].app[0].maxTrials,3,,
General-0-20251226-15:29:07-112570,config,,,*.host[*].app[0].requestTimeout,1s,,
General-0-20251226-15:29:07-112570,config,,,*.host[*].app[0].maxClusterSize,10,,
General-0-20251226-15:29:07-112570,config,,,*.host[*].app[1].typename,src.tcp.RecordingTcpClientApp,,
General-0-20251226-15:29:07-112570,config,,,*.host[*].app[1].delaySamplePeriod,1s,,
General-0-20251226-15:29:07-112570,config,,,*.host[*].app[1].delayStaleWindow,3s,,
General-0-20251226-15:29:07-112570,config,,,*.host[*].app[1].connectPort,1000,,
General-0-20251226-15:29:07-112570,config,,,*.host[*].app[1].tOpen,"uniform(1s, 2s)",,
General-0-20251226-15:29:07-112570,config,,,*.host[*].app[1].tSend,"uniform(1s, 2s)",,
General-0-20251226-15:29:07-112570,config,,,*.host[*].app[1].thinkTime,"uniform(0s, 1s)",,
General-0-20251226-15:29:07-112570,config,,,*.host[*].app[1].idleInterval,"uniform(3s, 5s)",,
General-0-20251226-15:29:07-112570,config,,,*.host[*].app[1].sendBytes,200B,,
General-0-20251226-15:29:07-112570,config,,,*.host[*].app[1].sendInterval,"uniform(1s, 2s)",,
General-0-20251226-15:29:07-112570,config,,,*.host[*].app[1].connectAddress,"""host["" + string((index + intuniform(1,24)) % 25) + ""]""",,
General-0-20251226-15:29:07-112570,config,,,*.host[*].app[2].typename,TcpEchoApp,,
General-0-20251226-15:29:07-112570,config,,,*.host[*].app[2].localPort,1000,,
General-0-20251226-15:29:07-112570,config,,,*.host[*].typename,RouterWithMetrics,,
General-0-20251226-15:29:07-112570,config,,,**.metrics.samplePeriod,0.5s,,
General-0-20251226-15:29:07-112570,config,,,**.metrics.recordPerUtility,true,,
General-0-20251226-15:29:07-112570,config,,,*.host[*].wlan[0].typename,WirelessInterface,,
General-0-20251226-15:29:07-112570,config,,,*.host[*].wlan[0].radio.transmitter.communicationRange,350m,,
General-0-20251226-15:29:07-112570,config,,,*.host[*].wlan[0].radio.receiver.ignoreInterference,false,,
General-0-20251226-15:29:07-112570,config,,,*.host[*].wlan[0].radio.transmitter.interferenceRange,400m,,
General-0-20251226-15:29:07-112570,config,,,*.host[*].wlan[0].radio.typename,UnitDiskRadio,,
General-0-20251226-15:29:07-112570,config,,,*.host[*].wlan[0].mac.typename,BMac,,
General-0-20251226-15:29:07-112570,config,,,*.host[*].wlan[0].mac.headerLength,1B,,
General-0-20251226-15:29:07-112570,config,,,*.host[*].wlan[0].mac.slotDuration,0.025s,,
General-0-20251226-15:29:07-112570,config,,,*.host[*].mobility.typename,RandomWaypointMobility,,
General-0-20251226-15:29:07-112570,config,,,*.host[*].mobility.speed,10mps,,
General-0-20251226-15:29:07-112570,config,,,*.host[*].mobility.waitTime,100ms,,
General-0-20251226-15:29:07-112570,config,,,*.host[*].wlan[0].queue.typename,DropTailQueue,,
General-0-20251226-15:29:07-112570,config,,,*.host[*].wlan[0].queue.packetCapacity,10,,
General-0-20251226-15:29:07-112570,config,,,*.host[*].hasStatus,true,,
General-0-20251226-15:29:07-112570,config,,,*.host[*].wlan[0].radio.energyConsumer.typename,StateBasedEpEnergyConsumer,,
General-0-20251226-15:29:07-112570,config,,,*.host[*].wlan[0].radio.energyConsumer.offPowerConsumption,0mW,,
General-0-20251226-15:29:07-112570,config,,,*.host[*].wlan[0].radio.energyConsumer.sleepPowerConsumption,1mW,,
General-0-20251226-15:29:07-112570,config,,,*.host[*].wlan[0].radio.energyConsumer.switchingPowerConsumption,1mW,,
General-0-20251226-15:29:07-112570,config,,,*.host[*].wlan[0].radio.energyConsumer.receiverIdlePowerConsumption,2mW,,
General-0-20251226-15:29:07-112570,config,,,*.host[*].wlan[0].radio.energyConsumer.receiverBusyPowerConsumption,5mW,,
General-0-20251226-15:29:07-112570,config,,,*.host[*].wlan[0].radio.energyConsumer.receiverReceivingPowerConsumption,10mW,,
General-0-20251226-15:29:07-112570,config,,,*.host[*].wlan[0].radio.energyConsumer.transmitterIdlePowerConsumption,2mW,,
General-0-20251226-15:29:07-112570,config,,,*.host[*].wlan[0].radio.energyConsumer.transmitterTransmittingPowerConsumption,100mW,,
General-0-20251226-15:29:07-112570,config,,,*.host[*].energyStorage.typename,SimpleEpEnergyStorage,,
General-0-20251226-15:29:07-112570,config,,,*.host[*].energyStorage.nominalCapacity,2J,,
General-0-20251226-15:29:07-112570,config,,,*.host[*].energyStorage.initialCapacity,2J,,
General-0-20251226-15:29:07-112570,config,,,*.host[*].energyManagement.typename,SimpleEpEnergyManagement,,
General-0-20251226-15:29:07-112570,config,,,*.host[*].energyManagement.nodeStartCapacity,0.0001J,,
General-0-20251226-15:29:07-112570,config,,,*.host[*].energyManagement.nodeShutdownCapacity,0.0001J,,
General-0-20251226-15:29:07-112570,config,,,*.host[*].**.bitrate,1Mbps,,
General-0-20251226-15:29:07-112570,config,,,*.host[*].forwarding,true,,
General-0-20251226-15:29:07-112570,config,,,*.host[*].mobility.constraintAreaMinX,0m,,
General-0-20251226-15:29:07-112570,config,,,*.host[*].mobility.constraintAreaMinY,0m,,
General-0-20251226-15:29:07-112570,config,,,*.host[*].mobility.constraintAreaMinZ,0m,,
General-0-20251226-15:29:07-112570,config,,,*.host[*].mobility.constraintAreaMaxX,1250m,,
General-0-20251226-15:29:07-112570,config,,,*.host[*].mobility.constraintAreaMaxY,1250m,,
General-0-20251226-15:29:07-112570,config,,,*.host[*].mobility.constraintAreaMaxZ,0m,,
General-0-20251226-15:29:07-112570,config,,,*.host[*].mobility.initialX,"uniform(100m, 1150m)",,
General-0-20251226-15:29:07-112570,config,,,*.host[*].mobility.initialY,"uniform(100m, 1150m)",,
General-0-20251226-15:29:07-112570,config,,,*.host[*].wlan[0].radio.displayCommunicationRange,true,,
General-0-20251226-15:29:07-112570,config,,,*.configurator.config,"xml(""<config><interface hosts='**' address='10.0.0.x' netmask='255.255.255.0'/></config>"")",,
General-0-20251226-15:29:07-112570,config,,,*.configurator.addDefaultRoutes,false,,
General-0-20251226-15:29:07-112570,config,,,*.configurator.addStaticRoutes,false,,
General-0-20251226-15:29:07-112570,config,,,*.configurator.optimizeRoutes,false,,
General-0-20251226-15:29:07-112570,config,,,*.host*.ipv4.routingTable.netmaskRoutes,"""""",,
General-0-20251226-15:29:07-112570,config,,,*.linkVisualizer.*.displayLinks,false,,
General-2-20251226-15:29:07-112569,runattr,,,configname,General,,
General-2-20251226-15:29:07-112569,runattr,,,datetime,20251226-15:29:07,,
General-2-20251226-15:29:07-112569,runattr,,,datetimef,20251226-152907,,
General-2-20251226-15:29:07-112569,runattr,,,experiment,General,,
General-2-20251226-15:29:07-112569,runattr,,,inifile,omnetpp.ini,,
General-2-20251226-15:29:07-112569,runattr,,,iterationvars,,,
General-2-20251226-15:29:07-112569,runattr,,,iterationvarsd,,,
General-2-20251226-15:29:07-112569,runattr,,,iterationvarsf,,,
General-2-20251226-15:29:07-112569,runattr,,,measurement,,,
General-2-20251226-15:29:07-112569,runattr,,,network,src.AdhocNetwork1,,
General-2-20251226-15:29:07-112569,runattr,,,processid,112569,,
General-2-20251226-15:29:07-112569,runattr,,,repetition,2,,
General-2-20251226-15:29:07-112569,runattr,,,replication,#2,,
General-2-20251226-15:29:07-112569,runattr,,,resultdir,results,,
General-2-20251226-15:29:07-112569,runattr,,,runnumber,2,,
General-2-20251226-15:29:07-112569,runattr,,,seedset,2,,
General-2-20251226-15:29:07-112569,config,,,image-path,../../../inet4.5/images,,
General-2-20251226-15:29:07-112569,config,,,repeat,5,,
General-2-20251226-15:29:07-112569,config,,,network,src.AdhocNetwork1,,
General-2-20251226-15:29:07-112569,config,,,sim-time-limit,50s,,
General-2-20251226-15:29:07-112569,config,,,*.host[*].ipv4.arp.typename,GlobalArp,,
General-2-20251226-15:29:07-112569,config,,,*.host[*].numApps,3,,
General-2-20251226-15:29:07-112569,config,,,*.host[*].app[0].typename,src.cluster.ClusterApp,,
General-2-20251226-15:29:07-112569,config,,,*.host[*].app[0].localPort,4000,,
General-2-20251226-15:29:07-112569,config,,,*.host[*].app[0].destPort,4000,,
General-2-20251226-15:29:07-112569,config,,,*.host[*].app[0].helloInterval,1s,,
General-2-20251226-15:29:07-112569,config,,,*.host[*].app[0].cfInterval,3s,,
General-2-20251226-15:29:07-112569,config,,,*.host[*].app[0].hldTimeThreshold,1s,,
General-2-20251226-15:29:07-112569,config,,,*.host[*].app[0].maxTrials,3,,
General-2-20251226-15:29:07-112569,config,,,*.host[*].app[0].requestTimeout,1s,,
General-2-20251226-15:29:07-112569,config,,,*.host[*].app[0].maxClusterSize,10,,
General-2-20251226-15:29:07-112569,config,,,*.host[*].app[1].typename,src.tcp.RecordingTcpClientApp,,
General-2-20251226-15:29:07-112569,config,,,*.host[*].app[1].delaySamplePeriod,1s,,
General-2-20251226-15:29:07-112569,config,,,*.host[*].app[1].delayStaleWindow,3s,,
General-2-20251226-15:29:07-112569,config,,,*.host[*].app[1].connectPort,1000,,
General-2-20251226-15:29:07-112569,config,,,*.host[*].app[1].tOpen,"uniform(1s, 2s)",,
General-2-20251226-15:29:07-112569,config,,,*.host[*].app[1].tSend,"uniform(1s, 2s)",,
General-2-20251226-15:29:07-112569,config,,,*.host[*].app[1].thinkTime,"uniform(0s, 1s)",,
General-2-20251226-15:29:07-112569,config,,,*.host[*].app[1].idleInterval,"uniform(3s, 5s)",,
General-2-20251226-15:29:07-112569,config,,,*.host[*].app[1].sendBytes,200B,,
General-2-20251226-15:29:07-112569,config,,,*.host[*].app[1].sendInterval,"uniform(1s, 2s)",,
General-2-20251226-15:29:07-112569,config,,,*.host[*].app[1].connectAddress,"""host["" + string((index + intuniform(1,24)) % 25) + ""]""",,
General-2-20251226-15:29:07-112569,config,,,*.host[*].app[2].typename,TcpEchoApp,,
General-2-20251226-15:29:07-112569,config,,,*.host[*].app[2].localPort,1000,,
General-2-20251226-15:29:07-112569,config,,,*.host[*].typename,RouterWithMetrics,,
General-2-20251226-15:29:07-112569,config,,,**.metrics.samplePeriod,0.5s,,
General-2-20251226-15:29:07-112569,config,,,**.metrics.recordPerUtility,true,,
General-2-20251226-15:29:07-112569,config,,,*.host[*].wlan[0].typename,WirelessInterface,,
General-2-20251226-15:29:07-112569,config,,,*.host[*].wlan[0].radio.transmitter.communicationRange,350m,,
General-2-20251226-15:29:07-112569,config,,,*.host[*].wlan[0].radio.receiver.ignoreInterference,false,,
General-2-20251226-15:29:07-112569,config,,,*.host[*].wlan[0].radio.transmitter.interferenceRange,400m,,
General-2-20251226-15:29:07-112569,config,,,*.host[*].wlan[0].radio.typename,UnitDiskRadio,,
General-2-20251226-15:29:07-112569,config,,,*.host[*].wlan[0].mac.typename,BMac,,
General-2-20251226-15:29:07-112569,config,,,*.host[*].wlan[0].mac.headerLength,1B,,
General-2-20251226-15:29:07-112569,config,,,*.host[*].wlan[0].mac.slotDuration,0.025s,,
General-2-20251226-15:29:07-112569,config,,,*.host[*].mobility.typename,RandomWaypointMobility,,
General-2-20251226-15:29:07-112569,config,,,*.host[*].mobility.speed,10mps,,
General-2-20251226-15:29:07-112569,config,,,*.host[*].mobility.waitTime,100ms,,
General-2-20251226-15:29:07-112569,config,,,*.host[*].wlan[0].queue.typename,DropTailQueue,,
General-2-20251226-15:29:07-112569,config,,,*.host[*].wlan[0].queue.packetCapacity,10,,
General-2-20251226-15:29:07-112569,config,,,*.host[*].hasStatus,true,,
General-2-20251226-15:29:07-112569,config,,,*.host[*].wlan[0].radio.energyConsumer.typename,StateBasedEpEnergyConsumer,,
General-2-20251226-15:29:07-112569,config,,,*.host[*].wlan[0].radio.energyConsumer.offPowerConsumption,0mW,,
General-2-20251226-15:29:07-112569,config,,,*.host[*].wlan[0].radio.energyConsumer.sleepPowerConsumption,1mW,,
General-2-20251226-15:29:07-112569,config,,,*.host[*].wlan[0].radio.energyConsumer.switchingPowerConsumption,1mW,,
General-2-20251226-15:29:07-112569,config,,,*.host[*].wlan[0].radio.energyConsumer.receiverIdlePowerConsumption,2mW,,
General-2-20251226-15:29:07-112569,config,,,*.host[*].wlan[0].radio.energyConsumer.receiverBusyPowerConsumption,5mW,,
General-2-20251226-15:29:07-112569,config,,,*.host[*].wlan[0].radio.energyConsumer.receiverReceivingPowerConsumption,10mW,,
General-2-20251226-15:29:07-112569,config,,,*.host[*].wlan[0].radio.energyConsumer.transmitterIdlePowerConsumption,2mW,,
General-2-20251226-15:29:07-112569,config,,,*.host[*].wlan[0].radio.energyConsumer.transmitterTransmittingPowerConsumption,100mW,,
General-2-20251226-15:29:07-112569,config,,,*.host[*].energyStorage.typename,SimpleEpEnergyStorage,,
General-2-20251226-15:29:07-112569,config,,,*.host[*].energyStorage.nominalCapacity,2J,,
General-2-20251226-15:29:07-112569,config,,,*.host[*].energyStorage.initialCapacity,2J,,
General-2-20251226-15:29:07-112569,config,,,*.host[*].energyManagement.typename,SimpleEpEnergyManagement,,
General-2-20251226-15:29:07-112569,config,,,*.host[*].energyManagement.nodeStartCapacity,0.0001J,,
General-2-20251226-15:29:07-112569,config,,,*.host[*].energyManagement.nodeShutdownCapacity,0.0001J,,
General-2-20251226-15:29:07-112569,config,,,*.host[*].**.bitrate,1Mbps,,
General-2-20251226-15:29:07-112569,config,,,*.host[*].forwarding,true,,
General-2-20251226-15:29:07-112569,config,,,*.host[*].mobility.constraintAreaMinX,0m,,
General-2-20251226-15:29:07-112569,config,,,*.host[*].mobility.constraintAreaMinY,0m,,
General-2-20251226-15:29:07-112569,config,,,*.host[*].mobility.constraintAreaMinZ,0m,,
General-2-20251226-15:29:07-112569,config,,,*.host[*].mobility.constraintAreaMaxX,1250m,,
General-2-20251226-15:29:07-112569,config,,,*.host[*].mobility.constraintAreaMaxY,1250m,,
General-2-20251226-15:29:07-112569,config,,,*.host[*].mobility.constraintAreaMaxZ,0m,,
General-2-20251226-15:29:07-112569,config,,,*.host[*].mobility.initialX,"uniform(100m, 1150m)",,
General-2-20251226-15:29:07-112569,config,,,*.host[*].mobility.initialY,"uniform(100m, 1150m)",,
General-2-20251226-15:29:07-112569,config,,,*.host[*].wlan[0].radio.displayCommunicationRange,true,,
General-2-20251226-15:29:07-112569,config,,,*.configurator.config,"xml(""<config><interface hosts='**' address='10.0.0.x' netmask='255.255.255.0'/></config>"")",,
General-2-20251226-15:29:07-112569,config,,,*.configurator.addDefaultRoutes,false,,
General-2-20251226-15:29:07-112569,config,,,*.configurator.addStaticRoutes,false,,
General-2-20251226-15:29:07-112569,config,,,*.configurator.optimizeRoutes,false,,
General-2-20251226-15:29:07-112569,config,,,*.host*.ipv4.routingTable.netmaskRoutes,"""""",,
General-2-20251226-15:29:07-112569,config,,,*.linkVisualizer.*.displayLinks,false,,
General-3-20251226-15:29:07-112568,runattr,,,configname,General,,
General-3-20251226-15:29:07-112568,runattr,,,datetime,20251226-15:29:07,,
General-3-20251226-15:29:07-112568,runattr,,,datetimef,20251226-152907,,
General-3-20251226-15:29:07-112568,runattr,,,experiment,General,,
General-3-20251226-15:29:07-112568,runattr,,,inifile,omnetpp.ini,,
General-3-20251226-15:29:07-112568,runattr,,,iterationvars,,,
General-3-20251226-15:29:07-112568,runattr,,,iterationvarsd,,,
General-3-20251226-15:29:07-112568,runattr,,,iterationvarsf,,,
General-3-20251226-15:29:07-112568,runattr,,,measurement,,,
General-3-20251226-15:29:07-112568,runattr,,,network,src.AdhocNetwork1,,
General-3-20251226-15:29:07-112568,runattr,,,processid,112568,,
General-3-20251226-15:29:07-112568,runattr,,,repetition,3,,
General-3-20251226-15:29:07-112568,runattr,,,replication,#3,,
General-3-20251226-15:29:07-112568,runattr,,,resultdir,results,,
General-3-20251226-15:29:07-112568,runattr,,,runnumber,3,,
General-3-20251226-15:29:07-112568,runattr,,,seedset,3,,
General-3-20251226-15:29:07-112568,config,,,image-path,../../../inet4.5/images,,
General-3-20251226-15:29:07-112568,config,,,repeat,5,,
General-3-20251226-15:29:07-112568,config,,,network,src.AdhocNetwork1,,
General-3-20251226-15:29:07-112568,config,,,sim-time-limit,50s,,
General-3-20251226-15:29:07-112568,config,,,*.host[*].ipv4.arp.typename,GlobalArp,,
General-3-20251226-15:29:07-112568,config,,,*.host[*].numApps,3,,
General-3-20251226-15:29:07-112568,config,,,*.host[*].app[0].typename,src.cluster.ClusterApp,,
General-3-20251226-15:29:07-112568,config,,,*.host[*].app[0].localPort,4000,,
General-3-20251226-15:29:07-112568,config,,,*.host[*].app[0].destPort,4000,,
General-3-20251226-15:29:07-112568,config,,,*.host[*].app[0].helloInterval,1s,,
General-3-20251226-15:29:07-112568,config,,,*.host[*].app[0].cfInterval,3s,,
General-3-20251226-15:29:07-112568,config,,,*.host[*].app[0].hldTimeThreshold,1s,,
General-3-20251226-15:29:07-112568,config,,,*.host[*].app[0].maxTrials,3,,
General-3-20251226-15:29:07-112568,config,,,*.host[*].app[0].requestTimeout,1s,,
General-3-20251226-15:29:07-112568,config,,,*.host[*].app[0].maxClusterSize,10,,
General-3-20251226-15:29:07-112568,config,,,*.host[*].app[1].typename,src.tcp.RecordingTcpClientApp,,
General-3-20251226-15:29:07-112568,config,,,*.host[*].app[1].delaySamplePeriod,1s,,
General-3-20251226-15:29:07-112568,config,,,*.host[*].app[1].delayStaleWindow,3s,,
General-3-20251226-15:29:07-112568,config,,,*.host[*].app[1].connectPort,1000,,
General-3-20251226-15:29:07-112568,config,,,*.host[*].app[1].tOpen,"uniform(1s, 2s)",,
General-3-20251226-15:29:07-112568,config,,,*.host[*].app[1].tSend,"uniform(1s, 2s)",,
General-3-20251226-15:29:07-112568,config,,,*.host[*].app[1].thinkTime,"uniform(0s, 1s)",,
General-3-20251226-15:29:07-112568,config,,,*.host[*].app[1].idleInterval,"uniform(3s, 5s)",,
General-3-20251226-15:29:07-112568,config,,,*.host[*].app[1].sendBytes,200B,,
General-3-20251226-15:29:07-112568,config,,,*.host[*].app[1].sendInterval,"uniform(1s, 2s)",,
General-3-20251226-15:29:07-112568,config,,,*.host[*].app[1].connectAddress,"""host["" + string((index + intuniform(1,24)) % 25) + ""]""",,
General-3-20251226-15:29:07-112568,config,,,*.host[*].app[2].typename,TcpEchoApp,,
General-3-20251226-15:29:07-112568,config,,,*.host[*].app[2].localPort,1000,,
General-3-20251226-15:29:07-112568,config,,,*.host[*].typename,RouterWithMetrics,,
General-3-20251226-15:29:07-112568,config,,,**.metrics.samplePeriod,0.5s,,
General-3-20251226-15:29:07-112568,config,,,**.metrics.recordPerUtility,true,,
General-3-20251226-15:29:07-112568,config,,,*.host[*].wlan[0].typename,WirelessInterface,,
General-3-20251226-15:29:07-112568,config,,,*.host[*].wlan[0].radio.transmitter.communicationRange,350m,,
General-3-20251226-15:29:07-112568,config,,,*.host[*].wlan[0].radio.receiver.ignoreInterference,false,,
General-3-20251226-15:29:07-112568,config,,,*.host[*].wlan[0].radio.transmitter.interferenceRange,400m,,
General-3-20251226-15:29:07-112568,config,,,*.host[*].wlan[0].radio.typename,UnitDiskRadio,,
General-3-20251226-15:29:07-112568,config,,,*.host[*].wlan[0].mac.typename,BMac,,
General-3-20251226-15:29:07-112568,config,,,*.host[*].wlan[0].mac.headerLength,1B,,
General-3-20251226-15:29:07-112568,config,,,*.host[*].wlan[0].mac.slotDuration,0.025s,,
General-3-20251226-15:29:07-112568,config,,,*.host[*].mobility.typename,RandomWaypointMobility,,
General-3-20251226-15:29:07-112568,config,,,*.host[*].mobility.speed,10mps,,
General-3-20251226-15:29:07-112568,config,,,*.host[*].mobility.waitTime,100ms,,
General-3-20251226-15:29:07-112568,config,,,*.host[*].wlan[0].queue.typename,DropTailQueue,,
General-3-20251226-15:29:07-112568,config,,,*.host[*].wlan[0].queue.packetCapacity,10,,
General-3-20251226-15:29:07-112568,config,,,*.host[*].hasStatus,true,,
General-3-20251226-15:29:07-112568,config,,,*.host[*].wlan[0].radio.energyConsumer.typename,StateBasedEpEnergyConsumer,,
General-3-20251226-15:29:07-112568,config,,,*.host[*].wlan[0].radio.energyConsumer.offPowerConsumption,0mW,,
General-3-20251226-15:29:07-112568,config,,,*.host[*].wlan[0].radio.energyConsumer.sleepPowerConsumption,1mW,,
General-3-20251226-15:29:07-112568,config,,,*.host[*].wlan[0].radio.energyConsumer.switchingPowerConsumption,1mW,,
General-3-20251226-15:29:07-112568,config,,,*.host[*].wlan[0].radio.energyConsumer.receiverIdlePowerConsumption,2mW,,
General-3-20251226-15:29:07-112568,config,,,*.host[*].wlan[0].radio.energyConsumer.receiverBusyPowerConsumption,5mW,,
General-3-20251226-15:29:07-112568,config,,,*.host[*].wlan[0].radio.energyConsumer.receiverReceivingPowerConsumption,10mW,,
General-3-20251226-15:29:07-112568,config,,,*.host[*].wlan[0].radio.energyConsumer.transmitterIdlePowerConsumption,2mW,,
General-3-20251226-15:29:07-112568,config,,,*.host[*].wlan[0].radio.energyConsumer.transmitterTransmittingPowerConsumption,100mW,,
General-3-20251226-15:29:07-112568,config,,,*.host[*].energyStorage.typename,SimpleEpEnergyStorage,,
General-3-20251226-15:29:07-112568,config,,,*.host[*].energyStorage.nominalCapacity,2J,,
General-3-20251226-15:29:07-112568,config,,,*.host[*].energyStorage.initialCapacity,2J,,
General-3-20251226-15:29:07-112568,config,,,*.host[*].energyManagement.typename,SimpleEpEnergyManagement,,
General-3-20251226-15:29:07-112568,config,,,*.host[*].energyManagement.nodeStartCapacity,0.0001J,,
General-3-20251226-15:29:07-112568,config,,,*.host[*].energyManagement.nodeShutdownCapacity,0.0001J,,
General-3-20251226-15:29:07-112568,config,,,*.host[*].**.bitrate,1Mbps,,
General-3-20251226-15:29:07-112568,config,,,*.host[*].forwarding,true,,
General-3-20251226-15:29:07-112568,config,,,*.host[*].mobility.constraintAreaMinX,0m,,
General-3-20251226-15:29:07-112568,config,,,*.host[*].mobility.constraintAreaMinY,0m,,
General-3-20251226-15:29:07-112568,config,,,*.host[*].mobility.constraintAreaMinZ,0m,,
General-3-20251226-15:29:07-112568,config,,,*.host[*].mobility.constraintAreaMaxX,1250m,,
General-3-20251226-15:29:07-112568,config,,,*.host[*].mobility.constraintAreaMaxY,1250m,,
General-3-20251226-15:29:07-112568,config,,,*.host[*].mobility.constraintAreaMaxZ,0m,,
General-3-20251226-15:29:07-112568,config,,,*.host[*].mobility.initialX,"uniform(100m, 1150m)",,
General-3-20251226-15:29:07-112568,config,,,*.host[*].mobility.initialY,"uniform(100m, 1150m)",,
General-3-20251226-15:29:07-112568,config,,,*.host[*].wlan[0].radio.displayCommunicationRange,true,,
General-3-20251226-15:29:07-112568,config,,,*.configurator.config,"xml(""<config><interface hosts='**' address='10.0.0.x' netmask='255.255.255.0'/></config>"")",,
General-3-20251226-15:29:07-112568,config,,,*.configurator.addDefaultRoutes,false,,
General-3-20251226-15:29:07-112568,config,,,*.configurator.addStaticRoutes,false,,
General-3-20251226-15:29:07-112568,config,,,*.configurator.optimizeRoutes,false,,
General-3-20251226-15:29:07-112568,config,,,*.host*.ipv4.routingTable.netmaskRoutes,"""""",,
General-3-20251226-15:29:07-112568,config,,,*.linkVisualizer.*.displayLinks,false,,
General-1-20251226-15:29:07-112572,runattr,,,configname,General,,
General-1-20251226-15:29:07-112572,runattr,,,datetime,20251226-15:29:07,,
General-1-20251226-15:29:07-112572,runattr,,,datetimef,20251226-152907,,
General-1-20251226-15:29:07-112572,runattr,,,experiment,General,,
General-1-20251226-15:29:07-112572,runattr,,,inifile,omnetpp.ini,,
General-1-20251226-15:29:07-112572,runattr,,,iterationvars,,,
General-1-20251226-15:29:07-112572,runattr,,,iterationvarsd,,,
General-1-20251226-15:29:07-112572,runattr,,,iterationvarsf,,,
General-1-20251226-15:29:07-112572,runattr,,,measurement,,,
General-1-20251226-15:29:07-112572,runattr,,,network,src.AdhocNetwork1,,
General-1-20251226-15:29:07-112572,runattr,,,processid,112572,,
General-1-20251226-15:29:07-112572,runattr,,,repetition,1,,
General-1-20251226-15:29:07-112572,runattr,,,replication,#1,,
General-1-20251226-15:29:07-112572,runattr,,,resultdir,results,,
General-1-20251226-15:29:07-112572,runattr,,,runnumber,1,,
General-1-20251226-15:29:07-112572,runattr,,,seedset,1,,
General-1-20251226-15:29:07-112572,config,,,image-path,../../../inet4.5/images,,
General-1-20251226-15:29:07-112572,config,,,repeat,5,,
General-1-20251226-15:29:07-112572,config,,,network,src.AdhocNetwork1,,
General-1-20251226-15:29:07-112572,config,,,sim-time-limit,50s,,
General-1-20251226-15:29:07-112572,config,,,*.host[*].ipv4.arp.typename,GlobalArp,,
General-1-20251226-15:29:07-112572,config,,,*.host[*].numApps,3,,
General-1-20251226-15:29:07-112572,config,,,*.host[*].app[0].typename,src.cluster.ClusterApp,,
General-1-20251226-15:29:07-112572,config,,,*.host[*].app[0].localPort,4000,,
General-1-20251226-15:29:07-112572,config,,,*.host[*].app[0].destPort,4000,,
General-1-20251226-15:29:07-112572,config,,,*.host[*].app[0].helloInterval,1s,,
General-1-20251226-15:29:07-112572,config,,,*.host[*].app[0].cfInterval,3s,,
General-1-20251226-15:29:07-112572,config,,,*.host[*].app[0].hldTimeThreshold,1s,,
General-1-20251226-15:29:07-112572,config,,,*.host[*].app[0].maxTrials,3,,
General-1-20251226-15:29:07-112572,config,,,*.host[*].app[0].requestTimeout,1s,,
General-1-20251226-15:29:07-112572,config,,,*.host[*].app[0].maxClusterSize,10,,
General-1-20251226-15:29:07-112572,config,,,*.host[*].app[1].typename,src.tcp.RecordingTcpClientApp,,
General-1-20251226-15:29:07-112572,config,,,*.host[*].app[1].delaySamplePeriod,1s,,
General-1-20251226-15:29:07-112572,config,,,*.host[*].app[1].delayStaleWindow,3s,,
General-1-20251226-15:29:07-112572,config,,,*.host[*].app[1].connectPort,1000,,
General-1-20251226-15:29:07-112572,config,,,*.host[*].app[1].tOpen,"uniform(1s, 2s)",,
General-1-20251226-15:29:07-112572,config,,,*.host[*].app[1].tSend,"uniform(1s, 2s)",,
General-1-20251226-15:29:07-112572,config,,,*.host[*].app[1].thinkTime,"uniform(0s, 1s)",,
General-1-20251226-15:29:07-112572,config,,,*.host[*].app[1].idleInterval,"uniform(3s, 5s)",,
General-1-20251226-15:29:07-112572,config,,,*.host[*].app[1].sendBytes,200B,,
General-1-20251226-15:29:07-112572,config,,,*.host[*].app[1].sendInterval,"uniform(1s, 2s)",,
General-1-20251226-15:29:07-112572,config,,,*.host[*].app[1].connectAddress,"""host["" + string((index + intuniform(1,24)) % 25) + ""]""",,
General-1-20251226-15:29:07-112572,config,,,*.host[*].app[2].typename,TcpEchoApp,,
General-1-20251226-15:29:07-112572,config,,,*.host[*].app[2].localPort,1000,,
General-1-20251226-15:29:07-112572,config,,,*.host[*].typename,RouterWithMetrics,,
General-1-20251226-15:29:07-112572,config,,,**.metrics.samplePeriod,0.5s,,
General-1-20251226-15:29:07-112572,config,,,**.metrics.recordPerUtility,true,,
General-1-20251226-15:29:07-112572,config,,,*.host[*].wlan[0].typename,WirelessInterface,,
General-1-20251226-15:29:07-112572,config,,,*.host[*].wlan[0].radio.transmitter.communicationRange,350m,,
General-1-20251226-15:29:07-112572,config,,,*.host[*].wlan[0].radio.receiver.ignoreInterference,false,,
General-1-20251226-15:29:07-112572,config,,,*.host[*].wlan[0].radio.transmitter.interferenceRange,400m,,
General-1-20251226-15:29:07-112572,config,,,*.host[*].wlan[0].radio.typename,UnitDiskRadio,,
General-1-20251226-15:29:07-112572,config,,,*.host[*].wlan[0].mac.typename,BMac,,
General-1-20251226-15:29:07-112572,config,,,*.host[*].wlan[0].mac.headerLength,1B,,
General-1-20251226-15:29:07-112572,config,,,*.host[*].wlan[0].mac.slotDuration,0.025s,,
General-1-20251226-15:29:07-112572,config,,,*.host[*].mobility.typename,RandomWaypointMobility,,
General-1-20251226-15:29:07-112572,config,,,*.host[*].mobility.speed,10mps,,
General-1-20251226-15:29:07-112572,config,,,*.host[*].mobility.waitTime,100ms,,
General-1-20251226-15:29:07-112572,config,,,*.host[*].wlan[0].queue.typename,DropTailQueue,,
General-1-20251226-15:29:07-112572,config,,,*.host[*].wlan[0].queue.packetCapacity,10,,
General-1-20251226-15:29:07-112572,config,,,*.host[*].hasStatus,true,,
General-1-20251226-15:29:07-112572,config,,,*.host[*].wlan[0].radio.energyConsumer.typename,StateBasedEpEnergyConsumer,,
General-1-20251226-15:29:07-112572,config,,,*.host[*].wlan[0].radio.energyConsumer.offPowerConsumption,0mW,,
General-1-20251226-15:29:07-112572,config,,,*.host[*].wlan[0].radio.energyConsumer.sleepPowerConsumption,1mW,,
General-1-20251226-15:29:07-112572,config,,,*.host[*].wlan[0].radio.energyConsumer.switchingPowerConsumption,1mW,,
General-1-20251226-15:29:07-112572,config,,,*.host[*].wlan[0].radio.energyConsumer.receiverIdlePowerConsumption,2mW,,
General-1-20251226-15:29:07-112572,config,,,*.host[*].wlan[0].radio.energyConsumer.receiverBusyPowerConsumption,5mW,,
General-1-20251226-15:29:07-112572,config,,,*.host[*].wlan[0].radio.energyConsumer.receiverReceivingPowerConsumption,10mW,,
General-1-20251226-15:29:07-112572,config,,,*.host[*].wlan[0].radio.energyConsumer.transmitterIdlePowerConsumption,2mW,,
General-1-20251226-15:29:07-112572,config,,,*.host[*].wlan[0].radio.energyConsumer.transmitterTransmittingPowerConsumption,100mW,,
General-1-20251226-15:29:07-112572,config,,,*.host[*].energyStorage.typename,SimpleEpEnergyStorage,,
General-1-20251226-15:29:07-112572,config,,,*.host[*].energyStorage.nominalCapacity,2J,,
General-1-20251226-15:29:07-112572,config,,,*.host[*].energyStorage.initialCapacity,2J,,
General-1-20251226-15:29:07-112572,config,,,*.host[*].energyManagement.typename,SimpleEpEnergyManagement,,
General-1-20251226-15:29:07-112572,config,,,*.host[*].energyManagement.nodeStartCapacity,0.0001J,,
General-1-20251226-15:29:07-112572,config,,,*.host[*].energyManagement.nodeShutdownCapacity,0.0001J,,
General-1-20251226-15:29:07-112572,config,,,*.host[*].**.bitrate,1Mbps,,
General-1-20251226-15:29:07-112572,config,,,*.host[*].forwarding,true,,
General-1-20251226-15:29:07-112572,config,,,*.host[*].mobility.constraintAreaMinX,0m,,
General-1-20251226-15:29:07-112572,config,,,*.host[*].mobility.constraintAreaMinY,0m,,
General-1-20251226-15:29:07-112572,config,,,*.host[*].mobility.constraintAreaMinZ,0m,,
General-1-20251226-15:29:07-112572,config,,,*.host[*].mobility.constraintAreaMaxX,1250m,,
General-1-20251226-15:29:07-112572,config,,,*.host[*].mobility.constraintAreaMaxY,1250m,,
General-1-20251226-15:29:07-112572,config,,,*.host[*].mobility.constraintAreaMaxZ,0m,,
General-1-20251226-15:29:07-112572,config,,,*.host[*].mobility.initialX,"uniform(100m, 1150m)",,
General-1-20251226-15:29:07-112572,config,,,*.host[*].mobility.initialY,"uniform(100m, 1150m)",,
General-1-20251226-15:29:07-112572,config,,,*.host[*].wlan[0].radio.displayCommunicationRange,true,,
General-1-20251226-15:29:07-112572,config,,,*.configurator.config,"xml(""<config><interface hosts='**' address='10.0.0.x' netmask='255.255.255.0'/></config>"")",,
General-1-20251226-15:29:07-112572,config,,,*.configurator.addDefaultRoutes,false,,
General-1-20251226-15:29:07-112572,config,,,*.configurator.addStaticRoutes,false,,
General-1-20251226-15:29:07-112572,config,,,*.configurator.optimizeRoutes,false,,
General-1-20251226-15:29:07-112572,config,,,*.host*.ipv4.routingTable.netmaskRoutes,"""""",,
General-1-20251226-15:29:07-112572,config,,,*.linkVisualizer.*.displayLinks,false,,
General-4-20251226-15:29:07-112571,runattr,,,configname,General,,
General-4-20251226-15:29:07-112571,runattr,,,datetime,20251226-15:29:07,,
General-4-20251226-15:29:07-112571,runattr,,,datetimef,20251226-152907,,
General-4-20251226-15:29:07-112571,runattr,,,experiment,General,,
General-4-20251226-15:29:07-112571,runattr,,,inifile,omnetpp.ini,,
General-4-20251226-15:29:07-112571,runattr,,,iterationvars,,,
General-4-20251226-15:29:07-112571,runattr,,,iterationvarsd,,,
General-4-20251226-15:29:07-112571,runattr,,,iterationvarsf,,,
General-4-20251226-15:29:07-112571,runattr,,,measurement,,,
General-4-20251226-15:29:07-112571,runattr,,,network,src.AdhocNetwork1,,
General-4-20251226-15:29:07-112571,runattr,,,processid,112571,,
General-4-20251226-15:29:07-112571,runattr,,,repetition,4,,
General-4-20251226-15:29:07-112571,runattr,,,replication,#4,,
General-4-20251226-15:29:07-112571,runattr,,,resultdir,results,,
General-4-20251226-15:29:07-112571,runattr,,,runnumber,4,,
General-4-20251226-15:29:07-112571,runattr,,,seedset,4,,
General-4-20251226-15:29:07-112571,config,,,image-path,../../../inet4.5/images,,
General-4-20251226-15:29:07-112571,config,,,repeat,5,,
General-4-20251226-15:29:07-112571,config,,,network,src.AdhocNetwork1,,
General-4-20251226-15:29:07-112571,config,,,sim-time-limit,50s,,
General-4-20251226-15:29:07-112571,config,,,*.host[*].ipv4.arp.typename,GlobalArp,,
General-4-20251226-15:29:07-112571,config,,,*.host[*].numApps,3,,
General-4-20251226-15:29:07-112571,config,,,*.host[*].app[0].typename,src.cluster.ClusterApp,,
General-4-20251226-15:29:07-112571,config,,,*.host[*].app[0].localPort,4000,,
General-4-20251226-15:29:07-112571,config,,,*.host[*].app[0].destPort,4000,,
General-4-20251226-15:29:07-112571,config,,,*.host[*].app[0].helloInterval,1s,,
General-4-20251226-15:29:07-112571,config,,,*.host[*].app[0].cfInterval,3s,,
General-4-20251226-15:29:07-112571,config,,,*.host[*].app[0].hldTimeThreshold,1s,,
General-4-20251226-15:29:07-112571,config,,,*.host[*].app[0].maxTrials,3,,
General-4-20251226-15:29:07-112571,config,,,*.host[*].app[0].requestTimeout,1s,,
General-4-20251226-15:29:07-112571,config,,,*.host[*].app[0].maxClusterSize,10,,
General-4-20251226-15:29:07-112571,config,,,*.host[*].app[1].typename,src.tcp.RecordingTcpClientApp,,
General-4-20251226-15:29:07-112571,config,,,*.host[*].app[1].delaySamplePeriod,1s,,
General-4-20251226-15:29:07-112571,config,,,*.host[*].app[1].delayStaleWindow,3s,,
General-4-20251226-15:29:07-112571,config,,,*.host[*].app[1].connectPort,1000,,
General-4-20251226-15:29:07-112571,config,,,*.host[*].app[1].tOpen,"uniform(1s, 2s)",,
General-4-20251226-15:29:07-112571,config,,,*.host[*].app[1].tSend,"uniform(1s, 2s)",,
General-4-20251226-15:29:07-112571,config,,,*.host[*].app[1].thinkTime,"uniform(0s, 1s)",,
General-4-20251226-15:29:07-112571,config,,,*.host[*].app[1].idleInterval,"uniform(3s, 5s)",,
General-4-20251226-15:29:07-112571,config,,,*.host[*].app[1].sendBytes,200B,,
General-4-20251226-15:29:07-112571,config,,,*.host[*].app[1].sendInterval,"uniform(1s, 2s)",,
General-4-20251226-15:29:07-112571,config,,,*.host[*].app[1].connectAddress,"""host["" + string((index + intuniform(1,24)) % 25) + ""]""",,
General-4-20251226-15:29:07-112571,config,,,*.host[*].app[2].typename,TcpEchoApp,,
General-4-20251226-15:29:07-112571,config,,,*.host[*].app[2].localPort,1000,,
General-4-20251226-15:29:07-112571,config,,,*.host[*].typename,RouterWithMetrics,,
General-4-20251226-15:29:07-112571,config,,,**.metrics.samplePeriod,0.5s,,
General-4-20251226-15:29:07-112571,config,,,**.metrics.recordPerUtility,true,,
General-4-20251226-15:29:07-112571,config,,,*.host[*].wlan[0].typename,WirelessInterface,,
General-4-20251226-15:29:07-112571,config,,,*.host[*].wlan[0].radio.transmitter.communicationRange,350m,,
General-4-20251226-15:29:07-112571,config,,,*.host[*].wlan[0].radio.receiver.ignoreInterference,false,,
General-4-20251226-15:29:07-112571,config,,,*.host[*].wlan[0].radio.transmitter.interferenceRange,400m,,
General-4-20251226-15:29:07-112571,config,,,*.host[*].wlan[0].radio.typename,UnitDiskRadio,,
General-4-20251226-15:29:07-112571,config,,,*.host[*].wlan[0].mac.typename,BMac,,
General-4-20251226-15:29:07-112571,config,,,*.host[*].wlan[0].mac.headerLength,1B,,
General-4-20251226-15:29:07-112571,config,,,*.host[*].wlan[0].mac.slotDuration,0.025s,,
General-4-20251226-15:29:07-112571,config,,,*.host[*].mobility.typename,RandomWaypointMobility,,
General-4-20251226-15:29:07-112571,config,,,*.host[*].mobility.speed,10mps,,
General-4-20251226-15:29:07-112571,config,,,*.host[*].mobility.waitTime,100ms,,
General-4-20251226-15:29:07-112571,config,,,*.host[*].wlan[0].queue.typename,DropTailQueue,,
General-4-20251226-15:29:07-112571,config,,,*.host[*].wlan[0].queue.packetCapacity,10,,
General-4-20251226-15:29:07-112571,config,,,*.host[*].hasStatus,true,,
General-4-20251226-15:29:07-112571,config,,,*.host[*].wlan[0].radio.energyConsumer.typename,StateBasedEpEnergyConsumer,,
General-4-20251226-15:29:07-112571,config,,,*.host[*].wlan[0].radio.energyConsumer.offPowerConsumption,0mW,,
General-4-20251226-15:29:07-112571,config,,,*.host[*].wlan[0].radio.energyConsumer.sleepPowerConsumption,1mW,,
General-4-20251226-15:29:07-112571,config,,,*.host[*].wlan[0].radio.energyConsumer.switchingPowerConsumption,1mW,,
General-4-20251226-15:29:07-112571,config,,,*.host[*].wlan[0].radio.energyConsumer.receiverIdlePowerConsumption,2mW,,
General-4-20251226-15:29:07-112571,config,,,*.host[*].wlan[0].radio.energyConsumer.receiverBusyPowerConsumption,5mW,,
General-4-20251226-15:29:07-112571,config,,,*.host[*].wlan[0].radio.energyConsumer.receiverReceivingPowerConsumption,10mW,,
General-4-20251226-15:29:07-112571,config,,,*.host[*].wlan[0].radio.energyConsumer.transmitterIdlePowerConsumption,2mW,,
General-4-20251226-15:29:07-112571,config,,,*.host[*].wlan[0].radio.energyConsumer.transmitterTransmittingPowerConsumption,100mW,,
General-4-20251226-15:29:07-112571,config,,,*.host[*].energyStorage.typename,SimpleEpEnergyStorage,,
General-4-20251226-15:29:07-112571,config,,,*.host[*].energyStorage.nominalCapacity,2J,,
General-4-20251226-15:29:07-112571,config,,,*.host[*].energyStorage.initialCapacity,2J,,
General-4-20251226-15:29:07-112571,config,,,*.host[*].energyManagement.typename,SimpleEpEnergyManagement,,
General-4-20251226-15:29:07-112571,config,,,*.host[*].energyManagement.nodeStartCapacity,0.0001J,,
General-4-20251226-15:29:07-112571,config,,,*.host[*].energyManagement.nodeShutdownCapacity,0.0001J,,
General-4-20251226-15:29:07-112571,config,,,*.host[*].**.bitrate,1Mbps,,
General-4-20251226-15:29:07-112571,config,,,*.host[*].forwarding,true,,
General-4-20251226-15:29:07-112571,config,,,*.host[*].mobility.constraintAreaMinX,0m,,
General-4-20251226-15:29:07-112571,config,,,*.host[*].mobility.constraintAreaMinY,0m,,
General-4-20251226-15:29:07-112571,config,,,*.host[*].mobility.constraintAreaMinZ,0m,,
General-4-20251226-15:29:07-112571,config,,,*.host[*].mobility.constraintAreaMaxX,1250m,,
General-4-20251226-15:29:07-112571,config,,,*.host[*].mobility.constraintAreaMaxY,1250m,,
General-4-20251226-15:29:07-112571,config,,,*.host[*].mobility.constraintAreaMaxZ,0m,,
General-4-20251226-15:29:07-112571,config,,,*.host[*].mobility.initialX,"uniform(100m, 1150m)",,
General-4-20251226-15:29:07-112571,config,,,*.host[*].mobility.initialY,"uniform(100m, 1150m)",,
General-4-20251226-15:29:07-112571,config,,,*.host[*].wlan[0].radio.displayCommunicationRange,true,,
General-4-20251226-15:29:07-112571,config,,,*.configurator.config,"xml(""<config><interface hosts='**' address='10.0.0.x' netmask='255.255.255.0'/></config>"")",,
General-4-20251226-15:29:07-112571,config,,,*.configurator.addDefaultRoutes,false,,
General-4-20251226-15:29:07-112571,config,,,*.configurator.addStaticRoutes,false,,
General-4-20251226-15:29:07-112571,config,,,*.configurator.optimizeRoutes,false,,
General-4-20251226-15:29:07-112571,config,,,*.host*.ipv4.routingTable.netmaskRoutes,"""""",,
General-4-20251226-15:29:07-112571,config,,,*.linkVisualizer.*.displayLinks,false,,
General-0-20251226-15:29:07-112570,vector,AdhocNetwork1.host[0].app[1],e2eDelayPeriodicSec,,,"1 2 3 4 5 6 7 8 9 10 11 12 13 14 15 16 17 18 19 20 21 22 23 24 25 26 27 28 29 30 31 32 33 34 35 36 37 38 39 40 41 42 43 44 45 46 47 48 49 50","NaN NaN NaN NaN NaN NaN NaN NaN NaN NaN NaN NaN NaN NaN NaN NaN NaN NaN NaN NaN NaN NaN NaN NaN NaN NaN NaN NaN NaN NaN NaN NaN NaN NaN NaN NaN NaN NaN NaN NaN NaN NaN NaN NaN NaN NaN NaN NaN NaN NaN"
General-0-20251226-15:29:07-112570,vector,AdhocNetwork1.host[0].rl,rlReward,,,"1 2 3 4 5 6 7 8 9 10 11 12 13 14 15 16 17 18 19 20 21 22 23 24 25 26 27 28 29 30 31 32 33 34 35 36 37 38 39 40 41 42 43 44 45 46 47 48 49 50","0.33333333333333 0 2.1625504098566e-06 0 0.37308547515857 0 0.35354330426589 0.31934803808017 0.37962215691625 0.40036083427385 0.34817771399024 0.35313617749274 0.37286940751026 0.36728830165878 0.37740585610871 0.40622740250298 0.37963957244619 0.39342742486176 0.32354847498019 0.38129269809398 0.35994751363341 0.41145775591898 0.37705145852237 0.23982588303752 0.40471048775728 0.36591598379439 0.41187917033353 0.37030098473787 0.40119601479265 0.39657624832624 0.40424390077654 0.42971257625446 0.39695112541242 0.36078895747118 0.40597424411075 0.40014680822644 0.39789141859106 0.38476421078186 0.38830120532392 0.40783877959824 0.40410798312766 0.41015922621257 0.37907739066115 0.34636715747065 0.36384918908988 0.40229731631923 0.39967549080497 0.39479617674271 0.3997258454209 0.41365363343548"
General-0-20251226-15:29:07-112570,vector,AdhocNetwork1.host[1].app[1],e2eDelayPeriodicSec,,,"1 2 3 4 5 6 7 8 9 10 11 12 13 14 15 16 17 18 19 20 21 22 23 24 25 26 27 28 29 30 31 32 33 34 35 36 37 38 39 40 41 42 43 44 45 46 47 48 49 50","NaN NaN NaN NaN NaN NaN NaN NaN NaN NaN NaN NaN NaN NaN NaN NaN NaN NaN NaN NaN NaN NaN NaN NaN NaN NaN NaN NaN NaN NaN NaN NaN NaN NaN NaN NaN NaN NaN NaN NaN NaN NaN NaN NaN NaN NaN NaN NaN NaN NaN"
General-0-20251226-15:29:07-112570,vector,AdhocNetwork1.host[1].rl,rlReward,,,"1 2 3 4 5 6 7 8 9 10 11 12 13 14 15 16 17 18 19 20 21 22 23 24 25 26 27 28 29 30 31 32 33 34 35 36 37 38 39 40 41 42 43 44 45 46 47 48 49 50","0.33333333333333 0 0.3 0.35945087338307 0.30907843905032 0 0.0073444269837887 0 0.080742232321868 0.031622447328023 0.14915293973644 0.072467127913732 0.017213163250591 0.1117710993085 0.10690864666172 0.056761808615642 0.051710544886046 0.11468670209871 0.38714560354686 0.37236028094242 0.073321370844125 0.057469851013613 0.0037950578963766 0.045567991896404 0.032991852754209 0.25246054820954 0.36606067746401 0.39744418554566 0.36241696971453 0.38247207974057 0.38894613986346 0.1723540347793 0.4026128292277 0.38692539833461 0.25253912253486 0.20190201054123 0.23210965007707 0.24409648176899 0.19271618031901 -0.071378403458256 0.24606218481263 0.24887991767729 0.25191208540346 0.21977601931841 0.2750231950209 0.23018712369935 -0.074718913305564 0.22570950402593 0.24422782938624 0.24699012758662"
General-0-20251226-15:29:07-112570,vector,AdhocNetwork1.host[2].app[1],e2eDelayPeriodicSec,,,"1 2 3 4 5 6 7 8 9 10 11 12 13 14 15 16 17 18 19 20 21 22 23 24 25 26 27 28 29 30 31 32 33 34 35 36 37 38 39 40 41 42 43 44 45 46 47 48 49 50","NaN NaN NaN NaN NaN NaN NaN NaN NaN NaN NaN NaN NaN NaN NaN NaN NaN NaN NaN NaN NaN NaN NaN NaN NaN NaN NaN NaN NaN NaN NaN NaN NaN NaN NaN NaN NaN NaN NaN NaN NaN NaN NaN NaN NaN NaN NaN NaN NaN NaN"
General-0-20251226-15:29:07-112570,vector,AdhocNetwork1.host[2].rl,rlReward,,,"1 2 3 4 5 6 7 8 9 10 11 12 13 14 15 16 17 18 19 20 21 22 23 24 25 26 27 28 29 30 31 32 33 34 35 36 37 38 39 40 41 42 43 44 45 46 47 48 49 50","0.33333333333333 0 0 0.011807124389675 0.018208561583337 -0.2 0.1 0.015480816299782 0.0014474338487254 0 0.053111203072949 0.039161963785222 0 0.1 0.12405580535842 0.10784899170932 0.20815692647846 0.21025140753573 0.059374043864783 0.2356974699835 0.047933622894298 0.16061741577369 0.16859475348711 0.21947644431902 0.2167848679452 0.14436577444992 0.26300312568857 0.29118465823791 0.2258602835956 0.26596678510704 0.089485155752994 0.37537911368972 0.3820482512175 -0.093752311718951 0.2601476028763 0.20273033962156 0.2450684812809 0.23285676040074 0.1852487746835 0.18320591088474 0.13876935846124 0.19575289999169 0.14266556028323 0.17128039358209 0.20485132025733 0.1708684168727 0.20610137370186 0.24277507524667 0.12210600251912 0.5"
General-0-20251226-15:29:07-112570,vector,AdhocNetwork1.host[3].app[1],e2eDelayPeriodicSec,,,"1 2 3 4 5 6 7 8 9 10 11 12 13 14 15 16 17 18 19 20 21 22 23 24 25 26 27 28 29 30 31 32 33 34 35 36 37 38 39 40 41 42 43 44 45 46 47 48 49 50","NaN NaN NaN NaN NaN NaN NaN NaN NaN NaN NaN NaN NaN NaN NaN NaN NaN NaN NaN NaN NaN NaN NaN NaN NaN NaN NaN NaN NaN NaN NaN NaN NaN NaN NaN NaN NaN NaN NaN NaN NaN NaN NaN NaN NaN NaN NaN NaN NaN NaN"
General-0-20251226-15:29:07-112570,vector,AdhocNetwork1.host[3].rl,rlReward,,,"1 2 3 4 5 6 7 8 9 10 11 12 13 14 15 16 17 18 19 20 21 22 23 24 25 26 27 28 29 30 31 32 33 34 35 36 37 38 39 40 41 42 43 44 45 46 47 48 49 50","0.33333333333333 0 0.043239249175359 0.022672505256506 0.024957678464089 0 0.03386382878514 0 0.39106309196762 0.35653715343299 0.41061540136693 0.40214793580628 0.33413727578227 0.32720020018965 0.37038026612817 0.36889822851471 0.3628374560825 0.37791041679509 0.33030182218616 0.3 0.32928395703779 0.38807340244583 0.072589481301359 0.32383722355314 0.38755444964058 0.33775117434938 -0.090769103129215 0.33473747107961 0.3813460991028 0.33231602547453 0.33384983727993 0.35951620337895 0.31352016666198 0.36128253648268 0.40994656055756 0.3830983265962 0.36851830793755 0.30948698667532 0.3 0.37431458563658 0.34316393279078 0.34570065632153 0.38064995311174 0.34425861198865 0.30204327401932 0.35123669866641 0.31560467570291 0.39275486469608 0.3716260479443 0.419852160717"
General-0-20251226-15:29:07-112570,vector,AdhocNetwork1.host[4].app[1],e2eDelayPeriodicSec,,,"1 2 3 4 5 6 7 8 9 10 11 12 13 14 15 16 17 18 19 20 21 22 23 24 25 26 27 28 29 30 31 32 33 34 35 36 37 38 39 40 41 42 43 44 45 46 47 48 49 50","NaN NaN NaN NaN NaN NaN NaN NaN NaN NaN NaN NaN NaN NaN NaN NaN NaN NaN NaN NaN NaN NaN NaN NaN NaN NaN NaN NaN NaN NaN NaN NaN NaN NaN NaN NaN NaN NaN NaN NaN NaN NaN NaN NaN NaN NaN NaN NaN NaN NaN"
General-0-20251226-15:29:07-112570,vector,AdhocNetwork1.host[4].rl,rlReward,,,"1 2 3 4 5 6 7 8 9 10 11 12 13 14 15 16 17 18 19 20 21 22 23 24 25 26 27 28 29 30 31 32 33 34 35 36 37 38 39 40 41 42 43 44 45 46 47 48 49 50","0.33333333333333 0 0.3 0.31153301794029 0.042893420733736 0.0954759524166 0.05292801526412 0.05406735026053 0.10851137506635 0.38604273303606 0.36030216933727 0.34306659169494 0.37007040525498 0.057313716074842 0.35260182532917 0.31658182188708 0.34486975704699 0.026473386369843 0.35750535037853 0.32879747250487 0.33714537567325 0.38015598422751 0.35368502604636 0.33475311868776 0.3558343350743 0.3 0.38561791399363 0.34509310455884 0.054349580711129 0.33962722108772 0.33229611150681 0.31331535487461 0.40890654940276 0.40092753967649 0.3505880568988 0.36006101329621 0.3467104982168 0.022747329843992 0.31590907729631 0.36336727978275 0.3165364444325 0.3 0.31047813967897 0.38511015234887 0.335709429188 0.33360020803955 0.22368440825016 0.33716333780673 0.20408342587896 0.38336134197027"
General-0-20251226-15:29:07-112570,vector,AdhocNetwork1.host[5].app[1],e2eDelayPeriodicSec,,,"1 2 3 4 5 6 7 8 9 10 11 12 13 14 15 16 17 18 19 20 21 22 23 24 25 26 27 28 29 30 31 32 33 34 35 36 37 38 39 40 41 42 43 44 45 46 47 48 49 50","NaN NaN NaN NaN NaN NaN NaN NaN NaN NaN NaN NaN NaN NaN NaN NaN NaN NaN NaN NaN NaN NaN NaN NaN NaN NaN NaN NaN NaN NaN NaN NaN NaN NaN NaN NaN NaN NaN NaN NaN NaN NaN NaN NaN NaN NaN NaN NaN NaN NaN"
General-0-20251226-15:29:07-112570,vector,AdhocNetwork1.host[5].rl,rlReward,,,"1 2 3 4 5 6 7 8 9 10 11 12 13 14 15 16 17 18 19 20 21 22 23 24 25 26 27 28 29 30 31 32 33 34 35 36 37 38 39 40 41 42 43 44 45 46 47 48 49 50","0.33333333333333 0 0.085646137259267 0.019423593410769 0.078226631160401 0.049461375676595 0.11046920941235 0.091285321976642 0.096607442177903 -0.029240111132008 0.13093706672706 0.11479230030773 0.14882352636631 0.13091740504617 0.13664232539362 0.36205590006945 0.078372171232716 0.095374503952663 0.071327119672008 0.095777946381798 0.14746697401905 0.07649562814881 0.078888138624479 0.11016575674174 0.04329312714988 0.10423132249918 0.12077883701631 0.11623830055725 0.046462438740202 0.10975039533059 0.41815786100854 0.41083315220344 0.41150653119677 0.42308759625621 0.45761220195179 0.44756963782232 0.43799474141976 0.45073543330425 0.41068188209325 0.42640399321198 0.44907930170987 0.43541653896762 0.43796032334035 0.15460981013782 0.44766907723632 0.46182441867864 0.42817012436812 0.40603154220278 0.41571512195486 0.46236179585735"
General-0-20251226-15:29:07-112570,vector,AdhocNetwork1.host[6].app[1],e2eDelayPeriodicSec,,,"1 2 3 4 5 6 7 8 9 10 11 12 13 14 15 16 17 18 19 20 21 22 23 24 25 26 27 28 29 30 31 32 33 34 35 36 37 38 39 40 41 42 43 44 45 46 47 48 49 50","NaN NaN NaN NaN NaN NaN NaN NaN NaN NaN NaN NaN NaN NaN NaN NaN NaN NaN NaN NaN NaN NaN NaN NaN NaN NaN NaN NaN NaN NaN NaN NaN NaN NaN NaN NaN NaN NaN NaN NaN NaN NaN NaN NaN NaN NaN NaN NaN NaN NaN"
General-0-20251226-15:29:07-112570,vector,AdhocNetwork1.host[6].rl,rlReward,,,"1 2 3 4 5 6 7 8 9 10 11 12 13 14 15 16 17 18 19 20 21 22 23 24 25 26 27 28 29 30 31 32 33 34 35 36 37 38 39 40 41 42 43 44 45 46 47 48 49 50","0.33333333333333 0 0.34462809362159 0.1267716484271 0.38117662774188 0.30356187852212 0 0.32828009154282 0.36267385525662 0.38088720858247 0.30722379458543 -0.17815053137177 0.36237126294746 0.3 0.3 0.34106985811039 0.36627683874183 0.34313040052349 0.30338732042902 0.34001020520768 0.35635126433898 -0.18036710011753 0.34769843865823 0.36843948535116 0.30129662793189 0.35006931793117 0.32823850120037 0.35396221649103 0.3 0.3 0.34603600422667 0.070999395236428 0.34961339621727 0.31882298145996 -0.15354863661154 0.3 0.39692369087031 0.098692378962439 0 0.42128634945797 0.41452096247172 0.43460247069149 -0.020314091393879 0.45110287539796 0.46737959665631 0.46255141323673 0.84382692056275 0.4604067227272 0.45532745134978 0.44832529561463"
General-0-20251226-15:29:07-112570,vector,AdhocNetwork1.host[7].app[1],e2eDelayPeriodicSec,,,"1 2 3 4 5 6 7 8 9 10 11 12 13 14 15 16 17 18 19 20 21 22 23 24 25 26 27 28 29 30 31 32 33 34 35 36 37 38 39 40 41 42 43 44 45 46 47 48 49 50","NaN NaN NaN NaN NaN NaN NaN NaN NaN NaN NaN NaN NaN NaN NaN NaN NaN NaN NaN NaN NaN NaN NaN NaN NaN NaN NaN NaN NaN NaN NaN NaN NaN NaN NaN NaN NaN NaN NaN NaN NaN NaN NaN NaN NaN NaN NaN NaN NaN NaN"
General-0-20251226-15:29:07-112570,vector,AdhocNetwork1.host[7].rl,rlReward,,,"1 2 3 4 5 6 7 8 9 10 11 12 13 14 15 16 17 18 19 20 21 22 23 24 25 26 27 28 29 30 31 32 33 34 35 36 37 38 39 40 41 42 43 44 45 46 47 48 49 50","0.33333333333333 0 0.3 0.33823075304328 0.05411575375634 0.17973191533644 0.35770192798321 0.34014395602949 0 0.025162144145522 0 0.037028965141954 0.042296055965247 0.10256217774164 0.051613841111365 0.074657859492569 0.062399157055118 0.0082699841198136 0.1 0.11758056055318 0 0 0.063628483044181 0.28087994106762 0.1 0.17980916352811 0.62466429504391 0.14603995393797 0.23306573496503 0.24376344369844 0.22917200456823 0.18017857257743 0.29200074259571 0.15904982748474 0.16304508206803 0.27071740196087 0.22841140545094 0.21894958273236 0.29860332604329 0.59242558260682 0.30307684169342 0.27335361383689 0.44197154610365 0.29245323383202 0.21060304294019 0.27288646410172 0.25272619020065 0.63724382516832 0.70548026975478 0.30919150123656"
General-0-20251226-15:29:07-112570,vector,AdhocNetwork1.host[8].app[1],e2eDelayPeriodicSec,,,"1 2 3 4 5 6 7 8 9 10 11 12 13 14 15 16 17 18 19 20 21 22 23 24 25 26 27 28 29 30 31 32 33 34 35 36 37 38 39 40 41 42 43 44 45 46 47 48 49 50","NaN NaN NaN NaN NaN NaN NaN NaN NaN NaN NaN NaN NaN NaN NaN NaN NaN NaN NaN NaN NaN NaN NaN NaN NaN NaN NaN NaN NaN NaN NaN NaN NaN NaN NaN NaN NaN NaN NaN NaN NaN NaN NaN NaN NaN NaN NaN NaN NaN NaN"
General-0-20251226-15:29:07-112570,vector,AdhocNetwork1.host[8].rl,rlReward,,,"1 2 3 4 5 6 7 8 9 10 11 12 13 14 15 16 17 18 19 20 21 22 23 24 25 26 27 28 29 30 31 32 33 34 35 36 37 38 39 40 41 42 43 44 45 46 47 48 49 50","0.33333333333333 0 0.047891922626732 0.02777916163735 0.044665481125744 0.047938790306083 0.031744662489099 0.033879462516996 -0.2 0.0297065048079 0.059489810645861 0.027006348945887 0.047755041183569 0.059362729224173 0.019492694811255 0 0.31980974298119 0.3 0.35955207517728 0.34030949920218 0.32149159900175 0.31818692840087 0.17761178312687 0.27349290687753 0.3 0.39640650647458 0.36095238201289 0.34838455116079 0.38567031323916 0.37128264972594 0.35971946581362 0.050758983300087 0.20155618312822 -0.10482953552644 0.39690364444324 0.33984977889654 0.34649426004744 0.37566649773459 0.35151959506045 0.3258204219341 0.34690993127883 0.33496907430058 0.3275395884548 0.34174822961884 0.36162658219129 0.31763776900336 0.32493738633989 0.36018949606054 0.30879343079861 0.36120018314331"
General-0-20251226-15:29:07-112570,vector,AdhocNetwork1.host[9].app[1],e2eDelayPeriodicSec,,,"1 2 3 4 5 6 7 8 9 10 11 12 13 14 15 16 17 18 19 20 21 22 23 24 25 26 27 28 29 30 31 32 33 34 35 36 37 38 39 40 41 42 43 44 45 46 47 48 49 50","NaN NaN NaN NaN NaN NaN NaN NaN NaN NaN NaN NaN NaN NaN NaN NaN NaN NaN NaN NaN NaN NaN NaN NaN NaN NaN NaN NaN NaN NaN NaN NaN NaN NaN NaN NaN NaN NaN NaN NaN NaN NaN NaN NaN NaN NaN NaN NaN NaN NaN"
General-0-20251226-15:29:07-112570,vector,AdhocNetwork1.host[9].rl,rlReward,,,"1 2 3 4 5 6 7 8 9 10 11 12 13 14 15 16 17 18 19 20 21 22 23 24 25 26 27 28 29 30 31 32 33 34 35 36 37 38 39 40 41 42 43 44 45 46 47 48 49 50","0.33333333333333 0 -0.2 0.039668763005733 0.050168043829164 0.3 0.018528130668703 0.035579323205184 0.05707321938472 0.056901820443318 0.026956147141215 0.0087884026387536 0.38900899400349 0.3 0.38089183489421 0.36856580930226 0.38825564501689 0.40017501510576 0.36834715433819 0.37405208271388 0.32985518568455 0.38573430255076 0.35646549418395 0.42394993804155 0.42071281309451 0.039847789626982 0.393904956892 0.37720894470732 0.36265298452498 0.34945257707254 0.18053153527222 0.38043634943302 0.37687548056998 0.39403206551443 0.39926590986333 0.32318163454506 -0.10564312055762 0.35883003115679 0.33709746343799 0.41819146596758 0.39135637494135 0.39613773939768 0.34520653826967 0.38255450643072 0.34897338474349 0.34095448980642 0.38351216198949 0.36095789734152 0.24558538637336 0.38574311407918"
General-0-20251226-15:29:07-112570,vector,AdhocNetwork1.host[10].app[1],e2eDelayPeriodicSec,,,"1 2 3 4 5 6 7 8 9 10 11 12 13 14 15 16 17 18 19 20 21 22 23 24 25 26 27 28 29 30 31 32 33 34 35 36 37 38 39 40 41 42 43 44 45 46 47 48 49 50","NaN NaN NaN NaN NaN NaN NaN NaN NaN NaN NaN NaN NaN NaN NaN NaN NaN NaN NaN NaN NaN NaN NaN NaN NaN NaN NaN NaN NaN NaN NaN NaN NaN NaN NaN NaN NaN NaN NaN NaN NaN NaN NaN NaN NaN NaN NaN NaN NaN NaN"
General-0-20251226-15:29:07-112570,vector,AdhocNetwork1.host[10].rl,rlReward,,,"1 2 3 4 5 6 7 8 9 10 11 12 13 14 15 16 17 18 19 20 21 22 23 24 25 26 27 28 29 30 31 32 33 34 35 36 37 38 39 40 41 42 43 44 45 46 47 48 49 50","0.33333333333333 0 0 0.074341967228789 0 0 0.025656969247986 0.10302719669399 0.11200062899164 0.062907072518792 0.097742798533017 0.091584519506318 0.10320353600145 0.069999591526753 0.04908660173051 0.37527704164632 0.079894841247319 0.39024358387156 0.31822848078871 0.08347349444802 0.36174480074605 0.13786876077622 0.32631504745208 0.34760957668664 0.3301692684889 0.30888947498271 0.31314839314173 0.3 0.3 0.37812982385643 0.38101564605327 0.36533495003342 0.37485888534363 0.036605106173052 0.32723721729278 0.36666730315075 0.41379215741262 0.38025681244099 0.38176568698675 0.3 0.3976138514945 0.40499170464193 0.4224317510671 -0.02372724201691 0.28283924546639 0.81993608979519 0.79629869430999 0.45247112192598 0.45181836119472 0.41414558013647"
General-0-20251226-15:29:07-112570,vector,AdhocNetwork1.host[11].app[1],e2eDelayPeriodicSec,,,"1 2 3 4 5 6 7 8 9 10 11 12 13 14 15 16 17 18 19 20 21 22 23 24 25 26 27 28 29 30 31 32 33 34 35 36 37 38 39 40 41 42 43 44 45 46 47 48 49 50","NaN NaN NaN NaN NaN NaN NaN NaN NaN NaN NaN NaN NaN NaN NaN NaN NaN NaN NaN NaN NaN NaN NaN NaN NaN NaN NaN NaN NaN NaN NaN NaN NaN NaN NaN NaN NaN NaN NaN NaN NaN NaN NaN NaN NaN NaN NaN NaN NaN NaN"
General-0-20251226-15:29:07-112570,vector,AdhocNetwork1.host[11].rl,rlReward,,,"1 2 3 4 5 6 7 8 9 10 11 12 13 14 15 16 17 18 19 20 21 22 23 24 25 26 27 28 29 30 31 32 33 34 35 36 37 38 39 40 41 42 43 44 45 46 47 48 49 50","0.33333333333333 0 0.025676527179715 0.063418582199482 0.13640200855951 0.09022140440051 0.75480086161999 0.77948073088392 0.13503300453245 0.082833528616739 0.081907104639965 0.089924386675519 0.10730836751472 0.14667099956942 0.14564319055219 0.15037489649101 0.52694049598503 0.72665340083758 0.083604657698043 -0.57111918917583 -0.42256346229111 0.20344956599014 0.17727330426262 0.0088046025537755 0.039295392228374 0.30501974097951 0.097805508268823 0.079312187904468 0.12053343652865 0.20136689524841 0.16559995386638 0.1 0.2402384994203 0.14146833062203 0.11488512879234 0.1747582100882 -0.57466864336849 -0.53167113569133 -0.55435963758475 -0.37934505349951 -0.37195302767764 0.11274874050646 0.22723397980533 0.23313793853068 0.1024106686128 0.096387575410069 -0.14655119636932 0.20554865556586 0.22305714443654 0.33565378642837"
General-0-20251226-15:29:07-112570,vector,AdhocNetwork1.host[12].app[1],e2eDelayPeriodicSec,,,"1 2 3 4 5 6 7 8 9 10 11 12 13 14 15 16 17 18 19 20 21 22 23 24 25 26 27 28 29 30 31 32 33 34 35 36 37 38 39 40 41 42 43 44 45 46 47 48 49 50","NaN NaN NaN NaN NaN NaN NaN NaN NaN NaN NaN NaN NaN NaN NaN NaN NaN NaN NaN NaN NaN NaN NaN NaN NaN NaN NaN NaN NaN NaN NaN NaN NaN NaN NaN NaN NaN NaN NaN NaN NaN NaN NaN NaN NaN NaN NaN NaN NaN NaN"
General-0-20251226-15:29:07-112570,vector,AdhocNetwork1.host[12].rl,rlReward,,,"1 2 3 4 5 6 7 8 9 10 11 12 13 14 15 16 17 18 19 20 21 22 23 24 25 26 27 28 29 30 31 32 33 34 35 36 37 38 39 40 41 42 43 44 45 46 47 48 49 50","0.33333333333333 0 0.3 0.14743792391461 0.30507990022308 0.30599348232187 0.30506789219256 0.34985741232258 0.3 0.33358419294453 0.41044608462719 0.30873643453398 0.37094622429415 0.33495453739426 0.36426138814316 0.30848737581927 0.32603981070938 0.12191786519837 -0.099469883227177 0.3551346354492 0.4202755688697 0.38621745558489 0.36287995075529 0.34258927971411 0.40831315429499 0.42645423273785 0.39094637650396 0.41379254085831 0.37403006415853 0.37802418251493 0.36668122155886 0.35610450090918 0.34356163602242 0.34216478507159 0.41112061945768 0.21179063428746 0.37929045063297 0.40155251679005 0.40564421927128 0.40059911095248 0.37504301328542 0.40715237759589 0.40634285436478 0.38270261501622 0.40747265738245 0.39345569729894 0.38028685190817 0.41608711104901 0.38265966634756 -0.1230489063814"
General-0-20251226-15:29:07-112570,vector,AdhocNetwork1.host[13].app[1],e2eDelayPeriodicSec,,,"1 2 3 4 5 6 7 8 9 10 11 12 13 14 15 16 17 18 19 20 21 22 23 24 25 26 27 28 29 30 31 32 33 34 35 36 37 38 39 40 41 42 43 44 45 46 47 48 49 50","NaN NaN NaN NaN NaN NaN NaN NaN NaN NaN NaN NaN NaN NaN NaN NaN NaN NaN NaN NaN 6.450312274321 6.450312274321 6.450312274321 NaN NaN NaN NaN NaN NaN NaN NaN NaN NaN NaN NaN NaN NaN NaN NaN NaN NaN NaN NaN NaN NaN NaN NaN NaN NaN NaN"
General-0-20251226-15:29:07-112570,vector,AdhocNetwork1.host[13].rl,rlReward,,,"1 2 3 4 5 6 7 8 9 10 11 12 13 14 15 16 17 18 19 20 21 22 23 24 25 26 27 28 29 30 31 32 33 34 35 36 37 38 39 40 41 42 43 44 45 46 47 48 49 50","0.33333333333333 0 0 0.34632295128697 0.10091058971432 0.040971880717553 0.092693474750515 0.098198129692525 0.037915438491398 0.074976824777142 0.025197720400822 0.079755242891367 0.38457123385581 0.39776637144451 0.35247011429359 0.31730582826816 0.30763971194167 0.32405742405867 0.31513797491149 0.32583544082045 0.3 0.36017970675596 0.33063125770582 0.37825198900118 0.31406263390234 0.38022785567664 0.35517152104467 0.34664358201018 0.34597527443773 0.37824389918936 0.4120893458567 -0.051238122746872 0.35834925365234 0.36927436267168 0.37667169809456 0.38869436728291 0.36516426288607 0.37294845463163 0.42306623749082 0.38485397465939 0.38045868202727 0.3557172101497 0.39278354343982 0.37952675324268 0.39486674744058 0.42894092031341 0.37917089583538 0.41015729824975 0.38010766199292 0.38663351813776"
General-0-20251226-15:29:07-112570,vector,AdhocNetwork1.host[14].app[1],e2eDelayPeriodicSec,,,"1 2 3 4 5 6 7 8 9 10 11 12 13 14 15 16 17 18 19 20 21 22 23 24 25 26 27 28 29 30 31 32 33 34 35 36 37 38 39 40 41 42 43 44 45 46 47 48 49 50","NaN NaN NaN NaN NaN NaN NaN NaN NaN NaN NaN NaN NaN NaN NaN NaN NaN NaN NaN NaN NaN NaN NaN NaN NaN NaN NaN NaN NaN NaN NaN NaN NaN NaN NaN NaN NaN NaN NaN NaN NaN NaN NaN NaN NaN NaN NaN NaN NaN NaN"
General-0-20251226-15:29:07-112570,vector,AdhocNetwork1.host[14].rl,rlReward,,,"1 2 3 4 5 6 7 8 9 10 11 12 13 14 15 16 17 18 19 20 21 22 23 24 25 26 27 28 29 30 31 32 33 34 35 36 37 38 39 40 41 42 43 44 45 46 47 48 49 50","0.33333333333333 0 0.024776716371929 0.023266804081838 0.074308617824213 0.07426119506668 0.063038203117747 -0.56998737005629 0.067572484139035 -0.6266751573612 -0.58520510750286 0.12989343140355 0.17579591302685 0.18943025331309 0.19223619056286 0.1448361904477 0.26411304230179 0.25889327898074 0.2266714176612 -0.35445473512988 -0.42324738651144 0.21241819518733 0.19490301079471 0.15833578490074 0.11699807452403 0.24327791289546 0.16263096060607 0.18139697787277 0.14480884666868 0.10229675086438 0.22401686449179 0.16472781453233 0.15163054118835 0.20326175625064 0.19688114910545 0.12580937720475 0.20569365871542 0.21299301178317 0.16365088765704 0.31496876413147 0.075210932205823 0.12947312842397 0.1202205107419 0.2052327151544 0.22807860834344 0.20215154780626 0.18663903045807 0.1648444113318 0.087618239387178 0.28792326915921"
General-0-20251226-15:29:07-112570,vector,AdhocNetwork1.host[15].app[1],e2eDelayPeriodicSec,,,"1 2 3 4 5 6 7 8 9 10 11 12 13 14 15 16 17 18 19 20 21 22 23 24 25 26 27 28 29 30 31 32 33 34 35 36 37 38 39 40 41 42 43 44 45 46 47 48 49 50","NaN NaN NaN NaN NaN NaN NaN NaN NaN NaN NaN NaN NaN NaN NaN NaN NaN NaN NaN NaN NaN NaN NaN NaN NaN NaN NaN NaN NaN NaN NaN NaN NaN NaN NaN NaN NaN NaN NaN NaN NaN NaN NaN NaN NaN NaN NaN NaN NaN NaN"
General-0-20251226-15:29:07-112570,vector,AdhocNetwork1.host[15].rl,rlReward,,,"1 2 3 4 5 6 7 8 9 10 11 12 13 14 15 16 17 18 19 20 21 22 23 24 25 26 27 28 29 30 31 32 33 34 35 36 37 38 39 40 41 42 43 44 45 46 47 48 49 50","0.33333333333333 0 0 0.01679315185485 0.018480237547791 0.017217705265879 0.0040126361619874 0 0.050727630399494 0.0016714645532882 0.0039246661245478 0.33334306011969 0.34862498585105 0.3 0.31250774885584 0.31005029776123 0.031550025101374 0.31961791175736 0.35573985733836 0.36210124790051 0.33266846375594 0.3183160858349 0.34374583082492 0.38319077079318 0.35586905214503 0.332494428186 0.33553932925997 0.36786892613295 0.36514015112218 0.37369036603967 0.16542910787913 0.34201971767264 0.38912450295935 0.35414647582924 0.3 0.32991952237634 0.34959315114809 0.36688634297458 0.37471855488351 0.33755258473987 0.35304694469955 0.33701047433514 0.328587981952 0.36109897867666 0.38205863515952 0.37301436826858 0.33057101026092 -0.1581178166744 0.33804752203526 0.3472813009618"
General-0-20251226-15:29:07-112570,vector,AdhocNetwork1.host[16].app[1],e2eDelayPeriodicSec,,,"1 2 3 4 5 6 7 8 9 10 11 12 13 14 15 16 17 18 19 20 21 22 23 24 25 26 27 28 29 30 31 32 33 34 35 36 37 38 39 40 41 42 43 44 45 46 47 48 49 50","NaN NaN NaN NaN NaN NaN NaN NaN NaN NaN NaN NaN NaN NaN NaN NaN NaN NaN NaN NaN NaN NaN NaN NaN NaN NaN NaN NaN NaN NaN NaN NaN NaN NaN NaN NaN NaN NaN NaN NaN NaN NaN NaN NaN NaN NaN NaN NaN NaN NaN"
General-0-20251226-15:29:07-112570,vector,AdhocNetwork1.host[16].rl,rlReward,,,"1 2 3 4 5 6 7 8 9 10 11 12 13 14 15 16 17 18 19 20 21 22 23 24 25 26 27 28 29 30 31 32 33 34 35 36 37 38 39 40 41 42 43 44 45 46 47 48 49 50","0.33333333333333 0 0.3 0.31741713528967 0.3 -0.16285872970074 0.32149857928392 0.35916264457898 0.30005323239511 0.067916009216277 0.16174886602382 0.33507657056702 0.13300315058765 0.1 0.3 0.35794455266845 0.10668292733309 0.35011310355163 0.35981731157957 0.39538812572258 0.39173338563956 0.28856814830411 0.41147193980561 0.33623448966229 0.45327368648512 0.42333505847561 0.32492379488714 0.32965530276516 0.18585937599475 0.018655061896974 0.19421078319332 0.19435354596458 0.19511873041056 0.19442774624847 0.19550453374526 0.19442774624849 0.19535194333155 0.19458033666217 0.19481354958318 0.19511873041056 0.19442774624849 0.19550453374526 0.19442774624849 0.19535194333155 0.19458033666214 0.19474635804339 0.17218201461545 0.17071888911269 0.47462213730872 0.19511521346993"
General-0-20251226-15:29:07-112570,vector,AdhocNetwork1.host[17].app[1],e2eDelayPeriodicSec,,,"1 2 3 4 5 6 7 8 9 10 11 12 13 14 15 16 17 18 19 20 21 22 23 24 25 26 27 28 29 30 31 32 33 34 35 36 37 38 39 40 41 42 43 44 45 46 47 48 49 50","NaN NaN NaN NaN NaN NaN NaN NaN NaN NaN NaN NaN NaN NaN NaN NaN NaN NaN NaN NaN NaN NaN NaN NaN NaN NaN NaN NaN NaN NaN NaN NaN NaN NaN NaN NaN NaN NaN NaN NaN NaN NaN NaN NaN NaN NaN NaN NaN NaN NaN"
General-0-20251226-15:29:07-112570,vector,AdhocNetwork1.host[17].rl,rlReward,,,"1 2 3 4 5 6 7 8 9 10 11 12 13 14 15 16 17 18 19 20 21 22 23 24 25 26 27 28 29 30 31 32 33 34 35 36 37 38 39 40 41 42 43 44 45 46 47 48 49 50","0.33333333333333 0 0 0 0.047201139799252 0.070305106206142 0.034190499215756 0.054711137795719 0 0 0.054428463788017 0.011564239575643 0.033433873362738 0.35765605240151 0.38461632280458 0.33887479875023 0.35907099857092 0.3356205536364 0.34887833807905 0.37488415023997 0.40928637253288 0.37779370172819 0.35598525917069 0.33988324598243 0.36589829486951 0.3424133987691 0.31531344858052 0.38514692249049 0.35674760876462 0.3892320364546 0.37779935861455 0.34927808917015 -0.068567825859312 0.40328021045966 0.36611353764434 0.35858948365494 0.34653563481342 0.38083068955508 0.36549100935779 0.36130877984468 0.36351755679861 0.36053934048032 0.31536740589216 0.35892893310536 0.39019869870644 0.37405813080029 0.38222126726676 0.37769014629722 0.34040815623344 0.35762963999465"
General-0-20251226-15:29:07-112570,vector,AdhocNetwork1.host[18].app[1],e2eDelayPeriodicSec,,,"1 2 3 4 5 6 7 8 9 10 11 12 13 14 15 16 17 18 19 20 21 22 23 24 25 26 27 28 29 30 31 32 33 34 35 36 37 38 39 40 41 42 43 44 45 46 47 48 49 50","NaN NaN NaN NaN NaN NaN NaN NaN NaN NaN NaN NaN NaN NaN NaN NaN NaN NaN NaN NaN NaN NaN NaN NaN NaN NaN NaN NaN NaN NaN NaN NaN NaN NaN NaN NaN NaN NaN NaN NaN NaN NaN NaN NaN NaN NaN NaN NaN NaN NaN"
General-0-20251226-15:29:07-112570,vector,AdhocNetwork1.host[18].rl,rlReward,,,"1 2 3 4 5 6 7 8 9 10 11 12 13 14 15 16 17 18 19 20 21 22 23 24 25 26 27 28 29 30 31 32 33 34 35 36 37 38 39 40 41 42 43 44 45 46 47 48 49 50","0.33333333333333 0 0.3 0.3 0.3 0.31618002394041 0.31087665206748 0.3 0.34961755335151 0.3 0.0015202488398343 0.66666666666667 0.025541072125164 0.022407763729973 0.019672440762589 0.32651167845273 0.065278824032416 0 0.050410657505838 0.3 0.085011634605821 0.047227678133614 0.055747533468973 0.043029299146982 0.051578401511201 0.12356145356854 0.12941319545592 0.055346586143036 0.080559892771354 0.098314342398086 0.10886899766029 0.40895235420814 0.084131661830639 0.12483885459053 0.14139802460077 0.1004488130399 0.80589343697636 0.1416508410223 0.13173653965274 0.1083774683269 0.15826482213401 0.12360333226869 0.1473381376996 0.13904324958481 0.14447219494909 0.16604858478957 0.14472439604481 0.3683171555672 0.27780769157585 0.45702815009326"
General-0-20251226-15:29:07-112570,vector,AdhocNetwork1.host[19].app[1],e2eDelayPeriodicSec,,,"1 2 3 4 5 6 7 8 9 10 11 12 13 14 15 16 17 18 19 20 21 22 23 24 25 26 27 28 29 30 31 32 33 34 35 36 37 38 39 40 41 42 43 44 45 46 47 48 49 50","NaN NaN NaN NaN NaN NaN NaN NaN NaN NaN NaN NaN NaN NaN NaN NaN NaN NaN NaN NaN NaN NaN NaN NaN NaN NaN NaN NaN NaN NaN NaN NaN NaN NaN NaN NaN NaN NaN NaN NaN NaN NaN NaN NaN NaN NaN NaN NaN NaN NaN"
General-0-20251226-15:29:07-112570,vector,AdhocNetwork1.host[19].rl,rlReward,,,"1 2 3 4 5 6 7 8 9 10 11 12 13 14 15 16 17 18 19 20 21 22 23 24 25 26 27 28 29 30 31 32 33 34 35 36 37 38 39 40 41 42 43 44 45 46 47 48 49 50","0.33333333333333 0 0.3 0.3 0.3 0.3071800446861 0.3 0.32067114109356 0.3 0.34682007911664 0.36379674080091 0.38664688722877 0.37187953848477 0.4060847708746 0.34138658696012 0.32020541031205 0.35192006371526 0.42773378738476 0.42368894744846 0.39227419185683 0.30447178818407 0.35161116536867 0.3474485777985 0.41022948930234 0.36653822347337 0.37786437610768 0.40317532950461 0.32528470750586 0.38528451265595 0.3501061172073 0.34677227833846 0.39472401557653 0.16655319443366 0.35636862095925 0.35134909120935 0.37595180079164 0.37313055936616 0.32325255822443 0.33626678479873 0.3 0.38368167855999 0.38722992408455 0.36032292643588 0.34695393728679 0.3656525954485 0.39094430103611 0.38197989054175 0.38629671287024 0.26656334533764 0.43731847971057"
General-0-20251226-15:29:07-112570,vector,AdhocNetwork1.host[20].app[1],e2eDelayPeriodicSec,,,"1 2 3 4 5 6 7 8 9 10 11 12 13 14 15 16 17 18 19 20 21 22 23 24 25 26 27 28 29 30 31 32 33 34 35 36 37 38 39 40 41 42 43 44 45 46 47 48 49 50","NaN NaN NaN NaN NaN NaN NaN NaN NaN NaN NaN NaN NaN NaN NaN NaN NaN NaN NaN NaN NaN NaN NaN NaN NaN NaN NaN NaN NaN NaN NaN NaN NaN NaN NaN NaN NaN NaN NaN NaN NaN NaN NaN NaN NaN NaN NaN NaN NaN NaN"
General-0-20251226-15:29:07-112570,vector,AdhocNetwork1.host[20].rl,rlReward,,,"1 2 3 4 5 6 7 8 9 10 11 12 13 14 15 16 17 18 19 20 21 22 23 24 25 26 27 28 29 30 31 32 33 34 35 36 37 38 39 40 41 42 43 44 45 46 47 48 49 50","0.33333333333333 0 0.023955287447065 0.0011414286100288 0 0.054649893477421 0 0 0.033296624575047 0.0075453292703204 0.090874312011555 0.076322792846713 0.33778140168224 0.058078423123903 0.35543586090747 0.35517519971794 0.33503558271782 0.35058970623361 0.31680166455239 0.30372068289517 0.38080053685633 0.35000777953381 0.34657936633921 0.3 0.3723182130999 0.3587876337841 0.34219786208614 0.3348296182788 0.35591813050039 0.36968945657886 0.34750333644971 0.33525587333517 0.3465748791729 0.34479243191215 0.37255954233828 0.37100438112108 0.31295150060594 0.3078970770501 0.37391574890605 0.39868691233193 0.41595463571591 0.37860008015623 0.35754390948767 0.34811237590175 0.33519618881852 0.34610430086928 0.37079872660883 0.37798334752518 0.38227234805037 0.10040977015413"
General-0-20251226-15:29:07-112570,vector,AdhocNetwork1.host[21].app[1],e2eDelayPeriodicSec,,,"1 2 3 4 5 6 7 8 9 10 11 12 13 14 15 16 17 18 19 20 21 22 23 24 25 26 27 28 29 30 31 32 33 34 35 36 37 38 39 40 41 42 43 44 45 46 47 48 49 50","NaN NaN NaN NaN NaN NaN NaN NaN NaN NaN NaN NaN NaN NaN NaN NaN NaN NaN NaN NaN NaN NaN NaN NaN NaN NaN NaN NaN NaN NaN NaN NaN NaN NaN NaN NaN NaN NaN NaN NaN NaN NaN NaN NaN NaN NaN NaN NaN NaN NaN"
General-0-20251226-15:29:07-112570,vector,AdhocNetwork1.host[21].rl,rlReward,,,"1 2 3 4 5 6 7 8 9 10 11 12 13 14 15 16 17 18 19 20 21 22 23 24 25 26 27 28 29 30 31 32 33 34 35 36 37 38 39 40 41 42 43 44 45 46 47 48 49 50","0.33333333333333 0 0 0.041850889392705 0 0.03885268930707 0.032954620431699 0.050806188396465 0.079501683381069 0.074866841672869 0.09687351984175 0.097911212860061 0.087910354457203 0.063991618604544 -0.13351456789325 0.32983499328675 0.38111736894134 0.34694081358697 0.37522012291011 0.35728500443708 0.38106570711199 0.35018224804186 0.35009974894511 0.32817320651931 0.37484764062086 0.37335390543091 0.33342418775815 0.38751576173337 0.39754759671862 0.36219159966317 0.3474106604074 0.30892386670657 0.40866266456294 0.33346957668376 0.32942346609449 0.36685099948035 0.35354750529149 0.39048626492665 0.38439661368308 0.37567451291013 0.39730099503534 0.35544972070378 0.39470089914166 0.40106269820022 0.35443506036549 0.39159054648647 0.36065739696108 0.36829198874193 0.36105992530173 0.39553828047571"
General-0-20251226-15:29:07-112570,vector,AdhocNetwork1.host[22].app[1],e2eDelayPeriodicSec,,,"1 2 3 4 5 6 7 8 9 10 11 12 13 14 15 16 17 18 19 20 21 22 23 24 25 26 27 28 29 30 31 32 33 34 35 36 37 38 39 40 41 42 43 44 45 46 47 48 49 50","NaN NaN NaN NaN NaN NaN NaN NaN NaN NaN NaN NaN NaN NaN NaN NaN NaN NaN NaN NaN NaN NaN NaN NaN NaN NaN NaN NaN NaN NaN NaN NaN NaN NaN NaN NaN NaN NaN NaN NaN NaN NaN NaN NaN NaN NaN NaN NaN NaN NaN"
General-0-20251226-15:29:07-112570,vector,AdhocNetwork1.host[22].rl,rlReward,,,"1 2 3 4 5 6 7 8 9 10 11 12 13 14 15 16 17 18 19 20 21 22 23 24 25 26 27 28 29 30 31 32 33 34 35 36 37 38 39 40 41 42 43 44 45 46 47 48 49 50","0.33333333333333 0 0.3 0.3 -0.2 0.34987786206284 0.35943429039094 0.31233761571529 0.3 0.37646902017774 0.39092277880061 0.35224868948379 0.36881176356846 0.10152275776931 0.068095317000809 -0.091778116483583 0.10909318261386 0.061231981101629 0.027978446931135 0.36488431983937 0.046501649777324 0.15886119857765 0.084228104400016 0.064484244120382 0.082849286819676 0.055257166652167 0.061421151195186 0.05272686922297 0.022326412952492 0 0.13541470335438 0.38014623564341 0.39885921490861 0.31733012059847 0.39303447079025 0.32736271031895 0.33471075792659 0.35945493570894 0.33499349388202 0.31221998845719 0.36312107711805 0.41688506277268 0.37533584306681 0.34571550883887 0.3 0.39341652694264 0.32876644479107 0.32847362837957 0.37220386072757 -0.16459118396414"
General-0-20251226-15:29:07-112570,vector,AdhocNetwork1.host[23].app[1],e2eDelayPeriodicSec,,,"1 2 3 4 5 6 7 8 9 10 11 12 13 14 15 16 17 18 19 20 21 22 23 24 25 26 27 28 29 30 31 32 33 34 35 36 37 38 39 40 41 42 43 44 45 46 47 48 49 50","NaN NaN NaN NaN NaN NaN NaN NaN NaN NaN NaN NaN NaN NaN NaN NaN NaN 2.165996714931 2.165996714931 2.165996714931 NaN NaN NaN NaN NaN NaN NaN NaN NaN NaN NaN NaN NaN NaN NaN NaN NaN NaN NaN NaN NaN NaN NaN NaN NaN NaN NaN NaN NaN NaN"
General-0-20251226-15:29:07-112570,vector,AdhocNetwork1.host[23].rl,rlReward,,,"1 2 3 4 5 6 7 8 9 10 11 12 13 14 15 16 17 18 19 20 21 22 23 24 25 26 27 28 29 30 31 32 33 34 35 36 37 38 39 40 41 42 43 44 45 46 47 48 49 50","0.33333333333333 0 0.11739857153896 0.066344371120281 0.69425625999268 0.11953675960062 0.090083391178236 0.097442443113879 0.38558489916258 0.059434260170778 0 0.022999386574309 0.088579070180427 0.74594651281996 0.73589286362158 0.051657138150471 0.058688347760369 0.043197316574387 -0.57686766375194 -0.63041298745139 -0.64102542961061 0.065211188307399 0.043825307857407 -0.089764855356673 0.037451101771854 0.095274123300719 0.054653707303614 0.12545199261251 0.12457155753414 0.072895895541828 0.13293945781149 0.088143697126909 0.11961372483467 0.094968825057064 -0.10454509662496 0.053643191884501 0.071279254925426 0.1043478288858 0.07072554825344 0.099630359319596 0.090690255238787 0.088433920428616 0.065773637568435 0.028190329236627 0.17575338440907 0.088909480635942 0.10103024198012 0.11307846086924 0.12858541500051 0.06861779985533"
General-0-20251226-15:29:07-112570,vector,AdhocNetwork1.host[24].app[1],e2eDelayPeriodicSec,,,"1 2 3 4 5 6 7 8 9 10 11 12 13 14 15 16 17 18 19 20 21 22 23 24 25 26 27 28 29 30 31 32 33 34 35 36 37 38 39 40 41 42 43 44 45 46 47 48 49 50","NaN NaN NaN NaN NaN NaN NaN NaN NaN NaN NaN NaN NaN NaN NaN NaN NaN NaN NaN NaN NaN NaN NaN NaN NaN NaN NaN NaN NaN NaN NaN NaN NaN NaN NaN NaN NaN NaN NaN NaN NaN NaN NaN NaN NaN NaN NaN NaN NaN NaN"
General-0-20251226-15:29:07-112570,vector,AdhocNetwork1.host[24].rl,rlReward,,,"1 2 3 4 5 6 7 8 9 10 11 12 13 14 15 16 17 18 19 20 21 22 23 24 25 26 27 28 29 30 31 32 33 34 35 36 37 38 39 40 41 42 43 44 45 46 47 48 49 50","0.33333333333333 0 0.3 0.3 0.3 0.16806458872695 0.32236363455709 0.39656914636507 0.19930607798146 0.34808607207602 0.30906921756991 0.3 0.11871639742629 0.083777346939426 0.12102031673783 0.37581355843829 0.36982114613802 0.3 0.38396824305806 0.30049954590143 0.41971268908853 0.38480127925152 0.40649274263825 0.36112886666969 0.40960577590362 0.36992784777977 0.39554430968375 0.40085340154824 0.13033942520239 0.11957298578645 -0.056278394023434 0.1318728656591 0.089042468028914 0.16215092769026 0.15070544648465 -0.045664975325193 0.092585690047253 0.13304989155905 -0.054731073279946 0.14393998362116 0.12889441463778 0.11221474043279 0.14085884101928 -0.065916502573512 0.12886903622481 0.13545938185383 0.14655195099329 0.12342564389739 0.12827360424983 0.1362597418377"
General-1-20251226-15:29:07-112572,vector,AdhocNetwork1.host[0].app[1],e2eDelayPeriodicSec,,,"1 2 3 4 5 6 7 8 9 10 11 12 13 14 15 16 17 18 19 20 21 22 23 24 25 26 27 28 29 30 31 32 33 34 35 36 37 38 39 40 41 42 43 44 45 46 47 48 49 50","NaN NaN NaN NaN NaN NaN NaN NaN NaN NaN NaN NaN NaN NaN NaN NaN NaN NaN NaN NaN NaN NaN NaN NaN NaN NaN NaN NaN NaN NaN NaN NaN NaN NaN NaN NaN NaN NaN NaN NaN NaN NaN NaN NaN NaN NaN NaN NaN NaN NaN"
General-1-20251226-15:29:07-112572,vector,AdhocNetwork1.host[0].rl,rlReward,,,"1 2 3 4 5 6 7 8 9 10 11 12 13 14 15 16 17 18 19 20 21 22 23 24 25 26 27 28 29 30 31 32 33 34 35 36 37 38 39 40 41 42 43 44 45 46 47 48 49 50","0.33333333333333 0 0 0.012645818900461 0 0.036053817820969 0.3 0.7 0.74064139025281 0.78143148994725 0.79278168366477 0.34767818470396 0.3253981225063 0.3395769521066 0.37501438773437 0.35785234585663 0.3559951589224 0.33116537221199 0.26178005357315 0.37424774471394 0.36740004719392 0.3 0.74373770839922 0.70847952463913 0.07242394948405 0.3 0.075640765874865 0.31592188644352 0.36123251533774 0.32667948193228 0.33597871187697 -0.2 0.38008662808132 0.092579972540215 0.138447120667 0.084851860113426 0.10772850346943 0.2072454371942 0.099625178552862 0.071401779891646 0.076911680109488 0.078762197515287 0.040113050303909 0.10573647239664 0.35278275716409 -0.17593376261553 0.085928852534732 0 0.079183646441387 0.06100471975657"
General-1-20251226-15:29:07-112572,vector,AdhocNetwork1.host[1].app[1],e2eDelayPeriodicSec,,,"1 2 3 4 5 6 7 8 9 10 11 12 13 14 15 16 17 18 19 20 21 22 23 24 25 26 27 28 29 30 31 32 33 34 35 36 37 38 39 40 41 42 43 44 45 46 47 48 49 50","NaN NaN NaN NaN NaN NaN NaN NaN NaN NaN NaN NaN NaN NaN NaN NaN NaN NaN NaN NaN NaN NaN NaN NaN NaN NaN NaN NaN NaN NaN NaN NaN NaN NaN NaN NaN NaN NaN NaN NaN NaN NaN NaN NaN NaN NaN NaN NaN NaN NaN"
General-1-20251226-15:29:07-112572,vector,AdhocNetwork1.host[1].rl,rlReward,,,"1 2 3 4 5 6 7 8 9 10 11 12 13 14 15 16 17 18 19 20 21 22 23 24 25 26 27 28 29 30 31 32 33 34 35 36 37 38 39 40 41 42 43 44 45 46 47 48 49 50","0.33333333333333 0 0 0.034638857667988 0.0074302819364052 0.061905342680969 0.0036314160132461 0.073522577388378 0.31475396146263 0.053137487435551 0.30772155834253 0.3 0.32900258835524 0.30663485477359 0.3 0.38790158258453 0.066450258762663 0.05692016118928 0.077346852774721 0.093531033255637 0.094719917276526 0.068906632529917 0.061880801269281 0.34951819460574 0.35348251828031 0.077907303141521 0.37012888764244 0.39151565117989 0.38592647889996 0.37986034821126 0.4052250387616 0.38111485526795 0.3315772586502 0.41078680208165 0.38023973522676 0.36978343705572 0.38605862387411 0.36600341093906 0.37328892283725 0.39587977742267 0.35728266404111 0.36824460912427 0.34989939265055 0.35211551484547 0.24041070148929 0.35734491030982 0.33694342142976 0.4018164207068 0.38568166740016 0.39561447236459"
General-1-20251226-15:29:07-112572,vector,AdhocNetwork1.host[2].app[1],e2eDelayPeriodicSec,,,"1 2 3 4 5 6 7 8 9 10 11 12 13 14 15 16 17 18 19 20 21 22 23 24 25 26 27 28 29 30 31 32 33 34 35 36 37 38 39 40 41 42 43 44 45 46 47 48 49 50","NaN NaN NaN NaN NaN NaN NaN NaN NaN NaN NaN NaN NaN NaN NaN NaN NaN NaN NaN NaN NaN NaN NaN NaN NaN NaN NaN NaN NaN NaN NaN NaN NaN NaN NaN NaN NaN NaN NaN NaN NaN NaN NaN NaN NaN NaN NaN NaN NaN NaN"
General-1-20251226-15:29:07-112572,vector,AdhocNetwork1.host[2].rl,rlReward,,,"1 2 3 4 5 6 7 8 9 10 11 12 13 14 15 16 17 18 19 20 21 22 23 24 25 26 27 28 29 30 31 32 33 34 35 36 37 38 39 40 41 42 43 44 45 46 47 48 49 50","0.33333333333333 0 0.3 0.72828441654428 0.7 0.34363129948841 0.35358371012583 0.3380849278228 0.32879649107113 0.35646090240119 0 0.37893457324092 0.39181198112665 0.38358162774839 0.39513549259507 0.39657081854699 0.35462683269629 0.35772263507032 0.083066973955432 0.78716609237903 0.76593520412876 0.0062429007380623 -0.55822924552641 -0.66588336142238 -0.60669495392022 -0.56151632637062 -0.55679702954638 -0.61315155107327 -0.59937327863257 -0.62126291428328 -0.34500665686083 0.33110066882222 0.32079014723885 0.1799895106141 0.38158437042755 0.3 -0.081827351222145 -0.11511998165094 0.31055895768839 0.40632098411225 0.4001652813352 0.38286544185393 0.38406136490419 0.38396731076125 0.34945905311046 0.41280449621276 0.34857560242906 0.39677969755955 0.33781434109439 0.33781380294522"
General-1-20251226-15:29:07-112572,vector,AdhocNetwork1.host[3].app[1],e2eDelayPeriodicSec,,,"1 2 3 4 5 6 7 8 9 10 11 12 13 14 15 16 17 18 19 20 21 22 23 24 25 26 27 28 29 30 31 32 33 34 35 36 37 38 39 40 41 42 43 44 45 46 47 48 49 50","NaN NaN NaN NaN NaN NaN NaN NaN NaN NaN NaN NaN NaN NaN NaN NaN NaN NaN NaN NaN NaN NaN NaN NaN NaN NaN NaN NaN NaN NaN NaN NaN NaN NaN NaN NaN NaN NaN NaN NaN NaN NaN NaN NaN NaN NaN NaN NaN NaN NaN"
General-1-20251226-15:29:07-112572,vector,AdhocNetwork1.host[3].rl,rlReward,,,"1 2 3 4 5 6 7 8 9 10 11 12 13 14 15 16 17 18 19 20 21 22 23 24 25 26 27 28 29 30 31 32 33 34 35 36 37 38 39 40 41 42 43 44 45 46 47 48 49 50","0.33333333333333 0 0.12366789423041 0.10668209691383 0.1 0.1706133364028 0.18442372032301 0.1 0.027449795393038 0.10911777903605 0.064723428834914 0.13184757206049 -0.19156549752037 0.096012166749957 0.1 0.19077895020335 0.06646639964063 -0.10953161575788 0.24060231856061 0.19035000486137 0.29107103417118 0.23280361028458 0.24392465199737 0.3119151958639 0.31905014481913 0.23758747935393 0.29803059945201 0.27553229263087 0.28803767017776 0.22901450442613 0.28857240156888 0.2883852964685 0.25412877638761 -0.055313633399799 0.42170880487706 0.38362749189755 0.23147193101333 0.24419212448106 0.23323041085176 0.20561206827362 0.18998972920664 0.26869267251272 0.26183071902202 0.28619658175214 0.24855070972533 0.6703103528366 0.669681632526 0.24628719212977 0.30008404927294 0.19733514106218"
General-1-20251226-15:29:07-112572,vector,AdhocNetwork1.host[4].app[1],e2eDelayPeriodicSec,,,"1 2 3 4 5 6 7 8 9 10 11 12 13 14 15 16 17 18 19 20 21 22 23 24 25 26 27 28 29 30 31 32 33 34 35 36 37 38 39 40 41 42 43 44 45 46 47 48 49 50","NaN NaN NaN NaN NaN NaN NaN NaN NaN NaN NaN NaN NaN NaN NaN NaN NaN NaN NaN NaN NaN NaN NaN NaN NaN NaN NaN NaN NaN NaN NaN NaN NaN NaN NaN NaN NaN NaN NaN NaN NaN NaN NaN NaN NaN NaN NaN NaN NaN NaN"
General-1-20251226-15:29:07-112572,vector,AdhocNetwork1.host[4].rl,rlReward,,,"1 2 3 4 5 6 7 8 9 10 11 12 13 14 15 16 17 18 19 20 21 22 23 24 25 26 27 28 29 30 31 32 33 34 35 36 37 38 39 40 41 42 43 44 45 46 47 48 49 50","0.33333333333333 0 0 0 0.056254583622069 0.036718646698826 0.33998871868169 -0.10902532688056 0.0097527774834378 -0.088931747314799 0.3 0.3631189529952 0.3867170354314 0.31955553923657 0.38350277325706 0.68586081930503 0.34858143492305 0.37773885064706 0.34964883510599 0.36008042791825 0.35916948476929 0.088704937897941 0.34827226389901 -0.58203833567095 -0.66196639416015 -0.46567300815157 -0.62613548384959 -0.60079636504639 -0.57416371920809 -0.6333425294647 -0.28758822415582 -0.067095657193426 0.36227716111544 -0.11502674346256 0.3391656351618 0.38727619938643 0.35935034709532 -0.097211303189474 -0.16023862454352 0.41340052361475 0.4125333337833 0.26080057770159 0.16514320624336 0.39426899917078 0.34844770944693 -0.070120777151937 0.1462742188241 0.20915716137213 -0.083273595403225 0.23868781266684"
General-1-20251226-15:29:07-112572,vector,AdhocNetwork1.host[5].app[1],e2eDelayPeriodicSec,,,"1 2 3 4 5 6 7 8 9 10 11 12 13 14 15 16 17 18 19 20 21 22 23 24 25 26 27 28 29 30 31 32 33 34 35 36 37 38 39 40 41 42 43 44 45 46 47 48 49 50","NaN NaN NaN NaN NaN NaN NaN NaN NaN NaN NaN NaN NaN NaN NaN NaN NaN NaN NaN NaN NaN NaN NaN NaN NaN NaN NaN NaN NaN NaN NaN NaN NaN NaN NaN NaN NaN NaN NaN NaN NaN NaN NaN NaN NaN NaN NaN NaN NaN NaN"
General-1-20251226-15:29:07-112572,vector,AdhocNetwork1.host[5].rl,rlReward,,,"1 2 3 4 5 6 7 8 9 10 11 12 13 14 15 16 17 18 19 20 21 22 23 24 25 26 27 28 29 30 31 32 33 34 35 36 37 38 39 40 41 42 43 44 45 46 47 48 49 50","0.33333333333333 0 0.087303389425238 0.075460408077803 0.12250780771307 0.20852181066701 0.0052641763830484 0.029722293867725 0.10385451131421 0.33678326183566 0.13935543580386 0.062425844400241 0.079754829764416 0.070271360348056 0.017073093603721 0.081560017118905 0.41924429151965 0.37585137750884 0.3276674193796 0.35823892060513 0.37191122615513 0.41231383627953 0.38965786792042 0.38583827037332 0.38490074408598 0.40255990024618 0.38550065474228 0.39767471003106 0.3858469943978 0.38840542264743 0.3987278954107 0.40473250216912 0.40192570838623 0.4074534407827 0.37950283468487 0.39817619801531 0.40775032249124 0.37557824820608 0.40962734999695 0.10051975821015 0.055938014844586 0.40081475333835 0.40867107064727 0.39060085283307 0.38247602518156 0.41328505532886 0.11197723421147 0.37770793901806 0.38110547414318 0.3811431532054"
General-1-20251226-15:29:07-112572,vector,AdhocNetwork1.host[6].app[1],e2eDelayPeriodicSec,,,"1 2 3 4 5 6 7 8 9 10 11 12 13 14 15 16 17 18 19 20 21 22 23 24 25 26 27 28 29 30 31 32 33 34 35 36 37 38 39 40 41 42 43 44 45 46 47 48 49 50","NaN NaN NaN NaN NaN NaN NaN NaN NaN NaN NaN NaN NaN NaN NaN NaN NaN NaN NaN NaN NaN NaN NaN NaN NaN NaN NaN NaN NaN NaN NaN NaN NaN NaN NaN NaN NaN NaN NaN NaN NaN NaN NaN NaN NaN NaN NaN NaN NaN NaN"
General-1-20251226-15:29:07-112572,vector,AdhocNetwork1.host[6].rl,rlReward,,,"1 2 3 4 5 6 7 8 9 10 11 12 13 14 15 16 17 18 19 20 21 22 23 24 25 26 27 28 29 30 31 32 33 34 35 36 37 38 39 40 41 42 43 44 45 46 47 48 49 50","0.33333333333333 0 0 0 0 0.032175883722406 0.012525453933052 0 0.00014559833832195 0 0.11918590322942 0.36624132202044 0.3705245357944 0.35107188285211 0.369802468225 0.32628675387331 0.33594380926354 0.35901853073043 0.38027006277443 0.37596158928241 0.33309624422131 0.37694933883711 0.34632985674104 0.41359088903829 0.34903885877923 0.36192365237522 0.32421440303843 0.37803936031018 0.42297303898843 0.38611496901087 0.36263635350542 0.37422800810725 0.38861820323403 0.20740297962284 0.42866972678442 0.36796812425815 0.37827267664064 0.34918075911482 0.38062978022726 0.36731575238814 0.35106580207014 0.38988719046456 0.40452894120747 0.34666428044218 0.08464272902084 0.36538419755343 0.36418451884509 0.41972645606164 0.38764852568746 0.41503337253818"
General-1-20251226-15:29:07-112572,vector,AdhocNetwork1.host[7].app[1],e2eDelayPeriodicSec,,,"1 2 3 4 5 6 7 8 9 10 11 12 13 14 15 16 17 18 19 20 21 22 23 24 25 26 27 28 29 30 31 32 33 34 35 36 37 38 39 40 41 42 43 44 45 46 47 48 49 50","NaN NaN NaN NaN NaN NaN NaN NaN NaN NaN NaN NaN NaN NaN NaN NaN NaN NaN NaN NaN NaN NaN NaN NaN NaN NaN NaN NaN NaN NaN NaN NaN NaN NaN NaN NaN NaN NaN NaN NaN NaN NaN NaN NaN NaN NaN NaN NaN NaN NaN"
General-1-20251226-15:29:07-112572,vector,AdhocNetwork1.host[7].rl,rlReward,,,"1 2 3 4 5 6 7 8 9 10 11 12 13 14 15 16 17 18 19 20 21 22 23 24 25 26 27 28 29 30 31 32 33 34 35 36 37 38 39 40 41 42 43 44 45 46 47 48 49 50","0.33333333333333 0 0 0.01645390208003 0 0 0.050931266251349 0.039217319955941 0.072073384206504 0.0082267348190703 -0.16115489629466 0.013616950369632 0.3 0.32309533078195 0.33421366803792 0.31521352554533 0.34259203101308 0.32861598596324 0.32820478057081 0.33906916833421 0.36475777145469 0.36588097108912 0.36639476034928 0.31886869358607 0.35137546925786 0.32032418751489 0.31256460191806 0.39136910896811 0.3 0.34264718419445 0.37932451317781 0.38678422941573 0.40173193814129 0.32684209397814 0.37749954265962 0.35898577797948 0.31748632097978 0.33638192807654 0.36590948246337 0.36672046416881 -0.13672018715265 0.3465159929567 0.33404708128111 0.17942593502553 0.3621487438988 0.31316726334661 0.333665997875 0.34218930038382 0.16953383765205 0.3"
General-1-20251226-15:29:07-112572,vector,AdhocNetwork1.host[8].app[1],e2eDelayPeriodicSec,,,"1 2 3 4 5 6 7 8 9 10 11 12 13 14 15 16 17 18 19 20 21 22 23 24 25 26 27 28 29 30 31 32 33 34 35 36 37 38 39 40 41 42 43 44 45 46 47 48 49 50","NaN NaN NaN NaN NaN NaN NaN NaN NaN NaN NaN NaN NaN NaN NaN NaN NaN NaN NaN NaN NaN NaN NaN NaN NaN NaN NaN NaN NaN NaN NaN NaN NaN NaN NaN NaN NaN NaN NaN NaN NaN NaN NaN NaN NaN NaN NaN NaN NaN NaN"
General-1-20251226-15:29:07-112572,vector,AdhocNetwork1.host[8].rl,rlReward,,,"1 2 3 4 5 6 7 8 9 10 11 12 13 14 15 16 17 18 19 20 21 22 23 24 25 26 27 28 29 30 31 32 33 34 35 36 37 38 39 40 41 42 43 44 45 46 47 48 49 50","0.33333333333333 0 0 0 0 0.0486683771941 0.034820479083279 0.14951660661013 0.031300326944827 0.19239930862726 -0.059811741601629 -0.14370754921919 0.06588727425711 0.1 0.12340914376367 0.11203267273146 0.23304319606834 0.17835655899245 0.25111041688756 0.24728882172851 0.20331149109117 0.21467179537105 0.201996657033 0.17549767551787 0.20347234238895 0.22772946982156 0.22681079022382 0.37194786196875 0.14879033265141 0.2821029821946 0.16548750666971 0.20073489365236 0.056086653362726 0.2676557526943 0.18143795254558 0.23861752260054 0.093711504976172 0.37264993598909 0.37069861480686 0.39504284627387 0.32894563455981 0.38245637172476 0.37406431896399 0.36970155025983 0.30920040529945 0.34810112095602 0.38336548075624 0.40007172875577 0.3855287825422 0.35801418806309"
General-1-20251226-15:29:07-112572,vector,AdhocNetwork1.host[9].app[1],e2eDelayPeriodicSec,,,"1 2 3 4 5 6 7 8 9 10 11 12 13 14 15 16 17 18 19 20 21 22 23 24 25 26 27 28 29 30 31 32 33 34 35 36 37 38 39 40 41 42 43 44 45 46 47 48 49 50","NaN NaN NaN NaN NaN NaN NaN NaN NaN NaN NaN NaN NaN NaN NaN NaN NaN NaN NaN NaN NaN NaN NaN NaN NaN NaN NaN NaN NaN NaN NaN NaN NaN NaN NaN NaN NaN NaN NaN NaN NaN NaN NaN NaN NaN NaN NaN NaN NaN NaN"
General-1-20251226-15:29:07-112572,vector,AdhocNetwork1.host[9].rl,rlReward,,,"1 2 3 4 5 6 7 8 9 10 11 12 13 14 15 16 17 18 19 20 21 22 23 24 25 26 27 28 29 30 31 32 33 34 35 36 37 38 39 40 41 42 43 44 45 46 47 48 49 50","0.33333333333333 0 0 0.093692383981504 0.073695727590816 0.054874089875722 0.0070293403301921 0.089704827158249 0.066780477675603 0.16611481717636 0 0.10610130028443 0.06775907670041 0.11013675076192 0.092005364253078 0.057030708372235 0.098867650543254 0.12842105992053 0.22318063601107 0.19068589876902 0.19295630423765 0.22775896763789 0.21123281503952 0.14460940721876 0.28675583084975 0.26882779973171 0.25731424695131 0.31290623335003 0.27799130784613 0.28883448465393 -0.084596700138262 0.26902280238934 0.29904650941388 0.29660966807006 -0.081634567699524 0.25585806687318 0.14069931848589 0.14264776883057 0.11821980298431 0.14394464688683 0.11381621211878 0.090439331709792 0.14230841102081 0.13910439917698 0.1010713129817 0.12426286318317 0.1378845171882 0.13639862846648 0.11716125550087 0.12117833284228"
General-1-20251226-15:29:07-112572,vector,AdhocNetwork1.host[10].app[1],e2eDelayPeriodicSec,,,"1 2 3 4 5 6 7 8 9 10 11 12 13 14 15 16 17 18 19 20 21 22 23 24 25 26 27 28 29 30 31 32 33 34 35 36 37 38 39 40 41 42 43 44 45 46 47 48 49 50","NaN NaN NaN NaN NaN NaN NaN NaN NaN NaN NaN NaN NaN NaN NaN NaN NaN NaN NaN NaN NaN NaN NaN NaN NaN NaN NaN NaN NaN NaN NaN NaN NaN NaN NaN NaN NaN NaN NaN NaN NaN NaN NaN NaN NaN NaN NaN NaN NaN NaN"
General-1-20251226-15:29:07-112572,vector,AdhocNetwork1.host[10].rl,rlReward,,,"1 2 3 4 5 6 7 8 9 10 11 12 13 14 15 16 17 18 19 20 21 22 23 24 25 26 27 28 29 30 31 32 33 34 35 36 37 38 39 40 41 42 43 44 45 46 47 48 49 50","0.33333333333333 0 0.059493449324356 0.041697410171243 0.092764967039065 0.098060171407009 0.010821010080391 0 0.069189628298569 0.081988297843148 0.14743980074057 0.39755672504508 0.38449459102192 0.34141429800229 0.35384481748837 0.31680154592476 0 0.059770942905749 0.062880909460425 0.038683352946865 0.036265458205265 0.08298298787983 0.050597658984388 0.39931765152901 0.31539524488574 0.43397801036185 0.33298617993381 0.3 0.43220144660004 0.40047728372838 0.37987525259004 0.40268956763828 0.39720488282605 0.348435085351 0.40135128594745 0.34717356767009 0.36390622373041 0.33614784752626 0.26727737789415 0.3 0.32037717834094 0.36416125580846 0.3 0.36650318708892 0.35360892562155 0.39876015717845 0.39007802756917 0.40748088782523 0.30341249247338 0.43115083520318"
General-1-20251226-15:29:07-112572,vector,AdhocNetwork1.host[11].app[1],e2eDelayPeriodicSec,,,"1 2 3 4 5 6 7 8 9 10 11 12 13 14 15 16 17 18 19 20 21 22 23 24 25 26 27 28 29 30 31 32 33 34 35 36 37 38 39 40 41 42 43 44 45 46 47 48 49 50","NaN NaN NaN NaN NaN NaN NaN NaN NaN NaN NaN NaN NaN NaN NaN NaN NaN NaN NaN NaN NaN NaN NaN NaN NaN NaN NaN NaN NaN NaN NaN NaN NaN NaN NaN NaN NaN NaN NaN NaN NaN NaN NaN NaN NaN NaN NaN NaN NaN NaN"
General-1-20251226-15:29:07-112572,vector,AdhocNetwork1.host[11].rl,rlReward,,,"1 2 3 4 5 6 7 8 9 10 11 12 13 14 15 16 17 18 19 20 21 22 23 24 25 26 27 28 29 30 31 32 33 34 35 36 37 38 39 40 41 42 43 44 45 46 47 48 49 50","0.33333333333333 0 0.042386396866433 0.04558519293544 0.098141486005936 0.088757835632792 0.1171524441425 0.085920159128482 0.094683486866359 0.034170635658545 0.12224696248312 0.11502809522975 0.13121846137204 0.15394845263709 0.14565627437649 0.13861694474932 0.12500733861406 0.15088958806746 0.13113677690428 0.10383218143944 0.11516996973232 0.13342231476155 0.022480199775257 0.26151720075493 0.082954195038498 0.14625738766021 0.089406322557727 0.13226333290196 0.040607907697592 0.058082396990644 0.030587716299128 0.050415404869594 0.3561851011629 0.066915975376659 -0.2 0.090471840703662 0.031281560827712 0.061246253052498 0.016257354220925 0.08579881506629 0.033397446371427 0.024574997689867 0.12033336357774 0 0.058275540004193 0 -0.15422118484336 0.058566868844762 0.1171013074484 0.067379125873956"
General-1-20251226-15:29:07-112572,vector,AdhocNetwork1.host[12].app[1],e2eDelayPeriodicSec,,,"1 2 3 4 5 6 7 8 9 10 11 12 13 14 15 16 17 18 19 20 21 22 23 24 25 26 27 28 29 30 31 32 33 34 35 36 37 38 39 40 41 42 43 44 45 46 47 48 49 50","NaN NaN NaN NaN NaN NaN NaN NaN NaN NaN NaN NaN NaN NaN NaN NaN NaN NaN NaN NaN NaN NaN NaN NaN NaN NaN NaN NaN NaN NaN NaN NaN NaN NaN NaN NaN NaN NaN NaN NaN NaN NaN NaN NaN NaN NaN NaN NaN NaN NaN"
General-1-20251226-15:29:07-112572,vector,AdhocNetwork1.host[12].rl,rlReward,,,"1 2 3 4 5 6 7 8 9 10 11 12 13 14 15 16 17 18 19 20 21 22 23 24 25 26 27 28 29 30 31 32 33 34 35 36 37 38 39 40 41 42 43 44 45 46 47 48 49 50","0.33333333333333 0 0.021196418534823 0.087885183425997 0.069045375308516 0.052631952627143 0.11713602855303 0.095744252931795 0.047518040685803 0.083435978901875 0.064268445700632 0.044521685142378 0.1184260188841 0.087228590535777 0.063365896888619 0.10464334743498 0.076596727769999 0.33551951626689 0.38809526526462 0.39385549800062 0.35938123221233 0.38926697732599 0.33973480354076 0.33090854272622 0.34412812870381 0.33702627913234 0.10725371177599 0.061096511093775 0.36937835951488 0.39210285645974 0.37541584595157 0.33909083818535 0.36883309203844 0.38196858293204 0.34273117309881 0.40931987913368 0.41767644197947 0.37646620440281 0.41974695188427 0.37960822770503 0.79960241668044 0.4136520808228 0.41486665360965 0.41183195246517 0.40863871147279 0.41577202529255 0.36049156514166 0.32490074636519 0.39747468748406 0.40553602620996"
General-1-20251226-15:29:07-112572,vector,AdhocNetwork1.host[13].app[1],e2eDelayPeriodicSec,,,"1 2 3 4 5 6 7 8 9 10 11 12 13 14 15 16 17 18 19 20 21 22 23 24 25 26 27 28 29 30 31 32 33 34 35 36 37 38 39 40 41 42 43 44 45 46 47 48 49 50","NaN NaN NaN NaN NaN NaN NaN NaN NaN NaN NaN NaN NaN NaN NaN NaN NaN NaN NaN NaN NaN NaN NaN NaN NaN NaN NaN NaN NaN NaN NaN NaN NaN NaN NaN NaN NaN NaN NaN NaN NaN NaN NaN NaN NaN NaN NaN NaN NaN NaN"
General-1-20251226-15:29:07-112572,vector,AdhocNetwork1.host[13].rl,rlReward,,,"1 2 3 4 5 6 7 8 9 10 11 12 13 14 15 16 17 18 19 20 21 22 23 24 25 26 27 28 29 30 31 32 33 34 35 36 37 38 39 40 41 42 43 44 45 46 47 48 49 50","0.33333333333333 0 0.028231492680892 0.029799006800553 0.082547059606506 0.052879716335999 0 0.085531590044026 0.055597131418576 0.080338423405557 0 0.069070477753364 0.090202089595592 0.035001374429373 0.053931176669296 0.095554255380688 0.042965835370403 0.36741583225807 0.36081166354389 0.33126795249102 0.3672223070624 0.40480131755749 0.40432592254399 0.39275792807366 0.38957464592965 0.38389588380836 0.34383554318879 0.099056154839259 0.34033929439974 0.40538711524378 0.36325751861224 0.37825871561729 0.30376520012752 0.35549316193011 0.34691501954302 0.36910766655445 0.34819227937309 0.32506698674964 0.39480119053216 0.35509683468016 0.35210850054933 0.3 0.33824015883225 0.28405699966564 0.38821701300234 0.4339671120041 0.37819854428222 0.3 0.40665103038194 0.36297186467389"
General-1-20251226-15:29:07-112572,vector,AdhocNetwork1.host[14].app[1],e2eDelayPeriodicSec,,,"1 2 3 4 5 6 7 8 9 10 11 12 13 14 15 16 17 18 19 20 21 22 23 24 25 26 27 28 29 30 31 32 33 34 35 36 37 38 39 40 41 42 43 44 45 46 47 48 49 50","NaN NaN NaN NaN NaN NaN NaN NaN NaN NaN NaN NaN NaN NaN 7.367343948991 7.367343948991 7.367343948991 NaN NaN NaN NaN NaN NaN NaN NaN NaN NaN NaN NaN NaN NaN NaN NaN NaN NaN NaN NaN NaN NaN NaN NaN NaN NaN NaN NaN NaN NaN NaN NaN NaN"
General-1-20251226-15:29:07-112572,vector,AdhocNetwork1.host[14].rl,rlReward,,,"1 2 3 4 5 6 7 8 9 10 11 12 13 14 15 16 17 18 19 20 21 22 23 24 25 26 27 28 29 30 31 32 33 34 35 36 37 38 39 40 41 42 43 44 45 46 47 48 49 50","0.33333333333333 0 0 0.0059707406832643 0.11076279357279 0.044707989447336 0 0.11519288997628 0.058177026194589 0.039927286003519 0 0.11058383590728 0.085085072987998 0.11860029085954 0.075111894027461 0.67850365958762 0.073475904664196 0.12731186077842 0.052110740890323 0.0084239967319674 0.0763115669068 -0.1119983724905 0.16981683802334 -0.32764268857766 -0.5 -0.554391841354 -0.56699688781671 -0.61281180162478 -0.6430081934677 -0.63614733715704 -0.52350224796374 0.025411184210022 0.079285137639559 0.25371282760065 0.038202283644244 -0.13314534770849 0.042327734637541 0.39236068452863 0.14922966992273 0.13927669959271 0.090515690840209 0.25045080133654 0.086278029215214 0.28874239916602 0.39429369940724 0.26371053677709 0.13258578248947 -0.08896564975661 0.39490151505815 0.40022370921106"
General-1-20251226-15:29:07-112572,vector,AdhocNetwork1.host[15].app[1],e2eDelayPeriodicSec,,,"1 2 3 4 5 6 7 8 9 10 11 12 13 14 15 16 17 18 19 20 21 22 23 24 25 26 27 28 29 30 31 32 33 34 35 36 37 38 39 40 41 42 43 44 45 46 47 48 49 50","NaN NaN NaN NaN NaN NaN NaN NaN NaN NaN NaN NaN NaN NaN NaN NaN NaN NaN NaN NaN NaN NaN NaN NaN NaN NaN NaN NaN NaN NaN NaN NaN NaN NaN NaN NaN NaN NaN NaN NaN NaN NaN NaN NaN NaN NaN NaN NaN NaN NaN"
General-1-20251226-15:29:07-112572,vector,AdhocNetwork1.host[15].rl,rlReward,,,"1 2 3 4 5 6 7 8 9 10 11 12 13 14 15 16 17 18 19 20 21 22 23 24 25 26 27 28 29 30 31 32 33 34 35 36 37 38 39 40 41 42 43 44 45 46 47 48 49 50","0.33333333333333 0 0.02891291307462 0.3 0 0 0.018582031945959 0.029589965764454 0.05433103264624 0.31618726860956 0.37913508300585 0.03401751436306 0.3 0.34927756545471 0.32774894955385 0.37002478910699 0.39218505406817 0.33995553243724 0.37042781937876 0.37075647655303 0.38279084963864 0.35932415993712 0.31392589341777 0.30789063039589 0.39535021464004 0.23048650950431 0.30451981028013 0.31452059867014 0.41299586677383 0.34255896219891 0.32699025373179 0.3 0.32459344650112 0.30296218335815 0.41505779679488 0.30520467396901 0.36011923898673 0.14053797951658 0.39657640129778 0.40191170664805 0.36727216864961 -0.088854369290545 0.37916499734902 0.3370113783843 0.39101166943928 0.40901614744372 0.42121180091378 0.40481010751447 0.096856952846325 0.40109391606383"
General-1-20251226-15:29:07-112572,vector,AdhocNetwork1.host[16].app[1],e2eDelayPeriodicSec,,,"1 2 3 4 5 6 7 8 9 10 11 12 13 14 15 16 17 18 19 20 21 22 23 24 25 26 27 28 29 30 31 32 33 34 35 36 37 38 39 40 41 42 43 44 45 46 47 48 49 50","NaN NaN NaN NaN NaN NaN NaN NaN NaN NaN NaN NaN NaN NaN NaN NaN NaN NaN NaN NaN NaN NaN NaN NaN NaN NaN NaN NaN NaN NaN NaN NaN NaN NaN NaN NaN NaN NaN NaN NaN NaN NaN NaN NaN NaN NaN NaN NaN NaN NaN"
General-1-20251226-15:29:07-112572,vector,AdhocNetwork1.host[16].rl,rlReward,,,"1 2 3 4 5 6 7 8 9 10 11 12 13 14 15 16 17 18 19 20 21 22 23 24 25 26 27 28 29 30 31 32 33 34 35 36 37 38 39 40 41 42 43 44 45 46 47 48 49 50","0.33333333333333 0 0.081186423771502 0.10555786211622 0.082690800547369 0.048377891332883 0.077943861065505 0.055857541819603 0.045876890460171 0 0.21321073719605 0.028434686074526 0 0.035128984846631 0.0065839331370585 0.063886430474695 0.070547753831192 0.037364708591458 0.020514250078403 0.18372775477705 0.1 0.19652166296893 0.14483189077231 0.13909779541247 0.19846339416059 0.12967438838698 0.11799018671819 0.22882039519811 0.20934331007692 0.027583720012485 -0.5 0.13955567692146 0.35101305335532 0.1 0.24150542874379 0.13090091062837 0.18663232454107 0.18221777106586 0.21474566434319 0.12962402083963 0.16960029633005 0.18120458676693 0.35049340103216 0.36680362265608 0.36883087714497 0.35446884463038 0.27075973914363 0.41016137645895 0.392540790095 0.38780228222126"
General-1-20251226-15:29:07-112572,vector,AdhocNetwork1.host[17].app[1],e2eDelayPeriodicSec,,,"1 2 3 4 5 6 7 8 9 10 11 12 13 14 15 16 17 18 19 20 21 22 23 24 25 26 27 28 29 30 31 32 33 34 35 36 37 38 39 40 41 42 43 44 45 46 47 48 49 50","NaN NaN NaN NaN NaN NaN NaN NaN NaN NaN NaN NaN NaN 2.813713097482 2.813713097482 2.813713097482 NaN NaN NaN NaN NaN NaN NaN NaN NaN NaN NaN NaN NaN NaN NaN NaN NaN NaN NaN NaN NaN NaN NaN NaN NaN NaN NaN NaN NaN NaN NaN NaN NaN NaN"
General-1-20251226-15:29:07-112572,vector,AdhocNetwork1.host[17].rl,rlReward,,,"1 2 3 4 5 6 7 8 9 10 11 12 13 14 15 16 17 18 19 20 21 22 23 24 25 26 27 28 29 30 31 32 33 34 35 36 37 38 39 40 41 42 43 44 45 46 47 48 49 50","0.33333333333333 0 0 -0.2 0.3376304887953 0 0.032778876472963 0.013741768074869 0.35700853603854 0.38395129250531 0.16036326759443 0.01315333550449 0.35923242527087 0 0.389621768537 0.38099018945724 0.3465915148366 -0.12985544330106 0.39781394608052 0.37991209971142 0.41393248241411 0.3755541198232 0.35063380739045 0.35413671640971 0.34872139834446 0.3445611643443 0.34241355274873 0.3654813273376 0.36458959763985 0.34139680459611 0.36307968517085 0.39180552932439 0.37424950259488 0.36231373339227 0.40554988530608 0.37918228416204 0.34565123575734 0.35455460189192 0.38699515730985 0.35855727296614 0.36345476014953 0.33208493481421 0.39302475671075 0.36038469646604 0.34732943980065 0.37258874488366 0.32242331148972 0.37494047283675 0.39840217014637 0.19498899885749"
General-1-20251226-15:29:07-112572,vector,AdhocNetwork1.host[18].app[1],e2eDelayPeriodicSec,,,"1 2 3 4 5 6 7 8 9 10 11 12 13 14 15 16 17 18 19 20 21 22 23 24 25 26 27 28 29 30 31 32 33 34 35 36 37 38 39 40 41 42 43 44 45 46 47 48 49 50","NaN NaN NaN NaN NaN NaN NaN NaN NaN NaN NaN NaN NaN NaN NaN NaN NaN NaN NaN NaN NaN NaN NaN NaN NaN NaN NaN NaN NaN NaN NaN NaN NaN NaN NaN NaN NaN NaN NaN NaN NaN NaN NaN NaN NaN NaN NaN NaN NaN NaN"
General-1-20251226-15:29:07-112572,vector,AdhocNetwork1.host[18].rl,rlReward,,,"1 2 3 4 5 6 7 8 9 10 11 12 13 14 15 16 17 18 19 20 21 22 23 24 25 26 27 28 29 30 31 32 33 34 35 36 37 38 39 40 41 42 43 44 45 46 47 48 49 50","0.33333333333333 0 0 0 0.0056652509404607 0.014289900653553 0.041815856293481 0 0.3 0.3694238897773 0.09205338033651 0.32009212775344 0.3 0.34590928831816 0.31477692210002 0.34997335516772 0.34960359288203 0.31889332076656 0.30302479866078 0.38053191519507 0.3466688050054 0.3 0.30498832627177 0.3 0.42178589080748 0.40198857883946 0.39635999373601 0.38433817980692 0.39505811729788 0.3 0.37049851119438 0.40813410704115 0.36430823561401 0.41109301560376 0.41734505435085 0.36433424469482 0.37062299292765 0.39015759592266 0.024583420362054 0.41477883189481 0.4192713113984 0.39940780279246 0.42692388750101 0.37469793817048 -0.079933155569745 0.39325928701355 0.39886126430245 0.36521685031368 0.39962330945974 0.37546341371935"
General-1-20251226-15:29:07-112572,vector,AdhocNetwork1.host[19].app[1],e2eDelayPeriodicSec,,,"1 2 3 4 5 6 7 8 9 10 11 12 13 14 15 16 17 18 19 20 21 22 23 24 25 26 27 28 29 30 31 32 33 34 35 36 37 38 39 40 41 42 43 44 45 46 47 48 49 50","NaN NaN NaN NaN NaN NaN NaN NaN NaN NaN NaN NaN NaN NaN NaN NaN NaN NaN NaN NaN NaN NaN NaN NaN NaN NaN NaN NaN NaN NaN NaN NaN NaN NaN NaN NaN NaN NaN NaN NaN NaN NaN NaN NaN NaN NaN NaN NaN NaN NaN"
General-1-20251226-15:29:07-112572,vector,AdhocNetwork1.host[19].rl,rlReward,,,"1 2 3 4 5 6 7 8 9 10 11 12 13 14 15 16 17 18 19 20 21 22 23 24 25 26 27 28 29 30 31 32 33 34 35 36 37 38 39 40 41 42 43 44 45 46 47 48 49 50","0.33333333333333 0 0 0.047126199509358 0.089345992508206 0.04446020025449 0.17682375498826 0 0.049354195814145 0.20290857037746 0.059367915639762 0.075380951376922 0.041533281729469 -0.1125429722435 0.15965664396502 0.16025823929115 0.21538491755715 0.20986470622144 0.34798301679806 0.10810309087927 0.11958331727649 0.28064928627732 0.19282655035515 0.12640694941865 0.16414199036029 0.28058912160269 0.2457891097783 0.11717522191806 -0.039978595549309 0.1 0.21810556990581 0.21945237774278 0.35050385148956 0.21808908023953 0.31416421505324 0.14600309874588 0.22691779200471 -0.051757655623169 0.25379153192556 0.26205177927769 0.16474272297175 0.21570946839235 0.14860606870353 0.22033889394256 0.20017736743193 0.34979135950577 0.0094119550478293 0.38630575713478 0.34873017261382 0.37726094084165"
General-1-20251226-15:29:07-112572,vector,AdhocNetwork1.host[20].app[1],e2eDelayPeriodicSec,,,"1 2 3 4 5 6 7 8 9 10 11 12 13 14 15 16 17 18 19 20 21 22 23 24 25 26 27 28 29 30 31 32 33 34 35 36 37 38 39 40 41 42 43 44 45 46 47 48 49 50","NaN NaN NaN NaN NaN NaN NaN NaN NaN NaN NaN NaN NaN NaN NaN NaN NaN NaN NaN NaN NaN NaN NaN NaN NaN NaN NaN NaN NaN NaN NaN NaN NaN NaN NaN NaN NaN NaN NaN NaN NaN NaN NaN NaN NaN NaN NaN NaN NaN NaN"
General-1-20251226-15:29:07-112572,vector,AdhocNetwork1.host[20].rl,rlReward,,,"1 2 3 4 5 6 7 8 9 10 11 12 13 14 15 16 17 18 19 20 21 22 23 24 25 26 27 28 29 30 31 32 33 34 35 36 37 38 39 40 41 42 43 44 45 46 47 48 49 50","0.33333333333333 0 0.033917816742858 0 0.0095489286317332 0.032447181640523 0.030040844799586 0.018346760657946 0.050403310120112 0.045136336247802 0.0001140699602214 0.04707905762825 0.35536085407498 0.33142823350013 0.31453222198596 0.30725057408882 0.3 0.35454585188781 0.3 0.32150280616819 0.41228400888651 0.31915756162118 0.3435363746649 0.40998888136346 0.31787941712032 0.36368090136428 0.34092306879481 0.0054634429471151 0.33731027615115 0.42180890301786 0.38785640217587 0.3632245553511 0.37356822278063 0.38249626657149 0.36144863162027 0.35645585844728 0.33564091314572 0.34112260237748 0.31052477471178 0.35954704882782 0.40365827860708 0.38996658744933 0.41146403745956 0.41142362682204 0.40047678370388 0.38893220084866 0.26419967764748 0.3980584637682 0.39773539751564 -0.067229628095945"
General-1-20251226-15:29:07-112572,vector,AdhocNetwork1.host[21].app[1],e2eDelayPeriodicSec,,,"1 2 3 4 5 6 7 8 9 10 11 12 13 14 15 16 17 18 19 20 21 22 23 24 25 26 27 28 29 30 31 32 33 34 35 36 37 38 39 40 41 42 43 44 45 46 47 48 49 50","NaN NaN NaN NaN NaN NaN NaN NaN NaN NaN NaN NaN NaN NaN NaN NaN NaN NaN NaN NaN NaN NaN NaN NaN NaN NaN NaN NaN NaN NaN NaN NaN NaN NaN NaN NaN NaN NaN NaN NaN NaN NaN NaN NaN NaN NaN NaN NaN NaN NaN"
General-1-20251226-15:29:07-112572,vector,AdhocNetwork1.host[21].rl,rlReward,,,"1 2 3 4 5 6 7 8 9 10 11 12 13 14 15 16 17 18 19 20 21 22 23 24 25 26 27 28 29 30 31 32 33 34 35 36 37 38 39 40 41 42 43 44 45 46 47 48 49 50","0.33333333333333 0.1 0.030596415343554 0.057239713642416 0.021761452880297 0 0.04779921986403 0.0022556533257712 0 -0.15158207804035 0.034174656227596 0.0092876756909833 0.01005006980417 0 0.025596604162202 0.010275378028352 0.1634999154868 0.14907610976223 0.13497725309993 0.19030442884624 0.18276245475363 0.1 0.1433156390472 0.1 0.17019677035856 0.1 0.2429408472514 0.1 0.17659321270862 0.16473014929137 0.28132888299722 0.17976159980387 0.17845418767254 0.20430346583613 0.13560697524173 0.18891421425275 0.24640915410477 0.16536183357869 0.15597093687359 0.16122140318571 0.16128930705922 0.18475224372835 0.03209025391436 0.38124591929214 0.31393902264816 0.30814924750185 0.24057967934599 0.15824986759258 0.33818300167439 0.31359673500912"
General-1-20251226-15:29:07-112572,vector,AdhocNetwork1.host[22].app[1],e2eDelayPeriodicSec,,,"1 2 3 4 5 6 7 8 9 10 11 12 13 14 15 16 17 18 19 20 21 22 23 24 25 26 27 28 29 30 31 32 33 34 35 36 37 38 39 40 41 42 43 44 45 46 47 48 49 50","NaN NaN NaN NaN NaN NaN NaN NaN NaN NaN NaN NaN NaN NaN NaN NaN NaN NaN NaN NaN NaN NaN NaN NaN NaN NaN NaN NaN NaN NaN NaN NaN NaN NaN NaN NaN NaN NaN NaN NaN NaN NaN NaN NaN NaN NaN NaN NaN NaN NaN"
General-1-20251226-15:29:07-112572,vector,AdhocNetwork1.host[22].rl,rlReward,,,"1 2 3 4 5 6 7 8 9 10 11 12 13 14 15 16 17 18 19 20 21 22 23 24 25 26 27 28 29 30 31 32 33 34 35 36 37 38 39 40 41 42 43 44 45 46 47 48 49 50","0.33333333333333 0 0.070331799395701 0.36806270776833 0.094711983591228 -0.52162089523872 -0.5113637899828 -0.5500632047216 -0.60251726930788 -0.59311916303044 -0.3368618910155 -0.10054523721018 0.15499002330526 0.13011782465927 0.15809909297839 0.14278492106124 0.10596180009147 0.12895038658961 -0.034075115386993 0.11457980444553 0.13908290608286 0.16765491216609 0.1432404297054 0.12312228061124 0.14035472199796 0.14118828605191 0.17142356857699 0.14341964069006 0.16681771697056 0.18321893050339 0.47511787505839 -0.52605236896056 -0.52539376051366 -0.20906543951538 -0.36739385651713 -0.52508493138089 -0.47265235953622 -0.20902635220072 -0.52677809119103 -0.36854925506006 -0.47343420955701 0.32320752856664 0.31435188967007 0.3166843330453 0.29444234218801 -0.026330840675551 0.23601012733843 0.27510186763305 0.29142893724234 0.26948745773057"
General-1-20251226-15:29:07-112572,vector,AdhocNetwork1.host[23].app[1],e2eDelayPeriodicSec,,,"1 2 3 4 5 6 7 8 9 10 11 12 13 14 15 16 17 18 19 20 21 22 23 24 25 26 27 28 29 30 31 32 33 34 35 36 37 38 39 40 41 42 43 44 45 46 47 48 49 50","NaN NaN NaN NaN NaN NaN NaN NaN NaN NaN NaN NaN NaN NaN NaN NaN NaN NaN NaN NaN NaN NaN NaN NaN NaN NaN NaN NaN NaN NaN NaN NaN NaN NaN NaN NaN NaN NaN NaN NaN NaN NaN NaN NaN NaN NaN NaN NaN NaN NaN"
General-1-20251226-15:29:07-112572,vector,AdhocNetwork1.host[23].rl,rlReward,,,"1 2 3 4 5 6 7 8 9 10 11 12 13 14 15 16 17 18 19 20 21 22 23 24 25 26 27 28 29 30 31 32 33 34 35 36 37 38 39 40 41 42 43 44 45 46 47 48 49 50","0.33333333333333 0 0 0.033615893527846 0.048613228697891 0 0.011968331639524 0.061755177838092 0.20674323837575 0.072513883242289 0.068329000476691 0.08173476995304 -0.2 0.13952498164963 0.19041391110037 0.2630379936966 0.1957212223121 0.13403188785561 0.15677132468944 0.2509258857491 0.22973213282988 0.20782504909476 0.16643871488941 0.12514927477799 0.17570891691416 0.12967107008322 0.19333851897335 0.25738802086825 0.17982093374344 0.2317187616885 0.27740339996649 -0.082298169556742 0.26461082049866 0.18568996320684 0.19655874529945 0.19537258052016 0.21784856966407 0.18427183491445 0.20203326689083 0.1 0.22145524247277 0.29209077230954 0.14448604641005 0.30819958577163 0.30390914741562 0.080750808605356 0.40868028082378 0.39685647465783 0.35958615245746 0.38965941460386"
General-1-20251226-15:29:07-112572,vector,AdhocNetwork1.host[24].app[1],e2eDelayPeriodicSec,,,"1 2 3 4 5 6 7 8 9 10 11 12 13 14 15 16 17 18 19 20 21 22 23 24 25 26 27 28 29 30 31 32 33 34 35 36 37 38 39 40 41 42 43 44 45 46 47 48 49 50","NaN NaN NaN NaN NaN NaN NaN NaN NaN NaN NaN NaN NaN NaN NaN NaN NaN NaN NaN NaN NaN NaN NaN NaN NaN NaN NaN NaN NaN NaN NaN NaN NaN NaN NaN NaN NaN NaN NaN NaN NaN NaN NaN NaN NaN NaN NaN NaN NaN NaN"
General-1-20251226-15:29:07-112572,vector,AdhocNetwork1.host[24].rl,rlReward,,,"1 2 3 4 5 6 7 8 9 10 11 12 13 14 15 16 17 18 19 20 21 22 23 24 25 26 27 28 29 30 31 32 33 34 35 36 37 38 39 40 41 42 43 44 45 46 47 48 49 50","0.33333333333333 0 0.3 0.033203272423454 0 0.0097508725916156 0.058768057516283 0.063889812670338 0.067452732255218 0.3 0.058875766189638 0.34156632661155 0.36545988988511 0.35806460698916 0.36601357218929 0.34831773207984 0.30697633905765 0.012276633337504 0.37999994391118 0.36413776820056 0.32206823728215 0.33418279445512 0.35458196638473 0.39327096117831 0.35226679565801 0.33785329156214 0.32807770784285 0.35615779488766 0.38015364601147 0.33991297825954 -0.15302250956883 0.3773165651058 0.36271228636151 0.36928862763398 0.35866961829637 0.36277974633182 0.36938046037701 0.38903404447214 0.38671672921652 0.30649403687362 0.37190809239422 0.31072557867484 0.31339489930562 0.3343382223009 0.3 0.3 0.45534914749783 0.36017486590771 0.35655831019886 0.36853599088695"
General-2-20251226-15:29:07-112569,vector,AdhocNetwork1.host[0].app[1],e2eDelayPeriodicSec,,,"1 2 3 4 5 6 7 8 9 10 11 12 13 14 15 16 17 18 19 20 21 22 23 24 25 26 27 28 29 30 31 32 33 34 35 36 37 38 39 40 41 42 43 44 45 46 47 48 49 50","NaN NaN NaN NaN NaN NaN NaN NaN NaN NaN NaN NaN NaN NaN NaN NaN NaN NaN NaN NaN NaN NaN NaN NaN NaN NaN NaN NaN NaN NaN NaN NaN NaN NaN NaN NaN NaN NaN NaN NaN NaN NaN NaN NaN NaN NaN NaN NaN NaN NaN"
General-2-20251226-15:29:07-112569,vector,AdhocNetwork1.host[0].rl,rlReward,,,"1 2 3 4 5 6 7 8 9 10 11 12 13 14 15 16 17 18 19 20 21 22 23 24 25 26 27 28 29 30 31 32 33 34 35 36 37 38 39 40 41 42 43 44 45 46 47 48 49 50","0.33333333333333 0 0.086561253192145 0.054026741893194 0.083615711034499 0.80085141641026 -0.56032395467405 -0.61943332393724 -0.49269058597857 -0.52502856795271 -0.54417902168421 0.31291492136664 0.40761188040976 0.34297270707107 0.32465863444308 0.43327401891154 0.36920001796955 0.42319307968269 0.36319243907559 0.37573186782458 0.42146383268585 0.38581055055246 0.35423740288634 0.37365225172667 0.41989149197743 0.39249674837343 0.33989409100941 0.13913851168172 0.37605929260946 0.37206908359795 0.35632932391733 0.39432131231455 0.38458135641727 0.41961045567356 0.36172995295786 0.38232704561565 0.33109915566131 0.063067684342645 0.36999834784793 0.3404449457394 0.18622061591249 -0.083072204437722 0.34904699127763 0.33372779524377 0.34732142765875 0.38600475746528 0.34751703623714 0.33838594787928 0.39321778675432 0.34307170118463"
General-2-20251226-15:29:07-112569,vector,AdhocNetwork1.host[1].app[1],e2eDelayPeriodicSec,,,"1 2 3 4 5 6 7 8 9 10 11 12 13 14 15 16 17 18 19 20 21 22 23 24 25 26 27 28 29 30 31 32 33 34 35 36 37 38 39 40 41 42 43 44 45 46 47 48 49 50","NaN NaN NaN NaN NaN NaN NaN NaN NaN NaN NaN NaN NaN NaN NaN NaN NaN NaN NaN NaN NaN NaN NaN NaN NaN NaN NaN NaN NaN NaN NaN NaN NaN NaN NaN NaN NaN NaN NaN NaN NaN NaN NaN NaN NaN NaN NaN NaN NaN NaN"
General-2-20251226-15:29:07-112569,vector,AdhocNetwork1.host[1].rl,rlReward,,,"1 2 3 4 5 6 7 8 9 10 11 12 13 14 15 16 17 18 19 20 21 22 23 24 25 26 27 28 29 30 31 32 33 34 35 36 37 38 39 40 41 42 43 44 45 46 47 48 49 50","0.33333333333333 0 0 0.12142237511899 0.13803001575228 0.086591785857124 0.091505507837561 0.05918580475925 -0.57535361639881 -0.61739906149447 -0.57218638785539 0.75359132614618 0.36496444424009 0.3413162912606 0.13767238634438 0.37633144336187 0.17030555112752 0.31709483807233 0.34079713239842 0.3553988674167 0.33450664429867 0.34811726802159 -0.11315224485873 0.34850028551773 0.013408598802748 0.31224046519092 0.39730441499414 0.31013286711535 0.32001298672536 0.41474354907439 0.4065128488032 0.40341928800938 0.31455937803859 0.40161725414472 0.35577748517384 -0.66318564488061 -0.69811510691192 -0.62954362697266 -0.59809355033952 -0.5808787878192 -0.57701043401771 0.30979537674337 0.027200927754084 0.33093109687064 0.36294008432014 0.30783497269001 0.34742419733388 0.31034531993167 0.38708633746198 0.32089667851022"
General-2-20251226-15:29:07-112569,vector,AdhocNetwork1.host[2].app[1],e2eDelayPeriodicSec,,,"1 2 3 4 5 6 7 8 9 10 11 12 13 14 15 16 17 18 19 20 21 22 23 24 25 26 27 28 29 30 31 32 33 34 35 36 37 38 39 40 41 42 43 44 45 46 47 48 49 50","NaN NaN NaN NaN NaN 1.089539159736 1.089539159736 1.089539159736 NaN NaN NaN NaN NaN NaN NaN NaN NaN NaN NaN NaN NaN NaN NaN NaN NaN NaN NaN NaN NaN NaN NaN NaN NaN NaN NaN NaN NaN NaN NaN NaN NaN NaN NaN NaN NaN NaN NaN NaN NaN NaN"
General-2-20251226-15:29:07-112569,vector,AdhocNetwork1.host[2].rl,rlReward,,,"1 2 3 4 5 6 7 8 9 10 11 12 13 14 15 16 17 18 19 20 21 22 23 24 25 26 27 28 29 30 31 32 33 34 35 36 37 38 39 40 41 42 43 44 45 46 47 48 49 50","0.33333333333333 0 0.3 0.31293864454096 0.3 0.36677545829786 0.38244341804781 0.4031782694057 0.35553869042616 0.377927024122 0.35610481781257 0.35774557244137 -0.12263504649056 0.078731681920769 0.4192925708838 0.042555250715702 0.087280900471969 0.090622736586131 0.093226655238288 0.10617178793507 0.10869912566676 0.087988739364383 0.056737326284216 0.14466477350675 0.12199057310565 0.060528235928247 0.2307277487504 0.058106319904212 0.094082262342275 0.056534381079759 0.10754304681279 0.10143530107854 0.083308526304256 0.10190601362199 0.12644531571763 0.084085341345973 0.08172537935157 0.069691754523976 0.025220039306382 0.07276822702329 0.088303474889219 0.1275206320452 0.14895709658488 0.17286035962356 0.41960619458587 0.37536228027203 0.13630747808425 0.17388204021146 0.10771712991409 0.34549195446357"
General-2-20251226-15:29:07-112569,vector,AdhocNetwork1.host[3].app[1],e2eDelayPeriodicSec,,,"1 2 3 4 5 6 7 8 9 10 11 12 13 14 15 16 17 18 19 20 21 22 23 24 25 26 27 28 29 30 31 32 33 34 35 36 37 38 39 40 41 42 43 44 45 46 47 48 49 50","NaN NaN NaN NaN NaN NaN NaN NaN NaN NaN NaN NaN NaN NaN NaN NaN NaN NaN NaN NaN NaN NaN NaN NaN NaN NaN NaN NaN NaN NaN NaN NaN NaN NaN NaN NaN NaN NaN NaN NaN NaN NaN NaN NaN NaN NaN NaN NaN NaN NaN"
General-2-20251226-15:29:07-112569,vector,AdhocNetwork1.host[3].rl,rlReward,,,"1 2 3 4 5 6 7 8 9 10 11 12 13 14 15 16 17 18 19 20 21 22 23 24 25 26 27 28 29 30 31 32 33 34 35 36 37 38 39 40 41 42 43 44 45 46 47 48 49 50","0.33333333333333 0 0.059634054509007 0 0.13265970376345 0.075031915044895 0.045191540516189 0.078693702138174 0.074742571312303 0.14462075140737 0.10233386122393 0.084277218472193 0.039282396688969 0.063045529821121 0.071127129983983 0.068944985154047 0.056160237755862 0.074118576553791 0.071257615835093 0.043630109014122 0.15307783661533 0.057255111310875 0.032594552541432 0.13791572870355 0.075630539241655 0.096153115615294 0.06564946721464 0.058990390151087 0.091323926772104 0.037619197020676 0.34179070011945 0.3536008232913 0.36460901147809 0.38660378288123 0.20553638257643 0.36212247018144 0.37261156740725 0.36095929440867 0.36735638214177 0.39176732123886 0.34605004598468 0.35307212424028 0.39221254105573 0.37566128300031 0.39974732423492 0.10746725507458 0.38613407492385 0.33068484016191 0.33720878101383 0.35308805357792"
General-2-20251226-15:29:07-112569,vector,AdhocNetwork1.host[4].app[1],e2eDelayPeriodicSec,,,"1 2 3 4 5 6 7 8 9 10 11 12 13 14 15 16 17 18 19 20 21 22 23 24 25 26 27 28 29 30 31 32 33 34 35 36 37 38 39 40 41 42 43 44 45 46 47 48 49 50","NaN NaN NaN NaN NaN NaN NaN NaN NaN NaN NaN NaN NaN NaN NaN NaN NaN NaN NaN NaN NaN NaN NaN NaN NaN NaN NaN NaN NaN NaN NaN NaN NaN NaN NaN NaN NaN NaN NaN NaN NaN NaN NaN NaN NaN NaN NaN NaN NaN NaN"
General-2-20251226-15:29:07-112569,vector,AdhocNetwork1.host[4].rl,rlReward,,,"1 2 3 4 5 6 7 8 9 10 11 12 13 14 15 16 17 18 19 20 21 22 23 24 25 26 27 28 29 30 31 32 33 34 35 36 37 38 39 40 41 42 43 44 45 46 47 48 49 50","0.33333333333333 0 0.3 -0.11173092328575 0.075523421661525 0.3399056931573 0.064656268009117 0.32933647138661 0.3 0.33996215331919 0.32620006272583 0.38105165091554 0.38724302444622 0.36270904775377 0.33569226643548 0.071511242803926 0.0055858916914852 0.043220193320297 0.1607240864127 0.031012948515895 0 0.059609884444216 0.040019546196614 0.067488720517706 0.37537875413255 0.34824170615666 0.3102206392091 0.024398832689499 0.029113927112517 0.049738324224149 0 0.047307558551695 0.059989085762984 0.20957649793228 0.18404279741276 0.25939227884755 0.26078140904678 0.078540060589767 0.24535637086931 0.19938488419379 0.26396128058268 0.25015730789109 0.27987165842061 0.36203945784435 0.34500246656763 0.24306366020313 0.38734298523651 0.20460503451617 0.1 0.19008849742546"
General-2-20251226-15:29:07-112569,vector,AdhocNetwork1.host[5].app[1],e2eDelayPeriodicSec,,,"1 2 3 4 5 6 7 8 9 10 11 12 13 14 15 16 17 18 19 20 21 22 23 24 25 26 27 28 29 30 31 32 33 34 35 36 37 38 39 40 41 42 43 44 45 46 47 48 49 50","NaN NaN NaN NaN NaN NaN NaN NaN NaN NaN NaN NaN NaN NaN NaN NaN NaN NaN NaN NaN NaN NaN NaN NaN NaN NaN NaN NaN NaN NaN NaN NaN NaN NaN NaN NaN NaN NaN NaN NaN NaN NaN NaN NaN NaN NaN NaN NaN NaN NaN"
General-2-20251226-15:29:07-112569,vector,AdhocNetwork1.host[5].rl,rlReward,,,"1 2 3 4 5 6 7 8 9 10 11 12 13 14 15 16 17 18 19 20 21 22 23 24 25 26 27 28 29 30 31 32 33 34 35 36 37 38 39 40 41 42 43 44 45 46 47 48 49 50","0.33333333333333 0 0.11029333746381 0.050293713649138 0.022355874476932 0.071218814957984 0.074444678566747 0.052248424702663 0.071083476808315 0.043011236906799 0.063176294450945 0.069670407718893 0.028537925143597 0.026430457580043 0.090822120396108 0.031492842445403 0.056470143305939 0.079606544420965 0.084182076269601 -0.11169284391467 0.076410300850136 0.078626132853217 0.10276715381439 0.35035140614002 0.39780959395103 0.3997413236185 0.37419250925616 0.30827488736951 0.40400174675083 0.39364915196574 0.35700220321555 0.35067321978869 0.36022346900479 0.36274602980556 0.36348063070495 0.3815241878964 0.33598243540107 0.33215523635459 0.33342978058365 0.33816139597757 0.39407884879813 0.3663349096286 0.35072508721579 0.37978596920445 0.39388506145119 0.32868793429745 0.34599087377907 0.36049550333747 0.35919115908534 0.37048250923074"
General-2-20251226-15:29:07-112569,vector,AdhocNetwork1.host[6].app[1],e2eDelayPeriodicSec,,,"1 2 3 4 5 6 7 8 9 10 11 12 13 14 15 16 17 18 19 20 21 22 23 24 25 26 27 28 29 30 31 32 33 34 35 36 37 38 39 40 41 42 43 44 45 46 47 48 49 50","NaN NaN NaN NaN NaN NaN NaN NaN NaN NaN NaN NaN NaN NaN NaN NaN NaN NaN NaN NaN NaN NaN NaN NaN NaN NaN NaN NaN NaN NaN NaN NaN NaN NaN NaN NaN NaN NaN NaN NaN NaN NaN NaN NaN NaN NaN NaN NaN NaN NaN"
General-2-20251226-15:29:07-112569,vector,AdhocNetwork1.host[6].rl,rlReward,,,"1 2 3 4 5 6 7 8 9 10 11 12 13 14 15 16 17 18 19 20 21 22 23 24 25 26 27 28 29 30 31 32 33 34 35 36 37 38 39 40 41 42 43 44 45 46 47 48 49 50","0.33333333333333 0 0 0.32046845187673 0.039601481867103 0.3 0.35266626221607 0.066105745798083 0.38755997242667 0.31845788359838 0.040459990101572 0.38782418536584 0.32133210333405 0.25006547540542 0.38174308477381 0.37537161329973 0.37781375017206 0.36854605184398 0.38277336478869 0.37436214791939 0.37026639416274 0.41556154249245 0.40973636013988 0.40299604155786 0.40795299256924 0.3576863437557 0.35180730981906 0.38022222932266 0.35577992735897 0.35159142301931 0.32219856601932 0.35166900711304 0.39837665152027 0.39770503073825 0.35415356300717 0.3160074678273 0.40747197376172 0.08392627786982 0.04983662096671 0.057812771146763 0.084582547364664 0.093519746701272 0.064832740484521 0.066322221481538 0.068176329448657 0.060986738631418 0.06875948881397 0.1040252033271 0.055952375618234 0.1075105538845"
General-2-20251226-15:29:07-112569,vector,AdhocNetwork1.host[7].app[1],e2eDelayPeriodicSec,,,"1 2 3 4 5 6 7 8 9 10 11 12 13 14 15 16 17 18 19 20 21 22 23 24 25 26 27 28 29 30 31 32 33 34 35 36 37 38 39 40 41 42 43 44 45 46 47 48 49 50","NaN NaN NaN NaN 0.274731488212 0.274731488212 0.274731488212 NaN NaN NaN NaN NaN NaN NaN NaN NaN NaN NaN NaN NaN NaN NaN NaN NaN NaN NaN NaN NaN NaN NaN NaN NaN NaN NaN NaN NaN NaN NaN NaN NaN NaN NaN NaN NaN NaN NaN NaN 24.818556809222 24.818556809222 24.818556809222"
General-2-20251226-15:29:07-112569,vector,AdhocNetwork1.host[7].rl,rlReward,,,"1 2 3 4 5 6 7 8 9 10 11 12 13 14 15 16 17 18 19 20 21 22 23 24 25 26 27 28 29 30 31 32 33 34 35 36 37 38 39 40 41 42 43 44 45 46 47 48 49 50","0.33333333333333 0 0.05276092572618 0.11442391291957 0.08318255643152 0.023719220331188 0.39940984667904 0.078445156654563 0.072990491297045 0.05231107182383 0.038492581707195 0.044147645299259 0.036019214044622 -0.64945536951062 -0.6264889452832 -0.58645830950689 -0.60762921021426 -0.64821004961697 -0.34940959657162 -0.6 -0.63001237650035 0.0064442582492995 0.37469474819045 0.026062516481465 0.106462384095 0.3 0.3 0.090620723022642 0.18852744337525 -0.17747381353728 0.3765914076038 0.13592657745313 0.023435986541274 0.35588428074387 0.33035183810632 0.37013759598537 0.35983637805112 0.39120742523008 0.3759912603239 0.37785499493581 0.38466121420188 0.40903862502868 0.39049291890597 0.37546102453591 0.3977849779269 0.34093650850705 0.35020654005798 0.43142297185385 0.41297833988138 0.3669227811131"
General-2-20251226-15:29:07-112569,vector,AdhocNetwork1.host[8].app[1],e2eDelayPeriodicSec,,,"1 2 3 4 5 6 7 8 9 10 11 12 13 14 15 16 17 18 19 20 21 22 23 24 25 26 27 28 29 30 31 32 33 34 35 36 37 38 39 40 41 42 43 44 45 46 47 48 49 50","NaN NaN NaN NaN NaN NaN NaN NaN NaN NaN NaN NaN NaN NaN NaN NaN NaN NaN NaN NaN NaN NaN NaN NaN NaN NaN NaN NaN NaN NaN NaN NaN NaN NaN NaN NaN NaN NaN NaN NaN NaN NaN NaN NaN NaN NaN NaN NaN NaN NaN"
General-2-20251226-15:29:07-112569,vector,AdhocNetwork1.host[8].rl,rlReward,,,"1 2 3 4 5 6 7 8 9 10 11 12 13 14 15 16 17 18 19 20 21 22 23 24 25 26 27 28 29 30 31 32 33 34 35 36 37 38 39 40 41 42 43 44 45 46 47 48 49 50","0.33333333333333 0 0 0.047481950205801 0.09621533984988 0.010706189931928 0.10185883132863 0.10786907001005 0.046576528650687 0.088296640955767 0.0031472257830679 0.086943721406852 0.046484516893222 0.078440336693824 0.11337042107596 0.1885436015163 0.080122121788312 0.2580041685962 0.19866881152274 0.1374873978513 0.26259183334014 0.23580070705843 0.2084314843415 0.14505877537592 0.16712998001985 0.29775226708656 0.25084989148897 0.28360806449646 0.11438082993364 0.26197565134202 0.29480404085033 0.068673915887156 0.18832934492643 0.17882714345209 0.080546839303193 0.19495349473245 0.080502494885462 0.40868149532774 0.38628387652984 0.38470927753055 0.36827017078265 0.3860638717659 0.40188543619341 0.34036019438737 0.28327149253545 0.42276529989201 0.36399462384454 0.37069435910008 0.35882860957381 0.38894368916342"
General-2-20251226-15:29:07-112569,vector,AdhocNetwork1.host[9].app[1],e2eDelayPeriodicSec,,,"1 2 3 4 5 6 7 8 9 10 11 12 13 14 15 16 17 18 19 20 21 22 23 24 25 26 27 28 29 30 31 32 33 34 35 36 37 38 39 40 41 42 43 44 45 46 47 48 49 50","NaN NaN NaN NaN NaN NaN NaN NaN NaN NaN NaN NaN NaN NaN NaN NaN NaN NaN NaN NaN NaN NaN NaN NaN NaN NaN NaN NaN NaN NaN NaN NaN NaN NaN NaN NaN NaN NaN NaN NaN NaN NaN NaN NaN NaN NaN NaN NaN NaN NaN"
General-2-20251226-15:29:07-112569,vector,AdhocNetwork1.host[9].rl,rlReward,,,"1 2 3 4 5 6 7 8 9 10 11 12 13 14 15 16 17 18 19 20 21 22 23 24 25 26 27 28 29 30 31 32 33 34 35 36 37 38 39 40 41 42 43 44 45 46 47 48 49 50","0.33333333333333 0 0.069153720823459 0.11370428692831 0.081234678153288 0.086337469443082 0.11752373388978 0.060360064799594 0.046137734540008 -0.10814020081046 0.092511635025197 0.015613486954336 0.083947441143031 0.090550780888523 0.045104314457254 0.094035732332591 0.040598956259692 0.029346910329166 0.019599585734765 0.3 0.042947119064516 0.024844217632835 0 0.0034930852348942 0.034090670223112 0.3 0.31453762135648 0.3 0.36384015933199 0.30697282521334 0.30921915691103 -0.2 0.67590866906434 -0.61040671285211 -0.63254261094085 -0.68822095080934 -0.61500973618579 -0.69176443445093 -0.67029501010322 -0.64530144410037 -0.60429101477628 0.37220158009193 0.085099510015373 0.040340389428551 0.02889809041655 0.3460795167457 0.049357397989092 0.061705315434015 0.11733885442746 0.23748665907723"
General-2-20251226-15:29:07-112569,vector,AdhocNetwork1.host[10].app[1],e2eDelayPeriodicSec,,,"1 2 3 4 5 6 7 8 9 10 11 12 13 14 15 16 17 18 19 20 21 22 23 24 25 26 27 28 29 30 31 32 33 34 35 36 37 38 39 40 41 42 43 44 45 46 47 48 49 50","NaN NaN NaN NaN NaN NaN NaN NaN NaN NaN NaN NaN NaN NaN NaN NaN NaN NaN NaN NaN NaN NaN NaN NaN NaN NaN NaN NaN NaN NaN NaN NaN NaN NaN NaN NaN NaN NaN NaN NaN NaN NaN NaN NaN NaN NaN NaN NaN NaN NaN"
General-2-20251226-15:29:07-112569,vector,AdhocNetwork1.host[10].rl,rlReward,,,"1 2 3 4 5 6 7 8 9 10 11 12 13 14 15 16 17 18 19 20 21 22 23 24 25 26 27 28 29 30 31 32 33 34 35 36 37 38 39 40 41 42 43 44 45 46 47 48 49 50","0.33333333333333 0 0.02633084021824 0.018201119485075 0 0.08887499746717 0.094805756668253 0.017037081388391 0.091460355141415 0.092833678386206 0.075097088193486 0 0.064407301061751 0.13994250082558 0.013062297249927 0.039057679969772 0.41176941188215 0.32725403143945 0.32719748254053 0.30287278443636 0.37280586280861 0.35559262778676 0.3709366754685 0.073063335875439 0.37119602671555 0.38211864858501 0.41785690257378 0.3670271842203 0.39894121049909 0.39262627931246 0.39852868474256 0.38257795338147 0.37394796736785 0.39267842718781 0.40763343844638 0.32848784433188 0.40074450265294 0.19494656507817 0.30368590891764 0.3690859087629 0.35613223436653 0.36188045323429 0.40271812990216 0.23369120813857 0.3320642034383 0.36898644550174 0.36714894053348 0.35137000779224 0.32629694847371 0.34375332152248"
General-2-20251226-15:29:07-112569,vector,AdhocNetwork1.host[11].app[1],e2eDelayPeriodicSec,,,"1 2 3 4 5 6 7 8 9 10 11 12 13 14 15 16 17 18 19 20 21 22 23 24 25 26 27 28 29 30 31 32 33 34 35 36 37 38 39 40 41 42 43 44 45 46 47 48 49 50","NaN NaN NaN NaN NaN NaN NaN NaN NaN NaN NaN NaN NaN NaN NaN NaN NaN NaN NaN NaN NaN NaN NaN NaN NaN NaN NaN 13.627930131772 13.627930131772 13.627930131772 NaN NaN NaN NaN NaN NaN NaN NaN NaN NaN NaN NaN NaN NaN NaN NaN NaN NaN NaN NaN"
General-2-20251226-15:29:07-112569,vector,AdhocNetwork1.host[11].rl,rlReward,,,"1 2 3 4 5 6 7 8 9 10 11 12 13 14 15 16 17 18 19 20 21 22 23 24 25 26 27 28 29 30 31 32 33 34 35 36 37 38 39 40 41 42 43 44 45 46 47 48 49 50","0.33333333333333 0 0.0028630852157068 0 0.010044645387357 0.3 0.3 0.3 0.083168958558222 0.39987239920629 0.37264053145542 0.32479854576539 0.076135139963853 0.36522775102584 -0.10821984363015 0.075098307094407 0.25096258879942 0.38984946624517 0.3631665332229 0.35716662453743 0.33427058666239 0.32613163655086 0.35772554409825 0.36049342319377 0.35803740087084 0.41922094803499 0.3830432749609 0.40797186150483 0.13371414893033 0.39261066618315 0.38598962601402 0.38224919518532 0.37876570758357 0.39195470256602 0.33956172622556 0.36944649149639 0.39645686391981 0.35361353009861 0.3513723495788 0.30818490288151 0.34511440086376 0.32657946145114 0.3 0.38459472410589 0.36937697381786 0.30397934534642 0.37801775411928 0.31161963229781 0.31732200228616 0.30802192111538"
General-2-20251226-15:29:07-112569,vector,AdhocNetwork1.host[12].app[1],e2eDelayPeriodicSec,,,"1 2 3 4 5 6 7 8 9 10 11 12 13 14 15 16 17 18 19 20 21 22 23 24 25 26 27 28 29 30 31 32 33 34 35 36 37 38 39 40 41 42 43 44 45 46 47 48 49 50","NaN NaN NaN NaN NaN NaN NaN NaN NaN NaN NaN NaN NaN NaN NaN NaN NaN NaN NaN NaN NaN NaN NaN NaN NaN NaN NaN NaN NaN NaN NaN NaN NaN NaN NaN NaN NaN NaN NaN NaN NaN NaN NaN NaN NaN NaN NaN NaN NaN NaN"
General-2-20251226-15:29:07-112569,vector,AdhocNetwork1.host[12].rl,rlReward,,,"1 2 3 4 5 6 7 8 9 10 11 12 13 14 15 16 17 18 19 20 21 22 23 24 25 26 27 28 29 30 31 32 33 34 35 36 37 38 39 40 41 42 43 44 45 46 47 48 49 50","0.33333333333333 0 0 0 -0.2 0.052271074173338 0.031819329724444 0.045338969441157 0.072310988698247 0 0.00030877157968368 0.056494362826636 0.033842399678277 0.3421256362069 0.3597775234795 0.31089817822898 0.37117898410725 0.37908828553619 0.36046376306975 0.07593891386214 0.33921952990212 0.32697743763074 0.33898346230587 0.39751244126006 0.39649710443984 0.35134624903014 0.38515957393154 0.36955085912494 0.30300014411118 0.3895339115094 0.35937553239415 0.35735751245101 0.40202303274012 0.41291317832845 0.3721050219735 0.37003990554128 0.37656020850569 0.34585152492223 0.34157246963634 0.37514820635162 0.36538743781463 0.34097496155144 0.34982071556628 0.39998831696409 0.41487642407884 0.30785877835897 0.35483290075624 0.36002704811861 0.36111996391314 0.33106801958469"
General-2-20251226-15:29:07-112569,vector,AdhocNetwork1.host[13].app[1],e2eDelayPeriodicSec,,,"1 2 3 4 5 6 7 8 9 10 11 12 13 14 15 16 17 18 19 20 21 22 23 24 25 26 27 28 29 30 31 32 33 34 35 36 37 38 39 40 41 42 43 44 45 46 47 48 49 50","NaN NaN NaN NaN NaN NaN NaN NaN NaN NaN NaN NaN NaN NaN NaN NaN NaN NaN NaN NaN NaN NaN NaN NaN NaN NaN NaN NaN NaN NaN NaN NaN NaN NaN NaN NaN NaN NaN NaN NaN NaN NaN NaN NaN NaN NaN NaN NaN NaN NaN"
General-2-20251226-15:29:07-112569,vector,AdhocNetwork1.host[13].rl,rlReward,,,"1 2 3 4 5 6 7 8 9 10 11 12 13 14 15 16 17 18 19 20 21 22 23 24 25 26 27 28 29 30 31 32 33 34 35 36 37 38 39 40 41 42 43 44 45 46 47 48 49 50","0.33333333333333 0 0 0.036927131419969 0.0016898502944044 0.019865473963657 0.0048528530957522 0.093520407428808 0.4024083338713 0.3 0.078764750440031 0.3815286873704 0.37205757634501 0.34693510692711 0.40645824326451 0.4027234893233 0.33567162720785 0.36247093801918 0.38459509975847 0.34607085408683 0.38981628578377 0.36501309754966 0.37679666733203 0.36337067935287 0.024844179876089 0.33713382480394 0.36851501891451 0.35257099204498 0.35788788165204 0.37528935188509 0.39058121367968 0.38959817622491 0.35222405386799 0.37473587779855 0.37456635947203 0.40505706304458 0.33372188986497 0.37525320604671 0.36633073334535 0.39340492675854 0.35917688628299 0.37063508017828 0.37840691647643 0.33207079878427 0.35628580690985 0.31763022042507 0.3367561098325 0.41074479774214 -0.06827469581523 0.38588658784452"
General-2-20251226-15:29:07-112569,vector,AdhocNetwork1.host[14].app[1],e2eDelayPeriodicSec,,,"1 2 3 4 5 6 7 8 9 10 11 12 13 14 15 16 17 18 19 20 21 22 23 24 25 26 27 28 29 30 31 32 33 34 35 36 37 38 39 40 41 42 43 44 45 46 47 48 49 50","NaN NaN NaN NaN NaN NaN NaN NaN NaN NaN NaN NaN NaN NaN NaN NaN NaN NaN NaN NaN 5.099371025447 5.099371025447 5.099371025447 NaN NaN NaN NaN NaN NaN NaN NaN NaN NaN NaN NaN NaN NaN NaN NaN NaN NaN NaN NaN NaN NaN NaN NaN NaN NaN NaN"
General-2-20251226-15:29:07-112569,vector,AdhocNetwork1.host[14].rl,rlReward,,,"1 2 3 4 5 6 7 8 9 10 11 12 13 14 15 16 17 18 19 20 21 22 23 24 25 26 27 28 29 30 31 32 33 34 35 36 37 38 39 40 41 42 43 44 45 46 47 48 49 50","0.33333333333333 0 0.3 0.35902708874239 0.31911530379869 0.3 0.35135061718388 0.33548207791158 0.35858721574642 0.38363879947896 0.37391151190994 0.30716584909677 0.37318281663684 0.37502915000372 0.31118882906907 0.31646795151134 0.31884587562209 0.3 0.37666779598135 0.36924041167393 0.3 -0.043603059597469 0.36609966526801 0.41111346240067 0.35518181549828 0.38573488545062 0.40813322091641 0.39450666868021 0.33382806351776 0.34743477973548 0.38989447783746 0.37194640391284 0.35767592095751 0.36834861703983 0.31035064369414 0.33273355744402 0.35286001019308 0.34840580087982 0.35661595555699 0.36413467805755 0.30945331416937 0.3 0.32610924026774 0.36436058928793 -0.16035099265159 0.36817886261319 0.3494158297098 0.34101646879171 0.33295609419434 0.3172828333361"
General-2-20251226-15:29:07-112569,vector,AdhocNetwork1.host[15].app[1],e2eDelayPeriodicSec,,,"1 2 3 4 5 6 7 8 9 10 11 12 13 14 15 16 17 18 19 20 21 22 23 24 25 26 27 28 29 30 31 32 33 34 35 36 37 38 39 40 41 42 43 44 45 46 47 48 49 50","NaN NaN NaN NaN NaN NaN NaN NaN NaN NaN NaN NaN NaN NaN NaN NaN NaN NaN NaN NaN NaN NaN NaN NaN NaN NaN NaN NaN NaN NaN NaN NaN NaN NaN NaN NaN NaN NaN NaN NaN NaN NaN NaN NaN NaN NaN NaN NaN NaN NaN"
General-2-20251226-15:29:07-112569,vector,AdhocNetwork1.host[15].rl,rlReward,,,"1 2 3 4 5 6 7 8 9 10 11 12 13 14 15 16 17 18 19 20 21 22 23 24 25 26 27 28 29 30 31 32 33 34 35 36 37 38 39 40 41 42 43 44 45 46 47 48 49 50","0.33333333333333 0 0.021261767489971 0.1343792677523 0.13877908585105 0.061267148368892 -0.04717810100157 0.15578616358363 0.044110337912369 0.059288465374725 0.12830362609823 0.13830468418583 -0.040364007316842 0.10749793682662 0.1228604439258 0.19753953022756 0.076595152916181 0.10747800998097 0.090649858671749 -0.069390596921307 0.032326027498061 0.099590815474725 0.095216074750584 0 0.021814236425671 0.1088747454213 0.043305923147824 0.072846599794724 0 0.073691998634336 0.053970659773851 0.012711390432689 0.063973664265355 0.0011723401239969 0 0.057679243383118 0.33060184083775 0.30069619855325 0.089534300116213 0.052226889269959 0.02748443196986 0.022859458561907 0.020572492038755 0.041490235923464 0.11425255419105 0.39742236643693 0.027092076740911 0.046537001221893 0.083639798351948 0.33131616427776"
General-2-20251226-15:29:07-112569,vector,AdhocNetwork1.host[16].app[1],e2eDelayPeriodicSec,,,"1 2 3 4 5 6 7 8 9 10 11 12 13 14 15 16 17 18 19 20 21 22 23 24 25 26 27 28 29 30 31 32 33 34 35 36 37 38 39 40 41 42 43 44 45 46 47 48 49 50","NaN NaN NaN NaN NaN NaN NaN NaN NaN NaN NaN NaN NaN NaN NaN NaN NaN NaN NaN NaN NaN NaN NaN NaN NaN NaN NaN NaN NaN NaN NaN NaN NaN NaN NaN NaN NaN NaN NaN NaN NaN NaN NaN NaN NaN NaN NaN NaN NaN NaN"
General-2-20251226-15:29:07-112569,vector,AdhocNetwork1.host[16].rl,rlReward,,,"1 2 3 4 5 6 7 8 9 10 11 12 13 14 15 16 17 18 19 20 21 22 23 24 25 26 27 28 29 30 31 32 33 34 35 36 37 38 39 40 41 42 43 44 45 46 47 48 49 50","0.33333333333333 0 0.018128996602564 0.72190765571119 0.10755593018347 0.072683372695804 0.071642120396859 0.085644000333889 0.073346821345215 0 0.047397806667584 0.048429580072653 0.037113906312259 0.74780597825851 -0.66666666666667 -0.61720965404331 -0.66666666666667 -0.61372726649637 -0.7 -0.58475477531996 -0.39209273100544 0.18387915140563 -0.16322984650208 -0.063173912070883 -0.10740068953875 -0.16469061082146 0.13961426221276 0.099288660809686 0.37141850028486 0.22465514280276 0.25089529451929 0.19137294747833 0.24660868420416 0.25421506166888 0.29504453051601 0.21238627177514 0.38173157193292 0.23813309978792 0.18646730840688 0.19187818319239 0.25002342490891 0.16161923831052 0.18497959778748 0.61543066363596 0.2064794676751 -0.46963411321139 -0.47415369946718 -0.33186272388476 -0.3665648049685 -0.36759040516756"
General-2-20251226-15:29:07-112569,vector,AdhocNetwork1.host[17].app[1],e2eDelayPeriodicSec,,,"1 2 3 4 5 6 7 8 9 10 11 12 13 14 15 16 17 18 19 20 21 22 23 24 25 26 27 28 29 30 31 32 33 34 35 36 37 38 39 40 41 42 43 44 45 46 47 48 49 50","NaN NaN NaN NaN NaN NaN NaN NaN NaN NaN NaN NaN NaN NaN NaN NaN NaN NaN NaN NaN NaN NaN NaN NaN NaN NaN NaN NaN NaN NaN NaN NaN NaN NaN NaN NaN NaN NaN NaN NaN NaN NaN NaN NaN NaN NaN NaN NaN NaN NaN"
General-2-20251226-15:29:07-112569,vector,AdhocNetwork1.host[17].rl,rlReward,,,"1 2 3 4 5 6 7 8 9 10 11 12 13 14 15 16 17 18 19 20 21 22 23 24 25 26 27 28 29 30 31 32 33 34 35 36 37 38 39 40 41 42 43 44 45 46 47 48 49 50","0.33333333333333 0.3 0.3 0 0.019590830170669 0.063985403827386 0.046808655852063 0.32444491239473 0.32151037191853 0.30821954391991 0.026938153757453 0.3796206135073 0.34849888433821 0.36131653748666 0.39149964401085 0.32312988461617 0.34447506173029 0.36278769890799 -0.19923955322107 0.30963077435428 0.32999944545095 0.3 0.3 0.3232479067272 0.37474043508118 0.33296349930072 0.35113092415421 0.38911103231607 0.3 0.39038137632892 0.38338332064015 0.3774976940847 0.19460749935666 0.358340523563 0.38103929630932 0.38091191258023 0.33434818665077 0.3963117045961 0.40902849660415 0.34081944029725 0.36091603145181 0.36240198043601 0.37793213178936 0.37278206560596 0.34054860783207 0.41126706418865 0.34104123937696 0.37502602130614 0.33311189838932 0.37061703259017"
General-2-20251226-15:29:07-112569,vector,AdhocNetwork1.host[18].app[1],e2eDelayPeriodicSec,,,"1 2 3 4 5 6 7 8 9 10 11 12 13 14 15 16 17 18 19 20 21 22 23 24 25 26 27 28 29 30 31 32 33 34 35 36 37 38 39 40 41 42 43 44 45 46 47 48 49 50","NaN NaN NaN NaN NaN NaN NaN NaN NaN NaN NaN NaN NaN NaN NaN NaN NaN NaN NaN NaN NaN NaN NaN NaN NaN NaN NaN NaN NaN NaN NaN NaN NaN NaN NaN NaN NaN NaN NaN NaN NaN NaN NaN NaN NaN NaN NaN NaN NaN NaN"
General-2-20251226-15:29:07-112569,vector,AdhocNetwork1.host[18].rl,rlReward,,,"1 2 3 4 5 6 7 8 9 10 11 12 13 14 15 16 17 18 19 20 21 22 23 24 25 26 27 28 29 30 31 32 33 34 35 36 37 38 39 40 41 42 43 44 45 46 47 48 49 50","0.33333333333333 0 0.055082144502146 0 0.33785493806902 0.020735592427888 -0.13123841021216 0.061269200306544 0.040861626792068 0 0.31100092903342 0.35220587669275 0.3 0.33839380164948 0.040453001817257 0.3916541884337 0.3896613461283 0.35231597954593 0.23141764359525 0.35866062380525 0.38774790234012 0.024859277471355 0.36672510822066 0.3 0.38127929129886 0.36181442039701 0.33290965577274 0.36272476530932 0.37295255908364 0.32373185685034 0.3 0.37675422089885 0.36088999108908 0.37852984881675 0.12799534659074 0.38643702407858 0.35515435255943 0.39137553204354 0.38551282817668 0.34696736303959 0.3740212169331 0.39909463991527 0.41137789273265 0.40987671120149 0.37330660757656 0.41794897864853 0.39291259172009 0.39312314021774 0.40831942682631 0.41112017378178"
General-2-20251226-15:29:07-112569,vector,AdhocNetwork1.host[19].app[1],e2eDelayPeriodicSec,,,"1 2 3 4 5 6 7 8 9 10 11 12 13 14 15 16 17 18 19 20 21 22 23 24 25 26 27 28 29 30 31 32 33 34 35 36 37 38 39 40 41 42 43 44 45 46 47 48 49 50","NaN NaN NaN NaN NaN NaN NaN NaN NaN NaN NaN NaN NaN NaN NaN NaN NaN NaN NaN NaN NaN NaN NaN NaN NaN NaN NaN NaN NaN NaN NaN NaN NaN NaN NaN NaN NaN NaN NaN NaN NaN NaN NaN NaN NaN NaN NaN NaN NaN NaN"
General-2-20251226-15:29:07-112569,vector,AdhocNetwork1.host[19].rl,rlReward,,,"1 2 3 4 5 6 7 8 9 10 11 12 13 14 15 16 17 18 19 20 21 22 23 24 25 26 27 28 29 30 31 32 33 34 35 36 37 38 39 40 41 42 43 44 45 46 47 48 49 50","0.33333333333333 0 0.018319940528436 0.1256372656936 0.10782417101368 -0.60835231641462 -0.53054248927992 -0.53026093072464 -0.64669052933442 -0.41469527861078 -0.47105220855888 0.11802506399104 0.12886341072036 0.28449555002176 0.090937438642873 -0.13042667032146 0.27111327843719 0.066683556606172 0.26967163519685 0.29769870936174 0.20265489897872 0.25161022706786 0.19112308702403 0.1112039737063 0.20203868862604 0.19481800406585 0.13180132163709 0.57994239140829 0.2499600881613 -0.62917997433702 -0.69348046142389 0.22383812428501 0.19476708915785 0.197322767256 0.21681090365593 0.17467756610733 0.13680660895721 0.16889729825596 0.5625210672046 0.17252844377309 0.30909185130397 0.27245898092609 0.71025582808659 0.3096724020278 -0.30497074149538 -0.27684677305607 -0.40414256637877 -0.53676749661074 -0.31688757490821 -0.32489703165743"
General-2-20251226-15:29:07-112569,vector,AdhocNetwork1.host[20].app[1],e2eDelayPeriodicSec,,,"1 2 3 4 5 6 7 8 9 10 11 12 13 14 15 16 17 18 19 20 21 22 23 24 25 26 27 28 29 30 31 32 33 34 35 36 37 38 39 40 41 42 43 44 45 46 47 48 49 50","NaN NaN NaN NaN NaN NaN NaN NaN NaN NaN NaN NaN NaN NaN NaN NaN NaN NaN NaN NaN NaN NaN NaN NaN NaN NaN NaN NaN NaN NaN NaN NaN NaN NaN NaN NaN NaN NaN NaN NaN NaN NaN NaN NaN NaN NaN NaN NaN NaN NaN"
General-2-20251226-15:29:07-112569,vector,AdhocNetwork1.host[20].rl,rlReward,,,"1 2 3 4 5 6 7 8 9 10 11 12 13 14 15 16 17 18 19 20 21 22 23 24 25 26 27 28 29 30 31 32 33 34 35 36 37 38 39 40 41 42 43 44 45 46 47 48 49 50","0.33333333333333 0.3 0 0.057235485766473 0.041264665159407 0.068754798051519 -0.53026313716857 -0.63643138796927 -0.65376707544697 -0.57800908177831 -0.41895339186039 -0.10901851395947 0.32648745890697 0.32488450915001 -0.059332009248469 0.3040603226294 0.3 -0.2 0.35973204515127 0.78915761010908 0.73440640015025 -0.68729849951671 -0.65465279683577 -0.62330891587669 -0.54847803484404 -0.68868049476446 -0.65006895599706 -0.42196180484575 -0.61064459989008 -0.50348991401318 -0.54641090552213 0.17936216737909 0.081536149966674 0.19582134793801 0.37636177127708 0.23597213009446 0.23749707964678 0.18382822261017 0.16188567062771 0.22387170923362 0.28191545037887 0.20554926221901 0.21626805039915 0.2905048316748 0.30029304168111 0.19031156337058 0.3876192370255 0.18618717265776 0.16532193498787 0.32362497975375"
General-2-20251226-15:29:07-112569,vector,AdhocNetwork1.host[21].app[1],e2eDelayPeriodicSec,,,"1 2 3 4 5 6 7 8 9 10 11 12 13 14 15 16 17 18 19 20 21 22 23 24 25 26 27 28 29 30 31 32 33 34 35 36 37 38 39 40 41 42 43 44 45 46 47 48 49 50","NaN NaN NaN NaN NaN NaN NaN NaN NaN NaN NaN NaN NaN NaN NaN NaN NaN NaN NaN NaN NaN NaN NaN NaN NaN NaN NaN NaN NaN NaN NaN NaN NaN NaN NaN NaN NaN NaN NaN NaN NaN NaN NaN NaN NaN NaN NaN NaN NaN NaN"
General-2-20251226-15:29:07-112569,vector,AdhocNetwork1.host[21].rl,rlReward,,,"1 2 3 4 5 6 7 8 9 10 11 12 13 14 15 16 17 18 19 20 21 22 23 24 25 26 27 28 29 30 31 32 33 34 35 36 37 38 39 40 41 42 43 44 45 46 47 48 49 50","0.33333333333333 0 -0.12558389561096 0.060552616623884 0 0.052767373580097 0.052188423719378 0.037396617202263 0.080308356475454 0.044316394489763 0.061841151520178 0.0393601025196 0.065278133316849 0.034016527880448 0.07680249178902 0.051742373184005 0.018931211863641 0.050787878361849 0.30186532826468 0.37869840702339 0.3352081229228 0.31744876226068 0.36646072399011 0.3 0.36500285232422 0.37004857193284 0.39554538257951 0.41449763103082 0.39982000381655 0.40025372320954 -0.090880213141214 0.34064078127468 0.41115780347644 0.36295296036335 0.34939850150334 0.41060557979083 0.37920795259879 0.35895472567417 0.41253000071776 0.36203203214239 0.41306566455612 0.37811442443502 0.3 0.38413555135221 0.42040984855789 0.40018694706613 0.38384717363125 0.33153333030344 0.24340647001494 0.39541328401644"
General-2-20251226-15:29:07-112569,vector,AdhocNetwork1.host[22].app[1],e2eDelayPeriodicSec,,,"1 2 3 4 5 6 7 8 9 10 11 12 13 14 15 16 17 18 19 20 21 22 23 24 25 26 27 28 29 30 31 32 33 34 35 36 37 38 39 40 41 42 43 44 45 46 47 48 49 50","NaN NaN NaN NaN NaN NaN NaN NaN NaN NaN NaN NaN NaN NaN NaN NaN NaN NaN NaN NaN NaN NaN NaN NaN NaN NaN NaN NaN NaN NaN NaN NaN NaN NaN NaN NaN NaN NaN NaN NaN NaN NaN NaN NaN NaN NaN NaN NaN NaN NaN"
General-2-20251226-15:29:07-112569,vector,AdhocNetwork1.host[22].rl,rlReward,,,"1 2 3 4 5 6 7 8 9 10 11 12 13 14 15 16 17 18 19 20 21 22 23 24 25 26 27 28 29 30 31 32 33 34 35 36 37 38 39 40 41 42 43 44 45 46 47 48 49 50","0.33333333333333 0 0 0.012280481842658 0.31934982954995 0 0.075287363113154 0.13971704029827 0.38425769485532 0.38285175518372 0.37385163788269 0.41298664195869 0.37714862566565 0.38715825728191 0.3813391379793 0.40247665172366 0.37362468098627 0.38779942438915 0.39389927037452 0.40589209204475 0.34841248473612 0.39967596219234 0.36342833844323 0.40380534883889 0.06779581220198 0.34430968806289 0.38910279469248 0.33106324946332 0.30567649394237 0.12310663119989 0.33289853870356 0.11402449323591 0.80263778431048 0.70952085101907 0.37402133977115 0.34911496087917 0.3 0.39340482499607 0.3918693094484 0.11535515467985 0.10219726731885 0.10803519328028 0.12535638403599 0.10948753000666 0.091892101417167 0.11567223482646 0.39971785174893 0.34880616302019 0.13133650872478 0.37083817900171"
General-2-20251226-15:29:07-112569,vector,AdhocNetwork1.host[23].app[1],e2eDelayPeriodicSec,,,"1 2 3 4 5 6 7 8 9 10 11 12 13 14 15 16 17 18 19 20 21 22 23 24 25 26 27 28 29 30 31 32 33 34 35 36 37 38 39 40 41 42 43 44 45 46 47 48 49 50","NaN NaN NaN NaN NaN NaN NaN NaN NaN NaN NaN NaN NaN NaN NaN NaN NaN NaN NaN NaN NaN NaN NaN NaN NaN NaN NaN NaN NaN NaN NaN NaN NaN NaN NaN NaN NaN NaN NaN NaN NaN NaN NaN NaN NaN NaN NaN NaN NaN NaN"
General-2-20251226-15:29:07-112569,vector,AdhocNetwork1.host[23].rl,rlReward,,,"1 2 3 4 5 6 7 8 9 10 11 12 13 14 15 16 17 18 19 20 21 22 23 24 25 26 27 28 29 30 31 32 33 34 35 36 37 38 39 40 41 42 43 44 45 46 47 48 49 50","0.33333333333333 0 0 0.084279000046217 0.070206292356087 0.15202448983166 0.14323150710105 0.085995508958717 0.055678619981827 0.10984919040215 0.044687773029716 0.02208047656982 0.05434139741374 0.053735754852364 0.034651675485218 0.091568320976416 0.037705815034758 0.062288125250299 0.036280906518387 0.050173180775491 0.052311386536276 -0.15897975926984 0.12002967557883 0.019001889472599 0.063057009165634 0.05969982867094 0.13459619179447 0.39570567120773 0.38517498226706 0.41661152223227 0.40149158553872 0.42859678463886 0.42805900722691 0.40604953211667 0.36265128402058 0.38251387218503 0.40056008224349 0.41965927355328 0.41666947173641 0.39364886824951 0.41638232294471 0.38107823291273 0.41015274612706 0.4384640130035 0.41983388524576 0.4055074487311 0.38799118452854 0.40683789855844 0.39241559116428 0.41947464962672"
General-2-20251226-15:29:07-112569,vector,AdhocNetwork1.host[24].app[1],e2eDelayPeriodicSec,,,"1 2 3 4 5 6 7 8 9 10 11 12 13 14 15 16 17 18 19 20 21 22 23 24 25 26 27 28 29 30 31 32 33 34 35 36 37 38 39 40 41 42 43 44 45 46 47 48 49 50","NaN NaN NaN NaN NaN NaN NaN NaN NaN NaN NaN NaN NaN NaN NaN NaN NaN NaN NaN NaN NaN NaN NaN NaN NaN NaN NaN NaN NaN NaN NaN NaN NaN NaN NaN NaN NaN NaN NaN NaN NaN NaN NaN NaN NaN NaN NaN NaN NaN NaN"
General-2-20251226-15:29:07-112569,vector,AdhocNetwork1.host[24].rl,rlReward,,,"1 2 3 4 5 6 7 8 9 10 11 12 13 14 15 16 17 18 19 20 21 22 23 24 25 26 27 28 29 30 31 32 33 34 35 36 37 38 39 40 41 42 43 44 45 46 47 48 49 50","0.33333333333333 0 0.028041825095073 0.02364103647381 0.050960824330181 0.026563468023291 0.049482467258301 0.051133643149133 0.025086255292081 0.051291867751012 0.049324242656422 0.049299190663345 0.050355787366687 -0.14119771821663 0 0.34487555359281 0.33995189302602 0.34228182713062 0.33769131187255 0.33776789645862 0.34276163990544 0.32148289815434 0.3 0.3 0.3319538220783 0.30910139536833 0.31162122741787 0.33046976002295 0.056510830474824 0 0.33264577761263 -0.2 0.3446166381653 0.3 0.33005730551613 0.36800307941335 0.33659947388913 0.31501138083283 0.36853251801926 0.31677812508644 0.3647534539065 0.35222049158012 0.35216362519691 0.35701006486551 0.073244521115947 0.38395331074503 -0.092538757626769 0.35877383234085 0.38201664118018 0.40524501889421"
General-3-20251226-15:29:07-112568,vector,AdhocNetwork1.host[0].app[1],e2eDelayPeriodicSec,,,"1 2 3 4 5 6 7 8 9 10 11 12 13 14 15 16 17 18 19 20 21 22 23 24 25 26 27 28 29 30 31 32 33 34 35 36 37 38 39 40 41 42 43 44 45 46 47 48 49 50","NaN NaN NaN NaN NaN NaN NaN NaN NaN NaN NaN NaN NaN NaN NaN NaN NaN NaN NaN NaN NaN NaN NaN NaN NaN NaN NaN NaN NaN NaN NaN NaN NaN NaN NaN NaN NaN NaN NaN NaN NaN NaN NaN NaN NaN NaN NaN NaN NaN NaN"
General-3-20251226-15:29:07-112568,vector,AdhocNetwork1.host[0].rl,rlReward,,,"1 2 3 4 5 6 7 8 9 10 11 12 13 14 15 16 17 18 19 20 21 22 23 24 25 26 27 28 29 30 31 32 33 34 35 36 37 38 39 40 41 42 43 44 45 46 47 48 49 50","0.33333333333333 0 0 0 0 0.076627055753343 0.071291371364906 0.10046415901504 0.066692270232717 0.05155135732423 0.059160956235432 0.091413646943403 0.083968085261422 0.025651594582769 0.3 0.38686286672145 0.37226245570489 0.40367668242046 0.36158931535454 0.38126997536335 0.39498188683838 0.3728778569 0.38315224371915 0.37694026367206 0.39592348191001 0.41070115434301 0.37746860571689 0.081388753048614 0.37123001892705 0.34763191713456 0.39249737861424 0.40258324499793 0.40083643778389 0.37626302129309 0.37817773667006 0.37401954320069 0.36073413782302 0.40191513693407 0.39823344789707 0.04459802264012 0.32961562771746 0.37936962172275 0.37907820484269 0.37994878935205 0.39321048988097 0.39974741021511 0.37138464322327 -0.033641140493906 0.37089973914286 0.4084354782905"
General-3-20251226-15:29:07-112568,vector,AdhocNetwork1.host[1].app[1],e2eDelayPeriodicSec,,,"1 2 3 4 5 6 7 8 9 10 11 12 13 14 15 16 17 18 19 20 21 22 23 24 25 26 27 28 29 30 31 32 33 34 35 36 37 38 39 40 41 42 43 44 45 46 47 48 49 50","NaN NaN NaN NaN NaN NaN NaN NaN NaN NaN NaN NaN NaN NaN NaN NaN NaN NaN NaN NaN NaN NaN NaN NaN NaN NaN NaN NaN NaN NaN NaN NaN NaN NaN NaN NaN NaN NaN NaN NaN NaN NaN NaN NaN NaN NaN NaN NaN NaN NaN"
General-3-20251226-15:29:07-112568,vector,AdhocNetwork1.host[1].rl,rlReward,,,"1 2 3 4 5 6 7 8 9 10 11 12 13 14 15 16 17 18 19 20 21 22 23 24 25 26 27 28 29 30 31 32 33 34 35 36 37 38 39 40 41 42 43 44 45 46 47 48 49 50","0.33333333333333 0.3 0 0.0071415369249306 0 0.040788712692788 0.027844733529411 0.089615909381218 0.062504661269343 0.37695073692957 0.022894197466941 0.30696172856061 0.040593867453256 0.35503120204225 0.36719603955442 0.33156143499868 0.33354008647629 0.3 0.3375384121203 0.31496211722742 0.36338275342824 0.31237671913245 0.32790688025473 0.3 0.3476640461438 0.38636547942982 0.42251738503827 0.3885110382991 0.39391487375602 0.36285622679053 0.38380631825093 0.3862974749746 0.35990608952883 0.35970922574969 0.36673179600194 0.79732578325475 0.81663821673847 0.81352561113945 0.36513994270347 0.40811631234322 0.41943166663716 0.42251995655083 0.80515790115772 0.77805793767161 0.80194215264565 0.7895671377665 0.78342808706711 0.83177408481348 0.80781942839044 0.80936791710538"
General-3-20251226-15:29:07-112568,vector,AdhocNetwork1.host[2].app[1],e2eDelayPeriodicSec,,,"1 2 3 4 5 6 7 8 9 10 11 12 13 14 15 16 17 18 19 20 21 22 23 24 25 26 27 28 29 30 31 32 33 34 35 36 37 38 39 40 41 42 43 44 45 46 47 48 49 50","NaN NaN NaN NaN NaN NaN NaN 3.53964439147 3.53964439147 3.53964439147 NaN NaN NaN NaN NaN NaN NaN NaN NaN NaN NaN NaN NaN NaN NaN NaN NaN NaN NaN NaN NaN NaN NaN NaN NaN NaN NaN NaN NaN NaN NaN NaN NaN NaN NaN NaN NaN NaN NaN NaN"
General-3-20251226-15:29:07-112568,vector,AdhocNetwork1.host[2].rl,rlReward,,,"1 2 3 4 5 6 7 8 9 10 11 12 13 14 15 16 17 18 19 20 21 22 23 24 25 26 27 28 29 30 31 32 33 34 35 36 37 38 39 40 41 42 43 44 45 46 47 48 49 50","0.33333333333333 0 0.3719182871192 0.79361959762118 0.77749263733746 0.0082939533128292 0.04709809886758 0.098788977053817 0.065648620816811 0.0093138805863358 0.032596133325448 -0.66666666666667 -0.63220172335077 -0.58232512623081 -0.64833428184727 -0.43528505957735 -0.6 -0.55121376981571 -0.65592516656273 -0.61746596673747 -0.6531352453808 0.13967009905322 0.35595248142657 0.24913203298788 0.35584123242433 -0.11357457098322 0.44916467816444 0.38502362596213 0.35871406424789 0.13211620124106 -0.074768080152988 0.34098352316519 0.43420308301658 0.29341814119892 0.31837048987781 0.25797357093855 0.24967315858872 0.27111966809711 0.29581552388216 0.28226808894022 0.32629207576738 0.30232446408139 0.22029449551674 0.23577303880783 0.29330440745794 0.27866462900936 0.39179433419752 0.28034357305521 0.30998202428734 0.16493572292364"
General-3-20251226-15:29:07-112568,vector,AdhocNetwork1.host[3].app[1],e2eDelayPeriodicSec,,,"1 2 3 4 5 6 7 8 9 10 11 12 13 14 15 16 17 18 19 20 21 22 23 24 25 26 27 28 29 30 31 32 33 34 35 36 37 38 39 40 41 42 43 44 45 46 47 48 49 50","NaN NaN NaN NaN NaN NaN NaN NaN NaN NaN NaN NaN NaN NaN NaN NaN NaN NaN NaN NaN NaN NaN NaN NaN NaN NaN NaN NaN NaN NaN NaN NaN NaN NaN NaN NaN NaN NaN NaN NaN NaN NaN NaN NaN NaN NaN NaN NaN NaN NaN"
General-3-20251226-15:29:07-112568,vector,AdhocNetwork1.host[3].rl,rlReward,,,"1 2 3 4 5 6 7 8 9 10 11 12 13 14 15 16 17 18 19 20 21 22 23 24 25 26 27 28 29 30 31 32 33 34 35 36 37 38 39 40 41 42 43 44 45 46 47 48 49 50","0.33333333333333 0 0.3 0 0 0.010698035774901 0 0.017285987324352 0.32197085435417 0.36733517453316 0.33794178479702 0.1 0.36173763023228 0.38386274558276 0.37719733856479 0.3336413883814 0.36360372355741 0.37794173048882 0.086449111715059 0.39014662317062 0.35920816944321 0.38367017005348 -0.14203102065473 0.36565745510787 0.37712967968354 0.33564034565707 0.19420900539721 0.33836301978067 0.36286450490246 0.4096849063336 0.34306043402453 0.36161162800899 0.31923347625608 0.30744134263162 0.35363947853712 0.33295895494816 0.31598274225441 0.33012375179284 0.35285675425568 0.3 0.32352883028541 0.30724628644316 0.3 0.3 0.34057045166718 0.3 0.32136627082049 0.3 0.35749160651219 0.3"
General-3-20251226-15:29:07-112568,vector,AdhocNetwork1.host[4].app[1],e2eDelayPeriodicSec,,,"1 2 3 4 5 6 7 8 9 10 11 12 13 14 15 16 17 18 19 20 21 22 23 24 25 26 27 28 29 30 31 32 33 34 35 36 37 38 39 40 41 42 43 44 45 46 47 48 49 50","NaN NaN NaN NaN NaN NaN NaN NaN NaN NaN NaN NaN NaN NaN NaN NaN NaN NaN NaN NaN NaN NaN NaN NaN NaN NaN NaN NaN NaN NaN NaN NaN NaN NaN NaN NaN NaN NaN NaN NaN NaN NaN NaN NaN NaN NaN NaN NaN NaN NaN"
General-3-20251226-15:29:07-112568,vector,AdhocNetwork1.host[4].rl,rlReward,,,"1 2 3 4 5 6 7 8 9 10 11 12 13 14 15 16 17 18 19 20 21 22 23 24 25 26 27 28 29 30 31 32 33 34 35 36 37 38 39 40 41 42 43 44 45 46 47 48 49 50","0.33333333333333 0 0 0 0.023715947415205 0 0 0.024018081422023 0.045980416649261 0.076787747243839 0.069822621595102 0.32072161530662 0.059360161348108 0.38743965917844 0.76033250048441 0.30834410671497 0.30747261339875 0.33268695136782 0.35312681007038 0.36719893066287 0.38552448676035 -0.60887250534541 -0.68334637554282 -0.66220831047878 -0.66426203999867 -0.58713464873008 -0.59460288020637 -0.37773294161131 -0.47769024937191 -0.57998696195759 -0.6436297238084 0.084909280501717 0.09371474047154 0.095096734790202 0.072855381495584 0.36455719904574 0.25813994280114 -0.062082632795369 0.11049476690461 0.10551628403862 0.099020205841927 0.26430042461253 0.055841033177377 0.26037864597882 0.17718311250004 0.20406292493862 0.22003843973747 0.32436062409193 0.40659873452445 0.34917414308472"
General-3-20251226-15:29:07-112568,vector,AdhocNetwork1.host[5].app[1],e2eDelayPeriodicSec,,,"1 2 3 4 5 6 7 8 9 10 11 12 13 14 15 16 17 18 19 20 21 22 23 24 25 26 27 28 29 30 31 32 33 34 35 36 37 38 39 40 41 42 43 44 45 46 47 48 49 50","NaN NaN NaN NaN NaN NaN NaN NaN NaN NaN NaN NaN NaN NaN NaN NaN NaN NaN NaN NaN NaN NaN NaN NaN NaN NaN NaN NaN NaN NaN NaN NaN NaN NaN NaN NaN NaN NaN NaN NaN NaN NaN NaN NaN NaN NaN NaN NaN NaN NaN"
General-3-20251226-15:29:07-112568,vector,AdhocNetwork1.host[5].rl,rlReward,,,"1 2 3 4 5 6 7 8 9 10 11 12 13 14 15 16 17 18 19 20 21 22 23 24 25 26 27 28 29 30 31 32 33 34 35 36 37 38 39 40 41 42 43 44 45 46 47 48 49 50","0.33333333333333 0 0.3 0.36913825404309 0.34342116129336 0.059444301932518 -0.21106035529009 -0.57461489500104 -0.57354803243067 -0.55485238326869 -0.66761523140336 0.14515633489124 0.19682899162627 0.21043169346465 0.73873637958037 -0.37863585227534 -0.62355586296742 -0.48166506311194 -0.54697309131638 -0.37445631220275 -0.37087249050805 0.21286155656251 -0.16450478666694 0.19465118605555 0.31256178426928 0.75354998243402 0.33975982449205 0.3 0.3 0.3 0.31739850005207 0.32404211483447 0.049468785385034 -0.090332078388063 0.34991108405365 0.32458889611662 0.37885596296909 0.35849361545841 0.33805867597978 0 0.3347039347928 0.32754059635957 0.37792765545731 0.37964230059934 0.34675199874872 0.32980822248464 0.058261630085305 0.3 0.34509261990985 0.32067783765646"
General-3-20251226-15:29:07-112568,vector,AdhocNetwork1.host[6].app[1],e2eDelayPeriodicSec,,,"1 2 3 4 5 6 7 8 9 10 11 12 13 14 15 16 17 18 19 20 21 22 23 24 25 26 27 28 29 30 31 32 33 34 35 36 37 38 39 40 41 42 43 44 45 46 47 48 49 50","NaN NaN NaN NaN NaN NaN NaN NaN NaN NaN NaN NaN NaN NaN NaN NaN NaN NaN NaN NaN NaN NaN NaN NaN NaN NaN NaN NaN NaN NaN NaN NaN NaN NaN NaN NaN NaN NaN NaN NaN NaN NaN NaN NaN NaN NaN NaN NaN NaN NaN"
General-3-20251226-15:29:07-112568,vector,AdhocNetwork1.host[6].rl,rlReward,,,"1 2 3 4 5 6 7 8 9 10 11 12 13 14 15 16 17 18 19 20 21 22 23 24 25 26 27 28 29 30 31 32 33 34 35 36 37 38 39 40 41 42 43 44 45 46 47 48 49 50","0.33333333333333 0 0.1 0.33481995537255 0.064565662596967 0.33817223814286 0.33326923160783 0.33453484532665 0.36677046458163 0.35821847814128 0.37435437990064 0.36925280383636 0.34170557419921 0.33455563854187 0.31492208075951 0.36293971193453 0.3 0.39833559606812 0.34746518739625 0.35887252459666 0.33146706449602 0.41553324863843 -0.11483014047946 0.39326885580324 0.38195050285703 0.35117590048415 0.39221286784323 0.42742953671693 0.38817025656019 0.39250317259824 0.39683488631766 0.31772022360152 0.38082999706265 0.33491668442206 0.38272208334086 0.38288343692845 0.098694777985729 0.10404326964266 0.12653392033682 0.11316099963258 0.11332336314547 0.046459506036998 0.092058105239305 0.083413704009019 0.36507391634333 0.38727984357928 0.39311080593084 0.42051953422146 0.40981157809657 0.37557942624561"
General-3-20251226-15:29:07-112568,vector,AdhocNetwork1.host[7].app[1],e2eDelayPeriodicSec,,,"1 2 3 4 5 6 7 8 9 10 11 12 13 14 15 16 17 18 19 20 21 22 23 24 25 26 27 28 29 30 31 32 33 34 35 36 37 38 39 40 41 42 43 44 45 46 47 48 49 50","NaN NaN NaN NaN NaN NaN NaN NaN NaN NaN NaN NaN NaN NaN NaN NaN NaN NaN NaN NaN NaN NaN NaN NaN NaN NaN NaN NaN NaN NaN NaN NaN NaN NaN NaN NaN NaN NaN NaN NaN NaN NaN NaN NaN NaN NaN NaN NaN NaN NaN"
General-3-20251226-15:29:07-112568,vector,AdhocNetwork1.host[7].rl,rlReward,,,"1 2 3 4 5 6 7 8 9 10 11 12 13 14 15 16 17 18 19 20 21 22 23 24 25 26 27 28 29 30 31 32 33 34 35 36 37 38 39 40 41 42 43 44 45 46 47 48 49 50","0.33333333333333 0 0 0.030710104838518 0.20197822104831 0.014624989579124 0.065802782620335 0.019638389331395 0.055986421752743 0.056007470137284 0.021802271316861 0.020571398315589 0.23781111387992 0.26874193880119 0.25377946545441 0.1854413054796 0.1310614524745 0.14437243710592 0.33854869550229 0.27650525296867 0.16347764303731 -0.1182845886816 0.18753103842936 0.19347215178183 0.10403763370647 0.10454768481982 0.15498066318033 0.16983263508592 0.12096963749676 0.18796500620024 0.1 0.26878635973153 0.27773543441011 0.11120397309562 0.15427537533497 0.21219175157869 0.12768433689934 0.23997871471354 0.1 0.21197391971526 0.15587544270672 0.15240164948574 0.17551427176697 0.17876257383014 0.20362023116748 0.1724087705791 -0.068371597069063 0.24706738839478 0.16848843057029 0.13674778291915"
General-3-20251226-15:29:07-112568,vector,AdhocNetwork1.host[8].app[1],e2eDelayPeriodicSec,,,"1 2 3 4 5 6 7 8 9 10 11 12 13 14 15 16 17 18 19 20 21 22 23 24 25 26 27 28 29 30 31 32 33 34 35 36 37 38 39 40 41 42 43 44 45 46 47 48 49 50","NaN NaN NaN NaN NaN NaN NaN NaN NaN NaN NaN NaN NaN NaN NaN NaN NaN NaN NaN NaN NaN NaN NaN NaN NaN NaN NaN NaN NaN NaN NaN NaN NaN NaN NaN NaN NaN NaN NaN NaN NaN NaN NaN NaN NaN NaN NaN NaN NaN NaN"
General-3-20251226-15:29:07-112568,vector,AdhocNetwork1.host[8].rl,rlReward,,,"1 2 3 4 5 6 7 8 9 10 11 12 13 14 15 16 17 18 19 20 21 22 23 24 25 26 27 28 29 30 31 32 33 34 35 36 37 38 39 40 41 42 43 44 45 46 47 48 49 50","0.33333333333333 0 0.031618966908803 0.0093475890408262 0.097424692850779 0.0031950691222155 0.10107467156072 0.11363661209067 0.033410929291683 0.063220253873343 0.1034197899769 0.10774995312645 0.077804963616538 0.051891730124895 0.063322296367735 0.080674401177387 0.050008452824672 0.094704522146406 0.085836632501832 0.053380461684975 0.047778177718465 0.36186710383309 0.39715488814242 0.32424913303154 0.35170439236044 0.42528759423573 0.40202716384045 0.37930206137554 0.37382651258247 0.16027077510865 0.37128847166678 0.41726760656359 0.33880020203934 0.35731298898835 0.36667776697708 0.42796639265215 0.41275011460644 0.31634325287359 0.37410906714951 0.41028263152609 0.2925488464635 0.40679343796609 0.39554515114141 0.39007600300872 0.37819081124917 0.38585977634854 0.39953657644158 0.40553235548019 0.40189725026075 0.40510093532392"
General-3-20251226-15:29:07-112568,vector,AdhocNetwork1.host[9].app[1],e2eDelayPeriodicSec,,,"1 2 3 4 5 6 7 8 9 10 11 12 13 14 15 16 17 18 19 20 21 22 23 24 25 26 27 28 29 30 31 32 33 34 35 36 37 38 39 40 41 42 43 44 45 46 47 48 49 50","NaN NaN NaN NaN NaN NaN NaN NaN NaN NaN NaN NaN NaN NaN NaN NaN NaN NaN NaN NaN NaN NaN NaN NaN NaN NaN NaN NaN NaN NaN NaN NaN NaN NaN NaN NaN NaN NaN NaN NaN NaN NaN NaN NaN NaN NaN NaN NaN NaN NaN"
General-3-20251226-15:29:07-112568,vector,AdhocNetwork1.host[9].rl,rlReward,,,"1 2 3 4 5 6 7 8 9 10 11 12 13 14 15 16 17 18 19 20 21 22 23 24 25 26 27 28 29 30 31 32 33 34 35 36 37 38 39 40 41 42 43 44 45 46 47 48 49 50","0.33333333333333 0.1 0.088288810106161 0.29385216830872 0.14101834500678 0.10079801893708 0.07485054212443 0.079917689343781 0.034389632332851 0.043319707342209 0.063728125079671 0.024491698259624 0.092853368341807 0.021800500313253 0.022817340875208 0.070558709989404 0.016945138646803 0.0334025489418 0.041481695436151 0.0350339808731 0.0022937149929559 0.016256746613797 0.090900489358342 0.015147326725318 0.039488607328403 0.013785441195254 0.079355885341243 0.043035080653794 0.0080835498657062 0.049734797472483 0.10577922626993 0.22187904251 0.15938018174256 0.12881109291081 0.10556733249815 0.23870997920301 0.12416152351816 0.11786355905338 0.18328315307674 0.1966303585006 0.13420946184344 0.20817440367351 0.060620684647617 0.3 0.32008322645109 0.40669939261136 0.40388847925974 0.41850159631806 0.38494916646646 0.40497273520094"
General-3-20251226-15:29:07-112568,vector,AdhocNetwork1.host[10].app[1],e2eDelayPeriodicSec,,,"1 2 3 4 5 6 7 8 9 10 11 12 13 14 15 16 17 18 19 20 21 22 23 24 25 26 27 28 29 30 31 32 33 34 35 36 37 38 39 40 41 42 43 44 45 46 47 48 49 50","NaN NaN NaN NaN NaN NaN NaN NaN NaN NaN NaN NaN NaN NaN NaN NaN NaN NaN NaN NaN NaN NaN NaN NaN NaN NaN NaN NaN NaN NaN NaN NaN NaN NaN NaN NaN NaN NaN NaN NaN NaN NaN NaN NaN NaN NaN NaN NaN NaN NaN"
General-3-20251226-15:29:07-112568,vector,AdhocNetwork1.host[10].rl,rlReward,,,"1 2 3 4 5 6 7 8 9 10 11 12 13 14 15 16 17 18 19 20 21 22 23 24 25 26 27 28 29 30 31 32 33 34 35 36 37 38 39 40 41 42 43 44 45 46 47 48 49 50","0.33333333333333 0 0 0.020544924371632 0.02320430595283 0.085326093485355 -0.2 0.016646576109959 0.053533380138873 0 0.094803321632024 0.10373073102973 0.020020432751822 0.057063857263747 0.3558236985194 0.3 0.38098588247391 0.34724653715077 0.092098471817921 0.36167359015324 0.3930454923368 0.34814830098758 0.38759878821425 0.44865226046777 -0.074861564435727 0.42293367674603 0.36270515337033 0.32577396544172 0.41297666174538 0.41304297326595 0.40285391290878 0.38543954589655 0.35364356855204 0.35857901299351 0.39077874975012 0.40854923560337 0.1073180724918 0.35579178552079 0.1321265743198 0.40955634034499 0.37621879682071 0.37915910277739 0.41227781317045 0.367670501745 0.37251533759881 0.39503971027917 -0.047119819498825 0.40845987578066 0.3858925493942 0.40991491493906"
General-3-20251226-15:29:07-112568,vector,AdhocNetwork1.host[11].app[1],e2eDelayPeriodicSec,,,"1 2 3 4 5 6 7 8 9 10 11 12 13 14 15 16 17 18 19 20 21 22 23 24 25 26 27 28 29 30 31 32 33 34 35 36 37 38 39 40 41 42 43 44 45 46 47 48 49 50","NaN NaN NaN NaN NaN NaN NaN NaN NaN NaN NaN NaN NaN NaN NaN NaN NaN NaN NaN NaN NaN NaN NaN NaN NaN NaN NaN NaN NaN NaN NaN NaN NaN NaN NaN NaN NaN NaN NaN NaN NaN NaN NaN NaN NaN NaN NaN NaN NaN NaN"
General-3-20251226-15:29:07-112568,vector,AdhocNetwork1.host[11].rl,rlReward,,,"1 2 3 4 5 6 7 8 9 10 11 12 13 14 15 16 17 18 19 20 21 22 23 24 25 26 27 28 29 30 31 32 33 34 35 36 37 38 39 40 41 42 43 44 45 46 47 48 49 50","0.33333333333333 0 0 0 0.68390467225785 0.051979335982761 -0.2 -0.16202482122691 0.014937438239357 0 0.044698180574147 0.088342173522526 0.0013684574074603 0.010337802846123 0.02858271384095 0.053808017812556 0.015575220335764 0.079052871709836 0.051727586508726 0.059491294395716 0.10237034531482 0.0017471558694743 0.030870509377899 0.41027164266988 0.063531199069434 0.096305618557405 0.32633336911303 0.052729702746565 0.73153424842803 -0.66666666666667 -0.56615685939394 0.041901780043758 0.05326953799864 0.067456071679966 0.081251560990279 0.10469624082953 0.13926143188543 -0.09217326066646 0.1193731330369 0.12993882094059 0.43141081109785 0.37315272801657 0.41290965365339 0.40450365231139 0.40956700988067 0.21631384841704 0.42140303317692 0.4132516612944 0.38625149733467 0.41640399132457"
General-3-20251226-15:29:07-112568,vector,AdhocNetwork1.host[12].app[1],e2eDelayPeriodicSec,,,"1 2 3 4 5 6 7 8 9 10 11 12 13 14 15 16 17 18 19 20 21 22 23 24 25 26 27 28 29 30 31 32 33 34 35 36 37 38 39 40 41 42 43 44 45 46 47 48 49 50","NaN NaN NaN NaN NaN NaN NaN NaN NaN NaN NaN NaN NaN NaN NaN NaN NaN NaN NaN NaN NaN NaN NaN NaN NaN NaN NaN NaN NaN NaN NaN NaN NaN NaN NaN NaN NaN NaN NaN NaN NaN NaN NaN NaN NaN NaN NaN NaN NaN NaN"
General-3-20251226-15:29:07-112568,vector,AdhocNetwork1.host[12].rl,rlReward,,,"1 2 3 4 5 6 7 8 9 10 11 12 13 14 15 16 17 18 19 20 21 22 23 24 25 26 27 28 29 30 31 32 33 34 35 36 37 38 39 40 41 42 43 44 45 46 47 48 49 50","0.33333333333333 0 0.32252469184718 0.32492570784541 0.3 0.3 0.37723473131067 0.39450794671465 0.3 0.36143854639097 0.36744810765611 0.34639483999859 0.39069976386326 0.35980791832915 0.3 0.3968464983582 0.3347896001877 0.37398891494543 -0.094359105755256 0.3308553029372 0.25537028540027 0.363092069216 0.34551147486969 0.10088999972452 0.42912060574483 0.41870891142654 0.3295151532446 0.083511011984364 0.39144455042708 0.34391513263682 0.35351854444115 0.31993810176086 0.3602470355484 0.38888110981276 0.1058654831884 0.11967848923156 0.089016002013601 0.11986538564366 0.07637177013545 0 0.035024751639856 0.12898649284665 0.071723573775786 0 0.033960305241613 0.080658521890413 0.11630643340043 0 0.052876370381621 0.066209938981143"
General-3-20251226-15:29:07-112568,vector,AdhocNetwork1.host[13].app[1],e2eDelayPeriodicSec,,,"1 2 3 4 5 6 7 8 9 10 11 12 13 14 15 16 17 18 19 20 21 22 23 24 25 26 27 28 29 30 31 32 33 34 35 36 37 38 39 40 41 42 43 44 45 46 47 48 49 50","NaN NaN NaN NaN NaN NaN NaN NaN NaN NaN NaN NaN NaN NaN NaN NaN NaN NaN NaN NaN NaN NaN NaN NaN NaN NaN NaN NaN NaN NaN NaN NaN NaN NaN NaN NaN NaN NaN NaN NaN NaN NaN NaN NaN NaN NaN NaN NaN NaN NaN"
General-3-20251226-15:29:07-112568,vector,AdhocNetwork1.host[13].rl,rlReward,,,"1 2 3 4 5 6 7 8 9 10 11 12 13 14 15 16 17 18 19 20 21 22 23 24 25 26 27 28 29 30 31 32 33 34 35 36 37 38 39 40 41 42 43 44 45 46 47 48 49 50","0.33333333333333 0 0.3 0.34154934566556 0.050642677872644 0.3 0.34390960068964 0.31088533797377 0.026913046873711 0.069137941309073 0.084674927740789 -0.10953348270876 0.75723033368984 0.40836457951153 0.071874212753918 0.10224383287235 0.077423640610081 0.37396903351069 0.34877353274882 0.38698180435139 0.40884604181786 0.3472054876997 0.40621513196064 0.14398106689744 0.18011727993371 0.18024186458805 0.16997390777841 0.17957702158315 0.18250610927564 0.11381092137333 0.10863977288959 0.041654459566615 0 0.083682859668755 0.054009292989052 0.12772947287994 0 0.040112432007383 0.071463037149979 0.057819232488244 0.09573976176786 0.066390180713015 0.30865705764285 0.3466848996557 0.34107849885954 0.3685232748759 0.34362204558814 0.38192528006423 0.39477153772175 0.36392946138138"
General-3-20251226-15:29:07-112568,vector,AdhocNetwork1.host[14].app[1],e2eDelayPeriodicSec,,,"1 2 3 4 5 6 7 8 9 10 11 12 13 14 15 16 17 18 19 20 21 22 23 24 25 26 27 28 29 30 31 32 33 34 35 36 37 38 39 40 41 42 43 44 45 46 47 48 49 50","NaN NaN NaN NaN NaN NaN NaN NaN NaN NaN NaN NaN NaN NaN NaN NaN NaN NaN NaN NaN NaN NaN NaN NaN NaN NaN NaN NaN NaN NaN NaN NaN NaN NaN NaN NaN NaN NaN NaN NaN NaN NaN NaN NaN NaN NaN NaN NaN NaN NaN"
General-3-20251226-15:29:07-112568,vector,AdhocNetwork1.host[14].rl,rlReward,,,"1 2 3 4 5 6 7 8 9 10 11 12 13 14 15 16 17 18 19 20 21 22 23 24 25 26 27 28 29 30 31 32 33 34 35 36 37 38 39 40 41 42 43 44 45 46 47 48 49 50","0.33333333333333 0 0 0.02115601685512 0.012822875759938 0.02880177166715 0 0.086770044437941 0.042022203751488 0.027069035012706 0.092639021574326 0.075549627753546 0.039366736672392 0.37128738888222 0.31187235589012 0.33935439170244 0.34345459337094 0.37584261362735 0.068755987766188 0.37724758128243 0.34382977643634 0.35141651458035 -0.18672501071859 0.3478428408418 0.35519274920566 0.3 0.32436281931205 0.3 0.39461599859069 0.35454081635399 -0.2 0.3 0.36551800622928 0.38869629893613 0.4066900629727 0.42510540266829 0.41405484905806 0.35988700140852 0.39080525212219 0.10253849624789 0.10924829019437 0.076111325759257 0.39664458152327 0.36079858058333 0.4291848976128 0.147920522395 0.12526065339439 0.23810202552724 0.37732581443535 0.41955879525284"
General-3-20251226-15:29:07-112568,vector,AdhocNetwork1.host[15].app[1],e2eDelayPeriodicSec,,,"1 2 3 4 5 6 7 8 9 10 11 12 13 14 15 16 17 18 19 20 21 22 23 24 25 26 27 28 29 30 31 32 33 34 35 36 37 38 39 40 41 42 43 44 45 46 47 48 49 50","NaN NaN NaN NaN NaN NaN NaN NaN NaN NaN NaN NaN NaN NaN NaN NaN NaN NaN NaN NaN NaN NaN NaN NaN NaN NaN NaN NaN NaN NaN NaN NaN NaN NaN NaN NaN NaN NaN NaN NaN NaN NaN NaN NaN NaN NaN NaN NaN NaN NaN"
General-3-20251226-15:29:07-112568,vector,AdhocNetwork1.host[15].rl,rlReward,,,"1 2 3 4 5 6 7 8 9 10 11 12 13 14 15 16 17 18 19 20 21 22 23 24 25 26 27 28 29 30 31 32 33 34 35 36 37 38 39 40 41 42 43 44 45 46 47 48 49 50","0.33333333333333 0.1 0 0 0 0 0.0005600335347023 0.047822825780753 -0.13794381590671 0.070077612577148 0.099605338081797 0.10664197701384 0.060043033691478 0.054296988123191 0.18258287410295 0.19554868586845 0.18186119618502 0.23458138825647 0.1445169936382 0.098395094411271 0.21276575951132 0.22187596456958 0.22947108335323 0.13650461829514 0.13967519553636 0.37454442269737 0.2616600190593 0.26971049546835 0.16642895111222 0.23187989416477 0.24448799998615 0.28851637015238 0.25059976893259 0.21871619085271 0.24671808117064 0.15940204689481 0.23137517059346 0.19960185576765 0.16003735839417 0.23443889887172 0.20314951265991 0.25040351074961 0.20370535848636 0.20236461628664 0.1571344784039 0.16015263121466 0.15676777181932 0.2476399597027 0.18964570633674 0.19480487782025"
General-3-20251226-15:29:07-112568,vector,AdhocNetwork1.host[16].app[1],e2eDelayPeriodicSec,,,"1 2 3 4 5 6 7 8 9 10 11 12 13 14 15 16 17 18 19 20 21 22 23 24 25 26 27 28 29 30 31 32 33 34 35 36 37 38 39 40 41 42 43 44 45 46 47 48 49 50","NaN NaN NaN NaN NaN NaN NaN NaN NaN NaN NaN NaN NaN NaN NaN NaN NaN NaN NaN NaN NaN NaN NaN NaN NaN NaN NaN NaN NaN NaN NaN NaN NaN NaN NaN NaN NaN NaN NaN NaN NaN NaN NaN NaN NaN NaN NaN NaN NaN NaN"
General-3-20251226-15:29:07-112568,vector,AdhocNetwork1.host[16].rl,rlReward,,,"1 2 3 4 5 6 7 8 9 10 11 12 13 14 15 16 17 18 19 20 21 22 23 24 25 26 27 28 29 30 31 32 33 34 35 36 37 38 39 40 41 42 43 44 45 46 47 48 49 50","0.33333333333333 0 0 0.04763694783692 0.047630397819876 0.022707600587727 0.1 0.04511782958442 0.039800727390814 0.006518465106393 0.05447799724207 0.051227432295326 0.029233534293487 0.061080115075763 0.14040753974703 0.18597167047925 0.1 0.1 0.18575375329527 0.16279288744512 0.20552949043545 0.10400865005231 0.1 0.20856489250836 0.20645671201936 0.23848762219431 0.20636888799455 0.24441598008761 0.2321313415138 0.16955963492547 0.1 0.1 0.15861939884717 0.20035006424186 0.19211650121288 0.22104474229689 0.1716669226201 0.17245530142429 0.10471997546444 0.14663808273007 0.1 0.24261519164185 0.15520248749036 0.1 0.22978960038798 0.13677560287218 0.1 0 0.2261307545578 0.32909971121967"
General-3-20251226-15:29:07-112568,vector,AdhocNetwork1.host[17].app[1],e2eDelayPeriodicSec,,,"1 2 3 4 5 6 7 8 9 10 11 12 13 14 15 16 17 18 19 20 21 22 23 24 25 26 27 28 29 30 31 32 33 34 35 36 37 38 39 40 41 42 43 44 45 46 47 48 49 50","NaN NaN NaN NaN NaN NaN NaN NaN NaN NaN NaN NaN NaN NaN NaN NaN NaN NaN NaN NaN NaN NaN NaN NaN NaN NaN NaN NaN NaN NaN NaN NaN NaN NaN NaN NaN NaN NaN NaN NaN NaN NaN NaN NaN NaN NaN NaN NaN NaN NaN"
General-3-20251226-15:29:07-112568,vector,AdhocNetwork1.host[17].rl,rlReward,,,"1 2 3 4 5 6 7 8 9 10 11 12 13 14 15 16 17 18 19 20 21 22 23 24 25 26 27 28 29 30 31 32 33 34 35 36 37 38 39 40 41 42 43 44 45 46 47 48 49 50","0.33333333333333 0 0.096012683246398 0.11602108402484 0.14621349919927 0.14064314532983 0.15257207346246 0.13465257074645 0.028398128103433 0.12086103637376 0.025269400775562 0.093773163620149 0.047414376592313 0.096026941349117 0.094238651082963 0.074170271019814 0.10954124546331 0.040110415497459 0.10245936208579 0.061065568120309 0.10883402986895 0.080620009770768 0.38294118694442 0.41069254584137 0.41751946617306 0.3817574036979 0.42447336572176 0.37011942335887 0.35943132424766 0.37395757592991 0.35228116773189 0.39392675775842 0.42996038585864 0.37142633201807 0.36978657421871 0.44170250985103 0.41195614114304 0.39855694970597 0.36968896327173 0.41673890339418 0.40338232834587 0.38378557821279 0.41082979439521 0.40524986846801 0.3783408653269 0.37358910932136 0.40424854256525 0.40961048522751 0.41342230232878 0.38051192755948"
General-3-20251226-15:29:07-112568,vector,AdhocNetwork1.host[18].app[1],e2eDelayPeriodicSec,,,"1 2 3 4 5 6 7 8 9 10 11 12 13 14 15 16 17 18 19 20 21 22 23 24 25 26 27 28 29 30 31 32 33 34 35 36 37 38 39 40 41 42 43 44 45 46 47 48 49 50","NaN NaN NaN NaN NaN NaN NaN NaN NaN NaN NaN NaN NaN NaN NaN NaN NaN NaN NaN NaN NaN NaN NaN NaN NaN NaN NaN NaN NaN NaN NaN NaN NaN NaN NaN NaN NaN NaN NaN NaN NaN NaN NaN NaN NaN NaN NaN NaN NaN NaN"
General-3-20251226-15:29:07-112568,vector,AdhocNetwork1.host[18].rl,rlReward,,,"1 2 3 4 5 6 7 8 9 10 11 12 13 14 15 16 17 18 19 20 21 22 23 24 25 26 27 28 29 30 31 32 33 34 35 36 37 38 39 40 41 42 43 44 45 46 47 48 49 50","0.33333333333333 0 0.016218735413503 0 0.07909008350736 0 0.074813275809474 0.087059444645348 0.2084810307932 0.070761869561439 0.1824549800786 0.13282277185035 0.13374520805424 0.15520552690658 0.22852538671017 0.1329190697829 0.19369505776951 0.089653860702616 0.27909758745519 0.20393768061887 0.41309580243181 -0.06840299382628 0.2883291290171 0.12004677756262 0.21162518676174 0.63079412431552 0.27415870493924 0.093471282860334 0.09357711786046 0.065825505362863 0.37859898401863 0.35816660692612 0.12718873319818 0.22541539013485 0.28271156073118 0.026077893172406 0.27991278633536 0.26173258754655 0.23078876726906 0.16858148693365 0.20023657790634 0.40387705430426 0.31217382130191 0.33282605368026 0.33171592867624 0.4061290943386 0.41076730541132 0.36186194160738 0.3 0.22965640010261"
General-3-20251226-15:29:07-112568,vector,AdhocNetwork1.host[19].app[1],e2eDelayPeriodicSec,,,"1 2 3 4 5 6 7 8 9 10 11 12 13 14 15 16 17 18 19 20 21 22 23 24 25 26 27 28 29 30 31 32 33 34 35 36 37 38 39 40 41 42 43 44 45 46 47 48 49 50","NaN NaN NaN NaN NaN NaN NaN NaN NaN NaN NaN NaN NaN NaN NaN NaN NaN NaN NaN NaN NaN NaN NaN NaN NaN NaN NaN NaN NaN NaN NaN NaN NaN NaN NaN NaN NaN NaN NaN NaN NaN NaN NaN NaN NaN NaN NaN NaN NaN NaN"
General-3-20251226-15:29:07-112568,vector,AdhocNetwork1.host[19].rl,rlReward,,,"1 2 3 4 5 6 7 8 9 10 11 12 13 14 15 16 17 18 19 20 21 22 23 24 25 26 27 28 29 30 31 32 33 34 35 36 37 38 39 40 41 42 43 44 45 46 47 48 49 50","0.33333333333333 0 0 0 0.010173127955628 0.047853259665183 0 0.024852933121069 0.10236095084925 0 0.019496452562472 0.36784597538116 0.30576577348468 0.38440547100695 -0.08947694141058 0.38097262198657 0.37474980598577 0.36955868991208 0.36545919486127 0.31383938199569 0.34831440037863 0.36172918222308 0.063487466857355 0.32978101665401 0.37571082414809 0.37535156731826 0.31842524213972 0.37899092625588 0.37196132285803 0.22168554283961 0.32559612886633 0.3 0.36158901081136 0.7691194658104 0.38022079637746 0.35290900710045 0.3566883723452 0.35440165668813 0.36240327148059 0.39943210805782 0.35987689377844 -0.065592521070296 0.41041778230058 0.36365059804149 0.42336752536989 0.39453080169925 0.38765830443161 0.3776070113593 0.35899910503082 0.36456109531555"
General-3-20251226-15:29:07-112568,vector,AdhocNetwork1.host[20].app[1],e2eDelayPeriodicSec,,,"1 2 3 4 5 6 7 8 9 10 11 12 13 14 15 16 17 18 19 20 21 22 23 24 25 26 27 28 29 30 31 32 33 34 35 36 37 38 39 40 41 42 43 44 45 46 47 48 49 50","NaN NaN NaN NaN NaN NaN NaN NaN NaN NaN NaN NaN NaN NaN NaN NaN NaN NaN NaN NaN NaN NaN NaN NaN NaN NaN NaN NaN NaN NaN NaN NaN NaN NaN NaN NaN NaN NaN NaN NaN NaN NaN NaN NaN NaN NaN NaN NaN NaN NaN"
General-3-20251226-15:29:07-112568,vector,AdhocNetwork1.host[20].rl,rlReward,,,"1 2 3 4 5 6 7 8 9 10 11 12 13 14 15 16 17 18 19 20 21 22 23 24 25 26 27 28 29 30 31 32 33 34 35 36 37 38 39 40 41 42 43 44 45 46 47 48 49 50","0.33333333333333 0 0.023197656482745 -0.2 0.11062267404491 0.066122588724176 0.089128244895869 0.045593312707932 0.035910481621355 0.050756672857728 0.061528334412578 0.088760979305342 0.10229619574123 0.080844466792354 0.068553408416327 0.075467095827069 0.13565927718576 0.071933540385377 0.10414773967897 0.082388308906424 0.051216929232588 0.077456986143403 0.059404843779746 0.078232309425212 0.081353939388227 0.038351392367965 0.1205181185851 0.10357647512131 0.052669928767902 0.11644695574539 0.34395275287331 0.39642623181411 0.389069269911 0.37295799876357 0.36526449189624 0.39811702579521 0.38059547791396 0.37753168756957 0.42737073472619 0.39521187173515 0.36039507904755 0.36969192817844 0.384643662856 0.3731431229482 0.40271981786507 0.39235533330127 0.39548692340158 0.36575757976229 0.35653137172508 0.42217612140042"
General-3-20251226-15:29:07-112568,vector,AdhocNetwork1.host[21].app[1],e2eDelayPeriodicSec,,,"1 2 3 4 5 6 7 8 9 10 11 12 13 14 15 16 17 18 19 20 21 22 23 24 25 26 27 28 29 30 31 32 33 34 35 36 37 38 39 40 41 42 43 44 45 46 47 48 49 50","NaN NaN NaN NaN NaN NaN NaN NaN NaN NaN NaN NaN NaN NaN NaN NaN NaN NaN NaN NaN NaN NaN NaN NaN NaN NaN NaN NaN NaN NaN NaN NaN NaN NaN NaN NaN NaN NaN NaN NaN NaN NaN NaN NaN NaN NaN NaN NaN NaN NaN"
General-3-20251226-15:29:07-112568,vector,AdhocNetwork1.host[21].rl,rlReward,,,"1 2 3 4 5 6 7 8 9 10 11 12 13 14 15 16 17 18 19 20 21 22 23 24 25 26 27 28 29 30 31 32 33 34 35 36 37 38 39 40 41 42 43 44 45 46 47 48 49 50","0.33333333333333 0 0 0.040425909762452 0.1038992669377 0.098394973122535 0.048906183135141 0.070507027146593 0.022457986866031 0.042730235348181 0.048021345949408 0.074801568668336 0.0010987118474384 0.01857425822578 0.058227059878006 0.028467135954956 0.020899571261728 0.33322705504522 0.31330787162201 0.36757685797283 0.31179010253892 0.34107277210388 0.34798183997267 0.37486695580726 0.31162657673476 0.31171978288268 0.38141298307747 0.33861187835438 0.33594753431494 0.37134962752693 0.38961807741395 0.39794877835615 0.41000742503876 0.38857125909515 0.4058917381181 0.39703624127312 0.40037735653781 0.40547673444858 0.38248334852408 0.3688774863867 0.38249730916071 0.41380757152375 0.39563137792584 0.38934900590699 0.37985406368229 0.37182168316381 0.1880060030053 0.43347190184748 0.41911984188366 0.41694926371822"
General-3-20251226-15:29:07-112568,vector,AdhocNetwork1.host[22].app[1],e2eDelayPeriodicSec,,,"1 2 3 4 5 6 7 8 9 10 11 12 13 14 15 16 17 18 19 20 21 22 23 24 25 26 27 28 29 30 31 32 33 34 35 36 37 38 39 40 41 42 43 44 45 46 47 48 49 50","NaN NaN NaN NaN NaN NaN NaN NaN NaN NaN NaN NaN NaN NaN NaN NaN NaN NaN NaN NaN NaN NaN NaN NaN NaN NaN NaN NaN NaN NaN NaN NaN NaN NaN NaN NaN NaN NaN NaN NaN NaN NaN NaN NaN NaN NaN NaN NaN NaN NaN"
General-3-20251226-15:29:07-112568,vector,AdhocNetwork1.host[22].rl,rlReward,,,"1 2 3 4 5 6 7 8 9 10 11 12 13 14 15 16 17 18 19 20 21 22 23 24 25 26 27 28 29 30 31 32 33 34 35 36 37 38 39 40 41 42 43 44 45 46 47 48 49 50","0.33333333333333 0 0.019115195585624 0 0 0.028479259249805 0.05268186989011 0 0.11726951397036 0.050292379880636 0.085955617092607 0.22779033213047 0.20310533275162 0.17680281617307 0.14984639024234 0.22467676354973 0.10348131310599 0.20306103614904 0.1 0.18921277426617 0.12987578116007 0.1789647643298 -0.13957786687872 0.14321060823496 0.23605427791951 0.25301941965117 0.13021651466705 0.081491792441365 0.22546489614775 0.2052437404887 0.40677739372085 0.3 0.38844213743485 0.31408293288119 0.41306053801342 0.34876801514766 0.36837215281461 0.37256963152682 0.42072828911575 0.039716516777712 0.41456872362829 0.37946511990765 0.11395267111664 0.35229057696652 0.41818569225502 0.41767913525633 0.40094482881056 0.37367208282813 0.32186145949174 0.42614106527571"
General-3-20251226-15:29:07-112568,vector,AdhocNetwork1.host[23].app[1],e2eDelayPeriodicSec,,,"1 2 3 4 5 6 7 8 9 10 11 12 13 14 15 16 17 18 19 20 21 22 23 24 25 26 27 28 29 30 31 32 33 34 35 36 37 38 39 40 41 42 43 44 45 46 47 48 49 50","NaN NaN NaN NaN NaN NaN NaN NaN NaN NaN NaN NaN NaN NaN NaN NaN NaN NaN NaN NaN NaN NaN NaN NaN NaN NaN NaN NaN NaN NaN NaN NaN NaN NaN NaN NaN NaN NaN NaN NaN NaN NaN NaN NaN NaN NaN NaN NaN NaN NaN"
General-3-20251226-15:29:07-112568,vector,AdhocNetwork1.host[23].rl,rlReward,,,"1 2 3 4 5 6 7 8 9 10 11 12 13 14 15 16 17 18 19 20 21 22 23 24 25 26 27 28 29 30 31 32 33 34 35 36 37 38 39 40 41 42 43 44 45 46 47 48 49 50","0.33333333333333 0 0.3 0.31717797787514 0.3 -0.2 0.3 0.3 0.66940998173355 0.7 0.71039947999867 0.31860146622431 0.3 0.36328579409712 0.7501483376099 0.72368618399648 0.75328831125021 0.73063248617697 -0.64408622359715 -0.68295647413714 -0.63698106926391 0.33123721639858 0.30211565881497 0.3418645462056 0.35692105314645 0.33547730493764 0.33002627541648 0.33527705632313 0.38145803581689 0.23662296862478 0.35382059669759 0.3 0.36207274776765 0.41211275782244 0.38694074313957 0.30647351842743 0.35044247178825 0.40078593575384 0.37753591015992 0.38508335081653 0.3430637264014 0.38456524799782 0.37335535396636 0.37121208532681 0.3 0.35195877880355 0.39647304128461 0.39649737303323 0.41086363508921 0.3"
General-3-20251226-15:29:07-112568,vector,AdhocNetwork1.host[24].app[1],e2eDelayPeriodicSec,,,"1 2 3 4 5 6 7 8 9 10 11 12 13 14 15 16 17 18 19 20 21 22 23 24 25 26 27 28 29 30 31 32 33 34 35 36 37 38 39 40 41 42 43 44 45 46 47 48 49 50","NaN NaN NaN NaN NaN NaN NaN NaN NaN NaN NaN NaN NaN NaN NaN NaN NaN NaN NaN NaN NaN NaN NaN NaN NaN NaN NaN NaN NaN NaN NaN NaN NaN NaN NaN NaN NaN NaN NaN NaN NaN NaN NaN NaN NaN NaN NaN NaN NaN NaN"
General-3-20251226-15:29:07-112568,vector,AdhocNetwork1.host[24].rl,rlReward,,,"1 2 3 4 5 6 7 8 9 10 11 12 13 14 15 16 17 18 19 20 21 22 23 24 25 26 27 28 29 30 31 32 33 34 35 36 37 38 39 40 41 42 43 44 45 46 47 48 49 50","0.33333333333333 0 0.37457451548637 0.31013479863913 0.34200507360999 0.3 0.35037946759347 0.38705919133106 0.32086816364846 0.36891887928883 0.3 0.3 0.35100749784622 0.3 0.34586959170264 0.38175901712539 0.3137507672117 0.35485969499914 0.30661707652618 0.40625028706939 0.40890016182408 0.35341080528174 0.38430505539093 -0.5884796404068 -0.68992520312722 -0.58112584868807 -0.59881990293715 -0.62635459409223 -0.61632312853701 -0.65124905545968 -0.63614567435421 0.40834063552356 0.41085881376019 0.31848935098181 0.41307045088859 0.39562170858545 0.45092524408255 0.41515773415333 0.43330187886919 0.41998654296817 0.42218407497061 0.43205081737531 0.46033328641616 0.40456601535431 0.45336211211275 0.39820174297681 0.416852184583 0.40167704758778 0.40302197876916 0.40795103149945"
General-4-20251226-15:29:07-112571,vector,AdhocNetwork1.host[0].app[1],e2eDelayPeriodicSec,,,"1 2 3 4 5 6 7 8 9 10 11 12 13 14 15 16 17 18 19 20 21 22 23 24 25 26 27 28 29 30 31 32 33 34 35 36 37 38 39 40 41 42 43 44 45 46 47 48 49 50","NaN NaN NaN NaN NaN NaN NaN NaN NaN NaN NaN NaN NaN NaN NaN NaN NaN NaN NaN NaN NaN NaN NaN NaN NaN NaN NaN NaN NaN NaN NaN NaN NaN NaN NaN 4.410490550211 4.410490550211 4.410490550211 NaN NaN NaN NaN NaN NaN NaN NaN NaN NaN NaN NaN"
General-4-20251226-15:29:07-112571,vector,AdhocNetwork1.host[0].rl,rlReward,,,"1 2 3 4 5 6 7 8 9 10 11 12 13 14 15 16 17 18 19 20 21 22 23 24 25 26 27 28 29 30 31 32 33 34 35 36 37 38 39 40 41 42 43 44 45 46 47 48 49 50","0.33333333333333 0 0.1 -0.05345629838882 0.40644802141424 0.39583270329997 0.048877702056012 0.38836795514483 0.35264495401908 -0.08858937312362 0.39917495618593 0.34560272086056 0.14985480464615 0.15161811512539 0.13560428540822 0.067260595038076 0.047346558271955 0.1177601207404 0.01750726771516 0.028434538369548 0.045496728220737 0.26754082114871 0.096204735788115 0.33485944793466 0.096289897000868 0.069964865537686 0.10932947177568 0.088075137701342 0.13955455814597 0.1557930877134 0.33559926191593 0.059339485284304 0.076817140819442 0.36662904600067 0.3 0.10226530937392 0.34395909074328 0.055781795525981 0.094380980190983 0.34432681772572 0.12625636931229 -0.14812243934936 0.13858919458542 0.3 -0.090966396875664 0.12040196302218 0.39711864075317 0.33981694760643 0.37013539732635 0.39132619975191"
General-4-20251226-15:29:07-112571,vector,AdhocNetwork1.host[1].app[1],e2eDelayPeriodicSec,,,"1 2 3 4 5 6 7 8 9 10 11 12 13 14 15 16 17 18 19 20 21 22 23 24 25 26 27 28 29 30 31 32 33 34 35 36 37 38 39 40 41 42 43 44 45 46 47 48 49 50","NaN NaN NaN NaN NaN NaN NaN NaN NaN NaN NaN NaN NaN NaN NaN NaN NaN NaN NaN NaN NaN NaN NaN NaN NaN NaN NaN NaN NaN NaN NaN NaN NaN NaN NaN NaN NaN NaN NaN NaN NaN NaN NaN NaN NaN NaN NaN NaN NaN NaN"
General-4-20251226-15:29:07-112571,vector,AdhocNetwork1.host[1].rl,rlReward,,,"1 2 3 4 5 6 7 8 9 10 11 12 13 14 15 16 17 18 19 20 21 22 23 24 25 26 27 28 29 30 31 32 33 34 35 36 37 38 39 40 41 42 43 44 45 46 47 48 49 50","0.33333333333333 0.3 0.18005568162927 0.092467280787019 0.014476560358108 0.024082594277678 0.075418059974698 0.3 0.032672424522641 0.078673281453608 0.097632175444537 0.30519667048703 0.3344707012757 0.22060530315095 0.17598232356948 0.34535999714475 0.32041768895557 0.3 0.34426673951583 0.386204153903 0.36603831911204 0.33104617597548 0.38806189551632 0.36241679121442 0.3 0.38329322156148 0.39251465627323 0.38279787896101 0.38238500038187 0.39828255231099 0.37325194230061 0.37090660488659 0.41999074414632 0.39583681911012 0.39496285208346 0.41787206149537 0.37917285627287 0.40309152772609 0.39811147956575 0.41590240044401 0.40263169138704 0.44874718343845 0.39860797221982 0.402075971144 0.41685408089208 0.41634912435563 0.31554921706257 0.3979976923621 0.43216368462914 0.41698173626317"
General-4-20251226-15:29:07-112571,vector,AdhocNetwork1.host[2].app[1],e2eDelayPeriodicSec,,,"1 2 3 4 5 6 7 8 9 10 11 12 13 14 15 16 17 18 19 20 21 22 23 24 25 26 27 28 29 30 31 32 33 34 35 36 37 38 39 40 41 42 43 44 45 46 47 48 49 50","NaN NaN NaN NaN NaN NaN NaN NaN NaN NaN NaN NaN NaN NaN NaN NaN NaN NaN NaN NaN NaN NaN NaN NaN NaN NaN NaN NaN NaN NaN NaN NaN NaN NaN NaN NaN NaN NaN NaN NaN NaN NaN NaN NaN NaN NaN NaN NaN NaN NaN"
General-4-20251226-15:29:07-112571,vector,AdhocNetwork1.host[2].rl,rlReward,,,"1 2 3 4 5 6 7 8 9 10 11 12 13 14 15 16 17 18 19 20 21 22 23 24 25 26 27 28 29 30 31 32 33 34 35 36 37 38 39 40 41 42 43 44 45 46 47 48 49 50","0.33333333333333 0 0.3 0.3 0.36779897736034 0.32400199583434 0.30409236272882 0.3172360565489 0.35770422638106 0.33591835190507 0.33952078838791 0.0010170663988174 0.10162097674751 0.3 0.30006578224654 0.78181614051738 0.75766519931569 0.34550480102327 0.31396134039597 0.35150911112617 0.32800332191492 -0.12159875687892 0.34140795812361 0.30691486757425 0.33255265820498 0.12367601348345 -0.44370958476166 -0.54951734870511 -0.53149024833207 -0.58378597673754 -0.3579898367931 0.15678020461742 0.14538044184993 0.14123596510315 0.36051864419454 0.22270324063031 0.14180758177164 -0.057720799553964 0.40659221393157 0.41385019147741 0.41867884388144 0.43767950828575 0.15759178790896 0.41549786455833 0.29942232284108 0.2845310616069 0.29312811664023 0.24740040272612 0.24422207285763 0.33492535169016"
General-4-20251226-15:29:07-112571,vector,AdhocNetwork1.host[3].app[1],e2eDelayPeriodicSec,,,"1 2 3 4 5 6 7 8 9 10 11 12 13 14 15 16 17 18 19 20 21 22 23 24 25 26 27 28 29 30 31 32 33 34 35 36 37 38 39 40 41 42 43 44 45 46 47 48 49 50","NaN NaN NaN NaN NaN NaN 1.753886340633 1.753886340633 1.753886340633 NaN NaN NaN NaN NaN NaN NaN NaN NaN NaN NaN NaN NaN NaN NaN NaN NaN NaN NaN NaN NaN NaN NaN NaN NaN NaN NaN NaN NaN NaN NaN NaN NaN NaN NaN NaN NaN NaN NaN NaN NaN"
General-4-20251226-15:29:07-112571,vector,AdhocNetwork1.host[3].rl,rlReward,,,"1 2 3 4 5 6 7 8 9 10 11 12 13 14 15 16 17 18 19 20 21 22 23 24 25 26 27 28 29 30 31 32 33 34 35 36 37 38 39 40 41 42 43 44 45 46 47 48 49 50","0.33333333333333 0 0 0 0.039576239880499 0.038933090809717 0.040225862489041 0.035057808499009 0.072674277673257 0.063787342005351 0.30872901084028 0.36446148798467 0.01451144476147 0.068505363597061 0.31273458974015 0.016309290659293 0.3 0.38393816839699 0.31982064769317 0.3 0.34146782083791 0.036056029493607 0.37462181424661 0.33025508021979 0.343760630732 0.35133000341968 0.39680540630554 0.37014929002854 0.39129913881273 0.38005733467481 0.38703667184141 0.37296569298017 0.37904475761978 0.3666739538215 0.34688361403857 0.39980325297266 -0.10696550984271 0.37379181957465 0.32554942389738 0.34332825101934 0.35549717622574 0.22834743212747 0.34702958177501 0.37393864681249 0.33275754007491 0.35945518511538 0.30478324177504 0.35391557885308 0.36620184189873 0.36663887601392"
General-4-20251226-15:29:07-112571,vector,AdhocNetwork1.host[4].app[1],e2eDelayPeriodicSec,,,"1 2 3 4 5 6 7 8 9 10 11 12 13 14 15 16 17 18 19 20 21 22 23 24 25 26 27 28 29 30 31 32 33 34 35 36 37 38 39 40 41 42 43 44 45 46 47 48 49 50","NaN NaN NaN NaN NaN NaN NaN NaN NaN NaN NaN NaN NaN NaN NaN NaN NaN NaN NaN NaN NaN NaN NaN NaN NaN NaN NaN NaN NaN NaN NaN NaN NaN NaN NaN NaN NaN NaN NaN NaN NaN NaN NaN NaN NaN NaN NaN NaN NaN NaN"
General-4-20251226-15:29:07-112571,vector,AdhocNetwork1.host[4].rl,rlReward,,,"1 2 3 4 5 6 7 8 9 10 11 12 13 14 15 16 17 18 19 20 21 22 23 24 25 26 27 28 29 30 31 32 33 34 35 36 37 38 39 40 41 42 43 44 45 46 47 48 49 50","0.33333333333333 0 0 0 0.11986359375315 0.091942206381439 0.12192619864905 0.13381057992634 0.10684553939196 0.088843357013277 0.096087356705806 0.075456598045781 0.081572793761765 0.078123778123985 0.10240892272814 0.052559084710891 0.13313321694626 0.11593500474125 0.073483587783017 0.062196397510897 0.081150186229455 0.1420546937977 0.11702855909956 0.080436273390568 0.08594920984131 0.10102113887155 0.075973617224573 0.10478363131146 0.10348297206532 0.084538618125673 0.09869416595462 0.1136951496809 0.10135864655865 0.11573469251151 0.094514221743857 0.080414813238495 0.024953075769271 0.099668995136048 0.092411373770494 0.12880282711142 0.11869967980479 0.072773948426561 0.13192375364915 0.14434210651674 0.11593472143188 0.12288013792672 0.13852634415916 0.13734575294475 0.1655772161789 0.13240123353113"
General-4-20251226-15:29:07-112571,vector,AdhocNetwork1.host[5].app[1],e2eDelayPeriodicSec,,,"1 2 3 4 5 6 7 8 9 10 11 12 13 14 15 16 17 18 19 20 21 22 23 24 25 26 27 28 29 30 31 32 33 34 35 36 37 38 39 40 41 42 43 44 45 46 47 48 49 50","NaN NaN NaN NaN NaN NaN NaN NaN NaN NaN NaN NaN NaN NaN NaN NaN NaN NaN NaN NaN NaN NaN NaN NaN NaN NaN NaN NaN NaN NaN NaN NaN NaN NaN NaN NaN NaN NaN NaN NaN NaN NaN NaN NaN NaN NaN NaN NaN NaN NaN"
General-4-20251226-15:29:07-112571,vector,AdhocNetwork1.host[5].rl,rlReward,,,"1 2 3 4 5 6 7 8 9 10 11 12 13 14 15 16 17 18 19 20 21 22 23 24 25 26 27 28 29 30 31 32 33 34 35 36 37 38 39 40 41 42 43 44 45 46 47 48 49 50","0.33333333333333 0 0.03644842526628 0.1300374141079 -0.43482438620141 0.090954235719756 0.13301485252905 -0.55962707665008 -0.58512208347572 -0.55832941553793 0.12066796913982 0.27964275064939 0.31723181943519 0.32315561245443 0.27333114291903 0.25870772441265 -0.30533376236484 -0.5 -0.38755883191354 -0.33975395519675 -0.39344847022869 0.059915544824701 0.21084169321421 0.1 0.22937160430522 0.21493954657298 0.26786833607899 0.21373540008619 0.10448880449175 0.28878196265194 0.26708081886972 0.29148875917086 0.19829641470962 0.29945161258299 0.30302657559513 0.26582648735107 0.27109121154685 0.27478626659935 0.29090830061464 0.21783866321835 0.26832495774958 0.2440106254049 0.20179446895687 0.17077987521098 0.27122006393576 0.19873846950522 0.27143460742728 0.24260469513931 0.18371214479172 0.26730173573136"
General-4-20251226-15:29:07-112571,vector,AdhocNetwork1.host[6].app[1],e2eDelayPeriodicSec,,,"1 2 3 4 5 6 7 8 9 10 11 12 13 14 15 16 17 18 19 20 21 22 23 24 25 26 27 28 29 30 31 32 33 34 35 36 37 38 39 40 41 42 43 44 45 46 47 48 49 50","NaN NaN NaN NaN NaN NaN NaN NaN NaN NaN NaN NaN NaN NaN NaN NaN NaN NaN NaN NaN NaN NaN NaN NaN NaN NaN NaN NaN NaN NaN NaN NaN NaN NaN NaN NaN NaN NaN NaN NaN NaN NaN NaN NaN NaN NaN NaN NaN NaN NaN"
General-4-20251226-15:29:07-112571,vector,AdhocNetwork1.host[6].rl,rlReward,,,"1 2 3 4 5 6 7 8 9 10 11 12 13 14 15 16 17 18 19 20 21 22 23 24 25 26 27 28 29 30 31 32 33 34 35 36 37 38 39 40 41 42 43 44 45 46 47 48 49 50","0.33333333333333 0 0.012772188282416 0.013353929413165 0.060590618036074 0.033071533233968 0.060866970380505 0.35568796190335 0.34832160115217 0.31049837075962 0.37508728803414 0.8211565035177 0.38373474752385 0.41580498721148 -0.57897810482172 -0.61228978170604 -0.62895713168688 -0.57786162917381 -0.63793973639538 -0.60390718436416 -0.56605115552019 0.37495239439867 0.38176339004668 0.33437794263439 0.047827568358166 0.39079329620194 0.43056839972112 0.36580636541363 0.41480302894952 0.34142809352934 0.3 0.38104327247069 -0.024121146118459 0.36099531799941 0.37479678214064 0.33282658700636 0.3999429266408 0.36601417146065 0.38937659282621 0.33593081240442 0.34802146065014 0.34610733865283 0.35971889652737 0.42691673269826 -0.61797382178618 -0.62868462378091 -0.6564190136422 -0.60659528239228 -0.67530981373686 -0.60413183361143"
General-4-20251226-15:29:07-112571,vector,AdhocNetwork1.host[7].app[1],e2eDelayPeriodicSec,,,"1 2 3 4 5 6 7 8 9 10 11 12 13 14 15 16 17 18 19 20 21 22 23 24 25 26 27 28 29 30 31 32 33 34 35 36 37 38 39 40 41 42 43 44 45 46 47 48 49 50","NaN NaN NaN NaN NaN NaN NaN NaN NaN NaN NaN NaN NaN NaN NaN NaN NaN NaN NaN NaN NaN NaN NaN NaN NaN NaN NaN NaN NaN NaN NaN NaN NaN NaN NaN NaN NaN NaN NaN NaN NaN NaN NaN NaN NaN NaN NaN NaN NaN NaN"
General-4-20251226-15:29:07-112571,vector,AdhocNetwork1.host[7].rl,rlReward,,,"1 2 3 4 5 6 7 8 9 10 11 12 13 14 15 16 17 18 19 20 21 22 23 24 25 26 27 28 29 30 31 32 33 34 35 36 37 38 39 40 41 42 43 44 45 46 47 48 49 50","0.33333333333333 0 0.01971108832256 0.020801914830977 0 0.079814057830482 0.026700397397086 0.09554446043564 0.040829445786832 0.032657931467941 0.080665941906 0.12337971302802 0.071449117144203 0.051205909941035 0.064594083347083 0.33565603517313 0.32690450209129 0.34502547027124 0.34073634485238 0.35323604567726 0.32703247636254 0.3593333185506 0.31403999469415 0.3 0.11700671689716 0.33294422607386 0.43738065524475 0.024227122758971 0.32560206871271 0.41082397738431 0.39390739768911 0.40417110513788 0.19539378255315 0.31517766313446 0.40975414879684 0.3339739145933 0.38503544997183 0.40008192444856 0.3993001337638 0.36575993596442 0.34878765401906 0.4020373987505 0.43252702916707 0.41654011370026 0.37668519561455 0.37815408615825 0.35756458721951 0.4008543840665 0.3886489043672 0.39196052460881"
General-4-20251226-15:29:07-112571,vector,AdhocNetwork1.host[8].app[1],e2eDelayPeriodicSec,,,"1 2 3 4 5 6 7 8 9 10 11 12 13 14 15 16 17 18 19 20 21 22 23 24 25 26 27 28 29 30 31 32 33 34 35 36 37 38 39 40 41 42 43 44 45 46 47 48 49 50","NaN NaN NaN NaN NaN NaN NaN NaN NaN NaN NaN NaN NaN NaN NaN NaN NaN NaN NaN NaN NaN NaN NaN NaN NaN NaN NaN NaN NaN NaN NaN NaN NaN NaN NaN NaN NaN NaN NaN NaN NaN NaN NaN NaN NaN NaN NaN NaN NaN NaN"
General-4-20251226-15:29:07-112571,vector,AdhocNetwork1.host[8].rl,rlReward,,,"1 2 3 4 5 6 7 8 9 10 11 12 13 14 15 16 17 18 19 20 21 22 23 24 25 26 27 28 29 30 31 32 33 34 35 36 37 38 39 40 41 42 43 44 45 46 47 48 49 50","0.33333333333333 0 0.12054151344167 0.31059381469852 0.35761130030695 -0.67245654783341 -0.61199257587691 -0.59028035627561 -0.42450854571797 -0.58262217824591 -0.61344395782638 0.048016580796724 0.092069504484708 0.39345255553885 0.35492935295801 0.35376204877107 0.38792307910956 0.3314936697823 0.42481970244196 0.41759796769984 0.42614710317132 0.41110629478667 0.40675877846214 -0.19701900919571 0.3934251809647 0.36026513470695 0.41256885553692 0.33570308291744 0.38865916390302 0.32290190990044 0.38653240565585 0.38346337281981 0.38285321582575 0.36721992509447 0.36937175475109 0.39590847322381 0.33975569477434 0.38181758182254 0.12189237416647 0.24414411564603 0.10401425373552 0.1062545893884 0.11591844435354 0.059631349667106 0.44453359735861 0.38397209951708 0.40856882333299 0.41298503069035 0.41490732698052 0.3796022721107"
General-4-20251226-15:29:07-112571,vector,AdhocNetwork1.host[9].app[1],e2eDelayPeriodicSec,,,"1 2 3 4 5 6 7 8 9 10 11 12 13 14 15 16 17 18 19 20 21 22 23 24 25 26 27 28 29 30 31 32 33 34 35 36 37 38 39 40 41 42 43 44 45 46 47 48 49 50","NaN NaN NaN NaN NaN NaN NaN NaN NaN NaN NaN NaN NaN NaN NaN NaN NaN NaN NaN NaN NaN NaN NaN NaN NaN NaN NaN NaN NaN NaN NaN NaN NaN NaN NaN NaN NaN NaN NaN NaN NaN NaN NaN NaN NaN NaN NaN NaN NaN NaN"
General-4-20251226-15:29:07-112571,vector,AdhocNetwork1.host[9].rl,rlReward,,,"1 2 3 4 5 6 7 8 9 10 11 12 13 14 15 16 17 18 19 20 21 22 23 24 25 26 27 28 29 30 31 32 33 34 35 36 37 38 39 40 41 42 43 44 45 46 47 48 49 50","0.33333333333333 0 0 0 0.010401877088568 0 0.045199759199537 0.07188011108833 0.047756949441125 0.045051320178063 0.027827346719578 0.3266247006629 0.35740728287469 0.34664059347529 0.33756323657264 0 0.36886243194552 0.34671537339641 0.34013279991577 0.3831869148254 0.31797059144593 0.36116461083457 0.38974076007273 0.37039075621162 0.40559263426065 0.38050651715221 0.41283378520546 0.083342671858514 0.40847273095129 -0.059149626891003 0.39161903259924 -0.096662805308392 0.36378228223981 0.31686911613227 0.35957953461162 0.39530807672385 0.37243824719736 0.39869674183485 0.3292534448686 0.37304338307539 0.43610603730038 0.34806181918439 0.31585305833314 0.097232676058334 0.39563957308194 0.40683227389074 0.40524126386683 0.40186500028093 0.37047386481831 0.42719592900569"
General-4-20251226-15:29:07-112571,vector,AdhocNetwork1.host[10].app[1],e2eDelayPeriodicSec,,,"1 2 3 4 5 6 7 8 9 10 11 12 13 14 15 16 17 18 19 20 21 22 23 24 25 26 27 28 29 30 31 32 33 34 35 36 37 38 39 40 41 42 43 44 45 46 47 48 49 50","NaN NaN NaN NaN NaN NaN NaN NaN NaN NaN NaN NaN NaN NaN NaN NaN NaN NaN NaN NaN NaN NaN 3.148103363214 3.148103363214 3.148103363214 NaN NaN NaN NaN NaN NaN NaN NaN NaN NaN NaN NaN NaN NaN NaN NaN NaN NaN NaN NaN NaN NaN NaN NaN NaN"
General-4-20251226-15:29:07-112571,vector,AdhocNetwork1.host[10].rl,rlReward,,,"1 2 3 4 5 6 7 8 9 10 11 12 13 14 15 16 17 18 19 20 21 22 23 24 25 26 27 28 29 30 31 32 33 34 35 36 37 38 39 40 41 42 43 44 45 46 47 48 49 50","0.33333333333333 0 0.3 0.3229572621521 0.32497720979658 -0.15367680803188 0.035593253977299 0.3151777370606 0.32516528653307 0.32655569517247 0.31587361990244 0.34253553117002 0.36617577762931 0.3311841434259 0.34755374696489 0.34871198706625 0.34178056810976 0.7 0.76170875194754 0.7 0.36052786422757 -0.17470144874201 0.3 0.3569550314017 0.32358509052322 0.3 0.35400405399677 0.33750486774797 -0.14885357095911 0.34302532146267 0.33126013813885 0.33647771132347 0.32982204103117 0.3 0.37674409548443 0.10027281891184 0.33788670760119 0.071308234748111 0.31549483601809 0.38614918559487 0.3 0.35463515570866 0.36629336319464 0.059974883814025 0.067678095874369 0.35019663056035 0.42124453944147 0.36221110383418 0.35110474672554 0.41189377093266"
General-4-20251226-15:29:07-112571,vector,AdhocNetwork1.host[11].app[1],e2eDelayPeriodicSec,,,"1 2 3 4 5 6 7 8 9 10 11 12 13 14 15 16 17 18 19 20 21 22 23 24 25 26 27 28 29 30 31 32 33 34 35 36 37 38 39 40 41 42 43 44 45 46 47 48 49 50","NaN NaN NaN NaN NaN NaN NaN NaN NaN NaN NaN NaN NaN NaN NaN NaN NaN NaN NaN NaN NaN NaN NaN NaN NaN NaN NaN NaN NaN NaN NaN NaN NaN NaN NaN NaN NaN NaN NaN NaN NaN NaN NaN NaN NaN NaN NaN NaN NaN NaN"
General-4-20251226-15:29:07-112571,vector,AdhocNetwork1.host[11].rl,rlReward,,,"1 2 3 4 5 6 7 8 9 10 11 12 13 14 15 16 17 18 19 20 21 22 23 24 25 26 27 28 29 30 31 32 33 34 35 36 37 38 39 40 41 42 43 44 45 46 47 48 49 50","0.33333333333333 0 0 0 0 0.065113195135243 0.04681878359323 0.071515586880231 0.31795397485685 0.32224087398156 0.026540912284267 0.010579118142762 0.045124634554544 0.3 0.042168696600228 0.094747693289078 0.41909187218852 0.39421226135902 0.42031783903734 0.39098062334957 0.21659757349996 0.38916587105684 0.22271326570235 0.36979974774747 0.38300763390463 0.34934753221686 0.19747413514769 0.26499532000486 0.20701066233971 0.19194151202864 0.23178709749123 0.16484089997337 0.15054059902008 0.21617831595962 0.22514300085284 0.050452018972152 0.21115331161033 0.24215025719838 0.11633950691286 0.15704227348919 0.22078195443264 0.36645088058698 0.20964612833211 0.24925462828259 0.2291501941121 0.23190147568843 0.20315214468489 0.22879193596166 0.1788607158738 0.37968569385563"
General-4-20251226-15:29:07-112571,vector,AdhocNetwork1.host[12].app[1],e2eDelayPeriodicSec,,,"1 2 3 4 5 6 7 8 9 10 11 12 13 14 15 16 17 18 19 20 21 22 23 24 25 26 27 28 29 30 31 32 33 34 35 36 37 38 39 40 41 42 43 44 45 46 47 48 49 50","NaN NaN NaN NaN NaN NaN NaN NaN NaN NaN NaN NaN NaN NaN NaN NaN NaN NaN NaN NaN NaN NaN NaN NaN NaN NaN NaN NaN NaN NaN NaN NaN NaN NaN NaN NaN NaN NaN NaN NaN NaN NaN NaN NaN NaN NaN NaN NaN NaN NaN"
General-4-20251226-15:29:07-112571,vector,AdhocNetwork1.host[12].rl,rlReward,,,"1 2 3 4 5 6 7 8 9 10 11 12 13 14 15 16 17 18 19 20 21 22 23 24 25 26 27 28 29 30 31 32 33 34 35 36 37 38 39 40 41 42 43 44 45 46 47 48 49 50","0.33333333333333 0 0.068420377841762 0.77094970295978 0.11468905254365 0.098661132156933 -0.5508405388266 0.028214658754208 -0.57989930396295 -0.65909521884265 -0.60563058681106 0.04171837879346 0.076959807966556 0 0.37334181585705 0.35623279527499 0.72501282649767 0.39118905149102 0.35333504947684 0.38740144981163 0.3525060249256 0.37900843182484 0.4205872210592 0.39776633234697 0.40212189281833 0.39561679179375 0.34741286686296 0.39447838896714 0.79339590945248 0.79187351614057 0.086426082747335 0.39438848099417 0.37808296162761 0.38691705218498 0.39325447890951 0.34768635003177 0.3538676098909 0.75632337816137 0.6062101904063 0.37687510620697 0.064003869552723 0.36740749867353 0.36040090129511 0.36653224658492 0.35956506011847 0.34007262817677 0.40771253778826 0.31131547959812 0.41038416260607 0.41980379641792"
General-4-20251226-15:29:07-112571,vector,AdhocNetwork1.host[13].app[1],e2eDelayPeriodicSec,,,"1 2 3 4 5 6 7 8 9 10 11 12 13 14 15 16 17 18 19 20 21 22 23 24 25 26 27 28 29 30 31 32 33 34 35 36 37 38 39 40 41 42 43 44 45 46 47 48 49 50","NaN NaN NaN NaN NaN NaN NaN NaN NaN NaN NaN NaN NaN NaN NaN NaN NaN NaN NaN NaN NaN NaN NaN NaN NaN NaN NaN NaN NaN NaN NaN NaN NaN NaN NaN NaN NaN NaN NaN NaN NaN NaN NaN NaN NaN NaN NaN NaN NaN NaN"
General-4-20251226-15:29:07-112571,vector,AdhocNetwork1.host[13].rl,rlReward,,,"1 2 3 4 5 6 7 8 9 10 11 12 13 14 15 16 17 18 19 20 21 22 23 24 25 26 27 28 29 30 31 32 33 34 35 36 37 38 39 40 41 42 43 44 45 46 47 48 49 50","0.33333333333333 0 0.3 0.76273878813204 0.42081418688738 0.40198405651959 0.40198338736085 0.41302490463681 0.11586396719845 0.38194696967275 0.33089632514966 0.36200048987979 0.30445700543666 0.053873621671325 0.23869681296034 0.38932994638992 0.16827686426907 0.34021187634965 0.31897185568772 0.80345556978745 0.38581641641807 0.37972207048465 0.37087220519896 0.41324430362975 0.37738099659317 0.37302970096203 0.32328008738869 -0.35303939876178 -0.64206013290011 -0.68537470691615 -0.57188657076251 0.33501955112548 0.39575545662263 0.38013189360036 0.38551343730942 0.3 0.38302740568107 0.35681806637309 0.41622584591887 0.41139132710881 0.14711100857866 -0.50005352973361 -0.56328900922332 -0.52060500111581 -0.55477348806281 -0.42256234182912 -0.58657496694016 -0.31166086013441 -0.57102721781024 -0.54422601038192"
General-4-20251226-15:29:07-112571,vector,AdhocNetwork1.host[14].app[1],e2eDelayPeriodicSec,,,"1 2 3 4 5 6 7 8 9 10 11 12 13 14 15 16 17 18 19 20 21 22 23 24 25 26 27 28 29 30 31 32 33 34 35 36 37 38 39 40 41 42 43 44 45 46 47 48 49 50","NaN NaN NaN NaN NaN NaN NaN NaN NaN NaN NaN NaN NaN NaN NaN NaN NaN NaN NaN NaN NaN NaN NaN NaN NaN NaN NaN NaN NaN NaN NaN NaN NaN NaN NaN NaN NaN NaN NaN NaN NaN NaN NaN NaN NaN NaN NaN NaN NaN NaN"
General-4-20251226-15:29:07-112571,vector,AdhocNetwork1.host[14].rl,rlReward,,,"1 2 3 4 5 6 7 8 9 10 11 12 13 14 15 16 17 18 19 20 21 22 23 24 25 26 27 28 29 30 31 32 33 34 35 36 37 38 39 40 41 42 43 44 45 46 47 48 49 50","0.33333333333333 0 0 0 0.022250917624809 0.036652005487418 0.030369183114656 0.027540506479192 0.12190953860922 0.049628639617025 0.079980722543813 0.000230280033157 0.33362017701121 0.36621661294863 0.3 0.32689434281657 0.36049696586512 0.32749919928795 0.35939444668119 0.37423492337049 0.38068970091142 0.030654662650918 0.35948872581126 0.3952649549553 0.38837086604286 0.33767756943831 0.17215593503524 0.30985918886098 0.33196871918822 0.31322374107919 0.33196319277918 0.30022940190344 0.30169701907673 0.31355971635057 0.36443974090555 0.31380281902391 0.36996328379867 0.36142519509276 0.34787514699652 0.3362361856114 0.32061963544838 0.32340227219762 0 0.39556520983537 0.41143708875014 0.40698863462584 0.4006582596781 0.41371805793823 0.39736148119036 0.42834963847425"
General-4-20251226-15:29:07-112571,vector,AdhocNetwork1.host[15].app[1],e2eDelayPeriodicSec,,,"1 2 3 4 5 6 7 8 9 10 11 12 13 14 15 16 17 18 19 20 21 22 23 24 25 26 27 28 29 30 31 32 33 34 35 36 37 38 39 40 41 42 43 44 45 46 47 48 49 50","NaN NaN NaN NaN NaN NaN NaN NaN NaN NaN NaN NaN NaN NaN NaN NaN NaN NaN NaN NaN NaN NaN NaN NaN NaN NaN 15.941544042796 15.941544042796 15.941544042796 NaN NaN NaN NaN NaN NaN NaN NaN NaN NaN NaN NaN NaN NaN NaN NaN NaN NaN NaN NaN NaN"
General-4-20251226-15:29:07-112571,vector,AdhocNetwork1.host[15].rl,rlReward,,,"1 2 3 4 5 6 7 8 9 10 11 12 13 14 15 16 17 18 19 20 21 22 23 24 25 26 27 28 29 30 31 32 33 34 35 36 37 38 39 40 41 42 43 44 45 46 47 48 49 50","0.33333333333333 0 0 0.00031801359481076 0 0.0074982397804343 0.062478278108132 0.024483986391615 0.0084653214459386 0.010067194997589 0.37740465752683 0.15678314861867 0.31011201839636 0.34514262141531 0.35668109271963 0.32600030411078 0.30218044685721 0.35046221087445 0.36564772466452 0.15212493322546 -0.10555854436775 0.39577262261724 0.36198425407981 0.33180595905017 0.37751713127625 0.35080167926602 0.3629513754435 0.36853833017822 0.36440016541663 0.36458436550813 0.38997630881496 0.36452255121426 0.34317347964626 0.38166468964689 0.36121216957767 0.38006167779237 0.36233178174068 0.36807609782778 0.37251401116817 0.33835555395103 0.35291416583141 0.0062757805557563 0.37473196214003 0.3 0.34920885491706 0.36141447602519 0.3439458412372 0.3495560211471 0.3931800794446 0.31806866088514"
General-4-20251226-15:29:07-112571,vector,AdhocNetwork1.host[16].app[1],e2eDelayPeriodicSec,,,"1 2 3 4 5 6 7 8 9 10 11 12 13 14 15 16 17 18 19 20 21 22 23 24 25 26 27 28 29 30 31 32 33 34 35 36 37 38 39 40 41 42 43 44 45 46 47 48 49 50","NaN NaN NaN NaN NaN NaN NaN NaN NaN NaN NaN NaN NaN NaN NaN NaN NaN NaN NaN NaN NaN NaN NaN NaN NaN NaN NaN NaN NaN NaN NaN NaN NaN NaN NaN NaN NaN NaN NaN NaN NaN NaN NaN NaN NaN NaN NaN NaN NaN NaN"
General-4-20251226-15:29:07-112571,vector,AdhocNetwork1.host[16].rl,rlReward,,,"1 2 3 4 5 6 7 8 9 10 11 12 13 14 15 16 17 18 19 20 21 22 23 24 25 26 27 28 29 30 31 32 33 34 35 36 37 38 39 40 41 42 43 44 45 46 47 48 49 50","0.33333333333333 0 0 0.66823932724107 0.10410104030593 0.013604410236897 0.028039919195185 0.72663466478113 0.7352305654523 0.1 0.050395974950396 0.058804986504895 -0.60022180360972 -0.56363247179228 -0.61322362612608 -0.57917042563436 -0.62653180727518 -0.59966292046565 -0.58707193870537 -0.58389587946992 -0.63816067000142 0.088927198959387 0.056315759590627 0.35820172914268 0.34924430669351 0.35059977144387 0.32943431076608 0.39963668232334 0.38271899669217 0.34828558764807 0.32855639075096 0.3558623114766 0.37532145666805 0.35617313969495 0.37595316218177 0.33614306001759 0.080097254689786 0.35910495060934 0.3 0.36784167835475 0.3 0.32776313923868 0.30537353238395 0.34558910888478 0.31561968162886 0.33624390765984 0.3 0.23546183635456 0.37843730707614 0.3"
General-4-20251226-15:29:07-112571,vector,AdhocNetwork1.host[17].app[1],e2eDelayPeriodicSec,,,"1 2 3 4 5 6 7 8 9 10 11 12 13 14 15 16 17 18 19 20 21 22 23 24 25 26 27 28 29 30 31 32 33 34 35 36 37 38 39 40 41 42 43 44 45 46 47 48 49 50","NaN NaN NaN NaN NaN NaN NaN NaN NaN NaN NaN NaN NaN NaN NaN NaN NaN NaN NaN NaN NaN NaN NaN NaN NaN NaN NaN NaN NaN NaN NaN NaN NaN NaN NaN NaN NaN NaN NaN NaN NaN NaN NaN NaN NaN NaN NaN NaN NaN NaN"
General-4-20251226-15:29:07-112571,vector,AdhocNetwork1.host[17].rl,rlReward,,,"1 2 3 4 5 6 7 8 9 10 11 12 13 14 15 16 17 18 19 20 21 22 23 24 25 26 27 28 29 30 31 32 33 34 35 36 37 38 39 40 41 42 43 44 45 46 47 48 49 50","0.33333333333333 0 0.057678938674101 0.059602828241854 0.099567946446233 0.05483280251171 0.66666666666667 0.66526737190385 -0.16063771761811 -0.14923036246205 -0.081622094342993 -0.047736023787935 -0.10789780302256 -0.50138235123553 -0.60903930661033 -0.54911456773345 -0.60401953530438 -0.44430800750418 -0.50268509758921 -0.33855262403281 -0.44803398645442 0.38087153220428 0.078508373149463 0.36273246434566 0.35413866030761 0.39925279524957 0.39772827789736 0.39100479335857 0.37312346008826 0.36319807370562 0.12236791176703 -0.17104588340254 0.41342269756589 0.39415241214406 0.3669027358639 0.083475498787535 0.020972168704439 0.088195975002287 0.38828849930169 0.3523118916659 0.36934172306928 0.14223668044941 0.11780592286147 0.44414493511087 0.16341318160527 -0.0026950785728664 0.13481231770647 0.13051242983222 0.12748099279424 0.14341166105274"
General-4-20251226-15:29:07-112571,vector,AdhocNetwork1.host[18].app[1],e2eDelayPeriodicSec,,,"1 2 3 4 5 6 7 8 9 10 11 12 13 14 15 16 17 18 19 20 21 22 23 24 25 26 27 28 29 30 31 32 33 34 35 36 37 38 39 40 41 42 43 44 45 46 47 48 49 50","NaN NaN NaN NaN NaN NaN NaN NaN NaN NaN NaN NaN NaN NaN NaN NaN NaN NaN NaN NaN NaN NaN NaN NaN NaN NaN NaN NaN NaN NaN NaN NaN NaN NaN NaN NaN NaN NaN NaN NaN NaN NaN NaN NaN NaN NaN NaN NaN NaN NaN"
General-4-20251226-15:29:07-112571,vector,AdhocNetwork1.host[18].rl,rlReward,,,"1 2 3 4 5 6 7 8 9 10 11 12 13 14 15 16 17 18 19 20 21 22 23 24 25 26 27 28 29 30 31 32 33 34 35 36 37 38 39 40 41 42 43 44 45 46 47 48 49 50","0.33333333333333 0 0.060408487013031 0.11180331640314 0.13401287974984 0.051090722689229 0.025098262477226 0.09661268741732 0.11066384083911 0.1295351967554 0.067789334917192 0.40526356860547 0.081636550485931 0.1218635112285 0.04564661945523 0.10520997945071 0.10422039333966 0.14092489376054 0.12654133158701 0.24438888634294 0.26355214869478 0.26818169157667 0.21469077348251 0.25027909860787 0.28259353819176 0.23501952803837 0.28611875768832 0.2294266484526 0.24978319271807 0.31992100782711 0.24979064536719 0.24334697439673 0.26456673400871 0.26114151064808 0.30294599419081 0.21077478776623 0.30719061046831 0.22757611408085 0.25367156780546 0.25587584846498 0.25418491343441 0.09436805395901 0.24326130670232 0.24752317229615 0.20920063767496 0.23726866325231 0.26719741277771 0.28588093167806 0.069376120977248 0.19351896903369"
General-4-20251226-15:29:07-112571,vector,AdhocNetwork1.host[19].app[1],e2eDelayPeriodicSec,,,"1 2 3 4 5 6 7 8 9 10 11 12 13 14 15 16 17 18 19 20 21 22 23 24 25 26 27 28 29 30 31 32 33 34 35 36 37 38 39 40 41 42 43 44 45 46 47 48 49 50","NaN NaN NaN NaN NaN NaN NaN NaN NaN NaN NaN NaN NaN NaN NaN NaN NaN NaN NaN NaN NaN NaN NaN NaN NaN NaN NaN NaN NaN NaN NaN NaN NaN NaN NaN NaN NaN NaN NaN NaN NaN NaN NaN NaN NaN NaN NaN NaN NaN NaN"
General-4-20251226-15:29:07-112571,vector,AdhocNetwork1.host[19].rl,rlReward,,,"1 2 3 4 5 6 7 8 9 10 11 12 13 14 15 16 17 18 19 20 21 22 23 24 25 26 27 28 29 30 31 32 33 34 35 36 37 38 39 40 41 42 43 44 45 46 47 48 49 50","0.33333333333333 0.3 0.052272494999913 0.061649682263255 0.069055595021094 0.068657718434742 0.06455413938822 0.11579191806933 0 0.064539481741251 0.075462486476673 0.045388543220206 0.076021592523822 0.061493357385791 0.3193709865011 0.3110489361401 0.30527785809363 0.077870373880717 0.36836764098259 -0.2 0.077934770345852 0.1118541912531 0.3 0.41442590297236 0.35212811755966 0.37193898102285 0.40116151945444 0.37849510357682 0.35702850592031 0.42573282698836 0.42030881365425 0.83410632541434 0.75765655368824 0.73709345878158 0.8329716825496 0.41558907772731 0.36475128707253 -0.062852856821867 0.72617694162188 0.81853880179732 0.32418954065139 0.3798355207461 0.38899703680805 0.8144143308504 0.76801471276403 0.41622449543983 -0.62547471721599 -0.68615788736378 -0.62509308189995 -0.68845570864976"
General-4-20251226-15:29:07-112571,vector,AdhocNetwork1.host[20].app[1],e2eDelayPeriodicSec,,,"1 2 3 4 5 6 7 8 9 10 11 12 13 14 15 16 17 18 19 20 21 22 23 24 25 26 27 28 29 30 31 32 33 34 35 36 37 38 39 40 41 42 43 44 45 46 47 48 49 50","NaN NaN NaN NaN NaN NaN NaN NaN NaN NaN NaN NaN NaN NaN NaN NaN NaN NaN NaN NaN NaN NaN NaN NaN NaN NaN NaN NaN NaN NaN NaN NaN NaN NaN NaN NaN NaN NaN NaN NaN NaN NaN NaN NaN NaN NaN NaN NaN NaN NaN"
General-4-20251226-15:29:07-112571,vector,AdhocNetwork1.host[20].rl,rlReward,,,"1 2 3 4 5 6 7 8 9 10 11 12 13 14 15 16 17 18 19 20 21 22 23 24 25 26 27 28 29 30 31 32 33 34 35 36 37 38 39 40 41 42 43 44 45 46 47 48 49 50","0.33333333333333 0 0 0.021690999484784 0.33351611196863 0.19622089854612 0.026075945686549 0.032052155678796 0.067111383128095 0.3 0.30971722601088 0.36053007815284 0.3059910204957 0.33432842466218 0.34087183640387 0.31039514784616 0.35290942110642 0.33750362226041 0.32268514623364 0.33849746595098 0.034365199277038 0.34887414440228 0.37449164005968 0.33378759845235 0.089193620809412 0.042856372354556 0.3575535310161 0.36470386142622 0.34546734540979 0.33708446600433 0.32202070454997 0.30928126122122 0.36540337367637 0.34427892647084 0.3 0.34295399246087 0.35150887365172 0.31645689285365 0.36127044482296 0.37830703394776 0.36441261004674 0.38475260586748 0.3653433380998 0.36283629732422 0.36354098488133 0.35011754945397 0.37121158983489 0.3 0.3895468745558 0.38786280227784"
General-4-20251226-15:29:07-112571,vector,AdhocNetwork1.host[21].app[1],e2eDelayPeriodicSec,,,"1 2 3 4 5 6 7 8 9 10 11 12 13 14 15 16 17 18 19 20 21 22 23 24 25 26 27 28 29 30 31 32 33 34 35 36 37 38 39 40 41 42 43 44 45 46 47 48 49 50","NaN 0 0 0 NaN 0 0 0 NaN 0 0 0 NaN 0 0 0 NaN 0 0 0 0 0 0 NaN 0 0 0 NaN 0 0 0 NaN 0 0 0 NaN 0 0 0 NaN 0 0 0 0 0 0 NaN 0 0 0"
General-4-20251226-15:29:07-112571,vector,AdhocNetwork1.host[21].rl,rlReward,,,"1 2 3 4 5 6 7 8 9 10 11 12 13 14 15 16 17 18 19 20 21 22 23 24 25 26 27 28 29 30 31 32 33 34 35 36 37 38 39 40 41 42 43 44 45 46 47 48 49 50","0.33333333333333 0 0.077879940864369 0.36051586898941 0.36299037914716 0.3234249737743 0.037379769968992 0.34587152983726 0.35611197169275 0.34914890965853 0.36431928137811 0.35313792601411 0.34924735066721 0.31632388448255 0.35082434992273 0.04148780528811 0.30555304280057 0.3 0 0.1220763457938 0.39464001635904 0.41178169378528 0.39643735128592 0.35490498254194 0.36758430723983 0.41264501003624 0.37093556111775 0.39607310288272 0.40605005229858 0.32975230504067 0.30117933759956 0.37948945437757 0.31163654047909 0.3446166909753 0.36008229910222 0.33183267457177 0.352761478829 0.40818790754891 0.36402290639064 0.38942035817223 0.41022132547573 0.34481328758403 0.42228431038291 0.37693634637705 0.23084296868584 0.075276660020766 0.43166825034244 0.36527051447366 0.41581877544302 0.4070182447514"
General-4-20251226-15:29:07-112571,vector,AdhocNetwork1.host[22].app[1],e2eDelayPeriodicSec,,,"1 2 3 4 5 6 7 8 9 10 11 12 13 14 15 16 17 18 19 20 21 22 23 24 25 26 27 28 29 30 31 32 33 34 35 36 37 38 39 40 41 42 43 44 45 46 47 48 49 50","NaN NaN NaN NaN NaN 0.608538331 0.608538331 0.608538331 NaN NaN NaN NaN NaN NaN NaN NaN 3.166361312441 3.166361312441 3.166361312441 NaN NaN NaN NaN NaN NaN NaN NaN NaN NaN NaN 9.23591061497 9.23591061497 9.23591061497 NaN NaN 0.487560780017 0.487560780017 0.487560780017 NaN NaN NaN NaN NaN NaN NaN NaN NaN NaN NaN NaN"
General-4-20251226-15:29:07-112571,vector,AdhocNetwork1.host[22].rl,rlReward,,,"1 2 3 4 5 6 7 8 9 10 11 12 13 14 15 16 17 18 19 20 21 22 23 24 25 26 27 28 29 30 31 32 33 34 35 36 37 38 39 40 41 42 43 44 45 46 47 48 49 50","0.33333333333333 0 0 0 0.034989875578987 0.22871660617934 0.0049754510750717 0.028511663933072 0.066980328885992 0.031229841293067 0.10462843256964 0.30178830592357 0.27494617845474 0.17974666100269 0.22236858455293 0.21646523293201 0.25580131802338 0.22319920718994 0.1945286420822 0.24658506216245 0.30762391741934 0.21134278090104 0.22115314053963 0.16183620392439 0.16612016338829 0.1713558856124 0.12972349260656 0.27741339977292 0.17962534023963 0.24086363564324 0.23133467261834 0.17509656788741 0.30344137322901 0.24155325982154 0.18668702082046 0.22301318890786 0.34735297243258 0.23603358056126 0.21957094200329 0.16559129689232 0.2066976555672 0.27754781586375 0.11989723768651 0.10552957924418 0.22646985492764 0.060360017709956 0.18502071567967 -0.55024079962505 -0.31673308023834 -0.47750081332041"
General-4-20251226-15:29:07-112571,vector,AdhocNetwork1.host[23].app[1],e2eDelayPeriodicSec,,,"1 2 3 4 5 6 7 8 9 10 11 12 13 14 15 16 17 18 19 20 21 22 23 24 25 26 27 28 29 30 31 32 33 34 35 36 37 38 39 40 41 42 43 44 45 46 47 48 49 50","NaN NaN NaN NaN NaN NaN NaN NaN NaN NaN NaN NaN NaN NaN NaN NaN NaN NaN NaN NaN NaN NaN NaN NaN NaN NaN NaN NaN NaN NaN NaN NaN NaN NaN NaN NaN NaN NaN NaN NaN NaN NaN NaN NaN NaN NaN NaN NaN NaN NaN"
General-4-20251226-15:29:07-112571,vector,AdhocNetwork1.host[23].rl,rlReward,,,"1 2 3 4 5 6 7 8 9 10 11 12 13 14 15 16 17 18 19 20 21 22 23 24 25 26 27 28 29 30 31 32 33 34 35 36 37 38 39 40 41 42 43 44 45 46 47 48 49 50","0.33333333333333 0 0.013032001602587 0.082982242300536 0.099785696579137 0.051765804557475 0.093647422913548 0.11435911088573 0.074486990776249 0.070507080650773 0.052571450074055 0.085079226829243 0.055359993590325 0.40904622643279 0.37127497602543 0.35887420119997 0.35095506557462 0.38510022852166 0.33948519387939 0.37840157146468 0.41162566585129 0.30523501112264 0.33623132050433 0.37743479311604 0.36219472457642 0.3 0.39054163465223 0.35050396209136 0.39936807667386 0.37520920952713 0.37853716910478 0.34659225031836 0.37403271141898 0.39881778458997 0.32414550231289 0.37309577006494 0.38646049672045 0.36037707512254 0.31279360543474 0.41014440284433 0.37109564523345 0.3441523570757 0.32781153598817 0.36996782585911 0.35218165845215 0.30964853083677 0.36489750326025 0.39210688811394 0.38132164069188 0.38750903840841"
General-4-20251226-15:29:07-112571,vector,AdhocNetwork1.host[24].app[1],e2eDelayPeriodicSec,,,"1 2 3 4 5 6 7 8 9 10 11 12 13 14 15 16 17 18 19 20 21 22 23 24 25 26 27 28 29 30 31 32 33 34 35 36 37 38 39 40 41 42 43 44 45 46 47 48 49 50","NaN NaN NaN NaN NaN NaN NaN NaN NaN NaN NaN NaN NaN NaN NaN 11.408031040768 11.408031040768 11.408031040768 NaN NaN NaN NaN NaN NaN NaN NaN NaN NaN NaN NaN NaN NaN NaN NaN NaN NaN NaN NaN NaN NaN NaN NaN NaN NaN NaN NaN NaN NaN NaN NaN"
General-4-20251226-15:29:07-112571,vector,AdhocNetwork1.host[24].rl,rlReward,,,"1 2 3 4 5 6 7 8 9 10 11 12 13 14 15 16 17 18 19 20 21 22 23 24 25 26 27 28 29 30 31 32 33 34 35 36 37 38 39 40 41 42 43 44 45 46 47 48 49 50","0.33333333333333 0 0 0 0 0.32704660408684 0.065102302898675 0.018999734201324 0.3 0.36007255012605 0.044918820835984 0.32143537321233 0.32318542583722 0.31866169589799 0.31697963727496 0.34164724514499 0.32747758623109 0.33315427366966 0.30153688996886 0.3 0.094455760192395 0.37362833290718 0.3 0.40615895155185 0.3149893164487 0.31591095534226 0.30050933836855 0.30279473830468 0.34108539071523 0.3 0.42545807273233 0.42710307866474 0.34672656744635 0.357626250929 0.40765829363126 0.45173539855817 0.43600566027091 0.44371332574563 0.40413153070532 0.42826470613616 0.41469524814476 0.39674207460409 0.44039362228388 0.43183241578162 0.42969544157396 0.45071338538926 0.41705934892205 0.41602951349165 -0.028706396295505 0.38164374660641"
