run,type,module,name,attrname,attrvalue,vectime,vecvalue
General-1-20251226-13:57:32-67455,runattr,,,configname,General,,
General-1-20251226-13:57:32-67455,runattr,,,datetime,20251226-13:57:32,,
General-1-20251226-13:57:32-67455,runattr,,,datetimef,20251226-135732,,
General-1-20251226-13:57:32-67455,runattr,,,experiment,General,,
General-1-20251226-13:57:32-67455,runattr,,,inifile,omnetpp.ini,,
General-1-20251226-13:57:32-67455,runattr,,,iterationvars,,,
General-1-20251226-13:57:32-67455,runattr,,,iterationvarsd,,,
General-1-20251226-13:57:32-67455,runattr,,,iterationvarsf,,,
General-1-20251226-13:57:32-67455,runattr,,,measurement,,,
General-1-20251226-13:57:32-67455,runattr,,,network,src.AdhocNetwork1,,
General-1-20251226-13:57:32-67455,runattr,,,processid,67455,,
General-1-20251226-13:57:32-67455,runattr,,,repetition,1,,
General-1-20251226-13:57:32-67455,runattr,,,replication,#1,,
General-1-20251226-13:57:32-67455,runattr,,,resultdir,results,,
General-1-20251226-13:57:32-67455,runattr,,,runnumber,1,,
General-1-20251226-13:57:32-67455,runattr,,,seedset,1,,
General-1-20251226-13:57:32-67455,config,,,image-path,../../../inet4.5/images,,
General-1-20251226-13:57:32-67455,config,,,repeat,5,,
General-1-20251226-13:57:32-67455,config,,,network,src.AdhocNetwork1,,
General-1-20251226-13:57:32-67455,config,,,sim-time-limit,40s,,
General-1-20251226-13:57:32-67455,config,,,*.host[*].ipv4.arp.typename,GlobalArp,,
General-1-20251226-13:57:32-67455,config,,,*.host[*].numApps,3,,
General-1-20251226-13:57:32-67455,config,,,*.host[*].app[0].typename,src.cluster.ClusterApp,,
General-1-20251226-13:57:32-67455,config,,,*.host[*].app[0].localPort,4000,,
General-1-20251226-13:57:32-67455,config,,,*.host[*].app[0].destPort,4000,,
General-1-20251226-13:57:32-67455,config,,,*.host[*].app[0].helloInterval,1s,,
General-1-20251226-13:57:32-67455,config,,,*.host[*].app[0].cfInterval,3s,,
General-1-20251226-13:57:32-67455,config,,,*.host[*].app[0].hldTimeThreshold,1s,,
General-1-20251226-13:57:32-67455,config,,,*.host[*].app[0].maxTrials,3,,
General-1-20251226-13:57:32-67455,config,,,*.host[*].app[0].requestTimeout,1s,,
General-1-20251226-13:57:32-67455,config,,,*.host[*].app[0].maxClusterSize,10,,
General-1-20251226-13:57:32-67455,config,,,*.host[*].app[1].typename,src.tcp.RecordingTcpClientApp,,
General-1-20251226-13:57:32-67455,config,,,*.host[*].app[1].delaySamplePeriod,1s,,
General-1-20251226-13:57:32-67455,config,,,*.host[*].app[1].delayStaleWindow,3s,,
General-1-20251226-13:57:32-67455,config,,,*.host[*].app[1].targetChangePeriod,5s,,
General-1-20251226-13:57:32-67455,config,,,*.host[*].app[1].connectPort,1000,,
General-1-20251226-13:57:32-67455,config,,,*.host[*].app[1].tOpen,2s,,
General-1-20251226-13:57:32-67455,config,,,*.host[*].app[1].tSend,4s,,
General-1-20251226-13:57:32-67455,config,,,*.host[*].app[1].thinkTime,0.3s,,
General-1-20251226-13:57:32-67455,config,,,*.host[*].app[1].idleInterval,5s,,
General-1-20251226-13:57:32-67455,config,,,*.host[*].app[1].sendBytes,200B,,
General-1-20251226-13:57:32-67455,config,,,*.host[*].app[1].sendInterval,1s,,
General-1-20251226-13:57:32-67455,config,,,*.host[*].app[1].connectAddress,"""host["" + string((index + intuniform(1,24)) % 25) + ""]""",,
General-1-20251226-13:57:32-67455,config,,,*.host[*].app[2].typename,TcpEchoApp,,
General-1-20251226-13:57:32-67455,config,,,*.host[*].app[2].localPort,1000,,
General-1-20251226-13:57:32-67455,config,,,*.host[*].typename,RouterWithMetrics,,
General-1-20251226-13:57:32-67455,config,,,**.metrics.samplePeriod,0.5s,,
General-1-20251226-13:57:32-67455,config,,,**.metrics.recordPerUtility,true,,
General-1-20251226-13:57:32-67455,config,,,*.host[*].wlan[0].typename,WirelessInterface,,
General-1-20251226-13:57:32-67455,config,,,*.host[*].wlan[0].radio.transmitter.communicationRange,350m,,
General-1-20251226-13:57:32-67455,config,,,*.host[*].wlan[0].radio.receiver.ignoreInterference,false,,
General-1-20251226-13:57:32-67455,config,,,*.host[*].wlan[0].radio.transmitter.interferenceRange,400m,,
General-1-20251226-13:57:32-67455,config,,,*.host[*].wlan[0].radio.typename,UnitDiskRadio,,
General-1-20251226-13:57:32-67455,config,,,*.host[*].wlan[0].mac.typename,CsmaCaMac,,
General-1-20251226-13:57:32-67455,config,,,*.host[*].wlan[0].mac.ackTimeout,300us,,
General-1-20251226-13:57:32-67455,config,,,*.host[*].wlan[0].mac.useAck,true,,
General-1-20251226-13:57:32-67455,config,,,*.host[*].wlan[0].mac.fullDuplex,false,,
General-1-20251226-13:57:32-67455,config,,,*.host[*].wlan[0].mac.headerLength,23B,,
General-1-20251226-13:57:32-67455,config,,,*.host[*].mobility.typename,CircleMobility,,
General-1-20251226-13:57:32-67455,config,,,*.host[*].mobility.cx,625m,,
General-1-20251226-13:57:32-67455,config,,,*.host[*].mobility.cy,625m,,
General-1-20251226-13:57:32-67455,config,,,*.host[*].mobility.r,(parentIndex() % 2 == 0) ? 500m : 250m,,
General-1-20251226-13:57:32-67455,config,,,*.host[*].mobility.startAngle,"(parentIndex() % 2 == 0)
      ? (360deg * int(parentIndex() / 2) / int((25 + 1) / 2))
      : (360deg * int(parentIndex() / 2) / int(25 / 2))",,
General-1-20251226-13:57:32-67455,config,,,*.host[*].mobility.speed,10mps,,
General-1-20251226-13:57:32-67455,config,,,*.host[*].wlan[0].queue.typename,DropTailQueue,,
General-1-20251226-13:57:32-67455,config,,,*.host[*].wlan[0].queue.packetCapacity,10,,
General-1-20251226-13:57:32-67455,config,,,*.host[*].hasStatus,true,,
General-1-20251226-13:57:32-67455,config,,,*.host[*].wlan[0].radio.energyConsumer.typename,StateBasedEpEnergyConsumer,,
General-1-20251226-13:57:32-67455,config,,,*.host[*].wlan[0].radio.energyConsumer.offPowerConsumption,0mW,,
General-1-20251226-13:57:32-67455,config,,,*.host[*].wlan[0].radio.energyConsumer.sleepPowerConsumption,1mW,,
General-1-20251226-13:57:32-67455,config,,,*.host[*].wlan[0].radio.energyConsumer.switchingPowerConsumption,1mW,,
General-1-20251226-13:57:32-67455,config,,,*.host[*].wlan[0].radio.energyConsumer.receiverIdlePowerConsumption,2mW,,
General-1-20251226-13:57:32-67455,config,,,*.host[*].wlan[0].radio.energyConsumer.receiverBusyPowerConsumption,5mW,,
General-1-20251226-13:57:32-67455,config,,,*.host[*].wlan[0].radio.energyConsumer.receiverReceivingPowerConsumption,10mW,,
General-1-20251226-13:57:32-67455,config,,,*.host[*].wlan[0].radio.energyConsumer.transmitterIdlePowerConsumption,2mW,,
General-1-20251226-13:57:32-67455,config,,,*.host[*].wlan[0].radio.energyConsumer.transmitterTransmittingPowerConsumption,100mW,,
General-1-20251226-13:57:32-67455,config,,,*.host[*].energyStorage.typename,SimpleEpEnergyStorage,,
General-1-20251226-13:57:32-67455,config,,,*.host[*].energyStorage.nominalCapacity,2J,,
General-1-20251226-13:57:32-67455,config,,,*.host[*].energyStorage.initialCapacity,2J,,
General-1-20251226-13:57:32-67455,config,,,*.host[*].energyManagement.typename,SimpleEpEnergyManagement,,
General-1-20251226-13:57:32-67455,config,,,*.host[*].energyManagement.nodeStartCapacity,0.0001J,,
General-1-20251226-13:57:32-67455,config,,,*.host[*].energyManagement.nodeShutdownCapacity,0.0001J,,
General-1-20251226-13:57:32-67455,config,,,*.host[*].**.bitrate,1Mbps,,
General-1-20251226-13:57:32-67455,config,,,*.host[*].forwarding,true,,
General-1-20251226-13:57:32-67455,config,,,*.host[*].mobility.constraintAreaMinX,0m,,
General-1-20251226-13:57:32-67455,config,,,*.host[*].mobility.constraintAreaMinY,0m,,
General-1-20251226-13:57:32-67455,config,,,*.host[*].mobility.constraintAreaMinZ,0m,,
General-1-20251226-13:57:32-67455,config,,,*.host[*].mobility.constraintAreaMaxX,1250m,,
General-1-20251226-13:57:32-67455,config,,,*.host[*].mobility.constraintAreaMaxY,1250m,,
General-1-20251226-13:57:32-67455,config,,,*.host[*].mobility.constraintAreaMaxZ,0m,,
General-1-20251226-13:57:32-67455,config,,,*.host[*].mobility.initialX,"uniform(100m, 1150m)",,
General-1-20251226-13:57:32-67455,config,,,*.host[*].mobility.initialY,"uniform(100m, 1150m)",,
General-1-20251226-13:57:32-67455,config,,,*.host[*].wlan[0].radio.displayCommunicationRange,true,,
General-1-20251226-13:57:32-67455,config,,,*.configurator.config,"xml(""<config><interface hosts='**' address='10.0.0.x' netmask='255.255.255.0'/></config>"")",,
General-1-20251226-13:57:32-67455,config,,,*.configurator.addDefaultRoutes,false,,
General-1-20251226-13:57:32-67455,config,,,*.configurator.addStaticRoutes,false,,
General-1-20251226-13:57:32-67455,config,,,*.configurator.optimizeRoutes,false,,
General-1-20251226-13:57:32-67455,config,,,*.host*.ipv4.routingTable.netmaskRoutes,"""""",,
General-1-20251226-13:57:32-67455,config,,,*.linkVisualizer.*.displayLinks,false,,
General-3-20251226-13:57:32-67458,runattr,,,configname,General,,
General-3-20251226-13:57:32-67458,runattr,,,datetime,20251226-13:57:32,,
General-3-20251226-13:57:32-67458,runattr,,,datetimef,20251226-135732,,
General-3-20251226-13:57:32-67458,runattr,,,experiment,General,,
General-3-20251226-13:57:32-67458,runattr,,,inifile,omnetpp.ini,,
General-3-20251226-13:57:32-67458,runattr,,,iterationvars,,,
General-3-20251226-13:57:32-67458,runattr,,,iterationvarsd,,,
General-3-20251226-13:57:32-67458,runattr,,,iterationvarsf,,,
General-3-20251226-13:57:32-67458,runattr,,,measurement,,,
General-3-20251226-13:57:32-67458,runattr,,,network,src.AdhocNetwork1,,
General-3-20251226-13:57:32-67458,runattr,,,processid,67458,,
General-3-20251226-13:57:32-67458,runattr,,,repetition,3,,
General-3-20251226-13:57:32-67458,runattr,,,replication,#3,,
General-3-20251226-13:57:32-67458,runattr,,,resultdir,results,,
General-3-20251226-13:57:32-67458,runattr,,,runnumber,3,,
General-3-20251226-13:57:32-67458,runattr,,,seedset,3,,
General-3-20251226-13:57:32-67458,config,,,image-path,../../../inet4.5/images,,
General-3-20251226-13:57:32-67458,config,,,repeat,5,,
General-3-20251226-13:57:32-67458,config,,,network,src.AdhocNetwork1,,
General-3-20251226-13:57:32-67458,config,,,sim-time-limit,40s,,
General-3-20251226-13:57:32-67458,config,,,*.host[*].ipv4.arp.typename,GlobalArp,,
General-3-20251226-13:57:32-67458,config,,,*.host[*].numApps,3,,
General-3-20251226-13:57:32-67458,config,,,*.host[*].app[0].typename,src.cluster.ClusterApp,,
General-3-20251226-13:57:32-67458,config,,,*.host[*].app[0].localPort,4000,,
General-3-20251226-13:57:32-67458,config,,,*.host[*].app[0].destPort,4000,,
General-3-20251226-13:57:32-67458,config,,,*.host[*].app[0].helloInterval,1s,,
General-3-20251226-13:57:32-67458,config,,,*.host[*].app[0].cfInterval,3s,,
General-3-20251226-13:57:32-67458,config,,,*.host[*].app[0].hldTimeThreshold,1s,,
General-3-20251226-13:57:32-67458,config,,,*.host[*].app[0].maxTrials,3,,
General-3-20251226-13:57:32-67458,config,,,*.host[*].app[0].requestTimeout,1s,,
General-3-20251226-13:57:32-67458,config,,,*.host[*].app[0].maxClusterSize,10,,
General-3-20251226-13:57:32-67458,config,,,*.host[*].app[1].typename,src.tcp.RecordingTcpClientApp,,
General-3-20251226-13:57:32-67458,config,,,*.host[*].app[1].delaySamplePeriod,1s,,
General-3-20251226-13:57:32-67458,config,,,*.host[*].app[1].delayStaleWindow,3s,,
General-3-20251226-13:57:32-67458,config,,,*.host[*].app[1].targetChangePeriod,5s,,
General-3-20251226-13:57:32-67458,config,,,*.host[*].app[1].connectPort,1000,,
General-3-20251226-13:57:32-67458,config,,,*.host[*].app[1].tOpen,2s,,
General-3-20251226-13:57:32-67458,config,,,*.host[*].app[1].tSend,4s,,
General-3-20251226-13:57:32-67458,config,,,*.host[*].app[1].thinkTime,0.3s,,
General-3-20251226-13:57:32-67458,config,,,*.host[*].app[1].idleInterval,5s,,
General-3-20251226-13:57:32-67458,config,,,*.host[*].app[1].sendBytes,200B,,
General-3-20251226-13:57:32-67458,config,,,*.host[*].app[1].sendInterval,1s,,
General-3-20251226-13:57:32-67458,config,,,*.host[*].app[1].connectAddress,"""host["" + string((index + intuniform(1,24)) % 25) + ""]""",,
General-3-20251226-13:57:32-67458,config,,,*.host[*].app[2].typename,TcpEchoApp,,
General-3-20251226-13:57:32-67458,config,,,*.host[*].app[2].localPort,1000,,
General-3-20251226-13:57:32-67458,config,,,*.host[*].typename,RouterWithMetrics,,
General-3-20251226-13:57:32-67458,config,,,**.metrics.samplePeriod,0.5s,,
General-3-20251226-13:57:32-67458,config,,,**.metrics.recordPerUtility,true,,
General-3-20251226-13:57:32-67458,config,,,*.host[*].wlan[0].typename,WirelessInterface,,
General-3-20251226-13:57:32-67458,config,,,*.host[*].wlan[0].radio.transmitter.communicationRange,350m,,
General-3-20251226-13:57:32-67458,config,,,*.host[*].wlan[0].radio.receiver.ignoreInterference,false,,
General-3-20251226-13:57:32-67458,config,,,*.host[*].wlan[0].radio.transmitter.interferenceRange,400m,,
General-3-20251226-13:57:32-67458,config,,,*.host[*].wlan[0].radio.typename,UnitDiskRadio,,
General-3-20251226-13:57:32-67458,config,,,*.host[*].wlan[0].mac.typename,CsmaCaMac,,
General-3-20251226-13:57:32-67458,config,,,*.host[*].wlan[0].mac.ackTimeout,300us,,
General-3-20251226-13:57:32-67458,config,,,*.host[*].wlan[0].mac.useAck,true,,
General-3-20251226-13:57:32-67458,config,,,*.host[*].wlan[0].mac.fullDuplex,false,,
General-3-20251226-13:57:32-67458,config,,,*.host[*].wlan[0].mac.headerLength,23B,,
General-3-20251226-13:57:32-67458,config,,,*.host[*].mobility.typename,CircleMobility,,
General-3-20251226-13:57:32-67458,config,,,*.host[*].mobility.cx,625m,,
General-3-20251226-13:57:32-67458,config,,,*.host[*].mobility.cy,625m,,
General-3-20251226-13:57:32-67458,config,,,*.host[*].mobility.r,(parentIndex() % 2 == 0) ? 500m : 250m,,
General-3-20251226-13:57:32-67458,config,,,*.host[*].mobility.startAngle,"(parentIndex() % 2 == 0)
      ? (360deg * int(parentIndex() / 2) / int((25 + 1) / 2))
      : (360deg * int(parentIndex() / 2) / int(25 / 2))",,
General-3-20251226-13:57:32-67458,config,,,*.host[*].mobility.speed,10mps,,
General-3-20251226-13:57:32-67458,config,,,*.host[*].wlan[0].queue.typename,DropTailQueue,,
General-3-20251226-13:57:32-67458,config,,,*.host[*].wlan[0].queue.packetCapacity,10,,
General-3-20251226-13:57:32-67458,config,,,*.host[*].hasStatus,true,,
General-3-20251226-13:57:32-67458,config,,,*.host[*].wlan[0].radio.energyConsumer.typename,StateBasedEpEnergyConsumer,,
General-3-20251226-13:57:32-67458,config,,,*.host[*].wlan[0].radio.energyConsumer.offPowerConsumption,0mW,,
General-3-20251226-13:57:32-67458,config,,,*.host[*].wlan[0].radio.energyConsumer.sleepPowerConsumption,1mW,,
General-3-20251226-13:57:32-67458,config,,,*.host[*].wlan[0].radio.energyConsumer.switchingPowerConsumption,1mW,,
General-3-20251226-13:57:32-67458,config,,,*.host[*].wlan[0].radio.energyConsumer.receiverIdlePowerConsumption,2mW,,
General-3-20251226-13:57:32-67458,config,,,*.host[*].wlan[0].radio.energyConsumer.receiverBusyPowerConsumption,5mW,,
General-3-20251226-13:57:32-67458,config,,,*.host[*].wlan[0].radio.energyConsumer.receiverReceivingPowerConsumption,10mW,,
General-3-20251226-13:57:32-67458,config,,,*.host[*].wlan[0].radio.energyConsumer.transmitterIdlePowerConsumption,2mW,,
General-3-20251226-13:57:32-67458,config,,,*.host[*].wlan[0].radio.energyConsumer.transmitterTransmittingPowerConsumption,100mW,,
General-3-20251226-13:57:32-67458,config,,,*.host[*].energyStorage.typename,SimpleEpEnergyStorage,,
General-3-20251226-13:57:32-67458,config,,,*.host[*].energyStorage.nominalCapacity,2J,,
General-3-20251226-13:57:32-67458,config,,,*.host[*].energyStorage.initialCapacity,2J,,
General-3-20251226-13:57:32-67458,config,,,*.host[*].energyManagement.typename,SimpleEpEnergyManagement,,
General-3-20251226-13:57:32-67458,config,,,*.host[*].energyManagement.nodeStartCapacity,0.0001J,,
General-3-20251226-13:57:32-67458,config,,,*.host[*].energyManagement.nodeShutdownCapacity,0.0001J,,
General-3-20251226-13:57:32-67458,config,,,*.host[*].**.bitrate,1Mbps,,
General-3-20251226-13:57:32-67458,config,,,*.host[*].forwarding,true,,
General-3-20251226-13:57:32-67458,config,,,*.host[*].mobility.constraintAreaMinX,0m,,
General-3-20251226-13:57:32-67458,config,,,*.host[*].mobility.constraintAreaMinY,0m,,
General-3-20251226-13:57:32-67458,config,,,*.host[*].mobility.constraintAreaMinZ,0m,,
General-3-20251226-13:57:32-67458,config,,,*.host[*].mobility.constraintAreaMaxX,1250m,,
General-3-20251226-13:57:32-67458,config,,,*.host[*].mobility.constraintAreaMaxY,1250m,,
General-3-20251226-13:57:32-67458,config,,,*.host[*].mobility.constraintAreaMaxZ,0m,,
General-3-20251226-13:57:32-67458,config,,,*.host[*].mobility.initialX,"uniform(100m, 1150m)",,
General-3-20251226-13:57:32-67458,config,,,*.host[*].mobility.initialY,"uniform(100m, 1150m)",,
General-3-20251226-13:57:32-67458,config,,,*.host[*].wlan[0].radio.displayCommunicationRange,true,,
General-3-20251226-13:57:32-67458,config,,,*.configurator.config,"xml(""<config><interface hosts='**' address='10.0.0.x' netmask='255.255.255.0'/></config>"")",,
General-3-20251226-13:57:32-67458,config,,,*.configurator.addDefaultRoutes,false,,
General-3-20251226-13:57:32-67458,config,,,*.configurator.addStaticRoutes,false,,
General-3-20251226-13:57:32-67458,config,,,*.configurator.optimizeRoutes,false,,
General-3-20251226-13:57:32-67458,config,,,*.host*.ipv4.routingTable.netmaskRoutes,"""""",,
General-3-20251226-13:57:32-67458,config,,,*.linkVisualizer.*.displayLinks,false,,
General-4-20251226-13:57:32-67459,runattr,,,configname,General,,
General-4-20251226-13:57:32-67459,runattr,,,datetime,20251226-13:57:32,,
General-4-20251226-13:57:32-67459,runattr,,,datetimef,20251226-135732,,
General-4-20251226-13:57:32-67459,runattr,,,experiment,General,,
General-4-20251226-13:57:32-67459,runattr,,,inifile,omnetpp.ini,,
General-4-20251226-13:57:32-67459,runattr,,,iterationvars,,,
General-4-20251226-13:57:32-67459,runattr,,,iterationvarsd,,,
General-4-20251226-13:57:32-67459,runattr,,,iterationvarsf,,,
General-4-20251226-13:57:32-67459,runattr,,,measurement,,,
General-4-20251226-13:57:32-67459,runattr,,,network,src.AdhocNetwork1,,
General-4-20251226-13:57:32-67459,runattr,,,processid,67459,,
General-4-20251226-13:57:32-67459,runattr,,,repetition,4,,
General-4-20251226-13:57:32-67459,runattr,,,replication,#4,,
General-4-20251226-13:57:32-67459,runattr,,,resultdir,results,,
General-4-20251226-13:57:32-67459,runattr,,,runnumber,4,,
General-4-20251226-13:57:32-67459,runattr,,,seedset,4,,
General-4-20251226-13:57:32-67459,config,,,image-path,../../../inet4.5/images,,
General-4-20251226-13:57:32-67459,config,,,repeat,5,,
General-4-20251226-13:57:32-67459,config,,,network,src.AdhocNetwork1,,
General-4-20251226-13:57:32-67459,config,,,sim-time-limit,40s,,
General-4-20251226-13:57:32-67459,config,,,*.host[*].ipv4.arp.typename,GlobalArp,,
General-4-20251226-13:57:32-67459,config,,,*.host[*].numApps,3,,
General-4-20251226-13:57:32-67459,config,,,*.host[*].app[0].typename,src.cluster.ClusterApp,,
General-4-20251226-13:57:32-67459,config,,,*.host[*].app[0].localPort,4000,,
General-4-20251226-13:57:32-67459,config,,,*.host[*].app[0].destPort,4000,,
General-4-20251226-13:57:32-67459,config,,,*.host[*].app[0].helloInterval,1s,,
General-4-20251226-13:57:32-67459,config,,,*.host[*].app[0].cfInterval,3s,,
General-4-20251226-13:57:32-67459,config,,,*.host[*].app[0].hldTimeThreshold,1s,,
General-4-20251226-13:57:32-67459,config,,,*.host[*].app[0].maxTrials,3,,
General-4-20251226-13:57:32-67459,config,,,*.host[*].app[0].requestTimeout,1s,,
General-4-20251226-13:57:32-67459,config,,,*.host[*].app[0].maxClusterSize,10,,
General-4-20251226-13:57:32-67459,config,,,*.host[*].app[1].typename,src.tcp.RecordingTcpClientApp,,
General-4-20251226-13:57:32-67459,config,,,*.host[*].app[1].delaySamplePeriod,1s,,
General-4-20251226-13:57:32-67459,config,,,*.host[*].app[1].delayStaleWindow,3s,,
General-4-20251226-13:57:32-67459,config,,,*.host[*].app[1].targetChangePeriod,5s,,
General-4-20251226-13:57:32-67459,config,,,*.host[*].app[1].connectPort,1000,,
General-4-20251226-13:57:32-67459,config,,,*.host[*].app[1].tOpen,2s,,
General-4-20251226-13:57:32-67459,config,,,*.host[*].app[1].tSend,4s,,
General-4-20251226-13:57:32-67459,config,,,*.host[*].app[1].thinkTime,0.3s,,
General-4-20251226-13:57:32-67459,config,,,*.host[*].app[1].idleInterval,5s,,
General-4-20251226-13:57:32-67459,config,,,*.host[*].app[1].sendBytes,200B,,
General-4-20251226-13:57:32-67459,config,,,*.host[*].app[1].sendInterval,1s,,
General-4-20251226-13:57:32-67459,config,,,*.host[*].app[1].connectAddress,"""host["" + string((index + intuniform(1,24)) % 25) + ""]""",,
General-4-20251226-13:57:32-67459,config,,,*.host[*].app[2].typename,TcpEchoApp,,
General-4-20251226-13:57:32-67459,config,,,*.host[*].app[2].localPort,1000,,
General-4-20251226-13:57:32-67459,config,,,*.host[*].typename,RouterWithMetrics,,
General-4-20251226-13:57:32-67459,config,,,**.metrics.samplePeriod,0.5s,,
General-4-20251226-13:57:32-67459,config,,,**.metrics.recordPerUtility,true,,
General-4-20251226-13:57:32-67459,config,,,*.host[*].wlan[0].typename,WirelessInterface,,
General-4-20251226-13:57:32-67459,config,,,*.host[*].wlan[0].radio.transmitter.communicationRange,350m,,
General-4-20251226-13:57:32-67459,config,,,*.host[*].wlan[0].radio.receiver.ignoreInterference,false,,
General-4-20251226-13:57:32-67459,config,,,*.host[*].wlan[0].radio.transmitter.interferenceRange,400m,,
General-4-20251226-13:57:32-67459,config,,,*.host[*].wlan[0].radio.typename,UnitDiskRadio,,
General-4-20251226-13:57:32-67459,config,,,*.host[*].wlan[0].mac.typename,CsmaCaMac,,
General-4-20251226-13:57:32-67459,config,,,*.host[*].wlan[0].mac.ackTimeout,300us,,
General-4-20251226-13:57:32-67459,config,,,*.host[*].wlan[0].mac.useAck,true,,
General-4-20251226-13:57:32-67459,config,,,*.host[*].wlan[0].mac.fullDuplex,false,,
General-4-20251226-13:57:32-67459,config,,,*.host[*].wlan[0].mac.headerLength,23B,,
General-4-20251226-13:57:32-67459,config,,,*.host[*].mobility.typename,CircleMobility,,
General-4-20251226-13:57:32-67459,config,,,*.host[*].mobility.cx,625m,,
General-4-20251226-13:57:32-67459,config,,,*.host[*].mobility.cy,625m,,
General-4-20251226-13:57:32-67459,config,,,*.host[*].mobility.r,(parentIndex() % 2 == 0) ? 500m : 250m,,
General-4-20251226-13:57:32-67459,config,,,*.host[*].mobility.startAngle,"(parentIndex() % 2 == 0)
      ? (360deg * int(parentIndex() / 2) / int((25 + 1) / 2))
      : (360deg * int(parentIndex() / 2) / int(25 / 2))",,
General-4-20251226-13:57:32-67459,config,,,*.host[*].mobility.speed,10mps,,
General-4-20251226-13:57:32-67459,config,,,*.host[*].wlan[0].queue.typename,DropTailQueue,,
General-4-20251226-13:57:32-67459,config,,,*.host[*].wlan[0].queue.packetCapacity,10,,
General-4-20251226-13:57:32-67459,config,,,*.host[*].hasStatus,true,,
General-4-20251226-13:57:32-67459,config,,,*.host[*].wlan[0].radio.energyConsumer.typename,StateBasedEpEnergyConsumer,,
General-4-20251226-13:57:32-67459,config,,,*.host[*].wlan[0].radio.energyConsumer.offPowerConsumption,0mW,,
General-4-20251226-13:57:32-67459,config,,,*.host[*].wlan[0].radio.energyConsumer.sleepPowerConsumption,1mW,,
General-4-20251226-13:57:32-67459,config,,,*.host[*].wlan[0].radio.energyConsumer.switchingPowerConsumption,1mW,,
General-4-20251226-13:57:32-67459,config,,,*.host[*].wlan[0].radio.energyConsumer.receiverIdlePowerConsumption,2mW,,
General-4-20251226-13:57:32-67459,config,,,*.host[*].wlan[0].radio.energyConsumer.receiverBusyPowerConsumption,5mW,,
General-4-20251226-13:57:32-67459,config,,,*.host[*].wlan[0].radio.energyConsumer.receiverReceivingPowerConsumption,10mW,,
General-4-20251226-13:57:32-67459,config,,,*.host[*].wlan[0].radio.energyConsumer.transmitterIdlePowerConsumption,2mW,,
General-4-20251226-13:57:32-67459,config,,,*.host[*].wlan[0].radio.energyConsumer.transmitterTransmittingPowerConsumption,100mW,,
General-4-20251226-13:57:32-67459,config,,,*.host[*].energyStorage.typename,SimpleEpEnergyStorage,,
General-4-20251226-13:57:32-67459,config,,,*.host[*].energyStorage.nominalCapacity,2J,,
General-4-20251226-13:57:32-67459,config,,,*.host[*].energyStorage.initialCapacity,2J,,
General-4-20251226-13:57:32-67459,config,,,*.host[*].energyManagement.typename,SimpleEpEnergyManagement,,
General-4-20251226-13:57:32-67459,config,,,*.host[*].energyManagement.nodeStartCapacity,0.0001J,,
General-4-20251226-13:57:32-67459,config,,,*.host[*].energyManagement.nodeShutdownCapacity,0.0001J,,
General-4-20251226-13:57:32-67459,config,,,*.host[*].**.bitrate,1Mbps,,
General-4-20251226-13:57:32-67459,config,,,*.host[*].forwarding,true,,
General-4-20251226-13:57:32-67459,config,,,*.host[*].mobility.constraintAreaMinX,0m,,
General-4-20251226-13:57:32-67459,config,,,*.host[*].mobility.constraintAreaMinY,0m,,
General-4-20251226-13:57:32-67459,config,,,*.host[*].mobility.constraintAreaMinZ,0m,,
General-4-20251226-13:57:32-67459,config,,,*.host[*].mobility.constraintAreaMaxX,1250m,,
General-4-20251226-13:57:32-67459,config,,,*.host[*].mobility.constraintAreaMaxY,1250m,,
General-4-20251226-13:57:32-67459,config,,,*.host[*].mobility.constraintAreaMaxZ,0m,,
General-4-20251226-13:57:32-67459,config,,,*.host[*].mobility.initialX,"uniform(100m, 1150m)",,
General-4-20251226-13:57:32-67459,config,,,*.host[*].mobility.initialY,"uniform(100m, 1150m)",,
General-4-20251226-13:57:32-67459,config,,,*.host[*].wlan[0].radio.displayCommunicationRange,true,,
General-4-20251226-13:57:32-67459,config,,,*.configurator.config,"xml(""<config><interface hosts='**' address='10.0.0.x' netmask='255.255.255.0'/></config>"")",,
General-4-20251226-13:57:32-67459,config,,,*.configurator.addDefaultRoutes,false,,
General-4-20251226-13:57:32-67459,config,,,*.configurator.addStaticRoutes,false,,
General-4-20251226-13:57:32-67459,config,,,*.configurator.optimizeRoutes,false,,
General-4-20251226-13:57:32-67459,config,,,*.host*.ipv4.routingTable.netmaskRoutes,"""""",,
General-4-20251226-13:57:32-67459,config,,,*.linkVisualizer.*.displayLinks,false,,
General-0-20251226-13:57:32-67453,runattr,,,configname,General,,
General-0-20251226-13:57:32-67453,runattr,,,datetime,20251226-13:57:32,,
General-0-20251226-13:57:32-67453,runattr,,,datetimef,20251226-135732,,
General-0-20251226-13:57:32-67453,runattr,,,experiment,General,,
General-0-20251226-13:57:32-67453,runattr,,,inifile,omnetpp.ini,,
General-0-20251226-13:57:32-67453,runattr,,,iterationvars,,,
General-0-20251226-13:57:32-67453,runattr,,,iterationvarsd,,,
General-0-20251226-13:57:32-67453,runattr,,,iterationvarsf,,,
General-0-20251226-13:57:32-67453,runattr,,,measurement,,,
General-0-20251226-13:57:32-67453,runattr,,,network,src.AdhocNetwork1,,
General-0-20251226-13:57:32-67453,runattr,,,processid,67453,,
General-0-20251226-13:57:32-67453,runattr,,,repetition,0,,
General-0-20251226-13:57:32-67453,runattr,,,replication,#0,,
General-0-20251226-13:57:32-67453,runattr,,,resultdir,results,,
General-0-20251226-13:57:32-67453,runattr,,,runnumber,0,,
General-0-20251226-13:57:32-67453,runattr,,,seedset,0,,
General-0-20251226-13:57:32-67453,config,,,image-path,../../../inet4.5/images,,
General-0-20251226-13:57:32-67453,config,,,repeat,5,,
General-0-20251226-13:57:32-67453,config,,,network,src.AdhocNetwork1,,
General-0-20251226-13:57:32-67453,config,,,sim-time-limit,40s,,
General-0-20251226-13:57:32-67453,config,,,*.host[*].ipv4.arp.typename,GlobalArp,,
General-0-20251226-13:57:32-67453,config,,,*.host[*].numApps,3,,
General-0-20251226-13:57:32-67453,config,,,*.host[*].app[0].typename,src.cluster.ClusterApp,,
General-0-20251226-13:57:32-67453,config,,,*.host[*].app[0].localPort,4000,,
General-0-20251226-13:57:32-67453,config,,,*.host[*].app[0].destPort,4000,,
General-0-20251226-13:57:32-67453,config,,,*.host[*].app[0].helloInterval,1s,,
General-0-20251226-13:57:32-67453,config,,,*.host[*].app[0].cfInterval,3s,,
General-0-20251226-13:57:32-67453,config,,,*.host[*].app[0].hldTimeThreshold,1s,,
General-0-20251226-13:57:32-67453,config,,,*.host[*].app[0].maxTrials,3,,
General-0-20251226-13:57:32-67453,config,,,*.host[*].app[0].requestTimeout,1s,,
General-0-20251226-13:57:32-67453,config,,,*.host[*].app[0].maxClusterSize,10,,
General-0-20251226-13:57:32-67453,config,,,*.host[*].app[1].typename,src.tcp.RecordingTcpClientApp,,
General-0-20251226-13:57:32-67453,config,,,*.host[*].app[1].delaySamplePeriod,1s,,
General-0-20251226-13:57:32-67453,config,,,*.host[*].app[1].delayStaleWindow,3s,,
General-0-20251226-13:57:32-67453,config,,,*.host[*].app[1].targetChangePeriod,5s,,
General-0-20251226-13:57:32-67453,config,,,*.host[*].app[1].connectPort,1000,,
General-0-20251226-13:57:32-67453,config,,,*.host[*].app[1].tOpen,2s,,
General-0-20251226-13:57:32-67453,config,,,*.host[*].app[1].tSend,4s,,
General-0-20251226-13:57:32-67453,config,,,*.host[*].app[1].thinkTime,0.3s,,
General-0-20251226-13:57:32-67453,config,,,*.host[*].app[1].idleInterval,5s,,
General-0-20251226-13:57:32-67453,config,,,*.host[*].app[1].sendBytes,200B,,
General-0-20251226-13:57:32-67453,config,,,*.host[*].app[1].sendInterval,1s,,
General-0-20251226-13:57:32-67453,config,,,*.host[*].app[1].connectAddress,"""host["" + string((index + intuniform(1,24)) % 25) + ""]""",,
General-0-20251226-13:57:32-67453,config,,,*.host[*].app[2].typename,TcpEchoApp,,
General-0-20251226-13:57:32-67453,config,,,*.host[*].app[2].localPort,1000,,
General-0-20251226-13:57:32-67453,config,,,*.host[*].typename,RouterWithMetrics,,
General-0-20251226-13:57:32-67453,config,,,**.metrics.samplePeriod,0.5s,,
General-0-20251226-13:57:32-67453,config,,,**.metrics.recordPerUtility,true,,
General-0-20251226-13:57:32-67453,config,,,*.host[*].wlan[0].typename,WirelessInterface,,
General-0-20251226-13:57:32-67453,config,,,*.host[*].wlan[0].radio.transmitter.communicationRange,350m,,
General-0-20251226-13:57:32-67453,config,,,*.host[*].wlan[0].radio.receiver.ignoreInterference,false,,
General-0-20251226-13:57:32-67453,config,,,*.host[*].wlan[0].radio.transmitter.interferenceRange,400m,,
General-0-20251226-13:57:32-67453,config,,,*.host[*].wlan[0].radio.typename,UnitDiskRadio,,
General-0-20251226-13:57:32-67453,config,,,*.host[*].wlan[0].mac.typename,CsmaCaMac,,
General-0-20251226-13:57:32-67453,config,,,*.host[*].wlan[0].mac.ackTimeout,300us,,
General-0-20251226-13:57:32-67453,config,,,*.host[*].wlan[0].mac.useAck,true,,
General-0-20251226-13:57:32-67453,config,,,*.host[*].wlan[0].mac.fullDuplex,false,,
General-0-20251226-13:57:32-67453,config,,,*.host[*].wlan[0].mac.headerLength,23B,,
General-0-20251226-13:57:32-67453,config,,,*.host[*].mobility.typename,CircleMobility,,
General-0-20251226-13:57:32-67453,config,,,*.host[*].mobility.cx,625m,,
General-0-20251226-13:57:32-67453,config,,,*.host[*].mobility.cy,625m,,
General-0-20251226-13:57:32-67453,config,,,*.host[*].mobility.r,(parentIndex() % 2 == 0) ? 500m : 250m,,
General-0-20251226-13:57:32-67453,config,,,*.host[*].mobility.startAngle,"(parentIndex() % 2 == 0)
      ? (360deg * int(parentIndex() / 2) / int((25 + 1) / 2))
      : (360deg * int(parentIndex() / 2) / int(25 / 2))",,
General-0-20251226-13:57:32-67453,config,,,*.host[*].mobility.speed,10mps,,
General-0-20251226-13:57:32-67453,config,,,*.host[*].wlan[0].queue.typename,DropTailQueue,,
General-0-20251226-13:57:32-67453,config,,,*.host[*].wlan[0].queue.packetCapacity,10,,
General-0-20251226-13:57:32-67453,config,,,*.host[*].hasStatus,true,,
General-0-20251226-13:57:32-67453,config,,,*.host[*].wlan[0].radio.energyConsumer.typename,StateBasedEpEnergyConsumer,,
General-0-20251226-13:57:32-67453,config,,,*.host[*].wlan[0].radio.energyConsumer.offPowerConsumption,0mW,,
General-0-20251226-13:57:32-67453,config,,,*.host[*].wlan[0].radio.energyConsumer.sleepPowerConsumption,1mW,,
General-0-20251226-13:57:32-67453,config,,,*.host[*].wlan[0].radio.energyConsumer.switchingPowerConsumption,1mW,,
General-0-20251226-13:57:32-67453,config,,,*.host[*].wlan[0].radio.energyConsumer.receiverIdlePowerConsumption,2mW,,
General-0-20251226-13:57:32-67453,config,,,*.host[*].wlan[0].radio.energyConsumer.receiverBusyPowerConsumption,5mW,,
General-0-20251226-13:57:32-67453,config,,,*.host[*].wlan[0].radio.energyConsumer.receiverReceivingPowerConsumption,10mW,,
General-0-20251226-13:57:32-67453,config,,,*.host[*].wlan[0].radio.energyConsumer.transmitterIdlePowerConsumption,2mW,,
General-0-20251226-13:57:32-67453,config,,,*.host[*].wlan[0].radio.energyConsumer.transmitterTransmittingPowerConsumption,100mW,,
General-0-20251226-13:57:32-67453,config,,,*.host[*].energyStorage.typename,SimpleEpEnergyStorage,,
General-0-20251226-13:57:32-67453,config,,,*.host[*].energyStorage.nominalCapacity,2J,,
General-0-20251226-13:57:32-67453,config,,,*.host[*].energyStorage.initialCapacity,2J,,
General-0-20251226-13:57:32-67453,config,,,*.host[*].energyManagement.typename,SimpleEpEnergyManagement,,
General-0-20251226-13:57:32-67453,config,,,*.host[*].energyManagement.nodeStartCapacity,0.0001J,,
General-0-20251226-13:57:32-67453,config,,,*.host[*].energyManagement.nodeShutdownCapacity,0.0001J,,
General-0-20251226-13:57:32-67453,config,,,*.host[*].**.bitrate,1Mbps,,
General-0-20251226-13:57:32-67453,config,,,*.host[*].forwarding,true,,
General-0-20251226-13:57:32-67453,config,,,*.host[*].mobility.constraintAreaMinX,0m,,
General-0-20251226-13:57:32-67453,config,,,*.host[*].mobility.constraintAreaMinY,0m,,
General-0-20251226-13:57:32-67453,config,,,*.host[*].mobility.constraintAreaMinZ,0m,,
General-0-20251226-13:57:32-67453,config,,,*.host[*].mobility.constraintAreaMaxX,1250m,,
General-0-20251226-13:57:32-67453,config,,,*.host[*].mobility.constraintAreaMaxY,1250m,,
General-0-20251226-13:57:32-67453,config,,,*.host[*].mobility.constraintAreaMaxZ,0m,,
General-0-20251226-13:57:32-67453,config,,,*.host[*].mobility.initialX,"uniform(100m, 1150m)",,
General-0-20251226-13:57:32-67453,config,,,*.host[*].mobility.initialY,"uniform(100m, 1150m)",,
General-0-20251226-13:57:32-67453,config,,,*.host[*].wlan[0].radio.displayCommunicationRange,true,,
General-0-20251226-13:57:32-67453,config,,,*.configurator.config,"xml(""<config><interface hosts='**' address='10.0.0.x' netmask='255.255.255.0'/></config>"")",,
General-0-20251226-13:57:32-67453,config,,,*.configurator.addDefaultRoutes,false,,
General-0-20251226-13:57:32-67453,config,,,*.configurator.addStaticRoutes,false,,
General-0-20251226-13:57:32-67453,config,,,*.configurator.optimizeRoutes,false,,
General-0-20251226-13:57:32-67453,config,,,*.host*.ipv4.routingTable.netmaskRoutes,"""""",,
General-0-20251226-13:57:32-67453,config,,,*.linkVisualizer.*.displayLinks,false,,
General-2-20251226-13:57:32-67457,runattr,,,configname,General,,
General-2-20251226-13:57:32-67457,runattr,,,datetime,20251226-13:57:32,,
General-2-20251226-13:57:32-67457,runattr,,,datetimef,20251226-135732,,
General-2-20251226-13:57:32-67457,runattr,,,experiment,General,,
General-2-20251226-13:57:32-67457,runattr,,,inifile,omnetpp.ini,,
General-2-20251226-13:57:32-67457,runattr,,,iterationvars,,,
General-2-20251226-13:57:32-67457,runattr,,,iterationvarsd,,,
General-2-20251226-13:57:32-67457,runattr,,,iterationvarsf,,,
General-2-20251226-13:57:32-67457,runattr,,,measurement,,,
General-2-20251226-13:57:32-67457,runattr,,,network,src.AdhocNetwork1,,
General-2-20251226-13:57:32-67457,runattr,,,processid,67457,,
General-2-20251226-13:57:32-67457,runattr,,,repetition,2,,
General-2-20251226-13:57:32-67457,runattr,,,replication,#2,,
General-2-20251226-13:57:32-67457,runattr,,,resultdir,results,,
General-2-20251226-13:57:32-67457,runattr,,,runnumber,2,,
General-2-20251226-13:57:32-67457,runattr,,,seedset,2,,
General-2-20251226-13:57:32-67457,config,,,image-path,../../../inet4.5/images,,
General-2-20251226-13:57:32-67457,config,,,repeat,5,,
General-2-20251226-13:57:32-67457,config,,,network,src.AdhocNetwork1,,
General-2-20251226-13:57:32-67457,config,,,sim-time-limit,40s,,
General-2-20251226-13:57:32-67457,config,,,*.host[*].ipv4.arp.typename,GlobalArp,,
General-2-20251226-13:57:32-67457,config,,,*.host[*].numApps,3,,
General-2-20251226-13:57:32-67457,config,,,*.host[*].app[0].typename,src.cluster.ClusterApp,,
General-2-20251226-13:57:32-67457,config,,,*.host[*].app[0].localPort,4000,,
General-2-20251226-13:57:32-67457,config,,,*.host[*].app[0].destPort,4000,,
General-2-20251226-13:57:32-67457,config,,,*.host[*].app[0].helloInterval,1s,,
General-2-20251226-13:57:32-67457,config,,,*.host[*].app[0].cfInterval,3s,,
General-2-20251226-13:57:32-67457,config,,,*.host[*].app[0].hldTimeThreshold,1s,,
General-2-20251226-13:57:32-67457,config,,,*.host[*].app[0].maxTrials,3,,
General-2-20251226-13:57:32-67457,config,,,*.host[*].app[0].requestTimeout,1s,,
General-2-20251226-13:57:32-67457,config,,,*.host[*].app[0].maxClusterSize,10,,
General-2-20251226-13:57:32-67457,config,,,*.host[*].app[1].typename,src.tcp.RecordingTcpClientApp,,
General-2-20251226-13:57:32-67457,config,,,*.host[*].app[1].delaySamplePeriod,1s,,
General-2-20251226-13:57:32-67457,config,,,*.host[*].app[1].delayStaleWindow,3s,,
General-2-20251226-13:57:32-67457,config,,,*.host[*].app[1].targetChangePeriod,5s,,
General-2-20251226-13:57:32-67457,config,,,*.host[*].app[1].connectPort,1000,,
General-2-20251226-13:57:32-67457,config,,,*.host[*].app[1].tOpen,2s,,
General-2-20251226-13:57:32-67457,config,,,*.host[*].app[1].tSend,4s,,
General-2-20251226-13:57:32-67457,config,,,*.host[*].app[1].thinkTime,0.3s,,
General-2-20251226-13:57:32-67457,config,,,*.host[*].app[1].idleInterval,5s,,
General-2-20251226-13:57:32-67457,config,,,*.host[*].app[1].sendBytes,200B,,
General-2-20251226-13:57:32-67457,config,,,*.host[*].app[1].sendInterval,1s,,
General-2-20251226-13:57:32-67457,config,,,*.host[*].app[1].connectAddress,"""host["" + string((index + intuniform(1,24)) % 25) + ""]""",,
General-2-20251226-13:57:32-67457,config,,,*.host[*].app[2].typename,TcpEchoApp,,
General-2-20251226-13:57:32-67457,config,,,*.host[*].app[2].localPort,1000,,
General-2-20251226-13:57:32-67457,config,,,*.host[*].typename,RouterWithMetrics,,
General-2-20251226-13:57:32-67457,config,,,**.metrics.samplePeriod,0.5s,,
General-2-20251226-13:57:32-67457,config,,,**.metrics.recordPerUtility,true,,
General-2-20251226-13:57:32-67457,config,,,*.host[*].wlan[0].typename,WirelessInterface,,
General-2-20251226-13:57:32-67457,config,,,*.host[*].wlan[0].radio.transmitter.communicationRange,350m,,
General-2-20251226-13:57:32-67457,config,,,*.host[*].wlan[0].radio.receiver.ignoreInterference,false,,
General-2-20251226-13:57:32-67457,config,,,*.host[*].wlan[0].radio.transmitter.interferenceRange,400m,,
General-2-20251226-13:57:32-67457,config,,,*.host[*].wlan[0].radio.typename,UnitDiskRadio,,
General-2-20251226-13:57:32-67457,config,,,*.host[*].wlan[0].mac.typename,CsmaCaMac,,
General-2-20251226-13:57:32-67457,config,,,*.host[*].wlan[0].mac.ackTimeout,300us,,
General-2-20251226-13:57:32-67457,config,,,*.host[*].wlan[0].mac.useAck,true,,
General-2-20251226-13:57:32-67457,config,,,*.host[*].wlan[0].mac.fullDuplex,false,,
General-2-20251226-13:57:32-67457,config,,,*.host[*].wlan[0].mac.headerLength,23B,,
General-2-20251226-13:57:32-67457,config,,,*.host[*].mobility.typename,CircleMobility,,
General-2-20251226-13:57:32-67457,config,,,*.host[*].mobility.cx,625m,,
General-2-20251226-13:57:32-67457,config,,,*.host[*].mobility.cy,625m,,
General-2-20251226-13:57:32-67457,config,,,*.host[*].mobility.r,(parentIndex() % 2 == 0) ? 500m : 250m,,
General-2-20251226-13:57:32-67457,config,,,*.host[*].mobility.startAngle,"(parentIndex() % 2 == 0)
      ? (360deg * int(parentIndex() / 2) / int((25 + 1) / 2))
      : (360deg * int(parentIndex() / 2) / int(25 / 2))",,
General-2-20251226-13:57:32-67457,config,,,*.host[*].mobility.speed,10mps,,
General-2-20251226-13:57:32-67457,config,,,*.host[*].wlan[0].queue.typename,DropTailQueue,,
General-2-20251226-13:57:32-67457,config,,,*.host[*].wlan[0].queue.packetCapacity,10,,
General-2-20251226-13:57:32-67457,config,,,*.host[*].hasStatus,true,,
General-2-20251226-13:57:32-67457,config,,,*.host[*].wlan[0].radio.energyConsumer.typename,StateBasedEpEnergyConsumer,,
General-2-20251226-13:57:32-67457,config,,,*.host[*].wlan[0].radio.energyConsumer.offPowerConsumption,0mW,,
General-2-20251226-13:57:32-67457,config,,,*.host[*].wlan[0].radio.energyConsumer.sleepPowerConsumption,1mW,,
General-2-20251226-13:57:32-67457,config,,,*.host[*].wlan[0].radio.energyConsumer.switchingPowerConsumption,1mW,,
General-2-20251226-13:57:32-67457,config,,,*.host[*].wlan[0].radio.energyConsumer.receiverIdlePowerConsumption,2mW,,
General-2-20251226-13:57:32-67457,config,,,*.host[*].wlan[0].radio.energyConsumer.receiverBusyPowerConsumption,5mW,,
General-2-20251226-13:57:32-67457,config,,,*.host[*].wlan[0].radio.energyConsumer.receiverReceivingPowerConsumption,10mW,,
General-2-20251226-13:57:32-67457,config,,,*.host[*].wlan[0].radio.energyConsumer.transmitterIdlePowerConsumption,2mW,,
General-2-20251226-13:57:32-67457,config,,,*.host[*].wlan[0].radio.energyConsumer.transmitterTransmittingPowerConsumption,100mW,,
General-2-20251226-13:57:32-67457,config,,,*.host[*].energyStorage.typename,SimpleEpEnergyStorage,,
General-2-20251226-13:57:32-67457,config,,,*.host[*].energyStorage.nominalCapacity,2J,,
General-2-20251226-13:57:32-67457,config,,,*.host[*].energyStorage.initialCapacity,2J,,
General-2-20251226-13:57:32-67457,config,,,*.host[*].energyManagement.typename,SimpleEpEnergyManagement,,
General-2-20251226-13:57:32-67457,config,,,*.host[*].energyManagement.nodeStartCapacity,0.0001J,,
General-2-20251226-13:57:32-67457,config,,,*.host[*].energyManagement.nodeShutdownCapacity,0.0001J,,
General-2-20251226-13:57:32-67457,config,,,*.host[*].**.bitrate,1Mbps,,
General-2-20251226-13:57:32-67457,config,,,*.host[*].forwarding,true,,
General-2-20251226-13:57:32-67457,config,,,*.host[*].mobility.constraintAreaMinX,0m,,
General-2-20251226-13:57:32-67457,config,,,*.host[*].mobility.constraintAreaMinY,0m,,
General-2-20251226-13:57:32-67457,config,,,*.host[*].mobility.constraintAreaMinZ,0m,,
General-2-20251226-13:57:32-67457,config,,,*.host[*].mobility.constraintAreaMaxX,1250m,,
General-2-20251226-13:57:32-67457,config,,,*.host[*].mobility.constraintAreaMaxY,1250m,,
General-2-20251226-13:57:32-67457,config,,,*.host[*].mobility.constraintAreaMaxZ,0m,,
General-2-20251226-13:57:32-67457,config,,,*.host[*].mobility.initialX,"uniform(100m, 1150m)",,
General-2-20251226-13:57:32-67457,config,,,*.host[*].mobility.initialY,"uniform(100m, 1150m)",,
General-2-20251226-13:57:32-67457,config,,,*.host[*].wlan[0].radio.displayCommunicationRange,true,,
General-2-20251226-13:57:32-67457,config,,,*.configurator.config,"xml(""<config><interface hosts='**' address='10.0.0.x' netmask='255.255.255.0'/></config>"")",,
General-2-20251226-13:57:32-67457,config,,,*.configurator.addDefaultRoutes,false,,
General-2-20251226-13:57:32-67457,config,,,*.configurator.addStaticRoutes,false,,
General-2-20251226-13:57:32-67457,config,,,*.configurator.optimizeRoutes,false,,
General-2-20251226-13:57:32-67457,config,,,*.host*.ipv4.routingTable.netmaskRoutes,"""""",,
General-2-20251226-13:57:32-67457,config,,,*.linkVisualizer.*.displayLinks,false,,
General-0-20251226-13:57:32-67453,vector,AdhocNetwork1.host[0].app[1],e2eDelayPeriodicSec,,,"1 2 3 4 5 6 7 8 9 10 11 12 13 14 15 16 17 18 19 20 21 22 23 24 25 26 27 28 29 30 31 32 33 34 35 36 37 38 39 40","NaN NaN NaN NaN NaN NaN NaN NaN NaN NaN NaN NaN 9.962173952702 9.962173952702 9.962173952702 NaN NaN NaN NaN 0.091091108234 0.091091108234 0.091091108234 NaN NaN NaN NaN NaN NaN NaN NaN NaN NaN NaN NaN NaN NaN NaN NaN NaN NaN"
General-0-20251226-13:57:32-67453,vector,AdhocNetwork1.host[0].rl,rlReward,,,"1 2 3 4 5 6 7 8 9 10 11 12 13 14 15 16 17 18 19 20 21 22 23 24 25 26 27 28 29 30 31 32 33 34 35 36 37 38 39 40","0.33333333333333 0 0.21237360542421 0.0010255437331839 -0.55635220956832 -0.56055795615429 -0.44413143010178 -0.5606212288675 -0.47888864232605 -0.66666666666667 -0.12437022362238 0.42317012657489 0.43543196312215 0.44392827227712 0.34264169981323 0.40491117779518 0.47228930457579 0.38707773647467 0.40884116327173 0.44829248017047 0.30955036755681 0.40878648341715 0.40384716540585 0.33939431829836 0.41529841642046 0.44334103198971 0.45610557202977 0.48646511602647 0.41592432707404 0.3195704482217 0.44304886691714 0.46091770131254 0.40345682230554 0.37301796602865 0.17019169941899 0.48706718523985 0.46682830284404 0.44656532763822 0.45809788387819 0.40544904990474"
General-0-20251226-13:57:32-67453,vector,AdhocNetwork1.host[1].app[1],e2eDelayPeriodicSec,,,"1 2 3 4 5 6 7 8 9 10 11 12 13 14 15 16 17 18 19 20 21 22 23 24 25 26 27 28 29 30 31 32 33 34 35 36 37 38 39 40","NaN NaN NaN 1.825199246651 1.825199246651 1.825199246651 NaN NaN NaN NaN NaN NaN NaN NaN 0.034000562881 0.034000562881 0.034000562881 NaN NaN NaN 0.264484017406 0.264484017406 0.264484017406 NaN NaN 0.027951816583 0.027951816583 0.027951816583 NaN NaN 0.053351893183 0.053351893183 0.053351893183 NaN NaN 0.02215701038 0.02215701038 0.02215701038 NaN NaN"
General-0-20251226-13:57:32-67453,vector,AdhocNetwork1.host[1].rl,rlReward,,,"1 2 3 4 5 6 7 8 9 10 11 12 13 14 15 16 17 18 19 20 21 22 23 24 25 26 27 28 29 30 31 32 33 34 35 36 37 38 39 40","0.33333333333333 0 0.12810172001016 0.11226515427216 0.17185186110118 0.17155633685741 -0.57218658291106 -0.45058015415513 -0.52404048622281 -0.53222709245968 -0.48955571666271 0.12693860355328 0.14018641882695 0.17491704540806 0.35428003193292 0.28138547686003 0.43697988703474 0.32061223711269 0.30089338163506 0.43762744807486 0.30502421727937 0.23785012141166 0.38385792550714 0.29032617389816 0.32431226780285 0.40840645285895 0.42970829696039 0.32356148317811 0.3438111120847 0.40667576439872 0.37313061735435 0.45534360428333 0.40610329988541 0.33462357595762 0.25212175355172 0.37472321462645 0.38426155593752 0.28515550923273 0.395967465855 0.38065592364446"
General-0-20251226-13:57:32-67453,vector,AdhocNetwork1.host[2].app[1],e2eDelayPeriodicSec,,,"1 2 3 4 5 6 7 8 9 10 11 12 13 14 15 16 17 18 19 20 21 22 23 24 25 26 27 28 29 30 31 32 33 34 35 36 37 38 39 40","NaN 0.056779141721 0.056779141721 0.056779141721 NaN NaN 0.015946148915 0.015946148915 0.015946148915 NaN NaN 0.020370237905 0.020370237905 0.020370237905 NaN NaN 0.014787480634 0.014787480634 0.014787480634 NaN NaN 0.016286012567 0.016286012567 0.016286012567 NaN NaN 0.007794000877 0.007794000877 0.007794000877 NaN NaN 0.051662828187 0.051662828187 0.051662828187 NaN NaN 0.008213356529 0.008213356529 0.008213356529 NaN"
General-0-20251226-13:57:32-67453,vector,AdhocNetwork1.host[2].rl,rlReward,,,"1 2 3 4 5 6 7 8 9 10 11 12 13 14 15 16 17 18 19 20 21 22 23 24 25 26 27 28 29 30 31 32 33 34 35 36 37 38 39 40","0.33333333333333 0 0.13676451924258 0.13248805600989 0.089824911326458 0.15121982123193 0.029114226446201 0.18043746591548 0.1670092018236 0.035789140100285 0.20978977170782 0.12530049392145 -0.06456754311184 0.18061231101168 0.10461831626655 0.12753037701541 0.14716566452601 0.10629875526955 0.099244324597422 0.14855898790428 0.096480864234879 0.092852123848463 0.13877348495311 0.12063930403647 0.075302752444286 0.17327538586465 0.16730657647231 0.046470060375809 0.45260462634962 0.042791305777074 0.10462774492562 0.18754555860195 0.10159226904977 0.069869674889655 0.11154017246035 0.17176245452499 0.14085306905535 0.13126307397674 0.17246101673874 0.14426711267414"
General-0-20251226-13:57:32-67453,vector,AdhocNetwork1.host[3].app[1],e2eDelayPeriodicSec,,,"1 2 3 4 5 6 7 8 9 10 11 12 13 14 15 16 17 18 19 20 21 22 23 24 25 26 27 28 29 30 31 32 33 34 35 36 37 38 39 40","NaN NaN NaN NaN 3.034473628506 3.034473628506 3.034473628506 NaN NaN 0.012165005459 0.012165005459 0.012165005459 NaN NaN 0.012554837403 0.012554837403 0.012554837403 NaN NaN 0.011955836525 0.011955836525 0.011955836525 NaN NaN 0.007774219896 0.007774219896 0.007774219896 NaN NaN 0.023380646781 0.023380646781 0.023380646781 NaN NaN NaN NaN NaN 0.016064521179 0.016064521179 0.016064521179"
General-0-20251226-13:57:32-67453,vector,AdhocNetwork1.host[3].rl,rlReward,,,"1 2 3 4 5 6 7 8 9 10 11 12 13 14 15 16 17 18 19 20 21 22 23 24 25 26 27 28 29 30 31 32 33 34 35 36 37 38 39 40","0.33333333333333 0 0 0.1 -0.66666666666667 -0.58378970147458 -0.5 -0.5287884333904 -0.37417491293974 -0.64564870513397 -0.12691022564898 -0.013533234823668 0.10400582609164 0.45641229691801 0.48138048303338 0.3444014185597 0.40105392979521 0.27533750220573 0.29030441388468 0.43064225920286 0.16697147396303 0.34231352533048 0.37782880306525 0.35075485515112 0.29160895474691 0.46378530463471 0.34803900673284 0.37400659142062 0.37886017225179 0.32938773997857 0.43393341764876 0.47714896211414 0.40620790830929 0.35500278271203 0.38185123577291 0.40429601321228 0.84545100760969 0.75798467778711 0.23939229241213 0.17568708872448"
General-0-20251226-13:57:32-67453,vector,AdhocNetwork1.host[4].app[1],e2eDelayPeriodicSec,,,"1 2 3 4 5 6 7 8 9 10 11 12 13 14 15 16 17 18 19 20 21 22 23 24 25 26 27 28 29 30 31 32 33 34 35 36 37 38 39 40","NaN 0.106308204596 0.106308204596 0.106308204596 NaN NaN 0.037447398058 0.037447398058 0.037447398058 NaN NaN 0.012557904839 0.012557904839 0.012557904839 NaN NaN 0.008473763197 0.008473763197 0.008473763197 NaN NaN 0.007754135626 0.007754135626 0.007754135626 NaN NaN 0.031904374644 0.031904374644 0.031904374644 NaN NaN NaN NaN NaN NaN NaN NaN NaN NaN NaN"
General-0-20251226-13:57:32-67453,vector,AdhocNetwork1.host[4].rl,rlReward,,,"1 2 3 4 5 6 7 8 9 10 11 12 13 14 15 16 17 18 19 20 21 22 23 24 25 26 27 28 29 30 31 32 33 34 35 36 37 38 39 40","0.33333333333333 0 0.14510546744827 0.11930578352704 0.078909385117643 0.14398891684983 0.036664679755791 -0.51831670292294 -0.27919917059124 0 -0.41743435810875 0.45055425564176 0.49056316503601 0.51258977901062 0.47901565617371 0.45072265250333 0.21783950179161 0.50652488509051 0.48949247018112 -0.49970370746672 -0.50537902715079 0.45721603736851 0.46673815698091 0.48868441337264 0.46285157928389 0.51287060135683 0.48114793247451 0.47015823273637 0.51043484941114 0.50087391831135 0.49269768799378 0.50984057727651 0.51553536940487 0.50175984881064 0.20435037978859 0.51502321884669 0.51619291639884 0.49475260692505 0.46837584240283 0.51629752739379"
General-0-20251226-13:57:32-67453,vector,AdhocNetwork1.host[5].app[1],e2eDelayPeriodicSec,,,"1 2 3 4 5 6 7 8 9 10 11 12 13 14 15 16 17 18 19 20 21 22 23 24 25 26 27 28 29 30 31 32 33 34 35 36 37 38 39 40","NaN 0 0 0 NaN NaN 0 0 0 NaN NaN 0 0 0 NaN NaN 0 0 0 NaN NaN 0 0 0 NaN NaN 0 0 0 NaN NaN 0 0 0 NaN NaN 0 0 0 NaN"
General-0-20251226-13:57:32-67453,vector,AdhocNetwork1.host[5].rl,rlReward,,,"1 2 3 4 5 6 7 8 9 10 11 12 13 14 15 16 17 18 19 20 21 22 23 24 25 26 27 28 29 30 31 32 33 34 35 36 37 38 39 40","0.33333333333333 0 0 0.74183569082009 0.063419452389834 0.059538694762451 0 0.11724232344912 0.02364802770255 -0.66666666666667 -0.46845622186545 0.78984415062268 0.10264772733689 0.15682730517705 -0.48148952961315 -0.48579136552575 -0.48572019008379 -0.50503247706889 -0.48459653120413 -0.4444464474238 -0.47171604333483 0.41878551035827 0.1873132761793 0.43501986254563 0.41176168176236 0.22787336949259 0.8581396303463 0.43932954353766 0.4889374969274 0.46673424047962 0.48835873351353 0.51607148277617 0.48192732757114 0.44462223266939 0.40220692285128 0.46211854585484 0.50078724696506 0.42521684476857 0.45746500338779 0.50042180158121"
General-0-20251226-13:57:32-67453,vector,AdhocNetwork1.host[6].app[1],e2eDelayPeriodicSec,,,"1 2 3 4 5 6 7 8 9 10 11 12 13 14 15 16 17 18 19 20 21 22 23 24 25 26 27 28 29 30 31 32 33 34 35 36 37 38 39 40","NaN 0.080241175691 0.080241175691 0.080241175691 NaN NaN NaN NaN NaN NaN NaN NaN NaN NaN NaN NaN NaN NaN NaN NaN NaN NaN NaN NaN NaN NaN NaN NaN NaN NaN NaN NaN NaN NaN NaN NaN NaN NaN NaN NaN"
General-0-20251226-13:57:32-67453,vector,AdhocNetwork1.host[6].rl,rlReward,,,"1 2 3 4 5 6 7 8 9 10 11 12 13 14 15 16 17 18 19 20 21 22 23 24 25 26 27 28 29 30 31 32 33 34 35 36 37 38 39 40","0.33333333333333 0 0.096108180140099 0.11295670044401 0.16279662411104 0.15523712921264 0.1 0.16902294780302 0.094760971782923 -0.59675623331466 -0.48187322382876 0.022297788690588 0.075273133011963 0.19475997133339 0.15214415285887 0.085294768758244 0.17315143483943 -0.1317355742541 0.25759390514449 0.37700716962338 0.33353247780984 0.13966681380907 -0.31271596316349 -0.30852675353322 -0.33420137594156 -0.22080236222769 -0.3871860933753 -0.54693253362001 -0.24754514281019 -0.42600893546204 -0.45070518810753 0.49238894121609 0.43586641570213 0.44820432016464 0.43520736841749 0.47457747265308 0.45139615361522 0.4613062395643 0.46852640748674 0.45206699606405"
General-0-20251226-13:57:32-67453,vector,AdhocNetwork1.host[7].app[1],e2eDelayPeriodicSec,,,"1 2 3 4 5 6 7 8 9 10 11 12 13 14 15 16 17 18 19 20 21 22 23 24 25 26 27 28 29 30 31 32 33 34 35 36 37 38 39 40","NaN NaN NaN NaN 0.161208556486 0.161208556486 0.161208556486 NaN NaN NaN NaN NaN NaN 0.00811300346 0.00811300346 0.00811300346 NaN NaN 0.00875300346 0.00875300346 0.00875300346 NaN NaN 0.01428481837 0.01428481837 0.01428481837 NaN NaN 0.00847300346 0.00847300346 0.00847300346 NaN NaN NaN 0.018388798736 0.018388798736 0.018388798736 NaN NaN NaN"
General-0-20251226-13:57:32-67453,vector,AdhocNetwork1.host[7].rl,rlReward,,,"1 2 3 4 5 6 7 8 9 10 11 12 13 14 15 16 17 18 19 20 21 22 23 24 25 26 27 28 29 30 31 32 33 34 35 36 37 38 39 40","0.33333333333333 0 0.00096717881446928 0 0.020751454722105 -0.56530394079309 -0.66666666666667 -0.57570785087406 -0.37002317301513 -0.7 -0.32997251863133 -0.50662757951084 -0.28792299691282 -0.47098088689922 -0.48997186941965 -0.57897797372767 -0.34854861380162 -0.49360197767395 -0.27822008237788 -0.37767530221959 -0.52226905924121 0.29545868142415 0.10103494424576 0.32164335644046 0.11699523889771 0.4194240642497 0.18059434606566 -0.2839293845322 -0.33486980103246 -0.24273637124819 -0.19373486544515 0.51261704981515 0.33753602465971 0.19181142606344 -0.040256384153375 0.4237419830763 0.41329221980965 0.15903030782724 0.39569310816805 0.36767952560787"
General-0-20251226-13:57:32-67453,vector,AdhocNetwork1.host[8].app[1],e2eDelayPeriodicSec,,,"1 2 3 4 5 6 7 8 9 10 11 12 13 14 15 16 17 18 19 20 21 22 23 24 25 26 27 28 29 30 31 32 33 34 35 36 37 38 39 40","NaN NaN NaN NaN NaN 0.114337231602 0.114337231602 0.114337231602 NaN NaN NaN 0.053700548372 0.053700548372 0.053700548372 NaN NaN NaN NaN NaN NaN 3.461556039498 3.461556039498 3.461556039498 NaN NaN NaN NaN NaN NaN 0.428517485318 0.428517485318 0.428517485318 NaN NaN 0.082199630968 0.082199630968 0.082199630968 NaN NaN 0.027491383868"
General-0-20251226-13:57:32-67453,vector,AdhocNetwork1.host[8].rl,rlReward,,,"1 2 3 4 5 6 7 8 9 10 11 12 13 14 15 16 17 18 19 20 21 22 23 24 25 26 27 28 29 30 31 32 33 34 35 36 37 38 39 40","0.33333333333333 0 0.09562251987342 0.12372935245552 0.16922221236451 0.16217871344211 0.0054134585165014 -0.58761728592459 -0.31783241805226 -0.66666666666667 -0.48094627212376 -0.66666666666667 -0.7 -0.38153513353308 -0.48286725394192 -0.5438651852657 -0.19365368167235 -0.53432746220705 -0.60181183863037 -0.18400888864657 -0.56928178517999 0.037511436774698 -0.053378053628338 0.33728033948736 0.22084647587565 -0.51805624537204 -0.33035350188347 -0.52272746365111 -0.53274182602007 -0.36766905191095 -0.46582860498041 0.41445914270993 -0.070022411647556 0.35478597883121 0.17928149913572 0.38113015713597 0.34029095035803 0.32154273025271 0.40459801327153 0.36050031825241"
General-0-20251226-13:57:32-67453,vector,AdhocNetwork1.host[9].app[1],e2eDelayPeriodicSec,,,"1 2 3 4 5 6 7 8 9 10 11 12 13 14 15 16 17 18 19 20 21 22 23 24 25 26 27 28 29 30 31 32 33 34 35 36 37 38 39 40","NaN NaN NaN NaN NaN NaN NaN NaN NaN NaN NaN 6.843347613085 6.843347613085 6.843347613085 NaN NaN 0.058959619858 0.058959619858 0.058959619858 NaN NaN NaN NaN NaN NaN 3.480127450519 3.480127450519 3.480127450519 NaN NaN NaN 0.038057514117 0.038057514117 0.038057514117 NaN NaN 0.027723012387 0.027723012387 0.027723012387 NaN"
General-0-20251226-13:57:32-67453,vector,AdhocNetwork1.host[9].rl,rlReward,,,"1 2 3 4 5 6 7 8 9 10 11 12 13 14 15 16 17 18 19 20 21 22 23 24 25 26 27 28 29 30 31 32 33 34 35 36 37 38 39 40","0.33333333333333 0 0 0.13233604670031 0.12983434610703 0.10808736058151 0.052430289492646 0.095952296759842 0.1000367154861 0 0.20280008184536 0.46370898789785 0.083350676176787 0.16055141517143 -0.51344175318287 -0.5714054530729 -0.48939890747193 -0.54361231698357 -0.45355186282894 -0.49610618192939 -0.49769138558886 0.25145991176674 0.032036067107186 -0.40600082071875 -0.31202686288342 -0.48587006623827 -0.67268501174081 -0.62382433331704 -0.21083984302053 -0.48242257190223 -0.19704383824673 0.50978427832796 0.76047393306612 -0.036851866336836 0.39572773410691 0.16722793181516 0.47552452431087 0.369671870717 0.15821766712366 0.02166047273679"
General-0-20251226-13:57:32-67453,vector,AdhocNetwork1.host[10].app[1],e2eDelayPeriodicSec,,,"1 2 3 4 5 6 7 8 9 10 11 12 13 14 15 16 17 18 19 20 21 22 23 24 25 26 27 28 29 30 31 32 33 34 35 36 37 38 39 40","NaN NaN NaN NaN 0.093792157435 0.093792157435 0.093792157435 NaN NaN NaN NaN NaN NaN NaN 0.148133376573 0.148133376573 0.148133376573 NaN NaN NaN 0.301832766768 0.301832766768 0.301832766768 NaN NaN 0.195245979612 0.195245979612 0.195245979612 NaN NaN NaN 0.147308046629 0.147308046629 0.147308046629 NaN NaN NaN 0.052772163247 0.052772163247 0.052772163247"
General-0-20251226-13:57:32-67453,vector,AdhocNetwork1.host[10].rl,rlReward,,,"1 2 3 4 5 6 7 8 9 10 11 12 13 14 15 16 17 18 19 20 21 22 23 24 25 26 27 28 29 30 31 32 33 34 35 36 37 38 39 40","0.33333333333333 0 0.024526286541754 0.050683369963247 0.10571030359391 0.0011416839794916 0.051598564189086 0 0 0 -0.45780545490847 0.19756026573609 -0.52685409109177 -0.51718869453835 -0.21967823888098 -0.42347430048957 -0.49804998828559 -0.61261343669675 -0.51971001776413 -0.32412050333101 0.12296468358876 0.18094334677177 0.38371502082103 0.38942845748866 -0.33717130070471 -0.16976286324572 -0.31453157920202 -0.49584971936241 -0.15613627266055 -0.25088160582692 -0.42141199123927 0.46435634242616 -0.12027175872854 0.4110515137749 0.1635347431138 0.42366871343907 0.41847226413651 0.3840643904774 0.3804514020771 0.072575147622284"
General-0-20251226-13:57:32-67453,vector,AdhocNetwork1.host[11].app[1],e2eDelayPeriodicSec,,,"1 2 3 4 5 6 7 8 9 10 11 12 13 14 15 16 17 18 19 20 21 22 23 24 25 26 27 28 29 30 31 32 33 34 35 36 37 38 39 40","NaN 0.35246900662 0.35246900662 0.35246900662 NaN NaN NaN NaN NaN NaN 3.364187170844 3.364187170844 3.364187170844 NaN NaN 0.0242020368 0.0242020368 0.0242020368 NaN NaN NaN NaN NaN NaN NaN NaN NaN NaN NaN NaN NaN NaN NaN NaN NaN NaN NaN NaN NaN NaN"
General-0-20251226-13:57:32-67453,vector,AdhocNetwork1.host[11].rl,rlReward,,,"1 2 3 4 5 6 7 8 9 10 11 12 13 14 15 16 17 18 19 20 21 22 23 24 25 26 27 28 29 30 31 32 33 34 35 36 37 38 39 40","0.33333333333333 0 0.3 0.010527007953868 0 0 0.013342200238995 0.74999147512812 0.10478308119088 0 0.17209912393474 0.11782527705403 0.14028673183336 0.1609269008267 0.065049761548871 0.28399284868042 0.14225011327639 0.081327879954431 0.11868238242306 0.1567077292221 -0.62819461649043 0.13138005791557 -0.087257317140453 0.0025615687274774 0.042168061487751 0.18349111889843 0 0.16178533631064 0.20546431603543 0.16999969613985 0.20978613717079 0.21228226343018 0.10298218175723 0.13203237932486 0.18041896650515 0.15276250972975 0.20375974488755 0.20862790538732 0.15520352259724 0.050900951298925"
General-0-20251226-13:57:32-67453,vector,AdhocNetwork1.host[12].app[1],e2eDelayPeriodicSec,,,"1 2 3 4 5 6 7 8 9 10 11 12 13 14 15 16 17 18 19 20 21 22 23 24 25 26 27 28 29 30 31 32 33 34 35 36 37 38 39 40","NaN NaN NaN NaN NaN NaN NaN NaN NaN NaN NaN NaN NaN NaN NaN NaN NaN 6.102038426264 6.102038426264 6.102038426264 NaN NaN NaN 0.06713437685 0.06713437685 0.06713437685 NaN NaN NaN 0.51502478033 0.51502478033 0.51502478033 NaN NaN 0.04336436735 0.04336436735 0.04336436735 NaN NaN NaN"
General-0-20251226-13:57:32-67453,vector,AdhocNetwork1.host[12].rl,rlReward,,,"1 2 3 4 5 6 7 8 9 10 11 12 13 14 15 16 17 18 19 20 21 22 23 24 25 26 27 28 29 30 31 32 33 34 35 36 37 38 39 40","0.33333333333333 0 0 0.084203491667317 -0.55492369730473 -0.61584578435448 -0.69285404902416 -0.40907375021109 -0.54723532006713 -0.66666666666667 -0.46418707918907 0.38337124412582 0.28597551668872 0.36806406193919 0.3622965382207 0.35912760432897 0.42490255421081 0.42330130786104 0.30924639573153 0.43668988338504 -0.27081550162589 0.34493696606 0.3690339941159 0.27680831253092 0.39995797749206 0.44433151792244 0.37791137776099 0.37027617977998 0.43023808220618 0.34550399976197 0.44549571386031 0.41205508982401 0.24665367149243 0.38806647773752 0.37904578727468 0.38220783539976 0.37265765234988 0.41926643434101 -0.0042605969992096 0.42318848212983"
General-0-20251226-13:57:32-67453,vector,AdhocNetwork1.host[13].app[1],e2eDelayPeriodicSec,,,"1 2 3 4 5 6 7 8 9 10 11 12 13 14 15 16 17 18 19 20 21 22 23 24 25 26 27 28 29 30 31 32 33 34 35 36 37 38 39 40","NaN 0.040474445346 0.040474445346 0.040474445346 NaN NaN 0.026581359292 0.026581359292 0.026581359292 NaN NaN NaN 0.092411543773 0.092411543773 0.092411543773 NaN NaN 0.183935577748 0.183935577748 0.183935577748 NaN NaN NaN 0.07388503076 0.07388503076 0.07388503076 NaN NaN NaN NaN NaN NaN NaN NaN NaN 3.099637937694 3.099637937694 3.099637937694 NaN NaN"
General-0-20251226-13:57:32-67453,vector,AdhocNetwork1.host[13].rl,rlReward,,,"1 2 3 4 5 6 7 8 9 10 11 12 13 14 15 16 17 18 19 20 21 22 23 24 25 26 27 28 29 30 31 32 33 34 35 36 37 38 39 40","0.33333333333333 0 0 0.11301740774435 -0.54546181236801 -0.58842474240299 -0.63497802864165 -0.39508535682013 -0.44410247924299 -0.5 -0.47051923005612 0.16715972062539 0.068309286852669 0.021678012974678 0.1229108303406 0.44315155091776 0.026848449349826 0.082327183939377 0.39536484239935 -0.52969699763498 -0.27958277025981 0.086506318755833 0.38689267444755 -0.11654866653087 0.16259399981327 0.47030492239091 0.45875536632348 0.4326597037147 0.45045417719679 0.48231789789716 0.48602636702359 0.48881319762184 0.35737729465528 0.38791776225426 0.47516172634697 0.47510109419342 0.48265191376337 0.45822268019692 0.43330424064538 0.4929348315693"
General-0-20251226-13:57:32-67453,vector,AdhocNetwork1.host[14].app[1],e2eDelayPeriodicSec,,,"1 2 3 4 5 6 7 8 9 10 11 12 13 14 15 16 17 18 19 20 21 22 23 24 25 26 27 28 29 30 31 32 33 34 35 36 37 38 39 40","NaN 0 0 0 NaN NaN 0 0 0 NaN NaN 0 0 0 NaN NaN 0 0 0 NaN NaN 0 0 0 NaN NaN 0 0 0 NaN NaN 0 0 0 NaN NaN 0 0 0 NaN"
General-0-20251226-13:57:32-67453,vector,AdhocNetwork1.host[14].rl,rlReward,,,"1 2 3 4 5 6 7 8 9 10 11 12 13 14 15 16 17 18 19 20 21 22 23 24 25 26 27 28 29 30 31 32 33 34 35 36 37 38 39 40","0.33333333333333 0 0 0 0.09131026462369 0.070151138027766 0 0.10086862563633 0.059254087071132 0 0.21281359724837 0.14317694070115 0.18283947517977 0.17197678237548 0.14869217109626 0.22315363572726 0.21733857810953 0.16853288326747 0.21329247168082 0.2148728197785 0.11071203938256 0.13096990318501 0.18594323957374 0.1565053885918 0.21169804460344 0.23002834933356 0.18159767297839 0.18869040520597 0.23415565214953 0.16708064285192 0.20776104028759 0.20836546832439 0.099368393801991 0.18115643662288 0.21883010970384 0.19153777907864 0.15978809992556 0.21492949025789 0.19562924423328 0.50268872810458"
General-0-20251226-13:57:32-67453,vector,AdhocNetwork1.host[15].app[1],e2eDelayPeriodicSec,,,"1 2 3 4 5 6 7 8 9 10 11 12 13 14 15 16 17 18 19 20 21 22 23 24 25 26 27 28 29 30 31 32 33 34 35 36 37 38 39 40","NaN NaN NaN NaN NaN 0.145253262093 0.145253262093 0.145253262093 NaN NaN 0.034068428571 0.034068428571 0.034068428571 NaN NaN NaN 0.032407100641 0.032407100641 0.032407100641 NaN NaN NaN 0.288899021344 0.288899021344 0.288899021344 NaN NaN NaN 0.187468479575 0.187468479575 0.187468479575 NaN NaN 0.040150355054 0.040150355054 0.040150355054 NaN NaN 0.037511231674 0.037511231674"
General-0-20251226-13:57:32-67453,vector,AdhocNetwork1.host[15].rl,rlReward,,,"1 2 3 4 5 6 7 8 9 10 11 12 13 14 15 16 17 18 19 20 21 22 23 24 25 26 27 28 29 30 31 32 33 34 35 36 37 38 39 40","0.33333333333333 -0.2 0 0.66666666666667 0.093239375133049 0.010839722089023 0 0.13617243751404 0.11669806391701 0.080521859172566 0.19781809186914 0.13485561413567 0.098912231748694 0.19745215910342 0.16153149222445 0.18961013718981 0.20082345279582 0.14954460312735 0.19634974217249 0.21202008597184 0.075140757407796 0.15167772031794 0.16649198935883 0.056133409342387 0.13609154065227 0.22134027595951 0 0.18833659923259 0.11845830663669 0.16664800722105 0.16549516659556 0.21175447135148 0.073246621501499 0.061897175873183 0.17669239096166 0.11730219465877 0.17586699046039 0.35010193415806 0.1374217049862 0.20199332341203"
General-0-20251226-13:57:32-67453,vector,AdhocNetwork1.host[16].app[1],e2eDelayPeriodicSec,,,"1 2 3 4 5 6 7 8 9 10 11 12 13 14 15 16 17 18 19 20 21 22 23 24 25 26 27 28 29 30 31 32 33 34 35 36 37 38 39 40","NaN NaN NaN NaN NaN NaN NaN NaN NaN 0.156527906133 0.156527906133 0.156527906133 NaN NaN NaN 0.134847819851 0.134847819851 0.134847819851 NaN NaN 0.091407265625 0.091407265625 0.091407265625 NaN NaN NaN 0.044348744223 0.044348744223 0.044348744223 NaN NaN 0.077775751452 0.077775751452 0.077775751452 NaN NaN NaN 0.046767421684 0.046767421684 0.046767421684"
General-0-20251226-13:57:32-67453,vector,AdhocNetwork1.host[16].rl,rlReward,,,"1 2 3 4 5 6 7 8 9 10 11 12 13 14 15 16 17 18 19 20 21 22 23 24 25 26 27 28 29 30 31 32 33 34 35 36 37 38 39 40","0.33333333333333 0 0.3 0.71982734785465 -0.05676511178942 0.076130355645641 0.25904034703368 0.088441749156721 0.061535900264705 0.014325082211355 0.14748252545566 0.11064742499278 0.10714537380088 0.074333764044983 0.074943308786162 0.10325452919826 0.16241999725631 0.093427964368102 0.15331805173295 0.17830335343546 0.11186536942126 0.075345179473986 0.14588370105914 0.10648657767323 0.13629344433815 0.1870917317091 0.12964095393244 0.10758781014053 0.14732438143357 0.062156699976169 0.10588098342509 0.16921189089909 0 0.13689099942214 0.14316596784762 0.080321347552135 0.33080293661093 0.12615629850376 0.10516578484286 0.18656488093966"
General-0-20251226-13:57:32-67453,vector,AdhocNetwork1.host[17].app[1],e2eDelayPeriodicSec,,,"1 2 3 4 5 6 7 8 9 10 11 12 13 14 15 16 17 18 19 20 21 22 23 24 25 26 27 28 29 30 31 32 33 34 35 36 37 38 39 40","NaN 0.050244416503 0.050244416503 0.050244416503 NaN NaN NaN 0.0372543391 0.0372543391 0.0372543391 NaN NaN 0.027315995919 0.027315995919 0.027315995919 NaN NaN 0.046206673244 0.046206673244 0.046206673244 NaN NaN 0.026951430814 0.026951430814 0.026951430814 NaN NaN 0.02077205334 0.02077205334 0.02077205334 NaN NaN NaN 0.106081691342 0.106081691342 0.106081691342 NaN NaN 0.03705301038 0.03705301038"
General-0-20251226-13:57:32-67453,vector,AdhocNetwork1.host[17].rl,rlReward,,,"1 2 3 4 5 6 7 8 9 10 11 12 13 14 15 16 17 18 19 20 21 22 23 24 25 26 27 28 29 30 31 32 33 34 35 36 37 38 39 40","0.33333333333333 0 0 0.021673997966846 0.14696896614404 0.11461556797839 0.09711737478088 0.11550366548018 0.15871423173051 0.084102488777757 0.22567033375925 0.18134231219584 0.087325317042308 0.19038534259092 -0.13025829848033 0.11259117084959 0.22282225277371 0.11676515896578 0.13991843987761 0.21656042944204 0.049732234477068 0.011653730642698 0.097350225499497 0 0.14242445115957 0.19304317260709 0.17247874063143 0.45104267872502 0.078148978393545 0.14631952491946 0.17835435327196 0.22128983867122 0.10846633703127 0.088550499235101 0.097562586052757 0.18294494124722 0.16367490384599 0.14343762968823 0.15557077477782 0.16164205694696"
General-0-20251226-13:57:32-67453,vector,AdhocNetwork1.host[18].app[1],e2eDelayPeriodicSec,,,"1 2 3 4 5 6 7 8 9 10 11 12 13 14 15 16 17 18 19 20 21 22 23 24 25 26 27 28 29 30 31 32 33 34 35 36 37 38 39 40","NaN NaN NaN NaN NaN NaN NaN NaN NaN NaN NaN NaN NaN NaN 9.46463004988 9.46463004988 9.46463004988 NaN NaN NaN NaN NaN NaN 3.365365079428 3.365365079428 3.365365079428 NaN NaN 0.060570795482 0.060570795482 0.060570795482 NaN NaN 0.093000526276 0.093000526276 0.093000526276 NaN NaN NaN 0.069329425231"
General-0-20251226-13:57:32-67453,vector,AdhocNetwork1.host[18].rl,rlReward,,,"1 2 3 4 5 6 7 8 9 10 11 12 13 14 15 16 17 18 19 20 21 22 23 24 25 26 27 28 29 30 31 32 33 34 35 36 37 38 39 40","0.33333333333333 0 -0.2 0.07306745688422 0.17255321686706 0.11419975459971 0.15341003171645 0.15521065484277 0.028172124459157 0.13494434172405 0.47539001118099 0.16819213721294 0.044956082920879 0.047374580884331 0.092737481674751 0.07160742651835 0.20196246211158 0.11871306493651 0.18347226423912 0.19431645713232 0.066852956040481 0.083939723625988 0.18505480820681 0.10314637749677 0.096792440799721 0.21616827246795 0.12725173386231 0.16542263734752 0.16257733123671 0.11791832602695 0.18480620647085 0.18236315269578 0.10257088119198 0.13185348662651 0.10155271520204 0.13613177397225 0.12378145301049 0.1433605553687 0.13592633857665 0.12215058142753"
General-0-20251226-13:57:32-67453,vector,AdhocNetwork1.host[19].app[1],e2eDelayPeriodicSec,,,"1 2 3 4 5 6 7 8 9 10 11 12 13 14 15 16 17 18 19 20 21 22 23 24 25 26 27 28 29 30 31 32 33 34 35 36 37 38 39 40","NaN NaN NaN NaN 3.361997313565 3.361997313565 3.361997313565 NaN NaN NaN NaN NaN 0.018660785515 0.018660785515 0.018660785515 NaN NaN NaN NaN NaN NaN NaN NaN NaN 0.016014720087 0.016014720087 0.016014720087 NaN NaN 0.01517480615 0.01517480615 0.01517480615 NaN NaN 0.060766200346 0.060766200346 0.060766200346 NaN NaN NaN"
General-0-20251226-13:57:32-67453,vector,AdhocNetwork1.host[19].rl,rlReward,,,"1 2 3 4 5 6 7 8 9 10 11 12 13 14 15 16 17 18 19 20 21 22 23 24 25 26 27 28 29 30 31 32 33 34 35 36 37 38 39 40","0.33333333333333 0 0 0 0.078027957982816 0.061754428739136 0 0.17388139545983 0.1415552404741 0.16898133525956 0.23928646676559 0.15940650466226 0.15790210059484 0.21970034102353 0.11746103608236 0.1971030533827 0.22938423144483 0.15818971373175 0.026729329349635 0.42882644406791 0.13789577124705 0.14156176202827 0.19481648875102 0.082441182751481 0.17147003096444 0.22971502432611 0.13092452412325 0.19442708060119 0.17890297400039 0.20794619663209 0.18266249731723 0.23201862507356 0.17514595073117 0.1042236692622 0.20039651923488 0.12777121405053 0.18766430670408 0.21850711774574 0.20502215543835 0.20794137506585"
General-0-20251226-13:57:32-67453,vector,AdhocNetwork1.host[20].app[1],e2eDelayPeriodicSec,,,"1 2 3 4 5 6 7 8 9 10 11 12 13 14 15 16 17 18 19 20 21 22 23 24 25 26 27 28 29 30 31 32 33 34 35 36 37 38 39 40","NaN 0.024439420398 0.024439420398 0.024439420398 NaN NaN 0.029077323423 0.029077323423 0.029077323423 NaN NaN NaN NaN NaN 0.110144221569 0.110144221569 0.110144221569 NaN NaN 0.008373350246 0.008373350246 0.008373350246 NaN NaN 0.007533636641 0.007533636641 0.007533636641 NaN NaN 0.011175988192 0.011175988192 0.011175988192 NaN NaN 0.007674390929 0.007674390929 0.007674390929 NaN NaN 0.007674831857"
General-0-20251226-13:57:32-67453,vector,AdhocNetwork1.host[20].rl,rlReward,,,"1 2 3 4 5 6 7 8 9 10 11 12 13 14 15 16 17 18 19 20 21 22 23 24 25 26 27 28 29 30 31 32 33 34 35 36 37 38 39 40","0.33333333333333 0 0 0.12381800378913 0.14965568000889 0.076967624262259 0.38231837166715 0.14931720743893 0.050373707776747 0.03821768364412 0.17936556444133 0.15393365690458 0.055781628892462 0.2017383568898 0.072283171454871 0.15644746709173 0.20660143126494 0.10621701907033 0.17584301879209 0.15821720196925 0.021846511329586 0.039878185218621 0.065112537535003 0.011306062412757 0.11818550097453 0.19451236023418 0.00028523593676155 0.16765486192253 0.12341362028941 0.13085913341751 0.41327541527858 0.18743930509064 0.36320686292619 0.39090877454615 0.42956960123763 0.3961580560014 0.42845237077535 0.46585033776136 0.40985861210103 0.45575889713649"
General-0-20251226-13:57:32-67453,vector,AdhocNetwork1.host[21].app[1],e2eDelayPeriodicSec,,,"1 2 3 4 5 6 7 8 9 10 11 12 13 14 15 16 17 18 19 20 21 22 23 24 25 26 27 28 29 30 31 32 33 34 35 36 37 38 39 40","NaN NaN 0.158082560592 0.158082560592 0.158082560592 NaN NaN 0.033635315149 0.033635315149 0.033635315149 NaN NaN 0.050653650309 0.050653650309 0.050653650309 NaN NaN NaN 0.041330151066 0.041330151066 0.041330151066 NaN NaN 0.069527854152 0.069527854152 0.069527854152 NaN NaN NaN NaN NaN NaN NaN 0.067271116087 0.067271116087 0.067271116087 NaN NaN 0.02461642441 0.02461642441"
General-0-20251226-13:57:32-67453,vector,AdhocNetwork1.host[21].rl,rlReward,,,"1 2 3 4 5 6 7 8 9 10 11 12 13 14 15 16 17 18 19 20 21 22 23 24 25 26 27 28 29 30 31 32 33 34 35 36 37 38 39 40","0.33333333333333 0 0 0 0.12542075753544 0.080052549059382 0.029868861963191 0.097965264448074 0.082644732159288 0.097430160388819 0.17489637860812 0.070272538565568 0.7314449835933 0.16188039556499 0.089106560955663 0.067924445154135 0.20390851427837 0.11600846434651 0.082532841343829 0.18890010108272 0 0.1 0.16304209400391 0.043272695999644 0.10243650483734 0.12107411676884 0.1795878094212 0.13894866755078 0.1064224727427 0.062158010655875 0.087357920724065 0.18886876638524 0.061583571027015 0.086191932801897 0.0044013706792704 0.26642743244334 0.11034530259816 0.073703614410879 0.15294089912217 0.11929551350512"
General-0-20251226-13:57:32-67453,vector,AdhocNetwork1.host[22].app[1],e2eDelayPeriodicSec,,,"1 2 3 4 5 6 7 8 9 10 11 12 13 14 15 16 17 18 19 20 21 22 23 24 25 26 27 28 29 30 31 32 33 34 35 36 37 38 39 40","NaN 0.078655192719 0.078655192719 0.078655192719 NaN NaN 0.02474346322 0.02474346322 0.02474346322 NaN NaN NaN 0.253383607212 0.253383607212 0.253383607212 NaN NaN 0.03967094997 0.03967094997 0.03967094997 NaN NaN 0.165605047652 0.165605047652 0.165605047652 NaN NaN 0.015712854305 0.015712854305 0.015712854305 NaN NaN NaN NaN NaN 3.065276379502 3.065276379502 3.065276379502 NaN NaN"
General-0-20251226-13:57:32-67453,vector,AdhocNetwork1.host[22].rl,rlReward,,,"1 2 3 4 5 6 7 8 9 10 11 12 13 14 15 16 17 18 19 20 21 22 23 24 25 26 27 28 29 30 31 32 33 34 35 36 37 38 39 40","0.33333333333333 0 0 0.13461267635959 0.18040384587633 0.094989404751524 0.12180114893308 0.10723362864837 0.10402233052943 0.41621133909254 0.17459683252641 0.03597922048796 0 0.18146718793152 0.14181481598826 0.15400949261527 0.20066606025216 0.11348658350913 0.14287811768104 0.16132022454584 0 0.031261082674241 0.066261987745846 0 0.17299226959228 0.053458209636245 0.1841273614896 0.19342105602197 0.1941646432547 0.16744863992093 0.20497308119931 0.22917496280786 0.18005285773448 0.12297232472093 0.13416753203816 0.1872726514435 0.18999341842584 0.23163349169923 0.18888140186821 0.18516956407827"
General-0-20251226-13:57:32-67453,vector,AdhocNetwork1.host[23].app[1],e2eDelayPeriodicSec,,,"1 2 3 4 5 6 7 8 9 10 11 12 13 14 15 16 17 18 19 20 21 22 23 24 25 26 27 28 29 30 31 32 33 34 35 36 37 38 39 40","NaN NaN NaN NaN NaN NaN NaN NaN NaN NaN NaN 0.084513282148 0.084513282148 0.084513282148 NaN NaN 0.03928726887 0.03928726887 0.03928726887 NaN NaN NaN NaN NaN NaN NaN 3.384505042279 3.384505042279 3.384505042279 NaN NaN NaN 0.249966579561 0.249966579561 0.249966579561 NaN NaN 0.045372297742 0.045372297742 0.045372297742"
General-0-20251226-13:57:32-67453,vector,AdhocNetwork1.host[23].rl,rlReward,,,"1 2 3 4 5 6 7 8 9 10 11 12 13 14 15 16 17 18 19 20 21 22 23 24 25 26 27 28 29 30 31 32 33 34 35 36 37 38 39 40","0.33333333333333 0 0.045589990602162 0 0.061643657013048 0.045311546110355 0 0.19166449616427 0.19116793483542 0.094268689909287 0.51829717233727 0.47039408760462 0.41857748830296 0.52220699515729 0.45412847008619 0.47115418772056 0.5038554063775 0.43489951660377 0.48571372192878 0.44660782847989 0.46862309581662 0.43386393901918 0.48777380298625 0.4488645139937 0.47552485160674 0.51060931078708 0.48021534468273 0.44563204131187 0.46945102932498 0.47300525438627 0.057491321587806 0.52543474652006 0.34989175797044 0.42247958918163 0.46099324426005 0.50915340267873 0.49952685092944 0.45865413686404 0.52002593952817 0.030270297155682"
General-0-20251226-13:57:32-67453,vector,AdhocNetwork1.host[24].app[1],e2eDelayPeriodicSec,,,"1 2 3 4 5 6 7 8 9 10 11 12 13 14 15 16 17 18 19 20 21 22 23 24 25 26 27 28 29 30 31 32 33 34 35 36 37 38 39 40","NaN NaN NaN NaN NaN NaN NaN NaN 4.645835757106 4.645835757106 4.645835757106 NaN NaN NaN NaN NaN NaN NaN NaN NaN NaN NaN NaN NaN NaN NaN NaN 3.874972863768 3.874972863768 3.874972863768 NaN NaN 0.113151999498 0.113151999498 0.113151999498 NaN NaN NaN NaN NaN"
General-0-20251226-13:57:32-67453,vector,AdhocNetwork1.host[24].rl,rlReward,,,"1 2 3 4 5 6 7 8 9 10 11 12 13 14 15 16 17 18 19 20 21 22 23 24 25 26 27 28 29 30 31 32 33 34 35 36 37 38 39 40","0.33333333333333 0 0.22456212534572 0.20011407785934 0.2114135415698 -0.46456996123463 -0.4567094667575 -0.43972265256726 -0.44324878046835 -0.52267452475907 -0.46724990309203 -0.19378342147813 -0.32611596759585 -0.4105315150171 -0.27106124574896 -0.42533916508678 -0.29047530496894 -0.49428090448128 -0.17136090800696 -0.44482308695276 -0.42308450081636 0.39755483877481 0.22599179478793 0.40059575879091 0.49784569879391 0.46356473048939 0.46026428190218 0.43508511358987 0.46656622203343 0.38095063178706 0.46064199737794 0.87187019150645 0.4220023441936 0.35830808722564 0.34348362038727 0.40598802281554 0.45165338648424 0.4549117943268 0.46786141050426 0.4196123546105"
General-1-20251226-13:57:32-67455,vector,AdhocNetwork1.host[0].app[1],e2eDelayPeriodicSec,,,"1 2 3 4 5 6 7 8 9 10 11 12 13 14 15 16 17 18 19 20 21 22 23 24 25 26 27 28 29 30 31 32 33 34 35 36 37 38 39 40","NaN 0.300209223536 0.300209223536 0.300209223536 NaN NaN NaN NaN NaN NaN 0.03028001283 0.03028001283 0.03028001283 NaN NaN 0.068786797943 0.068786797943 0.068786797943 NaN NaN 0.049930486679 0.049930486679 0.049930486679 NaN NaN NaN 0.031478006942 0.031478006942 0.031478006942 NaN NaN NaN 0.045351757359 0.045351757359 0.045351757359 NaN NaN 0.065311601908 0.065311601908 0.065311601908"
General-1-20251226-13:57:32-67455,vector,AdhocNetwork1.host[0].rl,rlReward,,,"1 2 3 4 5 6 7 8 9 10 11 12 13 14 15 16 17 18 19 20 21 22 23 24 25 26 27 28 29 30 31 32 33 34 35 36 37 38 39 40","0.33333333333333 0 0 0.04903435068647 0.1947743792355 0.11476196600243 0.14607972119842 0.029236554206741 0.11540445533756 0.13200510809204 0.068495420435478 0.14600705327657 0.17549140324564 0.10145522392837 0.11907046491994 0.084868950027835 0.14314767548874 0.31580354007303 0.42069407348475 0.096879224496477 -0.57698612979461 0.034361924657302 0.38344030559821 0.40353235533261 0.3805076707243 0.39816676603743 0.34647692765695 0.40325058762838 0.3483412516483 0.38380944050872 0.34533953956546 0.36743575331223 0.38397694149766 0.42187990906465 0.40767311975166 0.38921354041462 0.44556899790811 -0.046613103524787 0.36947124378545 0.45284476177273"
General-1-20251226-13:57:32-67455,vector,AdhocNetwork1.host[1].app[1],e2eDelayPeriodicSec,,,"1 2 3 4 5 6 7 8 9 10 11 12 13 14 15 16 17 18 19 20 21 22 23 24 25 26 27 28 29 30 31 32 33 34 35 36 37 38 39 40","NaN NaN NaN 1.184924363659 1.184924363659 1.184924363659 NaN NaN 0.096141091255 0.096141091255 0.096141091255 NaN NaN NaN 0.109365257555 0.109365257555 0.109365257555 NaN NaN NaN 0.114649924834 0.114649924834 0.114649924834 NaN NaN 0.034819848304 0.034819848304 0.034819848304 NaN NaN 0.151685571379 0.151685571379 0.151685571379 NaN NaN 0.037044481239 0.037044481239 0.037044481239 NaN NaN"
General-1-20251226-13:57:32-67455,vector,AdhocNetwork1.host[1].rl,rlReward,,,"1 2 3 4 5 6 7 8 9 10 11 12 13 14 15 16 17 18 19 20 21 22 23 24 25 26 27 28 29 30 31 32 33 34 35 36 37 38 39 40","0.33333333333333 0 0 -0.13117086945684 -0.58888618615653 -0.55022798207865 -0.585981864009 -0.42218114518035 -0.34305613125393 -0.57848766243398 -0.47132562153557 0.17287935384345 0.06871753277215 0.39098646889331 0.13963254589025 0.4016714632288 0.015810627298706 0.46611053312713 0.46164511994909 0.43187952557003 0.42510379304003 0.41769763862199 0.45819567411803 0.44231719305841 0.43264557591075 0.44056604232132 0.39842842561656 0.47419865980336 0.43907462481181 0.47347279878414 0.35855970310012 0.39589446298009 0.17323185958247 0.38702568941848 0.43519556260371 0.41509485957833 0.46122112203685 0.47359773296567 0.475039155474 0.49742082331051"
General-1-20251226-13:57:32-67455,vector,AdhocNetwork1.host[2].app[1],e2eDelayPeriodicSec,,,"1 2 3 4 5 6 7 8 9 10 11 12 13 14 15 16 17 18 19 20 21 22 23 24 25 26 27 28 29 30 31 32 33 34 35 36 37 38 39 40","NaN NaN 0.133228792341 0.133228792341 0.133228792341 NaN NaN NaN NaN NaN NaN NaN NaN NaN NaN NaN 1.101987082509 1.101987082509 1.101987082509 NaN NaN NaN NaN 0.048260356912 0.048260356912 0.048260356912 NaN NaN NaN 0.056546493251 0.056546493251 0.056546493251 NaN NaN 0.038735225144 0.038735225144 0.038735225144 NaN NaN NaN"
General-1-20251226-13:57:32-67455,vector,AdhocNetwork1.host[2].rl,rlReward,,,"1 2 3 4 5 6 7 8 9 10 11 12 13 14 15 16 17 18 19 20 21 22 23 24 25 26 27 28 29 30 31 32 33 34 35 36 37 38 39 40","0.33333333333333 0 0.037439558546965 0.1284879870794 0.13536221078628 0.22211550673299 0.23037758134076 0.20016804497117 0.19636188622504 0.24174754960332 0.21234608238282 0.24499222808363 0.2625245665765 0.16370607206279 0.23220817489808 0.22756488493249 0.20412357034765 0.23417672084552 0.22618026621586 0.21397896461781 0.21859808988042 0.22162643874439 0.51299392688979 0.21696497439645 0.2204644140428 0.23495447611363 0.21369777112267 0.23215228710691 0.18659455002418 0.43099325041078 0.21204506205716 0.23894083541801 0.47330598143349 0.2531141842654 0.21052261595837 0.21774795608917 0.2499424100055 0.24693363677554 0.21303014971392 0.24438365814914"
General-1-20251226-13:57:32-67455,vector,AdhocNetwork1.host[3].app[1],e2eDelayPeriodicSec,,,"1 2 3 4 5 6 7 8 9 10 11 12 13 14 15 16 17 18 19 20 21 22 23 24 25 26 27 28 29 30 31 32 33 34 35 36 37 38 39 40","NaN 0.079063362408 0.079063362408 0.079063362408 NaN NaN NaN NaN NaN NaN 3.735760253963 3.735760253963 3.735760253963 NaN NaN NaN 0.149639662421 0.149639662421 0.149639662421 NaN NaN 0.025378038083 0.025378038083 0.025378038083 NaN NaN 0.019219733984 0.019219733984 0.019219733984 NaN NaN 0.03042601825 0.03042601825 0.03042601825 NaN NaN 0.01549439468 0.01549439468 0.01549439468 NaN"
General-1-20251226-13:57:32-67455,vector,AdhocNetwork1.host[3].rl,rlReward,,,"1 2 3 4 5 6 7 8 9 10 11 12 13 14 15 16 17 18 19 20 21 22 23 24 25 26 27 28 29 30 31 32 33 34 35 36 37 38 39 40","0.33333333333333 0 0.089573967438304 0.15388190918915 -0.5169695707382 -0.46307291923175 -0.47602238683174 -0.57227210081475 -0.23090619319139 -0.33981290392395 -0.46818162729317 0.35196105680552 0.45174848202778 0.28324833228042 0.38548458385577 0.29075996462457 0.17951700822176 0.3851843990137 0.38923077481899 0.39935525961588 0.37487501383954 0.42321510616624 0.35584497167192 0.43844395812252 0.37291639598823 0.37856535015666 0.27934478943548 0.34146516545234 0.30437211026585 0.41534385570194 0.31700009581519 0.38970652816631 0.29994156184893 0.22950394010259 0.37135230913115 0.27455088233685 -0.52691735947067 -0.22484884218475 -0.2164794306396 -0.1400259781324"
General-1-20251226-13:57:32-67455,vector,AdhocNetwork1.host[4].app[1],e2eDelayPeriodicSec,,,"1 2 3 4 5 6 7 8 9 10 11 12 13 14 15 16 17 18 19 20 21 22 23 24 25 26 27 28 29 30 31 32 33 34 35 36 37 38 39 40","NaN NaN NaN NaN 0.049077148174 0.049077148174 0.049077148174 NaN NaN 0.025704183563 0.025704183563 0.025704183563 NaN NaN 0.050361224018 0.050361224018 0.050361224018 NaN NaN NaN 0.175793725221 0.175793725221 0.175793725221 NaN NaN NaN NaN NaN NaN NaN NaN NaN NaN NaN NaN 9.423673612856 9.423673612856 9.423673612856 NaN NaN"
General-1-20251226-13:57:32-67455,vector,AdhocNetwork1.host[4].rl,rlReward,,,"1 2 3 4 5 6 7 8 9 10 11 12 13 14 15 16 17 18 19 20 21 22 23 24 25 26 27 28 29 30 31 32 33 34 35 36 37 38 39 40","0.33333333333333 0.1 0 0.18497055459589 0.19777602440302 0.22625180915285 0.2081520885456 0.22158096221799 0.23765605668181 0.22442843862866 0.22930686641932 0.45704839444127 0.25459863198384 0.17619437844699 0.22884855450629 0.2129542378449 0.17194660789611 0.22637411026381 0.21807911360467 -0.35732656934819 -0.47880976520913 0.20106626722661 0.2184207233285 0.22886942760182 0.20464518919748 0.22068592928972 0.18235408787213 0.21691503905562 0.21444988821718 0.070411409319943 0.15400938570346 0.19474677036016 0.22729173679594 0.2609416754121 0.19337668959697 0.1888021828376 0.23589522849433 0.23366220019832 0.22359121718792 0.22895037310043"
General-1-20251226-13:57:32-67455,vector,AdhocNetwork1.host[5].app[1],e2eDelayPeriodicSec,,,"1 2 3 4 5 6 7 8 9 10 11 12 13 14 15 16 17 18 19 20 21 22 23 24 25 26 27 28 29 30 31 32 33 34 35 36 37 38 39 40","NaN 0.425116485083 0.425116485083 0.425116485083 NaN NaN 0.027052093527 0.027052093527 0.027052093527 NaN NaN 0.0201083391 0.0201083391 0.0201083391 NaN NaN NaN 0.061714628563 0.061714628563 0.061714628563 NaN NaN 0.019610095174 0.019610095174 0.019610095174 NaN NaN NaN 0.043432555782 0.043432555782 0.043432555782 NaN NaN 0.033367007799 0.033367007799 0.033367007799 NaN NaN 0.01626267128 0.01626267128"
General-1-20251226-13:57:32-67455,vector,AdhocNetwork1.host[5].rl,rlReward,,,"1 2 3 4 5 6 7 8 9 10 11 12 13 14 15 16 17 18 19 20 21 22 23 24 25 26 27 28 29 30 31 32 33 34 35 36 37 38 39 40","0.33333333333333 0 0 0.1 0 0.33184267777149 0.10425309931819 0.087328901801033 0.17983812448392 0.091744719337573 0.10680078766067 0.089187769421946 0.025090324890856 0.11086294354995 0.32610691356731 0.14566293637289 0.083042209430199 0.14043739036438 0.10394287947521 0.16855722210679 -0.5761445850148 0.23756997578815 0.3315972947134 0.41398718630187 0.35811555052842 0.33686087378979 0.12320329313301 -0.0019253272396996 0.26720768295927 0.37221893298712 0.28829562170997 0.2318274503999 0.31562693222534 0.36136958387775 0.00031786419847973 0.22731611932952 0.3636491191552 0.29876879124492 0.39414576948601 0.36938909538495"
General-1-20251226-13:57:32-67455,vector,AdhocNetwork1.host[6].app[1],e2eDelayPeriodicSec,,,"1 2 3 4 5 6 7 8 9 10 11 12 13 14 15 16 17 18 19 20 21 22 23 24 25 26 27 28 29 30 31 32 33 34 35 36 37 38 39 40","NaN NaN NaN NaN 3.06900996516 3.06900996516 3.06900996516 NaN NaN 0.008533450482 0.008533450482 0.008533450482 NaN NaN 0.048114084177 0.048114084177 0.048114084177 NaN NaN 0.00867414143 0.00867414143 0.00867414143 NaN NaN 0.010225091157 0.010225091157 0.010225091157 NaN NaN NaN NaN NaN NaN NaN NaN 3.080282447079 3.080282447079 3.080282447079 NaN NaN"
General-1-20251226-13:57:32-67455,vector,AdhocNetwork1.host[6].rl,rlReward,,,"1 2 3 4 5 6 7 8 9 10 11 12 13 14 15 16 17 18 19 20 21 22 23 24 25 26 27 28 29 30 31 32 33 34 35 36 37 38 39 40","0.33333333333333 0 0.0023483338010222 0.78226914046246 0.10528126722892 0.16578693812788 -0.55554740350943 -0.53289093008836 -0.5210563366884 -0.55315802783691 -0.62639707093787 0.10162222121347 0.14512927582916 0.0024136313903732 0.18575603622052 0.14682160956444 0.31085193047645 0.31398340062238 0.73438248418981 0.24988910144656 0.27374704817371 0.37998246179598 -0.32693938049538 -0.24716858911197 -0.34192668764709 -0.29566930173793 -0.3193060637235 -0.26152085065223 -0.55560632899209 -0.38996982173091 -0.40727038674598 0.25064878202636 0.31790030890966 0.27090660980263 0.35848731221185 0.23687254533442 0.36417096429091 0.35174828597373 0.36554940490669 0.29749169405245"
General-1-20251226-13:57:32-67455,vector,AdhocNetwork1.host[7].app[1],e2eDelayPeriodicSec,,,"1 2 3 4 5 6 7 8 9 10 11 12 13 14 15 16 17 18 19 20 21 22 23 24 25 26 27 28 29 30 31 32 33 34 35 36 37 38 39 40","NaN NaN NaN 0.071233091898 0.071233091898 0.071233091898 NaN NaN 0.043803545542 0.043803545542 0.043803545542 NaN NaN NaN NaN 0.074546084554 0.074546084554 0.074546084554 NaN NaN NaN 0.143714214949 0.143714214949 0.143714214949 NaN NaN 0.214623481291 0.214623481291 0.214623481291 NaN NaN NaN NaN NaN 0.039633277097 0.039633277097 0.039633277097 NaN NaN 0.025254065756"
General-1-20251226-13:57:32-67455,vector,AdhocNetwork1.host[7].rl,rlReward,,,"1 2 3 4 5 6 7 8 9 10 11 12 13 14 15 16 17 18 19 20 21 22 23 24 25 26 27 28 29 30 31 32 33 34 35 36 37 38 39 40","0.33333333333333 0 0 0.13692589986466 -0.58296113507152 -0.49796390179499 -0.49866065638638 -0.57842253290987 -0.33185789137238 -0.42627440280212 -0.55450342801173 0.36039451115259 0.20027879879204 0.24947013650573 0.22006904973808 0.18010527711455 0.26219887354521 0.32332725019871 -0.36442528056271 -0.2487236590444 -0.30072576752906 0.19436899063817 0.26298127329638 -0.25084052543436 -0.45698615387495 -0.19281725217132 -0.0061623863285538 -0.60304175231104 -0.36099286289886 -0.25164529440169 -0.56156499460248 0.3067555041234 -0.68852008808845 -0.23865671703572 -0.46854177484873 -0.41268854341003 -0.49289340587376 -0.24359808713019 -0.28238567822051 -0.45881062480874"
General-1-20251226-13:57:32-67455,vector,AdhocNetwork1.host[8].app[1],e2eDelayPeriodicSec,,,"1 2 3 4 5 6 7 8 9 10 11 12 13 14 15 16 17 18 19 20 21 22 23 24 25 26 27 28 29 30 31 32 33 34 35 36 37 38 39 40","NaN NaN 0.035346147635 0.035346147635 0.035346147635 NaN NaN 0.063910082624 0.063910082624 0.063910082624 NaN NaN 0.11389398148 0.11389398148 0.11389398148 NaN NaN NaN 0.030371052667 0.030371052667 0.030371052667 NaN NaN 0.033136373085 0.033136373085 0.033136373085 NaN NaN 0.040286449301 0.040286449301 0.040286449301 NaN NaN 0.077462587743 0.077462587743 0.077462587743 NaN NaN 0.031020772336 0.031020772336"
General-1-20251226-13:57:32-67455,vector,AdhocNetwork1.host[8].rl,rlReward,,,"1 2 3 4 5 6 7 8 9 10 11 12 13 14 15 16 17 18 19 20 21 22 23 24 25 26 27 28 29 30 31 32 33 34 35 36 37 38 39 40","0.33333333333333 0 -0.2 0.022970989231531 0 -0.5370935449927 -0.58785795685872 -0.57225921276785 -0.30677812875643 -0.50494700778394 -0.44017725539825 0.0095368786011605 0.3324610866247 0 0.2612804562528 0.28141967904 0.3 0.21220949154183 -0.49517035634125 -0.28392882469209 -0.31303219665467 0.27507550589632 -0.0061811901141534 0.30179081877564 0.15244637582662 0.46598642657816 0.192015311426 0.3520103197632 0.40803150469791 0.43873021815384 0.43982246752705 0.43258125865729 0.40007060586467 0.47647965462938 0.39246417342181 0.41078394752756 0.44888283686378 0.42213724754871 0.46121513898588 0.44222060450988"
General-1-20251226-13:57:32-67455,vector,AdhocNetwork1.host[9].app[1],e2eDelayPeriodicSec,,,"1 2 3 4 5 6 7 8 9 10 11 12 13 14 15 16 17 18 19 20 21 22 23 24 25 26 27 28 29 30 31 32 33 34 35 36 37 38 39 40","NaN NaN 0.715266186955 0.715266186955 0.715266186955 NaN NaN NaN NaN NaN NaN NaN NaN 0.228713591157 0.228713591157 0.228713591157 NaN NaN 0.024094728745 0.024094728745 0.024094728745 NaN NaN NaN 0.03710294831 0.03710294831 0.03710294831 NaN NaN 0.027762545607 0.027762545607 0.027762545607 NaN NaN NaN 0.04128079711 0.04128079711 0.04128079711 NaN NaN"
General-1-20251226-13:57:32-67455,vector,AdhocNetwork1.host[9].rl,rlReward,,,"1 2 3 4 5 6 7 8 9 10 11 12 13 14 15 16 17 18 19 20 21 22 23 24 25 26 27 28 29 30 31 32 33 34 35 36 37 38 39 40","0.33333333333333 0 0 0.6113963884046 -0.6 -0.42850831517794 -0.55345225905432 -0.39548607327107 -0.47190862955251 -0.53780701173267 -0.17353701412543 0.19783974292195 0.039249286536524 0.16977015302513 0.37620301304419 -0.20673545155544 -0.21502588513148 -0.33786544742976 -0.5521173112838 -0.18793773304197 -0.49857029241095 0.43664556716706 0.03571401276185 0.41193134842882 0.47526134528081 0.45970725860269 0.39373972940516 0.46754421129335 0.46040801727981 0.044583249465691 0.4793904230261 0.43976375762326 0.4532951031944 0.4730573106229 0.50527437468193 -0.56413160090718 -0.51065253638106 -0.52257912746599 -0.10481295150818 -0.51053684455659"
General-1-20251226-13:57:32-67455,vector,AdhocNetwork1.host[10].app[1],e2eDelayPeriodicSec,,,"1 2 3 4 5 6 7 8 9 10 11 12 13 14 15 16 17 18 19 20 21 22 23 24 25 26 27 28 29 30 31 32 33 34 35 36 37 38 39 40","NaN 0.099079527303 0.099079527303 0.099079527303 NaN NaN NaN NaN NaN NaN 3.866998620094 3.866998620094 3.866998620094 NaN NaN NaN 0.272282659004 0.272282659004 0.272282659004 NaN NaN 0.023715399946 0.023715399946 0.023715399946 NaN NaN NaN NaN NaN NaN 3.047143544812 3.047143544812 3.047143544812 NaN NaN 0.019578534812 0.019578534812 0.019578534812 NaN NaN"
General-1-20251226-13:57:32-67455,vector,AdhocNetwork1.host[10].rl,rlReward,,,"1 2 3 4 5 6 7 8 9 10 11 12 13 14 15 16 17 18 19 20 21 22 23 24 25 26 27 28 29 30 31 32 33 34 35 36 37 38 39 40","0.33333333333333 0 0.14386299898892 0.84480867239131 0.850344191104 0.17345954448871 -0.52790072547392 -0.62591779329444 -0.47739974755176 -0.48898788597383 -0.48007102415548 0.068168182306294 0.20051254162698 -0.59553487896123 -0.55117237326393 -0.49553750863353 -0.55275388559991 -0.52606125699541 -0.57154004349095 -0.26356824704293 -0.42613926619361 0.15602995094542 0.11195514412261 0.35725842499065 0.29801019603074 0.42715160512122 0.18081016741855 0.27064538203466 0.040995588392681 0.33569610829635 0.3974283977092 0.41537062834759 0.33434343445542 0.43324123483267 0.39582274044545 0.31110990718874 0.37998708277395 0.29236961805815 0.40592610388519 0.40000821299146"
General-1-20251226-13:57:32-67455,vector,AdhocNetwork1.host[11].app[1],e2eDelayPeriodicSec,,,"1 2 3 4 5 6 7 8 9 10 11 12 13 14 15 16 17 18 19 20 21 22 23 24 25 26 27 28 29 30 31 32 33 34 35 36 37 38 39 40","NaN NaN NaN NaN NaN NaN NaN NaN NaN NaN 9.027617816118 9.027617816118 9.027617816118 NaN NaN 0.029870190084 0.029870190084 0.029870190084 NaN NaN 0.008753595718 0.008753595718 0.008753595718 NaN NaN 0.007973318746 0.007973318746 0.007973318746 NaN NaN 0.011740301634 0.011740301634 0.011740301634 NaN NaN 0.017427238774 0.017427238774 0.017427238774 NaN NaN"
General-1-20251226-13:57:32-67455,vector,AdhocNetwork1.host[11].rl,rlReward,,,"1 2 3 4 5 6 7 8 9 10 11 12 13 14 15 16 17 18 19 20 21 22 23 24 25 26 27 28 29 30 31 32 33 34 35 36 37 38 39 40","0.33333333333333 0 0.090088605690413 0.73716633937772 0.079315640675165 -0.57142106477544 -0.59946476889401 -0.59299895341098 -0.57284513791585 -0.53358230018925 -0.57879643931639 0.39195777307188 0.42117887012006 -0.65871226547949 -0.64381133052244 -0.6907022330892 -0.5 -0.30123409975584 -0.7 -0.6275228306102 0.060665013233484 0.3 0.021772419501747 0.1832234120397 0.41699455303231 0.18881354751835 -0.18230591524876 0.41675675141463 0.36669662354458 0.32509217403435 0.44533406864615 0.16358242946609 -0.14297785678298 0.18437889631062 0.032035671356343 0.15411253832141 0.29062075164092 0.45631776026615 0.42097151492276 0.48282121725605"
General-1-20251226-13:57:32-67455,vector,AdhocNetwork1.host[12].app[1],e2eDelayPeriodicSec,,,"1 2 3 4 5 6 7 8 9 10 11 12 13 14 15 16 17 18 19 20 21 22 23 24 25 26 27 28 29 30 31 32 33 34 35 36 37 38 39 40","NaN 0.09724736168 0.09724736168 0.09724736168 NaN NaN 0.010970116586 0.010970116586 0.010970116586 NaN NaN 0.032749940534 0.032749940534 0.032749940534 NaN NaN 0.012114281269 0.012114281269 0.012114281269 NaN NaN 0.01959058423 0.01959058423 0.01959058423 NaN NaN 0.01680533232 0.01680533232 0.01680533232 NaN NaN 0.007993153394 0.007993153394 0.007993153394 NaN NaN 0.017488102909 0.017488102909 0.017488102909 NaN"
General-1-20251226-13:57:32-67455,vector,AdhocNetwork1.host[12].rl,rlReward,,,"1 2 3 4 5 6 7 8 9 10 11 12 13 14 15 16 17 18 19 20 21 22 23 24 25 26 27 28 29 30 31 32 33 34 35 36 37 38 39 40","0.33333333333333 0 0.15541776910368 0.14806055430526 0.1874050430717 0.15628115848268 0.077187846578657 0.14362810689497 0.15040493805513 0.15151844672645 0.15521206992717 0.10064879906702 0.11746804013936 0 0.094439800602266 0.11781580552284 0.10078817561909 0.1991689349501 -0.56086956959802 -0.52839700272003 -0.52059565450478 0.070064203692035 0.20432264201461 0.2132102126468 0.17958581862448 0.21628895459309 0.077578982567796 0.1265823668606 0.44610187909943 0.20913514847187 0.22007147586695 0.22417588190878 0.17161220686249 0.20742010837106 0.17910842930574 0.18799476483851 0.21443019532772 0.17233500806065 0.21306089188153 0.22205133916193"
General-1-20251226-13:57:32-67455,vector,AdhocNetwork1.host[13].app[1],e2eDelayPeriodicSec,,,"1 2 3 4 5 6 7 8 9 10 11 12 13 14 15 16 17 18 19 20 21 22 23 24 25 26 27 28 29 30 31 32 33 34 35 36 37 38 39 40","NaN 0.091829608673 0.091829608673 0.091829608673 NaN NaN 0.009025508452 0.009025508452 0.009025508452 NaN NaN 0.008330589984 0.008330589984 0.008330589984 NaN NaN 0.027789536615 0.027789536615 0.027789536615 NaN NaN 0.011333830664 0.011333830664 0.011333830664 NaN NaN 0.040316877856 0.040316877856 0.040316877856 NaN NaN 0.031661729861 0.031661729861 0.031661729861 NaN NaN 0.008730589984 0.008730589984 0.008730589984 NaN"
General-1-20251226-13:57:32-67455,vector,AdhocNetwork1.host[13].rl,rlReward,,,"1 2 3 4 5 6 7 8 9 10 11 12 13 14 15 16 17 18 19 20 21 22 23 24 25 26 27 28 29 30 31 32 33 34 35 36 37 38 39 40","0.33333333333333 0 0 0.66666666666667 0.69860443447341 0.81826488975559 0.11369651467752 0.12317906708565 0.1495699465981 -0.54599169806351 -0.45130939916921 -0.50035369480801 -0.5255106310704 -0.53953671066029 -0.5555311738885 -0.38325816772135 -0.56893677548841 -0.45039652402142 -0.51031786636205 -0.51937694777684 -0.55562746505798 0.053884218488919 -0.46373321702608 -0.475666578138 -0.53557618922932 -0.44528455698917 -0.48762219410486 -0.48596367342467 -0.53139731750911 -0.18714163490153 -0.34744166725625 0.17562339715496 0.45464658606971 0.44697610102788 0.4973004369983 0.44462320317547 0.45483010802291 0.46412918657211 0.43418854959556 0.48399543062536"
General-1-20251226-13:57:32-67455,vector,AdhocNetwork1.host[14].app[1],e2eDelayPeriodicSec,,,"1 2 3 4 5 6 7 8 9 10 11 12 13 14 15 16 17 18 19 20 21 22 23 24 25 26 27 28 29 30 31 32 33 34 35 36 37 38 39 40","NaN NaN 0.96830246037 0.96830246037 0.96830246037 NaN NaN NaN NaN NaN NaN NaN 0.035915175794 0.035915175794 0.035915175794 NaN NaN 0.070075651865 0.070075651865 0.070075651865 NaN NaN NaN NaN NaN 0.132763953766 0.132763953766 0.132763953766 NaN NaN NaN 0.075870723705 0.075870723705 0.075870723705 NaN NaN NaN 0.037137550839 0.037137550839 0.037137550839"
General-1-20251226-13:57:32-67455,vector,AdhocNetwork1.host[14].rl,rlReward,,,"1 2 3 4 5 6 7 8 9 10 11 12 13 14 15 16 17 18 19 20 21 22 23 24 25 26 27 28 29 30 31 32 33 34 35 36 37 38 39 40","0.33333333333333 0 0 0 0.066652354162091 0.11342664924919 -0.52999886462089 -0.53621692238088 -0.44942198626684 -0.55461831298468 -0.29214777354292 0.13356077719448 -0.56876332031755 -0.66115699016061 -0.39762177491492 -0.54610139760295 -0.62756645111877 -0.58632107619952 -0.32965005781592 -0.52410166988135 -0.44162439093182 0.0064416699508049 0.37851813586003 0.47367535806735 0.13357536925632 0.20835939163584 0.079248389708035 0.42879831782319 0.30286824678149 0.013610296656088 0.41887865766836 0.33566016291392 0.41385420205092 0.15552056647578 0.43981394318974 0.40148147612588 0.43036178613963 0.44231311817773 0.45032994974887 0.43464973104306"
General-1-20251226-13:57:32-67455,vector,AdhocNetwork1.host[15].app[1],e2eDelayPeriodicSec,,,"1 2 3 4 5 6 7 8 9 10 11 12 13 14 15 16 17 18 19 20 21 22 23 24 25 26 27 28 29 30 31 32 33 34 35 36 37 38 39 40","NaN NaN NaN NaN NaN NaN NaN NaN 0.059076103821 0.059076103821 0.059076103821 NaN NaN 0.01652310753 0.01652310753 0.01652310753 NaN NaN 0.016123855182 0.016123855182 0.016123855182 NaN NaN 0.00761493834 0.00761493834 0.00761493834 NaN NaN 0.007934490034 0.007934490034 0.007934490034 NaN NaN 0.008694077404 0.008694077404 0.008694077404 NaN NaN 0.008153712888 0.008153712888"
General-1-20251226-13:57:32-67455,vector,AdhocNetwork1.host[15].rl,rlReward,,,"1 2 3 4 5 6 7 8 9 10 11 12 13 14 15 16 17 18 19 20 21 22 23 24 25 26 27 28 29 30 31 32 33 34 35 36 37 38 39 40","0.33333333333333 0 0.10937626440711 0 -0.57477577763203 -0.57868643235305 -0.33809077409096 -0.61464353472717 -0.61661399639082 -0.58998284691962 -0.31190468703516 0.22150096151826 -0.58280883319759 -0.5 0.2 -0.59989123883095 -0.5280360435918 -0.23438639978389 -0.36572235000937 -0.38191821416893 -0.34350346194568 0.12602944284792 0.050346932135207 0.44802025001307 -0.050118289112347 0.21760582302071 0.38769222089457 0.21107190962167 -0.12084440184034 0.16760489528836 0.44744553398246 0.47977747608555 0.38528690487866 0.44605732112747 0.4848726555882 0.35916526878404 0.4266963491314 0.47445088113842 0.45223466552919 0.48309032882281"
General-1-20251226-13:57:32-67455,vector,AdhocNetwork1.host[16].app[1],e2eDelayPeriodicSec,,,"1 2 3 4 5 6 7 8 9 10 11 12 13 14 15 16 17 18 19 20 21 22 23 24 25 26 27 28 29 30 31 32 33 34 35 36 37 38 39 40","NaN NaN NaN NaN 0.552604985653 0.552604985653 0.552604985653 NaN NaN NaN NaN NaN NaN 0.191429522508 0.191429522508 0.191429522508 NaN NaN NaN NaN NaN NaN 0.030223952764 0.030223952764 0.030223952764 NaN NaN 0.102405236295 0.102405236295 0.102405236295 NaN NaN 0.061340737756 0.061340737756 0.061340737756 NaN NaN 0.043254755046 0.043254755046 0.043254755046"
General-1-20251226-13:57:32-67455,vector,AdhocNetwork1.host[16].rl,rlReward,,,"1 2 3 4 5 6 7 8 9 10 11 12 13 14 15 16 17 18 19 20 21 22 23 24 25 26 27 28 29 30 31 32 33 34 35 36 37 38 39 40","0.33333333333333 0 0.065280710406697 0 0.07794582765856 0.05072174917325 0.18238463574846 0.151554315575 0.10081148029922 0.14073978146123 0.20226006950301 0.16249166757598 0.16595388238756 -0.61876994635631 -0.60886638734772 -0.59869736737242 -0.49675121862686 -0.47175897329987 -0.53792212243733 -0.26982298721446 -0.37647535148625 0.11658845240339 0.18489228437699 0.46853095905487 0.47502043084201 0.41041654481111 0.38110344800147 0.27868926741484 0.20956161686386 0.39276116416643 0.36138837223221 0.38621524223404 -0.10694656374736 0.24385580149183 0.021492083267963 0.33766842525589 0.39559662265162 0.35941065223523 0.30154514145035 0.39279513769003"
General-1-20251226-13:57:32-67455,vector,AdhocNetwork1.host[17].app[1],e2eDelayPeriodicSec,,,"1 2 3 4 5 6 7 8 9 10 11 12 13 14 15 16 17 18 19 20 21 22 23 24 25 26 27 28 29 30 31 32 33 34 35 36 37 38 39 40","NaN NaN NaN NaN NaN NaN NaN NaN NaN NaN 0.041931792412 0.041931792412 0.041931792412 NaN NaN 0.067245613179 0.067245613179 0.067245613179 NaN NaN NaN 0.145610705507 0.145610705507 0.145610705507 NaN NaN 0.522714644911 0.522714644911 0.522714644911 NaN NaN NaN 0.059023069029 0.059023069029 0.059023069029 NaN NaN 0.05968515644 0.05968515644 0.05968515644"
General-1-20251226-13:57:32-67455,vector,AdhocNetwork1.host[17].rl,rlReward,,,"1 2 3 4 5 6 7 8 9 10 11 12 13 14 15 16 17 18 19 20 21 22 23 24 25 26 27 28 29 30 31 32 33 34 35 36 37 38 39 40","0.33333333333333 0 0.020565790209818 0 0.1175983181049 0.040694205800846 0.15398175065033 0.11595905261108 -0.65035448736287 -0.66666666666667 -0.27369014693532 0.17725080416588 0.46283478886552 0.35585408221776 -0.2299800206926 -0.69568436169966 -0.57297756011612 -0.5373502652092 -0.5182187367167 -0.6238169470315 -0.40997785235895 0.23583885930762 0.28458181914192 0.48208350697467 0.29839110517566 0.39999403764412 0.30507435472438 0.2357333718864 0.3026439508071 0.38350882664325 0.33625839121197 0.32675799496884 0.34473382374217 0.29837470758763 0.40381467318395 0.28329960585145 0.27885856206167 0.40945375220309 -0.01726783076601 0.43813114636521"
General-1-20251226-13:57:32-67455,vector,AdhocNetwork1.host[18].app[1],e2eDelayPeriodicSec,,,"1 2 3 4 5 6 7 8 9 10 11 12 13 14 15 16 17 18 19 20 21 22 23 24 25 26 27 28 29 30 31 32 33 34 35 36 37 38 39 40","NaN NaN NaN NaN 3.259755746612 3.259755746612 3.259755746612 NaN NaN 0.011938979872 0.011938979872 0.011938979872 NaN NaN 0.04102245254 0.04102245254 0.04102245254 NaN NaN 0.007492789626 0.007492789626 0.007492789626 NaN NaN 0.007632789626 0.007632789626 0.007632789626 NaN NaN 0.007772789626 0.007772789626 0.007772789626 NaN NaN 0.011218946898 0.011218946898 0.011218946898 NaN NaN 0.008512789626"
General-1-20251226-13:57:32-67455,vector,AdhocNetwork1.host[18].rl,rlReward,,,"1 2 3 4 5 6 7 8 9 10 11 12 13 14 15 16 17 18 19 20 21 22 23 24 25 26 27 28 29 30 31 32 33 34 35 36 37 38 39 40","0.33333333333333 0 0.16592781852659 0.14699107255493 0.21016976269364 0.20740310330667 0.24596005287936 0.20060501073861 0.19950943388865 0.20919792772947 0.22787107443903 0.23732864772781 0.23835074281386 -0.48734060158701 -0.55745653901999 -0.53442728774663 -0.43007149818247 -0.41230438342449 -0.42829771713007 -0.45543666708187 -0.43999693939285 0.16733348897929 0.20791050282508 0.23734527088054 0.22101320211959 0.24817419915477 0.242673529616 0.47640992434698 0.4223020679493 0.52455092456468 0.50213039245062 0.095853807032556 0.49794210278527 0.43492872841219 0.5290283984192 0.47694850471062 0.4269632660235 0.52134296006206 0.46398366462833 0.52429003180941"
General-1-20251226-13:57:32-67455,vector,AdhocNetwork1.host[19].app[1],e2eDelayPeriodicSec,,,"1 2 3 4 5 6 7 8 9 10 11 12 13 14 15 16 17 18 19 20 21 22 23 24 25 26 27 28 29 30 31 32 33 34 35 36 37 38 39 40","NaN 0.300248792346 0.300248792346 0.300248792346 NaN NaN NaN 0.091623003368 0.091623003368 0.091623003368 NaN NaN 0.008093589664 0.008093589664 0.008093589664 NaN NaN 0.008533314165 0.008533314165 0.008533314165 NaN NaN 0.008573119632 0.008573119632 0.008573119632 NaN NaN 0.029272909519 0.029272909519 0.029272909519 NaN NaN 0.042458811002 0.042458811002 0.042458811002 NaN NaN NaN NaN NaN"
General-1-20251226-13:57:32-67455,vector,AdhocNetwork1.host[19].rl,rlReward,,,"1 2 3 4 5 6 7 8 9 10 11 12 13 14 15 16 17 18 19 20 21 22 23 24 25 26 27 28 29 30 31 32 33 34 35 36 37 38 39 40","0.33333333333333 0 0.13060254061056 0.084144757175035 -0.53776344663725 -0.50030950674666 -0.42633726077639 -0.53568740576436 0.20741122523157 0.058987221014572 -0.1722940229764 0.43881054373318 0.4537069227357 0.35108801314991 0.3003480754572 0.29329229802619 0.41452378699089 0.44321755712665 0.064127771987871 0.40514475009182 0.15426546151197 0.40061975558076 -0.17031462837016 -0.16277676868312 -0.1605215686158 -0.17605189526007 -0.15816748135105 -0.17876245183227 -0.26343495845736 -0.15601771606604 -0.25083803517464 0.39597069188406 0.43573433766174 0.38170840360481 0.4743136779806 0.4366770670401 0.37929155408743 0.47299771265129 0.42171644242955 0.094055191782679"
General-1-20251226-13:57:32-67455,vector,AdhocNetwork1.host[20].app[1],e2eDelayPeriodicSec,,,"1 2 3 4 5 6 7 8 9 10 11 12 13 14 15 16 17 18 19 20 21 22 23 24 25 26 27 28 29 30 31 32 33 34 35 36 37 38 39 40","NaN NaN 1.55905839655 1.55905839655 1.55905839655 NaN NaN 0.021853055326 0.021853055326 0.021853055326 NaN NaN NaN NaN 0.265841392799 0.265841392799 0.265841392799 NaN NaN NaN 0.055656524763 0.055656524763 0.055656524763 NaN NaN NaN 0.019044202277 0.019044202277 0.019044202277 NaN NaN 0.015826008729 0.015826008729 0.015826008729 NaN NaN 0.014906040302 0.014906040302 0.014906040302 NaN"
General-1-20251226-13:57:32-67455,vector,AdhocNetwork1.host[20].rl,rlReward,,,"1 2 3 4 5 6 7 8 9 10 11 12 13 14 15 16 17 18 19 20 21 22 23 24 25 26 27 28 29 30 31 32 33 34 35 36 37 38 39 40","0.33333333333333 0 0.11820202842184 0.015689750912931 0.061755688177243 0.047979152591554 0.10547680546408 0.030213655193436 0.037470627608881 0.0260983641703 0.15131119424528 0.17876608770278 0.16602553956735 0 0.3550729448048 0.72763625559332 0.18236347819595 0.05236821274818 0.21714284972959 0.16562615313366 0.10813523433767 0.1837080881941 0.18039608900613 0.21017322979053 0.17049488780832 0.1572846546132 0.16048891050939 0.1051646896542 0.092337718449751 0.1893902340157 0.090016769765064 0.11689802541141 0.16319388386633 0.0049203862114081 0.17119132200296 0.30877125708815 0.10933421697006 0.21180929380911 0.077944840626452 0.19061758551695"
General-1-20251226-13:57:32-67455,vector,AdhocNetwork1.host[21].app[1],e2eDelayPeriodicSec,,,"1 2 3 4 5 6 7 8 9 10 11 12 13 14 15 16 17 18 19 20 21 22 23 24 25 26 27 28 29 30 31 32 33 34 35 36 37 38 39 40","NaN NaN NaN NaN NaN NaN 5.041258508713 5.041258508713 5.041258508713 NaN NaN NaN NaN NaN NaN NaN NaN NaN NaN 0.048296218555 0.048296218555 0.048296218555 NaN NaN NaN NaN NaN 3.403759126276 3.403759126276 3.403759126276 NaN NaN NaN 0.029785268573 0.029785268573 0.029785268573 NaN NaN NaN 0.036276655699"
General-1-20251226-13:57:32-67455,vector,AdhocNetwork1.host[21].rl,rlReward,,,"1 2 3 4 5 6 7 8 9 10 11 12 13 14 15 16 17 18 19 20 21 22 23 24 25 26 27 28 29 30 31 32 33 34 35 36 37 38 39 40","0.33333333333333 0 0 0 0.051688765709585 0 0.16796179934834 0.10159106981055 0.27234331841395 -0.60408730778717 -0.33342485675374 0.15637144343279 0.38109092015386 0.24134425293921 0.22669183987361 0.20514286130043 0.46658042757304 0.44457443428114 0.46663542943809 0.41022593973997 0.44596755670231 0.42034127173431 0.44863427925732 0.47581321902964 0.42705641113318 0.47758630130793 0.44157621743552 0.389293778844 0.38773853146719 0.37413793546914 0.3 0.43574008527772 0.49011958572938 0.48313364547724 0.49582766827759 0.46667468724162 0.49408167338307 0.51485029784602 0.073534104192953 0.51547563915159"
General-1-20251226-13:57:32-67455,vector,AdhocNetwork1.host[22].app[1],e2eDelayPeriodicSec,,,"1 2 3 4 5 6 7 8 9 10 11 12 13 14 15 16 17 18 19 20 21 22 23 24 25 26 27 28 29 30 31 32 33 34 35 36 37 38 39 40","NaN NaN NaN NaN NaN NaN NaN 3.09610502443 3.09610502443 3.09610502443 NaN NaN 0.030228612576 0.030228612576 0.030228612576 NaN NaN NaN NaN NaN NaN 0.026203930731 0.026203930731 0.026203930731 NaN NaN NaN 0.034804368878 0.034804368878 0.034804368878 NaN NaN 0.04149794813 0.04149794813 0.04149794813 NaN NaN 0.025375175794 0.025375175794 0.025375175794"
General-1-20251226-13:57:32-67455,vector,AdhocNetwork1.host[22].rl,rlReward,,,"1 2 3 4 5 6 7 8 9 10 11 12 13 14 15 16 17 18 19 20 21 22 23 24 25 26 27 28 29 30 31 32 33 34 35 36 37 38 39 40","0.33333333333333 0 0.16436244562185 0.10386188128097 -0.57082942231667 -0.52661168272482 -0.51008430652879 -0.62924365257735 -0.31996677820283 -0.46328721807538 -0.48153904080024 0.18503711929182 0.39140542562006 0.1 0.28901610639553 0.30493388389655 0.42497359571241 0.41259029633645 0.34414424594708 0.36931416162237 0.37740415565855 0.2860968895852 -0.37249927478819 -0.27053914858171 -0.25900772388935 -0.19772024779925 -0.24125197582889 -0.32962280379797 -0.46445860868664 -0.43122903560803 -0.5 0.35845651169968 0.44460147821345 0.29493112600172 0.47040351018154 0.44665734158025 0.41363181834424 0.48927898597432 0.33454685896111 0.46605248838898"
General-1-20251226-13:57:32-67455,vector,AdhocNetwork1.host[23].app[1],e2eDelayPeriodicSec,,,"1 2 3 4 5 6 7 8 9 10 11 12 13 14 15 16 17 18 19 20 21 22 23 24 25 26 27 28 29 30 31 32 33 34 35 36 37 38 39 40","NaN NaN NaN NaN 3.026472773678 3.026472773678 3.026472773678 NaN NaN 0.015354222075 0.015354222075 0.015354222075 NaN NaN 0.038650558966 0.038650558966 0.038650558966 NaN NaN 0.015666367888 0.015666367888 0.015666367888 NaN NaN 0.019310659699 0.019310659699 0.019310659699 NaN NaN NaN 0.442048695062 0.442048695062 0.442048695062 NaN NaN 0.025857069729 0.025857069729 0.025857069729 NaN NaN"
General-1-20251226-13:57:32-67455,vector,AdhocNetwork1.host[23].rl,rlReward,,,"1 2 3 4 5 6 7 8 9 10 11 12 13 14 15 16 17 18 19 20 21 22 23 24 25 26 27 28 29 30 31 32 33 34 35 36 37 38 39 40","0.33333333333333 0 0 0.033715816237217 0.087292497991306 0.11849113444704 0.17291638732382 0.072187396039993 0.10041415080356 0.099010962011129 0.14151672289566 0.17951350569446 0.48073608795588 -0.081790379556814 0.41638411720932 0.3 0.4717894287043 0.50279251718565 0.49236391109154 0.46647535316882 -0.57308953087634 0.47822310363947 0.4713538174282 0.50235250816429 0.49005338161038 -0.017870651887029 0.43393682741167 0.44259948605557 0.44753036261215 0.47941988272091 0.35236172076691 0.44409639496331 0.48875942907715 0.49846171815735 0.45782290288227 0.0027753311547097 0.36613269583858 0.48614236803959 0.50323713129618 0.51750682130428"
General-1-20251226-13:57:32-67455,vector,AdhocNetwork1.host[24].app[1],e2eDelayPeriodicSec,,,"1 2 3 4 5 6 7 8 9 10 11 12 13 14 15 16 17 18 19 20 21 22 23 24 25 26 27 28 29 30 31 32 33 34 35 36 37 38 39 40","NaN NaN NaN NaN NaN 3.052942957106 3.052942957106 3.052942957106 NaN NaN NaN NaN NaN NaN 0.044857843107 0.044857843107 0.044857843107 NaN NaN 0.027093551948 0.027093551948 0.027093551948 NaN NaN 0.038788741502 0.038788741502 0.038788741502 NaN NaN 0.040362171623 0.040362171623 0.040362171623 NaN NaN 0.030669929597 0.030669929597 0.030669929597 NaN NaN NaN"
General-1-20251226-13:57:32-67455,vector,AdhocNetwork1.host[24].rl,rlReward,,,"1 2 3 4 5 6 7 8 9 10 11 12 13 14 15 16 17 18 19 20 21 22 23 24 25 26 27 28 29 30 31 32 33 34 35 36 37 38 39 40","0.33333333333333 0 0.0021024219153942 0 0 0.022730768656668 0.16933952949492 0.077555227825874 0.16965274840428 0.18752977974851 0.18012928324866 0.19371499974352 0.21767077047045 0.15448787428823 0.1949177424685 0.11846383943067 0.2184086022315 0.22072852986844 0.19421242774556 0.18110186122596 0.15602763949678 0.093973113505092 0.16264815484415 0.19790131214036 0.20737049899951 0.17459909710977 0.19463368205001 0.19602534670318 0.31305715994764 0.11029183289528 0 0.19640420455142 0.24281763470564 0.24587630574586 0.24914188440474 0.23586840656544 0.24316897348989 0.26535562353891 0.25263201211925 0.27168928565272"
General-2-20251226-13:57:32-67457,vector,AdhocNetwork1.host[0].app[1],e2eDelayPeriodicSec,,,"1 2 3 4 5 6 7 8 9 10 11 12 13 14 15 16 17 18 19 20 21 22 23 24 25 26 27 28 29 30 31 32 33 34 35 36 37 38 39 40","NaN NaN NaN NaN NaN NaN 0.153082450494 0.153082450494 0.153082450494 NaN NaN NaN NaN NaN NaN NaN 0.068292698835 0.068292698835 0.068292698835 NaN NaN 0.05208481954 0.05208481954 0.05208481954 NaN NaN NaN 0.051875062656 0.051875062656 0.051875062656 NaN NaN NaN NaN NaN 0.059546646347 0.059546646347 0.059546646347 NaN NaN"
General-2-20251226-13:57:32-67457,vector,AdhocNetwork1.host[0].rl,rlReward,,,"1 2 3 4 5 6 7 8 9 10 11 12 13 14 15 16 17 18 19 20 21 22 23 24 25 26 27 28 29 30 31 32 33 34 35 36 37 38 39 40","0.33333333333333 0 0 0.19063569377214 -0.49358135818106 -0.5259696616696 -0.25394936059818 -0.57462605917049 -0.52722639207707 -0.36926802569558 -0.44114479218922 0.41962563771634 0.43354719301732 0.37695146479025 0.31647033649258 0.44182762617227 0.25651024956052 0.41058409150328 0.45715744765382 0.41963771039164 0.2787706176075 0.41620175920965 0.38748163866661 0.35868786803687 0.40745245781497 0.28276249551765 0.05480629857944 0.36524783376273 0.053606069809672 0.37782114010798 0.057239372699116 0.40607734986111 0.38126528830382 0.36450480075858 0.41087232313355 0.33485483410195 0.15533621205423 0.39215480657147 0.42005400648298 0.38800153485883"
General-2-20251226-13:57:32-67457,vector,AdhocNetwork1.host[1].app[1],e2eDelayPeriodicSec,,,"1 2 3 4 5 6 7 8 9 10 11 12 13 14 15 16 17 18 19 20 21 22 23 24 25 26 27 28 29 30 31 32 33 34 35 36 37 38 39 40","NaN NaN NaN NaN NaN NaN NaN NaN NaN NaN 9.06907823163 9.06907823163 9.06907823163 NaN NaN 0.04211072673 0.04211072673 0.04211072673 NaN NaN 0.02022000692 0.02022000692 0.02022000692 NaN NaN NaN 0.02742950626 0.02742950626 0.02742950626 NaN NaN 0.027107592507 0.027107592507 0.027107592507 NaN NaN 0.0190363391 0.0190363391 0.0190363391 NaN"
General-2-20251226-13:57:32-67457,vector,AdhocNetwork1.host[1].rl,rlReward,,,"1 2 3 4 5 6 7 8 9 10 11 12 13 14 15 16 17 18 19 20 21 22 23 24 25 26 27 28 29 30 31 32 33 34 35 36 37 38 39 40","0.33333333333333 0 0 0.1195341814248 0.2886605439564 0.24651099838127 0.1 0.21784396641112 0.2681028173233 0.33074752950582 0.45863080198078 0.24244446657842 0.40495349421233 0.12474966925277 0.30553390318428 0.39533017026963 0.1 0.37198007772004 0.43406257376974 0.3935214550035 0.26151192337279 0.35151140018672 0.35418051112756 0.33756586283193 0.4235953367244 0.28534522371813 0.38302236451375 0.26778275722133 0.33053951234724 0.3504527177975 0.41715815518131 0.17374041846624 0.33218656506269 -0.099844334355359 0.3375754875859 0.38075230706122 0.38993338288374 0.31842478449103 0.21281103305653 0.30669173953159"
General-2-20251226-13:57:32-67457,vector,AdhocNetwork1.host[2].app[1],e2eDelayPeriodicSec,,,"1 2 3 4 5 6 7 8 9 10 11 12 13 14 15 16 17 18 19 20 21 22 23 24 25 26 27 28 29 30 31 32 33 34 35 36 37 38 39 40","NaN NaN 0.077642900768 0.077642900768 0.077642900768 NaN NaN NaN NaN 0.129729813188 0.129729813188 0.129729813188 NaN NaN 0.053845949226 0.053845949226 0.053845949226 NaN NaN 0.045393796221 0.045393796221 0.045393796221 NaN NaN 0.151965611912 0.151965611912 0.151965611912 NaN NaN NaN 0.238117350176 0.238117350176 0.238117350176 NaN NaN NaN 0.067173437151 0.067173437151 0.067173437151 NaN"
General-2-20251226-13:57:32-67457,vector,AdhocNetwork1.host[2].rl,rlReward,,,"1 2 3 4 5 6 7 8 9 10 11 12 13 14 15 16 17 18 19 20 21 22 23 24 25 26 27 28 29 30 31 32 33 34 35 36 37 38 39 40","0.33333333333333 0 0 0.091758635145539 0.061309692872507 0.091911741326677 0.10316023944604 0.11101399389103 0.10586832237288 0.089926735096091 0.16322720403319 0.15040065522321 0.18395409061282 0.15280038619832 0.093712046292918 0.16788847562576 0.052257077064434 0.092225688433985 0.15222955480042 0.10981651322942 0 0.15721370736632 0.052786716024258 0.095678280315898 0.022333545566215 0.01629725171939 0.11299545674874 0.13163077036941 0.16434441025899 0.12646086351249 0.056464542597421 0.087020929139465 0.094463409938848 0.12411080601379 0.3606276956963 0.14543739853834 0.063301583679685 0.10944735953317 0.45216921625225 0.14995550755431"
General-2-20251226-13:57:32-67457,vector,AdhocNetwork1.host[3].app[1],e2eDelayPeriodicSec,,,"1 2 3 4 5 6 7 8 9 10 11 12 13 14 15 16 17 18 19 20 21 22 23 24 25 26 27 28 29 30 31 32 33 34 35 36 37 38 39 40","NaN 0.084749385772 0.084749385772 0.084749385772 NaN NaN NaN 0.307677222165 0.307677222165 0.307677222165 NaN NaN 0.016027513385 0.016027513385 0.016027513385 NaN NaN 0.028571489841 0.028571489841 0.028571489841 NaN NaN 0.027201831763 0.027201831763 0.027201831763 NaN NaN NaN 0.023142153365 0.023142153365 0.023142153365 NaN NaN NaN 0.052589292545 0.052589292545 0.052589292545 NaN NaN 0.019831359372"
General-2-20251226-13:57:32-67457,vector,AdhocNetwork1.host[3].rl,rlReward,,,"1 2 3 4 5 6 7 8 9 10 11 12 13 14 15 16 17 18 19 20 21 22 23 24 25 26 27 28 29 30 31 32 33 34 35 36 37 38 39 40","0.33333333333333 0 0 0.39379704765569 0.15136126561144 -0.19265154785601 0.045472741704952 0.034090453061702 0.096959878442524 0.14550146884471 0.16784546023556 0.19608191132624 0.19670070441846 0.18980801996358 0.15658164098822 0.16445496193993 0 0.18608942750123 0.22713714283137 0.21631081012556 0.16857804371161 0.19208307079026 0.14890243069909 0.11430087740409 0.22147755256248 0.10866259130947 0.16677174685781 0.18695499292862 0.18411664075653 0.16571685272054 0.20490193687264 0.14357804629357 0.17036399879591 0.073092540260318 0.13511240689408 0.16698377308317 0.18941060519493 -0.50827668422377 -0.46289421599334 -0.31833156564683"
General-2-20251226-13:57:32-67457,vector,AdhocNetwork1.host[4].app[1],e2eDelayPeriodicSec,,,"1 2 3 4 5 6 7 8 9 10 11 12 13 14 15 16 17 18 19 20 21 22 23 24 25 26 27 28 29 30 31 32 33 34 35 36 37 38 39 40","NaN NaN NaN NaN NaN 0.104392910949 0.104392910949 0.104392910949 NaN NaN NaN NaN NaN NaN 0.064751489609 0.064751489609 0.064751489609 NaN NaN 0.040244155528 0.040244155528 0.040244155528 NaN NaN 0.076401675743 0.076401675743 0.076401675743 NaN NaN NaN 0.0637320437 0.0637320437 0.0637320437 NaN NaN 0.026935423031 0.026935423031 0.026935423031 NaN NaN"
General-2-20251226-13:57:32-67457,vector,AdhocNetwork1.host[4].rl,rlReward,,,"1 2 3 4 5 6 7 8 9 10 11 12 13 14 15 16 17 18 19 20 21 22 23 24 25 26 27 28 29 30 31 32 33 34 35 36 37 38 39 40","0.33333333333333 0 0.011264378415715 0.039102687749947 0.18836665066885 -0.4978233327728 -0.58461452870518 -0.58362293949826 -0.53623720047407 -0.3605494263248 -0.21864013433575 0.054600719044788 0.039355173174021 0.030406682200736 0.1208653994052 0.060238336190113 -0.2 0.01291055242109 0.21608217984032 0.022102689460765 -0.044032578533293 0.20554014311091 0.4304812362027 0.014424307193668 0.048367793692987 0.13480377940985 0.47525789727714 0.44808793944473 0.47229553134342 0.46051976352177 0.4667628062698 0.43936093871379 0.47873903292495 0.42521921266447 0.46993038869488 0.4682296446533 0.46538888908929 0.37229201195927 0.48467973779395 0.44515127463883"
General-2-20251226-13:57:32-67457,vector,AdhocNetwork1.host[5].app[1],e2eDelayPeriodicSec,,,"1 2 3 4 5 6 7 8 9 10 11 12 13 14 15 16 17 18 19 20 21 22 23 24 25 26 27 28 29 30 31 32 33 34 35 36 37 38 39 40","NaN NaN 0.21339186243 0.21339186243 0.21339186243 NaN NaN NaN 0.01590600692 0.01590600692 0.01590600692 NaN NaN 0.0341666558 0.0341666558 0.0341666558 NaN NaN 0.02396200692 0.02396200692 0.02396200692 NaN NaN NaN NaN NaN 0.0154143391 0.0154143391 0.0154143391 NaN NaN 0.0168743391 0.0168743391 0.0168743391 NaN NaN 0.0192983391 0.0192983391 0.0192983391 NaN"
General-2-20251226-13:57:32-67457,vector,AdhocNetwork1.host[5].rl,rlReward,,,"1 2 3 4 5 6 7 8 9 10 11 12 13 14 15 16 17 18 19 20 21 22 23 24 25 26 27 28 29 30 31 32 33 34 35 36 37 38 39 40","0.33333333333333 0 0 0.099614647639104 0.13526270231199 -0.54641041521457 -0.55801610796425 -0.66666666666667 -0.524404266044 -0.29048446433273 -0.3934793654111 0.23099424069995 0.44724063846463 0.20790848004105 0.39343080268589 0.22864711649724 0.21407549835669 0.42803353795425 0.45682939542429 0.41704521437219 0.35687276978939 0.41208973284576 0.35626810160429 0.36424057961444 0.44745125628169 0.32782439586815 0.21429208435957 0.28701695961279 0.33777239373572 0.39181980680329 0.41243419241041 0.38892362607974 0.40997107151759 0.3349624613436 0.34983807781665 0.35405602100884 0.39822472506282 -0.24466290026527 -0.16877222726553 -0.26012424603194"
General-2-20251226-13:57:32-67457,vector,AdhocNetwork1.host[6].app[1],e2eDelayPeriodicSec,,,"1 2 3 4 5 6 7 8 9 10 11 12 13 14 15 16 17 18 19 20 21 22 23 24 25 26 27 28 29 30 31 32 33 34 35 36 37 38 39 40","NaN NaN NaN NaN NaN NaN NaN NaN NaN 0.196722167373 0.196722167373 0.196722167373 NaN NaN NaN NaN NaN 0.441390598997 0.441390598997 0.441390598997 NaN NaN NaN 0.063048223867 0.063048223867 0.063048223867 NaN NaN NaN NaN NaN NaN 3.436381288338 3.436381288338 3.436381288338 NaN NaN NaN 0.524843604662 0.524843604662"
General-2-20251226-13:57:32-67457,vector,AdhocNetwork1.host[6].rl,rlReward,,,"1 2 3 4 5 6 7 8 9 10 11 12 13 14 15 16 17 18 19 20 21 22 23 24 25 26 27 28 29 30 31 32 33 34 35 36 37 38 39 40","0.33333333333333 0 0 0.061637666175497 0.098924254744283 -0.59113856682598 -0.6042827585717 -0.7 -0.32797045418326 -0.6 -0.54019160656195 0.20114602850211 0.41254697563974 0.16950444976907 0.39234441485475 0.34131614805385 0.18277616148539 0.31265270528887 0.41401695404147 0.39309300946535 0.37509142838153 0.36741111390076 0.21071550712848 0.28198621427383 0.3716484669175 0.34008761016606 0.39415359655029 0.3396799937168 0.32029310021559 0.26493977178586 0.40600380141158 0.39318130753657 0.34956645640157 -0.040062231253681 0.32733903139829 0.3578805445117 0.38604142869225 0.34847790888713 0.33207660093233 0.29152467108506"
General-2-20251226-13:57:32-67457,vector,AdhocNetwork1.host[7].app[1],e2eDelayPeriodicSec,,,"1 2 3 4 5 6 7 8 9 10 11 12 13 14 15 16 17 18 19 20 21 22 23 24 25 26 27 28 29 30 31 32 33 34 35 36 37 38 39 40","NaN NaN NaN NaN NaN 3.187155562581 3.187155562581 3.187155562581 NaN NaN 0.025075706165 0.025075706165 0.025075706165 NaN NaN 0.029795978613 0.029795978613 0.029795978613 NaN NaN NaN 0.042357502448 0.042357502448 0.042357502448 NaN NaN 0.015283593444 0.015283593444 0.015283593444 NaN NaN 0.027718688924 0.027718688924 0.027718688924 NaN NaN 0.037413593444 0.037413593444 0.037413593444 NaN"
General-2-20251226-13:57:32-67457,vector,AdhocNetwork1.host[7].rl,rlReward,,,"1 2 3 4 5 6 7 8 9 10 11 12 13 14 15 16 17 18 19 20 21 22 23 24 25 26 27 28 29 30 31 32 33 34 35 36 37 38 39 40","0.33333333333333 0.3 0 0.0097664016496448 0.13860431126974 0.66666666666667 0.098923679817997 0.099220694769418 0.10991444595245 0.053496805013939 0.096145070602107 0.0055484003717997 0.17052876362805 0.1810964054561 0.19609163885152 0.21264117164155 0.36889375987092 0.13885468657481 0.22485857871117 0.21058034824774 -0.012448093020101 0.17457454035265 0.13372771730711 0.19215505836791 0.21553631617144 0.17217220960808 0.2174242370339 0.17120419578314 0.20978280214895 0.16860931626552 0.2036237721911 0.19329616136258 0.83524273183649 -0.58888223738883 -0.52806121446166 -0.50726638577867 -0.49579161421131 -0.51122519126069 -0.50223669641738 -0.53630693718073"
General-2-20251226-13:57:32-67457,vector,AdhocNetwork1.host[8].app[1],e2eDelayPeriodicSec,,,"1 2 3 4 5 6 7 8 9 10 11 12 13 14 15 16 17 18 19 20 21 22 23 24 25 26 27 28 29 30 31 32 33 34 35 36 37 38 39 40","NaN 0.027479429064 0.027479429064 0.027479429064 NaN NaN 0.014036823962 0.014036823962 0.014036823962 NaN NaN 0.008772789626 0.008772789626 0.008772789626 NaN NaN 0.059281792321 0.059281792321 0.059281792321 NaN NaN 0.008392789626 0.008392789626 0.008392789626 NaN NaN 0.008532789626 0.008532789626 0.008532789626 NaN NaN 0.018039477838 0.018039477838 0.018039477838 NaN NaN 0.008432789626 0.008432789626 0.008432789626 NaN"
General-2-20251226-13:57:32-67457,vector,AdhocNetwork1.host[8].rl,rlReward,,,"1 2 3 4 5 6 7 8 9 10 11 12 13 14 15 16 17 18 19 20 21 22 23 24 25 26 27 28 29 30 31 32 33 34 35 36 37 38 39 40","0.33333333333333 0 0.10491733200062 0.13501541297722 0.20548116446198 0.11702517225704 0.071872186490925 0.10904420662166 -0.5328381769228 -0.59479746116852 -0.5075336008652 0.1736124511367 0.20071826694056 0.18026165103287 0.42482207470542 0.43954093123132 0.36830172410932 0.45978731067654 0.48527104297172 0.036571900931841 0.42335055111088 0.45068371282947 0.34036431145005 0.46537614953847 0.46703846909505 0.44675670493438 0.46545869460006 0.42485753259489 0.47993213555757 0.46054157652027 0.49199375365379 0.46793361490129 0.46734333941601 0.43376699793246 0.46309002925408 0.47435667140679 0.41451877359079 -0.55961504331954 -0.55684593842675 -0.63100623002434"
General-2-20251226-13:57:32-67457,vector,AdhocNetwork1.host[9].app[1],e2eDelayPeriodicSec,,,"1 2 3 4 5 6 7 8 9 10 11 12 13 14 15 16 17 18 19 20 21 22 23 24 25 26 27 28 29 30 31 32 33 34 35 36 37 38 39 40","NaN 0 0 0 NaN NaN 0 0 0 NaN NaN 0 0 0 NaN NaN 0 0 0 NaN NaN 0 0 0 NaN NaN 0 0 0 NaN NaN 0 0 0 NaN NaN 0 0 0 NaN"
General-2-20251226-13:57:32-67457,vector,AdhocNetwork1.host[9].rl,rlReward,,,"1 2 3 4 5 6 7 8 9 10 11 12 13 14 15 16 17 18 19 20 21 22 23 24 25 26 27 28 29 30 31 32 33 34 35 36 37 38 39 40","0.33333333333333 0 0 0.039576966736076 0.18236093789019 0.099317407607149 0.045026245341787 0 0.1445103360842 0.11779375052574 0.12242434489816 -0.24507431634553 -0.10883531772783 0.20404191611333 -0.54679695363641 -0.48870705022561 -0.60328933105065 -0.45087324596972 -0.32237375980406 -0.37039346470088 -0.4576951540394 0.50314135000719 0.46170323031141 0.46470925256456 0.48759477535725 0.46322402232611 0.50781374051701 0.39860641107669 0.51022276252441 0.50172269447746 0.44583020310588 0.47868327929691 0.46593332513514 0.42741977193914 0.46756298089262 0.48777274370813 0.44682355089815 0.39813975264695 0.500336370487 0.47439766318049"
General-2-20251226-13:57:32-67457,vector,AdhocNetwork1.host[10].app[1],e2eDelayPeriodicSec,,,"1 2 3 4 5 6 7 8 9 10 11 12 13 14 15 16 17 18 19 20 21 22 23 24 25 26 27 28 29 30 31 32 33 34 35 36 37 38 39 40","NaN NaN NaN NaN NaN NaN NaN NaN NaN NaN NaN NaN NaN NaN NaN NaN NaN NaN NaN NaN NaN NaN 0.034086368878 0.034086368878 0.034086368878 NaN NaN 0.037979046353 0.037979046353 0.037979046353 NaN NaN 0.05571900206 0.05571900206 0.05571900206 NaN NaN NaN 0.588762291643 0.588762291643"
General-2-20251226-13:57:32-67457,vector,AdhocNetwork1.host[10].rl,rlReward,,,"1 2 3 4 5 6 7 8 9 10 11 12 13 14 15 16 17 18 19 20 21 22 23 24 25 26 27 28 29 30 31 32 33 34 35 36 37 38 39 40","0.33333333333333 0 0.053107480611591 0.099771892522848 0.15599763859825 0.12111228027461 0.00096378799065455 -0.66666666666667 -0.51474967068842 -0.49842797411495 -0.54250317314134 0.35291454808096 0.39702820850234 -0.2319608734575 -0.22857813248007 -0.19809145324212 -0.32769033180702 -0.22971516936922 -0.16093276033387 -0.16688371491945 -0.33885391745013 0.2064514916555 0.09920168636625 0.40202717176291 0.42312703919376 0.11897996143185 0.41693318216051 0.018530119029399 0.24225143308127 0.41042024870404 0.45108244309521 0.40542745942874 0.4238007964528 0.35741527750375 0.39439746367464 0.40108632321123 0.39944950917094 -0.23404341238996 -0.2608584366964 -0.21292635822387"
General-2-20251226-13:57:32-67457,vector,AdhocNetwork1.host[11].app[1],e2eDelayPeriodicSec,,,"1 2 3 4 5 6 7 8 9 10 11 12 13 14 15 16 17 18 19 20 21 22 23 24 25 26 27 28 29 30 31 32 33 34 35 36 37 38 39 40","NaN NaN NaN NaN 3.056544253246 3.056544253246 3.056544253246 NaN NaN 0.083353281432 0.083353281432 0.083353281432 NaN NaN NaN 0.078476078396 0.078476078396 0.078476078396 NaN NaN NaN NaN NaN 0.03655767474 0.03655767474 0.03655767474 NaN NaN NaN 0.039352086134 0.039352086134 0.039352086134 NaN NaN 0.01576800692 0.01576800692 0.01576800692 NaN NaN 0.01990000692"
General-2-20251226-13:57:32-67457,vector,AdhocNetwork1.host[11].rl,rlReward,,,"1 2 3 4 5 6 7 8 9 10 11 12 13 14 15 16 17 18 19 20 21 22 23 24 25 26 27 28 29 30 31 32 33 34 35 36 37 38 39 40","0.33333333333333 0 0 0.78127584048577 0.42172060517649 0.34758577938358 0.35174466885167 0.066862267027962 0.33553331190262 0.3 0.027074338840171 0.447702812391 -0.55638925599168 -0.61127356084927 -0.55327583168336 -0.54665334666933 -0.57239480073688 -0.56686384444995 -0.51223042075758 -0.53636428536714 -0.55890485928451 0.46176320178625 0.39087718658202 0.19964840896783 0.45329117729623 0.39407596707417 0.48685540199924 0.44413112222052 0.46242825862147 0.43023921603856 0.42989768103593 0.44706899869915 0.44084784936743 0.41319623887296 0.41876277734767 0.46283035329588 0.43948865388968 0.42857089742198 0.41203447723707 0.38030568359798"
General-2-20251226-13:57:32-67457,vector,AdhocNetwork1.host[12].app[1],e2eDelayPeriodicSec,,,"1 2 3 4 5 6 7 8 9 10 11 12 13 14 15 16 17 18 19 20 21 22 23 24 25 26 27 28 29 30 31 32 33 34 35 36 37 38 39 40","NaN 0.021604536453 0.021604536453 0.021604536453 NaN NaN 0.016259626963 0.016259626963 0.016259626963 NaN NaN 0.008213977164 0.008213977164 0.008213977164 NaN NaN 0.011218378558 0.011218378558 0.011218378558 NaN NaN 0.008234818773 0.008234818773 0.008234818773 NaN NaN NaN NaN NaN 0.019990350339 0.019990350339 0.019990350339 NaN NaN 0.019866488424 0.019866488424 0.019866488424 NaN NaN NaN"
General-2-20251226-13:57:32-67457,vector,AdhocNetwork1.host[12].rl,rlReward,,,"1 2 3 4 5 6 7 8 9 10 11 12 13 14 15 16 17 18 19 20 21 22 23 24 25 26 27 28 29 30 31 32 33 34 35 36 37 38 39 40","0.33333333333333 0.1 0.032105606114885 0.076627621026854 0.046704260871826 0.013996357023038 0 0.087425687388503 0.06798999943643 0.083586118828564 -0.066587725084356 -0.55856789461897 -0.55279247790904 -0.66569853408838 -0.55170245852343 -0.30437359172722 -0.64298254028555 -0.42312383192721 -0.25774383519966 -0.53301741323371 -0.2826596324934 -0.029875642454443 0 0.35081685540493 0.4438880050827 -0.012740066321517 0.18667186229088 0.32155703742505 0.45046263485352 0.43988506784444 0.45554056482692 0.46457678943129 0.43253273958992 0.42157882223946 0.40871731132934 0.44707419373198 0.016689563761353 0.40438799536522 -0.08469374264704 0.43155006942149"
General-2-20251226-13:57:32-67457,vector,AdhocNetwork1.host[13].app[1],e2eDelayPeriodicSec,,,"1 2 3 4 5 6 7 8 9 10 11 12 13 14 15 16 17 18 19 20 21 22 23 24 25 26 27 28 29 30 31 32 33 34 35 36 37 38 39 40","NaN NaN NaN NaN NaN 3.31745799274 3.31745799274 3.31745799274 NaN NaN 0.035972510657 0.035972510657 0.035972510657 NaN NaN NaN 0.1599953622 0.1599953622 0.1599953622 NaN NaN NaN 0.049460748805 0.049460748805 0.049460748805 NaN NaN 0.035186403919 0.035186403919 0.035186403919 NaN NaN 0.139872279488 0.139872279488 0.139872279488 NaN NaN NaN NaN 0.034919260327"
General-2-20251226-13:57:32-67457,vector,AdhocNetwork1.host[13].rl,rlReward,,,"1 2 3 4 5 6 7 8 9 10 11 12 13 14 15 16 17 18 19 20 21 22 23 24 25 26 27 28 29 30 31 32 33 34 35 36 37 38 39 40","0.33333333333333 0.1 0 0 0.15835605432067 0.030681779361322 0.062833798400703 0.10962424503592 0.13720078946992 0.10525696379991 0.091485610942573 0.31095507312043 0.22276903653496 0.17111663818702 0.095845492617704 0.21903655831218 0.15313884978958 0.12473502183635 0.22831637553777 0.20295029781775 0.18289420676436 0.20600813461677 0.0853683236755 0.2081428545465 0.17649590624394 0.19605620886096 0.86464970777881 -0.53220792903243 -0.4801139192053 -0.50177733079024 -0.50978910439273 0.007594106228913 0.19319473441833 0.12383228739308 0.15130970131431 0.19310645045837 0.12326513583141 0.09797875252111 0.21202443473144 -0.0048900337149599"
General-2-20251226-13:57:32-67457,vector,AdhocNetwork1.host[14].app[1],e2eDelayPeriodicSec,,,"1 2 3 4 5 6 7 8 9 10 11 12 13 14 15 16 17 18 19 20 21 22 23 24 25 26 27 28 29 30 31 32 33 34 35 36 37 38 39 40","NaN NaN NaN NaN NaN NaN NaN NaN 7.40539209767 7.40539209767 7.40539209767 NaN NaN 0.016103534165 0.016103534165 0.016103534165 NaN NaN 0.022728216163 0.022728216163 0.022728216163 NaN NaN 0.02450872418 0.02450872418 0.02450872418 NaN NaN 0.030252762734 0.030252762734 0.030252762734 NaN NaN NaN NaN NaN NaN NaN NaN NaN"
General-2-20251226-13:57:32-67457,vector,AdhocNetwork1.host[14].rl,rlReward,,,"1 2 3 4 5 6 7 8 9 10 11 12 13 14 15 16 17 18 19 20 21 22 23 24 25 26 27 28 29 30 31 32 33 34 35 36 37 38 39 40","0.33333333333333 0 0 -0.087267684855988 -0.60367499330817 -0.57174000299177 -0.7 -0.33215045741805 -0.54999846022091 -0.53258259431491 -0.33785275648587 0.33637021722996 0.15175265251629 -0.17198067547234 0.10331463276003 0.42390566867634 -0.022034040312918 0 0.48202773530402 0.44243293210064 0.47546742073123 0.48922778510525 0.4430312721359 0.50163351980087 0.46466243327322 0.4781133869007 0.22130082379358 0.48189269468925 0.45068504984833 0.40391253544133 0.47864441230139 0.45560933802825 0.18757910429023 0.40969848204312 0.42321742172603 0.48691295955596 0.47396164666037 0.45027609159908 0.48275563342511 0.46437227116999"
General-2-20251226-13:57:32-67457,vector,AdhocNetwork1.host[15].app[1],e2eDelayPeriodicSec,,,"1 2 3 4 5 6 7 8 9 10 11 12 13 14 15 16 17 18 19 20 21 22 23 24 25 26 27 28 29 30 31 32 33 34 35 36 37 38 39 40","NaN 0.282399687618 0.282399687618 0.282399687618 NaN NaN NaN 0.031000507799 0.031000507799 0.031000507799 NaN NaN 0.05626990408 0.05626990408 0.05626990408 NaN NaN 0.022398653498 0.022398653498 0.022398653498 NaN NaN 0.02564052706 0.02564052706 0.02564052706 NaN NaN 0.01995002103 0.01995002103 0.01995002103 NaN NaN 0.030959682367 0.030959682367 0.030959682367 NaN NaN NaN NaN NaN"
General-2-20251226-13:57:32-67457,vector,AdhocNetwork1.host[15].rl,rlReward,,,"1 2 3 4 5 6 7 8 9 10 11 12 13 14 15 16 17 18 19 20 21 22 23 24 25 26 27 28 29 30 31 32 33 34 35 36 37 38 39 40","0.33333333333333 0 0 0.66666666666667 -0.37021220220389 -0.61766068619698 -0.56645894234952 -0.53735431099485 -0.52426173613583 -0.64628150122319 -0.39981513550337 0.20278767864798 0.19971391524267 -0.046570150087511 0.37356014696112 0.20985545245897 0.062372780925394 0.28445756326401 0.46852331973893 0.4106320940738 0.40155158727275 0.44274042517417 0.30188881411349 0.2397647396077 0.78034867170024 0.3071139183496 0.41478551934865 0.37651620953811 0.42111465552787 0.38477901193284 0.39245009241899 0.48930094522376 0.46539386673194 0.2722506376768 0.37274888954443 0.3623843931624 0.3898813119551 0.43440304648014 0.36766676150469 0.33172722548176"
General-2-20251226-13:57:32-67457,vector,AdhocNetwork1.host[16].app[1],e2eDelayPeriodicSec,,,"1 2 3 4 5 6 7 8 9 10 11 12 13 14 15 16 17 18 19 20 21 22 23 24 25 26 27 28 29 30 31 32 33 34 35 36 37 38 39 40","NaN NaN NaN NaN NaN NaN NaN 3.032555667188 3.032555667188 3.032555667188 NaN NaN 0.027853579252 0.027853579252 0.027853579252 NaN NaN NaN 0.030173001119 0.030173001119 0.030173001119 NaN NaN 0.052792755499 0.052792755499 0.052792755499 NaN NaN 0.03775598271 0.03775598271 0.03775598271 NaN NaN NaN 0.059298870381 0.059298870381 0.059298870381 NaN NaN 0.034354267132"
General-2-20251226-13:57:32-67457,vector,AdhocNetwork1.host[16].rl,rlReward,,,"1 2 3 4 5 6 7 8 9 10 11 12 13 14 15 16 17 18 19 20 21 22 23 24 25 26 27 28 29 30 31 32 33 34 35 36 37 38 39 40","0.33333333333333 0 0.018676319813972 0.078432923531609 -0.60428863512928 -0.57450103342876 -0.66790210366891 0.033990500970367 -0.44997602834914 -0.54361424235339 -0.30641566878521 0.35718113699884 0.17304352752126 0.24897295856081 0.1 0.30488949065659 0.29893572549866 0.30456865536597 0.31495480952087 0.34274476701267 0.402484054404 0.42508003336807 0.35605025283487 0.40843766876294 0.35766963559662 -0.26758234382451 -0.21756411652782 -0.21546620127576 -0.2942340090753 -0.38342622485574 0.14054677974267 0.36477235332097 0.38365446245425 0.29691210247363 0.27881813744688 0.38425541131438 0.38078294613041 0.36856615719117 0.35605827892527 0.24717305175999"
General-2-20251226-13:57:32-67457,vector,AdhocNetwork1.host[17].app[1],e2eDelayPeriodicSec,,,"1 2 3 4 5 6 7 8 9 10 11 12 13 14 15 16 17 18 19 20 21 22 23 24 25 26 27 28 29 30 31 32 33 34 35 36 37 38 39 40","NaN NaN NaN NaN 0.035060510657 0.035060510657 0.035060510657 NaN NaN 0.08775292864 0.08775292864 0.08775292864 NaN NaN NaN 0.23521168283 0.23521168283 0.23521168283 NaN NaN NaN NaN NaN NaN 0.095843276108 0.095843276108 0.095843276108 NaN NaN NaN 0.023937287738 0.023937287738 0.023937287738 NaN NaN NaN 0.220551093494 0.220551093494 0.220551093494 NaN"
General-2-20251226-13:57:32-67457,vector,AdhocNetwork1.host[17].rl,rlReward,,,"1 2 3 4 5 6 7 8 9 10 11 12 13 14 15 16 17 18 19 20 21 22 23 24 25 26 27 28 29 30 31 32 33 34 35 36 37 38 39 40","0.33333333333333 0 0.0087967598727017 0.66666666666667 0.81698806743597 0.097171388187715 0.41792591220593 0.11439117187326 0.15779694370011 0.16052602905226 -0.030523974964456 0.13505316262629 0.23324089598645 0.15273672856449 0.18841413982432 0.50048873818386 0.17359673632777 0.13674287113206 0.208367481578 0.22039725438665 0.18742823061354 0.20610152824882 0.17058388165384 0.21517582569972 0.19601638840247 0.20517393205349 0.2058190682729 0.14308446345283 0.22894375282401 0.19059458093812 0.22916914101548 0.2035551740753 0.22708483368643 0.15730676161172 0.20865139809475 0.49103735517809 0.17277157905288 0.18611093645367 0.23798510773289 0.19374150538103"
General-2-20251226-13:57:32-67457,vector,AdhocNetwork1.host[18].app[1],e2eDelayPeriodicSec,,,"1 2 3 4 5 6 7 8 9 10 11 12 13 14 15 16 17 18 19 20 21 22 23 24 25 26 27 28 29 30 31 32 33 34 35 36 37 38 39 40","NaN NaN 0.108598853761 0.108598853761 0.108598853761 NaN NaN 0.179911718647 0.179911718647 0.179911718647 NaN NaN NaN NaN 0.042553285205 0.042553285205 0.042553285205 NaN NaN 0.025666183269 0.025666183269 0.025666183269 NaN NaN 0.037447246891 0.037447246891 0.037447246891 NaN NaN 0.015395904952 0.015395904952 0.015395904952 NaN NaN NaN 0.035012124809 0.035012124809 0.035012124809 NaN NaN"
General-2-20251226-13:57:32-67457,vector,AdhocNetwork1.host[18].rl,rlReward,,,"1 2 3 4 5 6 7 8 9 10 11 12 13 14 15 16 17 18 19 20 21 22 23 24 25 26 27 28 29 30 31 32 33 34 35 36 37 38 39 40","0.33333333333333 0 0.32862768628251 0.065785867990313 0.11987910669102 0.38664578064008 0.38769219218912 0.38684924207038 0.30475195278729 0.35739276687512 0.37670425655546 0.43039472405595 0.43053804396455 0.38019355267238 0.37252604403264 -0.026062433050566 0.42037423198319 0.3673148277213 0.46357619533384 0.46543705188422 0.43158915370557 0.46130482934368 0.43671317385493 0.46276991643141 0.43657648248301 0.10631718643122 0.45309320939701 0.4190686655234 0.3953259659475 0.3 -0.047299453139519 0.43536620232979 0.44583149141574 0.37235995203139 0.14685867587727 0.40233339097593 0.3916685834264 0.41705425999195 0.45138677267682 0.36445162176803"
General-2-20251226-13:57:32-67457,vector,AdhocNetwork1.host[19].app[1],e2eDelayPeriodicSec,,,"1 2 3 4 5 6 7 8 9 10 11 12 13 14 15 16 17 18 19 20 21 22 23 24 25 26 27 28 29 30 31 32 33 34 35 36 37 38 39 40","NaN 0.080288452435 0.080288452435 0.080288452435 NaN NaN NaN NaN NaN 3.086714937035 3.086714937035 3.086714937035 NaN NaN NaN 0.170980686685 0.170980686685 0.170980686685 NaN NaN 0.029479676747 0.029479676747 0.029479676747 NaN NaN NaN 0.027741287738 0.027741287738 0.027741287738 NaN NaN 0.049021630623 0.049021630623 0.049021630623 NaN NaN 0.037903127414 0.037903127414 0.037903127414 NaN"
General-2-20251226-13:57:32-67457,vector,AdhocNetwork1.host[19].rl,rlReward,,,"1 2 3 4 5 6 7 8 9 10 11 12 13 14 15 16 17 18 19 20 21 22 23 24 25 26 27 28 29 30 31 32 33 34 35 36 37 38 39 40","0.33333333333333 0 0.033403987764388 0.10439002042695 0.075030035367828 0.068512603685393 0.12213903290247 0.1 -0.10674666945066 0.038194373440332 0.067619791259415 0.1643576832587 0.12374073946547 0.06520764320815 0.14993241642 0.12613579308782 -0.18017122122898 0 0.21945945449355 0.41665581078862 0.17941522917563 0.20586162687161 0.080611048718663 0.17457821962704 0.18896590871156 0.12341089892816 0.17840890123556 0.09985936567742 0.17937401122574 0.19103613016946 0.18807171840012 0.1477004736256 0.18295083315317 0.075351148036933 0.19645857450761 0.16838613452099 0.1580806782265 0.21253213135048 0.19020470998825 0.17528792289237"
General-2-20251226-13:57:32-67457,vector,AdhocNetwork1.host[20].app[1],e2eDelayPeriodicSec,,,"1 2 3 4 5 6 7 8 9 10 11 12 13 14 15 16 17 18 19 20 21 22 23 24 25 26 27 28 29 30 31 32 33 34 35 36 37 38 39 40","NaN NaN NaN NaN NaN NaN NaN NaN 0.140923776477 0.140923776477 0.140923776477 NaN NaN 0.038084593242 0.038084593242 0.038084593242 NaN NaN NaN NaN 0.090148618393 0.090148618393 0.090148618393 NaN NaN 0.044227205488 0.044227205488 0.044227205488 NaN NaN NaN NaN NaN NaN NaN NaN NaN NaN NaN NaN"
General-2-20251226-13:57:32-67457,vector,AdhocNetwork1.host[20].rl,rlReward,,,"1 2 3 4 5 6 7 8 9 10 11 12 13 14 15 16 17 18 19 20 21 22 23 24 25 26 27 28 29 30 31 32 33 34 35 36 37 38 39 40","0.33333333333333 0 0.046550584999777 -0.071670383389937 0.11916478858181 0.13524803057374 0.12901391500661 0 0.027695016751504 0.10794648093036 0.39470642374156 0.16979726317386 0.20120531805243 0.093285823588664 0.14620295166153 0.19335470208359 0.16044166326307 0.15477342435814 0.44979944529336 0.49227894658376 0.46008692648781 0.46812245800553 0.4771968612487 0.45460135905068 0.4443040222106 0.4157692446574 0.45787962313262 0.42727952929922 0.41264565383955 -0.11034361806589 0.45508225634647 0.43212185690424 0.47737596499442 0.33125614360265 0.3571978064735 0.44066543125732 0.37013107707934 0.46303922023272 0.46869495371332 0.42573044362535"
General-2-20251226-13:57:32-67457,vector,AdhocNetwork1.host[21].app[1],e2eDelayPeriodicSec,,,"1 2 3 4 5 6 7 8 9 10 11 12 13 14 15 16 17 18 19 20 21 22 23 24 25 26 27 28 29 30 31 32 33 34 35 36 37 38 39 40","NaN NaN NaN NaN NaN NaN NaN NaN NaN NaN NaN NaN NaN NaN NaN NaN NaN NaN NaN NaN NaN NaN 21.09799376443 21.09799376443 21.09799376443 NaN NaN 0.035152674689 0.035152674689 0.035152674689 NaN NaN NaN 0.071560820072 0.071560820072 0.071560820072 NaN NaN 0.057354571657 0.057354571657"
General-2-20251226-13:57:32-67457,vector,AdhocNetwork1.host[21].rl,rlReward,,,"1 2 3 4 5 6 7 8 9 10 11 12 13 14 15 16 17 18 19 20 21 22 23 24 25 26 27 28 29 30 31 32 33 34 35 36 37 38 39 40","0.33333333333333 0 0 0.12489451889356 0.10308651386272 0.11359005316532 0.66666666666667 0.77473392347342 0.81633934342019 0.15438013158644 0.17256882458647 0.078033856161594 0.17748350737129 0.16783122917325 0.17698709470419 0.20877470647446 0.087835941331718 0.15575007229334 0.22336726859057 0.037381386527484 0.17593333804169 0.17418358419246 0.18460162794327 0.1810512546438 0.19076361417931 0.020889954600747 0.20384637384912 0.18752235779307 0.18775536687115 0.16303160047027 0.2196718700663 0.20497919549944 0.20163532719972 0.15391829891064 0.15322290553064 0.18091364836514 0.16266252251249 0.16242683941239 0.21710762163586 0.12330252789146"
General-2-20251226-13:57:32-67457,vector,AdhocNetwork1.host[22].app[1],e2eDelayPeriodicSec,,,"1 2 3 4 5 6 7 8 9 10 11 12 13 14 15 16 17 18 19 20 21 22 23 24 25 26 27 28 29 30 31 32 33 34 35 36 37 38 39 40","NaN NaN NaN NaN 0.086005491797 0.086005491797 0.086005491797 NaN NaN NaN NaN NaN NaN 0.555703279947 0.555703279947 0.555703279947 NaN NaN NaN NaN NaN 0.036317333595 0.036317333595 0.036317333595 NaN NaN NaN 0.04853996542 0.04853996542 0.04853996542 NaN NaN 0.066667380135 0.066667380135 0.066667380135 NaN NaN NaN 0.046378863746 0.046378863746"
General-2-20251226-13:57:32-67457,vector,AdhocNetwork1.host[22].rl,rlReward,,,"1 2 3 4 5 6 7 8 9 10 11 12 13 14 15 16 17 18 19 20 21 22 23 24 25 26 27 28 29 30 31 32 33 34 35 36 37 38 39 40","0.33333333333333 0 0 0.18057079313332 0.16154248100637 0.086906012286815 0.14631155221777 0.013822233882304 0.089661960009068 0.11835520537784 0.15587839626475 0.18803193348054 0.18473819335317 0.37653692970518 0.2121728374206 0.20756863666778 0.19402051808046 0.15868264007944 0.20560953093306 0.18819775774531 0.12736387468551 0.19970343623927 0.12939245627656 0.17941536161762 0.17723101259372 0.15232908063623 0.17899201679195 0.17622148291072 0.16332920152884 0.13484565207252 0.20978590331645 0.18832325474266 0.46844594212625 0.079568695444768 0.13095813805366 0.15577988688035 0.1435356897232 0.20756786471921 0.17840776708366 0.16247691944336"
General-2-20251226-13:57:32-67457,vector,AdhocNetwork1.host[23].app[1],e2eDelayPeriodicSec,,,"1 2 3 4 5 6 7 8 9 10 11 12 13 14 15 16 17 18 19 20 21 22 23 24 25 26 27 28 29 30 31 32 33 34 35 36 37 38 39 40","NaN NaN NaN NaN NaN 0.122698269304 0.122698269304 0.122698269304 NaN NaN 0.120508930286 0.120508930286 0.120508930286 NaN NaN NaN 0.108744780094 0.108744780094 0.108744780094 NaN NaN NaN 0.045056936004 0.045056936004 0.045056936004 NaN NaN 0.035201273901 0.035201273901 0.035201273901 NaN NaN NaN NaN NaN 0.030256302591 0.030256302591 0.030256302591 NaN NaN"
General-2-20251226-13:57:32-67457,vector,AdhocNetwork1.host[23].rl,rlReward,,,"1 2 3 4 5 6 7 8 9 10 11 12 13 14 15 16 17 18 19 20 21 22 23 24 25 26 27 28 29 30 31 32 33 34 35 36 37 38 39 40","0.33333333333333 0 0 0.16504452687978 0.10942868708238 0.017800458028681 0 0.083463702901855 0.14027292744626 0.13658900505892 0.17328780491383 0.1555217981026 0.21232737122304 0.15856991747027 0.19700493325583 0.82757733489815 0.1 0.087280508841469 0.23055341693857 0.20006224917868 0.13092849254584 0.20344887777348 0.11823000864925 0.1439649766128 0.22430896771567 0.11171929122271 0.16612992895371 0.12346232462756 0.1864065404092 0.19459051629403 0.16764297269774 0.43988457100985 0.17555393649579 0.10321313058583 0.1930490221247 0.16983686403021 0.15593160769055 0.20020501507207 0.23102145901197 0.15102333891691"
General-2-20251226-13:57:32-67457,vector,AdhocNetwork1.host[24].app[1],e2eDelayPeriodicSec,,,"1 2 3 4 5 6 7 8 9 10 11 12 13 14 15 16 17 18 19 20 21 22 23 24 25 26 27 28 29 30 31 32 33 34 35 36 37 38 39 40","NaN NaN NaN NaN 3.031364633286 3.031364633286 3.031364633286 NaN NaN 0.016040346496 0.016040346496 0.016040346496 NaN NaN 0.008213377122 0.008213377122 0.008213377122 NaN NaN 0.008013160762 0.008013160762 0.008013160762 NaN NaN 0.011595034203 0.011595034203 0.011595034203 NaN NaN 0.016804673791 0.016804673791 0.016804673791 NaN NaN 0.007873078251 0.007873078251 0.007873078251 NaN NaN 0.011797962982"
General-2-20251226-13:57:32-67457,vector,AdhocNetwork1.host[24].rl,rlReward,,,"1 2 3 4 5 6 7 8 9 10 11 12 13 14 15 16 17 18 19 20 21 22 23 24 25 26 27 28 29 30 31 32 33 34 35 36 37 38 39 40","0.33333333333333 0 0.053453321909192 0.20294203949386 0.16066325699263 0.34604144785539 0.095461594114753 0.13857255191589 0.097538990083304 0.15567051696535 0.20840696088671 0.46255360364158 0.18435106575623 0.16324239769192 0.17277736232041 0.21237886674162 -0.51329066009875 -0.48714251623716 -0.43463313853333 -0.52189928537971 -0.59113389222092 0.21223459399792 0.17748245304873 0.44791634572393 0.4747325706339 0.4046963658224 0.45058532477232 0.45130491699863 0.46871206607236 0.43398652667648 0.45158591559637 0.47089539265036 0.48063517518485 0.457020499778 0.4697292575358 0.47282207993387 0.40977346820797 0.44914774612512 0.50075253473208 0.46212609290472"
General-3-20251226-13:57:32-67458,vector,AdhocNetwork1.host[0].app[1],e2eDelayPeriodicSec,,,"1 2 3 4 5 6 7 8 9 10 11 12 13 14 15 16 17 18 19 20 21 22 23 24 25 26 27 28 29 30 31 32 33 34 35 36 37 38 39 40","NaN NaN NaN NaN NaN NaN NaN NaN NaN NaN 0.080302727554 0.080302727554 0.080302727554 NaN NaN 0.048422976741 0.048422976741 0.048422976741 NaN NaN NaN NaN NaN NaN 3.440361676568 3.440361676568 3.440361676568 NaN NaN NaN 0.199701502529 0.199701502529 0.199701502529 NaN NaN NaN NaN NaN NaN 0.09152507729"
General-3-20251226-13:57:32-67458,vector,AdhocNetwork1.host[0].rl,rlReward,,,"1 2 3 4 5 6 7 8 9 10 11 12 13 14 15 16 17 18 19 20 21 22 23 24 25 26 27 28 29 30 31 32 33 34 35 36 37 38 39 40","0.33333333333333 0 0.13239642342937 0.18127429651354 0.1782674996561 0.20274778099756 0.21571075496653 0.12524106659 0.14403749887614 0.091803125728268 0.11607361952742 0.13717773189269 0.1526893996008 0.19385967105337 0.20870606460424 0.14681192195935 0.16440827015109 0.20191393427702 0.16404743417332 0.19309519299436 0.12626003130842 0 0.22092241777019 0.47461175489541 0.21328322907486 0.15438547931238 0.40679079048477 0.17725223682724 0.19416471512333 0.20533339265738 0.20428407563146 0 0.13258532788052 0.1990527396077 0.20368355515661 0.21258212917718 0.18298407130003 0.18188361633254 0.21874227875888 0.14329934891002"
General-3-20251226-13:57:32-67458,vector,AdhocNetwork1.host[1].app[1],e2eDelayPeriodicSec,,,"1 2 3 4 5 6 7 8 9 10 11 12 13 14 15 16 17 18 19 20 21 22 23 24 25 26 27 28 29 30 31 32 33 34 35 36 37 38 39 40","NaN NaN NaN NaN 3.058193008852 3.058193008852 3.058193008852 NaN NaN 0.01499700346 0.01499700346 0.01499700346 NaN NaN 0.01147500346 0.01147500346 0.01147500346 NaN NaN 0.061687568538 0.061687568538 0.061687568538 NaN NaN 0.00823300346 0.00823300346 0.00823300346 NaN NaN 0.01755900346 0.01755900346 0.01755900346 NaN NaN 0.00853300346 0.00853300346 0.00853300346 NaN NaN 0.01373948534"
General-3-20251226-13:57:32-67458,vector,AdhocNetwork1.host[1].rl,rlReward,,,"1 2 3 4 5 6 7 8 9 10 11 12 13 14 15 16 17 18 19 20 21 22 23 24 25 26 27 28 29 30 31 32 33 34 35 36 37 38 39 40","0.33333333333333 0 0.14782108418818 0.21408300082431 -0.46134113347512 0.22190450310515 0.23314930739783 0.17773100411738 -0.50247802613615 -0.48180746550829 -0.4934374860805 0.22058444867019 0.25844999279705 0.15306802082224 0.44970353587716 0.36524209528224 -0.14028751589017 -0.1072936174729 -0.15267958861912 -0.19129111939608 -0.24262656980283 0.33094076978901 0.45263622179705 0.42358304571558 0.4689565223809 0.42109740899725 0.30233687104145 0.4450178745207 0.37273390509215 0.45946363276188 0.4735085751172 0.35160963299373 0.41389096314946 0.4634189512334 0.42607094560548 0.45829246005615 0.45522913641992 -0.24619749632365 -0.16489718479801 -0.16607347904686"
General-3-20251226-13:57:32-67458,vector,AdhocNetwork1.host[2].app[1],e2eDelayPeriodicSec,,,"1 2 3 4 5 6 7 8 9 10 11 12 13 14 15 16 17 18 19 20 21 22 23 24 25 26 27 28 29 30 31 32 33 34 35 36 37 38 39 40","NaN NaN NaN NaN NaN NaN 0.098949782505 0.098949782505 0.098949782505 NaN NaN NaN 0.0852301015 0.0852301015 0.0852301015 NaN NaN NaN NaN NaN 0.15561691787 0.15561691787 0.15561691787 NaN NaN NaN NaN 0.034354223353 0.034354223353 0.034354223353 NaN NaN NaN 0.036324772336 0.036324772336 0.036324772336 NaN NaN 0.032574500202 0.032574500202"
General-3-20251226-13:57:32-67458,vector,AdhocNetwork1.host[2].rl,rlReward,,,"1 2 3 4 5 6 7 8 9 10 11 12 13 14 15 16 17 18 19 20 21 22 23 24 25 26 27 28 29 30 31 32 33 34 35 36 37 38 39 40","0.33333333333333 0 0.18138944372726 0.2454844401015 0.10520035787177 0.24675979934978 0.25385644909677 0.2151332007449 0.25043010117805 0.19085060542096 0.2228651035272 0.045205893541286 0.26050426998791 0.19927258236762 0.2606707412687 0.24185841483517 0.25470789773007 0.26195624192404 0.25027578086115 0.52537732192308 0.22002598972972 0.23188193672747 0.25449453505626 0.21998861402165 0.26606856233963 0.21568931730539 0.22071649962096 0.26292583652089 0.21413317819875 0.26472612867739 0.25099401826518 0.23764971243909 0.18613540619816 0.22468912748928 0.25002409372276 0.2743475244908 0.27296069968138 0.25187118536987 0.24054728912115 0.22180592079401"
General-3-20251226-13:57:32-67458,vector,AdhocNetwork1.host[3].app[1],e2eDelayPeriodicSec,,,"1 2 3 4 5 6 7 8 9 10 11 12 13 14 15 16 17 18 19 20 21 22 23 24 25 26 27 28 29 30 31 32 33 34 35 36 37 38 39 40","NaN NaN NaN NaN NaN 3.016100873842 3.016100873842 3.016100873842 NaN NaN 0.043834410931 0.043834410931 0.043834410931 NaN NaN 0.011113359963 0.011113359963 0.011113359963 NaN NaN 0.017879608441 0.017879608441 0.017879608441 NaN NaN 0.008094307642 0.008094307642 0.008094307642 NaN NaN 0.011959207743 0.011959207743 0.011959207743 NaN NaN NaN NaN NaN NaN NaN"
General-3-20251226-13:57:32-67458,vector,AdhocNetwork1.host[3].rl,rlReward,,,"1 2 3 4 5 6 7 8 9 10 11 12 13 14 15 16 17 18 19 20 21 22 23 24 25 26 27 28 29 30 31 32 33 34 35 36 37 38 39 40","0.33333333333333 0 0.026808215429351 0.076425085158527 0.14449385603802 0.11169506439868 0.17443900610858 0.032879040196429 0.027033467127422 0 0.13260226896517 0.11911832852 0.18923163318347 0.085314202553244 -0.0067090846996848 0.080512013367555 0.17374769270817 0.20116134430213 0.21114926187273 0.1539897709557 0.11210150946245 0.10324538168319 0.20622179713733 -0.59300546413222 -0.43620797488572 -0.55408959578409 -0.51537003244641 -0.44666598297694 -0.54823929596541 -0.48401171388605 -0.46184004115469 0.41130148823904 -0.13097473734623 0.49636230360263 0.48599044926356 0.49046361599652 0.49070541170714 0.37768640577601 0.4577156909777 -0.58802981088953"
General-3-20251226-13:57:32-67458,vector,AdhocNetwork1.host[4].app[1],e2eDelayPeriodicSec,,,"1 2 3 4 5 6 7 8 9 10 11 12 13 14 15 16 17 18 19 20 21 22 23 24 25 26 27 28 29 30 31 32 33 34 35 36 37 38 39 40","NaN NaN 0.023957103049 0.023957103049 0.023957103049 NaN NaN 0.055628272993 0.055628272993 0.055628272993 NaN NaN 0.028980228382 0.028980228382 0.028980228382 NaN NaN 0.040920757777 0.040920757777 0.040920757777 NaN NaN NaN 0.037652350416 0.037652350416 0.037652350416 NaN NaN 0.022087318465 0.022087318465 0.022087318465 NaN NaN 0.01582586084 0.01582586084 0.01582586084 NaN NaN 0.028967620768 0.028967620768"
General-3-20251226-13:57:32-67458,vector,AdhocNetwork1.host[4].rl,rlReward,,,"1 2 3 4 5 6 7 8 9 10 11 12 13 14 15 16 17 18 19 20 21 22 23 24 25 26 27 28 29 30 31 32 33 34 35 36 37 38 39 40","0.33333333333333 0.3 0 0.13358418444321 0.19968872819479 0.13807910271865 0.21195894939963 0.17656093154813 0.17001764826861 0.21121112242595 0.21937932847399 0.21561731498362 0.22964183022992 0.14257606200165 0.22726178142243 0.21923855566507 0.22890407587363 0.23083153951762 0.1965686977734 0.18729322615179 0.17003744102671 0.10582669718596 0.218029610947 0.090112085098341 0.24247854685091 0.19347349280005 0.1782803243882 0.22789178283999 0.16941916310497 0.25118744535984 0.23509929759571 0.18998878051889 0.4697289699387 0.18775568486784 0.42757440388347 0.23582301290384 0.25456023474025 0.17187210677298 0.20837819915765 0.17458177207083"
General-3-20251226-13:57:32-67458,vector,AdhocNetwork1.host[5].app[1],e2eDelayPeriodicSec,,,"1 2 3 4 5 6 7 8 9 10 11 12 13 14 15 16 17 18 19 20 21 22 23 24 25 26 27 28 29 30 31 32 33 34 35 36 37 38 39 40","NaN NaN NaN NaN NaN NaN NaN NaN NaN 0.0166563391 0.0166563391 0.0166563391 NaN NaN NaN 0.05820247523 0.05820247523 0.05820247523 NaN NaN 0.09364627347 0.09364627347 0.09364627347 NaN NaN 0.185420289158 0.185420289158 0.185420289158 NaN NaN NaN 0.05913460973 0.05913460973 0.05913460973 NaN NaN 0.016666453464 0.016666453464 0.016666453464 NaN"
General-3-20251226-13:57:32-67458,vector,AdhocNetwork1.host[5].rl,rlReward,,,"1 2 3 4 5 6 7 8 9 10 11 12 13 14 15 16 17 18 19 20 21 22 23 24 25 26 27 28 29 30 31 32 33 34 35 36 37 38 39 40","0.33333333333333 0 0 0.10250105343301 0.076069832584661 0.050179451188188 0.12784158321839 0.032785069539518 0.10092613090511 0.057079054849376 0.084011937217122 0.094841566873986 -0.00014187620875106 0.045037428673323 0.068826007863814 0.11617067871259 0.13928047904437 0.13347182123672 0.12932492824351 0 -0.66666666666667 0.019118197960655 0.13732447525037 0.40027518010431 0.46038404234902 0.45075478400516 0.31045249663385 0.47369054993666 0.81495878992637 0.86142636558569 -0.55190669288587 0.4228029883045 0.78507663309974 0.48048303614764 0.45180669253395 0.40035605007107 0.027265676328411 0.44733524393392 0.36761839442191 0.0076166868669762"
General-3-20251226-13:57:32-67458,vector,AdhocNetwork1.host[6].app[1],e2eDelayPeriodicSec,,,"1 2 3 4 5 6 7 8 9 10 11 12 13 14 15 16 17 18 19 20 21 22 23 24 25 26 27 28 29 30 31 32 33 34 35 36 37 38 39 40","NaN 0.065756625829 0.065756625829 0.065756625829 NaN NaN NaN 0.076439619547 0.076439619547 0.076439619547 NaN NaN NaN 0.282591334561 0.282591334561 0.282591334561 NaN NaN NaN NaN NaN 0.042951470065 0.042951470065 0.042951470065 NaN NaN 0.023918543898 0.023918543898 0.023918543898 NaN NaN NaN 0.048856575896 0.048856575896 0.048856575896 NaN NaN 0.040378631071 0.040378631071 0.040378631071"
General-3-20251226-13:57:32-67458,vector,AdhocNetwork1.host[6].rl,rlReward,,,"1 2 3 4 5 6 7 8 9 10 11 12 13 14 15 16 17 18 19 20 21 22 23 24 25 26 27 28 29 30 31 32 33 34 35 36 37 38 39 40","0.33333333333333 0 0.065597363704814 0.2264287710809 0.23043839733304 0.23337978445164 0.23883007287048 0.23203267546316 0.18775653825278 0.22999335987556 0.24768599879306 0.22226542888882 0.20550496741316 0.21242412648127 0.24279572445153 0.24780316566036 0.24796238334536 0.24615860379793 0.26072800482018 0.20813317843495 0.23360213497846 0.23188671870263 0.21784794320514 0.22034047524822 0.25364353738939 0.2104711366753 0.23129241955999 0.25001437038841 0.23796792712489 0.25328439143067 0.24740912836114 0.24667806786786 0.21295678046385 0.22851615764816 0.23735361712033 0.48021692897313 0.2689874388841 0.23755534130278 0.20874024350955 0.24827596811802"
General-3-20251226-13:57:32-67458,vector,AdhocNetwork1.host[7].app[1],e2eDelayPeriodicSec,,,"1 2 3 4 5 6 7 8 9 10 11 12 13 14 15 16 17 18 19 20 21 22 23 24 25 26 27 28 29 30 31 32 33 34 35 36 37 38 39 40","NaN NaN NaN NaN NaN NaN NaN NaN NaN NaN NaN 0.146871286477 0.146871286477 0.146871286477 NaN NaN 0.016003507197 0.016003507197 0.016003507197 NaN NaN 0.015323507197 0.015323507197 0.015323507197 NaN NaN 0.016443593444 0.016443593444 0.016443593444 NaN NaN 0.01562342095 0.01562342095 0.01562342095 NaN NaN NaN 0.064473259008 0.064473259008 0.064473259008"
General-3-20251226-13:57:32-67458,vector,AdhocNetwork1.host[7].rl,rlReward,,,"1 2 3 4 5 6 7 8 9 10 11 12 13 14 15 16 17 18 19 20 21 22 23 24 25 26 27 28 29 30 31 32 33 34 35 36 37 38 39 40","0.33333333333333 0 0 0.17240778362905 -0.48102605934323 -0.54496137545523 -0.49364764491427 0.10816694761106 -0.44270010689889 -0.6 -0.58064147543831 0.048560065413873 0.16327058377016 0.08182469810665 -0.5230970064603 -0.47965956848025 -0.41433741317163 -0.21227542871128 -0.44642686713458 -0.37936124197572 -0.54829257077776 0.47380521405844 0.77553916152757 0.1989516787759 -0.18070909646446 -0.42479730664405 -0.60362469731391 -0.45881784101621 -0.44630418736064 -0.20624313827339 -0.50244173836179 0.44990128064767 -0.12420732538097 0.44053289790076 0.41064829931847 0.028721109498502 0.22717160869115 0.46794920066621 0.45184361277977 0.48076586169229"
General-3-20251226-13:57:32-67458,vector,AdhocNetwork1.host[8].app[1],e2eDelayPeriodicSec,,,"1 2 3 4 5 6 7 8 9 10 11 12 13 14 15 16 17 18 19 20 21 22 23 24 25 26 27 28 29 30 31 32 33 34 35 36 37 38 39 40","NaN NaN NaN NaN NaN NaN NaN NaN NaN 0.87389609992 0.87389609992 0.87389609992 NaN NaN 0.015866029494 0.015866029494 0.015866029494 NaN NaN 0.024024679453 0.024024679453 0.024024679453 NaN NaN 0.033532111457 0.033532111457 0.033532111457 NaN NaN 0.021498609724 0.021498609724 0.021498609724 NaN NaN 0.016006541032 0.016006541032 0.016006541032 NaN NaN NaN"
General-3-20251226-13:57:32-67458,vector,AdhocNetwork1.host[8].rl,rlReward,,,"1 2 3 4 5 6 7 8 9 10 11 12 13 14 15 16 17 18 19 20 21 22 23 24 25 26 27 28 29 30 31 32 33 34 35 36 37 38 39 40","0.33333333333333 0 0.20571691530492 0.24066312125253 0.072163562680863 0.24931264120049 0.23533302611375 0.17474849815042 0.16530225681149 0.16214925140748 0.19013402390869 0.19485678872966 0.23242924109406 0.49872490494859 0.18943300744925 0.21408300250047 0.22307194963757 0.2042138025317 0.19156580581526 0.12544949702723 0.19637840813241 0.21606763034899 0.20450473036578 0.2128629581891 -0.45752582469143 -0.30675213499544 -0.45596636399332 -0.44044298036387 -0.46857837743721 -0.43003264859335 -0.47484680790285 0.21380448237946 0.19458179904432 0.20609405087148 0.22008581206988 0.1666132198143 0.24525361013027 0.22402110195962 0.18007751736362 0.21830864684644"
General-3-20251226-13:57:32-67458,vector,AdhocNetwork1.host[9].app[1],e2eDelayPeriodicSec,,,"1 2 3 4 5 6 7 8 9 10 11 12 13 14 15 16 17 18 19 20 21 22 23 24 25 26 27 28 29 30 31 32 33 34 35 36 37 38 39 40","NaN NaN NaN NaN NaN 0.012037889358 0.012037889358 0.012037889358 NaN NaN 0.030968210501 0.030968210501 0.030968210501 NaN NaN 0.008594054319 0.008594054319 0.008594054319 NaN NaN 0.008433693018 0.008433693018 0.008433693018 NaN NaN 0.012278924008 0.012278924008 0.012278924008 NaN NaN NaN NaN NaN NaN 0.14076213211 0.14076213211 0.14076213211 NaN NaN 0.055757706456"
General-3-20251226-13:57:32-67458,vector,AdhocNetwork1.host[9].rl,rlReward,,,"1 2 3 4 5 6 7 8 9 10 11 12 13 14 15 16 17 18 19 20 21 22 23 24 25 26 27 28 29 30 31 32 33 34 35 36 37 38 39 40","0.33333333333333 0 0.13835182518417 0.85184542695691 0.15287012737225 0.17204403965436 -0.49768339328654 0.13908218958052 -0.512773252425 -0.51404396208844 -0.48757607096769 0.1568866333809 0.051865154455543 0.12809558378148 0.11647311952432 0.2094884831095 0.11762902537682 0.21485833368815 0.16720233526946 -0.57345197758283 -0.43689309703975 0.12930121066293 0.1248620708698 0.17722872238425 -0.48336080118945 -0.52555244099436 -0.29827042085347 -0.49347496841992 -0.50891679090703 -0.43867934418974 -0.36350345377312 0.37795963756511 0.12810280457478 0.39334783983523 0.37789679127263 0.40842250103249 0.43391048403298 0.28892331203077 0.29730206219903 0.34516167940032"
General-3-20251226-13:57:32-67458,vector,AdhocNetwork1.host[10].app[1],e2eDelayPeriodicSec,,,"1 2 3 4 5 6 7 8 9 10 11 12 13 14 15 16 17 18 19 20 21 22 23 24 25 26 27 28 29 30 31 32 33 34 35 36 37 38 39 40","NaN NaN NaN NaN NaN NaN NaN NaN 0.190677279288 0.190677279288 0.190677279288 NaN NaN NaN 0.045801771451 0.045801771451 0.045801771451 NaN NaN NaN 0.087918175046 0.087918175046 0.087918175046 NaN NaN NaN NaN NaN NaN 0.033345777682 0.033345777682 0.033345777682 NaN NaN 0.023418365688 0.023418365688 0.023418365688 NaN NaN NaN"
General-3-20251226-13:57:32-67458,vector,AdhocNetwork1.host[10].rl,rlReward,,,"1 2 3 4 5 6 7 8 9 10 11 12 13 14 15 16 17 18 19 20 21 22 23 24 25 26 27 28 29 30 31 32 33 34 35 36 37 38 39 40","0.33333333333333 0 0.14502958552894 0.018011193451536 0.17192452377771 -0.51951731561571 -0.49074820236912 0.055214863352376 -0.58022565348078 -0.7 -0.42149022031412 -0.097861711558371 0.15460745771847 -0.03472865871807 0.061024922537377 0.010914936943543 -0.016043547933099 0.17808362369549 0.38048427607809 -0.075716173670956 0.34336223492999 0.23401426458189 0.33615563794627 0.34811260960216 0.30657198452348 0.19932721477262 0.29207186708412 0.33953486850042 0.28201142998822 0.33103091304629 0.017480387982887 0.33404457370964 0.34955331818943 0.36330421549105 0.31840456602257 0.26902841729364 0.37109926243924 0.34315239622271 0.3127277955665 0.35996894811518"
General-3-20251226-13:57:32-67458,vector,AdhocNetwork1.host[11].app[1],e2eDelayPeriodicSec,,,"1 2 3 4 5 6 7 8 9 10 11 12 13 14 15 16 17 18 19 20 21 22 23 24 25 26 27 28 29 30 31 32 33 34 35 36 37 38 39 40","NaN NaN NaN NaN NaN NaN NaN NaN 0.17831557343 0.17831557343 0.17831557343 NaN NaN NaN NaN 0.050003020055 0.050003020055 0.050003020055 NaN NaN 0.166020990372 0.166020990372 0.166020990372 NaN NaN NaN 0.088352115128 0.088352115128 0.088352115128 NaN NaN 0.056056350614 0.056056350614 0.056056350614 NaN NaN 0.040296176455 0.040296176455 0.040296176455 NaN"
General-3-20251226-13:57:32-67458,vector,AdhocNetwork1.host[11].rl,rlReward,,,"1 2 3 4 5 6 7 8 9 10 11 12 13 14 15 16 17 18 19 20 21 22 23 24 25 26 27 28 29 30 31 32 33 34 35 36 37 38 39 40","0.33333333333333 0 0.0054869918350892 0.098552990675134 0.093850593367569 0.07754809619208 0.13663339678917 0.044365204680461 0 0 -0.58063412642688 0 0.14413518848171 0.063658547041441 0.28833295746664 0.38989891072052 0.32673348763258 0.40162571537954 0.40708338329881 0.37447223163926 0.3182299955104 0.29038143376725 0.39452974653521 0.044847735177408 -0.2303444925718 -0.24753145502414 -0.28558450590676 -0.16043395928513 -0.26699288542009 -0.1826755494099 -0.24578675191907 0.16025636896763 0.10627863796391 0.39021672540002 0.43794084251208 0.37058916300485 0.43358361333776 0.34689061537846 -0.0012651918502413 0.38387468340479"
General-3-20251226-13:57:32-67458,vector,AdhocNetwork1.host[12].app[1],e2eDelayPeriodicSec,,,"1 2 3 4 5 6 7 8 9 10 11 12 13 14 15 16 17 18 19 20 21 22 23 24 25 26 27 28 29 30 31 32 33 34 35 36 37 38 39 40","NaN NaN NaN NaN NaN NaN NaN NaN 0.04163236716 0.04163236716 0.04163236716 NaN NaN 0.025355552548 0.025355552548 0.025355552548 NaN NaN NaN 0.060721181631 0.060721181631 0.060721181631 NaN NaN 0.029751598853 0.029751598853 0.029751598853 NaN NaN 0.023056913513 0.023056913513 0.023056913513 NaN NaN 0.019929579252 0.019929579252 0.019929579252 NaN NaN 0.023825774081"
General-3-20251226-13:57:32-67458,vector,AdhocNetwork1.host[12].rl,rlReward,,,"1 2 3 4 5 6 7 8 9 10 11 12 13 14 15 16 17 18 19 20 21 22 23 24 25 26 27 28 29 30 31 32 33 34 35 36 37 38 39 40","0.33333333333333 0 0.13056870084554 0.18973472054875 0.17536978768157 0.12079356178906 -0.04000635661897 0.066321915040439 0.032817473714559 0.027753095976486 0.048350540162502 0.0002511995331968 0.15300354688217 0.043244295195203 0.082098034584526 0.19278150674295 0.093482235543396 0.13341405278204 0.168641056778 0.041353848757154 0.09640556900661 0.061301768852755 0.43003632487938 0.16419518187855 0.10386172296643 0.13573629537613 0.14504199960232 0.17403916784302 0.15674801103105 0.19330039129578 0.15736591731859 0.04305255610953 0.031704476593629 0.14849407675996 0.084185530309919 0.11911449411765 0.15737968872618 0.14350126151916 0.15078072968798 0.062520963472106"
General-3-20251226-13:57:32-67458,vector,AdhocNetwork1.host[13].app[1],e2eDelayPeriodicSec,,,"1 2 3 4 5 6 7 8 9 10 11 12 13 14 15 16 17 18 19 20 21 22 23 24 25 26 27 28 29 30 31 32 33 34 35 36 37 38 39 40","NaN NaN NaN NaN NaN NaN NaN NaN NaN NaN NaN NaN NaN NaN NaN NaN NaN NaN NaN NaN NaN NaN 21.122791257935 21.122791257935 21.122791257935 NaN NaN 0.053329830948 0.053329830948 0.053329830948 NaN NaN NaN 0.035001257734 0.035001257734 0.035001257734 NaN NaN 0.053289281302 0.053289281302"
General-3-20251226-13:57:32-67458,vector,AdhocNetwork1.host[13].rl,rlReward,,,"1 2 3 4 5 6 7 8 9 10 11 12 13 14 15 16 17 18 19 20 21 22 23 24 25 26 27 28 29 30 31 32 33 34 35 36 37 38 39 40","0.33333333333333 0 0.06535056053923 0.17321752392207 0.24864850153622 -0.56660587719599 -0.4854496700709 -0.40591928418828 -0.61612779073661 -0.66132082981607 -0.56970174692621 0.1 0.38630694082347 0.41021241490974 0.15241918982099 0.39875064974361 0.35111745221468 0.40219648409799 0.37333476951057 0.3986394463285 0.32752051737056 0.35272443694889 0.36929870438676 0.34611269492401 0.051724419579611 0.44610740881665 0.27653344930924 0.40209762235465 0.3772524315436 0.39342741452442 0.41105561910389 0.36542053911524 0.3257289381724 0.4050890518918 0.43089033875707 0.36626570703496 0.43158026577447 0.38128885573293 0.46064068573509 0.41977232230092"
General-3-20251226-13:57:32-67458,vector,AdhocNetwork1.host[14].app[1],e2eDelayPeriodicSec,,,"1 2 3 4 5 6 7 8 9 10 11 12 13 14 15 16 17 18 19 20 21 22 23 24 25 26 27 28 29 30 31 32 33 34 35 36 37 38 39 40","NaN 0.082006042484 0.082006042484 0.082006042484 NaN NaN NaN 0.143177213138 0.143177213138 0.143177213138 NaN NaN NaN 0.109169890831 0.109169890831 0.109169890831 NaN NaN 0.072296468116 0.072296468116 0.072296468116 NaN NaN NaN NaN NaN 0.073031234813 0.073031234813 0.073031234813 NaN NaN NaN NaN NaN NaN 0.038317586227 0.038317586227 0.038317586227 NaN NaN"
General-3-20251226-13:57:32-67458,vector,AdhocNetwork1.host[14].rl,rlReward,,,"1 2 3 4 5 6 7 8 9 10 11 12 13 14 15 16 17 18 19 20 21 22 23 24 25 26 27 28 29 30 31 32 33 34 35 36 37 38 39 40","0.33333333333333 0 0.086317472420119 0.12844418602523 0.14265567216113 0.09117151349716 0.1589638845328 0.015991512868222 0 0.13576848342751 0.033875430918343 0.12955134813681 0.15970859930758 0.029590727964034 0.070322211472381 0.18913550813285 0.12616992518001 0.12235417706615 0.17781687086764 0.11141546095326 0.14189236114284 0.047114425539411 0.19588098315709 0.16537524699826 0.16431331810452 0.1843524194758 0.17354625226284 0.1697157582168 0.18233655960723 0.17547875849173 0.16030891546057 0.092616358158914 0.099722579207789 0.17327597648528 -0.0078532795342501 0.15221740344513 0.15651656042327 0.13566237029506 0.16336441643741 0.15534210256224"
General-3-20251226-13:57:32-67458,vector,AdhocNetwork1.host[15].app[1],e2eDelayPeriodicSec,,,"1 2 3 4 5 6 7 8 9 10 11 12 13 14 15 16 17 18 19 20 21 22 23 24 25 26 27 28 29 30 31 32 33 34 35 36 37 38 39 40","NaN 0.036520977917 0.036520977917 0.036520977917 NaN NaN 0.008133781435 0.008133781435 0.008133781435 NaN NaN 0.008234156684 0.008234156684 0.008234156684 NaN NaN 0.00809457737 0.00809457737 0.00809457737 NaN NaN NaN NaN NaN NaN NaN NaN NaN NaN NaN NaN 0.062413531754 0.062413531754 0.062413531754 NaN NaN 0.016122675218 0.016122675218 0.016122675218 NaN"
General-3-20251226-13:57:32-67458,vector,AdhocNetwork1.host[15].rl,rlReward,,,"1 2 3 4 5 6 7 8 9 10 11 12 13 14 15 16 17 18 19 20 21 22 23 24 25 26 27 28 29 30 31 32 33 34 35 36 37 38 39 40","0.33333333333333 0 -0.52196283293625 -0.49218456077979 -0.55822647112259 -0.27423294127808 -0.38185654098607 -0.56241959713993 -0.26779799895419 -0.5894076324455 -0.40530826722221 0.3839619567695 0.36131757759292 0.42677137192332 0.46621467317732 0.45470895884019 0.44152315462555 -0.53061974838501 -0.52258859191155 -0.58562966519907 -0.56398902536136 0.3469110793114 0.37151746900647 0.48727487881768 0.17833150496565 0.47070263625676 0.348320193548 0.39308549617238 0.3547577614753 0.40505189514828 0.38868898837774 0.1 0.38005127088392 0.43124949194243 0.42852829618824 0.35879890899154 0.43645751607529 0.29665299550994 0.36401677183224 0.38677561727484"
General-3-20251226-13:57:32-67458,vector,AdhocNetwork1.host[16].app[1],e2eDelayPeriodicSec,,,"1 2 3 4 5 6 7 8 9 10 11 12 13 14 15 16 17 18 19 20 21 22 23 24 25 26 27 28 29 30 31 32 33 34 35 36 37 38 39 40","NaN NaN NaN NaN 0.03538217037 0.03538217037 0.03538217037 NaN NaN NaN NaN NaN 3.024735702625 3.024735702625 3.024735702625 NaN NaN 0.020030644771 0.020030644771 0.020030644771 NaN NaN 0.015494688386 0.015494688386 0.015494688386 NaN NaN 0.019800972035 0.019800972035 0.019800972035 NaN NaN 0.024242639722 0.024242639722 0.024242639722 NaN NaN 0.015904659919 0.015904659919 0.015904659919"
General-3-20251226-13:57:32-67458,vector,AdhocNetwork1.host[16].rl,rlReward,,,"1 2 3 4 5 6 7 8 9 10 11 12 13 14 15 16 17 18 19 20 21 22 23 24 25 26 27 28 29 30 31 32 33 34 35 36 37 38 39 40","0.33333333333333 0 0.19705036866102 0.097489659065736 0.22343449802141 0.23314416787126 0.098198613751017 0.45609154396959 0.18958107904791 0.19578473873956 0.2077302225728 0.2055976363673 0.23578572361429 0.17813920720677 0.09077258160048 0.22992784975744 0.20401579031911 0.2150339887626 0.22230054029749 0.2248650849792 0.24075793467971 0.23384294207489 0.25086009971069 0.22455954188961 0.22205927404311 0.25451029067295 0.078687768954097 0.41912714791085 0.23166285451505 0.21101360189499 0.22874058717261 0.17825781471032 0.1822099850516 0.24021846030542 0.23763418305268 0.21051467792534 0.22669576509702 0.22081337680652 0.21554817011735 0.23252091065629"
General-3-20251226-13:57:32-67458,vector,AdhocNetwork1.host[17].app[1],e2eDelayPeriodicSec,,,"1 2 3 4 5 6 7 8 9 10 11 12 13 14 15 16 17 18 19 20 21 22 23 24 25 26 27 28 29 30 31 32 33 34 35 36 37 38 39 40","NaN 0.154850010169 0.154850010169 0.154850010169 NaN NaN NaN NaN 0.008054113924 0.008054113924 0.008054113924 NaN NaN 0.007434530243 0.007434530243 0.007434530243 NaN NaN NaN 0.020918593389 0.020918593389 0.020918593389 NaN NaN 0.016183894384 0.016183894384 0.016183894384 NaN NaN 0.018376615714 0.018376615714 0.018376615714 NaN NaN 0.020486665679 0.020486665679 0.020486665679 NaN NaN 0.015894084423"
General-3-20251226-13:57:32-67458,vector,AdhocNetwork1.host[17].rl,rlReward,,,"1 2 3 4 5 6 7 8 9 10 11 12 13 14 15 16 17 18 19 20 21 22 23 24 25 26 27 28 29 30 31 32 33 34 35 36 37 38 39 40","0.33333333333333 0 0.072070934980737 0.83802469511502 0.12556816144161 0.16441241144983 0.17016381396822 0.031793620433601 0.12815106197465 0 0.081130271978521 0.069169340852651 0.20627774205007 0.15802107411608 0.090524147346235 0.41148907419112 -0.077452347129341 0.18056121130787 0.20188917044218 0.13609435796744 0.10570736664628 0 0.46274772851932 0.17688779913233 0.16810123337621 0.16597365326352 0.091314366231731 0.18144509090277 0.4605880907234 0.1994385562697 0.36548619478673 0.10783760464375 0.15472715842293 0.15774005534182 0.19078525711388 0.1825127597733 0.1971970666454 0.17110155649296 0.19312629572721 0.46407204028193"
General-3-20251226-13:57:32-67458,vector,AdhocNetwork1.host[18].app[1],e2eDelayPeriodicSec,,,"1 2 3 4 5 6 7 8 9 10 11 12 13 14 15 16 17 18 19 20 21 22 23 24 25 26 27 28 29 30 31 32 33 34 35 36 37 38 39 40","NaN 0.066620239899 0.066620239899 0.066620239899 NaN NaN 0.011660704647 0.011660704647 0.011660704647 NaN NaN 0.007954482498 0.007954482498 0.007954482498 NaN NaN 0.015576849062 0.015576849062 0.015576849062 NaN NaN NaN NaN NaN 0.022213986972 0.022213986972 0.022213986972 NaN NaN 0.016126779982 0.016126779982 0.016126779982 NaN NaN 0.028729675059 0.028729675059 0.028729675059 NaN NaN 0.015207630201"
General-3-20251226-13:57:32-67458,vector,AdhocNetwork1.host[18].rl,rlReward,,,"1 2 3 4 5 6 7 8 9 10 11 12 13 14 15 16 17 18 19 20 21 22 23 24 25 26 27 28 29 30 31 32 33 34 35 36 37 38 39 40","0.33333333333333 0 0.21929190494072 0.24474954746228 0.2243535769785 0.25552753847338 -0.42859464201433 -0.49297746230714 -0.42362008782016 -0.44232751960785 -0.41988592688025 0.22205371012604 0.2507532819141 0.087694185443546 0.48237037835456 0.51318056181366 0.51171291261664 0.53812512316625 0.53106553691847 0.50317667283743 0.5281480114781 0.50284707577518 0.53392261537527 0.52252790477615 0.52272374269281 0.26154205255534 0.51199909902721 0.51717014534242 0.53189404528218 0.52934675790284 0.50019015790197 0.47058632488804 0.52006607575734 0.53586503270832 0.51027383997691 0.51410480339673 0.52355110668321 0.51959888840105 0.53150506328009 0.51547369563872"
General-3-20251226-13:57:32-67458,vector,AdhocNetwork1.host[19].app[1],e2eDelayPeriodicSec,,,"1 2 3 4 5 6 7 8 9 10 11 12 13 14 15 16 17 18 19 20 21 22 23 24 25 26 27 28 29 30 31 32 33 34 35 36 37 38 39 40","NaN 0.134021112624 0.134021112624 0.134021112624 NaN NaN 0.027445384137 0.027445384137 0.027445384137 NaN NaN 0.016805979691 0.016805979691 0.016805979691 NaN NaN 0.018083174416 0.018083174416 0.018083174416 NaN NaN 0.008594756325 0.008594756325 0.008594756325 NaN NaN 0.019586249299 0.019586249299 0.019586249299 NaN NaN 0.011675924784 0.011675924784 0.011675924784 NaN NaN 0.008953582949 0.008953582949 0.008953582949 NaN"
General-3-20251226-13:57:32-67458,vector,AdhocNetwork1.host[19].rl,rlReward,,,"1 2 3 4 5 6 7 8 9 10 11 12 13 14 15 16 17 18 19 20 21 22 23 24 25 26 27 28 29 30 31 32 33 34 35 36 37 38 39 40","0.33333333333333 0 0.029302628041223 0.092444542017374 0.08757525212365 0.17050601489765 0.073501035381777 0 0.17436745463619 0 0.14952967167599 0.16260182373648 0.20336458060195 0.21445750070517 0.20668185889338 0.20422282586651 0.18517877063204 0.21549577548485 0.21372061371676 0.17717059841857 0.20370049493381 0.059141764353394 0.2053044121692 0.21280546522857 0.21936080878011 0.18934477191772 0.19073005769899 -0.017952373326654 0.17316228464026 0.22748055502223 0.16579887227269 0.021461806223564 0.17088950749541 0.16896453519899 0.23391512646473 0.20526763659598 0.22734187429782 0.1548068063123 0.21441667209634 0.2032051152424"
General-3-20251226-13:57:32-67458,vector,AdhocNetwork1.host[20].app[1],e2eDelayPeriodicSec,,,"1 2 3 4 5 6 7 8 9 10 11 12 13 14 15 16 17 18 19 20 21 22 23 24 25 26 27 28 29 30 31 32 33 34 35 36 37 38 39 40","NaN NaN NaN NaN NaN NaN NaN NaN NaN NaN NaN NaN 10.679904325555 10.679904325555 10.679904325555 NaN NaN NaN NaN NaN NaN 0.106122126426 0.106122126426 0.106122126426 NaN NaN 0.068924960153 0.068924960153 0.068924960153 NaN NaN 0.042589556567 0.042589556567 0.042589556567 NaN NaN NaN 0.09443160236 0.09443160236 0.09443160236"
General-3-20251226-13:57:32-67458,vector,AdhocNetwork1.host[20].rl,rlReward,,,"1 2 3 4 5 6 7 8 9 10 11 12 13 14 15 16 17 18 19 20 21 22 23 24 25 26 27 28 29 30 31 32 33 34 35 36 37 38 39 40","0.33333333333333 0 0.087821715415086 0.19495306475061 0.22611362314024 0.22285930880656 0.2242480546547 0.19369433438389 0.22500934027516 0.19315511219954 -0.46444056871066 0.18844090518597 0.23541535531326 0.055159452498121 0.098166622031247 0.20929259784205 0.22933487819094 0.095424374616532 0.23924658493927 0.48952677391142 0.23475435382971 0.17040485286545 0.22936397285486 0.23613335486483 0.18990980710433 0.20707215029806 0.20804098515431 0.19196730581666 0.2271615538858 0.23740905894775 0.0064582696059085 0 0.21881668680241 0.25336717922856 0.24908787828156 0.24375685126133 0.24194411893287 0.20611163370027 0.26101989707252 0.25031978859587"
General-3-20251226-13:57:32-67458,vector,AdhocNetwork1.host[21].app[1],e2eDelayPeriodicSec,,,"1 2 3 4 5 6 7 8 9 10 11 12 13 14 15 16 17 18 19 20 21 22 23 24 25 26 27 28 29 30 31 32 33 34 35 36 37 38 39 40","NaN NaN 0.049467100987 0.049467100987 0.049467100987 NaN NaN 0.030114779627 0.030114779627 0.030114779627 NaN NaN 0.033665672316 0.033665672316 0.033665672316 NaN NaN 0.018759572941 0.018759572941 0.018759572941 NaN NaN NaN 0.043604093953 0.043604093953 0.043604093953 NaN NaN 0.015543160555 0.015543160555 0.015543160555 NaN NaN 0.028196228377 0.028196228377 0.028196228377 NaN NaN 0.02924434755 0.02924434755"
General-3-20251226-13:57:32-67458,vector,AdhocNetwork1.host[21].rl,rlReward,,,"1 2 3 4 5 6 7 8 9 10 11 12 13 14 15 16 17 18 19 20 21 22 23 24 25 26 27 28 29 30 31 32 33 34 35 36 37 38 39 40","0.33333333333333 0 0.11314928623901 0.12953334363509 0.15191013575836 0.18476650232124 0.15226533177143 0.066748698715942 0.15521014518251 0.11852628600173 0.13187611379363 0.16307067220107 0.20260074650311 0.11746597809395 0.19634246140121 0.07452797296488 0.15433603940056 0.23024299616445 0.18631912962496 0.21243580744244 0.076643312459215 0 0.20574768297901 0.17901636465083 0.22988802843324 0.45751415447541 0.096364879541527 0.15410795137996 0.16552929478235 0.23407360390638 0.20168744107105 0 0.35731204924714 0.14569764269815 0.48275434753799 0.23649616854249 0.19090917720786 0.096547858951433 0.19231519275949 0.16725945299738"
General-3-20251226-13:57:32-67458,vector,AdhocNetwork1.host[22].app[1],e2eDelayPeriodicSec,,,"1 2 3 4 5 6 7 8 9 10 11 12 13 14 15 16 17 18 19 20 21 22 23 24 25 26 27 28 29 30 31 32 33 34 35 36 37 38 39 40","NaN NaN NaN NaN NaN NaN NaN NaN 0.310999964969 0.310999964969 0.310999964969 NaN NaN NaN 0.037196175101 0.037196175101 0.037196175101 NaN NaN 0.026730404035 0.026730404035 0.026730404035 NaN NaN NaN 0.026829055669 0.026829055669 0.026829055669 NaN NaN NaN NaN NaN 3.365288723974 3.365288723974 3.365288723974 NaN NaN NaN NaN"
General-3-20251226-13:57:32-67458,vector,AdhocNetwork1.host[22].rl,rlReward,,,"1 2 3 4 5 6 7 8 9 10 11 12 13 14 15 16 17 18 19 20 21 22 23 24 25 26 27 28 29 30 31 32 33 34 35 36 37 38 39 40","0.33333333333333 0 0.10025981635552 0.42881076257384 0.13317595399426 0.20427950552323 0.18186360373812 0.068345951614097 0.19268094635624 0.7106166729776 0.15697227043977 0.1896309611259 0.14306236673739 0.48558089294183 0.1373426187816 0.18586670433367 0.22146197979476 0.19318016748939 0.22551811108939 0.16662346540577 0.46765197833145 0.17301421209917 0.21611860086563 0.20610494909501 0.20102872209367 0.17612017582984 0.15055315604746 0.16630006004568 0.20283764206378 0.22215031367 0.20108783764836 0.13473120894904 0.17510558248045 0.17397404506357 0.20893459639411 0.49293682799937 0.20282080442195 0.095334393294684 0.22574773148118 0.1644211673401"
General-3-20251226-13:57:32-67458,vector,AdhocNetwork1.host[23].app[1],e2eDelayPeriodicSec,,,"1 2 3 4 5 6 7 8 9 10 11 12 13 14 15 16 17 18 19 20 21 22 23 24 25 26 27 28 29 30 31 32 33 34 35 36 37 38 39 40","NaN 0.15932551553 0.15932551553 0.15932551553 NaN NaN 0.008290589984 0.008290589984 0.008290589984 NaN NaN 0.008290589984 0.008290589984 0.008290589984 NaN NaN 0.009525951918 0.009525951918 0.009525951918 NaN NaN 0.008919957335 0.008919957335 0.008919957335 NaN NaN 0.008090589984 0.008090589984 0.008090589984 NaN NaN 0.008210589984 0.008210589984 0.008210589984 NaN NaN 0.008410589984 0.008410589984 0.008410589984 NaN"
General-3-20251226-13:57:32-67458,vector,AdhocNetwork1.host[23].rl,rlReward,,,"1 2 3 4 5 6 7 8 9 10 11 12 13 14 15 16 17 18 19 20 21 22 23 24 25 26 27 28 29 30 31 32 33 34 35 36 37 38 39 40","0.33333333333333 0.1 0.12123693350807 0.73933119644903 0.113468298565 0.1506953730722 0.085525485196569 0 0.036685177484885 0 0.11770623522159 -0.54167257470502 -0.48199795685595 -0.49022892869208 -0.37088030870982 -0.54935473733561 -0.52051552559606 -0.44493602063481 -0.50042063309973 -0.47035721618756 -0.56670902882024 0 0.21285946001635 0.12689028660139 0.44854363937212 0.39818182210334 0.13618131043022 0.39916295556598 0.33627634023009 0.40615684483805 0.38598447444898 0.28888827963166 0.28687105976768 0.32224338984344 0.4051348235757 0.41213823212414 0.38456722154798 0.37592303614184 0.34916492282551 0.35110312319585"
General-3-20251226-13:57:32-67458,vector,AdhocNetwork1.host[24].app[1],e2eDelayPeriodicSec,,,"1 2 3 4 5 6 7 8 9 10 11 12 13 14 15 16 17 18 19 20 21 22 23 24 25 26 27 28 29 30 31 32 33 34 35 36 37 38 39 40","NaN 0.107432163277 0.107432163277 0.107432163277 NaN NaN 0.029636039541 0.029636039541 0.029636039541 NaN NaN NaN NaN NaN NaN NaN NaN NaN NaN NaN 0.06588825047 0.06588825047 0.06588825047 NaN NaN 0.130159613185 0.130159613185 0.130159613185 NaN NaN NaN 0.0336639981 0.0336639981 0.0336639981 NaN NaN NaN 0.041973239996 0.041973239996 0.041973239996"
General-3-20251226-13:57:32-67458,vector,AdhocNetwork1.host[24].rl,rlReward,,,"1 2 3 4 5 6 7 8 9 10 11 12 13 14 15 16 17 18 19 20 21 22 23 24 25 26 27 28 29 30 31 32 33 34 35 36 37 38 39 40","0.33333333333333 0 0.10195338541548 0.14074707216829 0.18605104364342 0.20950968176023 0.20005873980217 0.74095706382644 0.45845743294624 0.41331045481445 0.38220329793511 0.47273547992153 0.46110407428359 0.49812255035024 0.48831118850515 0.44557961527014 0.46594095234622 0.46888617874123 0.47273289911733 0.48775710160115 0.43462917043217 0.40715951840781 0.47148675500402 0.47766422407915 0.46502054841357 0.47490462963512 0.37096019236298 0.43218597449923 0.48475138939733 0.50329875662249 0.17435291368096 0.37592418995673 0.41985197130907 0.45351373640444 0.49156634386391 0.48653248605894 0.46645813852032 0.4111873271087 0.46833873591455 0.44861703592795"
General-4-20251226-13:57:32-67459,vector,AdhocNetwork1.host[0].app[1],e2eDelayPeriodicSec,,,"1 2 3 4 5 6 7 8 9 10 11 12 13 14 15 16 17 18 19 20 21 22 23 24 25 26 27 28 29 30 31 32 33 34 35 36 37 38 39 40","NaN NaN NaN NaN NaN NaN NaN NaN 3.143490352716 3.143490352716 3.143490352716 NaN NaN NaN 0.174203869909 0.174203869909 0.174203869909 NaN NaN 0.053652124266 0.053652124266 0.053652124266 NaN NaN 0.044132661515 0.044132661515 0.044132661515 NaN NaN NaN 0.082592684146 0.082592684146 0.082592684146 NaN NaN 0.046159365144 0.046159365144 0.046159365144 NaN NaN"
General-4-20251226-13:57:32-67459,vector,AdhocNetwork1.host[0].rl,rlReward,,,"1 2 3 4 5 6 7 8 9 10 11 12 13 14 15 16 17 18 19 20 21 22 23 24 25 26 27 28 29 30 31 32 33 34 35 36 37 38 39 40","0.33333333333333 0 0.12486402010014 0.82003208821484 -0.50092033566565 -0.53339975090621 -0.54561944705342 -0.51968289616419 -0.5578932259815 -0.5276814996637 -0.19061062601294 0.08226363710283 0.03650939791624 0.20446433134337 -0.065265192715705 -0.053061383442152 0.055349082708812 0.18903266830806 0.39301609453572 0.39725885426023 0.3001745011316 0.43640792507241 0.35082377687433 0.40934217091296 0.33186819894859 0.35972437967726 0.32029921050628 0.1 0.39631553851163 0.44761039371145 0.29710294416391 0.41040167875534 0.38179631934412 0.3485633947779 0.45431619269726 0.4397892847037 0.42855378303177 0.43948083382284 0.78682805895795 0.42518947058573"
General-4-20251226-13:57:32-67459,vector,AdhocNetwork1.host[1].app[1],e2eDelayPeriodicSec,,,"1 2 3 4 5 6 7 8 9 10 11 12 13 14 15 16 17 18 19 20 21 22 23 24 25 26 27 28 29 30 31 32 33 34 35 36 37 38 39 40","NaN 0.19662692584 0.19662692584 0.19662692584 NaN NaN NaN 0.023023275323 0.023023275323 0.023023275323 NaN NaN 0.012098893887 0.012098893887 0.012098893887 NaN NaN 0.008333594526 0.008333594526 0.008333594526 NaN NaN 0.018390541954 0.018390541954 0.018390541954 NaN NaN 0.008074338808 0.008074338808 0.008074338808 NaN NaN 0.034377425755 0.034377425755 0.034377425755 NaN NaN NaN NaN NaN"
General-4-20251226-13:57:32-67459,vector,AdhocNetwork1.host[1].rl,rlReward,,,"1 2 3 4 5 6 7 8 9 10 11 12 13 14 15 16 17 18 19 20 21 22 23 24 25 26 27 28 29 30 31 32 33 34 35 36 37 38 39 40","0.33333333333333 0 0 0.086072623283621 0.11130670900582 -0.52292624729252 -0.60091776361483 -0.48843308623954 -0.55308892586585 0.076213217282238 -0.41638437851462 0.49621651424146 0.39519469517298 0.40322139127016 0.22020788711324 0.16847288409399 0.40520475856541 0.37777773347543 0.3585259634299 0.33086768525261 0.27509807493519 0.31771926529743 0.39982303045485 0.38482633108374 0.28634866901029 0.34604469608622 0.40075976703542 0.2500842350855 0.38454228475161 0.35017458317861 0.35789358520767 0.37017398483908 0.41773338912558 0.27096244958088 0.38905316973602 0.20022775045678 0.37811292711995 0.4186048618721 -0.30211555827506 -0.22255113882696"
General-4-20251226-13:57:32-67459,vector,AdhocNetwork1.host[2].app[1],e2eDelayPeriodicSec,,,"1 2 3 4 5 6 7 8 9 10 11 12 13 14 15 16 17 18 19 20 21 22 23 24 25 26 27 28 29 30 31 32 33 34 35 36 37 38 39 40","NaN NaN 0.164579395071 0.164579395071 0.164579395071 NaN NaN NaN 0.019470223506 0.019470223506 0.019470223506 NaN NaN 0.061584136464 0.061584136464 0.061584136464 NaN NaN 0.019970793072 0.019970793072 0.019970793072 NaN NaN NaN NaN NaN NaN 0.021947317626 0.021947317626 0.021947317626 NaN NaN NaN NaN NaN NaN NaN NaN NaN NaN"
General-4-20251226-13:57:32-67459,vector,AdhocNetwork1.host[2].rl,rlReward,,,"1 2 3 4 5 6 7 8 9 10 11 12 13 14 15 16 17 18 19 20 21 22 23 24 25 26 27 28 29 30 31 32 33 34 35 36 37 38 39 40","0.33333333333333 0 0.023450501447648 0.0067303868894931 0 0.025855544712851 0 0.088252744234681 0.13055115100099 0.15636881636027 0.12161309863683 0.21243880097261 0.19362216590021 0.18916968173925 0.14236629846299 0.12254591926038 0.20955288751003 0.19103528132597 0.1921935935601 0.15493644612341 0.18113088385479 0.20950489587194 0.19353040804767 0.1959619869196 0.15684185047146 -0.51707015352184 -0.49163563434056 -0.60324224639753 -0.49371317948762 -0.49231431542696 -0.61036269090108 0.16587860981416 0.21894895915432 0.47235602332635 0.2187223945834 0.22355150412526 0.81610032129435 -0.1934234392432 -0.2065948970487 -0.18745413416115"
General-4-20251226-13:57:32-67459,vector,AdhocNetwork1.host[3].app[1],e2eDelayPeriodicSec,,,"1 2 3 4 5 6 7 8 9 10 11 12 13 14 15 16 17 18 19 20 21 22 23 24 25 26 27 28 29 30 31 32 33 34 35 36 37 38 39 40","NaN 0 0 0 NaN NaN 0 0 0 NaN NaN 0 0 0 NaN NaN 0 0 0 NaN NaN 0 0 0 NaN NaN 0 0 0 NaN NaN 0 0 0 NaN NaN 0 0 0 NaN"
General-4-20251226-13:57:32-67459,vector,AdhocNetwork1.host[3].rl,rlReward,,,"1 2 3 4 5 6 7 8 9 10 11 12 13 14 15 16 17 18 19 20 21 22 23 24 25 26 27 28 29 30 31 32 33 34 35 36 37 38 39 40","0.33333333333333 0 0.029246280990523 0.1513382373627 0.13246287484731 0.14437571366523 0.76446458455953 0.13630501525792 -0.60788025299991 -0.6055272889771 -0.54923924121202 0.14984167157583 0.84429721102297 -0.48743250285364 -0.66257630582247 -0.63704502554255 -0.50953420141028 -0.54186868234057 -0.24338058362807 -0.46681570285235 -0.55204079086562 0.19894528859555 -0.31597232450328 -0.4669861896425 -0.48678230749542 -0.61280815190577 -0.54067821011014 -0.34532488507828 -0.43662687795207 -0.47362605602851 -0.46897018127553 0.28041661720899 0.21809917195907 0.44520513254922 0.42552546804197 0.1777763681835 0.28799092587879 0.33178043550765 0.24975774631579 0.83482046484185"
General-4-20251226-13:57:32-67459,vector,AdhocNetwork1.host[4].app[1],e2eDelayPeriodicSec,,,"1 2 3 4 5 6 7 8 9 10 11 12 13 14 15 16 17 18 19 20 21 22 23 24 25 26 27 28 29 30 31 32 33 34 35 36 37 38 39 40","NaN NaN NaN NaN NaN NaN NaN NaN NaN NaN NaN NaN NaN NaN NaN NaN NaN NaN NaN NaN NaN NaN NaN NaN NaN 3.053934788681 3.053934788681 3.053934788681 NaN NaN 0.069282534749 0.069282534749 0.069282534749 NaN NaN 0.025255175794 0.025255175794 0.025255175794 NaN NaN"
General-4-20251226-13:57:32-67459,vector,AdhocNetwork1.host[4].rl,rlReward,,,"1 2 3 4 5 6 7 8 9 10 11 12 13 14 15 16 17 18 19 20 21 22 23 24 25 26 27 28 29 30 31 32 33 34 35 36 37 38 39 40","0.33333333333333 0 0 0.12353575752847 0.18958266169555 0.094352726906295 0.1309915623808 0.16206863056107 0.18347665417559 0.18195344331583 0.18217542436458 0.21591811452551 0.2270724290482 0.20622041466416 -0.51029711355098 -0.48539049888658 -0.46689501364241 -0.51057500383959 -0.50268177268371 -0.50174112612373 -0.50226399170428 0.20273797861754 0.18665238486523 0.48083642756931 0.46455154854639 0.43613915215707 0.47261022108679 0.4227489606545 0.48629393632592 0.49221745411988 0.43292147241095 0.42925933568857 0.51610503550267 0.44687888252299 0.51845345409834 0.080196119490346 0.46597144552473 0.49575940026286 -0.52513570066047 -0.5161282773635"
General-4-20251226-13:57:32-67459,vector,AdhocNetwork1.host[5].app[1],e2eDelayPeriodicSec,,,"1 2 3 4 5 6 7 8 9 10 11 12 13 14 15 16 17 18 19 20 21 22 23 24 25 26 27 28 29 30 31 32 33 34 35 36 37 38 39 40","NaN NaN NaN NaN 0.098685509061 0.098685509061 0.098685509061 NaN NaN NaN NaN NaN NaN NaN NaN NaN 0.022954281168 0.022954281168 0.022954281168 NaN NaN 0.060985299321 0.060985299321 0.060985299321 NaN NaN NaN 0.038316752577 0.038316752577 0.038316752577 NaN NaN 0.027714069948 0.027714069948 0.027714069948 NaN NaN NaN 0.023785030577 0.023785030577"
General-4-20251226-13:57:32-67459,vector,AdhocNetwork1.host[5].rl,rlReward,,,"1 2 3 4 5 6 7 8 9 10 11 12 13 14 15 16 17 18 19 20 21 22 23 24 25 26 27 28 29 30 31 32 33 34 35 36 37 38 39 40","0.33333333333333 0 0 0.78163100936694 0.14908892622388 -0.55148059874228 -0.66666666666667 -0.55631782294789 -0.468042343267 -0.52571903667671 -0.51460302505454 0.22517927098687 0.076176369468847 0.42408154064515 0.35204210645347 -0.33426443823876 -0.19573025540873 -0.22659363483724 -0.21086807680664 -0.24636537431154 -0.31999321131126 0.37166043212315 0.025181656059893 0.069954804092597 0.332056541146 0.030421610193869 0.047041733764349 0.32094134996178 0.071748013635565 0.04307662718863 0.1041483596125 0.24581115051793 0.080958464945606 0.34286052789842 0.045742659979949 0.39390963673623 0.33466952783811 0.37995634611388 0.32555275422325 0.37938072226142"
General-4-20251226-13:57:32-67459,vector,AdhocNetwork1.host[6].app[1],e2eDelayPeriodicSec,,,"1 2 3 4 5 6 7 8 9 10 11 12 13 14 15 16 17 18 19 20 21 22 23 24 25 26 27 28 29 30 31 32 33 34 35 36 37 38 39 40","NaN NaN NaN NaN 0.123491517631 0.123491517631 0.123491517631 NaN NaN 0.046209293511 0.046209293511 0.046209293511 NaN NaN NaN 0.019450019338 0.019450019338 0.019450019338 NaN NaN 0.039189519955 0.039189519955 0.039189519955 NaN NaN 0.060449334347 0.060449334347 0.060449334347 NaN NaN NaN 0.02513622264 0.02513622264 0.02513622264 NaN NaN 0.038854146278 0.038854146278 0.038854146278 NaN"
General-4-20251226-13:57:32-67459,vector,AdhocNetwork1.host[6].rl,rlReward,,,"1 2 3 4 5 6 7 8 9 10 11 12 13 14 15 16 17 18 19 20 21 22 23 24 25 26 27 28 29 30 31 32 33 34 35 36 37 38 39 40","0.33333333333333 0 0 0.11806836732755 0.19081621943906 0.20141521804093 -0.47738963128557 -0.47722941506553 -0.55791707791729 -0.49664104334882 -0.5056952212405 0.4302170040453 0.43284122280446 0.85231886012727 0.3328033997212 0.35710528374556 0.38426191910004 0.37765145873167 0.48606163956604 0.3515636023845 0.3616342524063 0.34701110651334 0.39217592341874 0.41571837182565 0.4008610209978 -0.29711282948849 -0.28795337719393 -0.21520907319166 -0.14819514081936 -0.15156684925821 -0.16403385035674 0.35859195849121 0.4469303528337 0.39694808600895 0.46284379893071 0.43876200574644 0.24590921207251 0.43204742303595 0.39062322103054 0.42020098573905"
General-4-20251226-13:57:32-67459,vector,AdhocNetwork1.host[7].app[1],e2eDelayPeriodicSec,,,"1 2 3 4 5 6 7 8 9 10 11 12 13 14 15 16 17 18 19 20 21 22 23 24 25 26 27 28 29 30 31 32 33 34 35 36 37 38 39 40","NaN NaN NaN NaN NaN NaN NaN NaN NaN NaN NaN NaN NaN NaN 10.027996183992 10.027996183992 10.027996183992 NaN NaN NaN 0.080586118095 0.080586118095 0.080586118095 NaN NaN 0.049267023409 0.049267023409 0.049267023409 NaN NaN 0.036587091921 0.036587091921 0.036587091921 NaN NaN NaN 0.039138716011 0.039138716011 0.039138716011 NaN"
General-4-20251226-13:57:32-67459,vector,AdhocNetwork1.host[7].rl,rlReward,,,"1 2 3 4 5 6 7 8 9 10 11 12 13 14 15 16 17 18 19 20 21 22 23 24 25 26 27 28 29 30 31 32 33 34 35 36 37 38 39 40","0.33333333333333 0 0 0.071177063745042 0.12149765419956 0.14093701391508 0.056154446202607 0 0.065484307267422 0.037573641341381 0.11065926378079 0.11017570088634 0.14929988250913 0.17917570670086 0 0.051002619661791 0.17593699517204 0.20617752446934 0.48234801455509 0.4312504492655 0.39732642008906 0.44017184623081 0.27101133225699 0.49659269111665 0.77375588597703 0.39875353537172 0.38646250860741 0.3731179776376 0.48190485932797 0.50133682443499 0.42588177088828 0.43819389408611 0.50575589232139 0.47623405729127 0.50230506633139 0.40374149177609 0.43464821614753 0.36504867527594 -0.55474124742885 -0.52992785993713"
General-4-20251226-13:57:32-67459,vector,AdhocNetwork1.host[8].app[1],e2eDelayPeriodicSec,,,"1 2 3 4 5 6 7 8 9 10 11 12 13 14 15 16 17 18 19 20 21 22 23 24 25 26 27 28 29 30 31 32 33 34 35 36 37 38 39 40","NaN NaN NaN NaN 0.078341084717 0.078341084717 0.078341084717 NaN NaN 0.021819805904 0.021819805904 0.021819805904 NaN NaN 0.02297486781 0.02297486781 0.02297486781 NaN NaN 0.017065458579 0.017065458579 0.017065458579 NaN NaN 0.023435795782 0.023435795782 0.023435795782 NaN NaN NaN 0.065094766683 0.065094766683 0.065094766683 NaN NaN 0.023818645082 0.023818645082 0.023818645082 NaN NaN"
General-4-20251226-13:57:32-67459,vector,AdhocNetwork1.host[8].rl,rlReward,,,"1 2 3 4 5 6 7 8 9 10 11 12 13 14 15 16 17 18 19 20 21 22 23 24 25 26 27 28 29 30 31 32 33 34 35 36 37 38 39 40","0.33333333333333 0 0 0.17306484085766 0.09279502721241 -0.4821640017031 -0.49565975533635 -0.56713233656286 -0.66666666666667 -0.29299870448059 -0.37414979976768 0.17848394718703 0.19014173470682 0.41169340205755 0.23041046911025 0.30140071854211 0.38330566338789 0.27096949051142 0.3359678217438 -0.25934261333665 -0.38507290796519 0.33286252299246 -0.33706883142154 -0.45243598913606 -0.26024431470875 -0.31883804843107 -0.24393865299569 -0.37598244044814 -0.44418571238634 -0.1745568732662 -0.24536059977717 0.48694492038488 0.41268530166457 -0.019283658979761 0.44138692224872 0.40905233917143 0.34907587993667 0.36655596019828 -0.040266582747187 0.39917610865785"
General-4-20251226-13:57:32-67459,vector,AdhocNetwork1.host[9].app[1],e2eDelayPeriodicSec,,,"1 2 3 4 5 6 7 8 9 10 11 12 13 14 15 16 17 18 19 20 21 22 23 24 25 26 27 28 29 30 31 32 33 34 35 36 37 38 39 40","NaN 0 0 0 NaN NaN 0 0 0 NaN NaN 0 0 0 NaN NaN 0 0 0 NaN NaN 0 0 0 NaN NaN 0 0 0 NaN NaN 0 0 0 NaN NaN 0 0 0 NaN"
General-4-20251226-13:57:32-67459,vector,AdhocNetwork1.host[9].rl,rlReward,,,"1 2 3 4 5 6 7 8 9 10 11 12 13 14 15 16 17 18 19 20 21 22 23 24 25 26 27 28 29 30 31 32 33 34 35 36 37 38 39 40","0.33333333333333 0 0 0.043485199795191 0.11210369584671 -0.49905131611359 -0.65618739251089 -0.4896365877371 -0.55796177742142 -0.262699388067 0.428997680456 0.040963828429065 0.036581914574819 0.012815733146991 -0.043268496746429 -0.44939277177849 -0.36735183993665 -0.43616697450137 -0.40509834593252 -0.40406104498395 -0.51322542486265 0.43426510655235 0.011826737836748 0.44991709170918 0.3329527154242 0.770228667812 0.38518471262715 0.32509300261073 0.45435279081633 0.44443030682916 0.59549310820308 0.044653515947284 -0.16820856424025 -0.20275499967339 -0.19783140122568 -0.21066889123118 -0.35707401159385 -0.21301592827908 -0.19737940125402 -0.26295794781435"
General-4-20251226-13:57:32-67459,vector,AdhocNetwork1.host[10].app[1],e2eDelayPeriodicSec,,,"1 2 3 4 5 6 7 8 9 10 11 12 13 14 15 16 17 18 19 20 21 22 23 24 25 26 27 28 29 30 31 32 33 34 35 36 37 38 39 40","NaN NaN NaN NaN NaN NaN NaN NaN 0.043672821642 0.043672821642 0.043672821642 NaN NaN 0.034605790917 0.034605790917 0.034605790917 NaN NaN 0.020531409222 0.020531409222 0.020531409222 NaN NaN NaN 0.037174666109 0.037174666109 0.037174666109 NaN NaN 0.03718857299 0.03718857299 0.03718857299 NaN NaN 0.093512225257 0.093512225257 0.093512225257 NaN NaN NaN"
General-4-20251226-13:57:32-67459,vector,AdhocNetwork1.host[10].rl,rlReward,,,"1 2 3 4 5 6 7 8 9 10 11 12 13 14 15 16 17 18 19 20 21 22 23 24 25 26 27 28 29 30 31 32 33 34 35 36 37 38 39 40","0.33333333333333 0 0.27437134481573 0.12648776896231 -0.57844607014908 -0.47623580499072 -0.33792842620492 -0.33333764713576 -0.66666666666667 -0.57048664138 -0.53013306612602 -0.10039055198466 0.28679242481003 0.47981525150334 -0.11352195962317 0.05364373587217 0.39420206444333 0.3609573919222 0.75869880268498 0.31999248678498 0.34289306625372 0.36734635448923 0.35162372051136 0.4271916701341 0.25599800619335 0.31171606271132 0.20573243662929 0.29668465256645 0.44409479318525 0.49955869011828 0.21461705568389 0.27974003335152 0.43730210078471 0.38144338252765 0.42818880142551 -0.036575116934441 0.21089686202939 0.3382725761312 0.38271935953136 0.34981224212575"
General-4-20251226-13:57:32-67459,vector,AdhocNetwork1.host[11].app[1],e2eDelayPeriodicSec,,,"1 2 3 4 5 6 7 8 9 10 11 12 13 14 15 16 17 18 19 20 21 22 23 24 25 26 27 28 29 30 31 32 33 34 35 36 37 38 39 40","NaN 0.070728761213 0.070728761213 0.070728761213 NaN NaN NaN NaN NaN NaN 0.082648404522 0.082648404522 0.082648404522 NaN NaN NaN NaN NaN NaN NaN 0.066505147109 0.066505147109 0.066505147109 NaN NaN 0.076488929673 0.076488929673 0.076488929673 NaN NaN NaN NaN 0.050502505818 0.050502505818 0.050502505818 NaN NaN 0.038060848334 0.038060848334 0.038060848334"
General-4-20251226-13:57:32-67459,vector,AdhocNetwork1.host[11].rl,rlReward,,,"1 2 3 4 5 6 7 8 9 10 11 12 13 14 15 16 17 18 19 20 21 22 23 24 25 26 27 28 29 30 31 32 33 34 35 36 37 38 39 40","0.33333333333333 0 0 0.75489182995016 0.7852681351913 0.022967471049742 -0.079939968243229 -0.025284194444743 -0.0434249261589 -0.054419845938913 0.010034496925857 -0.022282026542365 -0.036239860800572 0.039904563367039 0.36490696563689 -0.50061505926787 -0.35421665902598 -0.35757819177894 -0.3639690864102 -0.35347400451338 -0.46001100421837 0.0096651811081653 -0.047628489865196 0.083808090878424 0.35467250340505 -0.0014752955088175 -0.58040324784932 -0.6 -0.33176214020825 -0.32886561602795 -0.50050054047506 -0.064079577371145 0.011315747511268 0.03880700126163 0.052747610826783 -0.011879030761333 -0.041829301085816 0.18243453229756 0.025731890365877 0.20777295607707"
General-4-20251226-13:57:32-67459,vector,AdhocNetwork1.host[12].app[1],e2eDelayPeriodicSec,,,"1 2 3 4 5 6 7 8 9 10 11 12 13 14 15 16 17 18 19 20 21 22 23 24 25 26 27 28 29 30 31 32 33 34 35 36 37 38 39 40","NaN NaN NaN NaN NaN NaN NaN NaN 6.080927236229 6.080927236229 6.080927236229 NaN NaN NaN NaN NaN NaN NaN 4.539487355067 4.539487355067 4.539487355067 NaN NaN NaN 0.186036277622 0.186036277622 0.186036277622 NaN NaN NaN NaN NaN 3.092025685692 3.092025685692 3.092025685692 NaN NaN NaN NaN NaN"
General-4-20251226-13:57:32-67459,vector,AdhocNetwork1.host[12].rl,rlReward,,,"1 2 3 4 5 6 7 8 9 10 11 12 13 14 15 16 17 18 19 20 21 22 23 24 25 26 27 28 29 30 31 32 33 34 35 36 37 38 39 40","0.33333333333333 0 0.13529239361878 0.036678065458882 0.16418309759777 0.19168803533031 0.056617798681971 0.063729230240346 0 0.16244595012354 0.16743875988014 0.10529194333023 0.096168657938144 0.17465375372071 0.084637173506928 0.11746530727391 0.20011441304712 0.15137593868884 0.17209839070775 0.14764169776725 0.17839835983947 0.21559032221602 0.16033623520433 0.22808125871992 0.1098497809894 0.20170941059407 0.13814511033335 0.12121373414059 0.23342330436068 0.21944560746194 0 0.14082222324686 0.23579305361723 0.21373276466132 0.24358275720092 0.094821543214046 0.16697648601622 0.19821777970123 0.20644024974761 0.1932900513717"
General-4-20251226-13:57:32-67459,vector,AdhocNetwork1.host[13].app[1],e2eDelayPeriodicSec,,,"1 2 3 4 5 6 7 8 9 10 11 12 13 14 15 16 17 18 19 20 21 22 23 24 25 26 27 28 29 30 31 32 33 34 35 36 37 38 39 40","NaN 0.083495322082 0.083495322082 0.083495322082 NaN NaN 0.049915743353 0.049915743353 0.049915743353 NaN NaN 0.072401346178 0.072401346178 0.072401346178 NaN NaN 0.015643470252 0.015643470252 0.015643470252 NaN NaN 0.01907165023 0.01907165023 0.01907165023 NaN NaN NaN NaN NaN NaN NaN 4.069639721634 4.069639721634 4.069639721634 NaN NaN 0.035886138212 0.035886138212 0.035886138212 NaN"
General-4-20251226-13:57:32-67459,vector,AdhocNetwork1.host[13].rl,rlReward,,,"1 2 3 4 5 6 7 8 9 10 11 12 13 14 15 16 17 18 19 20 21 22 23 24 25 26 27 28 29 30 31 32 33 34 35 36 37 38 39 40","0.33333333333333 0 -0.2 0 0.11975050617648 0.1601202059409 0 0.15482090870472 0.070533368340042 0.11909422145925 -0.55393029749329 0.14463374294482 0.073911927071456 0.12063056723608 -0.076022942937339 0.051342204927343 0.14108147295392 0.066198343079175 0.16696911856931 0.15820978128784 0.38097330415718 0.47503096688398 0.43279031830114 0.48009540316877 0.3969769284576 0.4631222472855 0.138989205648 0.36954406216736 0.4818712132902 0.46676368594671 0.35677519997947 0.3816272138598 0.45541245434543 0.47669612160286 0.45909169964975 -0.090316841488763 0.38192388287777 0.45671685702737 0.45425193547318 0.45301982996775"
General-4-20251226-13:57:32-67459,vector,AdhocNetwork1.host[14].app[1],e2eDelayPeriodicSec,,,"1 2 3 4 5 6 7 8 9 10 11 12 13 14 15 16 17 18 19 20 21 22 23 24 25 26 27 28 29 30 31 32 33 34 35 36 37 38 39 40","NaN NaN 0.206130663691 0.206130663691 0.206130663691 NaN NaN 0.091761556551 0.091761556551 0.091761556551 NaN NaN NaN NaN 0.040636457108 0.040636457108 0.040636457108 NaN NaN NaN 0.039522495109 0.039522495109 0.039522495109 NaN NaN 0.038699773314 0.038699773314 0.038699773314 NaN NaN NaN 0.036787272735 0.036787272735 0.036787272735 NaN NaN NaN NaN NaN 3.038655684955"
General-4-20251226-13:57:32-67459,vector,AdhocNetwork1.host[14].rl,rlReward,,,"1 2 3 4 5 6 7 8 9 10 11 12 13 14 15 16 17 18 19 20 21 22 23 24 25 26 27 28 29 30 31 32 33 34 35 36 37 38 39 40","0.33333333333333 0 0.14323849431364 0 0.15114394674845 0.19313902638747 0 0.16868304179727 0.088229132511529 0.13860102806978 0.14843875816828 0.096874765186122 0.075513855044971 0.12488309315072 0.12089147646157 0.15061111143047 0.18676225121372 0.2020060385783 0.20585257103399 0.18917506926801 0.17698392156031 0.17090223616059 0.049330500551075 0.51439771509006 0.18052012000358 0.19574031520023 0.14861722556823 0.1886857666166 0.22595308333013 0.2288356034589 0.077511320669835 0.072252145106338 0.21123200195656 0.2084992758166 0.21573298651843 -0.16837600583546 0.11292945705073 0.1912745324375 0.19847734645177 0.17606575314901"
General-4-20251226-13:57:32-67459,vector,AdhocNetwork1.host[15].app[1],e2eDelayPeriodicSec,,,"1 2 3 4 5 6 7 8 9 10 11 12 13 14 15 16 17 18 19 20 21 22 23 24 25 26 27 28 29 30 31 32 33 34 35 36 37 38 39 40","NaN NaN NaN NaN NaN NaN NaN NaN 0.134713756054 0.134713756054 0.134713756054 NaN NaN NaN 0.023017085939 0.023017085939 0.023017085939 NaN NaN NaN 0.028945587673 0.028945587673 0.028945587673 NaN NaN 0.007514798705 0.007514798705 0.007514798705 NaN NaN 0.023108284997 0.023108284997 0.023108284997 NaN NaN NaN NaN 0.00877376948 0.00877376948 0.00877376948"
General-4-20251226-13:57:32-67459,vector,AdhocNetwork1.host[15].rl,rlReward,,,"1 2 3 4 5 6 7 8 9 10 11 12 13 14 15 16 17 18 19 20 21 22 23 24 25 26 27 28 29 30 31 32 33 34 35 36 37 38 39 40","0.33333333333333 0 0.1438434160227 0.16302453246603 -0.46190703864639 -0.443138348426 -0.49781602276822 -0.43559040691198 -0.52922098011978 -0.28683184596811 -0.37542365166732 0.22926399033961 0.38476230230127 0.45589789594775 0.42766954072145 0.398486717098 0.46050541415958 0.47260085303817 0.45928960302199 0.37244385380787 0.4136538559771 0.46480113935278 0.37491006509512 -0.097007130433535 -0.30962302601426 -0.20255040871975 -0.20578462949754 -0.29076516324259 -0.11507310576729 -0.30926515458862 -0.30373082541591 0.36274239464291 0.42351783925327 0.45611597298697 0.44656245531182 0.2828377408174 0.32654000837475 0.40422381802033 0.44273721050614 0.44629518745886"
General-4-20251226-13:57:32-67459,vector,AdhocNetwork1.host[16].app[1],e2eDelayPeriodicSec,,,"1 2 3 4 5 6 7 8 9 10 11 12 13 14 15 16 17 18 19 20 21 22 23 24 25 26 27 28 29 30 31 32 33 34 35 36 37 38 39 40","NaN 0.07030074532 0.07030074532 0.07030074532 NaN NaN 0.031738347046 0.031738347046 0.031738347046 NaN NaN 0.007412789626 0.007412789626 0.007412789626 NaN NaN 0.007832789626 0.007832789626 0.007832789626 NaN NaN 0.008492789626 0.008492789626 0.008492789626 NaN NaN 0.008052789626 0.008052789626 0.008052789626 NaN NaN 0.007792789626 0.007792789626 0.007792789626 NaN NaN 0.007432789626 0.007432789626 0.007432789626 NaN"
General-4-20251226-13:57:32-67459,vector,AdhocNetwork1.host[16].rl,rlReward,,,"1 2 3 4 5 6 7 8 9 10 11 12 13 14 15 16 17 18 19 20 21 22 23 24 25 26 27 28 29 30 31 32 33 34 35 36 37 38 39 40","0.33333333333333 0 0.19492760308116 0.096442757854126 -0.46913244529907 -0.42414745681852 -0.5218856952163 -0.43192932632948 -0.49448085912337 -0.20643468354125 -0.3135575103559 0.22534323372731 0.41764382450034 0.40880706890246 0.41400150502289 0.50647470119731 0.44763895544576 0.49192600030614 0.48394551901576 0.45794316798981 0.21348944248906 0.48319307116849 0.46442365408866 0.51685899590478 0.47420858063517 0.46746091203033 0.47655615644781 0.098305112868177 0.48199727673402 0.49870623195286 0.4133221704487 0.3919765516442 0.49573608042326 0.49780910217668 0.11115664885694 0.42862874094849 0.39959165365042 0.41148981297183 0.47776106834863 0.47356866547346"
General-4-20251226-13:57:32-67459,vector,AdhocNetwork1.host[17].app[1],e2eDelayPeriodicSec,,,"1 2 3 4 5 6 7 8 9 10 11 12 13 14 15 16 17 18 19 20 21 22 23 24 25 26 27 28 29 30 31 32 33 34 35 36 37 38 39 40","NaN 0.1565083311 0.1565083311 0.1565083311 NaN NaN NaN 0.046748582833 0.046748582833 0.046748582833 NaN NaN NaN NaN NaN NaN 0.579454199939 0.579454199939 0.579454199939 NaN NaN NaN 0.079082041732 0.079082041732 0.079082041732 NaN NaN 0.089008382805 0.089008382805 0.089008382805 NaN NaN 0.097246935919 0.097246935919 0.097246935919 NaN NaN NaN 0.065255504277 0.065255504277"
General-4-20251226-13:57:32-67459,vector,AdhocNetwork1.host[17].rl,rlReward,,,"1 2 3 4 5 6 7 8 9 10 11 12 13 14 15 16 17 18 19 20 21 22 23 24 25 26 27 28 29 30 31 32 33 34 35 36 37 38 39 40","0.33333333333333 0 0.028095862995927 0.71452085735198 0.076824992114223 0.11457001282535 -0.58582937462507 -0.51285179093199 -0.63039044530689 -0.66666666666667 -0.56454694151371 0.15002947414408 0.37966415349966 0.40079945503481 0.097219477997696 -0.68611978880879 -0.58113253822846 -0.54093297337111 -0.19206386715391 -0.40683292231205 -0.50053404182138 0.48576909455284 0.43192574006001 0.4231851339633 0.29058447706406 0.35642937804949 0.36582800551907 0.32021089169663 0.38578508831182 0.78319638850175 0.31108220378113 0.30547903665378 0.37710646722564 0.459024156008 0.38100918195364 0.30895303616166 0.35073055366613 0.35913244858301 0.33858140896588 0.38243732934869"
General-4-20251226-13:57:32-67459,vector,AdhocNetwork1.host[18].app[1],e2eDelayPeriodicSec,,,"1 2 3 4 5 6 7 8 9 10 11 12 13 14 15 16 17 18 19 20 21 22 23 24 25 26 27 28 29 30 31 32 33 34 35 36 37 38 39 40","NaN NaN 0.075851667549 0.075851667549 0.075851667549 NaN NaN 0.026180880669 0.026180880669 0.026180880669 NaN NaN 0.054162293448 0.054162293448 0.054162293448 NaN NaN NaN 0.035034023205 0.035034023205 0.035034023205 NaN NaN NaN 0.152708445089 0.152708445089 0.152708445089 NaN NaN 0.033625846153 0.033625846153 0.033625846153 NaN NaN NaN 0.16071366903 0.16071366903 0.16071366903 NaN NaN"
General-4-20251226-13:57:32-67459,vector,AdhocNetwork1.host[18].rl,rlReward,,,"1 2 3 4 5 6 7 8 9 10 11 12 13 14 15 16 17 18 19 20 21 22 23 24 25 26 27 28 29 30 31 32 33 34 35 36 37 38 39 40","0.33333333333333 0 0.22868513294756 0.21093114610214 -0.44967565168201 -0.45984069172036 -0.4264608038706 -0.43729056735632 -0.49077537429877 -0.20701444623614 -0.36972690696545 0.22398218397698 0.19568007601004 0.42766656448515 0.50349133308869 0.41880622153622 0.44301013122373 0.47636155638402 0.49905386395779 0.4458901063218 0.3924520718158 0.54157983434948 0.47710549446277 0.51153319843482 0.41496783754268 0.45095787851094 0.48307852561148 0.52833017148838 0.49703261838413 0.47044617364212 0.4481139204516 0.43335132203313 0.48576406681345 0.46192731401789 0.45465075579423 0.43301200479781 0.37538122027129 0.46865243270168 0.46718272945813 0.46468641805411"
General-4-20251226-13:57:32-67459,vector,AdhocNetwork1.host[19].app[1],e2eDelayPeriodicSec,,,"1 2 3 4 5 6 7 8 9 10 11 12 13 14 15 16 17 18 19 20 21 22 23 24 25 26 27 28 29 30 31 32 33 34 35 36 37 38 39 40","NaN NaN NaN NaN NaN NaN NaN NaN 0.018901862304 0.018901862304 0.018901862304 NaN NaN 0.019960947086 0.019960947086 0.019960947086 NaN NaN NaN NaN NaN 0.012759145369 0.012759145369 0.012759145369 NaN NaN 0.019992096105 0.019992096105 0.019992096105 NaN NaN 0.007473008676 0.007473008676 0.007473008676 NaN NaN 0.008333090543 0.008333090543 0.008333090543 NaN"
General-4-20251226-13:57:32-67459,vector,AdhocNetwork1.host[19].rl,rlReward,,,"1 2 3 4 5 6 7 8 9 10 11 12 13 14 15 16 17 18 19 20 21 22 23 24 25 26 27 28 29 30 31 32 33 34 35 36 37 38 39 40","0.33333333333333 0 0.18671385267247 0.28425474853393 0.16761450012261 0.47955169405048 0.18605051501564 0.21227186491289 0.18893372920939 0.11673019288922 -0.49413128467107 0.20048104033999 0.2026160482534 0.23653359859506 0.17367363781062 0.28157777088677 0.21369210077078 0.23668407721318 0.21911761945457 0.19823228116286 0.88815989213952 0.22260273006017 -0.13852512787122 -0.48159095562997 -0.53599593921044 -0.51647441411619 -0.53404764685893 -0.56564625028852 -0.44117258708182 -0.43198607909414 -0.54108543020131 0.20615632571218 0.18984225434174 0.4977033189817 0.23868082126671 0.18541385283822 0.17358128587983 0.49278231625503 0.23653451967794 0.20270203363033"
General-4-20251226-13:57:32-67459,vector,AdhocNetwork1.host[20].app[1],e2eDelayPeriodicSec,,,"1 2 3 4 5 6 7 8 9 10 11 12 13 14 15 16 17 18 19 20 21 22 23 24 25 26 27 28 29 30 31 32 33 34 35 36 37 38 39 40","NaN NaN NaN NaN NaN NaN NaN NaN 0.088497964999 0.088497964999 0.088497964999 NaN NaN NaN NaN 0.055060317772 0.055060317772 0.055060317772 NaN NaN 0.034967602424 0.034967602424 0.034967602424 NaN NaN NaN NaN NaN 0.034438229365 0.034438229365 0.034438229365 NaN NaN NaN 0.05177537585 0.05177537585 0.05177537585 NaN NaN 0.037509204413"
General-4-20251226-13:57:32-67459,vector,AdhocNetwork1.host[20].rl,rlReward,,,"1 2 3 4 5 6 7 8 9 10 11 12 13 14 15 16 17 18 19 20 21 22 23 24 25 26 27 28 29 30 31 32 33 34 35 36 37 38 39 40","0.33333333333333 0 0.13625956683143 0.12507010494073 0.16107483482582 0.17913071421085 0.44856243536807 0.14261469969439 0.1509500232889 0 -0.51654082615794 0.19800466104509 0.16857506935976 0.21314374894119 0.16337550122387 0 0.21045304441122 0.20532130960721 0.20937094839668 0.2064894877364 0.1528401911718 0.18959471849323 0.21475019116333 0.23899462581899 0.44203037054018 0.29936024360658 0.20790481764471 0.15214458259457 0.21654220789415 0.18933829778295 0.12415066195191 0.15036137190427 0.20960244462559 0.18036435251133 0.17864383460538 0.18368177130831 0.16907349737294 0.16088138182827 0.17848771568512 0.17148774615195"
General-4-20251226-13:57:32-67459,vector,AdhocNetwork1.host[21].app[1],e2eDelayPeriodicSec,,,"1 2 3 4 5 6 7 8 9 10 11 12 13 14 15 16 17 18 19 20 21 22 23 24 25 26 27 28 29 30 31 32 33 34 35 36 37 38 39 40","NaN NaN NaN NaN 0.061316328742 0.061316328742 0.061316328742 NaN NaN 0.073021264911 0.073021264911 0.073021264911 NaN NaN NaN NaN NaN NaN 3.870905066427 3.870905066427 3.870905066427 NaN NaN 0.016314339564 0.016314339564 0.016314339564 NaN NaN 0.020057586175 0.020057586175 0.020057586175 NaN NaN 0.016004761296 0.016004761296 0.016004761296 NaN NaN 0.015905665191 0.015905665191"
General-4-20251226-13:57:32-67459,vector,AdhocNetwork1.host[21].rl,rlReward,,,"1 2 3 4 5 6 7 8 9 10 11 12 13 14 15 16 17 18 19 20 21 22 23 24 25 26 27 28 29 30 31 32 33 34 35 36 37 38 39 40","0.33333333333333 0 0 0.060917650514313 -0.66666666666667 -0.56452889906174 -0.62311787552964 -0.286583272943 -0.43907001189213 -0.59620614909899 -0.3135747731161 0.13802674177509 -0.077678889821458 0.1706005389773 0.3 0.1 0.19851433603559 0.013209968189718 0.46927963572446 0.45294721957542 0.42539439876019 0.43435380580339 0.45923674109614 0.46835786025935 0.4185878303394 0.43681787974247 0.45644170214786 0.39172566209424 0.46842610266525 0.43570061964417 0.38788924345047 0.4533036997313 0.37907395903975 0.38374864420478 0.44118587661626 0.39259233232536 0.43831611978215 0.48328989059279 0.39264697367925 0.46626660795653"
General-4-20251226-13:57:32-67459,vector,AdhocNetwork1.host[22].app[1],e2eDelayPeriodicSec,,,"1 2 3 4 5 6 7 8 9 10 11 12 13 14 15 16 17 18 19 20 21 22 23 24 25 26 27 28 29 30 31 32 33 34 35 36 37 38 39 40","NaN 0.056414790349 0.056414790349 0.056414790349 NaN NaN 0.028532642302 0.028532642302 0.028532642302 NaN NaN 0.019870925264 0.019870925264 0.019870925264 NaN NaN 0.01980798271 0.01980798271 0.01980798271 NaN NaN 0.01663398271 0.01663398271 0.01663398271 NaN NaN 0.018920529164 0.018920529164 0.018920529164 NaN NaN 0.023112187789 0.023112187789 0.023112187789 NaN NaN 0.016005579252 0.016005579252 0.016005579252 NaN"
General-4-20251226-13:57:32-67459,vector,AdhocNetwork1.host[22].rl,rlReward,,,"1 2 3 4 5 6 7 8 9 10 11 12 13 14 15 16 17 18 19 20 21 22 23 24 25 26 27 28 29 30 31 32 33 34 35 36 37 38 39 40","0.33333333333333 0 0.16418665801262 0.07078356534939 0.089993448123233 0.089320256438518 0.24715078461289 0.12907552314665 0.15797836611005 0.1616183007593 0.42351217916423 0.17040146354658 0.10162981498273 0.19725747354927 0.11707633926067 0.10467695210136 0.20395433073173 0.14533392314899 0.19827668200132 0.13936562629324 0.13030979032737 0.12442447091435 0.12873979361859 0.15849961970825 -0.073781406468109 -0.075412610985588 0.18746204088868 0.091021824880016 0.47156069747593 0.12059506807537 0.11720223252922 0.12672205980147 0.12119590696108 0.14437986273529 0.16355480714317 0.16877537747343 0.15976622584161 0.14759593665084 0.18261833772491 -0.0046022067081007"
General-4-20251226-13:57:32-67459,vector,AdhocNetwork1.host[23].app[1],e2eDelayPeriodicSec,,,"1 2 3 4 5 6 7 8 9 10 11 12 13 14 15 16 17 18 19 20 21 22 23 24 25 26 27 28 29 30 31 32 33 34 35 36 37 38 39 40","NaN 0 0 0 NaN NaN 0 0 0 NaN NaN 0 0 0 NaN NaN 0 0 0 NaN NaN 0 0 0 NaN NaN 0 0 0 NaN NaN 0 0 0 NaN NaN 0 0 0 NaN"
General-4-20251226-13:57:32-67459,vector,AdhocNetwork1.host[23].rl,rlReward,,,"1 2 3 4 5 6 7 8 9 10 11 12 13 14 15 16 17 18 19 20 21 22 23 24 25 26 27 28 29 30 31 32 33 34 35 36 37 38 39 40","0.33333333333333 0 0.12485035345914 0.094684729132678 0.13491475657741 0.16685555965659 0.059375569132766 0.10660042849855 0.098310007945993 0.093712244322298 0.13841642633245 0.13589349485461 0.15681348593049 0.18473685101129 0 0.090053178019744 0.15266053066673 0.19525200338418 0.19197382226031 0.18384047518462 0.15060167971622 0.18009917252071 0.11679512861511 0.16737556433944 0.12095744053969 0.16057447217592 0.16308163673024 0.11738202782142 0.17267726252381 0.1555678915185 0.13981265590919 0.14828232177598 0.19045820369666 0.17125664676289 0.17558058814961 0.02535113420456 0.16074183539829 0.15310022360299 -0.57270568132683 -0.49945515166596"
General-4-20251226-13:57:32-67459,vector,AdhocNetwork1.host[24].app[1],e2eDelayPeriodicSec,,,"1 2 3 4 5 6 7 8 9 10 11 12 13 14 15 16 17 18 19 20 21 22 23 24 25 26 27 28 29 30 31 32 33 34 35 36 37 38 39 40","NaN 0.250246615782 0.250246615782 0.250246615782 NaN NaN 0.008493041898 0.008493041898 0.008493041898 NaN NaN 0.007293177048 0.007293177048 0.007293177048 NaN NaN 0.008073401077 0.008073401077 0.008073401077 NaN NaN 0.007993701445 0.007993701445 0.007993701445 NaN NaN 0.007894064058 0.007894064058 0.007894064058 NaN NaN 0.016480476207 0.016480476207 0.016480476207 NaN NaN 0.010316923703 0.010316923703 0.010316923703 NaN"
General-4-20251226-13:57:32-67459,vector,AdhocNetwork1.host[24].rl,rlReward,,,"1 2 3 4 5 6 7 8 9 10 11 12 13 14 15 16 17 18 19 20 21 22 23 24 25 26 27 28 29 30 31 32 33 34 35 36 37 38 39 40","0.33333333333333 0 0.18179442770694 0.1369053291061 -0.52161470082363 -0.49027002756068 -0.58623040363808 -0.42329264406887 -0.54525326293401 -0.38176937911644 -0.56369418011296 0.19931047760946 0.36126615854817 0.082308417390493 0.1265258058057 0.3247421807358 0.48924697456517 0.37064601493356 0.41235487910872 0.38971395689586 0.30778333686269 0.35242701595864 0.34214165771182 0.39993060848967 0.35105085045727 0.34032225804761 0.32007595789068 0.1 0.39851942355509 0.41075788518514 0.29974538065064 0.32519655778436 0.38505035708222 0.34418982299082 0.42044636536359 0.41456665913053 0.38993347223718 0.3438082150188 0.43090035446489 0.41463754261613"
