rep,host,t,Rc
0,0,5000.0,0.0
0,0,6000.0,0.0
0,0,7000.0,0.0
0,0,8000.0,0.0
0,0,9000.0,0.0
0,0,10000.0,0.0
0,0,11000.0,0.0
0,0,12000.0,0.0
0,0,13000.0,0.0
0,0,14000.0,0.0
0,0,15000.0,0.0
0,0,16000.0,0.0
0,0,17000.0,0.0
0,0,18000.0,0.0
0,0,19000.0,0.0
0,0,20000.0,0.0
0,0,21000.0,0.0
0,0,22000.0,0.0
0,0,23000.0,0.0
0,0,24000.0,0.0
0,0,25000.0,0.0
0,0,26000.0,0.0
0,0,27000.0,0.0
0,0,28000.0,0.0
0,0,29000.0,0.0
0,0,30000.0,0.0
0,0,31000.0,0.0
0,0,32000.0,0.0
0,0,33000.0,0.0
0,0,34000.0,0.0
0,0,35000.0,0.0
0,0,36000.0,0.0
0,0,37000.0,0.0
0,0,38000.0,0.0
0,0,39000.0,0.0
0,0,40000.0,0.0
0,0,41000.0,0.0
0,0,42000.0,0.0
0,0,43000.0,0.0
0,0,44000.0,0.0
0,0,45000.0,0.0
0,0,46000.0,0.0
0,0,47000.0,0.0
0,0,48000.0,0.0
0,0,49000.0,0.0
0,0,50000.0,0.0
0,1,5000.0,0.0
0,1,6000.0,0.0
0,1,7000.0,0.0
0,1,8000.0,0.0
0,1,9000.0,0.0
0,1,10000.0,0.0
0,1,11000.0,0.0
0,1,12000.0,0.0
0,1,13000.0,0.0
0,1,14000.0,0.0
0,1,15000.0,0.0
0,1,16000.0,0.0
0,1,17000.0,0.0
0,1,18000.0,0.0
0,1,19000.0,0.0
0,1,20000.0,0.0
0,1,21000.0,0.0
0,1,22000.0,0.0
0,1,23000.0,0.0
0,1,24000.0,0.0
0,1,25000.0,0.0
0,1,26000.0,0.0
0,1,27000.0,0.0
0,1,28000.0,0.0
0,1,29000.0,0.0
0,1,30000.0,0.0
0,1,31000.0,0.0
0,1,32000.0,0.0
0,1,33000.0,0.0
0,1,34000.0,0.0
0,1,35000.0,0.0
0,1,36000.0,0.0
0,1,37000.0,0.0
0,1,38000.0,0.0
0,1,39000.0,0.0
0,1,40000.0,0.0
0,1,41000.0,0.0
0,1,42000.0,0.0
0,1,43000.0,0.0
0,1,44000.0,0.0
0,1,45000.0,0.0
0,1,46000.0,0.0
0,1,47000.0,0.0
0,1,48000.0,0.0
0,1,49000.0,0.0
0,1,50000.0,0.0
0,2,5000.0,0.0
0,2,6000.0,0.0
0,2,7000.0,0.0
0,2,8000.0,0.0
0,2,9000.0,0.0
0,2,10000.0,0.0
0,2,11000.0,0.0
0,2,12000.0,0.0
0,2,13000.0,0.0
0,2,14000.0,0.0
0,2,15000.0,0.0
0,2,16000.0,0.0
0,2,17000.0,0.0
0,2,18000.0,0.0
0,2,19000.0,0.0
0,2,20000.0,0.0
0,2,21000.0,0.0
0,2,22000.0,0.0
0,2,23000.0,0.0
0,2,24000.0,0.0
0,2,25000.0,0.0
0,2,26000.0,0.0
0,2,27000.0,0.0
0,2,28000.0,0.0
0,2,29000.0,0.0
0,2,30000.0,0.0
0,2,31000.0,0.0
0,2,32000.0,0.0
0,2,33000.0,0.0
0,2,34000.0,0.0
0,2,35000.0,0.0
0,2,36000.0,0.0
0,2,37000.0,0.0
0,2,38000.0,0.0
0,2,39000.0,0.0
0,2,40000.0,0.0
0,2,41000.0,0.0
0,2,42000.0,0.0
0,2,43000.0,0.0
0,2,44000.0,0.0
0,2,45000.0,0.0
0,2,46000.0,0.0
0,2,47000.0,0.0
0,2,48000.0,0.0
0,2,49000.0,0.0
0,2,50000.0,0.0
0,4,5000.0,0.0
0,4,6000.0,0.0
0,4,7000.0,0.0
0,4,8000.0,0.0
0,4,9000.0,0.0
0,4,10000.0,0.0
0,4,11000.0,0.0
0,4,12000.0,0.0
0,4,13000.0,0.0
0,4,14000.0,0.0
0,4,15000.0,0.0
0,4,16000.0,0.0
0,4,17000.0,0.0
0,4,18000.0,0.0
0,4,19000.0,0.0
0,4,20000.0,0.0
0,4,21000.0,0.0
0,4,22000.0,0.0
0,4,23000.0,0.0
0,4,24000.0,0.0
0,4,25000.0,0.0
0,4,26000.0,0.0
0,4,27000.0,0.0
0,4,28000.0,0.0
0,4,29000.0,0.0
0,4,30000.0,0.0
0,4,31000.0,0.0
0,4,32000.0,0.0
0,4,33000.0,0.0
0,4,34000.0,0.0
0,4,35000.0,0.0
0,4,36000.0,0.0
0,4,37000.0,0.0
0,4,38000.0,0.0
0,4,39000.0,0.0
0,4,40000.0,0.0
0,4,41000.0,0.0
0,4,42000.0,0.0
0,4,43000.0,0.0
0,4,44000.0,0.0
0,4,45000.0,0.0
0,4,46000.0,0.0
0,4,47000.0,0.0
0,4,48000.0,0.0
0,4,49000.0,0.0
0,4,50000.0,0.0
0,5,5000.0,0.0
0,5,6000.0,0.0
0,5,7000.0,0.0
0,5,8000.0,0.0
0,5,9000.0,0.0
0,5,10000.0,0.0
0,5,11000.0,0.0
0,5,12000.0,0.0
0,5,13000.0,0.0
0,5,14000.0,0.0
0,5,15000.0,0.0
0,5,16000.0,0.0
0,5,17000.0,0.0
0,5,18000.0,0.0
0,5,19000.0,0.0
0,5,20000.0,0.0
0,5,21000.0,0.0
0,5,22000.0,0.0
0,5,23000.0,0.0
0,5,24000.0,0.0
0,5,25000.0,0.0
0,5,26000.0,0.0
0,5,27000.0,0.0
0,5,28000.0,0.0
0,5,29000.0,0.0
0,5,30000.0,0.0
0,5,31000.0,0.0
0,5,32000.0,0.0
0,5,33000.0,0.0
0,5,34000.0,0.0
0,5,35000.0,0.0
0,5,36000.0,0.0
0,5,37000.0,0.0
0,5,38000.0,0.0
0,5,39000.0,0.0
0,5,40000.0,0.0
0,5,41000.0,0.0
0,5,42000.0,0.0
0,5,43000.0,0.0
0,5,44000.0,0.0
0,5,45000.0,0.0
0,5,46000.0,0.0
0,5,47000.0,0.0
0,5,48000.0,0.0
0,5,49000.0,0.0
0,5,50000.0,0.0
0,6,5000.0,0.0
0,6,6000.0,0.0
0,6,7000.0,0.0
0,6,8000.0,0.0
0,6,9000.0,0.0
0,6,10000.0,0.0
0,6,11000.0,0.0
0,6,12000.0,0.0
0,6,13000.0,0.0
0,6,14000.0,0.0
0,6,15000.0,0.0
0,6,16000.0,0.0
0,6,17000.0,0.0
0,6,18000.0,0.0
0,6,19000.0,0.0
0,6,20000.0,0.0
0,6,21000.0,0.0
0,6,22000.0,0.0
0,6,23000.0,0.0
0,6,24000.0,0.0
0,6,25000.0,0.0
0,6,26000.0,0.0
0,6,27000.0,0.0
0,6,28000.0,0.0
0,6,29000.0,0.0
0,6,30000.0,0.0
0,6,31000.0,0.0
0,6,32000.0,0.0
0,6,33000.0,0.0
0,6,34000.0,0.0
0,6,35000.0,0.0
0,6,36000.0,0.0
0,6,37000.0,0.0
0,6,38000.0,0.0
0,6,39000.0,0.0
0,6,40000.0,0.0
0,6,41000.0,0.0
0,6,42000.0,0.0
0,6,43000.0,0.0
0,6,44000.0,0.0
0,6,45000.0,0.0
0,6,46000.0,0.0
0,6,47000.0,0.0
0,6,48000.0,0.0
0,6,49000.0,0.0
0,6,50000.0,0.0
0,7,5000.0,0.0
0,7,6000.0,2.0
0,7,7000.0,2.0
0,7,8000.0,2.0
0,7,9000.0,2.0
0,7,10000.0,2.0
0,7,11000.0,2.0
0,7,12000.0,0.0
0,7,13000.0,0.0
0,7,14000.0,0.0
0,7,15000.0,0.0
0,7,16000.0,0.0
0,7,17000.0,0.0
0,7,18000.0,0.0
0,7,19000.0,0.0
0,7,20000.0,0.0
0,7,21000.0,0.0
0,7,22000.0,0.0
0,7,23000.0,0.0
0,7,24000.0,0.0
0,7,25000.0,0.0
0,7,26000.0,0.0
0,7,27000.0,0.0
0,7,28000.0,0.0
0,7,29000.0,0.0
0,7,30000.0,0.0
0,7,31000.0,0.0
0,7,32000.0,0.0
0,7,33000.0,0.0
0,7,34000.0,0.0
0,7,35000.0,0.0
0,7,36000.0,0.0
0,7,37000.0,0.0
0,7,38000.0,0.0
0,7,39000.0,0.0
0,7,40000.0,0.0
0,7,41000.0,0.0
0,7,42000.0,0.0
0,7,43000.0,0.0
0,7,44000.0,0.0
0,7,45000.0,0.0
0,7,46000.0,0.0
0,7,47000.0,0.0
0,7,48000.0,0.0
0,7,49000.0,0.0
0,7,50000.0,0.0
0,8,5000.0,0.0
0,8,6000.0,0.0
0,8,7000.0,0.0
0,8,8000.0,0.0
0,8,9000.0,0.0
0,8,10000.0,0.0
0,8,11000.0,0.0
0,8,12000.0,0.0
0,8,13000.0,0.0
0,8,14000.0,0.0
0,8,15000.0,0.0
0,8,16000.0,0.0
0,8,17000.0,0.0
0,8,18000.0,0.0
0,8,19000.0,0.0
0,8,20000.0,0.0
0,8,21000.0,0.0
0,8,22000.0,0.0
0,8,23000.0,0.0
0,8,24000.0,0.0
0,8,25000.0,0.0
0,8,26000.0,0.0
0,8,27000.0,0.0
0,8,28000.0,0.0
0,8,29000.0,0.0
0,8,30000.0,0.0
0,8,31000.0,0.0
0,8,32000.0,0.0
0,8,33000.0,0.0
0,8,34000.0,0.0
0,8,35000.0,0.0
0,8,36000.0,0.0
0,8,37000.0,0.0
0,8,38000.0,0.0
0,8,39000.0,0.0
0,8,40000.0,0.0
0,8,41000.0,0.0
0,8,42000.0,0.0
0,8,43000.0,0.0
0,8,44000.0,0.0
0,8,45000.0,0.0
0,8,46000.0,0.0
0,8,47000.0,0.0
0,8,48000.0,0.0
0,8,49000.0,0.0
0,8,50000.0,0.0
0,9,5000.0,0.0
0,9,6000.0,0.0
0,9,7000.0,0.0
0,9,8000.0,0.0
0,9,9000.0,0.0
0,9,10000.0,0.0
0,9,11000.0,0.0
0,9,12000.0,0.0
0,9,13000.0,0.0
0,9,14000.0,0.0
0,9,15000.0,0.0
0,9,16000.0,0.0
0,9,17000.0,0.0
0,9,18000.0,0.0
0,9,19000.0,0.0
0,9,20000.0,0.0
0,9,21000.0,0.0
0,9,22000.0,0.0
0,9,23000.0,0.0
0,9,24000.0,0.0
0,9,25000.0,0.0
0,9,26000.0,0.0
0,9,27000.0,0.0
0,9,28000.0,0.0
0,9,29000.0,0.0
0,9,30000.0,0.0
0,9,31000.0,0.0
0,9,32000.0,0.0
0,9,33000.0,0.0
0,9,34000.0,0.0
0,9,35000.0,0.0
0,9,36000.0,0.0
0,9,37000.0,0.0
0,9,38000.0,0.0
0,9,39000.0,0.0
0,9,40000.0,0.0
0,9,41000.0,0.0
0,9,42000.0,0.0
0,9,43000.0,0.0
0,9,44000.0,0.0
0,9,45000.0,0.0
0,9,46000.0,0.0
0,9,47000.0,0.0
0,9,48000.0,0.0
0,9,49000.0,0.0
0,9,50000.0,0.0
0,10,5000.0,2.0
0,10,6000.0,2.0
0,10,7000.0,2.0
0,10,8000.0,2.0
0,10,9000.0,2.0
0,10,10000.0,2.0
0,10,11000.0,2.0
0,10,12000.0,0.0
0,10,13000.0,0.0
0,10,14000.0,0.0
0,10,15000.0,0.0
0,10,16000.0,0.0
0,10,17000.0,0.0
0,10,18000.0,0.0
0,10,19000.0,0.0
0,10,20000.0,0.0
0,10,21000.0,0.0
0,10,22000.0,0.0
0,10,23000.0,0.0
0,10,24000.0,0.0
0,10,25000.0,0.0
0,10,26000.0,0.0
0,10,27000.0,0.0
0,10,28000.0,0.0
0,10,29000.0,0.0
0,10,30000.0,0.0
0,10,31000.0,0.0
0,10,32000.0,0.0
0,10,33000.0,0.0
0,10,34000.0,0.0
0,10,35000.0,0.0
0,10,36000.0,0.0
0,10,37000.0,0.0
0,10,38000.0,0.0
0,10,39000.0,0.0
0,10,40000.0,0.0
0,10,41000.0,0.0
0,10,42000.0,0.0
0,10,43000.0,0.0
0,10,44000.0,0.0
0,10,45000.0,0.0
0,10,46000.0,0.0
0,10,47000.0,0.0
0,10,48000.0,0.0
0,10,49000.0,0.0
0,10,50000.0,0.0
0,11,5000.0,0.0
0,11,6000.0,0.0
0,11,7000.0,0.0
0,11,8000.0,0.0
0,11,9000.0,0.0
0,11,10000.0,0.0
0,11,11000.0,0.0
0,11,12000.0,0.0
0,11,13000.0,0.0
0,11,14000.0,0.0
0,11,15000.0,0.0
0,11,16000.0,0.0
0,11,17000.0,0.0
0,11,18000.0,0.0
0,11,19000.0,0.0
0,11,20000.0,0.0
0,11,21000.0,0.0
0,11,22000.0,0.0
0,11,23000.0,0.0
0,11,24000.0,0.0
0,11,25000.0,0.0
0,11,26000.0,0.0
0,11,27000.0,0.0
0,11,28000.0,0.0
0,11,29000.0,0.0
0,11,30000.0,0.0
0,11,31000.0,0.0
0,11,32000.0,0.0
0,11,33000.0,0.0
0,11,34000.0,0.0
0,11,35000.0,0.0
0,11,36000.0,0.0
0,11,37000.0,0.0
0,11,38000.0,0.0
0,11,39000.0,0.0
0,11,40000.0,0.0
0,11,41000.0,0.0
0,11,42000.0,0.0
0,11,43000.0,0.0
0,11,44000.0,0.0
0,11,45000.0,0.0
0,11,46000.0,0.0
0,11,47000.0,0.0
0,11,48000.0,0.0
0,11,49000.0,0.0
0,11,50000.0,0.0
0,12,5000.0,0.0
0,12,6000.0,0.0
0,12,7000.0,0.0
0,12,8000.0,0.0
0,12,9000.0,0.0
0,12,10000.0,0.0
0,12,11000.0,0.0
0,12,12000.0,0.0
0,12,13000.0,0.0
0,12,14000.0,0.0
0,12,15000.0,0.0
0,12,16000.0,0.0
0,12,17000.0,0.0
0,12,18000.0,2.0
0,12,19000.0,2.0
0,12,20000.0,2.0
0,12,21000.0,2.0
0,12,22000.0,0.0
0,12,23000.0,0.0
0,12,24000.0,0.0
0,12,25000.0,0.0
0,12,26000.0,0.0
0,12,27000.0,0.0
0,12,28000.0,0.0
0,12,29000.0,0.0
0,12,30000.0,0.0
0,12,31000.0,0.0
0,12,32000.0,0.0
0,12,33000.0,0.0
0,12,34000.0,0.0
0,12,35000.0,0.0
0,12,36000.0,0.0
0,12,37000.0,0.0
0,12,38000.0,0.0
0,12,39000.0,2.0
0,12,40000.0,2.0
0,12,41000.0,2.0
0,12,42000.0,0.0
0,12,43000.0,0.0
0,12,44000.0,0.0
0,12,45000.0,0.0
0,12,46000.0,0.0
0,12,47000.0,0.0
0,12,48000.0,0.0
0,12,49000.0,0.0
0,12,50000.0,0.0
0,13,5000.0,0.0
0,13,6000.0,0.0
0,13,7000.0,0.0
0,13,8000.0,0.0
0,13,9000.0,0.0
0,13,10000.0,0.0
0,13,11000.0,0.0
0,13,12000.0,0.0
0,13,13000.0,0.0
0,13,14000.0,0.0
0,13,15000.0,0.0
0,13,16000.0,0.0
0,13,17000.0,0.0
0,13,18000.0,0.0
0,13,19000.0,0.0
0,13,20000.0,0.0
0,13,21000.0,0.0
0,13,22000.0,0.0
0,13,23000.0,0.0
0,13,24000.0,0.0
0,13,25000.0,0.0
0,13,26000.0,0.0
0,13,27000.0,0.0
0,13,28000.0,0.0
0,13,29000.0,0.0
0,13,30000.0,0.0
0,13,31000.0,0.0
0,13,32000.0,0.0
0,13,33000.0,0.0
0,13,34000.0,0.0
0,13,35000.0,0.0
0,13,36000.0,0.0
0,13,37000.0,0.0
0,13,38000.0,0.0
0,13,39000.0,0.0
0,13,40000.0,0.0
0,13,41000.0,0.0
0,13,42000.0,0.0
0,13,43000.0,0.0
0,13,44000.0,0.0
0,13,45000.0,0.0
0,13,46000.0,0.0
0,13,47000.0,0.0
0,13,48000.0,0.0
0,13,49000.0,0.0
0,13,50000.0,0.0
0,14,5000.0,0.0
0,14,6000.0,0.0
0,14,7000.0,0.0
0,14,8000.0,0.0
0,14,9000.0,0.0
0,14,10000.0,0.0
0,14,11000.0,0.0
0,14,12000.0,0.0
0,14,13000.0,0.0
0,14,14000.0,0.0
0,14,15000.0,0.0
0,14,16000.0,0.0
0,14,17000.0,0.0
0,14,18000.0,0.0
0,14,19000.0,0.0
0,14,20000.0,0.0
0,14,21000.0,0.0
0,14,22000.0,0.0
0,14,23000.0,0.0
0,14,24000.0,2.0
0,14,25000.0,2.0
0,14,26000.0,2.0
0,14,27000.0,2.0
0,14,28000.0,2.0
0,14,29000.0,2.0
0,14,30000.0,2.0
0,14,31000.0,2.0
0,14,32000.0,0.0
0,14,33000.0,0.0
0,14,34000.0,0.0
0,14,35000.0,0.0
0,14,36000.0,0.0
0,14,37000.0,0.0
0,14,38000.0,0.0
0,14,39000.0,0.0
0,14,40000.0,0.0
0,14,41000.0,0.0
0,14,42000.0,0.0
0,14,43000.0,0.0
0,14,44000.0,0.0
0,14,45000.0,0.0
0,14,46000.0,0.0
0,14,47000.0,0.0
0,14,48000.0,0.0
0,14,49000.0,0.0
0,14,50000.0,0.0
0,15,5000.0,0.0
0,15,6000.0,0.0
0,15,7000.0,0.0
0,15,8000.0,0.0
0,15,9000.0,0.0
0,15,10000.0,0.0
0,15,11000.0,0.0
0,15,12000.0,0.0
0,15,13000.0,0.0
0,15,14000.0,0.0
0,15,15000.0,0.0
0,15,16000.0,0.0
0,15,17000.0,0.0
0,15,18000.0,0.0
0,15,19000.0,0.0
0,15,20000.0,0.0
0,15,21000.0,0.0
0,15,22000.0,0.0
0,15,23000.0,0.0
0,15,24000.0,0.0
0,15,25000.0,0.0
0,15,26000.0,0.0
0,15,27000.0,0.0
0,15,28000.0,0.0
0,15,29000.0,0.0
0,15,30000.0,0.0
0,15,31000.0,0.0
0,15,32000.0,0.0
0,15,33000.0,0.0
0,15,34000.0,0.0
0,15,35000.0,0.0
0,15,36000.0,0.0
0,15,37000.0,0.0
0,15,38000.0,0.0
0,15,39000.0,0.0
0,15,40000.0,0.0
0,15,41000.0,0.0
0,15,42000.0,0.0
0,15,43000.0,0.0
0,15,44000.0,0.0
0,15,45000.0,0.0
0,15,46000.0,0.0
0,15,47000.0,0.0
0,15,48000.0,0.0
0,15,49000.0,0.0
0,15,50000.0,0.0
0,16,5000.0,0.0
0,16,6000.0,0.0
0,16,7000.0,0.0
0,16,8000.0,0.0
0,16,9000.0,0.0
0,16,10000.0,0.0
0,16,11000.0,0.0
0,16,12000.0,0.0
0,16,13000.0,0.0
0,16,14000.0,0.0
0,16,15000.0,0.0
0,16,16000.0,0.0
0,16,17000.0,0.0
0,16,18000.0,0.0
0,16,19000.0,0.0
0,16,20000.0,0.0
0,16,21000.0,0.0
0,16,22000.0,0.0
0,16,23000.0,0.0
0,16,24000.0,0.0
0,16,25000.0,0.0
0,16,26000.0,0.0
0,16,27000.0,0.0
0,16,28000.0,0.0
0,16,29000.0,0.0
0,16,30000.0,0.0
0,16,31000.0,0.0
0,16,32000.0,0.0
0,16,33000.0,0.0
0,16,34000.0,0.0
0,16,35000.0,0.0
0,16,36000.0,0.0
0,16,37000.0,0.0
0,16,38000.0,0.0
0,16,39000.0,0.0
0,16,40000.0,0.0
0,16,41000.0,0.0
0,16,42000.0,0.0
0,16,43000.0,0.0
0,16,44000.0,0.0
0,16,45000.0,0.0
0,16,46000.0,0.0
0,16,47000.0,0.0
0,16,48000.0,0.0
0,16,49000.0,0.0
0,16,50000.0,0.0
0,17,5000.0,0.0
0,17,6000.0,0.0
0,17,7000.0,0.0
0,17,8000.0,0.0
0,17,9000.0,0.0
0,17,10000.0,0.0
0,17,11000.0,0.0
0,17,12000.0,0.0
0,17,13000.0,0.0
0,17,14000.0,0.0
0,17,15000.0,0.0
0,17,16000.0,0.0
0,17,17000.0,0.0
0,17,18000.0,0.0
0,17,19000.0,0.0
0,17,20000.0,0.0
0,17,21000.0,0.0
0,17,22000.0,0.0
0,17,23000.0,0.0
0,17,24000.0,0.0
0,17,25000.0,0.0
0,17,26000.0,0.0
0,17,27000.0,0.0
0,17,28000.0,0.0
0,17,29000.0,0.0
0,17,30000.0,0.0
0,17,31000.0,2.0
0,17,32000.0,0.0
0,17,33000.0,0.0
0,17,34000.0,0.0
0,17,35000.0,0.0
0,17,36000.0,0.0
0,17,37000.0,0.0
0,17,38000.0,0.0
0,17,39000.0,0.0
0,17,40000.0,0.0
0,17,41000.0,0.0
0,17,42000.0,0.0
0,17,43000.0,0.0
0,17,44000.0,0.0
0,17,45000.0,0.0
0,17,46000.0,0.0
0,17,47000.0,0.0
0,17,48000.0,0.0
0,17,49000.0,0.0
0,17,50000.0,0.0
0,18,5000.0,0.0
0,18,6000.0,0.0
0,18,7000.0,0.0
0,18,8000.0,0.0
0,18,9000.0,0.0
0,18,10000.0,0.0
0,18,11000.0,0.0
0,18,12000.0,0.0
0,18,13000.0,0.0
0,18,14000.0,0.0
0,18,15000.0,0.0
0,18,16000.0,0.0
0,18,17000.0,0.0
0,18,18000.0,0.0
0,18,19000.0,0.0
0,18,20000.0,0.0
0,18,21000.0,0.0
0,18,22000.0,0.0
0,18,23000.0,0.0
0,18,24000.0,0.0
0,18,25000.0,0.0
0,18,26000.0,0.0
0,18,27000.0,0.0
0,18,28000.0,0.0
0,18,29000.0,0.0
0,18,30000.0,0.0
0,18,31000.0,0.0
0,18,32000.0,0.0
0,18,33000.0,0.0
0,18,34000.0,0.0
0,18,35000.0,0.0
0,18,36000.0,0.0
0,18,37000.0,0.0
0,18,38000.0,0.0
0,18,39000.0,0.0
0,18,40000.0,0.0
0,18,41000.0,0.0
0,18,42000.0,0.0
0,18,43000.0,0.0
0,18,44000.0,0.0
0,18,45000.0,0.0
0,18,46000.0,0.0
0,18,47000.0,0.0
0,18,48000.0,0.0
0,18,49000.0,0.0
0,18,50000.0,0.0
0,19,5000.0,0.0
0,19,6000.0,0.0
0,19,7000.0,0.0
0,19,8000.0,0.0
0,19,9000.0,0.0
0,19,10000.0,0.0
0,19,11000.0,0.0
0,19,12000.0,0.0
0,19,13000.0,0.0
0,19,14000.0,0.0
0,19,15000.0,0.0
0,19,16000.0,0.0
0,19,17000.0,0.0
0,19,18000.0,0.0
0,19,19000.0,0.0
0,19,20000.0,0.0
0,19,21000.0,0.0
0,19,22000.0,0.0
0,19,23000.0,0.0
0,19,24000.0,0.0
0,19,25000.0,0.0
0,19,26000.0,0.0
0,19,27000.0,0.0
0,19,28000.0,0.0
0,19,29000.0,0.0
0,19,30000.0,0.0
0,19,31000.0,0.0
0,19,32000.0,0.0
0,19,33000.0,0.0
0,19,34000.0,0.0
0,19,35000.0,0.0
0,19,36000.0,0.0
0,19,37000.0,0.0
0,19,38000.0,0.0
0,19,39000.0,0.0
0,19,40000.0,0.0
0,19,41000.0,0.0
0,19,42000.0,0.0
0,19,43000.0,0.0
0,19,44000.0,0.0
0,19,45000.0,0.0
0,19,46000.0,0.0
0,19,47000.0,0.0
0,19,48000.0,0.0
0,19,49000.0,0.0
0,19,50000.0,0.0
0,20,5000.0,0.0
0,20,6000.0,0.0
0,20,7000.0,0.0
0,20,8000.0,0.0
0,20,9000.0,0.0
0,20,10000.0,0.0
0,20,11000.0,0.0
0,20,12000.0,0.0
0,20,13000.0,0.0
0,20,14000.0,0.0
0,20,15000.0,0.0
0,20,16000.0,0.0
0,20,17000.0,0.0
0,20,18000.0,0.0
0,20,19000.0,0.0
0,20,20000.0,0.0
0,20,21000.0,0.0
0,20,22000.0,0.0
0,20,23000.0,0.0
0,20,24000.0,0.0
0,20,25000.0,0.0
0,20,26000.0,0.0
0,20,27000.0,0.0
0,20,28000.0,0.0
0,20,29000.0,0.0
0,20,30000.0,0.0
0,20,31000.0,0.0
0,20,32000.0,0.0
0,20,33000.0,0.0
0,20,34000.0,0.0
0,20,35000.0,0.0
0,20,36000.0,0.0
0,20,37000.0,0.0
0,20,38000.0,0.0
0,20,39000.0,0.0
0,20,40000.0,0.0
0,20,41000.0,0.0
0,20,42000.0,0.0
0,20,43000.0,0.0
0,20,44000.0,0.0
0,20,45000.0,0.0
0,20,46000.0,0.0
0,20,47000.0,0.0
0,20,48000.0,0.0
0,20,49000.0,0.0
0,20,50000.0,0.0
0,21,5000.0,0.0
0,21,6000.0,0.0
0,21,7000.0,0.0
0,21,8000.0,0.0
0,21,9000.0,0.0
0,21,10000.0,0.0
0,21,11000.0,0.0
0,21,12000.0,0.0
0,21,13000.0,0.0
0,21,14000.0,0.0
0,21,15000.0,0.0
0,21,16000.0,0.0
0,21,17000.0,0.0
0,21,18000.0,0.0
0,21,19000.0,0.0
0,21,20000.0,0.0
0,21,21000.0,0.0
0,21,22000.0,0.0
0,21,23000.0,0.0
0,21,24000.0,2.0
0,21,25000.0,2.0
0,21,26000.0,2.0
0,21,27000.0,2.0
0,21,28000.0,2.0
0,21,29000.0,2.0
0,21,30000.0,2.0
0,21,31000.0,2.0
0,21,32000.0,0.0
0,21,33000.0,0.0
0,21,34000.0,0.0
0,21,35000.0,0.0
0,21,36000.0,0.0
0,21,37000.0,0.0
0,21,38000.0,0.0
0,21,39000.0,0.0
0,21,40000.0,0.0
0,21,41000.0,0.0
0,21,42000.0,0.0
0,21,43000.0,0.0
0,21,44000.0,0.0
0,21,45000.0,0.0
0,21,46000.0,0.0
0,21,47000.0,0.0
0,21,48000.0,0.0
0,21,49000.0,0.0
0,21,50000.0,0.0
0,22,5000.0,0.0
0,22,6000.0,0.0
0,22,7000.0,0.0
0,22,8000.0,0.0
0,22,9000.0,0.0
0,22,10000.0,0.0
0,22,11000.0,0.0
0,22,12000.0,0.0
0,22,13000.0,0.0
0,22,14000.0,0.0
0,22,15000.0,0.0
0,22,16000.0,0.0
0,22,17000.0,0.0
0,22,18000.0,0.0
0,22,19000.0,0.0
0,22,20000.0,0.0
0,22,21000.0,0.0
0,22,22000.0,0.0
0,22,23000.0,0.0
0,22,24000.0,0.0
0,22,25000.0,0.0
0,22,26000.0,0.0
0,22,27000.0,0.0
0,22,28000.0,0.0
0,22,29000.0,0.0
0,22,30000.0,0.0
0,22,31000.0,0.0
0,22,32000.0,0.0
0,22,33000.0,0.0
0,22,34000.0,0.0
0,22,35000.0,0.0
0,22,36000.0,0.0
0,22,37000.0,0.0
0,22,38000.0,0.0
0,22,39000.0,0.0
0,22,40000.0,0.0
0,22,41000.0,0.0
0,22,42000.0,0.0
0,22,43000.0,0.0
0,22,44000.0,0.0
0,22,45000.0,0.0
0,22,46000.0,0.0
0,22,47000.0,0.0
0,22,48000.0,0.0
0,22,49000.0,0.0
0,22,50000.0,0.0
0,23,5000.0,0.0
0,23,6000.0,0.0
0,23,7000.0,0.0
0,23,8000.0,0.0
0,23,9000.0,0.0
0,23,10000.0,0.0
0,23,11000.0,0.0
0,23,12000.0,0.0
0,23,13000.0,0.0
0,23,14000.0,0.0
0,23,15000.0,0.0
0,23,16000.0,0.0
0,23,17000.0,0.0
0,23,18000.0,0.0
0,23,19000.0,0.0
0,23,20000.0,0.0
0,23,21000.0,0.0
0,23,22000.0,0.0
0,23,23000.0,0.0
0,23,24000.0,0.0
0,23,25000.0,0.0
0,23,26000.0,0.0
0,23,27000.0,0.0
0,23,28000.0,0.0
0,23,29000.0,0.0
0,23,30000.0,0.0
0,23,31000.0,0.0
0,23,32000.0,0.0
0,23,33000.0,0.0
0,23,34000.0,0.0
0,23,35000.0,0.0
0,23,36000.0,0.0
0,23,37000.0,0.0
0,23,38000.0,0.0
0,23,39000.0,0.0
0,23,40000.0,0.0
0,23,41000.0,0.0
0,23,42000.0,0.0
0,23,43000.0,0.0
0,23,44000.0,0.0
0,23,45000.0,0.0
0,23,46000.0,0.0
0,23,47000.0,0.0
0,23,48000.0,0.0
0,23,49000.0,0.0
0,23,50000.0,0.0
0,24,5000.0,0.0
0,24,6000.0,0.0
0,24,7000.0,0.0
0,24,8000.0,0.0
0,24,9000.0,0.0
0,24,10000.0,0.0
0,24,11000.0,0.0
0,24,12000.0,0.0
0,24,13000.0,0.0
0,24,14000.0,0.0
0,24,15000.0,0.0
0,24,16000.0,0.0
0,24,17000.0,0.0
0,24,18000.0,0.0
0,24,19000.0,0.0
0,24,20000.0,0.0
0,24,21000.0,0.0
0,24,22000.0,0.0
0,24,23000.0,0.0
0,24,24000.0,0.0
0,24,25000.0,0.0
0,24,26000.0,0.0
0,24,27000.0,0.0
0,24,28000.0,0.0
0,24,29000.0,0.0
0,24,30000.0,0.0
0,24,31000.0,0.0
0,24,32000.0,0.0
0,24,33000.0,0.0
0,24,34000.0,0.0
0,24,35000.0,0.0
0,24,36000.0,0.0
0,24,37000.0,0.0
0,24,38000.0,0.0
0,24,39000.0,0.0
0,24,40000.0,0.0
0,24,41000.0,0.0
0,24,42000.0,0.0
0,24,43000.0,0.0
0,24,44000.0,0.0
0,24,45000.0,0.0
0,24,46000.0,0.0
0,24,47000.0,0.0
0,24,48000.0,0.0
0,24,49000.0,0.0
0,24,50000.0,0.0
0,25,5000.0,0.0
0,25,6000.0,0.0
0,25,7000.0,0.0
0,25,8000.0,0.0
0,25,9000.0,0.0
0,25,10000.0,0.0
0,25,11000.0,0.0
0,25,12000.0,0.0
0,25,13000.0,0.0
0,25,14000.0,0.0
0,25,15000.0,0.0
0,25,16000.0,0.0
0,25,17000.0,0.0
0,25,18000.0,0.0
0,25,19000.0,0.0
0,25,20000.0,0.0
0,25,21000.0,0.0
0,25,22000.0,0.0
0,25,23000.0,0.0
0,25,24000.0,0.0
0,25,25000.0,0.0
0,25,26000.0,0.0
0,25,27000.0,0.0
0,25,28000.0,0.0
0,25,29000.0,0.0
0,25,30000.0,0.0
0,25,31000.0,0.0
0,25,32000.0,0.0
0,25,33000.0,0.0
0,25,34000.0,0.0
0,25,35000.0,0.0
0,25,36000.0,0.0
0,25,37000.0,0.0
0,25,38000.0,0.0
0,25,39000.0,0.0
0,25,40000.0,0.0
0,25,41000.0,0.0
0,25,42000.0,0.0
0,25,43000.0,0.0
0,25,44000.0,0.0
0,25,45000.0,0.0
0,25,46000.0,0.0
0,25,47000.0,0.0
0,25,48000.0,0.0
0,25,49000.0,0.0
0,25,50000.0,0.0
0,26,5000.0,0.0
0,26,6000.0,0.0
0,26,7000.0,0.0
0,26,8000.0,0.0
0,26,9000.0,0.0
0,26,10000.0,0.0
0,26,11000.0,0.0
0,26,12000.0,0.0
0,26,13000.0,0.0
0,26,14000.0,0.0
0,26,15000.0,0.0
0,26,16000.0,0.0
0,26,17000.0,0.0
0,26,18000.0,0.0
0,26,19000.0,0.0
0,26,20000.0,0.0
0,26,21000.0,0.0
0,26,22000.0,0.0
0,26,23000.0,0.0
0,26,24000.0,0.0
0,26,25000.0,0.0
0,26,26000.0,0.0
0,26,27000.0,0.0
0,26,28000.0,0.0
0,26,29000.0,0.0
0,26,30000.0,0.0
0,26,31000.0,0.0
0,26,32000.0,0.0
0,26,33000.0,0.0
0,26,34000.0,0.0
0,26,35000.0,0.0
0,26,36000.0,0.0
0,26,37000.0,0.0
0,26,38000.0,0.0
0,26,39000.0,0.0
0,26,40000.0,0.0
0,26,41000.0,0.0
0,26,42000.0,0.0
0,26,43000.0,0.0
0,26,44000.0,0.0
0,26,45000.0,0.0
0,26,46000.0,0.0
0,26,47000.0,0.0
0,26,48000.0,0.0
0,26,49000.0,0.0
0,26,50000.0,0.0
0,27,5000.0,0.0
0,27,6000.0,0.0
0,27,7000.0,0.0
0,27,8000.0,0.0
0,27,9000.0,0.0
0,27,10000.0,0.0
0,27,11000.0,0.0
0,27,12000.0,0.0
0,27,13000.0,0.0
0,27,14000.0,0.0
0,27,15000.0,0.0
0,27,16000.0,0.0
0,27,17000.0,0.0
0,27,18000.0,0.0
0,27,19000.0,0.0
0,27,20000.0,0.0
0,27,21000.0,0.0
0,27,22000.0,0.0
0,27,23000.0,0.0
0,27,24000.0,0.0
0,27,25000.0,0.0
0,27,26000.0,0.0
0,27,27000.0,0.0
0,27,28000.0,0.0
0,27,29000.0,0.0
0,27,30000.0,0.0
0,27,31000.0,0.0
0,27,32000.0,0.0
0,27,33000.0,0.0
0,27,34000.0,0.0
0,27,35000.0,0.0
0,27,36000.0,0.0
0,27,37000.0,2.0
0,27,38000.0,2.0
0,27,39000.0,2.0
0,27,40000.0,2.0
0,27,41000.0,2.0
0,27,42000.0,0.0
0,27,43000.0,0.0
0,27,44000.0,0.0
0,27,45000.0,0.0
0,27,46000.0,0.0
0,27,47000.0,0.0
0,27,48000.0,0.0
0,27,49000.0,0.0
0,27,50000.0,0.0
0,28,5000.0,0.0
0,28,6000.0,0.0
0,28,7000.0,0.0
0,28,8000.0,0.0
0,28,9000.0,0.0
0,28,10000.0,0.0
0,28,11000.0,0.0
0,28,12000.0,0.0
0,28,13000.0,0.0
0,28,14000.0,0.0
0,28,15000.0,0.0
0,28,16000.0,0.0
0,28,17000.0,0.0
0,28,18000.0,0.0
0,28,19000.0,0.0
0,28,20000.0,0.0
0,28,21000.0,0.0
0,28,22000.0,0.0
0,28,23000.0,0.0
0,28,24000.0,0.0
0,28,25000.0,0.0
0,28,26000.0,0.0
0,28,27000.0,0.0
0,28,28000.0,0.0
0,28,29000.0,0.0
0,28,30000.0,0.0
0,28,31000.0,0.0
0,28,32000.0,0.0
0,28,33000.0,0.0
0,28,34000.0,0.0
0,28,35000.0,0.0
0,28,36000.0,0.0
0,28,37000.0,0.0
0,28,38000.0,0.0
0,28,39000.0,0.0
0,28,40000.0,0.0
0,28,41000.0,0.0
0,28,42000.0,0.0
0,28,43000.0,0.0
0,28,44000.0,0.0
0,28,45000.0,0.0
0,28,46000.0,0.0
0,28,47000.0,0.0
0,28,48000.0,0.0
0,28,49000.0,0.0
0,28,50000.0,0.0
0,29,5000.0,0.0
0,29,6000.0,0.0
0,29,7000.0,0.0
0,29,8000.0,0.0
0,29,9000.0,0.0
0,29,10000.0,0.0
0,29,11000.0,0.0
0,29,12000.0,0.0
0,29,13000.0,0.0
0,29,14000.0,0.0
0,29,15000.0,0.0
0,29,16000.0,0.0
0,29,17000.0,0.0
0,29,18000.0,0.0
0,29,19000.0,0.0
0,29,20000.0,0.0
0,29,21000.0,0.0
0,29,22000.0,0.0
0,29,23000.0,0.0
0,29,24000.0,0.0
0,29,25000.0,0.0
0,29,26000.0,0.0
0,29,27000.0,0.0
0,29,28000.0,0.0
0,29,29000.0,0.0
0,29,30000.0,0.0
0,29,31000.0,0.0
0,29,32000.0,0.0
0,29,33000.0,0.0
0,29,34000.0,0.0
0,29,35000.0,0.0
0,29,36000.0,0.0
0,29,37000.0,0.0
0,29,38000.0,0.0
0,29,39000.0,0.0
0,29,40000.0,0.0
0,29,41000.0,0.0
0,29,42000.0,0.0
0,29,43000.0,0.0
0,29,44000.0,0.0
0,29,45000.0,0.0
0,29,46000.0,0.0
0,29,47000.0,0.0
0,29,48000.0,0.0
0,29,49000.0,0.0
0,29,50000.0,0.0
0,30,5000.0,0.0
0,30,6000.0,0.0
0,30,7000.0,0.0
0,30,8000.0,0.0
0,30,9000.0,0.0
0,30,10000.0,0.0
0,30,11000.0,0.0
0,30,12000.0,0.0
0,30,13000.0,0.0
0,30,14000.0,0.0
0,30,15000.0,0.0
0,30,16000.0,0.0
0,30,17000.0,0.0
0,30,18000.0,0.0
0,30,19000.0,0.0
0,30,20000.0,0.0
0,30,21000.0,0.0
0,30,22000.0,0.0
0,30,23000.0,0.0
0,30,24000.0,0.0
0,30,25000.0,0.0
0,30,26000.0,0.0
0,30,27000.0,0.0
0,30,28000.0,0.0
0,30,29000.0,0.0
0,30,30000.0,0.0
0,30,31000.0,0.0
0,30,32000.0,0.0
0,30,33000.0,0.0
0,30,34000.0,0.0
0,30,35000.0,0.0
0,30,36000.0,0.0
0,30,37000.0,0.0
0,30,38000.0,0.0
0,30,39000.0,0.0
0,30,40000.0,0.0
0,30,41000.0,0.0
0,30,42000.0,0.0
0,30,43000.0,0.0
0,30,44000.0,0.0
0,30,45000.0,2.0
0,30,46000.0,2.0
0,30,47000.0,2.0
0,30,48000.0,2.0
0,30,49000.0,2.0
0,30,50000.0,2.0
0,31,5000.0,0.0
0,31,6000.0,0.0
0,31,7000.0,0.0
0,31,8000.0,0.0
0,31,9000.0,0.0
0,31,10000.0,0.0
0,31,11000.0,0.0
0,31,12000.0,0.0
0,31,13000.0,0.0
0,31,14000.0,0.0
0,31,15000.0,0.0
0,31,16000.0,0.0
0,31,17000.0,0.0
0,31,18000.0,0.0
0,31,19000.0,0.0
0,31,20000.0,0.0
0,31,21000.0,0.0
0,31,22000.0,0.0
0,31,23000.0,0.0
0,31,24000.0,0.0
0,31,25000.0,0.0
0,31,26000.0,0.0
0,31,27000.0,0.0
0,31,28000.0,0.0
0,31,29000.0,0.0
0,31,30000.0,0.0
0,31,31000.0,0.0
0,31,32000.0,0.0
0,31,33000.0,0.0
0,31,34000.0,0.0
0,31,35000.0,0.0
0,31,36000.0,0.0
0,31,37000.0,0.0
0,31,38000.0,0.0
0,31,39000.0,0.0
0,31,40000.0,0.0
0,31,41000.0,0.0
0,31,42000.0,0.0
0,31,43000.0,0.0
0,31,44000.0,0.0
0,31,45000.0,0.0
0,31,46000.0,0.0
0,31,47000.0,0.0
0,31,48000.0,0.0
0,31,49000.0,0.0
0,31,50000.0,0.0
0,32,5000.0,0.0
0,32,6000.0,0.0
0,32,7000.0,0.0
0,32,8000.0,0.0
0,32,9000.0,0.0
0,32,10000.0,0.0
0,32,11000.0,0.0
0,32,12000.0,0.0
0,32,13000.0,2.0
0,32,14000.0,2.0
0,32,15000.0,2.0
0,32,16000.0,2.0
0,32,17000.0,2.0
0,32,18000.0,2.0
0,32,19000.0,2.0
0,32,20000.0,2.0
0,32,21000.0,2.0
0,32,22000.0,0.0
0,32,23000.0,0.0
0,32,24000.0,0.0
0,32,25000.0,0.0
0,32,26000.0,0.0
0,32,27000.0,0.0
0,32,28000.0,0.0
0,32,29000.0,0.0
0,32,30000.0,0.0
0,32,31000.0,0.0
0,32,32000.0,0.0
0,32,33000.0,0.0
0,32,34000.0,0.0
0,32,35000.0,0.0
0,32,36000.0,0.0
0,32,37000.0,0.0
0,32,38000.0,0.0
0,32,39000.0,0.0
0,32,40000.0,0.0
0,32,41000.0,0.0
0,32,42000.0,0.0
0,32,43000.0,0.0
0,32,44000.0,0.0
0,32,45000.0,0.0
0,32,46000.0,0.0
0,32,47000.0,0.0
0,32,48000.0,0.0
0,32,49000.0,0.0
0,32,50000.0,0.0
0,33,5000.0,0.0
0,33,6000.0,0.0
0,33,7000.0,0.0
0,33,8000.0,0.0
0,33,9000.0,2.0
0,33,10000.0,2.0
0,33,11000.0,2.0
0,33,12000.0,0.0
0,33,13000.0,0.0
0,33,14000.0,0.0
0,33,15000.0,0.0
0,33,16000.0,0.0
0,33,17000.0,0.0
0,33,18000.0,0.0
0,33,19000.0,0.0
0,33,20000.0,0.0
0,33,21000.0,0.0
0,33,22000.0,0.0
0,33,23000.0,0.0
0,33,24000.0,0.0
0,33,25000.0,0.0
0,33,26000.0,0.0
0,33,27000.0,0.0
0,33,28000.0,0.0
0,33,29000.0,2.0
0,33,30000.0,2.0
0,33,31000.0,2.0
0,33,32000.0,0.0
0,33,33000.0,0.0
0,33,34000.0,0.0
0,33,35000.0,0.0
0,33,36000.0,0.0
0,33,37000.0,0.0
0,33,38000.0,0.0
0,33,39000.0,0.0
0,33,40000.0,0.0
0,33,41000.0,0.0
0,33,42000.0,0.0
0,33,43000.0,0.0
0,33,44000.0,0.0
0,33,45000.0,0.0
0,33,46000.0,0.0
0,33,47000.0,0.0
0,33,48000.0,0.0
0,33,49000.0,0.0
0,33,50000.0,0.0
0,34,5000.0,0.0
0,34,6000.0,0.0
0,34,7000.0,0.0
0,34,8000.0,0.0
0,34,9000.0,0.0
0,34,10000.0,0.0
0,34,11000.0,0.0
0,34,12000.0,0.0
0,34,13000.0,0.0
0,34,14000.0,0.0
0,34,15000.0,0.0
0,34,16000.0,0.0
0,34,17000.0,0.0
0,34,18000.0,0.0
0,34,19000.0,0.0
0,34,20000.0,0.0
0,34,21000.0,0.0
0,34,22000.0,0.0
0,34,23000.0,0.0
0,34,24000.0,0.0
0,34,25000.0,0.0
0,34,26000.0,0.0
0,34,27000.0,0.0
0,34,28000.0,0.0
0,34,29000.0,0.0
0,34,30000.0,0.0
0,34,31000.0,0.0
0,34,32000.0,0.0
0,34,33000.0,0.0
0,34,34000.0,0.0
0,34,35000.0,0.0
0,34,36000.0,0.0
0,34,37000.0,0.0
0,34,38000.0,0.0
0,34,39000.0,0.0
0,34,40000.0,0.0
0,34,41000.0,0.0
0,34,42000.0,0.0
0,34,43000.0,0.0
0,34,44000.0,0.0
0,34,45000.0,0.0
0,34,46000.0,0.0
0,34,47000.0,0.0
0,34,48000.0,0.0
0,34,49000.0,0.0
0,34,50000.0,0.0
0,35,5000.0,0.0
0,35,6000.0,0.0
0,35,7000.0,0.0
0,35,8000.0,0.0
0,35,9000.0,0.0
0,35,10000.0,0.0
0,35,11000.0,0.0
0,35,12000.0,0.0
0,35,13000.0,0.0
0,35,14000.0,0.0
0,35,15000.0,0.0
0,35,16000.0,0.0
0,35,17000.0,0.0
0,35,18000.0,0.0
0,35,19000.0,0.0
0,35,20000.0,0.0
0,35,21000.0,0.0
0,35,22000.0,0.0
0,35,23000.0,0.0
0,35,24000.0,0.0
0,35,25000.0,0.0
0,35,26000.0,0.0
0,35,27000.0,0.0
0,35,28000.0,0.0
0,35,29000.0,0.0
0,35,30000.0,0.0
0,35,31000.0,0.0
0,35,32000.0,0.0
0,35,33000.0,0.0
0,35,34000.0,0.0
0,35,35000.0,0.0
0,35,36000.0,0.0
0,35,37000.0,0.0
0,35,38000.0,0.0
0,35,39000.0,0.0
0,35,40000.0,0.0
0,35,41000.0,0.0
0,35,42000.0,0.0
0,35,43000.0,0.0
0,35,44000.0,0.0
0,35,45000.0,0.0
0,35,46000.0,2.0
0,35,47000.0,2.0
0,35,48000.0,2.0
0,35,49000.0,2.0
0,35,50000.0,2.0
0,36,5000.0,0.0
0,36,6000.0,0.0
0,36,7000.0,0.0
0,36,8000.0,0.0
0,36,9000.0,0.0
0,36,10000.0,0.0
0,36,11000.0,0.0
0,36,12000.0,0.0
0,36,13000.0,0.0
0,36,14000.0,0.0
0,36,15000.0,0.0
0,36,16000.0,0.0
0,36,17000.0,0.0
0,36,18000.0,0.0
0,36,19000.0,0.0
0,36,20000.0,0.0
0,36,21000.0,0.0
0,36,22000.0,0.0
0,36,23000.0,0.0
0,36,24000.0,0.0
0,36,25000.0,0.0
0,36,26000.0,0.0
0,36,27000.0,0.0
0,36,28000.0,0.0
0,36,29000.0,0.0
0,36,30000.0,0.0
0,36,31000.0,0.0
0,36,32000.0,0.0
0,36,33000.0,0.0
0,36,34000.0,0.0
0,36,35000.0,0.0
0,36,36000.0,0.0
0,36,37000.0,0.0
0,36,38000.0,0.0
0,36,39000.0,0.0
0,36,40000.0,0.0
0,36,41000.0,0.0
0,36,42000.0,0.0
0,36,43000.0,0.0
0,36,44000.0,0.0
0,36,45000.0,0.0
0,36,46000.0,0.0
0,36,47000.0,0.0
0,36,48000.0,0.0
0,36,49000.0,0.0
0,36,50000.0,0.0
0,37,5000.0,0.0
0,37,6000.0,0.0
0,37,7000.0,0.0
0,37,8000.0,0.0
0,37,9000.0,0.0
0,37,10000.0,0.0
0,37,11000.0,0.0
0,37,12000.0,0.0
0,37,13000.0,0.0
0,37,14000.0,0.0
0,37,15000.0,0.0
0,37,16000.0,0.0
0,37,17000.0,0.0
0,37,18000.0,0.0
0,37,19000.0,0.0
0,37,20000.0,0.0
0,37,21000.0,0.0
0,37,22000.0,0.0
0,37,23000.0,0.0
0,37,24000.0,0.0
0,37,25000.0,0.0
0,37,26000.0,0.0
0,37,27000.0,0.0
0,37,28000.0,0.0
0,37,29000.0,0.0
0,37,30000.0,0.0
0,37,31000.0,0.0
0,37,32000.0,0.0
0,37,33000.0,0.0
0,37,34000.0,0.0
0,37,35000.0,0.0
0,37,36000.0,0.0
0,37,37000.0,0.0
0,37,38000.0,0.0
0,37,39000.0,0.0
0,37,40000.0,0.0
0,37,41000.0,0.0
0,37,42000.0,0.0
0,37,43000.0,0.0
0,37,44000.0,0.0
0,37,45000.0,0.0
0,37,46000.0,0.0
0,37,47000.0,0.0
0,37,48000.0,0.0
0,37,49000.0,0.0
0,37,50000.0,0.0
0,38,5000.0,0.0
0,38,6000.0,0.0
0,38,7000.0,0.0
0,38,8000.0,0.0
0,38,9000.0,0.0
0,38,10000.0,0.0
0,38,11000.0,0.0
0,38,12000.0,0.0
0,38,13000.0,0.0
0,38,14000.0,0.0
0,38,15000.0,0.0
0,38,16000.0,0.0
0,38,17000.0,0.0
0,38,18000.0,0.0
0,38,19000.0,0.0
0,38,20000.0,0.0
0,38,21000.0,0.0
0,38,22000.0,0.0
0,38,23000.0,0.0
0,38,24000.0,0.0
0,38,25000.0,0.0
0,38,26000.0,0.0
0,38,27000.0,0.0
0,38,28000.0,0.0
0,38,29000.0,0.0
0,38,30000.0,0.0
0,38,31000.0,0.0
0,38,32000.0,0.0
0,38,33000.0,0.0
0,38,34000.0,0.0
0,38,35000.0,0.0
0,38,36000.0,0.0
0,38,37000.0,0.0
0,38,38000.0,0.0
0,38,39000.0,0.0
0,38,40000.0,0.0
0,38,41000.0,0.0
0,38,42000.0,0.0
0,38,43000.0,0.0
0,38,44000.0,0.0
0,38,45000.0,0.0
0,38,46000.0,0.0
0,38,47000.0,0.0
0,38,48000.0,0.0
0,38,49000.0,0.0
0,38,50000.0,0.0
0,39,5000.0,0.0
0,39,6000.0,0.0
0,39,7000.0,0.0
0,39,8000.0,0.0
0,39,9000.0,0.0
0,39,10000.0,0.0
0,39,11000.0,0.0
0,39,12000.0,0.0
0,39,13000.0,0.0
0,39,14000.0,0.0
0,39,15000.0,0.0
0,39,16000.0,0.0
0,39,17000.0,0.0
0,39,18000.0,0.0
0,39,19000.0,0.0
0,39,20000.0,0.0
0,39,21000.0,0.0
0,39,22000.0,0.0
0,39,23000.0,0.0
0,39,24000.0,0.0
0,39,25000.0,0.0
0,39,26000.0,0.0
0,39,27000.0,0.0
0,39,28000.0,0.0
0,39,29000.0,0.0
0,39,30000.0,0.0
0,39,31000.0,0.0
0,39,32000.0,0.0
0,39,33000.0,0.0
0,39,34000.0,0.0
0,39,35000.0,0.0
0,39,36000.0,2.0
0,39,37000.0,2.0
0,39,38000.0,2.0
0,39,39000.0,2.0
0,39,40000.0,2.0
0,39,41000.0,2.0
0,39,42000.0,0.0
0,39,43000.0,0.0
0,39,44000.0,0.0
0,39,45000.0,0.0
0,39,46000.0,0.0
0,39,47000.0,0.0
0,39,48000.0,0.0
0,39,49000.0,0.0
0,39,50000.0,0.0
0,40,5000.0,0.0
0,40,6000.0,0.0
0,40,7000.0,0.0
0,40,8000.0,0.0
0,40,9000.0,0.0
0,40,10000.0,0.0
0,40,11000.0,0.0
0,40,12000.0,0.0
0,40,13000.0,0.0
0,40,14000.0,0.0
0,40,15000.0,0.0
0,40,16000.0,0.0
0,40,17000.0,0.0
0,40,18000.0,0.0
0,40,19000.0,0.0
0,40,20000.0,0.0
0,40,21000.0,2.0
0,40,22000.0,0.0
0,40,23000.0,0.0
0,40,24000.0,0.0
0,40,25000.0,0.0
0,40,26000.0,0.0
0,40,27000.0,0.0
0,40,28000.0,0.0
0,40,29000.0,0.0
0,40,30000.0,0.0
0,40,31000.0,0.0
0,40,32000.0,0.0
0,40,33000.0,0.0
0,40,34000.0,0.0
0,40,35000.0,0.0
0,40,36000.0,0.0
0,40,37000.0,0.0
0,40,38000.0,0.0
0,40,39000.0,0.0
0,40,40000.0,0.0
0,40,41000.0,0.0
0,40,42000.0,0.0
0,40,43000.0,0.0
0,40,44000.0,0.0
0,40,45000.0,0.0
0,40,46000.0,0.0
0,40,47000.0,0.0
0,40,48000.0,0.0
0,40,49000.0,0.0
0,40,50000.0,0.0
0,41,5000.0,0.0
0,41,6000.0,0.0
0,41,7000.0,0.0
0,41,8000.0,0.0
0,41,9000.0,0.0
0,41,10000.0,0.0
0,41,11000.0,0.0
0,41,12000.0,0.0
0,41,13000.0,0.0
0,41,14000.0,0.0
0,41,15000.0,0.0
0,41,16000.0,0.0
0,41,17000.0,0.0
0,41,18000.0,0.0
0,41,19000.0,0.0
0,41,20000.0,0.0
0,41,21000.0,0.0
0,41,22000.0,0.0
0,41,23000.0,0.0
0,41,24000.0,0.0
0,41,25000.0,0.0
0,41,26000.0,0.0
0,41,27000.0,0.0
0,41,28000.0,0.0
0,41,29000.0,0.0
0,41,30000.0,0.0
0,41,31000.0,0.0
0,41,32000.0,0.0
0,41,33000.0,0.0
0,41,34000.0,0.0
0,41,35000.0,0.0
0,41,36000.0,0.0
0,41,37000.0,0.0
0,41,38000.0,0.0
0,41,39000.0,0.0
0,41,40000.0,0.0
0,41,41000.0,0.0
0,41,42000.0,0.0
0,41,43000.0,0.0
0,41,44000.0,0.0
0,41,45000.0,0.0
0,41,46000.0,0.0
0,41,47000.0,0.0
0,41,48000.0,0.0
0,41,49000.0,0.0
0,41,50000.0,0.0
0,42,5000.0,0.0
0,42,6000.0,0.0
0,42,7000.0,0.0
0,42,8000.0,0.0
0,42,9000.0,0.0
0,42,10000.0,0.0
0,42,11000.0,0.0
0,42,12000.0,0.0
0,42,13000.0,0.0
0,42,14000.0,0.0
0,42,15000.0,0.0
0,42,16000.0,0.0
0,42,17000.0,0.0
0,42,18000.0,0.0
0,42,19000.0,0.0
0,42,20000.0,0.0
0,42,21000.0,0.0
0,42,22000.0,0.0
0,42,23000.0,0.0
0,42,24000.0,0.0
0,42,25000.0,0.0
0,42,26000.0,0.0
0,42,27000.0,0.0
0,42,28000.0,0.0
0,42,29000.0,0.0
0,42,30000.0,0.0
0,42,31000.0,0.0
0,42,32000.0,0.0
0,42,33000.0,0.0
0,42,34000.0,0.0
0,42,35000.0,0.0
0,42,36000.0,0.0
0,42,37000.0,0.0
0,42,38000.0,0.0
0,42,39000.0,0.0
0,42,40000.0,0.0
0,42,41000.0,0.0
0,42,42000.0,0.0
0,42,43000.0,0.0
0,42,44000.0,0.0
0,42,45000.0,0.0
0,42,46000.0,0.0
0,42,47000.0,0.0
0,42,48000.0,0.0
0,42,49000.0,2.0
0,42,50000.0,2.0
0,43,5000.0,0.0
0,43,6000.0,0.0
0,43,7000.0,0.0
0,43,8000.0,0.0
0,43,9000.0,0.0
0,43,10000.0,0.0
0,43,11000.0,0.0
0,43,12000.0,0.0
0,43,13000.0,0.0
0,43,14000.0,0.0
0,43,15000.0,0.0
0,43,16000.0,0.0
0,43,17000.0,0.0
0,43,18000.0,0.0
0,43,19000.0,0.0
0,43,20000.0,0.0
0,43,21000.0,0.0
0,43,22000.0,0.0
0,43,23000.0,0.0
0,43,24000.0,0.0
0,43,25000.0,0.0
0,43,26000.0,0.0
0,43,27000.0,0.0
0,43,28000.0,0.0
0,43,29000.0,0.0
0,43,30000.0,0.0
0,43,31000.0,0.0
0,43,32000.0,0.0
0,43,33000.0,0.0
0,43,34000.0,0.0
0,43,35000.0,0.0
0,43,36000.0,0.0
0,43,37000.0,0.0
0,43,38000.0,0.0
0,43,39000.0,0.0
0,43,40000.0,0.0
0,43,41000.0,0.0
0,43,42000.0,0.0
0,43,43000.0,0.0
0,43,44000.0,0.0
0,43,45000.0,0.0
0,43,46000.0,0.0
0,43,47000.0,0.0
0,43,48000.0,0.0
0,43,49000.0,0.0
0,43,50000.0,0.0
0,44,5000.0,0.0
0,44,6000.0,0.0
0,44,7000.0,0.0
0,44,8000.0,0.0
0,44,9000.0,0.0
0,44,10000.0,0.0
0,44,11000.0,0.0
0,44,12000.0,0.0
0,44,13000.0,0.0
0,44,14000.0,0.0
0,44,15000.0,0.0
0,44,16000.0,0.0
0,44,17000.0,0.0
0,44,18000.0,0.0
0,44,19000.0,0.0
0,44,20000.0,0.0
0,44,21000.0,0.0
0,44,22000.0,0.0
0,44,23000.0,0.0
0,44,24000.0,0.0
0,44,25000.0,0.0
0,44,26000.0,0.0
0,44,27000.0,0.0
0,44,28000.0,0.0
0,44,29000.0,0.0
0,44,30000.0,0.0
0,44,31000.0,0.0
0,44,32000.0,0.0
0,44,33000.0,0.0
0,44,34000.0,0.0
0,44,35000.0,0.0
0,44,36000.0,0.0
0,44,37000.0,0.0
0,44,38000.0,0.0
0,44,39000.0,0.0
0,44,40000.0,0.0
0,44,41000.0,0.0
0,44,42000.0,0.0
0,44,43000.0,0.0
0,44,44000.0,0.0
0,44,45000.0,0.0
0,44,46000.0,0.0
0,44,47000.0,0.0
0,44,48000.0,0.0
0,44,49000.0,0.0
0,44,50000.0,0.0
0,45,5000.0,0.0
0,45,6000.0,0.0
0,45,7000.0,0.0
0,45,8000.0,0.0
0,45,9000.0,0.0
0,45,10000.0,0.0
0,45,11000.0,0.0
0,45,12000.0,0.0
0,45,13000.0,0.0
0,45,14000.0,0.0
0,45,15000.0,0.0
0,45,16000.0,0.0
0,45,17000.0,0.0
0,45,18000.0,0.0
0,45,19000.0,0.0
0,45,20000.0,0.0
0,45,21000.0,0.0
0,45,22000.0,0.0
0,45,23000.0,0.0
0,45,24000.0,0.0
0,45,25000.0,0.0
0,45,26000.0,0.0
0,45,27000.0,0.0
0,45,28000.0,0.0
0,45,29000.0,0.0
0,45,30000.0,0.0
0,45,31000.0,0.0
0,45,32000.0,0.0
0,45,33000.0,0.0
0,45,34000.0,0.0
0,45,35000.0,0.0
0,45,36000.0,0.0
0,45,37000.0,0.0
0,45,38000.0,0.0
0,45,39000.0,0.0
0,45,40000.0,0.0
0,45,41000.0,0.0
0,45,42000.0,0.0
0,45,43000.0,0.0
0,45,44000.0,0.0
0,45,45000.0,0.0
0,45,46000.0,0.0
0,45,47000.0,0.0
0,45,48000.0,0.0
0,45,49000.0,0.0
0,45,50000.0,0.0
0,46,5000.0,0.0
0,46,6000.0,0.0
0,46,7000.0,0.0
0,46,8000.0,0.0
0,46,9000.0,0.0
0,46,10000.0,0.0
0,46,11000.0,0.0
0,46,12000.0,0.0
0,46,13000.0,0.0
0,46,14000.0,0.0
0,46,15000.0,0.0
0,46,16000.0,0.0
0,46,17000.0,0.0
0,46,18000.0,0.0
0,46,19000.0,0.0
0,46,20000.0,0.0
0,46,21000.0,0.0
0,46,22000.0,0.0
0,46,23000.0,0.0
0,46,24000.0,0.0
0,46,25000.0,0.0
0,46,26000.0,0.0
0,46,27000.0,0.0
0,46,28000.0,0.0
0,46,29000.0,0.0
0,46,30000.0,0.0
0,46,31000.0,0.0
0,46,32000.0,0.0
0,46,33000.0,0.0
0,46,34000.0,0.0
0,46,35000.0,0.0
0,46,36000.0,0.0
0,46,37000.0,0.0
0,46,38000.0,0.0
0,46,39000.0,0.0
0,46,40000.0,0.0
0,46,41000.0,0.0
0,46,42000.0,0.0
0,46,43000.0,0.0
0,46,44000.0,0.0
0,46,45000.0,0.0
0,46,46000.0,0.0
0,46,47000.0,0.0
0,46,48000.0,0.0
0,46,49000.0,0.0
0,46,50000.0,0.0
0,47,5000.0,0.0
0,47,6000.0,0.0
0,47,7000.0,0.0
0,47,8000.0,0.0
0,47,9000.0,0.0
0,47,10000.0,0.0
0,47,11000.0,0.0
0,47,12000.0,0.0
0,47,13000.0,0.0
0,47,14000.0,0.0
0,47,15000.0,0.0
0,47,16000.0,0.0
0,47,17000.0,0.0
0,47,18000.0,0.0
0,47,19000.0,0.0
0,47,20000.0,0.0
0,47,21000.0,0.0
0,47,22000.0,0.0
0,47,23000.0,0.0
0,47,24000.0,0.0
0,47,25000.0,2.0
0,47,26000.0,2.0
0,47,27000.0,2.0
0,47,28000.0,2.0
0,47,29000.0,2.0
0,47,30000.0,2.0
0,47,31000.0,2.0
0,47,32000.0,0.0
0,47,33000.0,0.0
0,47,34000.0,0.0
0,47,35000.0,0.0
0,47,36000.0,0.0
0,47,37000.0,0.0
0,47,38000.0,0.0
0,47,39000.0,0.0
0,47,40000.0,0.0
0,47,41000.0,0.0
0,47,42000.0,0.0
0,47,43000.0,0.0
0,47,44000.0,0.0
0,47,45000.0,0.0
0,47,46000.0,0.0
0,47,47000.0,0.0
0,47,48000.0,0.0
0,47,49000.0,0.0
0,47,50000.0,0.0
0,48,5000.0,0.0
0,48,6000.0,0.0
0,48,7000.0,0.0
0,48,8000.0,0.0
0,48,9000.0,0.0
0,48,10000.0,0.0
0,48,11000.0,0.0
0,48,12000.0,0.0
0,48,13000.0,0.0
0,48,14000.0,0.0
0,48,15000.0,0.0
0,48,16000.0,0.0
0,48,17000.0,2.0
0,48,18000.0,2.0
0,48,19000.0,2.0
0,48,20000.0,2.0
0,48,21000.0,2.0
0,48,22000.0,0.0
0,48,23000.0,0.0
0,48,24000.0,0.0
0,48,25000.0,0.0
0,48,26000.0,0.0
0,48,27000.0,0.0
0,48,28000.0,0.0
0,48,29000.0,0.0
0,48,30000.0,0.0
0,48,31000.0,0.0
0,48,32000.0,0.0
0,48,33000.0,0.0
0,48,34000.0,0.0
0,48,35000.0,0.0
0,48,36000.0,0.0
0,48,37000.0,0.0
0,48,38000.0,0.0
0,48,39000.0,0.0
0,48,40000.0,0.0
0,48,41000.0,0.0
0,48,42000.0,0.0
0,48,43000.0,0.0
0,48,44000.0,0.0
0,48,45000.0,0.0
0,48,46000.0,0.0
0,48,47000.0,0.0
0,48,48000.0,0.0
0,48,49000.0,0.0
0,48,50000.0,0.0
0,49,5000.0,0.0
0,49,6000.0,0.0
0,49,7000.0,0.0
0,49,8000.0,0.0
0,49,9000.0,0.0
0,49,10000.0,0.0
0,49,11000.0,0.0
0,49,12000.0,0.0
0,49,13000.0,0.0
0,49,14000.0,0.0
0,49,15000.0,0.0
0,49,16000.0,0.0
0,49,17000.0,0.0
0,49,18000.0,2.0
0,49,19000.0,2.0
0,49,20000.0,2.0
0,49,21000.0,2.0
0,49,22000.0,0.0
0,49,23000.0,0.0
0,49,24000.0,0.0
0,49,25000.0,0.0
0,49,26000.0,0.0
0,49,27000.0,0.0
0,49,28000.0,0.0
0,49,29000.0,0.0
0,49,30000.0,0.0
0,49,31000.0,0.0
0,49,32000.0,0.0
0,49,33000.0,0.0
0,49,34000.0,0.0
0,49,35000.0,0.0
0,49,36000.0,0.0
0,49,37000.0,0.0
0,49,38000.0,0.0
0,49,39000.0,0.0
0,49,40000.0,2.0
0,49,41000.0,2.0
0,49,42000.0,0.0
0,49,43000.0,0.0
0,49,44000.0,0.0
0,49,45000.0,0.0
0,49,46000.0,0.0
0,49,47000.0,0.0
0,49,48000.0,0.0
0,49,49000.0,0.0
0,49,50000.0,0.0
0,50,5000.0,0.0
0,50,6000.0,0.0
0,50,7000.0,0.0
0,50,8000.0,0.0
0,50,9000.0,0.0
0,50,10000.0,0.0
0,50,11000.0,0.0
0,50,12000.0,0.0
0,50,13000.0,0.0
0,50,14000.0,0.0
0,50,15000.0,0.0
0,50,16000.0,0.0
0,50,17000.0,0.0
0,50,18000.0,0.0
0,50,19000.0,0.0
0,50,20000.0,0.0
0,50,21000.0,0.0
0,50,22000.0,0.0
0,50,23000.0,0.0
0,50,24000.0,0.0
0,50,25000.0,0.0
0,50,26000.0,0.0
0,50,27000.0,0.0
0,50,28000.0,0.0
0,50,29000.0,0.0
0,50,30000.0,0.0
0,50,31000.0,0.0
0,50,32000.0,0.0
0,50,33000.0,0.0
0,50,34000.0,0.0
0,50,35000.0,0.0
0,50,36000.0,0.0
0,50,37000.0,0.0
0,50,38000.0,0.0
0,50,39000.0,0.0
0,50,40000.0,0.0
0,50,41000.0,0.0
0,50,42000.0,0.0
0,50,43000.0,0.0
0,50,44000.0,0.0
0,50,45000.0,0.0
0,50,46000.0,0.0
0,50,47000.0,0.0
0,50,48000.0,0.0
0,50,49000.0,0.0
0,50,50000.0,0.0
0,51,5000.0,0.0
0,51,6000.0,0.0
0,51,7000.0,0.0
0,51,8000.0,0.0
0,51,9000.0,0.0
0,51,10000.0,0.0
0,51,11000.0,2.0
0,51,12000.0,0.0
0,51,13000.0,0.0
0,51,14000.0,0.0
0,51,15000.0,0.0
0,51,16000.0,0.0
0,51,17000.0,0.0
0,51,18000.0,0.0
0,51,19000.0,0.0
0,51,20000.0,0.0
0,51,21000.0,0.0
0,51,22000.0,0.0
0,51,23000.0,0.0
0,51,24000.0,0.0
0,51,25000.0,0.0
0,51,26000.0,0.0
0,51,27000.0,0.0
0,51,28000.0,0.0
0,51,29000.0,0.0
0,51,30000.0,0.0
0,51,31000.0,0.0
0,51,32000.0,0.0
0,51,33000.0,0.0
0,51,34000.0,0.0
0,51,35000.0,0.0
0,51,36000.0,0.0
0,51,37000.0,0.0
0,51,38000.0,0.0
0,51,39000.0,0.0
0,51,40000.0,0.0
0,51,41000.0,0.0
0,51,42000.0,0.0
0,51,43000.0,0.0
0,51,44000.0,0.0
0,51,45000.0,0.0
0,51,46000.0,0.0
0,51,47000.0,0.0
0,51,48000.0,0.0
0,51,49000.0,0.0
0,51,50000.0,0.0
0,52,5000.0,0.0
0,52,6000.0,0.0
0,52,7000.0,0.0
0,52,8000.0,0.0
0,52,9000.0,0.0
0,52,10000.0,0.0
0,52,11000.0,0.0
0,52,12000.0,2.0
0,52,13000.0,2.0
0,52,14000.0,2.0
0,52,15000.0,2.0
0,52,16000.0,2.0
0,52,17000.0,2.0
0,52,18000.0,2.0
0,52,19000.0,2.0
0,52,20000.0,2.0
0,52,21000.0,2.0
0,52,22000.0,0.0
0,52,23000.0,0.0
0,52,24000.0,0.0
0,52,25000.0,0.0
0,52,26000.0,0.0
0,52,27000.0,0.0
0,52,28000.0,0.0
0,52,29000.0,0.0
0,52,30000.0,0.0
0,52,31000.0,0.0
0,52,32000.0,0.0
0,52,33000.0,0.0
0,52,34000.0,0.0
0,52,35000.0,0.0
0,52,36000.0,0.0
0,52,37000.0,0.0
0,52,38000.0,0.0
0,52,39000.0,0.0
0,52,40000.0,0.0
0,52,41000.0,0.0
0,52,42000.0,0.0
0,52,43000.0,0.0
0,52,44000.0,0.0
0,52,45000.0,0.0
0,52,46000.0,0.0
0,52,47000.0,0.0
0,52,48000.0,0.0
0,52,49000.0,0.0
0,52,50000.0,0.0
0,53,5000.0,0.0
0,53,6000.0,0.0
0,53,7000.0,0.0
0,53,8000.0,0.0
0,53,9000.0,0.0
0,53,10000.0,0.0
0,53,11000.0,0.0
0,53,12000.0,0.0
0,53,13000.0,0.0
0,53,14000.0,0.0
0,53,15000.0,0.0
0,53,16000.0,0.0
0,53,17000.0,0.0
0,53,18000.0,0.0
0,53,19000.0,0.0
0,53,20000.0,0.0
0,53,21000.0,0.0
0,53,22000.0,0.0
0,53,23000.0,0.0
0,53,24000.0,0.0
0,53,25000.0,0.0
0,53,26000.0,0.0
0,53,27000.0,0.0
0,53,28000.0,0.0
0,53,29000.0,0.0
0,53,30000.0,0.0
0,53,31000.0,0.0
0,53,32000.0,0.0
0,53,33000.0,0.0
0,53,34000.0,0.0
0,53,35000.0,0.0
0,53,36000.0,0.0
0,53,37000.0,0.0
0,53,38000.0,0.0
0,53,39000.0,0.0
0,53,40000.0,0.0
0,53,41000.0,0.0
0,53,42000.0,0.0
0,53,43000.0,0.0
0,53,44000.0,0.0
0,53,45000.0,0.0
0,53,46000.0,0.0
0,53,47000.0,0.0
0,53,48000.0,0.0
0,53,49000.0,0.0
0,53,50000.0,0.0
0,54,5000.0,0.0
0,54,6000.0,0.0
0,54,7000.0,0.0
0,54,8000.0,0.0
0,54,9000.0,0.0
0,54,10000.0,0.0
0,54,11000.0,0.0
0,54,12000.0,2.0
0,54,13000.0,2.0
0,54,14000.0,2.0
0,54,15000.0,2.0
0,54,16000.0,2.0
0,54,17000.0,2.0
0,54,18000.0,2.0
0,54,19000.0,2.0
0,54,20000.0,2.0
0,54,21000.0,2.0
0,54,22000.0,0.0
0,54,23000.0,0.0
0,54,24000.0,0.0
0,54,25000.0,0.0
0,54,26000.0,0.0
0,54,27000.0,0.0
0,54,28000.0,0.0
0,54,29000.0,0.0
0,54,30000.0,0.0
0,54,31000.0,0.0
0,54,32000.0,0.0
0,54,33000.0,0.0
0,54,34000.0,0.0
0,54,35000.0,0.0
0,54,36000.0,0.0
0,54,37000.0,0.0
0,54,38000.0,0.0
0,54,39000.0,0.0
0,54,40000.0,0.0
0,54,41000.0,0.0
0,54,42000.0,0.0
0,54,43000.0,0.0
0,54,44000.0,0.0
0,54,45000.0,0.0
0,54,46000.0,0.0
0,54,47000.0,0.0
0,54,48000.0,0.0
0,54,49000.0,0.0
0,54,50000.0,0.0
0,55,5000.0,2.0
0,55,6000.0,2.0
0,55,7000.0,2.0
0,55,8000.0,2.0
0,55,9000.0,2.0
0,55,10000.0,2.0
0,55,11000.0,2.0
0,55,12000.0,0.0
0,55,13000.0,0.0
0,55,14000.0,0.0
0,55,15000.0,0.0
0,55,16000.0,0.0
0,55,17000.0,2.0
0,55,18000.0,2.0
0,55,19000.0,2.0
0,55,20000.0,2.0
0,55,21000.0,2.0
0,55,22000.0,0.0
0,55,23000.0,0.0
0,55,24000.0,0.0
0,55,25000.0,0.0
0,55,26000.0,0.0
0,55,27000.0,0.0
0,55,28000.0,0.0
0,55,29000.0,0.0
0,55,30000.0,0.0
0,55,31000.0,0.0
0,55,32000.0,0.0
0,55,33000.0,0.0
0,55,34000.0,0.0
0,55,35000.0,0.0
0,55,36000.0,0.0
0,55,37000.0,0.0
0,55,38000.0,0.0
0,55,39000.0,0.0
0,55,40000.0,0.0
0,55,41000.0,0.0
0,55,42000.0,0.0
0,55,43000.0,0.0
0,55,44000.0,0.0
0,55,45000.0,0.0
0,55,46000.0,0.0
0,55,47000.0,0.0
0,55,48000.0,0.0
0,55,49000.0,0.0
0,55,50000.0,0.0
0,56,5000.0,0.0
0,56,6000.0,0.0
0,56,7000.0,0.0
0,56,8000.0,0.0
0,56,9000.0,0.0
0,56,10000.0,0.0
0,56,11000.0,0.0
0,56,12000.0,0.0
0,56,13000.0,0.0
0,56,14000.0,0.0
0,56,15000.0,0.0
0,56,16000.0,0.0
0,56,17000.0,0.0
0,56,18000.0,0.0
0,56,19000.0,0.0
0,56,20000.0,0.0
0,56,21000.0,0.0
0,56,22000.0,0.0
0,56,23000.0,0.0
0,56,24000.0,0.0
0,56,25000.0,0.0
0,56,26000.0,0.0
0,56,27000.0,0.0
0,56,28000.0,0.0
0,56,29000.0,0.0
0,56,30000.0,0.0
0,56,31000.0,0.0
0,56,32000.0,0.0
0,56,33000.0,0.0
0,56,34000.0,0.0
0,56,35000.0,0.0
0,56,36000.0,0.0
0,56,37000.0,0.0
0,56,38000.0,0.0
0,56,39000.0,0.0
0,56,40000.0,0.0
0,56,41000.0,0.0
0,56,42000.0,0.0
0,56,43000.0,0.0
0,56,44000.0,0.0
0,56,45000.0,0.0
0,56,46000.0,0.0
0,56,47000.0,0.0
0,56,48000.0,0.0
0,56,49000.0,0.0
0,56,50000.0,0.0
0,57,5000.0,0.0
0,57,6000.0,0.0
0,57,7000.0,0.0
0,57,8000.0,0.0
0,57,9000.0,0.0
0,57,10000.0,0.0
0,57,11000.0,0.0
0,57,12000.0,0.0
0,57,13000.0,0.0
0,57,14000.0,0.0
0,57,15000.0,0.0
0,57,16000.0,0.0
0,57,17000.0,0.0
0,57,18000.0,0.0
0,57,19000.0,0.0
0,57,20000.0,0.0
0,57,21000.0,0.0
0,57,22000.0,0.0
0,57,23000.0,0.0
0,57,24000.0,0.0
0,57,25000.0,0.0
0,57,26000.0,0.0
0,57,27000.0,0.0
0,57,28000.0,0.0
0,57,29000.0,0.0
0,57,30000.0,0.0
0,57,31000.0,2.0
0,57,32000.0,0.0
0,57,33000.0,0.0
0,57,34000.0,0.0
0,57,35000.0,0.0
0,57,36000.0,0.0
0,57,37000.0,0.0
0,57,38000.0,0.0
0,57,39000.0,0.0
0,57,40000.0,0.0
0,57,41000.0,0.0
0,57,42000.0,0.0
0,57,43000.0,0.0
0,57,44000.0,0.0
0,57,45000.0,0.0
0,57,46000.0,0.0
0,57,47000.0,0.0
0,57,48000.0,0.0
0,57,49000.0,0.0
0,57,50000.0,0.0
0,58,5000.0,0.0
0,58,6000.0,0.0
0,58,7000.0,0.0
0,58,8000.0,0.0
0,58,9000.0,0.0
0,58,10000.0,0.0
0,58,11000.0,0.0
0,58,12000.0,0.0
0,58,13000.0,0.0
0,58,14000.0,0.0
0,58,15000.0,0.0
0,58,16000.0,0.0
0,58,17000.0,0.0
0,58,18000.0,0.0
0,58,19000.0,0.0
0,58,20000.0,0.0
0,58,21000.0,2.0
0,58,22000.0,0.0
0,58,23000.0,0.0
0,58,24000.0,0.0
0,58,25000.0,0.0
0,58,26000.0,0.0
0,58,27000.0,0.0
0,58,28000.0,0.0
0,58,29000.0,0.0
0,58,30000.0,0.0
0,58,31000.0,0.0
0,58,32000.0,0.0
0,58,33000.0,0.0
0,58,34000.0,0.0
0,58,35000.0,0.0
0,58,36000.0,0.0
0,58,37000.0,0.0
0,58,38000.0,0.0
0,58,39000.0,0.0
0,58,40000.0,0.0
0,58,41000.0,0.0
0,58,42000.0,0.0
0,58,43000.0,0.0
0,58,44000.0,0.0
0,58,45000.0,0.0
0,58,46000.0,0.0
0,58,47000.0,0.0
0,58,48000.0,0.0
0,58,49000.0,0.0
0,58,50000.0,0.0
0,59,5000.0,0.0
0,59,6000.0,0.0
0,59,7000.0,0.0
0,59,8000.0,0.0
0,59,9000.0,0.0
0,59,10000.0,0.0
0,59,11000.0,0.0
0,59,12000.0,0.0
0,59,13000.0,0.0
0,59,14000.0,0.0
0,59,15000.0,0.0
0,59,16000.0,0.0
0,59,17000.0,0.0
0,59,18000.0,0.0
0,59,19000.0,0.0
0,59,20000.0,0.0
0,59,21000.0,0.0
0,59,22000.0,0.0
0,59,23000.0,0.0
0,59,24000.0,0.0
0,59,25000.0,0.0
0,59,26000.0,0.0
0,59,27000.0,0.0
0,59,28000.0,0.0
0,59,29000.0,0.0
0,59,30000.0,0.0
0,59,31000.0,0.0
0,59,32000.0,0.0
0,59,33000.0,0.0
0,59,34000.0,0.0
0,59,35000.0,0.0
0,59,36000.0,0.0
0,59,37000.0,0.0
0,59,38000.0,0.0
0,59,39000.0,0.0
0,59,40000.0,0.0
0,59,41000.0,0.0
0,59,42000.0,0.0
0,59,43000.0,0.0
0,59,44000.0,0.0
0,59,45000.0,0.0
0,59,46000.0,0.0
0,59,47000.0,0.0
0,59,48000.0,0.0
0,59,49000.0,0.0
0,59,50000.0,0.0
0,60,5000.0,0.0
0,60,6000.0,0.0
0,60,7000.0,0.0
0,60,8000.0,0.0
0,60,9000.0,0.0
0,60,10000.0,0.0
0,60,11000.0,0.0
0,60,12000.0,0.0
0,60,13000.0,0.0
0,60,14000.0,0.0
0,60,15000.0,0.0
0,60,16000.0,0.0
0,60,17000.0,0.0
0,60,18000.0,0.0
0,60,19000.0,0.0
0,60,20000.0,0.0
0,60,21000.0,0.0
0,60,22000.0,0.0
0,60,23000.0,0.0
0,60,24000.0,0.0
0,60,25000.0,0.0
0,60,26000.0,0.0
0,60,27000.0,0.0
0,60,28000.0,0.0
0,60,29000.0,0.0
0,60,30000.0,0.0
0,60,31000.0,0.0
0,60,32000.0,0.0
0,60,33000.0,0.0
0,60,34000.0,0.0
0,60,35000.0,0.0
0,60,36000.0,0.0
0,60,37000.0,0.0
0,60,38000.0,0.0
0,60,39000.0,0.0
0,60,40000.0,0.0
0,60,41000.0,0.0
0,60,42000.0,0.0
0,60,43000.0,0.0
0,60,44000.0,0.0
0,60,45000.0,0.0
0,60,46000.0,0.0
0,60,47000.0,0.0
0,60,48000.0,0.0
0,60,49000.0,0.0
0,60,50000.0,0.0
0,61,5000.0,0.0
0,61,6000.0,0.0
0,61,7000.0,0.0
0,61,8000.0,0.0
0,61,9000.0,0.0
0,61,10000.0,0.0
0,61,11000.0,0.0
0,61,12000.0,0.0
0,61,13000.0,0.0
0,61,14000.0,0.0
0,61,15000.0,0.0
0,61,16000.0,0.0
0,61,17000.0,2.0
0,61,18000.0,2.0
0,61,19000.0,2.0
0,61,20000.0,2.0
0,61,21000.0,2.0
0,61,22000.0,0.0
0,61,23000.0,0.0
0,61,24000.0,0.0
0,61,25000.0,0.0
0,61,26000.0,0.0
0,61,27000.0,0.0
0,61,28000.0,0.0
0,61,29000.0,0.0
0,61,30000.0,0.0
0,61,31000.0,0.0
0,61,32000.0,0.0
0,61,33000.0,0.0
0,61,34000.0,0.0
0,61,35000.0,0.0
0,61,36000.0,0.0
0,61,37000.0,0.0
0,61,38000.0,0.0
0,61,39000.0,0.0
0,61,40000.0,0.0
0,61,41000.0,0.0
0,61,42000.0,0.0
0,61,43000.0,0.0
0,61,44000.0,0.0
0,61,45000.0,0.0
0,61,46000.0,0.0
0,61,47000.0,0.0
0,61,48000.0,0.0
0,61,49000.0,0.0
0,61,50000.0,0.0
0,62,5000.0,0.0
0,62,6000.0,2.0
0,62,7000.0,2.0
0,62,8000.0,2.0
0,62,9000.0,2.0
0,62,10000.0,2.0
0,62,11000.0,2.0
0,62,12000.0,0.0
0,62,13000.0,0.0
0,62,14000.0,2.0
0,62,15000.0,2.0
0,62,16000.0,2.0
0,62,17000.0,2.0
0,62,18000.0,2.0
0,62,19000.0,2.0
0,62,20000.0,2.0
0,62,21000.0,2.0
0,62,22000.0,0.0
0,62,23000.0,0.0
0,62,24000.0,0.0
0,62,25000.0,0.0
0,62,26000.0,0.0
0,62,27000.0,0.0
0,62,28000.0,0.0
0,62,29000.0,0.0
0,62,30000.0,0.0
0,62,31000.0,0.0
0,62,32000.0,0.0
0,62,33000.0,0.0
0,62,34000.0,0.0
0,62,35000.0,0.0
0,62,36000.0,0.0
0,62,37000.0,0.0
0,62,38000.0,0.0
0,62,39000.0,0.0
0,62,40000.0,0.0
0,62,41000.0,0.0
0,62,42000.0,0.0
0,62,43000.0,0.0
0,62,44000.0,0.0
0,62,45000.0,0.0
0,62,46000.0,0.0
0,62,47000.0,0.0
0,62,48000.0,0.0
0,62,49000.0,0.0
0,62,50000.0,0.0
0,63,5000.0,0.0
0,63,6000.0,0.0
0,63,7000.0,0.0
0,63,8000.0,0.0
0,63,9000.0,0.0
0,63,10000.0,0.0
0,63,11000.0,0.0
0,63,12000.0,0.0
0,63,13000.0,0.0
0,63,14000.0,0.0
0,63,15000.0,0.0
0,63,16000.0,0.0
0,63,17000.0,0.0
0,63,18000.0,0.0
0,63,19000.0,0.0
0,63,20000.0,0.0
0,63,21000.0,0.0
0,63,22000.0,0.0
0,63,23000.0,0.0
0,63,24000.0,0.0
0,63,25000.0,0.0
0,63,26000.0,0.0
0,63,27000.0,0.0
0,63,28000.0,0.0
0,63,29000.0,0.0
0,63,30000.0,0.0
0,63,31000.0,0.0
0,63,32000.0,0.0
0,63,33000.0,0.0
0,63,34000.0,0.0
0,63,35000.0,0.0
0,63,36000.0,0.0
0,63,37000.0,0.0
0,63,38000.0,0.0
0,63,39000.0,0.0
0,63,40000.0,0.0
0,63,41000.0,0.0
0,63,42000.0,0.0
0,63,43000.0,0.0
0,63,44000.0,0.0
0,63,45000.0,0.0
0,63,46000.0,0.0
0,63,47000.0,0.0
0,63,48000.0,0.0
0,63,49000.0,0.0
0,63,50000.0,0.0
0,64,5000.0,0.0
0,64,6000.0,0.0
0,64,7000.0,0.0
0,64,8000.0,0.0
0,64,9000.0,0.0
0,64,10000.0,0.0
0,64,11000.0,0.0
0,64,12000.0,0.0
0,64,13000.0,0.0
0,64,14000.0,0.0
0,64,15000.0,0.0
0,64,16000.0,0.0
0,64,17000.0,0.0
0,64,18000.0,0.0
0,64,19000.0,2.0
0,64,20000.0,2.0
0,64,21000.0,2.0
0,64,22000.0,0.0
0,64,23000.0,0.0
0,64,24000.0,0.0
0,64,25000.0,0.0
0,64,26000.0,0.0
0,64,27000.0,0.0
0,64,28000.0,0.0
0,64,29000.0,0.0
0,64,30000.0,0.0
0,64,31000.0,0.0
0,64,32000.0,0.0
0,64,33000.0,0.0
0,64,34000.0,0.0
0,64,35000.0,0.0
0,64,36000.0,0.0
0,64,37000.0,0.0
0,64,38000.0,0.0
0,64,39000.0,0.0
0,64,40000.0,0.0
0,64,41000.0,0.0
0,64,42000.0,0.0
0,64,43000.0,0.0
0,64,44000.0,0.0
0,64,45000.0,0.0
0,64,46000.0,0.0
0,64,47000.0,0.0
0,64,48000.0,0.0
0,64,49000.0,0.0
0,64,50000.0,0.0
0,65,5000.0,0.0
0,65,6000.0,0.0
0,65,7000.0,0.0
0,65,8000.0,0.0
0,65,9000.0,0.0
0,65,10000.0,0.0
0,65,11000.0,0.0
0,65,12000.0,0.0
0,65,13000.0,0.0
0,65,14000.0,0.0
0,65,15000.0,0.0
0,65,16000.0,0.0
0,65,17000.0,0.0
0,65,18000.0,0.0
0,65,19000.0,0.0
0,65,20000.0,0.0
0,65,21000.0,0.0
0,65,22000.0,0.0
0,65,23000.0,0.0
0,65,24000.0,0.0
0,65,25000.0,0.0
0,65,26000.0,0.0
0,65,27000.0,0.0
0,65,28000.0,0.0
0,65,29000.0,0.0
0,65,30000.0,0.0
0,65,31000.0,0.0
0,65,32000.0,0.0
0,65,33000.0,0.0
0,65,34000.0,0.0
0,65,35000.0,0.0
0,65,36000.0,0.0
0,65,37000.0,0.0
0,65,38000.0,0.0
0,65,39000.0,0.0
0,65,40000.0,0.0
0,65,41000.0,0.0
0,65,42000.0,0.0
0,65,43000.0,0.0
0,65,44000.0,0.0
0,65,45000.0,0.0
0,65,46000.0,0.0
0,65,47000.0,0.0
0,65,48000.0,0.0
0,65,49000.0,0.0
0,65,50000.0,0.0
0,66,5000.0,0.0
0,66,6000.0,0.0
0,66,7000.0,0.0
0,66,8000.0,0.0
0,66,9000.0,0.0
0,66,10000.0,0.0
0,66,11000.0,0.0
0,66,12000.0,0.0
0,66,13000.0,0.0
0,66,14000.0,0.0
0,66,15000.0,0.0
0,66,16000.0,0.0
0,66,17000.0,0.0
0,66,18000.0,0.0
0,66,19000.0,0.0
0,66,20000.0,0.0
0,66,21000.0,0.0
0,66,22000.0,0.0
0,66,23000.0,0.0
0,66,24000.0,0.0
0,66,25000.0,0.0
0,66,26000.0,0.0
0,66,27000.0,0.0
0,66,28000.0,0.0
0,66,29000.0,0.0
0,66,30000.0,0.0
0,66,31000.0,0.0
0,66,32000.0,0.0
0,66,33000.0,0.0
0,66,34000.0,0.0
0,66,35000.0,0.0
0,66,36000.0,0.0
0,66,37000.0,0.0
0,66,38000.0,0.0
0,66,39000.0,0.0
0,66,40000.0,0.0
0,66,41000.0,0.0
0,66,42000.0,0.0
0,66,43000.0,0.0
0,66,44000.0,0.0
0,66,45000.0,0.0
0,66,46000.0,0.0
0,66,47000.0,0.0
0,66,48000.0,0.0
0,66,49000.0,0.0
0,66,50000.0,0.0
0,67,5000.0,0.0
0,67,6000.0,0.0
0,67,7000.0,0.0
0,67,8000.0,0.0
0,67,9000.0,0.0
0,67,10000.0,0.0
0,67,11000.0,0.0
0,67,12000.0,0.0
0,67,13000.0,0.0
0,67,14000.0,0.0
0,67,15000.0,0.0
0,67,16000.0,0.0
0,67,17000.0,0.0
0,67,18000.0,0.0
0,67,19000.0,0.0
0,67,20000.0,0.0
0,67,21000.0,0.0
0,67,22000.0,0.0
0,67,23000.0,0.0
0,67,24000.0,0.0
0,67,25000.0,0.0
0,67,26000.0,0.0
0,67,27000.0,0.0
0,67,28000.0,0.0
0,67,29000.0,0.0
0,67,30000.0,0.0
0,67,31000.0,0.0
0,67,32000.0,0.0
0,67,33000.0,0.0
0,67,34000.0,0.0
0,67,35000.0,0.0
0,67,36000.0,0.0
0,67,37000.0,0.0
0,67,38000.0,0.0
0,67,39000.0,0.0
0,67,40000.0,0.0
0,67,41000.0,0.0
0,67,42000.0,0.0
0,67,43000.0,0.0
0,67,44000.0,0.0
0,67,45000.0,0.0
0,67,46000.0,0.0
0,67,47000.0,0.0
0,67,48000.0,0.0
0,67,49000.0,0.0
0,67,50000.0,0.0
0,68,5000.0,0.0
0,68,6000.0,0.0
0,68,7000.0,0.0
0,68,8000.0,0.0
0,68,9000.0,0.0
0,68,10000.0,0.0
0,68,11000.0,0.0
0,68,12000.0,0.0
0,68,13000.0,0.0
0,68,14000.0,0.0
0,68,15000.0,0.0
0,68,16000.0,0.0
0,68,17000.0,0.0
0,68,18000.0,0.0
0,68,19000.0,0.0
0,68,20000.0,0.0
0,68,21000.0,0.0
0,68,22000.0,0.0
0,68,23000.0,0.0
0,68,24000.0,0.0
0,68,25000.0,0.0
0,68,26000.0,0.0
0,68,27000.0,0.0
0,68,28000.0,0.0
0,68,29000.0,0.0
0,68,30000.0,0.0
0,68,31000.0,0.0
0,68,32000.0,0.0
0,68,33000.0,0.0
0,68,34000.0,0.0
0,68,35000.0,0.0
0,68,36000.0,0.0
0,68,37000.0,0.0
0,68,38000.0,0.0
0,68,39000.0,0.0
0,68,40000.0,0.0
0,68,41000.0,0.0
0,68,42000.0,0.0
0,68,43000.0,0.0
0,68,44000.0,0.0
0,68,45000.0,0.0
0,68,46000.0,0.0
0,68,47000.0,0.0
0,68,48000.0,0.0
0,68,49000.0,0.0
0,68,50000.0,0.0
0,69,5000.0,0.0
0,69,6000.0,0.0
0,69,7000.0,0.0
0,69,8000.0,0.0
0,69,9000.0,0.0
0,69,10000.0,0.0
0,69,11000.0,0.0
0,69,12000.0,0.0
0,69,13000.0,0.0
0,69,14000.0,0.0
0,69,15000.0,0.0
0,69,16000.0,0.0
0,69,17000.0,0.0
0,69,18000.0,0.0
0,69,19000.0,0.0
0,69,20000.0,0.0
0,69,21000.0,0.0
0,69,22000.0,0.0
0,69,23000.0,0.0
0,69,24000.0,0.0
0,69,25000.0,0.0
0,69,26000.0,0.0
0,69,27000.0,0.0
0,69,28000.0,0.0
0,69,29000.0,0.0
0,69,30000.0,0.0
0,69,31000.0,0.0
0,69,32000.0,0.0
0,69,33000.0,0.0
0,69,34000.0,0.0
0,69,35000.0,0.0
0,69,36000.0,0.0
0,69,37000.0,0.0
0,69,38000.0,0.0
0,69,39000.0,0.0
0,69,40000.0,0.0
0,69,41000.0,0.0
0,69,42000.0,0.0
0,69,43000.0,0.0
0,69,44000.0,0.0
0,69,45000.0,0.0
0,69,46000.0,0.0
0,69,47000.0,0.0
0,69,48000.0,0.0
0,69,49000.0,0.0
0,69,50000.0,0.0
0,70,5000.0,0.0
0,70,6000.0,0.0
0,70,7000.0,0.0
0,70,8000.0,0.0
0,70,9000.0,0.0
0,70,10000.0,0.0
0,70,11000.0,0.0
0,70,12000.0,0.0
0,70,13000.0,0.0
0,70,14000.0,0.0
0,70,15000.0,0.0
0,70,16000.0,0.0
0,70,17000.0,0.0
0,70,18000.0,0.0
0,70,19000.0,0.0
0,70,20000.0,0.0
0,70,21000.0,0.0
0,70,22000.0,0.0
0,70,23000.0,0.0
0,70,24000.0,0.0
0,70,25000.0,0.0
0,70,26000.0,0.0
0,70,27000.0,0.0
0,70,28000.0,0.0
0,70,29000.0,0.0
0,70,30000.0,0.0
0,70,31000.0,0.0
0,70,32000.0,0.0
0,70,33000.0,0.0
0,70,34000.0,0.0
0,70,35000.0,0.0
0,70,36000.0,0.0
0,70,37000.0,0.0
0,70,38000.0,0.0
0,70,39000.0,0.0
0,70,40000.0,0.0
0,70,41000.0,0.0
0,70,42000.0,0.0
0,70,43000.0,0.0
0,70,44000.0,0.0
0,70,45000.0,0.0
0,70,46000.0,0.0
0,70,47000.0,0.0
0,70,48000.0,0.0
0,70,49000.0,0.0
0,70,50000.0,0.0
0,71,5000.0,0.0
0,71,6000.0,0.0
0,71,7000.0,0.0
0,71,8000.0,0.0
0,71,9000.0,0.0
0,71,10000.0,0.0
0,71,11000.0,0.0
0,71,12000.0,0.0
0,71,13000.0,0.0
0,71,14000.0,0.0
0,71,15000.0,0.0
0,71,16000.0,0.0
0,71,17000.0,0.0
0,71,18000.0,0.0
0,71,19000.0,0.0
0,71,20000.0,0.0
0,71,21000.0,0.0
0,71,22000.0,0.0
0,71,23000.0,0.0
0,71,24000.0,0.0
0,71,25000.0,0.0
0,71,26000.0,0.0
0,71,27000.0,0.0
0,71,28000.0,0.0
0,71,29000.0,0.0
0,71,30000.0,0.0
0,71,31000.0,0.0
0,71,32000.0,0.0
0,71,33000.0,0.0
0,71,34000.0,0.0
0,71,35000.0,0.0
0,71,36000.0,0.0
0,71,37000.0,0.0
0,71,38000.0,0.0
0,71,39000.0,0.0
0,71,40000.0,0.0
0,71,41000.0,0.0
0,71,42000.0,0.0
0,71,43000.0,0.0
0,71,44000.0,0.0
0,71,45000.0,0.0
0,71,46000.0,0.0
0,71,47000.0,0.0
0,71,48000.0,0.0
0,71,49000.0,0.0
0,71,50000.0,0.0
0,72,5000.0,0.0
0,72,6000.0,0.0
0,72,7000.0,0.0
0,72,8000.0,0.0
0,72,9000.0,0.0
0,72,10000.0,0.0
0,72,11000.0,0.0
0,72,12000.0,0.0
0,72,13000.0,0.0
0,72,14000.0,0.0
0,72,15000.0,0.0
0,72,16000.0,0.0
0,72,17000.0,0.0
0,72,18000.0,0.0
0,72,19000.0,0.0
0,72,20000.0,0.0
0,72,21000.0,0.0
0,72,22000.0,0.0
0,72,23000.0,0.0
0,72,24000.0,0.0
0,72,25000.0,0.0
0,72,26000.0,0.0
0,72,27000.0,0.0
0,72,28000.0,0.0
0,72,29000.0,0.0
0,72,30000.0,0.0
0,72,31000.0,0.0
0,72,32000.0,0.0
0,72,33000.0,0.0
0,72,34000.0,0.0
0,72,35000.0,0.0
0,72,36000.0,0.0
0,72,37000.0,0.0
0,72,38000.0,0.0
0,72,39000.0,0.0
0,72,40000.0,0.0
0,72,41000.0,0.0
0,72,42000.0,0.0
0,72,43000.0,0.0
0,72,44000.0,0.0
0,72,45000.0,0.0
0,72,46000.0,0.0
0,72,47000.0,0.0
0,72,48000.0,0.0
0,72,49000.0,0.0
0,72,50000.0,0.0
0,73,5000.0,0.0
0,73,6000.0,0.0
0,73,7000.0,0.0
0,73,8000.0,0.0
0,73,9000.0,0.0
0,73,10000.0,0.0
0,73,11000.0,0.0
0,73,12000.0,0.0
0,73,13000.0,0.0
0,73,14000.0,0.0
0,73,15000.0,0.0
0,73,16000.0,0.0
0,73,17000.0,0.0
0,73,18000.0,0.0
0,73,19000.0,0.0
0,73,20000.0,0.0
0,73,21000.0,0.0
0,73,22000.0,0.0
0,73,23000.0,0.0
0,73,24000.0,0.0
0,73,25000.0,0.0
0,73,26000.0,0.0
0,73,27000.0,0.0
0,73,28000.0,0.0
0,73,29000.0,0.0
0,73,30000.0,0.0
0,73,31000.0,0.0
0,73,32000.0,0.0
0,73,33000.0,0.0
0,73,34000.0,0.0
0,73,35000.0,0.0
0,73,36000.0,0.0
0,73,37000.0,0.0
0,73,38000.0,0.0
0,73,39000.0,0.0
0,73,40000.0,0.0
0,73,41000.0,0.0
0,73,42000.0,0.0
0,73,43000.0,0.0
0,73,44000.0,0.0
0,73,45000.0,0.0
0,73,46000.0,0.0
0,73,47000.0,0.0
0,73,48000.0,0.0
0,73,49000.0,0.0
0,73,50000.0,0.0
0,74,5000.0,0.0
0,74,6000.0,0.0
0,74,7000.0,0.0
0,74,8000.0,0.0
0,74,9000.0,0.0
0,74,10000.0,0.0
0,74,11000.0,0.0
0,74,12000.0,0.0
0,74,13000.0,0.0
0,74,14000.0,0.0
0,74,15000.0,0.0
0,74,16000.0,0.0
0,74,17000.0,0.0
0,74,18000.0,0.0
0,74,19000.0,0.0
0,74,20000.0,0.0
0,74,21000.0,0.0
0,74,22000.0,0.0
0,74,23000.0,0.0
0,74,24000.0,0.0
0,74,25000.0,0.0
0,74,26000.0,0.0
0,74,27000.0,0.0
0,74,28000.0,0.0
0,74,29000.0,0.0
0,74,30000.0,0.0
0,74,31000.0,0.0
0,74,32000.0,0.0
0,74,33000.0,0.0
0,74,34000.0,0.0
0,74,35000.0,0.0
0,74,36000.0,0.0
0,74,37000.0,0.0
0,74,38000.0,0.0
0,74,39000.0,0.0
0,74,40000.0,0.0
0,74,41000.0,0.0
0,74,42000.0,0.0
0,74,43000.0,0.0
0,74,44000.0,0.0
0,74,45000.0,0.0
0,74,46000.0,0.0
0,74,47000.0,0.0
0,74,48000.0,0.0
0,74,49000.0,0.0
0,74,50000.0,0.0
0,75,5000.0,0.0
0,75,6000.0,0.0
0,75,7000.0,0.0
0,75,8000.0,0.0
0,75,9000.0,0.0
0,75,10000.0,0.0
0,75,11000.0,0.0
0,75,12000.0,0.0
0,75,13000.0,0.0
0,75,14000.0,0.0
0,75,15000.0,0.0
0,75,16000.0,0.0
0,75,17000.0,0.0
0,75,18000.0,0.0
0,75,19000.0,0.0
0,75,20000.0,0.0
0,75,21000.0,0.0
0,75,22000.0,0.0
0,75,23000.0,0.0
0,75,24000.0,0.0
0,75,25000.0,0.0
0,75,26000.0,0.0
0,75,27000.0,0.0
0,75,28000.0,0.0
0,75,29000.0,0.0
0,75,30000.0,0.0
0,75,31000.0,0.0
0,75,32000.0,0.0
0,75,33000.0,0.0
0,75,34000.0,0.0
0,75,35000.0,0.0
0,75,36000.0,0.0
0,75,37000.0,0.0
0,75,38000.0,0.0
0,75,39000.0,0.0
0,75,40000.0,0.0
0,75,41000.0,0.0
0,75,42000.0,0.0
0,75,43000.0,0.0
0,75,44000.0,0.0
0,75,45000.0,0.0
0,75,46000.0,0.0
0,75,47000.0,0.0
0,75,48000.0,0.0
0,75,49000.0,0.0
0,75,50000.0,0.0
0,76,5000.0,0.0
0,76,6000.0,0.0
0,76,7000.0,0.0
0,76,8000.0,0.0
0,76,9000.0,0.0
0,76,10000.0,0.0
0,76,11000.0,0.0
0,76,12000.0,0.0
0,76,13000.0,0.0
0,76,14000.0,0.0
0,76,15000.0,0.0
0,76,16000.0,0.0
0,76,17000.0,0.0
0,76,18000.0,0.0
0,76,19000.0,0.0
0,76,20000.0,0.0
0,76,21000.0,0.0
0,76,22000.0,0.0
0,76,23000.0,0.0
0,76,24000.0,0.0
0,76,25000.0,0.0
0,76,26000.0,0.0
0,76,27000.0,0.0
0,76,28000.0,0.0
0,76,29000.0,0.0
0,76,30000.0,0.0
0,76,31000.0,0.0
0,76,32000.0,0.0
0,76,33000.0,0.0
0,76,34000.0,0.0
0,76,35000.0,0.0
0,76,36000.0,0.0
0,76,37000.0,0.0
0,76,38000.0,0.0
0,76,39000.0,0.0
0,76,40000.0,0.0
0,76,41000.0,0.0
0,76,42000.0,0.0
0,76,43000.0,0.0
0,76,44000.0,0.0
0,76,45000.0,0.0
0,76,46000.0,0.0
0,76,47000.0,0.0
0,76,48000.0,0.0
0,76,49000.0,0.0
0,76,50000.0,0.0
0,77,5000.0,0.0
0,77,6000.0,0.0
0,77,7000.0,0.0
0,77,8000.0,0.0
0,77,9000.0,0.0
0,77,10000.0,0.0
0,77,11000.0,0.0
0,77,12000.0,0.0
0,77,13000.0,0.0
0,77,14000.0,0.0
0,77,15000.0,0.0
0,77,16000.0,0.0
0,77,17000.0,0.0
0,77,18000.0,0.0
0,77,19000.0,0.0
0,77,20000.0,0.0
0,77,21000.0,0.0
0,77,22000.0,0.0
0,77,23000.0,0.0
0,77,24000.0,0.0
0,77,25000.0,0.0
0,77,26000.0,0.0
0,77,27000.0,0.0
0,77,28000.0,0.0
0,77,29000.0,0.0
0,77,30000.0,0.0
0,77,31000.0,0.0
0,77,32000.0,0.0
0,77,33000.0,0.0
0,77,34000.0,0.0
0,77,35000.0,0.0
0,77,36000.0,0.0
0,77,37000.0,0.0
0,77,38000.0,0.0
0,77,39000.0,0.0
0,77,40000.0,0.0
0,77,41000.0,0.0
0,77,42000.0,0.0
0,77,43000.0,0.0
0,77,44000.0,0.0
0,77,45000.0,0.0
0,77,46000.0,0.0
0,77,47000.0,0.0
0,77,48000.0,0.0
0,77,49000.0,0.0
0,77,50000.0,0.0
0,78,5000.0,0.0
0,78,6000.0,0.0
0,78,7000.0,2.0
0,78,8000.0,2.0
0,78,9000.0,2.0
0,78,10000.0,2.0
0,78,11000.0,2.0
0,78,12000.0,0.0
0,78,13000.0,0.0
0,78,14000.0,0.0
0,78,15000.0,0.0
0,78,16000.0,0.0
0,78,17000.0,0.0
0,78,18000.0,0.0
0,78,19000.0,0.0
0,78,20000.0,0.0
0,78,21000.0,0.0
0,78,22000.0,0.0
0,78,23000.0,0.0
0,78,24000.0,0.0
0,78,25000.0,0.0
0,78,26000.0,0.0
0,78,27000.0,0.0
0,78,28000.0,0.0
0,78,29000.0,0.0
0,78,30000.0,0.0
0,78,31000.0,0.0
0,78,32000.0,0.0
0,78,33000.0,0.0
0,78,34000.0,0.0
0,78,35000.0,0.0
0,78,36000.0,0.0
0,78,37000.0,0.0
0,78,38000.0,0.0
0,78,39000.0,0.0
0,78,40000.0,0.0
0,78,41000.0,0.0
0,78,42000.0,0.0
0,78,43000.0,0.0
0,78,44000.0,0.0
0,78,45000.0,0.0
0,78,46000.0,0.0
0,78,47000.0,0.0
0,78,48000.0,0.0
0,78,49000.0,0.0
0,78,50000.0,0.0
0,79,5000.0,0.0
0,79,6000.0,0.0
0,79,7000.0,0.0
0,79,8000.0,0.0
0,79,9000.0,0.0
0,79,10000.0,0.0
0,79,11000.0,0.0
0,79,12000.0,0.0
0,79,13000.0,0.0
0,79,14000.0,0.0
0,79,15000.0,0.0
0,79,16000.0,0.0
0,79,17000.0,0.0
0,79,18000.0,0.0
0,79,19000.0,0.0
0,79,20000.0,0.0
0,79,21000.0,0.0
0,79,22000.0,0.0
0,79,23000.0,0.0
0,79,24000.0,0.0
0,79,25000.0,0.0
0,79,26000.0,0.0
0,79,27000.0,0.0
0,79,28000.0,0.0
0,79,29000.0,0.0
0,79,30000.0,0.0
0,79,31000.0,0.0
0,79,32000.0,0.0
0,79,33000.0,0.0
0,79,34000.0,0.0
0,79,35000.0,0.0
0,79,36000.0,0.0
0,79,37000.0,0.0
0,79,38000.0,0.0
0,79,39000.0,0.0
0,79,40000.0,0.0
0,79,41000.0,0.0
0,79,42000.0,0.0
0,79,43000.0,0.0
0,79,44000.0,0.0
0,79,45000.0,0.0
0,79,46000.0,0.0
0,79,47000.0,0.0
0,79,48000.0,0.0
0,79,49000.0,0.0
0,79,50000.0,0.0
0,80,5000.0,0.0
0,80,6000.0,0.0
0,80,7000.0,0.0
0,80,8000.0,0.0
0,80,9000.0,0.0
0,80,10000.0,0.0
0,80,11000.0,0.0
0,80,12000.0,0.0
0,80,13000.0,0.0
0,80,14000.0,0.0
0,80,15000.0,0.0
0,80,16000.0,0.0
0,80,17000.0,0.0
0,80,18000.0,0.0
0,80,19000.0,0.0
0,80,20000.0,0.0
0,80,21000.0,0.0
0,80,22000.0,0.0
0,80,23000.0,0.0
0,80,24000.0,0.0
0,80,25000.0,0.0
0,80,26000.0,0.0
0,80,27000.0,0.0
0,80,28000.0,0.0
0,80,29000.0,0.0
0,80,30000.0,0.0
0,80,31000.0,0.0
0,80,32000.0,0.0
0,80,33000.0,0.0
0,80,34000.0,0.0
0,80,35000.0,0.0
0,80,36000.0,0.0
0,80,37000.0,0.0
0,80,38000.0,0.0
0,80,39000.0,0.0
0,80,40000.0,0.0
0,80,41000.0,0.0
0,80,42000.0,0.0
0,80,43000.0,0.0
0,80,44000.0,0.0
0,80,45000.0,0.0
0,80,46000.0,0.0
0,80,47000.0,0.0
0,80,48000.0,0.0
0,80,49000.0,0.0
0,80,50000.0,0.0
0,81,5000.0,0.0
0,81,6000.0,0.0
0,81,7000.0,0.0
0,81,8000.0,0.0
0,81,9000.0,0.0
0,81,10000.0,0.0
0,81,11000.0,0.0
0,81,12000.0,0.0
0,81,13000.0,0.0
0,81,14000.0,0.0
0,81,15000.0,0.0
0,81,16000.0,0.0
0,81,17000.0,0.0
0,81,18000.0,0.0
0,81,19000.0,0.0
0,81,20000.0,0.0
0,81,21000.0,0.0
0,81,22000.0,0.0
0,81,23000.0,0.0
0,81,24000.0,0.0
0,81,25000.0,0.0
0,81,26000.0,0.0
0,81,27000.0,0.0
0,81,28000.0,0.0
0,81,29000.0,0.0
0,81,30000.0,0.0
0,81,31000.0,0.0
0,81,32000.0,0.0
0,81,33000.0,0.0
0,81,34000.0,0.0
0,81,35000.0,0.0
0,81,36000.0,0.0
0,81,37000.0,0.0
0,81,38000.0,0.0
0,81,39000.0,0.0
0,81,40000.0,0.0
0,81,41000.0,0.0
0,81,42000.0,0.0
0,81,43000.0,0.0
0,81,44000.0,0.0
0,81,45000.0,0.0
0,81,46000.0,0.0
0,81,47000.0,0.0
0,81,48000.0,0.0
0,81,49000.0,0.0
0,81,50000.0,0.0
0,82,5000.0,0.0
0,82,6000.0,0.0
0,82,7000.0,0.0
0,82,8000.0,0.0
0,82,9000.0,0.0
0,82,10000.0,0.0
0,82,11000.0,0.0
0,82,12000.0,0.0
0,82,13000.0,0.0
0,82,14000.0,0.0
0,82,15000.0,0.0
0,82,16000.0,0.0
0,82,17000.0,0.0
0,82,18000.0,0.0
0,82,19000.0,0.0
0,82,20000.0,0.0
0,82,21000.0,0.0
0,82,22000.0,0.0
0,82,23000.0,0.0
0,82,24000.0,0.0
0,82,25000.0,0.0
0,82,26000.0,0.0
0,82,27000.0,0.0
0,82,28000.0,0.0
0,82,29000.0,0.0
0,82,30000.0,0.0
0,82,31000.0,0.0
0,82,32000.0,0.0
0,82,33000.0,0.0
0,82,34000.0,0.0
0,82,35000.0,0.0
0,82,36000.0,0.0
0,82,37000.0,0.0
0,82,38000.0,0.0
0,82,39000.0,0.0
0,82,40000.0,0.0
0,82,41000.0,0.0
0,82,42000.0,0.0
0,82,43000.0,0.0
0,82,44000.0,0.0
0,82,45000.0,0.0
0,82,46000.0,0.0
0,82,47000.0,0.0
0,82,48000.0,0.0
0,82,49000.0,0.0
0,82,50000.0,0.0
0,83,5000.0,0.0
0,83,6000.0,0.0
0,83,7000.0,0.0
0,83,8000.0,0.0
0,83,9000.0,0.0
0,83,10000.0,0.0
0,83,11000.0,0.0
0,83,12000.0,0.0
0,83,13000.0,0.0
0,83,14000.0,0.0
0,83,15000.0,0.0
0,83,16000.0,0.0
0,83,17000.0,0.0
0,83,18000.0,0.0
0,83,19000.0,0.0
0,83,20000.0,0.0
0,83,21000.0,0.0
0,83,22000.0,0.0
0,83,23000.0,0.0
0,83,24000.0,0.0
0,83,25000.0,0.0
0,83,26000.0,0.0
0,83,27000.0,0.0
0,83,28000.0,0.0
0,83,29000.0,0.0
0,83,30000.0,0.0
0,83,31000.0,0.0
0,83,32000.0,0.0
0,83,33000.0,0.0
0,83,34000.0,0.0
0,83,35000.0,0.0
0,83,36000.0,0.0
0,83,37000.0,0.0
0,83,38000.0,0.0
0,83,39000.0,0.0
0,83,40000.0,0.0
0,83,41000.0,0.0
0,83,42000.0,0.0
0,83,43000.0,0.0
0,83,44000.0,0.0
0,83,45000.0,0.0
0,83,46000.0,0.0
0,83,47000.0,0.0
0,83,48000.0,0.0
0,83,49000.0,0.0
0,83,50000.0,0.0
0,84,5000.0,0.0
0,84,6000.0,0.0
0,84,7000.0,0.0
0,84,8000.0,0.0
0,84,9000.0,0.0
0,84,10000.0,0.0
0,84,11000.0,0.0
0,84,12000.0,0.0
0,84,13000.0,0.0
0,84,14000.0,0.0
0,84,15000.0,0.0
0,84,16000.0,0.0
0,84,17000.0,0.0
0,84,18000.0,0.0
0,84,19000.0,0.0
0,84,20000.0,0.0
0,84,21000.0,0.0
0,84,22000.0,0.0
0,84,23000.0,0.0
0,84,24000.0,0.0
0,84,25000.0,0.0
0,84,26000.0,0.0
0,84,27000.0,0.0
0,84,28000.0,0.0
0,84,29000.0,0.0
0,84,30000.0,0.0
0,84,31000.0,0.0
0,84,32000.0,0.0
0,84,33000.0,0.0
0,84,34000.0,0.0
0,84,35000.0,0.0
0,84,36000.0,0.0
0,84,37000.0,0.0
0,84,38000.0,0.0
0,84,39000.0,0.0
0,84,40000.0,0.0
0,84,41000.0,0.0
0,84,42000.0,0.0
0,84,43000.0,0.0
0,84,44000.0,0.0
0,84,45000.0,0.0
0,84,46000.0,0.0
0,84,47000.0,0.0
0,84,48000.0,0.0
0,84,49000.0,0.0
0,84,50000.0,0.0
0,85,5000.0,0.0
0,85,6000.0,0.0
0,85,7000.0,0.0
0,85,8000.0,0.0
0,85,9000.0,0.0
0,85,10000.0,0.0
0,85,11000.0,0.0
0,85,12000.0,0.0
0,85,13000.0,0.0
0,85,14000.0,0.0
0,85,15000.0,0.0
0,85,16000.0,0.0
0,85,17000.0,0.0
0,85,18000.0,0.0
0,85,19000.0,0.0
0,85,20000.0,0.0
0,85,21000.0,0.0
0,85,22000.0,0.0
0,85,23000.0,0.0
0,85,24000.0,0.0
0,85,25000.0,0.0
0,85,26000.0,0.0
0,85,27000.0,0.0
0,85,28000.0,0.0
0,85,29000.0,0.0
0,85,30000.0,0.0
0,85,31000.0,0.0
0,85,32000.0,0.0
0,85,33000.0,0.0
0,85,34000.0,0.0
0,85,35000.0,0.0
0,85,36000.0,0.0
0,85,37000.0,0.0
0,85,38000.0,0.0
0,85,39000.0,0.0
0,85,40000.0,0.0
0,85,41000.0,0.0
0,85,42000.0,0.0
0,85,43000.0,0.0
0,85,44000.0,0.0
0,85,45000.0,0.0
0,85,46000.0,0.0
0,85,47000.0,0.0
0,85,48000.0,0.0
0,85,49000.0,0.0
0,85,50000.0,0.0
0,86,5000.0,0.0
0,86,6000.0,0.0
0,86,7000.0,0.0
0,86,8000.0,0.0
0,86,9000.0,0.0
0,86,10000.0,0.0
0,86,11000.0,0.0
0,86,12000.0,0.0
0,86,13000.0,0.0
0,86,14000.0,0.0
0,86,15000.0,0.0
0,86,16000.0,0.0
0,86,17000.0,0.0
0,86,18000.0,0.0
0,86,19000.0,0.0
0,86,20000.0,0.0
0,86,21000.0,0.0
0,86,22000.0,0.0
0,86,23000.0,0.0
0,86,24000.0,0.0
0,86,25000.0,0.0
0,86,26000.0,0.0
0,86,27000.0,0.0
0,86,28000.0,0.0
0,86,29000.0,0.0
0,86,30000.0,0.0
0,86,31000.0,0.0
0,86,32000.0,0.0
0,86,33000.0,0.0
0,86,34000.0,0.0
0,86,35000.0,0.0
0,86,36000.0,0.0
0,86,37000.0,0.0
0,86,38000.0,0.0
0,86,39000.0,0.0
0,86,40000.0,0.0
0,86,41000.0,0.0
0,86,42000.0,0.0
0,86,43000.0,0.0
0,86,44000.0,0.0
0,86,45000.0,0.0
0,86,46000.0,0.0
0,86,47000.0,0.0
0,86,48000.0,0.0
0,86,49000.0,0.0
0,86,50000.0,0.0
0,87,5000.0,0.0
0,87,6000.0,0.0
0,87,7000.0,0.0
0,87,8000.0,0.0
0,87,9000.0,0.0
0,87,10000.0,0.0
0,87,11000.0,0.0
0,87,12000.0,0.0
0,87,13000.0,0.0
0,87,14000.0,0.0
0,87,15000.0,0.0
0,87,16000.0,0.0
0,87,17000.0,0.0
0,87,18000.0,0.0
0,87,19000.0,0.0
0,87,20000.0,0.0
0,87,21000.0,0.0
0,87,22000.0,0.0
0,87,23000.0,0.0
0,87,24000.0,0.0
0,87,25000.0,0.0
0,87,26000.0,0.0
0,87,27000.0,0.0
0,87,28000.0,0.0
0,87,29000.0,0.0
0,87,30000.0,0.0
0,87,31000.0,0.0
0,87,32000.0,0.0
0,87,33000.0,0.0
0,87,34000.0,0.0
0,87,35000.0,0.0
0,87,36000.0,0.0
0,87,37000.0,0.0
0,87,38000.0,0.0
0,87,39000.0,0.0
0,87,40000.0,0.0
0,87,41000.0,0.0
0,87,42000.0,0.0
0,87,43000.0,0.0
0,87,44000.0,0.0
0,87,45000.0,0.0
0,87,46000.0,0.0
0,87,47000.0,0.0
0,87,48000.0,0.0
0,87,49000.0,0.0
0,87,50000.0,0.0
0,88,5000.0,0.0
0,88,6000.0,0.0
0,88,7000.0,0.0
0,88,8000.0,0.0
0,88,9000.0,0.0
0,88,10000.0,0.0
0,88,11000.0,0.0
0,88,12000.0,0.0
0,88,13000.0,0.0
0,88,14000.0,0.0
0,88,15000.0,0.0
0,88,16000.0,0.0
0,88,17000.0,0.0
0,88,18000.0,0.0
0,88,19000.0,0.0
0,88,20000.0,0.0
0,88,21000.0,0.0
0,88,22000.0,0.0
0,88,23000.0,0.0
0,88,24000.0,0.0
0,88,25000.0,0.0
0,88,26000.0,0.0
0,88,27000.0,0.0
0,88,28000.0,0.0
0,88,29000.0,0.0
0,88,30000.0,0.0
0,88,31000.0,0.0
0,88,32000.0,0.0
0,88,33000.0,0.0
0,88,34000.0,0.0
0,88,35000.0,0.0
0,88,36000.0,0.0
0,88,37000.0,0.0
0,88,38000.0,0.0
0,88,39000.0,0.0
0,88,40000.0,0.0
0,88,41000.0,0.0
0,88,42000.0,0.0
0,88,43000.0,0.0
0,88,44000.0,0.0
0,88,45000.0,0.0
0,88,46000.0,0.0
0,88,47000.0,0.0
0,88,48000.0,0.0
0,88,49000.0,0.0
0,88,50000.0,0.0
0,89,5000.0,0.0
0,89,6000.0,0.0
0,89,7000.0,0.0
0,89,8000.0,0.0
0,89,9000.0,0.0
0,89,10000.0,0.0
0,89,11000.0,0.0
0,89,12000.0,0.0
0,89,13000.0,0.0
0,89,14000.0,0.0
0,89,15000.0,0.0
0,89,16000.0,0.0
0,89,17000.0,0.0
0,89,18000.0,0.0
0,89,19000.0,0.0
0,89,20000.0,0.0
0,89,21000.0,0.0
0,89,22000.0,0.0
0,89,23000.0,0.0
0,89,24000.0,0.0
0,89,25000.0,0.0
0,89,26000.0,0.0
0,89,27000.0,0.0
0,89,28000.0,0.0
0,89,29000.0,0.0
0,89,30000.0,0.0
0,89,31000.0,0.0
0,89,32000.0,0.0
0,89,33000.0,0.0
0,89,34000.0,0.0
0,89,35000.0,0.0
0,89,36000.0,0.0
0,89,37000.0,0.0
0,89,38000.0,0.0
0,89,39000.0,0.0
0,89,40000.0,0.0
0,89,41000.0,0.0
0,89,42000.0,0.0
0,89,43000.0,0.0
0,89,44000.0,0.0
0,89,45000.0,0.0
0,89,46000.0,0.0
0,89,47000.0,0.0
0,89,48000.0,0.0
0,89,49000.0,0.0
0,89,50000.0,0.0
0,90,5000.0,0.0
0,90,6000.0,0.0
0,90,7000.0,0.0
0,90,8000.0,0.0
0,90,9000.0,0.0
0,90,10000.0,0.0
0,90,11000.0,0.0
0,90,12000.0,0.0
0,90,13000.0,0.0
0,90,14000.0,0.0
0,90,15000.0,0.0
0,90,16000.0,0.0
0,90,17000.0,0.0
0,90,18000.0,0.0
0,90,19000.0,0.0
0,90,20000.0,0.0
0,90,21000.0,0.0
0,90,22000.0,0.0
0,90,23000.0,0.0
0,90,24000.0,0.0
0,90,25000.0,0.0
0,90,26000.0,0.0
0,90,27000.0,0.0
0,90,28000.0,0.0
0,90,29000.0,0.0
0,90,30000.0,0.0
0,90,31000.0,0.0
0,90,32000.0,0.0
0,90,33000.0,0.0
0,90,34000.0,0.0
0,90,35000.0,0.0
0,90,36000.0,0.0
0,90,37000.0,0.0
0,90,38000.0,0.0
0,90,39000.0,0.0
0,90,40000.0,0.0
0,90,41000.0,0.0
0,90,42000.0,0.0
0,90,43000.0,0.0
0,90,44000.0,0.0
0,90,45000.0,0.0
0,90,46000.0,0.0
0,90,47000.0,0.0
0,90,48000.0,0.0
0,90,49000.0,0.0
0,90,50000.0,0.0
0,91,5000.0,0.0
0,91,6000.0,0.0
0,91,7000.0,0.0
0,91,8000.0,0.0
0,91,9000.0,0.0
0,91,10000.0,0.0
0,91,11000.0,0.0
0,91,12000.0,0.0
0,91,13000.0,0.0
0,91,14000.0,0.0
0,91,15000.0,0.0
0,91,16000.0,0.0
0,91,17000.0,0.0
0,91,18000.0,0.0
0,91,19000.0,0.0
0,91,20000.0,0.0
0,91,21000.0,0.0
0,91,22000.0,0.0
0,91,23000.0,0.0
0,91,24000.0,0.0
0,91,25000.0,0.0
0,91,26000.0,0.0
0,91,27000.0,0.0
0,91,28000.0,0.0
0,91,29000.0,0.0
0,91,30000.0,0.0
0,91,31000.0,0.0
0,91,32000.0,0.0
0,91,33000.0,0.0
0,91,34000.0,0.0
0,91,35000.0,0.0
0,91,36000.0,0.0
0,91,37000.0,0.0
0,91,38000.0,0.0
0,91,39000.0,0.0
0,91,40000.0,0.0
0,91,41000.0,0.0
0,91,42000.0,0.0
0,91,43000.0,0.0
0,91,44000.0,0.0
0,91,45000.0,0.0
0,91,46000.0,0.0
0,91,47000.0,0.0
0,91,48000.0,0.0
0,91,49000.0,0.0
0,91,50000.0,0.0
0,92,5000.0,0.0
0,92,6000.0,0.0
0,92,7000.0,0.0
0,92,8000.0,0.0
0,92,9000.0,0.0
0,92,10000.0,0.0
0,92,11000.0,0.0
0,92,12000.0,0.0
0,92,13000.0,0.0
0,92,14000.0,0.0
0,92,15000.0,0.0
0,92,16000.0,0.0
0,92,17000.0,0.0
0,92,18000.0,0.0
0,92,19000.0,0.0
0,92,20000.0,0.0
0,92,21000.0,0.0
0,92,22000.0,0.0
0,92,23000.0,0.0
0,92,24000.0,0.0
0,92,25000.0,0.0
0,92,26000.0,0.0
0,92,27000.0,0.0
0,92,28000.0,0.0
0,92,29000.0,0.0
0,92,30000.0,0.0
0,92,31000.0,0.0
0,92,32000.0,0.0
0,92,33000.0,0.0
0,92,34000.0,0.0
0,92,35000.0,0.0
0,92,36000.0,0.0
0,92,37000.0,0.0
0,92,38000.0,0.0
0,92,39000.0,0.0
0,92,40000.0,0.0
0,92,41000.0,0.0
0,92,42000.0,0.0
0,92,43000.0,0.0
0,92,44000.0,0.0
0,92,45000.0,0.0
0,92,46000.0,0.0
0,92,47000.0,0.0
0,92,48000.0,0.0
0,92,49000.0,0.0
0,92,50000.0,0.0
0,93,5000.0,0.0
0,93,6000.0,0.0
0,93,7000.0,0.0
0,93,8000.0,0.0
0,93,9000.0,0.0
0,93,10000.0,0.0
0,93,11000.0,0.0
0,93,12000.0,0.0
0,93,13000.0,0.0
0,93,14000.0,0.0
0,93,15000.0,0.0
0,93,16000.0,0.0
0,93,17000.0,0.0
0,93,18000.0,0.0
0,93,19000.0,0.0
0,93,20000.0,0.0
0,93,21000.0,0.0
0,93,22000.0,0.0
0,93,23000.0,0.0
0,93,24000.0,0.0
0,93,25000.0,0.0
0,93,26000.0,0.0
0,93,27000.0,0.0
0,93,28000.0,0.0
0,93,29000.0,0.0
0,93,30000.0,0.0
0,93,31000.0,0.0
0,93,32000.0,0.0
0,93,33000.0,0.0
0,93,34000.0,0.0
0,93,35000.0,0.0
0,93,36000.0,0.0
0,93,37000.0,0.0
0,93,38000.0,0.0
0,93,39000.0,0.0
0,93,40000.0,0.0
0,93,41000.0,0.0
0,93,42000.0,0.0
0,93,43000.0,0.0
0,93,44000.0,0.0
0,93,45000.0,0.0
0,93,46000.0,0.0
0,93,47000.0,0.0
0,93,48000.0,0.0
0,93,49000.0,0.0
0,93,50000.0,0.0
0,94,5000.0,0.0
0,94,6000.0,0.0
0,94,7000.0,0.0
0,94,8000.0,0.0
0,94,9000.0,0.0
0,94,10000.0,0.0
0,94,11000.0,0.0
0,94,12000.0,0.0
0,94,13000.0,0.0
0,94,14000.0,0.0
0,94,15000.0,0.0
0,94,16000.0,0.0
0,94,17000.0,0.0
0,94,18000.0,0.0
0,94,19000.0,0.0
0,94,20000.0,0.0
0,94,21000.0,0.0
0,94,22000.0,0.0
0,94,23000.0,0.0
0,94,24000.0,0.0
0,94,25000.0,0.0
0,94,26000.0,0.0
0,94,27000.0,0.0
0,94,28000.0,0.0
0,94,29000.0,0.0
0,94,30000.0,0.0
0,94,31000.0,0.0
0,94,32000.0,0.0
0,94,33000.0,0.0
0,94,34000.0,0.0
0,94,35000.0,0.0
0,94,36000.0,0.0
0,94,37000.0,0.0
0,94,38000.0,0.0
0,94,39000.0,0.0
0,94,40000.0,0.0
0,94,41000.0,0.0
0,94,42000.0,0.0
0,94,43000.0,0.0
0,94,44000.0,0.0
0,94,45000.0,0.0
0,94,46000.0,0.0
0,94,47000.0,0.0
0,94,48000.0,0.0
0,94,49000.0,0.0
0,94,50000.0,0.0
0,95,5000.0,0.0
0,95,6000.0,0.0
0,95,7000.0,0.0
0,95,8000.0,0.0
0,95,9000.0,0.0
0,95,10000.0,0.0
0,95,11000.0,0.0
0,95,12000.0,0.0
0,95,13000.0,0.0
0,95,14000.0,0.0
0,95,15000.0,0.0
0,95,16000.0,0.0
0,95,17000.0,0.0
0,95,18000.0,0.0
0,95,19000.0,0.0
0,95,20000.0,0.0
0,95,21000.0,0.0
0,95,22000.0,0.0
0,95,23000.0,0.0
0,95,24000.0,0.0
0,95,25000.0,0.0
0,95,26000.0,0.0
0,95,27000.0,0.0
0,95,28000.0,0.0
0,95,29000.0,0.0
0,95,30000.0,0.0
0,95,31000.0,0.0
0,95,32000.0,0.0
0,95,33000.0,0.0
0,95,34000.0,0.0
0,95,35000.0,0.0
0,95,36000.0,0.0
0,95,37000.0,0.0
0,95,38000.0,0.0
0,95,39000.0,0.0
0,95,40000.0,0.0
0,95,41000.0,0.0
0,95,42000.0,0.0
0,95,43000.0,0.0
0,95,44000.0,0.0
0,95,45000.0,0.0
0,95,46000.0,0.0
0,95,47000.0,0.0
0,95,48000.0,0.0
0,95,49000.0,0.0
0,95,50000.0,0.0
0,96,5000.0,0.0
0,96,6000.0,0.0
0,96,7000.0,0.0
0,96,8000.0,0.0
0,96,9000.0,0.0
0,96,10000.0,0.0
0,96,11000.0,0.0
0,96,12000.0,0.0
0,96,13000.0,0.0
0,96,14000.0,0.0
0,96,15000.0,0.0
0,96,16000.0,0.0
0,96,17000.0,0.0
0,96,18000.0,0.0
0,96,19000.0,0.0
0,96,20000.0,0.0
0,96,21000.0,0.0
0,96,22000.0,0.0
0,96,23000.0,0.0
0,96,24000.0,0.0
0,96,25000.0,0.0
0,96,26000.0,0.0
0,96,27000.0,0.0
0,96,28000.0,0.0
0,96,29000.0,0.0
0,96,30000.0,0.0
0,96,31000.0,0.0
0,96,32000.0,0.0
0,96,33000.0,0.0
0,96,34000.0,0.0
0,96,35000.0,0.0
0,96,36000.0,0.0
0,96,37000.0,0.0
0,96,38000.0,0.0
0,96,39000.0,0.0
0,96,40000.0,0.0
0,96,41000.0,0.0
0,96,42000.0,0.0
0,96,43000.0,0.0
0,96,44000.0,0.0
0,96,45000.0,0.0
0,96,46000.0,0.0
0,96,47000.0,0.0
0,96,48000.0,0.0
0,96,49000.0,0.0
0,96,50000.0,0.0
0,97,5000.0,0.0
0,97,6000.0,0.0
0,97,7000.0,0.0
0,97,8000.0,0.0
0,97,9000.0,0.0
0,97,10000.0,0.0
0,97,11000.0,0.0
0,97,12000.0,0.0
0,97,13000.0,0.0
0,97,14000.0,0.0
0,97,15000.0,0.0
0,97,16000.0,0.0
0,97,17000.0,0.0
0,97,18000.0,0.0
0,97,19000.0,0.0
0,97,20000.0,0.0
0,97,21000.0,0.0
0,97,22000.0,0.0
0,97,23000.0,0.0
0,97,24000.0,0.0
0,97,25000.0,0.0
0,97,26000.0,0.0
0,97,27000.0,0.0
0,97,28000.0,0.0
0,97,29000.0,0.0
0,97,30000.0,0.0
0,97,31000.0,0.0
0,97,32000.0,0.0
0,97,33000.0,0.0
0,97,34000.0,0.0
0,97,35000.0,0.0
0,97,36000.0,0.0
0,97,37000.0,0.0
0,97,38000.0,0.0
0,97,39000.0,0.0
0,97,40000.0,0.0
0,97,41000.0,0.0
0,97,42000.0,0.0
0,97,43000.0,0.0
0,97,44000.0,0.0
0,97,45000.0,0.0
0,97,46000.0,0.0
0,97,47000.0,0.0
0,97,48000.0,0.0
0,97,49000.0,0.0
0,97,50000.0,0.0
0,98,5000.0,0.0
0,98,6000.0,0.0
0,98,7000.0,0.0
0,98,8000.0,0.0
0,98,9000.0,0.0
0,98,10000.0,0.0
0,98,11000.0,0.0
0,98,12000.0,0.0
0,98,13000.0,0.0
0,98,14000.0,0.0
0,98,15000.0,0.0
0,98,16000.0,0.0
0,98,17000.0,0.0
0,98,18000.0,0.0
0,98,19000.0,0.0
0,98,20000.0,0.0
0,98,21000.0,0.0
0,98,22000.0,0.0
0,98,23000.0,0.0
0,98,24000.0,0.0
0,98,25000.0,0.0
0,98,26000.0,0.0
0,98,27000.0,0.0
0,98,28000.0,0.0
0,98,29000.0,0.0
0,98,30000.0,0.0
0,98,31000.0,0.0
0,98,32000.0,0.0
0,98,33000.0,0.0
0,98,34000.0,0.0
0,98,35000.0,0.0
0,98,36000.0,0.0
0,98,37000.0,0.0
0,98,38000.0,0.0
0,98,39000.0,0.0
0,98,40000.0,0.0
0,98,41000.0,0.0
0,98,42000.0,0.0
0,98,43000.0,0.0
0,98,44000.0,0.0
0,98,45000.0,0.0
0,98,46000.0,0.0
0,98,47000.0,0.0
0,98,48000.0,0.0
0,98,49000.0,0.0
0,98,50000.0,0.0
0,99,5000.0,0.0
0,99,6000.0,0.0
0,99,7000.0,0.0
0,99,8000.0,0.0
0,99,9000.0,0.0
0,99,10000.0,0.0
0,99,11000.0,0.0
0,99,12000.0,0.0
0,99,13000.0,0.0
0,99,14000.0,0.0
0,99,15000.0,0.0
0,99,16000.0,0.0
0,99,17000.0,0.0
0,99,18000.0,0.0
0,99,19000.0,0.0
0,99,20000.0,0.0
0,99,21000.0,0.0
0,99,22000.0,0.0
0,99,23000.0,0.0
0,99,24000.0,0.0
0,99,25000.0,0.0
0,99,26000.0,0.0
0,99,27000.0,0.0
0,99,28000.0,0.0
0,99,29000.0,0.0
0,99,30000.0,0.0
0,99,31000.0,0.0
0,99,32000.0,0.0
0,99,33000.0,0.0
0,99,34000.0,0.0
0,99,35000.0,0.0
0,99,36000.0,0.0
0,99,37000.0,0.0
0,99,38000.0,0.0
0,99,39000.0,0.0
0,99,40000.0,0.0
0,99,41000.0,0.0
0,99,42000.0,0.0
0,99,43000.0,0.0
0,99,44000.0,0.0
0,99,45000.0,0.0
0,99,46000.0,0.0
0,99,47000.0,0.0
0,99,48000.0,0.0
0,99,49000.0,0.0
0,99,50000.0,0.0
1,0,5000.0,0.0
1,0,6000.0,0.0
1,0,7000.0,0.0
1,0,8000.0,0.0
1,0,9000.0,0.0
1,0,10000.0,0.0
1,0,11000.0,0.0
1,0,12000.0,0.0
1,0,13000.0,0.0
1,0,14000.0,0.0
1,0,15000.0,0.0
1,0,16000.0,0.0
1,0,17000.0,0.0
1,0,18000.0,0.0
1,0,19000.0,0.0
1,0,20000.0,0.0
1,0,21000.0,0.0
1,0,22000.0,0.0
1,0,23000.0,0.0
1,0,24000.0,0.0
1,0,25000.0,0.0
1,0,26000.0,0.0
1,0,27000.0,0.0
1,0,28000.0,0.0
1,0,29000.0,0.0
1,0,30000.0,0.0
1,0,31000.0,0.0
1,0,32000.0,0.0
1,0,33000.0,0.0
1,0,34000.0,0.0
1,0,35000.0,0.0
1,0,36000.0,0.0
1,0,37000.0,0.0
1,0,38000.0,0.0
1,0,39000.0,0.0
1,0,40000.0,0.0
1,0,41000.0,0.0
1,0,42000.0,0.0
1,0,43000.0,0.0
1,0,44000.0,0.0
1,0,45000.0,0.0
1,0,46000.0,0.0
1,0,47000.0,0.0
1,0,48000.0,0.0
1,0,49000.0,0.0
1,0,50000.0,0.0
1,1,5000.0,0.0
1,1,6000.0,0.0
1,1,7000.0,0.0
1,1,8000.0,0.0
1,1,9000.0,0.0
1,1,10000.0,0.0
1,1,11000.0,0.0
1,1,12000.0,0.0
1,1,13000.0,0.0
1,1,14000.0,0.0
1,1,15000.0,0.0
1,1,16000.0,0.0
1,1,17000.0,0.0
1,1,18000.0,0.0
1,1,19000.0,0.0
1,1,20000.0,0.0
1,1,21000.0,0.0
1,1,22000.0,0.0
1,1,23000.0,0.0
1,1,24000.0,0.0
1,1,25000.0,0.0
1,1,26000.0,0.0
1,1,27000.0,0.0
1,1,28000.0,0.0
1,1,29000.0,0.0
1,1,30000.0,0.0
1,1,31000.0,0.0
1,1,32000.0,0.0
1,1,33000.0,0.0
1,1,34000.0,0.0
1,1,35000.0,0.0
1,1,36000.0,0.0
1,1,37000.0,0.0
1,1,38000.0,0.0
1,1,39000.0,0.0
1,1,40000.0,0.0
1,1,41000.0,0.0
1,1,42000.0,0.0
1,1,43000.0,0.0
1,1,44000.0,0.0
1,1,45000.0,0.0
1,1,46000.0,0.0
1,1,47000.0,0.0
1,1,48000.0,0.0
1,1,49000.0,0.0
1,1,50000.0,0.0
1,2,5000.0,0.0
1,2,6000.0,0.0
1,2,7000.0,0.0
1,2,8000.0,0.0
1,2,9000.0,0.0
1,2,10000.0,0.0
1,2,11000.0,0.0
1,2,12000.0,0.0
1,2,13000.0,0.0
1,2,14000.0,0.0
1,2,15000.0,0.0
1,2,16000.0,0.0
1,2,17000.0,0.0
1,2,18000.0,0.0
1,2,19000.0,0.0
1,2,20000.0,0.0
1,2,21000.0,0.0
1,2,22000.0,0.0
1,2,23000.0,0.0
1,2,24000.0,0.0
1,2,25000.0,0.0
1,2,26000.0,0.0
1,2,27000.0,0.0
1,2,28000.0,0.0
1,2,29000.0,0.0
1,2,30000.0,0.0
1,2,31000.0,0.0
1,2,32000.0,0.0
1,2,33000.0,0.0
1,2,34000.0,0.0
1,2,35000.0,0.0
1,2,36000.0,0.0
1,2,37000.0,0.0
1,2,38000.0,0.0
1,2,39000.0,0.0
1,2,40000.0,0.0
1,2,41000.0,0.0
1,2,42000.0,0.0
1,2,43000.0,0.0
1,2,44000.0,0.0
1,2,45000.0,0.0
1,2,46000.0,0.0
1,2,47000.0,0.0
1,2,48000.0,0.0
1,2,49000.0,0.0
1,2,50000.0,0.0
1,4,5000.0,0.0
1,4,6000.0,0.0
1,4,7000.0,0.0
1,4,8000.0,0.0
1,4,9000.0,0.0
1,4,10000.0,0.0
1,4,11000.0,0.0
1,4,12000.0,0.0
1,4,13000.0,0.0
1,4,14000.0,0.0
1,4,15000.0,0.0
1,4,16000.0,0.0
1,4,17000.0,0.0
1,4,18000.0,0.0
1,4,19000.0,0.0
1,4,20000.0,0.0
1,4,21000.0,0.0
1,4,22000.0,0.0
1,4,23000.0,0.0
1,4,24000.0,0.0
1,4,25000.0,0.0
1,4,26000.0,0.0
1,4,27000.0,0.0
1,4,28000.0,0.0
1,4,29000.0,0.0
1,4,30000.0,0.0
1,4,31000.0,0.0
1,4,32000.0,0.0
1,4,33000.0,0.0
1,4,34000.0,0.0
1,4,35000.0,0.0
1,4,36000.0,0.0
1,4,37000.0,0.0
1,4,38000.0,0.0
1,4,39000.0,0.0
1,4,40000.0,0.0
1,4,41000.0,0.0
1,4,42000.0,0.0
1,4,43000.0,0.0
1,4,44000.0,0.0
1,4,45000.0,0.0
1,4,46000.0,0.0
1,4,47000.0,0.0
1,4,48000.0,0.0
1,4,49000.0,0.0
1,4,50000.0,0.0
1,5,5000.0,0.0
1,5,6000.0,0.0
1,5,7000.0,0.0
1,5,8000.0,0.0
1,5,9000.0,0.0
1,5,10000.0,0.0
1,5,11000.0,0.0
1,5,12000.0,0.0
1,5,13000.0,0.0
1,5,14000.0,0.0
1,5,15000.0,0.0
1,5,16000.0,0.0
1,5,17000.0,0.0
1,5,18000.0,0.0
1,5,19000.0,0.0
1,5,20000.0,0.0
1,5,21000.0,0.0
1,5,22000.0,0.0
1,5,23000.0,0.0
1,5,24000.0,0.0
1,5,25000.0,0.0
1,5,26000.0,0.0
1,5,27000.0,0.0
1,5,28000.0,0.0
1,5,29000.0,0.0
1,5,30000.0,0.0
1,5,31000.0,0.0
1,5,32000.0,0.0
1,5,33000.0,0.0
1,5,34000.0,0.0
1,5,35000.0,0.0
1,5,36000.0,0.0
1,5,37000.0,0.0
1,5,38000.0,0.0
1,5,39000.0,0.0
1,5,40000.0,0.0
1,5,41000.0,0.0
1,5,42000.0,0.0
1,5,43000.0,0.0
1,5,44000.0,0.0
1,5,45000.0,0.0
1,5,46000.0,0.0
1,5,47000.0,0.0
1,5,48000.0,0.0
1,5,49000.0,0.0
1,5,50000.0,2.0
1,6,5000.0,0.0
1,6,6000.0,0.0
1,6,7000.0,0.0
1,6,8000.0,0.0
1,6,9000.0,0.0
1,6,10000.0,0.0
1,6,11000.0,0.0
1,6,12000.0,0.0
1,6,13000.0,0.0
1,6,14000.0,2.0
1,6,15000.0,2.0
1,6,16000.0,2.0
1,6,17000.0,2.0
1,6,18000.0,2.0
1,6,19000.0,2.0
1,6,20000.0,2.0
1,6,21000.0,2.0
1,6,22000.0,0.0
1,6,23000.0,0.0
1,6,24000.0,0.0
1,6,25000.0,0.0
1,6,26000.0,0.0
1,6,27000.0,0.0
1,6,28000.0,0.0
1,6,29000.0,0.0
1,6,30000.0,0.0
1,6,31000.0,0.0
1,6,32000.0,0.0
1,6,33000.0,0.0
1,6,34000.0,0.0
1,6,35000.0,0.0
1,6,36000.0,0.0
1,6,37000.0,0.0
1,6,38000.0,0.0
1,6,39000.0,0.0
1,6,40000.0,0.0
1,6,41000.0,0.0
1,6,42000.0,0.0
1,6,43000.0,0.0
1,6,44000.0,0.0
1,6,45000.0,0.0
1,6,46000.0,0.0
1,6,47000.0,0.0
1,6,48000.0,0.0
1,6,49000.0,0.0
1,6,50000.0,0.0
1,7,5000.0,0.0
1,7,6000.0,2.0
1,7,7000.0,2.0
1,7,8000.0,2.0
1,7,9000.0,2.0
1,7,10000.0,2.0
1,7,11000.0,2.0
1,7,12000.0,0.0
1,7,13000.0,0.0
1,7,14000.0,0.0
1,7,15000.0,0.0
1,7,16000.0,0.0
1,7,17000.0,0.0
1,7,18000.0,0.0
1,7,19000.0,0.0
1,7,20000.0,0.0
1,7,21000.0,0.0
1,7,22000.0,0.0
1,7,23000.0,0.0
1,7,24000.0,0.0
1,7,25000.0,0.0
1,7,26000.0,0.0
1,7,27000.0,0.0
1,7,28000.0,0.0
1,7,29000.0,0.0
1,7,30000.0,0.0
1,7,31000.0,0.0
1,7,32000.0,0.0
1,7,33000.0,0.0
1,7,34000.0,0.0
1,7,35000.0,0.0
1,7,36000.0,0.0
1,7,37000.0,0.0
1,7,38000.0,0.0
1,7,39000.0,0.0
1,7,40000.0,0.0
1,7,41000.0,0.0
1,7,42000.0,0.0
1,7,43000.0,0.0
1,7,44000.0,0.0
1,7,45000.0,0.0
1,7,46000.0,0.0
1,7,47000.0,0.0
1,7,48000.0,0.0
1,7,49000.0,0.0
1,7,50000.0,0.0
1,8,5000.0,0.0
1,8,6000.0,0.0
1,8,7000.0,0.0
1,8,8000.0,0.0
1,8,9000.0,0.0
1,8,10000.0,0.0
1,8,11000.0,0.0
1,8,12000.0,0.0
1,8,13000.0,0.0
1,8,14000.0,0.0
1,8,15000.0,0.0
1,8,16000.0,0.0
1,8,17000.0,0.0
1,8,18000.0,0.0
1,8,19000.0,0.0
1,8,20000.0,0.0
1,8,21000.0,0.0
1,8,22000.0,0.0
1,8,23000.0,0.0
1,8,24000.0,0.0
1,8,25000.0,0.0
1,8,26000.0,0.0
1,8,27000.0,0.0
1,8,28000.0,0.0
1,8,29000.0,0.0
1,8,30000.0,0.0
1,8,31000.0,0.0
1,8,32000.0,0.0
1,8,33000.0,0.0
1,8,34000.0,0.0
1,8,35000.0,0.0
1,8,36000.0,0.0
1,8,37000.0,2.0
1,8,38000.0,2.0
1,8,39000.0,2.0
1,8,40000.0,2.0
1,8,41000.0,2.0
1,8,42000.0,0.0
1,8,43000.0,0.0
1,8,44000.0,0.0
1,8,45000.0,0.0
1,8,46000.0,0.0
1,8,47000.0,0.0
1,8,48000.0,0.0
1,8,49000.0,0.0
1,8,50000.0,0.0
1,9,5000.0,0.0
1,9,6000.0,0.0
1,9,7000.0,0.0
1,9,8000.0,0.0
1,9,9000.0,0.0
1,9,10000.0,0.0
1,9,11000.0,0.0
1,9,12000.0,0.0
1,9,13000.0,0.0
1,9,14000.0,0.0
1,9,15000.0,0.0
1,9,16000.0,0.0
1,9,17000.0,0.0
1,9,18000.0,0.0
1,9,19000.0,0.0
1,9,20000.0,0.0
1,9,21000.0,0.0
1,9,22000.0,0.0
1,9,23000.0,0.0
1,9,24000.0,0.0
1,9,25000.0,0.0
1,9,26000.0,0.0
1,9,27000.0,0.0
1,9,28000.0,0.0
1,9,29000.0,0.0
1,9,30000.0,0.0
1,9,31000.0,0.0
1,9,32000.0,0.0
1,9,33000.0,0.0
1,9,34000.0,0.0
1,9,35000.0,0.0
1,9,36000.0,0.0
1,9,37000.0,0.0
1,9,38000.0,0.0
1,9,39000.0,0.0
1,9,40000.0,0.0
1,9,41000.0,0.0
1,9,42000.0,0.0
1,9,43000.0,0.0
1,9,44000.0,0.0
1,9,45000.0,0.0
1,9,46000.0,0.0
1,9,47000.0,0.0
1,9,48000.0,0.0
1,9,49000.0,0.0
1,9,50000.0,0.0
1,10,5000.0,0.0
1,10,6000.0,0.0
1,10,7000.0,0.0
1,10,8000.0,0.0
1,10,9000.0,0.0
1,10,10000.0,0.0
1,10,11000.0,0.0
1,10,12000.0,0.0
1,10,13000.0,0.0
1,10,14000.0,0.0
1,10,15000.0,0.0
1,10,16000.0,0.0
1,10,17000.0,0.0
1,10,18000.0,0.0
1,10,19000.0,0.0
1,10,20000.0,0.0
1,10,21000.0,0.0
1,10,22000.0,0.0
1,10,23000.0,0.0
1,10,24000.0,0.0
1,10,25000.0,0.0
1,10,26000.0,0.0
1,10,27000.0,0.0
1,10,28000.0,0.0
1,10,29000.0,0.0
1,10,30000.0,0.0
1,10,31000.0,0.0
1,10,32000.0,0.0
1,10,33000.0,0.0
1,10,34000.0,0.0
1,10,35000.0,0.0
1,10,36000.0,0.0
1,10,37000.0,0.0
1,10,38000.0,0.0
1,10,39000.0,0.0
1,10,40000.0,0.0
1,10,41000.0,0.0
1,10,42000.0,0.0
1,10,43000.0,0.0
1,10,44000.0,0.0
1,10,45000.0,0.0
1,10,46000.0,0.0
1,10,47000.0,0.0
1,10,48000.0,0.0
1,10,49000.0,0.0
1,10,50000.0,0.0
1,11,5000.0,0.0
1,11,6000.0,0.0
1,11,7000.0,0.0
1,11,8000.0,0.0
1,11,9000.0,0.0
1,11,10000.0,0.0
1,11,11000.0,0.0
1,11,12000.0,0.0
1,11,13000.0,0.0
1,11,14000.0,0.0
1,11,15000.0,0.0
1,11,16000.0,0.0
1,11,17000.0,0.0
1,11,18000.0,0.0
1,11,19000.0,0.0
1,11,20000.0,0.0
1,11,21000.0,0.0
1,11,22000.0,0.0
1,11,23000.0,0.0
1,11,24000.0,0.0
1,11,25000.0,0.0
1,11,26000.0,0.0
1,11,27000.0,0.0
1,11,28000.0,0.0
1,11,29000.0,0.0
1,11,30000.0,0.0
1,11,31000.0,0.0
1,11,32000.0,0.0
1,11,33000.0,0.0
1,11,34000.0,0.0
1,11,35000.0,0.0
1,11,36000.0,0.0
1,11,37000.0,0.0
1,11,38000.0,0.0
1,11,39000.0,0.0
1,11,40000.0,0.0
1,11,41000.0,0.0
1,11,42000.0,0.0
1,11,43000.0,0.0
1,11,44000.0,0.0
1,11,45000.0,0.0
1,11,46000.0,0.0
1,11,47000.0,0.0
1,11,48000.0,0.0
1,11,49000.0,0.0
1,11,50000.0,0.0
1,12,5000.0,0.0
1,12,6000.0,0.0
1,12,7000.0,0.0
1,12,8000.0,0.0
1,12,9000.0,0.0
1,12,10000.0,0.0
1,12,11000.0,0.0
1,12,12000.0,0.0
1,12,13000.0,0.0
1,12,14000.0,0.0
1,12,15000.0,0.0
1,12,16000.0,0.0
1,12,17000.0,0.0
1,12,18000.0,0.0
1,12,19000.0,0.0
1,12,20000.0,0.0
1,12,21000.0,0.0
1,12,22000.0,0.0
1,12,23000.0,0.0
1,12,24000.0,0.0
1,12,25000.0,0.0
1,12,26000.0,0.0
1,12,27000.0,0.0
1,12,28000.0,0.0
1,12,29000.0,0.0
1,12,30000.0,0.0
1,12,31000.0,0.0
1,12,32000.0,0.0
1,12,33000.0,0.0
1,12,34000.0,0.0
1,12,35000.0,0.0
1,12,36000.0,0.0
1,12,37000.0,0.0
1,12,38000.0,0.0
1,12,39000.0,0.0
1,12,40000.0,0.0
1,12,41000.0,2.0
1,12,42000.0,0.0
1,12,43000.0,0.0
1,12,44000.0,0.0
1,12,45000.0,0.0
1,12,46000.0,0.0
1,12,47000.0,0.0
1,12,48000.0,0.0
1,12,49000.0,0.0
1,12,50000.0,0.0
1,13,5000.0,0.0
1,13,6000.0,0.0
1,13,7000.0,0.0
1,13,8000.0,0.0
1,13,9000.0,0.0
1,13,10000.0,0.0
1,13,11000.0,0.0
1,13,12000.0,0.0
1,13,13000.0,0.0
1,13,14000.0,0.0
1,13,15000.0,0.0
1,13,16000.0,0.0
1,13,17000.0,0.0
1,13,18000.0,0.0
1,13,19000.0,0.0
1,13,20000.0,0.0
1,13,21000.0,0.0
1,13,22000.0,0.0
1,13,23000.0,0.0
1,13,24000.0,0.0
1,13,25000.0,0.0
1,13,26000.0,0.0
1,13,27000.0,0.0
1,13,28000.0,0.0
1,13,29000.0,0.0
1,13,30000.0,0.0
1,13,31000.0,0.0
1,13,32000.0,0.0
1,13,33000.0,0.0
1,13,34000.0,0.0
1,13,35000.0,0.0
1,13,36000.0,0.0
1,13,37000.0,0.0
1,13,38000.0,0.0
1,13,39000.0,0.0
1,13,40000.0,0.0
1,13,41000.0,0.0
1,13,42000.0,0.0
1,13,43000.0,0.0
1,13,44000.0,0.0
1,13,45000.0,0.0
1,13,46000.0,0.0
1,13,47000.0,0.0
1,13,48000.0,0.0
1,13,49000.0,0.0
1,13,50000.0,0.0
1,14,5000.0,0.0
1,14,6000.0,0.0
1,14,7000.0,0.0
1,14,8000.0,0.0
1,14,9000.0,0.0
1,14,10000.0,0.0
1,14,11000.0,0.0
1,14,12000.0,0.0
1,14,13000.0,0.0
1,14,14000.0,0.0
1,14,15000.0,0.0
1,14,16000.0,0.0
1,14,17000.0,0.0
1,14,18000.0,0.0
1,14,19000.0,0.0
1,14,20000.0,0.0
1,14,21000.0,0.0
1,14,22000.0,0.0
1,14,23000.0,0.0
1,14,24000.0,0.0
1,14,25000.0,0.0
1,14,26000.0,0.0
1,14,27000.0,0.0
1,14,28000.0,0.0
1,14,29000.0,0.0
1,14,30000.0,0.0
1,14,31000.0,0.0
1,14,32000.0,0.0
1,14,33000.0,0.0
1,14,34000.0,0.0
1,14,35000.0,0.0
1,14,36000.0,0.0
1,14,37000.0,0.0
1,14,38000.0,0.0
1,14,39000.0,0.0
1,14,40000.0,0.0
1,14,41000.0,0.0
1,14,42000.0,0.0
1,14,43000.0,0.0
1,14,44000.0,0.0
1,14,45000.0,0.0
1,14,46000.0,0.0
1,14,47000.0,0.0
1,14,48000.0,0.0
1,14,49000.0,0.0
1,14,50000.0,0.0
1,15,5000.0,0.0
1,15,6000.0,0.0
1,15,7000.0,0.0
1,15,8000.0,0.0
1,15,9000.0,0.0
1,15,10000.0,0.0
1,15,11000.0,0.0
1,15,12000.0,0.0
1,15,13000.0,0.0
1,15,14000.0,0.0
1,15,15000.0,0.0
1,15,16000.0,0.0
1,15,17000.0,0.0
1,15,18000.0,0.0
1,15,19000.0,0.0
1,15,20000.0,0.0
1,15,21000.0,0.0
1,15,22000.0,0.0
1,15,23000.0,0.0
1,15,24000.0,0.0
1,15,25000.0,0.0
1,15,26000.0,0.0
1,15,27000.0,0.0
1,15,28000.0,0.0
1,15,29000.0,0.0
1,15,30000.0,0.0
1,15,31000.0,0.0
1,15,32000.0,0.0
1,15,33000.0,0.0
1,15,34000.0,0.0
1,15,35000.0,0.0
1,15,36000.0,0.0
1,15,37000.0,0.0
1,15,38000.0,0.0
1,15,39000.0,0.0
1,15,40000.0,0.0
1,15,41000.0,0.0
1,15,42000.0,0.0
1,15,43000.0,0.0
1,15,44000.0,0.0
1,15,45000.0,0.0
1,15,46000.0,0.0
1,15,47000.0,0.0
1,15,48000.0,0.0
1,15,49000.0,0.0
1,15,50000.0,0.0
1,16,5000.0,0.0
1,16,6000.0,0.0
1,16,7000.0,0.0
1,16,8000.0,0.0
1,16,9000.0,0.0
1,16,10000.0,0.0
1,16,11000.0,0.0
1,16,12000.0,0.0
1,16,13000.0,0.0
1,16,14000.0,0.0
1,16,15000.0,0.0
1,16,16000.0,0.0
1,16,17000.0,0.0
1,16,18000.0,0.0
1,16,19000.0,0.0
1,16,20000.0,0.0
1,16,21000.0,0.0
1,16,22000.0,0.0
1,16,23000.0,0.0
1,16,24000.0,0.0
1,16,25000.0,0.0
1,16,26000.0,0.0
1,16,27000.0,0.0
1,16,28000.0,0.0
1,16,29000.0,0.0
1,16,30000.0,0.0
1,16,31000.0,0.0
1,16,32000.0,0.0
1,16,33000.0,0.0
1,16,34000.0,0.0
1,16,35000.0,0.0
1,16,36000.0,0.0
1,16,37000.0,0.0
1,16,38000.0,0.0
1,16,39000.0,0.0
1,16,40000.0,0.0
1,16,41000.0,0.0
1,16,42000.0,0.0
1,16,43000.0,0.0
1,16,44000.0,0.0
1,16,45000.0,0.0
1,16,46000.0,0.0
1,16,47000.0,0.0
1,16,48000.0,0.0
1,16,49000.0,0.0
1,16,50000.0,0.0
1,17,5000.0,0.0
1,17,6000.0,0.0
1,17,7000.0,0.0
1,17,8000.0,0.0
1,17,9000.0,0.0
1,17,10000.0,0.0
1,17,11000.0,0.0
1,17,12000.0,0.0
1,17,13000.0,0.0
1,17,14000.0,0.0
1,17,15000.0,0.0
1,17,16000.0,0.0
1,17,17000.0,0.0
1,17,18000.0,0.0
1,17,19000.0,0.0
1,17,20000.0,0.0
1,17,21000.0,0.0
1,17,22000.0,0.0
1,17,23000.0,0.0
1,17,24000.0,0.0
1,17,25000.0,0.0
1,17,26000.0,0.0
1,17,27000.0,0.0
1,17,28000.0,0.0
1,17,29000.0,0.0
1,17,30000.0,0.0
1,17,31000.0,0.0
1,17,32000.0,0.0
1,17,33000.0,0.0
1,17,34000.0,0.0
1,17,35000.0,0.0
1,17,36000.0,0.0
1,17,37000.0,0.0
1,17,38000.0,0.0
1,17,39000.0,0.0
1,17,40000.0,0.0
1,17,41000.0,0.0
1,17,42000.0,0.0
1,17,43000.0,0.0
1,17,44000.0,0.0
1,17,45000.0,0.0
1,17,46000.0,0.0
1,17,47000.0,0.0
1,17,48000.0,0.0
1,17,49000.0,0.0
1,17,50000.0,0.0
1,18,5000.0,0.0
1,18,6000.0,0.0
1,18,7000.0,0.0
1,18,8000.0,2.0
1,18,9000.0,2.0
1,18,10000.0,2.0
1,18,11000.0,2.0
1,18,12000.0,0.0
1,18,13000.0,0.0
1,18,14000.0,0.0
1,18,15000.0,2.0
1,18,16000.0,2.0
1,18,17000.0,2.0
1,18,18000.0,2.0
1,18,19000.0,2.0
1,18,20000.0,2.0
1,18,21000.0,2.0
1,18,22000.0,0.0
1,18,23000.0,0.0
1,18,24000.0,0.0
1,18,25000.0,0.0
1,18,26000.0,0.0
1,18,27000.0,0.0
1,18,28000.0,0.0
1,18,29000.0,0.0
1,18,30000.0,0.0
1,18,31000.0,0.0
1,18,32000.0,0.0
1,18,33000.0,0.0
1,18,34000.0,0.0
1,18,35000.0,0.0
1,18,36000.0,0.0
1,18,37000.0,0.0
1,18,38000.0,0.0
1,18,39000.0,0.0
1,18,40000.0,0.0
1,18,41000.0,0.0
1,18,42000.0,0.0
1,18,43000.0,0.0
1,18,44000.0,0.0
1,18,45000.0,0.0
1,18,46000.0,0.0
1,18,47000.0,0.0
1,18,48000.0,0.0
1,18,49000.0,0.0
1,18,50000.0,0.0
1,19,5000.0,0.0
1,19,6000.0,0.0
1,19,7000.0,0.0
1,19,8000.0,0.0
1,19,9000.0,0.0
1,19,10000.0,0.0
1,19,11000.0,0.0
1,19,12000.0,0.0
1,19,13000.0,0.0
1,19,14000.0,0.0
1,19,15000.0,0.0
1,19,16000.0,0.0
1,19,17000.0,0.0
1,19,18000.0,0.0
1,19,19000.0,0.0
1,19,20000.0,0.0
1,19,21000.0,0.0
1,19,22000.0,0.0
1,19,23000.0,0.0
1,19,24000.0,0.0
1,19,25000.0,0.0
1,19,26000.0,0.0
1,19,27000.0,0.0
1,19,28000.0,0.0
1,19,29000.0,0.0
1,19,30000.0,0.0
1,19,31000.0,0.0
1,19,32000.0,0.0
1,19,33000.0,0.0
1,19,34000.0,0.0
1,19,35000.0,0.0
1,19,36000.0,0.0
1,19,37000.0,0.0
1,19,38000.0,0.0
1,19,39000.0,0.0
1,19,40000.0,0.0
1,19,41000.0,0.0
1,19,42000.0,0.0
1,19,43000.0,0.0
1,19,44000.0,0.0
1,19,45000.0,0.0
1,19,46000.0,0.0
1,19,47000.0,0.0
1,19,48000.0,0.0
1,19,49000.0,0.0
1,19,50000.0,0.0
1,20,5000.0,0.0
1,20,6000.0,0.0
1,20,7000.0,0.0
1,20,8000.0,0.0
1,20,9000.0,0.0
1,20,10000.0,0.0
1,20,11000.0,0.0
1,20,12000.0,0.0
1,20,13000.0,0.0
1,20,14000.0,0.0
1,20,15000.0,0.0
1,20,16000.0,0.0
1,20,17000.0,0.0
1,20,18000.0,0.0
1,20,19000.0,0.0
1,20,20000.0,0.0
1,20,21000.0,0.0
1,20,22000.0,0.0
1,20,23000.0,0.0
1,20,24000.0,0.0
1,20,25000.0,0.0
1,20,26000.0,0.0
1,20,27000.0,0.0
1,20,28000.0,0.0
1,20,29000.0,0.0
1,20,30000.0,0.0
1,20,31000.0,0.0
1,20,32000.0,0.0
1,20,33000.0,0.0
1,20,34000.0,0.0
1,20,35000.0,0.0
1,20,36000.0,0.0
1,20,37000.0,0.0
1,20,38000.0,0.0
1,20,39000.0,0.0
1,20,40000.0,0.0
1,20,41000.0,0.0
1,20,42000.0,0.0
1,20,43000.0,0.0
1,20,44000.0,0.0
1,20,45000.0,0.0
1,20,46000.0,0.0
1,20,47000.0,0.0
1,20,48000.0,0.0
1,20,49000.0,0.0
1,20,50000.0,0.0
1,21,5000.0,0.0
1,21,6000.0,0.0
1,21,7000.0,0.0
1,21,8000.0,0.0
1,21,9000.0,0.0
1,21,10000.0,0.0
1,21,11000.0,0.0
1,21,12000.0,0.0
1,21,13000.0,0.0
1,21,14000.0,0.0
1,21,15000.0,0.0
1,21,16000.0,0.0
1,21,17000.0,0.0
1,21,18000.0,0.0
1,21,19000.0,0.0
1,21,20000.0,0.0
1,21,21000.0,0.0
1,21,22000.0,0.0
1,21,23000.0,0.0
1,21,24000.0,0.0
1,21,25000.0,0.0
1,21,26000.0,0.0
1,21,27000.0,0.0
1,21,28000.0,0.0
1,21,29000.0,0.0
1,21,30000.0,0.0
1,21,31000.0,0.0
1,21,32000.0,0.0
1,21,33000.0,0.0
1,21,34000.0,0.0
1,21,35000.0,0.0
1,21,36000.0,0.0
1,21,37000.0,0.0
1,21,38000.0,0.0
1,21,39000.0,0.0
1,21,40000.0,0.0
1,21,41000.0,0.0
1,21,42000.0,0.0
1,21,43000.0,0.0
1,21,44000.0,0.0
1,21,45000.0,0.0
1,21,46000.0,0.0
1,21,47000.0,0.0
1,21,48000.0,0.0
1,21,49000.0,0.0
1,21,50000.0,0.0
1,22,5000.0,0.0
1,22,6000.0,0.0
1,22,7000.0,0.0
1,22,8000.0,0.0
1,22,9000.0,0.0
1,22,10000.0,0.0
1,22,11000.0,0.0
1,22,12000.0,0.0
1,22,13000.0,0.0
1,22,14000.0,0.0
1,22,15000.0,0.0
1,22,16000.0,0.0
1,22,17000.0,0.0
1,22,18000.0,0.0
1,22,19000.0,0.0
1,22,20000.0,0.0
1,22,21000.0,0.0
1,22,22000.0,0.0
1,22,23000.0,0.0
1,22,24000.0,0.0
1,22,25000.0,0.0
1,22,26000.0,0.0
1,22,27000.0,0.0
1,22,28000.0,0.0
1,22,29000.0,0.0
1,22,30000.0,0.0
1,22,31000.0,0.0
1,22,32000.0,0.0
1,22,33000.0,0.0
1,22,34000.0,0.0
1,22,35000.0,0.0
1,22,36000.0,0.0
1,22,37000.0,0.0
1,22,38000.0,0.0
1,22,39000.0,0.0
1,22,40000.0,0.0
1,22,41000.0,0.0
1,22,42000.0,0.0
1,22,43000.0,0.0
1,22,44000.0,0.0
1,22,45000.0,0.0
1,22,46000.0,0.0
1,22,47000.0,0.0
1,22,48000.0,0.0
1,22,49000.0,0.0
1,22,50000.0,0.0
1,23,5000.0,0.0
1,23,6000.0,0.0
1,23,7000.0,0.0
1,23,8000.0,0.0
1,23,9000.0,0.0
1,23,10000.0,0.0
1,23,11000.0,0.0
1,23,12000.0,0.0
1,23,13000.0,0.0
1,23,14000.0,0.0
1,23,15000.0,0.0
1,23,16000.0,0.0
1,23,17000.0,0.0
1,23,18000.0,0.0
1,23,19000.0,0.0
1,23,20000.0,0.0
1,23,21000.0,0.0
1,23,22000.0,0.0
1,23,23000.0,0.0
1,23,24000.0,0.0
1,23,25000.0,0.0
1,23,26000.0,0.0
1,23,27000.0,0.0
1,23,28000.0,0.0
1,23,29000.0,0.0
1,23,30000.0,0.0
1,23,31000.0,0.0
1,23,32000.0,0.0
1,23,33000.0,0.0
1,23,34000.0,0.0
1,23,35000.0,0.0
1,23,36000.0,0.0
1,23,37000.0,0.0
1,23,38000.0,0.0
1,23,39000.0,0.0
1,23,40000.0,0.0
1,23,41000.0,0.0
1,23,42000.0,0.0
1,23,43000.0,0.0
1,23,44000.0,0.0
1,23,45000.0,0.0
1,23,46000.0,0.0
1,23,47000.0,0.0
1,23,48000.0,0.0
1,23,49000.0,0.0
1,23,50000.0,0.0
1,24,5000.0,0.0
1,24,6000.0,0.0
1,24,7000.0,0.0
1,24,8000.0,0.0
1,24,9000.0,0.0
1,24,10000.0,0.0
1,24,11000.0,0.0
1,24,12000.0,0.0
1,24,13000.0,0.0
1,24,14000.0,0.0
1,24,15000.0,0.0
1,24,16000.0,0.0
1,24,17000.0,0.0
1,24,18000.0,0.0
1,24,19000.0,0.0
1,24,20000.0,0.0
1,24,21000.0,0.0
1,24,22000.0,0.0
1,24,23000.0,0.0
1,24,24000.0,0.0
1,24,25000.0,0.0
1,24,26000.0,0.0
1,24,27000.0,0.0
1,24,28000.0,0.0
1,24,29000.0,0.0
1,24,30000.0,0.0
1,24,31000.0,0.0
1,24,32000.0,0.0
1,24,33000.0,0.0
1,24,34000.0,0.0
1,24,35000.0,0.0
1,24,36000.0,0.0
1,24,37000.0,0.0
1,24,38000.0,0.0
1,24,39000.0,0.0
1,24,40000.0,0.0
1,24,41000.0,0.0
1,24,42000.0,0.0
1,24,43000.0,0.0
1,24,44000.0,0.0
1,24,45000.0,0.0
1,24,46000.0,0.0
1,24,47000.0,0.0
1,24,48000.0,0.0
1,24,49000.0,0.0
1,24,50000.0,0.0
1,25,5000.0,0.0
1,25,6000.0,0.0
1,25,7000.0,0.0
1,25,8000.0,0.0
1,25,9000.0,0.0
1,25,10000.0,0.0
1,25,11000.0,0.0
1,25,12000.0,0.0
1,25,13000.0,0.0
1,25,14000.0,0.0
1,25,15000.0,0.0
1,25,16000.0,0.0
1,25,17000.0,0.0
1,25,18000.0,0.0
1,25,19000.0,0.0
1,25,20000.0,0.0
1,25,21000.0,0.0
1,25,22000.0,0.0
1,25,23000.0,0.0
1,25,24000.0,0.0
1,25,25000.0,0.0
1,25,26000.0,0.0
1,25,27000.0,0.0
1,25,28000.0,0.0
1,25,29000.0,0.0
1,25,30000.0,0.0
1,25,31000.0,0.0
1,25,32000.0,0.0
1,25,33000.0,0.0
1,25,34000.0,0.0
1,25,35000.0,0.0
1,25,36000.0,0.0
1,25,37000.0,0.0
1,25,38000.0,0.0
1,25,39000.0,0.0
1,25,40000.0,0.0
1,25,41000.0,0.0
1,25,42000.0,0.0
1,25,43000.0,0.0
1,25,44000.0,0.0
1,25,45000.0,0.0
1,25,46000.0,0.0
1,25,47000.0,0.0
1,25,48000.0,0.0
1,25,49000.0,0.0
1,25,50000.0,0.0
1,26,5000.0,0.0
1,26,6000.0,0.0
1,26,7000.0,0.0
1,26,8000.0,0.0
1,26,9000.0,0.0
1,26,10000.0,0.0
1,26,11000.0,0.0
1,26,12000.0,0.0
1,26,13000.0,0.0
1,26,14000.0,0.0
1,26,15000.0,0.0
1,26,16000.0,0.0
1,26,17000.0,2.0
1,26,18000.0,2.0
1,26,19000.0,2.0
1,26,20000.0,2.0
1,26,21000.0,2.0
1,26,22000.0,0.0
1,26,23000.0,0.0
1,26,24000.0,0.0
1,26,25000.0,0.0
1,26,26000.0,0.0
1,26,27000.0,0.0
1,26,28000.0,0.0
1,26,29000.0,0.0
1,26,30000.0,0.0
1,26,31000.0,0.0
1,26,32000.0,0.0
1,26,33000.0,0.0
1,26,34000.0,0.0
1,26,35000.0,0.0
1,26,36000.0,0.0
1,26,37000.0,0.0
1,26,38000.0,0.0
1,26,39000.0,0.0
1,26,40000.0,0.0
1,26,41000.0,0.0
1,26,42000.0,0.0
1,26,43000.0,0.0
1,26,44000.0,0.0
1,26,45000.0,0.0
1,26,46000.0,0.0
1,26,47000.0,0.0
1,26,48000.0,0.0
1,26,49000.0,0.0
1,26,50000.0,0.0
1,27,5000.0,0.0
1,27,6000.0,0.0
1,27,7000.0,0.0
1,27,8000.0,0.0
1,27,9000.0,0.0
1,27,10000.0,0.0
1,27,11000.0,0.0
1,27,12000.0,0.0
1,27,13000.0,0.0
1,27,14000.0,0.0
1,27,15000.0,0.0
1,27,16000.0,0.0
1,27,17000.0,0.0
1,27,18000.0,0.0
1,27,19000.0,0.0
1,27,20000.0,0.0
1,27,21000.0,0.0
1,27,22000.0,0.0
1,27,23000.0,0.0
1,27,24000.0,0.0
1,27,25000.0,0.0
1,27,26000.0,0.0
1,27,27000.0,0.0
1,27,28000.0,0.0
1,27,29000.0,0.0
1,27,30000.0,0.0
1,27,31000.0,0.0
1,27,32000.0,0.0
1,27,33000.0,0.0
1,27,34000.0,0.0
1,27,35000.0,0.0
1,27,36000.0,0.0
1,27,37000.0,0.0
1,27,38000.0,0.0
1,27,39000.0,0.0
1,27,40000.0,2.0
1,27,41000.0,2.0
1,27,42000.0,0.0
1,27,43000.0,0.0
1,27,44000.0,0.0
1,27,45000.0,0.0
1,27,46000.0,0.0
1,27,47000.0,0.0
1,27,48000.0,0.0
1,27,49000.0,0.0
1,27,50000.0,0.0
1,28,5000.0,0.0
1,28,6000.0,0.0
1,28,7000.0,0.0
1,28,8000.0,0.0
1,28,9000.0,0.0
1,28,10000.0,0.0
1,28,11000.0,0.0
1,28,12000.0,0.0
1,28,13000.0,0.0
1,28,14000.0,0.0
1,28,15000.0,0.0
1,28,16000.0,0.0
1,28,17000.0,0.0
1,28,18000.0,0.0
1,28,19000.0,0.0
1,28,20000.0,0.0
1,28,21000.0,0.0
1,28,22000.0,0.0
1,28,23000.0,0.0
1,28,24000.0,0.0
1,28,25000.0,0.0
1,28,26000.0,0.0
1,28,27000.0,0.0
1,28,28000.0,0.0
1,28,29000.0,0.0
1,28,30000.0,0.0
1,28,31000.0,0.0
1,28,32000.0,0.0
1,28,33000.0,0.0
1,28,34000.0,0.0
1,28,35000.0,0.0
1,28,36000.0,0.0
1,28,37000.0,0.0
1,28,38000.0,0.0
1,28,39000.0,0.0
1,28,40000.0,0.0
1,28,41000.0,0.0
1,28,42000.0,0.0
1,28,43000.0,0.0
1,28,44000.0,0.0
1,28,45000.0,0.0
1,28,46000.0,0.0
1,28,47000.0,0.0
1,28,48000.0,0.0
1,28,49000.0,0.0
1,28,50000.0,0.0
1,29,5000.0,0.0
1,29,6000.0,0.0
1,29,7000.0,0.0
1,29,8000.0,0.0
1,29,9000.0,0.0
1,29,10000.0,0.0
1,29,11000.0,0.0
1,29,12000.0,0.0
1,29,13000.0,0.0
1,29,14000.0,0.0
1,29,15000.0,0.0
1,29,16000.0,0.0
1,29,17000.0,0.0
1,29,18000.0,0.0
1,29,19000.0,0.0
1,29,20000.0,0.0
1,29,21000.0,0.0
1,29,22000.0,0.0
1,29,23000.0,0.0
1,29,24000.0,0.0
1,29,25000.0,0.0
1,29,26000.0,0.0
1,29,27000.0,0.0
1,29,28000.0,0.0
1,29,29000.0,0.0
1,29,30000.0,0.0
1,29,31000.0,0.0
1,29,32000.0,0.0
1,29,33000.0,0.0
1,29,34000.0,0.0
1,29,35000.0,0.0
1,29,36000.0,0.0
1,29,37000.0,0.0
1,29,38000.0,0.0
1,29,39000.0,0.0
1,29,40000.0,0.0
1,29,41000.0,0.0
1,29,42000.0,0.0
1,29,43000.0,0.0
1,29,44000.0,0.0
1,29,45000.0,0.0
1,29,46000.0,0.0
1,29,47000.0,0.0
1,29,48000.0,0.0
1,29,49000.0,0.0
1,29,50000.0,0.0
1,30,5000.0,0.0
1,30,6000.0,0.0
1,30,7000.0,0.0
1,30,8000.0,2.0
1,30,9000.0,2.0
1,30,10000.0,2.0
1,30,11000.0,2.0
1,30,12000.0,0.0
1,30,13000.0,0.0
1,30,14000.0,0.0
1,30,15000.0,0.0
1,30,16000.0,0.0
1,30,17000.0,0.0
1,30,18000.0,0.0
1,30,19000.0,0.0
1,30,20000.0,2.0
1,30,21000.0,2.0
1,30,22000.0,0.0
1,30,23000.0,0.0
1,30,24000.0,0.0
1,30,25000.0,0.0
1,30,26000.0,0.0
1,30,27000.0,0.0
1,30,28000.0,0.0
1,30,29000.0,0.0
1,30,30000.0,0.0
1,30,31000.0,0.0
1,30,32000.0,0.0
1,30,33000.0,0.0
1,30,34000.0,0.0
1,30,35000.0,0.0
1,30,36000.0,0.0
1,30,37000.0,0.0
1,30,38000.0,0.0
1,30,39000.0,0.0
1,30,40000.0,0.0
1,30,41000.0,0.0
1,30,42000.0,0.0
1,30,43000.0,0.0
1,30,44000.0,0.0
1,30,45000.0,0.0
1,30,46000.0,0.0
1,30,47000.0,0.0
1,30,48000.0,0.0
1,30,49000.0,0.0
1,30,50000.0,0.0
1,31,5000.0,0.0
1,31,6000.0,0.0
1,31,7000.0,2.0
1,31,8000.0,2.0
1,31,9000.0,2.0
1,31,10000.0,2.0
1,31,11000.0,2.0
1,31,12000.0,0.0
1,31,13000.0,0.0
1,31,14000.0,0.0
1,31,15000.0,0.0
1,31,16000.0,0.0
1,31,17000.0,0.0
1,31,18000.0,0.0
1,31,19000.0,0.0
1,31,20000.0,0.0
1,31,21000.0,0.0
1,31,22000.0,0.0
1,31,23000.0,0.0
1,31,24000.0,0.0
1,31,25000.0,0.0
1,31,26000.0,0.0
1,31,27000.0,0.0
1,31,28000.0,0.0
1,31,29000.0,2.0
1,31,30000.0,2.0
1,31,31000.0,2.0
1,31,32000.0,0.0
1,31,33000.0,0.0
1,31,34000.0,0.0
1,31,35000.0,0.0
1,31,36000.0,0.0
1,31,37000.0,0.0
1,31,38000.0,0.0
1,31,39000.0,0.0
1,31,40000.0,0.0
1,31,41000.0,0.0
1,31,42000.0,0.0
1,31,43000.0,0.0
1,31,44000.0,0.0
1,31,45000.0,0.0
1,31,46000.0,0.0
1,31,47000.0,0.0
1,31,48000.0,0.0
1,31,49000.0,0.0
1,31,50000.0,0.0
1,32,5000.0,0.0
1,32,6000.0,0.0
1,32,7000.0,0.0
1,32,8000.0,0.0
1,32,9000.0,0.0
1,32,10000.0,0.0
1,32,11000.0,0.0
1,32,12000.0,0.0
1,32,13000.0,0.0
1,32,14000.0,0.0
1,32,15000.0,0.0
1,32,16000.0,0.0
1,32,17000.0,0.0
1,32,18000.0,0.0
1,32,19000.0,0.0
1,32,20000.0,0.0
1,32,21000.0,0.0
1,32,22000.0,0.0
1,32,23000.0,0.0
1,32,24000.0,0.0
1,32,25000.0,0.0
1,32,26000.0,0.0
1,32,27000.0,0.0
1,32,28000.0,0.0
1,32,29000.0,0.0
1,32,30000.0,0.0
1,32,31000.0,0.0
1,32,32000.0,0.0
1,32,33000.0,0.0
1,32,34000.0,0.0
1,32,35000.0,0.0
1,32,36000.0,0.0
1,32,37000.0,0.0
1,32,38000.0,0.0
1,32,39000.0,0.0
1,32,40000.0,0.0
1,32,41000.0,0.0
1,32,42000.0,0.0
1,32,43000.0,0.0
1,32,44000.0,0.0
1,32,45000.0,0.0
1,32,46000.0,0.0
1,32,47000.0,0.0
1,32,48000.0,0.0
1,32,49000.0,0.0
1,32,50000.0,0.0
1,33,5000.0,0.0
1,33,6000.0,0.0
1,33,7000.0,0.0
1,33,8000.0,0.0
1,33,9000.0,0.0
1,33,10000.0,0.0
1,33,11000.0,0.0
1,33,12000.0,0.0
1,33,13000.0,0.0
1,33,14000.0,0.0
1,33,15000.0,0.0
1,33,16000.0,0.0
1,33,17000.0,0.0
1,33,18000.0,0.0
1,33,19000.0,0.0
1,33,20000.0,0.0
1,33,21000.0,0.0
1,33,22000.0,0.0
1,33,23000.0,0.0
1,33,24000.0,0.0
1,33,25000.0,0.0
1,33,26000.0,0.0
1,33,27000.0,0.0
1,33,28000.0,0.0
1,33,29000.0,0.0
1,33,30000.0,0.0
1,33,31000.0,0.0
1,33,32000.0,0.0
1,33,33000.0,0.0
1,33,34000.0,0.0
1,33,35000.0,0.0
1,33,36000.0,0.0
1,33,37000.0,0.0
1,33,38000.0,0.0
1,33,39000.0,0.0
1,33,40000.0,0.0
1,33,41000.0,0.0
1,33,42000.0,0.0
1,33,43000.0,2.0
1,33,44000.0,2.0
1,33,45000.0,2.0
1,33,46000.0,2.0
1,33,47000.0,2.0
1,33,48000.0,2.0
1,33,49000.0,2.0
1,33,50000.0,2.0
1,34,5000.0,0.0
1,34,6000.0,0.0
1,34,7000.0,0.0
1,34,8000.0,0.0
1,34,9000.0,0.0
1,34,10000.0,0.0
1,34,11000.0,0.0
1,34,12000.0,0.0
1,34,13000.0,0.0
1,34,14000.0,0.0
1,34,15000.0,0.0
1,34,16000.0,0.0
1,34,17000.0,0.0
1,34,18000.0,2.0
1,34,19000.0,2.0
1,34,20000.0,2.0
1,34,21000.0,2.0
1,34,22000.0,0.0
1,34,23000.0,0.0
1,34,24000.0,0.0
1,34,25000.0,0.0
1,34,26000.0,0.0
1,34,27000.0,0.0
1,34,28000.0,0.0
1,34,29000.0,0.0
1,34,30000.0,0.0
1,34,31000.0,0.0
1,34,32000.0,0.0
1,34,33000.0,0.0
1,34,34000.0,0.0
1,34,35000.0,0.0
1,34,36000.0,0.0
1,34,37000.0,0.0
1,34,38000.0,0.0
1,34,39000.0,0.0
1,34,40000.0,0.0
1,34,41000.0,0.0
1,34,42000.0,0.0
1,34,43000.0,0.0
1,34,44000.0,0.0
1,34,45000.0,0.0
1,34,46000.0,0.0
1,34,47000.0,0.0
1,34,48000.0,0.0
1,34,49000.0,0.0
1,34,50000.0,0.0
1,35,5000.0,0.0
1,35,6000.0,0.0
1,35,7000.0,0.0
1,35,8000.0,0.0
1,35,9000.0,0.0
1,35,10000.0,0.0
1,35,11000.0,0.0
1,35,12000.0,0.0
1,35,13000.0,0.0
1,35,14000.0,0.0
1,35,15000.0,0.0
1,35,16000.0,0.0
1,35,17000.0,0.0
1,35,18000.0,0.0
1,35,19000.0,0.0
1,35,20000.0,0.0
1,35,21000.0,0.0
1,35,22000.0,0.0
1,35,23000.0,0.0
1,35,24000.0,0.0
1,35,25000.0,0.0
1,35,26000.0,0.0
1,35,27000.0,0.0
1,35,28000.0,2.0
1,35,29000.0,2.0
1,35,30000.0,2.0
1,35,31000.0,2.0
1,35,32000.0,0.0
1,35,33000.0,0.0
1,35,34000.0,0.0
1,35,35000.0,0.0
1,35,36000.0,0.0
1,35,37000.0,0.0
1,35,38000.0,0.0
1,35,39000.0,0.0
1,35,40000.0,0.0
1,35,41000.0,0.0
1,35,42000.0,0.0
1,35,43000.0,0.0
1,35,44000.0,0.0
1,35,45000.0,0.0
1,35,46000.0,0.0
1,35,47000.0,0.0
1,35,48000.0,0.0
1,35,49000.0,0.0
1,35,50000.0,0.0
1,36,5000.0,0.0
1,36,6000.0,2.0
1,36,7000.0,2.0
1,36,8000.0,2.0
1,36,9000.0,2.0
1,36,10000.0,2.0
1,36,11000.0,2.0
1,36,12000.0,0.0
1,36,13000.0,0.0
1,36,14000.0,0.0
1,36,15000.0,0.0
1,36,16000.0,0.0
1,36,17000.0,0.0
1,36,18000.0,0.0
1,36,19000.0,0.0
1,36,20000.0,0.0
1,36,21000.0,0.0
1,36,22000.0,0.0
1,36,23000.0,0.0
1,36,24000.0,0.0
1,36,25000.0,0.0
1,36,26000.0,0.0
1,36,27000.0,0.0
1,36,28000.0,0.0
1,36,29000.0,0.0
1,36,30000.0,0.0
1,36,31000.0,0.0
1,36,32000.0,0.0
1,36,33000.0,0.0
1,36,34000.0,0.0
1,36,35000.0,0.0
1,36,36000.0,0.0
1,36,37000.0,0.0
1,36,38000.0,0.0
1,36,39000.0,2.0
1,36,40000.0,2.0
1,36,41000.0,2.0
1,36,42000.0,0.0
1,36,43000.0,0.0
1,36,44000.0,0.0
1,36,45000.0,0.0
1,36,46000.0,0.0
1,36,47000.0,0.0
1,36,48000.0,0.0
1,36,49000.0,0.0
1,36,50000.0,0.0
1,37,5000.0,0.0
1,37,6000.0,2.0
1,37,7000.0,2.0
1,37,8000.0,2.0
1,37,9000.0,2.0
1,37,10000.0,2.0
1,37,11000.0,2.0
1,37,12000.0,0.0
1,37,13000.0,0.0
1,37,14000.0,0.0
1,37,15000.0,0.0
1,37,16000.0,0.0
1,37,17000.0,0.0
1,37,18000.0,0.0
1,37,19000.0,0.0
1,37,20000.0,0.0
1,37,21000.0,0.0
1,37,22000.0,0.0
1,37,23000.0,0.0
1,37,24000.0,0.0
1,37,25000.0,0.0
1,37,26000.0,0.0
1,37,27000.0,0.0
1,37,28000.0,0.0
1,37,29000.0,0.0
1,37,30000.0,0.0
1,37,31000.0,0.0
1,37,32000.0,0.0
1,37,33000.0,0.0
1,37,34000.0,0.0
1,37,35000.0,2.0
1,37,36000.0,2.0
1,37,37000.0,2.0
1,37,38000.0,2.0
1,37,39000.0,2.0
1,37,40000.0,2.0
1,37,41000.0,2.0
1,37,42000.0,0.0
1,37,43000.0,0.0
1,37,44000.0,0.0
1,37,45000.0,0.0
1,37,46000.0,0.0
1,37,47000.0,0.0
1,37,48000.0,0.0
1,37,49000.0,0.0
1,37,50000.0,0.0
1,38,5000.0,0.0
1,38,6000.0,0.0
1,38,7000.0,0.0
1,38,8000.0,0.0
1,38,9000.0,0.0
1,38,10000.0,0.0
1,38,11000.0,0.0
1,38,12000.0,0.0
1,38,13000.0,0.0
1,38,14000.0,0.0
1,38,15000.0,0.0
1,38,16000.0,0.0
1,38,17000.0,0.0
1,38,18000.0,0.0
1,38,19000.0,0.0
1,38,20000.0,0.0
1,38,21000.0,0.0
1,38,22000.0,0.0
1,38,23000.0,0.0
1,38,24000.0,0.0
1,38,25000.0,0.0
1,38,26000.0,0.0
1,38,27000.0,0.0
1,38,28000.0,0.0
1,38,29000.0,0.0
1,38,30000.0,0.0
1,38,31000.0,0.0
1,38,32000.0,0.0
1,38,33000.0,0.0
1,38,34000.0,0.0
1,38,35000.0,0.0
1,38,36000.0,0.0
1,38,37000.0,0.0
1,38,38000.0,0.0
1,38,39000.0,0.0
1,38,40000.0,0.0
1,38,41000.0,0.0
1,38,42000.0,0.0
1,38,43000.0,0.0
1,38,44000.0,0.0
1,38,45000.0,0.0
1,38,46000.0,0.0
1,38,47000.0,0.0
1,38,48000.0,0.0
1,38,49000.0,0.0
1,38,50000.0,0.0
1,39,5000.0,0.0
1,39,6000.0,0.0
1,39,7000.0,0.0
1,39,8000.0,0.0
1,39,9000.0,0.0
1,39,10000.0,0.0
1,39,11000.0,0.0
1,39,12000.0,0.0
1,39,13000.0,0.0
1,39,14000.0,0.0
1,39,15000.0,0.0
1,39,16000.0,2.0
1,39,17000.0,2.0
1,39,18000.0,2.0
1,39,19000.0,2.0
1,39,20000.0,2.0
1,39,21000.0,2.0
1,39,22000.0,0.0
1,39,23000.0,0.0
1,39,24000.0,0.0
1,39,25000.0,0.0
1,39,26000.0,0.0
1,39,27000.0,0.0
1,39,28000.0,0.0
1,39,29000.0,0.0
1,39,30000.0,0.0
1,39,31000.0,0.0
1,39,32000.0,0.0
1,39,33000.0,0.0
1,39,34000.0,0.0
1,39,35000.0,0.0
1,39,36000.0,0.0
1,39,37000.0,0.0
1,39,38000.0,0.0
1,39,39000.0,0.0
1,39,40000.0,0.0
1,39,41000.0,0.0
1,39,42000.0,0.0
1,39,43000.0,0.0
1,39,44000.0,0.0
1,39,45000.0,0.0
1,39,46000.0,0.0
1,39,47000.0,0.0
1,39,48000.0,0.0
1,39,49000.0,0.0
1,39,50000.0,0.0
1,40,5000.0,0.0
1,40,6000.0,0.0
1,40,7000.0,0.0
1,40,8000.0,0.0
1,40,9000.0,0.0
1,40,10000.0,0.0
1,40,11000.0,0.0
1,40,12000.0,0.0
1,40,13000.0,0.0
1,40,14000.0,0.0
1,40,15000.0,0.0
1,40,16000.0,0.0
1,40,17000.0,0.0
1,40,18000.0,0.0
1,40,19000.0,0.0
1,40,20000.0,0.0
1,40,21000.0,0.0
1,40,22000.0,0.0
1,40,23000.0,0.0
1,40,24000.0,0.0
1,40,25000.0,0.0
1,40,26000.0,0.0
1,40,27000.0,0.0
1,40,28000.0,0.0
1,40,29000.0,0.0
1,40,30000.0,0.0
1,40,31000.0,0.0
1,40,32000.0,0.0
1,40,33000.0,0.0
1,40,34000.0,0.0
1,40,35000.0,0.0
1,40,36000.0,2.0
1,40,37000.0,2.0
1,40,38000.0,2.0
1,40,39000.0,2.0
1,40,40000.0,2.0
1,40,41000.0,2.0
1,40,42000.0,0.0
1,40,43000.0,0.0
1,40,44000.0,0.0
1,40,45000.0,0.0
1,40,46000.0,0.0
1,40,47000.0,0.0
1,40,48000.0,0.0
1,40,49000.0,0.0
1,40,50000.0,0.0
1,41,5000.0,0.0
1,41,6000.0,0.0
1,41,7000.0,0.0
1,41,8000.0,0.0
1,41,9000.0,0.0
1,41,10000.0,0.0
1,41,11000.0,0.0
1,41,12000.0,0.0
1,41,13000.0,0.0
1,41,14000.0,0.0
1,41,15000.0,0.0
1,41,16000.0,0.0
1,41,17000.0,0.0
1,41,18000.0,0.0
1,41,19000.0,0.0
1,41,20000.0,0.0
1,41,21000.0,0.0
1,41,22000.0,0.0
1,41,23000.0,2.0
1,41,24000.0,2.0
1,41,25000.0,2.0
1,41,26000.0,2.0
1,41,27000.0,2.0
1,41,28000.0,2.0
1,41,29000.0,2.0
1,41,30000.0,2.0
1,41,31000.0,2.0
1,41,32000.0,0.0
1,41,33000.0,0.0
1,41,34000.0,0.0
1,41,35000.0,0.0
1,41,36000.0,0.0
1,41,37000.0,0.0
1,41,38000.0,0.0
1,41,39000.0,0.0
1,41,40000.0,0.0
1,41,41000.0,0.0
1,41,42000.0,0.0
1,41,43000.0,0.0
1,41,44000.0,0.0
1,41,45000.0,0.0
1,41,46000.0,0.0
1,41,47000.0,0.0
1,41,48000.0,0.0
1,41,49000.0,0.0
1,41,50000.0,0.0
1,42,5000.0,0.0
1,42,6000.0,0.0
1,42,7000.0,0.0
1,42,8000.0,0.0
1,42,9000.0,0.0
1,42,10000.0,0.0
1,42,11000.0,0.0
1,42,12000.0,0.0
1,42,13000.0,0.0
1,42,14000.0,0.0
1,42,15000.0,0.0
1,42,16000.0,2.0
1,42,17000.0,2.0
1,42,18000.0,2.0
1,42,19000.0,2.0
1,42,20000.0,2.0
1,42,21000.0,2.0
1,42,22000.0,0.0
1,42,23000.0,0.0
1,42,24000.0,0.0
1,42,25000.0,0.0
1,42,26000.0,0.0
1,42,27000.0,0.0
1,42,28000.0,0.0
1,42,29000.0,0.0
1,42,30000.0,0.0
1,42,31000.0,0.0
1,42,32000.0,0.0
1,42,33000.0,0.0
1,42,34000.0,0.0
1,42,35000.0,0.0
1,42,36000.0,0.0
1,42,37000.0,0.0
1,42,38000.0,0.0
1,42,39000.0,0.0
1,42,40000.0,0.0
1,42,41000.0,0.0
1,42,42000.0,0.0
1,42,43000.0,0.0
1,42,44000.0,0.0
1,42,45000.0,0.0
1,42,46000.0,0.0
1,42,47000.0,0.0
1,42,48000.0,0.0
1,42,49000.0,0.0
1,42,50000.0,0.0
1,43,5000.0,0.0
1,43,6000.0,0.0
1,43,7000.0,0.0
1,43,8000.0,0.0
1,43,9000.0,0.0
1,43,10000.0,0.0
1,43,11000.0,0.0
1,43,12000.0,0.0
1,43,13000.0,0.0
1,43,14000.0,0.0
1,43,15000.0,0.0
1,43,16000.0,0.0
1,43,17000.0,0.0
1,43,18000.0,0.0
1,43,19000.0,0.0
1,43,20000.0,0.0
1,43,21000.0,0.0
1,43,22000.0,0.0
1,43,23000.0,0.0
1,43,24000.0,0.0
1,43,25000.0,0.0
1,43,26000.0,0.0
1,43,27000.0,0.0
1,43,28000.0,0.0
1,43,29000.0,0.0
1,43,30000.0,0.0
1,43,31000.0,0.0
1,43,32000.0,0.0
1,43,33000.0,0.0
1,43,34000.0,0.0
1,43,35000.0,0.0
1,43,36000.0,0.0
1,43,37000.0,0.0
1,43,38000.0,0.0
1,43,39000.0,0.0
1,43,40000.0,0.0
1,43,41000.0,0.0
1,43,42000.0,0.0
1,43,43000.0,0.0
1,43,44000.0,0.0
1,43,45000.0,0.0
1,43,46000.0,0.0
1,43,47000.0,0.0
1,43,48000.0,0.0
1,43,49000.0,0.0
1,43,50000.0,0.0
1,44,5000.0,2.0
1,44,6000.0,2.0
1,44,7000.0,2.0
1,44,8000.0,2.0
1,44,9000.0,2.0
1,44,10000.0,2.0
1,44,11000.0,2.0
1,44,12000.0,0.0
1,44,13000.0,0.0
1,44,14000.0,0.0
1,44,15000.0,0.0
1,44,16000.0,0.0
1,44,17000.0,0.0
1,44,18000.0,0.0
1,44,19000.0,0.0
1,44,20000.0,0.0
1,44,21000.0,0.0
1,44,22000.0,0.0
1,44,23000.0,0.0
1,44,24000.0,0.0
1,44,25000.0,0.0
1,44,26000.0,0.0
1,44,27000.0,0.0
1,44,28000.0,0.0
1,44,29000.0,0.0
1,44,30000.0,0.0
1,44,31000.0,2.0
1,44,32000.0,0.0
1,44,33000.0,0.0
1,44,34000.0,0.0
1,44,35000.0,0.0
1,44,36000.0,0.0
1,44,37000.0,0.0
1,44,38000.0,0.0
1,44,39000.0,0.0
1,44,40000.0,0.0
1,44,41000.0,0.0
1,44,42000.0,0.0
1,44,43000.0,0.0
1,44,44000.0,0.0
1,44,45000.0,0.0
1,44,46000.0,0.0
1,44,47000.0,0.0
1,44,48000.0,0.0
1,44,49000.0,0.0
1,44,50000.0,0.0
1,45,5000.0,0.0
1,45,6000.0,0.0
1,45,7000.0,0.0
1,45,8000.0,0.0
1,45,9000.0,0.0
1,45,10000.0,0.0
1,45,11000.0,0.0
1,45,12000.0,0.0
1,45,13000.0,0.0
1,45,14000.0,0.0
1,45,15000.0,0.0
1,45,16000.0,0.0
1,45,17000.0,0.0
1,45,18000.0,0.0
1,45,19000.0,0.0
1,45,20000.0,0.0
1,45,21000.0,0.0
1,45,22000.0,0.0
1,45,23000.0,0.0
1,45,24000.0,0.0
1,45,25000.0,0.0
1,45,26000.0,0.0
1,45,27000.0,0.0
1,45,28000.0,0.0
1,45,29000.0,0.0
1,45,30000.0,0.0
1,45,31000.0,0.0
1,45,32000.0,0.0
1,45,33000.0,0.0
1,45,34000.0,0.0
1,45,35000.0,0.0
1,45,36000.0,0.0
1,45,37000.0,0.0
1,45,38000.0,0.0
1,45,39000.0,0.0
1,45,40000.0,0.0
1,45,41000.0,0.0
1,45,42000.0,0.0
1,45,43000.0,0.0
1,45,44000.0,0.0
1,45,45000.0,0.0
1,45,46000.0,0.0
1,45,47000.0,0.0
1,45,48000.0,0.0
1,45,49000.0,0.0
1,45,50000.0,0.0
1,46,5000.0,0.0
1,46,6000.0,0.0
1,46,7000.0,0.0
1,46,8000.0,0.0
1,46,9000.0,0.0
1,46,10000.0,0.0
1,46,11000.0,0.0
1,46,12000.0,0.0
1,46,13000.0,0.0
1,46,14000.0,0.0
1,46,15000.0,0.0
1,46,16000.0,0.0
1,46,17000.0,0.0
1,46,18000.0,0.0
1,46,19000.0,0.0
1,46,20000.0,0.0
1,46,21000.0,0.0
1,46,22000.0,0.0
1,46,23000.0,0.0
1,46,24000.0,0.0
1,46,25000.0,0.0
1,46,26000.0,0.0
1,46,27000.0,0.0
1,46,28000.0,0.0
1,46,29000.0,0.0
1,46,30000.0,0.0
1,46,31000.0,0.0
1,46,32000.0,0.0
1,46,33000.0,0.0
1,46,34000.0,0.0
1,46,35000.0,0.0
1,46,36000.0,0.0
1,46,37000.0,0.0
1,46,38000.0,0.0
1,46,39000.0,0.0
1,46,40000.0,0.0
1,46,41000.0,0.0
1,46,42000.0,0.0
1,46,43000.0,0.0
1,46,44000.0,0.0
1,46,45000.0,0.0
1,46,46000.0,0.0
1,46,47000.0,0.0
1,46,48000.0,0.0
1,46,49000.0,0.0
1,46,50000.0,0.0
1,47,5000.0,0.0
1,47,6000.0,0.0
1,47,7000.0,0.0
1,47,8000.0,0.0
1,47,9000.0,0.0
1,47,10000.0,0.0
1,47,11000.0,0.0
1,47,12000.0,0.0
1,47,13000.0,0.0
1,47,14000.0,0.0
1,47,15000.0,0.0
1,47,16000.0,0.0
1,47,17000.0,0.0
1,47,18000.0,0.0
1,47,19000.0,0.0
1,47,20000.0,0.0
1,47,21000.0,0.0
1,47,22000.0,0.0
1,47,23000.0,0.0
1,47,24000.0,0.0
1,47,25000.0,0.0
1,47,26000.0,0.0
1,47,27000.0,0.0
1,47,28000.0,0.0
1,47,29000.0,0.0
1,47,30000.0,0.0
1,47,31000.0,0.0
1,47,32000.0,0.0
1,47,33000.0,0.0
1,47,34000.0,0.0
1,47,35000.0,0.0
1,47,36000.0,0.0
1,47,37000.0,0.0
1,47,38000.0,0.0
1,47,39000.0,0.0
1,47,40000.0,0.0
1,47,41000.0,0.0
1,47,42000.0,0.0
1,47,43000.0,0.0
1,47,44000.0,0.0
1,47,45000.0,0.0
1,47,46000.0,0.0
1,47,47000.0,0.0
1,47,48000.0,0.0
1,47,49000.0,0.0
1,47,50000.0,0.0
1,48,5000.0,0.0
1,48,6000.0,0.0
1,48,7000.0,0.0
1,48,8000.0,0.0
1,48,9000.0,0.0
1,48,10000.0,0.0
1,48,11000.0,0.0
1,48,12000.0,0.0
1,48,13000.0,0.0
1,48,14000.0,0.0
1,48,15000.0,0.0
1,48,16000.0,0.0
1,48,17000.0,0.0
1,48,18000.0,0.0
1,48,19000.0,0.0
1,48,20000.0,0.0
1,48,21000.0,0.0
1,48,22000.0,0.0
1,48,23000.0,0.0
1,48,24000.0,0.0
1,48,25000.0,0.0
1,48,26000.0,0.0
1,48,27000.0,0.0
1,48,28000.0,0.0
1,48,29000.0,0.0
1,48,30000.0,0.0
1,48,31000.0,0.0
1,48,32000.0,0.0
1,48,33000.0,0.0
1,48,34000.0,0.0
1,48,35000.0,0.0
1,48,36000.0,0.0
1,48,37000.0,0.0
1,48,38000.0,0.0
1,48,39000.0,0.0
1,48,40000.0,0.0
1,48,41000.0,2.0
1,48,42000.0,0.0
1,48,43000.0,0.0
1,48,44000.0,0.0
1,48,45000.0,0.0
1,48,46000.0,0.0
1,48,47000.0,0.0
1,48,48000.0,0.0
1,48,49000.0,0.0
1,48,50000.0,0.0
1,49,5000.0,0.0
1,49,6000.0,0.0
1,49,7000.0,0.0
1,49,8000.0,0.0
1,49,9000.0,0.0
1,49,10000.0,0.0
1,49,11000.0,0.0
1,49,12000.0,0.0
1,49,13000.0,0.0
1,49,14000.0,0.0
1,49,15000.0,0.0
1,49,16000.0,0.0
1,49,17000.0,0.0
1,49,18000.0,0.0
1,49,19000.0,0.0
1,49,20000.0,0.0
1,49,21000.0,0.0
1,49,22000.0,0.0
1,49,23000.0,0.0
1,49,24000.0,0.0
1,49,25000.0,0.0
1,49,26000.0,0.0
1,49,27000.0,0.0
1,49,28000.0,0.0
1,49,29000.0,0.0
1,49,30000.0,0.0
1,49,31000.0,0.0
1,49,32000.0,0.0
1,49,33000.0,0.0
1,49,34000.0,0.0
1,49,35000.0,0.0
1,49,36000.0,0.0
1,49,37000.0,0.0
1,49,38000.0,0.0
1,49,39000.0,0.0
1,49,40000.0,0.0
1,49,41000.0,0.0
1,49,42000.0,0.0
1,49,43000.0,0.0
1,49,44000.0,0.0
1,49,45000.0,0.0
1,49,46000.0,0.0
1,49,47000.0,0.0
1,49,48000.0,0.0
1,49,49000.0,0.0
1,49,50000.0,0.0
1,50,5000.0,0.0
1,50,6000.0,0.0
1,50,7000.0,0.0
1,50,8000.0,0.0
1,50,9000.0,0.0
1,50,10000.0,0.0
1,50,11000.0,0.0
1,50,12000.0,0.0
1,50,13000.0,0.0
1,50,14000.0,0.0
1,50,15000.0,0.0
1,50,16000.0,0.0
1,50,17000.0,0.0
1,50,18000.0,0.0
1,50,19000.0,0.0
1,50,20000.0,0.0
1,50,21000.0,0.0
1,50,22000.0,0.0
1,50,23000.0,0.0
1,50,24000.0,0.0
1,50,25000.0,0.0
1,50,26000.0,0.0
1,50,27000.0,0.0
1,50,28000.0,0.0
1,50,29000.0,0.0
1,50,30000.0,0.0
1,50,31000.0,0.0
1,50,32000.0,0.0
1,50,33000.0,0.0
1,50,34000.0,0.0
1,50,35000.0,0.0
1,50,36000.0,0.0
1,50,37000.0,0.0
1,50,38000.0,0.0
1,50,39000.0,0.0
1,50,40000.0,0.0
1,50,41000.0,0.0
1,50,42000.0,0.0
1,50,43000.0,0.0
1,50,44000.0,0.0
1,50,45000.0,0.0
1,50,46000.0,0.0
1,50,47000.0,2.0
1,50,48000.0,2.0
1,50,49000.0,2.0
1,50,50000.0,2.0
1,51,5000.0,0.0
1,51,6000.0,0.0
1,51,7000.0,0.0
1,51,8000.0,0.0
1,51,9000.0,0.0
1,51,10000.0,0.0
1,51,11000.0,0.0
1,51,12000.0,0.0
1,51,13000.0,0.0
1,51,14000.0,0.0
1,51,15000.0,0.0
1,51,16000.0,0.0
1,51,17000.0,0.0
1,51,18000.0,0.0
1,51,19000.0,2.0
1,51,20000.0,2.0
1,51,21000.0,2.0
1,51,22000.0,0.0
1,51,23000.0,0.0
1,51,24000.0,0.0
1,51,25000.0,0.0
1,51,26000.0,0.0
1,51,27000.0,0.0
1,51,28000.0,0.0
1,51,29000.0,0.0
1,51,30000.0,0.0
1,51,31000.0,0.0
1,51,32000.0,0.0
1,51,33000.0,0.0
1,51,34000.0,0.0
1,51,35000.0,0.0
1,51,36000.0,0.0
1,51,37000.0,0.0
1,51,38000.0,0.0
1,51,39000.0,0.0
1,51,40000.0,0.0
1,51,41000.0,0.0
1,51,42000.0,0.0
1,51,43000.0,0.0
1,51,44000.0,0.0
1,51,45000.0,0.0
1,51,46000.0,0.0
1,51,47000.0,0.0
1,51,48000.0,0.0
1,51,49000.0,0.0
1,51,50000.0,0.0
1,52,5000.0,0.0
1,52,6000.0,0.0
1,52,7000.0,0.0
1,52,8000.0,0.0
1,52,9000.0,0.0
1,52,10000.0,0.0
1,52,11000.0,0.0
1,52,12000.0,0.0
1,52,13000.0,0.0
1,52,14000.0,0.0
1,52,15000.0,0.0
1,52,16000.0,0.0
1,52,17000.0,0.0
1,52,18000.0,0.0
1,52,19000.0,0.0
1,52,20000.0,0.0
1,52,21000.0,0.0
1,52,22000.0,0.0
1,52,23000.0,0.0
1,52,24000.0,0.0
1,52,25000.0,0.0
1,52,26000.0,0.0
1,52,27000.0,2.0
1,52,28000.0,2.0
1,52,29000.0,2.0
1,52,30000.0,2.0
1,52,31000.0,2.0
1,52,32000.0,0.0
1,52,33000.0,0.0
1,52,34000.0,0.0
1,52,35000.0,0.0
1,52,36000.0,0.0
1,52,37000.0,0.0
1,52,38000.0,0.0
1,52,39000.0,0.0
1,52,40000.0,0.0
1,52,41000.0,0.0
1,52,42000.0,0.0
1,52,43000.0,0.0
1,52,44000.0,0.0
1,52,45000.0,0.0
1,52,46000.0,0.0
1,52,47000.0,0.0
1,52,48000.0,0.0
1,52,49000.0,0.0
1,52,50000.0,0.0
1,53,5000.0,0.0
1,53,6000.0,0.0
1,53,7000.0,0.0
1,53,8000.0,0.0
1,53,9000.0,0.0
1,53,10000.0,0.0
1,53,11000.0,0.0
1,53,12000.0,0.0
1,53,13000.0,0.0
1,53,14000.0,0.0
1,53,15000.0,0.0
1,53,16000.0,0.0
1,53,17000.0,0.0
1,53,18000.0,0.0
1,53,19000.0,0.0
1,53,20000.0,0.0
1,53,21000.0,0.0
1,53,22000.0,0.0
1,53,23000.0,0.0
1,53,24000.0,0.0
1,53,25000.0,0.0
1,53,26000.0,0.0
1,53,27000.0,0.0
1,53,28000.0,0.0
1,53,29000.0,0.0
1,53,30000.0,0.0
1,53,31000.0,0.0
1,53,32000.0,0.0
1,53,33000.0,0.0
1,53,34000.0,0.0
1,53,35000.0,0.0
1,53,36000.0,0.0
1,53,37000.0,0.0
1,53,38000.0,0.0
1,53,39000.0,0.0
1,53,40000.0,0.0
1,53,41000.0,0.0
1,53,42000.0,0.0
1,53,43000.0,0.0
1,53,44000.0,0.0
1,53,45000.0,0.0
1,53,46000.0,0.0
1,53,47000.0,0.0
1,53,48000.0,0.0
1,53,49000.0,0.0
1,53,50000.0,0.0
1,54,5000.0,0.0
1,54,6000.0,0.0
1,54,7000.0,0.0
1,54,8000.0,0.0
1,54,9000.0,0.0
1,54,10000.0,0.0
1,54,11000.0,0.0
1,54,12000.0,0.0
1,54,13000.0,0.0
1,54,14000.0,0.0
1,54,15000.0,0.0
1,54,16000.0,0.0
1,54,17000.0,0.0
1,54,18000.0,0.0
1,54,19000.0,0.0
1,54,20000.0,0.0
1,54,21000.0,0.0
1,54,22000.0,0.0
1,54,23000.0,0.0
1,54,24000.0,0.0
1,54,25000.0,0.0
1,54,26000.0,0.0
1,54,27000.0,0.0
1,54,28000.0,0.0
1,54,29000.0,0.0
1,54,30000.0,0.0
1,54,31000.0,0.0
1,54,32000.0,0.0
1,54,33000.0,0.0
1,54,34000.0,0.0
1,54,35000.0,0.0
1,54,36000.0,0.0
1,54,37000.0,0.0
1,54,38000.0,0.0
1,54,39000.0,0.0
1,54,40000.0,0.0
1,54,41000.0,0.0
1,54,42000.0,0.0
1,54,43000.0,0.0
1,54,44000.0,0.0
1,54,45000.0,0.0
1,54,46000.0,0.0
1,54,47000.0,0.0
1,54,48000.0,0.0
1,54,49000.0,0.0
1,54,50000.0,0.0
1,55,5000.0,0.0
1,55,6000.0,0.0
1,55,7000.0,0.0
1,55,8000.0,0.0
1,55,9000.0,0.0
1,55,10000.0,0.0
1,55,11000.0,0.0
1,55,12000.0,0.0
1,55,13000.0,0.0
1,55,14000.0,0.0
1,55,15000.0,0.0
1,55,16000.0,0.0
1,55,17000.0,0.0
1,55,18000.0,0.0
1,55,19000.0,0.0
1,55,20000.0,0.0
1,55,21000.0,0.0
1,55,22000.0,0.0
1,55,23000.0,0.0
1,55,24000.0,0.0
1,55,25000.0,0.0
1,55,26000.0,0.0
1,55,27000.0,0.0
1,55,28000.0,0.0
1,55,29000.0,0.0
1,55,30000.0,0.0
1,55,31000.0,0.0
1,55,32000.0,0.0
1,55,33000.0,0.0
1,55,34000.0,0.0
1,55,35000.0,0.0
1,55,36000.0,0.0
1,55,37000.0,0.0
1,55,38000.0,0.0
1,55,39000.0,0.0
1,55,40000.0,0.0
1,55,41000.0,0.0
1,55,42000.0,0.0
1,55,43000.0,0.0
1,55,44000.0,0.0
1,55,45000.0,0.0
1,55,46000.0,0.0
1,55,47000.0,0.0
1,55,48000.0,0.0
1,55,49000.0,0.0
1,55,50000.0,0.0
1,56,5000.0,0.0
1,56,6000.0,0.0
1,56,7000.0,0.0
1,56,8000.0,0.0
1,56,9000.0,0.0
1,56,10000.0,0.0
1,56,11000.0,0.0
1,56,12000.0,0.0
1,56,13000.0,0.0
1,56,14000.0,0.0
1,56,15000.0,0.0
1,56,16000.0,0.0
1,56,17000.0,0.0
1,56,18000.0,0.0
1,56,19000.0,0.0
1,56,20000.0,0.0
1,56,21000.0,0.0
1,56,22000.0,0.0
1,56,23000.0,0.0
1,56,24000.0,0.0
1,56,25000.0,0.0
1,56,26000.0,0.0
1,56,27000.0,0.0
1,56,28000.0,0.0
1,56,29000.0,0.0
1,56,30000.0,0.0
1,56,31000.0,0.0
1,56,32000.0,0.0
1,56,33000.0,0.0
1,56,34000.0,0.0
1,56,35000.0,0.0
1,56,36000.0,0.0
1,56,37000.0,0.0
1,56,38000.0,0.0
1,56,39000.0,0.0
1,56,40000.0,0.0
1,56,41000.0,0.0
1,56,42000.0,0.0
1,56,43000.0,0.0
1,56,44000.0,0.0
1,56,45000.0,0.0
1,56,46000.0,0.0
1,56,47000.0,0.0
1,56,48000.0,0.0
1,56,49000.0,0.0
1,56,50000.0,0.0
1,57,5000.0,0.0
1,57,6000.0,0.0
1,57,7000.0,0.0
1,57,8000.0,0.0
1,57,9000.0,0.0
1,57,10000.0,0.0
1,57,11000.0,0.0
1,57,12000.0,0.0
1,57,13000.0,0.0
1,57,14000.0,0.0
1,57,15000.0,0.0
1,57,16000.0,0.0
1,57,17000.0,0.0
1,57,18000.0,0.0
1,57,19000.0,0.0
1,57,20000.0,0.0
1,57,21000.0,0.0
1,57,22000.0,0.0
1,57,23000.0,2.0
1,57,24000.0,2.0
1,57,25000.0,2.0
1,57,26000.0,2.0
1,57,27000.0,2.0
1,57,28000.0,2.0
1,57,29000.0,2.0
1,57,30000.0,2.0
1,57,31000.0,2.0
1,57,32000.0,0.0
1,57,33000.0,0.0
1,57,34000.0,0.0
1,57,35000.0,0.0
1,57,36000.0,0.0
1,57,37000.0,0.0
1,57,38000.0,0.0
1,57,39000.0,0.0
1,57,40000.0,0.0
1,57,41000.0,0.0
1,57,42000.0,0.0
1,57,43000.0,0.0
1,57,44000.0,0.0
1,57,45000.0,0.0
1,57,46000.0,0.0
1,57,47000.0,0.0
1,57,48000.0,0.0
1,57,49000.0,0.0
1,57,50000.0,0.0
1,58,5000.0,0.0
1,58,6000.0,0.0
1,58,7000.0,0.0
1,58,8000.0,0.0
1,58,9000.0,0.0
1,58,10000.0,0.0
1,58,11000.0,0.0
1,58,12000.0,0.0
1,58,13000.0,0.0
1,58,14000.0,0.0
1,58,15000.0,0.0
1,58,16000.0,0.0
1,58,17000.0,0.0
1,58,18000.0,0.0
1,58,19000.0,0.0
1,58,20000.0,0.0
1,58,21000.0,0.0
1,58,22000.0,0.0
1,58,23000.0,0.0
1,58,24000.0,0.0
1,58,25000.0,0.0
1,58,26000.0,0.0
1,58,27000.0,0.0
1,58,28000.0,0.0
1,58,29000.0,0.0
1,58,30000.0,0.0
1,58,31000.0,0.0
1,58,32000.0,0.0
1,58,33000.0,0.0
1,58,34000.0,0.0
1,58,35000.0,0.0
1,58,36000.0,0.0
1,58,37000.0,0.0
1,58,38000.0,0.0
1,58,39000.0,0.0
1,58,40000.0,0.0
1,58,41000.0,0.0
1,58,42000.0,0.0
1,58,43000.0,0.0
1,58,44000.0,0.0
1,58,45000.0,0.0
1,58,46000.0,0.0
1,58,47000.0,0.0
1,58,48000.0,0.0
1,58,49000.0,0.0
1,58,50000.0,0.0
1,59,5000.0,0.0
1,59,6000.0,0.0
1,59,7000.0,0.0
1,59,8000.0,0.0
1,59,9000.0,0.0
1,59,10000.0,0.0
1,59,11000.0,0.0
1,59,12000.0,0.0
1,59,13000.0,0.0
1,59,14000.0,0.0
1,59,15000.0,0.0
1,59,16000.0,0.0
1,59,17000.0,0.0
1,59,18000.0,0.0
1,59,19000.0,0.0
1,59,20000.0,0.0
1,59,21000.0,0.0
1,59,22000.0,0.0
1,59,23000.0,0.0
1,59,24000.0,0.0
1,59,25000.0,0.0
1,59,26000.0,0.0
1,59,27000.0,0.0
1,59,28000.0,0.0
1,59,29000.0,0.0
1,59,30000.0,0.0
1,59,31000.0,0.0
1,59,32000.0,0.0
1,59,33000.0,0.0
1,59,34000.0,0.0
1,59,35000.0,0.0
1,59,36000.0,0.0
1,59,37000.0,0.0
1,59,38000.0,0.0
1,59,39000.0,0.0
1,59,40000.0,0.0
1,59,41000.0,0.0
1,59,42000.0,0.0
1,59,43000.0,0.0
1,59,44000.0,0.0
1,59,45000.0,0.0
1,59,46000.0,0.0
1,59,47000.0,0.0
1,59,48000.0,0.0
1,59,49000.0,0.0
1,59,50000.0,0.0
1,60,5000.0,0.0
1,60,6000.0,0.0
1,60,7000.0,0.0
1,60,8000.0,0.0
1,60,9000.0,0.0
1,60,10000.0,0.0
1,60,11000.0,0.0
1,60,12000.0,0.0
1,60,13000.0,0.0
1,60,14000.0,0.0
1,60,15000.0,0.0
1,60,16000.0,0.0
1,60,17000.0,0.0
1,60,18000.0,0.0
1,60,19000.0,0.0
1,60,20000.0,0.0
1,60,21000.0,0.0
1,60,22000.0,0.0
1,60,23000.0,0.0
1,60,24000.0,0.0
1,60,25000.0,0.0
1,60,26000.0,0.0
1,60,27000.0,0.0
1,60,28000.0,0.0
1,60,29000.0,0.0
1,60,30000.0,0.0
1,60,31000.0,0.0
1,60,32000.0,0.0
1,60,33000.0,0.0
1,60,34000.0,0.0
1,60,35000.0,0.0
1,60,36000.0,0.0
1,60,37000.0,0.0
1,60,38000.0,0.0
1,60,39000.0,0.0
1,60,40000.0,0.0
1,60,41000.0,0.0
1,60,42000.0,0.0
1,60,43000.0,0.0
1,60,44000.0,0.0
1,60,45000.0,0.0
1,60,46000.0,0.0
1,60,47000.0,0.0
1,60,48000.0,0.0
1,60,49000.0,0.0
1,60,50000.0,0.0
1,61,5000.0,0.0
1,61,6000.0,0.0
1,61,7000.0,0.0
1,61,8000.0,0.0
1,61,9000.0,0.0
1,61,10000.0,0.0
1,61,11000.0,0.0
1,61,12000.0,0.0
1,61,13000.0,2.0
1,61,14000.0,2.0
1,61,15000.0,2.0
1,61,16000.0,2.0
1,61,17000.0,2.0
1,61,18000.0,2.0
1,61,19000.0,2.0
1,61,20000.0,2.0
1,61,21000.0,2.0
1,61,22000.0,0.0
1,61,23000.0,0.0
1,61,24000.0,0.0
1,61,25000.0,0.0
1,61,26000.0,0.0
1,61,27000.0,0.0
1,61,28000.0,0.0
1,61,29000.0,0.0
1,61,30000.0,0.0
1,61,31000.0,0.0
1,61,32000.0,0.0
1,61,33000.0,0.0
1,61,34000.0,0.0
1,61,35000.0,0.0
1,61,36000.0,0.0
1,61,37000.0,0.0
1,61,38000.0,0.0
1,61,39000.0,0.0
1,61,40000.0,0.0
1,61,41000.0,0.0
1,61,42000.0,0.0
1,61,43000.0,0.0
1,61,44000.0,0.0
1,61,45000.0,2.0
1,61,46000.0,2.0
1,61,47000.0,2.0
1,61,48000.0,2.0
1,61,49000.0,2.0
1,61,50000.0,2.0
1,62,5000.0,0.0
1,62,6000.0,0.0
1,62,7000.0,0.0
1,62,8000.0,0.0
1,62,9000.0,0.0
1,62,10000.0,0.0
1,62,11000.0,0.0
1,62,12000.0,0.0
1,62,13000.0,0.0
1,62,14000.0,0.0
1,62,15000.0,0.0
1,62,16000.0,0.0
1,62,17000.0,0.0
1,62,18000.0,0.0
1,62,19000.0,0.0
1,62,20000.0,0.0
1,62,21000.0,0.0
1,62,22000.0,0.0
1,62,23000.0,0.0
1,62,24000.0,0.0
1,62,25000.0,0.0
1,62,26000.0,0.0
1,62,27000.0,0.0
1,62,28000.0,0.0
1,62,29000.0,0.0
1,62,30000.0,0.0
1,62,31000.0,0.0
1,62,32000.0,0.0
1,62,33000.0,0.0
1,62,34000.0,0.0
1,62,35000.0,0.0
1,62,36000.0,0.0
1,62,37000.0,0.0
1,62,38000.0,0.0
1,62,39000.0,0.0
1,62,40000.0,0.0
1,62,41000.0,0.0
1,62,42000.0,0.0
1,62,43000.0,0.0
1,62,44000.0,0.0
1,62,45000.0,0.0
1,62,46000.0,0.0
1,62,47000.0,0.0
1,62,48000.0,0.0
1,62,49000.0,0.0
1,62,50000.0,0.0
1,63,5000.0,0.0
1,63,6000.0,0.0
1,63,7000.0,0.0
1,63,8000.0,0.0
1,63,9000.0,0.0
1,63,10000.0,0.0
1,63,11000.0,0.0
1,63,12000.0,0.0
1,63,13000.0,0.0
1,63,14000.0,0.0
1,63,15000.0,0.0
1,63,16000.0,0.0
1,63,17000.0,0.0
1,63,18000.0,0.0
1,63,19000.0,0.0
1,63,20000.0,0.0
1,63,21000.0,0.0
1,63,22000.0,0.0
1,63,23000.0,0.0
1,63,24000.0,0.0
1,63,25000.0,0.0
1,63,26000.0,0.0
1,63,27000.0,0.0
1,63,28000.0,0.0
1,63,29000.0,0.0
1,63,30000.0,0.0
1,63,31000.0,0.0
1,63,32000.0,0.0
1,63,33000.0,0.0
1,63,34000.0,0.0
1,63,35000.0,0.0
1,63,36000.0,0.0
1,63,37000.0,0.0
1,63,38000.0,0.0
1,63,39000.0,0.0
1,63,40000.0,0.0
1,63,41000.0,0.0
1,63,42000.0,0.0
1,63,43000.0,0.0
1,63,44000.0,0.0
1,63,45000.0,0.0
1,63,46000.0,0.0
1,63,47000.0,0.0
1,63,48000.0,0.0
1,63,49000.0,0.0
1,63,50000.0,0.0
1,64,5000.0,0.0
1,64,6000.0,0.0
1,64,7000.0,0.0
1,64,8000.0,0.0
1,64,9000.0,0.0
1,64,10000.0,0.0
1,64,11000.0,0.0
1,64,12000.0,0.0
1,64,13000.0,0.0
1,64,14000.0,0.0
1,64,15000.0,0.0
1,64,16000.0,0.0
1,64,17000.0,0.0
1,64,18000.0,0.0
1,64,19000.0,0.0
1,64,20000.0,0.0
1,64,21000.0,0.0
1,64,22000.0,0.0
1,64,23000.0,0.0
1,64,24000.0,0.0
1,64,25000.0,0.0
1,64,26000.0,0.0
1,64,27000.0,0.0
1,64,28000.0,0.0
1,64,29000.0,0.0
1,64,30000.0,0.0
1,64,31000.0,0.0
1,64,32000.0,0.0
1,64,33000.0,0.0
1,64,34000.0,0.0
1,64,35000.0,0.0
1,64,36000.0,0.0
1,64,37000.0,0.0
1,64,38000.0,0.0
1,64,39000.0,0.0
1,64,40000.0,0.0
1,64,41000.0,0.0
1,64,42000.0,0.0
1,64,43000.0,0.0
1,64,44000.0,0.0
1,64,45000.0,0.0
1,64,46000.0,0.0
1,64,47000.0,0.0
1,64,48000.0,0.0
1,64,49000.0,0.0
1,64,50000.0,0.0
1,65,5000.0,0.0
1,65,6000.0,0.0
1,65,7000.0,0.0
1,65,8000.0,0.0
1,65,9000.0,0.0
1,65,10000.0,0.0
1,65,11000.0,0.0
1,65,12000.0,0.0
1,65,13000.0,2.0
1,65,14000.0,2.0
1,65,15000.0,2.0
1,65,16000.0,2.0
1,65,17000.0,2.0
1,65,18000.0,2.0
1,65,19000.0,2.0
1,65,20000.0,2.0
1,65,21000.0,2.0
1,65,22000.0,0.0
1,65,23000.0,0.0
1,65,24000.0,0.0
1,65,25000.0,0.0
1,65,26000.0,0.0
1,65,27000.0,0.0
1,65,28000.0,0.0
1,65,29000.0,0.0
1,65,30000.0,0.0
1,65,31000.0,0.0
1,65,32000.0,0.0
1,65,33000.0,0.0
1,65,34000.0,0.0
1,65,35000.0,0.0
1,65,36000.0,0.0
1,65,37000.0,0.0
1,65,38000.0,0.0
1,65,39000.0,0.0
1,65,40000.0,0.0
1,65,41000.0,0.0
1,65,42000.0,0.0
1,65,43000.0,0.0
1,65,44000.0,0.0
1,65,45000.0,0.0
1,65,46000.0,0.0
1,65,47000.0,0.0
1,65,48000.0,0.0
1,65,49000.0,0.0
1,65,50000.0,0.0
1,66,5000.0,0.0
1,66,6000.0,0.0
1,66,7000.0,0.0
1,66,8000.0,0.0
1,66,9000.0,0.0
1,66,10000.0,0.0
1,66,11000.0,0.0
1,66,12000.0,0.0
1,66,13000.0,0.0
1,66,14000.0,0.0
1,66,15000.0,0.0
1,66,16000.0,0.0
1,66,17000.0,0.0
1,66,18000.0,0.0
1,66,19000.0,0.0
1,66,20000.0,0.0
1,66,21000.0,0.0
1,66,22000.0,0.0
1,66,23000.0,0.0
1,66,24000.0,0.0
1,66,25000.0,0.0
1,66,26000.0,0.0
1,66,27000.0,0.0
1,66,28000.0,0.0
1,66,29000.0,0.0
1,66,30000.0,0.0
1,66,31000.0,0.0
1,66,32000.0,0.0
1,66,33000.0,0.0
1,66,34000.0,0.0
1,66,35000.0,0.0
1,66,36000.0,0.0
1,66,37000.0,0.0
1,66,38000.0,0.0
1,66,39000.0,0.0
1,66,40000.0,0.0
1,66,41000.0,0.0
1,66,42000.0,0.0
1,66,43000.0,0.0
1,66,44000.0,0.0
1,66,45000.0,0.0
1,66,46000.0,0.0
1,66,47000.0,0.0
1,66,48000.0,0.0
1,66,49000.0,0.0
1,66,50000.0,0.0
1,67,5000.0,0.0
1,67,6000.0,0.0
1,67,7000.0,0.0
1,67,8000.0,0.0
1,67,9000.0,0.0
1,67,10000.0,0.0
1,67,11000.0,0.0
1,67,12000.0,0.0
1,67,13000.0,0.0
1,67,14000.0,0.0
1,67,15000.0,0.0
1,67,16000.0,0.0
1,67,17000.0,0.0
1,67,18000.0,0.0
1,67,19000.0,0.0
1,67,20000.0,0.0
1,67,21000.0,0.0
1,67,22000.0,0.0
1,67,23000.0,0.0
1,67,24000.0,0.0
1,67,25000.0,0.0
1,67,26000.0,0.0
1,67,27000.0,0.0
1,67,28000.0,0.0
1,67,29000.0,0.0
1,67,30000.0,0.0
1,67,31000.0,0.0
1,67,32000.0,0.0
1,67,33000.0,0.0
1,67,34000.0,0.0
1,67,35000.0,0.0
1,67,36000.0,0.0
1,67,37000.0,0.0
1,67,38000.0,0.0
1,67,39000.0,0.0
1,67,40000.0,0.0
1,67,41000.0,0.0
1,67,42000.0,0.0
1,67,43000.0,0.0
1,67,44000.0,0.0
1,67,45000.0,0.0
1,67,46000.0,0.0
1,67,47000.0,0.0
1,67,48000.0,0.0
1,67,49000.0,0.0
1,67,50000.0,0.0
1,68,5000.0,0.0
1,68,6000.0,0.0
1,68,7000.0,0.0
1,68,8000.0,0.0
1,68,9000.0,0.0
1,68,10000.0,0.0
1,68,11000.0,0.0
1,68,12000.0,0.0
1,68,13000.0,0.0
1,68,14000.0,0.0
1,68,15000.0,0.0
1,68,16000.0,0.0
1,68,17000.0,0.0
1,68,18000.0,0.0
1,68,19000.0,0.0
1,68,20000.0,0.0
1,68,21000.0,0.0
1,68,22000.0,0.0
1,68,23000.0,0.0
1,68,24000.0,0.0
1,68,25000.0,0.0
1,68,26000.0,0.0
1,68,27000.0,0.0
1,68,28000.0,0.0
1,68,29000.0,0.0
1,68,30000.0,0.0
1,68,31000.0,0.0
1,68,32000.0,0.0
1,68,33000.0,0.0
1,68,34000.0,0.0
1,68,35000.0,0.0
1,68,36000.0,0.0
1,68,37000.0,0.0
1,68,38000.0,0.0
1,68,39000.0,0.0
1,68,40000.0,0.0
1,68,41000.0,0.0
1,68,42000.0,0.0
1,68,43000.0,0.0
1,68,44000.0,0.0
1,68,45000.0,0.0
1,68,46000.0,0.0
1,68,47000.0,0.0
1,68,48000.0,0.0
1,68,49000.0,2.0
1,68,50000.0,2.0
1,69,5000.0,0.0
1,69,6000.0,0.0
1,69,7000.0,2.0
1,69,8000.0,2.0
1,69,9000.0,2.0
1,69,10000.0,2.0
1,69,11000.0,2.0
1,69,12000.0,0.0
1,69,13000.0,0.0
1,69,14000.0,0.0
1,69,15000.0,0.0
1,69,16000.0,0.0
1,69,17000.0,0.0
1,69,18000.0,0.0
1,69,19000.0,0.0
1,69,20000.0,0.0
1,69,21000.0,0.0
1,69,22000.0,0.0
1,69,23000.0,0.0
1,69,24000.0,0.0
1,69,25000.0,0.0
1,69,26000.0,0.0
1,69,27000.0,0.0
1,69,28000.0,0.0
1,69,29000.0,0.0
1,69,30000.0,0.0
1,69,31000.0,0.0
1,69,32000.0,0.0
1,69,33000.0,0.0
1,69,34000.0,0.0
1,69,35000.0,0.0
1,69,36000.0,0.0
1,69,37000.0,0.0
1,69,38000.0,0.0
1,69,39000.0,0.0
1,69,40000.0,0.0
1,69,41000.0,0.0
1,69,42000.0,0.0
1,69,43000.0,0.0
1,69,44000.0,0.0
1,69,45000.0,0.0
1,69,46000.0,0.0
1,69,47000.0,0.0
1,69,48000.0,0.0
1,69,49000.0,0.0
1,69,50000.0,0.0
1,70,5000.0,0.0
1,70,6000.0,0.0
1,70,7000.0,0.0
1,70,8000.0,0.0
1,70,9000.0,0.0
1,70,10000.0,0.0
1,70,11000.0,0.0
1,70,12000.0,0.0
1,70,13000.0,0.0
1,70,14000.0,0.0
1,70,15000.0,0.0
1,70,16000.0,0.0
1,70,17000.0,0.0
1,70,18000.0,0.0
1,70,19000.0,0.0
1,70,20000.0,0.0
1,70,21000.0,0.0
1,70,22000.0,0.0
1,70,23000.0,0.0
1,70,24000.0,0.0
1,70,25000.0,0.0
1,70,26000.0,0.0
1,70,27000.0,0.0
1,70,28000.0,0.0
1,70,29000.0,0.0
1,70,30000.0,0.0
1,70,31000.0,0.0
1,70,32000.0,0.0
1,70,33000.0,0.0
1,70,34000.0,0.0
1,70,35000.0,0.0
1,70,36000.0,0.0
1,70,37000.0,0.0
1,70,38000.0,0.0
1,70,39000.0,0.0
1,70,40000.0,0.0
1,70,41000.0,0.0
1,70,42000.0,0.0
1,70,43000.0,0.0
1,70,44000.0,0.0
1,70,45000.0,0.0
1,70,46000.0,0.0
1,70,47000.0,0.0
1,70,48000.0,0.0
1,70,49000.0,0.0
1,70,50000.0,0.0
1,71,5000.0,0.0
1,71,6000.0,0.0
1,71,7000.0,0.0
1,71,8000.0,0.0
1,71,9000.0,0.0
1,71,10000.0,0.0
1,71,11000.0,0.0
1,71,12000.0,0.0
1,71,13000.0,0.0
1,71,14000.0,0.0
1,71,15000.0,0.0
1,71,16000.0,0.0
1,71,17000.0,0.0
1,71,18000.0,0.0
1,71,19000.0,0.0
1,71,20000.0,0.0
1,71,21000.0,0.0
1,71,22000.0,0.0
1,71,23000.0,0.0
1,71,24000.0,0.0
1,71,25000.0,0.0
1,71,26000.0,0.0
1,71,27000.0,0.0
1,71,28000.0,0.0
1,71,29000.0,0.0
1,71,30000.0,0.0
1,71,31000.0,0.0
1,71,32000.0,0.0
1,71,33000.0,0.0
1,71,34000.0,0.0
1,71,35000.0,0.0
1,71,36000.0,0.0
1,71,37000.0,0.0
1,71,38000.0,0.0
1,71,39000.0,0.0
1,71,40000.0,0.0
1,71,41000.0,0.0
1,71,42000.0,0.0
1,71,43000.0,0.0
1,71,44000.0,0.0
1,71,45000.0,0.0
1,71,46000.0,0.0
1,71,47000.0,0.0
1,71,48000.0,0.0
1,71,49000.0,0.0
1,71,50000.0,0.0
1,72,5000.0,0.0
1,72,6000.0,0.0
1,72,7000.0,0.0
1,72,8000.0,0.0
1,72,9000.0,0.0
1,72,10000.0,0.0
1,72,11000.0,0.0
1,72,12000.0,0.0
1,72,13000.0,0.0
1,72,14000.0,0.0
1,72,15000.0,0.0
1,72,16000.0,0.0
1,72,17000.0,0.0
1,72,18000.0,0.0
1,72,19000.0,0.0
1,72,20000.0,0.0
1,72,21000.0,0.0
1,72,22000.0,0.0
1,72,23000.0,0.0
1,72,24000.0,0.0
1,72,25000.0,0.0
1,72,26000.0,0.0
1,72,27000.0,0.0
1,72,28000.0,0.0
1,72,29000.0,0.0
1,72,30000.0,0.0
1,72,31000.0,0.0
1,72,32000.0,0.0
1,72,33000.0,0.0
1,72,34000.0,0.0
1,72,35000.0,0.0
1,72,36000.0,0.0
1,72,37000.0,0.0
1,72,38000.0,0.0
1,72,39000.0,0.0
1,72,40000.0,0.0
1,72,41000.0,0.0
1,72,42000.0,0.0
1,72,43000.0,0.0
1,72,44000.0,0.0
1,72,45000.0,0.0
1,72,46000.0,0.0
1,72,47000.0,0.0
1,72,48000.0,0.0
1,72,49000.0,0.0
1,72,50000.0,0.0
1,73,5000.0,0.0
1,73,6000.0,0.0
1,73,7000.0,0.0
1,73,8000.0,0.0
1,73,9000.0,0.0
1,73,10000.0,0.0
1,73,11000.0,0.0
1,73,12000.0,0.0
1,73,13000.0,0.0
1,73,14000.0,0.0
1,73,15000.0,0.0
1,73,16000.0,0.0
1,73,17000.0,0.0
1,73,18000.0,0.0
1,73,19000.0,2.0
1,73,20000.0,2.0
1,73,21000.0,2.0
1,73,22000.0,0.0
1,73,23000.0,0.0
1,73,24000.0,0.0
1,73,25000.0,0.0
1,73,26000.0,0.0
1,73,27000.0,0.0
1,73,28000.0,0.0
1,73,29000.0,0.0
1,73,30000.0,0.0
1,73,31000.0,0.0
1,73,32000.0,0.0
1,73,33000.0,0.0
1,73,34000.0,0.0
1,73,35000.0,0.0
1,73,36000.0,0.0
1,73,37000.0,0.0
1,73,38000.0,0.0
1,73,39000.0,0.0
1,73,40000.0,0.0
1,73,41000.0,0.0
1,73,42000.0,0.0
1,73,43000.0,0.0
1,73,44000.0,0.0
1,73,45000.0,0.0
1,73,46000.0,0.0
1,73,47000.0,0.0
1,73,48000.0,0.0
1,73,49000.0,0.0
1,73,50000.0,0.0
1,74,5000.0,0.0
1,74,6000.0,0.0
1,74,7000.0,0.0
1,74,8000.0,0.0
1,74,9000.0,0.0
1,74,10000.0,0.0
1,74,11000.0,0.0
1,74,12000.0,0.0
1,74,13000.0,0.0
1,74,14000.0,0.0
1,74,15000.0,0.0
1,74,16000.0,0.0
1,74,17000.0,2.0
1,74,18000.0,2.0
1,74,19000.0,2.0
1,74,20000.0,2.0
1,74,21000.0,2.0
1,74,22000.0,0.0
1,74,23000.0,0.0
1,74,24000.0,0.0
1,74,25000.0,0.0
1,74,26000.0,0.0
1,74,27000.0,0.0
1,74,28000.0,0.0
1,74,29000.0,0.0
1,74,30000.0,0.0
1,74,31000.0,0.0
1,74,32000.0,0.0
1,74,33000.0,0.0
1,74,34000.0,0.0
1,74,35000.0,0.0
1,74,36000.0,0.0
1,74,37000.0,0.0
1,74,38000.0,0.0
1,74,39000.0,0.0
1,74,40000.0,0.0
1,74,41000.0,0.0
1,74,42000.0,0.0
1,74,43000.0,0.0
1,74,44000.0,0.0
1,74,45000.0,0.0
1,74,46000.0,0.0
1,74,47000.0,0.0
1,74,48000.0,0.0
1,74,49000.0,0.0
1,74,50000.0,0.0
1,75,5000.0,0.0
1,75,6000.0,0.0
1,75,7000.0,0.0
1,75,8000.0,0.0
1,75,9000.0,0.0
1,75,10000.0,0.0
1,75,11000.0,0.0
1,75,12000.0,0.0
1,75,13000.0,0.0
1,75,14000.0,0.0
1,75,15000.0,0.0
1,75,16000.0,0.0
1,75,17000.0,0.0
1,75,18000.0,0.0
1,75,19000.0,0.0
1,75,20000.0,0.0
1,75,21000.0,0.0
1,75,22000.0,0.0
1,75,23000.0,0.0
1,75,24000.0,0.0
1,75,25000.0,0.0
1,75,26000.0,0.0
1,75,27000.0,0.0
1,75,28000.0,0.0
1,75,29000.0,0.0
1,75,30000.0,0.0
1,75,31000.0,0.0
1,75,32000.0,0.0
1,75,33000.0,0.0
1,75,34000.0,0.0
1,75,35000.0,0.0
1,75,36000.0,0.0
1,75,37000.0,0.0
1,75,38000.0,0.0
1,75,39000.0,0.0
1,75,40000.0,0.0
1,75,41000.0,0.0
1,75,42000.0,0.0
1,75,43000.0,0.0
1,75,44000.0,0.0
1,75,45000.0,0.0
1,75,46000.0,0.0
1,75,47000.0,0.0
1,75,48000.0,0.0
1,75,49000.0,0.0
1,75,50000.0,0.0
1,76,5000.0,0.0
1,76,6000.0,0.0
1,76,7000.0,0.0
1,76,8000.0,0.0
1,76,9000.0,0.0
1,76,10000.0,0.0
1,76,11000.0,0.0
1,76,12000.0,0.0
1,76,13000.0,0.0
1,76,14000.0,0.0
1,76,15000.0,0.0
1,76,16000.0,0.0
1,76,17000.0,0.0
1,76,18000.0,0.0
1,76,19000.0,0.0
1,76,20000.0,0.0
1,76,21000.0,0.0
1,76,22000.0,0.0
1,76,23000.0,0.0
1,76,24000.0,0.0
1,76,25000.0,0.0
1,76,26000.0,0.0
1,76,27000.0,0.0
1,76,28000.0,0.0
1,76,29000.0,0.0
1,76,30000.0,0.0
1,76,31000.0,0.0
1,76,32000.0,0.0
1,76,33000.0,0.0
1,76,34000.0,0.0
1,76,35000.0,0.0
1,76,36000.0,0.0
1,76,37000.0,0.0
1,76,38000.0,0.0
1,76,39000.0,0.0
1,76,40000.0,0.0
1,76,41000.0,0.0
1,76,42000.0,0.0
1,76,43000.0,0.0
1,76,44000.0,0.0
1,76,45000.0,0.0
1,76,46000.0,0.0
1,76,47000.0,0.0
1,76,48000.0,0.0
1,76,49000.0,0.0
1,76,50000.0,0.0
1,77,5000.0,0.0
1,77,6000.0,0.0
1,77,7000.0,0.0
1,77,8000.0,0.0
1,77,9000.0,0.0
1,77,10000.0,0.0
1,77,11000.0,0.0
1,77,12000.0,0.0
1,77,13000.0,0.0
1,77,14000.0,0.0
1,77,15000.0,0.0
1,77,16000.0,0.0
1,77,17000.0,0.0
1,77,18000.0,0.0
1,77,19000.0,0.0
1,77,20000.0,0.0
1,77,21000.0,0.0
1,77,22000.0,0.0
1,77,23000.0,0.0
1,77,24000.0,0.0
1,77,25000.0,0.0
1,77,26000.0,0.0
1,77,27000.0,0.0
1,77,28000.0,0.0
1,77,29000.0,0.0
1,77,30000.0,0.0
1,77,31000.0,0.0
1,77,32000.0,0.0
1,77,33000.0,0.0
1,77,34000.0,0.0
1,77,35000.0,0.0
1,77,36000.0,0.0
1,77,37000.0,0.0
1,77,38000.0,0.0
1,77,39000.0,0.0
1,77,40000.0,0.0
1,77,41000.0,0.0
1,77,42000.0,0.0
1,77,43000.0,0.0
1,77,44000.0,0.0
1,77,45000.0,0.0
1,77,46000.0,0.0
1,77,47000.0,0.0
1,77,48000.0,0.0
1,77,49000.0,0.0
1,77,50000.0,0.0
1,78,5000.0,0.0
1,78,6000.0,0.0
1,78,7000.0,2.0
1,78,8000.0,2.0
1,78,9000.0,2.0
1,78,10000.0,2.0
1,78,11000.0,2.0
1,78,12000.0,0.0
1,78,13000.0,0.0
1,78,14000.0,0.0
1,78,15000.0,0.0
1,78,16000.0,0.0
1,78,17000.0,0.0
1,78,18000.0,0.0
1,78,19000.0,0.0
1,78,20000.0,0.0
1,78,21000.0,0.0
1,78,22000.0,0.0
1,78,23000.0,0.0
1,78,24000.0,0.0
1,78,25000.0,0.0
1,78,26000.0,0.0
1,78,27000.0,0.0
1,78,28000.0,0.0
1,78,29000.0,0.0
1,78,30000.0,0.0
1,78,31000.0,0.0
1,78,32000.0,0.0
1,78,33000.0,0.0
1,78,34000.0,0.0
1,78,35000.0,0.0
1,78,36000.0,0.0
1,78,37000.0,0.0
1,78,38000.0,0.0
1,78,39000.0,0.0
1,78,40000.0,0.0
1,78,41000.0,0.0
1,78,42000.0,0.0
1,78,43000.0,0.0
1,78,44000.0,0.0
1,78,45000.0,0.0
1,78,46000.0,0.0
1,78,47000.0,0.0
1,78,48000.0,0.0
1,78,49000.0,0.0
1,78,50000.0,0.0
1,79,5000.0,0.0
1,79,6000.0,0.0
1,79,7000.0,0.0
1,79,8000.0,0.0
1,79,9000.0,0.0
1,79,10000.0,0.0
1,79,11000.0,0.0
1,79,12000.0,0.0
1,79,13000.0,0.0
1,79,14000.0,0.0
1,79,15000.0,0.0
1,79,16000.0,0.0
1,79,17000.0,0.0
1,79,18000.0,0.0
1,79,19000.0,0.0
1,79,20000.0,0.0
1,79,21000.0,0.0
1,79,22000.0,0.0
1,79,23000.0,0.0
1,79,24000.0,0.0
1,79,25000.0,0.0
1,79,26000.0,0.0
1,79,27000.0,0.0
1,79,28000.0,0.0
1,79,29000.0,0.0
1,79,30000.0,0.0
1,79,31000.0,0.0
1,79,32000.0,0.0
1,79,33000.0,0.0
1,79,34000.0,0.0
1,79,35000.0,0.0
1,79,36000.0,0.0
1,79,37000.0,0.0
1,79,38000.0,0.0
1,79,39000.0,0.0
1,79,40000.0,0.0
1,79,41000.0,0.0
1,79,42000.0,0.0
1,79,43000.0,0.0
1,79,44000.0,0.0
1,79,45000.0,0.0
1,79,46000.0,0.0
1,79,47000.0,0.0
1,79,48000.0,0.0
1,79,49000.0,0.0
1,79,50000.0,0.0
1,80,5000.0,2.0
1,80,6000.0,2.0
1,80,7000.0,2.0
1,80,8000.0,2.0
1,80,9000.0,2.0
1,80,10000.0,2.0
1,80,11000.0,2.0
1,80,12000.0,0.0
1,80,13000.0,0.0
1,80,14000.0,0.0
1,80,15000.0,0.0
1,80,16000.0,0.0
1,80,17000.0,0.0
1,80,18000.0,0.0
1,80,19000.0,0.0
1,80,20000.0,0.0
1,80,21000.0,0.0
1,80,22000.0,0.0
1,80,23000.0,0.0
1,80,24000.0,0.0
1,80,25000.0,0.0
1,80,26000.0,0.0
1,80,27000.0,0.0
1,80,28000.0,0.0
1,80,29000.0,0.0
1,80,30000.0,0.0
1,80,31000.0,0.0
1,80,32000.0,0.0
1,80,33000.0,0.0
1,80,34000.0,0.0
1,80,35000.0,0.0
1,80,36000.0,0.0
1,80,37000.0,0.0
1,80,38000.0,0.0
1,80,39000.0,0.0
1,80,40000.0,0.0
1,80,41000.0,0.0
1,80,42000.0,0.0
1,80,43000.0,0.0
1,80,44000.0,0.0
1,80,45000.0,0.0
1,80,46000.0,0.0
1,80,47000.0,0.0
1,80,48000.0,0.0
1,80,49000.0,0.0
1,80,50000.0,0.0
1,81,5000.0,0.0
1,81,6000.0,0.0
1,81,7000.0,0.0
1,81,8000.0,0.0
1,81,9000.0,0.0
1,81,10000.0,0.0
1,81,11000.0,0.0
1,81,12000.0,0.0
1,81,13000.0,0.0
1,81,14000.0,0.0
1,81,15000.0,0.0
1,81,16000.0,0.0
1,81,17000.0,0.0
1,81,18000.0,0.0
1,81,19000.0,0.0
1,81,20000.0,0.0
1,81,21000.0,0.0
1,81,22000.0,0.0
1,81,23000.0,0.0
1,81,24000.0,0.0
1,81,25000.0,0.0
1,81,26000.0,0.0
1,81,27000.0,0.0
1,81,28000.0,0.0
1,81,29000.0,0.0
1,81,30000.0,0.0
1,81,31000.0,0.0
1,81,32000.0,0.0
1,81,33000.0,0.0
1,81,34000.0,0.0
1,81,35000.0,0.0
1,81,36000.0,0.0
1,81,37000.0,0.0
1,81,38000.0,0.0
1,81,39000.0,0.0
1,81,40000.0,0.0
1,81,41000.0,0.0
1,81,42000.0,0.0
1,81,43000.0,0.0
1,81,44000.0,0.0
1,81,45000.0,0.0
1,81,46000.0,0.0
1,81,47000.0,0.0
1,81,48000.0,0.0
1,81,49000.0,0.0
1,81,50000.0,0.0
1,82,5000.0,0.0
1,82,6000.0,0.0
1,82,7000.0,0.0
1,82,8000.0,0.0
1,82,9000.0,0.0
1,82,10000.0,0.0
1,82,11000.0,0.0
1,82,12000.0,0.0
1,82,13000.0,0.0
1,82,14000.0,0.0
1,82,15000.0,0.0
1,82,16000.0,0.0
1,82,17000.0,2.0
1,82,18000.0,2.0
1,82,19000.0,2.0
1,82,20000.0,2.0
1,82,21000.0,2.0
1,82,22000.0,0.0
1,82,23000.0,0.0
1,82,24000.0,0.0
1,82,25000.0,0.0
1,82,26000.0,0.0
1,82,27000.0,0.0
1,82,28000.0,0.0
1,82,29000.0,0.0
1,82,30000.0,0.0
1,82,31000.0,0.0
1,82,32000.0,0.0
1,82,33000.0,0.0
1,82,34000.0,0.0
1,82,35000.0,0.0
1,82,36000.0,0.0
1,82,37000.0,0.0
1,82,38000.0,0.0
1,82,39000.0,0.0
1,82,40000.0,0.0
1,82,41000.0,0.0
1,82,42000.0,0.0
1,82,43000.0,0.0
1,82,44000.0,0.0
1,82,45000.0,0.0
1,82,46000.0,0.0
1,82,47000.0,0.0
1,82,48000.0,0.0
1,82,49000.0,0.0
1,82,50000.0,0.0
1,83,5000.0,0.0
1,83,6000.0,0.0
1,83,7000.0,0.0
1,83,8000.0,0.0
1,83,9000.0,0.0
1,83,10000.0,0.0
1,83,11000.0,0.0
1,83,12000.0,0.0
1,83,13000.0,0.0
1,83,14000.0,0.0
1,83,15000.0,0.0
1,83,16000.0,0.0
1,83,17000.0,0.0
1,83,18000.0,0.0
1,83,19000.0,0.0
1,83,20000.0,0.0
1,83,21000.0,0.0
1,83,22000.0,0.0
1,83,23000.0,0.0
1,83,24000.0,0.0
1,83,25000.0,0.0
1,83,26000.0,0.0
1,83,27000.0,0.0
1,83,28000.0,0.0
1,83,29000.0,0.0
1,83,30000.0,0.0
1,83,31000.0,0.0
1,83,32000.0,0.0
1,83,33000.0,0.0
1,83,34000.0,0.0
1,83,35000.0,0.0
1,83,36000.0,0.0
1,83,37000.0,0.0
1,83,38000.0,0.0
1,83,39000.0,0.0
1,83,40000.0,0.0
1,83,41000.0,0.0
1,83,42000.0,0.0
1,83,43000.0,0.0
1,83,44000.0,0.0
1,83,45000.0,0.0
1,83,46000.0,0.0
1,83,47000.0,0.0
1,83,48000.0,0.0
1,83,49000.0,0.0
1,83,50000.0,0.0
1,84,5000.0,0.0
1,84,6000.0,0.0
1,84,7000.0,0.0
1,84,8000.0,0.0
1,84,9000.0,0.0
1,84,10000.0,0.0
1,84,11000.0,0.0
1,84,12000.0,0.0
1,84,13000.0,0.0
1,84,14000.0,0.0
1,84,15000.0,0.0
1,84,16000.0,0.0
1,84,17000.0,0.0
1,84,18000.0,0.0
1,84,19000.0,0.0
1,84,20000.0,0.0
1,84,21000.0,0.0
1,84,22000.0,0.0
1,84,23000.0,0.0
1,84,24000.0,0.0
1,84,25000.0,0.0
1,84,26000.0,0.0
1,84,27000.0,0.0
1,84,28000.0,0.0
1,84,29000.0,0.0
1,84,30000.0,0.0
1,84,31000.0,0.0
1,84,32000.0,0.0
1,84,33000.0,0.0
1,84,34000.0,0.0
1,84,35000.0,0.0
1,84,36000.0,0.0
1,84,37000.0,0.0
1,84,38000.0,0.0
1,84,39000.0,0.0
1,84,40000.0,0.0
1,84,41000.0,0.0
1,84,42000.0,0.0
1,84,43000.0,0.0
1,84,44000.0,0.0
1,84,45000.0,0.0
1,84,46000.0,0.0
1,84,47000.0,0.0
1,84,48000.0,0.0
1,84,49000.0,0.0
1,84,50000.0,0.0
1,85,5000.0,0.0
1,85,6000.0,0.0
1,85,7000.0,0.0
1,85,8000.0,0.0
1,85,9000.0,0.0
1,85,10000.0,0.0
1,85,11000.0,0.0
1,85,12000.0,0.0
1,85,13000.0,0.0
1,85,14000.0,0.0
1,85,15000.0,0.0
1,85,16000.0,0.0
1,85,17000.0,0.0
1,85,18000.0,0.0
1,85,19000.0,0.0
1,85,20000.0,0.0
1,85,21000.0,0.0
1,85,22000.0,0.0
1,85,23000.0,0.0
1,85,24000.0,0.0
1,85,25000.0,0.0
1,85,26000.0,0.0
1,85,27000.0,0.0
1,85,28000.0,0.0
1,85,29000.0,0.0
1,85,30000.0,0.0
1,85,31000.0,0.0
1,85,32000.0,0.0
1,85,33000.0,0.0
1,85,34000.0,0.0
1,85,35000.0,0.0
1,85,36000.0,0.0
1,85,37000.0,0.0
1,85,38000.0,0.0
1,85,39000.0,0.0
1,85,40000.0,0.0
1,85,41000.0,0.0
1,85,42000.0,0.0
1,85,43000.0,0.0
1,85,44000.0,0.0
1,85,45000.0,0.0
1,85,46000.0,0.0
1,85,47000.0,0.0
1,85,48000.0,2.0
1,85,49000.0,2.0
1,85,50000.0,2.0
1,86,5000.0,0.0
1,86,6000.0,0.0
1,86,7000.0,0.0
1,86,8000.0,0.0
1,86,9000.0,0.0
1,86,10000.0,0.0
1,86,11000.0,0.0
1,86,12000.0,0.0
1,86,13000.0,0.0
1,86,14000.0,0.0
1,86,15000.0,0.0
1,86,16000.0,0.0
1,86,17000.0,0.0
1,86,18000.0,0.0
1,86,19000.0,0.0
1,86,20000.0,0.0
1,86,21000.0,0.0
1,86,22000.0,0.0
1,86,23000.0,0.0
1,86,24000.0,0.0
1,86,25000.0,0.0
1,86,26000.0,0.0
1,86,27000.0,0.0
1,86,28000.0,0.0
1,86,29000.0,0.0
1,86,30000.0,0.0
1,86,31000.0,0.0
1,86,32000.0,0.0
1,86,33000.0,0.0
1,86,34000.0,0.0
1,86,35000.0,0.0
1,86,36000.0,0.0
1,86,37000.0,0.0
1,86,38000.0,0.0
1,86,39000.0,0.0
1,86,40000.0,0.0
1,86,41000.0,0.0
1,86,42000.0,0.0
1,86,43000.0,0.0
1,86,44000.0,0.0
1,86,45000.0,0.0
1,86,46000.0,0.0
1,86,47000.0,0.0
1,86,48000.0,0.0
1,86,49000.0,0.0
1,86,50000.0,0.0
1,87,5000.0,0.0
1,87,6000.0,0.0
1,87,7000.0,0.0
1,87,8000.0,0.0
1,87,9000.0,0.0
1,87,10000.0,0.0
1,87,11000.0,0.0
1,87,12000.0,0.0
1,87,13000.0,0.0
1,87,14000.0,0.0
1,87,15000.0,0.0
1,87,16000.0,0.0
1,87,17000.0,0.0
1,87,18000.0,0.0
1,87,19000.0,0.0
1,87,20000.0,0.0
1,87,21000.0,0.0
1,87,22000.0,0.0
1,87,23000.0,0.0
1,87,24000.0,0.0
1,87,25000.0,0.0
1,87,26000.0,0.0
1,87,27000.0,0.0
1,87,28000.0,0.0
1,87,29000.0,0.0
1,87,30000.0,0.0
1,87,31000.0,0.0
1,87,32000.0,0.0
1,87,33000.0,0.0
1,87,34000.0,0.0
1,87,35000.0,0.0
1,87,36000.0,0.0
1,87,37000.0,0.0
1,87,38000.0,0.0
1,87,39000.0,0.0
1,87,40000.0,0.0
1,87,41000.0,0.0
1,87,42000.0,0.0
1,87,43000.0,0.0
1,87,44000.0,0.0
1,87,45000.0,0.0
1,87,46000.0,0.0
1,87,47000.0,0.0
1,87,48000.0,0.0
1,87,49000.0,0.0
1,87,50000.0,0.0
1,88,5000.0,0.0
1,88,6000.0,0.0
1,88,7000.0,0.0
1,88,8000.0,0.0
1,88,9000.0,0.0
1,88,10000.0,0.0
1,88,11000.0,0.0
1,88,12000.0,0.0
1,88,13000.0,0.0
1,88,14000.0,0.0
1,88,15000.0,0.0
1,88,16000.0,0.0
1,88,17000.0,0.0
1,88,18000.0,0.0
1,88,19000.0,0.0
1,88,20000.0,0.0
1,88,21000.0,0.0
1,88,22000.0,0.0
1,88,23000.0,0.0
1,88,24000.0,0.0
1,88,25000.0,0.0
1,88,26000.0,0.0
1,88,27000.0,0.0
1,88,28000.0,0.0
1,88,29000.0,0.0
1,88,30000.0,0.0
1,88,31000.0,0.0
1,88,32000.0,0.0
1,88,33000.0,0.0
1,88,34000.0,0.0
1,88,35000.0,0.0
1,88,36000.0,0.0
1,88,37000.0,0.0
1,88,38000.0,0.0
1,88,39000.0,0.0
1,88,40000.0,0.0
1,88,41000.0,0.0
1,88,42000.0,0.0
1,88,43000.0,0.0
1,88,44000.0,0.0
1,88,45000.0,0.0
1,88,46000.0,0.0
1,88,47000.0,0.0
1,88,48000.0,0.0
1,88,49000.0,0.0
1,88,50000.0,0.0
1,89,5000.0,0.0
1,89,6000.0,0.0
1,89,7000.0,0.0
1,89,8000.0,0.0
1,89,9000.0,0.0
1,89,10000.0,0.0
1,89,11000.0,0.0
1,89,12000.0,0.0
1,89,13000.0,0.0
1,89,14000.0,0.0
1,89,15000.0,0.0
1,89,16000.0,0.0
1,89,17000.0,0.0
1,89,18000.0,0.0
1,89,19000.0,0.0
1,89,20000.0,0.0
1,89,21000.0,0.0
1,89,22000.0,0.0
1,89,23000.0,0.0
1,89,24000.0,0.0
1,89,25000.0,0.0
1,89,26000.0,0.0
1,89,27000.0,0.0
1,89,28000.0,0.0
1,89,29000.0,0.0
1,89,30000.0,0.0
1,89,31000.0,0.0
1,89,32000.0,0.0
1,89,33000.0,0.0
1,89,34000.0,0.0
1,89,35000.0,0.0
1,89,36000.0,0.0
1,89,37000.0,0.0
1,89,38000.0,0.0
1,89,39000.0,0.0
1,89,40000.0,0.0
1,89,41000.0,0.0
1,89,42000.0,0.0
1,89,43000.0,0.0
1,89,44000.0,0.0
1,89,45000.0,0.0
1,89,46000.0,0.0
1,89,47000.0,0.0
1,89,48000.0,0.0
1,89,49000.0,0.0
1,89,50000.0,0.0
1,90,5000.0,0.0
1,90,6000.0,0.0
1,90,7000.0,0.0
1,90,8000.0,0.0
1,90,9000.0,0.0
1,90,10000.0,0.0
1,90,11000.0,0.0
1,90,12000.0,0.0
1,90,13000.0,0.0
1,90,14000.0,0.0
1,90,15000.0,0.0
1,90,16000.0,0.0
1,90,17000.0,0.0
1,90,18000.0,0.0
1,90,19000.0,0.0
1,90,20000.0,0.0
1,90,21000.0,0.0
1,90,22000.0,0.0
1,90,23000.0,0.0
1,90,24000.0,0.0
1,90,25000.0,0.0
1,90,26000.0,0.0
1,90,27000.0,0.0
1,90,28000.0,0.0
1,90,29000.0,0.0
1,90,30000.0,0.0
1,90,31000.0,0.0
1,90,32000.0,0.0
1,90,33000.0,0.0
1,90,34000.0,0.0
1,90,35000.0,0.0
1,90,36000.0,0.0
1,90,37000.0,0.0
1,90,38000.0,0.0
1,90,39000.0,0.0
1,90,40000.0,0.0
1,90,41000.0,0.0
1,90,42000.0,0.0
1,90,43000.0,0.0
1,90,44000.0,0.0
1,90,45000.0,0.0
1,90,46000.0,0.0
1,90,47000.0,0.0
1,90,48000.0,0.0
1,90,49000.0,0.0
1,90,50000.0,0.0
1,91,5000.0,0.0
1,91,6000.0,0.0
1,91,7000.0,0.0
1,91,8000.0,0.0
1,91,9000.0,0.0
1,91,10000.0,0.0
1,91,11000.0,0.0
1,91,12000.0,0.0
1,91,13000.0,0.0
1,91,14000.0,0.0
1,91,15000.0,0.0
1,91,16000.0,0.0
1,91,17000.0,0.0
1,91,18000.0,0.0
1,91,19000.0,0.0
1,91,20000.0,0.0
1,91,21000.0,0.0
1,91,22000.0,0.0
1,91,23000.0,0.0
1,91,24000.0,0.0
1,91,25000.0,0.0
1,91,26000.0,0.0
1,91,27000.0,0.0
1,91,28000.0,0.0
1,91,29000.0,0.0
1,91,30000.0,0.0
1,91,31000.0,0.0
1,91,32000.0,0.0
1,91,33000.0,0.0
1,91,34000.0,0.0
1,91,35000.0,0.0
1,91,36000.0,0.0
1,91,37000.0,0.0
1,91,38000.0,0.0
1,91,39000.0,0.0
1,91,40000.0,0.0
1,91,41000.0,0.0
1,91,42000.0,0.0
1,91,43000.0,0.0
1,91,44000.0,0.0
1,91,45000.0,0.0
1,91,46000.0,0.0
1,91,47000.0,0.0
1,91,48000.0,0.0
1,91,49000.0,0.0
1,91,50000.0,0.0
1,92,5000.0,0.0
1,92,6000.0,0.0
1,92,7000.0,0.0
1,92,8000.0,0.0
1,92,9000.0,0.0
1,92,10000.0,0.0
1,92,11000.0,0.0
1,92,12000.0,0.0
1,92,13000.0,0.0
1,92,14000.0,0.0
1,92,15000.0,0.0
1,92,16000.0,0.0
1,92,17000.0,0.0
1,92,18000.0,0.0
1,92,19000.0,0.0
1,92,20000.0,0.0
1,92,21000.0,0.0
1,92,22000.0,0.0
1,92,23000.0,0.0
1,92,24000.0,0.0
1,92,25000.0,0.0
1,92,26000.0,0.0
1,92,27000.0,0.0
1,92,28000.0,0.0
1,92,29000.0,0.0
1,92,30000.0,0.0
1,92,31000.0,0.0
1,92,32000.0,0.0
1,92,33000.0,0.0
1,92,34000.0,0.0
1,92,35000.0,0.0
1,92,36000.0,0.0
1,92,37000.0,0.0
1,92,38000.0,0.0
1,92,39000.0,0.0
1,92,40000.0,0.0
1,92,41000.0,0.0
1,92,42000.0,0.0
1,92,43000.0,0.0
1,92,44000.0,0.0
1,92,45000.0,0.0
1,92,46000.0,0.0
1,92,47000.0,0.0
1,92,48000.0,0.0
1,92,49000.0,0.0
1,92,50000.0,0.0
1,93,5000.0,0.0
1,93,6000.0,0.0
1,93,7000.0,0.0
1,93,8000.0,0.0
1,93,9000.0,0.0
1,93,10000.0,0.0
1,93,11000.0,0.0
1,93,12000.0,0.0
1,93,13000.0,0.0
1,93,14000.0,0.0
1,93,15000.0,0.0
1,93,16000.0,0.0
1,93,17000.0,0.0
1,93,18000.0,0.0
1,93,19000.0,0.0
1,93,20000.0,0.0
1,93,21000.0,0.0
1,93,22000.0,0.0
1,93,23000.0,0.0
1,93,24000.0,0.0
1,93,25000.0,0.0
1,93,26000.0,0.0
1,93,27000.0,0.0
1,93,28000.0,0.0
1,93,29000.0,0.0
1,93,30000.0,0.0
1,93,31000.0,0.0
1,93,32000.0,0.0
1,93,33000.0,0.0
1,93,34000.0,0.0
1,93,35000.0,0.0
1,93,36000.0,0.0
1,93,37000.0,0.0
1,93,38000.0,0.0
1,93,39000.0,0.0
1,93,40000.0,0.0
1,93,41000.0,0.0
1,93,42000.0,0.0
1,93,43000.0,0.0
1,93,44000.0,0.0
1,93,45000.0,0.0
1,93,46000.0,0.0
1,93,47000.0,0.0
1,93,48000.0,0.0
1,93,49000.0,0.0
1,93,50000.0,0.0
1,94,5000.0,0.0
1,94,6000.0,0.0
1,94,7000.0,0.0
1,94,8000.0,0.0
1,94,9000.0,0.0
1,94,10000.0,0.0
1,94,11000.0,0.0
1,94,12000.0,0.0
1,94,13000.0,0.0
1,94,14000.0,0.0
1,94,15000.0,0.0
1,94,16000.0,0.0
1,94,17000.0,0.0
1,94,18000.0,0.0
1,94,19000.0,0.0
1,94,20000.0,0.0
1,94,21000.0,0.0
1,94,22000.0,0.0
1,94,23000.0,0.0
1,94,24000.0,0.0
1,94,25000.0,0.0
1,94,26000.0,0.0
1,94,27000.0,0.0
1,94,28000.0,0.0
1,94,29000.0,0.0
1,94,30000.0,0.0
1,94,31000.0,0.0
1,94,32000.0,0.0
1,94,33000.0,0.0
1,94,34000.0,0.0
1,94,35000.0,0.0
1,94,36000.0,0.0
1,94,37000.0,0.0
1,94,38000.0,0.0
1,94,39000.0,0.0
1,94,40000.0,0.0
1,94,41000.0,0.0
1,94,42000.0,0.0
1,94,43000.0,0.0
1,94,44000.0,0.0
1,94,45000.0,0.0
1,94,46000.0,0.0
1,94,47000.0,0.0
1,94,48000.0,0.0
1,94,49000.0,0.0
1,94,50000.0,0.0
1,95,5000.0,0.0
1,95,6000.0,0.0
1,95,7000.0,0.0
1,95,8000.0,0.0
1,95,9000.0,0.0
1,95,10000.0,0.0
1,95,11000.0,0.0
1,95,12000.0,0.0
1,95,13000.0,0.0
1,95,14000.0,0.0
1,95,15000.0,0.0
1,95,16000.0,0.0
1,95,17000.0,0.0
1,95,18000.0,0.0
1,95,19000.0,0.0
1,95,20000.0,0.0
1,95,21000.0,0.0
1,95,22000.0,0.0
1,95,23000.0,0.0
1,95,24000.0,0.0
1,95,25000.0,0.0
1,95,26000.0,0.0
1,95,27000.0,0.0
1,95,28000.0,0.0
1,95,29000.0,0.0
1,95,30000.0,0.0
1,95,31000.0,0.0
1,95,32000.0,0.0
1,95,33000.0,0.0
1,95,34000.0,0.0
1,95,35000.0,0.0
1,95,36000.0,0.0
1,95,37000.0,0.0
1,95,38000.0,0.0
1,95,39000.0,0.0
1,95,40000.0,0.0
1,95,41000.0,0.0
1,95,42000.0,0.0
1,95,43000.0,0.0
1,95,44000.0,0.0
1,95,45000.0,0.0
1,95,46000.0,0.0
1,95,47000.0,0.0
1,95,48000.0,0.0
1,95,49000.0,0.0
1,95,50000.0,0.0
1,96,5000.0,0.0
1,96,6000.0,0.0
1,96,7000.0,0.0
1,96,8000.0,0.0
1,96,9000.0,0.0
1,96,10000.0,0.0
1,96,11000.0,0.0
1,96,12000.0,0.0
1,96,13000.0,0.0
1,96,14000.0,0.0
1,96,15000.0,0.0
1,96,16000.0,0.0
1,96,17000.0,0.0
1,96,18000.0,0.0
1,96,19000.0,0.0
1,96,20000.0,0.0
1,96,21000.0,0.0
1,96,22000.0,0.0
1,96,23000.0,0.0
1,96,24000.0,0.0
1,96,25000.0,0.0
1,96,26000.0,0.0
1,96,27000.0,0.0
1,96,28000.0,0.0
1,96,29000.0,0.0
1,96,30000.0,0.0
1,96,31000.0,0.0
1,96,32000.0,0.0
1,96,33000.0,0.0
1,96,34000.0,0.0
1,96,35000.0,0.0
1,96,36000.0,0.0
1,96,37000.0,0.0
1,96,38000.0,0.0
1,96,39000.0,0.0
1,96,40000.0,0.0
1,96,41000.0,0.0
1,96,42000.0,0.0
1,96,43000.0,0.0
1,96,44000.0,0.0
1,96,45000.0,0.0
1,96,46000.0,0.0
1,96,47000.0,0.0
1,96,48000.0,0.0
1,96,49000.0,0.0
1,96,50000.0,0.0
1,97,5000.0,0.0
1,97,6000.0,0.0
1,97,7000.0,0.0
1,97,8000.0,0.0
1,97,9000.0,0.0
1,97,10000.0,0.0
1,97,11000.0,0.0
1,97,12000.0,0.0
1,97,13000.0,0.0
1,97,14000.0,0.0
1,97,15000.0,0.0
1,97,16000.0,0.0
1,97,17000.0,0.0
1,97,18000.0,0.0
1,97,19000.0,0.0
1,97,20000.0,0.0
1,97,21000.0,0.0
1,97,22000.0,0.0
1,97,23000.0,0.0
1,97,24000.0,0.0
1,97,25000.0,0.0
1,97,26000.0,0.0
1,97,27000.0,0.0
1,97,28000.0,0.0
1,97,29000.0,0.0
1,97,30000.0,0.0
1,97,31000.0,0.0
1,97,32000.0,0.0
1,97,33000.0,0.0
1,97,34000.0,0.0
1,97,35000.0,0.0
1,97,36000.0,0.0
1,97,37000.0,0.0
1,97,38000.0,0.0
1,97,39000.0,0.0
1,97,40000.0,0.0
1,97,41000.0,0.0
1,97,42000.0,0.0
1,97,43000.0,0.0
1,97,44000.0,0.0
1,97,45000.0,0.0
1,97,46000.0,0.0
1,97,47000.0,0.0
1,97,48000.0,0.0
1,97,49000.0,0.0
1,97,50000.0,0.0
1,98,5000.0,0.0
1,98,6000.0,0.0
1,98,7000.0,0.0
1,98,8000.0,0.0
1,98,9000.0,0.0
1,98,10000.0,0.0
1,98,11000.0,0.0
1,98,12000.0,0.0
1,98,13000.0,0.0
1,98,14000.0,0.0
1,98,15000.0,0.0
1,98,16000.0,0.0
1,98,17000.0,0.0
1,98,18000.0,0.0
1,98,19000.0,0.0
1,98,20000.0,0.0
1,98,21000.0,0.0
1,98,22000.0,0.0
1,98,23000.0,0.0
1,98,24000.0,0.0
1,98,25000.0,0.0
1,98,26000.0,0.0
1,98,27000.0,0.0
1,98,28000.0,0.0
1,98,29000.0,0.0
1,98,30000.0,0.0
1,98,31000.0,0.0
1,98,32000.0,0.0
1,98,33000.0,0.0
1,98,34000.0,0.0
1,98,35000.0,0.0
1,98,36000.0,0.0
1,98,37000.0,0.0
1,98,38000.0,0.0
1,98,39000.0,0.0
1,98,40000.0,0.0
1,98,41000.0,0.0
1,98,42000.0,0.0
1,98,43000.0,0.0
1,98,44000.0,0.0
1,98,45000.0,0.0
1,98,46000.0,0.0
1,98,47000.0,0.0
1,98,48000.0,0.0
1,98,49000.0,0.0
1,98,50000.0,0.0
1,99,5000.0,0.0
1,99,6000.0,0.0
1,99,7000.0,0.0
1,99,8000.0,0.0
1,99,9000.0,0.0
1,99,10000.0,0.0
1,99,11000.0,0.0
1,99,12000.0,0.0
1,99,13000.0,0.0
1,99,14000.0,0.0
1,99,15000.0,0.0
1,99,16000.0,0.0
1,99,17000.0,0.0
1,99,18000.0,0.0
1,99,19000.0,0.0
1,99,20000.0,0.0
1,99,21000.0,0.0
1,99,22000.0,0.0
1,99,23000.0,0.0
1,99,24000.0,0.0
1,99,25000.0,0.0
1,99,26000.0,0.0
1,99,27000.0,0.0
1,99,28000.0,0.0
1,99,29000.0,0.0
1,99,30000.0,0.0
1,99,31000.0,0.0
1,99,32000.0,0.0
1,99,33000.0,0.0
1,99,34000.0,0.0
1,99,35000.0,0.0
1,99,36000.0,0.0
1,99,37000.0,0.0
1,99,38000.0,0.0
1,99,39000.0,0.0
1,99,40000.0,0.0
1,99,41000.0,0.0
1,99,42000.0,0.0
1,99,43000.0,0.0
1,99,44000.0,0.0
1,99,45000.0,0.0
1,99,46000.0,0.0
1,99,47000.0,0.0
1,99,48000.0,0.0
1,99,49000.0,0.0
1,99,50000.0,0.0
2,0,5000.0,0.0
2,0,6000.0,0.0
2,0,7000.0,0.0
2,0,8000.0,0.0
2,0,9000.0,0.0
2,0,10000.0,0.0
2,0,11000.0,0.0
2,0,12000.0,0.0
2,0,13000.0,0.0
2,0,14000.0,0.0
2,0,15000.0,0.0
2,0,16000.0,0.0
2,0,17000.0,0.0
2,0,18000.0,0.0
2,0,19000.0,0.0
2,0,20000.0,0.0
2,0,21000.0,0.0
2,0,22000.0,0.0
2,0,23000.0,0.0
2,0,24000.0,0.0
2,0,25000.0,0.0
2,0,26000.0,0.0
2,0,27000.0,0.0
2,0,28000.0,0.0
2,0,29000.0,0.0
2,0,30000.0,0.0
2,0,31000.0,0.0
2,0,32000.0,0.0
2,0,33000.0,0.0
2,0,34000.0,0.0
2,0,35000.0,0.0
2,0,36000.0,0.0
2,0,37000.0,0.0
2,0,38000.0,0.0
2,0,39000.0,0.0
2,0,40000.0,0.0
2,0,41000.0,0.0
2,0,42000.0,0.0
2,0,43000.0,0.0
2,0,44000.0,0.0
2,0,45000.0,0.0
2,0,46000.0,0.0
2,0,47000.0,0.0
2,0,48000.0,0.0
2,0,49000.0,0.0
2,0,50000.0,0.0
2,1,5000.0,0.0
2,1,6000.0,0.0
2,1,7000.0,0.0
2,1,8000.0,0.0
2,1,9000.0,0.0
2,1,10000.0,0.0
2,1,11000.0,0.0
2,1,12000.0,0.0
2,1,13000.0,0.0
2,1,14000.0,0.0
2,1,15000.0,0.0
2,1,16000.0,0.0
2,1,17000.0,0.0
2,1,18000.0,0.0
2,1,19000.0,0.0
2,1,20000.0,0.0
2,1,21000.0,0.0
2,1,22000.0,0.0
2,1,23000.0,0.0
2,1,24000.0,0.0
2,1,25000.0,0.0
2,1,26000.0,0.0
2,1,27000.0,0.0
2,1,28000.0,0.0
2,1,29000.0,0.0
2,1,30000.0,0.0
2,1,31000.0,0.0
2,1,32000.0,0.0
2,1,33000.0,0.0
2,1,34000.0,0.0
2,1,35000.0,0.0
2,1,36000.0,0.0
2,1,37000.0,0.0
2,1,38000.0,0.0
2,1,39000.0,0.0
2,1,40000.0,0.0
2,1,41000.0,0.0
2,1,42000.0,0.0
2,1,43000.0,0.0
2,1,44000.0,0.0
2,1,45000.0,0.0
2,1,46000.0,0.0
2,1,47000.0,0.0
2,1,48000.0,0.0
2,1,49000.0,0.0
2,1,50000.0,0.0
2,2,5000.0,0.0
2,2,6000.0,0.0
2,2,7000.0,0.0
2,2,8000.0,0.0
2,2,9000.0,0.0
2,2,10000.0,0.0
2,2,11000.0,0.0
2,2,12000.0,0.0
2,2,13000.0,0.0
2,2,14000.0,0.0
2,2,15000.0,0.0
2,2,16000.0,0.0
2,2,17000.0,0.0
2,2,18000.0,0.0
2,2,19000.0,0.0
2,2,20000.0,0.0
2,2,21000.0,0.0
2,2,22000.0,0.0
2,2,23000.0,0.0
2,2,24000.0,0.0
2,2,25000.0,0.0
2,2,26000.0,0.0
2,2,27000.0,0.0
2,2,28000.0,0.0
2,2,29000.0,0.0
2,2,30000.0,0.0
2,2,31000.0,0.0
2,2,32000.0,0.0
2,2,33000.0,0.0
2,2,34000.0,0.0
2,2,35000.0,0.0
2,2,36000.0,0.0
2,2,37000.0,0.0
2,2,38000.0,0.0
2,2,39000.0,0.0
2,2,40000.0,0.0
2,2,41000.0,0.0
2,2,42000.0,0.0
2,2,43000.0,0.0
2,2,44000.0,0.0
2,2,45000.0,0.0
2,2,46000.0,0.0
2,2,47000.0,0.0
2,2,48000.0,0.0
2,2,49000.0,0.0
2,2,50000.0,0.0
2,4,5000.0,0.0
2,4,6000.0,0.0
2,4,7000.0,0.0
2,4,8000.0,0.0
2,4,9000.0,0.0
2,4,10000.0,0.0
2,4,11000.0,0.0
2,4,12000.0,0.0
2,4,13000.0,0.0
2,4,14000.0,0.0
2,4,15000.0,0.0
2,4,16000.0,0.0
2,4,17000.0,0.0
2,4,18000.0,0.0
2,4,19000.0,0.0
2,4,20000.0,0.0
2,4,21000.0,0.0
2,4,22000.0,0.0
2,4,23000.0,0.0
2,4,24000.0,0.0
2,4,25000.0,0.0
2,4,26000.0,0.0
2,4,27000.0,0.0
2,4,28000.0,0.0
2,4,29000.0,0.0
2,4,30000.0,0.0
2,4,31000.0,0.0
2,4,32000.0,0.0
2,4,33000.0,0.0
2,4,34000.0,0.0
2,4,35000.0,0.0
2,4,36000.0,0.0
2,4,37000.0,0.0
2,4,38000.0,0.0
2,4,39000.0,0.0
2,4,40000.0,0.0
2,4,41000.0,0.0
2,4,42000.0,0.0
2,4,43000.0,0.0
2,4,44000.0,0.0
2,4,45000.0,0.0
2,4,46000.0,0.0
2,4,47000.0,0.0
2,4,48000.0,0.0
2,4,49000.0,0.0
2,4,50000.0,0.0
2,5,5000.0,0.0
2,5,6000.0,0.0
2,5,7000.0,0.0
2,5,8000.0,0.0
2,5,9000.0,0.0
2,5,10000.0,0.0
2,5,11000.0,0.0
2,5,12000.0,0.0
2,5,13000.0,0.0
2,5,14000.0,0.0
2,5,15000.0,0.0
2,5,16000.0,0.0
2,5,17000.0,0.0
2,5,18000.0,0.0
2,5,19000.0,0.0
2,5,20000.0,0.0
2,5,21000.0,0.0
2,5,22000.0,0.0
2,5,23000.0,0.0
2,5,24000.0,0.0
2,5,25000.0,0.0
2,5,26000.0,0.0
2,5,27000.0,0.0
2,5,28000.0,0.0
2,5,29000.0,0.0
2,5,30000.0,0.0
2,5,31000.0,0.0
2,5,32000.0,0.0
2,5,33000.0,0.0
2,5,34000.0,0.0
2,5,35000.0,0.0
2,5,36000.0,0.0
2,5,37000.0,0.0
2,5,38000.0,0.0
2,5,39000.0,0.0
2,5,40000.0,0.0
2,5,41000.0,0.0
2,5,42000.0,0.0
2,5,43000.0,0.0
2,5,44000.0,0.0
2,5,45000.0,0.0
2,5,46000.0,0.0
2,5,47000.0,0.0
2,5,48000.0,0.0
2,5,49000.0,0.0
2,5,50000.0,0.0
2,6,5000.0,0.0
2,6,6000.0,0.0
2,6,7000.0,0.0
2,6,8000.0,0.0
2,6,9000.0,0.0
2,6,10000.0,0.0
2,6,11000.0,0.0
2,6,12000.0,0.0
2,6,13000.0,0.0
2,6,14000.0,0.0
2,6,15000.0,0.0
2,6,16000.0,0.0
2,6,17000.0,0.0
2,6,18000.0,0.0
2,6,19000.0,0.0
2,6,20000.0,0.0
2,6,21000.0,0.0
2,6,22000.0,0.0
2,6,23000.0,0.0
2,6,24000.0,0.0
2,6,25000.0,0.0
2,6,26000.0,0.0
2,6,27000.0,0.0
2,6,28000.0,0.0
2,6,29000.0,0.0
2,6,30000.0,0.0
2,6,31000.0,0.0
2,6,32000.0,0.0
2,6,33000.0,0.0
2,6,34000.0,0.0
2,6,35000.0,0.0
2,6,36000.0,0.0
2,6,37000.0,0.0
2,6,38000.0,0.0
2,6,39000.0,0.0
2,6,40000.0,0.0
2,6,41000.0,0.0
2,6,42000.0,0.0
2,6,43000.0,0.0
2,6,44000.0,0.0
2,6,45000.0,0.0
2,6,46000.0,0.0
2,6,47000.0,0.0
2,6,48000.0,0.0
2,6,49000.0,0.0
2,6,50000.0,0.0
2,7,5000.0,0.0
2,7,6000.0,0.0
2,7,7000.0,0.0
2,7,8000.0,0.0
2,7,9000.0,0.0
2,7,10000.0,0.0
2,7,11000.0,0.0
2,7,12000.0,0.0
2,7,13000.0,0.0
2,7,14000.0,0.0
2,7,15000.0,0.0
2,7,16000.0,0.0
2,7,17000.0,0.0
2,7,18000.0,2.0
2,7,19000.0,2.0
2,7,20000.0,2.0
2,7,21000.0,2.0
2,7,22000.0,0.0
2,7,23000.0,0.0
2,7,24000.0,0.0
2,7,25000.0,0.0
2,7,26000.0,0.0
2,7,27000.0,0.0
2,7,28000.0,0.0
2,7,29000.0,0.0
2,7,30000.0,0.0
2,7,31000.0,0.0
2,7,32000.0,0.0
2,7,33000.0,0.0
2,7,34000.0,0.0
2,7,35000.0,0.0
2,7,36000.0,0.0
2,7,37000.0,0.0
2,7,38000.0,0.0
2,7,39000.0,0.0
2,7,40000.0,0.0
2,7,41000.0,0.0
2,7,42000.0,0.0
2,7,43000.0,0.0
2,7,44000.0,0.0
2,7,45000.0,0.0
2,7,46000.0,0.0
2,7,47000.0,0.0
2,7,48000.0,0.0
2,7,49000.0,0.0
2,7,50000.0,0.0
2,8,5000.0,0.0
2,8,6000.0,0.0
2,8,7000.0,0.0
2,8,8000.0,0.0
2,8,9000.0,0.0
2,8,10000.0,0.0
2,8,11000.0,0.0
2,8,12000.0,0.0
2,8,13000.0,0.0
2,8,14000.0,0.0
2,8,15000.0,0.0
2,8,16000.0,0.0
2,8,17000.0,0.0
2,8,18000.0,0.0
2,8,19000.0,0.0
2,8,20000.0,0.0
2,8,21000.0,0.0
2,8,22000.0,0.0
2,8,23000.0,0.0
2,8,24000.0,0.0
2,8,25000.0,0.0
2,8,26000.0,0.0
2,8,27000.0,0.0
2,8,28000.0,0.0
2,8,29000.0,0.0
2,8,30000.0,0.0
2,8,31000.0,0.0
2,8,32000.0,0.0
2,8,33000.0,0.0
2,8,34000.0,0.0
2,8,35000.0,0.0
2,8,36000.0,0.0
2,8,37000.0,0.0
2,8,38000.0,0.0
2,8,39000.0,0.0
2,8,40000.0,0.0
2,8,41000.0,0.0
2,8,42000.0,0.0
2,8,43000.0,0.0
2,8,44000.0,0.0
2,8,45000.0,0.0
2,8,46000.0,0.0
2,8,47000.0,0.0
2,8,48000.0,0.0
2,8,49000.0,0.0
2,8,50000.0,0.0
2,9,5000.0,0.0
2,9,6000.0,2.0
2,9,7000.0,2.0
2,9,8000.0,2.0
2,9,9000.0,2.0
2,9,10000.0,2.0
2,9,11000.0,2.0
2,9,12000.0,0.0
2,9,13000.0,0.0
2,9,14000.0,0.0
2,9,15000.0,0.0
2,9,16000.0,0.0
2,9,17000.0,0.0
2,9,18000.0,0.0
2,9,19000.0,0.0
2,9,20000.0,0.0
2,9,21000.0,0.0
2,9,22000.0,0.0
2,9,23000.0,0.0
2,9,24000.0,0.0
2,9,25000.0,0.0
2,9,26000.0,0.0
2,9,27000.0,0.0
2,9,28000.0,0.0
2,9,29000.0,0.0
2,9,30000.0,0.0
2,9,31000.0,0.0
2,9,32000.0,0.0
2,9,33000.0,0.0
2,9,34000.0,0.0
2,9,35000.0,0.0
2,9,36000.0,0.0
2,9,37000.0,0.0
2,9,38000.0,0.0
2,9,39000.0,0.0
2,9,40000.0,0.0
2,9,41000.0,0.0
2,9,42000.0,0.0
2,9,43000.0,0.0
2,9,44000.0,0.0
2,9,45000.0,0.0
2,9,46000.0,0.0
2,9,47000.0,0.0
2,9,48000.0,0.0
2,9,49000.0,0.0
2,9,50000.0,0.0
2,10,5000.0,0.0
2,10,6000.0,0.0
2,10,7000.0,0.0
2,10,8000.0,0.0
2,10,9000.0,0.0
2,10,10000.0,0.0
2,10,11000.0,0.0
2,10,12000.0,0.0
2,10,13000.0,0.0
2,10,14000.0,0.0
2,10,15000.0,0.0
2,10,16000.0,0.0
2,10,17000.0,0.0
2,10,18000.0,0.0
2,10,19000.0,0.0
2,10,20000.0,0.0
2,10,21000.0,0.0
2,10,22000.0,0.0
2,10,23000.0,0.0
2,10,24000.0,0.0
2,10,25000.0,0.0
2,10,26000.0,0.0
2,10,27000.0,0.0
2,10,28000.0,0.0
2,10,29000.0,0.0
2,10,30000.0,0.0
2,10,31000.0,0.0
2,10,32000.0,0.0
2,10,33000.0,0.0
2,10,34000.0,0.0
2,10,35000.0,0.0
2,10,36000.0,0.0
2,10,37000.0,0.0
2,10,38000.0,0.0
2,10,39000.0,0.0
2,10,40000.0,0.0
2,10,41000.0,0.0
2,10,42000.0,0.0
2,10,43000.0,0.0
2,10,44000.0,0.0
2,10,45000.0,0.0
2,10,46000.0,0.0
2,10,47000.0,0.0
2,10,48000.0,0.0
2,10,49000.0,0.0
2,10,50000.0,0.0
2,11,5000.0,0.0
2,11,6000.0,0.0
2,11,7000.0,0.0
2,11,8000.0,0.0
2,11,9000.0,0.0
2,11,10000.0,0.0
2,11,11000.0,0.0
2,11,12000.0,0.0
2,11,13000.0,0.0
2,11,14000.0,0.0
2,11,15000.0,0.0
2,11,16000.0,0.0
2,11,17000.0,0.0
2,11,18000.0,0.0
2,11,19000.0,0.0
2,11,20000.0,0.0
2,11,21000.0,0.0
2,11,22000.0,0.0
2,11,23000.0,0.0
2,11,24000.0,0.0
2,11,25000.0,0.0
2,11,26000.0,0.0
2,11,27000.0,0.0
2,11,28000.0,0.0
2,11,29000.0,0.0
2,11,30000.0,0.0
2,11,31000.0,0.0
2,11,32000.0,0.0
2,11,33000.0,0.0
2,11,34000.0,0.0
2,11,35000.0,0.0
2,11,36000.0,0.0
2,11,37000.0,0.0
2,11,38000.0,0.0
2,11,39000.0,0.0
2,11,40000.0,0.0
2,11,41000.0,0.0
2,11,42000.0,0.0
2,11,43000.0,0.0
2,11,44000.0,0.0
2,11,45000.0,0.0
2,11,46000.0,0.0
2,11,47000.0,0.0
2,11,48000.0,0.0
2,11,49000.0,0.0
2,11,50000.0,0.0
2,12,5000.0,2.0
2,12,6000.0,2.0
2,12,7000.0,2.0
2,12,8000.0,2.0
2,12,9000.0,2.0
2,12,10000.0,2.0
2,12,11000.0,2.0
2,12,12000.0,0.0
2,12,13000.0,2.0
2,12,14000.0,2.0
2,12,15000.0,2.0
2,12,16000.0,2.0
2,12,17000.0,2.0
2,12,18000.0,2.0
2,12,19000.0,2.0
2,12,20000.0,2.0
2,12,21000.0,2.0
2,12,22000.0,0.0
2,12,23000.0,0.0
2,12,24000.0,0.0
2,12,25000.0,0.0
2,12,26000.0,0.0
2,12,27000.0,0.0
2,12,28000.0,0.0
2,12,29000.0,0.0
2,12,30000.0,0.0
2,12,31000.0,0.0
2,12,32000.0,0.0
2,12,33000.0,0.0
2,12,34000.0,0.0
2,12,35000.0,0.0
2,12,36000.0,0.0
2,12,37000.0,0.0
2,12,38000.0,0.0
2,12,39000.0,0.0
2,12,40000.0,0.0
2,12,41000.0,0.0
2,12,42000.0,0.0
2,12,43000.0,0.0
2,12,44000.0,0.0
2,12,45000.0,0.0
2,12,46000.0,0.0
2,12,47000.0,0.0
2,12,48000.0,0.0
2,12,49000.0,0.0
2,12,50000.0,0.0
2,13,5000.0,0.0
2,13,6000.0,0.0
2,13,7000.0,0.0
2,13,8000.0,0.0
2,13,9000.0,0.0
2,13,10000.0,0.0
2,13,11000.0,0.0
2,13,12000.0,0.0
2,13,13000.0,0.0
2,13,14000.0,0.0
2,13,15000.0,0.0
2,13,16000.0,0.0
2,13,17000.0,0.0
2,13,18000.0,0.0
2,13,19000.0,0.0
2,13,20000.0,0.0
2,13,21000.0,0.0
2,13,22000.0,0.0
2,13,23000.0,0.0
2,13,24000.0,0.0
2,13,25000.0,0.0
2,13,26000.0,0.0
2,13,27000.0,0.0
2,13,28000.0,0.0
2,13,29000.0,0.0
2,13,30000.0,0.0
2,13,31000.0,0.0
2,13,32000.0,0.0
2,13,33000.0,0.0
2,13,34000.0,0.0
2,13,35000.0,0.0
2,13,36000.0,0.0
2,13,37000.0,0.0
2,13,38000.0,0.0
2,13,39000.0,0.0
2,13,40000.0,0.0
2,13,41000.0,0.0
2,13,42000.0,0.0
2,13,43000.0,0.0
2,13,44000.0,0.0
2,13,45000.0,0.0
2,13,46000.0,0.0
2,13,47000.0,0.0
2,13,48000.0,0.0
2,13,49000.0,0.0
2,13,50000.0,0.0
2,14,5000.0,0.0
2,14,6000.0,0.0
2,14,7000.0,0.0
2,14,8000.0,0.0
2,14,9000.0,0.0
2,14,10000.0,0.0
2,14,11000.0,0.0
2,14,12000.0,0.0
2,14,13000.0,0.0
2,14,14000.0,0.0
2,14,15000.0,0.0
2,14,16000.0,0.0
2,14,17000.0,0.0
2,14,18000.0,0.0
2,14,19000.0,0.0
2,14,20000.0,0.0
2,14,21000.0,0.0
2,14,22000.0,0.0
2,14,23000.0,0.0
2,14,24000.0,0.0
2,14,25000.0,0.0
2,14,26000.0,0.0
2,14,27000.0,0.0
2,14,28000.0,0.0
2,14,29000.0,0.0
2,14,30000.0,0.0
2,14,31000.0,0.0
2,14,32000.0,0.0
2,14,33000.0,0.0
2,14,34000.0,0.0
2,14,35000.0,0.0
2,14,36000.0,0.0
2,14,37000.0,0.0
2,14,38000.0,0.0
2,14,39000.0,0.0
2,14,40000.0,0.0
2,14,41000.0,0.0
2,14,42000.0,0.0
2,14,43000.0,0.0
2,14,44000.0,0.0
2,14,45000.0,0.0
2,14,46000.0,0.0
2,14,47000.0,0.0
2,14,48000.0,0.0
2,14,49000.0,0.0
2,14,50000.0,0.0
2,15,5000.0,0.0
2,15,6000.0,0.0
2,15,7000.0,0.0
2,15,8000.0,0.0
2,15,9000.0,0.0
2,15,10000.0,0.0
2,15,11000.0,0.0
2,15,12000.0,0.0
2,15,13000.0,0.0
2,15,14000.0,0.0
2,15,15000.0,0.0
2,15,16000.0,0.0
2,15,17000.0,0.0
2,15,18000.0,0.0
2,15,19000.0,0.0
2,15,20000.0,0.0
2,15,21000.0,0.0
2,15,22000.0,0.0
2,15,23000.0,0.0
2,15,24000.0,0.0
2,15,25000.0,0.0
2,15,26000.0,0.0
2,15,27000.0,0.0
2,15,28000.0,0.0
2,15,29000.0,0.0
2,15,30000.0,0.0
2,15,31000.0,0.0
2,15,32000.0,0.0
2,15,33000.0,0.0
2,15,34000.0,0.0
2,15,35000.0,0.0
2,15,36000.0,0.0
2,15,37000.0,0.0
2,15,38000.0,0.0
2,15,39000.0,0.0
2,15,40000.0,0.0
2,15,41000.0,0.0
2,15,42000.0,0.0
2,15,43000.0,0.0
2,15,44000.0,0.0
2,15,45000.0,0.0
2,15,46000.0,0.0
2,15,47000.0,0.0
2,15,48000.0,0.0
2,15,49000.0,0.0
2,15,50000.0,0.0
2,16,5000.0,0.0
2,16,6000.0,0.0
2,16,7000.0,0.0
2,16,8000.0,0.0
2,16,9000.0,0.0
2,16,10000.0,0.0
2,16,11000.0,0.0
2,16,12000.0,0.0
2,16,13000.0,0.0
2,16,14000.0,0.0
2,16,15000.0,0.0
2,16,16000.0,0.0
2,16,17000.0,0.0
2,16,18000.0,0.0
2,16,19000.0,0.0
2,16,20000.0,0.0
2,16,21000.0,0.0
2,16,22000.0,0.0
2,16,23000.0,0.0
2,16,24000.0,0.0
2,16,25000.0,0.0
2,16,26000.0,0.0
2,16,27000.0,0.0
2,16,28000.0,0.0
2,16,29000.0,0.0
2,16,30000.0,0.0
2,16,31000.0,0.0
2,16,32000.0,0.0
2,16,33000.0,0.0
2,16,34000.0,0.0
2,16,35000.0,0.0
2,16,36000.0,0.0
2,16,37000.0,0.0
2,16,38000.0,0.0
2,16,39000.0,0.0
2,16,40000.0,0.0
2,16,41000.0,0.0
2,16,42000.0,0.0
2,16,43000.0,0.0
2,16,44000.0,0.0
2,16,45000.0,0.0
2,16,46000.0,0.0
2,16,47000.0,0.0
2,16,48000.0,0.0
2,16,49000.0,0.0
2,16,50000.0,0.0
2,17,5000.0,0.0
2,17,6000.0,0.0
2,17,7000.0,0.0
2,17,8000.0,0.0
2,17,9000.0,0.0
2,17,10000.0,0.0
2,17,11000.0,0.0
2,17,12000.0,0.0
2,17,13000.0,0.0
2,17,14000.0,0.0
2,17,15000.0,0.0
2,17,16000.0,0.0
2,17,17000.0,0.0
2,17,18000.0,0.0
2,17,19000.0,0.0
2,17,20000.0,0.0
2,17,21000.0,0.0
2,17,22000.0,0.0
2,17,23000.0,0.0
2,17,24000.0,0.0
2,17,25000.0,0.0
2,17,26000.0,0.0
2,17,27000.0,0.0
2,17,28000.0,0.0
2,17,29000.0,0.0
2,17,30000.0,0.0
2,17,31000.0,0.0
2,17,32000.0,0.0
2,17,33000.0,0.0
2,17,34000.0,0.0
2,17,35000.0,0.0
2,17,36000.0,0.0
2,17,37000.0,0.0
2,17,38000.0,0.0
2,17,39000.0,0.0
2,17,40000.0,0.0
2,17,41000.0,0.0
2,17,42000.0,0.0
2,17,43000.0,0.0
2,17,44000.0,0.0
2,17,45000.0,0.0
2,17,46000.0,0.0
2,17,47000.0,0.0
2,17,48000.0,0.0
2,17,49000.0,0.0
2,17,50000.0,0.0
2,18,5000.0,0.0
2,18,6000.0,0.0
2,18,7000.0,0.0
2,18,8000.0,0.0
2,18,9000.0,0.0
2,18,10000.0,0.0
2,18,11000.0,0.0
2,18,12000.0,0.0
2,18,13000.0,0.0
2,18,14000.0,0.0
2,18,15000.0,0.0
2,18,16000.0,0.0
2,18,17000.0,0.0
2,18,18000.0,0.0
2,18,19000.0,2.0
2,18,20000.0,2.0
2,18,21000.0,2.0
2,18,22000.0,0.0
2,18,23000.0,0.0
2,18,24000.0,0.0
2,18,25000.0,0.0
2,18,26000.0,0.0
2,18,27000.0,0.0
2,18,28000.0,0.0
2,18,29000.0,0.0
2,18,30000.0,0.0
2,18,31000.0,0.0
2,18,32000.0,0.0
2,18,33000.0,0.0
2,18,34000.0,0.0
2,18,35000.0,0.0
2,18,36000.0,0.0
2,18,37000.0,0.0
2,18,38000.0,0.0
2,18,39000.0,0.0
2,18,40000.0,0.0
2,18,41000.0,0.0
2,18,42000.0,0.0
2,18,43000.0,0.0
2,18,44000.0,0.0
2,18,45000.0,0.0
2,18,46000.0,0.0
2,18,47000.0,0.0
2,18,48000.0,0.0
2,18,49000.0,0.0
2,18,50000.0,0.0
2,19,5000.0,0.0
2,19,6000.0,2.0
2,19,7000.0,2.0
2,19,8000.0,2.0
2,19,9000.0,2.0
2,19,10000.0,2.0
2,19,11000.0,2.0
2,19,12000.0,0.0
2,19,13000.0,0.0
2,19,14000.0,0.0
2,19,15000.0,0.0
2,19,16000.0,0.0
2,19,17000.0,0.0
2,19,18000.0,0.0
2,19,19000.0,0.0
2,19,20000.0,0.0
2,19,21000.0,0.0
2,19,22000.0,0.0
2,19,23000.0,0.0
2,19,24000.0,0.0
2,19,25000.0,0.0
2,19,26000.0,0.0
2,19,27000.0,0.0
2,19,28000.0,0.0
2,19,29000.0,0.0
2,19,30000.0,0.0
2,19,31000.0,0.0
2,19,32000.0,0.0
2,19,33000.0,0.0
2,19,34000.0,0.0
2,19,35000.0,0.0
2,19,36000.0,0.0
2,19,37000.0,0.0
2,19,38000.0,0.0
2,19,39000.0,0.0
2,19,40000.0,0.0
2,19,41000.0,0.0
2,19,42000.0,0.0
2,19,43000.0,0.0
2,19,44000.0,0.0
2,19,45000.0,0.0
2,19,46000.0,0.0
2,19,47000.0,0.0
2,19,48000.0,0.0
2,19,49000.0,0.0
2,19,50000.0,0.0
2,20,5000.0,0.0
2,20,6000.0,2.0
2,20,7000.0,2.0
2,20,8000.0,2.0
2,20,9000.0,2.0
2,20,10000.0,2.0
2,20,11000.0,2.0
2,20,12000.0,0.0
2,20,13000.0,0.0
2,20,14000.0,0.0
2,20,15000.0,0.0
2,20,16000.0,0.0
2,20,17000.0,0.0
2,20,18000.0,0.0
2,20,19000.0,0.0
2,20,20000.0,0.0
2,20,21000.0,0.0
2,20,22000.0,0.0
2,20,23000.0,0.0
2,20,24000.0,0.0
2,20,25000.0,0.0
2,20,26000.0,0.0
2,20,27000.0,0.0
2,20,28000.0,0.0
2,20,29000.0,0.0
2,20,30000.0,0.0
2,20,31000.0,0.0
2,20,32000.0,0.0
2,20,33000.0,0.0
2,20,34000.0,0.0
2,20,35000.0,0.0
2,20,36000.0,2.0
2,20,37000.0,2.0
2,20,38000.0,2.0
2,20,39000.0,2.0
2,20,40000.0,2.0
2,20,41000.0,2.0
2,20,42000.0,0.0
2,20,43000.0,0.0
2,20,44000.0,0.0
2,20,45000.0,0.0
2,20,46000.0,0.0
2,20,47000.0,0.0
2,20,48000.0,0.0
2,20,49000.0,0.0
2,20,50000.0,0.0
2,21,5000.0,2.0
2,21,6000.0,2.0
2,21,7000.0,2.0
2,21,8000.0,2.0
2,21,9000.0,2.0
2,21,10000.0,2.0
2,21,11000.0,2.0
2,21,12000.0,0.0
2,21,13000.0,0.0
2,21,14000.0,0.0
2,21,15000.0,0.0
2,21,16000.0,0.0
2,21,17000.0,0.0
2,21,18000.0,0.0
2,21,19000.0,0.0
2,21,20000.0,0.0
2,21,21000.0,0.0
2,21,22000.0,0.0
2,21,23000.0,0.0
2,21,24000.0,0.0
2,21,25000.0,0.0
2,21,26000.0,0.0
2,21,27000.0,0.0
2,21,28000.0,0.0
2,21,29000.0,0.0
2,21,30000.0,0.0
2,21,31000.0,0.0
2,21,32000.0,0.0
2,21,33000.0,0.0
2,21,34000.0,0.0
2,21,35000.0,0.0
2,21,36000.0,0.0
2,21,37000.0,0.0
2,21,38000.0,0.0
2,21,39000.0,0.0
2,21,40000.0,0.0
2,21,41000.0,0.0
2,21,42000.0,0.0
2,21,43000.0,0.0
2,21,44000.0,0.0
2,21,45000.0,0.0
2,21,46000.0,0.0
2,21,47000.0,0.0
2,21,48000.0,0.0
2,21,49000.0,0.0
2,21,50000.0,0.0
2,22,5000.0,0.0
2,22,6000.0,0.0
2,22,7000.0,0.0
2,22,8000.0,0.0
2,22,9000.0,0.0
2,22,10000.0,0.0
2,22,11000.0,0.0
2,22,12000.0,0.0
2,22,13000.0,0.0
2,22,14000.0,0.0
2,22,15000.0,0.0
2,22,16000.0,0.0
2,22,17000.0,0.0
2,22,18000.0,0.0
2,22,19000.0,0.0
2,22,20000.0,0.0
2,22,21000.0,0.0
2,22,22000.0,0.0
2,22,23000.0,0.0
2,22,24000.0,0.0
2,22,25000.0,0.0
2,22,26000.0,0.0
2,22,27000.0,0.0
2,22,28000.0,0.0
2,22,29000.0,0.0
2,22,30000.0,0.0
2,22,31000.0,0.0
2,22,32000.0,0.0
2,22,33000.0,0.0
2,22,34000.0,0.0
2,22,35000.0,0.0
2,22,36000.0,0.0
2,22,37000.0,0.0
2,22,38000.0,0.0
2,22,39000.0,0.0
2,22,40000.0,0.0
2,22,41000.0,0.0
2,22,42000.0,0.0
2,22,43000.0,0.0
2,22,44000.0,0.0
2,22,45000.0,0.0
2,22,46000.0,0.0
2,22,47000.0,0.0
2,22,48000.0,0.0
2,22,49000.0,0.0
2,22,50000.0,0.0
2,23,5000.0,0.0
2,23,6000.0,0.0
2,23,7000.0,0.0
2,23,8000.0,0.0
2,23,9000.0,0.0
2,23,10000.0,0.0
2,23,11000.0,0.0
2,23,12000.0,0.0
2,23,13000.0,0.0
2,23,14000.0,0.0
2,23,15000.0,0.0
2,23,16000.0,0.0
2,23,17000.0,0.0
2,23,18000.0,0.0
2,23,19000.0,0.0
2,23,20000.0,0.0
2,23,21000.0,0.0
2,23,22000.0,0.0
2,23,23000.0,0.0
2,23,24000.0,0.0
2,23,25000.0,0.0
2,23,26000.0,0.0
2,23,27000.0,0.0
2,23,28000.0,0.0
2,23,29000.0,0.0
2,23,30000.0,0.0
2,23,31000.0,0.0
2,23,32000.0,0.0
2,23,33000.0,0.0
2,23,34000.0,0.0
2,23,35000.0,0.0
2,23,36000.0,0.0
2,23,37000.0,0.0
2,23,38000.0,0.0
2,23,39000.0,0.0
2,23,40000.0,0.0
2,23,41000.0,0.0
2,23,42000.0,0.0
2,23,43000.0,0.0
2,23,44000.0,0.0
2,23,45000.0,0.0
2,23,46000.0,0.0
2,23,47000.0,0.0
2,23,48000.0,0.0
2,23,49000.0,0.0
2,23,50000.0,0.0
2,24,5000.0,0.0
2,24,6000.0,0.0
2,24,7000.0,0.0
2,24,8000.0,0.0
2,24,9000.0,0.0
2,24,10000.0,0.0
2,24,11000.0,0.0
2,24,12000.0,0.0
2,24,13000.0,0.0
2,24,14000.0,0.0
2,24,15000.0,0.0
2,24,16000.0,0.0
2,24,17000.0,0.0
2,24,18000.0,0.0
2,24,19000.0,0.0
2,24,20000.0,0.0
2,24,21000.0,0.0
2,24,22000.0,0.0
2,24,23000.0,0.0
2,24,24000.0,0.0
2,24,25000.0,0.0
2,24,26000.0,0.0
2,24,27000.0,0.0
2,24,28000.0,2.0
2,24,29000.0,2.0
2,24,30000.0,2.0
2,24,31000.0,2.0
2,24,32000.0,0.0
2,24,33000.0,0.0
2,24,34000.0,0.0
2,24,35000.0,0.0
2,24,36000.0,0.0
2,24,37000.0,0.0
2,24,38000.0,0.0
2,24,39000.0,0.0
2,24,40000.0,0.0
2,24,41000.0,0.0
2,24,42000.0,0.0
2,24,43000.0,0.0
2,24,44000.0,0.0
2,24,45000.0,0.0
2,24,46000.0,0.0
2,24,47000.0,0.0
2,24,48000.0,0.0
2,24,49000.0,0.0
2,24,50000.0,0.0
2,25,5000.0,0.0
2,25,6000.0,0.0
2,25,7000.0,0.0
2,25,8000.0,0.0
2,25,9000.0,0.0
2,25,10000.0,0.0
2,25,11000.0,0.0
2,25,12000.0,0.0
2,25,13000.0,0.0
2,25,14000.0,0.0
2,25,15000.0,0.0
2,25,16000.0,0.0
2,25,17000.0,0.0
2,25,18000.0,0.0
2,25,19000.0,0.0
2,25,20000.0,0.0
2,25,21000.0,0.0
2,25,22000.0,0.0
2,25,23000.0,0.0
2,25,24000.0,0.0
2,25,25000.0,0.0
2,25,26000.0,0.0
2,25,27000.0,0.0
2,25,28000.0,0.0
2,25,29000.0,0.0
2,25,30000.0,0.0
2,25,31000.0,0.0
2,25,32000.0,0.0
2,25,33000.0,0.0
2,25,34000.0,0.0
2,25,35000.0,0.0
2,25,36000.0,0.0
2,25,37000.0,0.0
2,25,38000.0,0.0
2,25,39000.0,0.0
2,25,40000.0,0.0
2,25,41000.0,0.0
2,25,42000.0,0.0
2,25,43000.0,0.0
2,25,44000.0,0.0
2,25,45000.0,0.0
2,25,46000.0,0.0
2,25,47000.0,0.0
2,25,48000.0,0.0
2,25,49000.0,0.0
2,25,50000.0,0.0
2,26,5000.0,0.0
2,26,6000.0,0.0
2,26,7000.0,0.0
2,26,8000.0,0.0
2,26,9000.0,0.0
2,26,10000.0,0.0
2,26,11000.0,0.0
2,26,12000.0,0.0
2,26,13000.0,0.0
2,26,14000.0,0.0
2,26,15000.0,0.0
2,26,16000.0,0.0
2,26,17000.0,0.0
2,26,18000.0,0.0
2,26,19000.0,0.0
2,26,20000.0,0.0
2,26,21000.0,0.0
2,26,22000.0,0.0
2,26,23000.0,0.0
2,26,24000.0,0.0
2,26,25000.0,0.0
2,26,26000.0,0.0
2,26,27000.0,0.0
2,26,28000.0,0.0
2,26,29000.0,0.0
2,26,30000.0,0.0
2,26,31000.0,0.0
2,26,32000.0,0.0
2,26,33000.0,0.0
2,26,34000.0,0.0
2,26,35000.0,0.0
2,26,36000.0,0.0
2,26,37000.0,0.0
2,26,38000.0,0.0
2,26,39000.0,0.0
2,26,40000.0,0.0
2,26,41000.0,0.0
2,26,42000.0,0.0
2,26,43000.0,0.0
2,26,44000.0,0.0
2,26,45000.0,0.0
2,26,46000.0,0.0
2,26,47000.0,0.0
2,26,48000.0,0.0
2,26,49000.0,0.0
2,26,50000.0,0.0
2,27,5000.0,0.0
2,27,6000.0,0.0
2,27,7000.0,0.0
2,27,8000.0,0.0
2,27,9000.0,0.0
2,27,10000.0,0.0
2,27,11000.0,0.0
2,27,12000.0,0.0
2,27,13000.0,0.0
2,27,14000.0,0.0
2,27,15000.0,0.0
2,27,16000.0,0.0
2,27,17000.0,0.0
2,27,18000.0,0.0
2,27,19000.0,0.0
2,27,20000.0,0.0
2,27,21000.0,0.0
2,27,22000.0,0.0
2,27,23000.0,0.0
2,27,24000.0,0.0
2,27,25000.0,0.0
2,27,26000.0,0.0
2,27,27000.0,0.0
2,27,28000.0,0.0
2,27,29000.0,0.0
2,27,30000.0,2.0
2,27,31000.0,2.0
2,27,32000.0,0.0
2,27,33000.0,0.0
2,27,34000.0,0.0
2,27,35000.0,0.0
2,27,36000.0,0.0
2,27,37000.0,0.0
2,27,38000.0,0.0
2,27,39000.0,0.0
2,27,40000.0,0.0
2,27,41000.0,0.0
2,27,42000.0,0.0
2,27,43000.0,0.0
2,27,44000.0,0.0
2,27,45000.0,0.0
2,27,46000.0,0.0
2,27,47000.0,0.0
2,27,48000.0,0.0
2,27,49000.0,0.0
2,27,50000.0,0.0
2,28,5000.0,2.0
2,28,6000.0,2.0
2,28,7000.0,2.0
2,28,8000.0,2.0
2,28,9000.0,2.0
2,28,10000.0,2.0
2,28,11000.0,2.0
2,28,12000.0,0.0
2,28,13000.0,0.0
2,28,14000.0,0.0
2,28,15000.0,0.0
2,28,16000.0,0.0
2,28,17000.0,2.0
2,28,18000.0,2.0
2,28,19000.0,2.0
2,28,20000.0,2.0
2,28,21000.0,2.0
2,28,22000.0,0.0
2,28,23000.0,0.0
2,28,24000.0,0.0
2,28,25000.0,0.0
2,28,26000.0,2.0
2,28,27000.0,2.0
2,28,28000.0,2.0
2,28,29000.0,2.0
2,28,30000.0,2.0
2,28,31000.0,2.0
2,28,32000.0,0.0
2,28,33000.0,0.0
2,28,34000.0,0.0
2,28,35000.0,0.0
2,28,36000.0,0.0
2,28,37000.0,0.0
2,28,38000.0,0.0
2,28,39000.0,0.0
2,28,40000.0,0.0
2,28,41000.0,0.0
2,28,42000.0,0.0
2,28,43000.0,0.0
2,28,44000.0,0.0
2,28,45000.0,0.0
2,28,46000.0,0.0
2,28,47000.0,0.0
2,28,48000.0,0.0
2,28,49000.0,0.0
2,28,50000.0,0.0
2,29,5000.0,0.0
2,29,6000.0,0.0
2,29,7000.0,0.0
2,29,8000.0,0.0
2,29,9000.0,0.0
2,29,10000.0,0.0
2,29,11000.0,2.0
2,29,12000.0,0.0
2,29,13000.0,0.0
2,29,14000.0,0.0
2,29,15000.0,0.0
2,29,16000.0,0.0
2,29,17000.0,0.0
2,29,18000.0,0.0
2,29,19000.0,0.0
2,29,20000.0,0.0
2,29,21000.0,0.0
2,29,22000.0,0.0
2,29,23000.0,0.0
2,29,24000.0,0.0
2,29,25000.0,0.0
2,29,26000.0,0.0
2,29,27000.0,0.0
2,29,28000.0,0.0
2,29,29000.0,0.0
2,29,30000.0,2.0
2,29,31000.0,2.0
2,29,32000.0,0.0
2,29,33000.0,0.0
2,29,34000.0,0.0
2,29,35000.0,0.0
2,29,36000.0,0.0
2,29,37000.0,0.0
2,29,38000.0,0.0
2,29,39000.0,0.0
2,29,40000.0,0.0
2,29,41000.0,0.0
2,29,42000.0,0.0
2,29,43000.0,0.0
2,29,44000.0,0.0
2,29,45000.0,0.0
2,29,46000.0,0.0
2,29,47000.0,0.0
2,29,48000.0,0.0
2,29,49000.0,0.0
2,29,50000.0,0.0
2,30,5000.0,0.0
2,30,6000.0,0.0
2,30,7000.0,0.0
2,30,8000.0,0.0
2,30,9000.0,0.0
2,30,10000.0,0.0
2,30,11000.0,0.0
2,30,12000.0,0.0
2,30,13000.0,0.0
2,30,14000.0,0.0
2,30,15000.0,0.0
2,30,16000.0,0.0
2,30,17000.0,0.0
2,30,18000.0,0.0
2,30,19000.0,0.0
2,30,20000.0,0.0
2,30,21000.0,0.0
2,30,22000.0,0.0
2,30,23000.0,0.0
2,30,24000.0,0.0
2,30,25000.0,0.0
2,30,26000.0,0.0
2,30,27000.0,0.0
2,30,28000.0,0.0
2,30,29000.0,0.0
2,30,30000.0,0.0
2,30,31000.0,0.0
2,30,32000.0,0.0
2,30,33000.0,0.0
2,30,34000.0,0.0
2,30,35000.0,0.0
2,30,36000.0,0.0
2,30,37000.0,0.0
2,30,38000.0,0.0
2,30,39000.0,0.0
2,30,40000.0,0.0
2,30,41000.0,0.0
2,30,42000.0,0.0
2,30,43000.0,0.0
2,30,44000.0,0.0
2,30,45000.0,0.0
2,30,46000.0,0.0
2,30,47000.0,0.0
2,30,48000.0,0.0
2,30,49000.0,0.0
2,30,50000.0,0.0
2,31,5000.0,0.0
2,31,6000.0,0.0
2,31,7000.0,0.0
2,31,8000.0,0.0
2,31,9000.0,0.0
2,31,10000.0,0.0
2,31,11000.0,0.0
2,31,12000.0,0.0
2,31,13000.0,0.0
2,31,14000.0,0.0
2,31,15000.0,0.0
2,31,16000.0,0.0
2,31,17000.0,2.0
2,31,18000.0,2.0
2,31,19000.0,2.0
2,31,20000.0,2.0
2,31,21000.0,2.0
2,31,22000.0,0.0
2,31,23000.0,0.0
2,31,24000.0,0.0
2,31,25000.0,0.0
2,31,26000.0,0.0
2,31,27000.0,0.0
2,31,28000.0,0.0
2,31,29000.0,0.0
2,31,30000.0,0.0
2,31,31000.0,0.0
2,31,32000.0,0.0
2,31,33000.0,0.0
2,31,34000.0,0.0
2,31,35000.0,0.0
2,31,36000.0,0.0
2,31,37000.0,0.0
2,31,38000.0,0.0
2,31,39000.0,0.0
2,31,40000.0,0.0
2,31,41000.0,0.0
2,31,42000.0,0.0
2,31,43000.0,0.0
2,31,44000.0,0.0
2,31,45000.0,0.0
2,31,46000.0,0.0
2,31,47000.0,0.0
2,31,48000.0,0.0
2,31,49000.0,0.0
2,31,50000.0,0.0
2,32,5000.0,0.0
2,32,6000.0,0.0
2,32,7000.0,0.0
2,32,8000.0,0.0
2,32,9000.0,0.0
2,32,10000.0,0.0
2,32,11000.0,0.0
2,32,12000.0,0.0
2,32,13000.0,0.0
2,32,14000.0,0.0
2,32,15000.0,0.0
2,32,16000.0,0.0
2,32,17000.0,0.0
2,32,18000.0,0.0
2,32,19000.0,0.0
2,32,20000.0,0.0
2,32,21000.0,0.0
2,32,22000.0,0.0
2,32,23000.0,0.0
2,32,24000.0,0.0
2,32,25000.0,0.0
2,32,26000.0,0.0
2,32,27000.0,0.0
2,32,28000.0,0.0
2,32,29000.0,0.0
2,32,30000.0,0.0
2,32,31000.0,0.0
2,32,32000.0,0.0
2,32,33000.0,0.0
2,32,34000.0,0.0
2,32,35000.0,0.0
2,32,36000.0,0.0
2,32,37000.0,0.0
2,32,38000.0,0.0
2,32,39000.0,2.0
2,32,40000.0,2.0
2,32,41000.0,2.0
2,32,42000.0,0.0
2,32,43000.0,0.0
2,32,44000.0,0.0
2,32,45000.0,0.0
2,32,46000.0,0.0
2,32,47000.0,0.0
2,32,48000.0,0.0
2,32,49000.0,0.0
2,32,50000.0,0.0
2,33,5000.0,0.0
2,33,6000.0,0.0
2,33,7000.0,0.0
2,33,8000.0,0.0
2,33,9000.0,0.0
2,33,10000.0,0.0
2,33,11000.0,0.0
2,33,12000.0,0.0
2,33,13000.0,0.0
2,33,14000.0,0.0
2,33,15000.0,0.0
2,33,16000.0,0.0
2,33,17000.0,0.0
2,33,18000.0,0.0
2,33,19000.0,0.0
2,33,20000.0,0.0
2,33,21000.0,0.0
2,33,22000.0,0.0
2,33,23000.0,0.0
2,33,24000.0,0.0
2,33,25000.0,0.0
2,33,26000.0,0.0
2,33,27000.0,0.0
2,33,28000.0,0.0
2,33,29000.0,0.0
2,33,30000.0,0.0
2,33,31000.0,0.0
2,33,32000.0,0.0
2,33,33000.0,0.0
2,33,34000.0,0.0
2,33,35000.0,0.0
2,33,36000.0,0.0
2,33,37000.0,0.0
2,33,38000.0,0.0
2,33,39000.0,0.0
2,33,40000.0,0.0
2,33,41000.0,0.0
2,33,42000.0,0.0
2,33,43000.0,0.0
2,33,44000.0,0.0
2,33,45000.0,0.0
2,33,46000.0,0.0
2,33,47000.0,0.0
2,33,48000.0,0.0
2,33,49000.0,0.0
2,33,50000.0,0.0
2,34,5000.0,0.0
2,34,6000.0,0.0
2,34,7000.0,0.0
2,34,8000.0,0.0
2,34,9000.0,0.0
2,34,10000.0,0.0
2,34,11000.0,0.0
2,34,12000.0,0.0
2,34,13000.0,0.0
2,34,14000.0,0.0
2,34,15000.0,0.0
2,34,16000.0,0.0
2,34,17000.0,2.0
2,34,18000.0,2.0
2,34,19000.0,2.0
2,34,20000.0,2.0
2,34,21000.0,2.0
2,34,22000.0,0.0
2,34,23000.0,0.0
2,34,24000.0,0.0
2,34,25000.0,0.0
2,34,26000.0,0.0
2,34,27000.0,0.0
2,34,28000.0,0.0
2,34,29000.0,0.0
2,34,30000.0,0.0
2,34,31000.0,0.0
2,34,32000.0,0.0
2,34,33000.0,0.0
2,34,34000.0,0.0
2,34,35000.0,0.0
2,34,36000.0,0.0
2,34,37000.0,0.0
2,34,38000.0,0.0
2,34,39000.0,0.0
2,34,40000.0,0.0
2,34,41000.0,0.0
2,34,42000.0,0.0
2,34,43000.0,0.0
2,34,44000.0,0.0
2,34,45000.0,0.0
2,34,46000.0,0.0
2,34,47000.0,0.0
2,34,48000.0,0.0
2,34,49000.0,0.0
2,34,50000.0,0.0
2,35,5000.0,0.0
2,35,6000.0,0.0
2,35,7000.0,0.0
2,35,8000.0,0.0
2,35,9000.0,0.0
2,35,10000.0,0.0
2,35,11000.0,0.0
2,35,12000.0,0.0
2,35,13000.0,0.0
2,35,14000.0,0.0
2,35,15000.0,0.0
2,35,16000.0,0.0
2,35,17000.0,0.0
2,35,18000.0,0.0
2,35,19000.0,0.0
2,35,20000.0,0.0
2,35,21000.0,0.0
2,35,22000.0,0.0
2,35,23000.0,0.0
2,35,24000.0,0.0
2,35,25000.0,0.0
2,35,26000.0,0.0
2,35,27000.0,0.0
2,35,28000.0,0.0
2,35,29000.0,0.0
2,35,30000.0,0.0
2,35,31000.0,0.0
2,35,32000.0,0.0
2,35,33000.0,0.0
2,35,34000.0,0.0
2,35,35000.0,0.0
2,35,36000.0,0.0
2,35,37000.0,0.0
2,35,38000.0,0.0
2,35,39000.0,0.0
2,35,40000.0,0.0
2,35,41000.0,0.0
2,35,42000.0,0.0
2,35,43000.0,0.0
2,35,44000.0,0.0
2,35,45000.0,0.0
2,35,46000.0,0.0
2,35,47000.0,0.0
2,35,48000.0,0.0
2,35,49000.0,0.0
2,35,50000.0,0.0
2,36,5000.0,0.0
2,36,6000.0,0.0
2,36,7000.0,0.0
2,36,8000.0,0.0
2,36,9000.0,0.0
2,36,10000.0,0.0
2,36,11000.0,0.0
2,36,12000.0,0.0
2,36,13000.0,0.0
2,36,14000.0,0.0
2,36,15000.0,0.0
2,36,16000.0,0.0
2,36,17000.0,0.0
2,36,18000.0,0.0
2,36,19000.0,2.0
2,36,20000.0,2.0
2,36,21000.0,2.0
2,36,22000.0,0.0
2,36,23000.0,0.0
2,36,24000.0,0.0
2,36,25000.0,0.0
2,36,26000.0,0.0
2,36,27000.0,0.0
2,36,28000.0,0.0
2,36,29000.0,0.0
2,36,30000.0,0.0
2,36,31000.0,0.0
2,36,32000.0,0.0
2,36,33000.0,0.0
2,36,34000.0,0.0
2,36,35000.0,0.0
2,36,36000.0,0.0
2,36,37000.0,0.0
2,36,38000.0,0.0
2,36,39000.0,0.0
2,36,40000.0,0.0
2,36,41000.0,0.0
2,36,42000.0,0.0
2,36,43000.0,0.0
2,36,44000.0,0.0
2,36,45000.0,0.0
2,36,46000.0,0.0
2,36,47000.0,0.0
2,36,48000.0,0.0
2,36,49000.0,0.0
2,36,50000.0,0.0
2,37,5000.0,0.0
2,37,6000.0,0.0
2,37,7000.0,0.0
2,37,8000.0,0.0
2,37,9000.0,0.0
2,37,10000.0,2.0
2,37,11000.0,2.0
2,37,12000.0,0.0
2,37,13000.0,0.0
2,37,14000.0,0.0
2,37,15000.0,0.0
2,37,16000.0,0.0
2,37,17000.0,0.0
2,37,18000.0,0.0
2,37,19000.0,0.0
2,37,20000.0,0.0
2,37,21000.0,0.0
2,37,22000.0,0.0
2,37,23000.0,0.0
2,37,24000.0,0.0
2,37,25000.0,0.0
2,37,26000.0,0.0
2,37,27000.0,0.0
2,37,28000.0,0.0
2,37,29000.0,0.0
2,37,30000.0,0.0
2,37,31000.0,0.0
2,37,32000.0,0.0
2,37,33000.0,0.0
2,37,34000.0,0.0
2,37,35000.0,0.0
2,37,36000.0,0.0
2,37,37000.0,0.0
2,37,38000.0,0.0
2,37,39000.0,0.0
2,37,40000.0,0.0
2,37,41000.0,0.0
2,37,42000.0,0.0
2,37,43000.0,0.0
2,37,44000.0,0.0
2,37,45000.0,0.0
2,37,46000.0,0.0
2,37,47000.0,0.0
2,37,48000.0,0.0
2,37,49000.0,0.0
2,37,50000.0,0.0
2,38,5000.0,0.0
2,38,6000.0,0.0
2,38,7000.0,0.0
2,38,8000.0,0.0
2,38,9000.0,0.0
2,38,10000.0,0.0
2,38,11000.0,0.0
2,38,12000.0,0.0
2,38,13000.0,0.0
2,38,14000.0,0.0
2,38,15000.0,0.0
2,38,16000.0,0.0
2,38,17000.0,0.0
2,38,18000.0,0.0
2,38,19000.0,0.0
2,38,20000.0,0.0
2,38,21000.0,0.0
2,38,22000.0,0.0
2,38,23000.0,0.0
2,38,24000.0,0.0
2,38,25000.0,0.0
2,38,26000.0,0.0
2,38,27000.0,0.0
2,38,28000.0,0.0
2,38,29000.0,0.0
2,38,30000.0,0.0
2,38,31000.0,0.0
2,38,32000.0,0.0
2,38,33000.0,0.0
2,38,34000.0,0.0
2,38,35000.0,2.0
2,38,36000.0,2.0
2,38,37000.0,2.0
2,38,38000.0,2.0
2,38,39000.0,2.0
2,38,40000.0,2.0
2,38,41000.0,2.0
2,38,42000.0,0.0
2,38,43000.0,0.0
2,38,44000.0,0.0
2,38,45000.0,0.0
2,38,46000.0,0.0
2,38,47000.0,0.0
2,38,48000.0,0.0
2,38,49000.0,0.0
2,38,50000.0,0.0
2,39,5000.0,0.0
2,39,6000.0,0.0
2,39,7000.0,0.0
2,39,8000.0,0.0
2,39,9000.0,0.0
2,39,10000.0,0.0
2,39,11000.0,0.0
2,39,12000.0,0.0
2,39,13000.0,0.0
2,39,14000.0,0.0
2,39,15000.0,0.0
2,39,16000.0,0.0
2,39,17000.0,0.0
2,39,18000.0,0.0
2,39,19000.0,0.0
2,39,20000.0,0.0
2,39,21000.0,0.0
2,39,22000.0,0.0
2,39,23000.0,0.0
2,39,24000.0,0.0
2,39,25000.0,0.0
2,39,26000.0,0.0
2,39,27000.0,0.0
2,39,28000.0,0.0
2,39,29000.0,0.0
2,39,30000.0,0.0
2,39,31000.0,0.0
2,39,32000.0,0.0
2,39,33000.0,0.0
2,39,34000.0,0.0
2,39,35000.0,0.0
2,39,36000.0,0.0
2,39,37000.0,0.0
2,39,38000.0,0.0
2,39,39000.0,0.0
2,39,40000.0,0.0
2,39,41000.0,0.0
2,39,42000.0,0.0
2,39,43000.0,0.0
2,39,44000.0,0.0
2,39,45000.0,0.0
2,39,46000.0,0.0
2,39,47000.0,0.0
2,39,48000.0,0.0
2,39,49000.0,2.0
2,39,50000.0,2.0
2,40,5000.0,0.0
2,40,6000.0,0.0
2,40,7000.0,0.0
2,40,8000.0,0.0
2,40,9000.0,0.0
2,40,10000.0,0.0
2,40,11000.0,0.0
2,40,12000.0,0.0
2,40,13000.0,0.0
2,40,14000.0,0.0
2,40,15000.0,0.0
2,40,16000.0,0.0
2,40,17000.0,0.0
2,40,18000.0,0.0
2,40,19000.0,0.0
2,40,20000.0,0.0
2,40,21000.0,0.0
2,40,22000.0,0.0
2,40,23000.0,0.0
2,40,24000.0,0.0
2,40,25000.0,0.0
2,40,26000.0,0.0
2,40,27000.0,0.0
2,40,28000.0,0.0
2,40,29000.0,0.0
2,40,30000.0,0.0
2,40,31000.0,0.0
2,40,32000.0,0.0
2,40,33000.0,0.0
2,40,34000.0,0.0
2,40,35000.0,0.0
2,40,36000.0,0.0
2,40,37000.0,0.0
2,40,38000.0,0.0
2,40,39000.0,0.0
2,40,40000.0,0.0
2,40,41000.0,0.0
2,40,42000.0,0.0
2,40,43000.0,0.0
2,40,44000.0,0.0
2,40,45000.0,0.0
2,40,46000.0,0.0
2,40,47000.0,0.0
2,40,48000.0,0.0
2,40,49000.0,0.0
2,40,50000.0,0.0
2,41,5000.0,0.0
2,41,6000.0,0.0
2,41,7000.0,0.0
2,41,8000.0,0.0
2,41,9000.0,0.0
2,41,10000.0,0.0
2,41,11000.0,0.0
2,41,12000.0,0.0
2,41,13000.0,0.0
2,41,14000.0,0.0
2,41,15000.0,0.0
2,41,16000.0,0.0
2,41,17000.0,0.0
2,41,18000.0,0.0
2,41,19000.0,0.0
2,41,20000.0,0.0
2,41,21000.0,0.0
2,41,22000.0,0.0
2,41,23000.0,0.0
2,41,24000.0,0.0
2,41,25000.0,0.0
2,41,26000.0,0.0
2,41,27000.0,0.0
2,41,28000.0,0.0
2,41,29000.0,0.0
2,41,30000.0,0.0
2,41,31000.0,0.0
2,41,32000.0,0.0
2,41,33000.0,0.0
2,41,34000.0,0.0
2,41,35000.0,0.0
2,41,36000.0,0.0
2,41,37000.0,0.0
2,41,38000.0,0.0
2,41,39000.0,0.0
2,41,40000.0,0.0
2,41,41000.0,0.0
2,41,42000.0,0.0
2,41,43000.0,0.0
2,41,44000.0,0.0
2,41,45000.0,0.0
2,41,46000.0,0.0
2,41,47000.0,0.0
2,41,48000.0,0.0
2,41,49000.0,0.0
2,41,50000.0,0.0
2,42,5000.0,0.0
2,42,6000.0,0.0
2,42,7000.0,0.0
2,42,8000.0,0.0
2,42,9000.0,0.0
2,42,10000.0,0.0
2,42,11000.0,0.0
2,42,12000.0,2.0
2,42,13000.0,2.0
2,42,14000.0,2.0
2,42,15000.0,2.0
2,42,16000.0,2.0
2,42,17000.0,2.0
2,42,18000.0,2.0
2,42,19000.0,2.0
2,42,20000.0,2.0
2,42,21000.0,2.0
2,42,22000.0,0.0
2,42,23000.0,0.0
2,42,24000.0,0.0
2,42,25000.0,0.0
2,42,26000.0,0.0
2,42,27000.0,0.0
2,42,28000.0,0.0
2,42,29000.0,0.0
2,42,30000.0,0.0
2,42,31000.0,0.0
2,42,32000.0,0.0
2,42,33000.0,0.0
2,42,34000.0,0.0
2,42,35000.0,0.0
2,42,36000.0,0.0
2,42,37000.0,0.0
2,42,38000.0,0.0
2,42,39000.0,0.0
2,42,40000.0,0.0
2,42,41000.0,0.0
2,42,42000.0,0.0
2,42,43000.0,0.0
2,42,44000.0,0.0
2,42,45000.0,0.0
2,42,46000.0,0.0
2,42,47000.0,0.0
2,42,48000.0,0.0
2,42,49000.0,0.0
2,42,50000.0,0.0
2,43,5000.0,0.0
2,43,6000.0,2.0
2,43,7000.0,2.0
2,43,8000.0,2.0
2,43,9000.0,2.0
2,43,10000.0,2.0
2,43,11000.0,2.0
2,43,12000.0,0.0
2,43,13000.0,0.0
2,43,14000.0,0.0
2,43,15000.0,0.0
2,43,16000.0,0.0
2,43,17000.0,0.0
2,43,18000.0,0.0
2,43,19000.0,0.0
2,43,20000.0,0.0
2,43,21000.0,0.0
2,43,22000.0,0.0
2,43,23000.0,0.0
2,43,24000.0,0.0
2,43,25000.0,0.0
2,43,26000.0,0.0
2,43,27000.0,0.0
2,43,28000.0,0.0
2,43,29000.0,2.0
2,43,30000.0,2.0
2,43,31000.0,2.0
2,43,32000.0,0.0
2,43,33000.0,0.0
2,43,34000.0,0.0
2,43,35000.0,0.0
2,43,36000.0,0.0
2,43,37000.0,0.0
2,43,38000.0,0.0
2,43,39000.0,0.0
2,43,40000.0,2.0
2,43,41000.0,2.0
2,43,42000.0,0.0
2,43,43000.0,0.0
2,43,44000.0,0.0
2,43,45000.0,0.0
2,43,46000.0,0.0
2,43,47000.0,0.0
2,43,48000.0,0.0
2,43,49000.0,0.0
2,43,50000.0,0.0
2,44,5000.0,0.0
2,44,6000.0,0.0
2,44,7000.0,0.0
2,44,8000.0,0.0
2,44,9000.0,0.0
2,44,10000.0,0.0
2,44,11000.0,0.0
2,44,12000.0,0.0
2,44,13000.0,0.0
2,44,14000.0,0.0
2,44,15000.0,0.0
2,44,16000.0,0.0
2,44,17000.0,0.0
2,44,18000.0,0.0
2,44,19000.0,0.0
2,44,20000.0,0.0
2,44,21000.0,0.0
2,44,22000.0,0.0
2,44,23000.0,0.0
2,44,24000.0,0.0
2,44,25000.0,0.0
2,44,26000.0,0.0
2,44,27000.0,0.0
2,44,28000.0,0.0
2,44,29000.0,0.0
2,44,30000.0,0.0
2,44,31000.0,0.0
2,44,32000.0,0.0
2,44,33000.0,0.0
2,44,34000.0,0.0
2,44,35000.0,0.0
2,44,36000.0,0.0
2,44,37000.0,0.0
2,44,38000.0,0.0
2,44,39000.0,0.0
2,44,40000.0,0.0
2,44,41000.0,0.0
2,44,42000.0,0.0
2,44,43000.0,0.0
2,44,44000.0,0.0
2,44,45000.0,0.0
2,44,46000.0,0.0
2,44,47000.0,0.0
2,44,48000.0,0.0
2,44,49000.0,0.0
2,44,50000.0,0.0
2,45,5000.0,0.0
2,45,6000.0,0.0
2,45,7000.0,0.0
2,45,8000.0,0.0
2,45,9000.0,0.0
2,45,10000.0,0.0
2,45,11000.0,0.0
2,45,12000.0,0.0
2,45,13000.0,0.0
2,45,14000.0,0.0
2,45,15000.0,0.0
2,45,16000.0,0.0
2,45,17000.0,0.0
2,45,18000.0,0.0
2,45,19000.0,0.0
2,45,20000.0,0.0
2,45,21000.0,0.0
2,45,22000.0,0.0
2,45,23000.0,0.0
2,45,24000.0,0.0
2,45,25000.0,0.0
2,45,26000.0,0.0
2,45,27000.0,0.0
2,45,28000.0,0.0
2,45,29000.0,0.0
2,45,30000.0,0.0
2,45,31000.0,0.0
2,45,32000.0,0.0
2,45,33000.0,0.0
2,45,34000.0,0.0
2,45,35000.0,0.0
2,45,36000.0,0.0
2,45,37000.0,0.0
2,45,38000.0,0.0
2,45,39000.0,0.0
2,45,40000.0,0.0
2,45,41000.0,0.0
2,45,42000.0,0.0
2,45,43000.0,0.0
2,45,44000.0,0.0
2,45,45000.0,0.0
2,45,46000.0,0.0
2,45,47000.0,0.0
2,45,48000.0,0.0
2,45,49000.0,0.0
2,45,50000.0,0.0
2,46,5000.0,0.0
2,46,6000.0,0.0
2,46,7000.0,0.0
2,46,8000.0,0.0
2,46,9000.0,0.0
2,46,10000.0,0.0
2,46,11000.0,0.0
2,46,12000.0,0.0
2,46,13000.0,0.0
2,46,14000.0,0.0
2,46,15000.0,0.0
2,46,16000.0,0.0
2,46,17000.0,0.0
2,46,18000.0,0.0
2,46,19000.0,0.0
2,46,20000.0,0.0
2,46,21000.0,0.0
2,46,22000.0,0.0
2,46,23000.0,0.0
2,46,24000.0,0.0
2,46,25000.0,0.0
2,46,26000.0,0.0
2,46,27000.0,0.0
2,46,28000.0,0.0
2,46,29000.0,0.0
2,46,30000.0,0.0
2,46,31000.0,0.0
2,46,32000.0,0.0
2,46,33000.0,0.0
2,46,34000.0,0.0
2,46,35000.0,0.0
2,46,36000.0,0.0
2,46,37000.0,0.0
2,46,38000.0,0.0
2,46,39000.0,0.0
2,46,40000.0,0.0
2,46,41000.0,0.0
2,46,42000.0,0.0
2,46,43000.0,0.0
2,46,44000.0,0.0
2,46,45000.0,0.0
2,46,46000.0,0.0
2,46,47000.0,0.0
2,46,48000.0,0.0
2,46,49000.0,0.0
2,46,50000.0,0.0
2,47,5000.0,0.0
2,47,6000.0,0.0
2,47,7000.0,0.0
2,47,8000.0,0.0
2,47,9000.0,0.0
2,47,10000.0,0.0
2,47,11000.0,0.0
2,47,12000.0,0.0
2,47,13000.0,0.0
2,47,14000.0,0.0
2,47,15000.0,0.0
2,47,16000.0,0.0
2,47,17000.0,0.0
2,47,18000.0,0.0
2,47,19000.0,0.0
2,47,20000.0,0.0
2,47,21000.0,0.0
2,47,22000.0,0.0
2,47,23000.0,0.0
2,47,24000.0,0.0
2,47,25000.0,0.0
2,47,26000.0,0.0
2,47,27000.0,0.0
2,47,28000.0,0.0
2,47,29000.0,0.0
2,47,30000.0,0.0
2,47,31000.0,0.0
2,47,32000.0,0.0
2,47,33000.0,0.0
2,47,34000.0,0.0
2,47,35000.0,0.0
2,47,36000.0,0.0
2,47,37000.0,0.0
2,47,38000.0,0.0
2,47,39000.0,0.0
2,47,40000.0,0.0
2,47,41000.0,0.0
2,47,42000.0,0.0
2,47,43000.0,0.0
2,47,44000.0,0.0
2,47,45000.0,0.0
2,47,46000.0,0.0
2,47,47000.0,0.0
2,47,48000.0,0.0
2,47,49000.0,0.0
2,47,50000.0,0.0
2,48,5000.0,0.0
2,48,6000.0,0.0
2,48,7000.0,0.0
2,48,8000.0,0.0
2,48,9000.0,0.0
2,48,10000.0,0.0
2,48,11000.0,0.0
2,48,12000.0,0.0
2,48,13000.0,0.0
2,48,14000.0,0.0
2,48,15000.0,0.0
2,48,16000.0,0.0
2,48,17000.0,0.0
2,48,18000.0,0.0
2,48,19000.0,0.0
2,48,20000.0,0.0
2,48,21000.0,0.0
2,48,22000.0,0.0
2,48,23000.0,0.0
2,48,24000.0,0.0
2,48,25000.0,0.0
2,48,26000.0,0.0
2,48,27000.0,0.0
2,48,28000.0,0.0
2,48,29000.0,0.0
2,48,30000.0,0.0
2,48,31000.0,0.0
2,48,32000.0,0.0
2,48,33000.0,0.0
2,48,34000.0,0.0
2,48,35000.0,0.0
2,48,36000.0,0.0
2,48,37000.0,0.0
2,48,38000.0,0.0
2,48,39000.0,0.0
2,48,40000.0,0.0
2,48,41000.0,0.0
2,48,42000.0,0.0
2,48,43000.0,0.0
2,48,44000.0,0.0
2,48,45000.0,0.0
2,48,46000.0,0.0
2,48,47000.0,0.0
2,48,48000.0,0.0
2,48,49000.0,0.0
2,48,50000.0,0.0
2,49,5000.0,0.0
2,49,6000.0,0.0
2,49,7000.0,0.0
2,49,8000.0,0.0
2,49,9000.0,0.0
2,49,10000.0,0.0
2,49,11000.0,0.0
2,49,12000.0,0.0
2,49,13000.0,0.0
2,49,14000.0,0.0
2,49,15000.0,0.0
2,49,16000.0,0.0
2,49,17000.0,0.0
2,49,18000.0,0.0
2,49,19000.0,0.0
2,49,20000.0,0.0
2,49,21000.0,0.0
2,49,22000.0,0.0
2,49,23000.0,0.0
2,49,24000.0,0.0
2,49,25000.0,0.0
2,49,26000.0,0.0
2,49,27000.0,0.0
2,49,28000.0,0.0
2,49,29000.0,0.0
2,49,30000.0,0.0
2,49,31000.0,0.0
2,49,32000.0,0.0
2,49,33000.0,0.0
2,49,34000.0,0.0
2,49,35000.0,0.0
2,49,36000.0,0.0
2,49,37000.0,0.0
2,49,38000.0,0.0
2,49,39000.0,0.0
2,49,40000.0,0.0
2,49,41000.0,0.0
2,49,42000.0,0.0
2,49,43000.0,0.0
2,49,44000.0,0.0
2,49,45000.0,0.0
2,49,46000.0,0.0
2,49,47000.0,0.0
2,49,48000.0,0.0
2,49,49000.0,0.0
2,49,50000.0,0.0
2,50,5000.0,0.0
2,50,6000.0,0.0
2,50,7000.0,0.0
2,50,8000.0,0.0
2,50,9000.0,0.0
2,50,10000.0,0.0
2,50,11000.0,0.0
2,50,12000.0,0.0
2,50,13000.0,0.0
2,50,14000.0,0.0
2,50,15000.0,0.0
2,50,16000.0,0.0
2,50,17000.0,0.0
2,50,18000.0,0.0
2,50,19000.0,0.0
2,50,20000.0,0.0
2,50,21000.0,0.0
2,50,22000.0,0.0
2,50,23000.0,0.0
2,50,24000.0,0.0
2,50,25000.0,0.0
2,50,26000.0,0.0
2,50,27000.0,0.0
2,50,28000.0,0.0
2,50,29000.0,0.0
2,50,30000.0,0.0
2,50,31000.0,0.0
2,50,32000.0,0.0
2,50,33000.0,0.0
2,50,34000.0,0.0
2,50,35000.0,0.0
2,50,36000.0,0.0
2,50,37000.0,0.0
2,50,38000.0,0.0
2,50,39000.0,0.0
2,50,40000.0,0.0
2,50,41000.0,0.0
2,50,42000.0,0.0
2,50,43000.0,0.0
2,50,44000.0,0.0
2,50,45000.0,0.0
2,50,46000.0,0.0
2,50,47000.0,0.0
2,50,48000.0,0.0
2,50,49000.0,0.0
2,50,50000.0,0.0
2,51,5000.0,0.0
2,51,6000.0,0.0
2,51,7000.0,0.0
2,51,8000.0,0.0
2,51,9000.0,0.0
2,51,10000.0,0.0
2,51,11000.0,0.0
2,51,12000.0,0.0
2,51,13000.0,0.0
2,51,14000.0,0.0
2,51,15000.0,0.0
2,51,16000.0,0.0
2,51,17000.0,0.0
2,51,18000.0,0.0
2,51,19000.0,0.0
2,51,20000.0,0.0
2,51,21000.0,0.0
2,51,22000.0,0.0
2,51,23000.0,0.0
2,51,24000.0,0.0
2,51,25000.0,0.0
2,51,26000.0,0.0
2,51,27000.0,0.0
2,51,28000.0,0.0
2,51,29000.0,0.0
2,51,30000.0,0.0
2,51,31000.0,0.0
2,51,32000.0,0.0
2,51,33000.0,0.0
2,51,34000.0,0.0
2,51,35000.0,0.0
2,51,36000.0,0.0
2,51,37000.0,0.0
2,51,38000.0,0.0
2,51,39000.0,0.0
2,51,40000.0,0.0
2,51,41000.0,0.0
2,51,42000.0,0.0
2,51,43000.0,0.0
2,51,44000.0,0.0
2,51,45000.0,0.0
2,51,46000.0,0.0
2,51,47000.0,0.0
2,51,48000.0,0.0
2,51,49000.0,0.0
2,51,50000.0,0.0
2,52,5000.0,0.0
2,52,6000.0,0.0
2,52,7000.0,0.0
2,52,8000.0,0.0
2,52,9000.0,0.0
2,52,10000.0,0.0
2,52,11000.0,0.0
2,52,12000.0,0.0
2,52,13000.0,0.0
2,52,14000.0,0.0
2,52,15000.0,0.0
2,52,16000.0,0.0
2,52,17000.0,0.0
2,52,18000.0,0.0
2,52,19000.0,0.0
2,52,20000.0,0.0
2,52,21000.0,0.0
2,52,22000.0,0.0
2,52,23000.0,0.0
2,52,24000.0,0.0
2,52,25000.0,0.0
2,52,26000.0,2.0
2,52,27000.0,2.0
2,52,28000.0,2.0
2,52,29000.0,2.0
2,52,30000.0,2.0
2,52,31000.0,2.0
2,52,32000.0,0.0
2,52,33000.0,0.0
2,52,34000.0,0.0
2,52,35000.0,0.0
2,52,36000.0,0.0
2,52,37000.0,0.0
2,52,38000.0,0.0
2,52,39000.0,0.0
2,52,40000.0,0.0
2,52,41000.0,0.0
2,52,42000.0,0.0
2,52,43000.0,0.0
2,52,44000.0,0.0
2,52,45000.0,0.0
2,52,46000.0,0.0
2,52,47000.0,0.0
2,52,48000.0,0.0
2,52,49000.0,0.0
2,52,50000.0,0.0
2,53,5000.0,2.0
2,53,6000.0,2.0
2,53,7000.0,2.0
2,53,8000.0,2.0
2,53,9000.0,2.0
2,53,10000.0,2.0
2,53,11000.0,2.0
2,53,12000.0,0.0
2,53,13000.0,0.0
2,53,14000.0,0.0
2,53,15000.0,0.0
2,53,16000.0,0.0
2,53,17000.0,0.0
2,53,18000.0,0.0
2,53,19000.0,2.0
2,53,20000.0,2.0
2,53,21000.0,2.0
2,53,22000.0,0.0
2,53,23000.0,0.0
2,53,24000.0,0.0
2,53,25000.0,0.0
2,53,26000.0,0.0
2,53,27000.0,0.0
2,53,28000.0,0.0
2,53,29000.0,0.0
2,53,30000.0,0.0
2,53,31000.0,0.0
2,53,32000.0,0.0
2,53,33000.0,0.0
2,53,34000.0,0.0
2,53,35000.0,0.0
2,53,36000.0,0.0
2,53,37000.0,0.0
2,53,38000.0,0.0
2,53,39000.0,0.0
2,53,40000.0,0.0
2,53,41000.0,0.0
2,53,42000.0,0.0
2,53,43000.0,0.0
2,53,44000.0,0.0
2,53,45000.0,0.0
2,53,46000.0,0.0
2,53,47000.0,0.0
2,53,48000.0,0.0
2,53,49000.0,0.0
2,53,50000.0,0.0
2,54,5000.0,0.0
2,54,6000.0,0.0
2,54,7000.0,0.0
2,54,8000.0,0.0
2,54,9000.0,0.0
2,54,10000.0,0.0
2,54,11000.0,0.0
2,54,12000.0,0.0
2,54,13000.0,0.0
2,54,14000.0,0.0
2,54,15000.0,0.0
2,54,16000.0,0.0
2,54,17000.0,0.0
2,54,18000.0,0.0
2,54,19000.0,0.0
2,54,20000.0,0.0
2,54,21000.0,0.0
2,54,22000.0,0.0
2,54,23000.0,0.0
2,54,24000.0,0.0
2,54,25000.0,0.0
2,54,26000.0,0.0
2,54,27000.0,0.0
2,54,28000.0,0.0
2,54,29000.0,0.0
2,54,30000.0,0.0
2,54,31000.0,0.0
2,54,32000.0,0.0
2,54,33000.0,0.0
2,54,34000.0,0.0
2,54,35000.0,0.0
2,54,36000.0,0.0
2,54,37000.0,0.0
2,54,38000.0,0.0
2,54,39000.0,0.0
2,54,40000.0,0.0
2,54,41000.0,0.0
2,54,42000.0,0.0
2,54,43000.0,0.0
2,54,44000.0,0.0
2,54,45000.0,0.0
2,54,46000.0,0.0
2,54,47000.0,0.0
2,54,48000.0,0.0
2,54,49000.0,0.0
2,54,50000.0,0.0
2,55,5000.0,0.0
2,55,6000.0,0.0
2,55,7000.0,0.0
2,55,8000.0,0.0
2,55,9000.0,0.0
2,55,10000.0,0.0
2,55,11000.0,0.0
2,55,12000.0,0.0
2,55,13000.0,0.0
2,55,14000.0,0.0
2,55,15000.0,0.0
2,55,16000.0,0.0
2,55,17000.0,0.0
2,55,18000.0,0.0
2,55,19000.0,0.0
2,55,20000.0,0.0
2,55,21000.0,0.0
2,55,22000.0,0.0
2,55,23000.0,0.0
2,55,24000.0,0.0
2,55,25000.0,0.0
2,55,26000.0,0.0
2,55,27000.0,2.0
2,55,28000.0,2.0
2,55,29000.0,2.0
2,55,30000.0,2.0
2,55,31000.0,2.0
2,55,32000.0,0.0
2,55,33000.0,0.0
2,55,34000.0,0.0
2,55,35000.0,0.0
2,55,36000.0,0.0
2,55,37000.0,0.0
2,55,38000.0,0.0
2,55,39000.0,0.0
2,55,40000.0,0.0
2,55,41000.0,0.0
2,55,42000.0,0.0
2,55,43000.0,0.0
2,55,44000.0,0.0
2,55,45000.0,0.0
2,55,46000.0,0.0
2,55,47000.0,0.0
2,55,48000.0,0.0
2,55,49000.0,0.0
2,55,50000.0,0.0
2,56,5000.0,0.0
2,56,6000.0,0.0
2,56,7000.0,0.0
2,56,8000.0,0.0
2,56,9000.0,0.0
2,56,10000.0,0.0
2,56,11000.0,0.0
2,56,12000.0,0.0
2,56,13000.0,0.0
2,56,14000.0,0.0
2,56,15000.0,0.0
2,56,16000.0,0.0
2,56,17000.0,0.0
2,56,18000.0,0.0
2,56,19000.0,0.0
2,56,20000.0,0.0
2,56,21000.0,0.0
2,56,22000.0,0.0
2,56,23000.0,0.0
2,56,24000.0,0.0
2,56,25000.0,0.0
2,56,26000.0,0.0
2,56,27000.0,0.0
2,56,28000.0,0.0
2,56,29000.0,0.0
2,56,30000.0,0.0
2,56,31000.0,0.0
2,56,32000.0,0.0
2,56,33000.0,0.0
2,56,34000.0,0.0
2,56,35000.0,0.0
2,56,36000.0,0.0
2,56,37000.0,0.0
2,56,38000.0,0.0
2,56,39000.0,0.0
2,56,40000.0,0.0
2,56,41000.0,0.0
2,56,42000.0,0.0
2,56,43000.0,0.0
2,56,44000.0,0.0
2,56,45000.0,0.0
2,56,46000.0,0.0
2,56,47000.0,0.0
2,56,48000.0,0.0
2,56,49000.0,0.0
2,56,50000.0,0.0
2,57,5000.0,0.0
2,57,6000.0,0.0
2,57,7000.0,0.0
2,57,8000.0,0.0
2,57,9000.0,0.0
2,57,10000.0,0.0
2,57,11000.0,0.0
2,57,12000.0,0.0
2,57,13000.0,0.0
2,57,14000.0,0.0
2,57,15000.0,0.0
2,57,16000.0,0.0
2,57,17000.0,0.0
2,57,18000.0,0.0
2,57,19000.0,0.0
2,57,20000.0,0.0
2,57,21000.0,0.0
2,57,22000.0,0.0
2,57,23000.0,0.0
2,57,24000.0,0.0
2,57,25000.0,0.0
2,57,26000.0,0.0
2,57,27000.0,0.0
2,57,28000.0,0.0
2,57,29000.0,0.0
2,57,30000.0,0.0
2,57,31000.0,0.0
2,57,32000.0,0.0
2,57,33000.0,0.0
2,57,34000.0,0.0
2,57,35000.0,0.0
2,57,36000.0,0.0
2,57,37000.0,0.0
2,57,38000.0,0.0
2,57,39000.0,0.0
2,57,40000.0,0.0
2,57,41000.0,0.0
2,57,42000.0,0.0
2,57,43000.0,0.0
2,57,44000.0,0.0
2,57,45000.0,0.0
2,57,46000.0,0.0
2,57,47000.0,0.0
2,57,48000.0,0.0
2,57,49000.0,0.0
2,57,50000.0,0.0
2,58,5000.0,0.0
2,58,6000.0,0.0
2,58,7000.0,0.0
2,58,8000.0,0.0
2,58,9000.0,0.0
2,58,10000.0,0.0
2,58,11000.0,0.0
2,58,12000.0,0.0
2,58,13000.0,0.0
2,58,14000.0,0.0
2,58,15000.0,0.0
2,58,16000.0,0.0
2,58,17000.0,0.0
2,58,18000.0,0.0
2,58,19000.0,0.0
2,58,20000.0,0.0
2,58,21000.0,0.0
2,58,22000.0,0.0
2,58,23000.0,0.0
2,58,24000.0,0.0
2,58,25000.0,0.0
2,58,26000.0,0.0
2,58,27000.0,0.0
2,58,28000.0,0.0
2,58,29000.0,0.0
2,58,30000.0,0.0
2,58,31000.0,0.0
2,58,32000.0,0.0
2,58,33000.0,0.0
2,58,34000.0,0.0
2,58,35000.0,0.0
2,58,36000.0,0.0
2,58,37000.0,0.0
2,58,38000.0,0.0
2,58,39000.0,0.0
2,58,40000.0,0.0
2,58,41000.0,0.0
2,58,42000.0,0.0
2,58,43000.0,0.0
2,58,44000.0,0.0
2,58,45000.0,0.0
2,58,46000.0,0.0
2,58,47000.0,0.0
2,58,48000.0,0.0
2,58,49000.0,0.0
2,58,50000.0,0.0
2,59,5000.0,0.0
2,59,6000.0,0.0
2,59,7000.0,0.0
2,59,8000.0,0.0
2,59,9000.0,0.0
2,59,10000.0,0.0
2,59,11000.0,0.0
2,59,12000.0,0.0
2,59,13000.0,0.0
2,59,14000.0,0.0
2,59,15000.0,0.0
2,59,16000.0,0.0
2,59,17000.0,0.0
2,59,18000.0,0.0
2,59,19000.0,0.0
2,59,20000.0,0.0
2,59,21000.0,0.0
2,59,22000.0,0.0
2,59,23000.0,0.0
2,59,24000.0,0.0
2,59,25000.0,0.0
2,59,26000.0,0.0
2,59,27000.0,0.0
2,59,28000.0,0.0
2,59,29000.0,0.0
2,59,30000.0,0.0
2,59,31000.0,0.0
2,59,32000.0,0.0
2,59,33000.0,0.0
2,59,34000.0,0.0
2,59,35000.0,0.0
2,59,36000.0,0.0
2,59,37000.0,0.0
2,59,38000.0,0.0
2,59,39000.0,0.0
2,59,40000.0,0.0
2,59,41000.0,0.0
2,59,42000.0,0.0
2,59,43000.0,0.0
2,59,44000.0,0.0
2,59,45000.0,0.0
2,59,46000.0,0.0
2,59,47000.0,0.0
2,59,48000.0,0.0
2,59,49000.0,0.0
2,59,50000.0,0.0
2,60,5000.0,0.0
2,60,6000.0,0.0
2,60,7000.0,0.0
2,60,8000.0,0.0
2,60,9000.0,0.0
2,60,10000.0,0.0
2,60,11000.0,0.0
2,60,12000.0,0.0
2,60,13000.0,0.0
2,60,14000.0,0.0
2,60,15000.0,0.0
2,60,16000.0,0.0
2,60,17000.0,0.0
2,60,18000.0,0.0
2,60,19000.0,0.0
2,60,20000.0,0.0
2,60,21000.0,0.0
2,60,22000.0,0.0
2,60,23000.0,0.0
2,60,24000.0,0.0
2,60,25000.0,0.0
2,60,26000.0,0.0
2,60,27000.0,0.0
2,60,28000.0,0.0
2,60,29000.0,0.0
2,60,30000.0,0.0
2,60,31000.0,0.0
2,60,32000.0,0.0
2,60,33000.0,0.0
2,60,34000.0,0.0
2,60,35000.0,0.0
2,60,36000.0,0.0
2,60,37000.0,0.0
2,60,38000.0,0.0
2,60,39000.0,2.0
2,60,40000.0,2.0
2,60,41000.0,2.0
2,60,42000.0,0.0
2,60,43000.0,0.0
2,60,44000.0,0.0
2,60,45000.0,0.0
2,60,46000.0,0.0
2,60,47000.0,0.0
2,60,48000.0,0.0
2,60,49000.0,0.0
2,60,50000.0,0.0
2,61,5000.0,0.0
2,61,6000.0,0.0
2,61,7000.0,0.0
2,61,8000.0,0.0
2,61,9000.0,0.0
2,61,10000.0,0.0
2,61,11000.0,0.0
2,61,12000.0,0.0
2,61,13000.0,0.0
2,61,14000.0,0.0
2,61,15000.0,0.0
2,61,16000.0,0.0
2,61,17000.0,0.0
2,61,18000.0,0.0
2,61,19000.0,0.0
2,61,20000.0,0.0
2,61,21000.0,0.0
2,61,22000.0,0.0
2,61,23000.0,0.0
2,61,24000.0,0.0
2,61,25000.0,0.0
2,61,26000.0,0.0
2,61,27000.0,0.0
2,61,28000.0,0.0
2,61,29000.0,0.0
2,61,30000.0,0.0
2,61,31000.0,0.0
2,61,32000.0,0.0
2,61,33000.0,0.0
2,61,34000.0,0.0
2,61,35000.0,0.0
2,61,36000.0,0.0
2,61,37000.0,0.0
2,61,38000.0,0.0
2,61,39000.0,0.0
2,61,40000.0,0.0
2,61,41000.0,0.0
2,61,42000.0,0.0
2,61,43000.0,0.0
2,61,44000.0,0.0
2,61,45000.0,0.0
2,61,46000.0,0.0
2,61,47000.0,0.0
2,61,48000.0,0.0
2,61,49000.0,0.0
2,61,50000.0,0.0
2,62,5000.0,0.0
2,62,6000.0,0.0
2,62,7000.0,0.0
2,62,8000.0,0.0
2,62,9000.0,0.0
2,62,10000.0,0.0
2,62,11000.0,0.0
2,62,12000.0,0.0
2,62,13000.0,0.0
2,62,14000.0,0.0
2,62,15000.0,0.0
2,62,16000.0,0.0
2,62,17000.0,0.0
2,62,18000.0,0.0
2,62,19000.0,0.0
2,62,20000.0,0.0
2,62,21000.0,0.0
2,62,22000.0,0.0
2,62,23000.0,0.0
2,62,24000.0,0.0
2,62,25000.0,0.0
2,62,26000.0,0.0
2,62,27000.0,0.0
2,62,28000.0,0.0
2,62,29000.0,0.0
2,62,30000.0,0.0
2,62,31000.0,0.0
2,62,32000.0,0.0
2,62,33000.0,0.0
2,62,34000.0,0.0
2,62,35000.0,0.0
2,62,36000.0,0.0
2,62,37000.0,0.0
2,62,38000.0,0.0
2,62,39000.0,0.0
2,62,40000.0,0.0
2,62,41000.0,0.0
2,62,42000.0,0.0
2,62,43000.0,0.0
2,62,44000.0,0.0
2,62,45000.0,0.0
2,62,46000.0,0.0
2,62,47000.0,0.0
2,62,48000.0,0.0
2,62,49000.0,0.0
2,62,50000.0,0.0
2,63,5000.0,0.0
2,63,6000.0,0.0
2,63,7000.0,0.0
2,63,8000.0,0.0
2,63,9000.0,0.0
2,63,10000.0,2.0
2,63,11000.0,2.0
2,63,12000.0,0.0
2,63,13000.0,0.0
2,63,14000.0,0.0
2,63,15000.0,0.0
2,63,16000.0,0.0
2,63,17000.0,0.0
2,63,18000.0,0.0
2,63,19000.0,0.0
2,63,20000.0,0.0
2,63,21000.0,0.0
2,63,22000.0,0.0
2,63,23000.0,0.0
2,63,24000.0,0.0
2,63,25000.0,0.0
2,63,26000.0,0.0
2,63,27000.0,0.0
2,63,28000.0,0.0
2,63,29000.0,0.0
2,63,30000.0,0.0
2,63,31000.0,0.0
2,63,32000.0,0.0
2,63,33000.0,0.0
2,63,34000.0,0.0
2,63,35000.0,0.0
2,63,36000.0,0.0
2,63,37000.0,0.0
2,63,38000.0,0.0
2,63,39000.0,0.0
2,63,40000.0,2.0
2,63,41000.0,2.0
2,63,42000.0,0.0
2,63,43000.0,0.0
2,63,44000.0,0.0
2,63,45000.0,0.0
2,63,46000.0,0.0
2,63,47000.0,0.0
2,63,48000.0,0.0
2,63,49000.0,0.0
2,63,50000.0,0.0
2,64,5000.0,0.0
2,64,6000.0,0.0
2,64,7000.0,0.0
2,64,8000.0,0.0
2,64,9000.0,0.0
2,64,10000.0,0.0
2,64,11000.0,0.0
2,64,12000.0,0.0
2,64,13000.0,0.0
2,64,14000.0,0.0
2,64,15000.0,0.0
2,64,16000.0,0.0
2,64,17000.0,0.0
2,64,18000.0,0.0
2,64,19000.0,0.0
2,64,20000.0,0.0
2,64,21000.0,0.0
2,64,22000.0,0.0
2,64,23000.0,0.0
2,64,24000.0,0.0
2,64,25000.0,0.0
2,64,26000.0,0.0
2,64,27000.0,0.0
2,64,28000.0,0.0
2,64,29000.0,0.0
2,64,30000.0,0.0
2,64,31000.0,0.0
2,64,32000.0,0.0
2,64,33000.0,0.0
2,64,34000.0,0.0
2,64,35000.0,0.0
2,64,36000.0,0.0
2,64,37000.0,0.0
2,64,38000.0,0.0
2,64,39000.0,0.0
2,64,40000.0,0.0
2,64,41000.0,0.0
2,64,42000.0,0.0
2,64,43000.0,0.0
2,64,44000.0,0.0
2,64,45000.0,0.0
2,64,46000.0,0.0
2,64,47000.0,0.0
2,64,48000.0,0.0
2,64,49000.0,0.0
2,64,50000.0,0.0
2,65,5000.0,0.0
2,65,6000.0,0.0
2,65,7000.0,0.0
2,65,8000.0,0.0
2,65,9000.0,0.0
2,65,10000.0,0.0
2,65,11000.0,0.0
2,65,12000.0,0.0
2,65,13000.0,0.0
2,65,14000.0,0.0
2,65,15000.0,0.0
2,65,16000.0,0.0
2,65,17000.0,0.0
2,65,18000.0,0.0
2,65,19000.0,0.0
2,65,20000.0,0.0
2,65,21000.0,0.0
2,65,22000.0,0.0
2,65,23000.0,0.0
2,65,24000.0,0.0
2,65,25000.0,0.0
2,65,26000.0,0.0
2,65,27000.0,0.0
2,65,28000.0,0.0
2,65,29000.0,0.0
2,65,30000.0,0.0
2,65,31000.0,0.0
2,65,32000.0,0.0
2,65,33000.0,0.0
2,65,34000.0,0.0
2,65,35000.0,0.0
2,65,36000.0,0.0
2,65,37000.0,0.0
2,65,38000.0,0.0
2,65,39000.0,0.0
2,65,40000.0,0.0
2,65,41000.0,0.0
2,65,42000.0,0.0
2,65,43000.0,0.0
2,65,44000.0,0.0
2,65,45000.0,0.0
2,65,46000.0,0.0
2,65,47000.0,0.0
2,65,48000.0,0.0
2,65,49000.0,0.0
2,65,50000.0,0.0
2,66,5000.0,0.0
2,66,6000.0,0.0
2,66,7000.0,0.0
2,66,8000.0,0.0
2,66,9000.0,0.0
2,66,10000.0,0.0
2,66,11000.0,0.0
2,66,12000.0,0.0
2,66,13000.0,0.0
2,66,14000.0,0.0
2,66,15000.0,0.0
2,66,16000.0,0.0
2,66,17000.0,0.0
2,66,18000.0,0.0
2,66,19000.0,0.0
2,66,20000.0,0.0
2,66,21000.0,0.0
2,66,22000.0,0.0
2,66,23000.0,0.0
2,66,24000.0,0.0
2,66,25000.0,0.0
2,66,26000.0,0.0
2,66,27000.0,0.0
2,66,28000.0,0.0
2,66,29000.0,0.0
2,66,30000.0,0.0
2,66,31000.0,0.0
2,66,32000.0,0.0
2,66,33000.0,0.0
2,66,34000.0,0.0
2,66,35000.0,0.0
2,66,36000.0,0.0
2,66,37000.0,0.0
2,66,38000.0,0.0
2,66,39000.0,0.0
2,66,40000.0,0.0
2,66,41000.0,0.0
2,66,42000.0,0.0
2,66,43000.0,0.0
2,66,44000.0,0.0
2,66,45000.0,0.0
2,66,46000.0,0.0
2,66,47000.0,0.0
2,66,48000.0,0.0
2,66,49000.0,0.0
2,66,50000.0,0.0
2,67,5000.0,0.0
2,67,6000.0,0.0
2,67,7000.0,0.0
2,67,8000.0,0.0
2,67,9000.0,0.0
2,67,10000.0,0.0
2,67,11000.0,0.0
2,67,12000.0,0.0
2,67,13000.0,0.0
2,67,14000.0,0.0
2,67,15000.0,0.0
2,67,16000.0,0.0
2,67,17000.0,0.0
2,67,18000.0,0.0
2,67,19000.0,0.0
2,67,20000.0,0.0
2,67,21000.0,0.0
2,67,22000.0,0.0
2,67,23000.0,0.0
2,67,24000.0,0.0
2,67,25000.0,0.0
2,67,26000.0,0.0
2,67,27000.0,0.0
2,67,28000.0,0.0
2,67,29000.0,0.0
2,67,30000.0,0.0
2,67,31000.0,0.0
2,67,32000.0,0.0
2,67,33000.0,0.0
2,67,34000.0,0.0
2,67,35000.0,0.0
2,67,36000.0,0.0
2,67,37000.0,0.0
2,67,38000.0,0.0
2,67,39000.0,0.0
2,67,40000.0,0.0
2,67,41000.0,0.0
2,67,42000.0,0.0
2,67,43000.0,0.0
2,67,44000.0,0.0
2,67,45000.0,0.0
2,67,46000.0,0.0
2,67,47000.0,0.0
2,67,48000.0,0.0
2,67,49000.0,0.0
2,67,50000.0,0.0
2,68,5000.0,0.0
2,68,6000.0,0.0
2,68,7000.0,0.0
2,68,8000.0,0.0
2,68,9000.0,0.0
2,68,10000.0,0.0
2,68,11000.0,0.0
2,68,12000.0,0.0
2,68,13000.0,0.0
2,68,14000.0,0.0
2,68,15000.0,0.0
2,68,16000.0,0.0
2,68,17000.0,0.0
2,68,18000.0,0.0
2,68,19000.0,0.0
2,68,20000.0,0.0
2,68,21000.0,0.0
2,68,22000.0,0.0
2,68,23000.0,0.0
2,68,24000.0,0.0
2,68,25000.0,0.0
2,68,26000.0,0.0
2,68,27000.0,0.0
2,68,28000.0,0.0
2,68,29000.0,0.0
2,68,30000.0,0.0
2,68,31000.0,0.0
2,68,32000.0,0.0
2,68,33000.0,0.0
2,68,34000.0,0.0
2,68,35000.0,0.0
2,68,36000.0,0.0
2,68,37000.0,0.0
2,68,38000.0,0.0
2,68,39000.0,0.0
2,68,40000.0,0.0
2,68,41000.0,0.0
2,68,42000.0,0.0
2,68,43000.0,0.0
2,68,44000.0,0.0
2,68,45000.0,0.0
2,68,46000.0,0.0
2,68,47000.0,0.0
2,68,48000.0,0.0
2,68,49000.0,0.0
2,68,50000.0,0.0
2,69,5000.0,0.0
2,69,6000.0,0.0
2,69,7000.0,0.0
2,69,8000.0,0.0
2,69,9000.0,0.0
2,69,10000.0,0.0
2,69,11000.0,0.0
2,69,12000.0,0.0
2,69,13000.0,0.0
2,69,14000.0,0.0
2,69,15000.0,0.0
2,69,16000.0,0.0
2,69,17000.0,0.0
2,69,18000.0,0.0
2,69,19000.0,0.0
2,69,20000.0,0.0
2,69,21000.0,0.0
2,69,22000.0,0.0
2,69,23000.0,0.0
2,69,24000.0,0.0
2,69,25000.0,0.0
2,69,26000.0,0.0
2,69,27000.0,0.0
2,69,28000.0,0.0
2,69,29000.0,0.0
2,69,30000.0,0.0
2,69,31000.0,0.0
2,69,32000.0,0.0
2,69,33000.0,0.0
2,69,34000.0,0.0
2,69,35000.0,0.0
2,69,36000.0,0.0
2,69,37000.0,0.0
2,69,38000.0,0.0
2,69,39000.0,0.0
2,69,40000.0,0.0
2,69,41000.0,0.0
2,69,42000.0,0.0
2,69,43000.0,0.0
2,69,44000.0,0.0
2,69,45000.0,0.0
2,69,46000.0,0.0
2,69,47000.0,0.0
2,69,48000.0,0.0
2,69,49000.0,0.0
2,69,50000.0,0.0
2,70,5000.0,0.0
2,70,6000.0,0.0
2,70,7000.0,0.0
2,70,8000.0,0.0
2,70,9000.0,0.0
2,70,10000.0,0.0
2,70,11000.0,0.0
2,70,12000.0,0.0
2,70,13000.0,0.0
2,70,14000.0,0.0
2,70,15000.0,0.0
2,70,16000.0,0.0
2,70,17000.0,0.0
2,70,18000.0,0.0
2,70,19000.0,0.0
2,70,20000.0,0.0
2,70,21000.0,0.0
2,70,22000.0,0.0
2,70,23000.0,0.0
2,70,24000.0,0.0
2,70,25000.0,0.0
2,70,26000.0,0.0
2,70,27000.0,0.0
2,70,28000.0,0.0
2,70,29000.0,0.0
2,70,30000.0,0.0
2,70,31000.0,0.0
2,70,32000.0,0.0
2,70,33000.0,0.0
2,70,34000.0,0.0
2,70,35000.0,0.0
2,70,36000.0,0.0
2,70,37000.0,0.0
2,70,38000.0,0.0
2,70,39000.0,0.0
2,70,40000.0,0.0
2,70,41000.0,0.0
2,70,42000.0,0.0
2,70,43000.0,0.0
2,70,44000.0,0.0
2,70,45000.0,0.0
2,70,46000.0,0.0
2,70,47000.0,0.0
2,70,48000.0,0.0
2,70,49000.0,0.0
2,70,50000.0,0.0
2,71,5000.0,0.0
2,71,6000.0,0.0
2,71,7000.0,0.0
2,71,8000.0,0.0
2,71,9000.0,0.0
2,71,10000.0,0.0
2,71,11000.0,0.0
2,71,12000.0,0.0
2,71,13000.0,0.0
2,71,14000.0,0.0
2,71,15000.0,0.0
2,71,16000.0,0.0
2,71,17000.0,0.0
2,71,18000.0,0.0
2,71,19000.0,0.0
2,71,20000.0,0.0
2,71,21000.0,0.0
2,71,22000.0,0.0
2,71,23000.0,0.0
2,71,24000.0,0.0
2,71,25000.0,0.0
2,71,26000.0,0.0
2,71,27000.0,0.0
2,71,28000.0,0.0
2,71,29000.0,0.0
2,71,30000.0,0.0
2,71,31000.0,0.0
2,71,32000.0,0.0
2,71,33000.0,0.0
2,71,34000.0,0.0
2,71,35000.0,0.0
2,71,36000.0,0.0
2,71,37000.0,0.0
2,71,38000.0,0.0
2,71,39000.0,0.0
2,71,40000.0,0.0
2,71,41000.0,0.0
2,71,42000.0,0.0
2,71,43000.0,0.0
2,71,44000.0,0.0
2,71,45000.0,0.0
2,71,46000.0,0.0
2,71,47000.0,0.0
2,71,48000.0,0.0
2,71,49000.0,0.0
2,71,50000.0,0.0
2,72,5000.0,0.0
2,72,6000.0,0.0
2,72,7000.0,0.0
2,72,8000.0,0.0
2,72,9000.0,0.0
2,72,10000.0,0.0
2,72,11000.0,0.0
2,72,12000.0,0.0
2,72,13000.0,0.0
2,72,14000.0,0.0
2,72,15000.0,0.0
2,72,16000.0,2.0
2,72,17000.0,2.0
2,72,18000.0,2.0
2,72,19000.0,2.0
2,72,20000.0,2.0
2,72,21000.0,2.0
2,72,22000.0,0.0
2,72,23000.0,0.0
2,72,24000.0,0.0
2,72,25000.0,0.0
2,72,26000.0,0.0
2,72,27000.0,0.0
2,72,28000.0,0.0
2,72,29000.0,0.0
2,72,30000.0,0.0
2,72,31000.0,0.0
2,72,32000.0,0.0
2,72,33000.0,0.0
2,72,34000.0,0.0
2,72,35000.0,0.0
2,72,36000.0,0.0
2,72,37000.0,0.0
2,72,38000.0,0.0
2,72,39000.0,0.0
2,72,40000.0,2.0
2,72,41000.0,2.0
2,72,42000.0,0.0
2,72,43000.0,0.0
2,72,44000.0,0.0
2,72,45000.0,0.0
2,72,46000.0,0.0
2,72,47000.0,0.0
2,72,48000.0,0.0
2,72,49000.0,0.0
2,72,50000.0,0.0
2,73,5000.0,0.0
2,73,6000.0,0.0
2,73,7000.0,0.0
2,73,8000.0,0.0
2,73,9000.0,0.0
2,73,10000.0,0.0
2,73,11000.0,0.0
2,73,12000.0,0.0
2,73,13000.0,0.0
2,73,14000.0,0.0
2,73,15000.0,0.0
2,73,16000.0,0.0
2,73,17000.0,0.0
2,73,18000.0,0.0
2,73,19000.0,0.0
2,73,20000.0,0.0
2,73,21000.0,0.0
2,73,22000.0,0.0
2,73,23000.0,0.0
2,73,24000.0,0.0
2,73,25000.0,0.0
2,73,26000.0,0.0
2,73,27000.0,0.0
2,73,28000.0,0.0
2,73,29000.0,0.0
2,73,30000.0,0.0
2,73,31000.0,0.0
2,73,32000.0,0.0
2,73,33000.0,0.0
2,73,34000.0,0.0
2,73,35000.0,0.0
2,73,36000.0,0.0
2,73,37000.0,0.0
2,73,38000.0,0.0
2,73,39000.0,0.0
2,73,40000.0,0.0
2,73,41000.0,0.0
2,73,42000.0,0.0
2,73,43000.0,0.0
2,73,44000.0,0.0
2,73,45000.0,0.0
2,73,46000.0,0.0
2,73,47000.0,0.0
2,73,48000.0,0.0
2,73,49000.0,0.0
2,73,50000.0,0.0
2,74,5000.0,0.0
2,74,6000.0,0.0
2,74,7000.0,0.0
2,74,8000.0,0.0
2,74,9000.0,0.0
2,74,10000.0,0.0
2,74,11000.0,0.0
2,74,12000.0,0.0
2,74,13000.0,0.0
2,74,14000.0,0.0
2,74,15000.0,0.0
2,74,16000.0,0.0
2,74,17000.0,0.0
2,74,18000.0,0.0
2,74,19000.0,0.0
2,74,20000.0,0.0
2,74,21000.0,0.0
2,74,22000.0,0.0
2,74,23000.0,0.0
2,74,24000.0,0.0
2,74,25000.0,0.0
2,74,26000.0,0.0
2,74,27000.0,0.0
2,74,28000.0,0.0
2,74,29000.0,0.0
2,74,30000.0,0.0
2,74,31000.0,0.0
2,74,32000.0,0.0
2,74,33000.0,0.0
2,74,34000.0,0.0
2,74,35000.0,0.0
2,74,36000.0,0.0
2,74,37000.0,0.0
2,74,38000.0,0.0
2,74,39000.0,0.0
2,74,40000.0,0.0
2,74,41000.0,0.0
2,74,42000.0,0.0
2,74,43000.0,0.0
2,74,44000.0,0.0
2,74,45000.0,0.0
2,74,46000.0,0.0
2,74,47000.0,0.0
2,74,48000.0,0.0
2,74,49000.0,0.0
2,74,50000.0,0.0
2,75,5000.0,0.0
2,75,6000.0,0.0
2,75,7000.0,0.0
2,75,8000.0,0.0
2,75,9000.0,0.0
2,75,10000.0,0.0
2,75,11000.0,0.0
2,75,12000.0,0.0
2,75,13000.0,0.0
2,75,14000.0,0.0
2,75,15000.0,0.0
2,75,16000.0,0.0
2,75,17000.0,0.0
2,75,18000.0,0.0
2,75,19000.0,0.0
2,75,20000.0,0.0
2,75,21000.0,0.0
2,75,22000.0,0.0
2,75,23000.0,0.0
2,75,24000.0,0.0
2,75,25000.0,0.0
2,75,26000.0,0.0
2,75,27000.0,0.0
2,75,28000.0,0.0
2,75,29000.0,0.0
2,75,30000.0,0.0
2,75,31000.0,0.0
2,75,32000.0,0.0
2,75,33000.0,0.0
2,75,34000.0,0.0
2,75,35000.0,0.0
2,75,36000.0,0.0
2,75,37000.0,0.0
2,75,38000.0,0.0
2,75,39000.0,0.0
2,75,40000.0,0.0
2,75,41000.0,0.0
2,75,42000.0,0.0
2,75,43000.0,0.0
2,75,44000.0,0.0
2,75,45000.0,0.0
2,75,46000.0,0.0
2,75,47000.0,0.0
2,75,48000.0,0.0
2,75,49000.0,0.0
2,75,50000.0,0.0
2,76,5000.0,0.0
2,76,6000.0,0.0
2,76,7000.0,0.0
2,76,8000.0,0.0
2,76,9000.0,0.0
2,76,10000.0,0.0
2,76,11000.0,0.0
2,76,12000.0,0.0
2,76,13000.0,0.0
2,76,14000.0,0.0
2,76,15000.0,0.0
2,76,16000.0,0.0
2,76,17000.0,0.0
2,76,18000.0,0.0
2,76,19000.0,0.0
2,76,20000.0,0.0
2,76,21000.0,0.0
2,76,22000.0,0.0
2,76,23000.0,0.0
2,76,24000.0,0.0
2,76,25000.0,0.0
2,76,26000.0,0.0
2,76,27000.0,0.0
2,76,28000.0,0.0
2,76,29000.0,0.0
2,76,30000.0,0.0
2,76,31000.0,0.0
2,76,32000.0,0.0
2,76,33000.0,0.0
2,76,34000.0,0.0
2,76,35000.0,0.0
2,76,36000.0,0.0
2,76,37000.0,0.0
2,76,38000.0,0.0
2,76,39000.0,0.0
2,76,40000.0,0.0
2,76,41000.0,0.0
2,76,42000.0,0.0
2,76,43000.0,0.0
2,76,44000.0,0.0
2,76,45000.0,0.0
2,76,46000.0,0.0
2,76,47000.0,0.0
2,76,48000.0,0.0
2,76,49000.0,0.0
2,76,50000.0,0.0
2,77,5000.0,0.0
2,77,6000.0,0.0
2,77,7000.0,0.0
2,77,8000.0,0.0
2,77,9000.0,0.0
2,77,10000.0,0.0
2,77,11000.0,0.0
2,77,12000.0,0.0
2,77,13000.0,0.0
2,77,14000.0,0.0
2,77,15000.0,0.0
2,77,16000.0,0.0
2,77,17000.0,0.0
2,77,18000.0,0.0
2,77,19000.0,0.0
2,77,20000.0,0.0
2,77,21000.0,0.0
2,77,22000.0,0.0
2,77,23000.0,0.0
2,77,24000.0,0.0
2,77,25000.0,0.0
2,77,26000.0,0.0
2,77,27000.0,0.0
2,77,28000.0,0.0
2,77,29000.0,0.0
2,77,30000.0,0.0
2,77,31000.0,0.0
2,77,32000.0,0.0
2,77,33000.0,0.0
2,77,34000.0,0.0
2,77,35000.0,0.0
2,77,36000.0,0.0
2,77,37000.0,0.0
2,77,38000.0,0.0
2,77,39000.0,0.0
2,77,40000.0,0.0
2,77,41000.0,0.0
2,77,42000.0,0.0
2,77,43000.0,0.0
2,77,44000.0,0.0
2,77,45000.0,0.0
2,77,46000.0,0.0
2,77,47000.0,0.0
2,77,48000.0,0.0
2,77,49000.0,0.0
2,77,50000.0,0.0
2,78,5000.0,0.0
2,78,6000.0,0.0
2,78,7000.0,0.0
2,78,8000.0,0.0
2,78,9000.0,0.0
2,78,10000.0,0.0
2,78,11000.0,0.0
2,78,12000.0,0.0
2,78,13000.0,0.0
2,78,14000.0,0.0
2,78,15000.0,0.0
2,78,16000.0,2.0
2,78,17000.0,2.0
2,78,18000.0,2.0
2,78,19000.0,2.0
2,78,20000.0,2.0
2,78,21000.0,2.0
2,78,22000.0,0.0
2,78,23000.0,0.0
2,78,24000.0,0.0
2,78,25000.0,0.0
2,78,26000.0,0.0
2,78,27000.0,0.0
2,78,28000.0,0.0
2,78,29000.0,0.0
2,78,30000.0,0.0
2,78,31000.0,0.0
2,78,32000.0,0.0
2,78,33000.0,0.0
2,78,34000.0,0.0
2,78,35000.0,0.0
2,78,36000.0,0.0
2,78,37000.0,0.0
2,78,38000.0,0.0
2,78,39000.0,0.0
2,78,40000.0,0.0
2,78,41000.0,0.0
2,78,42000.0,0.0
2,78,43000.0,0.0
2,78,44000.0,0.0
2,78,45000.0,0.0
2,78,46000.0,0.0
2,78,47000.0,0.0
2,78,48000.0,0.0
2,78,49000.0,0.0
2,78,50000.0,0.0
2,79,5000.0,0.0
2,79,6000.0,0.0
2,79,7000.0,0.0
2,79,8000.0,0.0
2,79,9000.0,0.0
2,79,10000.0,0.0
2,79,11000.0,0.0
2,79,12000.0,0.0
2,79,13000.0,0.0
2,79,14000.0,0.0
2,79,15000.0,0.0
2,79,16000.0,0.0
2,79,17000.0,0.0
2,79,18000.0,0.0
2,79,19000.0,0.0
2,79,20000.0,0.0
2,79,21000.0,0.0
2,79,22000.0,0.0
2,79,23000.0,0.0
2,79,24000.0,0.0
2,79,25000.0,0.0
2,79,26000.0,0.0
2,79,27000.0,0.0
2,79,28000.0,0.0
2,79,29000.0,0.0
2,79,30000.0,0.0
2,79,31000.0,0.0
2,79,32000.0,0.0
2,79,33000.0,0.0
2,79,34000.0,0.0
2,79,35000.0,0.0
2,79,36000.0,0.0
2,79,37000.0,0.0
2,79,38000.0,0.0
2,79,39000.0,0.0
2,79,40000.0,0.0
2,79,41000.0,0.0
2,79,42000.0,0.0
2,79,43000.0,0.0
2,79,44000.0,0.0
2,79,45000.0,0.0
2,79,46000.0,0.0
2,79,47000.0,0.0
2,79,48000.0,0.0
2,79,49000.0,0.0
2,79,50000.0,0.0
2,80,5000.0,0.0
2,80,6000.0,0.0
2,80,7000.0,0.0
2,80,8000.0,0.0
2,80,9000.0,0.0
2,80,10000.0,0.0
2,80,11000.0,0.0
2,80,12000.0,0.0
2,80,13000.0,0.0
2,80,14000.0,0.0
2,80,15000.0,0.0
2,80,16000.0,0.0
2,80,17000.0,0.0
2,80,18000.0,0.0
2,80,19000.0,0.0
2,80,20000.0,0.0
2,80,21000.0,0.0
2,80,22000.0,0.0
2,80,23000.0,0.0
2,80,24000.0,0.0
2,80,25000.0,0.0
2,80,26000.0,0.0
2,80,27000.0,0.0
2,80,28000.0,0.0
2,80,29000.0,0.0
2,80,30000.0,0.0
2,80,31000.0,0.0
2,80,32000.0,0.0
2,80,33000.0,0.0
2,80,34000.0,0.0
2,80,35000.0,0.0
2,80,36000.0,0.0
2,80,37000.0,0.0
2,80,38000.0,0.0
2,80,39000.0,0.0
2,80,40000.0,0.0
2,80,41000.0,0.0
2,80,42000.0,0.0
2,80,43000.0,0.0
2,80,44000.0,0.0
2,80,45000.0,0.0
2,80,46000.0,0.0
2,80,47000.0,0.0
2,80,48000.0,0.0
2,80,49000.0,0.0
2,80,50000.0,0.0
2,81,5000.0,0.0
2,81,6000.0,0.0
2,81,7000.0,0.0
2,81,8000.0,0.0
2,81,9000.0,2.0
2,81,10000.0,2.0
2,81,11000.0,2.0
2,81,12000.0,0.0
2,81,13000.0,0.0
2,81,14000.0,0.0
2,81,15000.0,0.0
2,81,16000.0,0.0
2,81,17000.0,0.0
2,81,18000.0,0.0
2,81,19000.0,2.0
2,81,20000.0,2.0
2,81,21000.0,2.0
2,81,22000.0,0.0
2,81,23000.0,0.0
2,81,24000.0,0.0
2,81,25000.0,0.0
2,81,26000.0,0.0
2,81,27000.0,0.0
2,81,28000.0,0.0
2,81,29000.0,0.0
2,81,30000.0,0.0
2,81,31000.0,0.0
2,81,32000.0,0.0
2,81,33000.0,0.0
2,81,34000.0,0.0
2,81,35000.0,0.0
2,81,36000.0,0.0
2,81,37000.0,0.0
2,81,38000.0,0.0
2,81,39000.0,0.0
2,81,40000.0,0.0
2,81,41000.0,0.0
2,81,42000.0,0.0
2,81,43000.0,0.0
2,81,44000.0,0.0
2,81,45000.0,0.0
2,81,46000.0,2.0
2,81,47000.0,2.0
2,81,48000.0,2.0
2,81,49000.0,2.0
2,81,50000.0,2.0
2,82,5000.0,0.0
2,82,6000.0,0.0
2,82,7000.0,0.0
2,82,8000.0,0.0
2,82,9000.0,0.0
2,82,10000.0,0.0
2,82,11000.0,0.0
2,82,12000.0,0.0
2,82,13000.0,0.0
2,82,14000.0,0.0
2,82,15000.0,0.0
2,82,16000.0,0.0
2,82,17000.0,0.0
2,82,18000.0,0.0
2,82,19000.0,0.0
2,82,20000.0,0.0
2,82,21000.0,0.0
2,82,22000.0,0.0
2,82,23000.0,0.0
2,82,24000.0,0.0
2,82,25000.0,0.0
2,82,26000.0,0.0
2,82,27000.0,0.0
2,82,28000.0,0.0
2,82,29000.0,0.0
2,82,30000.0,0.0
2,82,31000.0,0.0
2,82,32000.0,0.0
2,82,33000.0,0.0
2,82,34000.0,0.0
2,82,35000.0,0.0
2,82,36000.0,0.0
2,82,37000.0,0.0
2,82,38000.0,0.0
2,82,39000.0,0.0
2,82,40000.0,0.0
2,82,41000.0,0.0
2,82,42000.0,0.0
2,82,43000.0,0.0
2,82,44000.0,0.0
2,82,45000.0,0.0
2,82,46000.0,0.0
2,82,47000.0,0.0
2,82,48000.0,0.0
2,82,49000.0,0.0
2,82,50000.0,0.0
2,83,5000.0,0.0
2,83,6000.0,0.0
2,83,7000.0,0.0
2,83,8000.0,0.0
2,83,9000.0,0.0
2,83,10000.0,0.0
2,83,11000.0,0.0
2,83,12000.0,0.0
2,83,13000.0,0.0
2,83,14000.0,0.0
2,83,15000.0,0.0
2,83,16000.0,0.0
2,83,17000.0,0.0
2,83,18000.0,0.0
2,83,19000.0,0.0
2,83,20000.0,0.0
2,83,21000.0,0.0
2,83,22000.0,0.0
2,83,23000.0,0.0
2,83,24000.0,0.0
2,83,25000.0,0.0
2,83,26000.0,0.0
2,83,27000.0,0.0
2,83,28000.0,0.0
2,83,29000.0,0.0
2,83,30000.0,0.0
2,83,31000.0,0.0
2,83,32000.0,0.0
2,83,33000.0,0.0
2,83,34000.0,0.0
2,83,35000.0,0.0
2,83,36000.0,0.0
2,83,37000.0,0.0
2,83,38000.0,0.0
2,83,39000.0,0.0
2,83,40000.0,2.0
2,83,41000.0,2.0
2,83,42000.0,0.0
2,83,43000.0,0.0
2,83,44000.0,0.0
2,83,45000.0,0.0
2,83,46000.0,0.0
2,83,47000.0,0.0
2,83,48000.0,0.0
2,83,49000.0,0.0
2,83,50000.0,0.0
2,84,5000.0,0.0
2,84,6000.0,0.0
2,84,7000.0,0.0
2,84,8000.0,0.0
2,84,9000.0,0.0
2,84,10000.0,0.0
2,84,11000.0,0.0
2,84,12000.0,0.0
2,84,13000.0,0.0
2,84,14000.0,0.0
2,84,15000.0,0.0
2,84,16000.0,0.0
2,84,17000.0,0.0
2,84,18000.0,0.0
2,84,19000.0,0.0
2,84,20000.0,0.0
2,84,21000.0,0.0
2,84,22000.0,0.0
2,84,23000.0,0.0
2,84,24000.0,0.0
2,84,25000.0,0.0
2,84,26000.0,0.0
2,84,27000.0,0.0
2,84,28000.0,0.0
2,84,29000.0,0.0
2,84,30000.0,0.0
2,84,31000.0,0.0
2,84,32000.0,0.0
2,84,33000.0,0.0
2,84,34000.0,0.0
2,84,35000.0,0.0
2,84,36000.0,0.0
2,84,37000.0,0.0
2,84,38000.0,0.0
2,84,39000.0,0.0
2,84,40000.0,0.0
2,84,41000.0,0.0
2,84,42000.0,0.0
2,84,43000.0,0.0
2,84,44000.0,0.0
2,84,45000.0,0.0
2,84,46000.0,0.0
2,84,47000.0,0.0
2,84,48000.0,0.0
2,84,49000.0,0.0
2,84,50000.0,0.0
2,85,5000.0,0.0
2,85,6000.0,0.0
2,85,7000.0,0.0
2,85,8000.0,0.0
2,85,9000.0,0.0
2,85,10000.0,0.0
2,85,11000.0,0.0
2,85,12000.0,0.0
2,85,13000.0,0.0
2,85,14000.0,0.0
2,85,15000.0,0.0
2,85,16000.0,0.0
2,85,17000.0,0.0
2,85,18000.0,0.0
2,85,19000.0,0.0
2,85,20000.0,0.0
2,85,21000.0,0.0
2,85,22000.0,0.0
2,85,23000.0,0.0
2,85,24000.0,0.0
2,85,25000.0,0.0
2,85,26000.0,0.0
2,85,27000.0,0.0
2,85,28000.0,0.0
2,85,29000.0,0.0
2,85,30000.0,0.0
2,85,31000.0,0.0
2,85,32000.0,0.0
2,85,33000.0,0.0
2,85,34000.0,0.0
2,85,35000.0,0.0
2,85,36000.0,0.0
2,85,37000.0,0.0
2,85,38000.0,0.0
2,85,39000.0,0.0
2,85,40000.0,0.0
2,85,41000.0,0.0
2,85,42000.0,0.0
2,85,43000.0,0.0
2,85,44000.0,0.0
2,85,45000.0,0.0
2,85,46000.0,0.0
2,85,47000.0,0.0
2,85,48000.0,0.0
2,85,49000.0,0.0
2,85,50000.0,0.0
2,86,5000.0,0.0
2,86,6000.0,0.0
2,86,7000.0,0.0
2,86,8000.0,0.0
2,86,9000.0,0.0
2,86,10000.0,0.0
2,86,11000.0,0.0
2,86,12000.0,0.0
2,86,13000.0,0.0
2,86,14000.0,0.0
2,86,15000.0,0.0
2,86,16000.0,0.0
2,86,17000.0,0.0
2,86,18000.0,0.0
2,86,19000.0,0.0
2,86,20000.0,0.0
2,86,21000.0,0.0
2,86,22000.0,0.0
2,86,23000.0,0.0
2,86,24000.0,0.0
2,86,25000.0,0.0
2,86,26000.0,0.0
2,86,27000.0,0.0
2,86,28000.0,0.0
2,86,29000.0,0.0
2,86,30000.0,0.0
2,86,31000.0,0.0
2,86,32000.0,0.0
2,86,33000.0,0.0
2,86,34000.0,0.0
2,86,35000.0,0.0
2,86,36000.0,0.0
2,86,37000.0,0.0
2,86,38000.0,0.0
2,86,39000.0,0.0
2,86,40000.0,0.0
2,86,41000.0,0.0
2,86,42000.0,0.0
2,86,43000.0,0.0
2,86,44000.0,0.0
2,86,45000.0,0.0
2,86,46000.0,0.0
2,86,47000.0,0.0
2,86,48000.0,0.0
2,86,49000.0,0.0
2,86,50000.0,0.0
2,87,5000.0,0.0
2,87,6000.0,0.0
2,87,7000.0,0.0
2,87,8000.0,0.0
2,87,9000.0,0.0
2,87,10000.0,0.0
2,87,11000.0,2.0
2,87,12000.0,0.0
2,87,13000.0,0.0
2,87,14000.0,0.0
2,87,15000.0,0.0
2,87,16000.0,0.0
2,87,17000.0,0.0
2,87,18000.0,0.0
2,87,19000.0,0.0
2,87,20000.0,0.0
2,87,21000.0,0.0
2,87,22000.0,0.0
2,87,23000.0,0.0
2,87,24000.0,0.0
2,87,25000.0,0.0
2,87,26000.0,0.0
2,87,27000.0,0.0
2,87,28000.0,0.0
2,87,29000.0,0.0
2,87,30000.0,0.0
2,87,31000.0,0.0
2,87,32000.0,0.0
2,87,33000.0,0.0
2,87,34000.0,0.0
2,87,35000.0,0.0
2,87,36000.0,0.0
2,87,37000.0,0.0
2,87,38000.0,0.0
2,87,39000.0,0.0
2,87,40000.0,0.0
2,87,41000.0,0.0
2,87,42000.0,0.0
2,87,43000.0,0.0
2,87,44000.0,0.0
2,87,45000.0,0.0
2,87,46000.0,0.0
2,87,47000.0,0.0
2,87,48000.0,0.0
2,87,49000.0,0.0
2,87,50000.0,0.0
2,88,5000.0,0.0
2,88,6000.0,0.0
2,88,7000.0,0.0
2,88,8000.0,0.0
2,88,9000.0,0.0
2,88,10000.0,0.0
2,88,11000.0,0.0
2,88,12000.0,0.0
2,88,13000.0,0.0
2,88,14000.0,0.0
2,88,15000.0,0.0
2,88,16000.0,0.0
2,88,17000.0,0.0
2,88,18000.0,0.0
2,88,19000.0,0.0
2,88,20000.0,0.0
2,88,21000.0,0.0
2,88,22000.0,0.0
2,88,23000.0,0.0
2,88,24000.0,0.0
2,88,25000.0,0.0
2,88,26000.0,0.0
2,88,27000.0,0.0
2,88,28000.0,0.0
2,88,29000.0,0.0
2,88,30000.0,0.0
2,88,31000.0,0.0
2,88,32000.0,0.0
2,88,33000.0,0.0
2,88,34000.0,0.0
2,88,35000.0,0.0
2,88,36000.0,0.0
2,88,37000.0,0.0
2,88,38000.0,0.0
2,88,39000.0,0.0
2,88,40000.0,0.0
2,88,41000.0,0.0
2,88,42000.0,0.0
2,88,43000.0,0.0
2,88,44000.0,0.0
2,88,45000.0,0.0
2,88,46000.0,0.0
2,88,47000.0,0.0
2,88,48000.0,0.0
2,88,49000.0,0.0
2,88,50000.0,0.0
2,89,5000.0,0.0
2,89,6000.0,0.0
2,89,7000.0,0.0
2,89,8000.0,0.0
2,89,9000.0,0.0
2,89,10000.0,0.0
2,89,11000.0,0.0
2,89,12000.0,0.0
2,89,13000.0,0.0
2,89,14000.0,0.0
2,89,15000.0,0.0
2,89,16000.0,0.0
2,89,17000.0,0.0
2,89,18000.0,0.0
2,89,19000.0,0.0
2,89,20000.0,0.0
2,89,21000.0,0.0
2,89,22000.0,0.0
2,89,23000.0,0.0
2,89,24000.0,0.0
2,89,25000.0,0.0
2,89,26000.0,0.0
2,89,27000.0,0.0
2,89,28000.0,0.0
2,89,29000.0,0.0
2,89,30000.0,0.0
2,89,31000.0,0.0
2,89,32000.0,0.0
2,89,33000.0,0.0
2,89,34000.0,0.0
2,89,35000.0,0.0
2,89,36000.0,0.0
2,89,37000.0,0.0
2,89,38000.0,0.0
2,89,39000.0,0.0
2,89,40000.0,0.0
2,89,41000.0,0.0
2,89,42000.0,0.0
2,89,43000.0,0.0
2,89,44000.0,0.0
2,89,45000.0,0.0
2,89,46000.0,0.0
2,89,47000.0,0.0
2,89,48000.0,0.0
2,89,49000.0,0.0
2,89,50000.0,0.0
2,90,5000.0,0.0
2,90,6000.0,0.0
2,90,7000.0,0.0
2,90,8000.0,0.0
2,90,9000.0,0.0
2,90,10000.0,0.0
2,90,11000.0,0.0
2,90,12000.0,0.0
2,90,13000.0,0.0
2,90,14000.0,0.0
2,90,15000.0,0.0
2,90,16000.0,0.0
2,90,17000.0,0.0
2,90,18000.0,0.0
2,90,19000.0,0.0
2,90,20000.0,0.0
2,90,21000.0,0.0
2,90,22000.0,0.0
2,90,23000.0,0.0
2,90,24000.0,0.0
2,90,25000.0,0.0
2,90,26000.0,0.0
2,90,27000.0,0.0
2,90,28000.0,0.0
2,90,29000.0,0.0
2,90,30000.0,0.0
2,90,31000.0,0.0
2,90,32000.0,0.0
2,90,33000.0,0.0
2,90,34000.0,0.0
2,90,35000.0,0.0
2,90,36000.0,0.0
2,90,37000.0,0.0
2,90,38000.0,0.0
2,90,39000.0,0.0
2,90,40000.0,0.0
2,90,41000.0,0.0
2,90,42000.0,0.0
2,90,43000.0,0.0
2,90,44000.0,0.0
2,90,45000.0,0.0
2,90,46000.0,0.0
2,90,47000.0,0.0
2,90,48000.0,0.0
2,90,49000.0,0.0
2,90,50000.0,0.0
2,91,5000.0,0.0
2,91,6000.0,0.0
2,91,7000.0,0.0
2,91,8000.0,0.0
2,91,9000.0,0.0
2,91,10000.0,0.0
2,91,11000.0,0.0
2,91,12000.0,0.0
2,91,13000.0,0.0
2,91,14000.0,0.0
2,91,15000.0,0.0
2,91,16000.0,0.0
2,91,17000.0,0.0
2,91,18000.0,0.0
2,91,19000.0,0.0
2,91,20000.0,0.0
2,91,21000.0,0.0
2,91,22000.0,0.0
2,91,23000.0,0.0
2,91,24000.0,0.0
2,91,25000.0,0.0
2,91,26000.0,0.0
2,91,27000.0,0.0
2,91,28000.0,0.0
2,91,29000.0,0.0
2,91,30000.0,0.0
2,91,31000.0,0.0
2,91,32000.0,0.0
2,91,33000.0,0.0
2,91,34000.0,2.0
2,91,35000.0,2.0
2,91,36000.0,2.0
2,91,37000.0,2.0
2,91,38000.0,2.0
2,91,39000.0,2.0
2,91,40000.0,2.0
2,91,41000.0,2.0
2,91,42000.0,0.0
2,91,43000.0,0.0
2,91,44000.0,0.0
2,91,45000.0,0.0
2,91,46000.0,0.0
2,91,47000.0,0.0
2,91,48000.0,0.0
2,91,49000.0,0.0
2,91,50000.0,0.0
2,92,5000.0,0.0
2,92,6000.0,0.0
2,92,7000.0,0.0
2,92,8000.0,0.0
2,92,9000.0,0.0
2,92,10000.0,0.0
2,92,11000.0,0.0
2,92,12000.0,0.0
2,92,13000.0,0.0
2,92,14000.0,0.0
2,92,15000.0,0.0
2,92,16000.0,0.0
2,92,17000.0,0.0
2,92,18000.0,0.0
2,92,19000.0,0.0
2,92,20000.0,0.0
2,92,21000.0,0.0
2,92,22000.0,0.0
2,92,23000.0,0.0
2,92,24000.0,0.0
2,92,25000.0,0.0
2,92,26000.0,0.0
2,92,27000.0,0.0
2,92,28000.0,0.0
2,92,29000.0,0.0
2,92,30000.0,0.0
2,92,31000.0,0.0
2,92,32000.0,0.0
2,92,33000.0,0.0
2,92,34000.0,0.0
2,92,35000.0,0.0
2,92,36000.0,0.0
2,92,37000.0,0.0
2,92,38000.0,0.0
2,92,39000.0,0.0
2,92,40000.0,0.0
2,92,41000.0,0.0
2,92,42000.0,0.0
2,92,43000.0,0.0
2,92,44000.0,0.0
2,92,45000.0,0.0
2,92,46000.0,0.0
2,92,47000.0,0.0
2,92,48000.0,0.0
2,92,49000.0,0.0
2,92,50000.0,0.0
2,93,5000.0,0.0
2,93,6000.0,0.0
2,93,7000.0,0.0
2,93,8000.0,0.0
2,93,9000.0,0.0
2,93,10000.0,0.0
2,93,11000.0,0.0
2,93,12000.0,0.0
2,93,13000.0,0.0
2,93,14000.0,0.0
2,93,15000.0,0.0
2,93,16000.0,0.0
2,93,17000.0,0.0
2,93,18000.0,0.0
2,93,19000.0,0.0
2,93,20000.0,0.0
2,93,21000.0,0.0
2,93,22000.0,0.0
2,93,23000.0,0.0
2,93,24000.0,0.0
2,93,25000.0,0.0
2,93,26000.0,0.0
2,93,27000.0,0.0
2,93,28000.0,0.0
2,93,29000.0,0.0
2,93,30000.0,0.0
2,93,31000.0,0.0
2,93,32000.0,0.0
2,93,33000.0,0.0
2,93,34000.0,0.0
2,93,35000.0,0.0
2,93,36000.0,0.0
2,93,37000.0,0.0
2,93,38000.0,0.0
2,93,39000.0,0.0
2,93,40000.0,0.0
2,93,41000.0,0.0
2,93,42000.0,0.0
2,93,43000.0,0.0
2,93,44000.0,0.0
2,93,45000.0,0.0
2,93,46000.0,0.0
2,93,47000.0,0.0
2,93,48000.0,0.0
2,93,49000.0,0.0
2,93,50000.0,0.0
2,94,5000.0,0.0
2,94,6000.0,0.0
2,94,7000.0,0.0
2,94,8000.0,0.0
2,94,9000.0,0.0
2,94,10000.0,0.0
2,94,11000.0,0.0
2,94,12000.0,0.0
2,94,13000.0,0.0
2,94,14000.0,0.0
2,94,15000.0,0.0
2,94,16000.0,0.0
2,94,17000.0,0.0
2,94,18000.0,0.0
2,94,19000.0,0.0
2,94,20000.0,0.0
2,94,21000.0,0.0
2,94,22000.0,0.0
2,94,23000.0,0.0
2,94,24000.0,0.0
2,94,25000.0,0.0
2,94,26000.0,0.0
2,94,27000.0,0.0
2,94,28000.0,0.0
2,94,29000.0,0.0
2,94,30000.0,0.0
2,94,31000.0,0.0
2,94,32000.0,0.0
2,94,33000.0,0.0
2,94,34000.0,0.0
2,94,35000.0,0.0
2,94,36000.0,0.0
2,94,37000.0,0.0
2,94,38000.0,0.0
2,94,39000.0,0.0
2,94,40000.0,0.0
2,94,41000.0,0.0
2,94,42000.0,0.0
2,94,43000.0,0.0
2,94,44000.0,0.0
2,94,45000.0,0.0
2,94,46000.0,0.0
2,94,47000.0,0.0
2,94,48000.0,0.0
2,94,49000.0,0.0
2,94,50000.0,0.0
2,95,5000.0,0.0
2,95,6000.0,0.0
2,95,7000.0,0.0
2,95,8000.0,0.0
2,95,9000.0,0.0
2,95,10000.0,0.0
2,95,11000.0,0.0
2,95,12000.0,0.0
2,95,13000.0,0.0
2,95,14000.0,0.0
2,95,15000.0,0.0
2,95,16000.0,0.0
2,95,17000.0,0.0
2,95,18000.0,0.0
2,95,19000.0,0.0
2,95,20000.0,0.0
2,95,21000.0,0.0
2,95,22000.0,0.0
2,95,23000.0,0.0
2,95,24000.0,0.0
2,95,25000.0,0.0
2,95,26000.0,0.0
2,95,27000.0,0.0
2,95,28000.0,0.0
2,95,29000.0,0.0
2,95,30000.0,0.0
2,95,31000.0,0.0
2,95,32000.0,0.0
2,95,33000.0,0.0
2,95,34000.0,0.0
2,95,35000.0,0.0
2,95,36000.0,0.0
2,95,37000.0,0.0
2,95,38000.0,0.0
2,95,39000.0,0.0
2,95,40000.0,0.0
2,95,41000.0,0.0
2,95,42000.0,0.0
2,95,43000.0,0.0
2,95,44000.0,0.0
2,95,45000.0,0.0
2,95,46000.0,0.0
2,95,47000.0,0.0
2,95,48000.0,0.0
2,95,49000.0,0.0
2,95,50000.0,0.0
2,96,5000.0,2.0
2,96,6000.0,2.0
2,96,7000.0,2.0
2,96,8000.0,2.0
2,96,9000.0,2.0
2,96,10000.0,2.0
2,96,11000.0,2.0
2,96,12000.0,0.0
2,96,13000.0,0.0
2,96,14000.0,0.0
2,96,15000.0,0.0
2,96,16000.0,0.0
2,96,17000.0,0.0
2,96,18000.0,0.0
2,96,19000.0,0.0
2,96,20000.0,0.0
2,96,21000.0,0.0
2,96,22000.0,0.0
2,96,23000.0,0.0
2,96,24000.0,0.0
2,96,25000.0,0.0
2,96,26000.0,0.0
2,96,27000.0,0.0
2,96,28000.0,0.0
2,96,29000.0,0.0
2,96,30000.0,0.0
2,96,31000.0,0.0
2,96,32000.0,0.0
2,96,33000.0,0.0
2,96,34000.0,0.0
2,96,35000.0,0.0
2,96,36000.0,0.0
2,96,37000.0,0.0
2,96,38000.0,0.0
2,96,39000.0,0.0
2,96,40000.0,0.0
2,96,41000.0,0.0
2,96,42000.0,0.0
2,96,43000.0,0.0
2,96,44000.0,0.0
2,96,45000.0,0.0
2,96,46000.0,0.0
2,96,47000.0,0.0
2,96,48000.0,0.0
2,96,49000.0,0.0
2,96,50000.0,0.0
2,97,5000.0,0.0
2,97,6000.0,0.0
2,97,7000.0,0.0
2,97,8000.0,0.0
2,97,9000.0,0.0
2,97,10000.0,0.0
2,97,11000.0,0.0
2,97,12000.0,0.0
2,97,13000.0,0.0
2,97,14000.0,0.0
2,97,15000.0,0.0
2,97,16000.0,0.0
2,97,17000.0,0.0
2,97,18000.0,0.0
2,97,19000.0,0.0
2,97,20000.0,0.0
2,97,21000.0,0.0
2,97,22000.0,0.0
2,97,23000.0,0.0
2,97,24000.0,0.0
2,97,25000.0,0.0
2,97,26000.0,0.0
2,97,27000.0,0.0
2,97,28000.0,0.0
2,97,29000.0,0.0
2,97,30000.0,0.0
2,97,31000.0,0.0
2,97,32000.0,0.0
2,97,33000.0,0.0
2,97,34000.0,0.0
2,97,35000.0,0.0
2,97,36000.0,0.0
2,97,37000.0,0.0
2,97,38000.0,0.0
2,97,39000.0,0.0
2,97,40000.0,0.0
2,97,41000.0,0.0
2,97,42000.0,0.0
2,97,43000.0,0.0
2,97,44000.0,0.0
2,97,45000.0,0.0
2,97,46000.0,0.0
2,97,47000.0,0.0
2,97,48000.0,0.0
2,97,49000.0,0.0
2,97,50000.0,0.0
2,98,5000.0,0.0
2,98,6000.0,0.0
2,98,7000.0,0.0
2,98,8000.0,0.0
2,98,9000.0,0.0
2,98,10000.0,0.0
2,98,11000.0,0.0
2,98,12000.0,0.0
2,98,13000.0,0.0
2,98,14000.0,0.0
2,98,15000.0,0.0
2,98,16000.0,0.0
2,98,17000.0,0.0
2,98,18000.0,0.0
2,98,19000.0,0.0
2,98,20000.0,0.0
2,98,21000.0,0.0
2,98,22000.0,0.0
2,98,23000.0,0.0
2,98,24000.0,0.0
2,98,25000.0,0.0
2,98,26000.0,0.0
2,98,27000.0,0.0
2,98,28000.0,0.0
2,98,29000.0,0.0
2,98,30000.0,0.0
2,98,31000.0,0.0
2,98,32000.0,0.0
2,98,33000.0,0.0
2,98,34000.0,0.0
2,98,35000.0,0.0
2,98,36000.0,0.0
2,98,37000.0,0.0
2,98,38000.0,0.0
2,98,39000.0,0.0
2,98,40000.0,0.0
2,98,41000.0,0.0
2,98,42000.0,0.0
2,98,43000.0,0.0
2,98,44000.0,0.0
2,98,45000.0,0.0
2,98,46000.0,0.0
2,98,47000.0,0.0
2,98,48000.0,0.0
2,98,49000.0,0.0
2,98,50000.0,0.0
2,99,5000.0,0.0
2,99,6000.0,0.0
2,99,7000.0,0.0
2,99,8000.0,0.0
2,99,9000.0,0.0
2,99,10000.0,0.0
2,99,11000.0,0.0
2,99,12000.0,0.0
2,99,13000.0,0.0
2,99,14000.0,0.0
2,99,15000.0,0.0
2,99,16000.0,0.0
2,99,17000.0,0.0
2,99,18000.0,0.0
2,99,19000.0,0.0
2,99,20000.0,0.0
2,99,21000.0,0.0
2,99,22000.0,0.0
2,99,23000.0,0.0
2,99,24000.0,0.0
2,99,25000.0,0.0
2,99,26000.0,0.0
2,99,27000.0,0.0
2,99,28000.0,0.0
2,99,29000.0,0.0
2,99,30000.0,0.0
2,99,31000.0,0.0
2,99,32000.0,0.0
2,99,33000.0,0.0
2,99,34000.0,0.0
2,99,35000.0,0.0
2,99,36000.0,0.0
2,99,37000.0,0.0
2,99,38000.0,0.0
2,99,39000.0,0.0
2,99,40000.0,0.0
2,99,41000.0,0.0
2,99,42000.0,0.0
2,99,43000.0,0.0
2,99,44000.0,0.0
2,99,45000.0,0.0
2,99,46000.0,0.0
2,99,47000.0,0.0
2,99,48000.0,0.0
2,99,49000.0,0.0
2,99,50000.0,0.0
3,0,5000.0,0.0
3,0,6000.0,0.0
3,0,7000.0,0.0
3,0,8000.0,0.0
3,0,9000.0,0.0
3,0,10000.0,0.0
3,0,11000.0,0.0
3,0,12000.0,0.0
3,0,13000.0,0.0
3,0,14000.0,0.0
3,0,15000.0,0.0
3,0,16000.0,0.0
3,0,17000.0,0.0
3,0,18000.0,0.0
3,0,19000.0,0.0
3,0,20000.0,0.0
3,0,21000.0,0.0
3,0,22000.0,0.0
3,0,23000.0,0.0
3,0,24000.0,0.0
3,0,25000.0,0.0
3,0,26000.0,0.0
3,0,27000.0,0.0
3,0,28000.0,0.0
3,0,29000.0,0.0
3,0,30000.0,0.0
3,0,31000.0,2.0
3,0,32000.0,0.0
3,0,33000.0,0.0
3,0,34000.0,0.0
3,0,35000.0,0.0
3,0,36000.0,0.0
3,0,37000.0,0.0
3,0,38000.0,0.0
3,0,39000.0,0.0
3,0,40000.0,0.0
3,0,41000.0,0.0
3,0,42000.0,0.0
3,0,43000.0,0.0
3,0,44000.0,2.0
3,0,45000.0,2.0
3,0,46000.0,2.0
3,0,47000.0,2.0
3,0,48000.0,2.0
3,0,49000.0,2.0
3,0,50000.0,2.0
3,1,5000.0,0.0
3,1,6000.0,0.0
3,1,7000.0,0.0
3,1,8000.0,0.0
3,1,9000.0,0.0
3,1,10000.0,0.0
3,1,11000.0,0.0
3,1,12000.0,0.0
3,1,13000.0,0.0
3,1,14000.0,0.0
3,1,15000.0,0.0
3,1,16000.0,0.0
3,1,17000.0,0.0
3,1,18000.0,0.0
3,1,19000.0,0.0
3,1,20000.0,0.0
3,1,21000.0,0.0
3,1,22000.0,0.0
3,1,23000.0,0.0
3,1,24000.0,0.0
3,1,25000.0,0.0
3,1,26000.0,0.0
3,1,27000.0,0.0
3,1,28000.0,0.0
3,1,29000.0,0.0
3,1,30000.0,0.0
3,1,31000.0,0.0
3,1,32000.0,0.0
3,1,33000.0,0.0
3,1,34000.0,0.0
3,1,35000.0,0.0
3,1,36000.0,0.0
3,1,37000.0,0.0
3,1,38000.0,0.0
3,1,39000.0,0.0
3,1,40000.0,0.0
3,1,41000.0,0.0
3,1,42000.0,0.0
3,1,43000.0,0.0
3,1,44000.0,0.0
3,1,45000.0,0.0
3,1,46000.0,0.0
3,1,47000.0,0.0
3,1,48000.0,0.0
3,1,49000.0,0.0
3,1,50000.0,0.0
3,2,5000.0,0.0
3,2,6000.0,0.0
3,2,7000.0,0.0
3,2,8000.0,0.0
3,2,9000.0,0.0
3,2,10000.0,0.0
3,2,11000.0,0.0
3,2,12000.0,0.0
3,2,13000.0,0.0
3,2,14000.0,0.0
3,2,15000.0,0.0
3,2,16000.0,0.0
3,2,17000.0,0.0
3,2,18000.0,0.0
3,2,19000.0,0.0
3,2,20000.0,0.0
3,2,21000.0,0.0
3,2,22000.0,0.0
3,2,23000.0,0.0
3,2,24000.0,0.0
3,2,25000.0,0.0
3,2,26000.0,0.0
3,2,27000.0,0.0
3,2,28000.0,0.0
3,2,29000.0,0.0
3,2,30000.0,0.0
3,2,31000.0,0.0
3,2,32000.0,0.0
3,2,33000.0,0.0
3,2,34000.0,0.0
3,2,35000.0,0.0
3,2,36000.0,0.0
3,2,37000.0,0.0
3,2,38000.0,0.0
3,2,39000.0,0.0
3,2,40000.0,0.0
3,2,41000.0,0.0
3,2,42000.0,0.0
3,2,43000.0,0.0
3,2,44000.0,0.0
3,2,45000.0,0.0
3,2,46000.0,0.0
3,2,47000.0,0.0
3,2,48000.0,0.0
3,2,49000.0,0.0
3,2,50000.0,0.0
3,4,5000.0,0.0
3,4,6000.0,0.0
3,4,7000.0,0.0
3,4,8000.0,0.0
3,4,9000.0,0.0
3,4,10000.0,0.0
3,4,11000.0,0.0
3,4,12000.0,0.0
3,4,13000.0,0.0
3,4,14000.0,0.0
3,4,15000.0,0.0
3,4,16000.0,0.0
3,4,17000.0,0.0
3,4,18000.0,0.0
3,4,19000.0,0.0
3,4,20000.0,0.0
3,4,21000.0,0.0
3,4,22000.0,0.0
3,4,23000.0,0.0
3,4,24000.0,0.0
3,4,25000.0,0.0
3,4,26000.0,0.0
3,4,27000.0,0.0
3,4,28000.0,0.0
3,4,29000.0,0.0
3,4,30000.0,0.0
3,4,31000.0,0.0
3,4,32000.0,0.0
3,4,33000.0,0.0
3,4,34000.0,0.0
3,4,35000.0,0.0
3,4,36000.0,0.0
3,4,37000.0,0.0
3,4,38000.0,0.0
3,4,39000.0,0.0
3,4,40000.0,0.0
3,4,41000.0,0.0
3,4,42000.0,0.0
3,4,43000.0,0.0
3,4,44000.0,0.0
3,4,45000.0,0.0
3,4,46000.0,0.0
3,4,47000.0,0.0
3,4,48000.0,0.0
3,4,49000.0,0.0
3,4,50000.0,0.0
3,5,5000.0,0.0
3,5,6000.0,0.0
3,5,7000.0,0.0
3,5,8000.0,0.0
3,5,9000.0,0.0
3,5,10000.0,0.0
3,5,11000.0,0.0
3,5,12000.0,0.0
3,5,13000.0,0.0
3,5,14000.0,0.0
3,5,15000.0,0.0
3,5,16000.0,0.0
3,5,17000.0,0.0
3,5,18000.0,0.0
3,5,19000.0,0.0
3,5,20000.0,0.0
3,5,21000.0,0.0
3,5,22000.0,0.0
3,5,23000.0,0.0
3,5,24000.0,0.0
3,5,25000.0,0.0
3,5,26000.0,0.0
3,5,27000.0,0.0
3,5,28000.0,0.0
3,5,29000.0,0.0
3,5,30000.0,0.0
3,5,31000.0,0.0
3,5,32000.0,0.0
3,5,33000.0,0.0
3,5,34000.0,0.0
3,5,35000.0,0.0
3,5,36000.0,0.0
3,5,37000.0,0.0
3,5,38000.0,0.0
3,5,39000.0,0.0
3,5,40000.0,0.0
3,5,41000.0,0.0
3,5,42000.0,0.0
3,5,43000.0,0.0
3,5,44000.0,0.0
3,5,45000.0,0.0
3,5,46000.0,0.0
3,5,47000.0,0.0
3,5,48000.0,0.0
3,5,49000.0,0.0
3,5,50000.0,0.0
3,6,5000.0,0.0
3,6,6000.0,0.0
3,6,7000.0,0.0
3,6,8000.0,0.0
3,6,9000.0,0.0
3,6,10000.0,0.0
3,6,11000.0,0.0
3,6,12000.0,0.0
3,6,13000.0,0.0
3,6,14000.0,0.0
3,6,15000.0,0.0
3,6,16000.0,0.0
3,6,17000.0,0.0
3,6,18000.0,0.0
3,6,19000.0,0.0
3,6,20000.0,0.0
3,6,21000.0,0.0
3,6,22000.0,0.0
3,6,23000.0,0.0
3,6,24000.0,0.0
3,6,25000.0,0.0
3,6,26000.0,0.0
3,6,27000.0,0.0
3,6,28000.0,0.0
3,6,29000.0,0.0
3,6,30000.0,0.0
3,6,31000.0,0.0
3,6,32000.0,0.0
3,6,33000.0,0.0
3,6,34000.0,0.0
3,6,35000.0,0.0
3,6,36000.0,0.0
3,6,37000.0,0.0
3,6,38000.0,0.0
3,6,39000.0,0.0
3,6,40000.0,0.0
3,6,41000.0,0.0
3,6,42000.0,0.0
3,6,43000.0,0.0
3,6,44000.0,0.0
3,6,45000.0,0.0
3,6,46000.0,0.0
3,6,47000.0,0.0
3,6,48000.0,0.0
3,6,49000.0,0.0
3,6,50000.0,0.0
3,7,5000.0,0.0
3,7,6000.0,0.0
3,7,7000.0,0.0
3,7,8000.0,0.0
3,7,9000.0,0.0
3,7,10000.0,0.0
3,7,11000.0,0.0
3,7,12000.0,0.0
3,7,13000.0,0.0
3,7,14000.0,0.0
3,7,15000.0,0.0
3,7,16000.0,0.0
3,7,17000.0,0.0
3,7,18000.0,0.0
3,7,19000.0,0.0
3,7,20000.0,0.0
3,7,21000.0,0.0
3,7,22000.0,0.0
3,7,23000.0,0.0
3,7,24000.0,0.0
3,7,25000.0,0.0
3,7,26000.0,0.0
3,7,27000.0,0.0
3,7,28000.0,0.0
3,7,29000.0,0.0
3,7,30000.0,0.0
3,7,31000.0,0.0
3,7,32000.0,0.0
3,7,33000.0,0.0
3,7,34000.0,0.0
3,7,35000.0,0.0
3,7,36000.0,0.0
3,7,37000.0,0.0
3,7,38000.0,0.0
3,7,39000.0,0.0
3,7,40000.0,0.0
3,7,41000.0,0.0
3,7,42000.0,0.0
3,7,43000.0,0.0
3,7,44000.0,0.0
3,7,45000.0,0.0
3,7,46000.0,0.0
3,7,47000.0,0.0
3,7,48000.0,0.0
3,7,49000.0,0.0
3,7,50000.0,2.0
3,8,5000.0,0.0
3,8,6000.0,0.0
3,8,7000.0,0.0
3,8,8000.0,0.0
3,8,9000.0,0.0
3,8,10000.0,0.0
3,8,11000.0,0.0
3,8,12000.0,0.0
3,8,13000.0,0.0
3,8,14000.0,0.0
3,8,15000.0,0.0
3,8,16000.0,0.0
3,8,17000.0,0.0
3,8,18000.0,0.0
3,8,19000.0,0.0
3,8,20000.0,2.0
3,8,21000.0,2.0
3,8,22000.0,0.0
3,8,23000.0,0.0
3,8,24000.0,0.0
3,8,25000.0,0.0
3,8,26000.0,0.0
3,8,27000.0,0.0
3,8,28000.0,0.0
3,8,29000.0,0.0
3,8,30000.0,0.0
3,8,31000.0,2.0
3,8,32000.0,0.0
3,8,33000.0,0.0
3,8,34000.0,0.0
3,8,35000.0,0.0
3,8,36000.0,2.0
3,8,37000.0,2.0
3,8,38000.0,2.0
3,8,39000.0,2.0
3,8,40000.0,2.0
3,8,41000.0,2.0
3,8,42000.0,0.0
3,8,43000.0,0.0
3,8,44000.0,0.0
3,8,45000.0,2.0
3,8,46000.0,2.0
3,8,47000.0,2.0
3,8,48000.0,2.0
3,8,49000.0,2.0
3,8,50000.0,2.0
3,9,5000.0,2.0
3,9,6000.0,2.0
3,9,7000.0,2.0
3,9,8000.0,2.0
3,9,9000.0,2.0
3,9,10000.0,2.0
3,9,11000.0,2.0
3,9,12000.0,0.0
3,9,13000.0,0.0
3,9,14000.0,0.0
3,9,15000.0,0.0
3,9,16000.0,0.0
3,9,17000.0,0.0
3,9,18000.0,0.0
3,9,19000.0,0.0
3,9,20000.0,0.0
3,9,21000.0,0.0
3,9,22000.0,0.0
3,9,23000.0,0.0
3,9,24000.0,0.0
3,9,25000.0,0.0
3,9,26000.0,0.0
3,9,27000.0,0.0
3,9,28000.0,0.0
3,9,29000.0,0.0
3,9,30000.0,0.0
3,9,31000.0,0.0
3,9,32000.0,0.0
3,9,33000.0,0.0
3,9,34000.0,0.0
3,9,35000.0,0.0
3,9,36000.0,0.0
3,9,37000.0,0.0
3,9,38000.0,0.0
3,9,39000.0,0.0
3,9,40000.0,0.0
3,9,41000.0,0.0
3,9,42000.0,0.0
3,9,43000.0,0.0
3,9,44000.0,0.0
3,9,45000.0,0.0
3,9,46000.0,0.0
3,9,47000.0,0.0
3,9,48000.0,0.0
3,9,49000.0,0.0
3,9,50000.0,0.0
3,10,5000.0,0.0
3,10,6000.0,0.0
3,10,7000.0,0.0
3,10,8000.0,0.0
3,10,9000.0,0.0
3,10,10000.0,0.0
3,10,11000.0,0.0
3,10,12000.0,0.0
3,10,13000.0,0.0
3,10,14000.0,0.0
3,10,15000.0,0.0
3,10,16000.0,0.0
3,10,17000.0,0.0
3,10,18000.0,0.0
3,10,19000.0,0.0
3,10,20000.0,0.0
3,10,21000.0,0.0
3,10,22000.0,0.0
3,10,23000.0,0.0
3,10,24000.0,0.0
3,10,25000.0,0.0
3,10,26000.0,0.0
3,10,27000.0,0.0
3,10,28000.0,0.0
3,10,29000.0,0.0
3,10,30000.0,0.0
3,10,31000.0,0.0
3,10,32000.0,0.0
3,10,33000.0,0.0
3,10,34000.0,0.0
3,10,35000.0,0.0
3,10,36000.0,0.0
3,10,37000.0,0.0
3,10,38000.0,0.0
3,10,39000.0,0.0
3,10,40000.0,0.0
3,10,41000.0,0.0
3,10,42000.0,0.0
3,10,43000.0,0.0
3,10,44000.0,0.0
3,10,45000.0,0.0
3,10,46000.0,0.0
3,10,47000.0,0.0
3,10,48000.0,0.0
3,10,49000.0,0.0
3,10,50000.0,0.0
3,11,5000.0,0.0
3,11,6000.0,0.0
3,11,7000.0,0.0
3,11,8000.0,0.0
3,11,9000.0,0.0
3,11,10000.0,0.0
3,11,11000.0,0.0
3,11,12000.0,0.0
3,11,13000.0,0.0
3,11,14000.0,0.0
3,11,15000.0,0.0
3,11,16000.0,0.0
3,11,17000.0,0.0
3,11,18000.0,0.0
3,11,19000.0,0.0
3,11,20000.0,0.0
3,11,21000.0,0.0
3,11,22000.0,0.0
3,11,23000.0,0.0
3,11,24000.0,0.0
3,11,25000.0,0.0
3,11,26000.0,0.0
3,11,27000.0,0.0
3,11,28000.0,0.0
3,11,29000.0,0.0
3,11,30000.0,0.0
3,11,31000.0,0.0
3,11,32000.0,0.0
3,11,33000.0,0.0
3,11,34000.0,0.0
3,11,35000.0,0.0
3,11,36000.0,0.0
3,11,37000.0,0.0
3,11,38000.0,0.0
3,11,39000.0,0.0
3,11,40000.0,0.0
3,11,41000.0,0.0
3,11,42000.0,0.0
3,11,43000.0,0.0
3,11,44000.0,0.0
3,11,45000.0,0.0
3,11,46000.0,0.0
3,11,47000.0,0.0
3,11,48000.0,0.0
3,11,49000.0,0.0
3,11,50000.0,0.0
3,12,5000.0,0.0
3,12,6000.0,0.0
3,12,7000.0,0.0
3,12,8000.0,0.0
3,12,9000.0,0.0
3,12,10000.0,0.0
3,12,11000.0,0.0
3,12,12000.0,0.0
3,12,13000.0,0.0
3,12,14000.0,0.0
3,12,15000.0,0.0
3,12,16000.0,0.0
3,12,17000.0,0.0
3,12,18000.0,0.0
3,12,19000.0,0.0
3,12,20000.0,0.0
3,12,21000.0,0.0
3,12,22000.0,0.0
3,12,23000.0,0.0
3,12,24000.0,0.0
3,12,25000.0,0.0
3,12,26000.0,0.0
3,12,27000.0,0.0
3,12,28000.0,0.0
3,12,29000.0,0.0
3,12,30000.0,0.0
3,12,31000.0,0.0
3,12,32000.0,0.0
3,12,33000.0,0.0
3,12,34000.0,0.0
3,12,35000.0,0.0
3,12,36000.0,0.0
3,12,37000.0,0.0
3,12,38000.0,0.0
3,12,39000.0,0.0
3,12,40000.0,0.0
3,12,41000.0,0.0
3,12,42000.0,0.0
3,12,43000.0,0.0
3,12,44000.0,0.0
3,12,45000.0,0.0
3,12,46000.0,0.0
3,12,47000.0,0.0
3,12,48000.0,0.0
3,12,49000.0,0.0
3,12,50000.0,0.0
3,13,5000.0,0.0
3,13,6000.0,0.0
3,13,7000.0,0.0
3,13,8000.0,0.0
3,13,9000.0,0.0
3,13,10000.0,0.0
3,13,11000.0,0.0
3,13,12000.0,0.0
3,13,13000.0,0.0
3,13,14000.0,0.0
3,13,15000.0,0.0
3,13,16000.0,0.0
3,13,17000.0,0.0
3,13,18000.0,0.0
3,13,19000.0,0.0
3,13,20000.0,0.0
3,13,21000.0,0.0
3,13,22000.0,0.0
3,13,23000.0,0.0
3,13,24000.0,0.0
3,13,25000.0,0.0
3,13,26000.0,0.0
3,13,27000.0,0.0
3,13,28000.0,0.0
3,13,29000.0,0.0
3,13,30000.0,0.0
3,13,31000.0,0.0
3,13,32000.0,0.0
3,13,33000.0,0.0
3,13,34000.0,0.0
3,13,35000.0,0.0
3,13,36000.0,0.0
3,13,37000.0,0.0
3,13,38000.0,0.0
3,13,39000.0,0.0
3,13,40000.0,0.0
3,13,41000.0,0.0
3,13,42000.0,0.0
3,13,43000.0,0.0
3,13,44000.0,0.0
3,13,45000.0,0.0
3,13,46000.0,0.0
3,13,47000.0,0.0
3,13,48000.0,0.0
3,13,49000.0,0.0
3,13,50000.0,0.0
3,14,5000.0,0.0
3,14,6000.0,0.0
3,14,7000.0,0.0
3,14,8000.0,0.0
3,14,9000.0,0.0
3,14,10000.0,0.0
3,14,11000.0,0.0
3,14,12000.0,0.0
3,14,13000.0,0.0
3,14,14000.0,0.0
3,14,15000.0,0.0
3,14,16000.0,0.0
3,14,17000.0,0.0
3,14,18000.0,0.0
3,14,19000.0,0.0
3,14,20000.0,0.0
3,14,21000.0,0.0
3,14,22000.0,0.0
3,14,23000.0,0.0
3,14,24000.0,0.0
3,14,25000.0,0.0
3,14,26000.0,0.0
3,14,27000.0,0.0
3,14,28000.0,0.0
3,14,29000.0,0.0
3,14,30000.0,0.0
3,14,31000.0,0.0
3,14,32000.0,0.0
3,14,33000.0,0.0
3,14,34000.0,0.0
3,14,35000.0,0.0
3,14,36000.0,0.0
3,14,37000.0,0.0
3,14,38000.0,0.0
3,14,39000.0,0.0
3,14,40000.0,0.0
3,14,41000.0,0.0
3,14,42000.0,0.0
3,14,43000.0,0.0
3,14,44000.0,0.0
3,14,45000.0,0.0
3,14,46000.0,0.0
3,14,47000.0,0.0
3,14,48000.0,0.0
3,14,49000.0,0.0
3,14,50000.0,0.0
3,15,5000.0,0.0
3,15,6000.0,0.0
3,15,7000.0,0.0
3,15,8000.0,0.0
3,15,9000.0,0.0
3,15,10000.0,0.0
3,15,11000.0,0.0
3,15,12000.0,0.0
3,15,13000.0,0.0
3,15,14000.0,0.0
3,15,15000.0,0.0
3,15,16000.0,0.0
3,15,17000.0,0.0
3,15,18000.0,0.0
3,15,19000.0,0.0
3,15,20000.0,0.0
3,15,21000.0,0.0
3,15,22000.0,0.0
3,15,23000.0,0.0
3,15,24000.0,0.0
3,15,25000.0,0.0
3,15,26000.0,0.0
3,15,27000.0,0.0
3,15,28000.0,0.0
3,15,29000.0,0.0
3,15,30000.0,0.0
3,15,31000.0,0.0
3,15,32000.0,0.0
3,15,33000.0,0.0
3,15,34000.0,0.0
3,15,35000.0,0.0
3,15,36000.0,0.0
3,15,37000.0,0.0
3,15,38000.0,0.0
3,15,39000.0,0.0
3,15,40000.0,0.0
3,15,41000.0,0.0
3,15,42000.0,0.0
3,15,43000.0,0.0
3,15,44000.0,0.0
3,15,45000.0,0.0
3,15,46000.0,0.0
3,15,47000.0,0.0
3,15,48000.0,0.0
3,15,49000.0,0.0
3,15,50000.0,0.0
3,16,5000.0,0.0
3,16,6000.0,2.0
3,16,7000.0,2.0
3,16,8000.0,2.0
3,16,9000.0,2.0
3,16,10000.0,2.0
3,16,11000.0,2.0
3,16,12000.0,0.0
3,16,13000.0,0.0
3,16,14000.0,0.0
3,16,15000.0,0.0
3,16,16000.0,0.0
3,16,17000.0,0.0
3,16,18000.0,0.0
3,16,19000.0,0.0
3,16,20000.0,0.0
3,16,21000.0,0.0
3,16,22000.0,0.0
3,16,23000.0,0.0
3,16,24000.0,2.0
3,16,25000.0,2.0
3,16,26000.0,2.0
3,16,27000.0,2.0
3,16,28000.0,2.0
3,16,29000.0,2.0
3,16,30000.0,2.0
3,16,31000.0,2.0
3,16,32000.0,0.0
3,16,33000.0,0.0
3,16,34000.0,0.0
3,16,35000.0,0.0
3,16,36000.0,0.0
3,16,37000.0,0.0
3,16,38000.0,0.0
3,16,39000.0,0.0
3,16,40000.0,0.0
3,16,41000.0,0.0
3,16,42000.0,0.0
3,16,43000.0,0.0
3,16,44000.0,0.0
3,16,45000.0,0.0
3,16,46000.0,0.0
3,16,47000.0,0.0
3,16,48000.0,0.0
3,16,49000.0,0.0
3,16,50000.0,0.0
3,17,5000.0,2.0
3,17,6000.0,2.0
3,17,7000.0,2.0
3,17,8000.0,2.0
3,17,9000.0,2.0
3,17,10000.0,2.0
3,17,11000.0,2.0
3,17,12000.0,0.0
3,17,13000.0,0.0
3,17,14000.0,0.0
3,17,15000.0,0.0
3,17,16000.0,0.0
3,17,17000.0,0.0
3,17,18000.0,0.0
3,17,19000.0,0.0
3,17,20000.0,0.0
3,17,21000.0,0.0
3,17,22000.0,0.0
3,17,23000.0,0.0
3,17,24000.0,0.0
3,17,25000.0,0.0
3,17,26000.0,0.0
3,17,27000.0,0.0
3,17,28000.0,0.0
3,17,29000.0,0.0
3,17,30000.0,0.0
3,17,31000.0,0.0
3,17,32000.0,0.0
3,17,33000.0,0.0
3,17,34000.0,0.0
3,17,35000.0,0.0
3,17,36000.0,0.0
3,17,37000.0,0.0
3,17,38000.0,0.0
3,17,39000.0,0.0
3,17,40000.0,0.0
3,17,41000.0,0.0
3,17,42000.0,0.0
3,17,43000.0,0.0
3,17,44000.0,0.0
3,17,45000.0,0.0
3,17,46000.0,0.0
3,17,47000.0,0.0
3,17,48000.0,0.0
3,17,49000.0,0.0
3,17,50000.0,0.0
3,18,5000.0,0.0
3,18,6000.0,0.0
3,18,7000.0,0.0
3,18,8000.0,0.0
3,18,9000.0,0.0
3,18,10000.0,0.0
3,18,11000.0,0.0
3,18,12000.0,0.0
3,18,13000.0,0.0
3,18,14000.0,0.0
3,18,15000.0,0.0
3,18,16000.0,0.0
3,18,17000.0,0.0
3,18,18000.0,0.0
3,18,19000.0,0.0
3,18,20000.0,0.0
3,18,21000.0,0.0
3,18,22000.0,0.0
3,18,23000.0,0.0
3,18,24000.0,0.0
3,18,25000.0,0.0
3,18,26000.0,0.0
3,18,27000.0,0.0
3,18,28000.0,0.0
3,18,29000.0,0.0
3,18,30000.0,0.0
3,18,31000.0,0.0
3,18,32000.0,0.0
3,18,33000.0,0.0
3,18,34000.0,0.0
3,18,35000.0,0.0
3,18,36000.0,0.0
3,18,37000.0,0.0
3,18,38000.0,0.0
3,18,39000.0,0.0
3,18,40000.0,0.0
3,18,41000.0,0.0
3,18,42000.0,0.0
3,18,43000.0,0.0
3,18,44000.0,0.0
3,18,45000.0,0.0
3,18,46000.0,0.0
3,18,47000.0,0.0
3,18,48000.0,0.0
3,18,49000.0,0.0
3,18,50000.0,0.0
3,19,5000.0,0.0
3,19,6000.0,0.0
3,19,7000.0,0.0
3,19,8000.0,0.0
3,19,9000.0,0.0
3,19,10000.0,0.0
3,19,11000.0,0.0
3,19,12000.0,0.0
3,19,13000.0,0.0
3,19,14000.0,0.0
3,19,15000.0,0.0
3,19,16000.0,0.0
3,19,17000.0,0.0
3,19,18000.0,0.0
3,19,19000.0,0.0
3,19,20000.0,0.0
3,19,21000.0,0.0
3,19,22000.0,0.0
3,19,23000.0,0.0
3,19,24000.0,0.0
3,19,25000.0,0.0
3,19,26000.0,0.0
3,19,27000.0,0.0
3,19,28000.0,0.0
3,19,29000.0,0.0
3,19,30000.0,0.0
3,19,31000.0,0.0
3,19,32000.0,0.0
3,19,33000.0,0.0
3,19,34000.0,0.0
3,19,35000.0,0.0
3,19,36000.0,0.0
3,19,37000.0,0.0
3,19,38000.0,0.0
3,19,39000.0,0.0
3,19,40000.0,0.0
3,19,41000.0,0.0
3,19,42000.0,0.0
3,19,43000.0,0.0
3,19,44000.0,0.0
3,19,45000.0,0.0
3,19,46000.0,0.0
3,19,47000.0,0.0
3,19,48000.0,0.0
3,19,49000.0,0.0
3,19,50000.0,0.0
3,20,5000.0,0.0
3,20,6000.0,0.0
3,20,7000.0,0.0
3,20,8000.0,0.0
3,20,9000.0,0.0
3,20,10000.0,0.0
3,20,11000.0,0.0
3,20,12000.0,0.0
3,20,13000.0,0.0
3,20,14000.0,0.0
3,20,15000.0,0.0
3,20,16000.0,0.0
3,20,17000.0,0.0
3,20,18000.0,0.0
3,20,19000.0,0.0
3,20,20000.0,0.0
3,20,21000.0,0.0
3,20,22000.0,0.0
3,20,23000.0,0.0
3,20,24000.0,0.0
3,20,25000.0,0.0
3,20,26000.0,0.0
3,20,27000.0,0.0
3,20,28000.0,0.0
3,20,29000.0,0.0
3,20,30000.0,0.0
3,20,31000.0,0.0
3,20,32000.0,0.0
3,20,33000.0,0.0
3,20,34000.0,0.0
3,20,35000.0,0.0
3,20,36000.0,0.0
3,20,37000.0,0.0
3,20,38000.0,0.0
3,20,39000.0,0.0
3,20,40000.0,0.0
3,20,41000.0,0.0
3,20,42000.0,0.0
3,20,43000.0,0.0
3,20,44000.0,0.0
3,20,45000.0,0.0
3,20,46000.0,0.0
3,20,47000.0,0.0
3,20,48000.0,0.0
3,20,49000.0,0.0
3,20,50000.0,0.0
3,21,5000.0,0.0
3,21,6000.0,0.0
3,21,7000.0,0.0
3,21,8000.0,0.0
3,21,9000.0,0.0
3,21,10000.0,0.0
3,21,11000.0,0.0
3,21,12000.0,0.0
3,21,13000.0,0.0
3,21,14000.0,0.0
3,21,15000.0,0.0
3,21,16000.0,0.0
3,21,17000.0,0.0
3,21,18000.0,0.0
3,21,19000.0,0.0
3,21,20000.0,0.0
3,21,21000.0,0.0
3,21,22000.0,0.0
3,21,23000.0,0.0
3,21,24000.0,0.0
3,21,25000.0,0.0
3,21,26000.0,0.0
3,21,27000.0,0.0
3,21,28000.0,0.0
3,21,29000.0,0.0
3,21,30000.0,0.0
3,21,31000.0,0.0
3,21,32000.0,0.0
3,21,33000.0,0.0
3,21,34000.0,0.0
3,21,35000.0,0.0
3,21,36000.0,0.0
3,21,37000.0,0.0
3,21,38000.0,0.0
3,21,39000.0,0.0
3,21,40000.0,0.0
3,21,41000.0,0.0
3,21,42000.0,0.0
3,21,43000.0,0.0
3,21,44000.0,0.0
3,21,45000.0,0.0
3,21,46000.0,0.0
3,21,47000.0,0.0
3,21,48000.0,0.0
3,21,49000.0,0.0
3,21,50000.0,0.0
3,22,5000.0,0.0
3,22,6000.0,0.0
3,22,7000.0,2.0
3,22,8000.0,2.0
3,22,9000.0,2.0
3,22,10000.0,2.0
3,22,11000.0,2.0
3,22,12000.0,0.0
3,22,13000.0,0.0
3,22,14000.0,0.0
3,22,15000.0,0.0
3,22,16000.0,0.0
3,22,17000.0,0.0
3,22,18000.0,0.0
3,22,19000.0,0.0
3,22,20000.0,0.0
3,22,21000.0,0.0
3,22,22000.0,0.0
3,22,23000.0,0.0
3,22,24000.0,0.0
3,22,25000.0,0.0
3,22,26000.0,0.0
3,22,27000.0,0.0
3,22,28000.0,0.0
3,22,29000.0,0.0
3,22,30000.0,0.0
3,22,31000.0,0.0
3,22,32000.0,0.0
3,22,33000.0,0.0
3,22,34000.0,0.0
3,22,35000.0,0.0
3,22,36000.0,0.0
3,22,37000.0,0.0
3,22,38000.0,0.0
3,22,39000.0,0.0
3,22,40000.0,0.0
3,22,41000.0,0.0
3,22,42000.0,0.0
3,22,43000.0,0.0
3,22,44000.0,0.0
3,22,45000.0,0.0
3,22,46000.0,0.0
3,22,47000.0,0.0
3,22,48000.0,0.0
3,22,49000.0,0.0
3,22,50000.0,0.0
3,23,5000.0,0.0
3,23,6000.0,0.0
3,23,7000.0,0.0
3,23,8000.0,0.0
3,23,9000.0,0.0
3,23,10000.0,0.0
3,23,11000.0,0.0
3,23,12000.0,0.0
3,23,13000.0,0.0
3,23,14000.0,0.0
3,23,15000.0,0.0
3,23,16000.0,0.0
3,23,17000.0,0.0
3,23,18000.0,0.0
3,23,19000.0,0.0
3,23,20000.0,0.0
3,23,21000.0,0.0
3,23,22000.0,0.0
3,23,23000.0,0.0
3,23,24000.0,0.0
3,23,25000.0,0.0
3,23,26000.0,0.0
3,23,27000.0,0.0
3,23,28000.0,0.0
3,23,29000.0,0.0
3,23,30000.0,0.0
3,23,31000.0,0.0
3,23,32000.0,0.0
3,23,33000.0,0.0
3,23,34000.0,0.0
3,23,35000.0,0.0
3,23,36000.0,0.0
3,23,37000.0,0.0
3,23,38000.0,0.0
3,23,39000.0,0.0
3,23,40000.0,0.0
3,23,41000.0,0.0
3,23,42000.0,0.0
3,23,43000.0,0.0
3,23,44000.0,0.0
3,23,45000.0,0.0
3,23,46000.0,0.0
3,23,47000.0,0.0
3,23,48000.0,0.0
3,23,49000.0,0.0
3,23,50000.0,0.0
3,24,5000.0,0.0
3,24,6000.0,0.0
3,24,7000.0,0.0
3,24,8000.0,0.0
3,24,9000.0,0.0
3,24,10000.0,0.0
3,24,11000.0,0.0
3,24,12000.0,0.0
3,24,13000.0,0.0
3,24,14000.0,0.0
3,24,15000.0,0.0
3,24,16000.0,0.0
3,24,17000.0,0.0
3,24,18000.0,0.0
3,24,19000.0,0.0
3,24,20000.0,0.0
3,24,21000.0,0.0
3,24,22000.0,0.0
3,24,23000.0,0.0
3,24,24000.0,0.0
3,24,25000.0,0.0
3,24,26000.0,0.0
3,24,27000.0,0.0
3,24,28000.0,0.0
3,24,29000.0,2.0
3,24,30000.0,2.0
3,24,31000.0,2.0
3,24,32000.0,0.0
3,24,33000.0,0.0
3,24,34000.0,0.0
3,24,35000.0,0.0
3,24,36000.0,0.0
3,24,37000.0,0.0
3,24,38000.0,0.0
3,24,39000.0,0.0
3,24,40000.0,0.0
3,24,41000.0,0.0
3,24,42000.0,0.0
3,24,43000.0,0.0
3,24,44000.0,0.0
3,24,45000.0,0.0
3,24,46000.0,0.0
3,24,47000.0,0.0
3,24,48000.0,0.0
3,24,49000.0,0.0
3,24,50000.0,0.0
3,25,5000.0,0.0
3,25,6000.0,0.0
3,25,7000.0,2.0
3,25,8000.0,2.0
3,25,9000.0,2.0
3,25,10000.0,2.0
3,25,11000.0,2.0
3,25,12000.0,0.0
3,25,13000.0,0.0
3,25,14000.0,0.0
3,25,15000.0,0.0
3,25,16000.0,0.0
3,25,17000.0,0.0
3,25,18000.0,0.0
3,25,19000.0,0.0
3,25,20000.0,0.0
3,25,21000.0,0.0
3,25,22000.0,0.0
3,25,23000.0,0.0
3,25,24000.0,0.0
3,25,25000.0,0.0
3,25,26000.0,0.0
3,25,27000.0,0.0
3,25,28000.0,0.0
3,25,29000.0,0.0
3,25,30000.0,0.0
3,25,31000.0,0.0
3,25,32000.0,0.0
3,25,33000.0,0.0
3,25,34000.0,0.0
3,25,35000.0,0.0
3,25,36000.0,0.0
3,25,37000.0,0.0
3,25,38000.0,0.0
3,25,39000.0,0.0
3,25,40000.0,0.0
3,25,41000.0,0.0
3,25,42000.0,0.0
3,25,43000.0,0.0
3,25,44000.0,0.0
3,25,45000.0,0.0
3,25,46000.0,0.0
3,25,47000.0,0.0
3,25,48000.0,0.0
3,25,49000.0,0.0
3,25,50000.0,0.0
3,26,5000.0,0.0
3,26,6000.0,0.0
3,26,7000.0,0.0
3,26,8000.0,0.0
3,26,9000.0,0.0
3,26,10000.0,0.0
3,26,11000.0,0.0
3,26,12000.0,0.0
3,26,13000.0,0.0
3,26,14000.0,0.0
3,26,15000.0,0.0
3,26,16000.0,0.0
3,26,17000.0,0.0
3,26,18000.0,0.0
3,26,19000.0,0.0
3,26,20000.0,0.0
3,26,21000.0,0.0
3,26,22000.0,0.0
3,26,23000.0,0.0
3,26,24000.0,0.0
3,26,25000.0,0.0
3,26,26000.0,0.0
3,26,27000.0,0.0
3,26,28000.0,0.0
3,26,29000.0,0.0
3,26,30000.0,0.0
3,26,31000.0,0.0
3,26,32000.0,0.0
3,26,33000.0,0.0
3,26,34000.0,0.0
3,26,35000.0,0.0
3,26,36000.0,0.0
3,26,37000.0,0.0
3,26,38000.0,0.0
3,26,39000.0,0.0
3,26,40000.0,0.0
3,26,41000.0,0.0
3,26,42000.0,0.0
3,26,43000.0,0.0
3,26,44000.0,0.0
3,26,45000.0,0.0
3,26,46000.0,0.0
3,26,47000.0,0.0
3,26,48000.0,0.0
3,26,49000.0,0.0
3,26,50000.0,0.0
3,27,5000.0,0.0
3,27,6000.0,0.0
3,27,7000.0,0.0
3,27,8000.0,0.0
3,27,9000.0,0.0
3,27,10000.0,0.0
3,27,11000.0,0.0
3,27,12000.0,0.0
3,27,13000.0,0.0
3,27,14000.0,0.0
3,27,15000.0,0.0
3,27,16000.0,0.0
3,27,17000.0,0.0
3,27,18000.0,0.0
3,27,19000.0,0.0
3,27,20000.0,0.0
3,27,21000.0,0.0
3,27,22000.0,0.0
3,27,23000.0,0.0
3,27,24000.0,0.0
3,27,25000.0,0.0
3,27,26000.0,0.0
3,27,27000.0,0.0
3,27,28000.0,0.0
3,27,29000.0,0.0
3,27,30000.0,0.0
3,27,31000.0,0.0
3,27,32000.0,0.0
3,27,33000.0,0.0
3,27,34000.0,0.0
3,27,35000.0,0.0
3,27,36000.0,0.0
3,27,37000.0,0.0
3,27,38000.0,0.0
3,27,39000.0,0.0
3,27,40000.0,0.0
3,27,41000.0,0.0
3,27,42000.0,0.0
3,27,43000.0,0.0
3,27,44000.0,0.0
3,27,45000.0,0.0
3,27,46000.0,0.0
3,27,47000.0,0.0
3,27,48000.0,0.0
3,27,49000.0,0.0
3,27,50000.0,0.0
3,28,5000.0,2.0
3,28,6000.0,2.0
3,28,7000.0,2.0
3,28,8000.0,2.0
3,28,9000.0,2.0
3,28,10000.0,2.0
3,28,11000.0,2.0
3,28,12000.0,0.0
3,28,13000.0,0.0
3,28,14000.0,0.0
3,28,15000.0,0.0
3,28,16000.0,0.0
3,28,17000.0,0.0
3,28,18000.0,0.0
3,28,19000.0,0.0
3,28,20000.0,0.0
3,28,21000.0,0.0
3,28,22000.0,0.0
3,28,23000.0,0.0
3,28,24000.0,0.0
3,28,25000.0,0.0
3,28,26000.0,0.0
3,28,27000.0,0.0
3,28,28000.0,0.0
3,28,29000.0,0.0
3,28,30000.0,0.0
3,28,31000.0,0.0
3,28,32000.0,0.0
3,28,33000.0,0.0
3,28,34000.0,0.0
3,28,35000.0,0.0
3,28,36000.0,0.0
3,28,37000.0,0.0
3,28,38000.0,0.0
3,28,39000.0,0.0
3,28,40000.0,0.0
3,28,41000.0,0.0
3,28,42000.0,0.0
3,28,43000.0,0.0
3,28,44000.0,0.0
3,28,45000.0,0.0
3,28,46000.0,0.0
3,28,47000.0,0.0
3,28,48000.0,0.0
3,28,49000.0,0.0
3,28,50000.0,0.0
3,29,5000.0,0.0
3,29,6000.0,0.0
3,29,7000.0,2.0
3,29,8000.0,2.0
3,29,9000.0,2.0
3,29,10000.0,2.0
3,29,11000.0,2.0
3,29,12000.0,0.0
3,29,13000.0,0.0
3,29,14000.0,0.0
3,29,15000.0,0.0
3,29,16000.0,0.0
3,29,17000.0,0.0
3,29,18000.0,0.0
3,29,19000.0,0.0
3,29,20000.0,0.0
3,29,21000.0,0.0
3,29,22000.0,0.0
3,29,23000.0,0.0
3,29,24000.0,0.0
3,29,25000.0,0.0
3,29,26000.0,0.0
3,29,27000.0,0.0
3,29,28000.0,0.0
3,29,29000.0,0.0
3,29,30000.0,0.0
3,29,31000.0,0.0
3,29,32000.0,0.0
3,29,33000.0,0.0
3,29,34000.0,0.0
3,29,35000.0,0.0
3,29,36000.0,0.0
3,29,37000.0,0.0
3,29,38000.0,0.0
3,29,39000.0,0.0
3,29,40000.0,0.0
3,29,41000.0,0.0
3,29,42000.0,0.0
3,29,43000.0,0.0
3,29,44000.0,0.0
3,29,45000.0,0.0
3,29,46000.0,0.0
3,29,47000.0,0.0
3,29,48000.0,0.0
3,29,49000.0,0.0
3,29,50000.0,0.0
3,30,5000.0,0.0
3,30,6000.0,0.0
3,30,7000.0,0.0
3,30,8000.0,0.0
3,30,9000.0,0.0
3,30,10000.0,0.0
3,30,11000.0,0.0
3,30,12000.0,0.0
3,30,13000.0,0.0
3,30,14000.0,0.0
3,30,15000.0,0.0
3,30,16000.0,0.0
3,30,17000.0,0.0
3,30,18000.0,0.0
3,30,19000.0,0.0
3,30,20000.0,0.0
3,30,21000.0,0.0
3,30,22000.0,0.0
3,30,23000.0,0.0
3,30,24000.0,0.0
3,30,25000.0,0.0
3,30,26000.0,0.0
3,30,27000.0,0.0
3,30,28000.0,0.0
3,30,29000.0,0.0
3,30,30000.0,0.0
3,30,31000.0,0.0
3,30,32000.0,0.0
3,30,33000.0,0.0
3,30,34000.0,0.0
3,30,35000.0,0.0
3,30,36000.0,0.0
3,30,37000.0,0.0
3,30,38000.0,0.0
3,30,39000.0,0.0
3,30,40000.0,0.0
3,30,41000.0,0.0
3,30,42000.0,0.0
3,30,43000.0,0.0
3,30,44000.0,0.0
3,30,45000.0,0.0
3,30,46000.0,0.0
3,30,47000.0,0.0
3,30,48000.0,0.0
3,30,49000.0,0.0
3,30,50000.0,0.0
3,31,5000.0,0.0
3,31,6000.0,2.0
3,31,7000.0,2.0
3,31,8000.0,2.0
3,31,9000.0,2.0
3,31,10000.0,2.0
3,31,11000.0,2.0
3,31,12000.0,0.0
3,31,13000.0,0.0
3,31,14000.0,0.0
3,31,15000.0,0.0
3,31,16000.0,0.0
3,31,17000.0,0.0
3,31,18000.0,0.0
3,31,19000.0,0.0
3,31,20000.0,0.0
3,31,21000.0,0.0
3,31,22000.0,0.0
3,31,23000.0,0.0
3,31,24000.0,0.0
3,31,25000.0,0.0
3,31,26000.0,0.0
3,31,27000.0,0.0
3,31,28000.0,0.0
3,31,29000.0,0.0
3,31,30000.0,0.0
3,31,31000.0,0.0
3,31,32000.0,0.0
3,31,33000.0,0.0
3,31,34000.0,0.0
3,31,35000.0,0.0
3,31,36000.0,0.0
3,31,37000.0,0.0
3,31,38000.0,0.0
3,31,39000.0,0.0
3,31,40000.0,0.0
3,31,41000.0,0.0
3,31,42000.0,0.0
3,31,43000.0,0.0
3,31,44000.0,0.0
3,31,45000.0,0.0
3,31,46000.0,0.0
3,31,47000.0,0.0
3,31,48000.0,0.0
3,31,49000.0,0.0
3,31,50000.0,0.0
3,32,5000.0,0.0
3,32,6000.0,0.0
3,32,7000.0,0.0
3,32,8000.0,0.0
3,32,9000.0,0.0
3,32,10000.0,0.0
3,32,11000.0,0.0
3,32,12000.0,0.0
3,32,13000.0,0.0
3,32,14000.0,0.0
3,32,15000.0,0.0
3,32,16000.0,0.0
3,32,17000.0,0.0
3,32,18000.0,0.0
3,32,19000.0,0.0
3,32,20000.0,0.0
3,32,21000.0,0.0
3,32,22000.0,0.0
3,32,23000.0,0.0
3,32,24000.0,0.0
3,32,25000.0,0.0
3,32,26000.0,0.0
3,32,27000.0,0.0
3,32,28000.0,0.0
3,32,29000.0,0.0
3,32,30000.0,0.0
3,32,31000.0,0.0
3,32,32000.0,0.0
3,32,33000.0,0.0
3,32,34000.0,0.0
3,32,35000.0,0.0
3,32,36000.0,0.0
3,32,37000.0,0.0
3,32,38000.0,0.0
3,32,39000.0,0.0
3,32,40000.0,0.0
3,32,41000.0,0.0
3,32,42000.0,0.0
3,32,43000.0,0.0
3,32,44000.0,0.0
3,32,45000.0,0.0
3,32,46000.0,0.0
3,32,47000.0,0.0
3,32,48000.0,0.0
3,32,49000.0,0.0
3,32,50000.0,0.0
3,33,5000.0,0.0
3,33,6000.0,0.0
3,33,7000.0,0.0
3,33,8000.0,0.0
3,33,9000.0,0.0
3,33,10000.0,0.0
3,33,11000.0,0.0
3,33,12000.0,0.0
3,33,13000.0,0.0
3,33,14000.0,0.0
3,33,15000.0,0.0
3,33,16000.0,0.0
3,33,17000.0,0.0
3,33,18000.0,0.0
3,33,19000.0,0.0
3,33,20000.0,0.0
3,33,21000.0,0.0
3,33,22000.0,0.0
3,33,23000.0,0.0
3,33,24000.0,0.0
3,33,25000.0,0.0
3,33,26000.0,0.0
3,33,27000.0,0.0
3,33,28000.0,0.0
3,33,29000.0,0.0
3,33,30000.0,0.0
3,33,31000.0,0.0
3,33,32000.0,0.0
3,33,33000.0,0.0
3,33,34000.0,0.0
3,33,35000.0,0.0
3,33,36000.0,0.0
3,33,37000.0,0.0
3,33,38000.0,0.0
3,33,39000.0,0.0
3,33,40000.0,0.0
3,33,41000.0,0.0
3,33,42000.0,0.0
3,33,43000.0,0.0
3,33,44000.0,0.0
3,33,45000.0,0.0
3,33,46000.0,0.0
3,33,47000.0,0.0
3,33,48000.0,0.0
3,33,49000.0,0.0
3,33,50000.0,0.0
3,34,5000.0,0.0
3,34,6000.0,0.0
3,34,7000.0,0.0
3,34,8000.0,0.0
3,34,9000.0,0.0
3,34,10000.0,0.0
3,34,11000.0,0.0
3,34,12000.0,0.0
3,34,13000.0,0.0
3,34,14000.0,0.0
3,34,15000.0,0.0
3,34,16000.0,0.0
3,34,17000.0,0.0
3,34,18000.0,0.0
3,34,19000.0,0.0
3,34,20000.0,0.0
3,34,21000.0,0.0
3,34,22000.0,0.0
3,34,23000.0,0.0
3,34,24000.0,0.0
3,34,25000.0,0.0
3,34,26000.0,0.0
3,34,27000.0,0.0
3,34,28000.0,0.0
3,34,29000.0,0.0
3,34,30000.0,0.0
3,34,31000.0,0.0
3,34,32000.0,0.0
3,34,33000.0,0.0
3,34,34000.0,0.0
3,34,35000.0,0.0
3,34,36000.0,0.0
3,34,37000.0,0.0
3,34,38000.0,0.0
3,34,39000.0,0.0
3,34,40000.0,0.0
3,34,41000.0,0.0
3,34,42000.0,0.0
3,34,43000.0,0.0
3,34,44000.0,0.0
3,34,45000.0,0.0
3,34,46000.0,0.0
3,34,47000.0,0.0
3,34,48000.0,0.0
3,34,49000.0,0.0
3,34,50000.0,0.0
3,35,5000.0,0.0
3,35,6000.0,0.0
3,35,7000.0,0.0
3,35,8000.0,0.0
3,35,9000.0,0.0
3,35,10000.0,0.0
3,35,11000.0,0.0
3,35,12000.0,0.0
3,35,13000.0,0.0
3,35,14000.0,0.0
3,35,15000.0,0.0
3,35,16000.0,0.0
3,35,17000.0,0.0
3,35,18000.0,0.0
3,35,19000.0,2.0
3,35,20000.0,2.0
3,35,21000.0,2.0
3,35,22000.0,0.0
3,35,23000.0,0.0
3,35,24000.0,0.0
3,35,25000.0,0.0
3,35,26000.0,0.0
3,35,27000.0,0.0
3,35,28000.0,0.0
3,35,29000.0,0.0
3,35,30000.0,0.0
3,35,31000.0,0.0
3,35,32000.0,0.0
3,35,33000.0,0.0
3,35,34000.0,0.0
3,35,35000.0,0.0
3,35,36000.0,0.0
3,35,37000.0,0.0
3,35,38000.0,0.0
3,35,39000.0,0.0
3,35,40000.0,0.0
3,35,41000.0,0.0
3,35,42000.0,0.0
3,35,43000.0,0.0
3,35,44000.0,0.0
3,35,45000.0,0.0
3,35,46000.0,0.0
3,35,47000.0,0.0
3,35,48000.0,0.0
3,35,49000.0,0.0
3,35,50000.0,0.0
3,36,5000.0,0.0
3,36,6000.0,0.0
3,36,7000.0,0.0
3,36,8000.0,0.0
3,36,9000.0,0.0
3,36,10000.0,0.0
3,36,11000.0,0.0
3,36,12000.0,0.0
3,36,13000.0,0.0
3,36,14000.0,0.0
3,36,15000.0,0.0
3,36,16000.0,0.0
3,36,17000.0,0.0
3,36,18000.0,0.0
3,36,19000.0,0.0
3,36,20000.0,0.0
3,36,21000.0,0.0
3,36,22000.0,0.0
3,36,23000.0,0.0
3,36,24000.0,0.0
3,36,25000.0,0.0
3,36,26000.0,0.0
3,36,27000.0,0.0
3,36,28000.0,0.0
3,36,29000.0,0.0
3,36,30000.0,0.0
3,36,31000.0,0.0
3,36,32000.0,0.0
3,36,33000.0,0.0
3,36,34000.0,0.0
3,36,35000.0,0.0
3,36,36000.0,0.0
3,36,37000.0,0.0
3,36,38000.0,0.0
3,36,39000.0,0.0
3,36,40000.0,0.0
3,36,41000.0,0.0
3,36,42000.0,0.0
3,36,43000.0,0.0
3,36,44000.0,0.0
3,36,45000.0,0.0
3,36,46000.0,0.0
3,36,47000.0,0.0
3,36,48000.0,0.0
3,36,49000.0,0.0
3,36,50000.0,2.0
3,37,5000.0,0.0
3,37,6000.0,0.0
3,37,7000.0,0.0
3,37,8000.0,0.0
3,37,9000.0,0.0
3,37,10000.0,0.0
3,37,11000.0,0.0
3,37,12000.0,0.0
3,37,13000.0,2.0
3,37,14000.0,2.0
3,37,15000.0,2.0
3,37,16000.0,2.0
3,37,17000.0,2.0
3,37,18000.0,2.0
3,37,19000.0,2.0
3,37,20000.0,2.0
3,37,21000.0,2.0
3,37,22000.0,0.0
3,37,23000.0,0.0
3,37,24000.0,0.0
3,37,25000.0,0.0
3,37,26000.0,0.0
3,37,27000.0,0.0
3,37,28000.0,0.0
3,37,29000.0,0.0
3,37,30000.0,0.0
3,37,31000.0,0.0
3,37,32000.0,0.0
3,37,33000.0,0.0
3,37,34000.0,0.0
3,37,35000.0,0.0
3,37,36000.0,0.0
3,37,37000.0,0.0
3,37,38000.0,0.0
3,37,39000.0,0.0
3,37,40000.0,0.0
3,37,41000.0,0.0
3,37,42000.0,0.0
3,37,43000.0,0.0
3,37,44000.0,0.0
3,37,45000.0,0.0
3,37,46000.0,0.0
3,37,47000.0,0.0
3,37,48000.0,0.0
3,37,49000.0,0.0
3,37,50000.0,0.0
3,38,5000.0,2.0
3,38,6000.0,2.0
3,38,7000.0,2.0
3,38,8000.0,2.0
3,38,9000.0,2.0
3,38,10000.0,2.0
3,38,11000.0,2.0
3,38,12000.0,0.0
3,38,13000.0,0.0
3,38,14000.0,0.0
3,38,15000.0,0.0
3,38,16000.0,0.0
3,38,17000.0,0.0
3,38,18000.0,0.0
3,38,19000.0,0.0
3,38,20000.0,0.0
3,38,21000.0,0.0
3,38,22000.0,0.0
3,38,23000.0,0.0
3,38,24000.0,0.0
3,38,25000.0,0.0
3,38,26000.0,0.0
3,38,27000.0,0.0
3,38,28000.0,0.0
3,38,29000.0,0.0
3,38,30000.0,0.0
3,38,31000.0,2.0
3,38,32000.0,0.0
3,38,33000.0,0.0
3,38,34000.0,0.0
3,38,35000.0,0.0
3,38,36000.0,2.0
3,38,37000.0,2.0
3,38,38000.0,2.0
3,38,39000.0,2.0
3,38,40000.0,2.0
3,38,41000.0,2.0
3,38,42000.0,0.0
3,38,43000.0,0.0
3,38,44000.0,0.0
3,38,45000.0,0.0
3,38,46000.0,0.0
3,38,47000.0,0.0
3,38,48000.0,0.0
3,38,49000.0,0.0
3,38,50000.0,0.0
3,39,5000.0,0.0
3,39,6000.0,0.0
3,39,7000.0,0.0
3,39,8000.0,0.0
3,39,9000.0,0.0
3,39,10000.0,0.0
3,39,11000.0,0.0
3,39,12000.0,0.0
3,39,13000.0,0.0
3,39,14000.0,0.0
3,39,15000.0,0.0
3,39,16000.0,0.0
3,39,17000.0,0.0
3,39,18000.0,0.0
3,39,19000.0,0.0
3,39,20000.0,0.0
3,39,21000.0,0.0
3,39,22000.0,0.0
3,39,23000.0,0.0
3,39,24000.0,0.0
3,39,25000.0,0.0
3,39,26000.0,0.0
3,39,27000.0,0.0
3,39,28000.0,0.0
3,39,29000.0,0.0
3,39,30000.0,0.0
3,39,31000.0,0.0
3,39,32000.0,0.0
3,39,33000.0,0.0
3,39,34000.0,0.0
3,39,35000.0,0.0
3,39,36000.0,0.0
3,39,37000.0,0.0
3,39,38000.0,0.0
3,39,39000.0,2.0
3,39,40000.0,2.0
3,39,41000.0,2.0
3,39,42000.0,0.0
3,39,43000.0,0.0
3,39,44000.0,0.0
3,39,45000.0,0.0
3,39,46000.0,0.0
3,39,47000.0,0.0
3,39,48000.0,0.0
3,39,49000.0,0.0
3,39,50000.0,0.0
3,40,5000.0,0.0
3,40,6000.0,0.0
3,40,7000.0,0.0
3,40,8000.0,0.0
3,40,9000.0,0.0
3,40,10000.0,0.0
3,40,11000.0,0.0
3,40,12000.0,0.0
3,40,13000.0,0.0
3,40,14000.0,0.0
3,40,15000.0,0.0
3,40,16000.0,0.0
3,40,17000.0,0.0
3,40,18000.0,0.0
3,40,19000.0,0.0
3,40,20000.0,0.0
3,40,21000.0,0.0
3,40,22000.0,0.0
3,40,23000.0,0.0
3,40,24000.0,0.0
3,40,25000.0,0.0
3,40,26000.0,0.0
3,40,27000.0,0.0
3,40,28000.0,0.0
3,40,29000.0,0.0
3,40,30000.0,0.0
3,40,31000.0,0.0
3,40,32000.0,0.0
3,40,33000.0,0.0
3,40,34000.0,0.0
3,40,35000.0,0.0
3,40,36000.0,0.0
3,40,37000.0,0.0
3,40,38000.0,0.0
3,40,39000.0,0.0
3,40,40000.0,0.0
3,40,41000.0,0.0
3,40,42000.0,0.0
3,40,43000.0,0.0
3,40,44000.0,0.0
3,40,45000.0,0.0
3,40,46000.0,0.0
3,40,47000.0,0.0
3,40,48000.0,0.0
3,40,49000.0,0.0
3,40,50000.0,0.0
3,41,5000.0,0.0
3,41,6000.0,0.0
3,41,7000.0,0.0
3,41,8000.0,0.0
3,41,9000.0,0.0
3,41,10000.0,0.0
3,41,11000.0,0.0
3,41,12000.0,0.0
3,41,13000.0,0.0
3,41,14000.0,0.0
3,41,15000.0,0.0
3,41,16000.0,0.0
3,41,17000.0,0.0
3,41,18000.0,0.0
3,41,19000.0,0.0
3,41,20000.0,0.0
3,41,21000.0,0.0
3,41,22000.0,0.0
3,41,23000.0,0.0
3,41,24000.0,0.0
3,41,25000.0,0.0
3,41,26000.0,0.0
3,41,27000.0,0.0
3,41,28000.0,0.0
3,41,29000.0,0.0
3,41,30000.0,0.0
3,41,31000.0,0.0
3,41,32000.0,0.0
3,41,33000.0,0.0
3,41,34000.0,0.0
3,41,35000.0,0.0
3,41,36000.0,0.0
3,41,37000.0,0.0
3,41,38000.0,0.0
3,41,39000.0,0.0
3,41,40000.0,0.0
3,41,41000.0,0.0
3,41,42000.0,0.0
3,41,43000.0,0.0
3,41,44000.0,0.0
3,41,45000.0,0.0
3,41,46000.0,0.0
3,41,47000.0,0.0
3,41,48000.0,0.0
3,41,49000.0,0.0
3,41,50000.0,0.0
3,42,5000.0,0.0
3,42,6000.0,0.0
3,42,7000.0,0.0
3,42,8000.0,0.0
3,42,9000.0,0.0
3,42,10000.0,0.0
3,42,11000.0,0.0
3,42,12000.0,0.0
3,42,13000.0,0.0
3,42,14000.0,0.0
3,42,15000.0,0.0
3,42,16000.0,0.0
3,42,17000.0,0.0
3,42,18000.0,0.0
3,42,19000.0,0.0
3,42,20000.0,0.0
3,42,21000.0,0.0
3,42,22000.0,0.0
3,42,23000.0,0.0
3,42,24000.0,0.0
3,42,25000.0,0.0
3,42,26000.0,0.0
3,42,27000.0,0.0
3,42,28000.0,0.0
3,42,29000.0,0.0
3,42,30000.0,0.0
3,42,31000.0,0.0
3,42,32000.0,0.0
3,42,33000.0,0.0
3,42,34000.0,0.0
3,42,35000.0,0.0
3,42,36000.0,0.0
3,42,37000.0,0.0
3,42,38000.0,0.0
3,42,39000.0,0.0
3,42,40000.0,0.0
3,42,41000.0,0.0
3,42,42000.0,0.0
3,42,43000.0,0.0
3,42,44000.0,0.0
3,42,45000.0,0.0
3,42,46000.0,0.0
3,42,47000.0,0.0
3,42,48000.0,0.0
3,42,49000.0,0.0
3,42,50000.0,0.0
3,43,5000.0,0.0
3,43,6000.0,0.0
3,43,7000.0,0.0
3,43,8000.0,0.0
3,43,9000.0,0.0
3,43,10000.0,0.0
3,43,11000.0,0.0
3,43,12000.0,0.0
3,43,13000.0,0.0
3,43,14000.0,0.0
3,43,15000.0,0.0
3,43,16000.0,0.0
3,43,17000.0,0.0
3,43,18000.0,0.0
3,43,19000.0,0.0
3,43,20000.0,0.0
3,43,21000.0,0.0
3,43,22000.0,0.0
3,43,23000.0,0.0
3,43,24000.0,0.0
3,43,25000.0,0.0
3,43,26000.0,0.0
3,43,27000.0,0.0
3,43,28000.0,0.0
3,43,29000.0,0.0
3,43,30000.0,0.0
3,43,31000.0,0.0
3,43,32000.0,0.0
3,43,33000.0,0.0
3,43,34000.0,0.0
3,43,35000.0,0.0
3,43,36000.0,0.0
3,43,37000.0,0.0
3,43,38000.0,0.0
3,43,39000.0,0.0
3,43,40000.0,0.0
3,43,41000.0,0.0
3,43,42000.0,0.0
3,43,43000.0,0.0
3,43,44000.0,0.0
3,43,45000.0,0.0
3,43,46000.0,0.0
3,43,47000.0,0.0
3,43,48000.0,0.0
3,43,49000.0,0.0
3,43,50000.0,0.0
3,44,5000.0,0.0
3,44,6000.0,0.0
3,44,7000.0,0.0
3,44,8000.0,0.0
3,44,9000.0,0.0
3,44,10000.0,0.0
3,44,11000.0,0.0
3,44,12000.0,0.0
3,44,13000.0,0.0
3,44,14000.0,0.0
3,44,15000.0,0.0
3,44,16000.0,0.0
3,44,17000.0,0.0
3,44,18000.0,0.0
3,44,19000.0,0.0
3,44,20000.0,0.0
3,44,21000.0,0.0
3,44,22000.0,0.0
3,44,23000.0,0.0
3,44,24000.0,0.0
3,44,25000.0,0.0
3,44,26000.0,0.0
3,44,27000.0,0.0
3,44,28000.0,0.0
3,44,29000.0,0.0
3,44,30000.0,0.0
3,44,31000.0,0.0
3,44,32000.0,0.0
3,44,33000.0,0.0
3,44,34000.0,0.0
3,44,35000.0,0.0
3,44,36000.0,0.0
3,44,37000.0,0.0
3,44,38000.0,0.0
3,44,39000.0,0.0
3,44,40000.0,0.0
3,44,41000.0,0.0
3,44,42000.0,0.0
3,44,43000.0,0.0
3,44,44000.0,0.0
3,44,45000.0,0.0
3,44,46000.0,0.0
3,44,47000.0,0.0
3,44,48000.0,0.0
3,44,49000.0,0.0
3,44,50000.0,0.0
3,45,5000.0,0.0
3,45,6000.0,0.0
3,45,7000.0,0.0
3,45,8000.0,0.0
3,45,9000.0,0.0
3,45,10000.0,0.0
3,45,11000.0,0.0
3,45,12000.0,0.0
3,45,13000.0,0.0
3,45,14000.0,0.0
3,45,15000.0,0.0
3,45,16000.0,0.0
3,45,17000.0,0.0
3,45,18000.0,2.0
3,45,19000.0,2.0
3,45,20000.0,2.0
3,45,21000.0,2.0
3,45,22000.0,0.0
3,45,23000.0,0.0
3,45,24000.0,0.0
3,45,25000.0,0.0
3,45,26000.0,0.0
3,45,27000.0,0.0
3,45,28000.0,0.0
3,45,29000.0,0.0
3,45,30000.0,0.0
3,45,31000.0,0.0
3,45,32000.0,0.0
3,45,33000.0,0.0
3,45,34000.0,0.0
3,45,35000.0,0.0
3,45,36000.0,0.0
3,45,37000.0,0.0
3,45,38000.0,0.0
3,45,39000.0,0.0
3,45,40000.0,0.0
3,45,41000.0,0.0
3,45,42000.0,0.0
3,45,43000.0,0.0
3,45,44000.0,0.0
3,45,45000.0,0.0
3,45,46000.0,0.0
3,45,47000.0,0.0
3,45,48000.0,0.0
3,45,49000.0,0.0
3,45,50000.0,0.0
3,46,5000.0,0.0
3,46,6000.0,0.0
3,46,7000.0,0.0
3,46,8000.0,0.0
3,46,9000.0,0.0
3,46,10000.0,0.0
3,46,11000.0,0.0
3,46,12000.0,0.0
3,46,13000.0,0.0
3,46,14000.0,0.0
3,46,15000.0,0.0
3,46,16000.0,0.0
3,46,17000.0,0.0
3,46,18000.0,0.0
3,46,19000.0,0.0
3,46,20000.0,0.0
3,46,21000.0,0.0
3,46,22000.0,0.0
3,46,23000.0,0.0
3,46,24000.0,0.0
3,46,25000.0,0.0
3,46,26000.0,0.0
3,46,27000.0,0.0
3,46,28000.0,0.0
3,46,29000.0,0.0
3,46,30000.0,0.0
3,46,31000.0,0.0
3,46,32000.0,0.0
3,46,33000.0,0.0
3,46,34000.0,0.0
3,46,35000.0,0.0
3,46,36000.0,0.0
3,46,37000.0,0.0
3,46,38000.0,0.0
3,46,39000.0,0.0
3,46,40000.0,0.0
3,46,41000.0,0.0
3,46,42000.0,0.0
3,46,43000.0,2.0
3,46,44000.0,2.0
3,46,45000.0,2.0
3,46,46000.0,2.0
3,46,47000.0,2.0
3,46,48000.0,2.0
3,46,49000.0,2.0
3,46,50000.0,2.0
3,47,5000.0,0.0
3,47,6000.0,0.0
3,47,7000.0,0.0
3,47,8000.0,0.0
3,47,9000.0,0.0
3,47,10000.0,0.0
3,47,11000.0,0.0
3,47,12000.0,0.0
3,47,13000.0,0.0
3,47,14000.0,0.0
3,47,15000.0,0.0
3,47,16000.0,0.0
3,47,17000.0,0.0
3,47,18000.0,0.0
3,47,19000.0,0.0
3,47,20000.0,0.0
3,47,21000.0,0.0
3,47,22000.0,0.0
3,47,23000.0,0.0
3,47,24000.0,0.0
3,47,25000.0,0.0
3,47,26000.0,0.0
3,47,27000.0,0.0
3,47,28000.0,0.0
3,47,29000.0,2.0
3,47,30000.0,2.0
3,47,31000.0,2.0
3,47,32000.0,0.0
3,47,33000.0,0.0
3,47,34000.0,0.0
3,47,35000.0,0.0
3,47,36000.0,0.0
3,47,37000.0,0.0
3,47,38000.0,0.0
3,47,39000.0,0.0
3,47,40000.0,0.0
3,47,41000.0,0.0
3,47,42000.0,0.0
3,47,43000.0,0.0
3,47,44000.0,0.0
3,47,45000.0,0.0
3,47,46000.0,0.0
3,47,47000.0,0.0
3,47,48000.0,0.0
3,47,49000.0,0.0
3,47,50000.0,0.0
3,48,5000.0,0.0
3,48,6000.0,0.0
3,48,7000.0,0.0
3,48,8000.0,0.0
3,48,9000.0,0.0
3,48,10000.0,0.0
3,48,11000.0,0.0
3,48,12000.0,0.0
3,48,13000.0,0.0
3,48,14000.0,0.0
3,48,15000.0,0.0
3,48,16000.0,0.0
3,48,17000.0,0.0
3,48,18000.0,0.0
3,48,19000.0,0.0
3,48,20000.0,0.0
3,48,21000.0,0.0
3,48,22000.0,0.0
3,48,23000.0,0.0
3,48,24000.0,0.0
3,48,25000.0,0.0
3,48,26000.0,0.0
3,48,27000.0,0.0
3,48,28000.0,0.0
3,48,29000.0,0.0
3,48,30000.0,0.0
3,48,31000.0,0.0
3,48,32000.0,0.0
3,48,33000.0,0.0
3,48,34000.0,0.0
3,48,35000.0,0.0
3,48,36000.0,0.0
3,48,37000.0,0.0
3,48,38000.0,0.0
3,48,39000.0,0.0
3,48,40000.0,0.0
3,48,41000.0,0.0
3,48,42000.0,0.0
3,48,43000.0,0.0
3,48,44000.0,0.0
3,48,45000.0,0.0
3,48,46000.0,0.0
3,48,47000.0,0.0
3,48,48000.0,0.0
3,48,49000.0,0.0
3,48,50000.0,0.0
3,49,5000.0,0.0
3,49,6000.0,0.0
3,49,7000.0,0.0
3,49,8000.0,0.0
3,49,9000.0,0.0
3,49,10000.0,0.0
3,49,11000.0,0.0
3,49,12000.0,0.0
3,49,13000.0,0.0
3,49,14000.0,0.0
3,49,15000.0,0.0
3,49,16000.0,2.0
3,49,17000.0,2.0
3,49,18000.0,2.0
3,49,19000.0,2.0
3,49,20000.0,2.0
3,49,21000.0,2.0
3,49,22000.0,0.0
3,49,23000.0,0.0
3,49,24000.0,0.0
3,49,25000.0,0.0
3,49,26000.0,0.0
3,49,27000.0,0.0
3,49,28000.0,2.0
3,49,29000.0,2.0
3,49,30000.0,2.0
3,49,31000.0,2.0
3,49,32000.0,0.0
3,49,33000.0,0.0
3,49,34000.0,0.0
3,49,35000.0,0.0
3,49,36000.0,0.0
3,49,37000.0,0.0
3,49,38000.0,0.0
3,49,39000.0,0.0
3,49,40000.0,0.0
3,49,41000.0,0.0
3,49,42000.0,0.0
3,49,43000.0,0.0
3,49,44000.0,0.0
3,49,45000.0,0.0
3,49,46000.0,0.0
3,49,47000.0,0.0
3,49,48000.0,0.0
3,49,49000.0,0.0
3,49,50000.0,0.0
3,50,5000.0,0.0
3,50,6000.0,0.0
3,50,7000.0,0.0
3,50,8000.0,0.0
3,50,9000.0,0.0
3,50,10000.0,0.0
3,50,11000.0,0.0
3,50,12000.0,0.0
3,50,13000.0,0.0
3,50,14000.0,0.0
3,50,15000.0,0.0
3,50,16000.0,0.0
3,50,17000.0,0.0
3,50,18000.0,0.0
3,50,19000.0,0.0
3,50,20000.0,0.0
3,50,21000.0,0.0
3,50,22000.0,0.0
3,50,23000.0,0.0
3,50,24000.0,0.0
3,50,25000.0,0.0
3,50,26000.0,0.0
3,50,27000.0,0.0
3,50,28000.0,0.0
3,50,29000.0,0.0
3,50,30000.0,0.0
3,50,31000.0,0.0
3,50,32000.0,0.0
3,50,33000.0,0.0
3,50,34000.0,0.0
3,50,35000.0,0.0
3,50,36000.0,0.0
3,50,37000.0,0.0
3,50,38000.0,0.0
3,50,39000.0,0.0
3,50,40000.0,0.0
3,50,41000.0,0.0
3,50,42000.0,0.0
3,50,43000.0,0.0
3,50,44000.0,0.0
3,50,45000.0,0.0
3,50,46000.0,0.0
3,50,47000.0,0.0
3,50,48000.0,0.0
3,50,49000.0,0.0
3,50,50000.0,0.0
3,51,5000.0,0.0
3,51,6000.0,0.0
3,51,7000.0,0.0
3,51,8000.0,0.0
3,51,9000.0,0.0
3,51,10000.0,0.0
3,51,11000.0,0.0
3,51,12000.0,0.0
3,51,13000.0,0.0
3,51,14000.0,0.0
3,51,15000.0,0.0
3,51,16000.0,0.0
3,51,17000.0,0.0
3,51,18000.0,0.0
3,51,19000.0,0.0
3,51,20000.0,0.0
3,51,21000.0,0.0
3,51,22000.0,0.0
3,51,23000.0,0.0
3,51,24000.0,0.0
3,51,25000.0,0.0
3,51,26000.0,0.0
3,51,27000.0,0.0
3,51,28000.0,0.0
3,51,29000.0,0.0
3,51,30000.0,0.0
3,51,31000.0,0.0
3,51,32000.0,0.0
3,51,33000.0,0.0
3,51,34000.0,0.0
3,51,35000.0,0.0
3,51,36000.0,0.0
3,51,37000.0,0.0
3,51,38000.0,0.0
3,51,39000.0,0.0
3,51,40000.0,0.0
3,51,41000.0,0.0
3,51,42000.0,0.0
3,51,43000.0,0.0
3,51,44000.0,0.0
3,51,45000.0,0.0
3,51,46000.0,0.0
3,51,47000.0,0.0
3,51,48000.0,0.0
3,51,49000.0,0.0
3,51,50000.0,0.0
3,52,5000.0,0.0
3,52,6000.0,0.0
3,52,7000.0,0.0
3,52,8000.0,0.0
3,52,9000.0,0.0
3,52,10000.0,0.0
3,52,11000.0,0.0
3,52,12000.0,0.0
3,52,13000.0,0.0
3,52,14000.0,2.0
3,52,15000.0,2.0
3,52,16000.0,2.0
3,52,17000.0,2.0
3,52,18000.0,2.0
3,52,19000.0,2.0
3,52,20000.0,2.0
3,52,21000.0,2.0
3,52,22000.0,0.0
3,52,23000.0,0.0
3,52,24000.0,0.0
3,52,25000.0,0.0
3,52,26000.0,0.0
3,52,27000.0,0.0
3,52,28000.0,0.0
3,52,29000.0,0.0
3,52,30000.0,0.0
3,52,31000.0,0.0
3,52,32000.0,0.0
3,52,33000.0,0.0
3,52,34000.0,0.0
3,52,35000.0,0.0
3,52,36000.0,0.0
3,52,37000.0,0.0
3,52,38000.0,0.0
3,52,39000.0,0.0
3,52,40000.0,0.0
3,52,41000.0,0.0
3,52,42000.0,0.0
3,52,43000.0,0.0
3,52,44000.0,0.0
3,52,45000.0,0.0
3,52,46000.0,0.0
3,52,47000.0,0.0
3,52,48000.0,0.0
3,52,49000.0,0.0
3,52,50000.0,0.0
3,53,5000.0,0.0
3,53,6000.0,0.0
3,53,7000.0,2.0
3,53,8000.0,2.0
3,53,9000.0,2.0
3,53,10000.0,2.0
3,53,11000.0,2.0
3,53,12000.0,0.0
3,53,13000.0,0.0
3,53,14000.0,0.0
3,53,15000.0,0.0
3,53,16000.0,0.0
3,53,17000.0,0.0
3,53,18000.0,0.0
3,53,19000.0,0.0
3,53,20000.0,0.0
3,53,21000.0,0.0
3,53,22000.0,0.0
3,53,23000.0,0.0
3,53,24000.0,0.0
3,53,25000.0,0.0
3,53,26000.0,0.0
3,53,27000.0,0.0
3,53,28000.0,0.0
3,53,29000.0,0.0
3,53,30000.0,0.0
3,53,31000.0,0.0
3,53,32000.0,0.0
3,53,33000.0,0.0
3,53,34000.0,0.0
3,53,35000.0,0.0
3,53,36000.0,0.0
3,53,37000.0,0.0
3,53,38000.0,0.0
3,53,39000.0,0.0
3,53,40000.0,0.0
3,53,41000.0,0.0
3,53,42000.0,0.0
3,53,43000.0,0.0
3,53,44000.0,0.0
3,53,45000.0,0.0
3,53,46000.0,0.0
3,53,47000.0,0.0
3,53,48000.0,0.0
3,53,49000.0,0.0
3,53,50000.0,0.0
3,54,5000.0,0.0
3,54,6000.0,0.0
3,54,7000.0,0.0
3,54,8000.0,0.0
3,54,9000.0,0.0
3,54,10000.0,0.0
3,54,11000.0,0.0
3,54,12000.0,0.0
3,54,13000.0,0.0
3,54,14000.0,0.0
3,54,15000.0,0.0
3,54,16000.0,0.0
3,54,17000.0,0.0
3,54,18000.0,0.0
3,54,19000.0,2.0
3,54,20000.0,2.0
3,54,21000.0,2.0
3,54,22000.0,0.0
3,54,23000.0,0.0
3,54,24000.0,0.0
3,54,25000.0,0.0
3,54,26000.0,0.0
3,54,27000.0,0.0
3,54,28000.0,0.0
3,54,29000.0,0.0
3,54,30000.0,0.0
3,54,31000.0,0.0
3,54,32000.0,0.0
3,54,33000.0,0.0
3,54,34000.0,0.0
3,54,35000.0,0.0
3,54,36000.0,0.0
3,54,37000.0,0.0
3,54,38000.0,0.0
3,54,39000.0,0.0
3,54,40000.0,0.0
3,54,41000.0,0.0
3,54,42000.0,0.0
3,54,43000.0,0.0
3,54,44000.0,0.0
3,54,45000.0,0.0
3,54,46000.0,0.0
3,54,47000.0,0.0
3,54,48000.0,0.0
3,54,49000.0,0.0
3,54,50000.0,0.0
3,55,5000.0,0.0
3,55,6000.0,0.0
3,55,7000.0,0.0
3,55,8000.0,0.0
3,55,9000.0,0.0
3,55,10000.0,2.0
3,55,11000.0,2.0
3,55,12000.0,0.0
3,55,13000.0,0.0
3,55,14000.0,0.0
3,55,15000.0,0.0
3,55,16000.0,0.0
3,55,17000.0,0.0
3,55,18000.0,0.0
3,55,19000.0,0.0
3,55,20000.0,0.0
3,55,21000.0,0.0
3,55,22000.0,0.0
3,55,23000.0,0.0
3,55,24000.0,0.0
3,55,25000.0,0.0
3,55,26000.0,0.0
3,55,27000.0,0.0
3,55,28000.0,0.0
3,55,29000.0,0.0
3,55,30000.0,0.0
3,55,31000.0,0.0
3,55,32000.0,0.0
3,55,33000.0,0.0
3,55,34000.0,0.0
3,55,35000.0,0.0
3,55,36000.0,0.0
3,55,37000.0,0.0
3,55,38000.0,0.0
3,55,39000.0,0.0
3,55,40000.0,0.0
3,55,41000.0,2.0
3,55,42000.0,0.0
3,55,43000.0,0.0
3,55,44000.0,0.0
3,55,45000.0,0.0
3,55,46000.0,0.0
3,55,47000.0,0.0
3,55,48000.0,0.0
3,55,49000.0,0.0
3,55,50000.0,0.0
3,56,5000.0,0.0
3,56,6000.0,0.0
3,56,7000.0,0.0
3,56,8000.0,0.0
3,56,9000.0,0.0
3,56,10000.0,0.0
3,56,11000.0,0.0
3,56,12000.0,0.0
3,56,13000.0,0.0
3,56,14000.0,0.0
3,56,15000.0,0.0
3,56,16000.0,0.0
3,56,17000.0,0.0
3,56,18000.0,0.0
3,56,19000.0,0.0
3,56,20000.0,0.0
3,56,21000.0,0.0
3,56,22000.0,0.0
3,56,23000.0,0.0
3,56,24000.0,0.0
3,56,25000.0,0.0
3,56,26000.0,0.0
3,56,27000.0,0.0
3,56,28000.0,0.0
3,56,29000.0,0.0
3,56,30000.0,0.0
3,56,31000.0,0.0
3,56,32000.0,0.0
3,56,33000.0,0.0
3,56,34000.0,0.0
3,56,35000.0,0.0
3,56,36000.0,0.0
3,56,37000.0,0.0
3,56,38000.0,0.0
3,56,39000.0,0.0
3,56,40000.0,0.0
3,56,41000.0,0.0
3,56,42000.0,0.0
3,56,43000.0,0.0
3,56,44000.0,0.0
3,56,45000.0,0.0
3,56,46000.0,0.0
3,56,47000.0,0.0
3,56,48000.0,0.0
3,56,49000.0,0.0
3,56,50000.0,0.0
3,57,5000.0,0.0
3,57,6000.0,0.0
3,57,7000.0,0.0
3,57,8000.0,0.0
3,57,9000.0,0.0
3,57,10000.0,0.0
3,57,11000.0,0.0
3,57,12000.0,0.0
3,57,13000.0,0.0
3,57,14000.0,0.0
3,57,15000.0,0.0
3,57,16000.0,0.0
3,57,17000.0,0.0
3,57,18000.0,0.0
3,57,19000.0,0.0
3,57,20000.0,0.0
3,57,21000.0,0.0
3,57,22000.0,0.0
3,57,23000.0,0.0
3,57,24000.0,0.0
3,57,25000.0,0.0
3,57,26000.0,0.0
3,57,27000.0,0.0
3,57,28000.0,0.0
3,57,29000.0,0.0
3,57,30000.0,0.0
3,57,31000.0,0.0
3,57,32000.0,0.0
3,57,33000.0,0.0
3,57,34000.0,0.0
3,57,35000.0,0.0
3,57,36000.0,0.0
3,57,37000.0,0.0
3,57,38000.0,0.0
3,57,39000.0,0.0
3,57,40000.0,0.0
3,57,41000.0,0.0
3,57,42000.0,0.0
3,57,43000.0,0.0
3,57,44000.0,0.0
3,57,45000.0,0.0
3,57,46000.0,0.0
3,57,47000.0,0.0
3,57,48000.0,0.0
3,57,49000.0,0.0
3,57,50000.0,0.0
3,58,5000.0,0.0
3,58,6000.0,0.0
3,58,7000.0,0.0
3,58,8000.0,0.0
3,58,9000.0,0.0
3,58,10000.0,0.0
3,58,11000.0,0.0
3,58,12000.0,0.0
3,58,13000.0,0.0
3,58,14000.0,0.0
3,58,15000.0,0.0
3,58,16000.0,0.0
3,58,17000.0,0.0
3,58,18000.0,0.0
3,58,19000.0,0.0
3,58,20000.0,0.0
3,58,21000.0,0.0
3,58,22000.0,0.0
3,58,23000.0,0.0
3,58,24000.0,0.0
3,58,25000.0,0.0
3,58,26000.0,0.0
3,58,27000.0,0.0
3,58,28000.0,0.0
3,58,29000.0,0.0
3,58,30000.0,0.0
3,58,31000.0,0.0
3,58,32000.0,0.0
3,58,33000.0,0.0
3,58,34000.0,0.0
3,58,35000.0,0.0
3,58,36000.0,0.0
3,58,37000.0,0.0
3,58,38000.0,0.0
3,58,39000.0,0.0
3,58,40000.0,0.0
3,58,41000.0,0.0
3,58,42000.0,0.0
3,58,43000.0,0.0
3,58,44000.0,0.0
3,58,45000.0,0.0
3,58,46000.0,0.0
3,58,47000.0,0.0
3,58,48000.0,0.0
3,58,49000.0,0.0
3,58,50000.0,0.0
3,59,5000.0,0.0
3,59,6000.0,0.0
3,59,7000.0,0.0
3,59,8000.0,0.0
3,59,9000.0,0.0
3,59,10000.0,0.0
3,59,11000.0,0.0
3,59,12000.0,0.0
3,59,13000.0,0.0
3,59,14000.0,0.0
3,59,15000.0,0.0
3,59,16000.0,0.0
3,59,17000.0,0.0
3,59,18000.0,0.0
3,59,19000.0,0.0
3,59,20000.0,0.0
3,59,21000.0,0.0
3,59,22000.0,0.0
3,59,23000.0,0.0
3,59,24000.0,0.0
3,59,25000.0,0.0
3,59,26000.0,0.0
3,59,27000.0,0.0
3,59,28000.0,0.0
3,59,29000.0,0.0
3,59,30000.0,0.0
3,59,31000.0,0.0
3,59,32000.0,0.0
3,59,33000.0,0.0
3,59,34000.0,0.0
3,59,35000.0,0.0
3,59,36000.0,0.0
3,59,37000.0,0.0
3,59,38000.0,0.0
3,59,39000.0,0.0
3,59,40000.0,0.0
3,59,41000.0,0.0
3,59,42000.0,0.0
3,59,43000.0,0.0
3,59,44000.0,0.0
3,59,45000.0,0.0
3,59,46000.0,0.0
3,59,47000.0,0.0
3,59,48000.0,0.0
3,59,49000.0,0.0
3,59,50000.0,0.0
3,60,5000.0,0.0
3,60,6000.0,0.0
3,60,7000.0,0.0
3,60,8000.0,0.0
3,60,9000.0,0.0
3,60,10000.0,0.0
3,60,11000.0,0.0
3,60,12000.0,0.0
3,60,13000.0,0.0
3,60,14000.0,0.0
3,60,15000.0,0.0
3,60,16000.0,0.0
3,60,17000.0,0.0
3,60,18000.0,0.0
3,60,19000.0,0.0
3,60,20000.0,0.0
3,60,21000.0,0.0
3,60,22000.0,0.0
3,60,23000.0,2.0
3,60,24000.0,2.0
3,60,25000.0,2.0
3,60,26000.0,2.0
3,60,27000.0,2.0
3,60,28000.0,2.0
3,60,29000.0,2.0
3,60,30000.0,2.0
3,60,31000.0,2.0
3,60,32000.0,0.0
3,60,33000.0,0.0
3,60,34000.0,0.0
3,60,35000.0,0.0
3,60,36000.0,0.0
3,60,37000.0,0.0
3,60,38000.0,0.0
3,60,39000.0,0.0
3,60,40000.0,0.0
3,60,41000.0,0.0
3,60,42000.0,0.0
3,60,43000.0,0.0
3,60,44000.0,0.0
3,60,45000.0,0.0
3,60,46000.0,0.0
3,60,47000.0,0.0
3,60,48000.0,0.0
3,60,49000.0,0.0
3,60,50000.0,0.0
3,61,5000.0,0.0
3,61,6000.0,0.0
3,61,7000.0,0.0
3,61,8000.0,0.0
3,61,9000.0,0.0
3,61,10000.0,0.0
3,61,11000.0,0.0
3,61,12000.0,0.0
3,61,13000.0,0.0
3,61,14000.0,0.0
3,61,15000.0,0.0
3,61,16000.0,0.0
3,61,17000.0,0.0
3,61,18000.0,0.0
3,61,19000.0,0.0
3,61,20000.0,0.0
3,61,21000.0,0.0
3,61,22000.0,0.0
3,61,23000.0,0.0
3,61,24000.0,0.0
3,61,25000.0,0.0
3,61,26000.0,0.0
3,61,27000.0,0.0
3,61,28000.0,0.0
3,61,29000.0,0.0
3,61,30000.0,0.0
3,61,31000.0,0.0
3,61,32000.0,0.0
3,61,33000.0,0.0
3,61,34000.0,0.0
3,61,35000.0,0.0
3,61,36000.0,0.0
3,61,37000.0,0.0
3,61,38000.0,0.0
3,61,39000.0,0.0
3,61,40000.0,0.0
3,61,41000.0,0.0
3,61,42000.0,0.0
3,61,43000.0,0.0
3,61,44000.0,0.0
3,61,45000.0,0.0
3,61,46000.0,0.0
3,61,47000.0,0.0
3,61,48000.0,0.0
3,61,49000.0,0.0
3,61,50000.0,0.0
3,62,5000.0,0.0
3,62,6000.0,0.0
3,62,7000.0,0.0
3,62,8000.0,0.0
3,62,9000.0,0.0
3,62,10000.0,0.0
3,62,11000.0,0.0
3,62,12000.0,0.0
3,62,13000.0,0.0
3,62,14000.0,0.0
3,62,15000.0,0.0
3,62,16000.0,0.0
3,62,17000.0,0.0
3,62,18000.0,0.0
3,62,19000.0,0.0
3,62,20000.0,0.0
3,62,21000.0,0.0
3,62,22000.0,0.0
3,62,23000.0,0.0
3,62,24000.0,0.0
3,62,25000.0,0.0
3,62,26000.0,0.0
3,62,27000.0,0.0
3,62,28000.0,0.0
3,62,29000.0,0.0
3,62,30000.0,0.0
3,62,31000.0,0.0
3,62,32000.0,0.0
3,62,33000.0,0.0
3,62,34000.0,0.0
3,62,35000.0,0.0
3,62,36000.0,0.0
3,62,37000.0,0.0
3,62,38000.0,0.0
3,62,39000.0,0.0
3,62,40000.0,0.0
3,62,41000.0,0.0
3,62,42000.0,0.0
3,62,43000.0,0.0
3,62,44000.0,0.0
3,62,45000.0,0.0
3,62,46000.0,0.0
3,62,47000.0,0.0
3,62,48000.0,0.0
3,62,49000.0,0.0
3,62,50000.0,0.0
3,63,5000.0,0.0
3,63,6000.0,0.0
3,63,7000.0,0.0
3,63,8000.0,0.0
3,63,9000.0,0.0
3,63,10000.0,0.0
3,63,11000.0,0.0
3,63,12000.0,0.0
3,63,13000.0,0.0
3,63,14000.0,0.0
3,63,15000.0,0.0
3,63,16000.0,0.0
3,63,17000.0,0.0
3,63,18000.0,0.0
3,63,19000.0,0.0
3,63,20000.0,0.0
3,63,21000.0,0.0
3,63,22000.0,0.0
3,63,23000.0,0.0
3,63,24000.0,0.0
3,63,25000.0,0.0
3,63,26000.0,0.0
3,63,27000.0,0.0
3,63,28000.0,0.0
3,63,29000.0,0.0
3,63,30000.0,0.0
3,63,31000.0,0.0
3,63,32000.0,0.0
3,63,33000.0,0.0
3,63,34000.0,0.0
3,63,35000.0,0.0
3,63,36000.0,0.0
3,63,37000.0,0.0
3,63,38000.0,0.0
3,63,39000.0,0.0
3,63,40000.0,0.0
3,63,41000.0,0.0
3,63,42000.0,0.0
3,63,43000.0,0.0
3,63,44000.0,0.0
3,63,45000.0,0.0
3,63,46000.0,0.0
3,63,47000.0,0.0
3,63,48000.0,0.0
3,63,49000.0,0.0
3,63,50000.0,0.0
3,64,5000.0,0.0
3,64,6000.0,0.0
3,64,7000.0,0.0
3,64,8000.0,0.0
3,64,9000.0,0.0
3,64,10000.0,0.0
3,64,11000.0,0.0
3,64,12000.0,0.0
3,64,13000.0,0.0
3,64,14000.0,0.0
3,64,15000.0,0.0
3,64,16000.0,0.0
3,64,17000.0,0.0
3,64,18000.0,0.0
3,64,19000.0,0.0
3,64,20000.0,0.0
3,64,21000.0,0.0
3,64,22000.0,0.0
3,64,23000.0,0.0
3,64,24000.0,0.0
3,64,25000.0,0.0
3,64,26000.0,0.0
3,64,27000.0,0.0
3,64,28000.0,0.0
3,64,29000.0,0.0
3,64,30000.0,0.0
3,64,31000.0,0.0
3,64,32000.0,0.0
3,64,33000.0,0.0
3,64,34000.0,0.0
3,64,35000.0,0.0
3,64,36000.0,0.0
3,64,37000.0,0.0
3,64,38000.0,0.0
3,64,39000.0,0.0
3,64,40000.0,0.0
3,64,41000.0,0.0
3,64,42000.0,0.0
3,64,43000.0,0.0
3,64,44000.0,0.0
3,64,45000.0,0.0
3,64,46000.0,0.0
3,64,47000.0,0.0
3,64,48000.0,0.0
3,64,49000.0,0.0
3,64,50000.0,0.0
3,65,5000.0,0.0
3,65,6000.0,0.0
3,65,7000.0,0.0
3,65,8000.0,0.0
3,65,9000.0,0.0
3,65,10000.0,0.0
3,65,11000.0,0.0
3,65,12000.0,0.0
3,65,13000.0,0.0
3,65,14000.0,0.0
3,65,15000.0,0.0
3,65,16000.0,0.0
3,65,17000.0,0.0
3,65,18000.0,0.0
3,65,19000.0,0.0
3,65,20000.0,0.0
3,65,21000.0,0.0
3,65,22000.0,0.0
3,65,23000.0,0.0
3,65,24000.0,0.0
3,65,25000.0,0.0
3,65,26000.0,0.0
3,65,27000.0,0.0
3,65,28000.0,0.0
3,65,29000.0,0.0
3,65,30000.0,0.0
3,65,31000.0,0.0
3,65,32000.0,0.0
3,65,33000.0,0.0
3,65,34000.0,0.0
3,65,35000.0,0.0
3,65,36000.0,0.0
3,65,37000.0,0.0
3,65,38000.0,0.0
3,65,39000.0,0.0
3,65,40000.0,0.0
3,65,41000.0,0.0
3,65,42000.0,0.0
3,65,43000.0,0.0
3,65,44000.0,0.0
3,65,45000.0,0.0
3,65,46000.0,0.0
3,65,47000.0,0.0
3,65,48000.0,0.0
3,65,49000.0,0.0
3,65,50000.0,0.0
3,66,5000.0,0.0
3,66,6000.0,0.0
3,66,7000.0,0.0
3,66,8000.0,0.0
3,66,9000.0,0.0
3,66,10000.0,0.0
3,66,11000.0,0.0
3,66,12000.0,0.0
3,66,13000.0,0.0
3,66,14000.0,0.0
3,66,15000.0,0.0
3,66,16000.0,0.0
3,66,17000.0,0.0
3,66,18000.0,0.0
3,66,19000.0,0.0
3,66,20000.0,0.0
3,66,21000.0,0.0
3,66,22000.0,0.0
3,66,23000.0,0.0
3,66,24000.0,0.0
3,66,25000.0,0.0
3,66,26000.0,0.0
3,66,27000.0,0.0
3,66,28000.0,0.0
3,66,29000.0,0.0
3,66,30000.0,0.0
3,66,31000.0,0.0
3,66,32000.0,0.0
3,66,33000.0,0.0
3,66,34000.0,0.0
3,66,35000.0,0.0
3,66,36000.0,0.0
3,66,37000.0,0.0
3,66,38000.0,0.0
3,66,39000.0,0.0
3,66,40000.0,0.0
3,66,41000.0,0.0
3,66,42000.0,0.0
3,66,43000.0,0.0
3,66,44000.0,0.0
3,66,45000.0,0.0
3,66,46000.0,0.0
3,66,47000.0,0.0
3,66,48000.0,0.0
3,66,49000.0,0.0
3,66,50000.0,0.0
3,67,5000.0,0.0
3,67,6000.0,0.0
3,67,7000.0,0.0
3,67,8000.0,0.0
3,67,9000.0,0.0
3,67,10000.0,0.0
3,67,11000.0,0.0
3,67,12000.0,0.0
3,67,13000.0,0.0
3,67,14000.0,0.0
3,67,15000.0,0.0
3,67,16000.0,0.0
3,67,17000.0,0.0
3,67,18000.0,0.0
3,67,19000.0,0.0
3,67,20000.0,0.0
3,67,21000.0,0.0
3,67,22000.0,0.0
3,67,23000.0,0.0
3,67,24000.0,0.0
3,67,25000.0,0.0
3,67,26000.0,0.0
3,67,27000.0,0.0
3,67,28000.0,0.0
3,67,29000.0,0.0
3,67,30000.0,0.0
3,67,31000.0,0.0
3,67,32000.0,0.0
3,67,33000.0,0.0
3,67,34000.0,0.0
3,67,35000.0,0.0
3,67,36000.0,0.0
3,67,37000.0,0.0
3,67,38000.0,0.0
3,67,39000.0,0.0
3,67,40000.0,0.0
3,67,41000.0,0.0
3,67,42000.0,0.0
3,67,43000.0,0.0
3,67,44000.0,0.0
3,67,45000.0,0.0
3,67,46000.0,0.0
3,67,47000.0,0.0
3,67,48000.0,0.0
3,67,49000.0,0.0
3,67,50000.0,0.0
3,68,5000.0,0.0
3,68,6000.0,0.0
3,68,7000.0,0.0
3,68,8000.0,0.0
3,68,9000.0,0.0
3,68,10000.0,0.0
3,68,11000.0,0.0
3,68,12000.0,0.0
3,68,13000.0,0.0
3,68,14000.0,0.0
3,68,15000.0,0.0
3,68,16000.0,0.0
3,68,17000.0,0.0
3,68,18000.0,0.0
3,68,19000.0,0.0
3,68,20000.0,0.0
3,68,21000.0,0.0
3,68,22000.0,0.0
3,68,23000.0,0.0
3,68,24000.0,0.0
3,68,25000.0,0.0
3,68,26000.0,0.0
3,68,27000.0,0.0
3,68,28000.0,0.0
3,68,29000.0,0.0
3,68,30000.0,0.0
3,68,31000.0,0.0
3,68,32000.0,0.0
3,68,33000.0,0.0
3,68,34000.0,0.0
3,68,35000.0,0.0
3,68,36000.0,0.0
3,68,37000.0,0.0
3,68,38000.0,0.0
3,68,39000.0,0.0
3,68,40000.0,0.0
3,68,41000.0,0.0
3,68,42000.0,0.0
3,68,43000.0,0.0
3,68,44000.0,0.0
3,68,45000.0,0.0
3,68,46000.0,0.0
3,68,47000.0,0.0
3,68,48000.0,0.0
3,68,49000.0,0.0
3,68,50000.0,0.0
3,69,5000.0,0.0
3,69,6000.0,0.0
3,69,7000.0,0.0
3,69,8000.0,0.0
3,69,9000.0,0.0
3,69,10000.0,0.0
3,69,11000.0,2.0
3,69,12000.0,0.0
3,69,13000.0,0.0
3,69,14000.0,0.0
3,69,15000.0,0.0
3,69,16000.0,0.0
3,69,17000.0,0.0
3,69,18000.0,0.0
3,69,19000.0,0.0
3,69,20000.0,0.0
3,69,21000.0,0.0
3,69,22000.0,0.0
3,69,23000.0,0.0
3,69,24000.0,0.0
3,69,25000.0,0.0
3,69,26000.0,0.0
3,69,27000.0,0.0
3,69,28000.0,0.0
3,69,29000.0,0.0
3,69,30000.0,0.0
3,69,31000.0,0.0
3,69,32000.0,0.0
3,69,33000.0,0.0
3,69,34000.0,0.0
3,69,35000.0,0.0
3,69,36000.0,0.0
3,69,37000.0,0.0
3,69,38000.0,0.0
3,69,39000.0,0.0
3,69,40000.0,0.0
3,69,41000.0,0.0
3,69,42000.0,0.0
3,69,43000.0,0.0
3,69,44000.0,0.0
3,69,45000.0,0.0
3,69,46000.0,0.0
3,69,47000.0,0.0
3,69,48000.0,0.0
3,69,49000.0,0.0
3,69,50000.0,0.0
3,70,5000.0,0.0
3,70,6000.0,0.0
3,70,7000.0,0.0
3,70,8000.0,0.0
3,70,9000.0,0.0
3,70,10000.0,0.0
3,70,11000.0,0.0
3,70,12000.0,0.0
3,70,13000.0,0.0
3,70,14000.0,0.0
3,70,15000.0,0.0
3,70,16000.0,0.0
3,70,17000.0,0.0
3,70,18000.0,0.0
3,70,19000.0,0.0
3,70,20000.0,0.0
3,70,21000.0,0.0
3,70,22000.0,0.0
3,70,23000.0,0.0
3,70,24000.0,0.0
3,70,25000.0,0.0
3,70,26000.0,0.0
3,70,27000.0,0.0
3,70,28000.0,0.0
3,70,29000.0,0.0
3,70,30000.0,0.0
3,70,31000.0,2.0
3,70,32000.0,0.0
3,70,33000.0,0.0
3,70,34000.0,0.0
3,70,35000.0,0.0
3,70,36000.0,0.0
3,70,37000.0,0.0
3,70,38000.0,0.0
3,70,39000.0,0.0
3,70,40000.0,0.0
3,70,41000.0,0.0
3,70,42000.0,0.0
3,70,43000.0,0.0
3,70,44000.0,0.0
3,70,45000.0,0.0
3,70,46000.0,2.0
3,70,47000.0,2.0
3,70,48000.0,2.0
3,70,49000.0,2.0
3,70,50000.0,2.0
3,71,5000.0,0.0
3,71,6000.0,0.0
3,71,7000.0,0.0
3,71,8000.0,0.0
3,71,9000.0,0.0
3,71,10000.0,0.0
3,71,11000.0,0.0
3,71,12000.0,0.0
3,71,13000.0,0.0
3,71,14000.0,0.0
3,71,15000.0,0.0
3,71,16000.0,0.0
3,71,17000.0,0.0
3,71,18000.0,0.0
3,71,19000.0,0.0
3,71,20000.0,0.0
3,71,21000.0,0.0
3,71,22000.0,0.0
3,71,23000.0,0.0
3,71,24000.0,0.0
3,71,25000.0,0.0
3,71,26000.0,0.0
3,71,27000.0,0.0
3,71,28000.0,0.0
3,71,29000.0,0.0
3,71,30000.0,0.0
3,71,31000.0,0.0
3,71,32000.0,0.0
3,71,33000.0,0.0
3,71,34000.0,0.0
3,71,35000.0,0.0
3,71,36000.0,0.0
3,71,37000.0,0.0
3,71,38000.0,0.0
3,71,39000.0,0.0
3,71,40000.0,0.0
3,71,41000.0,0.0
3,71,42000.0,0.0
3,71,43000.0,0.0
3,71,44000.0,0.0
3,71,45000.0,0.0
3,71,46000.0,0.0
3,71,47000.0,0.0
3,71,48000.0,0.0
3,71,49000.0,0.0
3,71,50000.0,0.0
3,72,5000.0,0.0
3,72,6000.0,0.0
3,72,7000.0,0.0
3,72,8000.0,0.0
3,72,9000.0,0.0
3,72,10000.0,0.0
3,72,11000.0,0.0
3,72,12000.0,0.0
3,72,13000.0,0.0
3,72,14000.0,0.0
3,72,15000.0,2.0
3,72,16000.0,2.0
3,72,17000.0,2.0
3,72,18000.0,2.0
3,72,19000.0,2.0
3,72,20000.0,2.0
3,72,21000.0,2.0
3,72,22000.0,0.0
3,72,23000.0,0.0
3,72,24000.0,0.0
3,72,25000.0,0.0
3,72,26000.0,0.0
3,72,27000.0,0.0
3,72,28000.0,0.0
3,72,29000.0,0.0
3,72,30000.0,0.0
3,72,31000.0,0.0
3,72,32000.0,0.0
3,72,33000.0,0.0
3,72,34000.0,0.0
3,72,35000.0,0.0
3,72,36000.0,0.0
3,72,37000.0,0.0
3,72,38000.0,0.0
3,72,39000.0,0.0
3,72,40000.0,0.0
3,72,41000.0,0.0
3,72,42000.0,0.0
3,72,43000.0,0.0
3,72,44000.0,0.0
3,72,45000.0,0.0
3,72,46000.0,0.0
3,72,47000.0,0.0
3,72,48000.0,0.0
3,72,49000.0,0.0
3,72,50000.0,0.0
3,73,5000.0,0.0
3,73,6000.0,0.0
3,73,7000.0,0.0
3,73,8000.0,0.0
3,73,9000.0,0.0
3,73,10000.0,0.0
3,73,11000.0,0.0
3,73,12000.0,0.0
3,73,13000.0,0.0
3,73,14000.0,0.0
3,73,15000.0,0.0
3,73,16000.0,0.0
3,73,17000.0,0.0
3,73,18000.0,0.0
3,73,19000.0,0.0
3,73,20000.0,0.0
3,73,21000.0,0.0
3,73,22000.0,0.0
3,73,23000.0,0.0
3,73,24000.0,0.0
3,73,25000.0,0.0
3,73,26000.0,0.0
3,73,27000.0,0.0
3,73,28000.0,0.0
3,73,29000.0,0.0
3,73,30000.0,0.0
3,73,31000.0,0.0
3,73,32000.0,0.0
3,73,33000.0,0.0
3,73,34000.0,0.0
3,73,35000.0,0.0
3,73,36000.0,0.0
3,73,37000.0,0.0
3,73,38000.0,0.0
3,73,39000.0,0.0
3,73,40000.0,0.0
3,73,41000.0,0.0
3,73,42000.0,0.0
3,73,43000.0,0.0
3,73,44000.0,0.0
3,73,45000.0,0.0
3,73,46000.0,0.0
3,73,47000.0,0.0
3,73,48000.0,0.0
3,73,49000.0,0.0
3,73,50000.0,0.0
3,74,5000.0,0.0
3,74,6000.0,0.0
3,74,7000.0,0.0
3,74,8000.0,0.0
3,74,9000.0,0.0
3,74,10000.0,0.0
3,74,11000.0,0.0
3,74,12000.0,0.0
3,74,13000.0,0.0
3,74,14000.0,0.0
3,74,15000.0,0.0
3,74,16000.0,0.0
3,74,17000.0,0.0
3,74,18000.0,0.0
3,74,19000.0,0.0
3,74,20000.0,0.0
3,74,21000.0,0.0
3,74,22000.0,0.0
3,74,23000.0,0.0
3,74,24000.0,0.0
3,74,25000.0,0.0
3,74,26000.0,0.0
3,74,27000.0,0.0
3,74,28000.0,0.0
3,74,29000.0,0.0
3,74,30000.0,0.0
3,74,31000.0,0.0
3,74,32000.0,0.0
3,74,33000.0,0.0
3,74,34000.0,0.0
3,74,35000.0,0.0
3,74,36000.0,0.0
3,74,37000.0,0.0
3,74,38000.0,0.0
3,74,39000.0,0.0
3,74,40000.0,0.0
3,74,41000.0,0.0
3,74,42000.0,0.0
3,74,43000.0,0.0
3,74,44000.0,0.0
3,74,45000.0,0.0
3,74,46000.0,0.0
3,74,47000.0,0.0
3,74,48000.0,0.0
3,74,49000.0,0.0
3,74,50000.0,0.0
3,75,5000.0,0.0
3,75,6000.0,0.0
3,75,7000.0,0.0
3,75,8000.0,0.0
3,75,9000.0,0.0
3,75,10000.0,0.0
3,75,11000.0,0.0
3,75,12000.0,0.0
3,75,13000.0,0.0
3,75,14000.0,0.0
3,75,15000.0,0.0
3,75,16000.0,0.0
3,75,17000.0,0.0
3,75,18000.0,0.0
3,75,19000.0,0.0
3,75,20000.0,0.0
3,75,21000.0,0.0
3,75,22000.0,0.0
3,75,23000.0,0.0
3,75,24000.0,0.0
3,75,25000.0,0.0
3,75,26000.0,0.0
3,75,27000.0,0.0
3,75,28000.0,0.0
3,75,29000.0,0.0
3,75,30000.0,0.0
3,75,31000.0,0.0
3,75,32000.0,0.0
3,75,33000.0,0.0
3,75,34000.0,0.0
3,75,35000.0,0.0
3,75,36000.0,0.0
3,75,37000.0,0.0
3,75,38000.0,0.0
3,75,39000.0,0.0
3,75,40000.0,0.0
3,75,41000.0,0.0
3,75,42000.0,0.0
3,75,43000.0,0.0
3,75,44000.0,0.0
3,75,45000.0,0.0
3,75,46000.0,0.0
3,75,47000.0,0.0
3,75,48000.0,0.0
3,75,49000.0,0.0
3,75,50000.0,0.0
3,76,5000.0,0.0
3,76,6000.0,0.0
3,76,7000.0,0.0
3,76,8000.0,0.0
3,76,9000.0,0.0
3,76,10000.0,0.0
3,76,11000.0,0.0
3,76,12000.0,0.0
3,76,13000.0,0.0
3,76,14000.0,0.0
3,76,15000.0,0.0
3,76,16000.0,0.0
3,76,17000.0,0.0
3,76,18000.0,0.0
3,76,19000.0,0.0
3,76,20000.0,0.0
3,76,21000.0,0.0
3,76,22000.0,0.0
3,76,23000.0,0.0
3,76,24000.0,0.0
3,76,25000.0,0.0
3,76,26000.0,0.0
3,76,27000.0,0.0
3,76,28000.0,0.0
3,76,29000.0,0.0
3,76,30000.0,0.0
3,76,31000.0,0.0
3,76,32000.0,0.0
3,76,33000.0,0.0
3,76,34000.0,0.0
3,76,35000.0,0.0
3,76,36000.0,0.0
3,76,37000.0,0.0
3,76,38000.0,0.0
3,76,39000.0,0.0
3,76,40000.0,0.0
3,76,41000.0,0.0
3,76,42000.0,0.0
3,76,43000.0,0.0
3,76,44000.0,0.0
3,76,45000.0,0.0
3,76,46000.0,0.0
3,76,47000.0,0.0
3,76,48000.0,0.0
3,76,49000.0,0.0
3,76,50000.0,0.0
3,77,5000.0,0.0
3,77,6000.0,0.0
3,77,7000.0,0.0
3,77,8000.0,0.0
3,77,9000.0,0.0
3,77,10000.0,0.0
3,77,11000.0,0.0
3,77,12000.0,0.0
3,77,13000.0,0.0
3,77,14000.0,0.0
3,77,15000.0,0.0
3,77,16000.0,0.0
3,77,17000.0,0.0
3,77,18000.0,0.0
3,77,19000.0,0.0
3,77,20000.0,0.0
3,77,21000.0,0.0
3,77,22000.0,0.0
3,77,23000.0,0.0
3,77,24000.0,0.0
3,77,25000.0,0.0
3,77,26000.0,0.0
3,77,27000.0,0.0
3,77,28000.0,0.0
3,77,29000.0,0.0
3,77,30000.0,0.0
3,77,31000.0,0.0
3,77,32000.0,0.0
3,77,33000.0,0.0
3,77,34000.0,0.0
3,77,35000.0,0.0
3,77,36000.0,0.0
3,77,37000.0,0.0
3,77,38000.0,0.0
3,77,39000.0,0.0
3,77,40000.0,0.0
3,77,41000.0,0.0
3,77,42000.0,0.0
3,77,43000.0,0.0
3,77,44000.0,0.0
3,77,45000.0,0.0
3,77,46000.0,0.0
3,77,47000.0,0.0
3,77,48000.0,0.0
3,77,49000.0,0.0
3,77,50000.0,0.0
3,78,5000.0,0.0
3,78,6000.0,0.0
3,78,7000.0,0.0
3,78,8000.0,0.0
3,78,9000.0,0.0
3,78,10000.0,0.0
3,78,11000.0,0.0
3,78,12000.0,0.0
3,78,13000.0,0.0
3,78,14000.0,0.0
3,78,15000.0,0.0
3,78,16000.0,0.0
3,78,17000.0,0.0
3,78,18000.0,0.0
3,78,19000.0,0.0
3,78,20000.0,0.0
3,78,21000.0,0.0
3,78,22000.0,0.0
3,78,23000.0,0.0
3,78,24000.0,0.0
3,78,25000.0,0.0
3,78,26000.0,0.0
3,78,27000.0,0.0
3,78,28000.0,0.0
3,78,29000.0,0.0
3,78,30000.0,0.0
3,78,31000.0,0.0
3,78,32000.0,0.0
3,78,33000.0,0.0
3,78,34000.0,0.0
3,78,35000.0,0.0
3,78,36000.0,0.0
3,78,37000.0,0.0
3,78,38000.0,0.0
3,78,39000.0,0.0
3,78,40000.0,0.0
3,78,41000.0,0.0
3,78,42000.0,0.0
3,78,43000.0,0.0
3,78,44000.0,0.0
3,78,45000.0,0.0
3,78,46000.0,0.0
3,78,47000.0,0.0
3,78,48000.0,0.0
3,78,49000.0,0.0
3,78,50000.0,0.0
3,79,5000.0,0.0
3,79,6000.0,0.0
3,79,7000.0,0.0
3,79,8000.0,0.0
3,79,9000.0,0.0
3,79,10000.0,0.0
3,79,11000.0,0.0
3,79,12000.0,0.0
3,79,13000.0,0.0
3,79,14000.0,0.0
3,79,15000.0,0.0
3,79,16000.0,0.0
3,79,17000.0,0.0
3,79,18000.0,0.0
3,79,19000.0,0.0
3,79,20000.0,0.0
3,79,21000.0,0.0
3,79,22000.0,0.0
3,79,23000.0,0.0
3,79,24000.0,0.0
3,79,25000.0,0.0
3,79,26000.0,0.0
3,79,27000.0,0.0
3,79,28000.0,0.0
3,79,29000.0,0.0
3,79,30000.0,0.0
3,79,31000.0,0.0
3,79,32000.0,0.0
3,79,33000.0,0.0
3,79,34000.0,0.0
3,79,35000.0,0.0
3,79,36000.0,0.0
3,79,37000.0,0.0
3,79,38000.0,0.0
3,79,39000.0,0.0
3,79,40000.0,0.0
3,79,41000.0,0.0
3,79,42000.0,0.0
3,79,43000.0,0.0
3,79,44000.0,0.0
3,79,45000.0,0.0
3,79,46000.0,0.0
3,79,47000.0,0.0
3,79,48000.0,0.0
3,79,49000.0,0.0
3,79,50000.0,0.0
3,80,5000.0,0.0
3,80,6000.0,0.0
3,80,7000.0,0.0
3,80,8000.0,0.0
3,80,9000.0,0.0
3,80,10000.0,0.0
3,80,11000.0,0.0
3,80,12000.0,0.0
3,80,13000.0,0.0
3,80,14000.0,0.0
3,80,15000.0,0.0
3,80,16000.0,0.0
3,80,17000.0,0.0
3,80,18000.0,0.0
3,80,19000.0,0.0
3,80,20000.0,0.0
3,80,21000.0,0.0
3,80,22000.0,0.0
3,80,23000.0,0.0
3,80,24000.0,0.0
3,80,25000.0,0.0
3,80,26000.0,0.0
3,80,27000.0,0.0
3,80,28000.0,0.0
3,80,29000.0,0.0
3,80,30000.0,0.0
3,80,31000.0,0.0
3,80,32000.0,0.0
3,80,33000.0,0.0
3,80,34000.0,0.0
3,80,35000.0,0.0
3,80,36000.0,0.0
3,80,37000.0,0.0
3,80,38000.0,0.0
3,80,39000.0,0.0
3,80,40000.0,0.0
3,80,41000.0,0.0
3,80,42000.0,0.0
3,80,43000.0,0.0
3,80,44000.0,0.0
3,80,45000.0,0.0
3,80,46000.0,0.0
3,80,47000.0,0.0
3,80,48000.0,0.0
3,80,49000.0,0.0
3,80,50000.0,0.0
3,81,5000.0,0.0
3,81,6000.0,0.0
3,81,7000.0,0.0
3,81,8000.0,0.0
3,81,9000.0,0.0
3,81,10000.0,0.0
3,81,11000.0,0.0
3,81,12000.0,0.0
3,81,13000.0,0.0
3,81,14000.0,0.0
3,81,15000.0,0.0
3,81,16000.0,0.0
3,81,17000.0,0.0
3,81,18000.0,0.0
3,81,19000.0,0.0
3,81,20000.0,0.0
3,81,21000.0,0.0
3,81,22000.0,0.0
3,81,23000.0,0.0
3,81,24000.0,0.0
3,81,25000.0,0.0
3,81,26000.0,0.0
3,81,27000.0,0.0
3,81,28000.0,0.0
3,81,29000.0,0.0
3,81,30000.0,0.0
3,81,31000.0,0.0
3,81,32000.0,0.0
3,81,33000.0,0.0
3,81,34000.0,0.0
3,81,35000.0,0.0
3,81,36000.0,0.0
3,81,37000.0,0.0
3,81,38000.0,0.0
3,81,39000.0,0.0
3,81,40000.0,0.0
3,81,41000.0,0.0
3,81,42000.0,0.0
3,81,43000.0,0.0
3,81,44000.0,0.0
3,81,45000.0,0.0
3,81,46000.0,0.0
3,81,47000.0,0.0
3,81,48000.0,0.0
3,81,49000.0,0.0
3,81,50000.0,0.0
3,82,5000.0,0.0
3,82,6000.0,0.0
3,82,7000.0,0.0
3,82,8000.0,0.0
3,82,9000.0,0.0
3,82,10000.0,0.0
3,82,11000.0,0.0
3,82,12000.0,0.0
3,82,13000.0,0.0
3,82,14000.0,0.0
3,82,15000.0,0.0
3,82,16000.0,0.0
3,82,17000.0,0.0
3,82,18000.0,0.0
3,82,19000.0,0.0
3,82,20000.0,0.0
3,82,21000.0,0.0
3,82,22000.0,0.0
3,82,23000.0,0.0
3,82,24000.0,0.0
3,82,25000.0,0.0
3,82,26000.0,0.0
3,82,27000.0,0.0
3,82,28000.0,0.0
3,82,29000.0,0.0
3,82,30000.0,0.0
3,82,31000.0,0.0
3,82,32000.0,0.0
3,82,33000.0,0.0
3,82,34000.0,0.0
3,82,35000.0,0.0
3,82,36000.0,0.0
3,82,37000.0,0.0
3,82,38000.0,0.0
3,82,39000.0,0.0
3,82,40000.0,0.0
3,82,41000.0,0.0
3,82,42000.0,0.0
3,82,43000.0,0.0
3,82,44000.0,0.0
3,82,45000.0,0.0
3,82,46000.0,0.0
3,82,47000.0,0.0
3,82,48000.0,0.0
3,82,49000.0,0.0
3,82,50000.0,0.0
3,83,5000.0,0.0
3,83,6000.0,0.0
3,83,7000.0,0.0
3,83,8000.0,0.0
3,83,9000.0,0.0
3,83,10000.0,0.0
3,83,11000.0,0.0
3,83,12000.0,0.0
3,83,13000.0,0.0
3,83,14000.0,0.0
3,83,15000.0,0.0
3,83,16000.0,0.0
3,83,17000.0,0.0
3,83,18000.0,0.0
3,83,19000.0,0.0
3,83,20000.0,0.0
3,83,21000.0,0.0
3,83,22000.0,0.0
3,83,23000.0,0.0
3,83,24000.0,0.0
3,83,25000.0,0.0
3,83,26000.0,0.0
3,83,27000.0,0.0
3,83,28000.0,0.0
3,83,29000.0,0.0
3,83,30000.0,0.0
3,83,31000.0,0.0
3,83,32000.0,0.0
3,83,33000.0,0.0
3,83,34000.0,0.0
3,83,35000.0,0.0
3,83,36000.0,0.0
3,83,37000.0,0.0
3,83,38000.0,0.0
3,83,39000.0,0.0
3,83,40000.0,0.0
3,83,41000.0,0.0
3,83,42000.0,0.0
3,83,43000.0,0.0
3,83,44000.0,0.0
3,83,45000.0,0.0
3,83,46000.0,0.0
3,83,47000.0,0.0
3,83,48000.0,0.0
3,83,49000.0,0.0
3,83,50000.0,0.0
3,84,5000.0,0.0
3,84,6000.0,0.0
3,84,7000.0,0.0
3,84,8000.0,0.0
3,84,9000.0,0.0
3,84,10000.0,0.0
3,84,11000.0,0.0
3,84,12000.0,0.0
3,84,13000.0,0.0
3,84,14000.0,0.0
3,84,15000.0,0.0
3,84,16000.0,0.0
3,84,17000.0,0.0
3,84,18000.0,0.0
3,84,19000.0,0.0
3,84,20000.0,0.0
3,84,21000.0,0.0
3,84,22000.0,0.0
3,84,23000.0,0.0
3,84,24000.0,0.0
3,84,25000.0,0.0
3,84,26000.0,0.0
3,84,27000.0,0.0
3,84,28000.0,0.0
3,84,29000.0,0.0
3,84,30000.0,0.0
3,84,31000.0,0.0
3,84,32000.0,0.0
3,84,33000.0,0.0
3,84,34000.0,0.0
3,84,35000.0,0.0
3,84,36000.0,0.0
3,84,37000.0,0.0
3,84,38000.0,0.0
3,84,39000.0,0.0
3,84,40000.0,0.0
3,84,41000.0,0.0
3,84,42000.0,0.0
3,84,43000.0,0.0
3,84,44000.0,0.0
3,84,45000.0,0.0
3,84,46000.0,0.0
3,84,47000.0,0.0
3,84,48000.0,0.0
3,84,49000.0,0.0
3,84,50000.0,0.0
3,85,5000.0,0.0
3,85,6000.0,0.0
3,85,7000.0,0.0
3,85,8000.0,0.0
3,85,9000.0,0.0
3,85,10000.0,0.0
3,85,11000.0,0.0
3,85,12000.0,0.0
3,85,13000.0,0.0
3,85,14000.0,0.0
3,85,15000.0,0.0
3,85,16000.0,0.0
3,85,17000.0,0.0
3,85,18000.0,0.0
3,85,19000.0,0.0
3,85,20000.0,0.0
3,85,21000.0,0.0
3,85,22000.0,0.0
3,85,23000.0,0.0
3,85,24000.0,0.0
3,85,25000.0,0.0
3,85,26000.0,0.0
3,85,27000.0,0.0
3,85,28000.0,0.0
3,85,29000.0,0.0
3,85,30000.0,0.0
3,85,31000.0,0.0
3,85,32000.0,0.0
3,85,33000.0,0.0
3,85,34000.0,0.0
3,85,35000.0,0.0
3,85,36000.0,0.0
3,85,37000.0,0.0
3,85,38000.0,0.0
3,85,39000.0,0.0
3,85,40000.0,0.0
3,85,41000.0,0.0
3,85,42000.0,2.0
3,85,43000.0,2.0
3,85,44000.0,2.0
3,85,45000.0,2.0
3,85,46000.0,2.0
3,85,47000.0,2.0
3,85,48000.0,2.0
3,85,49000.0,2.0
3,85,50000.0,2.0
3,86,5000.0,0.0
3,86,6000.0,2.0
3,86,7000.0,2.0
3,86,8000.0,2.0
3,86,9000.0,2.0
3,86,10000.0,2.0
3,86,11000.0,2.0
3,86,12000.0,0.0
3,86,13000.0,0.0
3,86,14000.0,0.0
3,86,15000.0,0.0
3,86,16000.0,0.0
3,86,17000.0,0.0
3,86,18000.0,0.0
3,86,19000.0,0.0
3,86,20000.0,0.0
3,86,21000.0,0.0
3,86,22000.0,0.0
3,86,23000.0,2.0
3,86,24000.0,2.0
3,86,25000.0,2.0
3,86,26000.0,2.0
3,86,27000.0,2.0
3,86,28000.0,2.0
3,86,29000.0,2.0
3,86,30000.0,2.0
3,86,31000.0,2.0
3,86,32000.0,0.0
3,86,33000.0,0.0
3,86,34000.0,0.0
3,86,35000.0,0.0
3,86,36000.0,0.0
3,86,37000.0,0.0
3,86,38000.0,0.0
3,86,39000.0,0.0
3,86,40000.0,0.0
3,86,41000.0,0.0
3,86,42000.0,0.0
3,86,43000.0,0.0
3,86,44000.0,0.0
3,86,45000.0,0.0
3,86,46000.0,0.0
3,86,47000.0,0.0
3,86,48000.0,0.0
3,86,49000.0,0.0
3,86,50000.0,0.0
3,87,5000.0,0.0
3,87,6000.0,0.0
3,87,7000.0,0.0
3,87,8000.0,0.0
3,87,9000.0,0.0
3,87,10000.0,0.0
3,87,11000.0,0.0
3,87,12000.0,0.0
3,87,13000.0,0.0
3,87,14000.0,0.0
3,87,15000.0,0.0
3,87,16000.0,0.0
3,87,17000.0,0.0
3,87,18000.0,0.0
3,87,19000.0,0.0
3,87,20000.0,0.0
3,87,21000.0,0.0
3,87,22000.0,0.0
3,87,23000.0,0.0
3,87,24000.0,0.0
3,87,25000.0,0.0
3,87,26000.0,0.0
3,87,27000.0,0.0
3,87,28000.0,0.0
3,87,29000.0,0.0
3,87,30000.0,0.0
3,87,31000.0,0.0
3,87,32000.0,0.0
3,87,33000.0,0.0
3,87,34000.0,0.0
3,87,35000.0,0.0
3,87,36000.0,0.0
3,87,37000.0,0.0
3,87,38000.0,0.0
3,87,39000.0,0.0
3,87,40000.0,0.0
3,87,41000.0,0.0
3,87,42000.0,0.0
3,87,43000.0,0.0
3,87,44000.0,0.0
3,87,45000.0,0.0
3,87,46000.0,0.0
3,87,47000.0,0.0
3,87,48000.0,0.0
3,87,49000.0,0.0
3,87,50000.0,0.0
3,88,5000.0,0.0
3,88,6000.0,0.0
3,88,7000.0,0.0
3,88,8000.0,0.0
3,88,9000.0,0.0
3,88,10000.0,0.0
3,88,11000.0,0.0
3,88,12000.0,0.0
3,88,13000.0,0.0
3,88,14000.0,0.0
3,88,15000.0,0.0
3,88,16000.0,0.0
3,88,17000.0,0.0
3,88,18000.0,0.0
3,88,19000.0,0.0
3,88,20000.0,0.0
3,88,21000.0,0.0
3,88,22000.0,0.0
3,88,23000.0,0.0
3,88,24000.0,0.0
3,88,25000.0,0.0
3,88,26000.0,0.0
3,88,27000.0,0.0
3,88,28000.0,0.0
3,88,29000.0,0.0
3,88,30000.0,0.0
3,88,31000.0,0.0
3,88,32000.0,0.0
3,88,33000.0,0.0
3,88,34000.0,0.0
3,88,35000.0,0.0
3,88,36000.0,0.0
3,88,37000.0,0.0
3,88,38000.0,0.0
3,88,39000.0,0.0
3,88,40000.0,0.0
3,88,41000.0,0.0
3,88,42000.0,0.0
3,88,43000.0,0.0
3,88,44000.0,0.0
3,88,45000.0,0.0
3,88,46000.0,0.0
3,88,47000.0,0.0
3,88,48000.0,0.0
3,88,49000.0,0.0
3,88,50000.0,0.0
3,89,5000.0,0.0
3,89,6000.0,0.0
3,89,7000.0,0.0
3,89,8000.0,0.0
3,89,9000.0,0.0
3,89,10000.0,0.0
3,89,11000.0,0.0
3,89,12000.0,0.0
3,89,13000.0,0.0
3,89,14000.0,0.0
3,89,15000.0,0.0
3,89,16000.0,0.0
3,89,17000.0,0.0
3,89,18000.0,0.0
3,89,19000.0,0.0
3,89,20000.0,0.0
3,89,21000.0,0.0
3,89,22000.0,0.0
3,89,23000.0,0.0
3,89,24000.0,0.0
3,89,25000.0,0.0
3,89,26000.0,0.0
3,89,27000.0,0.0
3,89,28000.0,0.0
3,89,29000.0,0.0
3,89,30000.0,0.0
3,89,31000.0,0.0
3,89,32000.0,0.0
3,89,33000.0,0.0
3,89,34000.0,0.0
3,89,35000.0,0.0
3,89,36000.0,0.0
3,89,37000.0,0.0
3,89,38000.0,0.0
3,89,39000.0,0.0
3,89,40000.0,0.0
3,89,41000.0,0.0
3,89,42000.0,0.0
3,89,43000.0,0.0
3,89,44000.0,0.0
3,89,45000.0,0.0
3,89,46000.0,0.0
3,89,47000.0,0.0
3,89,48000.0,0.0
3,89,49000.0,0.0
3,89,50000.0,0.0
3,90,5000.0,0.0
3,90,6000.0,0.0
3,90,7000.0,0.0
3,90,8000.0,0.0
3,90,9000.0,0.0
3,90,10000.0,0.0
3,90,11000.0,0.0
3,90,12000.0,0.0
3,90,13000.0,0.0
3,90,14000.0,0.0
3,90,15000.0,0.0
3,90,16000.0,0.0
3,90,17000.0,0.0
3,90,18000.0,0.0
3,90,19000.0,0.0
3,90,20000.0,0.0
3,90,21000.0,0.0
3,90,22000.0,0.0
3,90,23000.0,0.0
3,90,24000.0,0.0
3,90,25000.0,0.0
3,90,26000.0,0.0
3,90,27000.0,0.0
3,90,28000.0,0.0
3,90,29000.0,0.0
3,90,30000.0,0.0
3,90,31000.0,0.0
3,90,32000.0,0.0
3,90,33000.0,0.0
3,90,34000.0,0.0
3,90,35000.0,0.0
3,90,36000.0,0.0
3,90,37000.0,0.0
3,90,38000.0,0.0
3,90,39000.0,0.0
3,90,40000.0,0.0
3,90,41000.0,0.0
3,90,42000.0,0.0
3,90,43000.0,0.0
3,90,44000.0,2.0
3,90,45000.0,2.0
3,90,46000.0,2.0
3,90,47000.0,2.0
3,90,48000.0,2.0
3,90,49000.0,2.0
3,90,50000.0,2.0
3,91,5000.0,0.0
3,91,6000.0,0.0
3,91,7000.0,0.0
3,91,8000.0,0.0
3,91,9000.0,0.0
3,91,10000.0,0.0
3,91,11000.0,0.0
3,91,12000.0,0.0
3,91,13000.0,0.0
3,91,14000.0,0.0
3,91,15000.0,0.0
3,91,16000.0,0.0
3,91,17000.0,0.0
3,91,18000.0,0.0
3,91,19000.0,0.0
3,91,20000.0,0.0
3,91,21000.0,0.0
3,91,22000.0,0.0
3,91,23000.0,0.0
3,91,24000.0,0.0
3,91,25000.0,0.0
3,91,26000.0,0.0
3,91,27000.0,0.0
3,91,28000.0,0.0
3,91,29000.0,0.0
3,91,30000.0,0.0
3,91,31000.0,0.0
3,91,32000.0,0.0
3,91,33000.0,0.0
3,91,34000.0,0.0
3,91,35000.0,0.0
3,91,36000.0,0.0
3,91,37000.0,0.0
3,91,38000.0,0.0
3,91,39000.0,0.0
3,91,40000.0,0.0
3,91,41000.0,0.0
3,91,42000.0,0.0
3,91,43000.0,0.0
3,91,44000.0,0.0
3,91,45000.0,0.0
3,91,46000.0,0.0
3,91,47000.0,0.0
3,91,48000.0,0.0
3,91,49000.0,0.0
3,91,50000.0,0.0
3,92,5000.0,0.0
3,92,6000.0,0.0
3,92,7000.0,0.0
3,92,8000.0,0.0
3,92,9000.0,0.0
3,92,10000.0,0.0
3,92,11000.0,0.0
3,92,12000.0,0.0
3,92,13000.0,0.0
3,92,14000.0,0.0
3,92,15000.0,0.0
3,92,16000.0,0.0
3,92,17000.0,0.0
3,92,18000.0,0.0
3,92,19000.0,0.0
3,92,20000.0,0.0
3,92,21000.0,0.0
3,92,22000.0,0.0
3,92,23000.0,0.0
3,92,24000.0,0.0
3,92,25000.0,0.0
3,92,26000.0,0.0
3,92,27000.0,0.0
3,92,28000.0,0.0
3,92,29000.0,0.0
3,92,30000.0,0.0
3,92,31000.0,0.0
3,92,32000.0,0.0
3,92,33000.0,0.0
3,92,34000.0,0.0
3,92,35000.0,0.0
3,92,36000.0,0.0
3,92,37000.0,0.0
3,92,38000.0,0.0
3,92,39000.0,0.0
3,92,40000.0,0.0
3,92,41000.0,0.0
3,92,42000.0,0.0
3,92,43000.0,0.0
3,92,44000.0,0.0
3,92,45000.0,0.0
3,92,46000.0,0.0
3,92,47000.0,0.0
3,92,48000.0,0.0
3,92,49000.0,0.0
3,92,50000.0,0.0
3,93,5000.0,0.0
3,93,6000.0,0.0
3,93,7000.0,2.0
3,93,8000.0,2.0
3,93,9000.0,2.0
3,93,10000.0,2.0
3,93,11000.0,2.0
3,93,12000.0,0.0
3,93,13000.0,0.0
3,93,14000.0,0.0
3,93,15000.0,0.0
3,93,16000.0,0.0
3,93,17000.0,0.0
3,93,18000.0,0.0
3,93,19000.0,0.0
3,93,20000.0,0.0
3,93,21000.0,0.0
3,93,22000.0,0.0
3,93,23000.0,0.0
3,93,24000.0,0.0
3,93,25000.0,0.0
3,93,26000.0,0.0
3,93,27000.0,0.0
3,93,28000.0,0.0
3,93,29000.0,0.0
3,93,30000.0,0.0
3,93,31000.0,0.0
3,93,32000.0,0.0
3,93,33000.0,0.0
3,93,34000.0,0.0
3,93,35000.0,0.0
3,93,36000.0,0.0
3,93,37000.0,0.0
3,93,38000.0,0.0
3,93,39000.0,0.0
3,93,40000.0,0.0
3,93,41000.0,0.0
3,93,42000.0,0.0
3,93,43000.0,0.0
3,93,44000.0,0.0
3,93,45000.0,0.0
3,93,46000.0,0.0
3,93,47000.0,0.0
3,93,48000.0,0.0
3,93,49000.0,0.0
3,93,50000.0,0.0
3,94,5000.0,0.0
3,94,6000.0,0.0
3,94,7000.0,0.0
3,94,8000.0,0.0
3,94,9000.0,0.0
3,94,10000.0,0.0
3,94,11000.0,0.0
3,94,12000.0,0.0
3,94,13000.0,0.0
3,94,14000.0,0.0
3,94,15000.0,0.0
3,94,16000.0,0.0
3,94,17000.0,0.0
3,94,18000.0,0.0
3,94,19000.0,0.0
3,94,20000.0,0.0
3,94,21000.0,0.0
3,94,22000.0,0.0
3,94,23000.0,0.0
3,94,24000.0,0.0
3,94,25000.0,0.0
3,94,26000.0,0.0
3,94,27000.0,0.0
3,94,28000.0,0.0
3,94,29000.0,0.0
3,94,30000.0,0.0
3,94,31000.0,0.0
3,94,32000.0,0.0
3,94,33000.0,0.0
3,94,34000.0,0.0
3,94,35000.0,0.0
3,94,36000.0,0.0
3,94,37000.0,0.0
3,94,38000.0,0.0
3,94,39000.0,0.0
3,94,40000.0,0.0
3,94,41000.0,0.0
3,94,42000.0,0.0
3,94,43000.0,0.0
3,94,44000.0,0.0
3,94,45000.0,0.0
3,94,46000.0,0.0
3,94,47000.0,0.0
3,94,48000.0,0.0
3,94,49000.0,0.0
3,94,50000.0,0.0
3,95,5000.0,0.0
3,95,6000.0,0.0
3,95,7000.0,0.0
3,95,8000.0,0.0
3,95,9000.0,0.0
3,95,10000.0,0.0
3,95,11000.0,0.0
3,95,12000.0,0.0
3,95,13000.0,0.0
3,95,14000.0,0.0
3,95,15000.0,0.0
3,95,16000.0,0.0
3,95,17000.0,0.0
3,95,18000.0,0.0
3,95,19000.0,0.0
3,95,20000.0,0.0
3,95,21000.0,0.0
3,95,22000.0,0.0
3,95,23000.0,0.0
3,95,24000.0,0.0
3,95,25000.0,0.0
3,95,26000.0,0.0
3,95,27000.0,0.0
3,95,28000.0,0.0
3,95,29000.0,0.0
3,95,30000.0,0.0
3,95,31000.0,0.0
3,95,32000.0,0.0
3,95,33000.0,0.0
3,95,34000.0,0.0
3,95,35000.0,0.0
3,95,36000.0,0.0
3,95,37000.0,0.0
3,95,38000.0,0.0
3,95,39000.0,0.0
3,95,40000.0,0.0
3,95,41000.0,0.0
3,95,42000.0,0.0
3,95,43000.0,0.0
3,95,44000.0,0.0
3,95,45000.0,0.0
3,95,46000.0,0.0
3,95,47000.0,0.0
3,95,48000.0,0.0
3,95,49000.0,0.0
3,95,50000.0,0.0
3,96,5000.0,0.0
3,96,6000.0,0.0
3,96,7000.0,0.0
3,96,8000.0,0.0
3,96,9000.0,0.0
3,96,10000.0,0.0
3,96,11000.0,0.0
3,96,12000.0,0.0
3,96,13000.0,0.0
3,96,14000.0,0.0
3,96,15000.0,0.0
3,96,16000.0,0.0
3,96,17000.0,0.0
3,96,18000.0,0.0
3,96,19000.0,0.0
3,96,20000.0,0.0
3,96,21000.0,0.0
3,96,22000.0,0.0
3,96,23000.0,0.0
3,96,24000.0,0.0
3,96,25000.0,0.0
3,96,26000.0,0.0
3,96,27000.0,0.0
3,96,28000.0,0.0
3,96,29000.0,0.0
3,96,30000.0,0.0
3,96,31000.0,0.0
3,96,32000.0,0.0
3,96,33000.0,0.0
3,96,34000.0,0.0
3,96,35000.0,0.0
3,96,36000.0,0.0
3,96,37000.0,0.0
3,96,38000.0,0.0
3,96,39000.0,0.0
3,96,40000.0,0.0
3,96,41000.0,0.0
3,96,42000.0,0.0
3,96,43000.0,0.0
3,96,44000.0,0.0
3,96,45000.0,0.0
3,96,46000.0,0.0
3,96,47000.0,0.0
3,96,48000.0,0.0
3,96,49000.0,0.0
3,96,50000.0,0.0
3,97,5000.0,0.0
3,97,6000.0,0.0
3,97,7000.0,0.0
3,97,8000.0,0.0
3,97,9000.0,0.0
3,97,10000.0,0.0
3,97,11000.0,0.0
3,97,12000.0,0.0
3,97,13000.0,0.0
3,97,14000.0,0.0
3,97,15000.0,0.0
3,97,16000.0,0.0
3,97,17000.0,0.0
3,97,18000.0,0.0
3,97,19000.0,0.0
3,97,20000.0,0.0
3,97,21000.0,0.0
3,97,22000.0,0.0
3,97,23000.0,0.0
3,97,24000.0,0.0
3,97,25000.0,0.0
3,97,26000.0,0.0
3,97,27000.0,0.0
3,97,28000.0,0.0
3,97,29000.0,0.0
3,97,30000.0,0.0
3,97,31000.0,0.0
3,97,32000.0,0.0
3,97,33000.0,0.0
3,97,34000.0,0.0
3,97,35000.0,0.0
3,97,36000.0,0.0
3,97,37000.0,0.0
3,97,38000.0,0.0
3,97,39000.0,0.0
3,97,40000.0,0.0
3,97,41000.0,0.0
3,97,42000.0,0.0
3,97,43000.0,0.0
3,97,44000.0,0.0
3,97,45000.0,0.0
3,97,46000.0,0.0
3,97,47000.0,0.0
3,97,48000.0,0.0
3,97,49000.0,0.0
3,97,50000.0,0.0
3,98,5000.0,0.0
3,98,6000.0,0.0
3,98,7000.0,0.0
3,98,8000.0,0.0
3,98,9000.0,0.0
3,98,10000.0,0.0
3,98,11000.0,0.0
3,98,12000.0,0.0
3,98,13000.0,0.0
3,98,14000.0,0.0
3,98,15000.0,0.0
3,98,16000.0,0.0
3,98,17000.0,0.0
3,98,18000.0,0.0
3,98,19000.0,0.0
3,98,20000.0,0.0
3,98,21000.0,0.0
3,98,22000.0,0.0
3,98,23000.0,0.0
3,98,24000.0,0.0
3,98,25000.0,0.0
3,98,26000.0,0.0
3,98,27000.0,0.0
3,98,28000.0,0.0
3,98,29000.0,0.0
3,98,30000.0,0.0
3,98,31000.0,0.0
3,98,32000.0,0.0
3,98,33000.0,0.0
3,98,34000.0,0.0
3,98,35000.0,0.0
3,98,36000.0,0.0
3,98,37000.0,0.0
3,98,38000.0,0.0
3,98,39000.0,0.0
3,98,40000.0,0.0
3,98,41000.0,0.0
3,98,42000.0,0.0
3,98,43000.0,0.0
3,98,44000.0,0.0
3,98,45000.0,0.0
3,98,46000.0,0.0
3,98,47000.0,0.0
3,98,48000.0,0.0
3,98,49000.0,0.0
3,98,50000.0,0.0
3,99,5000.0,0.0
3,99,6000.0,0.0
3,99,7000.0,0.0
3,99,8000.0,0.0
3,99,9000.0,0.0
3,99,10000.0,0.0
3,99,11000.0,0.0
3,99,12000.0,0.0
3,99,13000.0,0.0
3,99,14000.0,0.0
3,99,15000.0,0.0
3,99,16000.0,0.0
3,99,17000.0,0.0
3,99,18000.0,0.0
3,99,19000.0,0.0
3,99,20000.0,0.0
3,99,21000.0,0.0
3,99,22000.0,0.0
3,99,23000.0,0.0
3,99,24000.0,0.0
3,99,25000.0,0.0
3,99,26000.0,0.0
3,99,27000.0,0.0
3,99,28000.0,0.0
3,99,29000.0,0.0
3,99,30000.0,0.0
3,99,31000.0,0.0
3,99,32000.0,0.0
3,99,33000.0,0.0
3,99,34000.0,0.0
3,99,35000.0,0.0
3,99,36000.0,0.0
3,99,37000.0,0.0
3,99,38000.0,0.0
3,99,39000.0,0.0
3,99,40000.0,0.0
3,99,41000.0,0.0
3,99,42000.0,0.0
3,99,43000.0,0.0
3,99,44000.0,0.0
3,99,45000.0,0.0
3,99,46000.0,0.0
3,99,47000.0,0.0
3,99,48000.0,0.0
3,99,49000.0,0.0
3,99,50000.0,0.0
4,0,5000.0,0.0
4,0,6000.0,0.0
4,0,7000.0,0.0
4,0,8000.0,0.0
4,0,9000.0,0.0
4,0,10000.0,0.0
4,0,11000.0,0.0
4,0,12000.0,0.0
4,0,13000.0,0.0
4,0,14000.0,0.0
4,0,15000.0,0.0
4,0,16000.0,0.0
4,0,17000.0,0.0
4,0,18000.0,0.0
4,0,19000.0,0.0
4,0,20000.0,0.0
4,0,21000.0,0.0
4,0,22000.0,0.0
4,0,23000.0,0.0
4,0,24000.0,0.0
4,0,25000.0,0.0
4,0,26000.0,0.0
4,0,27000.0,0.0
4,0,28000.0,0.0
4,0,29000.0,0.0
4,0,30000.0,0.0
4,0,31000.0,0.0
4,0,32000.0,0.0
4,0,33000.0,0.0
4,0,34000.0,0.0
4,0,35000.0,0.0
4,0,36000.0,0.0
4,0,37000.0,0.0
4,0,38000.0,0.0
4,0,39000.0,0.0
4,0,40000.0,0.0
4,0,41000.0,0.0
4,0,42000.0,0.0
4,0,43000.0,0.0
4,0,44000.0,0.0
4,0,45000.0,0.0
4,0,46000.0,0.0
4,0,47000.0,0.0
4,0,48000.0,0.0
4,0,49000.0,0.0
4,0,50000.0,0.0
4,1,5000.0,0.0
4,1,6000.0,0.0
4,1,7000.0,0.0
4,1,8000.0,0.0
4,1,9000.0,0.0
4,1,10000.0,0.0
4,1,11000.0,0.0
4,1,12000.0,0.0
4,1,13000.0,0.0
4,1,14000.0,0.0
4,1,15000.0,0.0
4,1,16000.0,0.0
4,1,17000.0,0.0
4,1,18000.0,0.0
4,1,19000.0,0.0
4,1,20000.0,0.0
4,1,21000.0,0.0
4,1,22000.0,0.0
4,1,23000.0,0.0
4,1,24000.0,0.0
4,1,25000.0,0.0
4,1,26000.0,0.0
4,1,27000.0,0.0
4,1,28000.0,0.0
4,1,29000.0,0.0
4,1,30000.0,0.0
4,1,31000.0,0.0
4,1,32000.0,0.0
4,1,33000.0,0.0
4,1,34000.0,0.0
4,1,35000.0,0.0
4,1,36000.0,0.0
4,1,37000.0,0.0
4,1,38000.0,0.0
4,1,39000.0,0.0
4,1,40000.0,0.0
4,1,41000.0,0.0
4,1,42000.0,0.0
4,1,43000.0,0.0
4,1,44000.0,0.0
4,1,45000.0,0.0
4,1,46000.0,0.0
4,1,47000.0,0.0
4,1,48000.0,0.0
4,1,49000.0,0.0
4,1,50000.0,0.0
4,2,5000.0,0.0
4,2,6000.0,0.0
4,2,7000.0,0.0
4,2,8000.0,0.0
4,2,9000.0,0.0
4,2,10000.0,0.0
4,2,11000.0,0.0
4,2,12000.0,0.0
4,2,13000.0,0.0
4,2,14000.0,0.0
4,2,15000.0,0.0
4,2,16000.0,0.0
4,2,17000.0,0.0
4,2,18000.0,0.0
4,2,19000.0,0.0
4,2,20000.0,0.0
4,2,21000.0,0.0
4,2,22000.0,0.0
4,2,23000.0,0.0
4,2,24000.0,0.0
4,2,25000.0,0.0
4,2,26000.0,0.0
4,2,27000.0,0.0
4,2,28000.0,0.0
4,2,29000.0,0.0
4,2,30000.0,0.0
4,2,31000.0,0.0
4,2,32000.0,0.0
4,2,33000.0,0.0
4,2,34000.0,0.0
4,2,35000.0,0.0
4,2,36000.0,0.0
4,2,37000.0,0.0
4,2,38000.0,0.0
4,2,39000.0,0.0
4,2,40000.0,0.0
4,2,41000.0,0.0
4,2,42000.0,0.0
4,2,43000.0,0.0
4,2,44000.0,0.0
4,2,45000.0,0.0
4,2,46000.0,0.0
4,2,47000.0,0.0
4,2,48000.0,0.0
4,2,49000.0,0.0
4,2,50000.0,0.0
4,4,5000.0,0.0
4,4,6000.0,0.0
4,4,7000.0,0.0
4,4,8000.0,0.0
4,4,9000.0,0.0
4,4,10000.0,0.0
4,4,11000.0,0.0
4,4,12000.0,0.0
4,4,13000.0,0.0
4,4,14000.0,0.0
4,4,15000.0,2.0
4,4,16000.0,2.0
4,4,17000.0,2.0
4,4,18000.0,2.0
4,4,19000.0,2.0
4,4,20000.0,2.0
4,4,21000.0,2.0
4,4,22000.0,0.0
4,4,23000.0,0.0
4,4,24000.0,0.0
4,4,25000.0,0.0
4,4,26000.0,0.0
4,4,27000.0,0.0
4,4,28000.0,0.0
4,4,29000.0,0.0
4,4,30000.0,0.0
4,4,31000.0,0.0
4,4,32000.0,0.0
4,4,33000.0,0.0
4,4,34000.0,0.0
4,4,35000.0,0.0
4,4,36000.0,0.0
4,4,37000.0,0.0
4,4,38000.0,0.0
4,4,39000.0,0.0
4,4,40000.0,0.0
4,4,41000.0,0.0
4,4,42000.0,0.0
4,4,43000.0,0.0
4,4,44000.0,0.0
4,4,45000.0,0.0
4,4,46000.0,0.0
4,4,47000.0,0.0
4,4,48000.0,0.0
4,4,49000.0,0.0
4,4,50000.0,0.0
4,5,5000.0,0.0
4,5,6000.0,0.0
4,5,7000.0,0.0
4,5,8000.0,0.0
4,5,9000.0,0.0
4,5,10000.0,0.0
4,5,11000.0,0.0
4,5,12000.0,0.0
4,5,13000.0,0.0
4,5,14000.0,0.0
4,5,15000.0,0.0
4,5,16000.0,0.0
4,5,17000.0,0.0
4,5,18000.0,0.0
4,5,19000.0,0.0
4,5,20000.0,0.0
4,5,21000.0,0.0
4,5,22000.0,0.0
4,5,23000.0,0.0
4,5,24000.0,0.0
4,5,25000.0,0.0
4,5,26000.0,0.0
4,5,27000.0,0.0
4,5,28000.0,0.0
4,5,29000.0,0.0
4,5,30000.0,0.0
4,5,31000.0,0.0
4,5,32000.0,0.0
4,5,33000.0,0.0
4,5,34000.0,0.0
4,5,35000.0,0.0
4,5,36000.0,0.0
4,5,37000.0,0.0
4,5,38000.0,0.0
4,5,39000.0,0.0
4,5,40000.0,0.0
4,5,41000.0,0.0
4,5,42000.0,0.0
4,5,43000.0,0.0
4,5,44000.0,0.0
4,5,45000.0,0.0
4,5,46000.0,0.0
4,5,47000.0,0.0
4,5,48000.0,0.0
4,5,49000.0,0.0
4,5,50000.0,0.0
4,6,5000.0,0.0
4,6,6000.0,0.0
4,6,7000.0,0.0
4,6,8000.0,0.0
4,6,9000.0,0.0
4,6,10000.0,0.0
4,6,11000.0,0.0
4,6,12000.0,0.0
4,6,13000.0,0.0
4,6,14000.0,0.0
4,6,15000.0,0.0
4,6,16000.0,0.0
4,6,17000.0,0.0
4,6,18000.0,0.0
4,6,19000.0,0.0
4,6,20000.0,0.0
4,6,21000.0,0.0
4,6,22000.0,0.0
4,6,23000.0,0.0
4,6,24000.0,0.0
4,6,25000.0,0.0
4,6,26000.0,0.0
4,6,27000.0,0.0
4,6,28000.0,0.0
4,6,29000.0,0.0
4,6,30000.0,0.0
4,6,31000.0,0.0
4,6,32000.0,0.0
4,6,33000.0,0.0
4,6,34000.0,0.0
4,6,35000.0,0.0
4,6,36000.0,0.0
4,6,37000.0,0.0
4,6,38000.0,0.0
4,6,39000.0,0.0
4,6,40000.0,0.0
4,6,41000.0,0.0
4,6,42000.0,0.0
4,6,43000.0,0.0
4,6,44000.0,0.0
4,6,45000.0,0.0
4,6,46000.0,0.0
4,6,47000.0,0.0
4,6,48000.0,2.0
4,6,49000.0,2.0
4,6,50000.0,2.0
4,7,5000.0,0.0
4,7,6000.0,0.0
4,7,7000.0,0.0
4,7,8000.0,0.0
4,7,9000.0,0.0
4,7,10000.0,0.0
4,7,11000.0,0.0
4,7,12000.0,0.0
4,7,13000.0,0.0
4,7,14000.0,0.0
4,7,15000.0,0.0
4,7,16000.0,0.0
4,7,17000.0,0.0
4,7,18000.0,0.0
4,7,19000.0,0.0
4,7,20000.0,0.0
4,7,21000.0,0.0
4,7,22000.0,0.0
4,7,23000.0,0.0
4,7,24000.0,0.0
4,7,25000.0,0.0
4,7,26000.0,0.0
4,7,27000.0,0.0
4,7,28000.0,0.0
4,7,29000.0,0.0
4,7,30000.0,0.0
4,7,31000.0,0.0
4,7,32000.0,0.0
4,7,33000.0,0.0
4,7,34000.0,0.0
4,7,35000.0,0.0
4,7,36000.0,0.0
4,7,37000.0,0.0
4,7,38000.0,0.0
4,7,39000.0,0.0
4,7,40000.0,0.0
4,7,41000.0,0.0
4,7,42000.0,0.0
4,7,43000.0,0.0
4,7,44000.0,0.0
4,7,45000.0,0.0
4,7,46000.0,0.0
4,7,47000.0,0.0
4,7,48000.0,0.0
4,7,49000.0,0.0
4,7,50000.0,0.0
4,8,5000.0,0.0
4,8,6000.0,0.0
4,8,7000.0,0.0
4,8,8000.0,0.0
4,8,9000.0,0.0
4,8,10000.0,0.0
4,8,11000.0,0.0
4,8,12000.0,0.0
4,8,13000.0,0.0
4,8,14000.0,0.0
4,8,15000.0,0.0
4,8,16000.0,0.0
4,8,17000.0,0.0
4,8,18000.0,0.0
4,8,19000.0,0.0
4,8,20000.0,0.0
4,8,21000.0,0.0
4,8,22000.0,0.0
4,8,23000.0,0.0
4,8,24000.0,0.0
4,8,25000.0,0.0
4,8,26000.0,0.0
4,8,27000.0,0.0
4,8,28000.0,0.0
4,8,29000.0,2.0
4,8,30000.0,2.0
4,8,31000.0,2.0
4,8,32000.0,0.0
4,8,33000.0,0.0
4,8,34000.0,0.0
4,8,35000.0,0.0
4,8,36000.0,0.0
4,8,37000.0,0.0
4,8,38000.0,0.0
4,8,39000.0,0.0
4,8,40000.0,0.0
4,8,41000.0,0.0
4,8,42000.0,0.0
4,8,43000.0,0.0
4,8,44000.0,0.0
4,8,45000.0,0.0
4,8,46000.0,0.0
4,8,47000.0,0.0
4,8,48000.0,0.0
4,8,49000.0,0.0
4,8,50000.0,0.0
4,9,5000.0,0.0
4,9,6000.0,0.0
4,9,7000.0,0.0
4,9,8000.0,0.0
4,9,9000.0,0.0
4,9,10000.0,0.0
4,9,11000.0,0.0
4,9,12000.0,0.0
4,9,13000.0,0.0
4,9,14000.0,0.0
4,9,15000.0,0.0
4,9,16000.0,0.0
4,9,17000.0,0.0
4,9,18000.0,0.0
4,9,19000.0,0.0
4,9,20000.0,0.0
4,9,21000.0,0.0
4,9,22000.0,0.0
4,9,23000.0,0.0
4,9,24000.0,0.0
4,9,25000.0,0.0
4,9,26000.0,0.0
4,9,27000.0,0.0
4,9,28000.0,0.0
4,9,29000.0,0.0
4,9,30000.0,0.0
4,9,31000.0,0.0
4,9,32000.0,0.0
4,9,33000.0,0.0
4,9,34000.0,0.0
4,9,35000.0,0.0
4,9,36000.0,0.0
4,9,37000.0,0.0
4,9,38000.0,0.0
4,9,39000.0,0.0
4,9,40000.0,0.0
4,9,41000.0,0.0
4,9,42000.0,0.0
4,9,43000.0,0.0
4,9,44000.0,0.0
4,9,45000.0,0.0
4,9,46000.0,0.0
4,9,47000.0,0.0
4,9,48000.0,0.0
4,9,49000.0,0.0
4,9,50000.0,0.0
4,10,5000.0,0.0
4,10,6000.0,0.0
4,10,7000.0,0.0
4,10,8000.0,0.0
4,10,9000.0,0.0
4,10,10000.0,0.0
4,10,11000.0,0.0
4,10,12000.0,0.0
4,10,13000.0,0.0
4,10,14000.0,0.0
4,10,15000.0,0.0
4,10,16000.0,0.0
4,10,17000.0,0.0
4,10,18000.0,0.0
4,10,19000.0,0.0
4,10,20000.0,0.0
4,10,21000.0,0.0
4,10,22000.0,0.0
4,10,23000.0,0.0
4,10,24000.0,0.0
4,10,25000.0,0.0
4,10,26000.0,0.0
4,10,27000.0,0.0
4,10,28000.0,0.0
4,10,29000.0,0.0
4,10,30000.0,0.0
4,10,31000.0,0.0
4,10,32000.0,0.0
4,10,33000.0,0.0
4,10,34000.0,0.0
4,10,35000.0,0.0
4,10,36000.0,0.0
4,10,37000.0,0.0
4,10,38000.0,0.0
4,10,39000.0,0.0
4,10,40000.0,0.0
4,10,41000.0,0.0
4,10,42000.0,0.0
4,10,43000.0,0.0
4,10,44000.0,0.0
4,10,45000.0,0.0
4,10,46000.0,0.0
4,10,47000.0,0.0
4,10,48000.0,0.0
4,10,49000.0,0.0
4,10,50000.0,0.0
4,11,5000.0,0.0
4,11,6000.0,0.0
4,11,7000.0,0.0
4,11,8000.0,0.0
4,11,9000.0,0.0
4,11,10000.0,0.0
4,11,11000.0,0.0
4,11,12000.0,0.0
4,11,13000.0,0.0
4,11,14000.0,0.0
4,11,15000.0,0.0
4,11,16000.0,0.0
4,11,17000.0,0.0
4,11,18000.0,0.0
4,11,19000.0,0.0
4,11,20000.0,0.0
4,11,21000.0,0.0
4,11,22000.0,0.0
4,11,23000.0,0.0
4,11,24000.0,0.0
4,11,25000.0,0.0
4,11,26000.0,0.0
4,11,27000.0,0.0
4,11,28000.0,0.0
4,11,29000.0,0.0
4,11,30000.0,0.0
4,11,31000.0,0.0
4,11,32000.0,0.0
4,11,33000.0,0.0
4,11,34000.0,0.0
4,11,35000.0,0.0
4,11,36000.0,0.0
4,11,37000.0,0.0
4,11,38000.0,0.0
4,11,39000.0,0.0
4,11,40000.0,0.0
4,11,41000.0,0.0
4,11,42000.0,0.0
4,11,43000.0,0.0
4,11,44000.0,0.0
4,11,45000.0,0.0
4,11,46000.0,0.0
4,11,47000.0,0.0
4,11,48000.0,0.0
4,11,49000.0,0.0
4,11,50000.0,0.0
4,12,5000.0,0.0
4,12,6000.0,0.0
4,12,7000.0,0.0
4,12,8000.0,0.0
4,12,9000.0,0.0
4,12,10000.0,0.0
4,12,11000.0,0.0
4,12,12000.0,0.0
4,12,13000.0,0.0
4,12,14000.0,0.0
4,12,15000.0,0.0
4,12,16000.0,0.0
4,12,17000.0,0.0
4,12,18000.0,0.0
4,12,19000.0,0.0
4,12,20000.0,0.0
4,12,21000.0,0.0
4,12,22000.0,0.0
4,12,23000.0,0.0
4,12,24000.0,0.0
4,12,25000.0,0.0
4,12,26000.0,0.0
4,12,27000.0,0.0
4,12,28000.0,0.0
4,12,29000.0,0.0
4,12,30000.0,0.0
4,12,31000.0,0.0
4,12,32000.0,0.0
4,12,33000.0,0.0
4,12,34000.0,0.0
4,12,35000.0,0.0
4,12,36000.0,0.0
4,12,37000.0,0.0
4,12,38000.0,0.0
4,12,39000.0,0.0
4,12,40000.0,0.0
4,12,41000.0,0.0
4,12,42000.0,0.0
4,12,43000.0,0.0
4,12,44000.0,0.0
4,12,45000.0,0.0
4,12,46000.0,0.0
4,12,47000.0,0.0
4,12,48000.0,0.0
4,12,49000.0,0.0
4,12,50000.0,0.0
4,13,5000.0,0.0
4,13,6000.0,0.0
4,13,7000.0,0.0
4,13,8000.0,0.0
4,13,9000.0,0.0
4,13,10000.0,0.0
4,13,11000.0,0.0
4,13,12000.0,0.0
4,13,13000.0,0.0
4,13,14000.0,0.0
4,13,15000.0,0.0
4,13,16000.0,0.0
4,13,17000.0,0.0
4,13,18000.0,0.0
4,13,19000.0,0.0
4,13,20000.0,0.0
4,13,21000.0,0.0
4,13,22000.0,0.0
4,13,23000.0,0.0
4,13,24000.0,0.0
4,13,25000.0,0.0
4,13,26000.0,0.0
4,13,27000.0,0.0
4,13,28000.0,0.0
4,13,29000.0,0.0
4,13,30000.0,0.0
4,13,31000.0,0.0
4,13,32000.0,0.0
4,13,33000.0,0.0
4,13,34000.0,0.0
4,13,35000.0,0.0
4,13,36000.0,0.0
4,13,37000.0,0.0
4,13,38000.0,0.0
4,13,39000.0,0.0
4,13,40000.0,0.0
4,13,41000.0,0.0
4,13,42000.0,0.0
4,13,43000.0,0.0
4,13,44000.0,0.0
4,13,45000.0,0.0
4,13,46000.0,0.0
4,13,47000.0,0.0
4,13,48000.0,0.0
4,13,49000.0,0.0
4,13,50000.0,0.0
4,14,5000.0,0.0
4,14,6000.0,0.0
4,14,7000.0,0.0
4,14,8000.0,0.0
4,14,9000.0,0.0
4,14,10000.0,0.0
4,14,11000.0,0.0
4,14,12000.0,0.0
4,14,13000.0,0.0
4,14,14000.0,0.0
4,14,15000.0,0.0
4,14,16000.0,0.0
4,14,17000.0,0.0
4,14,18000.0,0.0
4,14,19000.0,0.0
4,14,20000.0,0.0
4,14,21000.0,0.0
4,14,22000.0,0.0
4,14,23000.0,0.0
4,14,24000.0,0.0
4,14,25000.0,0.0
4,14,26000.0,0.0
4,14,27000.0,0.0
4,14,28000.0,0.0
4,14,29000.0,0.0
4,14,30000.0,0.0
4,14,31000.0,0.0
4,14,32000.0,0.0
4,14,33000.0,0.0
4,14,34000.0,0.0
4,14,35000.0,0.0
4,14,36000.0,0.0
4,14,37000.0,0.0
4,14,38000.0,0.0
4,14,39000.0,0.0
4,14,40000.0,0.0
4,14,41000.0,0.0
4,14,42000.0,0.0
4,14,43000.0,0.0
4,14,44000.0,0.0
4,14,45000.0,0.0
4,14,46000.0,0.0
4,14,47000.0,0.0
4,14,48000.0,0.0
4,14,49000.0,0.0
4,14,50000.0,0.0
4,15,5000.0,0.0
4,15,6000.0,0.0
4,15,7000.0,0.0
4,15,8000.0,0.0
4,15,9000.0,0.0
4,15,10000.0,0.0
4,15,11000.0,0.0
4,15,12000.0,0.0
4,15,13000.0,0.0
4,15,14000.0,0.0
4,15,15000.0,0.0
4,15,16000.0,0.0
4,15,17000.0,0.0
4,15,18000.0,0.0
4,15,19000.0,0.0
4,15,20000.0,0.0
4,15,21000.0,0.0
4,15,22000.0,0.0
4,15,23000.0,0.0
4,15,24000.0,0.0
4,15,25000.0,0.0
4,15,26000.0,0.0
4,15,27000.0,0.0
4,15,28000.0,0.0
4,15,29000.0,0.0
4,15,30000.0,0.0
4,15,31000.0,0.0
4,15,32000.0,0.0
4,15,33000.0,0.0
4,15,34000.0,0.0
4,15,35000.0,0.0
4,15,36000.0,0.0
4,15,37000.0,0.0
4,15,38000.0,0.0
4,15,39000.0,0.0
4,15,40000.0,0.0
4,15,41000.0,0.0
4,15,42000.0,0.0
4,15,43000.0,0.0
4,15,44000.0,0.0
4,15,45000.0,0.0
4,15,46000.0,0.0
4,15,47000.0,0.0
4,15,48000.0,0.0
4,15,49000.0,0.0
4,15,50000.0,0.0
4,16,5000.0,0.0
4,16,6000.0,0.0
4,16,7000.0,0.0
4,16,8000.0,0.0
4,16,9000.0,0.0
4,16,10000.0,0.0
4,16,11000.0,0.0
4,16,12000.0,0.0
4,16,13000.0,0.0
4,16,14000.0,0.0
4,16,15000.0,0.0
4,16,16000.0,0.0
4,16,17000.0,0.0
4,16,18000.0,0.0
4,16,19000.0,0.0
4,16,20000.0,0.0
4,16,21000.0,0.0
4,16,22000.0,0.0
4,16,23000.0,0.0
4,16,24000.0,0.0
4,16,25000.0,0.0
4,16,26000.0,0.0
4,16,27000.0,0.0
4,16,28000.0,0.0
4,16,29000.0,0.0
4,16,30000.0,0.0
4,16,31000.0,0.0
4,16,32000.0,0.0
4,16,33000.0,0.0
4,16,34000.0,0.0
4,16,35000.0,0.0
4,16,36000.0,0.0
4,16,37000.0,0.0
4,16,38000.0,0.0
4,16,39000.0,0.0
4,16,40000.0,0.0
4,16,41000.0,0.0
4,16,42000.0,0.0
4,16,43000.0,0.0
4,16,44000.0,0.0
4,16,45000.0,0.0
4,16,46000.0,0.0
4,16,47000.0,0.0
4,16,48000.0,0.0
4,16,49000.0,0.0
4,16,50000.0,0.0
4,17,5000.0,0.0
4,17,6000.0,0.0
4,17,7000.0,0.0
4,17,8000.0,0.0
4,17,9000.0,0.0
4,17,10000.0,0.0
4,17,11000.0,0.0
4,17,12000.0,0.0
4,17,13000.0,0.0
4,17,14000.0,0.0
4,17,15000.0,0.0
4,17,16000.0,0.0
4,17,17000.0,0.0
4,17,18000.0,0.0
4,17,19000.0,0.0
4,17,20000.0,0.0
4,17,21000.0,0.0
4,17,22000.0,0.0
4,17,23000.0,0.0
4,17,24000.0,0.0
4,17,25000.0,0.0
4,17,26000.0,0.0
4,17,27000.0,0.0
4,17,28000.0,0.0
4,17,29000.0,0.0
4,17,30000.0,0.0
4,17,31000.0,0.0
4,17,32000.0,0.0
4,17,33000.0,0.0
4,17,34000.0,0.0
4,17,35000.0,0.0
4,17,36000.0,0.0
4,17,37000.0,0.0
4,17,38000.0,0.0
4,17,39000.0,0.0
4,17,40000.0,0.0
4,17,41000.0,0.0
4,17,42000.0,0.0
4,17,43000.0,0.0
4,17,44000.0,0.0
4,17,45000.0,0.0
4,17,46000.0,0.0
4,17,47000.0,0.0
4,17,48000.0,0.0
4,17,49000.0,0.0
4,17,50000.0,0.0
4,18,5000.0,2.0
4,18,6000.0,2.0
4,18,7000.0,2.0
4,18,8000.0,2.0
4,18,9000.0,2.0
4,18,10000.0,2.0
4,18,11000.0,2.0
4,18,12000.0,0.0
4,18,13000.0,0.0
4,18,14000.0,0.0
4,18,15000.0,0.0
4,18,16000.0,0.0
4,18,17000.0,0.0
4,18,18000.0,0.0
4,18,19000.0,0.0
4,18,20000.0,0.0
4,18,21000.0,0.0
4,18,22000.0,0.0
4,18,23000.0,0.0
4,18,24000.0,0.0
4,18,25000.0,0.0
4,18,26000.0,0.0
4,18,27000.0,0.0
4,18,28000.0,0.0
4,18,29000.0,0.0
4,18,30000.0,0.0
4,18,31000.0,0.0
4,18,32000.0,0.0
4,18,33000.0,0.0
4,18,34000.0,0.0
4,18,35000.0,0.0
4,18,36000.0,0.0
4,18,37000.0,0.0
4,18,38000.0,0.0
4,18,39000.0,0.0
4,18,40000.0,0.0
4,18,41000.0,0.0
4,18,42000.0,0.0
4,18,43000.0,0.0
4,18,44000.0,0.0
4,18,45000.0,0.0
4,18,46000.0,0.0
4,18,47000.0,0.0
4,18,48000.0,0.0
4,18,49000.0,0.0
4,18,50000.0,0.0
4,19,5000.0,0.0
4,19,6000.0,0.0
4,19,7000.0,0.0
4,19,8000.0,0.0
4,19,9000.0,0.0
4,19,10000.0,0.0
4,19,11000.0,0.0
4,19,12000.0,0.0
4,19,13000.0,0.0
4,19,14000.0,0.0
4,19,15000.0,0.0
4,19,16000.0,0.0
4,19,17000.0,0.0
4,19,18000.0,0.0
4,19,19000.0,0.0
4,19,20000.0,0.0
4,19,21000.0,0.0
4,19,22000.0,0.0
4,19,23000.0,0.0
4,19,24000.0,0.0
4,19,25000.0,0.0
4,19,26000.0,0.0
4,19,27000.0,0.0
4,19,28000.0,0.0
4,19,29000.0,0.0
4,19,30000.0,0.0
4,19,31000.0,0.0
4,19,32000.0,0.0
4,19,33000.0,2.0
4,19,34000.0,2.0
4,19,35000.0,2.0
4,19,36000.0,2.0
4,19,37000.0,2.0
4,19,38000.0,2.0
4,19,39000.0,2.0
4,19,40000.0,2.0
4,19,41000.0,2.0
4,19,42000.0,0.0
4,19,43000.0,0.0
4,19,44000.0,0.0
4,19,45000.0,0.0
4,19,46000.0,0.0
4,19,47000.0,0.0
4,19,48000.0,0.0
4,19,49000.0,0.0
4,19,50000.0,0.0
4,20,5000.0,0.0
4,20,6000.0,0.0
4,20,7000.0,0.0
4,20,8000.0,0.0
4,20,9000.0,0.0
4,20,10000.0,0.0
4,20,11000.0,0.0
4,20,12000.0,0.0
4,20,13000.0,0.0
4,20,14000.0,0.0
4,20,15000.0,0.0
4,20,16000.0,0.0
4,20,17000.0,0.0
4,20,18000.0,0.0
4,20,19000.0,0.0
4,20,20000.0,0.0
4,20,21000.0,0.0
4,20,22000.0,0.0
4,20,23000.0,0.0
4,20,24000.0,0.0
4,20,25000.0,0.0
4,20,26000.0,0.0
4,20,27000.0,0.0
4,20,28000.0,0.0
4,20,29000.0,0.0
4,20,30000.0,0.0
4,20,31000.0,0.0
4,20,32000.0,0.0
4,20,33000.0,0.0
4,20,34000.0,0.0
4,20,35000.0,0.0
4,20,36000.0,0.0
4,20,37000.0,0.0
4,20,38000.0,0.0
4,20,39000.0,0.0
4,20,40000.0,0.0
4,20,41000.0,0.0
4,20,42000.0,0.0
4,20,43000.0,0.0
4,20,44000.0,0.0
4,20,45000.0,0.0
4,20,46000.0,0.0
4,20,47000.0,0.0
4,20,48000.0,0.0
4,20,49000.0,0.0
4,20,50000.0,0.0
4,21,5000.0,0.0
4,21,6000.0,0.0
4,21,7000.0,0.0
4,21,8000.0,0.0
4,21,9000.0,0.0
4,21,10000.0,0.0
4,21,11000.0,0.0
4,21,12000.0,0.0
4,21,13000.0,0.0
4,21,14000.0,0.0
4,21,15000.0,0.0
4,21,16000.0,0.0
4,21,17000.0,0.0
4,21,18000.0,0.0
4,21,19000.0,0.0
4,21,20000.0,0.0
4,21,21000.0,0.0
4,21,22000.0,0.0
4,21,23000.0,0.0
4,21,24000.0,0.0
4,21,25000.0,0.0
4,21,26000.0,0.0
4,21,27000.0,0.0
4,21,28000.0,0.0
4,21,29000.0,0.0
4,21,30000.0,0.0
4,21,31000.0,0.0
4,21,32000.0,0.0
4,21,33000.0,0.0
4,21,34000.0,0.0
4,21,35000.0,0.0
4,21,36000.0,0.0
4,21,37000.0,0.0
4,21,38000.0,0.0
4,21,39000.0,0.0
4,21,40000.0,0.0
4,21,41000.0,0.0
4,21,42000.0,0.0
4,21,43000.0,0.0
4,21,44000.0,0.0
4,21,45000.0,0.0
4,21,46000.0,0.0
4,21,47000.0,0.0
4,21,48000.0,0.0
4,21,49000.0,0.0
4,21,50000.0,0.0
4,22,5000.0,0.0
4,22,6000.0,0.0
4,22,7000.0,0.0
4,22,8000.0,0.0
4,22,9000.0,0.0
4,22,10000.0,0.0
4,22,11000.0,0.0
4,22,12000.0,0.0
4,22,13000.0,0.0
4,22,14000.0,0.0
4,22,15000.0,0.0
4,22,16000.0,0.0
4,22,17000.0,0.0
4,22,18000.0,0.0
4,22,19000.0,0.0
4,22,20000.0,0.0
4,22,21000.0,0.0
4,22,22000.0,0.0
4,22,23000.0,0.0
4,22,24000.0,0.0
4,22,25000.0,0.0
4,22,26000.0,0.0
4,22,27000.0,0.0
4,22,28000.0,0.0
4,22,29000.0,0.0
4,22,30000.0,0.0
4,22,31000.0,0.0
4,22,32000.0,0.0
4,22,33000.0,0.0
4,22,34000.0,0.0
4,22,35000.0,0.0
4,22,36000.0,0.0
4,22,37000.0,0.0
4,22,38000.0,0.0
4,22,39000.0,0.0
4,22,40000.0,0.0
4,22,41000.0,0.0
4,22,42000.0,0.0
4,22,43000.0,0.0
4,22,44000.0,0.0
4,22,45000.0,0.0
4,22,46000.0,0.0
4,22,47000.0,0.0
4,22,48000.0,0.0
4,22,49000.0,0.0
4,22,50000.0,0.0
4,23,5000.0,0.0
4,23,6000.0,0.0
4,23,7000.0,0.0
4,23,8000.0,0.0
4,23,9000.0,0.0
4,23,10000.0,0.0
4,23,11000.0,0.0
4,23,12000.0,0.0
4,23,13000.0,0.0
4,23,14000.0,0.0
4,23,15000.0,0.0
4,23,16000.0,0.0
4,23,17000.0,0.0
4,23,18000.0,0.0
4,23,19000.0,0.0
4,23,20000.0,0.0
4,23,21000.0,0.0
4,23,22000.0,0.0
4,23,23000.0,0.0
4,23,24000.0,0.0
4,23,25000.0,0.0
4,23,26000.0,0.0
4,23,27000.0,0.0
4,23,28000.0,0.0
4,23,29000.0,0.0
4,23,30000.0,0.0
4,23,31000.0,0.0
4,23,32000.0,0.0
4,23,33000.0,0.0
4,23,34000.0,0.0
4,23,35000.0,0.0
4,23,36000.0,0.0
4,23,37000.0,0.0
4,23,38000.0,0.0
4,23,39000.0,0.0
4,23,40000.0,0.0
4,23,41000.0,0.0
4,23,42000.0,0.0
4,23,43000.0,0.0
4,23,44000.0,0.0
4,23,45000.0,2.0
4,23,46000.0,2.0
4,23,47000.0,2.0
4,23,48000.0,2.0
4,23,49000.0,2.0
4,23,50000.0,2.0
4,24,5000.0,0.0
4,24,6000.0,0.0
4,24,7000.0,0.0
4,24,8000.0,0.0
4,24,9000.0,0.0
4,24,10000.0,0.0
4,24,11000.0,0.0
4,24,12000.0,0.0
4,24,13000.0,0.0
4,24,14000.0,0.0
4,24,15000.0,0.0
4,24,16000.0,0.0
4,24,17000.0,0.0
4,24,18000.0,0.0
4,24,19000.0,0.0
4,24,20000.0,0.0
4,24,21000.0,0.0
4,24,22000.0,0.0
4,24,23000.0,0.0
4,24,24000.0,0.0
4,24,25000.0,0.0
4,24,26000.0,0.0
4,24,27000.0,0.0
4,24,28000.0,0.0
4,24,29000.0,0.0
4,24,30000.0,0.0
4,24,31000.0,0.0
4,24,32000.0,2.0
4,24,33000.0,2.0
4,24,34000.0,2.0
4,24,35000.0,2.0
4,24,36000.0,2.0
4,24,37000.0,2.0
4,24,38000.0,2.0
4,24,39000.0,2.0
4,24,40000.0,2.0
4,24,41000.0,2.0
4,24,42000.0,0.0
4,24,43000.0,0.0
4,24,44000.0,0.0
4,24,45000.0,0.0
4,24,46000.0,0.0
4,24,47000.0,0.0
4,24,48000.0,0.0
4,24,49000.0,0.0
4,24,50000.0,0.0
4,25,5000.0,0.0
4,25,6000.0,0.0
4,25,7000.0,0.0
4,25,8000.0,0.0
4,25,9000.0,0.0
4,25,10000.0,0.0
4,25,11000.0,0.0
4,25,12000.0,0.0
4,25,13000.0,0.0
4,25,14000.0,0.0
4,25,15000.0,0.0
4,25,16000.0,0.0
4,25,17000.0,0.0
4,25,18000.0,0.0
4,25,19000.0,0.0
4,25,20000.0,0.0
4,25,21000.0,0.0
4,25,22000.0,0.0
4,25,23000.0,0.0
4,25,24000.0,0.0
4,25,25000.0,0.0
4,25,26000.0,0.0
4,25,27000.0,0.0
4,25,28000.0,0.0
4,25,29000.0,0.0
4,25,30000.0,0.0
4,25,31000.0,0.0
4,25,32000.0,0.0
4,25,33000.0,0.0
4,25,34000.0,0.0
4,25,35000.0,0.0
4,25,36000.0,0.0
4,25,37000.0,0.0
4,25,38000.0,0.0
4,25,39000.0,0.0
4,25,40000.0,0.0
4,25,41000.0,0.0
4,25,42000.0,0.0
4,25,43000.0,0.0
4,25,44000.0,0.0
4,25,45000.0,0.0
4,25,46000.0,0.0
4,25,47000.0,0.0
4,25,48000.0,0.0
4,25,49000.0,0.0
4,25,50000.0,0.0
4,26,5000.0,0.0
4,26,6000.0,0.0
4,26,7000.0,0.0
4,26,8000.0,0.0
4,26,9000.0,0.0
4,26,10000.0,0.0
4,26,11000.0,0.0
4,26,12000.0,0.0
4,26,13000.0,0.0
4,26,14000.0,0.0
4,26,15000.0,0.0
4,26,16000.0,0.0
4,26,17000.0,0.0
4,26,18000.0,0.0
4,26,19000.0,0.0
4,26,20000.0,0.0
4,26,21000.0,0.0
4,26,22000.0,0.0
4,26,23000.0,0.0
4,26,24000.0,0.0
4,26,25000.0,0.0
4,26,26000.0,0.0
4,26,27000.0,0.0
4,26,28000.0,0.0
4,26,29000.0,0.0
4,26,30000.0,0.0
4,26,31000.0,0.0
4,26,32000.0,0.0
4,26,33000.0,0.0
4,26,34000.0,0.0
4,26,35000.0,0.0
4,26,36000.0,0.0
4,26,37000.0,0.0
4,26,38000.0,0.0
4,26,39000.0,0.0
4,26,40000.0,0.0
4,26,41000.0,0.0
4,26,42000.0,0.0
4,26,43000.0,0.0
4,26,44000.0,0.0
4,26,45000.0,0.0
4,26,46000.0,0.0
4,26,47000.0,0.0
4,26,48000.0,0.0
4,26,49000.0,0.0
4,26,50000.0,0.0
4,27,5000.0,0.0
4,27,6000.0,0.0
4,27,7000.0,0.0
4,27,8000.0,0.0
4,27,9000.0,0.0
4,27,10000.0,0.0
4,27,11000.0,0.0
4,27,12000.0,0.0
4,27,13000.0,0.0
4,27,14000.0,0.0
4,27,15000.0,0.0
4,27,16000.0,0.0
4,27,17000.0,0.0
4,27,18000.0,0.0
4,27,19000.0,0.0
4,27,20000.0,0.0
4,27,21000.0,0.0
4,27,22000.0,0.0
4,27,23000.0,0.0
4,27,24000.0,0.0
4,27,25000.0,0.0
4,27,26000.0,0.0
4,27,27000.0,0.0
4,27,28000.0,0.0
4,27,29000.0,0.0
4,27,30000.0,0.0
4,27,31000.0,0.0
4,27,32000.0,0.0
4,27,33000.0,0.0
4,27,34000.0,0.0
4,27,35000.0,0.0
4,27,36000.0,0.0
4,27,37000.0,0.0
4,27,38000.0,0.0
4,27,39000.0,0.0
4,27,40000.0,0.0
4,27,41000.0,0.0
4,27,42000.0,0.0
4,27,43000.0,0.0
4,27,44000.0,0.0
4,27,45000.0,0.0
4,27,46000.0,0.0
4,27,47000.0,0.0
4,27,48000.0,0.0
4,27,49000.0,0.0
4,27,50000.0,0.0
4,28,5000.0,0.0
4,28,6000.0,0.0
4,28,7000.0,0.0
4,28,8000.0,0.0
4,28,9000.0,0.0
4,28,10000.0,0.0
4,28,11000.0,0.0
4,28,12000.0,0.0
4,28,13000.0,0.0
4,28,14000.0,0.0
4,28,15000.0,0.0
4,28,16000.0,0.0
4,28,17000.0,0.0
4,28,18000.0,0.0
4,28,19000.0,0.0
4,28,20000.0,0.0
4,28,21000.0,0.0
4,28,22000.0,0.0
4,28,23000.0,0.0
4,28,24000.0,0.0
4,28,25000.0,0.0
4,28,26000.0,0.0
4,28,27000.0,0.0
4,28,28000.0,0.0
4,28,29000.0,0.0
4,28,30000.0,0.0
4,28,31000.0,0.0
4,28,32000.0,0.0
4,28,33000.0,0.0
4,28,34000.0,0.0
4,28,35000.0,0.0
4,28,36000.0,0.0
4,28,37000.0,0.0
4,28,38000.0,0.0
4,28,39000.0,0.0
4,28,40000.0,0.0
4,28,41000.0,0.0
4,28,42000.0,0.0
4,28,43000.0,0.0
4,28,44000.0,0.0
4,28,45000.0,0.0
4,28,46000.0,0.0
4,28,47000.0,0.0
4,28,48000.0,0.0
4,28,49000.0,0.0
4,28,50000.0,0.0
4,29,5000.0,0.0
4,29,6000.0,0.0
4,29,7000.0,0.0
4,29,8000.0,0.0
4,29,9000.0,0.0
4,29,10000.0,0.0
4,29,11000.0,0.0
4,29,12000.0,0.0
4,29,13000.0,0.0
4,29,14000.0,0.0
4,29,15000.0,0.0
4,29,16000.0,0.0
4,29,17000.0,0.0
4,29,18000.0,0.0
4,29,19000.0,0.0
4,29,20000.0,0.0
4,29,21000.0,0.0
4,29,22000.0,0.0
4,29,23000.0,0.0
4,29,24000.0,0.0
4,29,25000.0,0.0
4,29,26000.0,0.0
4,29,27000.0,0.0
4,29,28000.0,0.0
4,29,29000.0,0.0
4,29,30000.0,0.0
4,29,31000.0,0.0
4,29,32000.0,0.0
4,29,33000.0,0.0
4,29,34000.0,0.0
4,29,35000.0,0.0
4,29,36000.0,0.0
4,29,37000.0,0.0
4,29,38000.0,0.0
4,29,39000.0,0.0
4,29,40000.0,0.0
4,29,41000.0,0.0
4,29,42000.0,0.0
4,29,43000.0,0.0
4,29,44000.0,0.0
4,29,45000.0,0.0
4,29,46000.0,0.0
4,29,47000.0,0.0
4,29,48000.0,0.0
4,29,49000.0,0.0
4,29,50000.0,0.0
4,30,5000.0,0.0
4,30,6000.0,0.0
4,30,7000.0,0.0
4,30,8000.0,0.0
4,30,9000.0,0.0
4,30,10000.0,0.0
4,30,11000.0,0.0
4,30,12000.0,0.0
4,30,13000.0,0.0
4,30,14000.0,0.0
4,30,15000.0,0.0
4,30,16000.0,0.0
4,30,17000.0,0.0
4,30,18000.0,0.0
4,30,19000.0,0.0
4,30,20000.0,0.0
4,30,21000.0,0.0
4,30,22000.0,0.0
4,30,23000.0,0.0
4,30,24000.0,0.0
4,30,25000.0,0.0
4,30,26000.0,0.0
4,30,27000.0,0.0
4,30,28000.0,0.0
4,30,29000.0,0.0
4,30,30000.0,0.0
4,30,31000.0,0.0
4,30,32000.0,0.0
4,30,33000.0,0.0
4,30,34000.0,0.0
4,30,35000.0,0.0
4,30,36000.0,0.0
4,30,37000.0,0.0
4,30,38000.0,0.0
4,30,39000.0,0.0
4,30,40000.0,0.0
4,30,41000.0,0.0
4,30,42000.0,0.0
4,30,43000.0,0.0
4,30,44000.0,0.0
4,30,45000.0,0.0
4,30,46000.0,2.0
4,30,47000.0,2.0
4,30,48000.0,2.0
4,30,49000.0,2.0
4,30,50000.0,2.0
4,31,5000.0,0.0
4,31,6000.0,0.0
4,31,7000.0,0.0
4,31,8000.0,0.0
4,31,9000.0,0.0
4,31,10000.0,0.0
4,31,11000.0,0.0
4,31,12000.0,0.0
4,31,13000.0,0.0
4,31,14000.0,0.0
4,31,15000.0,0.0
4,31,16000.0,0.0
4,31,17000.0,0.0
4,31,18000.0,2.0
4,31,19000.0,2.0
4,31,20000.0,2.0
4,31,21000.0,2.0
4,31,22000.0,0.0
4,31,23000.0,0.0
4,31,24000.0,0.0
4,31,25000.0,0.0
4,31,26000.0,0.0
4,31,27000.0,0.0
4,31,28000.0,0.0
4,31,29000.0,0.0
4,31,30000.0,0.0
4,31,31000.0,0.0
4,31,32000.0,0.0
4,31,33000.0,0.0
4,31,34000.0,0.0
4,31,35000.0,0.0
4,31,36000.0,0.0
4,31,37000.0,0.0
4,31,38000.0,0.0
4,31,39000.0,0.0
4,31,40000.0,0.0
4,31,41000.0,0.0
4,31,42000.0,0.0
4,31,43000.0,0.0
4,31,44000.0,0.0
4,31,45000.0,0.0
4,31,46000.0,0.0
4,31,47000.0,0.0
4,31,48000.0,0.0
4,31,49000.0,0.0
4,31,50000.0,0.0
4,32,5000.0,0.0
4,32,6000.0,0.0
4,32,7000.0,0.0
4,32,8000.0,0.0
4,32,9000.0,0.0
4,32,10000.0,0.0
4,32,11000.0,0.0
4,32,12000.0,0.0
4,32,13000.0,0.0
4,32,14000.0,0.0
4,32,15000.0,0.0
4,32,16000.0,0.0
4,32,17000.0,0.0
4,32,18000.0,0.0
4,32,19000.0,0.0
4,32,20000.0,0.0
4,32,21000.0,0.0
4,32,22000.0,0.0
4,32,23000.0,0.0
4,32,24000.0,0.0
4,32,25000.0,0.0
4,32,26000.0,0.0
4,32,27000.0,0.0
4,32,28000.0,0.0
4,32,29000.0,0.0
4,32,30000.0,0.0
4,32,31000.0,0.0
4,32,32000.0,0.0
4,32,33000.0,0.0
4,32,34000.0,0.0
4,32,35000.0,0.0
4,32,36000.0,0.0
4,32,37000.0,0.0
4,32,38000.0,0.0
4,32,39000.0,0.0
4,32,40000.0,0.0
4,32,41000.0,0.0
4,32,42000.0,0.0
4,32,43000.0,0.0
4,32,44000.0,0.0
4,32,45000.0,0.0
4,32,46000.0,0.0
4,32,47000.0,0.0
4,32,48000.0,0.0
4,32,49000.0,0.0
4,32,50000.0,0.0
4,33,5000.0,0.0
4,33,6000.0,0.0
4,33,7000.0,0.0
4,33,8000.0,0.0
4,33,9000.0,0.0
4,33,10000.0,0.0
4,33,11000.0,0.0
4,33,12000.0,0.0
4,33,13000.0,0.0
4,33,14000.0,0.0
4,33,15000.0,0.0
4,33,16000.0,0.0
4,33,17000.0,0.0
4,33,18000.0,0.0
4,33,19000.0,0.0
4,33,20000.0,0.0
4,33,21000.0,0.0
4,33,22000.0,0.0
4,33,23000.0,0.0
4,33,24000.0,0.0
4,33,25000.0,0.0
4,33,26000.0,0.0
4,33,27000.0,0.0
4,33,28000.0,0.0
4,33,29000.0,0.0
4,33,30000.0,0.0
4,33,31000.0,0.0
4,33,32000.0,0.0
4,33,33000.0,0.0
4,33,34000.0,0.0
4,33,35000.0,0.0
4,33,36000.0,2.0
4,33,37000.0,2.0
4,33,38000.0,2.0
4,33,39000.0,2.0
4,33,40000.0,2.0
4,33,41000.0,2.0
4,33,42000.0,0.0
4,33,43000.0,0.0
4,33,44000.0,0.0
4,33,45000.0,0.0
4,33,46000.0,0.0
4,33,47000.0,0.0
4,33,48000.0,2.0
4,33,49000.0,2.0
4,33,50000.0,2.0
4,34,5000.0,0.0
4,34,6000.0,0.0
4,34,7000.0,0.0
4,34,8000.0,0.0
4,34,9000.0,0.0
4,34,10000.0,0.0
4,34,11000.0,0.0
4,34,12000.0,0.0
4,34,13000.0,0.0
4,34,14000.0,0.0
4,34,15000.0,0.0
4,34,16000.0,0.0
4,34,17000.0,0.0
4,34,18000.0,0.0
4,34,19000.0,0.0
4,34,20000.0,0.0
4,34,21000.0,0.0
4,34,22000.0,0.0
4,34,23000.0,0.0
4,34,24000.0,0.0
4,34,25000.0,0.0
4,34,26000.0,0.0
4,34,27000.0,0.0
4,34,28000.0,0.0
4,34,29000.0,0.0
4,34,30000.0,0.0
4,34,31000.0,0.0
4,34,32000.0,0.0
4,34,33000.0,0.0
4,34,34000.0,0.0
4,34,35000.0,0.0
4,34,36000.0,0.0
4,34,37000.0,0.0
4,34,38000.0,0.0
4,34,39000.0,0.0
4,34,40000.0,0.0
4,34,41000.0,0.0
4,34,42000.0,0.0
4,34,43000.0,0.0
4,34,44000.0,0.0
4,34,45000.0,0.0
4,34,46000.0,0.0
4,34,47000.0,0.0
4,34,48000.0,0.0
4,34,49000.0,0.0
4,34,50000.0,0.0
4,35,5000.0,0.0
4,35,6000.0,0.0
4,35,7000.0,0.0
4,35,8000.0,0.0
4,35,9000.0,0.0
4,35,10000.0,0.0
4,35,11000.0,0.0
4,35,12000.0,0.0
4,35,13000.0,0.0
4,35,14000.0,0.0
4,35,15000.0,0.0
4,35,16000.0,0.0
4,35,17000.0,0.0
4,35,18000.0,0.0
4,35,19000.0,0.0
4,35,20000.0,0.0
4,35,21000.0,0.0
4,35,22000.0,0.0
4,35,23000.0,0.0
4,35,24000.0,0.0
4,35,25000.0,0.0
4,35,26000.0,0.0
4,35,27000.0,0.0
4,35,28000.0,0.0
4,35,29000.0,0.0
4,35,30000.0,0.0
4,35,31000.0,0.0
4,35,32000.0,0.0
4,35,33000.0,0.0
4,35,34000.0,0.0
4,35,35000.0,0.0
4,35,36000.0,0.0
4,35,37000.0,0.0
4,35,38000.0,0.0
4,35,39000.0,0.0
4,35,40000.0,0.0
4,35,41000.0,0.0
4,35,42000.0,0.0
4,35,43000.0,0.0
4,35,44000.0,0.0
4,35,45000.0,0.0
4,35,46000.0,0.0
4,35,47000.0,0.0
4,35,48000.0,0.0
4,35,49000.0,0.0
4,35,50000.0,0.0
4,36,5000.0,0.0
4,36,6000.0,0.0
4,36,7000.0,0.0
4,36,8000.0,0.0
4,36,9000.0,0.0
4,36,10000.0,0.0
4,36,11000.0,0.0
4,36,12000.0,0.0
4,36,13000.0,0.0
4,36,14000.0,0.0
4,36,15000.0,0.0
4,36,16000.0,0.0
4,36,17000.0,0.0
4,36,18000.0,0.0
4,36,19000.0,0.0
4,36,20000.0,0.0
4,36,21000.0,0.0
4,36,22000.0,0.0
4,36,23000.0,0.0
4,36,24000.0,0.0
4,36,25000.0,0.0
4,36,26000.0,0.0
4,36,27000.0,0.0
4,36,28000.0,0.0
4,36,29000.0,0.0
4,36,30000.0,0.0
4,36,31000.0,0.0
4,36,32000.0,0.0
4,36,33000.0,0.0
4,36,34000.0,0.0
4,36,35000.0,0.0
4,36,36000.0,0.0
4,36,37000.0,0.0
4,36,38000.0,0.0
4,36,39000.0,0.0
4,36,40000.0,0.0
4,36,41000.0,0.0
4,36,42000.0,0.0
4,36,43000.0,0.0
4,36,44000.0,0.0
4,36,45000.0,0.0
4,36,46000.0,0.0
4,36,47000.0,0.0
4,36,48000.0,0.0
4,36,49000.0,0.0
4,36,50000.0,0.0
4,37,5000.0,0.0
4,37,6000.0,0.0
4,37,7000.0,0.0
4,37,8000.0,0.0
4,37,9000.0,0.0
4,37,10000.0,0.0
4,37,11000.0,0.0
4,37,12000.0,0.0
4,37,13000.0,0.0
4,37,14000.0,0.0
4,37,15000.0,0.0
4,37,16000.0,0.0
4,37,17000.0,0.0
4,37,18000.0,0.0
4,37,19000.0,0.0
4,37,20000.0,0.0
4,37,21000.0,0.0
4,37,22000.0,0.0
4,37,23000.0,0.0
4,37,24000.0,0.0
4,37,25000.0,0.0
4,37,26000.0,0.0
4,37,27000.0,0.0
4,37,28000.0,0.0
4,37,29000.0,0.0
4,37,30000.0,0.0
4,37,31000.0,0.0
4,37,32000.0,0.0
4,37,33000.0,0.0
4,37,34000.0,0.0
4,37,35000.0,0.0
4,37,36000.0,0.0
4,37,37000.0,0.0
4,37,38000.0,0.0
4,37,39000.0,0.0
4,37,40000.0,0.0
4,37,41000.0,0.0
4,37,42000.0,0.0
4,37,43000.0,0.0
4,37,44000.0,0.0
4,37,45000.0,0.0
4,37,46000.0,0.0
4,37,47000.0,0.0
4,37,48000.0,0.0
4,37,49000.0,0.0
4,37,50000.0,0.0
4,38,5000.0,0.0
4,38,6000.0,0.0
4,38,7000.0,0.0
4,38,8000.0,0.0
4,38,9000.0,0.0
4,38,10000.0,0.0
4,38,11000.0,0.0
4,38,12000.0,0.0
4,38,13000.0,0.0
4,38,14000.0,0.0
4,38,15000.0,0.0
4,38,16000.0,0.0
4,38,17000.0,0.0
4,38,18000.0,0.0
4,38,19000.0,0.0
4,38,20000.0,0.0
4,38,21000.0,0.0
4,38,22000.0,0.0
4,38,23000.0,0.0
4,38,24000.0,0.0
4,38,25000.0,0.0
4,38,26000.0,0.0
4,38,27000.0,0.0
4,38,28000.0,0.0
4,38,29000.0,0.0
4,38,30000.0,0.0
4,38,31000.0,0.0
4,38,32000.0,0.0
4,38,33000.0,0.0
4,38,34000.0,0.0
4,38,35000.0,0.0
4,38,36000.0,0.0
4,38,37000.0,0.0
4,38,38000.0,0.0
4,38,39000.0,0.0
4,38,40000.0,0.0
4,38,41000.0,0.0
4,38,42000.0,0.0
4,38,43000.0,0.0
4,38,44000.0,0.0
4,38,45000.0,0.0
4,38,46000.0,0.0
4,38,47000.0,0.0
4,38,48000.0,0.0
4,38,49000.0,0.0
4,38,50000.0,0.0
4,39,5000.0,0.0
4,39,6000.0,0.0
4,39,7000.0,0.0
4,39,8000.0,0.0
4,39,9000.0,0.0
4,39,10000.0,0.0
4,39,11000.0,0.0
4,39,12000.0,0.0
4,39,13000.0,0.0
4,39,14000.0,0.0
4,39,15000.0,0.0
4,39,16000.0,0.0
4,39,17000.0,0.0
4,39,18000.0,0.0
4,39,19000.0,0.0
4,39,20000.0,0.0
4,39,21000.0,0.0
4,39,22000.0,0.0
4,39,23000.0,0.0
4,39,24000.0,0.0
4,39,25000.0,0.0
4,39,26000.0,0.0
4,39,27000.0,0.0
4,39,28000.0,0.0
4,39,29000.0,0.0
4,39,30000.0,0.0
4,39,31000.0,0.0
4,39,32000.0,0.0
4,39,33000.0,0.0
4,39,34000.0,0.0
4,39,35000.0,0.0
4,39,36000.0,0.0
4,39,37000.0,0.0
4,39,38000.0,0.0
4,39,39000.0,0.0
4,39,40000.0,0.0
4,39,41000.0,0.0
4,39,42000.0,0.0
4,39,43000.0,0.0
4,39,44000.0,0.0
4,39,45000.0,0.0
4,39,46000.0,0.0
4,39,47000.0,0.0
4,39,48000.0,0.0
4,39,49000.0,0.0
4,39,50000.0,0.0
4,40,5000.0,0.0
4,40,6000.0,0.0
4,40,7000.0,0.0
4,40,8000.0,0.0
4,40,9000.0,0.0
4,40,10000.0,0.0
4,40,11000.0,0.0
4,40,12000.0,0.0
4,40,13000.0,0.0
4,40,14000.0,0.0
4,40,15000.0,0.0
4,40,16000.0,0.0
4,40,17000.0,0.0
4,40,18000.0,0.0
4,40,19000.0,0.0
4,40,20000.0,0.0
4,40,21000.0,0.0
4,40,22000.0,0.0
4,40,23000.0,0.0
4,40,24000.0,0.0
4,40,25000.0,0.0
4,40,26000.0,0.0
4,40,27000.0,0.0
4,40,28000.0,0.0
4,40,29000.0,0.0
4,40,30000.0,0.0
4,40,31000.0,0.0
4,40,32000.0,0.0
4,40,33000.0,0.0
4,40,34000.0,0.0
4,40,35000.0,0.0
4,40,36000.0,0.0
4,40,37000.0,0.0
4,40,38000.0,0.0
4,40,39000.0,0.0
4,40,40000.0,2.0
4,40,41000.0,2.0
4,40,42000.0,0.0
4,40,43000.0,0.0
4,40,44000.0,0.0
4,40,45000.0,0.0
4,40,46000.0,0.0
4,40,47000.0,0.0
4,40,48000.0,0.0
4,40,49000.0,0.0
4,40,50000.0,0.0
4,41,5000.0,0.0
4,41,6000.0,0.0
4,41,7000.0,0.0
4,41,8000.0,0.0
4,41,9000.0,0.0
4,41,10000.0,0.0
4,41,11000.0,0.0
4,41,12000.0,0.0
4,41,13000.0,0.0
4,41,14000.0,0.0
4,41,15000.0,0.0
4,41,16000.0,0.0
4,41,17000.0,0.0
4,41,18000.0,0.0
4,41,19000.0,0.0
4,41,20000.0,0.0
4,41,21000.0,0.0
4,41,22000.0,0.0
4,41,23000.0,0.0
4,41,24000.0,0.0
4,41,25000.0,0.0
4,41,26000.0,0.0
4,41,27000.0,0.0
4,41,28000.0,0.0
4,41,29000.0,0.0
4,41,30000.0,0.0
4,41,31000.0,0.0
4,41,32000.0,0.0
4,41,33000.0,0.0
4,41,34000.0,0.0
4,41,35000.0,0.0
4,41,36000.0,0.0
4,41,37000.0,0.0
4,41,38000.0,0.0
4,41,39000.0,0.0
4,41,40000.0,0.0
4,41,41000.0,2.0
4,41,42000.0,0.0
4,41,43000.0,0.0
4,41,44000.0,0.0
4,41,45000.0,0.0
4,41,46000.0,0.0
4,41,47000.0,0.0
4,41,48000.0,0.0
4,41,49000.0,0.0
4,41,50000.0,0.0
4,42,5000.0,0.0
4,42,6000.0,0.0
4,42,7000.0,0.0
4,42,8000.0,0.0
4,42,9000.0,0.0
4,42,10000.0,0.0
4,42,11000.0,0.0
4,42,12000.0,0.0
4,42,13000.0,0.0
4,42,14000.0,0.0
4,42,15000.0,0.0
4,42,16000.0,0.0
4,42,17000.0,0.0
4,42,18000.0,0.0
4,42,19000.0,0.0
4,42,20000.0,0.0
4,42,21000.0,0.0
4,42,22000.0,0.0
4,42,23000.0,0.0
4,42,24000.0,0.0
4,42,25000.0,0.0
4,42,26000.0,0.0
4,42,27000.0,0.0
4,42,28000.0,0.0
4,42,29000.0,0.0
4,42,30000.0,0.0
4,42,31000.0,0.0
4,42,32000.0,0.0
4,42,33000.0,0.0
4,42,34000.0,0.0
4,42,35000.0,0.0
4,42,36000.0,0.0
4,42,37000.0,0.0
4,42,38000.0,0.0
4,42,39000.0,0.0
4,42,40000.0,0.0
4,42,41000.0,0.0
4,42,42000.0,0.0
4,42,43000.0,0.0
4,42,44000.0,0.0
4,42,45000.0,0.0
4,42,46000.0,0.0
4,42,47000.0,0.0
4,42,48000.0,0.0
4,42,49000.0,0.0
4,42,50000.0,0.0
4,43,5000.0,0.0
4,43,6000.0,0.0
4,43,7000.0,0.0
4,43,8000.0,0.0
4,43,9000.0,0.0
4,43,10000.0,0.0
4,43,11000.0,0.0
4,43,12000.0,0.0
4,43,13000.0,0.0
4,43,14000.0,0.0
4,43,15000.0,0.0
4,43,16000.0,0.0
4,43,17000.0,0.0
4,43,18000.0,0.0
4,43,19000.0,0.0
4,43,20000.0,0.0
4,43,21000.0,0.0
4,43,22000.0,0.0
4,43,23000.0,0.0
4,43,24000.0,0.0
4,43,25000.0,0.0
4,43,26000.0,0.0
4,43,27000.0,0.0
4,43,28000.0,0.0
4,43,29000.0,0.0
4,43,30000.0,0.0
4,43,31000.0,0.0
4,43,32000.0,0.0
4,43,33000.0,0.0
4,43,34000.0,0.0
4,43,35000.0,0.0
4,43,36000.0,0.0
4,43,37000.0,0.0
4,43,38000.0,0.0
4,43,39000.0,0.0
4,43,40000.0,0.0
4,43,41000.0,0.0
4,43,42000.0,0.0
4,43,43000.0,0.0
4,43,44000.0,0.0
4,43,45000.0,0.0
4,43,46000.0,0.0
4,43,47000.0,0.0
4,43,48000.0,0.0
4,43,49000.0,0.0
4,43,50000.0,0.0
4,44,5000.0,0.0
4,44,6000.0,0.0
4,44,7000.0,0.0
4,44,8000.0,0.0
4,44,9000.0,0.0
4,44,10000.0,0.0
4,44,11000.0,0.0
4,44,12000.0,2.0
4,44,13000.0,2.0
4,44,14000.0,2.0
4,44,15000.0,2.0
4,44,16000.0,2.0
4,44,17000.0,2.0
4,44,18000.0,2.0
4,44,19000.0,2.0
4,44,20000.0,2.0
4,44,21000.0,2.0
4,44,22000.0,0.0
4,44,23000.0,0.0
4,44,24000.0,0.0
4,44,25000.0,0.0
4,44,26000.0,0.0
4,44,27000.0,0.0
4,44,28000.0,0.0
4,44,29000.0,0.0
4,44,30000.0,0.0
4,44,31000.0,0.0
4,44,32000.0,0.0
4,44,33000.0,0.0
4,44,34000.0,0.0
4,44,35000.0,0.0
4,44,36000.0,0.0
4,44,37000.0,0.0
4,44,38000.0,0.0
4,44,39000.0,0.0
4,44,40000.0,0.0
4,44,41000.0,0.0
4,44,42000.0,0.0
4,44,43000.0,0.0
4,44,44000.0,0.0
4,44,45000.0,0.0
4,44,46000.0,0.0
4,44,47000.0,0.0
4,44,48000.0,0.0
4,44,49000.0,0.0
4,44,50000.0,0.0
4,45,5000.0,0.0
4,45,6000.0,0.0
4,45,7000.0,0.0
4,45,8000.0,0.0
4,45,9000.0,0.0
4,45,10000.0,0.0
4,45,11000.0,0.0
4,45,12000.0,0.0
4,45,13000.0,0.0
4,45,14000.0,0.0
4,45,15000.0,0.0
4,45,16000.0,0.0
4,45,17000.0,0.0
4,45,18000.0,0.0
4,45,19000.0,0.0
4,45,20000.0,0.0
4,45,21000.0,0.0
4,45,22000.0,0.0
4,45,23000.0,0.0
4,45,24000.0,0.0
4,45,25000.0,0.0
4,45,26000.0,0.0
4,45,27000.0,0.0
4,45,28000.0,0.0
4,45,29000.0,0.0
4,45,30000.0,0.0
4,45,31000.0,0.0
4,45,32000.0,0.0
4,45,33000.0,0.0
4,45,34000.0,0.0
4,45,35000.0,0.0
4,45,36000.0,0.0
4,45,37000.0,0.0
4,45,38000.0,0.0
4,45,39000.0,0.0
4,45,40000.0,0.0
4,45,41000.0,0.0
4,45,42000.0,0.0
4,45,43000.0,0.0
4,45,44000.0,0.0
4,45,45000.0,0.0
4,45,46000.0,0.0
4,45,47000.0,0.0
4,45,48000.0,0.0
4,45,49000.0,0.0
4,45,50000.0,0.0
4,46,5000.0,0.0
4,46,6000.0,0.0
4,46,7000.0,0.0
4,46,8000.0,0.0
4,46,9000.0,0.0
4,46,10000.0,0.0
4,46,11000.0,0.0
4,46,12000.0,0.0
4,46,13000.0,0.0
4,46,14000.0,2.0
4,46,15000.0,2.0
4,46,16000.0,2.0
4,46,17000.0,2.0
4,46,18000.0,2.0
4,46,19000.0,2.0
4,46,20000.0,2.0
4,46,21000.0,2.0
4,46,22000.0,0.0
4,46,23000.0,0.0
4,46,24000.0,0.0
4,46,25000.0,0.0
4,46,26000.0,0.0
4,46,27000.0,0.0
4,46,28000.0,0.0
4,46,29000.0,0.0
4,46,30000.0,0.0
4,46,31000.0,0.0
4,46,32000.0,0.0
4,46,33000.0,0.0
4,46,34000.0,0.0
4,46,35000.0,0.0
4,46,36000.0,0.0
4,46,37000.0,0.0
4,46,38000.0,0.0
4,46,39000.0,0.0
4,46,40000.0,0.0
4,46,41000.0,0.0
4,46,42000.0,0.0
4,46,43000.0,0.0
4,46,44000.0,0.0
4,46,45000.0,0.0
4,46,46000.0,0.0
4,46,47000.0,0.0
4,46,48000.0,0.0
4,46,49000.0,0.0
4,46,50000.0,0.0
4,47,5000.0,0.0
4,47,6000.0,0.0
4,47,7000.0,0.0
4,47,8000.0,0.0
4,47,9000.0,0.0
4,47,10000.0,0.0
4,47,11000.0,0.0
4,47,12000.0,0.0
4,47,13000.0,0.0
4,47,14000.0,0.0
4,47,15000.0,0.0
4,47,16000.0,0.0
4,47,17000.0,0.0
4,47,18000.0,0.0
4,47,19000.0,0.0
4,47,20000.0,0.0
4,47,21000.0,0.0
4,47,22000.0,0.0
4,47,23000.0,0.0
4,47,24000.0,0.0
4,47,25000.0,0.0
4,47,26000.0,0.0
4,47,27000.0,0.0
4,47,28000.0,0.0
4,47,29000.0,0.0
4,47,30000.0,0.0
4,47,31000.0,0.0
4,47,32000.0,0.0
4,47,33000.0,0.0
4,47,34000.0,0.0
4,47,35000.0,0.0
4,47,36000.0,0.0
4,47,37000.0,0.0
4,47,38000.0,0.0
4,47,39000.0,0.0
4,47,40000.0,0.0
4,47,41000.0,0.0
4,47,42000.0,0.0
4,47,43000.0,0.0
4,47,44000.0,0.0
4,47,45000.0,0.0
4,47,46000.0,0.0
4,47,47000.0,0.0
4,47,48000.0,0.0
4,47,49000.0,0.0
4,47,50000.0,0.0
4,48,5000.0,0.0
4,48,6000.0,0.0
4,48,7000.0,0.0
4,48,8000.0,0.0
4,48,9000.0,0.0
4,48,10000.0,0.0
4,48,11000.0,0.0
4,48,12000.0,0.0
4,48,13000.0,0.0
4,48,14000.0,0.0
4,48,15000.0,0.0
4,48,16000.0,0.0
4,48,17000.0,0.0
4,48,18000.0,0.0
4,48,19000.0,0.0
4,48,20000.0,0.0
4,48,21000.0,0.0
4,48,22000.0,0.0
4,48,23000.0,0.0
4,48,24000.0,0.0
4,48,25000.0,0.0
4,48,26000.0,0.0
4,48,27000.0,0.0
4,48,28000.0,0.0
4,48,29000.0,0.0
4,48,30000.0,0.0
4,48,31000.0,0.0
4,48,32000.0,0.0
4,48,33000.0,0.0
4,48,34000.0,0.0
4,48,35000.0,0.0
4,48,36000.0,0.0
4,48,37000.0,0.0
4,48,38000.0,0.0
4,48,39000.0,0.0
4,48,40000.0,0.0
4,48,41000.0,0.0
4,48,42000.0,0.0
4,48,43000.0,0.0
4,48,44000.0,0.0
4,48,45000.0,0.0
4,48,46000.0,0.0
4,48,47000.0,0.0
4,48,48000.0,0.0
4,48,49000.0,0.0
4,48,50000.0,0.0
4,49,5000.0,0.0
4,49,6000.0,0.0
4,49,7000.0,0.0
4,49,8000.0,0.0
4,49,9000.0,0.0
4,49,10000.0,0.0
4,49,11000.0,0.0
4,49,12000.0,0.0
4,49,13000.0,0.0
4,49,14000.0,0.0
4,49,15000.0,0.0
4,49,16000.0,0.0
4,49,17000.0,0.0
4,49,18000.0,0.0
4,49,19000.0,0.0
4,49,20000.0,0.0
4,49,21000.0,0.0
4,49,22000.0,0.0
4,49,23000.0,0.0
4,49,24000.0,0.0
4,49,25000.0,0.0
4,49,26000.0,0.0
4,49,27000.0,0.0
4,49,28000.0,0.0
4,49,29000.0,0.0
4,49,30000.0,0.0
4,49,31000.0,0.0
4,49,32000.0,0.0
4,49,33000.0,0.0
4,49,34000.0,0.0
4,49,35000.0,0.0
4,49,36000.0,0.0
4,49,37000.0,0.0
4,49,38000.0,0.0
4,49,39000.0,0.0
4,49,40000.0,0.0
4,49,41000.0,0.0
4,49,42000.0,0.0
4,49,43000.0,0.0
4,49,44000.0,0.0
4,49,45000.0,0.0
4,49,46000.0,0.0
4,49,47000.0,0.0
4,49,48000.0,0.0
4,49,49000.0,0.0
4,49,50000.0,0.0
4,50,5000.0,0.0
4,50,6000.0,0.0
4,50,7000.0,0.0
4,50,8000.0,0.0
4,50,9000.0,0.0
4,50,10000.0,0.0
4,50,11000.0,0.0
4,50,12000.0,0.0
4,50,13000.0,0.0
4,50,14000.0,0.0
4,50,15000.0,0.0
4,50,16000.0,0.0
4,50,17000.0,0.0
4,50,18000.0,0.0
4,50,19000.0,0.0
4,50,20000.0,0.0
4,50,21000.0,0.0
4,50,22000.0,0.0
4,50,23000.0,0.0
4,50,24000.0,0.0
4,50,25000.0,0.0
4,50,26000.0,0.0
4,50,27000.0,0.0
4,50,28000.0,0.0
4,50,29000.0,0.0
4,50,30000.0,0.0
4,50,31000.0,0.0
4,50,32000.0,0.0
4,50,33000.0,0.0
4,50,34000.0,0.0
4,50,35000.0,0.0
4,50,36000.0,0.0
4,50,37000.0,0.0
4,50,38000.0,0.0
4,50,39000.0,0.0
4,50,40000.0,0.0
4,50,41000.0,0.0
4,50,42000.0,0.0
4,50,43000.0,0.0
4,50,44000.0,0.0
4,50,45000.0,0.0
4,50,46000.0,0.0
4,50,47000.0,0.0
4,50,48000.0,0.0
4,50,49000.0,0.0
4,50,50000.0,0.0
4,51,5000.0,0.0
4,51,6000.0,0.0
4,51,7000.0,0.0
4,51,8000.0,0.0
4,51,9000.0,0.0
4,51,10000.0,0.0
4,51,11000.0,0.0
4,51,12000.0,0.0
4,51,13000.0,0.0
4,51,14000.0,0.0
4,51,15000.0,0.0
4,51,16000.0,0.0
4,51,17000.0,0.0
4,51,18000.0,0.0
4,51,19000.0,0.0
4,51,20000.0,0.0
4,51,21000.0,0.0
4,51,22000.0,0.0
4,51,23000.0,0.0
4,51,24000.0,0.0
4,51,25000.0,0.0
4,51,26000.0,0.0
4,51,27000.0,0.0
4,51,28000.0,0.0
4,51,29000.0,0.0
4,51,30000.0,0.0
4,51,31000.0,0.0
4,51,32000.0,0.0
4,51,33000.0,0.0
4,51,34000.0,0.0
4,51,35000.0,0.0
4,51,36000.0,0.0
4,51,37000.0,0.0
4,51,38000.0,0.0
4,51,39000.0,0.0
4,51,40000.0,0.0
4,51,41000.0,0.0
4,51,42000.0,0.0
4,51,43000.0,0.0
4,51,44000.0,0.0
4,51,45000.0,0.0
4,51,46000.0,0.0
4,51,47000.0,0.0
4,51,48000.0,0.0
4,51,49000.0,0.0
4,51,50000.0,0.0
4,52,5000.0,0.0
4,52,6000.0,0.0
4,52,7000.0,0.0
4,52,8000.0,0.0
4,52,9000.0,0.0
4,52,10000.0,0.0
4,52,11000.0,0.0
4,52,12000.0,0.0
4,52,13000.0,0.0
4,52,14000.0,0.0
4,52,15000.0,0.0
4,52,16000.0,0.0
4,52,17000.0,0.0
4,52,18000.0,0.0
4,52,19000.0,0.0
4,52,20000.0,0.0
4,52,21000.0,0.0
4,52,22000.0,0.0
4,52,23000.0,0.0
4,52,24000.0,0.0
4,52,25000.0,0.0
4,52,26000.0,0.0
4,52,27000.0,0.0
4,52,28000.0,0.0
4,52,29000.0,0.0
4,52,30000.0,0.0
4,52,31000.0,0.0
4,52,32000.0,0.0
4,52,33000.0,0.0
4,52,34000.0,0.0
4,52,35000.0,0.0
4,52,36000.0,0.0
4,52,37000.0,2.0
4,52,38000.0,2.0
4,52,39000.0,2.0
4,52,40000.0,2.0
4,52,41000.0,2.0
4,52,42000.0,0.0
4,52,43000.0,0.0
4,52,44000.0,0.0
4,52,45000.0,0.0
4,52,46000.0,0.0
4,52,47000.0,0.0
4,52,48000.0,0.0
4,52,49000.0,0.0
4,52,50000.0,0.0
4,53,5000.0,0.0
4,53,6000.0,0.0
4,53,7000.0,0.0
4,53,8000.0,0.0
4,53,9000.0,0.0
4,53,10000.0,0.0
4,53,11000.0,0.0
4,53,12000.0,0.0
4,53,13000.0,0.0
4,53,14000.0,0.0
4,53,15000.0,0.0
4,53,16000.0,0.0
4,53,17000.0,0.0
4,53,18000.0,0.0
4,53,19000.0,0.0
4,53,20000.0,0.0
4,53,21000.0,0.0
4,53,22000.0,0.0
4,53,23000.0,0.0
4,53,24000.0,0.0
4,53,25000.0,0.0
4,53,26000.0,0.0
4,53,27000.0,0.0
4,53,28000.0,0.0
4,53,29000.0,0.0
4,53,30000.0,0.0
4,53,31000.0,0.0
4,53,32000.0,0.0
4,53,33000.0,0.0
4,53,34000.0,0.0
4,53,35000.0,0.0
4,53,36000.0,0.0
4,53,37000.0,0.0
4,53,38000.0,0.0
4,53,39000.0,0.0
4,53,40000.0,0.0
4,53,41000.0,0.0
4,53,42000.0,0.0
4,53,43000.0,0.0
4,53,44000.0,0.0
4,53,45000.0,0.0
4,53,46000.0,0.0
4,53,47000.0,0.0
4,53,48000.0,0.0
4,53,49000.0,0.0
4,53,50000.0,0.0
4,54,5000.0,0.0
4,54,6000.0,0.0
4,54,7000.0,0.0
4,54,8000.0,0.0
4,54,9000.0,0.0
4,54,10000.0,0.0
4,54,11000.0,0.0
4,54,12000.0,0.0
4,54,13000.0,0.0
4,54,14000.0,0.0
4,54,15000.0,0.0
4,54,16000.0,0.0
4,54,17000.0,0.0
4,54,18000.0,0.0
4,54,19000.0,0.0
4,54,20000.0,0.0
4,54,21000.0,0.0
4,54,22000.0,0.0
4,54,23000.0,0.0
4,54,24000.0,0.0
4,54,25000.0,0.0
4,54,26000.0,0.0
4,54,27000.0,0.0
4,54,28000.0,0.0
4,54,29000.0,0.0
4,54,30000.0,0.0
4,54,31000.0,0.0
4,54,32000.0,0.0
4,54,33000.0,0.0
4,54,34000.0,0.0
4,54,35000.0,0.0
4,54,36000.0,0.0
4,54,37000.0,0.0
4,54,38000.0,0.0
4,54,39000.0,0.0
4,54,40000.0,0.0
4,54,41000.0,0.0
4,54,42000.0,0.0
4,54,43000.0,0.0
4,54,44000.0,0.0
4,54,45000.0,0.0
4,54,46000.0,0.0
4,54,47000.0,0.0
4,54,48000.0,0.0
4,54,49000.0,0.0
4,54,50000.0,0.0
4,55,5000.0,0.0
4,55,6000.0,0.0
4,55,7000.0,0.0
4,55,8000.0,0.0
4,55,9000.0,0.0
4,55,10000.0,0.0
4,55,11000.0,0.0
4,55,12000.0,0.0
4,55,13000.0,0.0
4,55,14000.0,0.0
4,55,15000.0,0.0
4,55,16000.0,2.0
4,55,17000.0,2.0
4,55,18000.0,2.0
4,55,19000.0,2.0
4,55,20000.0,2.0
4,55,21000.0,2.0
4,55,22000.0,0.0
4,55,23000.0,0.0
4,55,24000.0,0.0
4,55,25000.0,0.0
4,55,26000.0,0.0
4,55,27000.0,0.0
4,55,28000.0,0.0
4,55,29000.0,0.0
4,55,30000.0,0.0
4,55,31000.0,0.0
4,55,32000.0,0.0
4,55,33000.0,0.0
4,55,34000.0,0.0
4,55,35000.0,0.0
4,55,36000.0,0.0
4,55,37000.0,0.0
4,55,38000.0,0.0
4,55,39000.0,0.0
4,55,40000.0,0.0
4,55,41000.0,0.0
4,55,42000.0,0.0
4,55,43000.0,0.0
4,55,44000.0,0.0
4,55,45000.0,2.0
4,55,46000.0,2.0
4,55,47000.0,2.0
4,55,48000.0,2.0
4,55,49000.0,2.0
4,55,50000.0,2.0
4,56,5000.0,0.0
4,56,6000.0,0.0
4,56,7000.0,0.0
4,56,8000.0,0.0
4,56,9000.0,0.0
4,56,10000.0,0.0
4,56,11000.0,0.0
4,56,12000.0,0.0
4,56,13000.0,0.0
4,56,14000.0,0.0
4,56,15000.0,0.0
4,56,16000.0,0.0
4,56,17000.0,0.0
4,56,18000.0,0.0
4,56,19000.0,0.0
4,56,20000.0,0.0
4,56,21000.0,0.0
4,56,22000.0,0.0
4,56,23000.0,0.0
4,56,24000.0,0.0
4,56,25000.0,0.0
4,56,26000.0,0.0
4,56,27000.0,0.0
4,56,28000.0,0.0
4,56,29000.0,0.0
4,56,30000.0,0.0
4,56,31000.0,0.0
4,56,32000.0,0.0
4,56,33000.0,0.0
4,56,34000.0,0.0
4,56,35000.0,0.0
4,56,36000.0,0.0
4,56,37000.0,0.0
4,56,38000.0,0.0
4,56,39000.0,0.0
4,56,40000.0,0.0
4,56,41000.0,0.0
4,56,42000.0,0.0
4,56,43000.0,0.0
4,56,44000.0,0.0
4,56,45000.0,0.0
4,56,46000.0,0.0
4,56,47000.0,0.0
4,56,48000.0,0.0
4,56,49000.0,0.0
4,56,50000.0,0.0
4,57,5000.0,0.0
4,57,6000.0,0.0
4,57,7000.0,0.0
4,57,8000.0,0.0
4,57,9000.0,0.0
4,57,10000.0,0.0
4,57,11000.0,0.0
4,57,12000.0,0.0
4,57,13000.0,0.0
4,57,14000.0,0.0
4,57,15000.0,0.0
4,57,16000.0,0.0
4,57,17000.0,0.0
4,57,18000.0,0.0
4,57,19000.0,0.0
4,57,20000.0,0.0
4,57,21000.0,0.0
4,57,22000.0,0.0
4,57,23000.0,0.0
4,57,24000.0,0.0
4,57,25000.0,0.0
4,57,26000.0,0.0
4,57,27000.0,0.0
4,57,28000.0,0.0
4,57,29000.0,0.0
4,57,30000.0,0.0
4,57,31000.0,0.0
4,57,32000.0,0.0
4,57,33000.0,0.0
4,57,34000.0,0.0
4,57,35000.0,0.0
4,57,36000.0,0.0
4,57,37000.0,0.0
4,57,38000.0,0.0
4,57,39000.0,0.0
4,57,40000.0,0.0
4,57,41000.0,0.0
4,57,42000.0,0.0
4,57,43000.0,0.0
4,57,44000.0,0.0
4,57,45000.0,0.0
4,57,46000.0,0.0
4,57,47000.0,0.0
4,57,48000.0,0.0
4,57,49000.0,0.0
4,57,50000.0,0.0
4,58,5000.0,0.0
4,58,6000.0,0.0
4,58,7000.0,0.0
4,58,8000.0,0.0
4,58,9000.0,0.0
4,58,10000.0,0.0
4,58,11000.0,0.0
4,58,12000.0,0.0
4,58,13000.0,0.0
4,58,14000.0,0.0
4,58,15000.0,0.0
4,58,16000.0,0.0
4,58,17000.0,0.0
4,58,18000.0,0.0
4,58,19000.0,0.0
4,58,20000.0,0.0
4,58,21000.0,0.0
4,58,22000.0,0.0
4,58,23000.0,0.0
4,58,24000.0,0.0
4,58,25000.0,0.0
4,58,26000.0,0.0
4,58,27000.0,0.0
4,58,28000.0,0.0
4,58,29000.0,0.0
4,58,30000.0,0.0
4,58,31000.0,0.0
4,58,32000.0,2.0
4,58,33000.0,2.0
4,58,34000.0,2.0
4,58,35000.0,2.0
4,58,36000.0,2.0
4,58,37000.0,2.0
4,58,38000.0,2.0
4,58,39000.0,2.0
4,58,40000.0,2.0
4,58,41000.0,2.0
4,58,42000.0,0.0
4,58,43000.0,0.0
4,58,44000.0,0.0
4,58,45000.0,0.0
4,58,46000.0,0.0
4,58,47000.0,0.0
4,58,48000.0,0.0
4,58,49000.0,0.0
4,58,50000.0,0.0
4,59,5000.0,0.0
4,59,6000.0,0.0
4,59,7000.0,0.0
4,59,8000.0,0.0
4,59,9000.0,2.0
4,59,10000.0,2.0
4,59,11000.0,2.0
4,59,12000.0,0.0
4,59,13000.0,0.0
4,59,14000.0,0.0
4,59,15000.0,0.0
4,59,16000.0,0.0
4,59,17000.0,0.0
4,59,18000.0,0.0
4,59,19000.0,0.0
4,59,20000.0,0.0
4,59,21000.0,0.0
4,59,22000.0,0.0
4,59,23000.0,0.0
4,59,24000.0,0.0
4,59,25000.0,0.0
4,59,26000.0,0.0
4,59,27000.0,0.0
4,59,28000.0,0.0
4,59,29000.0,0.0
4,59,30000.0,0.0
4,59,31000.0,0.0
4,59,32000.0,0.0
4,59,33000.0,0.0
4,59,34000.0,0.0
4,59,35000.0,0.0
4,59,36000.0,0.0
4,59,37000.0,0.0
4,59,38000.0,0.0
4,59,39000.0,0.0
4,59,40000.0,0.0
4,59,41000.0,0.0
4,59,42000.0,0.0
4,59,43000.0,0.0
4,59,44000.0,0.0
4,59,45000.0,0.0
4,59,46000.0,0.0
4,59,47000.0,0.0
4,59,48000.0,0.0
4,59,49000.0,0.0
4,59,50000.0,0.0
4,60,5000.0,0.0
4,60,6000.0,0.0
4,60,7000.0,0.0
4,60,8000.0,0.0
4,60,9000.0,0.0
4,60,10000.0,0.0
4,60,11000.0,0.0
4,60,12000.0,0.0
4,60,13000.0,0.0
4,60,14000.0,0.0
4,60,15000.0,0.0
4,60,16000.0,0.0
4,60,17000.0,0.0
4,60,18000.0,0.0
4,60,19000.0,0.0
4,60,20000.0,0.0
4,60,21000.0,0.0
4,60,22000.0,0.0
4,60,23000.0,0.0
4,60,24000.0,0.0
4,60,25000.0,0.0
4,60,26000.0,0.0
4,60,27000.0,0.0
4,60,28000.0,0.0
4,60,29000.0,0.0
4,60,30000.0,0.0
4,60,31000.0,0.0
4,60,32000.0,0.0
4,60,33000.0,0.0
4,60,34000.0,0.0
4,60,35000.0,0.0
4,60,36000.0,0.0
4,60,37000.0,0.0
4,60,38000.0,0.0
4,60,39000.0,0.0
4,60,40000.0,0.0
4,60,41000.0,0.0
4,60,42000.0,0.0
4,60,43000.0,0.0
4,60,44000.0,0.0
4,60,45000.0,0.0
4,60,46000.0,0.0
4,60,47000.0,0.0
4,60,48000.0,0.0
4,60,49000.0,0.0
4,60,50000.0,0.0
4,61,5000.0,0.0
4,61,6000.0,0.0
4,61,7000.0,0.0
4,61,8000.0,0.0
4,61,9000.0,0.0
4,61,10000.0,0.0
4,61,11000.0,0.0
4,61,12000.0,0.0
4,61,13000.0,0.0
4,61,14000.0,0.0
4,61,15000.0,0.0
4,61,16000.0,0.0
4,61,17000.0,0.0
4,61,18000.0,0.0
4,61,19000.0,0.0
4,61,20000.0,0.0
4,61,21000.0,0.0
4,61,22000.0,0.0
4,61,23000.0,0.0
4,61,24000.0,0.0
4,61,25000.0,0.0
4,61,26000.0,0.0
4,61,27000.0,0.0
4,61,28000.0,0.0
4,61,29000.0,0.0
4,61,30000.0,0.0
4,61,31000.0,0.0
4,61,32000.0,0.0
4,61,33000.0,0.0
4,61,34000.0,0.0
4,61,35000.0,0.0
4,61,36000.0,0.0
4,61,37000.0,0.0
4,61,38000.0,0.0
4,61,39000.0,0.0
4,61,40000.0,0.0
4,61,41000.0,0.0
4,61,42000.0,0.0
4,61,43000.0,0.0
4,61,44000.0,0.0
4,61,45000.0,0.0
4,61,46000.0,0.0
4,61,47000.0,0.0
4,61,48000.0,0.0
4,61,49000.0,0.0
4,61,50000.0,0.0
4,62,5000.0,0.0
4,62,6000.0,0.0
4,62,7000.0,0.0
4,62,8000.0,0.0
4,62,9000.0,0.0
4,62,10000.0,0.0
4,62,11000.0,0.0
4,62,12000.0,0.0
4,62,13000.0,0.0
4,62,14000.0,0.0
4,62,15000.0,0.0
4,62,16000.0,0.0
4,62,17000.0,0.0
4,62,18000.0,0.0
4,62,19000.0,0.0
4,62,20000.0,0.0
4,62,21000.0,0.0
4,62,22000.0,0.0
4,62,23000.0,0.0
4,62,24000.0,0.0
4,62,25000.0,0.0
4,62,26000.0,0.0
4,62,27000.0,0.0
4,62,28000.0,0.0
4,62,29000.0,0.0
4,62,30000.0,0.0
4,62,31000.0,2.0
4,62,32000.0,0.0
4,62,33000.0,0.0
4,62,34000.0,0.0
4,62,35000.0,0.0
4,62,36000.0,0.0
4,62,37000.0,0.0
4,62,38000.0,0.0
4,62,39000.0,0.0
4,62,40000.0,0.0
4,62,41000.0,0.0
4,62,42000.0,0.0
4,62,43000.0,0.0
4,62,44000.0,0.0
4,62,45000.0,0.0
4,62,46000.0,0.0
4,62,47000.0,0.0
4,62,48000.0,0.0
4,62,49000.0,0.0
4,62,50000.0,0.0
4,63,5000.0,0.0
4,63,6000.0,0.0
4,63,7000.0,0.0
4,63,8000.0,0.0
4,63,9000.0,0.0
4,63,10000.0,0.0
4,63,11000.0,0.0
4,63,12000.0,0.0
4,63,13000.0,0.0
4,63,14000.0,0.0
4,63,15000.0,0.0
4,63,16000.0,0.0
4,63,17000.0,0.0
4,63,18000.0,0.0
4,63,19000.0,0.0
4,63,20000.0,0.0
4,63,21000.0,0.0
4,63,22000.0,0.0
4,63,23000.0,0.0
4,63,24000.0,0.0
4,63,25000.0,0.0
4,63,26000.0,0.0
4,63,27000.0,0.0
4,63,28000.0,0.0
4,63,29000.0,0.0
4,63,30000.0,0.0
4,63,31000.0,0.0
4,63,32000.0,0.0
4,63,33000.0,0.0
4,63,34000.0,0.0
4,63,35000.0,0.0
4,63,36000.0,0.0
4,63,37000.0,0.0
4,63,38000.0,0.0
4,63,39000.0,0.0
4,63,40000.0,0.0
4,63,41000.0,0.0
4,63,42000.0,0.0
4,63,43000.0,0.0
4,63,44000.0,0.0
4,63,45000.0,0.0
4,63,46000.0,0.0
4,63,47000.0,0.0
4,63,48000.0,0.0
4,63,49000.0,0.0
4,63,50000.0,0.0
4,64,5000.0,0.0
4,64,6000.0,0.0
4,64,7000.0,0.0
4,64,8000.0,0.0
4,64,9000.0,0.0
4,64,10000.0,0.0
4,64,11000.0,0.0
4,64,12000.0,0.0
4,64,13000.0,0.0
4,64,14000.0,0.0
4,64,15000.0,0.0
4,64,16000.0,0.0
4,64,17000.0,0.0
4,64,18000.0,0.0
4,64,19000.0,0.0
4,64,20000.0,2.0
4,64,21000.0,2.0
4,64,22000.0,0.0
4,64,23000.0,0.0
4,64,24000.0,0.0
4,64,25000.0,0.0
4,64,26000.0,0.0
4,64,27000.0,0.0
4,64,28000.0,0.0
4,64,29000.0,0.0
4,64,30000.0,0.0
4,64,31000.0,0.0
4,64,32000.0,0.0
4,64,33000.0,0.0
4,64,34000.0,0.0
4,64,35000.0,0.0
4,64,36000.0,0.0
4,64,37000.0,0.0
4,64,38000.0,0.0
4,64,39000.0,0.0
4,64,40000.0,0.0
4,64,41000.0,0.0
4,64,42000.0,0.0
4,64,43000.0,0.0
4,64,44000.0,0.0
4,64,45000.0,0.0
4,64,46000.0,0.0
4,64,47000.0,0.0
4,64,48000.0,0.0
4,64,49000.0,0.0
4,64,50000.0,0.0
4,65,5000.0,0.0
4,65,6000.0,0.0
4,65,7000.0,0.0
4,65,8000.0,0.0
4,65,9000.0,0.0
4,65,10000.0,0.0
4,65,11000.0,0.0
4,65,12000.0,0.0
4,65,13000.0,0.0
4,65,14000.0,0.0
4,65,15000.0,0.0
4,65,16000.0,0.0
4,65,17000.0,0.0
4,65,18000.0,0.0
4,65,19000.0,0.0
4,65,20000.0,0.0
4,65,21000.0,0.0
4,65,22000.0,0.0
4,65,23000.0,0.0
4,65,24000.0,0.0
4,65,25000.0,0.0
4,65,26000.0,0.0
4,65,27000.0,0.0
4,65,28000.0,0.0
4,65,29000.0,0.0
4,65,30000.0,0.0
4,65,31000.0,0.0
4,65,32000.0,0.0
4,65,33000.0,0.0
4,65,34000.0,0.0
4,65,35000.0,0.0
4,65,36000.0,0.0
4,65,37000.0,0.0
4,65,38000.0,0.0
4,65,39000.0,0.0
4,65,40000.0,0.0
4,65,41000.0,0.0
4,65,42000.0,0.0
4,65,43000.0,0.0
4,65,44000.0,0.0
4,65,45000.0,0.0
4,65,46000.0,0.0
4,65,47000.0,0.0
4,65,48000.0,0.0
4,65,49000.0,0.0
4,65,50000.0,0.0
4,66,5000.0,0.0
4,66,6000.0,0.0
4,66,7000.0,0.0
4,66,8000.0,0.0
4,66,9000.0,0.0
4,66,10000.0,0.0
4,66,11000.0,0.0
4,66,12000.0,0.0
4,66,13000.0,0.0
4,66,14000.0,0.0
4,66,15000.0,0.0
4,66,16000.0,0.0
4,66,17000.0,0.0
4,66,18000.0,0.0
4,66,19000.0,0.0
4,66,20000.0,0.0
4,66,21000.0,0.0
4,66,22000.0,0.0
4,66,23000.0,0.0
4,66,24000.0,0.0
4,66,25000.0,0.0
4,66,26000.0,0.0
4,66,27000.0,0.0
4,66,28000.0,0.0
4,66,29000.0,0.0
4,66,30000.0,0.0
4,66,31000.0,0.0
4,66,32000.0,0.0
4,66,33000.0,0.0
4,66,34000.0,0.0
4,66,35000.0,0.0
4,66,36000.0,0.0
4,66,37000.0,0.0
4,66,38000.0,0.0
4,66,39000.0,0.0
4,66,40000.0,0.0
4,66,41000.0,0.0
4,66,42000.0,0.0
4,66,43000.0,0.0
4,66,44000.0,0.0
4,66,45000.0,0.0
4,66,46000.0,0.0
4,66,47000.0,0.0
4,66,48000.0,0.0
4,66,49000.0,0.0
4,66,50000.0,0.0
4,67,5000.0,0.0
4,67,6000.0,0.0
4,67,7000.0,0.0
4,67,8000.0,0.0
4,67,9000.0,0.0
4,67,10000.0,0.0
4,67,11000.0,0.0
4,67,12000.0,0.0
4,67,13000.0,0.0
4,67,14000.0,0.0
4,67,15000.0,0.0
4,67,16000.0,0.0
4,67,17000.0,0.0
4,67,18000.0,0.0
4,67,19000.0,0.0
4,67,20000.0,0.0
4,67,21000.0,2.0
4,67,22000.0,0.0
4,67,23000.0,0.0
4,67,24000.0,0.0
4,67,25000.0,0.0
4,67,26000.0,0.0
4,67,27000.0,0.0
4,67,28000.0,0.0
4,67,29000.0,0.0
4,67,30000.0,0.0
4,67,31000.0,0.0
4,67,32000.0,0.0
4,67,33000.0,0.0
4,67,34000.0,0.0
4,67,35000.0,0.0
4,67,36000.0,0.0
4,67,37000.0,0.0
4,67,38000.0,0.0
4,67,39000.0,0.0
4,67,40000.0,0.0
4,67,41000.0,0.0
4,67,42000.0,0.0
4,67,43000.0,0.0
4,67,44000.0,0.0
4,67,45000.0,0.0
4,67,46000.0,0.0
4,67,47000.0,0.0
4,67,48000.0,0.0
4,67,49000.0,0.0
4,67,50000.0,0.0
4,68,5000.0,0.0
4,68,6000.0,0.0
4,68,7000.0,0.0
4,68,8000.0,0.0
4,68,9000.0,0.0
4,68,10000.0,0.0
4,68,11000.0,0.0
4,68,12000.0,0.0
4,68,13000.0,0.0
4,68,14000.0,0.0
4,68,15000.0,0.0
4,68,16000.0,0.0
4,68,17000.0,0.0
4,68,18000.0,0.0
4,68,19000.0,0.0
4,68,20000.0,0.0
4,68,21000.0,0.0
4,68,22000.0,0.0
4,68,23000.0,0.0
4,68,24000.0,0.0
4,68,25000.0,0.0
4,68,26000.0,0.0
4,68,27000.0,0.0
4,68,28000.0,0.0
4,68,29000.0,0.0
4,68,30000.0,0.0
4,68,31000.0,0.0
4,68,32000.0,0.0
4,68,33000.0,0.0
4,68,34000.0,0.0
4,68,35000.0,0.0
4,68,36000.0,0.0
4,68,37000.0,0.0
4,68,38000.0,0.0
4,68,39000.0,0.0
4,68,40000.0,0.0
4,68,41000.0,0.0
4,68,42000.0,0.0
4,68,43000.0,0.0
4,68,44000.0,0.0
4,68,45000.0,2.0
4,68,46000.0,2.0
4,68,47000.0,2.0
4,68,48000.0,2.0
4,68,49000.0,2.0
4,68,50000.0,2.0
4,69,5000.0,0.0
4,69,6000.0,0.0
4,69,7000.0,2.0
4,69,8000.0,2.0
4,69,9000.0,2.0
4,69,10000.0,2.0
4,69,11000.0,2.0
4,69,12000.0,0.0
4,69,13000.0,0.0
4,69,14000.0,0.0
4,69,15000.0,0.0
4,69,16000.0,0.0
4,69,17000.0,0.0
4,69,18000.0,0.0
4,69,19000.0,0.0
4,69,20000.0,2.0
4,69,21000.0,2.0
4,69,22000.0,0.0
4,69,23000.0,0.0
4,69,24000.0,0.0
4,69,25000.0,0.0
4,69,26000.0,0.0
4,69,27000.0,0.0
4,69,28000.0,0.0
4,69,29000.0,0.0
4,69,30000.0,0.0
4,69,31000.0,0.0
4,69,32000.0,0.0
4,69,33000.0,0.0
4,69,34000.0,0.0
4,69,35000.0,0.0
4,69,36000.0,0.0
4,69,37000.0,0.0
4,69,38000.0,0.0
4,69,39000.0,0.0
4,69,40000.0,0.0
4,69,41000.0,0.0
4,69,42000.0,0.0
4,69,43000.0,0.0
4,69,44000.0,0.0
4,69,45000.0,0.0
4,69,46000.0,0.0
4,69,47000.0,0.0
4,69,48000.0,0.0
4,69,49000.0,0.0
4,69,50000.0,0.0
4,70,5000.0,0.0
4,70,6000.0,0.0
4,70,7000.0,0.0
4,70,8000.0,0.0
4,70,9000.0,0.0
4,70,10000.0,0.0
4,70,11000.0,0.0
4,70,12000.0,0.0
4,70,13000.0,0.0
4,70,14000.0,0.0
4,70,15000.0,0.0
4,70,16000.0,0.0
4,70,17000.0,0.0
4,70,18000.0,0.0
4,70,19000.0,0.0
4,70,20000.0,0.0
4,70,21000.0,0.0
4,70,22000.0,0.0
4,70,23000.0,0.0
4,70,24000.0,0.0
4,70,25000.0,0.0
4,70,26000.0,0.0
4,70,27000.0,0.0
4,70,28000.0,0.0
4,70,29000.0,0.0
4,70,30000.0,0.0
4,70,31000.0,0.0
4,70,32000.0,0.0
4,70,33000.0,0.0
4,70,34000.0,0.0
4,70,35000.0,0.0
4,70,36000.0,0.0
4,70,37000.0,0.0
4,70,38000.0,0.0
4,70,39000.0,0.0
4,70,40000.0,0.0
4,70,41000.0,0.0
4,70,42000.0,0.0
4,70,43000.0,0.0
4,70,44000.0,0.0
4,70,45000.0,0.0
4,70,46000.0,0.0
4,70,47000.0,0.0
4,70,48000.0,0.0
4,70,49000.0,0.0
4,70,50000.0,0.0
4,71,5000.0,0.0
4,71,6000.0,0.0
4,71,7000.0,0.0
4,71,8000.0,0.0
4,71,9000.0,0.0
4,71,10000.0,0.0
4,71,11000.0,0.0
4,71,12000.0,0.0
4,71,13000.0,0.0
4,71,14000.0,0.0
4,71,15000.0,0.0
4,71,16000.0,0.0
4,71,17000.0,0.0
4,71,18000.0,0.0
4,71,19000.0,0.0
4,71,20000.0,0.0
4,71,21000.0,0.0
4,71,22000.0,0.0
4,71,23000.0,0.0
4,71,24000.0,0.0
4,71,25000.0,0.0
4,71,26000.0,0.0
4,71,27000.0,0.0
4,71,28000.0,0.0
4,71,29000.0,0.0
4,71,30000.0,0.0
4,71,31000.0,0.0
4,71,32000.0,0.0
4,71,33000.0,0.0
4,71,34000.0,0.0
4,71,35000.0,0.0
4,71,36000.0,0.0
4,71,37000.0,0.0
4,71,38000.0,0.0
4,71,39000.0,0.0
4,71,40000.0,0.0
4,71,41000.0,0.0
4,71,42000.0,0.0
4,71,43000.0,0.0
4,71,44000.0,0.0
4,71,45000.0,0.0
4,71,46000.0,0.0
4,71,47000.0,0.0
4,71,48000.0,0.0
4,71,49000.0,0.0
4,71,50000.0,0.0
4,72,5000.0,0.0
4,72,6000.0,0.0
4,72,7000.0,0.0
4,72,8000.0,0.0
4,72,9000.0,0.0
4,72,10000.0,0.0
4,72,11000.0,0.0
4,72,12000.0,0.0
4,72,13000.0,0.0
4,72,14000.0,0.0
4,72,15000.0,0.0
4,72,16000.0,0.0
4,72,17000.0,0.0
4,72,18000.0,0.0
4,72,19000.0,0.0
4,72,20000.0,0.0
4,72,21000.0,0.0
4,72,22000.0,0.0
4,72,23000.0,0.0
4,72,24000.0,0.0
4,72,25000.0,0.0
4,72,26000.0,0.0
4,72,27000.0,0.0
4,72,28000.0,0.0
4,72,29000.0,0.0
4,72,30000.0,0.0
4,72,31000.0,0.0
4,72,32000.0,0.0
4,72,33000.0,0.0
4,72,34000.0,0.0
4,72,35000.0,0.0
4,72,36000.0,0.0
4,72,37000.0,0.0
4,72,38000.0,0.0
4,72,39000.0,0.0
4,72,40000.0,0.0
4,72,41000.0,0.0
4,72,42000.0,0.0
4,72,43000.0,0.0
4,72,44000.0,0.0
4,72,45000.0,0.0
4,72,46000.0,0.0
4,72,47000.0,0.0
4,72,48000.0,0.0
4,72,49000.0,0.0
4,72,50000.0,0.0
4,73,5000.0,0.0
4,73,6000.0,0.0
4,73,7000.0,0.0
4,73,8000.0,0.0
4,73,9000.0,0.0
4,73,10000.0,0.0
4,73,11000.0,0.0
4,73,12000.0,0.0
4,73,13000.0,0.0
4,73,14000.0,0.0
4,73,15000.0,0.0
4,73,16000.0,0.0
4,73,17000.0,0.0
4,73,18000.0,0.0
4,73,19000.0,0.0
4,73,20000.0,0.0
4,73,21000.0,0.0
4,73,22000.0,0.0
4,73,23000.0,0.0
4,73,24000.0,0.0
4,73,25000.0,0.0
4,73,26000.0,0.0
4,73,27000.0,0.0
4,73,28000.0,0.0
4,73,29000.0,0.0
4,73,30000.0,0.0
4,73,31000.0,0.0
4,73,32000.0,0.0
4,73,33000.0,0.0
4,73,34000.0,0.0
4,73,35000.0,0.0
4,73,36000.0,0.0
4,73,37000.0,0.0
4,73,38000.0,0.0
4,73,39000.0,0.0
4,73,40000.0,0.0
4,73,41000.0,0.0
4,73,42000.0,0.0
4,73,43000.0,0.0
4,73,44000.0,0.0
4,73,45000.0,0.0
4,73,46000.0,0.0
4,73,47000.0,0.0
4,73,48000.0,0.0
4,73,49000.0,0.0
4,73,50000.0,0.0
4,74,5000.0,0.0
4,74,6000.0,0.0
4,74,7000.0,0.0
4,74,8000.0,0.0
4,74,9000.0,0.0
4,74,10000.0,0.0
4,74,11000.0,0.0
4,74,12000.0,0.0
4,74,13000.0,0.0
4,74,14000.0,0.0
4,74,15000.0,0.0
4,74,16000.0,0.0
4,74,17000.0,0.0
4,74,18000.0,0.0
4,74,19000.0,0.0
4,74,20000.0,0.0
4,74,21000.0,0.0
4,74,22000.0,0.0
4,74,23000.0,0.0
4,74,24000.0,0.0
4,74,25000.0,0.0
4,74,26000.0,0.0
4,74,27000.0,0.0
4,74,28000.0,0.0
4,74,29000.0,0.0
4,74,30000.0,0.0
4,74,31000.0,0.0
4,74,32000.0,0.0
4,74,33000.0,0.0
4,74,34000.0,0.0
4,74,35000.0,0.0
4,74,36000.0,0.0
4,74,37000.0,0.0
4,74,38000.0,0.0
4,74,39000.0,0.0
4,74,40000.0,0.0
4,74,41000.0,0.0
4,74,42000.0,0.0
4,74,43000.0,0.0
4,74,44000.0,0.0
4,74,45000.0,0.0
4,74,46000.0,0.0
4,74,47000.0,0.0
4,74,48000.0,0.0
4,74,49000.0,0.0
4,74,50000.0,0.0
4,75,5000.0,0.0
4,75,6000.0,0.0
4,75,7000.0,0.0
4,75,8000.0,0.0
4,75,9000.0,0.0
4,75,10000.0,0.0
4,75,11000.0,0.0
4,75,12000.0,0.0
4,75,13000.0,0.0
4,75,14000.0,0.0
4,75,15000.0,0.0
4,75,16000.0,0.0
4,75,17000.0,0.0
4,75,18000.0,0.0
4,75,19000.0,0.0
4,75,20000.0,0.0
4,75,21000.0,0.0
4,75,22000.0,0.0
4,75,23000.0,0.0
4,75,24000.0,0.0
4,75,25000.0,0.0
4,75,26000.0,0.0
4,75,27000.0,0.0
4,75,28000.0,0.0
4,75,29000.0,0.0
4,75,30000.0,0.0
4,75,31000.0,0.0
4,75,32000.0,0.0
4,75,33000.0,0.0
4,75,34000.0,0.0
4,75,35000.0,0.0
4,75,36000.0,0.0
4,75,37000.0,0.0
4,75,38000.0,0.0
4,75,39000.0,0.0
4,75,40000.0,0.0
4,75,41000.0,0.0
4,75,42000.0,0.0
4,75,43000.0,0.0
4,75,44000.0,0.0
4,75,45000.0,0.0
4,75,46000.0,0.0
4,75,47000.0,0.0
4,75,48000.0,0.0
4,75,49000.0,0.0
4,75,50000.0,0.0
4,76,5000.0,0.0
4,76,6000.0,0.0
4,76,7000.0,0.0
4,76,8000.0,0.0
4,76,9000.0,0.0
4,76,10000.0,0.0
4,76,11000.0,0.0
4,76,12000.0,0.0
4,76,13000.0,0.0
4,76,14000.0,0.0
4,76,15000.0,0.0
4,76,16000.0,0.0
4,76,17000.0,0.0
4,76,18000.0,0.0
4,76,19000.0,0.0
4,76,20000.0,0.0
4,76,21000.0,0.0
4,76,22000.0,0.0
4,76,23000.0,0.0
4,76,24000.0,0.0
4,76,25000.0,0.0
4,76,26000.0,0.0
4,76,27000.0,0.0
4,76,28000.0,0.0
4,76,29000.0,0.0
4,76,30000.0,0.0
4,76,31000.0,0.0
4,76,32000.0,0.0
4,76,33000.0,0.0
4,76,34000.0,0.0
4,76,35000.0,0.0
4,76,36000.0,0.0
4,76,37000.0,0.0
4,76,38000.0,0.0
4,76,39000.0,0.0
4,76,40000.0,0.0
4,76,41000.0,0.0
4,76,42000.0,0.0
4,76,43000.0,0.0
4,76,44000.0,0.0
4,76,45000.0,0.0
4,76,46000.0,0.0
4,76,47000.0,0.0
4,76,48000.0,0.0
4,76,49000.0,0.0
4,76,50000.0,0.0
4,77,5000.0,0.0
4,77,6000.0,0.0
4,77,7000.0,0.0
4,77,8000.0,0.0
4,77,9000.0,0.0
4,77,10000.0,0.0
4,77,11000.0,0.0
4,77,12000.0,0.0
4,77,13000.0,0.0
4,77,14000.0,0.0
4,77,15000.0,0.0
4,77,16000.0,0.0
4,77,17000.0,0.0
4,77,18000.0,0.0
4,77,19000.0,0.0
4,77,20000.0,0.0
4,77,21000.0,0.0
4,77,22000.0,0.0
4,77,23000.0,0.0
4,77,24000.0,0.0
4,77,25000.0,0.0
4,77,26000.0,0.0
4,77,27000.0,0.0
4,77,28000.0,0.0
4,77,29000.0,0.0
4,77,30000.0,0.0
4,77,31000.0,0.0
4,77,32000.0,0.0
4,77,33000.0,0.0
4,77,34000.0,0.0
4,77,35000.0,0.0
4,77,36000.0,0.0
4,77,37000.0,0.0
4,77,38000.0,0.0
4,77,39000.0,0.0
4,77,40000.0,0.0
4,77,41000.0,0.0
4,77,42000.0,0.0
4,77,43000.0,0.0
4,77,44000.0,0.0
4,77,45000.0,0.0
4,77,46000.0,0.0
4,77,47000.0,0.0
4,77,48000.0,0.0
4,77,49000.0,0.0
4,77,50000.0,0.0
4,78,5000.0,0.0
4,78,6000.0,0.0
4,78,7000.0,0.0
4,78,8000.0,0.0
4,78,9000.0,0.0
4,78,10000.0,0.0
4,78,11000.0,0.0
4,78,12000.0,0.0
4,78,13000.0,0.0
4,78,14000.0,0.0
4,78,15000.0,0.0
4,78,16000.0,0.0
4,78,17000.0,0.0
4,78,18000.0,0.0
4,78,19000.0,0.0
4,78,20000.0,0.0
4,78,21000.0,0.0
4,78,22000.0,0.0
4,78,23000.0,0.0
4,78,24000.0,0.0
4,78,25000.0,0.0
4,78,26000.0,0.0
4,78,27000.0,0.0
4,78,28000.0,0.0
4,78,29000.0,0.0
4,78,30000.0,0.0
4,78,31000.0,0.0
4,78,32000.0,0.0
4,78,33000.0,0.0
4,78,34000.0,0.0
4,78,35000.0,0.0
4,78,36000.0,0.0
4,78,37000.0,0.0
4,78,38000.0,0.0
4,78,39000.0,0.0
4,78,40000.0,0.0
4,78,41000.0,0.0
4,78,42000.0,0.0
4,78,43000.0,0.0
4,78,44000.0,0.0
4,78,45000.0,0.0
4,78,46000.0,0.0
4,78,47000.0,0.0
4,78,48000.0,0.0
4,78,49000.0,0.0
4,78,50000.0,0.0
4,79,5000.0,0.0
4,79,6000.0,0.0
4,79,7000.0,0.0
4,79,8000.0,0.0
4,79,9000.0,0.0
4,79,10000.0,0.0
4,79,11000.0,0.0
4,79,12000.0,0.0
4,79,13000.0,0.0
4,79,14000.0,0.0
4,79,15000.0,0.0
4,79,16000.0,0.0
4,79,17000.0,0.0
4,79,18000.0,0.0
4,79,19000.0,0.0
4,79,20000.0,0.0
4,79,21000.0,0.0
4,79,22000.0,0.0
4,79,23000.0,0.0
4,79,24000.0,0.0
4,79,25000.0,0.0
4,79,26000.0,0.0
4,79,27000.0,0.0
4,79,28000.0,0.0
4,79,29000.0,0.0
4,79,30000.0,0.0
4,79,31000.0,0.0
4,79,32000.0,0.0
4,79,33000.0,0.0
4,79,34000.0,0.0
4,79,35000.0,0.0
4,79,36000.0,0.0
4,79,37000.0,0.0
4,79,38000.0,0.0
4,79,39000.0,0.0
4,79,40000.0,0.0
4,79,41000.0,0.0
4,79,42000.0,0.0
4,79,43000.0,0.0
4,79,44000.0,0.0
4,79,45000.0,0.0
4,79,46000.0,0.0
4,79,47000.0,0.0
4,79,48000.0,0.0
4,79,49000.0,0.0
4,79,50000.0,0.0
4,80,5000.0,0.0
4,80,6000.0,0.0
4,80,7000.0,0.0
4,80,8000.0,0.0
4,80,9000.0,0.0
4,80,10000.0,0.0
4,80,11000.0,0.0
4,80,12000.0,0.0
4,80,13000.0,0.0
4,80,14000.0,0.0
4,80,15000.0,0.0
4,80,16000.0,0.0
4,80,17000.0,0.0
4,80,18000.0,0.0
4,80,19000.0,0.0
4,80,20000.0,0.0
4,80,21000.0,0.0
4,80,22000.0,0.0
4,80,23000.0,0.0
4,80,24000.0,0.0
4,80,25000.0,0.0
4,80,26000.0,0.0
4,80,27000.0,0.0
4,80,28000.0,0.0
4,80,29000.0,0.0
4,80,30000.0,0.0
4,80,31000.0,0.0
4,80,32000.0,0.0
4,80,33000.0,0.0
4,80,34000.0,0.0
4,80,35000.0,0.0
4,80,36000.0,0.0
4,80,37000.0,0.0
4,80,38000.0,0.0
4,80,39000.0,0.0
4,80,40000.0,0.0
4,80,41000.0,0.0
4,80,42000.0,0.0
4,80,43000.0,0.0
4,80,44000.0,0.0
4,80,45000.0,0.0
4,80,46000.0,0.0
4,80,47000.0,0.0
4,80,48000.0,0.0
4,80,49000.0,0.0
4,80,50000.0,0.0
4,81,5000.0,0.0
4,81,6000.0,0.0
4,81,7000.0,0.0
4,81,8000.0,0.0
4,81,9000.0,0.0
4,81,10000.0,0.0
4,81,11000.0,0.0
4,81,12000.0,0.0
4,81,13000.0,0.0
4,81,14000.0,2.0
4,81,15000.0,2.0
4,81,16000.0,2.0
4,81,17000.0,2.0
4,81,18000.0,2.0
4,81,19000.0,2.0
4,81,20000.0,2.0
4,81,21000.0,2.0
4,81,22000.0,0.0
4,81,23000.0,0.0
4,81,24000.0,0.0
4,81,25000.0,0.0
4,81,26000.0,0.0
4,81,27000.0,0.0
4,81,28000.0,0.0
4,81,29000.0,0.0
4,81,30000.0,0.0
4,81,31000.0,0.0
4,81,32000.0,0.0
4,81,33000.0,0.0
4,81,34000.0,0.0
4,81,35000.0,0.0
4,81,36000.0,0.0
4,81,37000.0,0.0
4,81,38000.0,0.0
4,81,39000.0,0.0
4,81,40000.0,0.0
4,81,41000.0,0.0
4,81,42000.0,0.0
4,81,43000.0,0.0
4,81,44000.0,0.0
4,81,45000.0,0.0
4,81,46000.0,0.0
4,81,47000.0,0.0
4,81,48000.0,0.0
4,81,49000.0,0.0
4,81,50000.0,0.0
4,82,5000.0,0.0
4,82,6000.0,0.0
4,82,7000.0,0.0
4,82,8000.0,0.0
4,82,9000.0,0.0
4,82,10000.0,0.0
4,82,11000.0,0.0
4,82,12000.0,0.0
4,82,13000.0,0.0
4,82,14000.0,0.0
4,82,15000.0,0.0
4,82,16000.0,0.0
4,82,17000.0,0.0
4,82,18000.0,0.0
4,82,19000.0,0.0
4,82,20000.0,0.0
4,82,21000.0,0.0
4,82,22000.0,0.0
4,82,23000.0,0.0
4,82,24000.0,0.0
4,82,25000.0,0.0
4,82,26000.0,0.0
4,82,27000.0,0.0
4,82,28000.0,0.0
4,82,29000.0,0.0
4,82,30000.0,0.0
4,82,31000.0,0.0
4,82,32000.0,0.0
4,82,33000.0,0.0
4,82,34000.0,0.0
4,82,35000.0,0.0
4,82,36000.0,0.0
4,82,37000.0,0.0
4,82,38000.0,0.0
4,82,39000.0,0.0
4,82,40000.0,0.0
4,82,41000.0,0.0
4,82,42000.0,0.0
4,82,43000.0,0.0
4,82,44000.0,0.0
4,82,45000.0,0.0
4,82,46000.0,0.0
4,82,47000.0,0.0
4,82,48000.0,0.0
4,82,49000.0,0.0
4,82,50000.0,0.0
4,83,5000.0,0.0
4,83,6000.0,0.0
4,83,7000.0,0.0
4,83,8000.0,0.0
4,83,9000.0,0.0
4,83,10000.0,0.0
4,83,11000.0,0.0
4,83,12000.0,0.0
4,83,13000.0,0.0
4,83,14000.0,0.0
4,83,15000.0,0.0
4,83,16000.0,0.0
4,83,17000.0,0.0
4,83,18000.0,0.0
4,83,19000.0,0.0
4,83,20000.0,0.0
4,83,21000.0,0.0
4,83,22000.0,0.0
4,83,23000.0,0.0
4,83,24000.0,0.0
4,83,25000.0,0.0
4,83,26000.0,0.0
4,83,27000.0,0.0
4,83,28000.0,0.0
4,83,29000.0,0.0
4,83,30000.0,0.0
4,83,31000.0,0.0
4,83,32000.0,0.0
4,83,33000.0,0.0
4,83,34000.0,0.0
4,83,35000.0,0.0
4,83,36000.0,0.0
4,83,37000.0,0.0
4,83,38000.0,0.0
4,83,39000.0,0.0
4,83,40000.0,0.0
4,83,41000.0,0.0
4,83,42000.0,0.0
4,83,43000.0,0.0
4,83,44000.0,0.0
4,83,45000.0,0.0
4,83,46000.0,0.0
4,83,47000.0,0.0
4,83,48000.0,0.0
4,83,49000.0,0.0
4,83,50000.0,0.0
4,84,5000.0,0.0
4,84,6000.0,0.0
4,84,7000.0,0.0
4,84,8000.0,0.0
4,84,9000.0,0.0
4,84,10000.0,0.0
4,84,11000.0,0.0
4,84,12000.0,0.0
4,84,13000.0,0.0
4,84,14000.0,0.0
4,84,15000.0,0.0
4,84,16000.0,0.0
4,84,17000.0,0.0
4,84,18000.0,0.0
4,84,19000.0,0.0
4,84,20000.0,0.0
4,84,21000.0,0.0
4,84,22000.0,0.0
4,84,23000.0,0.0
4,84,24000.0,0.0
4,84,25000.0,0.0
4,84,26000.0,0.0
4,84,27000.0,0.0
4,84,28000.0,0.0
4,84,29000.0,0.0
4,84,30000.0,0.0
4,84,31000.0,0.0
4,84,32000.0,0.0
4,84,33000.0,0.0
4,84,34000.0,0.0
4,84,35000.0,0.0
4,84,36000.0,0.0
4,84,37000.0,0.0
4,84,38000.0,0.0
4,84,39000.0,0.0
4,84,40000.0,0.0
4,84,41000.0,0.0
4,84,42000.0,0.0
4,84,43000.0,0.0
4,84,44000.0,0.0
4,84,45000.0,0.0
4,84,46000.0,0.0
4,84,47000.0,0.0
4,84,48000.0,0.0
4,84,49000.0,0.0
4,84,50000.0,0.0
4,85,5000.0,0.0
4,85,6000.0,0.0
4,85,7000.0,0.0
4,85,8000.0,0.0
4,85,9000.0,0.0
4,85,10000.0,0.0
4,85,11000.0,0.0
4,85,12000.0,0.0
4,85,13000.0,0.0
4,85,14000.0,0.0
4,85,15000.0,0.0
4,85,16000.0,0.0
4,85,17000.0,0.0
4,85,18000.0,0.0
4,85,19000.0,0.0
4,85,20000.0,0.0
4,85,21000.0,0.0
4,85,22000.0,0.0
4,85,23000.0,0.0
4,85,24000.0,0.0
4,85,25000.0,0.0
4,85,26000.0,0.0
4,85,27000.0,0.0
4,85,28000.0,0.0
4,85,29000.0,0.0
4,85,30000.0,0.0
4,85,31000.0,0.0
4,85,32000.0,0.0
4,85,33000.0,0.0
4,85,34000.0,0.0
4,85,35000.0,0.0
4,85,36000.0,0.0
4,85,37000.0,0.0
4,85,38000.0,0.0
4,85,39000.0,0.0
4,85,40000.0,0.0
4,85,41000.0,0.0
4,85,42000.0,0.0
4,85,43000.0,0.0
4,85,44000.0,0.0
4,85,45000.0,0.0
4,85,46000.0,0.0
4,85,47000.0,0.0
4,85,48000.0,0.0
4,85,49000.0,0.0
4,85,50000.0,0.0
4,86,5000.0,0.0
4,86,6000.0,0.0
4,86,7000.0,0.0
4,86,8000.0,0.0
4,86,9000.0,0.0
4,86,10000.0,0.0
4,86,11000.0,0.0
4,86,12000.0,0.0
4,86,13000.0,0.0
4,86,14000.0,0.0
4,86,15000.0,0.0
4,86,16000.0,0.0
4,86,17000.0,0.0
4,86,18000.0,0.0
4,86,19000.0,0.0
4,86,20000.0,0.0
4,86,21000.0,0.0
4,86,22000.0,0.0
4,86,23000.0,0.0
4,86,24000.0,0.0
4,86,25000.0,0.0
4,86,26000.0,0.0
4,86,27000.0,0.0
4,86,28000.0,0.0
4,86,29000.0,0.0
4,86,30000.0,0.0
4,86,31000.0,0.0
4,86,32000.0,0.0
4,86,33000.0,0.0
4,86,34000.0,0.0
4,86,35000.0,0.0
4,86,36000.0,0.0
4,86,37000.0,0.0
4,86,38000.0,0.0
4,86,39000.0,0.0
4,86,40000.0,0.0
4,86,41000.0,0.0
4,86,42000.0,0.0
4,86,43000.0,0.0
4,86,44000.0,0.0
4,86,45000.0,0.0
4,86,46000.0,0.0
4,86,47000.0,0.0
4,86,48000.0,0.0
4,86,49000.0,0.0
4,86,50000.0,0.0
4,87,5000.0,0.0
4,87,6000.0,0.0
4,87,7000.0,0.0
4,87,8000.0,0.0
4,87,9000.0,0.0
4,87,10000.0,0.0
4,87,11000.0,0.0
4,87,12000.0,0.0
4,87,13000.0,0.0
4,87,14000.0,0.0
4,87,15000.0,0.0
4,87,16000.0,0.0
4,87,17000.0,0.0
4,87,18000.0,0.0
4,87,19000.0,0.0
4,87,20000.0,0.0
4,87,21000.0,0.0
4,87,22000.0,0.0
4,87,23000.0,0.0
4,87,24000.0,0.0
4,87,25000.0,0.0
4,87,26000.0,0.0
4,87,27000.0,0.0
4,87,28000.0,0.0
4,87,29000.0,0.0
4,87,30000.0,0.0
4,87,31000.0,0.0
4,87,32000.0,0.0
4,87,33000.0,0.0
4,87,34000.0,0.0
4,87,35000.0,0.0
4,87,36000.0,0.0
4,87,37000.0,0.0
4,87,38000.0,0.0
4,87,39000.0,0.0
4,87,40000.0,0.0
4,87,41000.0,0.0
4,87,42000.0,0.0
4,87,43000.0,0.0
4,87,44000.0,0.0
4,87,45000.0,0.0
4,87,46000.0,0.0
4,87,47000.0,0.0
4,87,48000.0,0.0
4,87,49000.0,0.0
4,87,50000.0,0.0
4,88,5000.0,0.0
4,88,6000.0,0.0
4,88,7000.0,0.0
4,88,8000.0,0.0
4,88,9000.0,0.0
4,88,10000.0,0.0
4,88,11000.0,0.0
4,88,12000.0,0.0
4,88,13000.0,0.0
4,88,14000.0,0.0
4,88,15000.0,0.0
4,88,16000.0,0.0
4,88,17000.0,0.0
4,88,18000.0,0.0
4,88,19000.0,0.0
4,88,20000.0,0.0
4,88,21000.0,0.0
4,88,22000.0,0.0
4,88,23000.0,0.0
4,88,24000.0,0.0
4,88,25000.0,0.0
4,88,26000.0,0.0
4,88,27000.0,0.0
4,88,28000.0,0.0
4,88,29000.0,0.0
4,88,30000.0,0.0
4,88,31000.0,0.0
4,88,32000.0,0.0
4,88,33000.0,0.0
4,88,34000.0,0.0
4,88,35000.0,0.0
4,88,36000.0,0.0
4,88,37000.0,0.0
4,88,38000.0,0.0
4,88,39000.0,0.0
4,88,40000.0,0.0
4,88,41000.0,0.0
4,88,42000.0,0.0
4,88,43000.0,0.0
4,88,44000.0,0.0
4,88,45000.0,0.0
4,88,46000.0,0.0
4,88,47000.0,0.0
4,88,48000.0,0.0
4,88,49000.0,0.0
4,88,50000.0,0.0
4,89,5000.0,0.0
4,89,6000.0,0.0
4,89,7000.0,0.0
4,89,8000.0,0.0
4,89,9000.0,0.0
4,89,10000.0,0.0
4,89,11000.0,0.0
4,89,12000.0,0.0
4,89,13000.0,0.0
4,89,14000.0,0.0
4,89,15000.0,0.0
4,89,16000.0,0.0
4,89,17000.0,0.0
4,89,18000.0,0.0
4,89,19000.0,0.0
4,89,20000.0,0.0
4,89,21000.0,0.0
4,89,22000.0,0.0
4,89,23000.0,0.0
4,89,24000.0,0.0
4,89,25000.0,0.0
4,89,26000.0,0.0
4,89,27000.0,0.0
4,89,28000.0,0.0
4,89,29000.0,0.0
4,89,30000.0,0.0
4,89,31000.0,0.0
4,89,32000.0,0.0
4,89,33000.0,0.0
4,89,34000.0,0.0
4,89,35000.0,0.0
4,89,36000.0,0.0
4,89,37000.0,0.0
4,89,38000.0,0.0
4,89,39000.0,0.0
4,89,40000.0,0.0
4,89,41000.0,0.0
4,89,42000.0,0.0
4,89,43000.0,0.0
4,89,44000.0,0.0
4,89,45000.0,0.0
4,89,46000.0,2.0
4,89,47000.0,2.0
4,89,48000.0,2.0
4,89,49000.0,2.0
4,89,50000.0,2.0
4,90,5000.0,0.0
4,90,6000.0,0.0
4,90,7000.0,0.0
4,90,8000.0,0.0
4,90,9000.0,0.0
4,90,10000.0,0.0
4,90,11000.0,0.0
4,90,12000.0,0.0
4,90,13000.0,0.0
4,90,14000.0,0.0
4,90,15000.0,0.0
4,90,16000.0,0.0
4,90,17000.0,0.0
4,90,18000.0,0.0
4,90,19000.0,0.0
4,90,20000.0,0.0
4,90,21000.0,0.0
4,90,22000.0,0.0
4,90,23000.0,0.0
4,90,24000.0,0.0
4,90,25000.0,0.0
4,90,26000.0,0.0
4,90,27000.0,0.0
4,90,28000.0,0.0
4,90,29000.0,0.0
4,90,30000.0,0.0
4,90,31000.0,0.0
4,90,32000.0,0.0
4,90,33000.0,0.0
4,90,34000.0,0.0
4,90,35000.0,0.0
4,90,36000.0,0.0
4,90,37000.0,0.0
4,90,38000.0,0.0
4,90,39000.0,0.0
4,90,40000.0,0.0
4,90,41000.0,0.0
4,90,42000.0,0.0
4,90,43000.0,0.0
4,90,44000.0,0.0
4,90,45000.0,0.0
4,90,46000.0,0.0
4,90,47000.0,0.0
4,90,48000.0,0.0
4,90,49000.0,0.0
4,90,50000.0,0.0
4,91,5000.0,2.0
4,91,6000.0,2.0
4,91,7000.0,2.0
4,91,8000.0,2.0
4,91,9000.0,2.0
4,91,10000.0,2.0
4,91,11000.0,2.0
4,91,12000.0,0.0
4,91,13000.0,0.0
4,91,14000.0,0.0
4,91,15000.0,0.0
4,91,16000.0,0.0
4,91,17000.0,0.0
4,91,18000.0,0.0
4,91,19000.0,0.0
4,91,20000.0,0.0
4,91,21000.0,0.0
4,91,22000.0,0.0
4,91,23000.0,0.0
4,91,24000.0,0.0
4,91,25000.0,0.0
4,91,26000.0,0.0
4,91,27000.0,0.0
4,91,28000.0,0.0
4,91,29000.0,0.0
4,91,30000.0,0.0
4,91,31000.0,0.0
4,91,32000.0,0.0
4,91,33000.0,0.0
4,91,34000.0,0.0
4,91,35000.0,0.0
4,91,36000.0,0.0
4,91,37000.0,0.0
4,91,38000.0,0.0
4,91,39000.0,0.0
4,91,40000.0,0.0
4,91,41000.0,0.0
4,91,42000.0,0.0
4,91,43000.0,0.0
4,91,44000.0,0.0
4,91,45000.0,0.0
4,91,46000.0,0.0
4,91,47000.0,0.0
4,91,48000.0,0.0
4,91,49000.0,0.0
4,91,50000.0,0.0
4,92,5000.0,0.0
4,92,6000.0,0.0
4,92,7000.0,0.0
4,92,8000.0,0.0
4,92,9000.0,0.0
4,92,10000.0,0.0
4,92,11000.0,0.0
4,92,12000.0,0.0
4,92,13000.0,0.0
4,92,14000.0,0.0
4,92,15000.0,0.0
4,92,16000.0,0.0
4,92,17000.0,0.0
4,92,18000.0,0.0
4,92,19000.0,0.0
4,92,20000.0,0.0
4,92,21000.0,0.0
4,92,22000.0,0.0
4,92,23000.0,0.0
4,92,24000.0,0.0
4,92,25000.0,0.0
4,92,26000.0,0.0
4,92,27000.0,0.0
4,92,28000.0,0.0
4,92,29000.0,0.0
4,92,30000.0,0.0
4,92,31000.0,0.0
4,92,32000.0,0.0
4,92,33000.0,0.0
4,92,34000.0,0.0
4,92,35000.0,0.0
4,92,36000.0,0.0
4,92,37000.0,0.0
4,92,38000.0,0.0
4,92,39000.0,0.0
4,92,40000.0,0.0
4,92,41000.0,0.0
4,92,42000.0,0.0
4,92,43000.0,0.0
4,92,44000.0,0.0
4,92,45000.0,0.0
4,92,46000.0,0.0
4,92,47000.0,0.0
4,92,48000.0,0.0
4,92,49000.0,0.0
4,92,50000.0,0.0
4,93,5000.0,2.0
4,93,6000.0,2.0
4,93,7000.0,2.0
4,93,8000.0,2.0
4,93,9000.0,2.0
4,93,10000.0,2.0
4,93,11000.0,2.0
4,93,12000.0,0.0
4,93,13000.0,0.0
4,93,14000.0,0.0
4,93,15000.0,0.0
4,93,16000.0,0.0
4,93,17000.0,0.0
4,93,18000.0,0.0
4,93,19000.0,0.0
4,93,20000.0,0.0
4,93,21000.0,0.0
4,93,22000.0,0.0
4,93,23000.0,0.0
4,93,24000.0,0.0
4,93,25000.0,0.0
4,93,26000.0,0.0
4,93,27000.0,0.0
4,93,28000.0,0.0
4,93,29000.0,0.0
4,93,30000.0,0.0
4,93,31000.0,0.0
4,93,32000.0,0.0
4,93,33000.0,0.0
4,93,34000.0,0.0
4,93,35000.0,0.0
4,93,36000.0,0.0
4,93,37000.0,0.0
4,93,38000.0,0.0
4,93,39000.0,0.0
4,93,40000.0,0.0
4,93,41000.0,0.0
4,93,42000.0,0.0
4,93,43000.0,0.0
4,93,44000.0,0.0
4,93,45000.0,0.0
4,93,46000.0,0.0
4,93,47000.0,0.0
4,93,48000.0,0.0
4,93,49000.0,0.0
4,93,50000.0,0.0
4,94,5000.0,0.0
4,94,6000.0,0.0
4,94,7000.0,0.0
4,94,8000.0,0.0
4,94,9000.0,0.0
4,94,10000.0,0.0
4,94,11000.0,0.0
4,94,12000.0,0.0
4,94,13000.0,0.0
4,94,14000.0,0.0
4,94,15000.0,0.0
4,94,16000.0,0.0
4,94,17000.0,0.0
4,94,18000.0,0.0
4,94,19000.0,0.0
4,94,20000.0,0.0
4,94,21000.0,0.0
4,94,22000.0,0.0
4,94,23000.0,0.0
4,94,24000.0,0.0
4,94,25000.0,0.0
4,94,26000.0,0.0
4,94,27000.0,0.0
4,94,28000.0,0.0
4,94,29000.0,0.0
4,94,30000.0,0.0
4,94,31000.0,0.0
4,94,32000.0,0.0
4,94,33000.0,0.0
4,94,34000.0,0.0
4,94,35000.0,0.0
4,94,36000.0,0.0
4,94,37000.0,0.0
4,94,38000.0,0.0
4,94,39000.0,0.0
4,94,40000.0,0.0
4,94,41000.0,0.0
4,94,42000.0,0.0
4,94,43000.0,0.0
4,94,44000.0,0.0
4,94,45000.0,0.0
4,94,46000.0,0.0
4,94,47000.0,0.0
4,94,48000.0,0.0
4,94,49000.0,0.0
4,94,50000.0,0.0
4,95,5000.0,0.0
4,95,6000.0,0.0
4,95,7000.0,0.0
4,95,8000.0,0.0
4,95,9000.0,0.0
4,95,10000.0,0.0
4,95,11000.0,0.0
4,95,12000.0,0.0
4,95,13000.0,0.0
4,95,14000.0,0.0
4,95,15000.0,0.0
4,95,16000.0,0.0
4,95,17000.0,0.0
4,95,18000.0,0.0
4,95,19000.0,0.0
4,95,20000.0,0.0
4,95,21000.0,0.0
4,95,22000.0,0.0
4,95,23000.0,0.0
4,95,24000.0,0.0
4,95,25000.0,0.0
4,95,26000.0,0.0
4,95,27000.0,0.0
4,95,28000.0,0.0
4,95,29000.0,0.0
4,95,30000.0,0.0
4,95,31000.0,0.0
4,95,32000.0,0.0
4,95,33000.0,0.0
4,95,34000.0,0.0
4,95,35000.0,0.0
4,95,36000.0,0.0
4,95,37000.0,0.0
4,95,38000.0,0.0
4,95,39000.0,0.0
4,95,40000.0,0.0
4,95,41000.0,0.0
4,95,42000.0,0.0
4,95,43000.0,0.0
4,95,44000.0,0.0
4,95,45000.0,0.0
4,95,46000.0,0.0
4,95,47000.0,0.0
4,95,48000.0,0.0
4,95,49000.0,0.0
4,95,50000.0,0.0
4,96,5000.0,0.0
4,96,6000.0,0.0
4,96,7000.0,0.0
4,96,8000.0,0.0
4,96,9000.0,0.0
4,96,10000.0,0.0
4,96,11000.0,0.0
4,96,12000.0,0.0
4,96,13000.0,0.0
4,96,14000.0,0.0
4,96,15000.0,0.0
4,96,16000.0,0.0
4,96,17000.0,0.0
4,96,18000.0,0.0
4,96,19000.0,0.0
4,96,20000.0,0.0
4,96,21000.0,0.0
4,96,22000.0,0.0
4,96,23000.0,0.0
4,96,24000.0,0.0
4,96,25000.0,0.0
4,96,26000.0,0.0
4,96,27000.0,0.0
4,96,28000.0,0.0
4,96,29000.0,0.0
4,96,30000.0,0.0
4,96,31000.0,0.0
4,96,32000.0,0.0
4,96,33000.0,0.0
4,96,34000.0,0.0
4,96,35000.0,0.0
4,96,36000.0,0.0
4,96,37000.0,0.0
4,96,38000.0,0.0
4,96,39000.0,0.0
4,96,40000.0,0.0
4,96,41000.0,0.0
4,96,42000.0,0.0
4,96,43000.0,0.0
4,96,44000.0,0.0
4,96,45000.0,0.0
4,96,46000.0,0.0
4,96,47000.0,0.0
4,96,48000.0,0.0
4,96,49000.0,0.0
4,96,50000.0,0.0
4,97,5000.0,0.0
4,97,6000.0,0.0
4,97,7000.0,0.0
4,97,8000.0,0.0
4,97,9000.0,0.0
4,97,10000.0,0.0
4,97,11000.0,0.0
4,97,12000.0,0.0
4,97,13000.0,0.0
4,97,14000.0,0.0
4,97,15000.0,0.0
4,97,16000.0,0.0
4,97,17000.0,0.0
4,97,18000.0,0.0
4,97,19000.0,0.0
4,97,20000.0,0.0
4,97,21000.0,0.0
4,97,22000.0,0.0
4,97,23000.0,0.0
4,97,24000.0,0.0
4,97,25000.0,0.0
4,97,26000.0,0.0
4,97,27000.0,0.0
4,97,28000.0,0.0
4,97,29000.0,0.0
4,97,30000.0,0.0
4,97,31000.0,0.0
4,97,32000.0,0.0
4,97,33000.0,0.0
4,97,34000.0,0.0
4,97,35000.0,0.0
4,97,36000.0,0.0
4,97,37000.0,0.0
4,97,38000.0,0.0
4,97,39000.0,0.0
4,97,40000.0,0.0
4,97,41000.0,0.0
4,97,42000.0,0.0
4,97,43000.0,0.0
4,97,44000.0,0.0
4,97,45000.0,0.0
4,97,46000.0,0.0
4,97,47000.0,0.0
4,97,48000.0,0.0
4,97,49000.0,0.0
4,97,50000.0,0.0
4,98,5000.0,0.0
4,98,6000.0,0.0
4,98,7000.0,0.0
4,98,8000.0,0.0
4,98,9000.0,0.0
4,98,10000.0,0.0
4,98,11000.0,0.0
4,98,12000.0,0.0
4,98,13000.0,0.0
4,98,14000.0,0.0
4,98,15000.0,0.0
4,98,16000.0,0.0
4,98,17000.0,0.0
4,98,18000.0,0.0
4,98,19000.0,0.0
4,98,20000.0,0.0
4,98,21000.0,0.0
4,98,22000.0,0.0
4,98,23000.0,0.0
4,98,24000.0,0.0
4,98,25000.0,0.0
4,98,26000.0,0.0
4,98,27000.0,0.0
4,98,28000.0,0.0
4,98,29000.0,0.0
4,98,30000.0,0.0
4,98,31000.0,0.0
4,98,32000.0,0.0
4,98,33000.0,0.0
4,98,34000.0,0.0
4,98,35000.0,0.0
4,98,36000.0,0.0
4,98,37000.0,0.0
4,98,38000.0,0.0
4,98,39000.0,0.0
4,98,40000.0,0.0
4,98,41000.0,0.0
4,98,42000.0,0.0
4,98,43000.0,0.0
4,98,44000.0,0.0
4,98,45000.0,0.0
4,98,46000.0,0.0
4,98,47000.0,0.0
4,98,48000.0,0.0
4,98,49000.0,0.0
4,98,50000.0,0.0
4,99,5000.0,0.0
4,99,6000.0,0.0
4,99,7000.0,0.0
4,99,8000.0,0.0
4,99,9000.0,0.0
4,99,10000.0,0.0
4,99,11000.0,0.0
4,99,12000.0,0.0
4,99,13000.0,0.0
4,99,14000.0,0.0
4,99,15000.0,0.0
4,99,16000.0,0.0
4,99,17000.0,0.0
4,99,18000.0,0.0
4,99,19000.0,0.0
4,99,20000.0,0.0
4,99,21000.0,0.0
4,99,22000.0,0.0
4,99,23000.0,0.0
4,99,24000.0,0.0
4,99,25000.0,0.0
4,99,26000.0,0.0
4,99,27000.0,0.0
4,99,28000.0,0.0
4,99,29000.0,0.0
4,99,30000.0,0.0
4,99,31000.0,0.0
4,99,32000.0,0.0
4,99,33000.0,0.0
4,99,34000.0,0.0
4,99,35000.0,0.0
4,99,36000.0,0.0
4,99,37000.0,0.0
4,99,38000.0,0.0
4,99,39000.0,0.0
4,99,40000.0,0.0
4,99,41000.0,0.0
4,99,42000.0,0.0
4,99,43000.0,0.0
4,99,44000.0,0.0
4,99,45000.0,0.0
4,99,46000.0,0.0
4,99,47000.0,0.0
4,99,48000.0,0.0
4,99,49000.0,0.0
4,99,50000.0,0.0
