run,type,module,name,attrname,attrvalue,vectime,vecvalue
General-0-20251226-14:50:24-93475,runattr,,,configname,General,,
General-0-20251226-14:50:24-93475,runattr,,,datetime,20251226-14:50:24,,
General-0-20251226-14:50:24-93475,runattr,,,datetimef,20251226-145024,,
General-0-20251226-14:50:24-93475,runattr,,,experiment,General,,
General-0-20251226-14:50:24-93475,runattr,,,inifile,omnetpp.ini,,
General-0-20251226-14:50:24-93475,runattr,,,iterationvars,,,
General-0-20251226-14:50:24-93475,runattr,,,iterationvarsd,,,
General-0-20251226-14:50:24-93475,runattr,,,iterationvarsf,,,
General-0-20251226-14:50:24-93475,runattr,,,measurement,,,
General-0-20251226-14:50:24-93475,runattr,,,network,src.AdhocNetwork1,,
General-0-20251226-14:50:24-93475,runattr,,,processid,93475,,
General-0-20251226-14:50:24-93475,runattr,,,repetition,0,,
General-0-20251226-14:50:24-93475,runattr,,,replication,#0,,
General-0-20251226-14:50:24-93475,runattr,,,resultdir,results,,
General-0-20251226-14:50:24-93475,runattr,,,runnumber,0,,
General-0-20251226-14:50:24-93475,runattr,,,seedset,0,,
General-0-20251226-14:50:24-93475,config,,,image-path,../../../inet4.5/images,,
General-0-20251226-14:50:24-93475,config,,,repeat,5,,
General-0-20251226-14:50:24-93475,config,,,network,src.AdhocNetwork1,,
General-0-20251226-14:50:24-93475,config,,,sim-time-limit,50s,,
General-0-20251226-14:50:24-93475,config,,,*.host[*].ipv4.arp.typename,GlobalArp,,
General-0-20251226-14:50:24-93475,config,,,*.host[*].numApps,3,,
General-0-20251226-14:50:24-93475,config,,,*.host[*].app[0].typename,src.cluster.ClusterApp,,
General-0-20251226-14:50:24-93475,config,,,*.host[*].app[0].localPort,4000,,
General-0-20251226-14:50:24-93475,config,,,*.host[*].app[0].destPort,4000,,
General-0-20251226-14:50:24-93475,config,,,*.host[*].app[0].helloInterval,1s,,
General-0-20251226-14:50:24-93475,config,,,*.host[*].app[0].cfInterval,3s,,
General-0-20251226-14:50:24-93475,config,,,*.host[*].app[0].hldTimeThreshold,1s,,
General-0-20251226-14:50:24-93475,config,,,*.host[*].app[0].maxTrials,3,,
General-0-20251226-14:50:24-93475,config,,,*.host[*].app[0].requestTimeout,1s,,
General-0-20251226-14:50:24-93475,config,,,*.host[*].app[0].maxClusterSize,10,,
General-0-20251226-14:50:24-93475,config,,,*.host[*].app[1].typename,src.tcp.RecordingTcpClientApp,,
General-0-20251226-14:50:24-93475,config,,,*.host[*].app[1].delaySamplePeriod,1s,,
General-0-20251226-14:50:24-93475,config,,,*.host[*].app[1].delayStaleWindow,3s,,
General-0-20251226-14:50:24-93475,config,,,*.host[*].app[1].connectPort,1000,,
General-0-20251226-14:50:24-93475,config,,,*.host[*].app[1].tOpen,"uniform(1s, 2s)",,
General-0-20251226-14:50:24-93475,config,,,*.host[*].app[1].tSend,"uniform(1s, 2s)",,
General-0-20251226-14:50:24-93475,config,,,*.host[*].app[1].thinkTime,"uniform(0s, 1s)",,
General-0-20251226-14:50:24-93475,config,,,*.host[*].app[1].idleInterval,"uniform(3s, 5s)",,
General-0-20251226-14:50:24-93475,config,,,*.host[*].app[1].sendBytes,200B,,
General-0-20251226-14:50:24-93475,config,,,*.host[*].app[1].sendInterval,"uniform(1s, 2s)",,
General-0-20251226-14:50:24-93475,config,,,*.host[*].app[1].connectAddress,"""host["" + string((index + intuniform(1,24)) % 25) + ""]""",,
General-0-20251226-14:50:24-93475,config,,,*.host[*].app[2].typename,TcpEchoApp,,
General-0-20251226-14:50:24-93475,config,,,*.host[*].app[2].localPort,1000,,
General-0-20251226-14:50:24-93475,config,,,*.host[*].typename,RouterWithMetrics,,
General-0-20251226-14:50:24-93475,config,,,**.metrics.samplePeriod,0.5s,,
General-0-20251226-14:50:24-93475,config,,,**.metrics.recordPerUtility,true,,
General-0-20251226-14:50:24-93475,config,,,*.host[*].wlan[0].typename,WirelessInterface,,
General-0-20251226-14:50:24-93475,config,,,*.host[*].wlan[0].radio.transmitter.communicationRange,350m,,
General-0-20251226-14:50:24-93475,config,,,*.host[*].wlan[0].radio.receiver.ignoreInterference,false,,
General-0-20251226-14:50:24-93475,config,,,*.host[*].wlan[0].radio.transmitter.interferenceRange,400m,,
General-0-20251226-14:50:24-93475,config,,,*.host[*].wlan[0].radio.typename,UnitDiskRadio,,
General-0-20251226-14:50:24-93475,config,,,*.host[*].wlan[0].mac.typename,CsmaCaMac,,
General-0-20251226-14:50:24-93475,config,,,*.host[*].wlan[0].mac.ackTimeout,300us,,
General-0-20251226-14:50:24-93475,config,,,*.host[*].wlan[0].mac.useAck,true,,
General-0-20251226-14:50:24-93475,config,,,*.host[*].wlan[0].mac.fullDuplex,false,,
General-0-20251226-14:50:24-93475,config,,,*.host[*].wlan[0].mac.headerLength,23B,,
General-0-20251226-14:50:24-93475,config,,,*.host[*].mobility.typename,GaussMarkovMobility,,
General-0-20251226-14:50:24-93475,config,,,*.host[*].mobility.alpha,0.7,,
General-0-20251226-14:50:24-93475,config,,,*.host[*].mobility.speed,"uniform(5mps, 10mps)",,
General-0-20251226-14:50:24-93475,config,,,*.host[*].mobility.speedStdDev,1mps,,
General-0-20251226-14:50:24-93475,config,,,*.host[*].mobility.angle,"uniform(0deg, 360deg)",,
General-0-20251226-14:50:24-93475,config,,,*.host[*].mobility.angleStdDev,10deg,,
General-0-20251226-14:50:24-93475,config,,,*.host[*].mobility.margin,2m,,
General-0-20251226-14:50:24-93475,config,,,*.host[*].wlan[0].queue.typename,DropTailQueue,,
General-0-20251226-14:50:24-93475,config,,,*.host[*].wlan[0].queue.packetCapacity,10,,
General-0-20251226-14:50:24-93475,config,,,*.host[*].hasStatus,true,,
General-0-20251226-14:50:24-93475,config,,,*.host[*].wlan[0].radio.energyConsumer.typename,StateBasedEpEnergyConsumer,,
General-0-20251226-14:50:24-93475,config,,,*.host[*].wlan[0].radio.energyConsumer.offPowerConsumption,0mW,,
General-0-20251226-14:50:24-93475,config,,,*.host[*].wlan[0].radio.energyConsumer.sleepPowerConsumption,1mW,,
General-0-20251226-14:50:24-93475,config,,,*.host[*].wlan[0].radio.energyConsumer.switchingPowerConsumption,1mW,,
General-0-20251226-14:50:24-93475,config,,,*.host[*].wlan[0].radio.energyConsumer.receiverIdlePowerConsumption,2mW,,
General-0-20251226-14:50:24-93475,config,,,*.host[*].wlan[0].radio.energyConsumer.receiverBusyPowerConsumption,5mW,,
General-0-20251226-14:50:24-93475,config,,,*.host[*].wlan[0].radio.energyConsumer.receiverReceivingPowerConsumption,10mW,,
General-0-20251226-14:50:24-93475,config,,,*.host[*].wlan[0].radio.energyConsumer.transmitterIdlePowerConsumption,2mW,,
General-0-20251226-14:50:24-93475,config,,,*.host[*].wlan[0].radio.energyConsumer.transmitterTransmittingPowerConsumption,100mW,,
General-0-20251226-14:50:24-93475,config,,,*.host[*].energyStorage.typename,SimpleEpEnergyStorage,,
General-0-20251226-14:50:24-93475,config,,,*.host[*].energyStorage.nominalCapacity,2J,,
General-0-20251226-14:50:24-93475,config,,,*.host[*].energyStorage.initialCapacity,2J,,
General-0-20251226-14:50:24-93475,config,,,*.host[*].energyManagement.typename,SimpleEpEnergyManagement,,
General-0-20251226-14:50:24-93475,config,,,*.host[*].energyManagement.nodeStartCapacity,0.0001J,,
General-0-20251226-14:50:24-93475,config,,,*.host[*].energyManagement.nodeShutdownCapacity,0.0001J,,
General-0-20251226-14:50:24-93475,config,,,*.host[*].**.bitrate,1Mbps,,
General-0-20251226-14:50:24-93475,config,,,*.host[*].forwarding,true,,
General-0-20251226-14:50:24-93475,config,,,*.host[*].mobility.constraintAreaMinX,0m,,
General-0-20251226-14:50:24-93475,config,,,*.host[*].mobility.constraintAreaMinY,0m,,
General-0-20251226-14:50:24-93475,config,,,*.host[*].mobility.constraintAreaMinZ,0m,,
General-0-20251226-14:50:24-93475,config,,,*.host[*].mobility.constraintAreaMaxX,1250m,,
General-0-20251226-14:50:24-93475,config,,,*.host[*].mobility.constraintAreaMaxY,1250m,,
General-0-20251226-14:50:24-93475,config,,,*.host[*].mobility.constraintAreaMaxZ,0m,,
General-0-20251226-14:50:24-93475,config,,,*.host[*].mobility.initialX,"uniform(100m, 1150m)",,
General-0-20251226-14:50:24-93475,config,,,*.host[*].mobility.initialY,"uniform(100m, 1150m)",,
General-0-20251226-14:50:24-93475,config,,,*.host[*].wlan[0].radio.displayCommunicationRange,true,,
General-0-20251226-14:50:24-93475,config,,,*.configurator.config,"xml(""<config><interface hosts='**' address='10.0.0.x' netmask='255.255.255.0'/></config>"")",,
General-0-20251226-14:50:24-93475,config,,,*.configurator.addDefaultRoutes,false,,
General-0-20251226-14:50:24-93475,config,,,*.configurator.addStaticRoutes,false,,
General-0-20251226-14:50:24-93475,config,,,*.configurator.optimizeRoutes,false,,
General-0-20251226-14:50:24-93475,config,,,*.host*.ipv4.routingTable.netmaskRoutes,"""""",,
General-0-20251226-14:50:24-93475,config,,,*.linkVisualizer.*.displayLinks,false,,
General-3-20251226-14:50:24-93476,runattr,,,configname,General,,
General-3-20251226-14:50:24-93476,runattr,,,datetime,20251226-14:50:24,,
General-3-20251226-14:50:24-93476,runattr,,,datetimef,20251226-145024,,
General-3-20251226-14:50:24-93476,runattr,,,experiment,General,,
General-3-20251226-14:50:24-93476,runattr,,,inifile,omnetpp.ini,,
General-3-20251226-14:50:24-93476,runattr,,,iterationvars,,,
General-3-20251226-14:50:24-93476,runattr,,,iterationvarsd,,,
General-3-20251226-14:50:24-93476,runattr,,,iterationvarsf,,,
General-3-20251226-14:50:24-93476,runattr,,,measurement,,,
General-3-20251226-14:50:24-93476,runattr,,,network,src.AdhocNetwork1,,
General-3-20251226-14:50:24-93476,runattr,,,processid,93476,,
General-3-20251226-14:50:24-93476,runattr,,,repetition,3,,
General-3-20251226-14:50:24-93476,runattr,,,replication,#3,,
General-3-20251226-14:50:24-93476,runattr,,,resultdir,results,,
General-3-20251226-14:50:24-93476,runattr,,,runnumber,3,,
General-3-20251226-14:50:24-93476,runattr,,,seedset,3,,
General-3-20251226-14:50:24-93476,config,,,image-path,../../../inet4.5/images,,
General-3-20251226-14:50:24-93476,config,,,repeat,5,,
General-3-20251226-14:50:24-93476,config,,,network,src.AdhocNetwork1,,
General-3-20251226-14:50:24-93476,config,,,sim-time-limit,50s,,
General-3-20251226-14:50:24-93476,config,,,*.host[*].ipv4.arp.typename,GlobalArp,,
General-3-20251226-14:50:24-93476,config,,,*.host[*].numApps,3,,
General-3-20251226-14:50:24-93476,config,,,*.host[*].app[0].typename,src.cluster.ClusterApp,,
General-3-20251226-14:50:24-93476,config,,,*.host[*].app[0].localPort,4000,,
General-3-20251226-14:50:24-93476,config,,,*.host[*].app[0].destPort,4000,,
General-3-20251226-14:50:24-93476,config,,,*.host[*].app[0].helloInterval,1s,,
General-3-20251226-14:50:24-93476,config,,,*.host[*].app[0].cfInterval,3s,,
General-3-20251226-14:50:24-93476,config,,,*.host[*].app[0].hldTimeThreshold,1s,,
General-3-20251226-14:50:24-93476,config,,,*.host[*].app[0].maxTrials,3,,
General-3-20251226-14:50:24-93476,config,,,*.host[*].app[0].requestTimeout,1s,,
General-3-20251226-14:50:24-93476,config,,,*.host[*].app[0].maxClusterSize,10,,
General-3-20251226-14:50:24-93476,config,,,*.host[*].app[1].typename,src.tcp.RecordingTcpClientApp,,
General-3-20251226-14:50:24-93476,config,,,*.host[*].app[1].delaySamplePeriod,1s,,
General-3-20251226-14:50:24-93476,config,,,*.host[*].app[1].delayStaleWindow,3s,,
General-3-20251226-14:50:24-93476,config,,,*.host[*].app[1].connectPort,1000,,
General-3-20251226-14:50:24-93476,config,,,*.host[*].app[1].tOpen,"uniform(1s, 2s)",,
General-3-20251226-14:50:24-93476,config,,,*.host[*].app[1].tSend,"uniform(1s, 2s)",,
General-3-20251226-14:50:24-93476,config,,,*.host[*].app[1].thinkTime,"uniform(0s, 1s)",,
General-3-20251226-14:50:24-93476,config,,,*.host[*].app[1].idleInterval,"uniform(3s, 5s)",,
General-3-20251226-14:50:24-93476,config,,,*.host[*].app[1].sendBytes,200B,,
General-3-20251226-14:50:24-93476,config,,,*.host[*].app[1].sendInterval,"uniform(1s, 2s)",,
General-3-20251226-14:50:24-93476,config,,,*.host[*].app[1].connectAddress,"""host["" + string((index + intuniform(1,24)) % 25) + ""]""",,
General-3-20251226-14:50:24-93476,config,,,*.host[*].app[2].typename,TcpEchoApp,,
General-3-20251226-14:50:24-93476,config,,,*.host[*].app[2].localPort,1000,,
General-3-20251226-14:50:24-93476,config,,,*.host[*].typename,RouterWithMetrics,,
General-3-20251226-14:50:24-93476,config,,,**.metrics.samplePeriod,0.5s,,
General-3-20251226-14:50:24-93476,config,,,**.metrics.recordPerUtility,true,,
General-3-20251226-14:50:24-93476,config,,,*.host[*].wlan[0].typename,WirelessInterface,,
General-3-20251226-14:50:24-93476,config,,,*.host[*].wlan[0].radio.transmitter.communicationRange,350m,,
General-3-20251226-14:50:24-93476,config,,,*.host[*].wlan[0].radio.receiver.ignoreInterference,false,,
General-3-20251226-14:50:24-93476,config,,,*.host[*].wlan[0].radio.transmitter.interferenceRange,400m,,
General-3-20251226-14:50:24-93476,config,,,*.host[*].wlan[0].radio.typename,UnitDiskRadio,,
General-3-20251226-14:50:24-93476,config,,,*.host[*].wlan[0].mac.typename,CsmaCaMac,,
General-3-20251226-14:50:24-93476,config,,,*.host[*].wlan[0].mac.ackTimeout,300us,,
General-3-20251226-14:50:24-93476,config,,,*.host[*].wlan[0].mac.useAck,true,,
General-3-20251226-14:50:24-93476,config,,,*.host[*].wlan[0].mac.fullDuplex,false,,
General-3-20251226-14:50:24-93476,config,,,*.host[*].wlan[0].mac.headerLength,23B,,
General-3-20251226-14:50:24-93476,config,,,*.host[*].mobility.typename,GaussMarkovMobility,,
General-3-20251226-14:50:24-93476,config,,,*.host[*].mobility.alpha,0.7,,
General-3-20251226-14:50:24-93476,config,,,*.host[*].mobility.speed,"uniform(5mps, 10mps)",,
General-3-20251226-14:50:24-93476,config,,,*.host[*].mobility.speedStdDev,1mps,,
General-3-20251226-14:50:24-93476,config,,,*.host[*].mobility.angle,"uniform(0deg, 360deg)",,
General-3-20251226-14:50:24-93476,config,,,*.host[*].mobility.angleStdDev,10deg,,
General-3-20251226-14:50:24-93476,config,,,*.host[*].mobility.margin,2m,,
General-3-20251226-14:50:24-93476,config,,,*.host[*].wlan[0].queue.typename,DropTailQueue,,
General-3-20251226-14:50:24-93476,config,,,*.host[*].wlan[0].queue.packetCapacity,10,,
General-3-20251226-14:50:24-93476,config,,,*.host[*].hasStatus,true,,
General-3-20251226-14:50:24-93476,config,,,*.host[*].wlan[0].radio.energyConsumer.typename,StateBasedEpEnergyConsumer,,
General-3-20251226-14:50:24-93476,config,,,*.host[*].wlan[0].radio.energyConsumer.offPowerConsumption,0mW,,
General-3-20251226-14:50:24-93476,config,,,*.host[*].wlan[0].radio.energyConsumer.sleepPowerConsumption,1mW,,
General-3-20251226-14:50:24-93476,config,,,*.host[*].wlan[0].radio.energyConsumer.switchingPowerConsumption,1mW,,
General-3-20251226-14:50:24-93476,config,,,*.host[*].wlan[0].radio.energyConsumer.receiverIdlePowerConsumption,2mW,,
General-3-20251226-14:50:24-93476,config,,,*.host[*].wlan[0].radio.energyConsumer.receiverBusyPowerConsumption,5mW,,
General-3-20251226-14:50:24-93476,config,,,*.host[*].wlan[0].radio.energyConsumer.receiverReceivingPowerConsumption,10mW,,
General-3-20251226-14:50:24-93476,config,,,*.host[*].wlan[0].radio.energyConsumer.transmitterIdlePowerConsumption,2mW,,
General-3-20251226-14:50:24-93476,config,,,*.host[*].wlan[0].radio.energyConsumer.transmitterTransmittingPowerConsumption,100mW,,
General-3-20251226-14:50:24-93476,config,,,*.host[*].energyStorage.typename,SimpleEpEnergyStorage,,
General-3-20251226-14:50:24-93476,config,,,*.host[*].energyStorage.nominalCapacity,2J,,
General-3-20251226-14:50:24-93476,config,,,*.host[*].energyStorage.initialCapacity,2J,,
General-3-20251226-14:50:24-93476,config,,,*.host[*].energyManagement.typename,SimpleEpEnergyManagement,,
General-3-20251226-14:50:24-93476,config,,,*.host[*].energyManagement.nodeStartCapacity,0.0001J,,
General-3-20251226-14:50:24-93476,config,,,*.host[*].energyManagement.nodeShutdownCapacity,0.0001J,,
General-3-20251226-14:50:24-93476,config,,,*.host[*].**.bitrate,1Mbps,,
General-3-20251226-14:50:24-93476,config,,,*.host[*].forwarding,true,,
General-3-20251226-14:50:24-93476,config,,,*.host[*].mobility.constraintAreaMinX,0m,,
General-3-20251226-14:50:24-93476,config,,,*.host[*].mobility.constraintAreaMinY,0m,,
General-3-20251226-14:50:24-93476,config,,,*.host[*].mobility.constraintAreaMinZ,0m,,
General-3-20251226-14:50:24-93476,config,,,*.host[*].mobility.constraintAreaMaxX,1250m,,
General-3-20251226-14:50:24-93476,config,,,*.host[*].mobility.constraintAreaMaxY,1250m,,
General-3-20251226-14:50:24-93476,config,,,*.host[*].mobility.constraintAreaMaxZ,0m,,
General-3-20251226-14:50:24-93476,config,,,*.host[*].mobility.initialX,"uniform(100m, 1150m)",,
General-3-20251226-14:50:24-93476,config,,,*.host[*].mobility.initialY,"uniform(100m, 1150m)",,
General-3-20251226-14:50:24-93476,config,,,*.host[*].wlan[0].radio.displayCommunicationRange,true,,
General-3-20251226-14:50:24-93476,config,,,*.configurator.config,"xml(""<config><interface hosts='**' address='10.0.0.x' netmask='255.255.255.0'/></config>"")",,
General-3-20251226-14:50:24-93476,config,,,*.configurator.addDefaultRoutes,false,,
General-3-20251226-14:50:24-93476,config,,,*.configurator.addStaticRoutes,false,,
General-3-20251226-14:50:24-93476,config,,,*.configurator.optimizeRoutes,false,,
General-3-20251226-14:50:24-93476,config,,,*.host*.ipv4.routingTable.netmaskRoutes,"""""",,
General-3-20251226-14:50:24-93476,config,,,*.linkVisualizer.*.displayLinks,false,,
General-1-20251226-14:50:24-93473,runattr,,,configname,General,,
General-1-20251226-14:50:24-93473,runattr,,,datetime,20251226-14:50:24,,
General-1-20251226-14:50:24-93473,runattr,,,datetimef,20251226-145024,,
General-1-20251226-14:50:24-93473,runattr,,,experiment,General,,
General-1-20251226-14:50:24-93473,runattr,,,inifile,omnetpp.ini,,
General-1-20251226-14:50:24-93473,runattr,,,iterationvars,,,
General-1-20251226-14:50:24-93473,runattr,,,iterationvarsd,,,
General-1-20251226-14:50:24-93473,runattr,,,iterationvarsf,,,
General-1-20251226-14:50:24-93473,runattr,,,measurement,,,
General-1-20251226-14:50:24-93473,runattr,,,network,src.AdhocNetwork1,,
General-1-20251226-14:50:24-93473,runattr,,,processid,93473,,
General-1-20251226-14:50:24-93473,runattr,,,repetition,1,,
General-1-20251226-14:50:24-93473,runattr,,,replication,#1,,
General-1-20251226-14:50:24-93473,runattr,,,resultdir,results,,
General-1-20251226-14:50:24-93473,runattr,,,runnumber,1,,
General-1-20251226-14:50:24-93473,runattr,,,seedset,1,,
General-1-20251226-14:50:24-93473,config,,,image-path,../../../inet4.5/images,,
General-1-20251226-14:50:24-93473,config,,,repeat,5,,
General-1-20251226-14:50:24-93473,config,,,network,src.AdhocNetwork1,,
General-1-20251226-14:50:24-93473,config,,,sim-time-limit,50s,,
General-1-20251226-14:50:24-93473,config,,,*.host[*].ipv4.arp.typename,GlobalArp,,
General-1-20251226-14:50:24-93473,config,,,*.host[*].numApps,3,,
General-1-20251226-14:50:24-93473,config,,,*.host[*].app[0].typename,src.cluster.ClusterApp,,
General-1-20251226-14:50:24-93473,config,,,*.host[*].app[0].localPort,4000,,
General-1-20251226-14:50:24-93473,config,,,*.host[*].app[0].destPort,4000,,
General-1-20251226-14:50:24-93473,config,,,*.host[*].app[0].helloInterval,1s,,
General-1-20251226-14:50:24-93473,config,,,*.host[*].app[0].cfInterval,3s,,
General-1-20251226-14:50:24-93473,config,,,*.host[*].app[0].hldTimeThreshold,1s,,
General-1-20251226-14:50:24-93473,config,,,*.host[*].app[0].maxTrials,3,,
General-1-20251226-14:50:24-93473,config,,,*.host[*].app[0].requestTimeout,1s,,
General-1-20251226-14:50:24-93473,config,,,*.host[*].app[0].maxClusterSize,10,,
General-1-20251226-14:50:24-93473,config,,,*.host[*].app[1].typename,src.tcp.RecordingTcpClientApp,,
General-1-20251226-14:50:24-93473,config,,,*.host[*].app[1].delaySamplePeriod,1s,,
General-1-20251226-14:50:24-93473,config,,,*.host[*].app[1].delayStaleWindow,3s,,
General-1-20251226-14:50:24-93473,config,,,*.host[*].app[1].connectPort,1000,,
General-1-20251226-14:50:24-93473,config,,,*.host[*].app[1].tOpen,"uniform(1s, 2s)",,
General-1-20251226-14:50:24-93473,config,,,*.host[*].app[1].tSend,"uniform(1s, 2s)",,
General-1-20251226-14:50:24-93473,config,,,*.host[*].app[1].thinkTime,"uniform(0s, 1s)",,
General-1-20251226-14:50:24-93473,config,,,*.host[*].app[1].idleInterval,"uniform(3s, 5s)",,
General-1-20251226-14:50:24-93473,config,,,*.host[*].app[1].sendBytes,200B,,
General-1-20251226-14:50:24-93473,config,,,*.host[*].app[1].sendInterval,"uniform(1s, 2s)",,
General-1-20251226-14:50:24-93473,config,,,*.host[*].app[1].connectAddress,"""host["" + string((index + intuniform(1,24)) % 25) + ""]""",,
General-1-20251226-14:50:24-93473,config,,,*.host[*].app[2].typename,TcpEchoApp,,
General-1-20251226-14:50:24-93473,config,,,*.host[*].app[2].localPort,1000,,
General-1-20251226-14:50:24-93473,config,,,*.host[*].typename,RouterWithMetrics,,
General-1-20251226-14:50:24-93473,config,,,**.metrics.samplePeriod,0.5s,,
General-1-20251226-14:50:24-93473,config,,,**.metrics.recordPerUtility,true,,
General-1-20251226-14:50:24-93473,config,,,*.host[*].wlan[0].typename,WirelessInterface,,
General-1-20251226-14:50:24-93473,config,,,*.host[*].wlan[0].radio.transmitter.communicationRange,350m,,
General-1-20251226-14:50:24-93473,config,,,*.host[*].wlan[0].radio.receiver.ignoreInterference,false,,
General-1-20251226-14:50:24-93473,config,,,*.host[*].wlan[0].radio.transmitter.interferenceRange,400m,,
General-1-20251226-14:50:24-93473,config,,,*.host[*].wlan[0].radio.typename,UnitDiskRadio,,
General-1-20251226-14:50:24-93473,config,,,*.host[*].wlan[0].mac.typename,CsmaCaMac,,
General-1-20251226-14:50:24-93473,config,,,*.host[*].wlan[0].mac.ackTimeout,300us,,
General-1-20251226-14:50:24-93473,config,,,*.host[*].wlan[0].mac.useAck,true,,
General-1-20251226-14:50:24-93473,config,,,*.host[*].wlan[0].mac.fullDuplex,false,,
General-1-20251226-14:50:24-93473,config,,,*.host[*].wlan[0].mac.headerLength,23B,,
General-1-20251226-14:50:24-93473,config,,,*.host[*].mobility.typename,GaussMarkovMobility,,
General-1-20251226-14:50:24-93473,config,,,*.host[*].mobility.alpha,0.7,,
General-1-20251226-14:50:24-93473,config,,,*.host[*].mobility.speed,"uniform(5mps, 10mps)",,
General-1-20251226-14:50:24-93473,config,,,*.host[*].mobility.speedStdDev,1mps,,
General-1-20251226-14:50:24-93473,config,,,*.host[*].mobility.angle,"uniform(0deg, 360deg)",,
General-1-20251226-14:50:24-93473,config,,,*.host[*].mobility.angleStdDev,10deg,,
General-1-20251226-14:50:24-93473,config,,,*.host[*].mobility.margin,2m,,
General-1-20251226-14:50:24-93473,config,,,*.host[*].wlan[0].queue.typename,DropTailQueue,,
General-1-20251226-14:50:24-93473,config,,,*.host[*].wlan[0].queue.packetCapacity,10,,
General-1-20251226-14:50:24-93473,config,,,*.host[*].hasStatus,true,,
General-1-20251226-14:50:24-93473,config,,,*.host[*].wlan[0].radio.energyConsumer.typename,StateBasedEpEnergyConsumer,,
General-1-20251226-14:50:24-93473,config,,,*.host[*].wlan[0].radio.energyConsumer.offPowerConsumption,0mW,,
General-1-20251226-14:50:24-93473,config,,,*.host[*].wlan[0].radio.energyConsumer.sleepPowerConsumption,1mW,,
General-1-20251226-14:50:24-93473,config,,,*.host[*].wlan[0].radio.energyConsumer.switchingPowerConsumption,1mW,,
General-1-20251226-14:50:24-93473,config,,,*.host[*].wlan[0].radio.energyConsumer.receiverIdlePowerConsumption,2mW,,
General-1-20251226-14:50:24-93473,config,,,*.host[*].wlan[0].radio.energyConsumer.receiverBusyPowerConsumption,5mW,,
General-1-20251226-14:50:24-93473,config,,,*.host[*].wlan[0].radio.energyConsumer.receiverReceivingPowerConsumption,10mW,,
General-1-20251226-14:50:24-93473,config,,,*.host[*].wlan[0].radio.energyConsumer.transmitterIdlePowerConsumption,2mW,,
General-1-20251226-14:50:24-93473,config,,,*.host[*].wlan[0].radio.energyConsumer.transmitterTransmittingPowerConsumption,100mW,,
General-1-20251226-14:50:24-93473,config,,,*.host[*].energyStorage.typename,SimpleEpEnergyStorage,,
General-1-20251226-14:50:24-93473,config,,,*.host[*].energyStorage.nominalCapacity,2J,,
General-1-20251226-14:50:24-93473,config,,,*.host[*].energyStorage.initialCapacity,2J,,
General-1-20251226-14:50:24-93473,config,,,*.host[*].energyManagement.typename,SimpleEpEnergyManagement,,
General-1-20251226-14:50:24-93473,config,,,*.host[*].energyManagement.nodeStartCapacity,0.0001J,,
General-1-20251226-14:50:24-93473,config,,,*.host[*].energyManagement.nodeShutdownCapacity,0.0001J,,
General-1-20251226-14:50:24-93473,config,,,*.host[*].**.bitrate,1Mbps,,
General-1-20251226-14:50:24-93473,config,,,*.host[*].forwarding,true,,
General-1-20251226-14:50:24-93473,config,,,*.host[*].mobility.constraintAreaMinX,0m,,
General-1-20251226-14:50:24-93473,config,,,*.host[*].mobility.constraintAreaMinY,0m,,
General-1-20251226-14:50:24-93473,config,,,*.host[*].mobility.constraintAreaMinZ,0m,,
General-1-20251226-14:50:24-93473,config,,,*.host[*].mobility.constraintAreaMaxX,1250m,,
General-1-20251226-14:50:24-93473,config,,,*.host[*].mobility.constraintAreaMaxY,1250m,,
General-1-20251226-14:50:24-93473,config,,,*.host[*].mobility.constraintAreaMaxZ,0m,,
General-1-20251226-14:50:24-93473,config,,,*.host[*].mobility.initialX,"uniform(100m, 1150m)",,
General-1-20251226-14:50:24-93473,config,,,*.host[*].mobility.initialY,"uniform(100m, 1150m)",,
General-1-20251226-14:50:24-93473,config,,,*.host[*].wlan[0].radio.displayCommunicationRange,true,,
General-1-20251226-14:50:24-93473,config,,,*.configurator.config,"xml(""<config><interface hosts='**' address='10.0.0.x' netmask='255.255.255.0'/></config>"")",,
General-1-20251226-14:50:24-93473,config,,,*.configurator.addDefaultRoutes,false,,
General-1-20251226-14:50:24-93473,config,,,*.configurator.addStaticRoutes,false,,
General-1-20251226-14:50:24-93473,config,,,*.configurator.optimizeRoutes,false,,
General-1-20251226-14:50:24-93473,config,,,*.host*.ipv4.routingTable.netmaskRoutes,"""""",,
General-1-20251226-14:50:24-93473,config,,,*.linkVisualizer.*.displayLinks,false,,
General-2-20251226-14:50:24-93474,runattr,,,configname,General,,
General-2-20251226-14:50:24-93474,runattr,,,datetime,20251226-14:50:24,,
General-2-20251226-14:50:24-93474,runattr,,,datetimef,20251226-145024,,
General-2-20251226-14:50:24-93474,runattr,,,experiment,General,,
General-2-20251226-14:50:24-93474,runattr,,,inifile,omnetpp.ini,,
General-2-20251226-14:50:24-93474,runattr,,,iterationvars,,,
General-2-20251226-14:50:24-93474,runattr,,,iterationvarsd,,,
General-2-20251226-14:50:24-93474,runattr,,,iterationvarsf,,,
General-2-20251226-14:50:24-93474,runattr,,,measurement,,,
General-2-20251226-14:50:24-93474,runattr,,,network,src.AdhocNetwork1,,
General-2-20251226-14:50:24-93474,runattr,,,processid,93474,,
General-2-20251226-14:50:24-93474,runattr,,,repetition,2,,
General-2-20251226-14:50:24-93474,runattr,,,replication,#2,,
General-2-20251226-14:50:24-93474,runattr,,,resultdir,results,,
General-2-20251226-14:50:24-93474,runattr,,,runnumber,2,,
General-2-20251226-14:50:24-93474,runattr,,,seedset,2,,
General-2-20251226-14:50:24-93474,config,,,image-path,../../../inet4.5/images,,
General-2-20251226-14:50:24-93474,config,,,repeat,5,,
General-2-20251226-14:50:24-93474,config,,,network,src.AdhocNetwork1,,
General-2-20251226-14:50:24-93474,config,,,sim-time-limit,50s,,
General-2-20251226-14:50:24-93474,config,,,*.host[*].ipv4.arp.typename,GlobalArp,,
General-2-20251226-14:50:24-93474,config,,,*.host[*].numApps,3,,
General-2-20251226-14:50:24-93474,config,,,*.host[*].app[0].typename,src.cluster.ClusterApp,,
General-2-20251226-14:50:24-93474,config,,,*.host[*].app[0].localPort,4000,,
General-2-20251226-14:50:24-93474,config,,,*.host[*].app[0].destPort,4000,,
General-2-20251226-14:50:24-93474,config,,,*.host[*].app[0].helloInterval,1s,,
General-2-20251226-14:50:24-93474,config,,,*.host[*].app[0].cfInterval,3s,,
General-2-20251226-14:50:24-93474,config,,,*.host[*].app[0].hldTimeThreshold,1s,,
General-2-20251226-14:50:24-93474,config,,,*.host[*].app[0].maxTrials,3,,
General-2-20251226-14:50:24-93474,config,,,*.host[*].app[0].requestTimeout,1s,,
General-2-20251226-14:50:24-93474,config,,,*.host[*].app[0].maxClusterSize,10,,
General-2-20251226-14:50:24-93474,config,,,*.host[*].app[1].typename,src.tcp.RecordingTcpClientApp,,
General-2-20251226-14:50:24-93474,config,,,*.host[*].app[1].delaySamplePeriod,1s,,
General-2-20251226-14:50:24-93474,config,,,*.host[*].app[1].delayStaleWindow,3s,,
General-2-20251226-14:50:24-93474,config,,,*.host[*].app[1].connectPort,1000,,
General-2-20251226-14:50:24-93474,config,,,*.host[*].app[1].tOpen,"uniform(1s, 2s)",,
General-2-20251226-14:50:24-93474,config,,,*.host[*].app[1].tSend,"uniform(1s, 2s)",,
General-2-20251226-14:50:24-93474,config,,,*.host[*].app[1].thinkTime,"uniform(0s, 1s)",,
General-2-20251226-14:50:24-93474,config,,,*.host[*].app[1].idleInterval,"uniform(3s, 5s)",,
General-2-20251226-14:50:24-93474,config,,,*.host[*].app[1].sendBytes,200B,,
General-2-20251226-14:50:24-93474,config,,,*.host[*].app[1].sendInterval,"uniform(1s, 2s)",,
General-2-20251226-14:50:24-93474,config,,,*.host[*].app[1].connectAddress,"""host["" + string((index + intuniform(1,24)) % 25) + ""]""",,
General-2-20251226-14:50:24-93474,config,,,*.host[*].app[2].typename,TcpEchoApp,,
General-2-20251226-14:50:24-93474,config,,,*.host[*].app[2].localPort,1000,,
General-2-20251226-14:50:24-93474,config,,,*.host[*].typename,RouterWithMetrics,,
General-2-20251226-14:50:24-93474,config,,,**.metrics.samplePeriod,0.5s,,
General-2-20251226-14:50:24-93474,config,,,**.metrics.recordPerUtility,true,,
General-2-20251226-14:50:24-93474,config,,,*.host[*].wlan[0].typename,WirelessInterface,,
General-2-20251226-14:50:24-93474,config,,,*.host[*].wlan[0].radio.transmitter.communicationRange,350m,,
General-2-20251226-14:50:24-93474,config,,,*.host[*].wlan[0].radio.receiver.ignoreInterference,false,,
General-2-20251226-14:50:24-93474,config,,,*.host[*].wlan[0].radio.transmitter.interferenceRange,400m,,
General-2-20251226-14:50:24-93474,config,,,*.host[*].wlan[0].radio.typename,UnitDiskRadio,,
General-2-20251226-14:50:24-93474,config,,,*.host[*].wlan[0].mac.typename,CsmaCaMac,,
General-2-20251226-14:50:24-93474,config,,,*.host[*].wlan[0].mac.ackTimeout,300us,,
General-2-20251226-14:50:24-93474,config,,,*.host[*].wlan[0].mac.useAck,true,,
General-2-20251226-14:50:24-93474,config,,,*.host[*].wlan[0].mac.fullDuplex,false,,
General-2-20251226-14:50:24-93474,config,,,*.host[*].wlan[0].mac.headerLength,23B,,
General-2-20251226-14:50:24-93474,config,,,*.host[*].mobility.typename,GaussMarkovMobility,,
General-2-20251226-14:50:24-93474,config,,,*.host[*].mobility.alpha,0.7,,
General-2-20251226-14:50:24-93474,config,,,*.host[*].mobility.speed,"uniform(5mps, 10mps)",,
General-2-20251226-14:50:24-93474,config,,,*.host[*].mobility.speedStdDev,1mps,,
General-2-20251226-14:50:24-93474,config,,,*.host[*].mobility.angle,"uniform(0deg, 360deg)",,
General-2-20251226-14:50:24-93474,config,,,*.host[*].mobility.angleStdDev,10deg,,
General-2-20251226-14:50:24-93474,config,,,*.host[*].mobility.margin,2m,,
General-2-20251226-14:50:24-93474,config,,,*.host[*].wlan[0].queue.typename,DropTailQueue,,
General-2-20251226-14:50:24-93474,config,,,*.host[*].wlan[0].queue.packetCapacity,10,,
General-2-20251226-14:50:24-93474,config,,,*.host[*].hasStatus,true,,
General-2-20251226-14:50:24-93474,config,,,*.host[*].wlan[0].radio.energyConsumer.typename,StateBasedEpEnergyConsumer,,
General-2-20251226-14:50:24-93474,config,,,*.host[*].wlan[0].radio.energyConsumer.offPowerConsumption,0mW,,
General-2-20251226-14:50:24-93474,config,,,*.host[*].wlan[0].radio.energyConsumer.sleepPowerConsumption,1mW,,
General-2-20251226-14:50:24-93474,config,,,*.host[*].wlan[0].radio.energyConsumer.switchingPowerConsumption,1mW,,
General-2-20251226-14:50:24-93474,config,,,*.host[*].wlan[0].radio.energyConsumer.receiverIdlePowerConsumption,2mW,,
General-2-20251226-14:50:24-93474,config,,,*.host[*].wlan[0].radio.energyConsumer.receiverBusyPowerConsumption,5mW,,
General-2-20251226-14:50:24-93474,config,,,*.host[*].wlan[0].radio.energyConsumer.receiverReceivingPowerConsumption,10mW,,
General-2-20251226-14:50:24-93474,config,,,*.host[*].wlan[0].radio.energyConsumer.transmitterIdlePowerConsumption,2mW,,
General-2-20251226-14:50:24-93474,config,,,*.host[*].wlan[0].radio.energyConsumer.transmitterTransmittingPowerConsumption,100mW,,
General-2-20251226-14:50:24-93474,config,,,*.host[*].energyStorage.typename,SimpleEpEnergyStorage,,
General-2-20251226-14:50:24-93474,config,,,*.host[*].energyStorage.nominalCapacity,2J,,
General-2-20251226-14:50:24-93474,config,,,*.host[*].energyStorage.initialCapacity,2J,,
General-2-20251226-14:50:24-93474,config,,,*.host[*].energyManagement.typename,SimpleEpEnergyManagement,,
General-2-20251226-14:50:24-93474,config,,,*.host[*].energyManagement.nodeStartCapacity,0.0001J,,
General-2-20251226-14:50:24-93474,config,,,*.host[*].energyManagement.nodeShutdownCapacity,0.0001J,,
General-2-20251226-14:50:24-93474,config,,,*.host[*].**.bitrate,1Mbps,,
General-2-20251226-14:50:24-93474,config,,,*.host[*].forwarding,true,,
General-2-20251226-14:50:24-93474,config,,,*.host[*].mobility.constraintAreaMinX,0m,,
General-2-20251226-14:50:24-93474,config,,,*.host[*].mobility.constraintAreaMinY,0m,,
General-2-20251226-14:50:24-93474,config,,,*.host[*].mobility.constraintAreaMinZ,0m,,
General-2-20251226-14:50:24-93474,config,,,*.host[*].mobility.constraintAreaMaxX,1250m,,
General-2-20251226-14:50:24-93474,config,,,*.host[*].mobility.constraintAreaMaxY,1250m,,
General-2-20251226-14:50:24-93474,config,,,*.host[*].mobility.constraintAreaMaxZ,0m,,
General-2-20251226-14:50:24-93474,config,,,*.host[*].mobility.initialX,"uniform(100m, 1150m)",,
General-2-20251226-14:50:24-93474,config,,,*.host[*].mobility.initialY,"uniform(100m, 1150m)",,
General-2-20251226-14:50:24-93474,config,,,*.host[*].wlan[0].radio.displayCommunicationRange,true,,
General-2-20251226-14:50:24-93474,config,,,*.configurator.config,"xml(""<config><interface hosts='**' address='10.0.0.x' netmask='255.255.255.0'/></config>"")",,
General-2-20251226-14:50:24-93474,config,,,*.configurator.addDefaultRoutes,false,,
General-2-20251226-14:50:24-93474,config,,,*.configurator.addStaticRoutes,false,,
General-2-20251226-14:50:24-93474,config,,,*.configurator.optimizeRoutes,false,,
General-2-20251226-14:50:24-93474,config,,,*.host*.ipv4.routingTable.netmaskRoutes,"""""",,
General-2-20251226-14:50:24-93474,config,,,*.linkVisualizer.*.displayLinks,false,,
General-4-20251226-14:50:24-93477,runattr,,,configname,General,,
General-4-20251226-14:50:24-93477,runattr,,,datetime,20251226-14:50:24,,
General-4-20251226-14:50:24-93477,runattr,,,datetimef,20251226-145024,,
General-4-20251226-14:50:24-93477,runattr,,,experiment,General,,
General-4-20251226-14:50:24-93477,runattr,,,inifile,omnetpp.ini,,
General-4-20251226-14:50:24-93477,runattr,,,iterationvars,,,
General-4-20251226-14:50:24-93477,runattr,,,iterationvarsd,,,
General-4-20251226-14:50:24-93477,runattr,,,iterationvarsf,,,
General-4-20251226-14:50:24-93477,runattr,,,measurement,,,
General-4-20251226-14:50:24-93477,runattr,,,network,src.AdhocNetwork1,,
General-4-20251226-14:50:24-93477,runattr,,,processid,93477,,
General-4-20251226-14:50:24-93477,runattr,,,repetition,4,,
General-4-20251226-14:50:24-93477,runattr,,,replication,#4,,
General-4-20251226-14:50:24-93477,runattr,,,resultdir,results,,
General-4-20251226-14:50:24-93477,runattr,,,runnumber,4,,
General-4-20251226-14:50:24-93477,runattr,,,seedset,4,,
General-4-20251226-14:50:24-93477,config,,,image-path,../../../inet4.5/images,,
General-4-20251226-14:50:24-93477,config,,,repeat,5,,
General-4-20251226-14:50:24-93477,config,,,network,src.AdhocNetwork1,,
General-4-20251226-14:50:24-93477,config,,,sim-time-limit,50s,,
General-4-20251226-14:50:24-93477,config,,,*.host[*].ipv4.arp.typename,GlobalArp,,
General-4-20251226-14:50:24-93477,config,,,*.host[*].numApps,3,,
General-4-20251226-14:50:24-93477,config,,,*.host[*].app[0].typename,src.cluster.ClusterApp,,
General-4-20251226-14:50:24-93477,config,,,*.host[*].app[0].localPort,4000,,
General-4-20251226-14:50:24-93477,config,,,*.host[*].app[0].destPort,4000,,
General-4-20251226-14:50:24-93477,config,,,*.host[*].app[0].helloInterval,1s,,
General-4-20251226-14:50:24-93477,config,,,*.host[*].app[0].cfInterval,3s,,
General-4-20251226-14:50:24-93477,config,,,*.host[*].app[0].hldTimeThreshold,1s,,
General-4-20251226-14:50:24-93477,config,,,*.host[*].app[0].maxTrials,3,,
General-4-20251226-14:50:24-93477,config,,,*.host[*].app[0].requestTimeout,1s,,
General-4-20251226-14:50:24-93477,config,,,*.host[*].app[0].maxClusterSize,10,,
General-4-20251226-14:50:24-93477,config,,,*.host[*].app[1].typename,src.tcp.RecordingTcpClientApp,,
General-4-20251226-14:50:24-93477,config,,,*.host[*].app[1].delaySamplePeriod,1s,,
General-4-20251226-14:50:24-93477,config,,,*.host[*].app[1].delayStaleWindow,3s,,
General-4-20251226-14:50:24-93477,config,,,*.host[*].app[1].connectPort,1000,,
General-4-20251226-14:50:24-93477,config,,,*.host[*].app[1].tOpen,"uniform(1s, 2s)",,
General-4-20251226-14:50:24-93477,config,,,*.host[*].app[1].tSend,"uniform(1s, 2s)",,
General-4-20251226-14:50:24-93477,config,,,*.host[*].app[1].thinkTime,"uniform(0s, 1s)",,
General-4-20251226-14:50:24-93477,config,,,*.host[*].app[1].idleInterval,"uniform(3s, 5s)",,
General-4-20251226-14:50:24-93477,config,,,*.host[*].app[1].sendBytes,200B,,
General-4-20251226-14:50:24-93477,config,,,*.host[*].app[1].sendInterval,"uniform(1s, 2s)",,
General-4-20251226-14:50:24-93477,config,,,*.host[*].app[1].connectAddress,"""host["" + string((index + intuniform(1,24)) % 25) + ""]""",,
General-4-20251226-14:50:24-93477,config,,,*.host[*].app[2].typename,TcpEchoApp,,
General-4-20251226-14:50:24-93477,config,,,*.host[*].app[2].localPort,1000,,
General-4-20251226-14:50:24-93477,config,,,*.host[*].typename,RouterWithMetrics,,
General-4-20251226-14:50:24-93477,config,,,**.metrics.samplePeriod,0.5s,,
General-4-20251226-14:50:24-93477,config,,,**.metrics.recordPerUtility,true,,
General-4-20251226-14:50:24-93477,config,,,*.host[*].wlan[0].typename,WirelessInterface,,
General-4-20251226-14:50:24-93477,config,,,*.host[*].wlan[0].radio.transmitter.communicationRange,350m,,
General-4-20251226-14:50:24-93477,config,,,*.host[*].wlan[0].radio.receiver.ignoreInterference,false,,
General-4-20251226-14:50:24-93477,config,,,*.host[*].wlan[0].radio.transmitter.interferenceRange,400m,,
General-4-20251226-14:50:24-93477,config,,,*.host[*].wlan[0].radio.typename,UnitDiskRadio,,
General-4-20251226-14:50:24-93477,config,,,*.host[*].wlan[0].mac.typename,CsmaCaMac,,
General-4-20251226-14:50:24-93477,config,,,*.host[*].wlan[0].mac.ackTimeout,300us,,
General-4-20251226-14:50:24-93477,config,,,*.host[*].wlan[0].mac.useAck,true,,
General-4-20251226-14:50:24-93477,config,,,*.host[*].wlan[0].mac.fullDuplex,false,,
General-4-20251226-14:50:24-93477,config,,,*.host[*].wlan[0].mac.headerLength,23B,,
General-4-20251226-14:50:24-93477,config,,,*.host[*].mobility.typename,GaussMarkovMobility,,
General-4-20251226-14:50:24-93477,config,,,*.host[*].mobility.alpha,0.7,,
General-4-20251226-14:50:24-93477,config,,,*.host[*].mobility.speed,"uniform(5mps, 10mps)",,
General-4-20251226-14:50:24-93477,config,,,*.host[*].mobility.speedStdDev,1mps,,
General-4-20251226-14:50:24-93477,config,,,*.host[*].mobility.angle,"uniform(0deg, 360deg)",,
General-4-20251226-14:50:24-93477,config,,,*.host[*].mobility.angleStdDev,10deg,,
General-4-20251226-14:50:24-93477,config,,,*.host[*].mobility.margin,2m,,
General-4-20251226-14:50:24-93477,config,,,*.host[*].wlan[0].queue.typename,DropTailQueue,,
General-4-20251226-14:50:24-93477,config,,,*.host[*].wlan[0].queue.packetCapacity,10,,
General-4-20251226-14:50:24-93477,config,,,*.host[*].hasStatus,true,,
General-4-20251226-14:50:24-93477,config,,,*.host[*].wlan[0].radio.energyConsumer.typename,StateBasedEpEnergyConsumer,,
General-4-20251226-14:50:24-93477,config,,,*.host[*].wlan[0].radio.energyConsumer.offPowerConsumption,0mW,,
General-4-20251226-14:50:24-93477,config,,,*.host[*].wlan[0].radio.energyConsumer.sleepPowerConsumption,1mW,,
General-4-20251226-14:50:24-93477,config,,,*.host[*].wlan[0].radio.energyConsumer.switchingPowerConsumption,1mW,,
General-4-20251226-14:50:24-93477,config,,,*.host[*].wlan[0].radio.energyConsumer.receiverIdlePowerConsumption,2mW,,
General-4-20251226-14:50:24-93477,config,,,*.host[*].wlan[0].radio.energyConsumer.receiverBusyPowerConsumption,5mW,,
General-4-20251226-14:50:24-93477,config,,,*.host[*].wlan[0].radio.energyConsumer.receiverReceivingPowerConsumption,10mW,,
General-4-20251226-14:50:24-93477,config,,,*.host[*].wlan[0].radio.energyConsumer.transmitterIdlePowerConsumption,2mW,,
General-4-20251226-14:50:24-93477,config,,,*.host[*].wlan[0].radio.energyConsumer.transmitterTransmittingPowerConsumption,100mW,,
General-4-20251226-14:50:24-93477,config,,,*.host[*].energyStorage.typename,SimpleEpEnergyStorage,,
General-4-20251226-14:50:24-93477,config,,,*.host[*].energyStorage.nominalCapacity,2J,,
General-4-20251226-14:50:24-93477,config,,,*.host[*].energyStorage.initialCapacity,2J,,
General-4-20251226-14:50:24-93477,config,,,*.host[*].energyManagement.typename,SimpleEpEnergyManagement,,
General-4-20251226-14:50:24-93477,config,,,*.host[*].energyManagement.nodeStartCapacity,0.0001J,,
General-4-20251226-14:50:24-93477,config,,,*.host[*].energyManagement.nodeShutdownCapacity,0.0001J,,
General-4-20251226-14:50:24-93477,config,,,*.host[*].**.bitrate,1Mbps,,
General-4-20251226-14:50:24-93477,config,,,*.host[*].forwarding,true,,
General-4-20251226-14:50:24-93477,config,,,*.host[*].mobility.constraintAreaMinX,0m,,
General-4-20251226-14:50:24-93477,config,,,*.host[*].mobility.constraintAreaMinY,0m,,
General-4-20251226-14:50:24-93477,config,,,*.host[*].mobility.constraintAreaMinZ,0m,,
General-4-20251226-14:50:24-93477,config,,,*.host[*].mobility.constraintAreaMaxX,1250m,,
General-4-20251226-14:50:24-93477,config,,,*.host[*].mobility.constraintAreaMaxY,1250m,,
General-4-20251226-14:50:24-93477,config,,,*.host[*].mobility.constraintAreaMaxZ,0m,,
General-4-20251226-14:50:24-93477,config,,,*.host[*].mobility.initialX,"uniform(100m, 1150m)",,
General-4-20251226-14:50:24-93477,config,,,*.host[*].mobility.initialY,"uniform(100m, 1150m)",,
General-4-20251226-14:50:24-93477,config,,,*.host[*].wlan[0].radio.displayCommunicationRange,true,,
General-4-20251226-14:50:24-93477,config,,,*.configurator.config,"xml(""<config><interface hosts='**' address='10.0.0.x' netmask='255.255.255.0'/></config>"")",,
General-4-20251226-14:50:24-93477,config,,,*.configurator.addDefaultRoutes,false,,
General-4-20251226-14:50:24-93477,config,,,*.configurator.addStaticRoutes,false,,
General-4-20251226-14:50:24-93477,config,,,*.configurator.optimizeRoutes,false,,
General-4-20251226-14:50:24-93477,config,,,*.host*.ipv4.routingTable.netmaskRoutes,"""""",,
General-4-20251226-14:50:24-93477,config,,,*.linkVisualizer.*.displayLinks,false,,
General-0-20251226-14:50:24-93475,vector,AdhocNetwork1.host[0].app[1],e2eDelayPeriodicSec,,,"1 2 3 4 5 6 7 8 9 10 11 12 13 14 15 16 17 18 19 20 21 22 23 24 25 26 27 28 29 30 31 32 33 34 35 36 37 38 39 40 41 42 43 44 45 46 47 48 49 50","NaN NaN NaN NaN NaN NaN NaN NaN NaN NaN NaN NaN NaN NaN NaN NaN NaN NaN NaN NaN NaN NaN 0.160701722053 0.160701722053 0.160701722053 NaN 0.046337281751 0.046337281751 0.046337281751 NaN NaN NaN NaN NaN NaN NaN NaN NaN NaN NaN NaN NaN NaN NaN NaN NaN NaN NaN NaN NaN"
General-0-20251226-14:50:24-93475,vector,AdhocNetwork1.host[0].rl,rlReward,,,"1 2 3 4 5 6 7 8 9 10 11 12 13 14 15 16 17 18 19 20 21 22 23 24 25 26 27 28 29 30 31 32 33 34 35 36 37 38 39 40 41 42 43 44 45 46 47 48 49 50","0.33333333333333 -0.2 0 0.093641692632587 0.017105459927046 -0.58469995200428 -0.64023824133994 -0.7 -0.51535646508771 -0.57293341453669 -0.32684397264285 0.17516377949332 0.19316591920217 0.036930460837322 0.19560703891275 0.36846907288137 0.18484054289608 0.021070469650951 0.39078072801339 0.39688089922583 0.35136033385963 0.31179999597435 0.37067617466177 0.2682827801456 0.34310222909996 0.365779490074 0.35041249594624 0.20965971553608 0.3593467473446 0.36623081057659 0.32196522052456 0.27215465173726 0.32396595846904 0.31926753978446 0.37466549954047 -0.24553941330011 -0.2618926647593 -0.28835713237844 -0.27336618502508 -0.23959314312934 0.16150567035129 0.33783304653894 0.36665154992102 0.3408815293085 0.34636981372298 0.33422643256763 0.22298384960199 -0.36132728079493 -0.30398664415938 -0.31610888507963"
General-0-20251226-14:50:24-93475,vector,AdhocNetwork1.host[1].app[1],e2eDelayPeriodicSec,,,"1 2 3 4 5 6 7 8 9 10 11 12 13 14 15 16 17 18 19 20 21 22 23 24 25 26 27 28 29 30 31 32 33 34 35 36 37 38 39 40 41 42 43 44 45 46 47 48 49 50","NaN NaN NaN NaN NaN NaN NaN NaN NaN NaN NaN NaN NaN NaN NaN NaN NaN NaN NaN NaN NaN NaN 0.03449166516 0.03449166516 0.03449166516 NaN 0.019808050396 0.019808050396 0.019808050396 NaN NaN NaN NaN NaN NaN NaN NaN NaN NaN 9.019115656848 9.019115656848 9.019115656848 0.0166447408 0.0166447408 0.0166447408 NaN NaN 0.015833599084 0.015833599084 0.015833599084"
General-0-20251226-14:50:24-93475,vector,AdhocNetwork1.host[1].rl,rlReward,,,"1 2 3 4 5 6 7 8 9 10 11 12 13 14 15 16 17 18 19 20 21 22 23 24 25 26 27 28 29 30 31 32 33 34 35 36 37 38 39 40 41 42 43 44 45 46 47 48 49 50","0.33333333333333 0 0.081537526956323 0.072562324877633 0.35744569100883 0.092373515460463 0.022806188605147 0.049460997590814 0.12689590552627 0.059980989514259 0.037643381643333 0.06292914511257 0.069304576580812 0.13735540188196 0.13915653843961 0.36741940780829 0.065976908604463 0.073470388289906 0.096183132596657 0.4152976613296 0.39793635804771 0.32347095702413 0.3 0.41510205622662 0.39833639543961 0.41605329203069 0.37182001359262 0.30305979915937 0.40358470936073 0.42595545251921 0.26177455847839 0.31892035587578 -0.61225316493919 -0.63269395030127 -0.58343977298449 -0.58215242996978 -0.6512867252358 -0.62188734804815 -0.63404065889804 -0.59043238617773 -0.62908141007879 0.12604656081309 0.088749653333976 0.083550407302018 -0.011380346705349 -0.045283517476255 0.073572832389372 0.065938053171837 0.020140626311616 0.43101324737261"
General-0-20251226-14:50:24-93475,vector,AdhocNetwork1.host[2].app[1],e2eDelayPeriodicSec,,,"1 2 3 4 5 6 7 8 9 10 11 12 13 14 15 16 17 18 19 20 21 22 23 24 25 26 27 28 29 30 31 32 33 34 35 36 37 38 39 40 41 42 43 44 45 46 47 48 49 50","NaN NaN NaN NaN 0.076789732121 0.076789732121 0.076789732121 NaN NaN 0.105322772863 0.105322772863 0.105322772863 NaN NaN NaN NaN NaN NaN NaN NaN NaN NaN NaN NaN NaN NaN NaN NaN NaN NaN NaN NaN NaN NaN NaN NaN NaN NaN NaN NaN NaN NaN NaN NaN NaN NaN NaN NaN NaN NaN"
General-0-20251226-14:50:24-93475,vector,AdhocNetwork1.host[2].rl,rlReward,,,"1 2 3 4 5 6 7 8 9 10 11 12 13 14 15 16 17 18 19 20 21 22 23 24 25 26 27 28 29 30 31 32 33 34 35 36 37 38 39 40 41 42 43 44 45 46 47 48 49 50","0.33333333333333 0 0.42481033792064 0.41051051151975 0.3 0.25028003165653 0.34650584522164 0.035299958501186 0.43821822640359 0.3 0.3 -0.56239227775023 -0.53989191650029 -0.46460503896235 0.21192198851731 -0.47121756664267 -0.56812479844254 -0.47621197933398 -0.19551963160367 -0.18526634292067 -0.35494824810507 0.17619826607953 -0.12363767275998 0.13924354038879 0.38567934666252 0.18751932049079 0.1786134063103 0.40603793401167 0.34264664938979 0.40400257725304 0.38387235036996 -0.57851803987832 -0.28545632029982 -0.55285269284004 -0.17585275421225 -0.17660582748804 -0.28452172850588 -0.21300733687214 -0.14613127224633 -0.31190197738594 -0.49169677139921 0.41365874960557 0.22046648733319 0.43824445666723 0.23615625812173 0.45604310411411 0.41431307637974 0.88999979306105 0.49397883239419 0.50948669377166"
General-0-20251226-14:50:24-93475,vector,AdhocNetwork1.host[3].app[1],e2eDelayPeriodicSec,,,"1 2 3 4 5 6 7 8 9 10 11 12 13 14 15 16 17 18 19 20 21 22 23 24 25 26 27 28 29 30 31 32 33 34 35 36 37 38 39 40 41 42 43 44 45 46 47 48 49 50","NaN NaN NaN NaN NaN NaN NaN 0.091985258022 0.091985258022 0.091985258022 NaN NaN NaN NaN NaN NaN NaN NaN NaN NaN NaN NaN NaN NaN NaN NaN NaN NaN NaN NaN NaN 0.096172026783 0.096172026783 0.096172026783 NaN NaN NaN NaN NaN NaN NaN NaN 3.02228628383 3.02228628383 3.02228628383 NaN NaN NaN NaN NaN"
General-0-20251226-14:50:24-93475,vector,AdhocNetwork1.host[3].rl,rlReward,,,"1 2 3 4 5 6 7 8 9 10 11 12 13 14 15 16 17 18 19 20 21 22 23 24 25 26 27 28 29 30 31 32 33 34 35 36 37 38 39 40 41 42 43 44 45 46 47 48 49 50","0.33333333333333 0 0 0.085898784506728 0.044038033461204 0.087718680365051 0.063104905178588 0 0.12413545778164 0.12333861137015 0.1305296740648 0.133890702576 0.1183913524396 0.16824519949554 0.088847882164273 0.10427086669515 0.15148025380543 -0.015222076296532 0.12147628462663 0.15949422856085 0.07532901637896 0.053667482329456 0 0 0.18074599389492 0.09202369946471 0.43993271799197 0.44959027404343 0.46371475458024 0.46162056677497 0.45743743394417 0.35675507606888 0.34857169982384 0.7 0.44425652010713 0.47766214083396 0.45645870092759 0.40158212229947 0.48334901762042 -0.55697422187836 -0.54140285266681 0.44604885748791 0.47177328020901 0.44286261004891 0.39053331188183 0.47705350748394 0.38485601049501 0.45054899567439 0.34375710574149 0.27037019707908"
General-0-20251226-14:50:24-93475,vector,AdhocNetwork1.host[4].app[1],e2eDelayPeriodicSec,,,"1 2 3 4 5 6 7 8 9 10 11 12 13 14 15 16 17 18 19 20 21 22 23 24 25 26 27 28 29 30 31 32 33 34 35 36 37 38 39 40 41 42 43 44 45 46 47 48 49 50","NaN NaN NaN NaN NaN NaN NaN 3.006550043171 3.006550043171 3.006550043171 NaN 0.009738889048 0.009738889048 0.009738889048 NaN 0.014801398002 0.014801398002 0.014801398002 NaN NaN NaN NaN 0.011478795754 0.011478795754 0.011478795754 NaN NaN 0.008673015914 0.008673015914 0.008673015914 NaN 0.014855350834 0.014855350834 0.014855350834 NaN 0.049416178271 0.049416178271 0.049416178271 NaN 0.023403444395 0.023403444395 0.023403444395 NaN NaN 0.08046135288 0.08046135288 0.08046135288 NaN 0.008432606222 0.008432606222"
General-0-20251226-14:50:24-93475,vector,AdhocNetwork1.host[4].rl,rlReward,,,"1 2 3 4 5 6 7 8 9 10 11 12 13 14 15 16 17 18 19 20 21 22 23 24 25 26 27 28 29 30 31 32 33 34 35 36 37 38 39 40 41 42 43 44 45 46 47 48 49 50","0.33333333333333 0 0.062217777650493 0.77388273697752 0 0.15238027235723 0.13867036225197 0.81387177718644 0.10470898352307 -0.49565596037681 -0.54900782801128 0.11694920866698 0.20185070436463 0.12148366595967 0.18692562731301 0.19667877405647 0.083634464580432 0.02597387432898 0.17550202087731 0.20905266306991 0.12497481004542 0.13019146070675 0.052899185701412 0 0.13001913885965 0.20427699857749 0.17624813548679 0.19581290249954 0.18055025696205 0.16011274037443 0.18640859140349 -0.61978584628981 -0.59485494965708 -0.6588573596688 -0.52377890086364 -0.58465187149799 -0.61220302502267 -0.60322725325944 -0.58493311785979 -0.66666666666667 -0.52481839811896 0.15504184677922 0.19654284957007 -0.47696671514291 -0.5008295304868 -0.44305404871338 -0.49009738115263 -0.47599650082873 -0.45372242628814 -0.53127734830009"
General-0-20251226-14:50:24-93475,vector,AdhocNetwork1.host[5].app[1],e2eDelayPeriodicSec,,,"1 2 3 4 5 6 7 8 9 10 11 12 13 14 15 16 17 18 19 20 21 22 23 24 25 26 27 28 29 30 31 32 33 34 35 36 37 38 39 40 41 42 43 44 45 46 47 48 49 50","NaN NaN NaN NaN NaN NaN NaN NaN NaN NaN NaN NaN NaN NaN NaN NaN NaN NaN NaN NaN NaN NaN NaN NaN NaN NaN NaN NaN NaN NaN NaN NaN NaN NaN NaN NaN NaN NaN NaN NaN NaN NaN NaN NaN NaN NaN NaN NaN NaN NaN"
General-0-20251226-14:50:24-93475,vector,AdhocNetwork1.host[5].rl,rlReward,,,"1 2 3 4 5 6 7 8 9 10 11 12 13 14 15 16 17 18 19 20 21 22 23 24 25 26 27 28 29 30 31 32 33 34 35 36 37 38 39 40 41 42 43 44 45 46 47 48 49 50","0.33333333333333 0 0.023273826232156 0.08444119617868 0 -0.51406303586547 -0.58025995380679 -0.45961150996916 -0.39427422057973 -0.48966133638978 -0.52012200595687 0.17811793062728 0.49576653968423 0.49784207917536 0.49459186277947 0.47666513391401 0.47870441222255 0.05500474805927 0.49926699109908 0.19247793922623 0.46306061771388 0.44872456801869 0.30034851260175 0.42166872089962 0.47145524526229 0.47785634660239 0.44964322959697 0.32844787013623 0.45408199749596 0.48216409547142 0.39519572963949 0.3 0.46902043273697 0.45567298676393 0.86128197635059 0.50144164410409 0.48802276734945 0.50338687125883 0.50126000164875 -0.49697536552778 -0.50935777447387 0.51308024260754 0.51989188732961 0.48955916927833 0.5095141949622 0.50150202252116 0.45968566962314 0.48044571983723 0.48369217305942 0.50881974769981"
General-0-20251226-14:50:24-93475,vector,AdhocNetwork1.host[6].app[1],e2eDelayPeriodicSec,,,"1 2 3 4 5 6 7 8 9 10 11 12 13 14 15 16 17 18 19 20 21 22 23 24 25 26 27 28 29 30 31 32 33 34 35 36 37 38 39 40 41 42 43 44 45 46 47 48 49 50","NaN NaN NaN NaN NaN NaN NaN NaN NaN NaN NaN NaN NaN NaN NaN NaN NaN NaN NaN NaN NaN NaN NaN NaN NaN NaN NaN NaN NaN NaN NaN NaN NaN NaN NaN NaN NaN NaN NaN NaN NaN NaN NaN NaN NaN NaN NaN NaN NaN NaN"
General-0-20251226-14:50:24-93475,vector,AdhocNetwork1.host[6].rl,rlReward,,,"1 2 3 4 5 6 7 8 9 10 11 12 13 14 15 16 17 18 19 20 21 22 23 24 25 26 27 28 29 30 31 32 33 34 35 36 37 38 39 40 41 42 43 44 45 46 47 48 49 50","0.33333333333333 0 0.32000323254894 0.3732064201221 0.3 0.42322147889986 0.40155328459747 -0.66023337132936 -0.56989228356924 -0.57104753881078 -0.43646330900561 0.69743748949605 0.39043961463635 0.15532244742077 0.16028511064157 0.42961468952062 0.40832238268306 0.39431666996982 0.45570606928193 0.43051640294041 0.14028521342836 0.40167719209976 0.066832707257443 0.1390762186581 0.16345742036319 0.15646029082397 0.3851475148026 -0.082164801952343 0.13482333370687 0.12927237016027 0.43569240456836 -0.5931497801907 -0.66422074020456 -0.66666666666667 -0.38291418113757 -0.50016395767902 -0.60535977637001 -0.66051095955641 -0.53789580234624 -0.56234577045971 -0.42037760166648 0.2412692761896 0.26093234080244 0.1653024845201 0.12755743939983 0.10659190330918 0.37714576894224 0.23873873967018 0.30862392721123 0.3209718235804"
General-0-20251226-14:50:24-93475,vector,AdhocNetwork1.host[7].app[1],e2eDelayPeriodicSec,,,"1 2 3 4 5 6 7 8 9 10 11 12 13 14 15 16 17 18 19 20 21 22 23 24 25 26 27 28 29 30 31 32 33 34 35 36 37 38 39 40 41 42 43 44 45 46 47 48 49 50","NaN 0 0 0 0 0 0 NaN 0 0 0 NaN 0 0 0 NaN NaN 0 0 0 0 0 0 NaN NaN 0 0 0 NaN 0 0 0 0 0 0 NaN 0 0 0 0 0 0 NaN NaN 0 0 0 0 0 0"
General-0-20251226-14:50:24-93475,vector,AdhocNetwork1.host[7].rl,rlReward,,,"1 2 3 4 5 6 7 8 9 10 11 12 13 14 15 16 17 18 19 20 21 22 23 24 25 26 27 28 29 30 31 32 33 34 35 36 37 38 39 40 41 42 43 44 45 46 47 48 49 50","0.33333333333333 0 0.086241210821175 0.10471477242734 0.078846129028527 0.13627389614735 0.036096321012735 0.063753280567899 0.14372104316249 0.062558660324015 0.0033420030109424 0.092088828141542 0.08452929987213 0.13541550687305 0.10744939795227 0.064213300825449 0.089064106155338 0.088353794550268 0.098629480796442 0.067757440814801 0.091470722560481 0.042792047305297 0.0055907578864107 0.13443197792158 0.087359753577499 0.077727181408704 0.089809240532069 0.0039282758313532 -0.10195912804568 0.15399793367962 0.091064685259459 0.01948810424272 0.049427731857894 0 0.12394732331954 0.062052950480661 0.070590745085524 0.11306737531596 0.17749123914238 0.19497995514176 0.14937599207121 0.18893087317008 0.19407372615595 0.11696557970932 0.19508265954415 0.18632847834187 0.1331042194449 0.13841316115961 0.12187144528034 0.1760357841907"
General-0-20251226-14:50:24-93475,vector,AdhocNetwork1.host[8].app[1],e2eDelayPeriodicSec,,,"1 2 3 4 5 6 7 8 9 10 11 12 13 14 15 16 17 18 19 20 21 22 23 24 25 26 27 28 29 30 31 32 33 34 35 36 37 38 39 40 41 42 43 44 45 46 47 48 49 50","NaN NaN NaN NaN NaN NaN NaN NaN NaN NaN NaN NaN NaN NaN NaN NaN NaN NaN NaN NaN NaN NaN NaN NaN NaN NaN NaN NaN NaN NaN NaN NaN NaN NaN NaN NaN NaN NaN NaN NaN NaN NaN NaN NaN NaN NaN NaN NaN NaN NaN"
General-0-20251226-14:50:24-93475,vector,AdhocNetwork1.host[8].rl,rlReward,,,"1 2 3 4 5 6 7 8 9 10 11 12 13 14 15 16 17 18 19 20 21 22 23 24 25 26 27 28 29 30 31 32 33 34 35 36 37 38 39 40 41 42 43 44 45 46 47 48 49 50","0.33333333333333 0 0.068764268371499 0.078720951682722 0 0.17674527240239 0.10372410345313 0.090943257050075 0.11880244780257 0.053387461814986 0.13618964943659 0.049688878791524 0.10587772136231 0.02814168176 0.074888865048863 0.05389218258076 0 0.073751682008503 0.042728617264361 0.16525827659918 0.074212781708917 0 0.036532030029869 0.072825297819364 0.11443134643128 0.15872760362721 -0.06633232019981 0.12810629559296 0.1006028301979 0.14766270278843 0.12954576877311 0.015528943189632 0 0.14811224524187 0.090512099321759 0 0.16190378762352 0.16574604052875 0.1962462838675 0.14478187240496 0.51233713821529 0.16189167828249 0.19813625176859 -0.43970372057595 -0.44095666520053 -0.46936643361156 -0.54987062066776 -0.50831590417448 -0.22759255167543 -0.47664100760954"
General-0-20251226-14:50:24-93475,vector,AdhocNetwork1.host[9].app[1],e2eDelayPeriodicSec,,,"1 2 3 4 5 6 7 8 9 10 11 12 13 14 15 16 17 18 19 20 21 22 23 24 25 26 27 28 29 30 31 32 33 34 35 36 37 38 39 40 41 42 43 44 45 46 47 48 49 50","NaN 0.089474922322 0.089474922322 0.089474922322 NaN NaN NaN NaN NaN 0.074409700005 0.074409700005 0.074409700005 0.023093532413 0.023093532413 0.023093532413 NaN NaN 0.02936808467 0.02936808467 0.02936808467 NaN 0.041308634185 0.041308634185 0.041308634185 NaN NaN NaN NaN NaN NaN NaN NaN NaN 0.138851763493 0.138851763493 0.138851763493 NaN NaN NaN NaN NaN 0.037393691196 0.037393691196 0.037393691196 NaN NaN NaN NaN NaN NaN"
General-0-20251226-14:50:24-93475,vector,AdhocNetwork1.host[9].rl,rlReward,,,"1 2 3 4 5 6 7 8 9 10 11 12 13 14 15 16 17 18 19 20 21 22 23 24 25 26 27 28 29 30 31 32 33 34 35 36 37 38 39 40 41 42 43 44 45 46 47 48 49 50","0.33333333333333 0 0.42870961917258 0.80728490884167 0.66666666666667 0.82152006734878 -0.56266250558282 -0.58865586522066 -0.56565211737387 -0.66666666666667 -0.55720708595081 0.1470445047745 0.18835644636541 0.17083654102313 0.20322321945375 0.021474595671932 0.12273493869178 0.16462688023286 0.39929646986726 0.1839790001576 0.43800127264456 0.44027587265684 0.43597142497571 0.48371175193964 0.49928312331591 0.49322992474218 0.47318213605623 0.493768659841 0.50887984878702 0.51123413043855 0.48386655072268 0.44819209121319 0.4482453949718 0.3 0.50229930965504 0.50649459306225 0.47424646752548 0.44545929455673 0.49520877263168 0.50121055532723 0.48874405703313 0.41159374184205 0.43888692173618 0.46008185364508 0.43415955786906 0.478175426402 0.46691056385756 0.49324594586473 0.42773564200756 0.48488117384404"
General-0-20251226-14:50:24-93475,vector,AdhocNetwork1.host[10].app[1],e2eDelayPeriodicSec,,,"1 2 3 4 5 6 7 8 9 10 11 12 13 14 15 16 17 18 19 20 21 22 23 24 25 26 27 28 29 30 31 32 33 34 35 36 37 38 39 40 41 42 43 44 45 46 47 48 49 50","NaN 0.017097416368 0.017097416368 0.017097416368 0.016184937273 0.016184937273 0.016184937273 NaN NaN 0.008453818242 0.008453818242 0.008453818242 NaN NaN 0.00813310652 0.00813310652 0.00813310652 NaN 0.007992456788 0.007992456788 0.007992456788 0.009102002664 0.009102002664 0.009102002664 NaN 0.008411565101 0.008411565101 0.008411565101 0.00847112935 0.00847112935 0.00847112935 NaN 0.009771212416 0.009771212416 0.009771212416 NaN NaN 0.007609961367 0.007609961367 0.007609961367 NaN NaN NaN 0.008389401451 0.008389401451 0.008389401451 NaN NaN 0.008249207633 0.008249207633"
General-0-20251226-14:50:24-93475,vector,AdhocNetwork1.host[10].rl,rlReward,,,"1 2 3 4 5 6 7 8 9 10 11 12 13 14 15 16 17 18 19 20 21 22 23 24 25 26 27 28 29 30 31 32 33 34 35 36 37 38 39 40 41 42 43 44 45 46 47 48 49 50","0.33333333333333 0 0.090815912349177 0.087244149117058 0.048571265903813 0.12396002903913 0.16547649008459 0.070365317193855 0.15228032214388 0.051416710455321 0.066890390656302 0.09877508998513 0.092297183724726 -0.063799944449181 0.070018467692237 0.079469419186242 0.085719395347542 0.10608583028074 -0.061558513372173 0.10054303876378 0.13426611927489 0.043576915524061 0 0.14986740254393 0.16131012749015 0.14662796388892 0.16094396009291 0.013080945495995 0.10389437414805 0.18746154461795 0.092024633766157 0.095276645007758 0.062974083439227 0.10604675080403 0.18334630594391 0.17354444616276 0.068446631053654 0.13863466604264 -0.49894050801668 -0.51458026444339 -0.40314294688607 0.20166918249467 0.05250507818345 0.16586485710761 0.21096116229666 0.19103180735467 0.17285236639564 0.18193836775395 0.1438238927161 0.050534344143067"
General-0-20251226-14:50:24-93475,vector,AdhocNetwork1.host[11].app[1],e2eDelayPeriodicSec,,,"1 2 3 4 5 6 7 8 9 10 11 12 13 14 15 16 17 18 19 20 21 22 23 24 25 26 27 28 29 30 31 32 33 34 35 36 37 38 39 40 41 42 43 44 45 46 47 48 49 50","NaN NaN NaN NaN NaN NaN NaN NaN NaN NaN NaN NaN NaN 0.015728169317 0.015728169317 0.015728169317 NaN NaN NaN NaN NaN NaN NaN 0.055716871139 0.055716871139 0.055716871139 NaN NaN NaN NaN NaN 0.030244536575 0.030244536575 0.030244536575 0.019772389907 0.019772389907 0.019772389907 NaN 0.020851689848 0.020851689848 0.020851689848 0.016184041125 0.016184041125 0.016184041125 NaN 0.019457068557 0.019457068557 0.019457068557 NaN 0.015862039761"
General-0-20251226-14:50:24-93475,vector,AdhocNetwork1.host[11].rl,rlReward,,,"1 2 3 4 5 6 7 8 9 10 11 12 13 14 15 16 17 18 19 20 21 22 23 24 25 26 27 28 29 30 31 32 33 34 35 36 37 38 39 40 41 42 43 44 45 46 47 48 49 50","0.33333333333333 0 0.071854818883895 0.14169984808813 0.092106319519385 0.13617008897727 0 0.084851614568742 0.087029417503821 0.12225938998233 -0.1036717699978 0.11272626115516 0.16086788129153 0.13417943363916 0.16313516917624 0.14375822564165 0.10920199486333 0.17140104138481 0.18602681765325 0.14784804437708 0.12380529190861 0.130435699508 0.11594187695645 0.12913270755144 0.11772733286159 0.16543250679948 0.12770468097161 0.1572628478228 0.17497586396857 0.17836483886303 -0.0013967647384844 0 0.13502078903497 0.16126006365039 0.82906782881806 0.091576013345925 0.071811177413277 0.097742453252486 0.38437643673741 -0.66666666666667 -0.46469721227425 0.15498050345751 0.17267408823301 -0.46566617455009 -0.48006464503225 -0.47961226764246 -0.56050387067041 -0.47174557525832 -0.51093070700079 -0.51901893056047"
General-0-20251226-14:50:24-93475,vector,AdhocNetwork1.host[12].app[1],e2eDelayPeriodicSec,,,"1 2 3 4 5 6 7 8 9 10 11 12 13 14 15 16 17 18 19 20 21 22 23 24 25 26 27 28 29 30 31 32 33 34 35 36 37 38 39 40 41 42 43 44 45 46 47 48 49 50","NaN NaN NaN NaN NaN NaN NaN NaN NaN NaN NaN NaN NaN NaN NaN NaN NaN NaN NaN NaN NaN NaN NaN NaN NaN NaN NaN NaN NaN NaN NaN NaN NaN NaN NaN NaN NaN NaN NaN NaN NaN NaN NaN NaN NaN NaN NaN NaN NaN NaN"
General-0-20251226-14:50:24-93475,vector,AdhocNetwork1.host[12].rl,rlReward,,,"1 2 3 4 5 6 7 8 9 10 11 12 13 14 15 16 17 18 19 20 21 22 23 24 25 26 27 28 29 30 31 32 33 34 35 36 37 38 39 40 41 42 43 44 45 46 47 48 49 50","0.33333333333333 0 0.074948415118946 0.086827844555859 0.039305350702586 0.042779796399243 0 0.089294957333851 0.021786590444818 0 0.058015047420694 0.014452589508346 0.1204353395804 0.059395070541171 -0.56123070994839 -0.60621409867601 -0.6274973993584 -0.47840365334924 -0.38776620921521 -0.51546821311788 -0.59456397999768 0.0036302512858111 0.16887413068662 0.081361923342363 -0.067360795803881 0.28468349438449 0.015561923939828 0.38850876633422 0.14589998526052 0.1469508061318 0.19827088139787 -0.5 -0.63668720985134 -0.59900099696127 -0.30648972271411 -0.6 -0.62536482881186 -0.446023693027 -0.5 -0.66666666666667 -0.51819770319653 -0.029283785802106 0.2984215537213 0.17357195374375 0.37789279584514 0.1793473345015 0.17463134780693 0.46452087257761 0.19427801124596 0.20713641721955"
General-0-20251226-14:50:24-93475,vector,AdhocNetwork1.host[13].app[1],e2eDelayPeriodicSec,,,"1 2 3 4 5 6 7 8 9 10 11 12 13 14 15 16 17 18 19 20 21 22 23 24 25 26 27 28 29 30 31 32 33 34 35 36 37 38 39 40 41 42 43 44 45 46 47 48 49 50","NaN NaN NaN NaN NaN NaN NaN NaN NaN NaN NaN NaN NaN NaN NaN NaN NaN NaN NaN NaN NaN NaN NaN NaN NaN NaN NaN NaN NaN NaN NaN NaN NaN NaN NaN NaN NaN NaN NaN NaN NaN NaN NaN NaN NaN NaN NaN NaN NaN 0.145300931878"
General-0-20251226-14:50:24-93475,vector,AdhocNetwork1.host[13].rl,rlReward,,,"1 2 3 4 5 6 7 8 9 10 11 12 13 14 15 16 17 18 19 20 21 22 23 24 25 26 27 28 29 30 31 32 33 34 35 36 37 38 39 40 41 42 43 44 45 46 47 48 49 50","0.33333333333333 0 0.10154248918454 0.15740205292002 0.0066487110412797 0.12844973928802 0.079239835747465 0.086250537236752 0.11206926264666 0.16177071107604 -0.5613136670042 0.093466295750909 0.16644520458804 0.16002244799847 0.35600036755129 0.17175227653137 0.063219883464822 0.15730712585227 0.15560036046138 0.17202120764288 0.093559965522139 0.085683103902391 0.1 0.1 0.32591573506837 0.35848858976296 0.35932839756478 0.41002347129309 0.48486715240194 0.45238715507039 0.46793901561856 0.28849820951932 0.27754848226579 0.36715883447655 0.36230656617566 0.34032036957737 0.31043214946924 0.29702051103396 0.37260384684928 -0.33693553381173 -0.22830625149402 0.31254772274781 0.36794523161853 -0.051117744603308 0.31410471875887 0.3554425139116 0.1322497355642 0.31425350080092 0.21039120186149 0.17303068094465"
General-0-20251226-14:50:24-93475,vector,AdhocNetwork1.host[14].app[1],e2eDelayPeriodicSec,,,"1 2 3 4 5 6 7 8 9 10 11 12 13 14 15 16 17 18 19 20 21 22 23 24 25 26 27 28 29 30 31 32 33 34 35 36 37 38 39 40 41 42 43 44 45 46 47 48 49 50","NaN 0.150288191359 0.150288191359 0.150288191359 0.007830344333 0.007830344333 0.007830344333 NaN NaN 0.027254629749 0.027254629749 0.027254629749 NaN 0.009072945384 0.009072945384 0.009072945384 0.019192968286 0.019192968286 0.019192968286 NaN 0.008134950157 0.008134950157 0.008134950157 NaN NaN NaN NaN NaN 0.015683413541 0.015683413541 0.015683413541 NaN 0.008094920455 0.008094920455 0.008094920455 NaN 0.010305376748 0.010305376748 0.010305376748 NaN 0.014672861271 0.014672861271 0.014672861271 NaN NaN 0.00878538669 0.00878538669 0.00878538669 NaN 0.007874425844"
General-0-20251226-14:50:24-93475,vector,AdhocNetwork1.host[14].rl,rlReward,,,"1 2 3 4 5 6 7 8 9 10 11 12 13 14 15 16 17 18 19 20 21 22 23 24 25 26 27 28 29 30 31 32 33 34 35 36 37 38 39 40 41 42 43 44 45 46 47 48 49 50","0.33333333333333 0 0.15800306644176 0.80379643303402 0.068490721816527 0.083868925257361 -0.58936718980377 -0.54684356560082 -0.36483750080975 0 -0.49587901167038 0.15243579413374 0.20197507226846 0.067013509632692 0.21429346034704 0.20170671452341 0.44287864272817 0.46936611425836 -0.2308786181373 -0.49591099019588 -0.51524395564992 0.32545930648744 0.36862431682176 -0.62533242304398 -0.57064612902969 -0.49777619150368 -0.54279576985532 -0.50835591003645 -0.50231079959472 -0.39305993381431 -0.53093873426799 0.030465301352575 0.36404301862407 0.094288879321364 0.49521442912573 -0.66666666666667 -0.53571210653346 -0.18824303802701 -0.34031383364216 -0.58107415424946 -0.5094885011955 0.14723595051303 0.49235940149102 0.39688905850559 0.20068484518356 0.057396774556871 0.83702447433364 -0.18248294101817 0.18400646595962 -0.53453046631391"
General-0-20251226-14:50:24-93475,vector,AdhocNetwork1.host[15].app[1],e2eDelayPeriodicSec,,,"1 2 3 4 5 6 7 8 9 10 11 12 13 14 15 16 17 18 19 20 21 22 23 24 25 26 27 28 29 30 31 32 33 34 35 36 37 38 39 40 41 42 43 44 45 46 47 48 49 50","NaN 0.011592433989 0.011592433989 0.011592433989 NaN NaN NaN 3.006569408504 3.006569408504 3.006569408504 NaN 0.008013811615 0.008013811615 0.008013811615 NaN 0.009146805091 0.009146805091 0.009146805091 NaN NaN NaN NaN NaN 0.046348995224 0.046348995224 0.046348995224 NaN 0.019669045661 0.019669045661 0.019669045661 NaN 0.017315845323 0.017315845323 0.017315845323 NaN 0.02399122748 0.02399122748 0.02399122748 NaN NaN NaN NaN NaN NaN NaN NaN NaN NaN NaN NaN"
General-0-20251226-14:50:24-93475,vector,AdhocNetwork1.host[15].rl,rlReward,,,"1 2 3 4 5 6 7 8 9 10 11 12 13 14 15 16 17 18 19 20 21 22 23 24 25 26 27 28 29 30 31 32 33 34 35 36 37 38 39 40 41 42 43 44 45 46 47 48 49 50","0.33333333333333 0 0.14753549409697 0.10661689183741 0 0.16788262930937 0.44548739641336 0.13641685708198 0.20571623486773 -0.49672751255719 -0.49301856096985 0.15943881061651 0.43816366104466 0.48664166379854 0.48109981973949 0.45867568058767 0.42524399218412 0.45881180054103 0.46918944725286 0.48546791614208 0.46804654760968 0.42726553656854 0.3 0.44334795753462 0.46435830492801 0.4700610145583 0.45558363626727 0.32151404847139 0.45857225535486 0.48120987599758 0.41055177645382 0.3 0.45495030782075 0.46441048976407 0.49538972611588 0.49561602299191 0.44479941779975 0.49621191644631 -0.51175298592103 -0.4430970946744 -0.49362824104044 0.50688604611972 0.50697392185639 0.49072424237717 0.45437593394516 0.49501588392765 0.48785311810637 0.47636680218401 0.45516039395461 0.50509910906996"
General-0-20251226-14:50:24-93475,vector,AdhocNetwork1.host[16].app[1],e2eDelayPeriodicSec,,,"1 2 3 4 5 6 7 8 9 10 11 12 13 14 15 16 17 18 19 20 21 22 23 24 25 26 27 28 29 30 31 32 33 34 35 36 37 38 39 40 41 42 43 44 45 46 47 48 49 50","NaN NaN NaN NaN NaN NaN NaN NaN NaN NaN NaN NaN NaN NaN NaN NaN NaN NaN NaN NaN NaN NaN NaN NaN NaN NaN NaN NaN NaN NaN NaN NaN NaN NaN NaN NaN NaN NaN NaN NaN NaN NaN NaN NaN NaN NaN NaN NaN NaN NaN"
General-0-20251226-14:50:24-93475,vector,AdhocNetwork1.host[16].rl,rlReward,,,"1 2 3 4 5 6 7 8 9 10 11 12 13 14 15 16 17 18 19 20 21 22 23 24 25 26 27 28 29 30 31 32 33 34 35 36 37 38 39 40 41 42 43 44 45 46 47 48 49 50","0.33333333333333 0 0.12069806549096 0.10530732690495 0 0.1245747328724 0.12036469664965 0.11464180111935 0.14697414002963 0.16749957109621 0.14017389187652 0.12654542805075 0.18469930643825 0.17929618898048 0.18199459649851 0.1832248949045 0.13396568760158 0.1648389354502 0.16860502422977 0.19446852354704 0.19213274639283 0.16172480621463 0.15334855064596 0.15961324979722 0.2039981607809 0.20039050628762 0.16059234144792 0.19193977755764 0.21597182799319 0.041462943932679 0.1721704943109 0.056051020098345 0.11115509891813 0.12191007967546 0.16714458602371 0.081546487509678 0.090450215890083 0.42690636584045 0.43810696494056 0 0.15278040798629 0.10435338967729 0.10445298215876 0.13498814602115 0.12217642255105 0.1520692311789 0.093568887410445 0.15918349998803 0.1566765643718 0.093468097226295"
General-0-20251226-14:50:24-93475,vector,AdhocNetwork1.host[17].app[1],e2eDelayPeriodicSec,,,"1 2 3 4 5 6 7 8 9 10 11 12 13 14 15 16 17 18 19 20 21 22 23 24 25 26 27 28 29 30 31 32 33 34 35 36 37 38 39 40 41 42 43 44 45 46 47 48 49 50","NaN 0.070227842549 0.070227842549 0.070227842549 0.009576464456 0.009576464456 0.009576464456 0.01989089812 0.01989089812 0.01989089812 NaN 0.012327583106 0.012327583106 0.012327583106 0.008054986368 0.008054986368 0.008054986368 NaN 0.016324296523 0.016324296523 0.016324296523 0.023088654267 0.023088654267 0.023088654267 NaN 0.01774773255 0.01774773255 0.01774773255 NaN 0.019530866233 0.019530866233 0.019530866233 NaN NaN 0.018842525486 0.018842525486 0.018842525486 NaN 0.063855482549 0.063855482549 0.063855482549 NaN NaN 0.077822568935 0.077822568935 0.077822568935 NaN NaN 0.115433261855 0.115433261855"
General-0-20251226-14:50:24-93475,vector,AdhocNetwork1.host[17].rl,rlReward,,,"1 2 3 4 5 6 7 8 9 10 11 12 13 14 15 16 17 18 19 20 21 22 23 24 25 26 27 28 29 30 31 32 33 34 35 36 37 38 39 40 41 42 43 44 45 46 47 48 49 50","0.33333333333333 0 0.13006248068738 0.08504723288652 0.13176269954879 -0.63147579125531 -0.605118321794 -0.53961144742243 -0.40327188179211 -0.61290017612275 -0.48677357410446 0.21419419518573 0.38954432368227 0.097989821135623 0.29333844261595 0.20169380205875 0.15897054990756 0.29190915109137 0.19504398019696 0.37939710349373 0.35799008020653 0.14998298131174 0.25853523172535 0.34044828656214 0.30146702300317 0.35406110097843 0.27466425541234 0.28085716662168 0.36159339747162 0.35542423252735 0.30037536741409 0.15548073723935 -0.4102965104795 -0.25738908556324 -0.23707411059144 -0.1 -0.27930620215688 -0.52816770600144 -0.24246546581785 -0.48658589487969 -0.1973234719136 0.28912152547621 0.27530060027602 0.32472286067278 0.37777669533109 0.14050035508864 0.099574866292172 0.3813093574912 0.08870126741861 0.17980926084718"
General-0-20251226-14:50:24-93475,vector,AdhocNetwork1.host[18].app[1],e2eDelayPeriodicSec,,,"1 2 3 4 5 6 7 8 9 10 11 12 13 14 15 16 17 18 19 20 21 22 23 24 25 26 27 28 29 30 31 32 33 34 35 36 37 38 39 40 41 42 43 44 45 46 47 48 49 50","NaN NaN NaN NaN 0.033130995172 0.033130995172 0.033130995172 NaN NaN NaN NaN NaN NaN NaN NaN NaN 0.016364746098 0.016364746098 0.016364746098 NaN 0.028575606738 0.028575606738 0.028575606738 NaN 0.14649057029 0.14649057029 0.14649057029 NaN 0.015935378619 0.015935378619 0.015935378619 0.03486831576 0.03486831576 0.03486831576 NaN 0.08790062622 0.08790062622 0.08790062622 NaN NaN NaN NaN NaN 0.023429243015 0.023429243015 0.023429243015 NaN NaN 0.077035943324 0.077035943324"
General-0-20251226-14:50:24-93475,vector,AdhocNetwork1.host[18].rl,rlReward,,,"1 2 3 4 5 6 7 8 9 10 11 12 13 14 15 16 17 18 19 20 21 22 23 24 25 26 27 28 29 30 31 32 33 34 35 36 37 38 39 40 41 42 43 44 45 46 47 48 49 50","0.33333333333333 0.1 0.13263814239833 0.13185894128069 0 0.12845903829203 0.43149470827895 0.39158358974292 -0.46917524632094 -0.53806998213109 -0.54392560782603 0.19257986703801 0.44311834614902 0.43891141354233 0.84651130121519 0.42848842493044 0.35143178258557 0.4380548834679 0.39404704420345 0.44834714507697 0.367014679965 0.3012999482459 0.15123064424416 0.16042276499422 0.36538371395409 0.40118154624582 0.38859651088489 0.43137585830832 0.43048735147952 0.39252885088114 0.40347819405712 0.34133981290193 0.26624242951656 0.1851639683495 0.39880486239207 0.3275813535778 0.35713615901705 0.28410236163741 0.43345395322443 0.35740532107116 0.41427170183205 0.3476469336231 0.41450229549445 0.38593788386687 -0.55205628537403 -0.21444829224107 -0.29751836720482 -0.21942616160046 -0.32875216344506 -0.23503003776542"
General-0-20251226-14:50:24-93475,vector,AdhocNetwork1.host[19].app[1],e2eDelayPeriodicSec,,,"1 2 3 4 5 6 7 8 9 10 11 12 13 14 15 16 17 18 19 20 21 22 23 24 25 26 27 28 29 30 31 32 33 34 35 36 37 38 39 40 41 42 43 44 45 46 47 48 49 50","NaN NaN NaN NaN NaN NaN NaN NaN NaN NaN 0.043851488816 0.043851488816 0.043851488816 0.020893661819 0.020893661819 0.020893661819 NaN NaN NaN NaN NaN 0.018989233645 0.018989233645 0.018989233645 NaN NaN NaN 0.023817461622 0.023817461622 0.023817461622 NaN 0.027670103511 0.027670103511 0.027670103511 NaN 0.024350347139 0.024350347139 0.024350347139 0.027957789996 0.027957789996 0.027957789996 0.028233314973 0.028233314973 0.028233314973 NaN NaN 0.02471472199 0.02471472199 0.02471472199 NaN"
General-0-20251226-14:50:24-93475,vector,AdhocNetwork1.host[19].rl,rlReward,,,"1 2 3 4 5 6 7 8 9 10 11 12 13 14 15 16 17 18 19 20 21 22 23 24 25 26 27 28 29 30 31 32 33 34 35 36 37 38 39 40 41 42 43 44 45 46 47 48 49 50","0.33333333333333 0 0.11148897071115 0.75782015299796 6.4896562262551e-05 -0.58232841556604 -0.63661758966565 -0.58677588575027 -0.47170843557331 0 -0.60389555342176 0.089394652324547 0.41001095056697 0.33912637435037 0.4126288913281 0.39625098124779 0.05055034889828 0.42040052080244 0.37188179615031 0.46587353843902 0.44277692376944 0.32865057313416 0.44577115039635 0.4573925579551 -0.083884092923937 0.45714308072017 0.43880391890974 0.44994003254639 0.43782859204388 0.46792918520875 0.46901470658743 0.26220653936926 0.38476734409352 0.46469997245944 0.47621937729872 0.36537434809377 0.4332180650355 -0.59343346602576 -0.58621686087243 -0.27167532968485 -0.54815542421828 0.37445640277572 0.36484664556335 0.33056078939424 0.42815581475363 0.39960536677677 0.36218567936091 0.25231376912398 0.32522937796139 0.40130722520194"
General-0-20251226-14:50:24-93475,vector,AdhocNetwork1.host[20].app[1],e2eDelayPeriodicSec,,,"1 2 3 4 5 6 7 8 9 10 11 12 13 14 15 16 17 18 19 20 21 22 23 24 25 26 27 28 29 30 31 32 33 34 35 36 37 38 39 40 41 42 43 44 45 46 47 48 49 50","NaN NaN NaN NaN 0.153004582374 0.153004582374 0.153004582374 NaN NaN NaN NaN NaN NaN NaN NaN NaN NaN NaN NaN NaN NaN NaN NaN NaN NaN NaN NaN NaN NaN NaN NaN NaN NaN 0.170069608848 0.170069608848 0.170069608848 0.087438291144 0.087438291144 0.087438291144 NaN NaN NaN NaN 0.068258565068 0.068258565068 0.068258565068 NaN NaN NaN NaN"
General-0-20251226-14:50:24-93475,vector,AdhocNetwork1.host[20].rl,rlReward,,,"1 2 3 4 5 6 7 8 9 10 11 12 13 14 15 16 17 18 19 20 21 22 23 24 25 26 27 28 29 30 31 32 33 34 35 36 37 38 39 40 41 42 43 44 45 46 47 48 49 50","0.33333333333333 0.3 0.0057263744474546 0.7173514736693 0 0.18558366511971 0.16166758310051 0.1300271563937 0.19629126788331 0.18476323489964 0.19424715009195 0.1688285684508 0.18468765370858 0.20691445405448 0.20258048118143 0.16129629587466 0.20055771139977 0.2065399070436 0.18982879090496 0.19483172374963 0.17903288044221 0.15659277771637 0.11130020112487 0.13699355904268 0.20642684337384 0.1324516965371 0.15937065620545 0.18359522142252 0.20949598716132 0.21465075266189 0.1965031829131 0.15529832069396 0.14143248084513 0 -0.4074072234961 -0.48735045963896 -0.5322276908804 -0.55480473280221 -0.50188171044337 0.15511109655476 -0.49101280054863 0.12570374229764 0.16597881253029 0.16245325487795 0.076408370765927 0.16266027818649 0.091435223334364 0.14673175030842 0.1364322623388 0.34490004256794"
General-0-20251226-14:50:24-93475,vector,AdhocNetwork1.host[21].app[1],e2eDelayPeriodicSec,,,"1 2 3 4 5 6 7 8 9 10 11 12 13 14 15 16 17 18 19 20 21 22 23 24 25 26 27 28 29 30 31 32 33 34 35 36 37 38 39 40 41 42 43 44 45 46 47 48 49 50","NaN NaN NaN NaN 0.274355970369 0.274355970369 0.274355970369 NaN NaN 0.016522914894 0.016522914894 0.016522914894 0.008373591725 0.008373591725 0.008373591725 NaN 0.012103523095 0.012103523095 0.012103523095 0.008192227105 0.008192227105 0.008192227105 NaN 0.007951676848 0.007951676848 0.007951676848 NaN NaN 0.008570635015 0.008570635015 0.008570635015 NaN 0.008409713675 0.008409713675 0.008409713675 NaN 0.009238835218 0.009238835218 0.009238835218 NaN NaN 0.008918982726 0.008918982726 0.008918982726 NaN 0.008189713508 0.008189713508 0.008189713508 0.008150387508 0.008150387508"
General-0-20251226-14:50:24-93475,vector,AdhocNetwork1.host[21].rl,rlReward,,,"1 2 3 4 5 6 7 8 9 10 11 12 13 14 15 16 17 18 19 20 21 22 23 24 25 26 27 28 29 30 31 32 33 34 35 36 37 38 39 40 41 42 43 44 45 46 47 48 49 50","0.33333333333333 0 0.093044719749459 0.016088384531784 -0.7 -0.64380251174849 -0.35956654683369 -0.50899618040784 -0.56719454227605 -0.6 -0.45090595366146 0.16532794099091 0.41883244623086 0.1271675725961 0.3983515846372 0.40425482764571 0.36251603277696 0.32852508811494 0.34405210089191 0.44934239800526 0.39008627371887 0.33026329246916 0.41490796393995 0.19899586137177 0.43490314987354 0.463971456941 0.41386821241304 0.42728465604124 0.40375016104911 0.42717638306632 0.43356463025765 0.32855989534448 0.32002841147696 0.32119762205048 0.43092284816592 0.33167022172491 0.38585469685311 -0.33179605509653 -0.26450133727337 -0.25023197325403 -0.19086979358301 0.21653910692187 0.30163428504092 0.3869890320514 0.40623272650789 0.29171183023762 0.16295264264911 0.32802981361296 0.1372141393727 0.19345318524337"
General-0-20251226-14:50:24-93475,vector,AdhocNetwork1.host[22].app[1],e2eDelayPeriodicSec,,,"1 2 3 4 5 6 7 8 9 10 11 12 13 14 15 16 17 18 19 20 21 22 23 24 25 26 27 28 29 30 31 32 33 34 35 36 37 38 39 40 41 42 43 44 45 46 47 48 49 50","NaN 0.029021053629 0.029021053629 0.029021053629 NaN NaN NaN NaN 0.020723870374 0.020723870374 0.020723870374 NaN NaN 0.029212232079 0.029212232079 0.029212232079 NaN NaN 0.016382066472 0.016382066472 0.016382066472 NaN NaN NaN NaN NaN NaN NaN NaN NaN NaN 0.03636238242 0.03636238242 0.03636238242 NaN NaN NaN NaN 3.070307575529 3.070307575529 3.070307575529 NaN NaN NaN NaN NaN NaN NaN NaN NaN"
General-0-20251226-14:50:24-93475,vector,AdhocNetwork1.host[22].rl,rlReward,,,"1 2 3 4 5 6 7 8 9 10 11 12 13 14 15 16 17 18 19 20 21 22 23 24 25 26 27 28 29 30 31 32 33 34 35 36 37 38 39 40 41 42 43 44 45 46 47 48 49 50","0.33333333333333 0 0.093714465965438 0.13658197098827 0.006431527696399 0.051148045136039 0.059604789555048 0.018105099708587 0.0024943653534748 0.01446646590403 0.057160605593828 0.064117513125236 0.10777339390092 0.094431995074851 0.13630717562948 0.093841226782993 0.096526561786548 0.1596529912795 0.016506181324959 0.17974397674093 0.13372142480886 0.061999227722191 0.045865071385 0.066688076625821 0.15037311054974 0.15680658839879 0.078254279614613 0.15798559628144 0.15753255353103 0.15582089656411 0.11303065292658 0.001767684425215 0.39946941115348 0.3 0.4666677775012 0.35727528923165 0.40955210727731 0.42047582104442 0.3967271704073 0.35508098363256 0.420306277617 0.36994597743683 0.38790421089074 -0.68879907782889 -0.69769704213888 -0.63493364695669 -0.7 -0.5772119942672 -0.7 -0.65910330884091"
General-0-20251226-14:50:24-93475,vector,AdhocNetwork1.host[23].app[1],e2eDelayPeriodicSec,,,"1 2 3 4 5 6 7 8 9 10 11 12 13 14 15 16 17 18 19 20 21 22 23 24 25 26 27 28 29 30 31 32 33 34 35 36 37 38 39 40 41 42 43 44 45 46 47 48 49 50","NaN NaN NaN NaN NaN NaN NaN NaN NaN NaN NaN NaN NaN NaN NaN NaN NaN NaN NaN NaN NaN NaN NaN NaN NaN NaN NaN NaN NaN NaN NaN NaN NaN NaN NaN NaN NaN NaN NaN NaN NaN NaN NaN NaN NaN NaN 0.049705140425 0.049705140425 0.049705140425 NaN"
General-0-20251226-14:50:24-93475,vector,AdhocNetwork1.host[23].rl,rlReward,,,"1 2 3 4 5 6 7 8 9 10 11 12 13 14 15 16 17 18 19 20 21 22 23 24 25 26 27 28 29 30 31 32 33 34 35 36 37 38 39 40 41 42 43 44 45 46 47 48 49 50","0.33333333333333 0 0.077012473306698 0.12416506809406 0 0.13937430430151 0.12164856665812 0 0.18561446599255 0.025006611732548 0.065181062860553 0.12801407909345 0.16339263103374 0.16784031388482 0.18115844238108 0.44013587655597 0.10866292540749 0.16622677380033 0.1723742933868 0.17254451311714 0.14962594387524 0.10710464014529 0 0.047779371707099 0.20635899664251 0.19918164750892 0.19031199700911 0.022055125244349 0.41927050474631 0.22579698315241 0.18661758436992 -0.0029068243068665 0.16088991415709 0.19758258112417 0.22109552828127 0.18051680395539 0.19746066646308 0.17279855067156 0.23282017801287 0.23311349907881 0.17692740874234 0.168640639236 0.2049087018226 0.19775277912024 0.033304465718032 0.2139271841712 0.081010985246456 0.18220603434894 0.4330558872954 0.16228984963968"
General-0-20251226-14:50:24-93475,vector,AdhocNetwork1.host[24].app[1],e2eDelayPeriodicSec,,,"1 2 3 4 5 6 7 8 9 10 11 12 13 14 15 16 17 18 19 20 21 22 23 24 25 26 27 28 29 30 31 32 33 34 35 36 37 38 39 40 41 42 43 44 45 46 47 48 49 50","NaN NaN NaN NaN NaN NaN NaN NaN NaN NaN NaN NaN NaN NaN NaN NaN NaN NaN NaN NaN NaN NaN 0.180394012586 0.180394012586 0.180394012586 NaN NaN NaN NaN NaN NaN NaN NaN NaN NaN NaN NaN NaN NaN NaN NaN 6.059844103579 6.059844103579 6.059844103579 NaN NaN NaN NaN 0.147014236607 0.147014236607"
General-0-20251226-14:50:24-93475,vector,AdhocNetwork1.host[24].rl,rlReward,,,"1 2 3 4 5 6 7 8 9 10 11 12 13 14 15 16 17 18 19 20 21 22 23 24 25 26 27 28 29 30 31 32 33 34 35 36 37 38 39 40 41 42 43 44 45 46 47 48 49 50","0.33333333333333 0 0.34166371418223 0.42022100251712 0.3406674458555 0.39149959316436 0.08060196909905 0.034931713730624 0.12094662859046 0.069767306904315 0.32681725318986 0.026026262874864 0.051216561219617 0.056116229870098 0.040145314102937 -0.15955100021582 0 0.05005309593806 0.087620146439282 0.10050109908624 0.3852018072969 0.014113854968535 0 0.093149714890827 0.19932188947726 0.19575042831216 0.45309151077853 0.42385975616362 0.20726938516495 0.19274432210623 0.16210756334282 0.16571221398259 0.12678159221214 0.012860768465593 0.22081654231741 0.1798059163699 0.15264653855993 0.1315303385381 0.20511226771935 0.23268826958737 0.20076750181549 0.20221421547161 0.026952853510138 -0.47606844914879 -0.4674733912897 -0.45832599932768 -0.49512408949331 -0.47967615349741 -0.54310804849968 -0.49475457448791"
General-1-20251226-14:50:24-93473,vector,AdhocNetwork1.host[0].app[1],e2eDelayPeriodicSec,,,"1 2 3 4 5 6 7 8 9 10 11 12 13 14 15 16 17 18 19 20 21 22 23 24 25 26 27 28 29 30 31 32 33 34 35 36 37 38 39 40 41 42 43 44 45 46 47 48 49 50","NaN NaN NaN NaN NaN NaN NaN NaN NaN NaN NaN NaN NaN NaN NaN NaN NaN NaN NaN NaN NaN NaN NaN NaN NaN NaN NaN NaN NaN NaN NaN NaN NaN NaN NaN NaN NaN NaN NaN NaN NaN NaN NaN NaN NaN NaN NaN NaN NaN NaN"
General-1-20251226-14:50:24-93473,vector,AdhocNetwork1.host[0].rl,rlReward,,,"1 2 3 4 5 6 7 8 9 10 11 12 13 14 15 16 17 18 19 20 21 22 23 24 25 26 27 28 29 30 31 32 33 34 35 36 37 38 39 40 41 42 43 44 45 46 47 48 49 50","0.33333333333333 0 0.077711508704551 0.083606683535268 0.070130394024032 0.015302423400124 0.0182537703865 -0.62025495614273 -0.66666666666667 -0.61827552006343 -0.7 0.1 0.29480572734403 0.33964947166904 0.25965759379701 0.22701103657584 0.15604659943285 0.39233042290088 0.4069432432022 0.39981663713223 0.34773603178959 0.25677134666398 0.3695890072331 0.39511630291396 0.42045854066385 0.40448898392265 0.4655287464703 0.27637147154594 0.41161936803959 0.42550470260387 0.39007196420026 0.37562820127041 0.3923702767518 0.41208605044091 0.40438909676989 0.41998257310094 0.32933817773244 0.3533125241064 0.41948449545506 0.39954579551467 0.39017399987356 0.27899970529232 0.36817289557551 0.37950806005528 0.41980962643812 0.48084375262072 0.34594048860472 0.39471681967662 0.42462820410702 0.48762007207912"
General-1-20251226-14:50:24-93473,vector,AdhocNetwork1.host[1].app[1],e2eDelayPeriodicSec,,,"1 2 3 4 5 6 7 8 9 10 11 12 13 14 15 16 17 18 19 20 21 22 23 24 25 26 27 28 29 30 31 32 33 34 35 36 37 38 39 40 41 42 43 44 45 46 47 48 49 50","NaN NaN NaN NaN NaN NaN NaN NaN NaN NaN NaN NaN NaN NaN NaN NaN NaN NaN NaN NaN NaN NaN NaN NaN NaN NaN NaN NaN NaN NaN NaN NaN NaN NaN NaN NaN NaN NaN NaN NaN NaN NaN NaN NaN NaN NaN NaN NaN NaN NaN"
General-1-20251226-14:50:24-93473,vector,AdhocNetwork1.host[1].rl,rlReward,,,"1 2 3 4 5 6 7 8 9 10 11 12 13 14 15 16 17 18 19 20 21 22 23 24 25 26 27 28 29 30 31 32 33 34 35 36 37 38 39 40 41 42 43 44 45 46 47 48 49 50","0.33333333333333 0 0.046666659639077 0.044165785622156 0 0.12535093087471 0.072053611923882 0.14143295418671 0.12696097336768 0.017963906137516 0 0 0 0.13860633613189 0.0068309661985987 0.065460305376981 0.13114077663804 0.40824330413631 0.41054554670668 0.44827398751889 0.42867197546277 0.33560249553096 0.39377535148815 0.41650079030875 -0.01200290893191 0.44825102790527 0.41180679190787 0.4057790420488 0.45656416009163 0.43738640322786 0.41424447822848 0.38425964100468 0.39613083515768 0.4076476892405 0.43764692766067 0.43266049135323 0.35406183085839 0.42034545233799 0.45062354490977 0.12018792823154 0.4199658372817 0.38292443891879 0.38240103794758 0.44110728153575 0.43608186656189 0.41554481352429 -0.66550732203974 -0.60162812724327 -0.1777484049666 -0.55697032459415"
General-1-20251226-14:50:24-93473,vector,AdhocNetwork1.host[2].app[1],e2eDelayPeriodicSec,,,"1 2 3 4 5 6 7 8 9 10 11 12 13 14 15 16 17 18 19 20 21 22 23 24 25 26 27 28 29 30 31 32 33 34 35 36 37 38 39 40 41 42 43 44 45 46 47 48 49 50","NaN NaN NaN NaN 0.073603468253 0.073603468253 0.073603468253 NaN NaN NaN NaN NaN NaN NaN NaN NaN NaN NaN NaN NaN NaN NaN NaN NaN NaN NaN NaN NaN NaN NaN NaN NaN NaN NaN NaN NaN NaN NaN NaN NaN NaN NaN NaN NaN NaN NaN NaN NaN NaN NaN"
General-1-20251226-14:50:24-93473,vector,AdhocNetwork1.host[2].rl,rlReward,,,"1 2 3 4 5 6 7 8 9 10 11 12 13 14 15 16 17 18 19 20 21 22 23 24 25 26 27 28 29 30 31 32 33 34 35 36 37 38 39 40 41 42 43 44 45 46 47 48 49 50","0.33333333333333 0 0.11172081796827 0.41328833127559 0.31577629041965 0.36829711065253 0.098037781712866 0.37031855184161 0.38952287901923 0.37811351016535 0.28228297260299 0.38365432923604 0.32630089817382 0.13149548079261 0.15636864060334 0.43244002259712 0.40692441259252 0.074425452403835 0.12615262318958 0.33609980535331 0.11463475265676 0.16592791672667 0.14878897915769 0.1708429500458 0.17084295004582 0.11500569856759 0.1655569708158 0.1708429500458 0.16291336295751 0.29591894428709 0.11500569856756 0.16555697081582 0.17084295004582 0.17084295004582 0.11162019888759 0.16592791672666 0.16592791672667 0.16291336295761 0.11954978597578 0.1708429500458 0.15836927554931 0.16555697081582 0.40759480737823 0.17084295004583 0.1708429500458 0.44966897637381 0.42775011057274 0.39663125165877 0.44998152972692 0.34128379928231"
General-1-20251226-14:50:24-93473,vector,AdhocNetwork1.host[3].app[1],e2eDelayPeriodicSec,,,"1 2 3 4 5 6 7 8 9 10 11 12 13 14 15 16 17 18 19 20 21 22 23 24 25 26 27 28 29 30 31 32 33 34 35 36 37 38 39 40 41 42 43 44 45 46 47 48 49 50","NaN 0 0 0 0 0 0 0 0 0 NaN NaN 0 0 0 0 0 0 NaN NaN 0 0 0 NaN 0 0 0 NaN 0 0 0 NaN NaN 0 0 0 0 0 0 0 0 0 0 0 0 NaN 0 0 0 NaN"
General-1-20251226-14:50:24-93473,vector,AdhocNetwork1.host[3].rl,rlReward,,,"1 2 3 4 5 6 7 8 9 10 11 12 13 14 15 16 17 18 19 20 21 22 23 24 25 26 27 28 29 30 31 32 33 34 35 36 37 38 39 40 41 42 43 44 45 46 47 48 49 50","0.33333333333333 -0.2 0.109391636615 0.76225864821313 0.13067532946959 0.037957777417735 0.064013736869722 0.095500408500115 0.11782643412944 0.1075947175483 0.095586281397389 0.72158642142089 -0.65047404884503 -0.55774706791794 -0.60825945390987 0 -0.57899147001902 -0.54534778917851 -0.5542321222656 -0.5778695021737 -0.61782714330218 0.15790573968963 0.075243915225403 0.11051283741344 0.12049922646022 0.11436225953421 0.11535097887761 0.13378620307752 0.32562931560689 0.33545507491214 0.14578484850011 0.38305315339338 -0.13017255335315 0.27543059846721 0.34380217097852 0.34759810180286 0.27126710591109 0.30717291427158 0.34737838296808 0.32220797941558 0.33884427610425 0.2227635236666 0.23486183116965 -0.024710575462713 0.32757127536626 -0.048730964573196 0.22067400366439 0.40037935328078 0.2972413132862 0.31088201808701"
General-1-20251226-14:50:24-93473,vector,AdhocNetwork1.host[4].app[1],e2eDelayPeriodicSec,,,"1 2 3 4 5 6 7 8 9 10 11 12 13 14 15 16 17 18 19 20 21 22 23 24 25 26 27 28 29 30 31 32 33 34 35 36 37 38 39 40 41 42 43 44 45 46 47 48 49 50","NaN NaN NaN NaN NaN NaN NaN NaN NaN NaN NaN NaN NaN 0.039384434951 0.039384434951 0.039384434951 NaN NaN NaN NaN NaN NaN NaN NaN NaN NaN NaN NaN NaN NaN NaN NaN NaN NaN NaN NaN NaN 0.030415616683 0.030415616683 0.030415616683 NaN NaN 0.062670711079 0.062670711079 0.062670711079 NaN NaN NaN NaN 0.033637868473"
General-1-20251226-14:50:24-93473,vector,AdhocNetwork1.host[4].rl,rlReward,,,"1 2 3 4 5 6 7 8 9 10 11 12 13 14 15 16 17 18 19 20 21 22 23 24 25 26 27 28 29 30 31 32 33 34 35 36 37 38 39 40 41 42 43 44 45 46 47 48 49 50","0.33333333333333 0 0.17273341366343 0.14421069345269 0.020643005805345 0.17075678687537 0.117276386566 0.092690594739302 0.16984405448927 0.12159735736907 0.069923357998118 0 0.099229513626772 0.12015276147499 0.15949186667725 0.058900819326769 0.36613408289561 0.074241416685206 0.27945460931188 0.1362985978544 0.14596812000346 0.014303139974944 0.3 0.24450278671301 0.29707790775045 0.1695641782214 0.1035297076569 0.072833183312738 0.14127588516746 0.095369015061816 0.082244589875339 0.053668582373377 0.04685512190017 0.036748892610235 0 0.15190848702226 0.031369914752009 0.39165620718577 0.16661644741155 0.0048176760327728 0.28276430511101 0.093789138036724 -0.2 0.11675104415048 0.15206206628525 0.12697420367443 0.092515923325135 0.088039212689806 0.15904508263909 0.13684044595072"
General-1-20251226-14:50:24-93473,vector,AdhocNetwork1.host[5].app[1],e2eDelayPeriodicSec,,,"1 2 3 4 5 6 7 8 9 10 11 12 13 14 15 16 17 18 19 20 21 22 23 24 25 26 27 28 29 30 31 32 33 34 35 36 37 38 39 40 41 42 43 44 45 46 47 48 49 50","NaN 0.01432911604 0.01432911604 0.01432911604 0.007791564664 0.007791564664 0.007791564664 NaN NaN 0.008190932027 0.008190932027 0.008190932027 NaN NaN 0.008730576814 0.008730576814 0.008730576814 NaN 0.007870447868 0.007870447868 0.007870447868 NaN 0.0339105716 0.0339105716 0.0339105716 NaN NaN 0.00719095761 0.00719095761 0.00719095761 0.029372482974 0.029372482974 0.029372482974 0.008431637786 0.008431637786 0.008431637786 NaN NaN 0.010852784234 0.010852784234 0.010852784234 0.031797798294 0.031797798294 0.031797798294 NaN 0.011946668366 0.011946668366 0.011946668366 0.007474122402 0.007474122402"
General-1-20251226-14:50:24-93473,vector,AdhocNetwork1.host[5].rl,rlReward,,,"1 2 3 4 5 6 7 8 9 10 11 12 13 14 15 16 17 18 19 20 21 22 23 24 25 26 27 28 29 30 31 32 33 34 35 36 37 38 39 40 41 42 43 44 45 46 47 48 49 50","0.33333333333333 0.3 0.19306185412255 0.75722733556702 0.077863335262109 -0.001789655179142 0.31499775319343 0.35885129609918 0.35628955620054 0.30551370052485 0.29908474888847 -0.038747785473435 0.28630223150482 0.38517132768245 0.36025483808609 0.29714457296992 0.3100664097207 0.32135579102387 0.36680286560344 0.33884719507685 0.3670582019442 0.22243823050064 0.1 0.1 0.40335850803425 0.44834363071834 0.41449381712472 0.28396521928561 0.25485423251304 0.37325527954361 0.40405934579132 0.2780450802087 0.26387287323503 0.42919983899769 0.18373963335682 0.4632160258142 0.18410736453084 0.263415584154 0.39797357995753 0.31561750291285 0.4118028074237 0.25553335564299 0.1 0.37129429519827 0.22977647725195 0.28893674094408 0.17074947210506 0.059845580416119 0.34976425963464 -0.49921830999922"
General-1-20251226-14:50:24-93473,vector,AdhocNetwork1.host[6].app[1],e2eDelayPeriodicSec,,,"1 2 3 4 5 6 7 8 9 10 11 12 13 14 15 16 17 18 19 20 21 22 23 24 25 26 27 28 29 30 31 32 33 34 35 36 37 38 39 40 41 42 43 44 45 46 47 48 49 50","NaN NaN NaN NaN NaN NaN NaN NaN NaN NaN NaN NaN NaN NaN NaN NaN NaN NaN NaN NaN NaN NaN 0.266272730429 0.266272730429 0.266272730429 NaN NaN NaN NaN 0.083845997396 0.083845997396 0.083845997396 NaN NaN NaN NaN NaN NaN NaN NaN NaN NaN 0.076291130381 0.076291130381 0.076291130381 NaN NaN NaN NaN 3.030939144958"
General-1-20251226-14:50:24-93473,vector,AdhocNetwork1.host[6].rl,rlReward,,,"1 2 3 4 5 6 7 8 9 10 11 12 13 14 15 16 17 18 19 20 21 22 23 24 25 26 27 28 29 30 31 32 33 34 35 36 37 38 39 40 41 42 43 44 45 46 47 48 49 50","0.33333333333333 0.3 0.32059686634799 0.30152586662795 0.32289353442229 0.32915062299949 0.3 0.31913470761948 -0.7 -0.62484312411736 -0.66295467134897 0.30035163192763 0.1 0.3871808606212 0.3 0.3 0.45467620056306 0.46418729249434 0.47621199766122 0.40758719328077 0.47992240095938 0.39126897326982 0.38672980093929 0.44551816599375 0.48443010585047 0.48373444980244 0.46651973955837 0.40395163264203 0.50314514870753 0.46766919797875 0.47504745915642 0.47453048293855 0.45613815593979 0.47383600192907 0.49745180525145 0.494830755988 0.43126418345762 0.45661023843611 0.46823053167588 0.44297135628969 0.46819999532028 0.38074137757478 0.34221890614339 0.80160823143326 -0.50424774819259 -0.56823865105879 -0.5414313083869 -0.21291555687113 -0.58967315831587 -0.58596107821476"
General-1-20251226-14:50:24-93473,vector,AdhocNetwork1.host[7].app[1],e2eDelayPeriodicSec,,,"1 2 3 4 5 6 7 8 9 10 11 12 13 14 15 16 17 18 19 20 21 22 23 24 25 26 27 28 29 30 31 32 33 34 35 36 37 38 39 40 41 42 43 44 45 46 47 48 49 50","NaN NaN NaN NaN NaN NaN NaN NaN NaN NaN NaN NaN NaN NaN NaN NaN NaN NaN NaN NaN NaN NaN 0.211484491026 0.211484491026 0.211484491026 NaN 0.063541141892 0.063541141892 0.063541141892 NaN NaN 0.097304881874 0.097304881874 0.097304881874 NaN NaN NaN NaN 0.031799992136 0.031799992136 0.031799992136 NaN NaN 0.03748567426 0.03748567426 0.03748567426 NaN NaN NaN NaN"
General-1-20251226-14:50:24-93473,vector,AdhocNetwork1.host[7].rl,rlReward,,,"1 2 3 4 5 6 7 8 9 10 11 12 13 14 15 16 17 18 19 20 21 22 23 24 25 26 27 28 29 30 31 32 33 34 35 36 37 38 39 40 41 42 43 44 45 46 47 48 49 50","0.33333333333333 -0.2 0.12595816582164 0.75065540429059 0.072673619094791 0.40967555885814 0.34393696631541 0.37071936209268 0.13554844405304 0.090636247985809 0.091921891466319 0.0025674966141221 0.01856214043278 0.094567774307721 0.071642834072869 0.044395152374371 0.047973472629565 0 0.10513888400718 0.132256494534 0.11951863224811 0 0 0 0.14699773665303 0.16703697540055 0.1004862033152 0.13863062113129 0.17195256471009 0.14183651147656 0.13646827721405 0.063178642889322 0.070031633074351 0.42110528212536 0.158175323399 0.011407761208875 0.088145705617095 0.12534378682134 0.19607770825205 0.11929616125292 0.1745826950551 0.40373562732446 0.36572751167878 0.30953160572505 0.43951690069621 0.40892134272264 0.38003392760899 0.15869388524517 0.42724193418394 -0.56237555415406"
General-1-20251226-14:50:24-93473,vector,AdhocNetwork1.host[8].app[1],e2eDelayPeriodicSec,,,"1 2 3 4 5 6 7 8 9 10 11 12 13 14 15 16 17 18 19 20 21 22 23 24 25 26 27 28 29 30 31 32 33 34 35 36 37 38 39 40 41 42 43 44 45 46 47 48 49 50","NaN NaN NaN NaN NaN NaN NaN NaN NaN NaN 0.209592189603 0.209592189603 0.209592189603 NaN NaN 0.072464056576 0.072464056576 0.072464056576 NaN NaN NaN NaN NaN NaN NaN NaN NaN NaN NaN NaN NaN NaN NaN NaN NaN NaN NaN NaN NaN NaN NaN 0.122662235069 0.122662235069 0.122662235069 NaN 0.157265683998 0.157265683998 0.157265683998 NaN NaN"
General-1-20251226-14:50:24-93473,vector,AdhocNetwork1.host[8].rl,rlReward,,,"1 2 3 4 5 6 7 8 9 10 11 12 13 14 15 16 17 18 19 20 21 22 23 24 25 26 27 28 29 30 31 32 33 34 35 36 37 38 39 40 41 42 43 44 45 46 47 48 49 50","0.33333333333333 0 0.063298675710393 0.015448495994852 0 0.039582849892598 0.079801280336973 0.077595977174084 0.14318489594924 0.06553151537248 0.013330745441302 0 0.028111731286256 0.036368456248407 0.045430050395662 0.098668337142133 0 0.40939605288261 0.45763697009841 0.39981266740146 0.45089679099809 0.3 0.35559955278276 0.44510137723764 0.45218287745907 0.44908346730558 0.44044213627402 0.37445837727974 0.46759957137447 0.43708358746033 0.41945658030471 0.36447591073464 0.36281671382167 0.4273419454996 0.40943497509786 0.46084146838254 0.3343566611672 0.3 0.46056649942239 0.32857825348408 0.43625456266425 0.30743243230875 0.3 0.40116930971569 0.46950081692135 0.40040847055344 0.33228457367464 0.3 0.403477782163 0.41681421104552"
General-1-20251226-14:50:24-93473,vector,AdhocNetwork1.host[9].app[1],e2eDelayPeriodicSec,,,"1 2 3 4 5 6 7 8 9 10 11 12 13 14 15 16 17 18 19 20 21 22 23 24 25 26 27 28 29 30 31 32 33 34 35 36 37 38 39 40 41 42 43 44 45 46 47 48 49 50","NaN NaN NaN NaN NaN NaN NaN NaN NaN NaN 0.026218571531 0.026218571531 0.026218571531 NaN 0.022505443279 0.022505443279 0.022505443279 NaN NaN NaN 0.063906691214 0.063906691214 0.063906691214 NaN NaN NaN NaN 0.154800377478 0.154800377478 0.154800377478 0.041015777886 0.041015777886 0.041015777886 NaN NaN NaN 0.026324413151 0.026324413151 0.026324413151 NaN NaN 0.099137420893 0.099137420893 0.099137420893 NaN NaN NaN NaN NaN NaN"
General-1-20251226-14:50:24-93473,vector,AdhocNetwork1.host[9].rl,rlReward,,,"1 2 3 4 5 6 7 8 9 10 11 12 13 14 15 16 17 18 19 20 21 22 23 24 25 26 27 28 29 30 31 32 33 34 35 36 37 38 39 40 41 42 43 44 45 46 47 48 49 50","0.33333333333333 0 0.33385176193778 0.7 0.048693215065611 -0.66666666666667 -0.66666666666667 -0.64392191239985 -0.36294463978197 -0.53986843023302 -0.66666666666667 0.1 0.068437120613675 -0.070951753322829 0.1 0.42920001647797 0.21217881358561 0.23720161005011 0.41439574579086 0.33507840218153 0.34927580150496 0.16924275717791 0.27910787600619 0.31562911565969 0.36427577199507 0.36594185325108 -0.040613879113967 0.23346896869411 0.3987489910268 0.3569568401081 0.27285142360236 0.28475550542954 0.32252110965056 0.35024657348155 0.35886180328413 0.3670719768636 0.22088352114522 0.34371697203778 0.33726821698598 0.35645797376774 0.37557588703915 0.19616316738883 0.28746130681163 0.39072616059906 0.37935624865585 0.27851653293471 0.31355799403628 0.23706755148739 0.30197347714126 0.3645787105474"
General-1-20251226-14:50:24-93473,vector,AdhocNetwork1.host[10].app[1],e2eDelayPeriodicSec,,,"1 2 3 4 5 6 7 8 9 10 11 12 13 14 15 16 17 18 19 20 21 22 23 24 25 26 27 28 29 30 31 32 33 34 35 36 37 38 39 40 41 42 43 44 45 46 47 48 49 50","NaN 0.017135933336 0.017135933336 0.017135933336 NaN NaN NaN NaN 0.025918647844 0.025918647844 0.025918647844 0.033839554713 0.033839554713 0.033839554713 NaN 0.160586263086 0.160586263086 0.160586263086 NaN NaN 0.017617953445 0.017617953445 0.017617953445 NaN NaN NaN 0.033684940669 0.033684940669 0.033684940669 NaN NaN 0.024316630069 0.024316630069 0.024316630069 NaN NaN NaN NaN 0.020449329971 0.020449329971 0.020449329971 NaN 0.019797997788 0.019797997788 0.019797997788 NaN NaN 0.024720027951 0.024720027951 0.024720027951"
General-1-20251226-14:50:24-93473,vector,AdhocNetwork1.host[10].rl,rlReward,,,"1 2 3 4 5 6 7 8 9 10 11 12 13 14 15 16 17 18 19 20 21 22 23 24 25 26 27 28 29 30 31 32 33 34 35 36 37 38 39 40 41 42 43 44 45 46 47 48 49 50","0.33333333333333 0 0.086285818206009 0.11995587176768 -0.054002493247058 -0.66666666666667 -0.58774484838574 -0.55384094126296 -0.64785907595734 -0.3348326434486 -0.47192251964074 0.028092441705708 0.12867385189994 0.10477504963281 -0.17890182905773 0.1 0.071166349922341 0.36101112741913 0.26755502795897 0.26998144184314 0.18648626395908 0.17868443759918 0.1 0.23654281252529 0.31135182485926 0.27587895523148 0.13474950465355 0.1 0.4008715042952 0.26751364587391 0.26202410584188 0.23917389179264 0.23452280484751 0.35190108497907 0.24395544104588 0.31784536590884 0.24552309495259 0.31882113609406 0.28954831982566 -0.032400888870636 0.47120705492505 0.1 0.23411984697699 0.37964167099099 0.19963796867129 0.3095541015151 0.33015679958915 0.1 0.33022217471242 0.3750505419879"
General-1-20251226-14:50:24-93473,vector,AdhocNetwork1.host[11].app[1],e2eDelayPeriodicSec,,,"1 2 3 4 5 6 7 8 9 10 11 12 13 14 15 16 17 18 19 20 21 22 23 24 25 26 27 28 29 30 31 32 33 34 35 36 37 38 39 40 41 42 43 44 45 46 47 48 49 50","NaN 0.009680068798 0.009680068798 0.009680068798 0.00789423717 0.00789423717 0.00789423717 NaN NaN NaN NaN NaN 0.011376550845 0.011376550845 0.011376550845 NaN 0.008714748347 0.008714748347 0.008714748347 NaN 0.008414625963 0.008414625963 0.008414625963 NaN 0.008474109058 0.008474109058 0.008474109058 NaN NaN 0.008673777468 0.008673777468 0.008673777468 NaN 0.008433626285 0.008433626285 0.008433626285 NaN 0.00829365989 0.00829365989 0.00829365989 NaN NaN 0.008353845575 0.008353845575 0.008353845575 NaN NaN 0.015718220131 0.015718220131 0.015718220131"
General-1-20251226-14:50:24-93473,vector,AdhocNetwork1.host[11].rl,rlReward,,,"1 2 3 4 5 6 7 8 9 10 11 12 13 14 15 16 17 18 19 20 21 22 23 24 25 26 27 28 29 30 31 32 33 34 35 36 37 38 39 40 41 42 43 44 45 46 47 48 49 50","0.33333333333333 0 0.1731319486405 0.85526395080729 0.32344261772137 0.42421139073189 0.42823213206294 0.41837210905015 0.44505315375744 0.47029824691406 0.19321042224193 0.38315789410739 0.4080219212346 0.17614680129945 0.47627118581602 0.43693720921017 0.15327605618507 0.13982714998797 0.20957155881781 0.22177758847826 0.38465653723014 0.22091604011985 0.22497188543893 0.075380742303298 0.2294839519194 0.1947223485039 0.22343852439079 0.22948395191939 0.2244160660709 0.22738504270162 0.19472234850387 0.22343852439075 0.22948395191942 0.50653555672746 0.18989153824475 0.22634270036042 0.22634270036043 0.22441606607092 0.19495942409324 0.22948395191942 0.22417899048153 0.2234385243908 0.39243913613989 0.22948395191939 0.22948395191942 0.50632218869706 0.48571510431893 0.44692124025447 0.5033641965686 0.50019283640981"
General-1-20251226-14:50:24-93473,vector,AdhocNetwork1.host[12].app[1],e2eDelayPeriodicSec,,,"1 2 3 4 5 6 7 8 9 10 11 12 13 14 15 16 17 18 19 20 21 22 23 24 25 26 27 28 29 30 31 32 33 34 35 36 37 38 39 40 41 42 43 44 45 46 47 48 49 50","NaN 0.029495112735 0.029495112735 0.029495112735 0.015635110487 0.015635110487 0.015635110487 NaN NaN NaN NaN 0.019180127321 0.019180127321 0.019180127321 NaN 0.015643824412 0.015643824412 0.015643824412 NaN NaN NaN NaN NaN NaN NaN NaN NaN NaN NaN NaN NaN NaN NaN NaN NaN NaN NaN NaN NaN NaN NaN NaN NaN NaN NaN NaN NaN NaN NaN NaN"
General-1-20251226-14:50:24-93473,vector,AdhocNetwork1.host[12].rl,rlReward,,,"1 2 3 4 5 6 7 8 9 10 11 12 13 14 15 16 17 18 19 20 21 22 23 24 25 26 27 28 29 30 31 32 33 34 35 36 37 38 39 40 41 42 43 44 45 46 47 48 49 50","0.33333333333333 0 0.11528434490937 0.14679543449673 -0.66666666666667 -0.48577432311725 -0.5215859482203 -0.52756984143435 -0.19787865949991 -0.38671429002267 0.15013661381225 0.1 0.15577929141747 0.29672409275665 0.1328947435722 -0.054400123359096 0.33501490033228 0.35336521631286 0.38404001177504 0.409284458814 0.37421736608112 0.31202247662991 0.23414669410785 0.14210385451075 0.30652668429295 0.40958802175155 0.28974696815304 0.26447267356463 0.41951365170023 0.15044758227757 0.37610407279429 0.13131079135134 0.1 0.37208113170039 0.37376894174269 0.010866014466251 0.24076094239839 0.46339199283068 0.39116377360932 0.3705156086301 0.38925465140459 0.31461204017485 0.35194278340291 0.40359544131269 0.025301680885289 0.021607178238972 0.12380967275138 -0.52130545493697 -0.51675255036103 -0.2001370399598"
General-1-20251226-14:50:24-93473,vector,AdhocNetwork1.host[13].app[1],e2eDelayPeriodicSec,,,"1 2 3 4 5 6 7 8 9 10 11 12 13 14 15 16 17 18 19 20 21 22 23 24 25 26 27 28 29 30 31 32 33 34 35 36 37 38 39 40 41 42 43 44 45 46 47 48 49 50","NaN NaN NaN NaN NaN NaN NaN NaN NaN NaN 0.248492796103 0.248492796103 0.248492796103 NaN NaN 0.091210526877 0.091210526877 0.091210526877 NaN NaN NaN NaN NaN 0.046490289555 0.046490289555 0.046490289555 NaN NaN NaN NaN NaN NaN NaN NaN NaN NaN NaN 0.164284465115 0.164284465115 0.164284465115 NaN 0.052845549725 0.052845549725 0.052845549725 NaN NaN 0.140778326388 0.140778326388 0.140778326388 NaN"
General-1-20251226-14:50:24-93473,vector,AdhocNetwork1.host[13].rl,rlReward,,,"1 2 3 4 5 6 7 8 9 10 11 12 13 14 15 16 17 18 19 20 21 22 23 24 25 26 27 28 29 30 31 32 33 34 35 36 37 38 39 40 41 42 43 44 45 46 47 48 49 50","0.33333333333333 0 0.00743804084264 0.050676274868782 0.030581165678113 -0.66666666666667 -0.57847002399374 -0.55061628754679 -0.27773523357011 -0.40471523318889 -0.66666666666667 0 0.35183114746886 0.31793005952136 0.1 0.30119657591259 0.16310985676026 0.2640066120621 0.36403477093209 0.36310291673128 0.34069195025273 0.32279698462066 0.22153474256016 0.14423304904114 0.41459479295722 0.40338351125541 0.30345539564812 0.23452629774664 0.4369576427438 0.3566552341164 0.28676003222838 0.27847456026163 0.14708915171653 0.40610668080949 0.40965658121429 0.042653408497104 0.27423339080071 0.20839817055818 -0.21580676416595 -0.24914997858226 -0.22384478324686 0.28717598984159 0.11724464305657 0.34875526711664 0.41559773267792 0.29470503701411 0.3484392323545 0.1 0.16507522896959 0.37394259161953"
General-1-20251226-14:50:24-93473,vector,AdhocNetwork1.host[14].app[1],e2eDelayPeriodicSec,,,"1 2 3 4 5 6 7 8 9 10 11 12 13 14 15 16 17 18 19 20 21 22 23 24 25 26 27 28 29 30 31 32 33 34 35 36 37 38 39 40 41 42 43 44 45 46 47 48 49 50","NaN NaN NaN NaN NaN NaN NaN NaN NaN NaN NaN NaN NaN NaN NaN NaN NaN NaN NaN NaN NaN NaN NaN NaN NaN NaN NaN NaN NaN NaN NaN NaN NaN NaN NaN NaN NaN NaN NaN NaN NaN NaN NaN NaN NaN NaN NaN NaN NaN NaN"
General-1-20251226-14:50:24-93473,vector,AdhocNetwork1.host[14].rl,rlReward,,,"1 2 3 4 5 6 7 8 9 10 11 12 13 14 15 16 17 18 19 20 21 22 23 24 25 26 27 28 29 30 31 32 33 34 35 36 37 38 39 40 41 42 43 44 45 46 47 48 49 50","0.33333333333333 0 0.078363982006871 0.026042257891462 0.04949935718728 0.01919588914209 0.0057293568422709 0.087254389020631 0.062980455911248 0.020535049183759 0.037890577824008 0 0 0.08791183370908 0.091550868472995 0.0096782246210236 0.33850325773953 0.3307906191111 0.34273409215328 0.39771105548818 0.39862127728972 0.3 -0.65852596810227 -0.64348077952374 -0.60606365858544 -0.59835301891954 -0.64966634768166 -0.63230900195034 -0.62930933216758 -0.68260607977023 -0.65478690249823 0.11749780621709 0.15635846035612 0.24831133151267 0.26293435199556 0.25079900350235 0.13186497245832 0.1601201849617 0.27618132952834 0.20587200569774 0.21671519175559 0.1 0.13348880886726 0.20448697513392 0.27901292927261 -0.10051428190319 0.1 0.28866413388665 0.2561536472114 0.33922681755326"
General-1-20251226-14:50:24-93473,vector,AdhocNetwork1.host[15].app[1],e2eDelayPeriodicSec,,,"1 2 3 4 5 6 7 8 9 10 11 12 13 14 15 16 17 18 19 20 21 22 23 24 25 26 27 28 29 30 31 32 33 34 35 36 37 38 39 40 41 42 43 44 45 46 47 48 49 50","NaN 0.021743646421 0.021743646421 0.021743646421 NaN 0.009108110703 0.009108110703 0.009108110703 NaN 0.008548841541 0.008548841541 0.008548841541 NaN NaN 0.007669864727 0.007669864727 0.007669864727 NaN 0.008270891257 0.008270891257 0.008270891257 NaN 0.019766670099 0.019766670099 0.019766670099 NaN 0.012198496031 0.012198496031 0.012198496031 0.012440029209 0.012440029209 0.012440029209 NaN NaN 0.007794898039 0.007794898039 0.007794898039 NaN 0.016186359006 0.016186359006 0.016186359006 0.016765392164 0.016765392164 0.016765392164 NaN NaN 0.138856416857 0.138856416857 0.138856416857 NaN"
General-1-20251226-14:50:24-93473,vector,AdhocNetwork1.host[15].rl,rlReward,,,"1 2 3 4 5 6 7 8 9 10 11 12 13 14 15 16 17 18 19 20 21 22 23 24 25 26 27 28 29 30 31 32 33 34 35 36 37 38 39 40 41 42 43 44 45 46 47 48 49 50","0.33333333333333 0 0 0.05733524051256 -0.68733561319367 -0.66666666666667 -0.61939450977113 -0.36466575929955 -0.52627238025401 -0.63933518925537 -0.62506505931782 0.1 -0.088822271352186 0.25429344187559 0 0.39755954356507 0.23765607367626 0.28520524195956 0.33690369794366 0.32612180810389 0.41795063224436 0.1 0.12673615526639 0.16119741628651 0.35790804428127 0.37521883217838 0.21530173417811 0.1 0.42462642073701 0.30444874803292 0.28809469131402 0.32001890190186 0.28137285475957 0.37253584011051 0.3388243801239 0.40679151283202 0.29319198374142 0.24797610422991 0.33824419150731 0.4007549702227 0.33726439940593 0.1 0.24523744786948 0.38289506837123 0.42723511744703 0.33291217933419 0.19614086606582 0.23088650673177 0.35958413447752 0.20708442693493"
General-1-20251226-14:50:24-93473,vector,AdhocNetwork1.host[16].app[1],e2eDelayPeriodicSec,,,"1 2 3 4 5 6 7 8 9 10 11 12 13 14 15 16 17 18 19 20 21 22 23 24 25 26 27 28 29 30 31 32 33 34 35 36 37 38 39 40 41 42 43 44 45 46 47 48 49 50","NaN NaN NaN NaN NaN NaN NaN NaN NaN NaN NaN NaN NaN NaN NaN NaN NaN NaN NaN NaN NaN NaN NaN NaN NaN NaN NaN NaN NaN NaN NaN NaN NaN NaN NaN NaN NaN NaN NaN NaN NaN NaN NaN 0.053021596828 0.053021596828 0.053021596828 NaN 0.045540076959 0.045540076959 0.045540076959"
General-1-20251226-14:50:24-93473,vector,AdhocNetwork1.host[16].rl,rlReward,,,"1 2 3 4 5 6 7 8 9 10 11 12 13 14 15 16 17 18 19 20 21 22 23 24 25 26 27 28 29 30 31 32 33 34 35 36 37 38 39 40 41 42 43 44 45 46 47 48 49 50","0.33333333333333 0 0.029281510056076 0 0 0 0.12676606155437 -0.61712657314632 -0.6377139848122 -0.39199149066564 -0.7 -0.2 0.11323420521751 0.3258810200966 0.29984353700473 0.10559507830512 0.11337392300694 -0.052596160639273 0.32142915078223 0.33315340961078 0.30308137907158 0.25807210379854 0.12082142187952 0.28687581600117 0.33705647197268 0.32695964295613 0.2752031590437 0.24556356766979 0.35652539645526 0.3451022295043 0.32708848294021 0.33202507070886 0.30581349487374 0.35922412572722 0.3821220097378 0.36441919000258 0.27380773070107 0.29604054432338 0.3375475940702 0.34767061418061 0.15766830019577 -0.2 0.30042008956179 0.31010394887493 0.39567795020602 0.32628898120292 0.31376850474826 0.31783000319006 0.0027080138712162 0.39141273086805"
General-1-20251226-14:50:24-93473,vector,AdhocNetwork1.host[17].app[1],e2eDelayPeriodicSec,,,"1 2 3 4 5 6 7 8 9 10 11 12 13 14 15 16 17 18 19 20 21 22 23 24 25 26 27 28 29 30 31 32 33 34 35 36 37 38 39 40 41 42 43 44 45 46 47 48 49 50","NaN NaN NaN NaN NaN NaN NaN NaN NaN NaN NaN NaN NaN NaN NaN NaN NaN NaN NaN NaN NaN NaN 0.069104298559 0.069104298559 0.069104298559 NaN 0.011227162107 0.011227162107 0.011227162107 NaN 0.007614063408 0.007614063408 0.007614063408 NaN 0.032022266742 0.032022266742 0.032022266742 0.008353458648 0.008353458648 0.008353458648 NaN 0.008524633245 0.008524633245 0.008524633245 0.008193373949 0.008193373949 0.008193373949 NaN NaN NaN"
General-1-20251226-14:50:24-93473,vector,AdhocNetwork1.host[17].rl,rlReward,,,"1 2 3 4 5 6 7 8 9 10 11 12 13 14 15 16 17 18 19 20 21 22 23 24 25 26 27 28 29 30 31 32 33 34 35 36 37 38 39 40 41 42 43 44 45 46 47 48 49 50","0.33333333333333 0 0.39874338113999 0.82598649748009 -0.7 -0.56834891683436 -0.60559110506377 -0.58804272300693 -0.27609511443801 -0.47123430720185 -0.66666666666667 0.1 0.35037911689227 -0.028098582746762 0.38700287152898 0.4001668091 0.13646871961509 0.3290885705088 0.86928495497571 0.41932580357875 0.39573042115872 0.32296241988895 0.1 0.16442451223093 0.42172375861347 0.40842396090153 0.34690499238327 0.20258031160176 0.44804611532933 0.3655668524782 0.33959496475962 0.23564823820215 0.23863036356217 0.41877846629682 0.338377361195 0.21330842040462 0.35878719558537 0.34554202265594 0.31992391762151 -0.0053275684986432 0.41217111550996 0.10522859798329 0.11770931522303 0.37474511800009 0.42464344974968 0.16260568412137 -0.0035308655283178 0.16906381509189 -0.0026180645103688 0.26924667417499"
General-1-20251226-14:50:24-93473,vector,AdhocNetwork1.host[18].app[1],e2eDelayPeriodicSec,,,"1 2 3 4 5 6 7 8 9 10 11 12 13 14 15 16 17 18 19 20 21 22 23 24 25 26 27 28 29 30 31 32 33 34 35 36 37 38 39 40 41 42 43 44 45 46 47 48 49 50","NaN NaN NaN NaN NaN NaN NaN NaN NaN NaN NaN NaN NaN NaN NaN NaN NaN NaN NaN NaN NaN NaN NaN NaN NaN 3.120732653054 3.120732653054 3.120732653054 NaN 0.01604813137 0.01604813137 0.01604813137 NaN 0.024458244672 0.024458244672 0.024458244672 NaN 0.024771580845 0.024771580845 0.024771580845 NaN 0.027883944737 0.027883944737 0.027883944737 NaN NaN NaN NaN NaN NaN"
General-1-20251226-14:50:24-93473,vector,AdhocNetwork1.host[18].rl,rlReward,,,"1 2 3 4 5 6 7 8 9 10 11 12 13 14 15 16 17 18 19 20 21 22 23 24 25 26 27 28 29 30 31 32 33 34 35 36 37 38 39 40 41 42 43 44 45 46 47 48 49 50","0.33333333333333 0 0.057582782991486 0.076784953492952 0.02578791611263 0 0.041769306247721 0.12821597866746 0.099926506537487 0.12180411934336 0.11115071209868 0 0.11893410641904 0.14929843883861 0.058496256678332 0.12670075870682 0.074268647401224 0.035434849021479 0.089486923940754 0.14882868903149 0.019597542574256 0 0 0.15255220286153 0.21283893761034 0.1729915024782 0.0032636106595379 0.15321805370623 0.22548372650096 0.19088153543825 0.17797008075637 0.065990771696211 0.14565395454548 0.21371244330807 0.18481011846177 0.19069965854001 0.19264877475687 0.2107328966255 0.16921052359266 0.20434813107998 0.50921619459313 0.43649440695139 0.44881293766973 0.49025447150216 0.42260204490582 0.45657417726013 0.4439156371241 0.34896824854357 0.46264831125472 0.25052883587071"
General-1-20251226-14:50:24-93473,vector,AdhocNetwork1.host[19].app[1],e2eDelayPeriodicSec,,,"1 2 3 4 5 6 7 8 9 10 11 12 13 14 15 16 17 18 19 20 21 22 23 24 25 26 27 28 29 30 31 32 33 34 35 36 37 38 39 40 41 42 43 44 45 46 47 48 49 50","NaN 0 0 0 NaN 0 0 0 NaN 0 0 0 0 0 0 NaN 0 0 0 NaN 0 0 0 NaN NaN 0 0 0 NaN NaN 0 0 0 0 0 0 NaN NaN 0 0 0 NaN 0 0 0 NaN 0 0 0 0"
General-1-20251226-14:50:24-93473,vector,AdhocNetwork1.host[19].rl,rlReward,,,"1 2 3 4 5 6 7 8 9 10 11 12 13 14 15 16 17 18 19 20 21 22 23 24 25 26 27 28 29 30 31 32 33 34 35 36 37 38 39 40 41 42 43 44 45 46 47 48 49 50","0.33333333333333 0 0.38815020300473 0.37160520317824 0.14551940603554 0.13862211222155 0.083499394107503 0.085729765788551 0.026511121793065 0.11238121666363 0.051439298293483 0.028007320682662 0.3 0.07636371767546 0.086031729348744 0 0.073480379814766 0.13544066484217 0.14397372848925 0.16698997183403 0.13004163601248 0.039084751108315 -0.14519618859829 0.094026063474226 0.11101195432004 0.11676082617927 0.084786228863483 0.015378578594155 0.16023373081498 0.14508189297635 0.14641571515248 0.12468811063512 0.062434529140279 0.12395102374712 0.16090543490704 0.15452791826746 0.063491217911329 0.11233767740969 0.14313037776085 0.086684544768218 0.14546240843245 0 0 0.10639782256507 0.086738882967144 0.097680815855505 -0.063704017798477 0.12331558601813 0.15113910660676 0.17907501381056"
General-1-20251226-14:50:24-93473,vector,AdhocNetwork1.host[20].app[1],e2eDelayPeriodicSec,,,"1 2 3 4 5 6 7 8 9 10 11 12 13 14 15 16 17 18 19 20 21 22 23 24 25 26 27 28 29 30 31 32 33 34 35 36 37 38 39 40 41 42 43 44 45 46 47 48 49 50","NaN NaN NaN NaN NaN NaN NaN NaN NaN NaN 0.189458173581 0.189458173581 0.189458173581 NaN 0.086301511263 0.086301511263 0.086301511263 NaN NaN NaN NaN NaN NaN NaN NaN NaN NaN 0.052682555328 0.052682555328 0.052682555328 NaN NaN NaN NaN NaN NaN NaN 3.030211738188 3.030211738188 3.030211738188 0.031050993122 0.031050993122 0.031050993122 NaN NaN 0.141134891747 0.141134891747 0.141134891747 NaN NaN"
General-1-20251226-14:50:24-93473,vector,AdhocNetwork1.host[20].rl,rlReward,,,"1 2 3 4 5 6 7 8 9 10 11 12 13 14 15 16 17 18 19 20 21 22 23 24 25 26 27 28 29 30 31 32 33 34 35 36 37 38 39 40 41 42 43 44 45 46 47 48 49 50","0.33333333333333 0 0.1598619045888 0.16896267443651 0.044909212965674 0.14499881984286 0.13265514467139 0.13895335443101 0.18797754942289 0.17420033496051 0.087630487100559 0.039362975687241 -0.045472164315282 0.16879025109152 0.073856452303975 0.12305531980411 -0.059162710111206 0.11778633065355 0.1367731162952 0.1249761295082 0.45075002556345 0.087250726121293 0 -0.16888430263362 0.20949618102813 0.22555738754877 0.18402153116032 0.13331625883071 0.21567824493341 0.20372869731176 0.19371428617585 0.1147587812003 0.17155762375434 0.19252322941332 0.15359489552995 0.21047815548301 0.14387170149347 0.14280393990816 0.18251311999603 0.19520444567711 0.16940192428456 0.31859145560389 0.016029839180524 0.11812707744923 0.19142246705241 0.083140833207937 -0.58795297414652 -0.62517867331901 -0.50402449374576 -0.59202071760939"
General-1-20251226-14:50:24-93473,vector,AdhocNetwork1.host[21].app[1],e2eDelayPeriodicSec,,,"1 2 3 4 5 6 7 8 9 10 11 12 13 14 15 16 17 18 19 20 21 22 23 24 25 26 27 28 29 30 31 32 33 34 35 36 37 38 39 40 41 42 43 44 45 46 47 48 49 50","NaN NaN NaN NaN NaN NaN NaN NaN NaN NaN NaN NaN NaN NaN NaN NaN NaN NaN NaN NaN NaN NaN NaN NaN NaN NaN NaN NaN NaN NaN NaN NaN NaN NaN NaN NaN NaN NaN NaN NaN NaN NaN NaN NaN NaN NaN NaN NaN NaN NaN"
General-1-20251226-14:50:24-93473,vector,AdhocNetwork1.host[21].rl,rlReward,,,"1 2 3 4 5 6 7 8 9 10 11 12 13 14 15 16 17 18 19 20 21 22 23 24 25 26 27 28 29 30 31 32 33 34 35 36 37 38 39 40 41 42 43 44 45 46 47 48 49 50","0.33333333333333 0 0.093268544855438 0.070045579346874 -0.61114743953397 -0.66356537195767 -0.44247566353463 -0.48890225351317 -0.57329251358135 -0.66666666666667 -0.59701865926256 0.3 0.3 0.26740068861195 0.30031329216531 0.40752282297285 0.36222352286674 0.37848521186627 0.41453393374183 0.3806612342568 0.41068326597769 0.3 0.40136950742102 0.34321360601793 0.37206910653631 0.41973267913211 0.44775949544313 -0.080368125452968 0.44785083103329 0.44690736929473 0.4331789651593 0.42242608944406 0.40291941970008 0.46236514020196 0.46753381011323 0.45862480056843 0.39360683045192 0.41321026675733 0.4651280218289 0.38908926280424 0.35507573320596 0.39804281229376 0.41330645234605 0.35921141330342 0.46722004824059 0.41286393043768 0.3 0.3 0.36748805644063 0.42392205851547"
General-1-20251226-14:50:24-93473,vector,AdhocNetwork1.host[22].app[1],e2eDelayPeriodicSec,,,"1 2 3 4 5 6 7 8 9 10 11 12 13 14 15 16 17 18 19 20 21 22 23 24 25 26 27 28 29 30 31 32 33 34 35 36 37 38 39 40 41 42 43 44 45 46 47 48 49 50","NaN 0 0 0 NaN 0 0 0 0 0 0 NaN 0 0 0 0 0 0 NaN 0 0 0 NaN 0 0 0 NaN 0 0 0 NaN NaN 0 0 0 NaN 0 0 0 NaN 0 0 0 NaN 0 0 0 NaN 0 0"
General-1-20251226-14:50:24-93473,vector,AdhocNetwork1.host[22].rl,rlReward,,,"1 2 3 4 5 6 7 8 9 10 11 12 13 14 15 16 17 18 19 20 21 22 23 24 25 26 27 28 29 30 31 32 33 34 35 36 37 38 39 40 41 42 43 44 45 46 47 48 49 50","0.33333333333333 0 0.025178320296512 0.00064076329383794 -0.66666666666667 -0.56826765326432 -0.69058778628147 -0.46286018779993 -0.47391925081284 -0.56548807353048 -0.64007584623576 0.1 -0.1310835227591 0.071545756971008 0.3 0.38713481224801 -0.2 0.33395950105531 0.42592798654484 0.39558789988198 0.051814869314743 -0.015675419223944 0.3446185450001 0.41013943227008 0.42545661362614 0.49714372726374 0.40689990918413 0.42385262777467 0.41863353907259 0.43409870173776 0.42762324670561 0.37704126133118 0.46920412374261 0.41377084243564 0.41122648471013 0.068913280969559 0.34360499133235 0.34417460474372 0.42561981005915 0.18429457932131 0.36192967206565 0.29529032952814 0.25495025969238 0.33753411655849 0.37211171286137 0.32243346370032 0.28353671374552 0.28077838718026 0.33940518779508 0.32403045674656"
General-1-20251226-14:50:24-93473,vector,AdhocNetwork1.host[23].app[1],e2eDelayPeriodicSec,,,"1 2 3 4 5 6 7 8 9 10 11 12 13 14 15 16 17 18 19 20 21 22 23 24 25 26 27 28 29 30 31 32 33 34 35 36 37 38 39 40 41 42 43 44 45 46 47 48 49 50","NaN 0.016068523664 0.016068523664 0.016068523664 0.008451578328 0.008451578328 0.008451578328 NaN NaN 0.00817213737 0.00817213737 0.00817213737 NaN 0.008292774629 0.008292774629 0.008292774629 0.008843330046 0.008843330046 0.008843330046 NaN NaN 0.021442494015 0.021442494015 0.021442494015 0.008474847724 0.008474847724 0.008474847724 NaN NaN NaN NaN NaN 0.034884667925 0.034884667925 0.034884667925 NaN NaN NaN 0.016433738024 0.016433738024 0.016433738024 NaN 0.015161586977 0.015161586977 0.015161586977 NaN 0.030239788038 0.030239788038 0.030239788038 0.02232273844"
General-1-20251226-14:50:24-93473,vector,AdhocNetwork1.host[23].rl,rlReward,,,"1 2 3 4 5 6 7 8 9 10 11 12 13 14 15 16 17 18 19 20 21 22 23 24 25 26 27 28 29 30 31 32 33 34 35 36 37 38 39 40 41 42 43 44 45 46 47 48 49 50","0.33333333333333 0 0.090050146882993 -0.076030028850645 0.10485998690285 0.049900356186929 0.085057008565362 0.12259661323647 0.082754608674641 0.0027428728314717 -0.10209243048139 0.036409916763835 0 0.26279104170413 0 0.034245146179024 0.031326880181171 0 0.086183652622681 0.10904345306157 0.049050109581876 0 -0.39017040211773 -0.66666666666667 -0.5819234061403 -0.59756422499549 -0.36560795272024 -0.52330555350691 -0.50725366746447 -0.26641017176173 -0.51698394633971 -0.10528419003879 0.031440712788018 0.26672275562296 -0.076113045371918 0.13119685306013 0.34001480795643 -0.06036385288946 0.33259730951335 0.065602246455026 0.28249403119378 0.15808010274353 0.35285115379472 -0.16125306302987 0.40266954238872 0.036614176002548 -0.66666666666667 -0.63622513692293 -0.39983988839629 -0.58185358756076"
General-1-20251226-14:50:24-93473,vector,AdhocNetwork1.host[24].app[1],e2eDelayPeriodicSec,,,"1 2 3 4 5 6 7 8 9 10 11 12 13 14 15 16 17 18 19 20 21 22 23 24 25 26 27 28 29 30 31 32 33 34 35 36 37 38 39 40 41 42 43 44 45 46 47 48 49 50","NaN 0.009911269514 0.009911269514 0.009911269514 0.007970665509 0.007970665509 0.007970665509 NaN 0.008571894328 0.008571894328 0.008571894328 0.008142732225 0.008142732225 0.008142732225 NaN NaN 0.026604537178 0.026604537178 0.026604537178 NaN NaN NaN NaN 0.042686666616 0.042686666616 0.042686666616 NaN NaN NaN NaN NaN NaN NaN NaN NaN NaN NaN NaN NaN 0.057075031689 0.057075031689 0.057075031689 0.031762327533 0.031762327533 0.031762327533 NaN NaN NaN NaN NaN"
General-1-20251226-14:50:24-93473,vector,AdhocNetwork1.host[24].rl,rlReward,,,"1 2 3 4 5 6 7 8 9 10 11 12 13 14 15 16 17 18 19 20 21 22 23 24 25 26 27 28 29 30 31 32 33 34 35 36 37 38 39 40 41 42 43 44 45 46 47 48 49 50","0.33333333333333 0 0.10250462665028 0.096318255550979 0 0.099225115603678 0.032563501066535 0.066003256262618 0.12793644888367 0.058022991359614 0 0 0.12049407482454 0.11163045700723 0.012959872133932 0.21385161130521 0.041168923807374 0.45404949542 0.50658154935837 0.46820159815404 0.46889038685764 -0.0093976661125865 0.48219997624769 0.18727760371816 0.49153023032261 0.50902050981211 0.50095921800342 0.5075290349271 0.51870840344461 0.51318047958359 0.44509600406948 0.45878785267427 0.43637253608103 0.48313384995553 0.46047022923196 0.21226391670658 0.45183100829251 0.43903388086401 0.50365046808552 0.4181341463511 0.47555783205436 0.43718498850575 0.42519786167533 0.10762472880378 0.48459086313982 0.45258902179797 0.42776379443818 0.38741987074066 0.45212217195506 0.45113201968674"
General-2-20251226-14:50:24-93474,vector,AdhocNetwork1.host[0].app[1],e2eDelayPeriodicSec,,,"1 2 3 4 5 6 7 8 9 10 11 12 13 14 15 16 17 18 19 20 21 22 23 24 25 26 27 28 29 30 31 32 33 34 35 36 37 38 39 40 41 42 43 44 45 46 47 48 49 50","NaN NaN NaN NaN NaN NaN NaN NaN NaN NaN NaN NaN NaN 3.113986846105 3.113986846105 3.113986846105 0.092662802863 0.092662802863 0.092662802863 NaN NaN 0.032473286951 0.032473286951 0.032473286951 NaN NaN NaN NaN NaN NaN NaN NaN NaN NaN NaN NaN NaN NaN NaN NaN NaN NaN NaN NaN NaN NaN 0.045938463367 0.045938463367 0.045938463367 NaN"
General-2-20251226-14:50:24-93474,vector,AdhocNetwork1.host[0].rl,rlReward,,,"1 2 3 4 5 6 7 8 9 10 11 12 13 14 15 16 17 18 19 20 21 22 23 24 25 26 27 28 29 30 31 32 33 34 35 36 37 38 39 40 41 42 43 44 45 46 47 48 49 50","0.33333333333333 0 0.13083055458937 0.15712130249621 0.062294390939923 0.1044969958493 0.15417831094279 0.1813446084673 0.21848203132288 0.20215724633292 0.14893932435632 0.14590648915579 0.18213054270975 0.1480853089973 0.12056812337213 0.15372748436976 0.13494117357687 0.084800889943327 0.11925315490493 0.16712184302169 0.032311599948125 0.049330451352473 0 0.057963112480383 0.219048367207 0.15850694762741 0.11997588481873 0.16473955740157 0.13624421610875 0.22863643490327 0.21764311042951 0.11157810009557 0.16786260540443 0.1314777239823 0.17024920642982 0.23106677270157 0.20893980346307 0.17853883256728 0.23802022703389 0.24251184497289 0.24855251966365 0.18514196603513 0.13123332552208 0.25218008696288 0.25200754220064 0.24745349381358 0.22395396085907 0.19504702248041 0.2080148860091 0.2517296778131"
General-2-20251226-14:50:24-93474,vector,AdhocNetwork1.host[1].app[1],e2eDelayPeriodicSec,,,"1 2 3 4 5 6 7 8 9 10 11 12 13 14 15 16 17 18 19 20 21 22 23 24 25 26 27 28 29 30 31 32 33 34 35 36 37 38 39 40 41 42 43 44 45 46 47 48 49 50","NaN NaN NaN NaN NaN NaN NaN NaN NaN NaN NaN NaN NaN NaN NaN NaN NaN NaN NaN NaN NaN NaN 0.261842827331 0.261842827331 0.261842827331 NaN NaN 0.035130669926 0.035130669926 0.035130669926 NaN NaN NaN 0.03730412756 0.03730412756 0.03730412756 NaN NaN NaN NaN NaN NaN NaN NaN NaN NaN NaN NaN NaN NaN"
General-2-20251226-14:50:24-93474,vector,AdhocNetwork1.host[1].rl,rlReward,,,"1 2 3 4 5 6 7 8 9 10 11 12 13 14 15 16 17 18 19 20 21 22 23 24 25 26 27 28 29 30 31 32 33 34 35 36 37 38 39 40 41 42 43 44 45 46 47 48 49 50","0.33333333333333 0 0.050608246849866 0.12376622269263 0.34894878662981 0.048444104974274 0.0040997379379138 -0.069554329497442 0.064730727711751 0.10391489764813 0 0 0.096401993642618 0 0.3 0.4528777117538 -0.025543125367689 -0.61220180605262 -0.5377910978702 -0.53295458564393 -0.55762456365749 0 0.012561152099013 0.17270840939993 0.46959093723457 0.1977795789149 0.11706452593783 0.082882123151198 0.14072814799835 -0.5183727837807 -0.51056745599366 -0.037770979339797 0.83846379314328 0.43891347638279 0.27052425172838 0.434425184178 0.42315048769541 0.41919515087405 0.085038242959068 0.45056748486476 0.47508515429623 0.42088262006088 0.38336824362832 0.47464539873852 0.25030267587899 0.452902990139 0.43548790859465 0.40202815906012 0.21455509616633 0.22939501371475"
General-2-20251226-14:50:24-93474,vector,AdhocNetwork1.host[2].app[1],e2eDelayPeriodicSec,,,"1 2 3 4 5 6 7 8 9 10 11 12 13 14 15 16 17 18 19 20 21 22 23 24 25 26 27 28 29 30 31 32 33 34 35 36 37 38 39 40 41 42 43 44 45 46 47 48 49 50","NaN NaN NaN NaN NaN NaN NaN NaN NaN NaN NaN NaN NaN NaN NaN NaN NaN NaN NaN NaN NaN NaN NaN NaN NaN NaN NaN NaN NaN NaN NaN NaN NaN NaN NaN NaN NaN NaN NaN NaN NaN NaN NaN NaN NaN NaN NaN NaN NaN NaN"
General-2-20251226-14:50:24-93474,vector,AdhocNetwork1.host[2].rl,rlReward,,,"1 2 3 4 5 6 7 8 9 10 11 12 13 14 15 16 17 18 19 20 21 22 23 24 25 26 27 28 29 30 31 32 33 34 35 36 37 38 39 40 41 42 43 44 45 46 47 48 49 50","0.33333333333333 0 0.066207433551846 0.17748923092102 0.092167570784626 0.083916099392884 0.08451592879674 -0.2532814299737 -0.50454998784673 -0.52671166564587 -0.54010253785679 0 0.44140261271949 0.45219562624329 0.42124117348719 0.44860853129688 0.4443658382341 0.35346408539382 0.46526283200719 0.47660881972414 0.44401187357703 0.30646948123027 0.41798377769136 -0.59616723198686 -0.56536959282237 -0.54834114240434 -0.57900676928258 -0.55420671691194 -0.50518930778255 -0.51560774066228 -0.50825201666271 0.46583683055409 0.46110453592915 0.48330926671955 0.5024199722335 0.49139381881057 0.48105804726946 0.42979645728507 0.37591943036046 0.50167391288821 0.50794037124957 0.48236917531074 0.49295376272539 0.51921143652608 0.51414803311572 0.22326414458512 0.47935948934201 0.20949530207305 0.40073913206876 0.43610406711586"
General-2-20251226-14:50:24-93474,vector,AdhocNetwork1.host[3].app[1],e2eDelayPeriodicSec,,,"1 2 3 4 5 6 7 8 9 10 11 12 13 14 15 16 17 18 19 20 21 22 23 24 25 26 27 28 29 30 31 32 33 34 35 36 37 38 39 40 41 42 43 44 45 46 47 48 49 50","NaN NaN NaN NaN 3.112540214762 3.112540214762 3.112540214762 0.011598220084 0.011598220084 0.011598220084 NaN 0.01082075161 0.01082075161 0.01082075161 NaN NaN NaN 0.026142797725 0.026142797725 0.026142797725 NaN NaN NaN NaN NaN NaN NaN NaN NaN NaN NaN NaN NaN 3.022560883162 3.022560883162 3.022560883162 NaN 0.027444274803 0.027444274803 0.027444274803 NaN 0.038396838091 0.038396838091 0.038396838091 NaN NaN NaN NaN NaN NaN"
General-2-20251226-14:50:24-93474,vector,AdhocNetwork1.host[3].rl,rlReward,,,"1 2 3 4 5 6 7 8 9 10 11 12 13 14 15 16 17 18 19 20 21 22 23 24 25 26 27 28 29 30 31 32 33 34 35 36 37 38 39 40 41 42 43 44 45 46 47 48 49 50","0.33333333333333 0 0.038383685310633 0.78959155184981 0.064509712588679 -0.60434959791275 -0.66666666666667 -0.53764042881498 -0.57853558198275 -0.60524290470277 -0.5620414602544 0.14420949842164 0.22943233759447 0.1 0.19095666434102 0.23325197101942 0.34418609362669 -0.25259368802135 0.11751609814337 -0.19722698216762 -0.20580561096615 0.21032748938632 0.11954970691612 0.24504681663806 0.3615469661606 0.25906041655384 0.29975223439444 0.34863107532724 0.34271965631747 0.43695405287615 0.34667870881256 0.34499805124696 0.35032915095228 0.38784867904676 0.39244208691314 0.42809838906373 0.37341348655405 0.32140714801034 0.40207425620428 0.33938759469092 0.45103260272391 0.32357588995245 0.22116351729299 0.45638986413432 0.45110792121024 0.39410159537302 0.39143445100171 0.36159449968351 0.19386756128536 0.36003232222362"
General-2-20251226-14:50:24-93474,vector,AdhocNetwork1.host[4].app[1],e2eDelayPeriodicSec,,,"1 2 3 4 5 6 7 8 9 10 11 12 13 14 15 16 17 18 19 20 21 22 23 24 25 26 27 28 29 30 31 32 33 34 35 36 37 38 39 40 41 42 43 44 45 46 47 48 49 50","NaN NaN NaN NaN NaN NaN NaN NaN NaN NaN NaN NaN NaN NaN NaN NaN NaN NaN NaN NaN NaN NaN NaN NaN NaN NaN NaN NaN NaN NaN NaN NaN NaN NaN NaN NaN NaN NaN NaN NaN NaN NaN NaN NaN NaN NaN NaN NaN NaN NaN"
General-2-20251226-14:50:24-93474,vector,AdhocNetwork1.host[4].rl,rlReward,,,"1 2 3 4 5 6 7 8 9 10 11 12 13 14 15 16 17 18 19 20 21 22 23 24 25 26 27 28 29 30 31 32 33 34 35 36 37 38 39 40 41 42 43 44 45 46 47 48 49 50","0.33333333333333 0 0.011302560269032 0.0154737432254 0 0 0 0.050429700183867 0.022064436987666 0.088669047876603 0.3 0.3 0.38937508222684 0.2563949918869 0.33298710695947 0.34038876463499 0.43628075253272 0.47491711616896 0.4897559531641 0.50330548612029 0.48635936061044 0.37380838047712 0.42838277858175 0.47687409551377 0.47702078673864 0.46031706354434 0.46622220760443 0.47434613866603 0.44709051440602 0.49734245494024 0.48443099592168 0.45557558216031 0.4749118537036 0.49077489803978 0.44563048814544 0.42699809235634 0.48431061702418 0.38363811779165 0.50655933429816 0.49895211156425 0.51007762136568 0.43816339955267 0.45121559195958 0.47956086052712 0.48655723035253 0.40241970259871 0.45758766467364 0.37449285718489 0.46975397883759 0.47965642017712"
General-2-20251226-14:50:24-93474,vector,AdhocNetwork1.host[5].app[1],e2eDelayPeriodicSec,,,"1 2 3 4 5 6 7 8 9 10 11 12 13 14 15 16 17 18 19 20 21 22 23 24 25 26 27 28 29 30 31 32 33 34 35 36 37 38 39 40 41 42 43 44 45 46 47 48 49 50","NaN NaN NaN NaN NaN NaN NaN 0.04108504077 0.04108504077 0.04108504077 0.016771951575 0.016771951575 0.016771951575 NaN 0.007773928122 0.007773928122 0.007773928122 NaN 0.007973862084 0.007973862084 0.007973862084 NaN NaN NaN NaN NaN 0.091655624458 0.091655624458 0.091655624458 NaN 0.016632305584 0.016632305584 0.016632305584 0.008433739453 0.008433739453 0.008433739453 0.009181039743 0.009181039743 0.009181039743 NaN NaN 0.019101157187 0.019101157187 0.019101157187 0.008113849981 0.008113849981 0.008113849981 NaN 0.008413881174 0.008413881174"
General-2-20251226-14:50:24-93474,vector,AdhocNetwork1.host[5].rl,rlReward,,,"1 2 3 4 5 6 7 8 9 10 11 12 13 14 15 16 17 18 19 20 21 22 23 24 25 26 27 28 29 30 31 32 33 34 35 36 37 38 39 40 41 42 43 44 45 46 47 48 49 50","0.33333333333333 0 0 0.18642579065432 0.13911996902377 -0.5171129910664 -0.56415724100522 -0.51043163574327 -0.51970532404857 -0.3869850289499 -0.39766650493506 0.10369601669826 0.17490130841812 0.1 -0.6 -0.51981161345642 -0.57518228140758 -0.39033235747352 -0.46258534696255 -0.16346284148157 -0.3692936321333 0.15586661912694 0.30584254038309 0 0.51279527277965 0.43595711791849 0.34514558305909 0.21391860751297 0.085970604125882 0.48631310086395 0.41948200151302 0.43689687716939 0.39428021560262 0.44100169963569 0.45775836917211 0.45340036259046 0.44308980670582 0.43188476047977 0.45510957763801 0.48326705313498 0.49028039855905 0.33146857395829 0.3016458840841 0.49663558265453 0.46123909951601 0.48364080691613 0.42735696730585 0.31859522654817 0.32575253937008 0.41594407693542"
General-2-20251226-14:50:24-93474,vector,AdhocNetwork1.host[6].app[1],e2eDelayPeriodicSec,,,"1 2 3 4 5 6 7 8 9 10 11 12 13 14 15 16 17 18 19 20 21 22 23 24 25 26 27 28 29 30 31 32 33 34 35 36 37 38 39 40 41 42 43 44 45 46 47 48 49 50","NaN NaN NaN NaN NaN NaN NaN NaN NaN NaN NaN NaN NaN NaN NaN NaN NaN NaN NaN NaN NaN NaN NaN NaN NaN NaN NaN NaN NaN NaN NaN NaN NaN NaN 24.18014345081 24.18014345081 24.18014345081 NaN NaN NaN NaN NaN NaN NaN NaN NaN NaN NaN NaN NaN"
General-2-20251226-14:50:24-93474,vector,AdhocNetwork1.host[6].rl,rlReward,,,"1 2 3 4 5 6 7 8 9 10 11 12 13 14 15 16 17 18 19 20 21 22 23 24 25 26 27 28 29 30 31 32 33 34 35 36 37 38 39 40 41 42 43 44 45 46 47 48 49 50","0.33333333333333 0 0.090595577419258 0.18302458973929 -0.56741116172481 -0.59817018748463 -0.61856346489673 -0.53480166268148 -0.40763494668573 -0.25193502788 -0.66592184606784 0.2343836958949 0.36295666502209 0.024925950664009 0.14494644509443 0.25764815721088 0.26271736776621 0.29499749207432 0.30096153178408 0.26963210641807 0.37533922883904 0.21121016322201 0.1 0.17033903377664 0.39751353876273 0.2461125712805 0.29345008647986 0.30793154748054 0.32959967536033 0.37784339044595 0.38520925817937 0.268519149946 0.22981755201368 0.14326324171032 0.29929142022053 0.39572209417289 0.36102890864965 0.27942988984194 0.33777526420363 0.37429574385869 0.42110205706316 0.26911504161974 0.1 0.50039620235024 -0.11838687618976 -0.15118743309167 -0.25850700185533 -0.11943985175663 -0.10607562167179 -0.091089563291361"
General-2-20251226-14:50:24-93474,vector,AdhocNetwork1.host[7].app[1],e2eDelayPeriodicSec,,,"1 2 3 4 5 6 7 8 9 10 11 12 13 14 15 16 17 18 19 20 21 22 23 24 25 26 27 28 29 30 31 32 33 34 35 36 37 38 39 40 41 42 43 44 45 46 47 48 49 50","NaN NaN NaN NaN NaN NaN NaN NaN NaN NaN NaN NaN NaN NaN NaN NaN NaN NaN NaN NaN NaN NaN 0.125235991882 0.125235991882 0.125235991882 NaN NaN NaN NaN NaN NaN NaN NaN NaN NaN NaN NaN NaN NaN NaN NaN NaN NaN NaN NaN NaN NaN 21.047175987563 21.047175987563 21.047175987563"
General-2-20251226-14:50:24-93474,vector,AdhocNetwork1.host[7].rl,rlReward,,,"1 2 3 4 5 6 7 8 9 10 11 12 13 14 15 16 17 18 19 20 21 22 23 24 25 26 27 28 29 30 31 32 33 34 35 36 37 38 39 40 41 42 43 44 45 46 47 48 49 50","0.33333333333333 0 0.32349196547259 0.33287728806139 0.054142331211441 0 0.11926628963302 0.16547681553291 0.20424742167904 0.12289721041838 0 0.022328264735557 0 0.10286325813864 0.052494382315902 0.0061387961523452 0.15725424774514 0.14427720866711 0.20552628450645 0.23433099691022 0.22522925337808 0.15860295098805 0.15002897779112 0.17482425973733 0.21227028958578 0.22594177998244 0.18119531545682 0.1636194008859 0.22872977008968 0.23259801636289 0.20513041131315 0.20039701749768 0.20353198270236 0.2124175235657 0.21361634502384 0.22909876760351 0.17776468248977 0.21273850234 0.22475138306679 0.21230885317122 0.23502694644134 0.13500810162457 0.18766508960278 0.22300206756756 0.50643580176066 0.18352942466965 0.20475852023943 0.17164493151567 0.14528135673002 0.22087331353256"
General-2-20251226-14:50:24-93474,vector,AdhocNetwork1.host[8].app[1],e2eDelayPeriodicSec,,,"1 2 3 4 5 6 7 8 9 10 11 12 13 14 15 16 17 18 19 20 21 22 23 24 25 26 27 28 29 30 31 32 33 34 35 36 37 38 39 40 41 42 43 44 45 46 47 48 49 50","NaN NaN NaN NaN NaN NaN NaN NaN NaN NaN 0.207374542595 0.207374542595 0.207374542595 NaN NaN 0.029039047436 0.029039047436 0.029039047436 NaN 0.015594912689 0.015594912689 0.015594912689 NaN 0.023642211112 0.023642211112 0.023642211112 NaN 0.014876029765 0.014876029765 0.014876029765 NaN 0.021082878973 0.021082878973 0.021082878973 NaN NaN NaN NaN NaN NaN NaN NaN NaN NaN NaN NaN NaN NaN NaN NaN"
General-2-20251226-14:50:24-93474,vector,AdhocNetwork1.host[8].rl,rlReward,,,"1 2 3 4 5 6 7 8 9 10 11 12 13 14 15 16 17 18 19 20 21 22 23 24 25 26 27 28 29 30 31 32 33 34 35 36 37 38 39 40 41 42 43 44 45 46 47 48 49 50","0.33333333333333 0 0.083225484728372 0.15259999274383 0.061589610959698 0.10764258947684 0.10964253207947 0.16764633320385 0.17096304902552 0.81914563756617 0.10537723934136 0.13536090841023 0.15496221944647 0.33538410476559 0.025787603014002 0.4102209571258 0.12870530100273 0.13877711955125 0.43111961469261 0.1427578320808 0.14732805547661 0.4122017939934 0.011205476993523 0.42349292047141 0.19929421887501 0.44328669723586 0.45006870887793 0.37757528908883 0.41920375664351 0.41570244166029 0.11215206225788 0.18939816052078 0.17274131742056 0.20568134209519 0.39813792750769 0.51394634802257 0.15952281154764 0.49088582078575 0.91678520738581 -0.48943188878688 -0.47519479683607 0.47723700017481 0.81121045403308 0.24271556694739 0.52433283693303 0.50386285257038 0.48422330017738 0.48342734740269 0.48495756832417 0.23052390064109"
General-2-20251226-14:50:24-93474,vector,AdhocNetwork1.host[9].app[1],e2eDelayPeriodicSec,,,"1 2 3 4 5 6 7 8 9 10 11 12 13 14 15 16 17 18 19 20 21 22 23 24 25 26 27 28 29 30 31 32 33 34 35 36 37 38 39 40 41 42 43 44 45 46 47 48 49 50","NaN 0.14043764386 0.14043764386 0.14043764386 NaN NaN NaN NaN NaN 0.025878580856 0.025878580856 0.025878580856 NaN NaN NaN NaN NaN NaN NaN NaN NaN NaN NaN NaN NaN NaN NaN NaN NaN NaN NaN NaN NaN NaN NaN NaN NaN NaN NaN NaN NaN NaN NaN NaN NaN NaN NaN NaN NaN NaN"
General-2-20251226-14:50:24-93474,vector,AdhocNetwork1.host[9].rl,rlReward,,,"1 2 3 4 5 6 7 8 9 10 11 12 13 14 15 16 17 18 19 20 21 22 23 24 25 26 27 28 29 30 31 32 33 34 35 36 37 38 39 40 41 42 43 44 45 46 47 48 49 50","0.33333333333333 0 0.05446653077053 0.037695523111335 0.13819484502547 0.15029098765457 -0.044906991867284 0.19027761274814 0.18683989370636 0 0.18939864215866 0.11018766999767 0.12404388900026 -0.54363276184238 -0.60648530660217 -0.26795665959142 -0.57359068347056 -0.45031706572489 -0.4945732684852 -0.43196884759107 -0.43160565550524 0.18858733202088 0.17586380161055 0.37907664005827 0.44711594147814 0.44821786476746 0.38347151009238 0.41002712382393 0.45204366061364 0.51634329725162 0.46602913805132 0.46038248427843 0.092407289657885 0.46882408593911 0.436023076591 0.46961102790751 0.46167411222653 0.52252502631407 0.47142574983462 0.47072624586269 0.47168039382439 0.46397357813413 0.52205102033309 0.47117110584485 0.47151625583099 0.46947296791305 0.46683755601904 0.47029212388011 0.46850041195222 0.47133064183849"
General-2-20251226-14:50:24-93474,vector,AdhocNetwork1.host[10].app[1],e2eDelayPeriodicSec,,,"1 2 3 4 5 6 7 8 9 10 11 12 13 14 15 16 17 18 19 20 21 22 23 24 25 26 27 28 29 30 31 32 33 34 35 36 37 38 39 40 41 42 43 44 45 46 47 48 49 50","NaN NaN NaN NaN NaN NaN NaN NaN NaN NaN NaN NaN NaN NaN NaN NaN NaN NaN NaN NaN NaN NaN 12.202906814512 12.202906814512 12.202906814512 NaN NaN 0.071360113418 0.071360113418 0.071360113418 NaN NaN 0.07155509477 0.07155509477 0.07155509477 NaN NaN NaN NaN NaN NaN NaN NaN NaN NaN NaN NaN NaN NaN NaN"
General-2-20251226-14:50:24-93474,vector,AdhocNetwork1.host[10].rl,rlReward,,,"1 2 3 4 5 6 7 8 9 10 11 12 13 14 15 16 17 18 19 20 21 22 23 24 25 26 27 28 29 30 31 32 33 34 35 36 37 38 39 40 41 42 43 44 45 46 47 48 49 50","0.33333333333333 0 0.13896443588575 0.8214873828857 0.34458457929644 0.14432598890395 0.095711090019209 0.11861605107364 0.16719232360557 0.14050853732546 0 0.084775411079929 0.11716352667818 0.12471580570071 0.14278105358175 0.14607145030564 0.053932689421321 0.099404862779725 0.10745671663874 0.13082301973135 0.34240208564201 0.04563972148184 0 0.034316646159505 0.1415311608835 -0.55957285257598 -0.66388953064637 -0.66666666666667 -0.59721695108604 -0.5547369062853 -0.6282175401612 0.14566092237472 0.10335586889097 0.10568298034634 0.16024514825967 0.18518277597379 0.12705770251252 0.092717996675816 0.16693153343327 0.16758001553577 0.15964530051647 0.18557930242325 0.40021794577293 0.22651834825991 0.19494232558618 0.19966744965564 0.085733507135229 0.19562320200246 0.15719657999008 0.49726809572531"
General-2-20251226-14:50:24-93474,vector,AdhocNetwork1.host[11].app[1],e2eDelayPeriodicSec,,,"1 2 3 4 5 6 7 8 9 10 11 12 13 14 15 16 17 18 19 20 21 22 23 24 25 26 27 28 29 30 31 32 33 34 35 36 37 38 39 40 41 42 43 44 45 46 47 48 49 50","NaN 0.061343259547 0.061343259547 0.061343259547 NaN NaN 0.031920174583 0.031920174583 0.031920174583 NaN NaN 0.019429120252 0.019429120252 0.019429120252 0.022873438414 0.022873438414 0.022873438414 NaN NaN NaN NaN 0.020561343758 0.020561343758 0.020561343758 NaN 0.027532033853 0.027532033853 0.027532033853 NaN NaN NaN NaN 0.015706632299 0.015706632299 0.015706632299 NaN NaN NaN NaN 0.162460040243 0.162460040243 0.162460040243 NaN NaN NaN NaN NaN NaN NaN NaN"
General-2-20251226-14:50:24-93474,vector,AdhocNetwork1.host[11].rl,rlReward,,,"1 2 3 4 5 6 7 8 9 10 11 12 13 14 15 16 17 18 19 20 21 22 23 24 25 26 27 28 29 30 31 32 33 34 35 36 37 38 39 40 41 42 43 44 45 46 47 48 49 50","0.33333333333333 -0.2 0.099220343314968 0.14877127351655 0.051019579107044 -0.63588796850022 -0.66666666666667 -0.47900439359268 -0.56043768886954 -0.30117122756123 -0.61082335777273 -0.2 0.13986484264937 0.13882379763207 0.1 0.30663331230685 -0.065702974014822 0.34217987176687 0.16457745619324 0.38003325093919 0.33512141142921 0.20842075498436 0.1 0.22154544184066 0.40755110581546 0.32365154912875 0.26674978940953 0.42187793616281 0.0292226612267 0.46562120173595 0.4079286025805 0.39862863529332 0.38572169624709 0.31878821008216 0.4233120888269 0.41976122467978 0.048875947473079 0.31227368938195 0.44008602302193 0.39499029729802 0.47655069062937 0.1996744948282 0.41531880217052 0.47442514715053 0.4777730466124 0.48564004800057 0.40022648965601 0.34687991511663 0.37784646514277 0.41388312629974"
General-2-20251226-14:50:24-93474,vector,AdhocNetwork1.host[12].app[1],e2eDelayPeriodicSec,,,"1 2 3 4 5 6 7 8 9 10 11 12 13 14 15 16 17 18 19 20 21 22 23 24 25 26 27 28 29 30 31 32 33 34 35 36 37 38 39 40 41 42 43 44 45 46 47 48 49 50","NaN NaN NaN NaN NaN NaN NaN NaN NaN NaN NaN NaN NaN NaN NaN NaN NaN NaN NaN NaN NaN NaN NaN NaN NaN 3.129286805711 3.129286805711 3.129286805711 NaN NaN NaN NaN NaN NaN NaN NaN NaN NaN NaN NaN NaN 0.197317116172 0.197317116172 0.197317116172 NaN NaN NaN NaN NaN NaN"
General-2-20251226-14:50:24-93474,vector,AdhocNetwork1.host[12].rl,rlReward,,,"1 2 3 4 5 6 7 8 9 10 11 12 13 14 15 16 17 18 19 20 21 22 23 24 25 26 27 28 29 30 31 32 33 34 35 36 37 38 39 40 41 42 43 44 45 46 47 48 49 50","0.33333333333333 0.1 0.023904104867044 0.11593412776382 0.069258110193298 0.0078247478377844 0 0.084820166922795 0.049428325658139 0.065154609038184 0.043712245095658 0 0.057620518053142 0.092836916398894 0.02254606989344 0.11740083648126 0.08426653693347 0.034647829881293 0.14464116846901 0.15149135745902 0.10246159161133 0.066813241127911 0 0.07065409633855 0.11024538430479 0.29858268520518 -0.11778467544945 0.27783415037559 0.36606113841592 0.3630704331474 0.35031250782305 0.33472176636786 0.24295903560932 0.324845475 0.36219940281337 0.34735171702904 0.15029291577476 0.32597896417028 0.36826413171045 0.39798770556848 0.42071019233325 0.36252360894848 0.16670762356032 0.43738479697811 0.4356338866061 0.42737645285355 0.36904940490086 0.37142244731962 0.39496895735567 0.056199296843241"
General-2-20251226-14:50:24-93474,vector,AdhocNetwork1.host[13].app[1],e2eDelayPeriodicSec,,,"1 2 3 4 5 6 7 8 9 10 11 12 13 14 15 16 17 18 19 20 21 22 23 24 25 26 27 28 29 30 31 32 33 34 35 36 37 38 39 40 41 42 43 44 45 46 47 48 49 50","NaN NaN NaN NaN NaN NaN NaN NaN NaN NaN NaN NaN NaN 0.181545611515 0.181545611515 0.181545611515 NaN NaN NaN NaN NaN 0.188499610183 0.188499610183 0.188499610183 NaN NaN NaN 0.032514661884 0.032514661884 0.032514661884 NaN NaN NaN NaN 0.05952938713 0.05952938713 0.05952938713 NaN NaN NaN NaN NaN NaN NaN NaN NaN NaN NaN NaN NaN"
General-2-20251226-14:50:24-93474,vector,AdhocNetwork1.host[13].rl,rlReward,,,"1 2 3 4 5 6 7 8 9 10 11 12 13 14 15 16 17 18 19 20 21 22 23 24 25 26 27 28 29 30 31 32 33 34 35 36 37 38 39 40 41 42 43 44 45 46 47 48 49 50","0.33333333333333 0 0.094821777236969 0.14610075428699 0.090573958392312 0.10836072166926 0.69263082569285 0.13684244436004 0.1477216572089 0.086285287390165 0.0035016737518709 0.066087863242246 -0.59320270380296 -0.66666666666667 -0.64209421423539 -0.64065823687232 -0.63095403758402 -0.57447731152651 -0.61524198861367 -0.57455420427581 -0.55406074301353 0.1 0.1 0.13808231667372 0.33230944237793 0.33139527848182 0.28671408912476 0.25399300743908 0.14046895691996 0.34370081415488 0.34706974662017 0.30789676570351 0.30462489370164 0.29779567954026 0.25008308111721 0.40851933288535 0.31986683023278 0.36386200339252 0.41318820250716 0.39278688778378 0.790854555241 0.46515928604206 0.28859020016228 0.4488591370391 0.43326250648836 0.42934171726925 0.38071507114887 0.43021409389854 0.43397036808309 0.23898468968222"
General-2-20251226-14:50:24-93474,vector,AdhocNetwork1.host[14].app[1],e2eDelayPeriodicSec,,,"1 2 3 4 5 6 7 8 9 10 11 12 13 14 15 16 17 18 19 20 21 22 23 24 25 26 27 28 29 30 31 32 33 34 35 36 37 38 39 40 41 42 43 44 45 46 47 48 49 50","NaN 0.145304928918 0.145304928918 0.145304928918 0.00743214801 0.00743214801 0.00743214801 NaN NaN 0.085405099804 0.085405099804 0.085405099804 NaN 0.021157112663 0.021157112663 0.021157112663 NaN NaN 0.015958010171 0.015958010171 0.015958010171 NaN 0.007794788243 0.007794788243 0.007794788243 NaN NaN NaN NaN NaN NaN NaN NaN NaN NaN NaN NaN NaN NaN NaN NaN NaN NaN NaN NaN NaN NaN NaN 0.019262258533 0.019262258533"
General-2-20251226-14:50:24-93474,vector,AdhocNetwork1.host[14].rl,rlReward,,,"1 2 3 4 5 6 7 8 9 10 11 12 13 14 15 16 17 18 19 20 21 22 23 24 25 26 27 28 29 30 31 32 33 34 35 36 37 38 39 40 41 42 43 44 45 46 47 48 49 50","0.33333333333333 0 0.15177964590459 0.1998730725039 0.13277232413406 0.11658987577109 0.78746638069184 0.48717465852987 0.49010194145455 0.13432829174609 0.18205661155715 0.14055582083581 0.030750448373336 0.19409321817993 0.37142216008176 0.41216401551673 0.45756846599556 0.089152697886014 -0.49907685911961 -0.44861661939467 -0.47374571559866 0.13706554295025 0.15431022816719 0.086833157305674 0.18816700281932 0.18564530012694 0.17920839112866 0.17801331322228 0.22254308412226 0.22829408383956 0.20955055884427 0.17440207657162 0.19409531537664 0.23067538635945 0.23705247467372 0.17363749656674 0.16269263210641 0.18917297424498 0.1757475889725 0.2003197838797 0.20829265814703 0.11366413825583 0.200643493992 0.091245196579541 0.46388193231653 0.23799764365968 0.19152733753852 0.21922357383931 0.20016351309505 0.49354580989025"
General-2-20251226-14:50:24-93474,vector,AdhocNetwork1.host[15].app[1],e2eDelayPeriodicSec,,,"1 2 3 4 5 6 7 8 9 10 11 12 13 14 15 16 17 18 19 20 21 22 23 24 25 26 27 28 29 30 31 32 33 34 35 36 37 38 39 40 41 42 43 44 45 46 47 48 49 50","NaN 0.218124111605 0.218124111605 0.218124111605 NaN NaN 0.049883789239 0.049883789239 0.049883789239 NaN NaN NaN NaN NaN NaN 3.019895958182 3.019895958182 3.019895958182 NaN NaN NaN NaN 0.237746590647 0.237746590647 0.237746590647 NaN NaN NaN NaN NaN NaN NaN NaN NaN NaN NaN NaN NaN NaN NaN NaN NaN NaN NaN NaN NaN NaN NaN NaN NaN"
General-2-20251226-14:50:24-93474,vector,AdhocNetwork1.host[15].rl,rlReward,,,"1 2 3 4 5 6 7 8 9 10 11 12 13 14 15 16 17 18 19 20 21 22 23 24 25 26 27 28 29 30 31 32 33 34 35 36 37 38 39 40 41 42 43 44 45 46 47 48 49 50","0.33333333333333 0 0.096809494395002 0.17100938641118 0.17643101933606 0.16505672734919 -0.16970835560768 0.14363369878022 0.17356880996906 0.11588959917969 0.13798446193201 0.014682572772976 0 0.031909225999868 0.010381286225916 0.1156944524276 0.080943138808765 0 0.17515049687071 0.20616674565291 0.20439833135753 0.13339598952024 0 0 0.42064437962745 0.22249925815276 0.20062865557779 0.18683425138144 0.24223632465451 0.24834955140203 0.22186257479497 0.21714024853526 0.22586797640559 0.2344149065115 0.23810652303918 0.24280540825354 0.21147749537708 0.25135148259297 0.24548385484358 0.25680512416702 0.26534687459543 0.20069803092321 0.22965791398416 0.25748129831846 0.26273647683383 0.25102075108646 0.24566086792349 0.18213809596834 0.24057355134264 0.26035260158553"
General-2-20251226-14:50:24-93474,vector,AdhocNetwork1.host[16].app[1],e2eDelayPeriodicSec,,,"1 2 3 4 5 6 7 8 9 10 11 12 13 14 15 16 17 18 19 20 21 22 23 24 25 26 27 28 29 30 31 32 33 34 35 36 37 38 39 40 41 42 43 44 45 46 47 48 49 50","NaN NaN NaN NaN 3.067893524871 3.067893524871 3.067893524871 NaN NaN NaN NaN NaN 3.070111640409 3.070111640409 3.070111640409 NaN 0.05515758222 0.05515758222 0.05515758222 NaN NaN NaN NaN 0.094656243544 0.094656243544 0.094656243544 NaN NaN NaN NaN NaN NaN NaN NaN NaN NaN NaN NaN NaN NaN NaN NaN NaN NaN NaN NaN NaN NaN 0.066516601647 0.066516601647"
General-2-20251226-14:50:24-93474,vector,AdhocNetwork1.host[16].rl,rlReward,,,"1 2 3 4 5 6 7 8 9 10 11 12 13 14 15 16 17 18 19 20 21 22 23 24 25 26 27 28 29 30 31 32 33 34 35 36 37 38 39 40 41 42 43 44 45 46 47 48 49 50","0.33333333333333 0 0.18213575762819 0.86016652605087 0.19540209366179 0.1285429032668 0.076890415085646 0.17619881466491 0.20980292484837 0.040449062380997 0.076315725138791 0.15305946427224 0.017622651306689 0.19673562594205 0.087636453336306 0.14982614256405 0.17716815732068 0.042980411414279 0.1229719290371 0.22083304993412 0.20213037300402 0.14525795179137 0.16173304206247 0.095920761941334 0.1838998142271 0.22718803586703 0.14707920357838 0.1770613717964 0.22083652679617 0.22624974127141 0.20363966847234 0.17713232955678 0.18530011919121 0.20114113793352 0.21032035725952 0.20514789513273 0.15418140604704 0.19737838166069 0.20461543174736 0.40749812814588 0.23049140592907 0.16504351279786 0.43948133063875 0.22419938990331 0.21640008470327 0.19360468155397 0.18135019212274 0.31226837601438 0.066998627073843 0.18547137947584"
General-2-20251226-14:50:24-93474,vector,AdhocNetwork1.host[17].app[1],e2eDelayPeriodicSec,,,"1 2 3 4 5 6 7 8 9 10 11 12 13 14 15 16 17 18 19 20 21 22 23 24 25 26 27 28 29 30 31 32 33 34 35 36 37 38 39 40 41 42 43 44 45 46 47 48 49 50","NaN 0.17560476907 0.17560476907 0.17560476907 0.031136999342 0.031136999342 0.031136999342 NaN NaN 0.078620407189 0.078620407189 0.078620407189 NaN 0.044912248583 0.044912248583 0.044912248583 NaN NaN NaN NaN NaN NaN NaN NaN NaN NaN 9.028053980952 9.028053980952 9.028053980952 NaN NaN NaN NaN NaN NaN NaN NaN NaN NaN NaN NaN NaN NaN NaN NaN NaN NaN NaN 0.038364383749 0.038364383749"
General-2-20251226-14:50:24-93474,vector,AdhocNetwork1.host[17].rl,rlReward,,,"1 2 3 4 5 6 7 8 9 10 11 12 13 14 15 16 17 18 19 20 21 22 23 24 25 26 27 28 29 30 31 32 33 34 35 36 37 38 39 40 41 42 43 44 45 46 47 48 49 50","0.33333333333333 0 0.065974162895448 0.12720601316011 0.088285376873645 0.046571686408081 0.055993735521165 0.14713335051904 0.15839062932099 0.058985756548359 0.11019910775045 0.20454107705603 0.044795597879668 0.11136505215247 0.083098363652286 0.14679445193827 0.12377138382847 0.047696871934115 0.16327452451574 0.46642250101158 0.14776140789688 0.090385821852064 0.066681881926186 0.11126019435511 0.15017696868645 0.16271004353281 0.098496126662561 0.1338669004718 0.18530104350473 0.47181795925866 0.43534294456295 0.43428787906716 -0.0318449610149 0.48907385300432 0.47454981133108 -0.11576911826417 -0.54157443175959 -0.53647380247235 -0.51820458164764 -0.50400468421655 -0.50622650026027 0.4655253332494 0.46891866824898 0.4980123740822 0.49669222747322 0.48139242500078 0.47546075025045 0.47985492762645 0.43601455414113 0.45954603770242"
General-2-20251226-14:50:24-93474,vector,AdhocNetwork1.host[18].app[1],e2eDelayPeriodicSec,,,"1 2 3 4 5 6 7 8 9 10 11 12 13 14 15 16 17 18 19 20 21 22 23 24 25 26 27 28 29 30 31 32 33 34 35 36 37 38 39 40 41 42 43 44 45 46 47 48 49 50","NaN NaN NaN NaN NaN NaN NaN NaN NaN NaN NaN NaN NaN NaN NaN NaN NaN NaN NaN NaN NaN NaN 0.383770617301 0.383770617301 0.383770617301 NaN NaN NaN NaN NaN NaN NaN NaN NaN NaN NaN NaN NaN NaN NaN NaN NaN NaN NaN NaN NaN 0.093539899384 0.093539899384 0.093539899384 NaN"
General-2-20251226-14:50:24-93474,vector,AdhocNetwork1.host[18].rl,rlReward,,,"1 2 3 4 5 6 7 8 9 10 11 12 13 14 15 16 17 18 19 20 21 22 23 24 25 26 27 28 29 30 31 32 33 34 35 36 37 38 39 40 41 42 43 44 45 46 47 48 49 50","0.33333333333333 0 0.094452039636597 0.16000283688093 0.10029331847986 0.12853483455683 0.088151426315967 0.1518631306007 0.14588638142309 0.11226900780523 0.082044874245791 0 0.13574757082617 0.14441143990088 0.10803747190053 0.076883926621125 0 0.055023859314776 0.076999080392771 0.11984369034372 0.1428116975465 0.014216001285905 0.042642874716441 0.030758779225561 0.10868772131816 0.14435488503634 0.046750822358096 0.0076021527981512 0.071439578015933 0.14548571957899 0.10106654263683 0 0.063591521061842 0.071991467866886 0.049662732739208 0.12289625368519 0.043016792244564 0.040681344330804 0.098440647860392 0.24223189135932 0.15582408699081 0.055101244963658 0 0.2604186526993 0.27630298802439 0.20806840233669 0.23177526350816 0.23196761139497 0.2174203334302 0.26771700574564"
General-2-20251226-14:50:24-93474,vector,AdhocNetwork1.host[19].app[1],e2eDelayPeriodicSec,,,"1 2 3 4 5 6 7 8 9 10 11 12 13 14 15 16 17 18 19 20 21 22 23 24 25 26 27 28 29 30 31 32 33 34 35 36 37 38 39 40 41 42 43 44 45 46 47 48 49 50","NaN NaN NaN NaN 0.220985678444 0.220985678444 0.220985678444 NaN 0.017689532431 0.017689532431 0.017689532431 NaN NaN 0.05948053695 0.05948053695 0.05948053695 NaN 0.016908693954 0.016908693954 0.016908693954 NaN 0.07678494212 0.07678494212 0.07678494212 0.035762795852 0.035762795852 0.035762795852 NaN NaN NaN NaN NaN 0.060605790029 0.060605790029 0.060605790029 NaN 0.055342515698 0.055342515698 0.055342515698 NaN NaN 0.036393386503 0.036393386503 0.036393386503 NaN NaN NaN NaN NaN NaN"
General-2-20251226-14:50:24-93474,vector,AdhocNetwork1.host[19].rl,rlReward,,,"1 2 3 4 5 6 7 8 9 10 11 12 13 14 15 16 17 18 19 20 21 22 23 24 25 26 27 28 29 30 31 32 33 34 35 36 37 38 39 40 41 42 43 44 45 46 47 48 49 50","0.33333333333333 0 0.15861025817549 0.18304254984534 -0.66666666666667 -0.56362082225021 -0.5646734402425 -0.19244011891727 -0.25231164144048 -0.39038475304175 -0.53803114437332 0.34941901235085 0.43756800772644 0.3739362722726 0.40547327189956 0.38975594414742 0.36630984465469 0.42172833561056 0.28967215358008 0.43987778387857 0.020245744206708 0.38810107425366 0.34478028587947 0.42147515130247 0.48127179772661 0.37439153146542 0.40305297175692 0.46604231260954 0.38316434194598 0.47286151206739 0.4834999891751 0.44808936425728 0.44152872345982 0.44141410256475 0.46372733976263 0.43190608780971 0.46811062132673 0.41608634482539 0.46704714439377 0.48951623954952 0.47705546016046 0.43751471965743 0.2707791401589 0.50595106978516 0.49165825416275 0.4923580347627 0.47993609203456 0.483948062826 0.50102064895388 0.49754891803266"
General-2-20251226-14:50:24-93474,vector,AdhocNetwork1.host[20].app[1],e2eDelayPeriodicSec,,,"1 2 3 4 5 6 7 8 9 10 11 12 13 14 15 16 17 18 19 20 21 22 23 24 25 26 27 28 29 30 31 32 33 34 35 36 37 38 39 40 41 42 43 44 45 46 47 48 49 50","NaN NaN NaN NaN 0.132328022192 0.132328022192 0.132328022192 NaN NaN NaN NaN NaN NaN NaN NaN NaN NaN NaN NaN NaN NaN NaN NaN NaN NaN NaN NaN NaN NaN NaN NaN NaN NaN 0.027623063852 0.027623063852 0.027623063852 NaN 0.02901793632 0.02901793632 0.02901793632 NaN NaN NaN NaN NaN NaN NaN 0.048256379476 0.048256379476 0.048256379476"
General-2-20251226-14:50:24-93474,vector,AdhocNetwork1.host[20].rl,rlReward,,,"1 2 3 4 5 6 7 8 9 10 11 12 13 14 15 16 17 18 19 20 21 22 23 24 25 26 27 28 29 30 31 32 33 34 35 36 37 38 39 40 41 42 43 44 45 46 47 48 49 50","0.33333333333333 0 0.086944150856147 0.17193185506525 0.14392623033921 0.0013937023524092 0.089421787318061 0.15747257490222 0.11168876473047 0.14913095741324 0.11669837247027 0 0 0.098726188519433 0.3 0.13546349217492 0.17832449357735 0.081966304194304 0.18249638879401 0.20945287226444 0.16649400814017 0.12797508196697 0.1698321174525 0.18826574344463 0.209058890745 0.22654962095256 0.19239622747178 0.18534378354943 0.220526650803 0.22436214529718 0.24944475899036 0.23227406529042 0.22674590602833 0.22561108397732 0.25219252187049 0.25230339110755 0.2385541850358 0.18244595800586 0.23897433458272 0.25080702783838 0.25834901897156 0.24430945562059 0.21912394938633 0.2639676291358 0.25974280396871 0.24869252462312 0.23455505957555 0.2458374565486 0.20222293170326 0.23890954111634"
General-2-20251226-14:50:24-93474,vector,AdhocNetwork1.host[21].app[1],e2eDelayPeriodicSec,,,"1 2 3 4 5 6 7 8 9 10 11 12 13 14 15 16 17 18 19 20 21 22 23 24 25 26 27 28 29 30 31 32 33 34 35 36 37 38 39 40 41 42 43 44 45 46 47 48 49 50","NaN NaN NaN NaN NaN NaN NaN NaN NaN NaN 0.01841515057 0.01841515057 0.01841515057 NaN NaN NaN NaN NaN NaN NaN NaN NaN NaN 0.015723296746 0.015723296746 0.015723296746 NaN NaN NaN NaN NaN NaN NaN NaN NaN 0.008213370991 0.008213370991 0.008213370991 NaN 0.008733428031 0.008733428031 0.008733428031 NaN NaN 0.007953718639 0.007953718639 0.007953718639 0.008514071663 0.008514071663 0.008514071663"
General-2-20251226-14:50:24-93474,vector,AdhocNetwork1.host[21].rl,rlReward,,,"1 2 3 4 5 6 7 8 9 10 11 12 13 14 15 16 17 18 19 20 21 22 23 24 25 26 27 28 29 30 31 32 33 34 35 36 37 38 39 40 41 42 43 44 45 46 47 48 49 50","0.33333333333333 0 0.029717206788352 0 0 0.1585944868962 0.12250283497797 0.13357867814095 0.19870279894453 0.13077196180468 0.098852408053027 0.12177598553026 0.1627339077477 0.19097417255752 0.46249032928136 0.44936570683687 0.41235556917201 -0.045119909001849 0.46793189694462 0.47329264554121 0.4626536716937 0.39839611793526 0.35299041426874 0.3 0.44861290977075 0.47364858328657 0.42852002483911 0.41649335700321 0.86362527335589 -0.53478855850621 -0.55104632765478 0.41492573228506 0.82110431653062 0.4389616037249 0.36740341105911 0.46131360495325 0.36154154901911 0.43969861348731 0.464146782171 0.42279397895599 0.42612455399789 0.44171879862358 0 0.46929077726798 0.45352038077925 0.48042318545412 0.46585343836722 0.44818652026137 0.45686845494331 0.49813229070459"
General-2-20251226-14:50:24-93474,vector,AdhocNetwork1.host[22].app[1],e2eDelayPeriodicSec,,,"1 2 3 4 5 6 7 8 9 10 11 12 13 14 15 16 17 18 19 20 21 22 23 24 25 26 27 28 29 30 31 32 33 34 35 36 37 38 39 40 41 42 43 44 45 46 47 48 49 50","NaN 0.08942868753 0.08942868753 0.08942868753 NaN NaN 0.027742460117 0.027742460117 0.027742460117 NaN NaN NaN 0.013611808344 0.013611808344 0.013611808344 NaN 0.047398567222 0.047398567222 0.047398567222 NaN NaN 0.01720075062 0.01720075062 0.01720075062 NaN 0.009164629543 0.009164629543 0.009164629543 NaN NaN 0.007912410476 0.007912410476 0.007912410476 NaN NaN 0.007971929109 0.007971929109 0.007971929109 0.00783155704 0.00783155704 0.00783155704 NaN 0.008091118702 0.008091118702 0.008091118702 NaN 0.016356798779 0.016356798779 0.016356798779 0.021553390132"
General-2-20251226-14:50:24-93474,vector,AdhocNetwork1.host[22].rl,rlReward,,,"1 2 3 4 5 6 7 8 9 10 11 12 13 14 15 16 17 18 19 20 21 22 23 24 25 26 27 28 29 30 31 32 33 34 35 36 37 38 39 40 41 42 43 44 45 46 47 48 49 50","0.33333333333333 0 0.087635446243959 0.12824920401756 -0.57233091399863 -0.60909775721268 -0.62796858611947 -0.60316260700659 -0.20445239306636 -0.43455483138674 -0.54980890066487 0.13209401993523 0.27536588204005 0.10850586300132 0.17365913378259 0.14664514173961 0.1 -0.44507909450068 -0.43875302915966 -0.50068083740939 -0.26124648065838 0.21424801711725 0.3 0.1 0.41859774221656 0.37018260949621 0.1 0.38518050027824 0.41734119539641 0.43310798405349 0.35935932563686 -0.048881667676588 0.30051597034454 0.35840233927796 0.41878066921549 0.40396659543543 0.36678968853386 0.4081295534691 0.45198155429459 0.45299208789424 0.48457218419727 0.3696229352412 0.21310662721791 0.46340240570309 0.43265884359161 0.46433555187406 0.39174272966765 0.45969770438069 0.39488355446378 0.4396367504149"
General-2-20251226-14:50:24-93474,vector,AdhocNetwork1.host[23].app[1],e2eDelayPeriodicSec,,,"1 2 3 4 5 6 7 8 9 10 11 12 13 14 15 16 17 18 19 20 21 22 23 24 25 26 27 28 29 30 31 32 33 34 35 36 37 38 39 40 41 42 43 44 45 46 47 48 49 50","NaN NaN NaN NaN 0.096600194197 0.096600194197 0.096600194197 NaN NaN 0.019824809368 0.019824809368 0.019824809368 NaN NaN NaN NaN NaN NaN NaN NaN NaN NaN NaN 0.023794692218 0.023794692218 0.023794692218 NaN NaN NaN NaN NaN NaN NaN NaN NaN 0.012907368464 0.012907368464 0.012907368464 0.008533401996 0.008533401996 0.008533401996 NaN NaN 0.007713647637 0.007713647637 0.007713647637 NaN 0.008454018373 0.008454018373 0.008454018373"
General-2-20251226-14:50:24-93474,vector,AdhocNetwork1.host[23].rl,rlReward,,,"1 2 3 4 5 6 7 8 9 10 11 12 13 14 15 16 17 18 19 20 21 22 23 24 25 26 27 28 29 30 31 32 33 34 35 36 37 38 39 40 41 42 43 44 45 46 47 48 49 50","0.33333333333333 0 0.087509565257874 0.13921945856016 -0.65957096698876 -0.5430610893585 -0.62135555983856 -0.57384335205091 -0.50901570179054 -0.35368386673933 -0.4904523549983 0.18502485774266 -0.10421492980288 0.13370673058172 0.2243104393745 0.44622370498374 0.19239139595708 0.154450888571 0.25428538047494 0.13054977689367 0.33891819561622 0.2053681746171 0.20037202519501 0.1 0.22075425356608 0.29597723797416 0.10041369984531 0.17444124257645 0.27261065228687 0.23031202881993 0.24898987619332 0.22476088195656 0.1 0.22770153088329 0.26093494917674 0.28739023473529 0.12675385928679 0.25869264495056 0.31588989073849 0.28385347462756 0.27615618445997 0.25656967601967 0.1 0.43350090195796 0.40044455294865 0.44226804609587 0.41196814955019 0.42171852313167 0.42700921965962 0.46965476457967"
General-2-20251226-14:50:24-93474,vector,AdhocNetwork1.host[24].app[1],e2eDelayPeriodicSec,,,"1 2 3 4 5 6 7 8 9 10 11 12 13 14 15 16 17 18 19 20 21 22 23 24 25 26 27 28 29 30 31 32 33 34 35 36 37 38 39 40 41 42 43 44 45 46 47 48 49 50","NaN NaN NaN NaN NaN NaN NaN NaN NaN NaN NaN NaN NaN NaN NaN NaN NaN NaN NaN NaN NaN NaN NaN NaN NaN NaN NaN NaN NaN NaN NaN NaN NaN NaN NaN NaN NaN NaN NaN NaN NaN NaN NaN NaN NaN NaN NaN NaN NaN NaN"
General-2-20251226-14:50:24-93474,vector,AdhocNetwork1.host[24].rl,rlReward,,,"1 2 3 4 5 6 7 8 9 10 11 12 13 14 15 16 17 18 19 20 21 22 23 24 25 26 27 28 29 30 31 32 33 34 35 36 37 38 39 40 41 42 43 44 45 46 47 48 49 50","0.33333333333333 0 0.1212479449443 0.79205493462311 0.010592279966144 -0.061645618581279 0.06518806319249 0.11752626439285 0.18231108201023 0.073104821785846 0.049248094110293 0.080740664440842 -0.053511304251147 0.15114292353264 0.14470569735718 0.15436844976409 0.076048038247213 0.11375623198108 0.16108226057774 0.15714389062617 0.17041835800392 0.061853424349623 0.032660275508692 0 -0.52133067256383 -0.50357152405187 -0.51416746836756 -0.52934670900756 -0.47597864713371 -0.46596157519379 -0.49721636455519 0.16305513294727 0.44322888952119 0.17607346352004 0.20243626103071 0.19737657070001 0.15857658883092 0.15389127668982 0.2021767970365 0.17952857860037 0.18934059066041 0.16657880995207 0.1392513893887 0.20050148591934 0.18753734605885 0.18734744372504 0.16744378822191 0.18869133696347 0.4716915240694 0.47288521166789"
General-3-20251226-14:50:24-93476,vector,AdhocNetwork1.host[0].app[1],e2eDelayPeriodicSec,,,"1 2 3 4 5 6 7 8 9 10 11 12 13 14 15 16 17 18 19 20 21 22 23 24 25 26 27 28 29 30 31 32 33 34 35 36 37 38 39 40 41 42 43 44 45 46 47 48 49 50","NaN NaN NaN NaN NaN NaN NaN NaN NaN NaN NaN NaN NaN 0.223020408552 0.223020408552 0.223020408552 NaN NaN NaN NaN NaN NaN NaN NaN NaN NaN NaN NaN NaN NaN NaN NaN NaN NaN NaN NaN NaN NaN 0.036980623433 0.036980623433 0.036980623433 NaN NaN 0.036463306451 0.036463306451 0.036463306451 NaN 0.016408846972 0.016408846972 0.016408846972"
General-3-20251226-14:50:24-93476,vector,AdhocNetwork1.host[0].rl,rlReward,,,"1 2 3 4 5 6 7 8 9 10 11 12 13 14 15 16 17 18 19 20 21 22 23 24 25 26 27 28 29 30 31 32 33 34 35 36 37 38 39 40 41 42 43 44 45 46 47 48 49 50","0.33333333333333 0 0.15462650916869 0.13119720876025 0.16615527084439 0.16528054780602 0.074413783266973 0.17647710647851 0.18850569388844 0.14430876088645 0.042897736307196 0.12921181975576 -0.54773451006608 -0.66666666666667 -0.4671668440523 -0.49320623892367 -0.56131386155206 -0.29780317805646 -0.46381560487144 -0.45636704528126 -0.52379197440792 -0.017625683022091 0 0.49458830719441 0.05195493736016 0.0070769600731933 0.035343758867322 -0.038448755319038 -0.039487599053022 0.27600897651104 -0.56486285257601 -0.081296868828178 0.14123954799334 -0.0049378320136207 0.40973727435568 0.29934548313132 -0.076993650259597 0.38362217758889 0.3772829267902 0.26618523713893 0.38666031116772 0.31748232028674 0.31748301327598 0.39258432203082 0.3803636958042 0.0047113856685618 0.17416143868335 0.30429405662556 0.41318417308832 0.362732310986"
General-3-20251226-14:50:24-93476,vector,AdhocNetwork1.host[1].app[1],e2eDelayPeriodicSec,,,"1 2 3 4 5 6 7 8 9 10 11 12 13 14 15 16 17 18 19 20 21 22 23 24 25 26 27 28 29 30 31 32 33 34 35 36 37 38 39 40 41 42 43 44 45 46 47 48 49 50","NaN NaN NaN NaN NaN NaN NaN NaN NaN NaN NaN NaN NaN NaN NaN NaN NaN NaN NaN NaN NaN NaN 0.175557130399 0.175557130399 0.175557130399 NaN 0.03384166958 0.03384166958 0.03384166958 NaN NaN NaN NaN NaN NaN NaN NaN NaN NaN NaN NaN NaN NaN NaN NaN NaN NaN NaN NaN NaN"
General-3-20251226-14:50:24-93476,vector,AdhocNetwork1.host[1].rl,rlReward,,,"1 2 3 4 5 6 7 8 9 10 11 12 13 14 15 16 17 18 19 20 21 22 23 24 25 26 27 28 29 30 31 32 33 34 35 36 37 38 39 40 41 42 43 44 45 46 47 48 49 50","0.33333333333333 0 0.091468274916969 0.109583526818 0.086733875196928 0.11653492583075 0.033889054962464 0.044651008964441 0.065728575349179 0.13278789987668 0 0.060172023275438 0.12438892046381 0.10894604860251 0.14897013711471 0.15506989568899 0.040765975631755 0.056296596637484 0.11546857773677 0.04661496658484 0.053720783551214 0.33178979074165 0 0.18243318173047 0.15684211450782 0.14734761175861 0.071926770375778 0.079859305208758 0.098300111664633 0.1086070558408 0.16059114372588 0.086950271738116 0.14975830787464 0.21087282462623 0.20059245355052 0.2079461585722 0.18764031194871 0.15867728521031 0.20748611895839 0.19884067061469 0.20279465502064 0 0.22188645754421 0.2196829061869 0.21697696316501 0.21604805123044 0.12334346136717 0.18239700014113 0.21104479831385 0.21108843639117"
General-3-20251226-14:50:24-93476,vector,AdhocNetwork1.host[2].app[1],e2eDelayPeriodicSec,,,"1 2 3 4 5 6 7 8 9 10 11 12 13 14 15 16 17 18 19 20 21 22 23 24 25 26 27 28 29 30 31 32 33 34 35 36 37 38 39 40 41 42 43 44 45 46 47 48 49 50","NaN 0.136579764215 0.136579764215 0.136579764215 NaN NaN 0.067369224101 0.067369224101 0.067369224101 0.031177751555 0.031177751555 0.031177751555 NaN NaN NaN NaN 0.079098888977 0.079098888977 0.079098888977 0.033038918453 0.033038918453 0.033038918453 NaN NaN NaN NaN NaN NaN NaN NaN NaN NaN NaN 0.027904522633 0.027904522633 0.027904522633 NaN 0.249097093137 0.249097093137 0.249097093137 NaN 0.044540571258 0.044540571258 0.044540571258 NaN NaN NaN NaN 0.067130597444 0.067130597444"
General-3-20251226-14:50:24-93476,vector,AdhocNetwork1.host[2].rl,rlReward,,,"1 2 3 4 5 6 7 8 9 10 11 12 13 14 15 16 17 18 19 20 21 22 23 24 25 26 27 28 29 30 31 32 33 34 35 36 37 38 39 40 41 42 43 44 45 46 47 48 49 50","0.33333333333333 0 0.10622182117273 0.21243015791273 0.20200499059601 0.1331141977365 0.11621123224885 0.17413411245965 0.16268932104194 0.15040479601909 0.085273234455438 0.150304486466 0.17693900167268 0.49361762742375 0.18504054102532 0.20227469900428 0.046298352059641 0.17450788730401 0.14686571862696 0.20173467780908 0.15815243476464 0.15186443248906 0.14338196602378 0.21315814858637 0.21171529251358 0.19619372063079 0.36636060151708 0.11800041346196 0.17869796317446 0.16767026873904 0.17753598254966 0.16426904134545 0.1799260232044 0.17426806595277 0.1885035746633 0.47406345771199 0.1740728679468 -0.63546465525306 -0.45587883019397 -0.45416699451751 -0.4763635798889 0.81411255961838 0.10724564382182 0.1998950704563 0.16651526282177 0.17923761435331 0.050093285904882 0.11191087108221 0.040868974586119 0.16837409206189"
General-3-20251226-14:50:24-93476,vector,AdhocNetwork1.host[3].app[1],e2eDelayPeriodicSec,,,"1 2 3 4 5 6 7 8 9 10 11 12 13 14 15 16 17 18 19 20 21 22 23 24 25 26 27 28 29 30 31 32 33 34 35 36 37 38 39 40 41 42 43 44 45 46 47 48 49 50","NaN NaN NaN NaN NaN NaN NaN NaN NaN NaN NaN NaN NaN NaN NaN NaN NaN NaN NaN NaN NaN NaN NaN NaN NaN NaN NaN NaN NaN NaN NaN NaN NaN NaN NaN NaN NaN NaN NaN NaN NaN NaN NaN NaN NaN NaN NaN NaN NaN NaN"
General-3-20251226-14:50:24-93476,vector,AdhocNetwork1.host[3].rl,rlReward,,,"1 2 3 4 5 6 7 8 9 10 11 12 13 14 15 16 17 18 19 20 21 22 23 24 25 26 27 28 29 30 31 32 33 34 35 36 37 38 39 40 41 42 43 44 45 46 47 48 49 50","0.33333333333333 0 0.14035331937687 0.10556153529098 0 0.15036259245212 0.1180283599581 0.14588151867817 0.14154511769475 0.1954932882345 0.021185610786784 0.0023951373231876 0.14535221238712 0.031284190123219 0.066026499695595 0.16636198217624 0.11549674795106 0.13886403480991 0.18576520350829 0.20343797526291 0.17768668493904 0.34827200833435 0.057066236036724 0.21077136722938 0.19988593424736 0.17698653747115 0.086246579230766 0.17574830441604 0.11390939296657 0.18213583957714 0.20836845520824 0.1443846122776 0.056112400799219 0.43348539004417 0.18487262150073 0.22731038359805 0.20739790083415 0.1997844122516 0.20039267270172 0.18710232693841 0.22347858515807 0.12855086981611 0.4860725350713 0.25649044614494 0.25541887137857 0.25602772038572 0.19026874903338 0.17638497466079 0.22790384687658 0.22638205469307"
General-3-20251226-14:50:24-93476,vector,AdhocNetwork1.host[4].app[1],e2eDelayPeriodicSec,,,"1 2 3 4 5 6 7 8 9 10 11 12 13 14 15 16 17 18 19 20 21 22 23 24 25 26 27 28 29 30 31 32 33 34 35 36 37 38 39 40 41 42 43 44 45 46 47 48 49 50","NaN NaN NaN NaN NaN NaN NaN NaN NaN NaN NaN NaN NaN NaN NaN NaN NaN NaN NaN NaN NaN NaN NaN NaN NaN NaN NaN NaN NaN NaN NaN NaN NaN NaN NaN NaN NaN NaN NaN NaN NaN NaN NaN NaN NaN NaN 0.137018929672 0.137018929672 0.137018929672 NaN"
General-3-20251226-14:50:24-93476,vector,AdhocNetwork1.host[4].rl,rlReward,,,"1 2 3 4 5 6 7 8 9 10 11 12 13 14 15 16 17 18 19 20 21 22 23 24 25 26 27 28 29 30 31 32 33 34 35 36 37 38 39 40 41 42 43 44 45 46 47 48 49 50","0.33333333333333 0 0.07769121969112 0.047452548508132 0.0059918248998675 0.039157866203514 0 0.078771656443992 0.0417920931464 0.094614794407398 0.32865301018588 0.30680713831353 0.31178681767838 0.3 0.0093566004787481 0.11289692655539 -0.15498012984981 0.10333003305764 0.42991029194865 0.42781560496522 0.42870446083493 0.38672845328908 0.3 0.4500626294389 0.34500232674272 0.31081617913717 0.32556740370187 0.36552734533578 0.30496926366377 -0.10592246614221 0.3939088178286 0.38532378235224 0.38058425800106 0.41246360479795 0.36061102978214 0.40439494932629 0.36558748249013 0.3417687805562 0.36559267703127 0.3 0.45524127781291 0.3197581764015 0.43402019939836 0.40705645824075 0.46424440121998 0.47778262772984 0.38020201324166 0.4083819558582 0.45817606865048 0.46797250560921"
General-3-20251226-14:50:24-93476,vector,AdhocNetwork1.host[5].app[1],e2eDelayPeriodicSec,,,"1 2 3 4 5 6 7 8 9 10 11 12 13 14 15 16 17 18 19 20 21 22 23 24 25 26 27 28 29 30 31 32 33 34 35 36 37 38 39 40 41 42 43 44 45 46 47 48 49 50","NaN NaN NaN NaN NaN NaN NaN NaN NaN NaN NaN NaN NaN NaN NaN NaN NaN NaN NaN NaN NaN NaN NaN NaN NaN 18.031493015847 18.031493015847 18.031493015847 NaN NaN NaN NaN NaN NaN NaN NaN NaN NaN NaN NaN NaN NaN NaN NaN NaN NaN NaN NaN NaN NaN"
General-3-20251226-14:50:24-93476,vector,AdhocNetwork1.host[5].rl,rlReward,,,"1 2 3 4 5 6 7 8 9 10 11 12 13 14 15 16 17 18 19 20 21 22 23 24 25 26 27 28 29 30 31 32 33 34 35 36 37 38 39 40 41 42 43 44 45 46 47 48 49 50","0.33333333333333 0 0.10031910632762 0.056394756127965 0 0.055146770106982 0 0.0033941737182752 0.028871590384388 0.067145526410105 0 0.15554725059997 0.17914024643535 0.12182442589594 0.45559181315883 0.34914045913701 0.35502005683254 0.42182214338748 0.3659602663333 0.42087855212912 0.42730540627054 0.38874420022691 0.36064519737775 0.4464847456954 0.33274589693076 0.28281635189344 0.39364217328623 0.37124768669155 0.42166872504269 0.37258000112275 0.4333394980884 0.40179336557617 0.40991664185799 0.21405504401067 0.5105033834928 0.44364861770317 0.39172151909456 0.36288976634955 0.436468511809 0.31241490992721 0.41917024311559 0.11206074612765 0.28404181645018 0.29204735616616 0.33430912167579 0.35169069663494 0.1 0.28007634891167 0.21425832221963 0.36649823884896"
General-3-20251226-14:50:24-93476,vector,AdhocNetwork1.host[6].app[1],e2eDelayPeriodicSec,,,"1 2 3 4 5 6 7 8 9 10 11 12 13 14 15 16 17 18 19 20 21 22 23 24 25 26 27 28 29 30 31 32 33 34 35 36 37 38 39 40 41 42 43 44 45 46 47 48 49 50","NaN NaN NaN NaN NaN NaN NaN NaN NaN NaN NaN NaN NaN NaN NaN NaN NaN NaN NaN NaN NaN NaN 0.215826665893 0.215826665893 0.215826665893 0.030841653684 0.030841653684 0.030841653684 NaN NaN NaN NaN NaN 0.028592098745 0.028592098745 0.028592098745 0.031836694633 0.031836694633 0.031836694633 NaN NaN NaN NaN NaN NaN NaN NaN NaN NaN NaN"
General-3-20251226-14:50:24-93476,vector,AdhocNetwork1.host[6].rl,rlReward,,,"1 2 3 4 5 6 7 8 9 10 11 12 13 14 15 16 17 18 19 20 21 22 23 24 25 26 27 28 29 30 31 32 33 34 35 36 37 38 39 40 41 42 43 44 45 46 47 48 49 50","0.33333333333333 0 0.11555773412481 0.16302452264624 0.096847639608512 0.39825595921449 0.11652653684376 0.1809163753733 -0.49427689164366 -0.48446032637493 -0.55511701137084 0.43673772197429 0.46367047783457 0.46911523504603 0.4800966176582 0.46134890503702 0.41204556260203 0.43872791209136 0.48730081503164 0.49484155427286 0.47088798654024 0.43013885754521 0.33917555488304 0.47943226183788 0.47469854681749 0.45968910896055 0.35736513621223 0.41721653798905 0.44523200913678 -0.59403505133802 -0.54949915392771 0.41710905478947 0.46761682962794 0.43937797085646 0.057626866268538 0.49967201621663 -0.61344426095923 -0.5835795623154 -0.49646736248364 -0.51284572099988 -0.5880992875141 0.3619956095296 0.42835944585557 0.42031443580136 0.85033753345495 0.43218129867284 0.41613882868749 0.4327561447423 0.42936583041718 0.48058318680329"
General-3-20251226-14:50:24-93476,vector,AdhocNetwork1.host[7].app[1],e2eDelayPeriodicSec,,,"1 2 3 4 5 6 7 8 9 10 11 12 13 14 15 16 17 18 19 20 21 22 23 24 25 26 27 28 29 30 31 32 33 34 35 36 37 38 39 40 41 42 43 44 45 46 47 48 49 50","NaN NaN NaN NaN NaN NaN NaN 0.038245753099 0.038245753099 0.038245753099 NaN 0.044169061988 0.044169061988 0.044169061988 NaN NaN NaN NaN NaN NaN NaN NaN NaN 0.039928660613 0.039928660613 0.039928660613 NaN NaN 0.085426256869 0.085426256869 0.085426256869 NaN NaN NaN NaN NaN NaN NaN NaN NaN 0.047470453728 0.047470453728 0.047470453728 NaN NaN NaN NaN 0.037919099241 0.037919099241 0.037919099241"
General-3-20251226-14:50:24-93476,vector,AdhocNetwork1.host[7].rl,rlReward,,,"1 2 3 4 5 6 7 8 9 10 11 12 13 14 15 16 17 18 19 20 21 22 23 24 25 26 27 28 29 30 31 32 33 34 35 36 37 38 39 40 41 42 43 44 45 46 47 48 49 50","0.33333333333333 0 0 0.081951342891906 0.064308337255122 0.056253505076745 0 0.111675643836 -0.64521777218167 -0.59052028717264 -0.5 0.3 0.36644427354465 0.43882582694289 0.45832819261531 -0.076788784470316 0.40151836742608 0.10570163893658 0.44332074532756 0.43060155262517 0.42950638220152 0.39700767097072 0.37007981713429 0.42888698965029 0.38172760736251 0.39842315720693 0.37182486510661 0.35586940766247 0.34771291945516 0.41338625140218 0.406571286711 0.39145794812381 0.097934762827755 0.3952413003309 0.38912070320404 0.40947293941355 0.35594077382572 0.38279525752516 0.40881755055426 0.37427436635743 0.41690341453841 -0.66666666666667 -0.58997475720939 -0.56007510925973 -0.55856558448173 -0.57682073266533 -0.7 -0.7 -0.66371792580891 -0.5813358782634"
General-3-20251226-14:50:24-93476,vector,AdhocNetwork1.host[8].app[1],e2eDelayPeriodicSec,,,"1 2 3 4 5 6 7 8 9 10 11 12 13 14 15 16 17 18 19 20 21 22 23 24 25 26 27 28 29 30 31 32 33 34 35 36 37 38 39 40 41 42 43 44 45 46 47 48 49 50","NaN NaN NaN NaN NaN NaN NaN NaN NaN NaN NaN NaN NaN NaN NaN NaN NaN NaN NaN NaN NaN NaN NaN NaN NaN NaN NaN NaN NaN NaN NaN NaN NaN NaN NaN NaN NaN NaN NaN NaN NaN NaN NaN NaN NaN NaN NaN NaN NaN 0.03749590108"
General-3-20251226-14:50:24-93476,vector,AdhocNetwork1.host[8].rl,rlReward,,,"1 2 3 4 5 6 7 8 9 10 11 12 13 14 15 16 17 18 19 20 21 22 23 24 25 26 27 28 29 30 31 32 33 34 35 36 37 38 39 40 41 42 43 44 45 46 47 48 49 50","0.33333333333333 0 0.016179951144852 0.0167498015022 0 0.068843523596612 0.061067523190363 0.36195917123695 0.36195917123695 0.36195917123695 0.3 0.056225708274755 0.35779264908527 0.35743014279314 0.35776999603546 0.35760576142538 0.33436027395933 -0.15816676602222 0.3 0.3 0.3 0.3 0.3 0.37267724762929 0.3930211194587 0.36994436207229 0.3 0.14298695092186 0.35207639840138 0.39171769289421 0.43126878732651 0.35519607343245 0.37304054049 0.44627652715407 0.44089293452651 0.37286372646986 0.32714193989569 0.3 0.47013391535116 0.44075165081554 0.44430721888401 -0.045952375255524 0.46613426564552 0.47293833734106 0.02474236093945 0.48070303340401 0.4284986762134 0.44601150594993 0.4606351417398 0.43678903377129"
General-3-20251226-14:50:24-93476,vector,AdhocNetwork1.host[9].app[1],e2eDelayPeriodicSec,,,"1 2 3 4 5 6 7 8 9 10 11 12 13 14 15 16 17 18 19 20 21 22 23 24 25 26 27 28 29 30 31 32 33 34 35 36 37 38 39 40 41 42 43 44 45 46 47 48 49 50","NaN NaN NaN NaN NaN NaN NaN NaN NaN NaN NaN NaN NaN 0.110763301939 0.110763301939 0.110763301939 0.049650380134 0.049650380134 0.049650380134 NaN NaN 0.126982609153 0.126982609153 0.126982609153 NaN NaN 0.067222948963 0.067222948963 0.067222948963 NaN NaN 0.122676088293 0.122676088293 0.122676088293 NaN NaN NaN NaN NaN NaN NaN NaN NaN NaN NaN NaN NaN 0.083216036234 0.083216036234 0.083216036234"
General-3-20251226-14:50:24-93476,vector,AdhocNetwork1.host[9].rl,rlReward,,,"1 2 3 4 5 6 7 8 9 10 11 12 13 14 15 16 17 18 19 20 21 22 23 24 25 26 27 28 29 30 31 32 33 34 35 36 37 38 39 40 41 42 43 44 45 46 47 48 49 50","0.33333333333333 0 0.3919090986403 0.7966853713953 -0.63410274998529 -0.42016041905362 -0.29469813376352 -0.60487070590402 -0.59271561402754 -0.59714131211017 -0.62889573125904 0.373050476736 0.34810879286421 0.32762230483902 0.80899881183839 -0.60894612272953 -0.61616132294352 -0.66666666666667 -0.55125511943774 -0.55113566682106 -0.24943272401545 0.41183592766455 0.3 0.52179807005666 0.52175842203717 0.46133244567811 0.4273375091973 0.49976159079757 0.50766497519364 0.44167839468166 0.47877049138314 0.43021467345076 0.42474610188318 0.45799850819972 0.51605638471746 0.49171730212295 0.42724284509637 0.26919653314198 0.50851899598206 0.48138724496061 0.48588301592102 0.42578043649966 0.3357456751713 0.5065198990542 0.48872749511304 0.46753998397386 0.40609754331464 0.45746081286954 0.45681932313212 0.47257705482337"
General-3-20251226-14:50:24-93476,vector,AdhocNetwork1.host[10].app[1],e2eDelayPeriodicSec,,,"1 2 3 4 5 6 7 8 9 10 11 12 13 14 15 16 17 18 19 20 21 22 23 24 25 26 27 28 29 30 31 32 33 34 35 36 37 38 39 40 41 42 43 44 45 46 47 48 49 50","NaN NaN NaN NaN NaN NaN NaN NaN NaN NaN 0.050485700777 0.050485700777 0.050485700777 NaN NaN NaN NaN NaN NaN NaN NaN NaN NaN NaN NaN NaN NaN NaN NaN NaN NaN NaN NaN NaN NaN NaN NaN NaN NaN NaN NaN NaN NaN NaN NaN NaN NaN NaN NaN NaN"
General-3-20251226-14:50:24-93476,vector,AdhocNetwork1.host[10].rl,rlReward,,,"1 2 3 4 5 6 7 8 9 10 11 12 13 14 15 16 17 18 19 20 21 22 23 24 25 26 27 28 29 30 31 32 33 34 35 36 37 38 39 40 41 42 43 44 45 46 47 48 49 50","0.33333333333333 0 0 0.39791830959775 0.38456997726969 0.046598681531564 0.0021545359060701 0.32769850201302 0.35552488750644 0.38051906414457 0.3 0.039708719540543 0.33923136435008 0.41539591375588 0.24134827229087 0.3879307033237 0.36016552113764 -0.61636041803975 -0.62122337178185 -0.5702794463799 -0.59359871951792 0.43701478203542 0.44924244421427 0.45461312494111 0.41644270784292 0.44910177949338 0.44369720365307 0.45279295734868 0.45877036060643 0.45877036060644 0.45461820920828 0.45877036060644 0.45877036060644 0.36461726767741 0.45753996798799 0.45303191789854 0.41863911119491 0.45629262781289 0.40294849825825 0.40870267478586 0.39731495879778 0.35201048738451 0.37703705829446 0.38976047453142 0.4204279521724 0.39884831628902 0.33498083323049 -0.16635420393575 0.37252027201002 0.37337238665155"
General-3-20251226-14:50:24-93476,vector,AdhocNetwork1.host[11].app[1],e2eDelayPeriodicSec,,,"1 2 3 4 5 6 7 8 9 10 11 12 13 14 15 16 17 18 19 20 21 22 23 24 25 26 27 28 29 30 31 32 33 34 35 36 37 38 39 40 41 42 43 44 45 46 47 48 49 50","NaN NaN NaN NaN NaN NaN NaN NaN NaN NaN NaN NaN NaN NaN NaN NaN NaN NaN NaN NaN NaN NaN NaN NaN NaN NaN NaN NaN NaN NaN NaN NaN NaN NaN NaN NaN NaN NaN NaN NaN NaN NaN NaN NaN NaN NaN NaN NaN NaN NaN"
General-3-20251226-14:50:24-93476,vector,AdhocNetwork1.host[11].rl,rlReward,,,"1 2 3 4 5 6 7 8 9 10 11 12 13 14 15 16 17 18 19 20 21 22 23 24 25 26 27 28 29 30 31 32 33 34 35 36 37 38 39 40 41 42 43 44 45 46 47 48 49 50","0.33333333333333 0 0.086276039123221 0.13773168707594 -0.61719549204712 -0.54866699547731 -0.66666666666667 -0.57673413109093 -0.27501004018632 -0.45874669214755 -0.55805019363132 0.31291386992332 0.33858613687574 0.41394735600349 0.37459757310103 0.31850958405689 0.24591254154677 0.33216597998331 0.4847127457348 0.41723568642569 0.40599908876217 0.36446172892281 0.17413168904316 0.42366330597956 0.42209147340793 0.38634734868363 0.34951943996787 0.32775978416199 0.39818993638598 0.40957806589673 0.38931812212337 0.31061659721768 0.23782403527248 0.43282174695244 0.43762699484134 0.42223052726198 0.32257965067033 0.12479938898662 0.3966417047124 0.36712164240548 0.36889798600947 0.2891257861588 0.11316641841131 0.38825908068419 0.3622924678898 0.24839063770384 0.3156020675133 0.36776065584537 0.35275723807263 0.1"
General-3-20251226-14:50:24-93476,vector,AdhocNetwork1.host[12].app[1],e2eDelayPeriodicSec,,,"1 2 3 4 5 6 7 8 9 10 11 12 13 14 15 16 17 18 19 20 21 22 23 24 25 26 27 28 29 30 31 32 33 34 35 36 37 38 39 40 41 42 43 44 45 46 47 48 49 50","NaN NaN NaN NaN NaN NaN NaN NaN NaN NaN NaN NaN NaN NaN NaN NaN NaN NaN NaN NaN NaN NaN NaN NaN NaN 3.163273490387 3.163273490387 3.163273490387 0.062885159633 0.062885159633 0.062885159633 NaN NaN NaN NaN NaN 0.051090287512 0.051090287512 0.051090287512 NaN NaN 0.030045425093 0.030045425093 0.030045425093 NaN NaN 0.243988143388 0.243988143388 0.243988143388 NaN"
General-3-20251226-14:50:24-93476,vector,AdhocNetwork1.host[12].rl,rlReward,,,"1 2 3 4 5 6 7 8 9 10 11 12 13 14 15 16 17 18 19 20 21 22 23 24 25 26 27 28 29 30 31 32 33 34 35 36 37 38 39 40 41 42 43 44 45 46 47 48 49 50","0.33333333333333 0 0.41800785423176 0.36727933179688 0.36652128633213 0.3215657908367 0.3 0.38790784629219 0.33881829969016 0.4034595465568 0.3 0.3 0.38110715544988 0.3 0.49728245635863 0.44187865862066 0.3945191367968 0.37308704739392 0.47561102381764 0.49673284310385 0.44621817219153 0.44986591123063 0.3 0.50755016390589 0.474833206243 0.42795449033827 0.41631850808668 0.45039182032359 0.43859958357939 0.4365394245991 0.46871371414 0.4418935998708 0.47722190794896 -0.56376674274115 -0.47821707019228 -0.50850137117971 -0.61499451162227 -0.69441767770002 -0.32750533155733 -0.53426715119312 -0.50782784479214 0.42136235265386 0.4336947029799 -0.14763337399356 -0.52104764467749 -0.54189953525046 -0.65175391979937 -0.58945129666703 -0.59413510150643 -0.5204975498177"
General-3-20251226-14:50:24-93476,vector,AdhocNetwork1.host[13].app[1],e2eDelayPeriodicSec,,,"1 2 3 4 5 6 7 8 9 10 11 12 13 14 15 16 17 18 19 20 21 22 23 24 25 26 27 28 29 30 31 32 33 34 35 36 37 38 39 40 41 42 43 44 45 46 47 48 49 50","NaN 0.019290122991 0.019290122991 0.019290122991 NaN 0.016997543853 0.016997543853 0.016997543853 NaN 0.015625153066 0.015625153066 0.015625153066 NaN NaN 0.015473684275 0.015473684275 0.015473684275 NaN 0.016285461562 0.016285461562 0.016285461562 NaN 0.016795895475 0.016795895475 0.016795895475 NaN NaN NaN 0.016554889061 0.016554889061 0.016554889061 NaN NaN 0.02680890072 0.02680890072 0.02680890072 NaN 0.01966093255 0.01966093255 0.01966093255 NaN NaN NaN NaN NaN NaN NaN NaN NaN 0.020253109002"
General-3-20251226-14:50:24-93476,vector,AdhocNetwork1.host[13].rl,rlReward,,,"1 2 3 4 5 6 7 8 9 10 11 12 13 14 15 16 17 18 19 20 21 22 23 24 25 26 27 28 29 30 31 32 33 34 35 36 37 38 39 40 41 42 43 44 45 46 47 48 49 50","0.33333333333333 0 0.020504129492507 0.085878795373761 0.023885808404472 0.027264883415952 0 -0.59748394387135 -0.54410574312748 -0.54052452030204 -0.30960139318217 -0.04138760556073 0.14099966090795 0.021756244452686 0.20425089046033 -0.024701838319328 0.17085714226165 -0.029188576618343 0.16512630629103 0.4036004291861 0.36900478999679 0.36117490955497 0.26032104517751 0.36664649219096 0.38222164084587 0.35652896442522 0.33542534166156 0.34628690816486 0.37804944024442 0.34783635239119 0.40752544580109 0.33942177146691 0.35456900075556 0.37755857028696 0.16548614633448 0.38518707164196 0.3166814646562 0.34276145117509 0.2925486975061 0.3103746802225 0.37533875998719 0.2087901719475 0.3090052210254 0.3393747257111 0.36582672802621 0.36893286704588 0.23747244633061 0.23762325095738 0.28874218226053 0.28439808067213"
General-3-20251226-14:50:24-93476,vector,AdhocNetwork1.host[14].app[1],e2eDelayPeriodicSec,,,"1 2 3 4 5 6 7 8 9 10 11 12 13 14 15 16 17 18 19 20 21 22 23 24 25 26 27 28 29 30 31 32 33 34 35 36 37 38 39 40 41 42 43 44 45 46 47 48 49 50","NaN NaN NaN NaN NaN NaN NaN NaN NaN NaN NaN NaN NaN NaN NaN NaN NaN NaN NaN NaN NaN NaN NaN NaN NaN NaN NaN NaN NaN NaN NaN NaN NaN NaN NaN NaN NaN NaN NaN NaN NaN NaN NaN NaN NaN NaN NaN NaN NaN NaN"
General-3-20251226-14:50:24-93476,vector,AdhocNetwork1.host[14].rl,rlReward,,,"1 2 3 4 5 6 7 8 9 10 11 12 13 14 15 16 17 18 19 20 21 22 23 24 25 26 27 28 29 30 31 32 33 34 35 36 37 38 39 40 41 42 43 44 45 46 47 48 49 50","0.33333333333333 0 0.10977553380732 0.12624465109493 0.034521302199335 0.13088025020271 0.75588974177479 0.099335843820666 0.29701039033995 0.35048096487577 0.24399175571862 0.20572528323643 0.31720898024413 0.29905201396762 0.35262539033357 0.34333620980693 0.21231337029961 0.23125792546879 0.32492058297375 0.32533039667138 0.14065865535858 0.39741689572313 0.21426941298605 0.17415829578808 0.33022774545715 0.28853616928915 0.23408890545137 0.14492354365524 0.22090665534248 0.2745803625481 0.16976805881344 0.22080003268357 0.3235776765713 0.20744675196274 0.36821526224735 0.006860192826748 0.31130611097713 0.11773030861737 0.42245929104721 -0.44917436278197 -0.44993033025178 0.21301972054498 0.21857783012694 0.062356348603514 0.22119815865208 0.065486215344997 0.18876598841269 0.2212385127875 0.2212385127875 0.2212385127875"
General-3-20251226-14:50:24-93476,vector,AdhocNetwork1.host[15].app[1],e2eDelayPeriodicSec,,,"1 2 3 4 5 6 7 8 9 10 11 12 13 14 15 16 17 18 19 20 21 22 23 24 25 26 27 28 29 30 31 32 33 34 35 36 37 38 39 40 41 42 43 44 45 46 47 48 49 50","NaN NaN NaN NaN 0.231499399589 0.231499399589 0.231499399589 NaN 0.024208888357 0.024208888357 0.024208888357 0.02671677126 0.02671677126 0.02671677126 NaN NaN NaN NaN NaN NaN NaN NaN NaN NaN NaN 0.029138414551 0.029138414551 0.029138414551 0.028360339611 0.028360339611 0.028360339611 NaN NaN NaN NaN NaN NaN NaN NaN NaN NaN NaN 0.037049871631 0.037049871631 0.037049871631 NaN NaN 0.045972744015 0.045972744015 0.045972744015"
General-3-20251226-14:50:24-93476,vector,AdhocNetwork1.host[15].rl,rlReward,,,"1 2 3 4 5 6 7 8 9 10 11 12 13 14 15 16 17 18 19 20 21 22 23 24 25 26 27 28 29 30 31 32 33 34 35 36 37 38 39 40 41 42 43 44 45 46 47 48 49 50","0.33333333333333 0 0.044351245318679 0.092400024952219 0 0.028607907614607 0.00052312619226097 0.026885836827103 0 -0.072463204093638 0 0 0.12303871315471 0.16954855057068 0.2056627329639 0.17152379618762 0.42160580100505 0.44589406696722 0.46671065747208 0.47050927911126 0.45552400489984 0.44336484401895 0.37016001538941 0.46229933211233 0.42841363707964 0.39243297906567 0.44441647814048 0.45471603228759 0.46138252292327 0.45384062807464 0.46343289440365 0.45950316351403 0.43404254352309 0.17107794753408 0.16075181121062 0.44396740528456 0.44424975122099 0.44400859787379 0.45022114256476 0.44834677904706 0.47750017195977 0.38445836683141 0.42157688429385 0.39871203852327 0.43182430944498 -0.0018244835417108 0.31733226948817 0.40804830404647 0.41053836427135 0.46449123774011"
General-3-20251226-14:50:24-93476,vector,AdhocNetwork1.host[16].app[1],e2eDelayPeriodicSec,,,"1 2 3 4 5 6 7 8 9 10 11 12 13 14 15 16 17 18 19 20 21 22 23 24 25 26 27 28 29 30 31 32 33 34 35 36 37 38 39 40 41 42 43 44 45 46 47 48 49 50","NaN 0 0 0 NaN 0 0 0 NaN NaN 0 0 0 NaN 0 0 0 NaN NaN 0 0 0 0 0 0 NaN NaN 0 0 0 NaN 0 0 0 NaN 0 0 0 NaN 0 0 0 0 0 0 NaN 0 0 0 NaN"
General-3-20251226-14:50:24-93476,vector,AdhocNetwork1.host[16].rl,rlReward,,,"1 2 3 4 5 6 7 8 9 10 11 12 13 14 15 16 17 18 19 20 21 22 23 24 25 26 27 28 29 30 31 32 33 34 35 36 37 38 39 40 41 42 43 44 45 46 47 48 49 50","0.33333333333333 0 0.10293645197238 0.17557883873801 0.15801011420285 -0.52104501340393 -0.55845603940519 -0.5574958697585 -0.5537479980573 -0.57070927752219 -0.39971326211277 -0.17621044210821 0.099648476834194 -0.023444822437952 0.12511694401548 -0.14951751397841 0.1 0.13737558408737 0.42800886723001 0.011186126445673 0.23380517346764 0.40697576597281 0.37212701787876 0.44682595883432 0.40137181801891 0.42461271204623 0.32511316248773 0.39274001809724 0.42954021988644 0.14947764928154 0.35896321265454 0.059425423235273 0.44275751676098 0.32638846561344 0.37271882927885 0.44583324963995 -0.62192577570067 -0.64937506747932 -0.56710446258283 -0.55439291354222 -0.58354865452464 0.37797318291555 0.3 -0.43843029873054 -0.62026726380278 -0.58101429253957 -0.14737464489018 -0.55114208910802 -0.51813224236999 -0.57803228459533"
General-3-20251226-14:50:24-93476,vector,AdhocNetwork1.host[17].app[1],e2eDelayPeriodicSec,,,"1 2 3 4 5 6 7 8 9 10 11 12 13 14 15 16 17 18 19 20 21 22 23 24 25 26 27 28 29 30 31 32 33 34 35 36 37 38 39 40 41 42 43 44 45 46 47 48 49 50","NaN NaN NaN NaN NaN NaN NaN NaN NaN NaN NaN NaN NaN NaN NaN NaN NaN NaN NaN NaN NaN NaN NaN NaN NaN NaN NaN NaN NaN NaN NaN NaN NaN NaN NaN NaN NaN NaN NaN NaN NaN NaN NaN NaN NaN NaN 0.091329721039 0.091329721039 0.091329721039 NaN"
General-3-20251226-14:50:24-93476,vector,AdhocNetwork1.host[17].rl,rlReward,,,"1 2 3 4 5 6 7 8 9 10 11 12 13 14 15 16 17 18 19 20 21 22 23 24 25 26 27 28 29 30 31 32 33 34 35 36 37 38 39 40 41 42 43 44 45 46 47 48 49 50","0.33333333333333 0 0 0.7327728715987 0.015767905581903 0.063711519764293 0.0099681334690105 0 0.72827137057078 -0.56195360174164 -0.65509460288804 0.046922166586252 0.016101017820552 0.099341716746195 0.098007202325059 0.21519956924971 0.054518966894628 0.013787328771008 0.092444071976601 0.075113477147973 0.062078802931508 0.024555354847615 0 0.092596615303838 0.24953545597918 0.25059309932213 0.11809923329762 0.17955294092517 0.25253389266154 0.24871462503495 0.29129513920639 0.21389519003759 0.17904548578593 0.24486286049454 0.26934569465975 0.27663267013981 0.14990242616966 0.17690972283832 0.18530919571346 0.16194855531395 0.1160480462084 0.17021550934085 0.34540334671016 0.28311474183842 0.28185013525162 0.3998995419762 0.1 0.16567683481997 0.25447687151677 0.27172983129767"
General-3-20251226-14:50:24-93476,vector,AdhocNetwork1.host[18].app[1],e2eDelayPeriodicSec,,,"1 2 3 4 5 6 7 8 9 10 11 12 13 14 15 16 17 18 19 20 21 22 23 24 25 26 27 28 29 30 31 32 33 34 35 36 37 38 39 40 41 42 43 44 45 46 47 48 49 50","NaN 0.050579944037 0.050579944037 0.050579944037 NaN 0.008154528481 0.008154528481 0.008154528481 NaN 0.011830042712 0.011830042712 0.011830042712 NaN 0.008234425786 0.008234425786 0.008234425786 NaN 0.008254696109 0.008254696109 0.008254696109 NaN NaN NaN NaN NaN 0.022139151484 0.022139151484 0.022139151484 NaN NaN 0.02336278259 0.02336278259 0.02336278259 0.019987748449 0.019987748449 0.019987748449 NaN 0.037594362477 0.037594362477 0.037594362477 NaN NaN 0.016074509908 0.016074509908 0.016074509908 NaN NaN NaN NaN NaN"
General-3-20251226-14:50:24-93476,vector,AdhocNetwork1.host[18].rl,rlReward,,,"1 2 3 4 5 6 7 8 9 10 11 12 13 14 15 16 17 18 19 20 21 22 23 24 25 26 27 28 29 30 31 32 33 34 35 36 37 38 39 40 41 42 43 44 45 46 47 48 49 50","0.33333333333333 0 0.12650765814165 0.17928272145565 0.2079435226288 0.1642803986086 0.045354098160405 0.19251189462452 0.1755126965447 0.17277029947295 0.4498853396354 -0.33929660518498 -0.47623073637284 -0.51001257358149 -0.36218799261125 -0.53238242051572 -0.66666666666667 -0.49823721948393 -0.44019860825758 -0.41603541406051 -0.49983626053334 0.510644267054 0.23013487119303 -0.47497946265136 -0.46290565803816 -0.40792504522784 -0.50751821608132 -0.48726808776403 -0.47568990400607 -0.46509989907855 -0.44041623385196 0.41335292186568 0.46398704827924 0.10181776230338 0.45567658446378 0.48593703203833 0.47748275841404 0.44689173504452 0.48888170908131 0.49545275901543 0.49408869595052 0.46865931069098 0.41775686381104 0.49311258121326 0.49581446247478 0.49250683686616 0.24702337582784 0.46732766921214 0.49086952172363 0.38728661577893"
General-3-20251226-14:50:24-93476,vector,AdhocNetwork1.host[19].app[1],e2eDelayPeriodicSec,,,"1 2 3 4 5 6 7 8 9 10 11 12 13 14 15 16 17 18 19 20 21 22 23 24 25 26 27 28 29 30 31 32 33 34 35 36 37 38 39 40 41 42 43 44 45 46 47 48 49 50","NaN NaN NaN NaN 0.007952808083 0.007952808083 0.007952808083 NaN 0.008252104867 0.008252104867 0.008252104867 NaN 0.027258749573 0.027258749573 0.027258749573 NaN NaN 0.019757702646 0.019757702646 0.019757702646 NaN 0.011741996588 0.011741996588 0.011741996588 NaN NaN 0.01022177616 0.01022177616 0.01022177616 NaN 0.008990635026 0.008990635026 0.008990635026 NaN 0.008208665553 0.008208665553 0.008208665553 0.008549119296 0.008549119296 0.008549119296 NaN 0.01442420309 0.01442420309 0.01442420309 0.008490154139 0.008490154139 0.008490154139 NaN 0.011678891842 0.011678891842"
General-3-20251226-14:50:24-93476,vector,AdhocNetwork1.host[19].rl,rlReward,,,"1 2 3 4 5 6 7 8 9 10 11 12 13 14 15 16 17 18 19 20 21 22 23 24 25 26 27 28 29 30 31 32 33 34 35 36 37 38 39 40 41 42 43 44 45 46 47 48 49 50","0.33333333333333 0 0.12318748803129 0 0.002270256018565 0.041683534488364 0 0.15659636536087 0.10592259495159 0.089064025358127 0.12815703208379 0 0.0072011242660353 0.13566724884123 -0.048557141643823 0.11738549058256 0 0.10056006209435 0.1999887002665 0.23734331687823 0.1991478168656 0.43525813651485 0.44194599578399 0.50315864406204 0.46954700613084 0.47064364789784 0.4080607922 0.44802521015235 0.47047551368716 0.47458123174199 0.4128541834934 -0.56116591951636 -0.53894808669444 -0.53617728308088 -0.48718846967025 -0.52099186628901 -0.6075210382148 -0.6904099527043 -0.52775011875836 -0.56102771598197 -0.51249544012261 0.40850165778031 0.45994295800258 0.47491118835636 0.49046786033417 0.46800862504165 0.44218329241386 0.44926264642212 0.42036611231641 0.48778505149673"
General-3-20251226-14:50:24-93476,vector,AdhocNetwork1.host[20].app[1],e2eDelayPeriodicSec,,,"1 2 3 4 5 6 7 8 9 10 11 12 13 14 15 16 17 18 19 20 21 22 23 24 25 26 27 28 29 30 31 32 33 34 35 36 37 38 39 40 41 42 43 44 45 46 47 48 49 50","NaN NaN NaN NaN NaN NaN NaN NaN NaN NaN 0.162387230989 0.162387230989 0.162387230989 NaN NaN NaN NaN 0.033020985381 0.033020985381 0.033020985381 NaN 0.02009030671 0.02009030671 0.02009030671 NaN 0.015976406604 0.015976406604 0.015976406604 NaN NaN NaN NaN 0.19634490861 0.19634490861 0.19634490861 NaN NaN 0.319173813853 0.319173813853 0.319173813853 NaN 0.046535415125 0.046535415125 0.046535415125 NaN 0.025442505822 0.025442505822 0.025442505822 NaN 0.017761508433"
General-3-20251226-14:50:24-93476,vector,AdhocNetwork1.host[20].rl,rlReward,,,"1 2 3 4 5 6 7 8 9 10 11 12 13 14 15 16 17 18 19 20 21 22 23 24 25 26 27 28 29 30 31 32 33 34 35 36 37 38 39 40 41 42 43 44 45 46 47 48 49 50","0.33333333333333 0 0.17342978909679 0.85023274308098 0.17895649582449 -0.47695103638887 -0.6396301543788 -0.47096922658228 -0.49783222910492 -0.48855647785368 -0.5798213570456 0.10450341377712 0.18092392303006 0.19592379061622 0.43171744465513 0.23079489268751 0.16220660495647 0.16323431308542 0.44403229812153 0.42721360794873 0.28459921970612 0.3993057755344 0.3677259181922 0.45315991528072 0.400651896824 0.43069663806894 0.083606024647523 0.22675275344827 0.23498846512417 0.24579046616237 0.24916207422461 0.20270886788684 0.41857268024842 0.46018095100435 0.46790715244253 0.47329731303536 0.42438823978791 0.32532201968926 0.45149305528065 0.47219748730672 0.46566153335637 0.43177968710048 0.27823927811183 0.45604426596262 0.45476980863014 0.40221327435803 0.44049837911617 0.43344902529507 0.47785298789545 0.26126435079662"
General-3-20251226-14:50:24-93476,vector,AdhocNetwork1.host[21].app[1],e2eDelayPeriodicSec,,,"1 2 3 4 5 6 7 8 9 10 11 12 13 14 15 16 17 18 19 20 21 22 23 24 25 26 27 28 29 30 31 32 33 34 35 36 37 38 39 40 41 42 43 44 45 46 47 48 49 50","NaN 0.168973989203 0.168973989203 0.168973989203 NaN NaN NaN 0.035957480268 0.035957480268 0.035957480268 NaN 0.074296448323 0.074296448323 0.074296448323 NaN 0.178147174732 0.178147174732 0.178147174732 NaN 0.031242008932 0.031242008932 0.031242008932 NaN 0.027824953116 0.027824953116 0.027824953116 NaN NaN NaN NaN NaN 0.035842563468 0.035842563468 0.035842563468 NaN NaN NaN NaN NaN NaN NaN 0.031966085721 0.031966085721 0.031966085721 NaN NaN NaN NaN 0.032168432708 0.032168432708"
General-3-20251226-14:50:24-93476,vector,AdhocNetwork1.host[21].rl,rlReward,,,"1 2 3 4 5 6 7 8 9 10 11 12 13 14 15 16 17 18 19 20 21 22 23 24 25 26 27 28 29 30 31 32 33 34 35 36 37 38 39 40 41 42 43 44 45 46 47 48 49 50","0.33333333333333 0 0.41449920588108 0.88840644286638 -0.13965698831337 -0.53115332097186 -0.57867465806184 -0.4767192241806 -0.48899980302547 -0.51708841080256 -0.29159321963543 -0.073159929491527 0.0015730798392836 0.18780234300722 0.054687770537664 0.40690817512629 0.13791546712118 0.00059053154608224 0.48722602707535 0.20913596775684 -0.047014715229497 0.35237856634166 0.20345552830415 0.40911075488097 0.34598388601278 0.29090124651909 0.44760992352499 0.29372364754019 0.3937831722997 0.4018812996755 0.4654266905465 0.28304852054828 0.22954591381783 0.32473147944672 0.39904871113519 0.36178725867597 0.4230416638855 0.1 0.40442866302446 0.42706251249736 0.37541229658587 0.34278174041207 0.30179801529698 0.42096115049651 0.40291097866249 0.4908020818501 0.30527432393688 0.28571336796889 0.23020779627897 0.26736808719202"
General-3-20251226-14:50:24-93476,vector,AdhocNetwork1.host[22].app[1],e2eDelayPeriodicSec,,,"1 2 3 4 5 6 7 8 9 10 11 12 13 14 15 16 17 18 19 20 21 22 23 24 25 26 27 28 29 30 31 32 33 34 35 36 37 38 39 40 41 42 43 44 45 46 47 48 49 50","NaN NaN NaN NaN NaN NaN NaN NaN NaN NaN NaN NaN NaN 0.078894201034 0.078894201034 0.078894201034 0.048232550404 0.048232550404 0.048232550404 NaN 0.026265857504 0.026265857504 0.026265857504 NaN NaN NaN NaN NaN 0.070728197651 0.070728197651 0.070728197651 NaN 0.031999393946 0.031999393946 0.031999393946 NaN NaN NaN NaN 0.201844538164 0.201844538164 0.201844538164 NaN NaN NaN NaN NaN NaN NaN NaN"
General-3-20251226-14:50:24-93476,vector,AdhocNetwork1.host[22].rl,rlReward,,,"1 2 3 4 5 6 7 8 9 10 11 12 13 14 15 16 17 18 19 20 21 22 23 24 25 26 27 28 29 30 31 32 33 34 35 36 37 38 39 40 41 42 43 44 45 46 47 48 49 50","0.33333333333333 0 0.169877910193 0.18810732070276 0.016838650615704 0.20694790709864 0.1417284071024 0.21293060638793 0.22620504925777 0.46012250991298 -0.0091505237732206 0.18540229865631 0.17250902488124 0.16512043094277 0.21975900873669 0.18458654403858 0.11952857398688 0.079679173130282 0.20495609304673 0.17574258496343 0.18980659323876 0.1569599096907 0.053164628956679 0.2275153398801 0.21696601618425 0.16851696805636 0.12794086519161 0.18678348342434 0.17508791911336 0.19586336717598 -0.5056397576846 0.070725073474178 0.095892670882828 0.10027779918018 0.22051689376615 0.15565197366431 0.056069359858089 0.03853329595842 0.18010940991644 0.13479942091041 0.17947942803839 0.060173122096188 0.13749140929357 0.16599362926207 0.12175175120426 0.14371816112987 0 0.048352770181727 0 0.14829648620824"
General-3-20251226-14:50:24-93476,vector,AdhocNetwork1.host[23].app[1],e2eDelayPeriodicSec,,,"1 2 3 4 5 6 7 8 9 10 11 12 13 14 15 16 17 18 19 20 21 22 23 24 25 26 27 28 29 30 31 32 33 34 35 36 37 38 39 40 41 42 43 44 45 46 47 48 49 50","NaN NaN NaN NaN NaN NaN NaN NaN NaN NaN NaN NaN NaN NaN NaN NaN NaN NaN NaN NaN NaN NaN 0.059818752633 0.059818752633 0.059818752633 NaN 0.039487098181 0.039487098181 0.039487098181 NaN NaN 0.080645260256 0.080645260256 0.080645260256 NaN 0.012580932866 0.012580932866 0.012580932866 0.008552382476 0.008552382476 0.008552382476 NaN 0.009441647946 0.009441647946 0.009441647946 NaN NaN NaN 0.007930331504 0.007930331504"
General-3-20251226-14:50:24-93476,vector,AdhocNetwork1.host[23].rl,rlReward,,,"1 2 3 4 5 6 7 8 9 10 11 12 13 14 15 16 17 18 19 20 21 22 23 24 25 26 27 28 29 30 31 32 33 34 35 36 37 38 39 40 41 42 43 44 45 46 47 48 49 50","0.33333333333333 0 0.047667776656576 0.7042921420741 -0.64479895973818 -0.6254600133211 -0.63871018397578 -0.6177789720933 -0.27003798601181 -0.5870438152724 -0.41416462036681 -0.2 0.07575445130083 -0.13609609404685 0.10617097905993 0.2530705125957 -0.2 0 0.396027640112 0.39247738359045 0.27162672965704 0.30267914359375 0.1 0.36127658433832 0.34939889665999 0.33754751282686 0.2484383994769 0.24492072228038 0.13966262336364 0.3282678925581 0.28709414691943 0.1 0.16788963186993 0.40798117454378 0.43339533526818 0.35082567617329 0.32617657379104 0.25394140919809 0.361806010592 0.13488984135332 -0.27410398083269 0.24294496443415 0.32686248522437 0.2787701056447 0.7540534504479 0.3957686627091 0.27024941820791 0.28884535850085 0.24806744150596 0.37303559437249"
General-3-20251226-14:50:24-93476,vector,AdhocNetwork1.host[24].app[1],e2eDelayPeriodicSec,,,"1 2 3 4 5 6 7 8 9 10 11 12 13 14 15 16 17 18 19 20 21 22 23 24 25 26 27 28 29 30 31 32 33 34 35 36 37 38 39 40 41 42 43 44 45 46 47 48 49 50","NaN NaN NaN NaN 0.081543199789 0.081543199789 0.081543199789 NaN NaN 0.012175921378 0.012175921378 0.012175921378 0.008650990388 0.008650990388 0.008650990388 NaN 0.008031630613 0.008031630613 0.008031630613 NaN 0.007372336063 0.007372336063 0.007372336063 NaN NaN 0.022003537719 0.022003537719 0.022003537719 NaN 0.008513972255 0.008513972255 0.008513972255 NaN 0.007674737981 0.007674737981 0.007674737981 0.04818867308 0.04818867308 0.04818867308 NaN 0.059475636868 0.059475636868 0.059475636868 0.019914287213 0.019914287213 0.019914287213 NaN NaN 0.031202296839 0.031202296839"
General-3-20251226-14:50:24-93476,vector,AdhocNetwork1.host[24].rl,rlReward,,,"1 2 3 4 5 6 7 8 9 10 11 12 13 14 15 16 17 18 19 20 21 22 23 24 25 26 27 28 29 30 31 32 33 34 35 36 37 38 39 40 41 42 43 44 45 46 47 48 49 50","0.33333333333333 0 0.098455335260802 0.66822672030361 -0.66666666666667 -0.60391210202343 -0.56247416847433 -0.48984770618397 -0.55084615013748 -0.27768123896445 -0.42318119899655 0.083028601450741 0.12490335244079 0.25476645693826 0.34976585347119 0.29241367687918 0.1 0.36800426095156 0.45269569449392 0.45285861712833 0.43349876620767 0.37056594325521 0.33895795505802 0.44890371231052 0.089402161553601 0.44033220479006 0.29359816293509 0.41941931638238 0.41562623685609 0.380154055223 0.39839977879496 0.30384998463966 0.36460937085937 0.38807084264337 0.46119881932324 0.40612224666303 0.28756715087684 0.34340499353724 0.41148357916572 0.40466240432475 0.33973737320565 0.23758498913068 0.28043262253901 0.38711144949067 0.37525913120739 0.43745617971052 0.35631532361909 -0.0002919675139379 0.30846878174899 0.41307089595349"
General-4-20251226-14:50:24-93477,vector,AdhocNetwork1.host[0].app[1],e2eDelayPeriodicSec,,,"1 2 3 4 5 6 7 8 9 10 11 12 13 14 15 16 17 18 19 20 21 22 23 24 25 26 27 28 29 30 31 32 33 34 35 36 37 38 39 40 41 42 43 44 45 46 47 48 49 50","NaN 0 0 0 NaN 0 0 0 NaN 0 0 0 0 0 0 NaN 0 0 0 NaN NaN 0 0 0 NaN 0 0 0 NaN 0 0 0 NaN 0 0 0 NaN 0 0 0 NaN 0 0 0 0 0 0 NaN NaN 0"
General-4-20251226-14:50:24-93477,vector,AdhocNetwork1.host[0].rl,rlReward,,,"1 2 3 4 5 6 7 8 9 10 11 12 13 14 15 16 17 18 19 20 21 22 23 24 25 26 27 28 29 30 31 32 33 34 35 36 37 38 39 40 41 42 43 44 45 46 47 48 49 50","0.33333333333333 0 0.083391287163311 0.10959759107617 -0.66666666666667 -0.60251708239138 -0.62473392637989 -0.66486474115933 -0.5399973172374 -0.62913543980409 -0.49033752436362 -0.1696098355172 0.3 0.17883171400011 -0.0014847467711798 0.024012252548284 0.13974353533153 0.34036183340024 -0.01862397275448 0.44491912129696 0.16130730324633 -0.039641645197839 0.2116245460271 0.38952776920265 0.29213089700461 0.2390053697206 0.29419503217824 0.31781505001594 0.25188445351108 0.35365511949675 0.30794137823387 0.19199356094301 0.33161684405389 0.28079552708336 0.36206948664756 0.33224526902638 0.23447038999945 0.33835836732537 0.29127224096748 0.3853114004328 0.323652989897 0.1 0.39075398426541 0.36084734182493 0.37038074443994 0.38936400137605 0.34825322133386 0.34826489431508 0.25879032110614 0.28703123946677"
General-4-20251226-14:50:24-93477,vector,AdhocNetwork1.host[1].app[1],e2eDelayPeriodicSec,,,"1 2 3 4 5 6 7 8 9 10 11 12 13 14 15 16 17 18 19 20 21 22 23 24 25 26 27 28 29 30 31 32 33 34 35 36 37 38 39 40 41 42 43 44 45 46 47 48 49 50","NaN NaN NaN NaN 3.173842107065 3.173842107065 3.173842107065 NaN NaN NaN NaN NaN 0.013487139845 0.013487139845 0.013487139845 NaN 0.019638317223 0.019638317223 0.019638317223 NaN 0.010586405606 0.010586405606 0.010586405606 NaN NaN 0.009023713557 0.009023713557 0.009023713557 0.007712699912 0.007712699912 0.007712699912 NaN 0.007832619388 0.007832619388 0.007832619388 NaN 0.152261123635 0.152261123635 0.152261123635 NaN 0.008562556323 0.008562556323 0.008562556323 NaN NaN 0.017702422063 0.017702422063 0.017702422063 NaN NaN"
General-4-20251226-14:50:24-93477,vector,AdhocNetwork1.host[1].rl,rlReward,,,"1 2 3 4 5 6 7 8 9 10 11 12 13 14 15 16 17 18 19 20 21 22 23 24 25 26 27 28 29 30 31 32 33 34 35 36 37 38 39 40 41 42 43 44 45 46 47 48 49 50","0.33333333333333 0 0.12819507640942 0.46171255041822 0.3 0.37543966975501 -0.55721852099797 -0.61199564233967 -0.53310103070913 -0.61799266487309 -0.7 0.12439457839441 0 0.15643974231408 0.12500525989311 0.12223539995735 0.13660950279062 0.14928098579367 0.026212654860335 0.15111702044724 0.18042952622315 0.09915928555373 0.11101856991839 0.48237643340956 0.10253577190955 0.15615735460228 0.1219271484571 0.074408956508675 0.14124465641881 0.16495268201159 0.08430113297589 0.11060680343351 0.2725027209718 0.073030672037891 0.15390919292348 0.084474417655743 0.076809408718306 0.018092378603955 0.35830665739143 0.14930082039427 0.11212079669826 0.0016095582713559 0.16611719531426 0.08914421124343 0.14137171479589 0.14061276086032 0.10692044208481 0.039215002796849 0.022988012765934 0.015657171751886"
General-4-20251226-14:50:24-93477,vector,AdhocNetwork1.host[2].app[1],e2eDelayPeriodicSec,,,"1 2 3 4 5 6 7 8 9 10 11 12 13 14 15 16 17 18 19 20 21 22 23 24 25 26 27 28 29 30 31 32 33 34 35 36 37 38 39 40 41 42 43 44 45 46 47 48 49 50","NaN 0.027663003234 0.027663003234 0.027663003234 NaN 0.009102652825 0.009102652825 0.009102652825 NaN 0.007431476852 0.007431476852 0.007431476852 0.008592121398 0.008592121398 0.008592121398 NaN 0.007932831687 0.007932831687 0.007932831687 NaN NaN 0.012647238734 0.012647238734 0.012647238734 NaN 0.008013381093 0.008013381093 0.008013381093 NaN 0.007533333941 0.007533333941 0.007533333941 NaN NaN 0.007953256899 0.007953256899 0.007953256899 NaN NaN 0.008173085448 0.008173085448 0.008173085448 NaN NaN 0.007913043194 0.007913043194 0.007913043194 NaN 0.008352997264 0.008352997264"
General-4-20251226-14:50:24-93477,vector,AdhocNetwork1.host[2].rl,rlReward,,,"1 2 3 4 5 6 7 8 9 10 11 12 13 14 15 16 17 18 19 20 21 22 23 24 25 26 27 28 29 30 31 32 33 34 35 36 37 38 39 40 41 42 43 44 45 46 47 48 49 50","0.33333333333333 0 0.39398803231631 0.44062518713497 0.46770420648239 -0.54500821750153 -0.61443784742083 -0.57702895774748 -0.55392974348133 -0.63085958837339 -0.54017375261431 0.32897227910878 0.077897005115738 0.16369472185931 0.38131364268832 0.41823866277947 0.2103398927583 -0.013796829615261 0.45568870613009 0.41142417409316 0.20623478119176 0 0.15333208894742 0.20534987711689 0.17363440923602 0.17378463609076 0.16174929553019 0.18724201505383 0.18624323160484 0.21414080881809 0.12872394771599 0.17173328664228 0.14590834442645 0.10868155672671 0.19933889735881 0.1585257628822 0.15000253789255 0.16101044138056 0.45712345454628 0.16406737367429 0.21360619411541 0.14622435296026 0.15627087465248 0.1977509361548 0.14515843816456 0.20848294618192 0.17632375647371 0.16107675405212 0.17652018702941 0.15794122896186"
General-4-20251226-14:50:24-93477,vector,AdhocNetwork1.host[3].app[1],e2eDelayPeriodicSec,,,"1 2 3 4 5 6 7 8 9 10 11 12 13 14 15 16 17 18 19 20 21 22 23 24 25 26 27 28 29 30 31 32 33 34 35 36 37 38 39 40 41 42 43 44 45 46 47 48 49 50","NaN 0.007612893223 0.007612893223 0.007612893223 NaN 0.011438261837 0.011438261837 0.011438261837 NaN 0.008433134459 0.008433134459 0.008433134459 NaN NaN 0.007753411697 0.007753411697 0.007753411697 NaN 0.007573723542 0.007573723542 0.007573723542 NaN 0.055809762888 0.055809762888 0.055809762888 NaN NaN NaN NaN NaN NaN NaN NaN NaN NaN NaN 0.107228768456 0.107228768456 0.107228768456 NaN NaN NaN NaN 0.018875578619 0.018875578619 0.018875578619 NaN 0.040236646208 0.040236646208 0.040236646208"
General-4-20251226-14:50:24-93477,vector,AdhocNetwork1.host[3].rl,rlReward,,,"1 2 3 4 5 6 7 8 9 10 11 12 13 14 15 16 17 18 19 20 21 22 23 24 25 26 27 28 29 30 31 32 33 34 35 36 37 38 39 40 41 42 43 44 45 46 47 48 49 50","0.33333333333333 0 0.094813622510112 0.11981704714473 0 0.031936099398242 0.1259943471642 -0.55311447151642 -0.53661835257922 -0.48857964329857 -0.52960253951305 0.23580381932579 0.31849001623062 0.38304666181133 0.34093691091894 0.31358537449754 0.24548533536695 0.32731089786773 0.33675134543332 0.33348987618863 0.34303873390199 0.30907047006641 0.21377103844335 0.38888573969243 0.36401594531355 0.31061351552051 -0.083159495378912 0.27442061874177 0.81478553764866 -0.25892753497624 -0.32252279085004 0.30331651975561 0.72678685035378 0.37480878030306 -0.22897553617566 -0.23184807355398 -0.37845527332391 -0.30104366072012 -0.22289875214933 -0.20789597028413 -0.22342125959928 0.68100724365141 0.28034209962539 0.17578811323995 0.11736888454152 0.12408450944523 0.12023835262759 0.11614214254268 0.16580260994142 0.16533360520238"
General-4-20251226-14:50:24-93477,vector,AdhocNetwork1.host[4].app[1],e2eDelayPeriodicSec,,,"1 2 3 4 5 6 7 8 9 10 11 12 13 14 15 16 17 18 19 20 21 22 23 24 25 26 27 28 29 30 31 32 33 34 35 36 37 38 39 40 41 42 43 44 45 46 47 48 49 50","NaN NaN NaN NaN NaN NaN NaN NaN NaN NaN NaN NaN NaN NaN NaN NaN NaN NaN NaN NaN NaN NaN NaN NaN NaN NaN NaN NaN NaN NaN NaN 0.290339182306 0.290339182306 0.290339182306 NaN 0.022727584276 0.022727584276 0.022727584276 NaN NaN 0.042155527824 0.042155527824 0.042155527824 NaN NaN NaN NaN NaN 0.033440571514 0.033440571514"
General-4-20251226-14:50:24-93477,vector,AdhocNetwork1.host[4].rl,rlReward,,,"1 2 3 4 5 6 7 8 9 10 11 12 13 14 15 16 17 18 19 20 21 22 23 24 25 26 27 28 29 30 31 32 33 34 35 36 37 38 39 40 41 42 43 44 45 46 47 48 49 50","0.33333333333333 0.1 0.022298450058994 0.11578821776304 0 0 0.055504291428877 0.072772740482451 0.052452168522322 0.044611949279417 0.070882708298394 0.045898390613655 0 0.16967226395294 0.11079391107415 0.11892310194005 0.0356689135273 0.054058651185724 0.058362381787391 0.16841939671069 0.14974299872199 0 0.12899017358767 0.17209779147799 0.13560684180619 0.37208374222087 0.1 0.29721846353399 0.35391085647262 0.17363865831284 0.25736681908953 0.1 0.32777555665711 0.24369380471998 0.32510785430638 0.31985976562181 0.24013783856923 0.1977983795774 0.26519096722209 0.47093327589635 0.32580935527875 0.18948206541177 0.34637663300908 0.31460068031996 0.37254736344856 0.3567307920659 0.30386586120649 0.15004891125773 0.23167384663161 0.29595904433273"
General-4-20251226-14:50:24-93477,vector,AdhocNetwork1.host[5].app[1],e2eDelayPeriodicSec,,,"1 2 3 4 5 6 7 8 9 10 11 12 13 14 15 16 17 18 19 20 21 22 23 24 25 26 27 28 29 30 31 32 33 34 35 36 37 38 39 40 41 42 43 44 45 46 47 48 49 50","NaN NaN NaN NaN NaN NaN NaN NaN NaN NaN NaN NaN NaN NaN NaN NaN NaN NaN NaN NaN NaN NaN NaN NaN NaN NaN NaN NaN 21.035029946345 21.035029946345 21.035029946345 NaN NaN NaN NaN NaN NaN NaN NaN NaN NaN 0.120272657188 0.120272657188 0.120272657188 NaN NaN NaN NaN 0.082143458225 0.082143458225"
General-4-20251226-14:50:24-93477,vector,AdhocNetwork1.host[5].rl,rlReward,,,"1 2 3 4 5 6 7 8 9 10 11 12 13 14 15 16 17 18 19 20 21 22 23 24 25 26 27 28 29 30 31 32 33 34 35 36 37 38 39 40 41 42 43 44 45 46 47 48 49 50","0.33333333333333 0 0.046193440311545 0.087506722481292 0.033757961989887 0.064816489290572 0.014715714195972 0 0.16366405240864 0.087435307817793 0.0096862059605447 0.065395485208539 0.081200908966052 0.12614186465018 0.15199246289028 0.11572552020494 0.10072333911885 0.3036818351942 0.44495105205327 0.84353891842288 0.40748922068087 0.3903974166196 -0.17678113699709 0.43022391722311 0.38292659569855 0.34086594814109 0.3 0.38389757606771 0.35075992173251 0.40358167036876 0.40762912398506 0.3926004683507 0.36379500168296 0.40732482475735 0.42670131443195 0.37712724073568 0.3 0.41139140377979 0.40890604148031 0.40585180159036 0.46578490860065 0.3 -0.30095214176809 -0.54882852380668 -0.53975290957816 -0.55632347707467 -0.3 -0.58868096474147 -0.65119538714302 -0.63761804801787"
General-4-20251226-14:50:24-93477,vector,AdhocNetwork1.host[6].app[1],e2eDelayPeriodicSec,,,"1 2 3 4 5 6 7 8 9 10 11 12 13 14 15 16 17 18 19 20 21 22 23 24 25 26 27 28 29 30 31 32 33 34 35 36 37 38 39 40 41 42 43 44 45 46 47 48 49 50","NaN NaN NaN NaN 0.102676770555 0.102676770555 0.102676770555 NaN NaN NaN NaN 0.068560653597 0.068560653597 0.068560653597 NaN 0.026227442806 0.026227442806 0.026227442806 NaN NaN NaN NaN NaN 0.028940427689 0.028940427689 0.028940427689 NaN 0.034359652966 0.034359652966 0.034359652966 NaN 0.026542029451 0.026542029451 0.026542029451 NaN 0.021037625857 0.021037625857 0.021037625857 0.019601162651 0.019601162651 0.019601162651 NaN 0.015486751788 0.015486751788 0.015486751788 NaN 0.018564973963 0.018564973963 0.018564973963 NaN"
General-4-20251226-14:50:24-93477,vector,AdhocNetwork1.host[6].rl,rlReward,,,"1 2 3 4 5 6 7 8 9 10 11 12 13 14 15 16 17 18 19 20 21 22 23 24 25 26 27 28 29 30 31 32 33 34 35 36 37 38 39 40 41 42 43 44 45 46 47 48 49 50","0.33333333333333 0 0.043564586600289 0.059893364888758 -0.19850406734309 0.022813199303909 0 0.045837519856096 0.11506752607384 0.041699114030664 0.066050587566867 0 0 0.15114256853384 0.15786040343645 0.12604370714566 0.049949163177286 0.010994318331366 0.37829382430763 0.4194131016141 0.26761544218611 0.37092806749598 0.40048149753429 0.38436319854593 0.41189435652116 -0.64106664044589 -0.62461021732901 -0.61411041668106 -0.66509995592691 -0.54452256593593 -0.59019920446766 0.3062412440995 0.30243861824784 0 0.41167741817708 0.32524931824251 0.31423767457417 0.42772342335202 -0.65282492626534 -0.59310997930294 -0.57070166490784 0.20907022996481 0.39575835004615 0.35177704942136 0.3889227753077 0.30192071937962 0.41809096525 -0.63027486071929 -0.58936392855186 -0.58990411809739"
General-4-20251226-14:50:24-93477,vector,AdhocNetwork1.host[7].app[1],e2eDelayPeriodicSec,,,"1 2 3 4 5 6 7 8 9 10 11 12 13 14 15 16 17 18 19 20 21 22 23 24 25 26 27 28 29 30 31 32 33 34 35 36 37 38 39 40 41 42 43 44 45 46 47 48 49 50","NaN 0.012796395342 0.012796395342 0.012796395342 0.009297857318 0.009297857318 0.009297857318 0.011311650533 0.011311650533 0.011311650533 0.008250202466 0.008250202466 0.008250202466 0.008270783221 0.008270783221 0.008270783221 NaN 0.007971458786 0.007971458786 0.007971458786 NaN 0.008272296961 0.008272296961 0.008272296961 NaN 0.200405391926 0.200405391926 0.200405391926 NaN NaN NaN NaN 0.008354736249 0.008354736249 0.008354736249 NaN NaN NaN NaN NaN NaN NaN NaN 0.089936930968 0.089936930968 0.089936930968 NaN NaN 0.06498141456 0.06498141456"
General-4-20251226-14:50:24-93477,vector,AdhocNetwork1.host[7].rl,rlReward,,,"1 2 3 4 5 6 7 8 9 10 11 12 13 14 15 16 17 18 19 20 21 22 23 24 25 26 27 28 29 30 31 32 33 34 35 36 37 38 39 40 41 42 43 44 45 46 47 48 49 50","0.33333333333333 0 0.31037327987644 0.16846933515896 0 0.020979860395302 -0.54129921971628 -0.52627437055589 -0.24155664180387 -0.35362488441817 -0.52150633170808 0.3756261016706 0.3 0.46785658958566 0.44814230120992 0.47971514982443 0.39816069459121 0.36797089688789 0.41204198129782 0.47390557926064 0.39078491455218 0.39147554439598 0.36893344719623 0.23929489910111 0.4195867539609 0.30507516322077 0.3 0.36638351288209 0.33804848687239 0.35834371867388 0.39289950441117 0.34701332051747 0.3 0.324630493849 0.43277317655701 0.34895228372411 0.31429263362328 0.39560263159697 0.43714643841747 0.43371096745808 0.42071468736824 0.093035596631517 0.46071143583563 -0.60745928169366 -0.5717760786346 -0.55131148901561 -0.57873224943677 -0.5192817250178 -0.58544461889023 -0.6095866710433"
General-4-20251226-14:50:24-93477,vector,AdhocNetwork1.host[8].app[1],e2eDelayPeriodicSec,,,"1 2 3 4 5 6 7 8 9 10 11 12 13 14 15 16 17 18 19 20 21 22 23 24 25 26 27 28 29 30 31 32 33 34 35 36 37 38 39 40 41 42 43 44 45 46 47 48 49 50","NaN 0.059247085936 0.059247085936 0.059247085936 NaN NaN NaN NaN 0.029841147932 0.029841147932 0.029841147932 NaN 0.091194152355 0.091194152355 0.091194152355 0.035507553641 0.035507553641 0.035507553641 NaN NaN NaN NaN NaN NaN NaN NaN NaN NaN NaN 9.03177471373 9.03177471373 9.03177471373 NaN 0.061811265676 0.061811265676 0.061811265676 NaN NaN NaN NaN NaN NaN NaN NaN NaN NaN NaN NaN NaN NaN"
General-4-20251226-14:50:24-93477,vector,AdhocNetwork1.host[8].rl,rlReward,,,"1 2 3 4 5 6 7 8 9 10 11 12 13 14 15 16 17 18 19 20 21 22 23 24 25 26 27 28 29 30 31 32 33 34 35 36 37 38 39 40 41 42 43 44 45 46 47 48 49 50","0.33333333333333 0 0.41414857223943 0.46416615170901 0.43886265139105 0.4134291561799 -0.026806446506622 0.42761486103254 0.39148145913748 0.41588824359571 0.36721009877207 0.2429566959678 0.35445027988595 0.4175269082072 0.2927033877953 0.37697400718162 0.33433121864475 0.35525503830496 0.3710704825987 0.45062327938318 0.4404055381996 0.3408878347089 0.3 0.42540095783124 0.44834493180825 0.42882093154148 0.33256648349387 0.39374165135787 0.41496518864616 0.3770675624206 -0.60031988452177 0.4010820985677 0.35526994175436 0.3633509366253 0.40031227861158 0.44627946576697 0.41304311065182 0.37905922431597 0.45946305917192 0.48244669830466 0.44654619391993 0.3 0.44917914600591 0.44901103283274 0.46336102618643 0.45828722214621 0.33433334429639 0.431535291772 0.46062740927821 0.3"
General-4-20251226-14:50:24-93477,vector,AdhocNetwork1.host[9].app[1],e2eDelayPeriodicSec,,,"1 2 3 4 5 6 7 8 9 10 11 12 13 14 15 16 17 18 19 20 21 22 23 24 25 26 27 28 29 30 31 32 33 34 35 36 37 38 39 40 41 42 43 44 45 46 47 48 49 50","NaN NaN NaN NaN NaN NaN NaN NaN NaN NaN 0.035577029821 0.035577029821 0.035577029821 NaN 0.031129246893 0.031129246893 0.031129246893 NaN NaN NaN NaN NaN NaN NaN NaN NaN NaN NaN NaN NaN NaN 0.110584209559 0.110584209559 0.110584209559 NaN 0.026587192668 0.026587192668 0.026587192668 NaN NaN 0.016857259186 0.016857259186 0.016857259186 0.025173760721 0.025173760721 0.025173760721 NaN 0.027764276228 0.027764276228 0.027764276228"
General-4-20251226-14:50:24-93477,vector,AdhocNetwork1.host[9].rl,rlReward,,,"1 2 3 4 5 6 7 8 9 10 11 12 13 14 15 16 17 18 19 20 21 22 23 24 25 26 27 28 29 30 31 32 33 34 35 36 37 38 39 40 41 42 43 44 45 46 47 48 49 50","0.33333333333333 0 0.10711242779712 0.1079535300819 0 0.07229527187448 0.35067320631785 0.0075465577371469 0.13885960780563 0.031826714462348 0 0.083437135537208 0.032724217142814 0.097559971372094 0.046623298969305 0.0052703936396583 0.35646252019555 0.3731414076283 0.3 0.39954290322506 0.29619672809693 0.36556535114953 0.35282363557769 0.45099918604503 0.42080226430037 0.36344837865757 -0.11395432970986 0.35960375728646 0.3828824269486 0.41380245816931 0.36308306008553 0.33602344845228 0.38925921794288 -0.11865225921227 0.43603818519878 -0.58908290976128 -0.6 -0.56371348168512 -0.66599828434023 -0.54129610011504 -0.55236159199502 0.30020856323694 0.43515065504194 0.42551569790943 0.36193784489301 0.41951179099072 0.39131342003398 0.32479725740888 0.3 -0.1223109056467"
General-4-20251226-14:50:24-93477,vector,AdhocNetwork1.host[10].app[1],e2eDelayPeriodicSec,,,"1 2 3 4 5 6 7 8 9 10 11 12 13 14 15 16 17 18 19 20 21 22 23 24 25 26 27 28 29 30 31 32 33 34 35 36 37 38 39 40 41 42 43 44 45 46 47 48 49 50","NaN 0.035730753651 0.035730753651 0.035730753651 NaN 0.008371372009 0.008371372009 0.008371372009 0.008311348946 0.008311348946 0.008311348946 NaN 0.008791287039 0.008791287039 0.008791287039 NaN 0.008942603804 0.008942603804 0.008942603804 NaN NaN 0.016901620167 0.016901620167 0.016901620167 0.008391595047 0.008391595047 0.008391595047 NaN 0.008451611336 0.008451611336 0.008451611336 0.007891740505 0.007891740505 0.007891740505 NaN NaN 0.009002356996 0.009002356996 0.009002356996 NaN NaN 0.013976024321 0.013976024321 0.013976024321 NaN NaN NaN NaN NaN 3.024506883758"
General-4-20251226-14:50:24-93477,vector,AdhocNetwork1.host[10].rl,rlReward,,,"1 2 3 4 5 6 7 8 9 10 11 12 13 14 15 16 17 18 19 20 21 22 23 24 25 26 27 28 29 30 31 32 33 34 35 36 37 38 39 40 41 42 43 44 45 46 47 48 49 50","0.33333333333333 0 0 0.1108511901302 -0.66666666666667 -0.58121488849777 -0.55736903377799 -0.37003857232905 -0.48785816292874 -0.52734434715894 -0.57593824581621 0.2716499049688 -0.14805638103367 0.31670705709261 0.31517542543055 0.33074458425584 0.25439372680955 0.16712686172271 0.20839834568613 0.33952697790482 0.35429048502267 0.20149079437861 0.25650354655341 0.44918820940519 0.35522049402672 0.26395974101002 0.20171834302311 0.26694465965055 0.093992692128045 0.26002595180841 0.30137009066426 0.18343162783311 0.14122505255558 0.25464697769138 0.30385816800696 0.24443574195345 0.29579302723726 0.24382936716592 0.31990151130267 0.33332720694578 0.35703985765772 0.1 0.17142657441256 0.34399667827637 0.4025179998749 0.0025050294050747 0.35804881323427 0.34210661634988 0.36082051548027 0.36555490076479"
General-4-20251226-14:50:24-93477,vector,AdhocNetwork1.host[11].app[1],e2eDelayPeriodicSec,,,"1 2 3 4 5 6 7 8 9 10 11 12 13 14 15 16 17 18 19 20 21 22 23 24 25 26 27 28 29 30 31 32 33 34 35 36 37 38 39 40 41 42 43 44 45 46 47 48 49 50","NaN NaN NaN NaN 0.334241816379 0.334241816379 0.334241816379 NaN 0.060223588965 0.060223588965 0.060223588965 NaN 0.176424152558 0.176424152558 0.176424152558 NaN NaN NaN NaN NaN NaN NaN NaN NaN NaN NaN NaN NaN NaN NaN NaN NaN NaN NaN NaN NaN NaN 0.064826689219 0.064826689219 0.064826689219 NaN NaN NaN NaN NaN NaN NaN 0.167650749959 0.167650749959 0.167650749959"
General-4-20251226-14:50:24-93477,vector,AdhocNetwork1.host[11].rl,rlReward,,,"1 2 3 4 5 6 7 8 9 10 11 12 13 14 15 16 17 18 19 20 21 22 23 24 25 26 27 28 29 30 31 32 33 34 35 36 37 38 39 40 41 42 43 44 45 46 47 48 49 50","0.33333333333333 0 0.02338663744413 0.34824897974083 0 0 0.071751517153419 0.10029172967159 0.44229695039359 0.36692380109726 0.40066564472598 0.33464402729342 0.3 0.43304752389816 0.42302718622174 0.42130749427941 0.39921569188613 0.37191156731869 0.41422170588838 0.43290619531382 0.38813452374711 0.39275068008955 0.4173285717868 0.45540075922767 0.40380890287476 -0.59448071013191 -0.60254614844923 -0.57686975167762 -0.56605198343107 -0.55446776159705 -0.57710812012294 0.37960978952371 0.40119335394954 0.34148506259859 0.43078622911179 0.36591393661212 0 0.38416174322761 0.36437667677161 0.39574565828465 0.41930297021077 0.32208558294997 0.38842253718501 -0.62695982468112 -0.60595207280124 -0.62055552820274 -0.63783114068629 -0.66151496307226 -0.7 -0.46063224431425"
General-4-20251226-14:50:24-93477,vector,AdhocNetwork1.host[12].app[1],e2eDelayPeriodicSec,,,"1 2 3 4 5 6 7 8 9 10 11 12 13 14 15 16 17 18 19 20 21 22 23 24 25 26 27 28 29 30 31 32 33 34 35 36 37 38 39 40 41 42 43 44 45 46 47 48 49 50","NaN NaN NaN NaN NaN NaN NaN 3.123105968191 3.123105968191 3.123105968191 NaN NaN NaN NaN NaN NaN NaN NaN NaN NaN NaN NaN NaN NaN NaN NaN NaN NaN NaN NaN NaN 0.026911160108 0.026911160108 0.026911160108 NaN 0.017688917891 0.017688917891 0.017688917891 0.020738266887 0.020738266887 0.020738266887 NaN NaN 0.019441273681 0.019441273681 0.019441273681 NaN 0.020777461272 0.020777461272 0.020777461272"
General-4-20251226-14:50:24-93477,vector,AdhocNetwork1.host[12].rl,rlReward,,,"1 2 3 4 5 6 7 8 9 10 11 12 13 14 15 16 17 18 19 20 21 22 23 24 25 26 27 28 29 30 31 32 33 34 35 36 37 38 39 40 41 42 43 44 45 46 47 48 49 50","0.33333333333333 0 0.17157248569606 0.027993163973765 0.095969100366457 0.0064666374402547 0.11980963075302 0.14849869865791 0.17566372853009 0.12489033337421 0.083147640220513 0.091187459982517 0.11240882515559 0.14721673763283 0.1372619873349 0.11938780593356 0.096854337971684 0.037035843611705 0.23021875419586 0.1025532107833 0.12622623625484 0.070759710734174 0.05115276118365 0.16415334499865 0.15443444450801 0.050711153306844 0.026264430730441 0.082390644673153 0.029680342030074 0.13783181409266 0.10833268215667 0.04035669910178 0.042463157677911 -0.60418472393214 -0.61968720228487 -0.65748487835117 -0.6505924448213 -0.55191537984109 -0.54827388497305 -0.53923585425623 -0.57070698268258 0.35273588038874 0.2838994003356 0.24425459847163 0.15854762412947 0.28605317873724 0.18957673575557 0.1722960696485 0.1 0.19265015734514"
General-4-20251226-14:50:24-93477,vector,AdhocNetwork1.host[13].app[1],e2eDelayPeriodicSec,,,"1 2 3 4 5 6 7 8 9 10 11 12 13 14 15 16 17 18 19 20 21 22 23 24 25 26 27 28 29 30 31 32 33 34 35 36 37 38 39 40 41 42 43 44 45 46 47 48 49 50","NaN NaN NaN NaN NaN NaN NaN NaN NaN NaN NaN NaN NaN NaN NaN NaN NaN NaN NaN NaN NaN NaN 0.041510567259 0.041510567259 0.041510567259 0.047299780986 0.047299780986 0.047299780986 NaN NaN NaN NaN NaN NaN NaN NaN NaN NaN NaN NaN NaN NaN NaN NaN NaN NaN NaN NaN NaN NaN"
General-4-20251226-14:50:24-93477,vector,AdhocNetwork1.host[13].rl,rlReward,,,"1 2 3 4 5 6 7 8 9 10 11 12 13 14 15 16 17 18 19 20 21 22 23 24 25 26 27 28 29 30 31 32 33 34 35 36 37 38 39 40 41 42 43 44 45 46 47 48 49 50","0.33333333333333 0 0.070082621776618 0.051285333880092 0 0.3 0.17555323351826 0.16689368069154 0.18972080505537 0.16610895192903 -0.065152134338949 0.19716178278264 0.12925062422776 0.19927282681736 0.18679305851056 0.18770170003613 0.19008425910581 0.20153224108769 0.13939429907615 0.20809420571349 0.16728658914459 0.15507699948277 0.12823692499624 0.22560784818473 0.19663309633801 0.15397052959981 0.28015789768258 0.32923234528236 0.17473153214376 0.17719708357116 0.14374649223433 0.18615070215891 0.19416192642412 0.19705971285973 0.22709627020438 0.21994731417845 0.16632240503087 0.20212901573143 0.89633721896318 -0.43398350592318 -0.44905132094726 0.16695720725586 0.1982555762427 0.22143858560331 0.19299655901604 0.20850983139152 0.20271000836071 0.2055559170005 0.20494098698698 0.19599538943079"
General-4-20251226-14:50:24-93477,vector,AdhocNetwork1.host[14].app[1],e2eDelayPeriodicSec,,,"1 2 3 4 5 6 7 8 9 10 11 12 13 14 15 16 17 18 19 20 21 22 23 24 25 26 27 28 29 30 31 32 33 34 35 36 37 38 39 40 41 42 43 44 45 46 47 48 49 50","NaN 0.026288645137 0.026288645137 0.026288645137 0.201403527564 0.201403527564 0.201403527564 NaN NaN NaN NaN NaN 0.069862739274 0.069862739274 0.069862739274 NaN 0.078581757935 0.078581757935 0.078581757935 NaN NaN 0.06004320705 0.06004320705 0.06004320705 NaN 0.037002723054 0.037002723054 0.037002723054 NaN NaN NaN 0.078507467821 0.078507467821 0.078507467821 NaN NaN 0.067291992609 0.067291992609 0.067291992609 0.019909312576 0.019909312576 0.019909312576 NaN NaN 0.015646254051 0.015646254051 0.015646254051 NaN 0.025025676664 0.025025676664"
General-4-20251226-14:50:24-93477,vector,AdhocNetwork1.host[14].rl,rlReward,,,"1 2 3 4 5 6 7 8 9 10 11 12 13 14 15 16 17 18 19 20 21 22 23 24 25 26 27 28 29 30 31 32 33 34 35 36 37 38 39 40 41 42 43 44 45 46 47 48 49 50","0.33333333333333 0 0.12587105686794 -0.04326062358326 0 0.012775616310341 -0.62123867137914 -0.59636475344124 -0.50789685034491 -0.61701795432248 -0.32124263882099 -0.12760912466205 0.055504080706837 -0.0043321281553926 0.31396607946564 0.14608307367469 -0.15318476902931 0.14461377779249 0.30268367479752 0.28723551332804 0.29800191467251 0.21373617860669 0.1 0.29186616089923 0.32379977444705 0.23761248923366 0.19325617174057 0.25242423886697 0.19961864519752 0.13011223048953 0.26270130218212 0.1 0.1 0.2710737180101 0.26209650335156 0.21201492879374 0.1 0.11196613149087 0.17187146071445 0.23696225844169 0.2018586704282 0.25467769170064 0.20108807855244 -0.34774476789234 -0.26733384912397 -0.33045812091904 -0.33688476951038 -0.36563520877828 -0.4596082339787 -0.40701062857272"
General-4-20251226-14:50:24-93477,vector,AdhocNetwork1.host[15].app[1],e2eDelayPeriodicSec,,,"1 2 3 4 5 6 7 8 9 10 11 12 13 14 15 16 17 18 19 20 21 22 23 24 25 26 27 28 29 30 31 32 33 34 35 36 37 38 39 40 41 42 43 44 45 46 47 48 49 50","NaN NaN NaN NaN NaN NaN NaN 0.059542429107 0.059542429107 0.059542429107 NaN 0.020861371831 0.020861371831 0.020861371831 NaN 0.049098438491 0.049098438491 0.049098438491 NaN NaN 0.022651821336 0.022651821336 0.022651821336 NaN NaN 0.023221142908 0.023221142908 0.023221142908 NaN NaN NaN NaN 0.015846103345 0.015846103345 0.015846103345 NaN NaN 0.06354072763 0.06354072763 0.06354072763 NaN 0.025829556787 0.025829556787 0.025829556787 NaN 0.026885215016 0.026885215016 0.026885215016 NaN NaN"
General-4-20251226-14:50:24-93477,vector,AdhocNetwork1.host[15].rl,rlReward,,,"1 2 3 4 5 6 7 8 9 10 11 12 13 14 15 16 17 18 19 20 21 22 23 24 25 26 27 28 29 30 31 32 33 34 35 36 37 38 39 40 41 42 43 44 45 46 47 48 49 50","0.33333333333333 0 0.043334261469631 0.084944766203838 -0.66666666666667 -0.59898034805475 -0.54899555976723 -0.69221730535999 -0.33491338601057 -0.56715911455168 -0.65303337184984 0.1 -0.14722184976997 0.31893950356932 0.12100483461385 0.26247093721301 0.0028014909804711 0.18465914922034 0.27746658365712 0.27120199296393 0.13292653302995 0.2003210889978 0.19199107450899 0.17739184293462 0.31220557337401 0.16355229259342 0.1 0.22816401299444 0.22780045355475 0.10421777943168 0.17375388459756 0.21931966813225 0.19272811489586 0.27983282561108 0.29832333681696 0.23875943214501 0.14952208662773 0.18800137432051 0.28261800923587 0.34051660612162 0.31376269167009 0.19336784765262 0.24900181552695 -0.33982412503056 -0.26392368015731 -0.34058962323462 -0.39484828759617 -0.35489280752975 -0.35358214080226 -0.3012645760772"
General-4-20251226-14:50:24-93477,vector,AdhocNetwork1.host[16].app[1],e2eDelayPeriodicSec,,,"1 2 3 4 5 6 7 8 9 10 11 12 13 14 15 16 17 18 19 20 21 22 23 24 25 26 27 28 29 30 31 32 33 34 35 36 37 38 39 40 41 42 43 44 45 46 47 48 49 50","NaN NaN NaN NaN NaN NaN NaN NaN NaN NaN 0.098139953409 0.098139953409 0.098139953409 NaN NaN 0.078614663521 0.078614663521 0.078614663521 NaN NaN NaN NaN NaN NaN NaN NaN NaN NaN NaN NaN NaN NaN NaN NaN NaN NaN NaN NaN NaN NaN NaN NaN NaN NaN NaN NaN NaN NaN NaN NaN"
General-4-20251226-14:50:24-93477,vector,AdhocNetwork1.host[16].rl,rlReward,,,"1 2 3 4 5 6 7 8 9 10 11 12 13 14 15 16 17 18 19 20 21 22 23 24 25 26 27 28 29 30 31 32 33 34 35 36 37 38 39 40 41 42 43 44 45 46 47 48 49 50","0.33333333333333 0 0 0.1034475290903 0.0092195787154388 0 0.13508057087716 0.13170236644191 0.12949539926353 0.1220447796974 0.06105811903334 0.090432285534312 0 0.1095021366631 0.022724955543162 0.094206533908147 0.063510628273469 0.034363568111651 0 0.41056567536546 0.18557470217041 0.33513001197914 0.17807531520085 0.44941825225516 0.35605194229567 0.84391370069311 -0.19238048858135 -0.18733632981427 -0.14811524007171 -0.1523059042407 -0.1924105589944 0.42134630515396 0.79846378001763 0.41250164718545 0.080797283198856 0.43500338338817 0.39434457430192 0.052370750707436 0.31733825081428 0.44324937038407 0.51519430349233 0.39837864223921 0.42143443469301 0.47320573718307 0.4324864780624 0.44292882303263 0.42235725070169 0.37674060754795 0.42489496065969 0.46162469847707"
General-4-20251226-14:50:24-93477,vector,AdhocNetwork1.host[17].app[1],e2eDelayPeriodicSec,,,"1 2 3 4 5 6 7 8 9 10 11 12 13 14 15 16 17 18 19 20 21 22 23 24 25 26 27 28 29 30 31 32 33 34 35 36 37 38 39 40 41 42 43 44 45 46 47 48 49 50","NaN 0.013633430797 0.013633430797 0.013633430797 NaN 0.007733262271 0.007733262271 0.007733262271 NaN 0.008272335223 0.008272335223 0.008272335223 NaN 0.007651698338 0.007651698338 0.007651698338 NaN 0.014238851252 0.014238851252 0.014238851252 NaN NaN 0.008490805307 0.008490805307 0.008490805307 0.010573420438 0.010573420438 0.010573420438 NaN NaN NaN NaN 0.019772952667 0.019772952667 0.019772952667 NaN NaN 0.050320159911 0.050320159911 0.050320159911 NaN 0.007593548925 0.007593548925 0.007593548925 NaN 0.008114342167 0.008114342167 0.008114342167 NaN NaN"
General-4-20251226-14:50:24-93477,vector,AdhocNetwork1.host[17].rl,rlReward,,,"1 2 3 4 5 6 7 8 9 10 11 12 13 14 15 16 17 18 19 20 21 22 23 24 25 26 27 28 29 30 31 32 33 34 35 36 37 38 39 40 41 42 43 44 45 46 47 48 49 50","0.33333333333333 0 0.040286346456422 0.14200693059291 0 0.027980733593209 0.09594514709021 0.0075367344778011 0.10032160426058 0.10636059466337 0.043994079744963 0.046644330843884 0.036071913244657 -0.043432400921575 0.032523123479788 0.10991632441549 0.040846565895381 0 0.012352523092323 0.14059357933932 0.14658844607738 0.085460971824636 0.39409966471699 0.44139194749165 0.45118887537977 0.42256425295641 0.39452039496168 0.39235916488325 0.0099490350020116 0.43073996644515 0.3677615721408 0.42358238433306 -0.051815782533182 0.5 -0.39330136092639 -0.55804921820504 -0.60569422611251 -0.57868027505976 -0.7 -0.52052334079161 -0.48980556185408 0.42803425920255 0.42234044029397 0.46578365288064 0.16240835648905 0.45810224418775 0.43171642300803 0.37176324394354 0.4502968876073 0.48241165460191"
General-4-20251226-14:50:24-93477,vector,AdhocNetwork1.host[18].app[1],e2eDelayPeriodicSec,,,"1 2 3 4 5 6 7 8 9 10 11 12 13 14 15 16 17 18 19 20 21 22 23 24 25 26 27 28 29 30 31 32 33 34 35 36 37 38 39 40 41 42 43 44 45 46 47 48 49 50","NaN NaN NaN NaN NaN NaN NaN NaN NaN NaN 0.074932541654 0.074932541654 0.074932541654 NaN 0.016325040865 0.016325040865 0.016325040865 0.066200073685 0.066200073685 0.066200073685 NaN 0.008764229377 0.008764229377 0.008764229377 NaN 0.111748567696 0.111748567696 0.111748567696 NaN NaN NaN NaN NaN 0.012058807383 0.012058807383 0.012058807383 NaN 0.008814170225 0.008814170225 0.008814170225 NaN 0.012962495976 0.012962495976 0.012962495976 NaN NaN NaN NaN 0.075942962264 0.075942962264"
General-4-20251226-14:50:24-93477,vector,AdhocNetwork1.host[18].rl,rlReward,,,"1 2 3 4 5 6 7 8 9 10 11 12 13 14 15 16 17 18 19 20 21 22 23 24 25 26 27 28 29 30 31 32 33 34 35 36 37 38 39 40 41 42 43 44 45 46 47 48 49 50","0.33333333333333 0 0 0.36065536599379 0 0.0057668732063406 0.12122074819909 -0.61809648492188 -0.66666666666667 -0.39103998781126 -0.58615753383167 0.40376710781253 0.3 0.4372846885893 0.44863991360967 0.37966535354781 0.42068405955627 0.42210552236524 0.34825369359254 0.35239796944442 0.46062871349008 0.34242019184269 0.39520053130569 0.027181350526584 0.40946476280499 0.46003044359468 0.32406388985081 0.40304602529164 0.32862820769172 0.42311421754043 0.11756947100874 -0.19806896536587 0.38472250259466 0.41047763557258 0.42532340235793 0.36838342747189 0.37337074985341 0.40004277888 0.3487927985879 0.35738071934239 0.31706437528405 0.1 0.33575816104659 0.31798736515321 0.46626300358412 0.33448034338949 0.44640557957547 0.44841498220019 0.40854183619179 0.43620707774945"
General-4-20251226-14:50:24-93477,vector,AdhocNetwork1.host[19].app[1],e2eDelayPeriodicSec,,,"1 2 3 4 5 6 7 8 9 10 11 12 13 14 15 16 17 18 19 20 21 22 23 24 25 26 27 28 29 30 31 32 33 34 35 36 37 38 39 40 41 42 43 44 45 46 47 48 49 50","NaN NaN NaN NaN NaN NaN NaN 0.10790174256 0.10790174256 0.10790174256 NaN NaN NaN 0.041858338916 0.041858338916 0.041858338916 NaN NaN 0.050621684354 0.050621684354 0.050621684354 NaN NaN NaN NaN NaN NaN NaN NaN NaN NaN NaN NaN NaN NaN NaN NaN NaN NaN NaN NaN NaN NaN NaN NaN NaN NaN NaN NaN NaN"
General-4-20251226-14:50:24-93477,vector,AdhocNetwork1.host[19].rl,rlReward,,,"1 2 3 4 5 6 7 8 9 10 11 12 13 14 15 16 17 18 19 20 21 22 23 24 25 26 27 28 29 30 31 32 33 34 35 36 37 38 39 40 41 42 43 44 45 46 47 48 49 50","0.33333333333333 0 0.083841237005437 0.075913135835264 -0.66666666666667 -0.66666666666667 -0.55482422360774 -0.62391567936968 -0.23923238516918 -0.42941760225097 -0.60339265045932 0.36239037606305 0.33266132484656 0.35459464922186 0.24418559017697 0.29143130428685 0.21488742126859 0.25291675680631 0.38594947657574 0.31726534359751 0.21014887832794 0.33682664164339 0.33289198049874 0.40118787684495 0.41497365920248 0.28951555033642 0.1808071753058 0.27814867236249 0.33058900068475 0.67883225175761 0.32795722599332 0.31633898402755 0.32290221671321 0.36507934402497 0.40767217273832 0.36446744192987 0.21913566132755 0.31402816345894 -0.22729268305706 -0.2523942099513 -0.54834631633172 0.23261979017332 0.15823161054124 0.33820877842484 0.33353095372125 0.250229315992 0.26548095002836 0.080124571793655 0.10789330569922 0.18220761459398"
General-4-20251226-14:50:24-93477,vector,AdhocNetwork1.host[20].app[1],e2eDelayPeriodicSec,,,"1 2 3 4 5 6 7 8 9 10 11 12 13 14 15 16 17 18 19 20 21 22 23 24 25 26 27 28 29 30 31 32 33 34 35 36 37 38 39 40 41 42 43 44 45 46 47 48 49 50","NaN NaN NaN NaN NaN NaN NaN NaN NaN NaN NaN NaN NaN 0.037619592192 0.037619592192 0.037619592192 NaN 0.03672031518 0.03672031518 0.03672031518 NaN NaN NaN NaN NaN NaN NaN NaN NaN NaN NaN NaN NaN NaN NaN NaN NaN NaN NaN NaN NaN NaN NaN NaN NaN NaN NaN NaN NaN NaN"
General-4-20251226-14:50:24-93477,vector,AdhocNetwork1.host[20].rl,rlReward,,,"1 2 3 4 5 6 7 8 9 10 11 12 13 14 15 16 17 18 19 20 21 22 23 24 25 26 27 28 29 30 31 32 33 34 35 36 37 38 39 40 41 42 43 44 45 46 47 48 49 50","0.33333333333333 0 0.12451970186447 0.82407186901004 -0.072682832921563 0.12996344527616 0.084534152765701 0.065290167934497 0.15713498975384 0.026978716506946 0.11001885780755 0.13064027728964 0.033368051778538 0.11802406178041 0.038133985104174 0.15044530695258 0.0093979209918504 0.082737880272422 0 0.18017932997901 0.1876415909388 0.033877259558625 0.1018021981016 0.21439476989888 0.17542617842138 0.1421770850903 0.1180645373987 0.17350410096372 0.18705715474292 0.1952619825507 0.096369385259386 0.17738922825944 0.15533578382909 0.053094328843026 0.19959091652586 0.36778481584429 0.14831353758547 0.17020516023756 0.11286347711171 0.18165490734303 0.21655908460107 0.18227362389979 0.12606153674771 0.21998516893069 0.18401350471935 0.18307296957565 0.17956046266207 0.18109449720263 0.19265676747183 0.19930042694362"
General-4-20251226-14:50:24-93477,vector,AdhocNetwork1.host[21].app[1],e2eDelayPeriodicSec,,,"1 2 3 4 5 6 7 8 9 10 11 12 13 14 15 16 17 18 19 20 21 22 23 24 25 26 27 28 29 30 31 32 33 34 35 36 37 38 39 40 41 42 43 44 45 46 47 48 49 50","NaN NaN NaN NaN 0.325883471119 0.325883471119 0.325883471119 NaN NaN NaN NaN 0.054329356892 0.054329356892 0.054329356892 NaN NaN NaN NaN NaN NaN NaN NaN NaN NaN 0.039033771638 0.039033771638 0.039033771638 NaN 0.043179428114 0.043179428114 0.043179428114 NaN NaN 0.040065161766 0.040065161766 0.040065161766 NaN NaN 0.051733274366 0.051733274366 0.051733274366 NaN NaN NaN NaN NaN NaN NaN NaN NaN"
General-4-20251226-14:50:24-93477,vector,AdhocNetwork1.host[21].rl,rlReward,,,"1 2 3 4 5 6 7 8 9 10 11 12 13 14 15 16 17 18 19 20 21 22 23 24 25 26 27 28 29 30 31 32 33 34 35 36 37 38 39 40 41 42 43 44 45 46 47 48 49 50","0.33333333333333 0 0.13757871871459 0.35058111860806 0.11013347981523 0.050828962626674 -0.052809929997469 0.099365365868808 0.17583579868024 0.13942490741548 0.13178952051895 0.090324363372543 0.022973662359725 0.15641823733888 0.17489797897259 0.13577026278684 0.093933425597572 0 0.1466873523218 0.15706535062294 -0.55189904199863 0.11198163523559 0.13396497850853 0.17381537272119 0.097839857229906 0.12156024662116 0.078476194600207 0.13946050802411 0.12867858100922 -0.059903138607509 0.13262233494137 0.098165834911352 0.059544669817358 0.081452704194061 -0.019993509133317 0.11759934595502 0.0082258522263298 0.11912868869917 -0.52986263333155 -0.54289383589326 -0.54933965560858 0.074760812256572 0.81105600373838 0.062157428560071 0.16172467845466 0.11903081056999 0.016471049720496 0.094417541152772 -0.66350952713294 -0.58407509451934"
General-4-20251226-14:50:24-93477,vector,AdhocNetwork1.host[22].app[1],e2eDelayPeriodicSec,,,"1 2 3 4 5 6 7 8 9 10 11 12 13 14 15 16 17 18 19 20 21 22 23 24 25 26 27 28 29 30 31 32 33 34 35 36 37 38 39 40 41 42 43 44 45 46 47 48 49 50","NaN NaN NaN NaN 0.159578708982 0.159578708982 0.159578708982 NaN NaN NaN NaN NaN NaN NaN 0.044083731433 0.044083731433 0.044083731433 0.043230200061 0.043230200061 0.043230200061 NaN NaN NaN NaN NaN NaN NaN NaN NaN NaN NaN NaN NaN NaN NaN NaN NaN NaN NaN NaN NaN NaN NaN NaN NaN NaN NaN NaN NaN NaN"
General-4-20251226-14:50:24-93477,vector,AdhocNetwork1.host[22].rl,rlReward,,,"1 2 3 4 5 6 7 8 9 10 11 12 13 14 15 16 17 18 19 20 21 22 23 24 25 26 27 28 29 30 31 32 33 34 35 36 37 38 39 40 41 42 43 44 45 46 47 48 49 50","0.33333333333333 0 0.055767569801713 0.067245121549363 0 0 0.077129081702737 0.40776698920692 0.43619868585003 0.41297937201799 0.37423092952793 0.35494443299761 0.3 0.45045663112832 0.41564800335543 0.44701515655594 0.35679539715659 0.3 0.40442897672392 0.42068306485376 0.40349210618432 0.39019218679222 0.26600360189843 0.42587046254237 0.43891975485198 0.40520410571927 0.36869154942569 -0.62240147293509 -0.3487862760395 -0.59070472195167 -0.63415685858899 0.084672166475493 0.38280352358563 0.37108295689674 0.41734229368427 0.3 0.32115982690915 0.37991784933435 0.39980553910821 0.42814716631959 0.40541460443728 0.36991189677785 0.32876789408647 0.42839293259609 0.43389050028029 0.37622795882232 0.34318287803801 0.32622380851392 0.30454106060239 0.38792674619945"
General-4-20251226-14:50:24-93477,vector,AdhocNetwork1.host[23].app[1],e2eDelayPeriodicSec,,,"1 2 3 4 5 6 7 8 9 10 11 12 13 14 15 16 17 18 19 20 21 22 23 24 25 26 27 28 29 30 31 32 33 34 35 36 37 38 39 40 41 42 43 44 45 46 47 48 49 50","NaN 0.040613945695 0.040613945695 0.040613945695 NaN 0.008233242989 0.008233242989 0.008233242989 NaN 0.013447600888 0.013447600888 0.013447600888 NaN 0.008831804706 0.008831804706 0.008831804706 NaN 0.061934505222 0.061934505222 0.061934505222 NaN NaN 0.016523009569 0.016523009569 0.016523009569 0.021594548982 0.021594548982 0.021594548982 NaN 0.008172946569 0.008172946569 0.008172946569 NaN NaN 0.008593917233 0.008593917233 0.008593917233 NaN 0.007854803234 0.007854803234 0.007854803234 NaN 0.016763842269 0.016763842269 0.016763842269 0.017136084792 0.017136084792 0.017136084792 NaN 0.01181889711"
General-4-20251226-14:50:24-93477,vector,AdhocNetwork1.host[23].rl,rlReward,,,"1 2 3 4 5 6 7 8 9 10 11 12 13 14 15 16 17 18 19 20 21 22 23 24 25 26 27 28 29 30 31 32 33 34 35 36 37 38 39 40 41 42 43 44 45 46 47 48 49 50","0.33333333333333 0 0.11693585460067 0.16166895306077 0 0 0.20655737687727 -0.47294960078176 -0.44517096488616 -0.50289408574022 -0.48732898882224 0.45774985155815 0.46873142772556 0.49124985434117 0.49642054069987 0.48278472860318 0.47926528560793 0.38243596426128 0.52058726376063 0.520279888694 0.50304446792165 0.49188503403175 0.47060853095983 0.50747631648641 0.51512069446853 0.47950034723706 -0.43860034880608 -0.52340102130649 -0.55622940274199 -0.12955431530702 -0.52482201826971 0.45421041599608 0.48527070415193 0.49564627602643 0.51014439121228 0.48906211506505 -0.022766487178788 0.21388220409201 -0.46169898736261 -0.50569456378688 -0.47778823721497 0.47512289465074 0.082824055438728 -0.51326614775887 -0.49647551670932 -0.49747056271625 -0.54597867956078 -0.52648282339981 -0.52785660590452 -0.51142743710022"
General-4-20251226-14:50:24-93477,vector,AdhocNetwork1.host[24].app[1],e2eDelayPeriodicSec,,,"1 2 3 4 5 6 7 8 9 10 11 12 13 14 15 16 17 18 19 20 21 22 23 24 25 26 27 28 29 30 31 32 33 34 35 36 37 38 39 40 41 42 43 44 45 46 47 48 49 50","NaN NaN NaN NaN 0.189591101416 0.189591101416 0.189591101416 0.027996484227 0.027996484227 0.027996484227 NaN NaN 0.091949510404 0.091949510404 0.091949510404 NaN NaN NaN NaN NaN NaN 0.06484636043 0.06484636043 0.06484636043 NaN 0.039894803732 0.039894803732 0.039894803732 NaN NaN NaN NaN NaN NaN NaN NaN NaN NaN NaN NaN NaN NaN NaN NaN NaN NaN NaN NaN NaN NaN"
General-4-20251226-14:50:24-93477,vector,AdhocNetwork1.host[24].rl,rlReward,,,"1 2 3 4 5 6 7 8 9 10 11 12 13 14 15 16 17 18 19 20 21 22 23 24 25 26 27 28 29 30 31 32 33 34 35 36 37 38 39 40 41 42 43 44 45 46 47 48 49 50","0.33333333333333 0 0 0.34116486161236 0.3 0.41841089842167 0.43695515805417 0.44942631580434 -0.19542864912907 -0.52419514338234 -0.53174240011103 0.41256063255283 0 -0.49946530494516 -0.49495969828081 -0.57370888199235 -0.29846882006531 -0.42639113882539 -0.46260864502122 -0.47953641068846 -0.18765030042158 -0.035616673980523 0.39279013408268 0.18005810615684 0.40610438057682 0.017518422903791 0.38992180721418 0.30742041065299 0.45736911749586 0.8199487057849 0.45752058442776 0.27449316078216 -0.59774127226304 -0.56334599996656 -0.54364385145452 -0.15574643135603 -0.56810939785733 -0.59460094410252 -0.54655993046059 -0.23143523985468 -0.49392203058976 0.22435031687931 0.29944426204113 0.30695721531969 0.28624563296714 0.32125307740231 0.23483116263504 0.19837529931104 0.25802032456554 0.12144034178869"
