rep,host,t,rlReward
0,0,5000.0,0.080233191546484
0,0,6000.0,0.094402277660909
0,0,7000.0,0.075978278836936
0,0,8000.0,0.095865493428338
0,0,9000.0,0.097303433805931
0,0,10000.0,0.088934479316461
0,0,11000.0,0.086639199844806
0,0,12000.0,0.097915039744554
0,0,13000.0,0.1061473370383
0,0,14000.0,0.099907583436097
0,0,15000.0,0.1054658276345
0,0,16000.0,0.08604160969713
0,0,17000.0,0.1045602493637
0,0,18000.0,0.090080200482017
0,0,19000.0,0.10262120242749
0,0,20000.0,0.085462861320141
0,0,21000.0,0.096425934382649
0,0,22000.0,0.37707847058699
0,0,23000.0,0.10074365023211
0,0,24000.0,0.097878256986513
0,0,25000.0,0.076839143381259
0,0,26000.0,0.36953863441984
0,0,27000.0,0.3652834711298
0,0,28000.0,-0.097070887735034
0,0,29000.0,0.39112419345363
0,0,30000.0,0.38823056079328
0,0,31000.0,0.10341932566047
0,0,32000.0,0.074678385290408
0,0,33000.0,0.099598007358236
0,0,34000.0,0.082647187226484
0,0,35000.0,-0.58451684328596
0,0,36000.0,-0.5817799369262
0,0,37000.0,-0.56772828962304
0,0,38000.0,-0.56771423858818
0,0,39000.0,-0.5660102430175
0,0,40000.0,-0.57115982117092
0,0,41000.0,-0.61095202602964
0,0,42000.0,0.21088731732471
0,0,43000.0,0.2391685591975
0,0,44000.0,0.099436996021463
0,0,45000.0,0.18996222652843
0,0,46000.0,0.20330384866495
0,0,47000.0,0.61535574705494
0,0,48000.0,0.2444338751772
0,0,49000.0,0.17824420739171
0,0,50000.0,0.20284080188189
0,1,5000.0,0.077846740552991
0,1,6000.0,-0.63423244845852
0,1,7000.0,-0.60214207565202
0,1,8000.0,-0.59708459304029
0,1,9000.0,-0.64288708934737
0,1,10000.0,-0.42073002545091
0,1,11000.0,-0.51051695573523
0,1,12000.0,0.056788780295175
0,1,13000.0,0.36218303341558
0,1,14000.0,0.061224723444807
0,1,15000.0,0.072947432717056
0,1,16000.0,0.21879447336361
0,1,17000.0,-0.13950280390505
0,1,18000.0,0.061989967395959
0,1,19000.0,0.22845233747057
0,1,20000.0,0.37367976090505
0,1,21000.0,0.36834376335825
0,1,22000.0,0.34312864660825
0,1,23000.0,0.37595794312655
0,1,24000.0,0.3634065259417
0,1,25000.0,0.372327288449
0,1,26000.0,0.21317225658171
0,1,27000.0,0.048500791980886
0,1,28000.0,-0.1021327293884
0,1,29000.0,0.37196825846439
0,1,30000.0,0.36451729619978
0,1,31000.0,0.37055128209377
0,1,32000.0,0.35483814704659
0,1,33000.0,0.20659734828099
0,1,34000.0,0.21057456529067
0,1,35000.0,0.18401471285154
0,1,36000.0,0.21510688877545
0,1,37000.0,0.21445166402214
0,1,38000.0,0.22046916361529
0,1,39000.0,0.18600997790829
0,1,40000.0,0.22471473820305
0,1,41000.0,0.2201454904067
0,1,42000.0,0.22163025006094
0,1,43000.0,0.19189995526509
0,1,44000.0,0.22277513202292
0,1,45000.0,0.20813825647469
0,1,46000.0,0.072280988439189
0,1,47000.0,0.18468191483253
0,1,48000.0,0.37591102057963
0,1,49000.0,0.20150850923526
0,1,50000.0,0.21523564095693
0,2,5000.0,0.40202973917217
0,2,6000.0,-0.60670916280458
0,2,7000.0,-0.63755283832267
0,2,8000.0,-0.61974464860069
0,2,9000.0,-0.38084047106435
0,2,10000.0,-0.46201438633181
0,2,11000.0,-0.54278823818172
0,2,12000.0,0.38758480846307
0,2,13000.0,0.069580210202571
0,2,14000.0,0.34140964997301
0,2,15000.0,0.39735472087894
0,2,16000.0,0.36604476756414
0,2,17000.0,0.36850191557654
0,2,18000.0,0.3072121317346
0,2,19000.0,0.41399077889656
0,2,20000.0,0.40586641587047
0,2,21000.0,0.41205515175528
0,2,22000.0,0.37521190450933
0,2,23000.0,0.41809779881306
0,2,24000.0,0.40826002332297
0,2,25000.0,-0.58981210069214
0,2,26000.0,-0.60449979982449
0,2,27000.0,-0.6272184449888
0,2,28000.0,-0.5919737736049
0,2,29000.0,-0.58784744655521
0,2,30000.0,-0.59782607373239
0,2,31000.0,-0.58123219305727
0,2,32000.0,0.39846289467546
0,2,33000.0,0.41476955467045
0,2,34000.0,0.091993172417382
0,2,35000.0,0.39781362608726
0,2,36000.0,0.81091055411866
0,2,37000.0,0.39875573998449
0,2,38000.0,0.12049328356339
0,2,39000.0,0.38233299585282
0,2,40000.0,0.27627002165874
0,2,41000.0,0.41380349937764
0,2,42000.0,-0.072367540927467
0,2,43000.0,0.10639794180524
0,2,44000.0,0.41721159922762
0,2,45000.0,0.074137531496979
0,2,46000.0,0.38542592659466
0,2,47000.0,0.23306892837097
0,2,48000.0,-0.59669189902449
0,2,49000.0,-0.34876544537049
0,2,50000.0,-0.61598732640928
0,4,5000.0,0.10811544259497
0,4,6000.0,0.11111714898193
0,4,7000.0,0.058144342198595
0,4,8000.0,0.091585599737685
0,4,9000.0,0.12831581550076
0,4,10000.0,0.11992860273183
0,4,11000.0,0.10913198975887
0,4,12000.0,0.12176611683555
0,4,13000.0,0.39668715670888
0,4,14000.0,0.10026739207569
0,4,15000.0,0.099939310658739
0,4,16000.0,0.11712004776294
0,4,17000.0,0.13819027621668
0,4,18000.0,0.079801736320643
0,4,19000.0,0.12905334093104
0,4,20000.0,0.11323314177793
0,4,21000.0,0.41324579655744
0,4,22000.0,0.40025104428242
0,4,23000.0,-0.60741427657927
0,4,24000.0,-0.58862202507613
0,4,25000.0,-0.60142716192838
0,4,26000.0,-0.63498958408146
0,4,27000.0,-0.52689842184632
0,4,28000.0,-0.53549910140893
0,4,29000.0,-0.55782885860059
0,4,30000.0,-0.54217745455982
0,4,31000.0,-0.55903151814699
0,4,32000.0,0.42310736012117
0,4,33000.0,0.108252782285
0,4,34000.0,0.39359493550027
0,4,35000.0,0.27024489431744
0,4,36000.0,0.28377044649101
0,4,37000.0,0.25346651574844
0,4,38000.0,0.2783131914067
0,4,39000.0,0.27295646418953
0,4,40000.0,0.22759244744667
0,4,41000.0,0.30453645210077
0,4,42000.0,0.19999573677183
0,4,43000.0,0.27338155589514
0,4,44000.0,0.24036278912855
0,4,45000.0,0.27245451355617
0,4,46000.0,0.23196739020286
0,4,47000.0,0.27183461868187
0,4,48000.0,0.30628338991873
0,4,49000.0,-0.07976071090554
0,4,50000.0,0.27848915415151
0,5,5000.0,0.10848304503667
0,5,6000.0,0.082461261581682
0,5,7000.0,0.060340648215578
0,5,8000.0,0.12614753654946
0,5,9000.0,0.1176835374423
0,5,10000.0,0.10760253473166
0,5,11000.0,0.13573681692716
0,5,12000.0,0.11079833992813
0,5,13000.0,0.132513435162
0,5,14000.0,0.091756969624983
0,5,15000.0,0.13345460697692
0,5,16000.0,0.096288850464775
0,5,17000.0,0.11776206623043
0,5,18000.0,0.032998500381104
0,5,19000.0,0.14201726793317
0,5,20000.0,0.39394721196198
0,5,21000.0,0.1115727970088
0,5,22000.0,-0.58004761891866
0,5,23000.0,-0.52895302137828
0,5,24000.0,-0.28932770305457
0,5,25000.0,-0.5603845916001
0,5,26000.0,-0.51092064117129
0,5,27000.0,-0.54980234501786
0,5,28000.0,-0.5726809882036
0,5,29000.0,-0.52973612050417
0,5,30000.0,-0.5524287762945
0,5,31000.0,-0.55105804053262
0,5,32000.0,0.079854075876161
0,5,33000.0,0.11795560186571
0,5,34000.0,0.11192338153758
0,5,35000.0,0.097977955605986
0,5,36000.0,0.40170880458353
0,5,37000.0,0.11409680597938
0,5,38000.0,0.42010531675664
0,5,39000.0,0.4097734588772
0,5,40000.0,0.3823784837959
0,5,41000.0,0.39513114409378
0,5,42000.0,0.41688352130449
0,5,43000.0,0.37252294829379
0,5,44000.0,0.41493365711675
0,5,45000.0,0.37469567860575
0,5,46000.0,0.40053857856601
0,5,47000.0,0.27069555109641
0,5,48000.0,0.42356457249276
0,5,49000.0,0.37396374693924
0,5,50000.0,0.40487877963214
0,6,5000.0,0.43721843000499
0,6,6000.0,0.44755430009274
0,6,7000.0,0.43962473894722
0,6,8000.0,0.0022247023953191
0,6,9000.0,0.15625763347956
0,6,10000.0,0.44091186537621
0,6,11000.0,0.45234509325299
0,6,12000.0,0.16773306173803
0,6,13000.0,-0.4877589320186
0,6,14000.0,-0.5114482212838
0,6,15000.0,-0.55744915105265
0,6,16000.0,-0.54695678172163
0,6,17000.0,-0.49013214900084
0,6,18000.0,-0.56572710932288
0,6,19000.0,-0.53925691249248
0,6,20000.0,-0.54113490341124
0,6,21000.0,-0.54406127956655
0,6,22000.0,0.45388959173671
0,6,23000.0,0.46131079649702
0,6,24000.0,0.34073292038056
0,6,25000.0,0.3647498762396
0,6,26000.0,0.34479844068732
0,6,27000.0,0.15734206795597
0,6,28000.0,0.3671874140558
0,6,29000.0,0.34970678571659
0,6,30000.0,0.0098889068311295
0,6,31000.0,0.34007063758531
0,6,32000.0,0.33463397453237
0,6,33000.0,0.4612197714269
0,6,34000.0,0.31706817653739
0,6,35000.0,0.35876005401224
0,6,36000.0,0.4459360766253
0,6,37000.0,0.35975414359421
0,6,38000.0,0.34625297872158
0,6,39000.0,0.14960700709798
0,6,40000.0,0.0072003846843175
0,6,41000.0,0.35748383994662
0,6,42000.0,0.32825068623859
0,6,43000.0,0.31549786100107
0,6,44000.0,0.35197930732359
0,6,45000.0,0.32636320245149
0,6,46000.0,0.34626495570456
0,6,47000.0,0.3304611049715
0,6,48000.0,0.33261607470985
0,6,49000.0,0.34386467961291
0,6,50000.0,0.30529438252543
0,7,5000.0,0.050036992131799
0,7,6000.0,0.010294917803613
0,7,7000.0,0.043312426168771
0,7,8000.0,0.045642560170322
0,7,9000.0,0.050558786557069
0,7,10000.0,0.036789295963368
0,7,11000.0,0.058582030931682
0,7,12000.0,0.043986407990794
0,7,13000.0,0.036977933014876
0,7,14000.0,0.051998637105025
0,7,15000.0,0.052328461565134
0,7,16000.0,0.35133909487717
0,7,17000.0,0.34676799316073
0,7,18000.0,0.32400604247097
0,7,19000.0,0.35987796399811
0,7,20000.0,0.35566192589077
0,7,21000.0,0.34478720926866
0,7,22000.0,-0.16532607587724
0,7,23000.0,0.35017350044983
0,7,24000.0,0.34229093125773
0,7,25000.0,0.35420196311049
0,7,26000.0,0.34860078316346
0,7,27000.0,0.31792306957138
0,7,28000.0,0.35083891780338
0,7,29000.0,0.34868487898882
0,7,30000.0,0.31097762408324
0,7,31000.0,0.33922510596149
0,7,32000.0,0.31801450525778
0,7,33000.0,-0.14875400066318
0,7,34000.0,0.3
0,7,35000.0,0.31515392486036
0,7,36000.0,0.34187884537744
0,7,37000.0,0.3211621416154
0,7,38000.0,-0.14694782473575
0,7,39000.0,0.34318992661092
0,7,40000.0,0.34507937792813
0,7,41000.0,0.35199454975922
0,7,42000.0,0.35050972645497
0,7,43000.0,0.33633533931627
0,7,44000.0,0.35134859773394
0,7,45000.0,0.34033891188364
0,7,46000.0,0.33686975656721
0,7,47000.0,0.32767282370454
0,7,48000.0,0.2011311237251
0,7,49000.0,0.33503613093407
0,7,50000.0,0.33510389904466
0,8,5000.0,0.11024482991737
0,8,6000.0,0.10323011147118
0,8,7000.0,0.23681263684064
0,8,8000.0,0.065404837863323
0,8,9000.0,0.083089589691431
0,8,10000.0,0.10013216141621
0,8,11000.0,0.096770082163627
0,8,12000.0,0.10029289827291
0,8,13000.0,0.071805537629052
0,8,14000.0,0.093212764455483
0,8,15000.0,0.079461890831725
0,8,16000.0,0.062401348493276
0,8,17000.0,0.39203148599117
0,8,18000.0,0.054648501778867
0,8,19000.0,0.08780123042534
0,8,20000.0,0.064344716136059
0,8,21000.0,0.059616297149942
0,8,22000.0,0.37946773927594
0,8,23000.0,0.37620935572584
0,8,24000.0,0.36254577968292
0,8,25000.0,0.3822694980406
0,8,26000.0,0.36440342885549
0,8,27000.0,0.39120469356455
0,8,28000.0,0.35702159987604
0,8,29000.0,0.38961987015421
0,8,30000.0,0.37366763601351
0,8,31000.0,-0.2
0,8,32000.0,0.37367532696633
0,8,33000.0,0.37536325384103
0,8,34000.0,0.37418280999698
0,8,35000.0,0.37836024104129
0,8,36000.0,0.36569335624773
0,8,37000.0,0.36823266005901
0,8,38000.0,0.39440178487697
0,8,39000.0,0.39998765368966
0,8,40000.0,0.37248092231191
0,8,41000.0,0.37279025310963
0,8,42000.0,0.39359512819197
0,8,43000.0,0.37636975482912
0,8,44000.0,0.3893539105933
0,8,45000.0,0.35583993037944
0,8,46000.0,0.38221842362381
0,8,47000.0,0.37466396594184
0,8,48000.0,0.38279858772986
0,8,49000.0,0.34103512073467
0,8,50000.0,0.3723650600099
0,9,5000.0,0.40468809135137
0,9,6000.0,0.10321867827534
0,9,7000.0,0.06555596637246
0,9,8000.0,-0.56686014523326
0,9,9000.0,-0.54906893475325
0,9,10000.0,-0.60421918045886
0,9,11000.0,-0.53108820439938
0,9,12000.0,0.38023158168654
0,9,13000.0,0.42776848745143
0,9,14000.0,0.40329647061885
0,9,15000.0,0.41251214767155
0,9,16000.0,0.41158851404138
0,9,17000.0,0.43055744277147
0,9,18000.0,0.37969963338747
0,9,19000.0,0.43588780505884
0,9,20000.0,0.40952535782084
0,9,21000.0,0.42706796929464
0,9,22000.0,0.39477405573707
0,9,23000.0,-0.56999528198561
0,9,24000.0,-0.59610606429852
0,9,25000.0,-0.57528296728998
0,9,26000.0,-0.59413937123992
0,9,27000.0,-0.45817438585754
0,9,28000.0,-0.56687904917271
0,9,29000.0,-0.58920161704244
0,9,30000.0,-0.57986086620219
0,9,31000.0,-0.60155218901052
0,9,32000.0,0.39669877799532
0,9,33000.0,0.43277669501444
0,9,34000.0,0.3728318074101
0,9,35000.0,0.40108509393218
0,9,36000.0,0.41032618128923
0,9,37000.0,0.4230478709937
0,9,38000.0,0.37600035876892
0,9,39000.0,0.38487678968938
0,9,40000.0,0.42013144706734
0,9,41000.0,0.41104447774893
0,9,42000.0,0.39819650397458
0,9,43000.0,-0.096888585480947
0,9,44000.0,0.39934961774552
0,9,45000.0,0.37457461244897
0,9,46000.0,0.41002123128569
0,9,47000.0,0.39365853367558
0,9,48000.0,0.42315271213
0,9,49000.0,0.40033908148196
0,9,50000.0,0.33365954767434
0,10,5000.0,-0.5275734967451
0,10,6000.0,-0.55464836968008
0,10,7000.0,-0.5562279469577
0,10,8000.0,-0.60187923485087
0,10,9000.0,-0.3114147822415
0,10,10000.0,-0.59519547896242
0,10,11000.0,-0.43518527183029
0,10,12000.0,0.13457687900479
0,10,13000.0,0.27734741116444
0,10,14000.0,0.13590978022916
0,10,15000.0,0.30340508216264
0,10,16000.0,-0.046568751330112
0,10,17000.0,0.30146049202578
0,10,18000.0,0.2682664546383
0,10,19000.0,0.31685475030862
0,10,20000.0,0.29210719874534
0,10,21000.0,0.31108655915948
0,10,22000.0,0.22486154810055
0,10,23000.0,0.29966996883464
0,10,24000.0,0.30292826940423
0,10,25000.0,0.26389804841567
0,10,26000.0,0.25984669766977
0,10,27000.0,0.24839108121628
0,10,28000.0,0.24952527947905
0,10,29000.0,0.30248442833743
0,10,30000.0,0.30291359522635
0,10,31000.0,0.29072802467684
0,10,32000.0,0.26571404031593
0,10,33000.0,0.30053988926808
0,10,34000.0,0.28432638493768
0,10,35000.0,-0.33878223101157
0,10,36000.0,-0.28967978282381
0,10,37000.0,-0.313764807792
0,10,38000.0,-0.44349813023787
0,10,39000.0,-0.29147540222941
0,10,40000.0,-0.28733017455784
0,10,41000.0,-0.30176428262579
0,10,42000.0,0.28359840749394
0,10,43000.0,0.29202202878013
0,10,44000.0,0.31631693053977
0,10,45000.0,0.26988215023629
0,10,46000.0,0.25491059504878
0,10,47000.0,0.30214974431069
0,10,48000.0,0.32498432549807
0,10,49000.0,0.28290811929395
0,10,50000.0,0.31468886837748
0,11,5000.0,0.10293982111898
0,11,6000.0,0.092659471806086
0,11,7000.0,0.087963834732442
0,11,8000.0,0.11978077001448
0,11,9000.0,0.091723229666687
0,11,10000.0,0.10824763242483
0,11,11000.0,0.11719398898466
0,11,12000.0,0.1153945494255
0,11,13000.0,0.1094759380306
0,11,14000.0,0.12420594826955
0,11,15000.0,-0.065066890996135
0,11,16000.0,0.088200344034063
0,11,17000.0,0.13218980626195
0,11,18000.0,0.11926323960119
0,11,19000.0,0.39823403280779
0,11,20000.0,0.38592344179734
0,11,21000.0,0.38940373159038
0,11,22000.0,0.41206659183077
0,11,23000.0,0.41140251666161
0,11,24000.0,0.40807718275071
0,11,25000.0,0.40340786135273
0,11,26000.0,0.39346335407052
0,11,27000.0,0.41602947410181
0,11,28000.0,0.41856254979673
0,11,29000.0,0.41686331330285
0,11,30000.0,0.40298948678898
0,11,31000.0,0.37464680740993
0,11,32000.0,0.41534158054426
0,11,33000.0,0.41071957710497
0,11,34000.0,0.39694037055562
0,11,35000.0,0.39894437174986
0,11,36000.0,0.38938592180867
0,11,37000.0,0.39464748524676
0,11,38000.0,0.39326990164071
0,11,39000.0,0.41105753219381
0,11,40000.0,0.35244226066838
0,11,41000.0,0.41201526405341
0,11,42000.0,0.3755937935296
0,11,43000.0,0.38396664085316
0,11,44000.0,0.37021068512761
0,11,45000.0,0.3570870298176
0,11,46000.0,0.36366403890341
0,11,47000.0,0.37080172419772
0,11,48000.0,0.38650133605653
0,11,49000.0,0.067713172235603
0,11,50000.0,0.051227781222156
0,12,5000.0,0.091637701581356
0,12,6000.0,0.098600694787195
0,12,7000.0,0.066351849449762
0,12,8000.0,-0.58605308698166
0,12,9000.0,-0.57586393236349
0,12,10000.0,-0.57212249099778
0,12,11000.0,-0.61419313150484
0,12,12000.0,0.19693304301249
0,12,13000.0,0.23856021177474
0,12,14000.0,0.23059754901257
0,12,15000.0,0.22888210461351
0,12,16000.0,0.22177583341885
0,12,17000.0,0.26698204730487
0,12,18000.0,0.1338599414877
0,12,19000.0,0.10101549787029
0,12,20000.0,-0.14003572164534
0,12,21000.0,0.23442695582535
0,12,22000.0,0.24440466277952
0,12,23000.0,0.23116138053923
0,12,24000.0,0.21506478657501
0,12,25000.0,0.23779576840825
0,12,26000.0,0.19770707570458
0,12,27000.0,0.2608223287663
0,12,28000.0,0.24899575401091
0,12,29000.0,0.25293999374658
0,12,30000.0,0.37001249601473
0,12,31000.0,0.21903862613648
0,12,32000.0,0.24671707507522
0,12,33000.0,0.23351496663193
0,12,34000.0,0.24852202048099
0,12,35000.0,0.25169220564664
0,12,36000.0,0.23352412275713
0,12,37000.0,0.23426720100919
0,12,38000.0,0.2516189942948
0,12,39000.0,0.25570970326789
0,12,40000.0,0.19806210044392
0,12,41000.0,0.2480673001829
0,12,42000.0,0.23824173744529
0,12,43000.0,0.22376943283492
0,12,44000.0,0.23825686755455
0,12,45000.0,0.084573951035887
0,12,46000.0,0.23866235335902
0,12,47000.0,0.20816682471552
0,12,48000.0,0.23209875062849
0,12,49000.0,0.22052547632027
0,12,50000.0,0.24630692104876
0,13,5000.0,0.058832396650228
0,13,6000.0,-0.58413478235268
0,13,7000.0,-0.6062249486106
0,13,8000.0,-0.56871761931078
0,13,9000.0,-0.63087607865415
0,13,10000.0,-0.3366488580961
0,13,11000.0,-0.50495213722206
0,13,12000.0,0.11234170304247
0,13,13000.0,0.26545250206664
0,13,14000.0,0.096673520474073
0,13,15000.0,-0.087850363497893
0,13,16000.0,0.26518750798695
0,13,17000.0,0.27556130002248
0,13,18000.0,0.21258201899016
0,13,19000.0,0.27119759386112
0,13,20000.0,0.25915678362955
0,13,21000.0,0.24657095825022
0,13,22000.0,0.24570664274391
0,13,23000.0,0.25008460039993
0,13,24000.0,0.39589746623541
0,13,25000.0,0.2371355058512
0,13,26000.0,0.38335897650723
0,13,27000.0,0.26421552496731
0,13,28000.0,0.28030519314412
0,13,29000.0,0.10555581129442
0,13,30000.0,0.11549765593182
0,13,31000.0,0.087979666220523
0,13,32000.0,0.11682336651579
0,13,33000.0,0.24342062395351
0,13,34000.0,0.25480544071346
0,13,35000.0,0.26388135526743
0,13,36000.0,0.23434062639917
0,13,37000.0,0.24368546142892
0,13,38000.0,-0.075960076319094
0,13,39000.0,0.26412016424227
0,13,40000.0,0.21871445476785
0,13,41000.0,0.26642947171467
0,13,42000.0,0.21182244375246
0,13,43000.0,0.26004255004481
0,13,44000.0,0.24123119610846
0,13,45000.0,0.2254738868516
0,13,46000.0,0.24878887023279
0,13,47000.0,0.21584261229061
0,13,48000.0,0.23309023420025
0,13,49000.0,0.24162025030603
0,13,50000.0,-0.10849361693391
0,14,5000.0,0.1402197817009
0,14,6000.0,0.13401904423054
0,14,7000.0,0.090307602110119
0,14,8000.0,0.094304401130738
0,14,9000.0,0.13734150349879
0,14,10000.0,-0.54212361197375
0,14,11000.0,-0.55946237166555
0,14,12000.0,0.11676082019394
0,14,13000.0,-0.075033834054324
0,14,14000.0,0.11938100138862
0,14,15000.0,0.10548704730089
0,14,16000.0,0.77331729035237
0,14,17000.0,0.42931432619519
0,14,18000.0,0.35733328475719
0,14,19000.0,0.4171689180064
0,14,20000.0,0.38300390263323
0,14,21000.0,0.39312113688766
0,14,22000.0,0.38183849490775
0,14,23000.0,-0.59768482410215
0,14,24000.0,-0.61180058729087
0,14,25000.0,-0.60458077014166
0,14,26000.0,-0.66799537665607
0,14,27000.0,-0.59370588144372
0,14,28000.0,-0.61547335823967
0,14,29000.0,-0.61622805476875
0,14,30000.0,-0.62137128063099
0,14,31000.0,-0.67607002770341
0,14,32000.0,0.35799765988868
0,14,33000.0,0.39999097805097
0,14,34000.0,0.34294726194991
0,14,35000.0,0.3466607639509
0,14,36000.0,0.39372550161851
0,14,37000.0,0.36219830142186
0,14,38000.0,0.36665985524277
0,14,39000.0,0.39625002076318
0,14,40000.0,0.34940867426441
0,14,41000.0,0.38365293624858
0,14,42000.0,0.41762052472782
0,14,43000.0,0.37595368981626
0,14,44000.0,0.38243914396084
0,14,45000.0,0.37771111159845
0,14,46000.0,0.38992399053905
0,14,47000.0,0.39279339661768
0,14,48000.0,0.25083729516346
0,14,49000.0,0.36609436780283
0,14,50000.0,0.24857739123635
0,15,5000.0,-0.57481384015714
0,15,6000.0,-0.64477945001984
0,15,7000.0,-0.62470388794788
0,15,8000.0,-0.5783276164011
0,15,9000.0,-0.57569096454658
0,15,10000.0,-0.39347920901976
0,15,11000.0,-0.46295151897783
0,15,12000.0,0.2506081556185
0,15,13000.0,-0.073594503074766
0,15,14000.0,0.082018370872447
0,15,15000.0,0.26211401072696
0,15,16000.0,0.39655960646999
0,15,17000.0,0.25659337123271
0,15,18000.0,0.20060857271791
0,15,19000.0,0.27773840390882
0,15,20000.0,0.27502432536523
0,15,21000.0,0.25550161625238
0,15,22000.0,0.15286903471265
0,15,23000.0,0.26548083985288
0,15,24000.0,0.25202889454238
0,15,25000.0,0.25536210236429
0,15,26000.0,0.22681484423885
0,15,27000.0,0.16848125108145
0,15,28000.0,0.25333081024723
0,15,29000.0,0.25950184641638
0,15,30000.0,0.20978445752185
0,15,31000.0,0.24597916132702
0,15,32000.0,0.23594017501974
0,15,33000.0,0.23065469880457
0,15,34000.0,0.38275724611968
0,15,35000.0,-0.36269587818558
0,15,36000.0,-0.34073479481767
0,15,37000.0,-0.35595299463059
0,15,38000.0,-0.32866376460834
0,15,39000.0,-0.38646814836446
0,15,40000.0,-0.34231636508411
0,15,41000.0,-0.34046483986571
0,15,42000.0,0.25541004023808
0,15,43000.0,0.25167561796071
0,15,44000.0,-0.069745891371954
0,15,45000.0,0.24092782018961
0,15,46000.0,0.24012207552741
0,15,47000.0,0.26579431730414
0,15,48000.0,0.28097036872804
0,15,49000.0,0.25157608626659
0,15,50000.0,0.26627948120434
0,16,5000.0,0.098690957363884
0,16,6000.0,0.36952237859862
0,16,7000.0,0.044563942912986
0,16,8000.0,-0.062340826872066
0,16,9000.0,0.11315857233805
0,16,10000.0,0.1303303270744
0,16,11000.0,0.10417431092478
0,16,12000.0,0.12360014864728
0,16,13000.0,0.12151498315267
0,16,14000.0,0.074374128484018
0,16,15000.0,0.092029858143537
0,16,16000.0,0.12134129782845
0,16,17000.0,0.11543366937469
0,16,18000.0,0.095706088752616
0,16,19000.0,0.13177022948897
0,16,20000.0,0.12846317343648
0,16,21000.0,0.13439720474046
0,16,22000.0,0.13278033064868
0,16,23000.0,0.1356273540794
0,16,24000.0,0.12694599494432
0,16,25000.0,0.13523785198722
0,16,26000.0,0.12350067867389
0,16,27000.0,0.13269960533501
0,16,28000.0,0.14278722012225
0,16,29000.0,0.13143864228883
0,16,30000.0,0.14227105861711
0,16,31000.0,0.10540072690398
0,16,32000.0,0.13028629951216
0,16,33000.0,0.13810934069976
0,16,34000.0,0.13309677047903
0,16,35000.0,0.12810213980755
0,16,36000.0,0.12543473819051
0,16,37000.0,0.12821113246442
0,16,38000.0,0.13172691541275
0,16,39000.0,0.12241774056844
0,16,40000.0,0.10629979846725
0,16,41000.0,0.13668165034283
0,16,42000.0,0.1266854254848
0,16,43000.0,0.13213671788419
0,16,44000.0,0.13018105186354
0,16,45000.0,0.10317483535175
0,16,46000.0,0.12543217382739
0,16,47000.0,0.11975905583847
0,16,48000.0,0.1180138417438
0,16,49000.0,0.10788239884259
0,16,50000.0,0.12551812646646
0,17,5000.0,0.0660537571998
0,17,6000.0,0.090181543494957
0,17,7000.0,0.054588516752251
0,17,8000.0,-0.59963660322843
0,17,9000.0,-0.58486640331165
0,17,10000.0,-0.57619435524416
0,17,11000.0,-0.62052553881751
0,17,12000.0,0.2123789124371
0,17,13000.0,0.22332496094697
0,17,14000.0,0.26005591851401
0,17,15000.0,0.14641995023337
0,17,16000.0,0.2400097191879
0,17,17000.0,-0.3096982870032
0,17,18000.0,-0.3474233362341
0,17,19000.0,-0.3375441592734
0,17,20000.0,-0.40650847226832
0,17,21000.0,-0.37011443778197
0,17,22000.0,0.2776410272862
0,17,23000.0,0.26520989085761
0,17,24000.0,-0.092681564465276
0,17,25000.0,0.26897958311993
0,17,26000.0,0.093723977566523
0,17,27000.0,0.29010386378258
0,17,28000.0,-0.056445107293878
0,17,29000.0,0.28591191044325
0,17,30000.0,-0.079498258795094
0,17,31000.0,0.223999144533
0,17,32000.0,0.12057199252005
0,17,33000.0,0.28054774557847
0,17,34000.0,0.24317450989032
0,17,35000.0,0.28268884116709
0,17,36000.0,0.24782117513645
0,17,37000.0,0.27075381694659
0,17,38000.0,0.26889733265141
0,17,39000.0,0.29274856545507
0,17,40000.0,0.24585632879762
0,17,41000.0,0.26707749110498
0,17,42000.0,0.2700444546655
0,17,43000.0,0.28349821844958
0,17,44000.0,0.27667799885556
0,17,45000.0,0.27917907003237
0,17,46000.0,0.25726689725128
0,17,47000.0,0.11246186145025
0,17,48000.0,0.28370890914375
0,17,49000.0,0.10303688926604
0,17,50000.0,0.28622444898394
0,18,5000.0,0.41252139412919
0,18,6000.0,0.38646877802562
0,18,7000.0,0.35745936608773
0,18,8000.0,0.10833259818697
0,18,9000.0,0.40735602195127
0,18,10000.0,0.42723348088948
0,18,11000.0,0.41551613362358
0,18,12000.0,0.39854533516058
0,18,13000.0,0.79891724695953
0,18,14000.0,0.38722392084279
0,18,15000.0,0.39400699403497
0,18,16000.0,0.37549276525223
0,18,17000.0,0.40838898694401
0,18,18000.0,0.33618394479398
0,18,19000.0,0.43426559845002
0,18,20000.0,0.40756807587786
0,18,21000.0,0.42623482794389
0,18,22000.0,-0.054279604877142
0,18,23000.0,0.42199194498064
0,18,24000.0,0.4307285808465
0,18,25000.0,0.42539102805616
0,18,26000.0,0.41464829534442
0,18,27000.0,0.44047068598796
0,18,28000.0,0.43691788912166
0,18,29000.0,0.42336843498781
0,18,30000.0,0.43568638968527
0,18,31000.0,0.42471291442108
0,18,32000.0,0.42771501673017
0,18,33000.0,0.42263390742654
0,18,34000.0,0.42544893193296
0,18,35000.0,0.42373897574239
0,18,36000.0,0.43656772033394
0,18,37000.0,0.42458896218491
0,18,38000.0,0.42465566095358
0,18,39000.0,0.43334850115812
0,18,40000.0,0.41332625673595
0,18,41000.0,0.42825723827932
0,18,42000.0,0.41070243687567
0,18,43000.0,0.39842228900014
0,18,44000.0,0.40296319739605
0,18,45000.0,0.39394481529695
0,18,46000.0,0.41390992233516
0,18,47000.0,0.27071452299127
0,18,48000.0,0.40405946900328
0,18,49000.0,0.40015841154528
0,18,50000.0,0.37846004591372
0,19,5000.0,0.073481039913194
0,19,6000.0,0.088308640382879
0,19,7000.0,0.027669687909403
0,19,8000.0,-0.62752682099755
0,19,9000.0,-0.58386212354609
0,19,10000.0,-0.5824857218367
0,19,11000.0,-0.64090753991507
0,19,12000.0,0.19671085491491
0,19,13000.0,0.21625060920708
0,19,14000.0,0.20977009578194
0,19,15000.0,0.16810160872737
0,19,16000.0,0.20651963883393
0,19,17000.0,0.23235476474695
0,19,18000.0,0.20717465076926
0,19,19000.0,0.22984315302313
0,19,20000.0,0.15840660442488
0,19,21000.0,0.21133032729153
0,19,22000.0,0.2349919533292
0,19,23000.0,0.23123662814159
0,19,24000.0,0.18984971363569
0,19,25000.0,0.23732927156685
0,19,26000.0,0.18729238064526
0,19,27000.0,0.24292473630946
0,19,28000.0,0.20786679170333
0,19,29000.0,-0.11052973815938
0,19,30000.0,0.17141225227673
0,19,31000.0,0.20264885266032
0,19,32000.0,0.21307652753653
0,19,33000.0,0.23496310981333
0,19,34000.0,0.18509114956067
0,19,35000.0,0.23220815102214
0,19,36000.0,0.21337168743027
0,19,37000.0,0.23765016664167
0,19,38000.0,0.21115658035674
0,19,39000.0,0.24074580326101
0,19,40000.0,0.19412895450149
0,19,41000.0,0.35216887018281
0,19,42000.0,0.24063848681038
0,19,43000.0,0.19475862046046
0,19,44000.0,0.36287423301012
0,19,45000.0,0.16198910907166
0,19,46000.0,0.19875661030353
0,19,47000.0,0.20105744443691
0,19,48000.0,0.19978519962256
0,19,49000.0,0.20220323642366
0,19,50000.0,0.18618738615599
0,20,5000.0,0.063942505909463
0,20,6000.0,0.052017870359048
0,20,7000.0,0.023339266080694
0,20,8000.0,0.084037823344893
0,20,9000.0,0.079375785961531
0,20,10000.0,0.067659143691593
0,20,11000.0,0.079988299485927
0,20,12000.0,0.075809669327657
0,20,13000.0,0.084165596703615
0,20,14000.0,0.06339843926423
0,20,15000.0,0.084225743224919
0,20,16000.0,0.078704382348524
0,20,17000.0,0.088082751111355
0,20,18000.0,0.029469068481529
0,20,19000.0,0.08379663819307
0,20,20000.0,0.083544536841031
0,20,21000.0,0.088086790803288
0,20,22000.0,0.081033937908943
0,20,23000.0,0.090578831741744
0,20,24000.0,0.095040446822564
0,20,25000.0,0.37680016482016
0,20,26000.0,0.34920220287452
0,20,27000.0,0.37709263850052
0,20,28000.0,0.38595935786373
0,20,29000.0,0.39057753344167
0,20,30000.0,0.38837105382251
0,20,31000.0,0.37557613822773
0,20,32000.0,0.38860050831235
0,20,33000.0,0.37559229600153
0,20,34000.0,0.063816918489618
0,20,35000.0,0.37674199325877
0,20,36000.0,0.38001697133863
0,20,37000.0,0.38610317088896
0,20,38000.0,0.36818754206585
0,20,39000.0,0.38249967790114
0,20,40000.0,0.37181114554147
0,20,41000.0,0.37825417384974
0,20,42000.0,0.35272893960633
0,20,43000.0,0.3791658082928
0,20,44000.0,0.38280637847383
0,20,45000.0,0.37186325756466
0,20,46000.0,0.37329775209561
0,20,47000.0,0.35875686722427
0,20,48000.0,0.37998667365089
0,20,49000.0,0.37560683988476
0,20,50000.0,0.35778573984802
0,21,5000.0,0.1212716463308
0,21,6000.0,0.094942598515801
0,21,7000.0,0.079360439761104
0,21,8000.0,0.087757804755139
0,21,9000.0,-0.56110318776435
0,21,10000.0,-0.55184385777276
0,21,11000.0,-0.55058483267949
0,21,12000.0,0.12945985008706
0,21,13000.0,0.39327708333648
0,21,14000.0,0.40879990441427
0,21,15000.0,0.12886031072826
0,21,16000.0,0.39064068290017
0,21,17000.0,0.42690732153484
0,21,18000.0,-0.097998654470352
0,21,19000.0,0.4144522070957
0,21,20000.0,0.40096198536508
0,21,21000.0,0.401062229521
0,21,22000.0,0.39658808360539
0,21,23000.0,0.41658481874357
0,21,24000.0,0.40900377028784
0,21,25000.0,0.40797652911372
0,21,26000.0,0.40379683625891
0,21,27000.0,0.41911387975932
0,21,28000.0,0.40755775866924
0,21,29000.0,0.41582415654395
0,21,30000.0,0.40822558972101
0,21,31000.0,0.38891164183966
0,21,32000.0,0.41034063101217
0,21,33000.0,0.4148478631319
0,21,34000.0,0.40165301089167
0,21,35000.0,0.41296972435799
0,21,36000.0,0.41413228113033
0,21,37000.0,0.41608931766156
0,21,38000.0,0.41274397626834
0,21,39000.0,0.41633535563748
0,21,40000.0,0.38990557103912
0,21,41000.0,0.41294971380114
0,21,42000.0,0.42371595878919
0,21,43000.0,0.40963577827793
0,21,44000.0,0.39115590382808
0,21,45000.0,0.40461003226717
0,21,46000.0,0.39888497197443
0,21,47000.0,0.39075572592655
0,21,48000.0,0.4072218907622
0,21,49000.0,0.3988914270168
0,21,50000.0,0.38705008781782
0,22,5000.0,0.084439571377368
0,22,6000.0,0.079945994017909
0,22,7000.0,0.063758842807601
0,22,8000.0,0.088631973068693
0,22,9000.0,0.082009388952851
0,22,10000.0,0.090252312800007
0,22,11000.0,0.089471280217631
0,22,12000.0,0.0608869332782
0,22,13000.0,-0.57176638101469
0,22,14000.0,-0.58731462417959
0,22,15000.0,-0.61292087145274
0,22,16000.0,-0.60043094507923
0,22,17000.0,-0.55173595193578
0,22,18000.0,-0.5946785722368
0,22,19000.0,-0.58965286051011
0,22,20000.0,-0.58544473243027
0,22,21000.0,-0.56490419790841
0,22,22000.0,0.36726249933021
0,22,23000.0,0.38525771634098
0,22,24000.0,-0.62061482483108
0,22,25000.0,-0.60826694302459
0,22,26000.0,-0.67546139968488
0,22,27000.0,-0.33963338647116
0,22,28000.0,-0.50970672974641
0,22,29000.0,-0.60149911644199
0,22,30000.0,-0.5844227727849
0,22,31000.0,-0.42427254162796
0,22,32000.0,0.37865406561341
0,22,33000.0,0.10673064807663
0,22,34000.0,-0.1559826078978
0,22,35000.0,0.36484149664834
0,22,36000.0,0.086402873624999
0,22,37000.0,0.23679978377391
0,22,38000.0,0.058668335939057
0,22,39000.0,0.36268063863754
0,22,40000.0,-0.15245425896872
0,22,41000.0,0.35862452516439
0,22,42000.0,0.24063105505357
0,22,43000.0,0.31679632120198
0,22,44000.0,0.079352620480992
0,22,45000.0,0.15376518811467
0,22,46000.0,0.37909744346718
0,22,47000.0,-0.10046618351248
0,22,48000.0,0.38596466026069
0,22,49000.0,0.31285031875415
0,22,50000.0,0.20352193670135
0,23,5000.0,0.13256124731221
0,23,6000.0,0.12615056534294
0,23,7000.0,0.079248655554782
0,23,8000.0,0.079875493328141
0,23,9000.0,0.10933911024539
0,23,10000.0,0.10597141172211
0,23,11000.0,0.10304310563317
0,23,12000.0,0.089189748089494
0,23,13000.0,0.12542053331694
0,23,14000.0,0.068359129061865
0,23,15000.0,0.057001994970725
0,23,16000.0,0.065439539554836
0,23,17000.0,0.11303761459627
0,23,18000.0,0.050351456613432
0,23,19000.0,0.10808640160109
0,23,20000.0,0.075811535290214
0,23,21000.0,0.11888772701589
0,23,22000.0,0.092200711707984
0,23,23000.0,0.11792335398464
0,23,24000.0,0.11813590457538
0,23,25000.0,0.38907165828337
0,23,26000.0,0.22015415774455
0,23,27000.0,0.11146443815458
0,23,28000.0,0.10355840445137
0,23,29000.0,0.11381314948445
0,23,30000.0,0.1174739642589
0,23,31000.0,0.037542169133463
0,23,32000.0,0.063616805407173
0,23,33000.0,0.099173471153012
0,23,34000.0,0.080438887332361
0,23,35000.0,0.061267323639632
0,23,36000.0,0.10691395765577
0,23,37000.0,0.069086362839227
0,23,38000.0,0.10090451864092
0,23,39000.0,0.090402442016676
0,23,40000.0,0.36319756006704
0,23,41000.0,0.38451463220807
0,23,42000.0,0.065726397877117
0,23,43000.0,0.36865183398497
0,23,44000.0,0.074263372904961
0,23,45000.0,0.066256751489732
0,23,46000.0,0.057123829239903
0,23,47000.0,0.0721296502883
0,23,48000.0,0.099880966298655
0,23,49000.0,0.051214797837929
0,23,50000.0,0.023259715736348
0,24,5000.0,0.0059226564164175
0,24,6000.0,-0.54904745142104
0,24,7000.0,-0.55574885051287
0,24,8000.0,-0.50027688119898
0,24,9000.0,-0.51760870778721
0,24,10000.0,-0.56526626305311
0,24,11000.0,-0.55937292546367
0,24,12000.0,0.33941889662093
0,24,13000.0,0.4491203680904
0,24,14000.0,0.33446528692711
0,24,15000.0,0.43504946166853
0,24,16000.0,0.73070089560512
0,24,17000.0,0.33821722954433
0,24,18000.0,0.24354214450253
0,24,19000.0,0.33333813589278
0,24,20000.0,0.33890960035257
0,24,21000.0,0.33894740781324
0,24,22000.0,0.26444517194741
0,24,23000.0,0.44848312140113
0,24,24000.0,-0.583184026881
0,24,25000.0,-0.26803037185923
0,24,26000.0,-0.30535877342946
0,24,27000.0,-0.58625286374451
0,24,28000.0,-0.26861532759007
0,24,29000.0,-0.29097708838966
0,24,30000.0,-0.55758019947566
0,24,31000.0,-0.27613246572863
0,24,32000.0,0.297091642687
0,24,33000.0,-0.0068138406302283
0,24,34000.0,0.32173027270561
0,24,35000.0,0.31074019324116
0,24,36000.0,0.34311623379044
0,24,37000.0,0.30546180331315
0,24,38000.0,0.3156368522431
0,24,39000.0,0.33415818516831
0,24,40000.0,0.34260163161563
0,24,41000.0,0.34104575376262
0,24,42000.0,0.12618947063439
0,24,43000.0,-0.061605840943757
0,24,44000.0,-0.27447458050286
0,24,45000.0,-0.30517922738698
0,24,46000.0,-0.32978698335721
0,24,47000.0,-0.27805756135591
0,24,48000.0,-0.26674570383468
0,24,49000.0,-0.32990192176987
0,24,50000.0,-0.30330974431254
1,0,5000.0,0.08700630206593
1,0,6000.0,0.051576398746463
1,0,7000.0,0.046873664653402
1,0,8000.0,-0.51925247222595
1,0,9000.0,-0.56279825587501
1,0,10000.0,0.076051338213434
1,0,11000.0,-0.62532117272063
1,0,12000.0,0.10821951644637
1,0,13000.0,0.35778651602365
1,0,14000.0,0.35013399976308
1,0,15000.0,0.39321863658199
1,0,16000.0,0.37959501778539
1,0,17000.0,0.38140966735901
1,0,18000.0,0.39089233181445
1,0,19000.0,0.35909252971091
1,0,20000.0,0.39658187320881
1,0,21000.0,0.38147518050335
1,0,22000.0,0.37030615241775
1,0,23000.0,0.40411154826341
1,0,24000.0,0.39408099988191
1,0,25000.0,0.32079215870957
1,0,26000.0,0.40411265092402
1,0,27000.0,0.40517127616255
1,0,28000.0,0.36573731099173
1,0,29000.0,0.065016071307451
1,0,30000.0,0.38742830103585
1,0,31000.0,0.3928945528313
1,0,32000.0,0.38748082004014
1,0,33000.0,0.37651533123145
1,0,34000.0,0.39329756408367
1,0,35000.0,0.3982352526287
1,0,36000.0,0.39120963720302
1,0,37000.0,0.39615063851882
1,0,38000.0,0.39532549241559
1,0,39000.0,0.40156056677363
1,0,40000.0,0.35916188941089
1,0,41000.0,0.39748151195195
1,0,42000.0,0.39822418128744
1,0,43000.0,0.098648056544909
1,0,44000.0,0.40716273697937
1,0,45000.0,0.093435960705057
1,0,46000.0,0.38200018588477
1,0,47000.0,0.38045220891708
1,0,48000.0,0.38515358918349
1,0,49000.0,0.3829103578408
1,0,50000.0,0.39788439214516
1,1,5000.0,0.034652267683793
1,1,6000.0,0.0035701201989028
1,1,7000.0,0.0
1,1,8000.0,0.33321119688365
1,1,9000.0,0.32646831856582
1,1,10000.0,0.31044922206111
1,1,11000.0,0.31900497587046
1,1,12000.0,0.32197780959213
1,1,13000.0,0.10563543261613
1,1,14000.0,0.3
1,1,15000.0,0.33210817634578
1,1,16000.0,0.34636149170892
1,1,17000.0,0.31208520394331
1,1,18000.0,0.34042074479728
1,1,19000.0,0.31711959510264
1,1,20000.0,0.3
1,1,21000.0,0.36811926379301
1,1,22000.0,0.36696737609373
1,1,23000.0,0.35201057434738
1,1,24000.0,0.36285087006779
1,1,25000.0,0.3
1,1,26000.0,0.36574535116951
1,1,27000.0,0.34582455295001
1,1,28000.0,0.33121420159531
1,1,29000.0,0.37432798068031
1,1,30000.0,0.35935718428003
1,1,31000.0,0.36370756128057
1,1,32000.0,0.35479835045846
1,1,33000.0,0.34130128911208
1,1,34000.0,0.36293066859721
1,1,35000.0,0.3
1,1,36000.0,0.39579126716546
1,1,37000.0,0.40624509727246
1,1,38000.0,0.36309306388877
1,1,39000.0,0.37866693566954
1,1,40000.0,0.36757936593852
1,1,41000.0,0.38395743759932
1,1,42000.0,0.4070324662846
1,1,43000.0,0.33605579231032
1,1,44000.0,0.11553245875869
1,1,45000.0,0.39862643188995
1,1,46000.0,0.39250686306757
1,1,47000.0,0.36898383554497
1,1,48000.0,0.38248394296108
1,1,49000.0,0.39715998545312
1,1,50000.0,0.41168896232907
1,2,5000.0,0.44523216674536
1,2,6000.0,0.11150330614534
1,2,7000.0,0.36712907973832
1,2,8000.0,0.44420816283054
1,2,9000.0,0.13917673242152
1,2,10000.0,0.42662370717088
1,2,11000.0,0.11253388683494
1,2,12000.0,0.43488440002093
1,2,13000.0,0.42212252927035
1,2,14000.0,0.42346024536671
1,2,15000.0,0.43286214026729
1,2,16000.0,0.43127167869605
1,2,17000.0,0.43142439141848
1,2,18000.0,0.44105150798922
1,2,19000.0,0.44154634456292
1,2,20000.0,0.12929742940188
1,2,21000.0,0.13150262216064
1,2,22000.0,0.1605394139572
1,2,23000.0,0.16187022443952
1,2,24000.0,0.14759171642049
1,2,25000.0,0.12513352147795
1,2,26000.0,0.16445687016579
1,2,27000.0,0.14981992789271
1,2,28000.0,0.15619775574159
1,2,29000.0,0.14570451074753
1,2,30000.0,0.1558161444177
1,2,31000.0,0.16252067473058
1,2,32000.0,0.16366239570936
1,2,33000.0,0.14766800701392
1,2,34000.0,0.1538459008938
1,2,35000.0,0.16724081915106
1,2,36000.0,0.16381464805759
1,2,37000.0,0.14803433339822
1,2,38000.0,0.16594749628792
1,2,39000.0,0.16724081915108
1,2,40000.0,0.16381464805757
1,2,41000.0,0.12233788577764
1,2,42000.0,0.15274231799808
1,2,43000.0,0.15666635098211
1,2,44000.0,0.16555584931873
1,2,45000.0,0.12774202204298
1,2,46000.0,0.14548254458105
1,2,47000.0,0.16034243953695
1,2,48000.0,0.44268665874859
1,2,49000.0,0.4230929653498
1,2,50000.0,0.4446905692992
1,4,5000.0,0.086818128765049
1,4,6000.0,0.067793355269236
1,4,7000.0,0.065955969698985
1,4,8000.0,0.076662735784658
1,4,9000.0,0.089307256823155
1,4,10000.0,0.16672212477978
1,4,11000.0,0.086582988140503
1,4,12000.0,0.35453213412467
1,4,13000.0,0.3796728095018
1,4,14000.0,0.3467260827048
1,4,15000.0,-0.1126282755627
1,4,16000.0,0.36908755001728
1,4,17000.0,0.37710056658456
1,4,18000.0,0.38783237516174
1,4,19000.0,0.36367034167013
1,4,20000.0,0.30052371747984
1,4,21000.0,0.34737873663089
1,4,22000.0,0.38544447807941
1,4,23000.0,0.36865916509024
1,4,24000.0,0.36336188179563
1,4,25000.0,0.30680668719104
1,4,26000.0,0.38335005260592
1,4,27000.0,0.31523869288277
1,4,28000.0,0.37666068389042
1,4,29000.0,0.39060077259409
1,4,30000.0,0.36050142904908
1,4,31000.0,0.35980141115977
1,4,32000.0,0.37865210113593
1,4,33000.0,0.35499868012822
1,4,34000.0,0.3730094274843
1,4,35000.0,0.34124020521564
1,4,36000.0,0.37079539559929
1,4,37000.0,0.38117226181883
1,4,38000.0,0.36166949198441
1,4,39000.0,0.36883433397005
1,4,40000.0,0.35432935368746
1,4,41000.0,0.35703204825522
1,4,42000.0,0.36111607010793
1,4,43000.0,0.34120675528009
1,4,44000.0,0.37630228895563
1,4,45000.0,-0.11819336453515
1,4,46000.0,0.3494243847453
1,4,47000.0,0.36520177222791
1,4,48000.0,0.35286620645194
1,4,49000.0,0.34623369566702
1,4,50000.0,0.36788532032238
1,5,5000.0,0.15022050141707
1,5,6000.0,0.095211430914761
1,5,7000.0,0.1193543996782
1,5,8000.0,0.43517091731196
1,5,9000.0,0.12507738446828
1,5,10000.0,0.11988140865247
1,5,11000.0,0.11870437699579
1,5,12000.0,-0.058753737890458
1,5,13000.0,-0.03607490051777
1,5,14000.0,0.12724953468269
1,5,15000.0,0.10827505801052
1,5,16000.0,0.12983043799405
1,5,17000.0,0.13821970125615
1,5,18000.0,0.15671406573756
1,5,19000.0,0.079672932169537
1,5,20000.0,0.11328246310653
1,5,21000.0,0.099763880327114
1,5,22000.0,0.14472153554852
1,5,23000.0,0.12998257152919
1,5,24000.0,0.097670709931915
1,5,25000.0,0.22767282914618
1,5,26000.0,0.14091142699245
1,5,27000.0,0.11154012296507
1,5,28000.0,0.10456089315865
1,5,29000.0,0.13475196210867
1,5,30000.0,0.10767985032735
1,5,31000.0,0.24842295286081
1,5,32000.0,0.13065275723137
1,5,33000.0,0.11159419098601
1,5,34000.0,0.078413951168086
1,5,35000.0,0.073149608438387
1,5,36000.0,0.089855037473956
1,5,37000.0,0.14453343313893
1,5,38000.0,0.083574325390084
1,5,39000.0,0.083185581035504
1,5,40000.0,0.071462024211232
1,5,41000.0,0.05596564104782
1,5,42000.0,0.30043360235926
1,5,43000.0,0.052758929356119
1,5,44000.0,0.28689889207069
1,5,45000.0,0.065599300467303
1,5,46000.0,0.21726644999632
1,5,47000.0,0.10858076761021
1,5,48000.0,0.20330171766429
1,5,49000.0,0.12048938716267
1,5,50000.0,0.11921312254699
1,6,5000.0,0.088118838828215
1,6,6000.0,0.081076087702425
1,6,7000.0,0.054606974273312
1,6,8000.0,0.34764260367106
1,6,9000.0,0.37972198611476
1,6,10000.0,0.35697667900386
1,6,11000.0,0.3373896704246
1,6,12000.0,0.38780148777817
1,6,13000.0,0.31371069875577
1,6,14000.0,0.34024242848186
1,6,15000.0,0.36407148573757
1,6,16000.0,0.34941765442313
1,6,17000.0,0.35500289308034
1,6,18000.0,0.37356571150206
1,6,19000.0,0.34267946083254
1,6,20000.0,0.36960886962807
1,6,21000.0,0.36987412823996
1,6,22000.0,0.37553818435847
1,6,23000.0,0.38499488113454
1,6,24000.0,0.36067032052918
1,6,25000.0,0.33268048307698
1,6,26000.0,0.38492213694624
1,6,27000.0,0.3825197239936
1,6,28000.0,0.33995192019149
1,6,29000.0,0.34183712387075
1,6,30000.0,0.34348337494969
1,6,31000.0,0.36372507672003
1,6,32000.0,-0.10295777125011
1,6,33000.0,0.3527595367758
1,6,34000.0,0.33501007687704
1,6,35000.0,0.35248484245895
1,6,36000.0,0.33551454612459
1,6,37000.0,0.36729806919381
1,6,38000.0,0.34409244689652
1,6,39000.0,-0.10100578325649
1,6,40000.0,0.30421175033464
1,6,41000.0,0.34593171275235
1,6,42000.0,0.37271825972257
1,6,43000.0,0.31535645858785
1,6,44000.0,0.37261087357454
1,6,45000.0,0.33176665967927
1,6,46000.0,0.0
1,6,47000.0,0.32076653694702
1,6,48000.0,0.32349003119275
1,6,49000.0,0.045388438245957
1,6,50000.0,0.35808121200793
1,7,5000.0,0.13426891854555
1,7,6000.0,-0.55384086266715
1,7,7000.0,-0.65154488269423
1,7,8000.0,-0.54354558183436
1,7,9000.0,-0.5392304638133
1,7,10000.0,-0.60312811976909
1,7,11000.0,-0.60856651335418
1,7,12000.0,0.2914581213117
1,7,13000.0,0.26726833047743
1,7,14000.0,-0.36516077246091
1,7,15000.0,-0.34842807703434
1,7,16000.0,-0.29271351484599
1,7,17000.0,-0.32393011588157
1,7,18000.0,-0.42778826320715
1,7,19000.0,-0.37625279012693
1,7,20000.0,-0.54346750206918
1,7,21000.0,-0.2994421634639
1,7,22000.0,-0.037250404635042
1,7,23000.0,0.13002606819481
1,7,24000.0,0.26725751419321
1,7,25000.0,-0.052022654852632
1,7,26000.0,0.13942670184954
1,7,27000.0,0.2688016650384
1,7,28000.0,-0.049426061738306
1,7,29000.0,0.14491407191653
1,7,30000.0,0.30210579468507
1,7,31000.0,0.29113586410482
1,7,32000.0,-0.037727082548
1,7,33000.0,0.41612459306384
1,7,34000.0,0.1376905436614
1,7,35000.0,-0.081769752731783
1,7,36000.0,0.30683488474554
1,7,37000.0,0.30602170865671
1,7,38000.0,0.1252740372582
1,7,39000.0,0.28907862642986
1,7,40000.0,0.29731495260253
1,7,41000.0,0.28762594113014
1,7,42000.0,0.3075892700365
1,7,43000.0,-0.08490098392728
1,7,44000.0,0.30834048945565
1,7,45000.0,0.42362096234392
1,7,46000.0,0.30189802399987
1,7,47000.0,0.27555694297077
1,7,48000.0,0.1175033540785
1,7,49000.0,0.29035416913068
1,7,50000.0,0.30129437092381
1,8,5000.0,0.10890675088962
1,8,6000.0,0.074033347797329
1,8,7000.0,0.089568577776449
1,8,8000.0,0.09079908275012
1,8,9000.0,0.39070626745422
1,8,10000.0,0.10476956068656
1,8,11000.0,-0.14813872161117
1,8,12000.0,0.080296583296711
1,8,13000.0,0.062831544724322
1,8,14000.0,0.061624852187293
1,8,15000.0,0.083975730347003
1,8,16000.0,0.092538111347456
1,8,17000.0,0.078950579337912
1,8,18000.0,0.034458067258807
1,8,19000.0,0.053948363268123
1,8,20000.0,0.10210341507458
1,8,21000.0,0.35442737902345
1,8,22000.0,0.37651763449892
1,8,23000.0,0.36938140413847
1,8,24000.0,0.37150011732537
1,8,25000.0,0.38843916639668
1,8,26000.0,0.38595598366224
1,8,27000.0,-0.099607387042439
1,8,28000.0,0.3619237779806
1,8,29000.0,0.35579734413286
1,8,30000.0,0.38745242734286
1,8,31000.0,0.24262959525477
1,8,32000.0,0.36648280891815
1,8,33000.0,0.33749930828803
1,8,34000.0,0.37692535139656
1,8,35000.0,0.38167048409782
1,8,36000.0,0.32978382087667
1,8,37000.0,0.37575796071179
1,8,38000.0,0.37346350558494
1,8,39000.0,0.36382288639947
1,8,40000.0,0.37934724549063
1,8,41000.0,0.35161858505531
1,8,42000.0,0.3730526484544
1,8,43000.0,0.3764347774633
1,8,44000.0,-0.093981688061875
1,8,45000.0,0.35135132221836
1,8,46000.0,0.36288033217104
1,8,47000.0,0.36041377728879
1,8,48000.0,0.33754871933236
1,8,49000.0,0.34419335536069
1,8,50000.0,0.34957185901186
1,9,5000.0,0.15097711745903
1,9,6000.0,-0.52482089451603
1,9,7000.0,-0.56769651809714
1,9,8000.0,-0.28567567641595
1,9,9000.0,-0.49888716149717
1,9,10000.0,-0.55097786812836
1,9,11000.0,-0.43780035551852
1,9,12000.0,0.16092557941431
1,9,13000.0,0.28339140472878
1,9,14000.0,0.27773487897348
1,9,15000.0,0.34005324301207
1,9,16000.0,0.34137463696283
1,9,17000.0,0.26458056863199
1,9,18000.0,0.27740340852546
1,9,19000.0,0.40892553385001
1,9,20000.0,0.35697655491001
1,9,21000.0,0.27644226732327
1,9,22000.0,0.33042450306754
1,9,23000.0,0.31509935508653
1,9,24000.0,0.33864117427815
1,9,25000.0,0.29878937439656
1,9,26000.0,0.16301086704851
1,9,27000.0,0.34035916931437
1,9,28000.0,0.33496348154704
1,9,29000.0,0.29331399136086
1,9,30000.0,-0.008827589682769
1,9,31000.0,0.44955986170387
1,9,32000.0,0.32340194870834
1,9,33000.0,0.33556058155153
1,9,34000.0,0.33647542931257
1,9,35000.0,0.34411308064187
1,9,36000.0,0.34308018346437
1,9,37000.0,0.35261845464369
1,9,38000.0,0.33293642083561
1,9,39000.0,0.34644131803365
1,9,40000.0,0.31050714347389
1,9,41000.0,0.32037509495665
1,9,42000.0,0.34942493719446
1,9,43000.0,0.29857457471672
1,9,44000.0,0.34131926766237
1,9,45000.0,0.31011520474756
1,9,46000.0,0.32646703131584
1,9,47000.0,0.2971784629562
1,9,48000.0,0.31072466940355
1,9,49000.0,0.33255365991248
1,9,50000.0,0.33087236659936
1,10,5000.0,0.083305816259918
1,10,6000.0,0.044624540187249
1,10,7000.0,-0.62329011318336
1,10,8000.0,-0.60781839427866
1,10,9000.0,-0.58265729783764
1,10,10000.0,-0.61096908355575
1,10,11000.0,-0.60588759251731
1,10,12000.0,0.37822706860975
1,10,13000.0,0.35474382920474
1,10,14000.0,-0.12969192097876
1,10,15000.0,0.36254502366378
1,10,16000.0,0.34252016049992
1,10,17000.0,0.35814910079222
1,10,18000.0,0.35404454314552
1,10,19000.0,0.3204105256926
1,10,20000.0,0.2172978209769
1,10,21000.0,0.33213045977374
1,10,22000.0,0.33320567283586
1,10,23000.0,0.37255293619278
1,10,24000.0,0.31910510156349
1,10,25000.0,0.3
1,10,26000.0,0.38257872031416
1,10,27000.0,0.38696087349119
1,10,28000.0,0.35586898801517
1,10,29000.0,0.30606989450647
1,10,30000.0,0.34066083820264
1,10,31000.0,0.36116457077939
1,10,32000.0,0.36965911144788
1,10,33000.0,0.3749111631279
1,10,34000.0,0.33913618971864
1,10,35000.0,0.38126692045881
1,10,36000.0,0.38530105968847
1,10,37000.0,0.3937382917128
1,10,38000.0,0.34953475258214
1,10,39000.0,-0.093289536869174
1,10,40000.0,-0.1072830403771
1,10,41000.0,0.3775287400887
1,10,42000.0,0.38817754822255
1,10,43000.0,0.35470443565997
1,10,44000.0,0.39704653996259
1,10,45000.0,0.3854999743593
1,10,46000.0,0.35834400816026
1,10,47000.0,0.37310075670993
1,10,48000.0,0.38971381186337
1,10,49000.0,0.36870241230628
1,10,50000.0,0.38427956444392
1,11,5000.0,0.40852156412662
1,11,6000.0,0.36569517942906
1,11,7000.0,0.3
1,11,8000.0,0.40924776833027
1,11,9000.0,0.09132196969704
1,11,10000.0,0.37254988876124
1,11,11000.0,0.38772034090905
1,11,12000.0,0.39752931818201
1,11,13000.0,0.39718125000014
1,11,14000.0,0.38307246594142
1,11,15000.0,0.39565628405874
1,11,16000.0,0.41344465909127
1,11,17000.0,0.39690409090941
1,11,18000.0,0.41765318181852
1,11,19000.0,0.39881590909118
1,11,20000.0,0.059881439394077
1,11,21000.0,0.087211363636676
1,11,22000.0,0.13481553030342
1,11,23000.0,0.13403030303085
1,11,24000.0,0.10851856060635
1,11,25000.0,0.072470833333681
1,11,26000.0,0.1393356968421
1,11,27000.0,0.10279242424275
1,11,28000.0,0.13383371212172
1,11,29000.0,0.13653977272784
1,11,30000.0,-0.047894999999405
1,11,31000.0,0.13859507575819
1,11,32000.0,0.1418030303036
1,11,33000.0,0.1295367424248
1,11,34000.0,0.12600303030349
1,11,35000.0,0.14201212121269
1,11,36000.0,0.14041780303084
1,11,37000.0,0.12191666666711
1,11,38000.0,0.30901931818261
1,11,39000.0,0.14201212121273
1,11,40000.0,0.14041780303086
1,11,41000.0,0.12310946969748
1,11,42000.0,0.126148484849
1,11,43000.0,0.1389340909096
1,11,44000.0,0.13817007575817
1,11,45000.0,0.1248583333339
1,11,46000.0,0.12384393939443
1,11,47000.0,0.13361780303087
1,11,48000.0,0.29920454545529
1,11,49000.0,0.40591943181871
1,11,50000.0,0.42025602272774
1,12,5000.0,0.17749961733525
1,12,6000.0,-0.088833272694719
1,12,7000.0,0.086941589718075
1,12,8000.0,0.15451726174313
1,12,9000.0,0.15588842284756
1,12,10000.0,0.30391649273743
1,12,11000.0,0.15041950420187
1,12,12000.0,0.15897727587963
1,12,13000.0,0.16278901563847
1,12,14000.0,0.12367367092887
1,12,15000.0,0.14717254062799
1,12,16000.0,0.1659797371945
1,12,17000.0,-0.0091781923821492
1,12,18000.0,0.17314291464001
1,12,19000.0,0.432149980222
1,12,20000.0,0.16304167565318
1,12,21000.0,0.16817327069446
1,12,22000.0,0.17089849105368
1,12,23000.0,0.17108682015919
1,12,24000.0,0.16946131393833
1,12,25000.0,0.15972441419929
1,12,26000.0,0.17487138515198
1,12,27000.0,0.14960166940469
1,12,28000.0,0.16612839489719
1,12,29000.0,0.17514739985331
1,12,30000.0,0.15815661286652
1,12,31000.0,0.1501256137634
1,12,32000.0,0.15599968464605
1,12,33000.0,0.13363079572655
1,12,34000.0,0.16218519749188
1,12,35000.0,0.14882402520291
1,12,36000.0,0.16965637342697
1,12,37000.0,0.17297821659552
1,12,38000.0,-0.0012074279014135
1,12,39000.0,0.16649932684289
1,12,40000.0,0.16180099014831
1,12,41000.0,0.15064602644464
1,12,42000.0,0.17323141452831
1,12,43000.0,0.16218740681862
1,12,44000.0,0.17788294418477
1,12,45000.0,0.16170246177689
1,12,46000.0,0.17249755400928
1,12,47000.0,0.168280571875
1,12,48000.0,0.16963563417205
1,12,49000.0,0.16170982283598
1,12,50000.0,0.17559116337257
1,13,5000.0,0.19025524179968
1,13,6000.0,0.16641759615029
1,13,7000.0,-0.52042655772281
1,13,8000.0,-0.51206251029682
1,13,9000.0,-0.47036623054952
1,13,10000.0,-0.47315021743969
1,13,11000.0,-0.49390502047335
1,13,12000.0,0.47072414188541
1,13,13000.0,0.45687005816148
1,13,14000.0,0.44569474632789
1,13,15000.0,0.4660782487883
1,13,16000.0,0.4662820731412
1,13,17000.0,0.45567453498717
1,13,18000.0,0.457740843079
1,13,19000.0,0.44851019777664
1,13,20000.0,0.47346996593515
1,13,21000.0,0.45116093732565
1,13,22000.0,0.46586786348102
1,13,23000.0,0.46694317804008
1,13,24000.0,0.4593653935395
1,13,25000.0,0.436381342197
1,13,26000.0,0.17987233140912
1,13,27000.0,0.46975838811398
1,13,28000.0,0.45135589410924
1,13,29000.0,0.17008227948968
1,13,30000.0,0.45301884503638
1,13,31000.0,0.47139810540758
1,13,32000.0,0.44875237252345
1,13,33000.0,0.43439471008383
1,13,34000.0,0.45940228336814
1,13,35000.0,0.45530440495363
1,13,36000.0,0.16226179305411
1,13,37000.0,0.19556067756753
1,13,38000.0,0.17528847846716
1,13,39000.0,0.45931453529765
1,13,40000.0,-0.55937916656506
1,13,41000.0,-0.49730929415293
1,13,42000.0,0.4725998407765
1,13,43000.0,0.44317741545818
1,13,44000.0,0.47927349994649
1,13,45000.0,0.44700292723218
1,13,46000.0,0.43703230237836
1,13,47000.0,0.45790359846444
1,13,48000.0,0.17041216251524
1,13,49000.0,0.44243393350662
1,13,50000.0,0.17319637518617
1,14,5000.0,0.047346622361816
1,14,6000.0,0.0041484972556369
1,14,7000.0,0.70509526719073
1,14,8000.0,0.047111554351915
1,14,9000.0,0.040947564472649
1,14,10000.0,0.025117529948524
1,14,11000.0,0.035294627257729
1,14,12000.0,0.045530450420814
1,14,13000.0,0.019691648761716
1,14,14000.0,0.01056940854215
1,14,15000.0,0.035582524582193
1,14,16000.0,0.046642007867363
1,14,17000.0,0.030472743200117
1,14,18000.0,0.049061401899067
1,14,19000.0,0.007243756874072
1,14,20000.0,0.023790884064214
1,14,21000.0,0.17885349248926
1,14,22000.0,0.16319296463795
1,14,23000.0,0.037569930323172
1,14,24000.0,0.043530486260817
1,14,25000.0,0.0
1,14,26000.0,0.046570596060971
1,14,27000.0,0.029737160632125
1,14,28000.0,0.027083014296214
1,14,29000.0,0.050655586978652
1,14,30000.0,0.039596466794759
1,14,31000.0,0.15490072599954
1,14,32000.0,0.13494963113288
1,14,33000.0,0.11789821734197
1,14,34000.0,0.16892378419455
1,14,35000.0,0.13550767748267
1,14,36000.0,0.16488326592127
1,14,37000.0,-0.15478671138306
1,14,38000.0,0.1596814087081
1,14,39000.0,0.033988814951555
1,14,40000.0,0.10916983203719
1,14,41000.0,0.12283164494597
1,14,42000.0,0.14792040605096
1,14,43000.0,0.10337698828429
1,14,44000.0,0.028813048088762
1,14,45000.0,0.13375775891408
1,14,46000.0,0.13529375918692
1,14,47000.0,0.1
1,14,48000.0,0.12734062848688
1,14,49000.0,0.12810878751872
1,14,50000.0,0.032627861547004
1,15,5000.0,0.076130208747171
1,15,6000.0,-0.64334218592898
1,15,7000.0,-0.59974160175529
1,15,8000.0,-0.62483417935008
1,15,9000.0,-0.63471033551935
1,15,10000.0,-0.45804546892091
1,15,11000.0,-0.53901777591253
1,15,12000.0,0.067471634884493
1,15,13000.0,0.029902886784156
1,15,14000.0,0.13428517541399
1,15,15000.0,-0.13933922989383
1,15,16000.0,0.32094892446556
1,15,17000.0,0.064508855113253
1,15,18000.0,0.12310106875543
1,15,19000.0,-0.1755812368987
1,15,20000.0,0.047702753266634
1,15,21000.0,0.1429905579963
1,15,22000.0,0.32505130194889
1,15,23000.0,0.35520173208889
1,15,24000.0,0.32552108712867
1,15,25000.0,0.3
1,15,26000.0,0.76138893923603
1,15,27000.0,-0.65558577337637
1,15,28000.0,-0.7
1,15,29000.0,-0.7
1,15,30000.0,-0.61199269224078
1,15,31000.0,-0.59868679201274
1,15,32000.0,0.19997107936185
1,15,33000.0,0.20545703597924
1,15,34000.0,0.36978233219109
1,15,35000.0,0.21601702237173
1,15,36000.0,0.099082180850472
1,15,37000.0,0.26303351791073
1,15,38000.0,0.13946624862074
1,15,39000.0,0.62746040286611
1,15,40000.0,0.20639740500435
1,15,41000.0,0.18501524023722
1,15,42000.0,0.19397553922745
1,15,43000.0,0.18481868318559
1,15,44000.0,0.26992249675424
1,15,45000.0,0.19081119911539
1,15,46000.0,0.14086908732287
1,15,47000.0,0.20323274191488
1,15,48000.0,0.34957034153944
1,15,49000.0,0.20981421857294
1,15,50000.0,0.21420572998538
1,16,5000.0,0.12960933798645
1,16,6000.0,0.11789724423955
1,16,7000.0,-0.60229793264763
1,16,8000.0,-0.56173194675804
1,16,9000.0,-0.55419715567167
1,16,10000.0,-0.62018347825893
1,16,11000.0,-0.45358538251467
1,16,12000.0,-0.056963174797616
1,16,13000.0,0.068194868938645
1,16,14000.0,-0.09531991849456
1,16,15000.0,0.10040835126538
1,16,16000.0,-0.091411537823816
1,16,17000.0,0.10230836195186
1,16,18000.0,-0.076075788841761
1,16,19000.0,0.10479991718053
1,16,20000.0,0.2500661123866
1,16,21000.0,0.10146328246386
1,16,22000.0,-0.070170962415602
1,16,23000.0,0.4136881275002
1,16,24000.0,0.25301962173553
1,16,25000.0,0.066467508996391
1,16,26000.0,0.29403208505678
1,16,27000.0,0.2821938557455
1,16,28000.0,0.23679153694761
1,16,29000.0,0.19571104030557
1,16,30000.0,0.27977947218794
1,16,31000.0,-0.055982236823935
1,16,32000.0,0.26937585217898
1,16,33000.0,0.25546140869088
1,16,34000.0,0.28355710266269
1,16,35000.0,0.28313537879616
1,16,36000.0,0.26010152504876
1,16,37000.0,0.27041789465044
1,16,38000.0,0.24301622778026
1,16,39000.0,0.27197844603007
1,16,40000.0,0.25450257823125
1,16,41000.0,0.23481828504218
1,16,42000.0,0.27352568204686
1,16,43000.0,0.26688660629677
1,16,44000.0,0.27420196474354
1,16,45000.0,0.38999957702587
1,16,46000.0,0.23473982478795
1,16,47000.0,0.27291457189186
1,16,48000.0,0.23920455940063
1,16,49000.0,0.21668241846959
1,16,50000.0,0.24976016219471
1,17,5000.0,0.48778693965321
1,17,6000.0,0.1508407627237
1,17,7000.0,-0.51834391961412
1,17,8000.0,-0.48591847758952
1,17,9000.0,-0.47678644123743
1,17,10000.0,-0.53807600359548
1,17,11000.0,-0.24604914435169
1,17,12000.0,0.015256729749969
1,17,13000.0,0.019481979199964
1,17,14000.0,0.79164488441733
1,17,15000.0,0.00891517404912
1,17,16000.0,0.005916183942771
1,17,17000.0,0.041722881384228
1,17,18000.0,0.043752548594767
1,17,19000.0,-0.012809681072203
1,17,20000.0,0.026849941982824
1,17,21000.0,-0.01215837016027
1,17,22000.0,0.030540500501649
1,17,23000.0,0.034360554749138
1,17,24000.0,-0.014390870816935
1,17,25000.0,-0.014342348386849
1,17,26000.0,0.039015916124737
1,17,27000.0,0.0080146078031832
1,17,28000.0,0.0057520961022984
1,17,29000.0,-0.015073823586303
1,17,30000.0,0.38309873102708
1,17,31000.0,0.016336224488382
1,17,32000.0,0.016371047968284
1,17,33000.0,0.0056393176653614
1,17,34000.0,-0.0041194598154026
1,17,35000.0,0.0027501423869994
1,17,36000.0,0.026134182442199
1,17,37000.0,0.20702706940994
1,17,38000.0,-0.034942509658867
1,17,39000.0,0.040417985005502
1,17,40000.0,0.3400149126737
1,17,41000.0,0.32174069835945
1,17,42000.0,0.39984459583725
1,17,43000.0,0.32544656994003
1,17,44000.0,0.39671864383429
1,17,45000.0,0.32713254090153
1,17,46000.0,0.38422433933948
1,17,47000.0,0.36405488628282
1,17,48000.0,0.36576205145208
1,17,49000.0,0.46316803202045
1,17,50000.0,0.37639565076934
1,18,5000.0,-0.54980277078347
1,18,6000.0,-0.59279092374798
1,18,7000.0,-0.54370180812728
1,18,8000.0,-0.61971587934016
1,18,9000.0,-0.43709414155671
1,18,10000.0,-0.57805118127504
1,18,11000.0,-0.35380532843484
1,18,12000.0,0.29129051984655
1,18,13000.0,-0.091565025838461
1,18,14000.0,0.086858246992688
1,18,15000.0,0.26323565040714
1,18,16000.0,0.40279156884562
1,18,17000.0,0.25100250135798
1,18,18000.0,0.2959417962645
1,18,19000.0,0.29942897512321
1,18,20000.0,0.31902626932808
1,18,21000.0,0.28392600310512
1,18,22000.0,0.30946680842008
1,18,23000.0,0.30660150221188
1,18,24000.0,0.31156857918569
1,18,25000.0,0.30013277932197
1,18,26000.0,0.30633759405899
1,18,27000.0,0.32540133207432
1,18,28000.0,0.31499132615979
1,18,29000.0,0.30456806270196
1,18,30000.0,0.30758519251283
1,18,31000.0,0.32413399438654
1,18,32000.0,0.30905692107867
1,18,33000.0,0.31349852192744
1,18,34000.0,0.29467245564934
1,18,35000.0,0.31752123313641
1,18,36000.0,0.32402692061796
1,18,37000.0,0.33282656799782
1,18,38000.0,0.29573411118908
1,18,39000.0,0.33279805412443
1,18,40000.0,0.31272466808685
1,18,41000.0,0.30049363582158
1,18,42000.0,0.33188584845616
1,18,43000.0,0.31369175649347
1,18,44000.0,-0.01456780249859
1,18,45000.0,0.30273818576964
1,18,46000.0,0.32405197693075
1,18,47000.0,0.31376982715906
1,18,48000.0,0.31888737970701
1,18,49000.0,0.31114550831424
1,18,50000.0,0.33709278848064
1,19,5000.0,0.37946833306352
1,19,6000.0,0.081232637821593
1,19,7000.0,0.71227924065708
1,19,8000.0,-0.50677383474239
1,19,9000.0,-0.58829908440779
1,19,10000.0,-0.5897448796125
1,19,11000.0,0.029201996546151
1,19,12000.0,0.081500464855143
1,19,13000.0,0.057362029486552
1,19,14000.0,0.06424541713065
1,19,15000.0,0.077217561256037
1,19,16000.0,0.056613976938353
1,19,17000.0,0.056439307134076
1,19,18000.0,0.34884606140597
1,19,19000.0,0.3307060012842
1,19,20000.0,0.36678520924071
1,19,21000.0,0.36447039363423
1,19,22000.0,0.35297441716229
1,19,23000.0,0.36986713751542
1,19,24000.0,0.35582181764947
1,19,25000.0,0.31669307323083
1,19,26000.0,0.37266522869855
1,19,27000.0,0.37047019379316
1,19,28000.0,0.34505144766091
1,19,29000.0,0.33589554447071
1,19,30000.0,0.35556218524526
1,19,31000.0,0.36493619814714
1,19,32000.0,0.36118208139389
1,19,33000.0,-0.11711143306172
1,19,34000.0,0.3503782453567
1,19,35000.0,0.36464540856202
1,19,36000.0,0.36022614515819
1,19,37000.0,0.20838241790954
1,19,38000.0,0.33688319772492
1,19,39000.0,0.36639146810474
1,19,40000.0,-0.12873536010143
1,19,41000.0,0.34820955288794
1,19,42000.0,0.35039126036146
1,19,43000.0,0.34974985912523
1,19,44000.0,0.36267534963241
1,19,45000.0,0.33281894165924
1,19,46000.0,0.029372008483996
1,19,47000.0,0.059639351490728
1,19,48000.0,0.35112419387875
1,19,49000.0,0.34203948873511
1,19,50000.0,0.34399005006565
1,20,5000.0,0.10559060634816
1,20,6000.0,0.08463291715813
1,20,7000.0,0.046506939611356
1,20,8000.0,0.094102456274155
1,20,9000.0,-0.56095379359404
1,20,10000.0,-0.59232706275907
1,20,11000.0,-0.60189510591912
1,20,12000.0,0.10926426311861
1,20,13000.0,0.26522629938528
1,20,14000.0,0.23300673748646
1,20,15000.0,0.26232551824575
1,20,16000.0,0.26468963742041
1,20,17000.0,0.26517456048454
1,20,18000.0,0.2842881833569
1,20,19000.0,0.21356574305076
1,20,20000.0,0.22758095739958
1,20,21000.0,0.26093478363061
1,20,22000.0,0.26543402081094
1,20,23000.0,0.27484550966358
1,20,24000.0,0.27337519505439
1,20,25000.0,0.21840244455903
1,20,26000.0,0.40907251009722
1,20,27000.0,0.20345454564395
1,20,28000.0,0.22817181878585
1,20,29000.0,0.25837595783172
1,20,30000.0,0.24441604693003
1,20,31000.0,0.097508334536875
1,20,32000.0,0.37251699289079
1,20,33000.0,0.34769958611315
1,20,34000.0,0.38737945995617
1,20,35000.0,0.34535594550445
1,20,36000.0,-0.63014942849448
1,20,37000.0,-0.32770832384844
1,20,38000.0,-0.39096564002356
1,20,39000.0,-0.61465981567027
1,20,40000.0,-0.39027232232078
1,20,41000.0,-0.67329259419579
1,20,42000.0,0.62578701401126
1,20,43000.0,0.14819348197515
1,20,44000.0,0.25919015687108
1,20,45000.0,0.13365483278759
1,20,46000.0,0.1711488426488
1,20,47000.0,0.18549552479753
1,20,48000.0,0.20862031133045
1,20,49000.0,0.22851017900903
1,20,50000.0,0.23278915474871
1,21,5000.0,0.14046553862603
1,21,6000.0,0.09202136086823
1,21,7000.0,0.11410165015519
1,21,8000.0,0.30645795167806
1,21,9000.0,0.30140273061272
1,21,10000.0,0.29902794462575
1,21,11000.0,0.085703888678463
1,21,12000.0,0.12235973690368
1,21,13000.0,0.096323488349724
1,21,14000.0,-0.096762088446997
1,21,15000.0,0.11100302775212
1,21,16000.0,0.1344920825304
1,21,17000.0,0.12523460180837
1,21,18000.0,0.088855470908093
1,21,19000.0,0.11426034876633
1,21,20000.0,0.12788163073937
1,21,21000.0,0.12225616000507
1,21,22000.0,0.10333492745931
1,21,23000.0,0.12005846084683
1,21,24000.0,0.13077881495152
1,21,25000.0,0.13001199599158
1,21,26000.0,0.11920391085771
1,21,27000.0,0.1298759406062
1,21,28000.0,0.12801415983369
1,21,29000.0,0.11384890157707
1,21,30000.0,0.1409178270277
1,21,31000.0,0.13904403449902
1,21,32000.0,0.13119424806732
1,21,33000.0,0.1225914431254
1,21,34000.0,0.12842371560601
1,21,35000.0,0.13432131821981
1,21,36000.0,0.2555841378529
1,21,37000.0,0.12625656000516
1,21,38000.0,0.14114291821062
1,21,39000.0,0.1278771004578
1,21,40000.0,0.12347969702022
1,21,41000.0,0.08937266640838
1,21,42000.0,0.1348628510704
1,21,43000.0,0.11347229236087
1,21,44000.0,0.13641456278375
1,21,45000.0,0.093472831338874
1,21,46000.0,0.2817578902872
1,21,47000.0,0.12732031496894
1,21,48000.0,0.099818698029866
1,21,49000.0,0.10738968498888
1,21,50000.0,0.11327549410546
1,22,5000.0,-0.022565297358697
1,22,6000.0,-0.53766478730738
1,22,7000.0,-0.52812182896163
1,22,8000.0,-0.51527465007003
1,22,9000.0,-0.56892961317077
1,22,10000.0,-0.55964005880006
1,22,11000.0,-0.27780316343209
1,22,12000.0,0.14747131173252
1,22,13000.0,-0.038301132664501
1,22,14000.0,-0.040616738683994
1,22,15000.0,-0.020453551317634
1,22,16000.0,0.15689875624777
1,22,17000.0,0.30069365110657
1,22,18000.0,0.30747253565155
1,22,19000.0,0.31173966049345
1,22,20000.0,0.33468959921934
1,22,21000.0,0.28358813276992
1,22,22000.0,0.33189407307021
1,22,23000.0,0.33307535391027
1,22,24000.0,0.32550533367957
1,22,25000.0,0.32971577338532
1,22,26000.0,0.33944364534471
1,22,27000.0,0.33123413338714
1,22,28000.0,0.34251718386505
1,22,29000.0,0.31093375009628
1,22,30000.0,0.34451029339882
1,22,31000.0,0.33931155549586
1,22,32000.0,0.34481216491823
1,22,33000.0,0.33332612504942
1,22,34000.0,0.32981759536621
1,22,35000.0,0.32889869348333
1,22,36000.0,0.32342025691784
1,22,37000.0,0.34054909531226
1,22,38000.0,0.3366296019174
1,22,39000.0,0.32100201782847
1,22,40000.0,0.32135932060679
1,22,41000.0,-0.03024852934221
1,22,42000.0,0.31275167633583
1,22,43000.0,0.31466719243818
1,22,44000.0,0.32004907126073
1,22,45000.0,0.29986455840117
1,22,46000.0,0.32283257586865
1,22,47000.0,0.26941370840896
1,22,48000.0,0.28221932204743
1,22,49000.0,0.30026504172987
1,22,50000.0,0.42183779876625
1,23,5000.0,0.04936192475537
1,23,6000.0,-0.64306730763617
1,23,7000.0,-0.61308951015798
1,23,8000.0,-0.41439476403672
1,23,9000.0,-0.65188503240333
1,23,10000.0,-0.54092860377047
1,23,11000.0,-0.56843858548329
1,23,12000.0,0.048779889362912
1,23,13000.0,0.046332328732554
1,23,14000.0,0.14771995115369
1,23,15000.0,0.13829673194194
1,23,16000.0,0.053059737399033
1,23,17000.0,0.035594282474803
1,23,18000.0,0.14024674190485
1,23,19000.0,0.10211855760197
1,23,20000.0,0.15661382552852
1,23,21000.0,0.33979728873555
1,23,22000.0,0.13229568200995
1,23,23000.0,0.1364451045191
1,23,24000.0,0.1505334274676
1,23,25000.0,0.018771641490484
1,23,26000.0,0.12265570876084
1,23,27000.0,0.12034009474139
1,23,28000.0,0.15871819691815
1,23,29000.0,0.14341352762566
1,23,30000.0,0.13886430140997
1,23,31000.0,0.14591472109104
1,23,32000.0,0.1362955046108
1,23,33000.0,0.11025957813418
1,23,34000.0,0.10154213412078
1,23,35000.0,0.1009481870271
1,23,36000.0,0.10690705550147
1,23,37000.0,0.12751064320814
1,23,38000.0,0.13916982248008
1,23,39000.0,0.11811522787116
1,23,40000.0,0.11374283569875
1,23,41000.0,0.1
1,23,42000.0,0.15142249180761
1,23,43000.0,0.10566767650383
1,23,44000.0,0.12976787496433
1,23,45000.0,0.11816778718994
1,23,46000.0,0.11088784460912
1,23,47000.0,0.1
1,23,48000.0,0.1
1,23,49000.0,0.12177656103889
1,23,50000.0,-0.18091808878578
1,24,5000.0,0.097457156283747
1,24,6000.0,-0.60161855362666
1,24,7000.0,-0.60035138171973
1,24,8000.0,-0.34563658721709
1,24,9000.0,-0.58603999248506
1,24,10000.0,-0.60996362652149
1,24,11000.0,-0.49436513676138
1,24,12000.0,0.077389129375483
1,24,13000.0,-0.10126048553741
1,24,14000.0,0.076056291371763
1,24,15000.0,0.22488561542408
1,24,16000.0,0.090352475367224
1,24,17000.0,0.21286191103179
1,24,18000.0,0.2375079351506
1,24,19000.0,0.18642496079986
1,24,20000.0,0.25681961344787
1,24,21000.0,0.167366983315
1,24,22000.0,0.22375136584762
1,24,23000.0,0.25927606878214
1,24,24000.0,0.23812763883503
1,24,25000.0,0.21616629217034
1,24,26000.0,0.38819134913533
1,24,27000.0,0.24067136964046
1,24,28000.0,0.26457019056619
1,24,29000.0,0.26136411351051
1,24,30000.0,0.23578298128074
1,24,31000.0,0.23468507510057
1,24,32000.0,0.26557701119834
1,24,33000.0,0.24249529285988
1,24,34000.0,0.21934970852858
1,24,35000.0,0.24575460101792
1,24,36000.0,0.20268727273609
1,24,37000.0,0.25352988915831
1,24,38000.0,0.25517437337128
1,24,39000.0,0.22031787898709
1,24,40000.0,0.22068327974853
1,24,41000.0,0.23526487700971
1,24,42000.0,0.24697691635814
1,24,43000.0,0.22253548248184
1,24,44000.0,0.24131840250051
1,24,45000.0,0.22519567021352
1,24,46000.0,0.22610475810343
1,24,47000.0,0.24096901101204
1,24,48000.0,0.17681197319745
1,24,49000.0,0.24500323244127
1,24,50000.0,0.23484684568558
2,0,5000.0,0.052443102349527
2,0,6000.0,0.061938233000098
2,0,7000.0,0.041021751198175
2,0,8000.0,0.0
2,0,9000.0,0.076104338154756
2,0,10000.0,0.073725529585868
2,0,11000.0,0.069235619794538
2,0,12000.0,0.0971199374733
2,0,13000.0,0.078065756426653
2,0,14000.0,0.072075624340507
2,0,15000.0,0.11078281963668
2,0,16000.0,0.052570781950542
2,0,17000.0,0.092628625246488
2,0,18000.0,0.17402312873797
2,0,19000.0,0.054705486913239
2,0,20000.0,0.23980444389534
2,0,21000.0,0.18120531470657
2,0,22000.0,0.18235487933712
2,0,23000.0,0.24101047415844
2,0,24000.0,0.25257956424735
2,0,25000.0,0.12387397267193
2,0,26000.0,-0.18715280067219
2,0,27000.0,0.20900787734639
2,0,28000.0,-0.1066455938677
2,0,29000.0,0.18275477296779
2,0,30000.0,0.22005090580661
2,0,31000.0,0.081480553100444
2,0,32000.0,0.18327073491031
2,0,33000.0,0.23607416974277
2,0,34000.0,0.15218335993802
2,0,35000.0,0.24240428572056
2,0,36000.0,0.20133806414166
2,0,37000.0,0.24461567570557
2,0,38000.0,0.18260740557336
2,0,39000.0,0.15182839418966
2,0,40000.0,0.16712391681863
2,0,41000.0,0.1
2,0,42000.0,0.36306459975656
2,0,43000.0,0.12913366030847
2,0,44000.0,0.24901525011969
2,0,45000.0,0.18502911490809
2,0,46000.0,0.18346417257441
2,0,47000.0,0.18329290078928
2,0,48000.0,0.28055832591385
2,0,49000.0,0.12597296765755
2,0,50000.0,0.18049628226814
2,1,5000.0,0.087595760305184
2,1,6000.0,0.075704026684241
2,1,7000.0,0.058782125113477
2,1,8000.0,0.072736105678548
2,1,9000.0,0.10091406784312
2,1,10000.0,0.07410716933857
2,1,11000.0,0.099563657491703
2,1,12000.0,0.090690520232838
2,1,13000.0,0.1178295286673
2,1,14000.0,0.099844882633248
2,1,15000.0,0.12255866445383
2,1,16000.0,0.060015940441016
2,1,17000.0,0.077261967733587
2,1,18000.0,0.09380617511409
2,1,19000.0,0.11452194343802
2,1,20000.0,0.076678877177543
2,1,21000.0,0.076182122269507
2,1,22000.0,-0.062731807951003
2,1,23000.0,0.088055336325585
2,1,24000.0,0.09690860668725
2,1,25000.0,0.0094433875692898
2,1,26000.0,0.049548851779932
2,1,27000.0,0.096121658180722
2,1,28000.0,0.12097905284138
2,1,29000.0,0.075893230239312
2,1,30000.0,0.12573362959937
2,1,31000.0,0.12771112312028
2,1,32000.0,0.10684411869967
2,1,33000.0,0.10632225137639
2,1,34000.0,0.13410977314914
2,1,35000.0,0.11829983592593
2,1,36000.0,-0.028806505615559
2,1,37000.0,0.13624506705151
2,1,38000.0,0.10032781877073
2,1,39000.0,0.1325670641361
2,1,40000.0,0.12338669714667
2,1,41000.0,0.1116239858579
2,1,42000.0,0.12308712612583
2,1,43000.0,0.1233672636198
2,1,44000.0,0.13971429829851
2,1,45000.0,0.14073436803272
2,1,46000.0,0.12161425464683
2,1,47000.0,0.079489352787614
2,1,48000.0,0.1450430325621
2,1,49000.0,0.11382026408114
2,1,50000.0,0.091009029476217
2,2,5000.0,0.085172937521177
2,2,6000.0,0.06500801791067
2,2,7000.0,0.10238925571793
2,2,8000.0,0.088335761927148
2,2,9000.0,0.27627642610576
2,2,10000.0,0.12158765271541
2,2,11000.0,0.10761052586963
2,2,12000.0,0.12973212697647
2,2,13000.0,0.1228769632544
2,2,14000.0,0.11885101871427
2,2,15000.0,0.29002896831133
2,2,16000.0,0.20879662706046
2,2,17000.0,0.28596930469898
2,2,18000.0,0.23530121965883
2,2,19000.0,0.24135947596646
2,2,20000.0,0.2623147536789
2,2,21000.0,0.25587354213221
2,2,22000.0,0.27571139722626
2,2,23000.0,0.40979632560888
2,2,24000.0,0.28183651150195
2,2,25000.0,0.26170196933324
2,2,26000.0,-0.071218563875715
2,2,27000.0,0.28363571128972
2,2,28000.0,0.29678629754966
2,2,29000.0,0.25495407802128
2,2,30000.0,0.31431102378384
2,2,31000.0,-0.033359627768412
2,2,32000.0,0.24873707925397
2,2,33000.0,0.26298972337923
2,2,34000.0,0.28212829230602
2,2,35000.0,0.24223864270206
2,2,36000.0,0.41659842329281
2,2,37000.0,0.41282633968866
2,2,38000.0,0.22830232330986
2,2,39000.0,0.2291788854065
2,2,40000.0,0.28233495738945
2,2,41000.0,0.21155790230208
2,2,42000.0,0.28003776904116
2,2,43000.0,0.27817771857494
2,2,44000.0,0.28361200895155
2,2,45000.0,-0.055746482556258
2,2,46000.0,0.25019798424445
2,2,47000.0,0.1052886164562
2,2,48000.0,0.31441186507081
2,2,49000.0,0.26051560497444
2,2,50000.0,0.28714230587876
2,4,5000.0,0.075571700629167
2,4,6000.0,0.049113585124674
2,4,7000.0,0.042814620595476
2,4,8000.0,0.023529655941598
2,4,9000.0,0.063348995809504
2,4,10000.0,0.034365821581405
2,4,11000.0,0.053172436066988
2,4,12000.0,0.024653972670247
2,4,13000.0,0.06836969518439
2,4,14000.0,0.057278394186073
2,4,15000.0,0.067687815565597
2,4,16000.0,0.041555677723716
2,4,17000.0,0.33846438887478
2,4,18000.0,0.35164070833697
2,4,19000.0,0.36552696082168
2,4,20000.0,0.3397569228246
2,4,21000.0,0.33588205456864
2,4,22000.0,0.35809204311786
2,4,23000.0,0.31571907167134
2,4,24000.0,0.3263846408513
2,4,25000.0,0.3
2,4,26000.0,0.3
2,4,27000.0,0.36695693606978
2,4,28000.0,0.41385418304844
2,4,29000.0,0.36129445288152
2,4,30000.0,0.39784262725341
2,4,31000.0,0.40336603895094
2,4,32000.0,0.11527294321448
2,4,33000.0,0.4136330775679
2,4,34000.0,0.39553341110419
2,4,35000.0,0.37862482718811
2,4,36000.0,0.41788513312138
2,4,37000.0,0.41486288878349
2,4,38000.0,0.38588645224339
2,4,39000.0,0.39481939531698
2,4,40000.0,0.4082247952664
2,4,41000.0,0.40090578136857
2,4,42000.0,-0.051032647092067
2,4,43000.0,0.38278358186208
2,4,44000.0,0.41693170375665
2,4,45000.0,0.41377778195115
2,4,46000.0,0.23140930098334
2,4,47000.0,0.38245086740518
2,4,48000.0,0.40919758896501
2,4,49000.0,0.36304322823429
2,4,50000.0,0.39915418938589
2,5,5000.0,0.42334365290018
2,5,6000.0,0.41031078341493
2,5,7000.0,0.34582161761967
2,5,8000.0,0.38832016953309
2,5,9000.0,0.13599071111
2,5,10000.0,0.12408739583434
2,5,11000.0,0.3502105162994
2,5,12000.0,0.43704194652508
2,5,13000.0,0.43589625089559
2,5,14000.0,0.3959374621322
2,5,15000.0,0.4459718735545
2,5,16000.0,0.38793637565799
2,5,17000.0,0.43142563920312
2,5,18000.0,0.38636095024456
2,5,19000.0,0.41532720707198
2,5,20000.0,0.43810940315115
2,5,21000.0,0.41742668214295
2,5,22000.0,0.41595293015286
2,5,23000.0,0.42966919563254
2,5,24000.0,0.42740292160422
2,5,25000.0,0.39876906405425
2,5,26000.0,0.38406568282814
2,5,27000.0,0.39838792384162
2,5,28000.0,0.42820767583081
2,5,29000.0,0.40937961084574
2,5,30000.0,0.4381034315517
2,5,31000.0,0.32645702143824
2,5,32000.0,0.39067470780523
2,5,33000.0,0.41679776563227
2,5,34000.0,0.40930939347067
2,5,35000.0,0.1365062438705
2,5,36000.0,0.40301790067306
2,5,37000.0,0.43432319886831
2,5,38000.0,0.44033105738141
2,5,39000.0,0.42126672152705
2,5,40000.0,0.4371756506009
2,5,41000.0,0.38477352491865
2,5,42000.0,0.42155979109718
2,5,43000.0,0.41058907869124
2,5,44000.0,0.44524902462012
2,5,45000.0,0.44048415105712
2,5,46000.0,0.42991246421131
2,5,47000.0,0.40807709897974
2,5,48000.0,0.44698218845076
2,5,49000.0,0.35837242973015
2,5,50000.0,0.40799943306825
2,6,5000.0,0.11704446368104
2,6,6000.0,0.12244350673043
2,6,7000.0,0.10519831509136
2,6,8000.0,-0.049411422462004
2,6,9000.0,-0.045650394799902
2,6,10000.0,0.098757719198086
2,6,11000.0,0.11985692229238
2,6,12000.0,0.11542871719265
2,6,13000.0,-0.013823871159652
2,6,14000.0,0.076271312754971
2,6,15000.0,0.16282128733982
2,6,16000.0,0.12368097954185
2,6,17000.0,0.14781536967108
2,6,18000.0,0.11098806726339
2,6,19000.0,0.13456627545582
2,6,20000.0,0.15175936317126
2,6,21000.0,0.13610718255749
2,6,22000.0,0.10910650193482
2,6,23000.0,0.14194376270805
2,6,24000.0,0.15703952093619
2,6,25000.0,0.13989621295731
2,6,26000.0,0.07928883680455
2,6,27000.0,0.14661200568764
2,6,28000.0,0.14999634226241
2,6,29000.0,0.13653400033773
2,6,30000.0,0.1349854392162
2,6,31000.0,0.14919833627354
2,6,32000.0,0.14572518520434
2,6,33000.0,0.42051572920831
2,6,34000.0,0.11417649955749
2,6,35000.0,0.14008840479184
2,6,36000.0,0.14818365580442
2,6,37000.0,0.1586855881544
2,6,38000.0,0.13568376213926
2,6,39000.0,0.14526263803643
2,6,40000.0,0.14684757540334
2,6,41000.0,0.15146384512278
2,6,42000.0,0.14603871940011
2,6,43000.0,0.42237646311516
2,6,44000.0,0.35174051913885
2,6,45000.0,0.15423053447463
2,6,46000.0,0.13973043621412
2,6,47000.0,0.14151989197594
2,6,48000.0,0.17052931645789
2,6,49000.0,0.088748935012781
2,6,50000.0,0.15572276128681
2,7,5000.0,-0.59498277869869
2,7,6000.0,-0.59094747063234
2,7,7000.0,-0.62514613495476
2,7,8000.0,-0.35421833936701
2,7,9000.0,-0.52166823224001
2,7,10000.0,-0.58012610777481
2,7,11000.0,-0.38179243142271
2,7,12000.0,-0.11624273064064
2,7,13000.0,0.37834875223278
2,7,14000.0,0.065970866271628
2,7,15000.0,0.23169739177618
2,7,16000.0,0.32605615066501
2,7,17000.0,0.37733120837589
2,7,18000.0,0.3292049895187
2,7,19000.0,0.37536254446046
2,7,20000.0,0.39129471117822
2,7,21000.0,0.3797095158685
2,7,22000.0,0.36841878898535
2,7,23000.0,0.23859474781544
2,7,24000.0,0.38399870180584
2,7,25000.0,0.36587343576893
2,7,26000.0,0.34046091169076
2,7,27000.0,0.36872711009332
2,7,28000.0,0.38045716487074
2,7,29000.0,0.36268615365129
2,7,30000.0,0.37649094430435
2,7,31000.0,0.24551582108169
2,7,32000.0,0.38143318521982
2,7,33000.0,0.38207634542526
2,7,34000.0,0.34930881716557
2,7,35000.0,0.37740878339165
2,7,36000.0,-0.089762294355111
2,7,37000.0,0.37240163276936
2,7,38000.0,0.39198299154607
2,7,39000.0,0.38258454093552
2,7,40000.0,0.37812119606894
2,7,41000.0,0.35822915237418
2,7,42000.0,0.35635680934763
2,7,43000.0,0.37071556355366
2,7,44000.0,0.38817746208135
2,7,45000.0,0.3879708592359
2,7,46000.0,0.38235458642502
2,7,47000.0,0.36992039697143
2,7,48000.0,0.37476885811685
2,7,49000.0,0.33437285613244
2,7,50000.0,0.21111895363442
2,8,5000.0,0.088372443622354
2,8,6000.0,0.08685773885761
2,8,7000.0,0.10544396895127
2,8,8000.0,-0.55892241650681
2,8,9000.0,-0.53530146248418
2,8,10000.0,-0.55917885945471
2,8,11000.0,-0.55981642644944
2,8,12000.0,0.10777155461562
2,8,13000.0,0.15107675622713
2,8,14000.0,0.12939600576021
2,8,15000.0,0.1631386771947
2,8,16000.0,0.092838860371758
2,8,17000.0,0.43811078922625
2,8,18000.0,0.12003465743214
2,8,19000.0,0.31031661749316
2,8,20000.0,0.15639475155636
2,8,21000.0,-0.040353166140271
2,8,22000.0,0.43194926795473
2,8,23000.0,0.42461741090673
2,8,24000.0,0.15700994716807
2,8,25000.0,0.40202675858277
2,8,26000.0,0.12145982645725
2,8,27000.0,0.41417818598819
2,8,28000.0,0.14867363421133
2,8,29000.0,0.12733823291498
2,8,30000.0,0.43109522659913
2,8,31000.0,0.14303871432055
2,8,32000.0,0.43683637541101
2,8,33000.0,0.15280433724674
2,8,34000.0,0.11547884470723
2,8,35000.0,0.43634553593272
2,8,36000.0,0.17047016867959
2,8,37000.0,0.44452993360208
2,8,38000.0,0.43808540001572
2,8,39000.0,0.45179297427183
2,8,40000.0,0.42047030094733
2,8,41000.0,0.14307583930675
2,8,42000.0,0.16061145190635
2,8,43000.0,0.40987758841107
2,8,44000.0,0.45836147250211
2,8,45000.0,0.17183815499488
2,8,46000.0,0.13771945886616
2,8,47000.0,0.14683452785083
2,8,48000.0,0.46043359867318
2,8,49000.0,0.14958217603677
2,8,50000.0,0.17233960293775
2,9,5000.0,0.13614909636063
2,9,6000.0,0.40576963731534
2,9,7000.0,0.098229524659697
2,9,8000.0,0.15662059312772
2,9,9000.0,0.13175604043805
2,9,10000.0,0.32564132919581
2,9,11000.0,-0.58237990140108
2,9,12000.0,0.32381620820221
2,9,13000.0,0.335735527582
2,9,14000.0,0.28229975580483
2,9,15000.0,0.33650107812383
2,9,16000.0,0.30004500555768
2,9,17000.0,0.34125092900327
2,9,18000.0,0.31721288756235
2,9,19000.0,0.33952634233912
2,9,20000.0,0.35407516397946
2,9,21000.0,0.34721111176912
2,9,22000.0,0.34733513543516
2,9,23000.0,0.35098866592479
2,9,24000.0,0.3402230358929
2,9,25000.0,0.31778978552382
2,9,26000.0,0.33726150108143
2,9,27000.0,0.33478854434769
2,9,28000.0,0.16071212134048
2,9,29000.0,0.13968572528339
2,9,30000.0,0.45610210530205
2,9,31000.0,0.17289932566866
2,9,32000.0,0.1711899287776
2,9,33000.0,0.17077682974876
2,9,34000.0,0.16673415934393
2,9,35000.0,0.15644270059672
2,9,36000.0,0.1747834831801
2,9,37000.0,0.17366601742198
2,9,38000.0,0.17450787503344
2,9,39000.0,0.16393611027375
2,9,40000.0,0.17040538513297
2,9,41000.0,0.16986669648284
2,9,42000.0,0.16606518320618
2,9,43000.0,0.16204882085166
2,9,44000.0,0.17446026998992
2,9,45000.0,0.17448501208488
2,9,46000.0,0.17393880684887
2,9,47000.0,0.15180935182312
2,9,48000.0,0.16385749931363
2,9,49000.0,0.15884393657395
2,9,50000.0,0.16439963306551
2,10,5000.0,0.060655672805977
2,10,6000.0,0.071831851404694
2,10,7000.0,0.11232947815284
2,10,8000.0,0.37964727033792
2,10,9000.0,0.090417086730067
2,10,10000.0,0.027577604507259
2,10,11000.0,0.10037325395336
2,10,12000.0,0.12012279975922
2,10,13000.0,0.086458325567832
2,10,14000.0,0.099318575628236
2,10,15000.0,0.10934891597745
2,10,16000.0,0.20199352924967
2,10,17000.0,0.11952371415198
2,10,18000.0,0.021603726630139
2,10,19000.0,0.093144720177071
2,10,20000.0,0.25463061410303
2,10,21000.0,0.11123239486891
2,10,22000.0,0.060894687981426
2,10,23000.0,0.11765486834029
2,10,24000.0,0.095027385681279
2,10,25000.0,0.08728911401063
2,10,26000.0,0.083271726003617
2,10,27000.0,0.097183143910737
2,10,28000.0,0.09578622377095
2,10,29000.0,0.082714510421401
2,10,30000.0,0.1094374975437
2,10,31000.0,0.099201980587258
2,10,32000.0,0.11214186188743
2,10,33000.0,0.10169906628559
2,10,34000.0,0.085106617425815
2,10,35000.0,0.10408659633915
2,10,36000.0,0.11161132661171
2,10,37000.0,0.090264345693917
2,10,38000.0,0.39388192089242
2,10,39000.0,0.38000767408218
2,10,40000.0,0.39566924001042
2,10,41000.0,0.3781050036033
2,10,42000.0,0.40160744253926
2,10,43000.0,0.38159314164408
2,10,44000.0,0.39607358440441
2,10,45000.0,0.38686260115778
2,10,46000.0,0.3661896171843
2,10,47000.0,0.39253589899474
2,10,48000.0,0.40487315265151
2,10,49000.0,0.37117452322127
2,10,50000.0,0.36465615685965
2,11,5000.0,-0.081364829346069
2,11,6000.0,0.10945122547037
2,11,7000.0,0.082751258616579
2,11,8000.0,-0.56087440690917
2,11,9000.0,-0.54207028925483
2,11,10000.0,-0.55153517315549
2,11,11000.0,-0.60826972864684
2,11,12000.0,0.31791642897077
2,11,13000.0,0.2861298010533
2,11,14000.0,0.25209640178464
2,11,15000.0,0.34145683082243
2,11,16000.0,0.21301380691108
2,11,17000.0,0.31576581334287
2,11,18000.0,0.21556993622158
2,11,19000.0,0.290991244348
2,11,20000.0,0.29022611250413
2,11,21000.0,-0.091904589507792
2,11,22000.0,0.26514737614242
2,11,23000.0,-0.031943102831679
2,11,24000.0,0.33493655027332
2,11,25000.0,0.29800789446506
2,11,26000.0,0.25502778892921
2,11,27000.0,0.3121305018405
2,11,28000.0,0.31879310702637
2,11,29000.0,0.29354696568496
2,11,30000.0,0.33827906462924
2,11,31000.0,0.15955118072252
2,11,32000.0,0.23440883695762
2,11,33000.0,0.26953807246237
2,11,34000.0,0.29329392359374
2,11,35000.0,0.2955199314774
2,11,36000.0,0.33268727885583
2,11,37000.0,0.28198381442969
2,11,38000.0,0.33806427485893
2,11,39000.0,0.32538194681029
2,11,40000.0,0.27747882725083
2,11,41000.0,0.2826666689305
2,11,42000.0,0.35121833701135
2,11,43000.0,0.3116970829166
2,11,44000.0,0.45814988778312
2,11,45000.0,0.31631738619551
2,11,46000.0,0.29374372324258
2,11,47000.0,0.34302197473563
2,11,48000.0,0.34680788597985
2,11,49000.0,0.26074612808299
2,11,50000.0,0.34239639166566
2,12,5000.0,0.052120940560226
2,12,6000.0,0.040591960075441
2,12,7000.0,0.040450900302986
2,12,8000.0,-0.61947277432893
2,12,9000.0,-0.59207862525287
2,12,10000.0,-0.64949957803043
2,12,11000.0,-0.52796063271582
2,12,12000.0,0.21098890946005
2,12,13000.0,0.2323726632101
2,12,14000.0,0.21360700536802
2,12,15000.0,0.23712126688614
2,12,16000.0,0.13613975160865
2,12,17000.0,0.20217723757408
2,12,18000.0,0.16713481313852
2,12,19000.0,0.21720872044674
2,12,20000.0,0.17799501820514
2,12,21000.0,0.21560404566207
2,12,22000.0,0.22801044113806
2,12,23000.0,0.18677997447939
2,12,24000.0,0.24220445995282
2,12,25000.0,0.22170424983303
2,12,26000.0,0.18447616826792
2,12,27000.0,0.1677180788147
2,12,28000.0,0.23635371743592
2,12,29000.0,0.2088813208059
2,12,30000.0,0.24693469864323
2,12,31000.0,0.23992998597814
2,12,32000.0,0.15023633679829
2,12,33000.0,0.22292403885768
2,12,34000.0,0.2376186422864
2,12,35000.0,0.16933196797964
2,12,36000.0,0.23157632711057
2,12,37000.0,-0.35735074929986
2,12,38000.0,-0.40661319309327
2,12,39000.0,-0.35141561085013
2,12,40000.0,-0.46910758909833
2,12,41000.0,-0.39386339505358
2,12,42000.0,0.23504436149898
2,12,43000.0,0.22785786274929
2,12,44000.0,0.23615076933355
2,12,45000.0,0.23471645521859
2,12,46000.0,0.25314032472182
2,12,47000.0,0.20330026267602
2,12,48000.0,0.21021944768448
2,12,49000.0,0.19965123712365
2,12,50000.0,0.25022406587588
2,13,5000.0,0.040604817711337
2,13,6000.0,0.075957230370446
2,13,7000.0,0.058979953167663
2,13,8000.0,0.026353738110683
2,13,9000.0,0.071694821679595
2,13,10000.0,0.061672107825224
2,13,11000.0,0.083040125573016
2,13,12000.0,0.067921847692623
2,13,13000.0,0.081737291708693
2,13,14000.0,0.056834374117086
2,13,15000.0,0.095497498864698
2,13,16000.0,0.0
2,13,17000.0,0.18218427599044
2,13,18000.0,0.02115990991049
2,13,19000.0,0.1895357928514
2,13,20000.0,0.18749075978601
2,13,21000.0,0.14677836732922
2,13,22000.0,0.19936403021709
2,13,23000.0,0.084426933427805
2,13,24000.0,0.2168658254861
2,13,25000.0,0.19480534260467
2,13,26000.0,0.14513621870051
2,13,27000.0,0.15992329614265
2,13,28000.0,0.20112014522262
2,13,29000.0,0.15583568388238
2,13,30000.0,-0.13041397376579
2,13,31000.0,0.21343257242923
2,13,32000.0,0.1748705777271
2,13,33000.0,0.19586908251607
2,13,34000.0,0.11661904926618
2,13,35000.0,0.2326796845084
2,13,36000.0,0.24816986484552
2,13,37000.0,0.19767289231732
2,13,38000.0,0.17718331371848
2,13,39000.0,0.117245379
2,13,40000.0,0.13178281208027
2,13,41000.0,0.13868433804658
2,13,42000.0,0.16999116480767
2,13,43000.0,0.1806846523176
2,13,44000.0,0.22286945027532
2,13,45000.0,0.1934231717907
2,13,46000.0,0.1
2,13,47000.0,0.19983867842468
2,13,48000.0,0.27835243506079
2,13,49000.0,0.1
2,13,50000.0,0.15109544750751
2,14,5000.0,0.084155247887751
2,14,6000.0,-0.55456758091416
2,14,7000.0,-0.55902792750407
2,14,8000.0,-0.31485597297278
2,14,9000.0,-0.5398267412843
2,14,10000.0,-0.1848203889309
2,14,11000.0,-0.48413678635557
2,14,12000.0,0.092080685178754
2,14,13000.0,0.41987901826293
2,14,14000.0,0.40328894639872
2,14,15000.0,0.3902912840782
2,14,16000.0,0.32727365912999
2,14,17000.0,0.41663606629821
2,14,18000.0,0.37699781681024
2,14,19000.0,0.37256503550789
2,14,20000.0,0.41763259517807
2,14,21000.0,0.40302821297558
2,14,22000.0,0.40101670770102
2,14,23000.0,0.38255256077478
2,14,24000.0,0.41460861934077
2,14,25000.0,0.36501872474102
2,14,26000.0,0.38450765424499
2,14,27000.0,0.39214742787066
2,14,28000.0,0.40357659447089
2,14,29000.0,0.3737516334325
2,14,30000.0,0.43011579595981
2,14,31000.0,0.41410958269266
2,14,32000.0,0.40598442331518
2,14,33000.0,0.79603585987607
2,14,34000.0,-0.57665788133176
2,14,35000.0,-0.59691412021595
2,14,36000.0,-0.5710081274921
2,14,37000.0,-0.59555217902888
2,14,38000.0,-0.57684204786032
2,14,39000.0,-0.57315990545221
2,14,40000.0,-0.58050583605031
2,14,41000.0,-0.59835091618417
2,14,42000.0,0.42703561575837
2,14,43000.0,0.42396272547143
2,14,44000.0,0.42420149902699
2,14,45000.0,-0.024658485833533
2,14,46000.0,0.4270104222071
2,14,47000.0,0.41324903251158
2,14,48000.0,0.42243892776346
2,14,49000.0,0.38144115094847
2,14,50000.0,0.40368833969986
2,15,5000.0,0.10347259408475
2,15,6000.0,0.10536847549584
2,15,7000.0,0.044528859526362
2,15,8000.0,0.11022579467908
2,15,9000.0,0.10141165674727
2,15,10000.0,0.1058398934404
2,15,11000.0,0.05480687210773
2,15,12000.0,0.10991725401206
2,15,13000.0,0.26596623356044
2,15,14000.0,0.079952719975699
2,15,15000.0,0.10633813790871
2,15,16000.0,0.062395078724463
2,15,17000.0,0.10995563144627
2,15,18000.0,0.088535960471948
2,15,19000.0,0.069654271307926
2,15,20000.0,0.40520477099466
2,15,21000.0,0.09362730487293
2,15,22000.0,0.38287027322724
2,15,23000.0,0.39545313295788
2,15,24000.0,0.39685310449888
2,15,25000.0,0.37037592783404
2,15,26000.0,0.37204714275166
2,15,27000.0,-0.10258179419878
2,15,28000.0,0.38094385686275
2,15,29000.0,0.39094058538727
2,15,30000.0,0.11439228495702
2,15,31000.0,0.38642753208532
2,15,32000.0,0.38082301435348
2,15,33000.0,0.38677250958126
2,15,34000.0,0.10287884743659
2,15,35000.0,0.083372434823028
2,15,36000.0,0.066021105562288
2,15,37000.0,0.10820836062351
2,15,38000.0,0.40797975874866
2,15,39000.0,0.3964821805225
2,15,40000.0,0.38064043347186
2,15,41000.0,0.3894556015742
2,15,42000.0,0.26491724071751
2,15,43000.0,0.39319918245984
2,15,44000.0,0.41101912477967
2,15,45000.0,0.11969868414764
2,15,46000.0,0.10623584482182
2,15,47000.0,0.095958093246976
2,15,48000.0,-0.064134633994689
2,15,49000.0,0.067590382736162
2,15,50000.0,0.067149172951216
2,16,5000.0,-0.60657885710456
2,16,6000.0,-0.57029186212904
2,16,7000.0,-0.60104606175873
2,16,8000.0,-0.61579302328469
2,16,9000.0,-0.37523138300458
2,16,10000.0,-0.47991499665037
2,16,11000.0,-0.59839198148099
2,16,12000.0,0.21571330507763
2,16,13000.0,0.10120715692532
2,16,14000.0,-0.092692965661588
2,16,15000.0,0.21710698223964
2,16,16000.0,0.36155674102469
2,16,17000.0,0.25492242059879
2,16,18000.0,0.18941859957874
2,16,19000.0,0.21485176725297
2,16,20000.0,0.25094139529919
2,16,21000.0,0.23876395908711
2,16,22000.0,0.25349703870123
2,16,23000.0,-0.11192156634786
2,16,24000.0,0.22491985803344
2,16,25000.0,0.18958045559572
2,16,26000.0,0.22970574702776
2,16,27000.0,0.20608123557663
2,16,28000.0,0.22513034152076
2,16,29000.0,0.20002524692097
2,16,30000.0,0.24948005335364
2,16,31000.0,0.2359584553522
2,16,32000.0,0.23757662062795
2,16,33000.0,0.20328488525215
2,16,34000.0,0.2505124043047
2,16,35000.0,-0.10176442637437
2,16,36000.0,0.24931185362005
2,16,37000.0,0.091581150770158
2,16,38000.0,0.23312629158197
2,16,39000.0,0.24360616553427
2,16,40000.0,0.21646234472799
2,16,41000.0,0.22588034193541
2,16,42000.0,0.21651686787481
2,16,43000.0,0.22829069793725
2,16,44000.0,0.2391293322042
2,16,45000.0,0.26225145035639
2,16,46000.0,0.25044787464209
2,16,47000.0,0.16790986012926
2,16,48000.0,0.21192700861238
2,16,49000.0,0.17927289930129
2,16,50000.0,0.21898628741303
2,17,5000.0,0.78841881209507
2,17,6000.0,0.11213705391988
2,17,7000.0,0.11059481659404
2,17,8000.0,-0.55300150485927
2,17,9000.0,-0.5087734858716
2,17,10000.0,0.14847281346381
2,17,11000.0,-0.53931192768533
2,17,12000.0,0.12295034020035
2,17,13000.0,0.16172570071717
2,17,14000.0,0.15286533666609
2,17,15000.0,0.14698581944796
2,17,16000.0,0.39893592404419
2,17,17000.0,0.14874538493319
2,17,18000.0,0.13080216360142
2,17,19000.0,0.32844598955758
2,17,20000.0,0.15829252422174
2,17,21000.0,0.15010196310371
2,17,22000.0,0.15300438342967
2,17,23000.0,0.42104447621545
2,17,24000.0,0.32704454413912
2,17,25000.0,0.41230158092008
2,17,26000.0,0.41060174567209
2,17,27000.0,0.42390171047821
2,17,28000.0,0.44510422591937
2,17,29000.0,0.41184050073909
2,17,30000.0,0.45475114464489
2,17,31000.0,0.44776936337695
2,17,32000.0,0.43021880347786
2,17,33000.0,0.44345914922496
2,17,34000.0,0.45597409052883
2,17,35000.0,0.4365760738154
2,17,36000.0,0.46241568114018
2,17,37000.0,0.35579634813639
2,17,38000.0,0.41886433165727
2,17,39000.0,0.4372023067252
2,17,40000.0,0.43150176245467
2,17,41000.0,0.44943501886275
2,17,42000.0,0.44667337835031
2,17,43000.0,0.45665953971734
2,17,44000.0,0.44712614946508
2,17,45000.0,0.45387133427383
2,17,46000.0,0.45544279588405
2,17,47000.0,0.0031228051792238
2,17,48000.0,0.45944000223743
2,17,49000.0,0.45005264226623
2,17,50000.0,0.44667569927341
2,18,5000.0,0.35416994033954
2,18,6000.0,0.12664304027313
2,18,7000.0,0.10246478679516
2,18,8000.0,0.075584823359077
2,18,9000.0,0.11972217022148
2,18,10000.0,0.22641933260501
2,18,11000.0,0.098167163451805
2,18,12000.0,0.41396320429326
2,18,13000.0,0.4191014118171
2,18,14000.0,0.40561433804574
2,18,15000.0,0.4232041406518
2,18,16000.0,0.36942577819531
2,18,17000.0,0.41076416359449
2,18,18000.0,0.38380191234356
2,18,19000.0,0.39375339297898
2,18,20000.0,0.41535531983044
2,18,21000.0,0.37799779070287
2,18,22000.0,0.40376146087165
2,18,23000.0,0.40248640047829
2,18,24000.0,0.42100507047562
2,18,25000.0,0.38380425638207
2,18,26000.0,0.38202313257948
2,18,27000.0,0.36699483666448
2,18,28000.0,0.38698246856926
2,18,29000.0,0.39632149827439
2,18,30000.0,0.4049725640113
2,18,31000.0,0.38137088939895
2,18,32000.0,0.39354624461008
2,18,33000.0,0.34995461219374
2,18,34000.0,0.35346161096042
2,18,35000.0,0.38449588459782
2,18,36000.0,0.40851323702171
2,18,37000.0,0.38646085347774
2,18,38000.0,0.40403921435974
2,18,39000.0,0.39750903465247
2,18,40000.0,0.37175360062932
2,18,41000.0,0.37075492956448
2,18,42000.0,0.3813294111872
2,18,43000.0,0.18092928872718
2,18,44000.0,0.42471078756264
2,18,45000.0,0.41166344204906
2,18,46000.0,-0.2
2,18,47000.0,0.36229015652868
2,18,48000.0,0.42863451331918
2,18,49000.0,0.3
2,18,50000.0,0.37676326278334
2,19,5000.0,0.057255479111826
2,19,6000.0,0.061160543865856
2,19,7000.0,-0.11487356555873
2,19,8000.0,0.027146738577441
2,19,9000.0,0.083459801981327
2,19,10000.0,-0.11386452629547
2,19,11000.0,0.078722354161078
2,19,12000.0,0.097146629440652
2,19,13000.0,0.097063488504041
2,19,14000.0,0.057287235928982
2,19,15000.0,0.098590291630514
2,19,16000.0,0.062718907358527
2,19,17000.0,0.082482160751736
2,19,18000.0,0.034366760751393
2,19,19000.0,-0.59669998175541
2,19,20000.0,-0.56843139282213
2,19,21000.0,-0.60241814549706
2,19,22000.0,0.36244637375354
2,19,23000.0,-0.60653441591771
2,19,24000.0,-0.59899176780173
2,19,25000.0,-0.40816962942473
2,19,26000.0,-0.59785849862195
2,19,27000.0,-0.56042515088478
2,19,28000.0,-0.56249138877091
2,19,29000.0,-0.5772572374665
2,19,30000.0,-0.59258093131047
2,19,31000.0,-0.59359717752686
2,19,32000.0,-0.071218789224139
2,19,33000.0,0.22631302594809
2,19,34000.0,-0.084484586832136
2,19,35000.0,0.27618443277366
2,19,36000.0,0.27130541588864
2,19,37000.0,0.26257167189992
2,19,38000.0,0.25541376535973
2,19,39000.0,0.26592792372939
2,19,40000.0,0.26856955287264
2,19,41000.0,0.25589661896922
2,19,42000.0,0.25263475079926
2,19,43000.0,0.27170526543303
2,19,44000.0,0.28491365089831
2,19,45000.0,0.27186914696497
2,19,46000.0,0.22426244838972
2,19,47000.0,0.11572506577906
2,19,48000.0,0.27961619010276
2,19,49000.0,0.23839145352092
2,19,50000.0,0.24391855373528
2,20,5000.0,-0.09378059707944
2,20,6000.0,0.10198848787236
2,20,7000.0,0.084719264625404
2,20,8000.0,-0.57898384358045
2,20,9000.0,-0.57399571250595
2,20,10000.0,-0.57169998197876
2,20,11000.0,-0.62760975969918
2,20,12000.0,0.27759565211502
2,20,13000.0,0.25314337421184
2,20,14000.0,0.24325916097151
2,20,15000.0,0.11476125640588
2,20,16000.0,0.21320056429926
2,20,17000.0,0.25123021592963
2,20,18000.0,0.21556829254009
2,20,19000.0,0.24538462079513
2,20,20000.0,0.25765829407767
2,20,21000.0,0.24630652605152
2,20,22000.0,0.27676918112011
2,20,23000.0,0.24942475103929
2,20,24000.0,0.27483541345229
2,20,25000.0,0.23855594825958
2,20,26000.0,0.24580995228651
2,20,27000.0,0.27341499832382
2,20,28000.0,0.28907817692813
2,20,29000.0,0.2386116804504
2,20,30000.0,0.41673883907979
2,20,31000.0,0.3009877782546
2,20,32000.0,0.22816050207401
2,20,33000.0,0.28466542135145
2,20,34000.0,-0.040474087982758
2,20,35000.0,0.26018672116641
2,20,36000.0,0.31006070996319
2,20,37000.0,0.29611886240051
2,20,38000.0,0.28326646468704
2,20,39000.0,0.30868665560824
2,20,40000.0,0.29088364776148
2,20,41000.0,0.11138415629318
2,20,42000.0,-0.036766049366055
2,20,43000.0,0.13773212206626
2,20,44000.0,0.31107740399944
2,20,45000.0,0.29561345603581
2,20,46000.0,0.41445160979439
2,20,47000.0,0.29891972053362
2,20,48000.0,0.31266942426285
2,20,49000.0,0.20921989625675
2,20,50000.0,0.29549104947234
2,21,5000.0,-0.16925959383021
2,21,6000.0,0.010268912852133
2,21,7000.0,0.068651110558601
2,21,8000.0,0.063538958882561
2,21,9000.0,0.05117970306106
2,21,10000.0,0.03537824249273
2,21,11000.0,0.36820802185526
2,21,12000.0,0.37154384265304
2,21,13000.0,0.32770293564315
2,21,14000.0,0.36320447789345
2,21,15000.0,0.36297976637954
2,21,16000.0,0.34101370511755
2,21,17000.0,0.36619317561976
2,21,18000.0,0.31915260376463
2,21,19000.0,0.36136484791967
2,21,20000.0,0.35389331832159
2,21,21000.0,0.36403553318176
2,21,22000.0,0.33130408598759
2,21,23000.0,0.20021863503731
2,21,24000.0,0.35992906293218
2,21,25000.0,0.33161864649962
2,21,26000.0,0.33594211626529
2,21,27000.0,0.34717018184719
2,21,28000.0,0.35836769961931
2,21,29000.0,0.34510514992478
2,21,30000.0,0.34831747029259
2,21,31000.0,0.35446761714027
2,21,32000.0,0.32254079223584
2,21,33000.0,0.35560486844828
2,21,34000.0,0.3300516257979
2,21,35000.0,0.36648425260446
2,21,36000.0,0.36613295279522
2,21,37000.0,0.31864463733214
2,21,38000.0,0.35043705187505
2,21,39000.0,0.35398452531422
2,21,40000.0,0.32196367219967
2,21,41000.0,0.33355607397585
2,21,42000.0,0.35501136814918
2,21,43000.0,0.061554321036071
2,21,44000.0,-0.14094790815219
2,21,45000.0,0.33857402825271
2,21,46000.0,0.32087637301497
2,21,47000.0,0.33718575248989
2,21,48000.0,0.36133989435438
2,21,49000.0,0.32873820412968
2,21,50000.0,0.30665458380112
2,22,5000.0,0.098917400806049
2,22,6000.0,0.090518490382128
2,22,7000.0,0.079960105012245
2,22,8000.0,0.020561544900557
2,22,9000.0,0.11278718058292
2,22,10000.0,0.25712795860676
2,22,11000.0,0.096932846076297
2,22,12000.0,0.11333176702634
2,22,13000.0,0.10535636543659
2,22,14000.0,0.37235479060994
2,22,15000.0,0.13935114098281
2,22,16000.0,0.040731856386321
2,22,17000.0,0.12028052185346
2,22,18000.0,0.049027349873051
2,22,19000.0,0.094012522758423
2,22,20000.0,0.10543107271614
2,22,21000.0,0.10025306193347
2,22,22000.0,0.088765025150695
2,22,23000.0,0.12187760395434
2,22,24000.0,0.11781146805527
2,22,25000.0,0.12074039913896
2,22,26000.0,0.03542763416926
2,22,27000.0,0.10690207900169
2,22,28000.0,0.12406633668362
2,22,29000.0,0.085496942723561
2,22,30000.0,0.29677400743788
2,22,31000.0,0.31262120163144
2,22,32000.0,0.052163818203729
2,22,33000.0,0.27675227686698
2,22,34000.0,0.12721876179507
2,22,35000.0,0.28596714009531
2,22,36000.0,0.31365863075867
2,22,37000.0,0.41677121177303
2,22,38000.0,0.29625772590142
2,22,39000.0,0.27032625945638
2,22,40000.0,0.27584936144604
2,22,41000.0,0.40499599607269
2,22,42000.0,0.3144501806152
2,22,43000.0,0.29136184679246
2,22,44000.0,0.32376288988968
2,22,45000.0,0.30234100242721
2,22,46000.0,0.29804893944606
2,22,47000.0,0.28244685585114
2,22,48000.0,0.3045893621151
2,22,49000.0,0.2626304305828
2,22,50000.0,0.29731534929801
2,23,5000.0,-0.12793651447991
2,23,6000.0,0.066498854367828
2,23,7000.0,0.081476054294328
2,23,8000.0,0.069674868998361
2,23,9000.0,0.073773898723644
2,23,10000.0,0.050764211685136
2,23,11000.0,0.089973976352805
2,23,12000.0,0.10363116844497
2,23,13000.0,0.064858056102882
2,23,14000.0,0.080576905361442
2,23,15000.0,0.094181866326695
2,23,16000.0,-0.11986400314768
2,23,17000.0,0.085975703653424
2,23,18000.0,0.065837414373205
2,23,19000.0,0.091038740149964
2,23,20000.0,0.086875427557521
2,23,21000.0,0.079663986943564
2,23,22000.0,0.056848980640588
2,23,23000.0,0.10037224976918
2,23,24000.0,0.099965262657883
2,23,25000.0,0.064195379488177
2,23,26000.0,0.047366218626338
2,23,27000.0,0.095874732481155
2,23,28000.0,0.097126312378223
2,23,29000.0,0.077357933591753
2,23,30000.0,0.066193146521938
2,23,31000.0,0.094861630682164
2,23,32000.0,0.36851432777185
2,23,33000.0,0.38477379509496
2,23,34000.0,0.34344198423805
2,23,35000.0,0.38627517586993
2,23,36000.0,0.10148487927383
2,23,37000.0,0.35013300061318
2,23,38000.0,0.36134905772068
2,23,39000.0,0.380407430683
2,23,40000.0,0.36132283543209
2,23,41000.0,0.36774197177723
2,23,42000.0,0.38215670771463
2,23,43000.0,0.359872640189
2,23,44000.0,0.3762629401415
2,23,45000.0,0.385832910071
2,23,46000.0,0.35419966969217
2,23,47000.0,0.36104707720294
2,23,48000.0,0.3888930448922
2,23,49000.0,0.36701205428849
2,23,50000.0,0.3499386541393
2,24,5000.0,-0.61151031202881
2,24,6000.0,-0.60052416773425
2,24,7000.0,-0.64589582327535
2,24,8000.0,-0.45160277978501
2,24,9000.0,-0.51710188869318
2,24,10000.0,-0.59233120149391
2,24,11000.0,-0.58840519361415
2,24,12000.0,0.23517940779273
2,24,13000.0,-0.11741089056691
2,24,14000.0,0.082275785100477
2,24,15000.0,0.37437950960941
2,24,16000.0,0.18680883944137
2,24,17000.0,0.22552289629346
2,24,18000.0,0.15391070242118
2,24,19000.0,0.21506116426759
2,24,20000.0,0.22324587835347
2,24,21000.0,0.20132179240692
2,24,22000.0,0.19703899336672
2,24,23000.0,0.23574143977591
2,24,24000.0,0.22481966557475
2,24,25000.0,0.16118924156499
2,24,26000.0,0.19643346235727
2,24,27000.0,0.069905224812002
2,24,28000.0,0.22455428801149
2,24,29000.0,0.1958958487767
2,24,30000.0,0.083565511206587
2,24,31000.0,0.22190230107634
2,24,32000.0,0.21941826614832
2,24,33000.0,0.2285920278556
2,24,34000.0,0.1853794488118
2,24,35000.0,0.23693484255104
2,24,36000.0,0.23846869337416
2,24,37000.0,0.20488136169288
2,24,38000.0,0.21484272245345
2,24,39000.0,0.22197445930029
2,24,40000.0,0.21487507673707
2,24,41000.0,0.21878567715904
2,24,42000.0,0.22561435658317
2,24,43000.0,0.22080473391415
2,24,44000.0,0.22621455907931
2,24,45000.0,0.22513352769491
2,24,46000.0,0.04725414938186
2,24,47000.0,0.36535163441964
2,24,48000.0,0.22852467179736
2,24,49000.0,0.19468310231748
2,24,50000.0,0.20563294859701
3,0,5000.0,0.14172197985079
3,0,6000.0,0.099921588454305
3,0,7000.0,0.027036713685867
3,0,8000.0,0.13576068569572
3,0,9000.0,-0.0490424731571
3,0,10000.0,0.071737214528354
3,0,11000.0,0.069053298015888
3,0,12000.0,0.1208730514368
3,0,13000.0,0.14097337627074
3,0,14000.0,0.040297765071262
3,0,15000.0,-0.12610555331105
3,0,16000.0,0.1363496493072
3,0,17000.0,0.11344598625944
3,0,18000.0,0.12426289235518
3,0,19000.0,0.12520509033176
3,0,20000.0,0.098245705419483
3,0,21000.0,-0.080462272309138
3,0,22000.0,0.1263278344992
3,0,23000.0,-0.061010624941954
3,0,24000.0,0.088618090204342
3,0,25000.0,0.43195607343615
3,0,26000.0,0.14488302810322
3,0,27000.0,-0.61779712707223
3,0,28000.0,-0.53411803859339
3,0,29000.0,-0.57059989186062
3,0,30000.0,-0.54932036263225
3,0,31000.0,-0.5458946764057
3,0,32000.0,0.097134801669747
3,0,33000.0,0.39975132537706
3,0,34000.0,0.41838905431425
3,0,35000.0,0.41725611767593
3,0,36000.0,0.4248982157517
3,0,37000.0,0.38138894202698
3,0,38000.0,0.4144674369117
3,0,39000.0,0.41570040862884
3,0,40000.0,0.39881924404146
3,0,41000.0,0.38548495148331
3,0,42000.0,0.41258670875832
3,0,43000.0,0.42128705341881
3,0,44000.0,0.42299643613843
3,0,45000.0,0.40194427264928
3,0,46000.0,0.40510248682902
3,0,47000.0,0.38862372776873
3,0,48000.0,0.42383824658124
3,0,49000.0,0.12098554673862
3,0,50000.0,0.39516839423114
3,1,5000.0,0.14621143813424
3,1,6000.0,0.13343638165198
3,1,7000.0,0.14910242773738
3,1,8000.0,0.17272753219062
3,1,9000.0,0.15780982216445
3,1,10000.0,0.34676460885262
3,1,11000.0,0.14199603845904
3,1,12000.0,0.15441061720433
3,1,13000.0,0.16917536416764
3,1,14000.0,0.15513966469475
3,1,15000.0,0.15936575528069
3,1,16000.0,0.16260919661424
3,1,17000.0,0.16541504701715
3,1,18000.0,0.16157413022924
3,1,19000.0,0.17189681693846
3,1,20000.0,0.15703763959612
3,1,21000.0,0.15560922766269
3,1,22000.0,0.16923992906735
3,1,23000.0,0.17358118863582
3,1,24000.0,-0.01097164547181
3,1,25000.0,0.16246139658874
3,1,26000.0,0.16668722854196
3,1,27000.0,0.1556464115363
3,1,28000.0,0.16932979365854
3,1,29000.0,0.16530378902591
3,1,30000.0,0.14711059937716
3,1,31000.0,0.16948332847612
3,1,32000.0,0.16061307465574
3,1,33000.0,0.15433999228503
3,1,34000.0,0.1614211494205
3,1,35000.0,0.18307141070542
3,1,36000.0,0.12570592528825
3,1,37000.0,0.13747264875961
3,1,38000.0,0.1666786002954
3,1,39000.0,0.18013638117248
3,1,40000.0,0.18082543934057
3,1,41000.0,0.15251077873498
3,1,42000.0,0.17042290610764
3,1,43000.0,0.17816211747694
3,1,44000.0,0.16955144198945
3,1,45000.0,0.17473337715193
3,1,46000.0,0.17989126419475
3,1,47000.0,0.13838416525136
3,1,48000.0,0.17310940474032
3,1,49000.0,0.15352004973149
3,1,50000.0,0.15790403949971
3,2,5000.0,0.074787509519851
3,2,6000.0,0.054591795301432
3,2,7000.0,0.016260555688017
3,2,8000.0,0.084176337360149
3,2,9000.0,0.058821888049033
3,2,10000.0,0.036401903109342
3,2,11000.0,0.051822060901495
3,2,12000.0,0.089064214610361
3,2,13000.0,0.09448989478156
3,2,14000.0,0.039593227119063
3,2,15000.0,0.097404537852197
3,2,16000.0,0.3643271034126
3,2,17000.0,0.38126210331219
3,2,18000.0,0.33222952955257
3,2,19000.0,0.36370951348263
3,2,20000.0,0.36785740178358
3,2,21000.0,0.37604380702474
3,2,22000.0,0.32982323154562
3,2,23000.0,0.37735002698742
3,2,24000.0,0.35049610176432
3,2,25000.0,0.37419154988777
3,2,26000.0,0.36484930913082
3,2,27000.0,-0.65261704865621
3,2,28000.0,-0.44782881538556
3,2,29000.0,-0.62281241034413
3,2,30000.0,-0.62810255670768
3,2,31000.0,-0.66289227700132
3,2,32000.0,0.38255694462116
3,2,33000.0,0.36083900609423
3,2,34000.0,0.36990878537678
3,2,35000.0,0.37076489338565
3,2,36000.0,0.35657508756972
3,2,37000.0,0.35436423127193
3,2,38000.0,0.36673175835813
3,2,39000.0,0.36703599996614
3,2,40000.0,0.35189622904215
3,2,41000.0,0.34155449328418
3,2,42000.0,0.36956526536175
3,2,43000.0,0.35884008583932
3,2,44000.0,0.34370035837515
3,2,45000.0,0.31448303513224
3,2,46000.0,0.36508603838843
3,2,47000.0,0.31224602627887
3,2,48000.0,0.34670193088205
3,2,49000.0,-0.69187902324481
3,2,50000.0,-0.67169148973689
3,4,5000.0,0.13200849648466
3,4,6000.0,0.054892229325667
3,4,7000.0,0.0
3,4,8000.0,0.17830367171893
3,4,9000.0,0.1606374072927
3,4,10000.0,0.13841830619665
3,4,11000.0,0.055641510646834
3,4,12000.0,0.16611261839132
3,4,13000.0,0.1760908982142
3,4,14000.0,0.083817125277351
3,4,15000.0,0.14392085379345
3,4,16000.0,0.15796770863072
3,4,17000.0,0.1475821470027
3,4,18000.0,0.4049296038295
3,4,19000.0,0.14426633522437
3,4,20000.0,0.15105986739301
3,4,21000.0,0.14435503268101
3,4,22000.0,0.12952629710734
3,4,23000.0,0.17669516073655
3,4,24000.0,-0.52658484869225
3,4,25000.0,-0.50060081705879
3,4,26000.0,-0.51208668169844
3,4,27000.0,-0.57392371680995
3,4,28000.0,-0.50020291445109
3,4,29000.0,-0.5354735511266
3,4,30000.0,-0.52771749245623
3,4,31000.0,-0.5348106730101
3,4,32000.0,0.44201386829043
3,4,33000.0,0.13995256147782
3,4,34000.0,0.43843593671541
3,4,35000.0,0.44198062161348
3,4,36000.0,0.44830491979004
3,4,37000.0,0.41838224239873
3,4,38000.0,0.43616219087627
3,4,39000.0,0.4467995400657
3,4,40000.0,0.45020852505843
3,4,41000.0,0.42781646937117
3,4,42000.0,0.43204450221979
3,4,43000.0,0.45937076576231
3,4,44000.0,0.44743102962683
3,4,45000.0,0.44072901980196
3,4,46000.0,0.43727319842357
3,4,47000.0,0.4035725002189
3,4,48000.0,0.83949466746489
3,4,49000.0,0.43042607454189
3,4,50000.0,-0.58658250865652
3,5,5000.0,0.14192191369008
3,5,6000.0,-0.55309350826093
3,5,7000.0,-0.60857382816967
3,5,8000.0,-0.51212519882937
3,5,9000.0,-0.5665394359489
3,5,10000.0,-0.36072104011898
3,5,11000.0,-0.46707933272785
3,5,12000.0,0.15015265547794
3,5,13000.0,0.14605452513948
3,5,14000.0,0.38892455908394
3,5,15000.0,0.15025801255963
3,5,16000.0,0.33401469151454
3,5,17000.0,0.13497606748073
3,5,18000.0,-0.038437202726966
3,5,19000.0,0.31557789475716
3,5,20000.0,0.3254491416242
3,5,21000.0,0.26781263750164
3,5,22000.0,0.29751167992111
3,5,23000.0,0.30836781475903
3,5,24000.0,-0.3271539635533
3,5,25000.0,-0.30531438827244
3,5,26000.0,-0.32512800003517
3,5,27000.0,-0.32526317738134
3,5,28000.0,-0.29824662717672
3,5,29000.0,-0.34455802150511
3,5,30000.0,-0.30579081806674
3,5,31000.0,-0.54774598959095
3,5,32000.0,-0.039801960085147
3,5,33000.0,0.1426746416933
3,5,34000.0,0.30250017742349
3,5,35000.0,0.28390192684028
3,5,36000.0,0.42928456022447
3,5,37000.0,0.37674771844499
3,5,38000.0,0.43263449265485
3,5,39000.0,0.39180111996724
3,5,40000.0,0.28698154365188
3,5,41000.0,-0.052807500761299
3,5,42000.0,0.41863851510147
3,5,43000.0,-0.020402003986015
3,5,44000.0,0.41473671131434
3,5,45000.0,0.41238542906487
3,5,46000.0,0.42219126415287
3,5,47000.0,0.41279541041796
3,5,48000.0,0.41590929720855
3,5,49000.0,-0.58857674166739
3,5,50000.0,-0.60810079663461
3,6,5000.0,0.093731314740442
3,6,6000.0,0.10108437142871
3,6,7000.0,0.022657421838616
3,6,8000.0,0.10867559624023
3,6,9000.0,0.086280158789841
3,6,10000.0,0.071748011144795
3,6,11000.0,0.096458443771233
3,6,12000.0,0.093701827175796
3,6,13000.0,0.12669184897852
3,6,14000.0,0.043590532315537
3,6,15000.0,0.10595740079774
3,6,16000.0,0.10994719739737
3,6,17000.0,0.095451789060371
3,6,18000.0,0.11918414017045
3,6,19000.0,0.093261502876992
3,6,20000.0,0.3866099425305
3,6,21000.0,0.40289464326013
3,6,22000.0,0.38812564611219
3,6,23000.0,0.3933439727999
3,6,24000.0,0.40570629522266
3,6,25000.0,0.40976049732991
3,6,26000.0,0.40424608604438
3,6,27000.0,-0.62784203616365
3,6,28000.0,-0.6054927189625
3,6,29000.0,-0.60754219288353
3,6,30000.0,-0.33980372458434
3,6,31000.0,-0.62485153288121
3,6,32000.0,0.37731406649173
3,6,33000.0,0.39106710027917
3,6,34000.0,0.3989209160265
3,6,35000.0,0.36314169578761
3,6,36000.0,0.41398652210525
3,6,37000.0,0.33637699102264
3,6,38000.0,0.40347872178332
3,6,39000.0,0.36121562972044
3,6,40000.0,0.38178242133812
3,6,41000.0,0.37487985794557
3,6,42000.0,0.38251072751888
3,6,43000.0,0.40406232135802
3,6,44000.0,0.37732981713012
3,6,45000.0,0.40058133666538
3,6,46000.0,0.40173312554623
3,6,47000.0,0.37777260813334
3,6,48000.0,0.38011723330211
3,6,49000.0,0.38984117046813
3,6,50000.0,-0.57513178578176
3,7,5000.0,0.073154930067835
3,7,6000.0,0.074308780436172
3,7,7000.0,0.013355752988572
3,7,8000.0,0.06652106606615
3,7,9000.0,0.068415344016149
3,7,10000.0,0.043514358902183
3,7,11000.0,0.028841375490712
3,7,12000.0,0.073710647825058
3,7,13000.0,0.07051503564486
3,7,14000.0,0.020070207440898
3,7,15000.0,0.072778339607588
3,7,16000.0,0.0732647091658
3,7,17000.0,0.071036432423967
3,7,18000.0,0.34520310716051
3,7,19000.0,0.35074196783355
3,7,20000.0,0.3575172110306
3,7,21000.0,0.35732806952927
3,7,22000.0,0.32875283223478
3,7,23000.0,0.35891077872347
3,7,24000.0,-0.65544601957879
3,7,25000.0,-0.63572943330398
3,7,26000.0,-0.64640229170081
3,7,27000.0,-0.45805323067514
3,7,28000.0,-0.63896447004377
3,7,29000.0,-0.65561792832365
3,7,30000.0,-0.66490817163354
3,7,31000.0,-0.66332070669615
3,7,32000.0,0.35512766810439
3,7,33000.0,0.33927641377951
3,7,34000.0,0.35830833674783
3,7,35000.0,0.027664541914953
3,7,36000.0,-0.12164997647047
3,7,37000.0,0.019110388281659
3,7,38000.0,0.055740913829414
3,7,39000.0,0.022282384878597
3,7,40000.0,0.0096520317143213
3,7,41000.0,0.049709896398522
3,7,42000.0,0.34913918542481
3,7,43000.0,0.051445994540247
3,7,44000.0,0.023542402028044
3,7,45000.0,0.040074387711511
3,7,46000.0,-0.63721392941169
3,7,47000.0,-0.69061371816781
3,7,48000.0,-0.6
3,7,49000.0,-0.61619142151755
3,7,50000.0,-0.62579207232032
3,8,5000.0,0.080510387415705
3,8,6000.0,0.050466662041656
3,8,7000.0,0.079935291675275
3,8,8000.0,0.078537266103705
3,8,9000.0,0.077934018823607
3,8,10000.0,0.076655134589642
3,8,11000.0,-0.13890070248138
3,8,12000.0,0.072704367610806
3,8,13000.0,0.076539009488101
3,8,14000.0,0.06080732583512
3,8,15000.0,0.035043137207309
3,8,16000.0,0.071301817684679
3,8,17000.0,0.028433055135585
3,8,18000.0,0.036349670274805
3,8,19000.0,0.070115431366809
3,8,20000.0,0.044061684045229
3,8,21000.0,0.0078999239310205
3,8,22000.0,0.050145432864651
3,8,23000.0,0.049412487419817
3,8,24000.0,0.025916408054833
3,8,25000.0,0.055365029956011
3,8,26000.0,0.033355552941132
3,8,27000.0,0.0
3,8,28000.0,0.31729990950806
3,8,29000.0,0.30574869712266
3,8,30000.0,0.30854939137012
3,8,31000.0,0.33995042468376
3,8,32000.0,0.33645968068984
3,8,33000.0,0.32933309882287
3,8,34000.0,0.30971995918277
3,8,35000.0,0.34038835728434
3,8,36000.0,0.31479931533228
3,8,37000.0,0.30130369110042
3,8,38000.0,0.3095891914476
3,8,39000.0,0.3286722463522
3,8,40000.0,0.30245402837329
3,8,41000.0,0.3
3,8,42000.0,0.35322986302285
3,8,43000.0,0.34380471052598
3,8,44000.0,0.35242249967253
3,8,45000.0,0.3
3,8,46000.0,0.32830588823047
3,8,47000.0,0.31263109637744
3,8,48000.0,0.35507323325902
3,8,49000.0,0.31107739395791
3,8,50000.0,0.35753643976835
3,9,5000.0,0.38991373512586
3,9,6000.0,0.36968410143867
3,9,7000.0,0.35854030237644
3,9,8000.0,0.37830068189889
3,9,9000.0,0.049750084302922
3,9,10000.0,0.35420075288059
3,9,11000.0,0.058766736959413
3,9,12000.0,0.08970834910693
3,9,13000.0,0.3782983493879
3,9,14000.0,0.36027863176735
3,9,15000.0,0.77464221519259
3,9,16000.0,-0.59807509407336
3,9,17000.0,-0.62850385797128
3,9,18000.0,-0.60925880930754
3,9,19000.0,-0.46181925142081
3,9,20000.0,-0.60980022654977
3,9,21000.0,-0.6207212464166
3,9,22000.0,0.10252026462767
3,9,23000.0,0.095191814883937
3,9,24000.0,0.099271606329371
3,9,25000.0,0.40617092069661
3,9,26000.0,0.1175387283255
3,9,27000.0,0.054902180739942
3,9,28000.0,0.66679066760255
3,9,29000.0,0.22493619626776
3,9,30000.0,0.23788247994459
3,9,31000.0,0.25921206519557
3,9,32000.0,0.23440341992389
3,9,33000.0,0.22542059372935
3,9,34000.0,0.25304759067802
3,9,35000.0,0.20810562566275
3,9,36000.0,0.24633795640663
3,9,37000.0,0.17687020526103
3,9,38000.0,0.24624693849449
3,9,39000.0,0.22950484608046
3,9,40000.0,0.21039482002227
3,9,41000.0,0.12282269274282
3,9,42000.0,0.25688962951053
3,9,43000.0,0.2383649616709
3,9,44000.0,0.214949104002
3,9,45000.0,0.2286847831972
3,9,46000.0,0.23091011207206
3,9,47000.0,0.17437939574137
3,9,48000.0,0.23971013112132
3,9,49000.0,0.21951299969271
3,9,50000.0,0.096941948404348
3,10,5000.0,0.3335038615965
3,10,6000.0,0.32633724378205
3,10,7000.0,0.018190060054588
3,10,8000.0,0.025411664996857
3,10,9000.0,-0.18608530275834
3,10,10000.0,0.001804691174888
3,10,11000.0,0.32056427699921
3,10,12000.0,0.3289272056773
3,10,13000.0,0.020677545938598
3,10,14000.0,0.3
3,10,15000.0,0.3271494779144
3,10,16000.0,0.32211800682559
3,10,17000.0,-0.16375725260515
3,10,18000.0,0.30183888228007
3,10,19000.0,0.32912989099658
3,10,20000.0,0.33376884319792
3,10,21000.0,0.73592286061954
3,10,22000.0,-0.68728157333391
3,10,23000.0,-0.6590400681516
3,10,24000.0,-0.62528276463594
3,10,25000.0,-0.62054244425152
3,10,26000.0,-0.43657077982768
3,10,27000.0,-0.64589467324887
3,10,28000.0,-0.58993332439197
3,10,29000.0,-0.6202415074443
3,10,30000.0,-0.43818972934312
3,10,31000.0,-0.6
3,10,32000.0,0.052803284758824
3,10,33000.0,0.32806072815966
3,10,34000.0,0.34476573746042
3,10,35000.0,0.13413945982894
3,10,36000.0,0.046553435390494
3,10,37000.0,0.33139670165712
3,10,38000.0,0.34424564701553
3,10,39000.0,0.30588367721158
3,10,40000.0,0.32856060655861
3,10,41000.0,0.03470063166739
3,10,42000.0,0.038476833380577
3,10,43000.0,0.3212487757744
3,10,44000.0,0.33132768491523
3,10,45000.0,0.32801192346366
3,10,46000.0,0.31594927598129
3,10,47000.0,0.3339789137416
3,10,48000.0,-0.17307426858714
3,10,49000.0,0.32174865417277
3,10,50000.0,0.3
3,11,5000.0,0.092528696260046
3,11,6000.0,0.082467225284274
3,11,7000.0,0.04389215158853
3,11,8000.0,0.0897959789165
3,11,9000.0,0.078547210588647
3,11,10000.0,0.072616750700543
3,11,11000.0,0.064845946136738
3,11,12000.0,0.095773700137789
3,11,13000.0,0.11259450292635
3,11,14000.0,0.067340453403894
3,11,15000.0,0.084722046703359
3,11,16000.0,0.10791824605044
3,11,17000.0,0.089676269546277
3,11,18000.0,0.10413796045585
3,11,19000.0,0.10530175300884
3,11,20000.0,0.12483336199058
3,11,21000.0,0.11390035317974
3,11,22000.0,0.37765597318979
3,11,23000.0,0.12255188923221
3,11,24000.0,0.11846033779564
3,11,25000.0,0.12705555337299
3,11,26000.0,0.12303094756453
3,11,27000.0,0.10186453195848
3,11,28000.0,0.12516894110719
3,11,29000.0,0.11318109233321
3,11,30000.0,0.12373647003628
3,11,31000.0,0.10917269799369
3,11,32000.0,0.12134029229125
3,11,33000.0,0.093783653130341
3,11,34000.0,0.11970181045469
3,11,35000.0,0.085252716536298
3,11,36000.0,0.080836730522599
3,11,37000.0,0.09982871039351
3,11,38000.0,0.12154796440714
3,11,39000.0,0.082533846940953
3,11,40000.0,0.10937587282165
3,11,41000.0,0.057469107673291
3,11,42000.0,0.1066395694252
3,11,43000.0,-0.082062737632295
3,11,44000.0,0.082446296171221
3,11,45000.0,0.10751632606943
3,11,46000.0,0.077686430714995
3,11,47000.0,0.045645184530218
3,11,48000.0,0.085221404530627
3,11,49000.0,0.06490028002127
3,11,50000.0,0.079663306754438
3,12,5000.0,0.17672861215125
3,12,6000.0,0.14987561887316
3,12,7000.0,0.12257691731265
3,12,8000.0,0.20186397080994
3,12,9000.0,0.17428708930261
3,12,10000.0,0.15146186797251
3,12,11000.0,0.11166350591271
3,12,12000.0,0.17509514904641
3,12,13000.0,0.1865274948808
3,12,14000.0,0.093933026885968
3,12,15000.0,0.15069418575816
3,12,16000.0,0.18370820628804
3,12,17000.0,0.16016596816751
3,12,18000.0,0.15796866983023
3,12,19000.0,0.15517507823084
3,12,20000.0,0.16858200120919
3,12,21000.0,0.13883957762209
3,12,22000.0,0.13808881690366
3,12,23000.0,0.17218735447884
3,12,24000.0,0.14410945266416
3,12,25000.0,0.17521970275711
3,12,26000.0,0.33616896479399
3,12,27000.0,0.14817791985359
3,12,28000.0,0.15922614491562
3,12,29000.0,0.13827180698167
3,12,30000.0,0.16806228126903
3,12,31000.0,0.15906671966682
3,12,32000.0,0.36287215490061
3,12,33000.0,0.15730885375703
3,12,34000.0,0.18883481913556
3,12,35000.0,0.16396037741857
3,12,36000.0,0.19074238936589
3,12,37000.0,0.11471646070738
3,12,38000.0,0.18085389493642
3,12,39000.0,0.18635914588093
3,12,40000.0,0.16181663412121
3,12,41000.0,0.17123111779384
3,12,42000.0,0.17958132526818
3,12,43000.0,0.19607033810205
3,12,44000.0,0.4525081987536
3,12,45000.0,0.17451978924874
3,12,46000.0,0.18880095182845
3,12,47000.0,0.14843517132217
3,12,48000.0,0.18259429160587
3,12,49000.0,-0.49887003642629
3,12,50000.0,-0.49783277595162
3,13,5000.0,0.067700523924238
3,13,6000.0,0.066806491517841
3,13,7000.0,0.0
3,13,8000.0,0.10606066037016
3,13,9000.0,0.1110517544828
3,13,10000.0,0.08863197429152
3,13,11000.0,0.0
3,13,12000.0,0.26996411303931
3,13,13000.0,0.11023618567613
3,13,14000.0,0.027797206902913
3,13,15000.0,0.11742560813819
3,13,16000.0,0.11077325700402
3,13,17000.0,0.10559910712143
3,13,18000.0,0.10737957547693
3,13,19000.0,0.10765397612205
3,13,20000.0,0.10945671860151
3,13,21000.0,0.25457871675315
3,13,22000.0,-0.070075203244282
3,13,23000.0,0.12187901924827
3,13,24000.0,-0.36511929773071
3,13,25000.0,-0.33423904136764
3,13,26000.0,-0.54744591319885
3,13,27000.0,-0.38449185445729
3,13,28000.0,-0.54736720498084
3,13,29000.0,-0.59846595557832
3,13,30000.0,-0.59400836081425
3,13,31000.0,-0.55172297840968
3,13,32000.0,0.12294035067866
3,13,33000.0,0.24836016376287
3,13,34000.0,0.11722068330348
3,13,35000.0,-0.11251391595156
3,13,36000.0,0.10640074037069
3,13,37000.0,0.23442241942981
3,13,38000.0,0.11230944752344
3,13,39000.0,0.17119790291076
3,13,40000.0,0.10662223604611
3,13,41000.0,-0.069058065804008
3,13,42000.0,0.25917014856949
3,13,43000.0,0.11842222826543
3,13,44000.0,0.25028011187887
3,13,45000.0,0.10185259484852
3,13,46000.0,0.25489575848777
3,13,47000.0,0.23292689549106
3,13,48000.0,-0.11151760548374
3,13,49000.0,0.22926511886844
3,13,50000.0,0.23437712744532
3,14,5000.0,0.076832717800292
3,14,6000.0,0.045123431835852
3,14,7000.0,-0.51441549352389
3,14,8000.0,-0.55542043704333
3,14,9000.0,-0.59247851191624
3,14,10000.0,-0.5747401034899
3,14,11000.0,-0.62647128493479
3,14,12000.0,0.24747204245594
3,14,13000.0,0.26345917046445
3,14,14000.0,0.21745370101661
3,14,15000.0,-0.089917131197716
3,14,16000.0,0.25888202380186
3,14,17000.0,0.2300431817394
3,14,18000.0,0.22072903755675
3,14,19000.0,0.25986529711099
3,14,20000.0,0.24146184835841
3,14,21000.0,0.074826086599398
3,14,22000.0,0.10399807753759
3,14,23000.0,0.27008886985386
3,14,24000.0,0.2092061648169
3,14,25000.0,0.25864027118574
3,14,26000.0,0.25271967198024
3,14,27000.0,0.23000794196524
3,14,28000.0,0.22611960641504
3,14,29000.0,0.25289578459549
3,14,30000.0,0.089442340002641
3,14,31000.0,0.26850962909565
3,14,32000.0,0.2636220862388
3,14,33000.0,0.24869097708743
3,14,34000.0,0.39560805776906
3,14,35000.0,0.27516600622882
3,14,36000.0,0.044632064303538
3,14,37000.0,-0.37905819930428
3,14,38000.0,-0.55653361804273
3,14,39000.0,-0.32383826228391
3,14,40000.0,-0.32224800979887
3,14,41000.0,-0.57531675315499
3,14,42000.0,0.2885330023662
3,14,43000.0,0.40930684282348
3,14,44000.0,0.12554885246764
3,14,45000.0,0.39410278896043
3,14,46000.0,0.4047622221893
3,14,47000.0,0.41213099993189
3,14,48000.0,0.41354143717051
3,14,49000.0,0.4020518629653
3,14,50000.0,0.41658990741613
3,15,5000.0,0.12252634800241
3,15,6000.0,0.10214678541985
3,15,7000.0,0.031502063244335
3,15,8000.0,0.12110651694657
3,15,9000.0,0.11841549622613
3,15,10000.0,0.091977587192567
3,15,11000.0,0.083146139029496
3,15,12000.0,0.41088734323355
3,15,13000.0,0.11600366837034
3,15,14000.0,0.054513441279466
3,15,15000.0,0.10759468906702
3,15,16000.0,0.10358057452046
3,15,17000.0,0.11162225741927
3,15,18000.0,0.068528649047197
3,15,19000.0,-0.062749126588771
3,15,20000.0,-0.07005604294189
3,15,21000.0,0.099832981252981
3,15,22000.0,0.084059038165227
3,15,23000.0,0.10629508262091
3,15,24000.0,0.10845753950839
3,15,25000.0,0.23922893220714
3,15,26000.0,0.10513730754145
3,15,27000.0,0.10053444693628
3,15,28000.0,0.12609932192447
3,15,29000.0,0.099162766768475
3,15,30000.0,0.12104899649895
3,15,31000.0,0.10836104673727
3,15,32000.0,0.11428890008109
3,15,33000.0,0.095280128536722
3,15,34000.0,0.1071115172766
3,15,35000.0,0.10970989777346
3,15,36000.0,0.1017493411522
3,15,37000.0,0.071478320026291
3,15,38000.0,0.10655431535774
3,15,39000.0,0.11167484600708
3,15,40000.0,0.3943874221211
3,15,41000.0,0.12686231703645
3,15,42000.0,0.12482676442736
3,15,43000.0,0.1319946786586
3,15,44000.0,0.12710371089043
3,15,45000.0,0.12304408891389
3,15,46000.0,0.1251063680507
3,15,47000.0,0.12007374873319
3,15,48000.0,0.10606573712992
3,15,49000.0,0.12107443861844
3,15,50000.0,0.11361295732222
3,16,5000.0,0.04917764220319
3,16,6000.0,0.05371868380661
3,16,7000.0,0.039319648835764
3,16,8000.0,0.040066255009082
3,16,9000.0,0.014082392602294
3,16,10000.0,0.048264575191342
3,16,11000.0,0.037252610037759
3,16,12000.0,0.038158464161381
3,16,13000.0,0.1730484616816
3,16,14000.0,0.025514890081336
3,16,15000.0,-0.14570714606989
3,16,16000.0,0.035823714719951
3,16,17000.0,0.042501957916355
3,16,18000.0,0.33572535032802
3,16,19000.0,0.33248741701938
3,16,20000.0,0.33561895085187
3,16,21000.0,0.1745111061009
3,16,22000.0,-0.15499820344663
3,16,23000.0,0.33317862782382
3,16,24000.0,0.32124403053828
3,16,25000.0,0.35169091293788
3,16,26000.0,0.33708318610652
3,16,27000.0,0.32530327503259
3,16,28000.0,0.3
3,16,29000.0,0.34757089203864
3,16,30000.0,0.055999533521735
3,16,31000.0,0.3037422725135
3,16,32000.0,0.32147981004293
3,16,33000.0,0.33753224207737
3,16,34000.0,0.34477499135158
3,16,35000.0,0.30579399863018
3,16,36000.0,0.33124459873691
3,16,37000.0,0.3
3,16,38000.0,0.35642251941095
3,16,39000.0,0.35039791490108
3,16,40000.0,0.3572423866232
3,16,41000.0,0.33273924703905
3,16,42000.0,0.36350133067956
3,16,43000.0,0.366718962849
3,16,44000.0,0.16797652544524
3,16,45000.0,0.35483706167397
3,16,46000.0,0.35450274344115
3,16,47000.0,0.35379966145722
3,16,48000.0,0.35216804285068
3,16,49000.0,0.35030098786147
3,16,50000.0,0.36573556571544
3,17,5000.0,0.035745048827607
3,17,6000.0,0.033247414445787
3,17,7000.0,0.0
3,17,8000.0,-0.61494418026977
3,17,9000.0,-0.61268950351449
3,17,10000.0,-0.62110353928428
3,17,11000.0,-0.6886843278619
3,17,12000.0,0.056357222900465
3,17,13000.0,-0.13656595640262
3,17,14000.0,0.024690291382786
3,17,15000.0,0.055615125619302
3,17,16000.0,0.14393956458521
3,17,17000.0,0.054056875611284
3,17,18000.0,0.046386994218458
3,17,19000.0,0.054147902097186
3,17,20000.0,0.038038271237791
3,17,21000.0,0.046211112534126
3,17,22000.0,0.052171033109746
3,17,23000.0,0.034327270558201
3,17,24000.0,-0.2
3,17,25000.0,0.066515413992536
3,17,26000.0,0.061257809992867
3,17,27000.0,0.33769510379067
3,17,28000.0,0.3648228566344
3,17,29000.0,0.36241819266426
3,17,30000.0,0.36316363183813
3,17,31000.0,0.33134792740442
3,17,32000.0,0.198411274714
3,17,33000.0,0.35957934399651
3,17,34000.0,0.35951964104249
3,17,35000.0,0.33463395374597
3,17,36000.0,0.36068909290837
3,17,37000.0,0.35116407815738
3,17,38000.0,0.3595062975795
3,17,39000.0,0.02394293597075
3,17,40000.0,0.3510048623062
3,17,41000.0,0.35961153048929
3,17,42000.0,0.34861834115143
3,17,43000.0,0.36564628331853
3,17,44000.0,0.35770995249271
3,17,45000.0,0.36563040464868
3,17,46000.0,0.34136350566684
3,17,47000.0,0.36066724745423
3,17,48000.0,0.35116193239108
3,17,49000.0,0.35983769424519
3,17,50000.0,0.3402717398299
3,18,5000.0,0.37784911363316
3,18,6000.0,0.37814032379333
3,18,7000.0,0.32814330260124
3,18,8000.0,0.38617707540281
3,18,9000.0,0.33292198779484
3,18,10000.0,0.3689037311114
3,18,11000.0,0.063451001903975
3,18,12000.0,0.097902118314268
3,18,13000.0,0.11044219587362
3,18,14000.0,0.0643069158371
3,18,15000.0,0.10424741691811
3,18,16000.0,0.076396162244253
3,18,17000.0,0.080002485715875
3,18,18000.0,0.38075693223715
3,18,19000.0,0.082216882449343
3,18,20000.0,0.39757170727133
3,18,21000.0,0.39701798936632
3,18,22000.0,0.38707200295783
3,18,23000.0,0.091127271456359
3,18,24000.0,-0.57495904622553
3,18,25000.0,-0.54873705823489
3,18,26000.0,-0.56668175365683
3,18,27000.0,-0.56325741389744
3,18,28000.0,-0.57780303700047
3,18,29000.0,-0.59333345809306
3,18,30000.0,-0.59408281817811
3,18,31000.0,-0.62753402135893
3,18,32000.0,0.40177801414591
3,18,33000.0,0.40454876945076
3,18,34000.0,0.41212142129303
3,18,35000.0,0.400447502935
3,18,36000.0,0.10111994246862
3,18,37000.0,0.38959477638499
3,18,38000.0,0.12015635173728
3,18,39000.0,0.39426744801375
3,18,40000.0,0.41092843714986
3,18,41000.0,0.40146830752092
3,18,42000.0,0.40779599648607
3,18,43000.0,0.39990786260407
3,18,44000.0,0.39592679691107
3,18,45000.0,0.37913115337805
3,18,46000.0,0.40893483611428
3,18,47000.0,0.38327214090816
3,18,48000.0,0.40270208053201
3,18,49000.0,-0.073516884989953
3,18,50000.0,0.3996425544813
3,19,5000.0,0.11984082959723
3,19,6000.0,0.26403201798388
3,19,7000.0,0.057524917036807
3,19,8000.0,0.14651856486
3,19,9000.0,0.11871023350931
3,19,10000.0,0.11722210138578
3,19,11000.0,0.086404659473568
3,19,12000.0,0.13187976347402
3,19,13000.0,0.13861063233133
3,19,14000.0,0.081867537397461
3,19,15000.0,0.13829083522753
3,19,16000.0,0.11200605769349
3,19,17000.0,0.12948337138776
3,19,18000.0,0.13469053884592
3,19,19000.0,0.12293158549821
3,19,20000.0,0.138689761722
3,19,21000.0,0.12368901089076
3,19,22000.0,0.09857623566797
3,19,23000.0,0.14510153996311
3,19,24000.0,0.1384269479889
3,19,25000.0,0.13733144656283
3,19,26000.0,0.1375333356433
3,19,27000.0,-0.54931698327434
3,19,28000.0,-0.55454150621574
3,19,29000.0,-0.31473607604424
3,19,30000.0,-0.56621458102897
3,19,31000.0,-0.53045456431912
3,19,32000.0,0.1378557227196
3,19,33000.0,0.10458671892826
3,19,34000.0,0.12067168069487
3,19,35000.0,-0.047417776582534
3,19,36000.0,0.095224726955628
3,19,37000.0,0.074208161591886
3,19,38000.0,0.13176435417233
3,19,39000.0,0.14250230429625
3,19,40000.0,0.094585119908872
3,19,41000.0,0.12352523977035
3,19,42000.0,0.13924491572087
3,19,43000.0,0.14448475083636
3,19,44000.0,0.12537593401113
3,19,45000.0,0.14103479724404
3,19,46000.0,0.11828095032918
3,19,47000.0,0.10932343727564
3,19,48000.0,0.28414535836028
3,19,49000.0,0.11937350885475
3,19,50000.0,0.13958385261191
3,20,5000.0,0.14314864974536
3,20,6000.0,0.12848686296878
3,20,7000.0,0.026383085444148
3,20,8000.0,0.13896274274753
3,20,9000.0,0.10471761948781
3,20,10000.0,0.11937663048787
3,20,11000.0,0.11682589126027
3,20,12000.0,0.14705499189373
3,20,13000.0,0.15833401880037
3,20,14000.0,0.12278940103679
3,20,15000.0,0.14727537462811
3,20,16000.0,0.15655130961297
3,20,17000.0,0.15309704348406
3,20,18000.0,0.44162425486269
3,20,19000.0,0.13082029711383
3,20,20000.0,0.15209757437129
3,20,21000.0,0.14468739764197
3,20,22000.0,0.15167682617598
3,20,23000.0,0.14915339898334
3,20,24000.0,-0.037883510521
3,20,25000.0,0.1730861764588
3,20,26000.0,0.16868148214338
3,20,27000.0,0.14916793794021
3,20,28000.0,0.43660553504422
3,20,29000.0,0.35976198774624
3,20,30000.0,0.35342291862318
3,20,31000.0,0.32434495509168
3,20,32000.0,0.16522498463251
3,20,33000.0,0.16849796274634
3,20,34000.0,0.17567632469162
3,20,35000.0,0.14050099874833
3,20,36000.0,0.16639154822908
3,20,37000.0,0.16709747967425
3,20,38000.0,0.1757363458533
3,20,39000.0,0.15737050170177
3,20,40000.0,0.17642177594038
3,20,41000.0,0.1648438072491
3,20,42000.0,0.17606780362663
3,20,43000.0,0.17708106803108
3,20,44000.0,0.16060311701725
3,20,45000.0,0.17228493339906
3,20,46000.0,0.45396211215048
3,20,47000.0,0.15588643694331
3,20,48000.0,0.17120419073599
3,20,49000.0,0.17589026060985
3,20,50000.0,0.17345160873314
3,21,5000.0,0.36287661937727
3,21,6000.0,0.35940767732596
3,21,7000.0,0.31813469166645
3,21,8000.0,0.071316825387876
3,21,9000.0,0.058514671079572
3,21,10000.0,0.065555372474312
3,21,11000.0,0.046621042940951
3,21,12000.0,0.075427425878934
3,21,13000.0,0.07975755227374
3,21,14000.0,0.059513798808143
3,21,15000.0,0.071062475095112
3,21,16000.0,0.074837615321045
3,21,17000.0,0.065759029034955
3,21,18000.0,0.3746093171247
3,21,19000.0,0.054706286305977
3,21,20000.0,0.072934346649884
3,21,21000.0,0.066247451563123
3,21,22000.0,0.0653915959363
3,21,23000.0,0.057504228969603
3,21,24000.0,0.059839122271923
3,21,25000.0,0.084886962737868
3,21,26000.0,0.079450563086098
3,21,27000.0,0.037281925475379
3,21,28000.0,0.051288555265603
3,21,29000.0,0.06276492804394
3,21,30000.0,0.077619430763337
3,21,31000.0,0.047191195982188
3,21,32000.0,0.072043925702576
3,21,33000.0,0.043991140256614
3,21,34000.0,0.074233301492141
3,21,35000.0,0.0573713103972
3,21,36000.0,0.053005830629236
3,21,37000.0,0.046414015158106
3,21,38000.0,0.065936677506628
3,21,39000.0,0.074003248784973
3,21,40000.0,0.34437611711515
3,21,41000.0,0.31808944061472
3,21,42000.0,0.35691433715147
3,21,43000.0,0.34435292988773
3,21,44000.0,0.36303858286237
3,21,45000.0,0.36165477620692
3,21,46000.0,0.34451904917353
3,21,47000.0,0.31378087270276
3,21,48000.0,0.36200800033032
3,21,49000.0,0.34493045636334
3,21,50000.0,0.35392488887943
3,22,5000.0,0.42102089512897
3,22,6000.0,0.10317079897988
3,22,7000.0,-0.60525951555166
3,22,8000.0,-0.5198477032075
3,22,9000.0,-0.57472226031282
3,22,10000.0,-0.55291716315198
3,22,11000.0,-0.60942193623963
3,22,12000.0,0.28112732255376
3,22,13000.0,0.30656821401481
3,22,14000.0,0.24984697113466
3,22,15000.0,0.2983676628306
3,22,16000.0,0.31069878045308
3,22,17000.0,-0.054452030826349
3,22,18000.0,0.31208757182578
3,22,19000.0,0.2949284197253
3,22,20000.0,0.31944386619029
3,22,21000.0,-0.32501843643344
3,22,22000.0,0.27882138338729
3,22,23000.0,0.31070911407215
3,22,24000.0,0.30461810128274
3,22,25000.0,0.31505507798835
3,22,26000.0,0.32023632527766
3,22,27000.0,-0.3649069730269
3,22,28000.0,-0.5763925856946
3,22,29000.0,-0.3267353898928
3,22,30000.0,-0.30672208114994
3,22,31000.0,-0.54325789669743
3,22,32000.0,0.28882839244725
3,22,33000.0,0.25566829789311
3,22,34000.0,0.26823423143065
3,22,35000.0,0.26789883517637
3,22,36000.0,0.28678201435511
3,22,37000.0,0.19781494623115
3,22,38000.0,0.29105468899767
3,22,39000.0,0.2833481467079
3,22,40000.0,0.2135557125906
3,22,41000.0,0.26447649692898
3,22,42000.0,0.26693283451489
3,22,43000.0,0.28220453783303
3,22,44000.0,0.29178438909167
3,22,45000.0,0.27718604072847
3,22,46000.0,0.24310911881617
3,22,47000.0,0.24006561884246
3,22,48000.0,0.27305852768126
3,22,49000.0,0.22679417527411
3,22,50000.0,0.26678962497606
3,23,5000.0,0.12071949973228
3,23,6000.0,0.015543913600328
3,23,7000.0,-0.57256471763713
3,23,8000.0,-0.54034854909458
3,23,9000.0,-0.55421285897824
3,23,10000.0,-0.59870892215685
3,23,11000.0,-0.4034844032934
3,23,12000.0,-0.063664449918097
3,23,13000.0,0.12533419329653
3,23,14000.0,-0.083057362676453
3,23,15000.0,0.079369518967328
3,23,16000.0,-0.051889418398964
3,23,17000.0,0.088926485636541
3,23,18000.0,-0.094474364683251
3,23,19000.0,0.26236985366319
3,23,20000.0,0.061736802661436
3,23,21000.0,0.049015007653077
3,23,22000.0,0.23586176592186
3,23,23000.0,-0.06508578952242
3,23,24000.0,0.011562283299742
3,23,25000.0,0.36789881658424
3,23,26000.0,0.19122997213437
3,23,27000.0,0.3
3,23,28000.0,0.2199351352576
3,23,29000.0,0.17909003902452
3,23,30000.0,0.15488196326914
3,23,31000.0,0.22612347601538
3,23,32000.0,0.19657318879003
3,23,33000.0,0.18465072814705
3,23,34000.0,0.17103497701716
3,23,35000.0,0.28029693884017
3,23,36000.0,0.19084446780366
3,23,37000.0,-0.17594648165562
3,23,38000.0,0.188277226075
3,23,39000.0,-0.058176042083703
3,23,40000.0,0.21939377268868
3,23,41000.0,0.10970719110032
3,23,42000.0,0.25875328678482
3,23,43000.0,0.26371516917286
3,23,44000.0,0.23307365677116
3,23,45000.0,0.15781540327622
3,23,46000.0,0.20735473284001
3,23,47000.0,0.027300983649836
3,23,48000.0,0.13368834281055
3,23,49000.0,0.12316247026159
3,23,50000.0,0.11923597347691
3,24,5000.0,0.12029816180984
3,24,6000.0,0.083181789703693
3,24,7000.0,0.0
3,24,8000.0,0.18566700423028
3,24,9000.0,0.17444956858944
3,24,10000.0,0.14054432400245
3,24,11000.0,0.096819976062402
3,24,12000.0,0.45714453788558
3,24,13000.0,0.18574626101627
3,24,14000.0,0.12539191997955
3,24,15000.0,0.1599351021596
3,24,16000.0,0.16474089256553
3,24,17000.0,0.16824377001999
3,24,18000.0,0.16161484163123
3,24,19000.0,0.14648155065146
3,24,20000.0,0.14712561432046
3,24,21000.0,0.17028187865391
3,24,22000.0,0.14535127672567
3,24,23000.0,0.17893881574394
3,24,24000.0,0.16696177355244
3,24,25000.0,0.16921391174853
3,24,26000.0,0.17609237117091
3,24,27000.0,-0.50686220046119
3,24,28000.0,-0.49674466211806
3,24,29000.0,-0.51384211444658
3,24,30000.0,-0.48668290613336
3,24,31000.0,-0.50706100601252
3,24,32000.0,0.16958484063311
3,24,33000.0,0.1670709786299
3,24,34000.0,0.16180328671359
3,24,35000.0,0.17081860370347
3,24,36000.0,0.17962864608834
3,24,37000.0,0.15278731675073
3,24,38000.0,0.15959218902623
3,24,39000.0,0.16876165568862
3,24,40000.0,0.15217520503848
3,24,41000.0,0.13279315184654
3,24,42000.0,0.1776914476505
3,24,43000.0,0.14376181911448
3,24,44000.0,0.1656165253832
3,24,45000.0,0.14691122525449
3,24,46000.0,0.15814477329492
3,24,47000.0,0.13873981010496
3,24,48000.0,0.1755379737595
3,24,49000.0,0.14841757261794
3,24,50000.0,0.16417444225265
4,0,5000.0,-0.53432028254712
4,0,6000.0,-0.53064995474299
4,0,7000.0,-0.62086682892351
4,0,8000.0,-0.39135699078949
4,0,9000.0,-0.53130684573038
4,0,10000.0,-0.57280615890185
4,0,11000.0,-0.32215162358298
4,0,12000.0,-0.0043592188766688
4,0,13000.0,0.32513615412146
4,0,14000.0,0.13609831743691
4,0,15000.0,-0.061921062693634
4,0,16000.0,-0.00081160547393883
4,0,17000.0,0.16288005779782
4,0,18000.0,-0.061934480524371
4,0,19000.0,0.3196815721167
4,0,20000.0,0.29921342851958
4,0,21000.0,-0.2568026714116
4,0,22000.0,0.12729205319755
4,0,23000.0,-0.019894000652979
4,0,24000.0,0.12986647482967
4,0,25000.0,0.31105271752126
4,0,26000.0,0.30832763325502
4,0,27000.0,0.32581141796102
4,0,28000.0,0.26855241162545
4,0,29000.0,0.34546773126445
4,0,30000.0,0.31643095835398
4,0,31000.0,0.33605299170743
4,0,32000.0,0.28621131157583
4,0,33000.0,0.4421900906662
4,0,34000.0,0.32970915749095
4,0,35000.0,0.32016891190893
4,0,36000.0,0.43416608508413
4,0,37000.0,0.34404310025585
4,0,38000.0,0.35022592823012
4,0,39000.0,0.25164736162483
4,0,40000.0,0.32378556181792
4,0,41000.0,0.34441533378551
4,0,42000.0,0.00023278105634789
4,0,43000.0,0.2921118803461
4,0,44000.0,0.35060244108747
4,0,45000.0,0.33610282193932
4,0,46000.0,0.31690032518651
4,0,47000.0,0.3418466117845
4,0,48000.0,0.32362107107289
4,0,49000.0,0.35264193585287
4,0,50000.0,-0.031182115891471
4,1,5000.0,0.1549711242678
4,1,6000.0,0.10385329055623
4,1,7000.0,0.094919585575408
4,1,8000.0,0.16087008665929
4,1,9000.0,0.15531614101834
4,1,10000.0,0.094304026431911
4,1,11000.0,0.11864188080907
4,1,12000.0,0.14097189877706
4,1,13000.0,0.11283856467936
4,1,14000.0,0.15279133548259
4,1,15000.0,0.065675178485585
4,1,16000.0,0.13194002537534
4,1,17000.0,0.13599081619047
4,1,18000.0,0.11103099622355
4,1,19000.0,0.1430441225135
4,1,20000.0,0.10198774814865
4,1,21000.0,-0.010280012276297
4,1,22000.0,0.072617947623644
4,1,23000.0,0.43678568060593
4,1,24000.0,0.12408215521236
4,1,25000.0,0.13539458342023
4,1,26000.0,0.10691771166812
4,1,27000.0,0.12674156394652
4,1,28000.0,0.095338078636564
4,1,29000.0,0.15688631989794
4,1,30000.0,0.33041261666639
4,1,31000.0,0.090284419058769
4,1,32000.0,0.1249633988885
4,1,33000.0,0.129553017719
4,1,34000.0,0.14602401867161
4,1,35000.0,0.075752250838768
4,1,36000.0,0.12891826700929
4,1,37000.0,0.14561178274801
4,1,38000.0,0.15440165514934
4,1,39000.0,0.12786210222485
4,1,40000.0,0.12496444350567
4,1,41000.0,0.14204328246933
4,1,42000.0,0.15116415722211
4,1,43000.0,0.13531258420625
4,1,44000.0,0.14216251365613
4,1,45000.0,0.32443207568293
4,1,46000.0,0.090177589263267
4,1,47000.0,0.153956509501
4,1,48000.0,0.13986871703908
4,1,49000.0,0.1471094582139
4,1,50000.0,0.15133965015415
4,2,5000.0,-0.54465164949528
4,2,6000.0,-0.64141390204227
4,2,7000.0,-0.66719468552109
4,2,8000.0,-0.41949743535556
4,2,9000.0,-0.59261390051963
4,2,10000.0,-0.52245966020783
4,2,11000.0,-0.67819445614214
4,2,12000.0,0.074045628256241
4,2,13000.0,0.076090396158099
4,2,14000.0,0.081706013102874
4,2,15000.0,0.06460933607674
4,2,16000.0,0.069441898474361
4,2,17000.0,0.22936856786859
4,2,18000.0,0.084649679437867
4,2,19000.0,0.20449373079103
4,2,20000.0,-0.10026995504497
4,2,21000.0,0.064322868709348
4,2,22000.0,0.082284182290563
4,2,23000.0,0.081761688654322
4,2,24000.0,0.050632077340807
4,2,25000.0,0.081753123184795
4,2,26000.0,0.083582326772319
4,2,27000.0,0.074314012965858
4,2,28000.0,0.053905830277469
4,2,29000.0,0.089065178940488
4,2,30000.0,0.0732181087353
4,2,31000.0,0.063346881051187
4,2,32000.0,0.073874318867318
4,2,33000.0,0.059745101146706
4,2,34000.0,0.077604580813299
4,2,35000.0,0.063187468147515
4,2,36000.0,0.047814353919317
4,2,37000.0,0.080054305076691
4,2,38000.0,0.064115869864646
4,2,39000.0,0.074473901728903
4,2,40000.0,0.05672529730525
4,2,41000.0,0.073902870431932
4,2,42000.0,0.054204669989566
4,2,43000.0,0.076767544104348
4,2,44000.0,0.084417935903359
4,2,45000.0,0.079072607105882
4,2,46000.0,0.058087682807848
4,2,47000.0,0.36161527622961
4,2,48000.0,0.36961413987751
4,2,49000.0,0.37313454782235
4,2,50000.0,0.35861950328906
4,4,5000.0,0.10103725814131
4,4,6000.0,0.074430132903864
4,4,7000.0,0.34384420604945
4,4,8000.0,0.1125490617718
4,4,9000.0,0.10774278577615
4,4,10000.0,0.064864815890273
4,4,11000.0,0.10313479419621
4,4,12000.0,0.071719284518793
4,4,13000.0,0.088652028401134
4,4,14000.0,0.11954340752003
4,4,15000.0,0.064938482553435
4,4,16000.0,0.10739776202874
4,4,17000.0,0.12347844047905
4,4,18000.0,0.068793582503732
4,4,19000.0,0.090534654384803
4,4,20000.0,0.086575893192771
4,4,21000.0,0.10546849209912
4,4,22000.0,0.048788399636423
4,4,23000.0,0.096932433653153
4,4,24000.0,0.118489050141
4,4,25000.0,0.093526971555415
4,4,26000.0,-0.15040680863996
4,4,27000.0,0.11673102086043
4,4,28000.0,0.083789200026476
4,4,29000.0,0.10952148544298
4,4,30000.0,-0.062796287911392
4,4,31000.0,0.014555445121877
4,4,32000.0,0.078421165477899
4,4,33000.0,0.082495776684695
4,4,34000.0,0.10016276407929
4,4,35000.0,0.069107926813539
4,4,36000.0,0.086882664139474
4,4,37000.0,0.10034125732943
4,4,38000.0,0.10778078027289
4,4,39000.0,0.071070642505611
4,4,40000.0,0.079550578916612
4,4,41000.0,0.10791975464086
4,4,42000.0,0.07441862291613
4,4,43000.0,0.2318271161312
4,4,44000.0,0.1230612887703
4,4,45000.0,0.10935484931284
4,4,46000.0,0.090611087076287
4,4,47000.0,0.11038970242787
4,4,48000.0,0.068478356001031
4,4,49000.0,0.097080211455241
4,4,50000.0,0.1146131794739
4,5,5000.0,-0.15147339415555
4,5,6000.0,0.070172809733785
4,5,7000.0,0.05824622870978
4,5,8000.0,0.078566697991777
4,5,9000.0,0.054039586411772
4,5,10000.0,0.08438971376677
4,5,11000.0,0.044553616183454
4,5,12000.0,0.086448133200838
4,5,13000.0,0.063571216684144
4,5,14000.0,0.073213441348861
4,5,15000.0,0.070658019450302
4,5,16000.0,0.085105037797404
4,5,17000.0,0.06604169414423
4,5,18000.0,0.053239499878934
4,5,19000.0,0.078404706930834
4,5,20000.0,0.048339490217808
4,5,21000.0,0.075512283714126
4,5,22000.0,0.053818848800388
4,5,23000.0,0.36626206540561
4,5,24000.0,0.36660060777469
4,5,25000.0,0.34290805344511
4,5,26000.0,0.36022874541095
4,5,27000.0,-0.69395167769368
4,5,28000.0,-0.66411036077933
4,5,29000.0,-0.63077987620649
4,5,30000.0,-0.63154847227191
4,5,31000.0,-0.65559954313071
4,5,32000.0,0.33625956888619
4,5,33000.0,0.076730810339417
4,5,34000.0,0.085386588374148
4,5,35000.0,0.059641404980127
4,5,36000.0,0.063541715996728
4,5,37000.0,0.088259804869352
4,5,38000.0,0.082970916893266
4,5,39000.0,0.34107828635936
4,5,40000.0,0.080501709905178
4,5,41000.0,0.22190555962687
4,5,42000.0,0.22379256827062
4,5,43000.0,0.1778834872095
4,5,44000.0,0.21474256783453
4,5,45000.0,0.22394631540485
4,5,46000.0,0.20382912694825
4,5,47000.0,0.20521409829657
4,5,48000.0,0.1987399117134
4,5,49000.0,0.21871845817565
4,5,50000.0,0.18105592528405
4,6,5000.0,-0.57748479079238
4,6,6000.0,-0.58074360730755
4,6,7000.0,-0.58421739775552
4,6,8000.0,-0.59745306672184
4,6,9000.0,-0.39977251055909
4,6,10000.0,-0.50469267137309
4,6,11000.0,-0.59287484939109
4,6,12000.0,0.26231744064711
4,6,13000.0,0.047514332866019
4,6,14000.0,-0.074908498224342
4,6,15000.0,0.25168930125799
4,6,16000.0,0.38580834676257
4,6,17000.0,0.26210360546699
4,6,18000.0,0.2126580529892
4,6,19000.0,0.2454707141543
4,6,20000.0,0.23486957275598
4,6,21000.0,-0.35860099971353
4,6,22000.0,0.21441632896938
4,6,23000.0,0.22552316125466
4,6,24000.0,0.24109180390578
4,6,25000.0,0.23170581741715
4,6,26000.0,0.23758994633234
4,6,27000.0,0.19672013711723
4,6,28000.0,0.21728747803372
4,6,29000.0,0.25642146900879
4,6,30000.0,0.23638762773419
4,6,31000.0,0.21704119786746
4,6,32000.0,0.16953297775662
4,6,33000.0,-0.092999017202281
4,6,34000.0,0.23391427519812
4,6,35000.0,0.23606987787231
4,6,36000.0,0.22298575204344
4,6,37000.0,0.24372821378321
4,6,38000.0,0.23985569676925
4,6,39000.0,0.22548564497081
4,6,40000.0,0.068863776216697
4,6,41000.0,0.24842852040397
4,6,42000.0,0.25330101735551
4,6,43000.0,0.037578996214172
4,6,44000.0,0.23328553305735
4,6,45000.0,0.25292170120912
4,6,46000.0,0.34468142648863
4,6,47000.0,0.25333365015145
4,6,48000.0,0.23747733002306
4,6,49000.0,0.2414367009271
4,6,50000.0,0.51982150812169
4,7,5000.0,-0.57145918711681
4,7,6000.0,-0.57991488836661
4,7,7000.0,-0.59629005728967
4,7,8000.0,-0.58470451251134
4,7,9000.0,-0.34422320928877
4,7,10000.0,-0.4773675079908
4,7,11000.0,-0.59538372232728
4,7,12000.0,0.2718993016098
4,7,13000.0,0.24711247199615
4,7,14000.0,0.098216868055904
4,7,15000.0,-0.071565055264454
4,7,16000.0,0.24141230586919
4,7,17000.0,0.26385052107792
4,7,18000.0,0.17292361291811
4,7,19000.0,0.25281578200454
4,7,20000.0,0.22498775143643
4,7,21000.0,0.23176277879691
4,7,22000.0,0.21013849654341
4,7,23000.0,0.20936017426794
4,7,24000.0,0.22604626874409
4,7,25000.0,0.24136964577703
4,7,26000.0,0.24484933636909
4,7,27000.0,0.16761617145191
4,7,28000.0,0.18494052948149
4,7,29000.0,0.23600112923903
4,7,30000.0,0.24089004601761
4,7,31000.0,0.21984778181471
4,7,32000.0,0.20195186839027
4,7,33000.0,0.24944239807415
4,7,34000.0,0.25993956149611
4,7,35000.0,0.22538604130297
4,7,36000.0,0.19722104640308
4,7,37000.0,0.26098791421204
4,7,38000.0,0.2456987249141
4,7,39000.0,0.23253133122718
4,7,40000.0,0.20423343311194
4,7,41000.0,-0.088130545598964
4,7,42000.0,0.23605735738763
4,7,43000.0,0.089786695898108
4,7,44000.0,0.22775101096996
4,7,45000.0,0.25238903888284
4,7,46000.0,0.23672429983716
4,7,47000.0,0.2597809813136
4,7,48000.0,0.24899744471642
4,7,49000.0,0.25848303348272
4,7,50000.0,0.24193556368635
4,8,5000.0,0.12556558014607
4,8,6000.0,0.11415537886632
4,8,7000.0,0.03954451928652
4,8,8000.0,0.13301281812215
4,8,9000.0,0.14187881515636
4,8,10000.0,0.10376973959759
4,8,11000.0,0.092666474409768
4,8,12000.0,0.13484246488302
4,8,13000.0,-0.040378173156923
4,8,14000.0,0.14290870663652
4,8,15000.0,0.056484535489359
4,8,16000.0,0.12643788790174
4,8,17000.0,0.14265730604392
4,8,18000.0,0.11807912299393
4,8,19000.0,0.12601985066497
4,8,20000.0,0.14027630159983
4,8,21000.0,0.1314186775845
4,8,22000.0,0.1220174707903
4,8,23000.0,0.1418179157062
4,8,24000.0,0.13251188416283
4,8,25000.0,0.1308176439803
4,8,26000.0,0.13592065279366
4,8,27000.0,0.13868238385291
4,8,28000.0,0.095918791213523
4,8,29000.0,0.14151468560047
4,8,30000.0,0.14571477552077
4,8,31000.0,0.12880349118534
4,8,32000.0,0.14260345652214
4,8,33000.0,0.4054516054217
4,8,34000.0,0.14459876700253
4,8,35000.0,0.13058707345008
4,8,36000.0,0.12524931321807
4,8,37000.0,0.13614364338584
4,8,38000.0,0.14786033361337
4,8,39000.0,0.12937093829879
4,8,40000.0,0.12764364166138
4,8,41000.0,0.1442620137436
4,8,42000.0,0.12860363623914
4,8,43000.0,0.1294991143477
4,8,44000.0,0.15032709330845
4,8,45000.0,0.14594202676265
4,8,46000.0,0.12430151952695
4,8,47000.0,0.13403946159219
4,8,48000.0,0.42526188598553
4,8,49000.0,0.14976737442657
4,8,50000.0,0.14513633241613
4,9,5000.0,-0.56645073324588
4,9,6000.0,-0.61815198379946
4,9,7000.0,-0.5809805468965
4,9,8000.0,-0.59767203324524
4,9,9000.0,-0.35052004512562
4,9,10000.0,-0.54963117580479
4,9,11000.0,-0.65062748420715
4,9,12000.0,0.22780048172218
4,9,13000.0,0.3814537997532
4,9,14000.0,0.099089555228438
4,9,15000.0,0.1
4,9,16000.0,-0.063573271305086
4,9,17000.0,0.22207864809975
4,9,18000.0,0.20173581935832
4,9,19000.0,0.25543229597324
4,9,20000.0,-0.13629858011336
4,9,21000.0,0.25262204968611
4,9,22000.0,0.18116466959721
4,9,23000.0,0.072388328585738
4,9,24000.0,0.21830625787345
4,9,25000.0,0.24913923480502
4,9,26000.0,0.18894455295029
4,9,27000.0,0.16489493774399
4,9,28000.0,-0.14637085468436
4,9,29000.0,0.25662689210712
4,9,30000.0,0.25697090890318
4,9,31000.0,0.15312756696534
4,9,32000.0,-0.44423861505141
4,9,33000.0,-0.39147637501405
4,9,34000.0,-0.36346006064266
4,9,35000.0,-0.42187414969475
4,9,36000.0,-0.40432624228771
4,9,37000.0,-0.35527903626375
4,9,38000.0,-0.40566246685264
4,9,39000.0,-0.38992728342066
4,9,40000.0,-0.63260762569147
4,9,41000.0,-0.42079101244174
4,9,42000.0,0.21536436854864
4,9,43000.0,0.16942096762738
4,9,44000.0,0.20391139034672
4,9,45000.0,0.077156150544204
4,9,46000.0,0.15825827813567
4,9,47000.0,0.3799998481725
4,9,48000.0,0.090939905992431
4,9,49000.0,0.24973903994705
4,9,50000.0,-0.12881441508166
4,10,5000.0,0.13177781244166
4,10,6000.0,0.087866998281597
4,10,7000.0,0.085952205338555
4,10,8000.0,0.12909508783272
4,10,9000.0,0.11812654938654
4,10,10000.0,0.39280903320501
4,10,11000.0,0.081688255173461
4,10,12000.0,0.11774722933638
4,10,13000.0,0.12187616011433
4,10,14000.0,0.12199660178949
4,10,15000.0,0.070452427287214
4,10,16000.0,0.12810937464754
4,10,17000.0,0.13082552882634
4,10,18000.0,0.089664659256203
4,10,19000.0,-0.064065516223158
4,10,20000.0,0.11257354396381
4,10,21000.0,0.12736892777657
4,10,22000.0,0.09286440128408
4,10,23000.0,0.13068968375081
4,10,24000.0,0.11082777294682
4,10,25000.0,0.11013921159007
4,10,26000.0,-0.063181308140648
4,10,27000.0,0.10853391192956
4,10,28000.0,0.064360123965639
4,10,29000.0,0.12956869154482
4,10,30000.0,0.13713402264511
4,10,31000.0,0.065428259965228
4,10,32000.0,0.10141846297278
4,10,33000.0,0.10727491448027
4,10,34000.0,0.12678335921884
4,10,35000.0,0.20502339311325
4,10,36000.0,0.10994789871833
4,10,37000.0,0.1117450600971
4,10,38000.0,0.13202018911063
4,10,39000.0,0.05716122632872
4,10,40000.0,0.11728802990055
4,10,41000.0,0.11750348967577
4,10,42000.0,0.10906682102349
4,10,43000.0,0.39330370600333
4,10,44000.0,0.11420598512299
4,10,45000.0,0.12202258821533
4,10,46000.0,0.10729302876859
4,10,47000.0,0.093331620226139
4,10,48000.0,0.10624021925075
4,10,49000.0,0.1322685272573
4,10,50000.0,0.10581650214308
4,11,5000.0,0.083908390350431
4,11,6000.0,0.093988345924306
4,11,7000.0,0.051939947941229
4,11,8000.0,0.10429524195273
4,11,9000.0,0.36944820714561
4,11,10000.0,0.10016976659691
4,11,11000.0,0.070496624062421
4,11,12000.0,0.10675123265667
4,11,13000.0,0.077239571051422
4,11,14000.0,0.387476201076
4,11,15000.0,0.38683794989325
4,11,16000.0,0.3790816340218
4,11,17000.0,0.38452343000021
4,11,18000.0,0.37233355498027
4,11,19000.0,0.37733701390507
4,11,20000.0,0.37189064835423
4,11,21000.0,0.37876998617005
4,11,22000.0,0.34597800686576
4,11,23000.0,0.37594996469469
4,11,24000.0,0.35909594780149
4,11,25000.0,0.3779221874334
4,11,26000.0,0.33537718169894
4,11,27000.0,-0.6448406499219
4,11,28000.0,-0.65010323333802
4,11,29000.0,-0.61112645271137
4,11,30000.0,-0.61828195624438
4,11,31000.0,-0.6488905646904
4,11,32000.0,0.32815447214428
4,11,33000.0,0.35545232446315
4,11,34000.0,0.35590103828308
4,11,35000.0,0.36510865520715
4,11,36000.0,0.35086122228292
4,11,37000.0,0.36351126182061
4,11,38000.0,0.35856703286479
4,11,39000.0,0.36715981694628
4,11,40000.0,0.34536665023156
4,11,41000.0,0.36427702332321
4,11,42000.0,0.37908951570027
4,11,43000.0,0.36946843711328
4,11,44000.0,0.3508476425729
4,11,45000.0,0.38003757216838
4,11,46000.0,0.36952218955767
4,11,47000.0,0.36879640718595
4,11,48000.0,0.35458444420031
4,11,49000.0,0.37582373999656
4,11,50000.0,0.34894797458963
4,12,5000.0,0.14541418789178
4,12,6000.0,0.11044732175363
4,12,7000.0,-0.561955529053
4,12,8000.0,-0.49979789189331
4,12,9000.0,-0.59301242010361
4,12,10000.0,-0.52823657039825
4,12,11000.0,-0.31002409778917
4,12,12000.0,0.0060535277397733
4,12,13000.0,0.72229774674374
4,12,14000.0,-0.0082294741986826
4,12,15000.0,-0.034033996598271
4,12,16000.0,-0.030285366092407
4,12,17000.0,-0.015858717313612
4,12,18000.0,-0.050553100386422
4,12,19000.0,-0.023824742461781
4,12,20000.0,-0.060635966367256
4,12,21000.0,-0.0059677220643807
4,12,22000.0,-0.071472752875414
4,12,23000.0,-0.023956736138868
4,12,24000.0,-0.032274030572061
4,12,25000.0,-0.045363965764991
4,12,26000.0,-0.046497653782482
4,12,27000.0,-0.05010918133737
4,12,28000.0,0.11792349401793
4,12,29000.0,0.16008646680425
4,12,30000.0,-0.019894483871959
4,12,31000.0,-0.068894837645832
4,12,32000.0,-0.050380417494736
4,12,33000.0,0.15311276693762
4,12,34000.0,0.32889794620566
4,12,35000.0,-0.063991506181948
4,12,36000.0,0.30392634843091
4,12,37000.0,0.33154296541941
4,12,38000.0,0.31687975936298
4,12,39000.0,0.31013215251475
4,12,40000.0,0.32122579509173
4,12,41000.0,0.33458957667116
4,12,42000.0,0.3348008899576
4,12,43000.0,0.310435162887
4,12,44000.0,0.33107796629962
4,12,45000.0,0.3426383424358
4,12,46000.0,0.32276599658463
4,12,47000.0,0.33039166724336
4,12,48000.0,0.33699838541141
4,12,49000.0,0.35318334368662
4,12,50000.0,0.32393948056562
4,13,5000.0,0.10474213989828
4,13,6000.0,0.23372953438508
4,13,7000.0,0.0
4,13,8000.0,0.11625329125031
4,13,9000.0,0.084235904951372
4,13,10000.0,0.055962928934821
4,13,11000.0,0.074000324830859
4,13,12000.0,0.11871047834492
4,13,13000.0,0.067007544879683
4,13,14000.0,0.11218844181848
4,13,15000.0,0.066665581409196
4,13,16000.0,0.096489339509019
4,13,17000.0,0.10241045750988
4,13,18000.0,0.1046123667199
4,13,19000.0,0.10804755665661
4,13,20000.0,0.081228725086271
4,13,21000.0,0.12262864921734
4,13,22000.0,0.10527618575758
4,13,23000.0,0.075603929403209
4,13,24000.0,0.11283360377618
4,13,25000.0,0.10078635931678
4,13,26000.0,0.085088837643353
4,13,27000.0,-0.073298381036086
4,13,28000.0,0.058069910412856
4,13,29000.0,0.11709174494849
4,13,30000.0,0.1104926708484
4,13,31000.0,0.064533628959113
4,13,32000.0,0.10353419305272
4,13,33000.0,0.24323303817457
4,13,34000.0,0.11372404546552
4,13,35000.0,0.22670989214884
4,13,36000.0,0.20294459472198
4,13,37000.0,0.27692840820201
4,13,38000.0,0.2761798371717
4,13,39000.0,0.19056617177594
4,13,40000.0,0.26125256459061
4,13,41000.0,0.24754795713336
4,13,42000.0,0.24873228374378
4,13,43000.0,0.25070053397854
4,13,44000.0,0.2958691701762
4,13,45000.0,0.27438685853683
4,13,46000.0,0.24997170101457
4,13,47000.0,0.28318842260902
4,13,48000.0,0.27131640316468
4,13,49000.0,0.29025822789945
4,13,50000.0,0.25414708041222
4,14,5000.0,-0.58395200781117
4,14,6000.0,-0.61589686465335
4,14,7000.0,-0.69296920685426
4,14,8000.0,-0.33503434292687
4,14,9000.0,-0.48584374572388
4,14,10000.0,-0.58253416870648
4,14,11000.0,-0.49969377663246
4,14,12000.0,0.11001253825311
4,14,13000.0,0.2274678308935
4,14,14000.0,0.11524814838753
4,14,15000.0,0.2565445063728
4,14,16000.0,0.23515314282217
4,14,17000.0,0.27094905187304
4,14,18000.0,0.21939381672698
4,14,19000.0,0.25462900945296
4,14,20000.0,0.22052157859694
4,14,21000.0,0.25643630114078
4,14,22000.0,0.21772558563088
4,14,23000.0,0.082199985947677
4,14,24000.0,0.20153393664078
4,14,25000.0,0.24544283938055
4,14,26000.0,0.23819143995321
4,14,27000.0,0.20214990578847
4,14,28000.0,0.21569963363376
4,14,29000.0,0.25016077233211
4,14,30000.0,0.22914079700572
4,14,31000.0,0.22930126264485
4,14,32000.0,0.19232758643688
4,14,33000.0,0.17601721843267
4,14,34000.0,0.23405901069611
4,14,35000.0,0.18560512340711
4,14,36000.0,0.17974224223769
4,14,37000.0,-0.10869312730959
4,14,38000.0,0.21035012107801
4,14,39000.0,0.22066158792437
4,14,40000.0,0.15436945505404
4,14,41000.0,0.20449109084909
4,14,42000.0,-0.10239484134698
4,14,43000.0,0.18831716890231
4,14,44000.0,0.19413582819376
4,14,45000.0,0.22545978574085
4,14,46000.0,0.19871289382264
4,14,47000.0,0.20668702857929
4,14,48000.0,0.18386460391331
4,14,49000.0,0.19677423459647
4,14,50000.0,0.17770270420142
4,15,5000.0,0.066021254920757
4,15,6000.0,0.049289131374311
4,15,7000.0,-0.64576648898471
4,15,8000.0,-0.56941581363913
4,15,9000.0,-0.58905655955023
4,15,10000.0,-0.60616047708015
4,15,11000.0,-0.65141473363845
4,15,12000.0,0.19555481846508
4,15,13000.0,0.37118058900475
4,15,14000.0,0.23219096473696
4,15,15000.0,0.16185944354397
4,15,16000.0,0.22543877548219
4,15,17000.0,0.20622208433375
4,15,18000.0,0.19948446120883
4,15,19000.0,0.21199935289275
4,15,20000.0,0.15994636276666
4,15,21000.0,0.21704977167438
4,15,22000.0,0.21568398977702
4,15,23000.0,0.20467556534733
4,15,24000.0,0.20842251331786
4,15,25000.0,0.22280250109508
4,15,26000.0,0.17272029628974
4,15,27000.0,0.19560159049222
4,15,28000.0,0.20769737698459
4,15,29000.0,0.23331101531727
4,15,30000.0,0.20333770482321
4,15,31000.0,0.062333858618996
4,15,32000.0,0.35869094333998
4,15,33000.0,0.21379683748115
4,15,34000.0,0.21902996187401
4,15,35000.0,0.1598079697486
4,15,36000.0,0.20133641799445
4,15,37000.0,0.22242005281967
4,15,38000.0,0.2178962321351
4,15,39000.0,0.21608975299789
4,15,40000.0,0.064049282578299
4,15,41000.0,0.16265157716724
4,15,42000.0,0.19419970006019
4,15,43000.0,0.21392233213336
4,15,44000.0,0.34697260685366
4,15,45000.0,0.20726025464504
4,15,46000.0,0.17867544817752
4,15,47000.0,0.22170934406518
4,15,48000.0,0.17089068388117
4,15,49000.0,0.22335841124075
4,15,50000.0,0.18329661842859
4,16,5000.0,0.39957107811325
4,16,6000.0,0.1100164764462
4,16,7000.0,0.044556145689552
4,16,8000.0,0.12967920756627
4,16,9000.0,0.1084258217741
4,16,10000.0,-0.061358750694663
4,16,11000.0,0.077073537510407
4,16,12000.0,0.10571736142547
4,16,13000.0,-0.064052171950861
4,16,14000.0,0.10791290640784
4,16,15000.0,0.073783953694051
4,16,16000.0,0.11486496312828
4,16,17000.0,0.12089013148471
4,16,18000.0,0.054689439041282
4,16,19000.0,0.11121076012553
4,16,20000.0,0.093604994180769
4,16,21000.0,0.12695317083857
4,16,22000.0,-0.09131517137275
4,16,23000.0,-0.05134843512097
4,16,24000.0,0.11975333709706
4,16,25000.0,0.79801754590872
4,16,26000.0,-0.54894723413745
4,16,27000.0,-0.53022270515496
4,16,28000.0,-0.54991112324353
4,16,29000.0,-0.51981639053889
4,16,30000.0,-0.53427846667904
4,16,31000.0,-0.54331827336811
4,16,32000.0,0.80317095838261
4,16,33000.0,0.42244938005037
4,16,34000.0,0.30342024010169
4,16,35000.0,0.40740900907778
4,16,36000.0,0.37226936692241
4,16,37000.0,0.42922046233707
4,16,38000.0,0.41993506346267
4,16,39000.0,0.40510172930006
4,16,40000.0,0.41336647435865
4,16,41000.0,0.39526197491146
4,16,42000.0,0.23690901759547
4,16,43000.0,0.42564033854365
4,16,44000.0,0.41888767621288
4,16,45000.0,0.41744216139414
4,16,46000.0,0.41644304576146
4,16,47000.0,0.40189490492353
4,16,48000.0,0.41256626413214
4,16,49000.0,0.43261452946517
4,16,50000.0,0.40982352532408
4,17,5000.0,0.086040271136006
4,17,6000.0,0.084357504306481
4,17,7000.0,0.016993624167102
4,17,8000.0,0.082940009144703
4,17,9000.0,0.093453584811734
4,17,10000.0,0.030283981422076
4,17,11000.0,0.039372946484648
4,17,12000.0,0.08848638106232
4,17,13000.0,0.037918367400449
4,17,14000.0,0.094338664442819
4,17,15000.0,0.058630266333076
4,17,16000.0,0.052218697796179
4,17,17000.0,0.085975252962131
4,17,18000.0,0.082778979833398
4,17,19000.0,0.092358997463751
4,17,20000.0,0.094046219427481
4,17,21000.0,0.066251423636842
4,17,22000.0,0.076231979164427
4,17,23000.0,0.1009299512694
4,17,24000.0,0.061892467096668
4,17,25000.0,0.091689813068239
4,17,26000.0,-0.090677454755917
4,17,27000.0,-0.080581493980075
4,17,28000.0,0.01323055320054
4,17,29000.0,0.3863324465896
4,17,30000.0,0.39566360935793
4,17,31000.0,0.36200102651039
4,17,32000.0,0.37416065146592
4,17,33000.0,0.36671967299948
4,17,34000.0,0.37895680568091
4,17,35000.0,0.37217607296278
4,17,36000.0,0.33937527427279
4,17,37000.0,0.38397542557244
4,17,38000.0,0.3804094249656
4,17,39000.0,-0.09626638785132
4,17,40000.0,0.32695978257676
4,17,41000.0,0.35773663800972
4,17,42000.0,0.34885180934261
4,17,43000.0,0.37286638646119
4,17,44000.0,0.082113953085871
4,17,45000.0,0.3828330864322
4,17,46000.0,0.3130988958268
4,17,47000.0,0.35724977034294
4,17,48000.0,0.36713947181603
4,17,49000.0,0.39572210606102
4,17,50000.0,0.34258729439062
4,18,5000.0,0.10625282442799
4,18,6000.0,-0.61017207844272
4,18,7000.0,-0.65866306299915
4,18,8000.0,-0.56430450687225
4,18,9000.0,-0.61860885405327
4,18,10000.0,-0.465388085739
4,18,11000.0,-0.53609242921996
4,18,12000.0,0.083882700548009
4,18,13000.0,0.080892155544515
4,18,14000.0,0.24236399729968
4,18,15000.0,0.13788492518607
4,18,16000.0,-0.073623663229679
4,18,17000.0,0.097400891151586
4,18,18000.0,0.33633344783927
4,18,19000.0,0.074081056800044
4,18,20000.0,0.22041719743702
4,18,21000.0,0.39760835435377
4,18,22000.0,0.19323452400502
4,18,23000.0,0.17960782377392
4,18,24000.0,0.24613102504389
4,18,25000.0,0.23042675509284
4,18,26000.0,0.15526095715233
4,18,27000.0,0.22626084209605
4,18,28000.0,0.15707465607355
4,18,29000.0,0.22791971954051
4,18,30000.0,0.21462247511249
4,18,31000.0,0.1761942424803
4,18,32000.0,0.20532668808366
4,18,33000.0,0.19712620856198
4,18,34000.0,0.21033072775451
4,18,35000.0,0.2008690102822
4,18,36000.0,0.14715796233069
4,18,37000.0,0.23121388375983
4,18,38000.0,0.22252166230028
4,18,39000.0,0.13363092714878
4,18,40000.0,-0.098285626126757
4,18,41000.0,0.32545495471178
4,18,42000.0,0.31995396899594
4,18,43000.0,0.15953209833286
4,18,44000.0,0.36953051709385
4,18,45000.0,0.19990384786917
4,18,46000.0,0.580049921683
4,18,47000.0,0.02430170330306
4,18,48000.0,-0.41461772544803
4,18,49000.0,-0.49933435771266
4,18,50000.0,-0.43055124271609
4,19,5000.0,0.1113932195882
4,19,6000.0,0.091215532824438
4,19,7000.0,0.035808698679145
4,19,8000.0,0.13279223573191
4,19,9000.0,0.12334193054574
4,19,10000.0,0.077783631402098
4,19,11000.0,0.09381304385894
4,19,12000.0,0.12974373982407
4,19,13000.0,0.11407523104976
4,19,14000.0,0.12800415533616
4,19,15000.0,0.086667477022722
4,19,16000.0,0.12208697297039
4,19,17000.0,0.12681622739963
4,19,18000.0,0.11672867575937
4,19,19000.0,0.091953969983829
4,19,20000.0,0.11093206023857
4,19,21000.0,0.28681632804527
4,19,22000.0,0.08666332391776
4,19,23000.0,0.099003032270776
4,19,24000.0,0.11395921054161
4,19,25000.0,0.11422611844288
4,19,26000.0,0.088797491047124
4,19,27000.0,0.11576576664727
4,19,28000.0,0.10641873803542
4,19,29000.0,0.12538853394179
4,19,30000.0,0.11104201421271
4,19,31000.0,0.081577577844301
4,19,32000.0,0.11144149516747
4,19,33000.0,0.11897813136359
4,19,34000.0,-0.050931832771486
4,19,35000.0,0.078802002276058
4,19,36000.0,0.090963598140467
4,19,37000.0,0.11138225435682
4,19,38000.0,0.1217703383513
4,19,39000.0,0.098429648657585
4,19,40000.0,0.10948066477199
4,19,41000.0,0.10680775615662
4,19,42000.0,0.10680708241583
4,19,43000.0,0.11281177077252
4,19,44000.0,0.094072940084972
4,19,45000.0,0.10861359243989
4,19,46000.0,0.061793325235395
4,19,47000.0,0.11531533096036
4,19,48000.0,0.064673133664594
4,19,49000.0,0.11299990012204
4,19,50000.0,0.058407549539899
4,20,5000.0,-0.57674989503898
4,20,6000.0,-0.56628663783073
4,20,7000.0,-0.67090519143026
4,20,8000.0,-0.35849514211725
4,20,9000.0,-0.55739000604447
4,20,10000.0,-0.52570010874708
4,20,11000.0,-0.59430008561866
4,20,12000.0,0.26286727188003
4,20,13000.0,-0.089643420402236
4,20,14000.0,0.27104401359733
4,20,15000.0,0.15783428247874
4,20,16000.0,0.25947097034114
4,20,17000.0,0.25936412245861
4,20,18000.0,0.25283004962272
4,20,19000.0,0.22811798834537
4,20,20000.0,-0.088371539841652
4,20,21000.0,-0.07986936322313
4,20,22000.0,0.21965395967643
4,20,23000.0,0.27882323540983
4,20,24000.0,0.24210331549526
4,20,25000.0,0.25200760613986
4,20,26000.0,0.24396286162571
4,20,27000.0,0.272945443033
4,20,28000.0,0.24023674509739
4,20,29000.0,0.27348123407029
4,20,30000.0,0.27044834916578
4,20,31000.0,0.18504079801233
4,20,32000.0,0.2651579154302
4,20,33000.0,0.27958511179919
4,20,34000.0,0.1069321058739
4,20,35000.0,0.25911666906056
4,20,36000.0,-0.11252917928927
4,20,37000.0,0.28514931881081
4,20,38000.0,0.25520927213483
4,20,39000.0,0.26732255547119
4,20,40000.0,0.26886163701165
4,20,41000.0,0.23879632309498
4,20,42000.0,0.21126054388858
4,20,43000.0,0.26721022663098
4,20,44000.0,0.27767983074506
4,20,45000.0,0.25372900150468
4,20,46000.0,0.17366340274863
4,20,47000.0,0.24599007372739
4,20,48000.0,0.22230817873753
4,20,49000.0,0.28543379338941
4,20,50000.0,0.203000138891
4,21,5000.0,0.079917371913532
4,21,6000.0,0.074969474840571
4,21,7000.0,0.06391789289915
4,21,8000.0,0.090333672730587
4,21,9000.0,0.05914893168271
4,21,10000.0,0.088785209881631
4,21,11000.0,0.061958269057205
4,21,12000.0,0.089875447651601
4,21,13000.0,0.066400577529039
4,21,14000.0,0.083963619364114
4,21,15000.0,0.070911909316032
4,21,16000.0,-0.10021501827268
4,21,17000.0,0.09190159322068
4,21,18000.0,0.060700077680921
4,21,19000.0,0.092792438060991
4,21,20000.0,0.075221391586761
4,21,21000.0,0.087142736635605
4,21,22000.0,-0.62112257546582
4,21,23000.0,-0.63151808043101
4,21,24000.0,-0.60775703743404
4,21,25000.0,-0.59529958916305
4,21,26000.0,-0.58953929538062
4,21,27000.0,-0.65331599256091
4,21,28000.0,-0.40702118105564
4,21,29000.0,-0.57691301624797
4,21,30000.0,-0.48738852984722
4,21,31000.0,-0.5908336417557
4,21,32000.0,0.33559634982661
4,21,33000.0,0.065438245495375
4,21,34000.0,0.23097199182176
4,21,35000.0,0.081117972818725
4,21,36000.0,-0.11842978203598
4,21,37000.0,0.3820748220064
4,21,38000.0,0.20691391995043
4,21,39000.0,0.078101111055862
4,21,40000.0,0.35981643198599
4,21,41000.0,0.23596411772371
4,21,42000.0,0.23230036209779
4,21,43000.0,0.19794179053462
4,21,44000.0,0.20014190613898
4,21,45000.0,0.23854831836762
4,21,46000.0,0.20353522289116
4,21,47000.0,0.21905993523458
4,21,48000.0,0.19742038274785
4,21,49000.0,0.22790047655182
4,21,50000.0,0.14179492190203
4,22,5000.0,0.19367223983775
4,22,6000.0,-0.61923859792757
4,22,7000.0,-0.65160409456199
4,22,8000.0,-0.39365248511966
4,22,9000.0,-0.64778850553372
4,22,10000.0,-0.5793407797567
4,22,11000.0,-0.61650779897545
4,22,12000.0,0.20245789735299
4,22,13000.0,0.16835782456459
4,22,14000.0,0.20372237781652
4,22,15000.0,0.16356739428075
4,22,16000.0,0.17682774095967
4,22,17000.0,0.20249489980797
4,22,18000.0,0.17638156238391
4,22,19000.0,0.18137609185476
4,22,20000.0,0.14299834720574
4,22,21000.0,0.18960923169263
4,22,22000.0,0.1579533524175
4,22,23000.0,0.18115201346499
4,22,24000.0,0.15714138485008
4,22,25000.0,0.15594328364897
4,22,26000.0,0.17632893791493
4,22,27000.0,0.1458593968442
4,22,28000.0,0.13656434023976
4,22,29000.0,0.18658786157188
4,22,30000.0,0.19068797600414
4,22,31000.0,0.16322062231902
4,22,32000.0,0.12055492577748
4,22,33000.0,0.18381250120502
4,22,34000.0,0.1745671795089
4,22,35000.0,0.1561798802841
4,22,36000.0,0.13471300255593
4,22,37000.0,0.16652219928707
4,22,38000.0,0.1745853484787
4,22,39000.0,0.157682003884
4,22,40000.0,0.16640235239732
4,22,41000.0,0.1414166947028
4,22,42000.0,0.17984456136442
4,22,43000.0,0.14961023100323
4,22,44000.0,0.162300722688
4,22,45000.0,0.16024209114943
4,22,46000.0,0.15682143104853
4,22,47000.0,0.17360548283146
4,22,48000.0,0.15033182461018
4,22,49000.0,0.15288894783443
4,22,50000.0,0.15244219734488
4,23,5000.0,0.073668203965749
4,23,6000.0,0.10331346074467
4,23,7000.0,0.07554362319808
4,23,8000.0,0.10937361589226
4,23,9000.0,0.09040727613098
4,23,10000.0,0.10582002636058
4,23,11000.0,0.081013973923463
4,23,12000.0,0.11453972422789
4,23,13000.0,0.091778200475498
4,23,14000.0,0.097335505331578
4,23,15000.0,0.1027819871833
4,23,16000.0,0.1120726870679
4,23,17000.0,0.09443539998193
4,23,18000.0,0.089835879853115
4,23,19000.0,0.11050470384606
4,23,20000.0,0.1986151662351
4,23,21000.0,0.1059913376142
4,23,22000.0,0.085401769195354
4,23,23000.0,0.096618285220497
4,23,24000.0,0.10240347423165
4,23,25000.0,0.11188397553303
4,23,26000.0,0.094632049806607
4,23,27000.0,-0.58317050659113
4,23,28000.0,-0.55536463836614
4,23,29000.0,-0.55663605809259
4,23,30000.0,-0.54868705913979
4,23,31000.0,-0.58356191208109
4,23,32000.0,0.095435460512981
4,23,33000.0,0.26848330554255
4,23,34000.0,0.2584363575861
4,23,35000.0,0.10627765749789
4,23,36000.0,0.10114925244867
4,23,37000.0,0.10644490016215
4,23,38000.0,0.11177250760026
4,23,39000.0,0.38753632844674
4,23,40000.0,0.39663275453032
4,23,41000.0,0.25895686333387
4,23,42000.0,0.26250881937831
4,23,43000.0,0.26606984533177
4,23,44000.0,0.2657557803179
4,23,45000.0,0.27804136741221
4,23,46000.0,0.25717570330242
4,23,47000.0,0.25701318878908
4,23,48000.0,-0.073320241717498
4,23,49000.0,0.26761449700774
4,23,50000.0,0.21180362662414
4,24,5000.0,0.32857577474997
4,24,6000.0,0.31347141431598
4,24,7000.0,-0.7
4,24,8000.0,-0.65730376975098
4,24,9000.0,-0.42507923513425
4,24,10000.0,-0.68668899059048
4,24,11000.0,-0.63452821669416
4,24,12000.0,-0.15828155103597
4,24,13000.0,0.033334100478388
4,24,14000.0,0.037965465317143
4,24,15000.0,0.0
4,24,16000.0,0.038468840983126
4,24,17000.0,0.043955791419387
4,24,18000.0,0.015928461722012
4,24,19000.0,0.011319160717626
4,24,20000.0,0.039562619794539
4,24,21000.0,0.040695794340924
4,24,22000.0,0.31561646710429
4,24,23000.0,0.31125191438661
4,24,24000.0,0.33488886298989
4,24,25000.0,0.32791581788032
4,24,26000.0,0.32397427458476
4,24,27000.0,0.33421992307946
4,24,28000.0,0.3
4,24,29000.0,0.3359216658127
4,24,30000.0,0.32965227910004
4,24,31000.0,0.31052365252854
4,24,32000.0,0.71356558376609
4,24,33000.0,0.31450056553915
4,24,34000.0,0.32688023492388
4,24,35000.0,0.3
4,24,36000.0,0.31546185719558
4,24,37000.0,0.33182918646238
4,24,38000.0,0.33639922590884
4,24,39000.0,0.3
4,24,40000.0,0.3301603304568
4,24,41000.0,0.33655259233896
4,24,42000.0,0.32894183954061
4,24,43000.0,0.31391222093412
4,24,44000.0,0.34310571088635
4,24,45000.0,0.33076433361251
4,24,46000.0,0.3
4,24,47000.0,0.30781674251054
4,24,48000.0,0.32337020987166
4,24,49000.0,0.33796811022704
4,24,50000.0,0.044999221429513
