run,type,module,name,attrname,attrvalue,vectime,vecvalue
General-3-20251226-15:26:32-111137,runattr,,,configname,General,,
General-3-20251226-15:26:32-111137,runattr,,,datetime,20251226-15:26:32,,
General-3-20251226-15:26:32-111137,runattr,,,datetimef,20251226-152632,,
General-3-20251226-15:26:32-111137,runattr,,,experiment,General,,
General-3-20251226-15:26:32-111137,runattr,,,inifile,omnetpp.ini,,
General-3-20251226-15:26:32-111137,runattr,,,iterationvars,,,
General-3-20251226-15:26:32-111137,runattr,,,iterationvarsd,,,
General-3-20251226-15:26:32-111137,runattr,,,iterationvarsf,,,
General-3-20251226-15:26:32-111137,runattr,,,measurement,,,
General-3-20251226-15:26:32-111137,runattr,,,network,src.AdhocNetwork1,,
General-3-20251226-15:26:32-111137,runattr,,,processid,111137,,
General-3-20251226-15:26:32-111137,runattr,,,repetition,3,,
General-3-20251226-15:26:32-111137,runattr,,,replication,#3,,
General-3-20251226-15:26:32-111137,runattr,,,resultdir,results,,
General-3-20251226-15:26:32-111137,runattr,,,runnumber,3,,
General-3-20251226-15:26:32-111137,runattr,,,seedset,3,,
General-3-20251226-15:26:32-111137,config,,,image-path,../../../inet4.5/images,,
General-3-20251226-15:26:32-111137,config,,,repeat,5,,
General-3-20251226-15:26:32-111137,config,,,network,src.AdhocNetwork1,,
General-3-20251226-15:26:32-111137,config,,,sim-time-limit,50s,,
General-3-20251226-15:26:32-111137,config,,,*.host[*].ipv4.arp.typename,GlobalArp,,
General-3-20251226-15:26:32-111137,config,,,*.host[*].numApps,3,,
General-3-20251226-15:26:32-111137,config,,,*.host[*].app[0].typename,src.cluster.ClusterApp,,
General-3-20251226-15:26:32-111137,config,,,*.host[*].app[0].localPort,4000,,
General-3-20251226-15:26:32-111137,config,,,*.host[*].app[0].destPort,4000,,
General-3-20251226-15:26:32-111137,config,,,*.host[*].app[0].helloInterval,1s,,
General-3-20251226-15:26:32-111137,config,,,*.host[*].app[0].cfInterval,3s,,
General-3-20251226-15:26:32-111137,config,,,*.host[*].app[0].hldTimeThreshold,1s,,
General-3-20251226-15:26:32-111137,config,,,*.host[*].app[0].maxTrials,3,,
General-3-20251226-15:26:32-111137,config,,,*.host[*].app[0].requestTimeout,1s,,
General-3-20251226-15:26:32-111137,config,,,*.host[*].app[0].maxClusterSize,10,,
General-3-20251226-15:26:32-111137,config,,,*.host[*].app[1].typename,src.tcp.RecordingTcpClientApp,,
General-3-20251226-15:26:32-111137,config,,,*.host[*].app[1].delaySamplePeriod,1s,,
General-3-20251226-15:26:32-111137,config,,,*.host[*].app[1].delayStaleWindow,3s,,
General-3-20251226-15:26:32-111137,config,,,*.host[*].app[1].connectPort,1000,,
General-3-20251226-15:26:32-111137,config,,,*.host[*].app[1].tOpen,"uniform(1s, 2s)",,
General-3-20251226-15:26:32-111137,config,,,*.host[*].app[1].tSend,"uniform(1s, 2s)",,
General-3-20251226-15:26:32-111137,config,,,*.host[*].app[1].thinkTime,"uniform(0s, 1s)",,
General-3-20251226-15:26:32-111137,config,,,*.host[*].app[1].idleInterval,"uniform(3s, 5s)",,
General-3-20251226-15:26:32-111137,config,,,*.host[*].app[1].sendBytes,200B,,
General-3-20251226-15:26:32-111137,config,,,*.host[*].app[1].sendInterval,"uniform(1s, 2s)",,
General-3-20251226-15:26:32-111137,config,,,*.host[*].app[1].connectAddress,"""host["" + string((index + intuniform(1,24)) % 25) + ""]""",,
General-3-20251226-15:26:32-111137,config,,,*.host[*].app[2].typename,TcpEchoApp,,
General-3-20251226-15:26:32-111137,config,,,*.host[*].app[2].localPort,1000,,
General-3-20251226-15:26:32-111137,config,,,*.host[*].typename,RouterWithMetrics,,
General-3-20251226-15:26:32-111137,config,,,**.metrics.samplePeriod,0.5s,,
General-3-20251226-15:26:32-111137,config,,,**.metrics.recordPerUtility,true,,
General-3-20251226-15:26:32-111137,config,,,*.host[*].wlan[0].typename,WirelessInterface,,
General-3-20251226-15:26:32-111137,config,,,*.host[*].wlan[0].radio.transmitter.communicationRange,350m,,
General-3-20251226-15:26:32-111137,config,,,*.host[*].wlan[0].radio.receiver.ignoreInterference,false,,
General-3-20251226-15:26:32-111137,config,,,*.host[*].wlan[0].radio.transmitter.interferenceRange,400m,,
General-3-20251226-15:26:32-111137,config,,,*.host[*].wlan[0].radio.typename,UnitDiskRadio,,
General-3-20251226-15:26:32-111137,config,,,*.host[*].wlan[0].mac.typename,CsmaCaMac,,
General-3-20251226-15:26:32-111137,config,,,*.host[*].wlan[0].mac.fullDuplex,false,,
General-3-20251226-15:26:32-111137,config,,,*.host[*].wlan[0].mac.useBackoff,true,,
General-3-20251226-15:26:32-111137,config,,,*.host[*].wlan[0].mac.useAck,false,,
General-3-20251226-15:26:32-111137,config,,,*.host[*].wlan[0].mac.useRtsCts,false,,
General-3-20251226-15:26:32-111137,config,,,*.host[*].mobility.typename,RandomWaypointMobility,,
General-3-20251226-15:26:32-111137,config,,,*.host[*].mobility.speed,10mps,,
General-3-20251226-15:26:32-111137,config,,,*.host[*].mobility.waitTime,100ms,,
General-3-20251226-15:26:32-111137,config,,,*.host[*].wlan[0].queue.typename,DropTailQueue,,
General-3-20251226-15:26:32-111137,config,,,*.host[*].wlan[0].queue.packetCapacity,10,,
General-3-20251226-15:26:32-111137,config,,,*.host[*].hasStatus,true,,
General-3-20251226-15:26:32-111137,config,,,*.host[*].wlan[0].radio.energyConsumer.typename,StateBasedEpEnergyConsumer,,
General-3-20251226-15:26:32-111137,config,,,*.host[*].wlan[0].radio.energyConsumer.offPowerConsumption,0mW,,
General-3-20251226-15:26:32-111137,config,,,*.host[*].wlan[0].radio.energyConsumer.sleepPowerConsumption,1mW,,
General-3-20251226-15:26:32-111137,config,,,*.host[*].wlan[0].radio.energyConsumer.switchingPowerConsumption,1mW,,
General-3-20251226-15:26:32-111137,config,,,*.host[*].wlan[0].radio.energyConsumer.receiverIdlePowerConsumption,2mW,,
General-3-20251226-15:26:32-111137,config,,,*.host[*].wlan[0].radio.energyConsumer.receiverBusyPowerConsumption,5mW,,
General-3-20251226-15:26:32-111137,config,,,*.host[*].wlan[0].radio.energyConsumer.receiverReceivingPowerConsumption,10mW,,
General-3-20251226-15:26:32-111137,config,,,*.host[*].wlan[0].radio.energyConsumer.transmitterIdlePowerConsumption,2mW,,
General-3-20251226-15:26:32-111137,config,,,*.host[*].wlan[0].radio.energyConsumer.transmitterTransmittingPowerConsumption,100mW,,
General-3-20251226-15:26:32-111137,config,,,*.host[*].energyStorage.typename,SimpleEpEnergyStorage,,
General-3-20251226-15:26:32-111137,config,,,*.host[*].energyStorage.nominalCapacity,2J,,
General-3-20251226-15:26:32-111137,config,,,*.host[*].energyStorage.initialCapacity,2J,,
General-3-20251226-15:26:32-111137,config,,,*.host[*].energyManagement.typename,SimpleEpEnergyManagement,,
General-3-20251226-15:26:32-111137,config,,,*.host[*].energyManagement.nodeStartCapacity,0.0001J,,
General-3-20251226-15:26:32-111137,config,,,*.host[*].energyManagement.nodeShutdownCapacity,0.0001J,,
General-3-20251226-15:26:32-111137,config,,,*.host[*].**.bitrate,1Mbps,,
General-3-20251226-15:26:32-111137,config,,,*.host[*].forwarding,true,,
General-3-20251226-15:26:32-111137,config,,,*.host[*].mobility.constraintAreaMinX,0m,,
General-3-20251226-15:26:32-111137,config,,,*.host[*].mobility.constraintAreaMinY,0m,,
General-3-20251226-15:26:32-111137,config,,,*.host[*].mobility.constraintAreaMinZ,0m,,
General-3-20251226-15:26:32-111137,config,,,*.host[*].mobility.constraintAreaMaxX,1250m,,
General-3-20251226-15:26:32-111137,config,,,*.host[*].mobility.constraintAreaMaxY,1250m,,
General-3-20251226-15:26:32-111137,config,,,*.host[*].mobility.constraintAreaMaxZ,0m,,
General-3-20251226-15:26:32-111137,config,,,*.host[*].mobility.initialX,"uniform(100m, 1150m)",,
General-3-20251226-15:26:32-111137,config,,,*.host[*].mobility.initialY,"uniform(100m, 1150m)",,
General-3-20251226-15:26:32-111137,config,,,*.host[*].wlan[0].radio.displayCommunicationRange,true,,
General-3-20251226-15:26:32-111137,config,,,*.configurator.config,"xml(""<config><interface hosts='**' address='10.0.0.x' netmask='255.255.255.0'/></config>"")",,
General-3-20251226-15:26:32-111137,config,,,*.configurator.addDefaultRoutes,false,,
General-3-20251226-15:26:32-111137,config,,,*.configurator.addStaticRoutes,false,,
General-3-20251226-15:26:32-111137,config,,,*.configurator.optimizeRoutes,false,,
General-3-20251226-15:26:32-111137,config,,,*.host*.ipv4.routingTable.netmaskRoutes,"""""",,
General-3-20251226-15:26:32-111137,config,,,*.linkVisualizer.*.displayLinks,false,,
General-1-20251226-15:26:32-111134,runattr,,,configname,General,,
General-1-20251226-15:26:32-111134,runattr,,,datetime,20251226-15:26:32,,
General-1-20251226-15:26:32-111134,runattr,,,datetimef,20251226-152632,,
General-1-20251226-15:26:32-111134,runattr,,,experiment,General,,
General-1-20251226-15:26:32-111134,runattr,,,inifile,omnetpp.ini,,
General-1-20251226-15:26:32-111134,runattr,,,iterationvars,,,
General-1-20251226-15:26:32-111134,runattr,,,iterationvarsd,,,
General-1-20251226-15:26:32-111134,runattr,,,iterationvarsf,,,
General-1-20251226-15:26:32-111134,runattr,,,measurement,,,
General-1-20251226-15:26:32-111134,runattr,,,network,src.AdhocNetwork1,,
General-1-20251226-15:26:32-111134,runattr,,,processid,111134,,
General-1-20251226-15:26:32-111134,runattr,,,repetition,1,,
General-1-20251226-15:26:32-111134,runattr,,,replication,#1,,
General-1-20251226-15:26:32-111134,runattr,,,resultdir,results,,
General-1-20251226-15:26:32-111134,runattr,,,runnumber,1,,
General-1-20251226-15:26:32-111134,runattr,,,seedset,1,,
General-1-20251226-15:26:32-111134,config,,,image-path,../../../inet4.5/images,,
General-1-20251226-15:26:32-111134,config,,,repeat,5,,
General-1-20251226-15:26:32-111134,config,,,network,src.AdhocNetwork1,,
General-1-20251226-15:26:32-111134,config,,,sim-time-limit,50s,,
General-1-20251226-15:26:32-111134,config,,,*.host[*].ipv4.arp.typename,GlobalArp,,
General-1-20251226-15:26:32-111134,config,,,*.host[*].numApps,3,,
General-1-20251226-15:26:32-111134,config,,,*.host[*].app[0].typename,src.cluster.ClusterApp,,
General-1-20251226-15:26:32-111134,config,,,*.host[*].app[0].localPort,4000,,
General-1-20251226-15:26:32-111134,config,,,*.host[*].app[0].destPort,4000,,
General-1-20251226-15:26:32-111134,config,,,*.host[*].app[0].helloInterval,1s,,
General-1-20251226-15:26:32-111134,config,,,*.host[*].app[0].cfInterval,3s,,
General-1-20251226-15:26:32-111134,config,,,*.host[*].app[0].hldTimeThreshold,1s,,
General-1-20251226-15:26:32-111134,config,,,*.host[*].app[0].maxTrials,3,,
General-1-20251226-15:26:32-111134,config,,,*.host[*].app[0].requestTimeout,1s,,
General-1-20251226-15:26:32-111134,config,,,*.host[*].app[0].maxClusterSize,10,,
General-1-20251226-15:26:32-111134,config,,,*.host[*].app[1].typename,src.tcp.RecordingTcpClientApp,,
General-1-20251226-15:26:32-111134,config,,,*.host[*].app[1].delaySamplePeriod,1s,,
General-1-20251226-15:26:32-111134,config,,,*.host[*].app[1].delayStaleWindow,3s,,
General-1-20251226-15:26:32-111134,config,,,*.host[*].app[1].connectPort,1000,,
General-1-20251226-15:26:32-111134,config,,,*.host[*].app[1].tOpen,"uniform(1s, 2s)",,
General-1-20251226-15:26:32-111134,config,,,*.host[*].app[1].tSend,"uniform(1s, 2s)",,
General-1-20251226-15:26:32-111134,config,,,*.host[*].app[1].thinkTime,"uniform(0s, 1s)",,
General-1-20251226-15:26:32-111134,config,,,*.host[*].app[1].idleInterval,"uniform(3s, 5s)",,
General-1-20251226-15:26:32-111134,config,,,*.host[*].app[1].sendBytes,200B,,
General-1-20251226-15:26:32-111134,config,,,*.host[*].app[1].sendInterval,"uniform(1s, 2s)",,
General-1-20251226-15:26:32-111134,config,,,*.host[*].app[1].connectAddress,"""host["" + string((index + intuniform(1,24)) % 25) + ""]""",,
General-1-20251226-15:26:32-111134,config,,,*.host[*].app[2].typename,TcpEchoApp,,
General-1-20251226-15:26:32-111134,config,,,*.host[*].app[2].localPort,1000,,
General-1-20251226-15:26:32-111134,config,,,*.host[*].typename,RouterWithMetrics,,
General-1-20251226-15:26:32-111134,config,,,**.metrics.samplePeriod,0.5s,,
General-1-20251226-15:26:32-111134,config,,,**.metrics.recordPerUtility,true,,
General-1-20251226-15:26:32-111134,config,,,*.host[*].wlan[0].typename,WirelessInterface,,
General-1-20251226-15:26:32-111134,config,,,*.host[*].wlan[0].radio.transmitter.communicationRange,350m,,
General-1-20251226-15:26:32-111134,config,,,*.host[*].wlan[0].radio.receiver.ignoreInterference,false,,
General-1-20251226-15:26:32-111134,config,,,*.host[*].wlan[0].radio.transmitter.interferenceRange,400m,,
General-1-20251226-15:26:32-111134,config,,,*.host[*].wlan[0].radio.typename,UnitDiskRadio,,
General-1-20251226-15:26:32-111134,config,,,*.host[*].wlan[0].mac.typename,CsmaCaMac,,
General-1-20251226-15:26:32-111134,config,,,*.host[*].wlan[0].mac.fullDuplex,false,,
General-1-20251226-15:26:32-111134,config,,,*.host[*].wlan[0].mac.useBackoff,true,,
General-1-20251226-15:26:32-111134,config,,,*.host[*].wlan[0].mac.useAck,false,,
General-1-20251226-15:26:32-111134,config,,,*.host[*].wlan[0].mac.useRtsCts,false,,
General-1-20251226-15:26:32-111134,config,,,*.host[*].mobility.typename,RandomWaypointMobility,,
General-1-20251226-15:26:32-111134,config,,,*.host[*].mobility.speed,10mps,,
General-1-20251226-15:26:32-111134,config,,,*.host[*].mobility.waitTime,100ms,,
General-1-20251226-15:26:32-111134,config,,,*.host[*].wlan[0].queue.typename,DropTailQueue,,
General-1-20251226-15:26:32-111134,config,,,*.host[*].wlan[0].queue.packetCapacity,10,,
General-1-20251226-15:26:32-111134,config,,,*.host[*].hasStatus,true,,
General-1-20251226-15:26:32-111134,config,,,*.host[*].wlan[0].radio.energyConsumer.typename,StateBasedEpEnergyConsumer,,
General-1-20251226-15:26:32-111134,config,,,*.host[*].wlan[0].radio.energyConsumer.offPowerConsumption,0mW,,
General-1-20251226-15:26:32-111134,config,,,*.host[*].wlan[0].radio.energyConsumer.sleepPowerConsumption,1mW,,
General-1-20251226-15:26:32-111134,config,,,*.host[*].wlan[0].radio.energyConsumer.switchingPowerConsumption,1mW,,
General-1-20251226-15:26:32-111134,config,,,*.host[*].wlan[0].radio.energyConsumer.receiverIdlePowerConsumption,2mW,,
General-1-20251226-15:26:32-111134,config,,,*.host[*].wlan[0].radio.energyConsumer.receiverBusyPowerConsumption,5mW,,
General-1-20251226-15:26:32-111134,config,,,*.host[*].wlan[0].radio.energyConsumer.receiverReceivingPowerConsumption,10mW,,
General-1-20251226-15:26:32-111134,config,,,*.host[*].wlan[0].radio.energyConsumer.transmitterIdlePowerConsumption,2mW,,
General-1-20251226-15:26:32-111134,config,,,*.host[*].wlan[0].radio.energyConsumer.transmitterTransmittingPowerConsumption,100mW,,
General-1-20251226-15:26:32-111134,config,,,*.host[*].energyStorage.typename,SimpleEpEnergyStorage,,
General-1-20251226-15:26:32-111134,config,,,*.host[*].energyStorage.nominalCapacity,2J,,
General-1-20251226-15:26:32-111134,config,,,*.host[*].energyStorage.initialCapacity,2J,,
General-1-20251226-15:26:32-111134,config,,,*.host[*].energyManagement.typename,SimpleEpEnergyManagement,,
General-1-20251226-15:26:32-111134,config,,,*.host[*].energyManagement.nodeStartCapacity,0.0001J,,
General-1-20251226-15:26:32-111134,config,,,*.host[*].energyManagement.nodeShutdownCapacity,0.0001J,,
General-1-20251226-15:26:32-111134,config,,,*.host[*].**.bitrate,1Mbps,,
General-1-20251226-15:26:32-111134,config,,,*.host[*].forwarding,true,,
General-1-20251226-15:26:32-111134,config,,,*.host[*].mobility.constraintAreaMinX,0m,,
General-1-20251226-15:26:32-111134,config,,,*.host[*].mobility.constraintAreaMinY,0m,,
General-1-20251226-15:26:32-111134,config,,,*.host[*].mobility.constraintAreaMinZ,0m,,
General-1-20251226-15:26:32-111134,config,,,*.host[*].mobility.constraintAreaMaxX,1250m,,
General-1-20251226-15:26:32-111134,config,,,*.host[*].mobility.constraintAreaMaxY,1250m,,
General-1-20251226-15:26:32-111134,config,,,*.host[*].mobility.constraintAreaMaxZ,0m,,
General-1-20251226-15:26:32-111134,config,,,*.host[*].mobility.initialX,"uniform(100m, 1150m)",,
General-1-20251226-15:26:32-111134,config,,,*.host[*].mobility.initialY,"uniform(100m, 1150m)",,
General-1-20251226-15:26:32-111134,config,,,*.host[*].wlan[0].radio.displayCommunicationRange,true,,
General-1-20251226-15:26:32-111134,config,,,*.configurator.config,"xml(""<config><interface hosts='**' address='10.0.0.x' netmask='255.255.255.0'/></config>"")",,
General-1-20251226-15:26:32-111134,config,,,*.configurator.addDefaultRoutes,false,,
General-1-20251226-15:26:32-111134,config,,,*.configurator.addStaticRoutes,false,,
General-1-20251226-15:26:32-111134,config,,,*.configurator.optimizeRoutes,false,,
General-1-20251226-15:26:32-111134,config,,,*.host*.ipv4.routingTable.netmaskRoutes,"""""",,
General-1-20251226-15:26:32-111134,config,,,*.linkVisualizer.*.displayLinks,false,,
General-4-20251226-15:26:32-111136,runattr,,,configname,General,,
General-4-20251226-15:26:32-111136,runattr,,,datetime,20251226-15:26:32,,
General-4-20251226-15:26:32-111136,runattr,,,datetimef,20251226-152632,,
General-4-20251226-15:26:32-111136,runattr,,,experiment,General,,
General-4-20251226-15:26:32-111136,runattr,,,inifile,omnetpp.ini,,
General-4-20251226-15:26:32-111136,runattr,,,iterationvars,,,
General-4-20251226-15:26:32-111136,runattr,,,iterationvarsd,,,
General-4-20251226-15:26:32-111136,runattr,,,iterationvarsf,,,
General-4-20251226-15:26:32-111136,runattr,,,measurement,,,
General-4-20251226-15:26:32-111136,runattr,,,network,src.AdhocNetwork1,,
General-4-20251226-15:26:32-111136,runattr,,,processid,111136,,
General-4-20251226-15:26:32-111136,runattr,,,repetition,4,,
General-4-20251226-15:26:32-111136,runattr,,,replication,#4,,
General-4-20251226-15:26:32-111136,runattr,,,resultdir,results,,
General-4-20251226-15:26:32-111136,runattr,,,runnumber,4,,
General-4-20251226-15:26:32-111136,runattr,,,seedset,4,,
General-4-20251226-15:26:32-111136,config,,,image-path,../../../inet4.5/images,,
General-4-20251226-15:26:32-111136,config,,,repeat,5,,
General-4-20251226-15:26:32-111136,config,,,network,src.AdhocNetwork1,,
General-4-20251226-15:26:32-111136,config,,,sim-time-limit,50s,,
General-4-20251226-15:26:32-111136,config,,,*.host[*].ipv4.arp.typename,GlobalArp,,
General-4-20251226-15:26:32-111136,config,,,*.host[*].numApps,3,,
General-4-20251226-15:26:32-111136,config,,,*.host[*].app[0].typename,src.cluster.ClusterApp,,
General-4-20251226-15:26:32-111136,config,,,*.host[*].app[0].localPort,4000,,
General-4-20251226-15:26:32-111136,config,,,*.host[*].app[0].destPort,4000,,
General-4-20251226-15:26:32-111136,config,,,*.host[*].app[0].helloInterval,1s,,
General-4-20251226-15:26:32-111136,config,,,*.host[*].app[0].cfInterval,3s,,
General-4-20251226-15:26:32-111136,config,,,*.host[*].app[0].hldTimeThreshold,1s,,
General-4-20251226-15:26:32-111136,config,,,*.host[*].app[0].maxTrials,3,,
General-4-20251226-15:26:32-111136,config,,,*.host[*].app[0].requestTimeout,1s,,
General-4-20251226-15:26:32-111136,config,,,*.host[*].app[0].maxClusterSize,10,,
General-4-20251226-15:26:32-111136,config,,,*.host[*].app[1].typename,src.tcp.RecordingTcpClientApp,,
General-4-20251226-15:26:32-111136,config,,,*.host[*].app[1].delaySamplePeriod,1s,,
General-4-20251226-15:26:32-111136,config,,,*.host[*].app[1].delayStaleWindow,3s,,
General-4-20251226-15:26:32-111136,config,,,*.host[*].app[1].connectPort,1000,,
General-4-20251226-15:26:32-111136,config,,,*.host[*].app[1].tOpen,"uniform(1s, 2s)",,
General-4-20251226-15:26:32-111136,config,,,*.host[*].app[1].tSend,"uniform(1s, 2s)",,
General-4-20251226-15:26:32-111136,config,,,*.host[*].app[1].thinkTime,"uniform(0s, 1s)",,
General-4-20251226-15:26:32-111136,config,,,*.host[*].app[1].idleInterval,"uniform(3s, 5s)",,
General-4-20251226-15:26:32-111136,config,,,*.host[*].app[1].sendBytes,200B,,
General-4-20251226-15:26:32-111136,config,,,*.host[*].app[1].sendInterval,"uniform(1s, 2s)",,
General-4-20251226-15:26:32-111136,config,,,*.host[*].app[1].connectAddress,"""host["" + string((index + intuniform(1,24)) % 25) + ""]""",,
General-4-20251226-15:26:32-111136,config,,,*.host[*].app[2].typename,TcpEchoApp,,
General-4-20251226-15:26:32-111136,config,,,*.host[*].app[2].localPort,1000,,
General-4-20251226-15:26:32-111136,config,,,*.host[*].typename,RouterWithMetrics,,
General-4-20251226-15:26:32-111136,config,,,**.metrics.samplePeriod,0.5s,,
General-4-20251226-15:26:32-111136,config,,,**.metrics.recordPerUtility,true,,
General-4-20251226-15:26:32-111136,config,,,*.host[*].wlan[0].typename,WirelessInterface,,
General-4-20251226-15:26:32-111136,config,,,*.host[*].wlan[0].radio.transmitter.communicationRange,350m,,
General-4-20251226-15:26:32-111136,config,,,*.host[*].wlan[0].radio.receiver.ignoreInterference,false,,
General-4-20251226-15:26:32-111136,config,,,*.host[*].wlan[0].radio.transmitter.interferenceRange,400m,,
General-4-20251226-15:26:32-111136,config,,,*.host[*].wlan[0].radio.typename,UnitDiskRadio,,
General-4-20251226-15:26:32-111136,config,,,*.host[*].wlan[0].mac.typename,CsmaCaMac,,
General-4-20251226-15:26:32-111136,config,,,*.host[*].wlan[0].mac.fullDuplex,false,,
General-4-20251226-15:26:32-111136,config,,,*.host[*].wlan[0].mac.useBackoff,true,,
General-4-20251226-15:26:32-111136,config,,,*.host[*].wlan[0].mac.useAck,false,,
General-4-20251226-15:26:32-111136,config,,,*.host[*].wlan[0].mac.useRtsCts,false,,
General-4-20251226-15:26:32-111136,config,,,*.host[*].mobility.typename,RandomWaypointMobility,,
General-4-20251226-15:26:32-111136,config,,,*.host[*].mobility.speed,10mps,,
General-4-20251226-15:26:32-111136,config,,,*.host[*].mobility.waitTime,100ms,,
General-4-20251226-15:26:32-111136,config,,,*.host[*].wlan[0].queue.typename,DropTailQueue,,
General-4-20251226-15:26:32-111136,config,,,*.host[*].wlan[0].queue.packetCapacity,10,,
General-4-20251226-15:26:32-111136,config,,,*.host[*].hasStatus,true,,
General-4-20251226-15:26:32-111136,config,,,*.host[*].wlan[0].radio.energyConsumer.typename,StateBasedEpEnergyConsumer,,
General-4-20251226-15:26:32-111136,config,,,*.host[*].wlan[0].radio.energyConsumer.offPowerConsumption,0mW,,
General-4-20251226-15:26:32-111136,config,,,*.host[*].wlan[0].radio.energyConsumer.sleepPowerConsumption,1mW,,
General-4-20251226-15:26:32-111136,config,,,*.host[*].wlan[0].radio.energyConsumer.switchingPowerConsumption,1mW,,
General-4-20251226-15:26:32-111136,config,,,*.host[*].wlan[0].radio.energyConsumer.receiverIdlePowerConsumption,2mW,,
General-4-20251226-15:26:32-111136,config,,,*.host[*].wlan[0].radio.energyConsumer.receiverBusyPowerConsumption,5mW,,
General-4-20251226-15:26:32-111136,config,,,*.host[*].wlan[0].radio.energyConsumer.receiverReceivingPowerConsumption,10mW,,
General-4-20251226-15:26:32-111136,config,,,*.host[*].wlan[0].radio.energyConsumer.transmitterIdlePowerConsumption,2mW,,
General-4-20251226-15:26:32-111136,config,,,*.host[*].wlan[0].radio.energyConsumer.transmitterTransmittingPowerConsumption,100mW,,
General-4-20251226-15:26:32-111136,config,,,*.host[*].energyStorage.typename,SimpleEpEnergyStorage,,
General-4-20251226-15:26:32-111136,config,,,*.host[*].energyStorage.nominalCapacity,2J,,
General-4-20251226-15:26:32-111136,config,,,*.host[*].energyStorage.initialCapacity,2J,,
General-4-20251226-15:26:32-111136,config,,,*.host[*].energyManagement.typename,SimpleEpEnergyManagement,,
General-4-20251226-15:26:32-111136,config,,,*.host[*].energyManagement.nodeStartCapacity,0.0001J,,
General-4-20251226-15:26:32-111136,config,,,*.host[*].energyManagement.nodeShutdownCapacity,0.0001J,,
General-4-20251226-15:26:32-111136,config,,,*.host[*].**.bitrate,1Mbps,,
General-4-20251226-15:26:32-111136,config,,,*.host[*].forwarding,true,,
General-4-20251226-15:26:32-111136,config,,,*.host[*].mobility.constraintAreaMinX,0m,,
General-4-20251226-15:26:32-111136,config,,,*.host[*].mobility.constraintAreaMinY,0m,,
General-4-20251226-15:26:32-111136,config,,,*.host[*].mobility.constraintAreaMinZ,0m,,
General-4-20251226-15:26:32-111136,config,,,*.host[*].mobility.constraintAreaMaxX,1250m,,
General-4-20251226-15:26:32-111136,config,,,*.host[*].mobility.constraintAreaMaxY,1250m,,
General-4-20251226-15:26:32-111136,config,,,*.host[*].mobility.constraintAreaMaxZ,0m,,
General-4-20251226-15:26:32-111136,config,,,*.host[*].mobility.initialX,"uniform(100m, 1150m)",,
General-4-20251226-15:26:32-111136,config,,,*.host[*].mobility.initialY,"uniform(100m, 1150m)",,
General-4-20251226-15:26:32-111136,config,,,*.host[*].wlan[0].radio.displayCommunicationRange,true,,
General-4-20251226-15:26:32-111136,config,,,*.configurator.config,"xml(""<config><interface hosts='**' address='10.0.0.x' netmask='255.255.255.0'/></config>"")",,
General-4-20251226-15:26:32-111136,config,,,*.configurator.addDefaultRoutes,false,,
General-4-20251226-15:26:32-111136,config,,,*.configurator.addStaticRoutes,false,,
General-4-20251226-15:26:32-111136,config,,,*.configurator.optimizeRoutes,false,,
General-4-20251226-15:26:32-111136,config,,,*.host*.ipv4.routingTable.netmaskRoutes,"""""",,
General-4-20251226-15:26:32-111136,config,,,*.linkVisualizer.*.displayLinks,false,,
General-2-20251226-15:26:32-111135,runattr,,,configname,General,,
General-2-20251226-15:26:32-111135,runattr,,,datetime,20251226-15:26:32,,
General-2-20251226-15:26:32-111135,runattr,,,datetimef,20251226-152632,,
General-2-20251226-15:26:32-111135,runattr,,,experiment,General,,
General-2-20251226-15:26:32-111135,runattr,,,inifile,omnetpp.ini,,
General-2-20251226-15:26:32-111135,runattr,,,iterationvars,,,
General-2-20251226-15:26:32-111135,runattr,,,iterationvarsd,,,
General-2-20251226-15:26:32-111135,runattr,,,iterationvarsf,,,
General-2-20251226-15:26:32-111135,runattr,,,measurement,,,
General-2-20251226-15:26:32-111135,runattr,,,network,src.AdhocNetwork1,,
General-2-20251226-15:26:32-111135,runattr,,,processid,111135,,
General-2-20251226-15:26:32-111135,runattr,,,repetition,2,,
General-2-20251226-15:26:32-111135,runattr,,,replication,#2,,
General-2-20251226-15:26:32-111135,runattr,,,resultdir,results,,
General-2-20251226-15:26:32-111135,runattr,,,runnumber,2,,
General-2-20251226-15:26:32-111135,runattr,,,seedset,2,,
General-2-20251226-15:26:32-111135,config,,,image-path,../../../inet4.5/images,,
General-2-20251226-15:26:32-111135,config,,,repeat,5,,
General-2-20251226-15:26:32-111135,config,,,network,src.AdhocNetwork1,,
General-2-20251226-15:26:32-111135,config,,,sim-time-limit,50s,,
General-2-20251226-15:26:32-111135,config,,,*.host[*].ipv4.arp.typename,GlobalArp,,
General-2-20251226-15:26:32-111135,config,,,*.host[*].numApps,3,,
General-2-20251226-15:26:32-111135,config,,,*.host[*].app[0].typename,src.cluster.ClusterApp,,
General-2-20251226-15:26:32-111135,config,,,*.host[*].app[0].localPort,4000,,
General-2-20251226-15:26:32-111135,config,,,*.host[*].app[0].destPort,4000,,
General-2-20251226-15:26:32-111135,config,,,*.host[*].app[0].helloInterval,1s,,
General-2-20251226-15:26:32-111135,config,,,*.host[*].app[0].cfInterval,3s,,
General-2-20251226-15:26:32-111135,config,,,*.host[*].app[0].hldTimeThreshold,1s,,
General-2-20251226-15:26:32-111135,config,,,*.host[*].app[0].maxTrials,3,,
General-2-20251226-15:26:32-111135,config,,,*.host[*].app[0].requestTimeout,1s,,
General-2-20251226-15:26:32-111135,config,,,*.host[*].app[0].maxClusterSize,10,,
General-2-20251226-15:26:32-111135,config,,,*.host[*].app[1].typename,src.tcp.RecordingTcpClientApp,,
General-2-20251226-15:26:32-111135,config,,,*.host[*].app[1].delaySamplePeriod,1s,,
General-2-20251226-15:26:32-111135,config,,,*.host[*].app[1].delayStaleWindow,3s,,
General-2-20251226-15:26:32-111135,config,,,*.host[*].app[1].connectPort,1000,,
General-2-20251226-15:26:32-111135,config,,,*.host[*].app[1].tOpen,"uniform(1s, 2s)",,
General-2-20251226-15:26:32-111135,config,,,*.host[*].app[1].tSend,"uniform(1s, 2s)",,
General-2-20251226-15:26:32-111135,config,,,*.host[*].app[1].thinkTime,"uniform(0s, 1s)",,
General-2-20251226-15:26:32-111135,config,,,*.host[*].app[1].idleInterval,"uniform(3s, 5s)",,
General-2-20251226-15:26:32-111135,config,,,*.host[*].app[1].sendBytes,200B,,
General-2-20251226-15:26:32-111135,config,,,*.host[*].app[1].sendInterval,"uniform(1s, 2s)",,
General-2-20251226-15:26:32-111135,config,,,*.host[*].app[1].connectAddress,"""host["" + string((index + intuniform(1,24)) % 25) + ""]""",,
General-2-20251226-15:26:32-111135,config,,,*.host[*].app[2].typename,TcpEchoApp,,
General-2-20251226-15:26:32-111135,config,,,*.host[*].app[2].localPort,1000,,
General-2-20251226-15:26:32-111135,config,,,*.host[*].typename,RouterWithMetrics,,
General-2-20251226-15:26:32-111135,config,,,**.metrics.samplePeriod,0.5s,,
General-2-20251226-15:26:32-111135,config,,,**.metrics.recordPerUtility,true,,
General-2-20251226-15:26:32-111135,config,,,*.host[*].wlan[0].typename,WirelessInterface,,
General-2-20251226-15:26:32-111135,config,,,*.host[*].wlan[0].radio.transmitter.communicationRange,350m,,
General-2-20251226-15:26:32-111135,config,,,*.host[*].wlan[0].radio.receiver.ignoreInterference,false,,
General-2-20251226-15:26:32-111135,config,,,*.host[*].wlan[0].radio.transmitter.interferenceRange,400m,,
General-2-20251226-15:26:32-111135,config,,,*.host[*].wlan[0].radio.typename,UnitDiskRadio,,
General-2-20251226-15:26:32-111135,config,,,*.host[*].wlan[0].mac.typename,CsmaCaMac,,
General-2-20251226-15:26:32-111135,config,,,*.host[*].wlan[0].mac.fullDuplex,false,,
General-2-20251226-15:26:32-111135,config,,,*.host[*].wlan[0].mac.useBackoff,true,,
General-2-20251226-15:26:32-111135,config,,,*.host[*].wlan[0].mac.useAck,false,,
General-2-20251226-15:26:32-111135,config,,,*.host[*].wlan[0].mac.useRtsCts,false,,
General-2-20251226-15:26:32-111135,config,,,*.host[*].mobility.typename,RandomWaypointMobility,,
General-2-20251226-15:26:32-111135,config,,,*.host[*].mobility.speed,10mps,,
General-2-20251226-15:26:32-111135,config,,,*.host[*].mobility.waitTime,100ms,,
General-2-20251226-15:26:32-111135,config,,,*.host[*].wlan[0].queue.typename,DropTailQueue,,
General-2-20251226-15:26:32-111135,config,,,*.host[*].wlan[0].queue.packetCapacity,10,,
General-2-20251226-15:26:32-111135,config,,,*.host[*].hasStatus,true,,
General-2-20251226-15:26:32-111135,config,,,*.host[*].wlan[0].radio.energyConsumer.typename,StateBasedEpEnergyConsumer,,
General-2-20251226-15:26:32-111135,config,,,*.host[*].wlan[0].radio.energyConsumer.offPowerConsumption,0mW,,
General-2-20251226-15:26:32-111135,config,,,*.host[*].wlan[0].radio.energyConsumer.sleepPowerConsumption,1mW,,
General-2-20251226-15:26:32-111135,config,,,*.host[*].wlan[0].radio.energyConsumer.switchingPowerConsumption,1mW,,
General-2-20251226-15:26:32-111135,config,,,*.host[*].wlan[0].radio.energyConsumer.receiverIdlePowerConsumption,2mW,,
General-2-20251226-15:26:32-111135,config,,,*.host[*].wlan[0].radio.energyConsumer.receiverBusyPowerConsumption,5mW,,
General-2-20251226-15:26:32-111135,config,,,*.host[*].wlan[0].radio.energyConsumer.receiverReceivingPowerConsumption,10mW,,
General-2-20251226-15:26:32-111135,config,,,*.host[*].wlan[0].radio.energyConsumer.transmitterIdlePowerConsumption,2mW,,
General-2-20251226-15:26:32-111135,config,,,*.host[*].wlan[0].radio.energyConsumer.transmitterTransmittingPowerConsumption,100mW,,
General-2-20251226-15:26:32-111135,config,,,*.host[*].energyStorage.typename,SimpleEpEnergyStorage,,
General-2-20251226-15:26:32-111135,config,,,*.host[*].energyStorage.nominalCapacity,2J,,
General-2-20251226-15:26:32-111135,config,,,*.host[*].energyStorage.initialCapacity,2J,,
General-2-20251226-15:26:32-111135,config,,,*.host[*].energyManagement.typename,SimpleEpEnergyManagement,,
General-2-20251226-15:26:32-111135,config,,,*.host[*].energyManagement.nodeStartCapacity,0.0001J,,
General-2-20251226-15:26:32-111135,config,,,*.host[*].energyManagement.nodeShutdownCapacity,0.0001J,,
General-2-20251226-15:26:32-111135,config,,,*.host[*].**.bitrate,1Mbps,,
General-2-20251226-15:26:32-111135,config,,,*.host[*].forwarding,true,,
General-2-20251226-15:26:32-111135,config,,,*.host[*].mobility.constraintAreaMinX,0m,,
General-2-20251226-15:26:32-111135,config,,,*.host[*].mobility.constraintAreaMinY,0m,,
General-2-20251226-15:26:32-111135,config,,,*.host[*].mobility.constraintAreaMinZ,0m,,
General-2-20251226-15:26:32-111135,config,,,*.host[*].mobility.constraintAreaMaxX,1250m,,
General-2-20251226-15:26:32-111135,config,,,*.host[*].mobility.constraintAreaMaxY,1250m,,
General-2-20251226-15:26:32-111135,config,,,*.host[*].mobility.constraintAreaMaxZ,0m,,
General-2-20251226-15:26:32-111135,config,,,*.host[*].mobility.initialX,"uniform(100m, 1150m)",,
General-2-20251226-15:26:32-111135,config,,,*.host[*].mobility.initialY,"uniform(100m, 1150m)",,
General-2-20251226-15:26:32-111135,config,,,*.host[*].wlan[0].radio.displayCommunicationRange,true,,
General-2-20251226-15:26:32-111135,config,,,*.configurator.config,"xml(""<config><interface hosts='**' address='10.0.0.x' netmask='255.255.255.0'/></config>"")",,
General-2-20251226-15:26:32-111135,config,,,*.configurator.addDefaultRoutes,false,,
General-2-20251226-15:26:32-111135,config,,,*.configurator.addStaticRoutes,false,,
General-2-20251226-15:26:32-111135,config,,,*.configurator.optimizeRoutes,false,,
General-2-20251226-15:26:32-111135,config,,,*.host*.ipv4.routingTable.netmaskRoutes,"""""",,
General-2-20251226-15:26:32-111135,config,,,*.linkVisualizer.*.displayLinks,false,,
General-0-20251226-15:26:32-111133,runattr,,,configname,General,,
General-0-20251226-15:26:32-111133,runattr,,,datetime,20251226-15:26:32,,
General-0-20251226-15:26:32-111133,runattr,,,datetimef,20251226-152632,,
General-0-20251226-15:26:32-111133,runattr,,,experiment,General,,
General-0-20251226-15:26:32-111133,runattr,,,inifile,omnetpp.ini,,
General-0-20251226-15:26:32-111133,runattr,,,iterationvars,,,
General-0-20251226-15:26:32-111133,runattr,,,iterationvarsd,,,
General-0-20251226-15:26:32-111133,runattr,,,iterationvarsf,,,
General-0-20251226-15:26:32-111133,runattr,,,measurement,,,
General-0-20251226-15:26:32-111133,runattr,,,network,src.AdhocNetwork1,,
General-0-20251226-15:26:32-111133,runattr,,,processid,111133,,
General-0-20251226-15:26:32-111133,runattr,,,repetition,0,,
General-0-20251226-15:26:32-111133,runattr,,,replication,#0,,
General-0-20251226-15:26:32-111133,runattr,,,resultdir,results,,
General-0-20251226-15:26:32-111133,runattr,,,runnumber,0,,
General-0-20251226-15:26:32-111133,runattr,,,seedset,0,,
General-0-20251226-15:26:32-111133,config,,,image-path,../../../inet4.5/images,,
General-0-20251226-15:26:32-111133,config,,,repeat,5,,
General-0-20251226-15:26:32-111133,config,,,network,src.AdhocNetwork1,,
General-0-20251226-15:26:32-111133,config,,,sim-time-limit,50s,,
General-0-20251226-15:26:32-111133,config,,,*.host[*].ipv4.arp.typename,GlobalArp,,
General-0-20251226-15:26:32-111133,config,,,*.host[*].numApps,3,,
General-0-20251226-15:26:32-111133,config,,,*.host[*].app[0].typename,src.cluster.ClusterApp,,
General-0-20251226-15:26:32-111133,config,,,*.host[*].app[0].localPort,4000,,
General-0-20251226-15:26:32-111133,config,,,*.host[*].app[0].destPort,4000,,
General-0-20251226-15:26:32-111133,config,,,*.host[*].app[0].helloInterval,1s,,
General-0-20251226-15:26:32-111133,config,,,*.host[*].app[0].cfInterval,3s,,
General-0-20251226-15:26:32-111133,config,,,*.host[*].app[0].hldTimeThreshold,1s,,
General-0-20251226-15:26:32-111133,config,,,*.host[*].app[0].maxTrials,3,,
General-0-20251226-15:26:32-111133,config,,,*.host[*].app[0].requestTimeout,1s,,
General-0-20251226-15:26:32-111133,config,,,*.host[*].app[0].maxClusterSize,10,,
General-0-20251226-15:26:32-111133,config,,,*.host[*].app[1].typename,src.tcp.RecordingTcpClientApp,,
General-0-20251226-15:26:32-111133,config,,,*.host[*].app[1].delaySamplePeriod,1s,,
General-0-20251226-15:26:32-111133,config,,,*.host[*].app[1].delayStaleWindow,3s,,
General-0-20251226-15:26:32-111133,config,,,*.host[*].app[1].connectPort,1000,,
General-0-20251226-15:26:32-111133,config,,,*.host[*].app[1].tOpen,"uniform(1s, 2s)",,
General-0-20251226-15:26:32-111133,config,,,*.host[*].app[1].tSend,"uniform(1s, 2s)",,
General-0-20251226-15:26:32-111133,config,,,*.host[*].app[1].thinkTime,"uniform(0s, 1s)",,
General-0-20251226-15:26:32-111133,config,,,*.host[*].app[1].idleInterval,"uniform(3s, 5s)",,
General-0-20251226-15:26:32-111133,config,,,*.host[*].app[1].sendBytes,200B,,
General-0-20251226-15:26:32-111133,config,,,*.host[*].app[1].sendInterval,"uniform(1s, 2s)",,
General-0-20251226-15:26:32-111133,config,,,*.host[*].app[1].connectAddress,"""host["" + string((index + intuniform(1,24)) % 25) + ""]""",,
General-0-20251226-15:26:32-111133,config,,,*.host[*].app[2].typename,TcpEchoApp,,
General-0-20251226-15:26:32-111133,config,,,*.host[*].app[2].localPort,1000,,
General-0-20251226-15:26:32-111133,config,,,*.host[*].typename,RouterWithMetrics,,
General-0-20251226-15:26:32-111133,config,,,**.metrics.samplePeriod,0.5s,,
General-0-20251226-15:26:32-111133,config,,,**.metrics.recordPerUtility,true,,
General-0-20251226-15:26:32-111133,config,,,*.host[*].wlan[0].typename,WirelessInterface,,
General-0-20251226-15:26:32-111133,config,,,*.host[*].wlan[0].radio.transmitter.communicationRange,350m,,
General-0-20251226-15:26:32-111133,config,,,*.host[*].wlan[0].radio.receiver.ignoreInterference,false,,
General-0-20251226-15:26:32-111133,config,,,*.host[*].wlan[0].radio.transmitter.interferenceRange,400m,,
General-0-20251226-15:26:32-111133,config,,,*.host[*].wlan[0].radio.typename,UnitDiskRadio,,
General-0-20251226-15:26:32-111133,config,,,*.host[*].wlan[0].mac.typename,CsmaCaMac,,
General-0-20251226-15:26:32-111133,config,,,*.host[*].wlan[0].mac.fullDuplex,false,,
General-0-20251226-15:26:32-111133,config,,,*.host[*].wlan[0].mac.useBackoff,true,,
General-0-20251226-15:26:32-111133,config,,,*.host[*].wlan[0].mac.useAck,false,,
General-0-20251226-15:26:32-111133,config,,,*.host[*].wlan[0].mac.useRtsCts,false,,
General-0-20251226-15:26:32-111133,config,,,*.host[*].mobility.typename,RandomWaypointMobility,,
General-0-20251226-15:26:32-111133,config,,,*.host[*].mobility.speed,10mps,,
General-0-20251226-15:26:32-111133,config,,,*.host[*].mobility.waitTime,100ms,,
General-0-20251226-15:26:32-111133,config,,,*.host[*].wlan[0].queue.typename,DropTailQueue,,
General-0-20251226-15:26:32-111133,config,,,*.host[*].wlan[0].queue.packetCapacity,10,,
General-0-20251226-15:26:32-111133,config,,,*.host[*].hasStatus,true,,
General-0-20251226-15:26:32-111133,config,,,*.host[*].wlan[0].radio.energyConsumer.typename,StateBasedEpEnergyConsumer,,
General-0-20251226-15:26:32-111133,config,,,*.host[*].wlan[0].radio.energyConsumer.offPowerConsumption,0mW,,
General-0-20251226-15:26:32-111133,config,,,*.host[*].wlan[0].radio.energyConsumer.sleepPowerConsumption,1mW,,
General-0-20251226-15:26:32-111133,config,,,*.host[*].wlan[0].radio.energyConsumer.switchingPowerConsumption,1mW,,
General-0-20251226-15:26:32-111133,config,,,*.host[*].wlan[0].radio.energyConsumer.receiverIdlePowerConsumption,2mW,,
General-0-20251226-15:26:32-111133,config,,,*.host[*].wlan[0].radio.energyConsumer.receiverBusyPowerConsumption,5mW,,
General-0-20251226-15:26:32-111133,config,,,*.host[*].wlan[0].radio.energyConsumer.receiverReceivingPowerConsumption,10mW,,
General-0-20251226-15:26:32-111133,config,,,*.host[*].wlan[0].radio.energyConsumer.transmitterIdlePowerConsumption,2mW,,
General-0-20251226-15:26:32-111133,config,,,*.host[*].wlan[0].radio.energyConsumer.transmitterTransmittingPowerConsumption,100mW,,
General-0-20251226-15:26:32-111133,config,,,*.host[*].energyStorage.typename,SimpleEpEnergyStorage,,
General-0-20251226-15:26:32-111133,config,,,*.host[*].energyStorage.nominalCapacity,2J,,
General-0-20251226-15:26:32-111133,config,,,*.host[*].energyStorage.initialCapacity,2J,,
General-0-20251226-15:26:32-111133,config,,,*.host[*].energyManagement.typename,SimpleEpEnergyManagement,,
General-0-20251226-15:26:32-111133,config,,,*.host[*].energyManagement.nodeStartCapacity,0.0001J,,
General-0-20251226-15:26:32-111133,config,,,*.host[*].energyManagement.nodeShutdownCapacity,0.0001J,,
General-0-20251226-15:26:32-111133,config,,,*.host[*].**.bitrate,1Mbps,,
General-0-20251226-15:26:32-111133,config,,,*.host[*].forwarding,true,,
General-0-20251226-15:26:32-111133,config,,,*.host[*].mobility.constraintAreaMinX,0m,,
General-0-20251226-15:26:32-111133,config,,,*.host[*].mobility.constraintAreaMinY,0m,,
General-0-20251226-15:26:32-111133,config,,,*.host[*].mobility.constraintAreaMinZ,0m,,
General-0-20251226-15:26:32-111133,config,,,*.host[*].mobility.constraintAreaMaxX,1250m,,
General-0-20251226-15:26:32-111133,config,,,*.host[*].mobility.constraintAreaMaxY,1250m,,
General-0-20251226-15:26:32-111133,config,,,*.host[*].mobility.constraintAreaMaxZ,0m,,
General-0-20251226-15:26:32-111133,config,,,*.host[*].mobility.initialX,"uniform(100m, 1150m)",,
General-0-20251226-15:26:32-111133,config,,,*.host[*].mobility.initialY,"uniform(100m, 1150m)",,
General-0-20251226-15:26:32-111133,config,,,*.host[*].wlan[0].radio.displayCommunicationRange,true,,
General-0-20251226-15:26:32-111133,config,,,*.configurator.config,"xml(""<config><interface hosts='**' address='10.0.0.x' netmask='255.255.255.0'/></config>"")",,
General-0-20251226-15:26:32-111133,config,,,*.configurator.addDefaultRoutes,false,,
General-0-20251226-15:26:32-111133,config,,,*.configurator.addStaticRoutes,false,,
General-0-20251226-15:26:32-111133,config,,,*.configurator.optimizeRoutes,false,,
General-0-20251226-15:26:32-111133,config,,,*.host*.ipv4.routingTable.netmaskRoutes,"""""",,
General-0-20251226-15:26:32-111133,config,,,*.linkVisualizer.*.displayLinks,false,,
General-0-20251226-15:26:32-111133,vector,AdhocNetwork1.host[0].app[1],e2eDelayPeriodicSec,,,"1 2 3 4 5 6 7 8 9 10 11 12 13 14 15 16 17 18 19 20 21 22 23 24 25 26 27 28 29 30 31 32 33 34 35 36 37 38 39 40 41 42 43 44 45 46 47 48 49 50","NaN NaN NaN NaN NaN NaN NaN NaN NaN NaN NaN NaN NaN NaN NaN NaN NaN NaN NaN NaN NaN NaN NaN NaN NaN 0.019034464141 0.019034464141 0.019034464141 NaN 0.006216859419 0.006216859419 0.006216859419 NaN NaN 0.006356949767 0.006356949767 0.006356949767 NaN NaN 0.006397082122 0.006397082122 0.006397082122 NaN 0.00657720551 0.00657720551 0.00657720551 0.006857309554 0.006857309554 0.006857309554 NaN"
General-0-20251226-15:26:32-111133,vector,AdhocNetwork1.host[0].rl,rlReward,,,"1 2 3 4 5 6 7 8 9 10 11 12 13 14 15 16 17 18 19 20 21 22 23 24 25 26 27 28 29 30 31 32 33 34 35 36 37 38 39 40 41 42 43 44 45 46 47 48 49 50","0.33333333333333 0 0 0.071161275572529 0.051268155396134 0.025706936991968 0.11041831180695 0.066912973675813 0 0.16368651429268 0.1328638673306 0.1306764611258 0.18059583080163 0.17781915764496 0.12192483653884 0.14844824758815 0.14567530808413 0.11718999830285 0.12956642480438 0.12424535507504 0.10723063578732 0.1539780319005 0.042200690201646 0.19912732123052 0.13856259318001 0.20128745353617 0.038631987962966 0.073964564112222 0.038203011751348 0.00088374929295187 0.09282795654684 0.12351704378338 0.1451569764145 0.094190971831068 0.05040539055361 0.061654238634737 0.026588005563421 0.097512240640071 0.082516988535513 0.065874600404654 0.11385771382578 0.070681790346936 0.092737303446933 0 0.060053018672185 0.12147865028169 0 0.10589082355414 0.081083899724185 0.13815405718846"
General-0-20251226-15:26:32-111133,vector,AdhocNetwork1.host[1].app[1],e2eDelayPeriodicSec,,,"1 2 3 4 5 6 7 8 9 10 11 12 13 14 15 16 17 18 19 20 21 22 23 24 25 26 27 28 29 30 31 32 33 34 35 36 37 38 39 40 41 42 43 44 45 46 47 48 49 50","NaN NaN NaN NaN NaN NaN NaN NaN NaN NaN NaN NaN NaN NaN NaN NaN NaN NaN NaN NaN NaN NaN NaN NaN NaN NaN NaN NaN NaN NaN NaN NaN NaN NaN NaN NaN NaN NaN NaN NaN NaN NaN NaN NaN NaN NaN NaN NaN NaN NaN"
General-0-20251226-15:26:32-111133,vector,AdhocNetwork1.host[1].rl,rlReward,,,"1 2 3 4 5 6 7 8 9 10 11 12 13 14 15 16 17 18 19 20 21 22 23 24 25 26 27 28 29 30 31 32 33 34 35 36 37 38 39 40 41 42 43 44 45 46 47 48 49 50","0.33333333333333 0 0.34501442399463 0.77919074520967 0.069499124487685 0.10559652293664 0.064548452372605 0.094968400663553 0.059715197761372 0.10847945991135 0.08804722911952 0.71985308021019 0.10960134355935 0.051972646815508 0.052689346808198 -0.66666666666667 -0.60652817986405 -0.57584991482211 -0.62315125999657 -0.61713050145097 -0.56181960944434 0.10033574440567 0.062069477992793 0.06230726180868 0.76638879970013 0.69408744250559 0.73074011265112 -0.6228754138275 0.016705376166545 0 0.093689070147514 0.72334302402122 0.11440089131217 0.083910572534608 0.038644978848559 0.68597590652286 0.74774646150223 0.71717938624687 0.76390845684913 0.063007208817748 0.039576880001752 0.019319611166437 0.67234352236581 0.66666666666667 0.75930596266273 -0.57679815785443 -0.66666666666667 -0.61492593220417 -0.54118255431125 0.12331703355537"
General-0-20251226-15:26:32-111133,vector,AdhocNetwork1.host[2].app[1],e2eDelayPeriodicSec,,,"1 2 3 4 5 6 7 8 9 10 11 12 13 14 15 16 17 18 19 20 21 22 23 24 25 26 27 28 29 30 31 32 33 34 35 36 37 38 39 40 41 42 43 44 45 46 47 48 49 50","NaN NaN NaN NaN NaN NaN NaN NaN NaN NaN NaN NaN NaN NaN NaN NaN NaN NaN NaN NaN NaN NaN NaN NaN NaN NaN NaN NaN NaN NaN NaN NaN NaN NaN NaN NaN NaN NaN NaN NaN NaN NaN NaN NaN NaN NaN NaN NaN NaN NaN"
General-0-20251226-15:26:32-111133,vector,AdhocNetwork1.host[2].rl,rlReward,,,"1 2 3 4 5 6 7 8 9 10 11 12 13 14 15 16 17 18 19 20 21 22 23 24 25 26 27 28 29 30 31 32 33 34 35 36 37 38 39 40 41 42 43 44 45 46 47 48 49 50","0.33333333333333 0 0.0034328486179083 0.075433369531403 0.69352013640463 0.049859141598972 0.098769079970784 0.051018728517868 0 0.1302600411483 0.066605164204874 0.72349048663081 -0.5371445354587 -0.56938048461364 -0.60552538759766 -0.648212153375 -0.54075244767722 -0.58057591008578 -0.55597484683568 -0.62375725122934 -0.58566901378637 0.29946722910764 0.15847079812628 0.081177476992522 -0.29997132266102 -0.045682007643147 0.012445343120165 -0.36084376190025 -0.6 -0.48372543389762 0.021148988813553 0.6067883321547 0.80329778168287 0.10561438783132 0.040943110515061 0.20646219308673 0.25575038424977 -0.39427319431449 -0.6359834025057 -0.51759573964303 -0.55193940423343 0.24432877958233 0.21657781970071 0 0.18840376620535 0.25294933462694 0.18657081936284 0.17643188040264 0.80230632436434 0.70603669828409"
General-0-20251226-15:26:32-111133,vector,AdhocNetwork1.host[3].app[1],e2eDelayPeriodicSec,,,"1 2 3 4 5 6 7 8 9 10 11 12 13 14 15 16 17 18 19 20 21 22 23 24 25 26 27 28 29 30 31 32 33 34 35 36 37 38 39 40 41 42 43 44 45 46 47 48 49 50","NaN NaN NaN NaN NaN NaN NaN NaN NaN NaN NaN NaN NaN NaN NaN NaN NaN NaN NaN NaN NaN NaN NaN NaN NaN NaN NaN NaN NaN NaN NaN NaN NaN NaN NaN NaN NaN NaN NaN NaN NaN NaN NaN NaN NaN NaN NaN NaN NaN NaN"
General-0-20251226-15:26:32-111133,vector,AdhocNetwork1.host[3].rl,rlReward,,,"1 2 3 4 5 6 7 8 9 10 11 12 13 14 15 16 17 18 19 20 21 22 23 24 25 26 27 28 29 30 31 32 33 34 35 36 37 38 39 40 41 42 43 44 45 46 47 48 49 50","0.33333333333333 0 0.028012802055821 0.78240634082625 0.74086736908642 0.79167680120758 0.76429693122893 0.056332752583458 0.048158756853364 -0.54168794675 -0.60969575229718 -0.12026807134393 0.12049586870626 0.082452453449424 0.1228721584123 0.073592242595963 0.094779305523271 0.12177153929741 0.1422503123653 0.099753562466463 0.15005019563836 0.14638509164359 0.063404477858844 0.091401127240075 0.12747740734934 0.073252883924697 0.12595423490747 0.1239950794231 0.020509604460287 0.085327855117177 0.11520117494627 0.08653470529652 0.11909725617374 0.10217469500302 0.044759212354645 0.088043512045571 0.088661845864732 0.079468508790511 0.12007008569405 0.092845713918315 0.063310109632841 0.00051542926891579 0.090629524085653 0.061164758738118 0.062151317196308 0.70468032234776 0 -0.66666666666667 -0.60876392644604 -0.60850453906298"
General-0-20251226-15:26:32-111133,vector,AdhocNetwork1.host[4].app[1],e2eDelayPeriodicSec,,,"1 2 3 4 5 6 7 8 9 10 11 12 13 14 15 16 17 18 19 20 21 22 23 24 25 26 27 28 29 30 31 32 33 34 35 36 37 38 39 40 41 42 43 44 45 46 47 48 49 50","NaN NaN NaN NaN NaN NaN NaN NaN NaN NaN NaN NaN NaN 3.037994882624 3.037994882624 3.037994882624 0.007678044043 0.007678044043 0.007678044043 NaN NaN 0.006558225733 0.006558225733 0.006558225733 NaN NaN NaN NaN NaN NaN NaN NaN NaN NaN NaN NaN NaN NaN NaN NaN NaN NaN NaN NaN NaN NaN NaN NaN NaN NaN"
General-0-20251226-15:26:32-111133,vector,AdhocNetwork1.host[4].rl,rlReward,,,"1 2 3 4 5 6 7 8 9 10 11 12 13 14 15 16 17 18 19 20 21 22 23 24 25 26 27 28 29 30 31 32 33 34 35 36 37 38 39 40 41 42 43 44 45 46 47 48 49 50","0.33333333333333 0.3 0 0.045895181249548 0.053973751623289 0.060774264658587 0.044149072190846 -0.7 -0.66666666666667 -0.54692073864954 -0.58690972440901 0.13349659922395 0.26130521940755 0.17549463481295 0.11695969896979 0.15232918919511 -0.35141509625428 -0.069808295841667 0.047623386668849 -0.3513138104502 -0.38009955640627 0.28744220088971 -0.14018926003575 0.15542886894933 0.40807029466978 0.2422171974282 0.3221895094917 0.2083542093526 0.19012618997554 0.3 0.40293146846737 0.40468950204093 0.38542103926691 0.083868216699942 0.39657402977471 0.34129104736449 0.41254907358263 0.39245801028866 0.38575059799895 0.3696485873672 0.3941501599074 0.38094770579665 0.76570263254249 0.41558434247193 0.37450034763928 0.42679459690595 0.39718205849373 0.3833495372878 0.44789786615252 -0.56102824539418"
General-0-20251226-15:26:32-111133,vector,AdhocNetwork1.host[5].app[1],e2eDelayPeriodicSec,,,"1 2 3 4 5 6 7 8 9 10 11 12 13 14 15 16 17 18 19 20 21 22 23 24 25 26 27 28 29 30 31 32 33 34 35 36 37 38 39 40 41 42 43 44 45 46 47 48 49 50","NaN NaN NaN NaN NaN NaN NaN NaN NaN NaN NaN NaN NaN NaN NaN NaN NaN NaN NaN NaN NaN NaN NaN NaN NaN NaN NaN NaN NaN NaN NaN NaN NaN NaN NaN NaN NaN NaN NaN NaN NaN NaN NaN NaN NaN NaN NaN NaN NaN NaN"
General-0-20251226-15:26:32-111133,vector,AdhocNetwork1.host[5].rl,rlReward,,,"1 2 3 4 5 6 7 8 9 10 11 12 13 14 15 16 17 18 19 20 21 22 23 24 25 26 27 28 29 30 31 32 33 34 35 36 37 38 39 40 41 42 43 44 45 46 47 48 49 50","0.33333333333333 0 0.012251379350498 0.77553743856227 0.098942764596955 0.10103956550069 0.10686420910876 0.77332207052062 -0.58939883982737 -0.55572078837291 -0.55170086159204 0.093739158885301 0.14184811748066 0.15075435256238 0.10194345169796 0.12161685273801 0.11746347952818 0.097512566255868 0.1290326481713 0.13074441292072 0.14201844970943 0.12936180699106 0.096249401925689 0.053913605626408 0.10466934008752 0.13730745090541 0.09863198401416 0.098412544801001 0.11910922434494 0.10783454241245 0.091834636048194 0.13717828731787 0.28416377932709 0.10385408174499 0.13722273070293 0.13451585078871 0.12972638163312 0.14473366275828 0.15128558989804 0.10785468081783 -0.034465243835433 0.11745236868193 0.14001155310805 0.14626834839461 0.13731161747275 0.13233812492638 0.12266468895907 0.079273260749595 0.15116753715677 0.15181682723808"
General-0-20251226-15:26:32-111133,vector,AdhocNetwork1.host[6].app[1],e2eDelayPeriodicSec,,,"1 2 3 4 5 6 7 8 9 10 11 12 13 14 15 16 17 18 19 20 21 22 23 24 25 26 27 28 29 30 31 32 33 34 35 36 37 38 39 40 41 42 43 44 45 46 47 48 49 50","NaN NaN NaN NaN NaN NaN NaN NaN NaN NaN NaN NaN NaN NaN NaN NaN NaN NaN NaN NaN NaN NaN NaN NaN NaN NaN NaN NaN NaN NaN NaN NaN NaN NaN NaN NaN NaN NaN NaN NaN NaN NaN NaN NaN NaN NaN NaN NaN NaN NaN"
General-0-20251226-15:26:32-111133,vector,AdhocNetwork1.host[6].rl,rlReward,,,"1 2 3 4 5 6 7 8 9 10 11 12 13 14 15 16 17 18 19 20 21 22 23 24 25 26 27 28 29 30 31 32 33 34 35 36 37 38 39 40 41 42 43 44 45 46 47 48 49 50","0.33333333333333 0 0.064552038386162 0.091769752916625 -0.6235426579248 -0.22488748995533 0.08521853889859 -0.62210785664396 -0.7 -0.27784715094369 -0.35828265881071 -0.088475954788505 0.14296039374666 -0.074020334744594 0.07303913470745 0.67113294042116 0.72856800237264 -0.043663892011551 -0.063231664709835 -0.50522327076702 -0.42590603019817 -0.01246977972175 -0.49177119523484 -0.54534513288093 -0.41161847609078 -0.47317888568329 -0.44496973994799 -0.42625059305217 -0.50248320789232 -0.53427200909706 -0.43409949321163 0.066378364230489 0.16802838760994 0.14646484729419 0.07036715026798 0.13628541314778 0.81533185465836 0.13310189032635 0.13671670137215 0.12252339751301 0.13677008256601 0.13587831057002 0.13750160249785 0.43115441159797 0.46636690486861 0.48363088769072 0.47873730489712 0.46601583991256 0.4968448405864 0.22010419895306"
General-0-20251226-15:26:32-111133,vector,AdhocNetwork1.host[7].app[1],e2eDelayPeriodicSec,,,"1 2 3 4 5 6 7 8 9 10 11 12 13 14 15 16 17 18 19 20 21 22 23 24 25 26 27 28 29 30 31 32 33 34 35 36 37 38 39 40 41 42 43 44 45 46 47 48 49 50","NaN NaN NaN NaN NaN NaN NaN NaN NaN NaN NaN NaN NaN NaN NaN NaN NaN NaN NaN NaN NaN NaN NaN NaN NaN NaN NaN NaN NaN NaN NaN NaN NaN NaN NaN NaN NaN NaN NaN NaN NaN NaN NaN NaN NaN NaN NaN NaN NaN NaN"
General-0-20251226-15:26:32-111133,vector,AdhocNetwork1.host[7].rl,rlReward,,,"1 2 3 4 5 6 7 8 9 10 11 12 13 14 15 16 17 18 19 20 21 22 23 24 25 26 27 28 29 30 31 32 33 34 35 36 37 38 39 40 41 42 43 44 45 46 47 48 49 50","0.33333333333333 0 0.3097405045594 0.014362276141509 0.026477977273755 0.32975738915681 0.30576262990954 0.31823207761763 0 0.040940380632897 0.037804311778652 0.024797835079285 0.085860444201584 -0.1086058172219 0.063437616333465 0.0035622239836777 0.051799751933073 0.70326730949914 0.0034436695302829 0.015025031728087 0.056939295576777 0.0042366444503835 0 0.012294737572033 -0.14620484480187 0.03741937314614 0.029745091932611 0 0.044646966607975 -0.66386099485329 -0.46242138697673 0.3594730279305 0.74794953721602 0.017473744053672 0.035685150911707 0.0086870628360349 0 0.042638490510633 0.044641021686919 0 0.057088896486008 0.019824823047857 0 0 0.098475595641461 0.72956431311516 0.66666666666667 0.66666666666667 0.77394232658744 0.79741856163548"
General-0-20251226-15:26:32-111133,vector,AdhocNetwork1.host[8].app[1],e2eDelayPeriodicSec,,,"1 2 3 4 5 6 7 8 9 10 11 12 13 14 15 16 17 18 19 20 21 22 23 24 25 26 27 28 29 30 31 32 33 34 35 36 37 38 39 40 41 42 43 44 45 46 47 48 49 50","NaN NaN NaN NaN NaN NaN NaN NaN NaN NaN NaN NaN NaN NaN NaN NaN NaN NaN NaN NaN NaN NaN NaN NaN NaN NaN NaN NaN NaN NaN NaN NaN NaN NaN NaN NaN NaN NaN NaN NaN NaN NaN NaN NaN NaN NaN NaN NaN NaN NaN"
General-0-20251226-15:26:32-111133,vector,AdhocNetwork1.host[8].rl,rlReward,,,"1 2 3 4 5 6 7 8 9 10 11 12 13 14 15 16 17 18 19 20 21 22 23 24 25 26 27 28 29 30 31 32 33 34 35 36 37 38 39 40 41 42 43 44 45 46 47 48 49 50","0.33333333333333 0 0 0.050087686659844 0.030278667317308 0.029597345278784 0.061887674021509 0.037538893855285 0 0.10626929713504 0.057846106637894 0.01544235205807 0.091880490034262 0.097068246934101 0.31726795509202 0.3 0.35959616081992 0.16419400530964 0.72052436061843 0.32815425455253 0.35617761633109 -0.65576205102923 -0.69683403489162 -0.69636816015022 -0.25203757067391 -0.26506693726782 -0.68880109856544 -0.69668723254218 -0.68023332325446 -0.7 -0.69302576613045 0.32742361312335 0.21310987647901 0.12057892666539 0.16695639068906 0.12403460075446 0.10821932790387 0.21487647045918 0.17727674439629 -0.5 -0.43352494162003 -0.17495415771861 0.1 0.1 0.14279202268745 0.13542773983863 0.027268703528598 0.54650833675694 -0.60609680356053 -0.41917900021296"
General-0-20251226-15:26:32-111133,vector,AdhocNetwork1.host[9].app[1],e2eDelayPeriodicSec,,,"1 2 3 4 5 6 7 8 9 10 11 12 13 14 15 16 17 18 19 20 21 22 23 24 25 26 27 28 29 30 31 32 33 34 35 36 37 38 39 40 41 42 43 44 45 46 47 48 49 50","NaN NaN NaN NaN NaN NaN NaN NaN NaN NaN NaN NaN NaN NaN NaN NaN NaN NaN NaN NaN NaN NaN NaN NaN NaN NaN NaN NaN NaN NaN NaN NaN NaN NaN NaN NaN NaN NaN NaN NaN NaN NaN NaN NaN NaN NaN NaN NaN NaN NaN"
General-0-20251226-15:26:32-111133,vector,AdhocNetwork1.host[9].rl,rlReward,,,"1 2 3 4 5 6 7 8 9 10 11 12 13 14 15 16 17 18 19 20 21 22 23 24 25 26 27 28 29 30 31 32 33 34 35 36 37 38 39 40 41 42 43 44 45 46 47 48 49 50","0.33333333333333 0 0 0 0.016222396002388 0.080666015763634 0 0.075743815212472 0.04665850357343 0.11030416372747 0.086802239843367 0.063639024039768 0.090972173458954 0.38665390998882 0.32384911216366 0.3 0.38822947107657 0.35089361922861 0.34245669154069 0.39571358206565 0.39833486691159 0.36602980149302 0.34076177528006 0.32336236965911 0.71718674808485 0.32624198475218 0.35059698013728 0.3210947613559 0.35622961431287 0.72015378510021 0 0.39043865381337 0.40684352683809 -0.68660839593645 -0.65219352390707 -0.66549486531804 -0.5 -0.65335382744807 -0.58864004098851 -0.69378210943029 -0.60231262510632 0.34703925314622 0.3329859090143 0.3951237227328 0.36653847932105 0.31177551656534 0.3 0.7 0.31623529702734 0.4175111833379"
General-0-20251226-15:26:32-111133,vector,AdhocNetwork1.host[10].app[1],e2eDelayPeriodicSec,,,"1 2 3 4 5 6 7 8 9 10 11 12 13 14 15 16 17 18 19 20 21 22 23 24 25 26 27 28 29 30 31 32 33 34 35 36 37 38 39 40 41 42 43 44 45 46 47 48 49 50","NaN NaN NaN NaN NaN NaN NaN NaN NaN NaN 0.009007312013 0.009007312013 0.009007312013 NaN 0.006137176244 0.006137176244 0.006137176244 NaN 0.006516601994 0.006516601994 0.006516601994 NaN 0.006156301355 0.006156301355 0.006156301355 NaN NaN NaN 0.006536761245 0.006536761245 0.006536761245 0.006677168294 0.006677168294 0.006677168294 NaN NaN 0.006477765641 0.006477765641 0.006477765641 NaN NaN NaN NaN NaN NaN NaN NaN NaN NaN NaN"
General-0-20251226-15:26:32-111133,vector,AdhocNetwork1.host[10].rl,rlReward,,,"1 2 3 4 5 6 7 8 9 10 11 12 13 14 15 16 17 18 19 20 21 22 23 24 25 26 27 28 29 30 31 32 33 34 35 36 37 38 39 40 41 42 43 44 45 46 47 48 49 50","0.33333333333333 0 0.063128606391107 0.10790351818263 0.2934720012808 0.0011333667831397 0.067679425504284 0.11331083012196 0.12080482284884 0.12748832295823 0.064128309856426 0.74289428489951 0.82393245832608 0.7774759748381 0.77984844713191 0.10178767366553 -0.55090958251403 -0.53607815878798 -0.52981254824086 -0.58026562919269 -0.53898764433979 0.16914806721574 0.085487282182834 0.13347455902197 0.17032783803886 0.11709361770109 0.1585188843521 0.17037847684137 0.096090061827137 0.14374568197451 0.15847678813134 0.14809241476716 0.12890495194948 0.13834599380542 0.14308725344625 0.1626914114716 0.14690581453666 0.16575545572909 0.19312507366802 0.17297707378611 0.15722661694863 -0.0096363762032731 0.18984672924242 0.19124256075621 0.17402393961829 -0.48437477412502 -0.49906076379263 -0.5512959423984 -0.45891155973832 -0.46161688446225"
General-0-20251226-15:26:32-111133,vector,AdhocNetwork1.host[11].app[1],e2eDelayPeriodicSec,,,"1 2 3 4 5 6 7 8 9 10 11 12 13 14 15 16 17 18 19 20 21 22 23 24 25 26 27 28 29 30 31 32 33 34 35 36 37 38 39 40 41 42 43 44 45 46 47 48 49 50","NaN NaN NaN NaN NaN NaN NaN NaN NaN NaN NaN NaN NaN NaN NaN NaN NaN NaN NaN NaN NaN NaN NaN NaN NaN NaN NaN NaN NaN NaN NaN NaN NaN NaN NaN NaN NaN NaN NaN NaN NaN NaN NaN NaN NaN NaN NaN NaN NaN NaN"
General-0-20251226-15:26:32-111133,vector,AdhocNetwork1.host[11].rl,rlReward,,,"1 2 3 4 5 6 7 8 9 10 11 12 13 14 15 16 17 18 19 20 21 22 23 24 25 26 27 28 29 30 31 32 33 34 35 36 37 38 39 40 41 42 43 44 45 46 47 48 49 50","0.33333333333333 0 0.058872649521991 0.76379084880116 0.76575107939232 0.10112971413509 0.091502932280117 -0.57060398377134 -0.59794039127804 -0.55525374599401 -0.57681078566616 0.037950036265458 0.11737499293529 0.1246843862617 0.023791832087109 0.046626865307502 0.74639675109973 0.75552308515275 0.73830879504985 0.75970793793498 0.75823055337762 0.059959462466621 0.045460561589872 -0.66666666666667 -0.62631510946141 -0.60959597983499 -0.58869908431732 -0.61025499100287 -0.62068293867614 -0.60723255612058 -0.65090530761669 0.10347645845092 0.089185452180528 0.047032120809908 0.080931560676069 0.72744969245666 -0.28103187726063 0.027061181564246 -0.48870173119777 -0.64888939954954 -0.43876842649194 0.0091096113755497 0.36833047680843 0.39562154131146 0.3502601776483 0.084438329791881 0.31539852481267 0.31300291964722 0.39634211338725 0.39376877991693"
General-0-20251226-15:26:32-111133,vector,AdhocNetwork1.host[12].app[1],e2eDelayPeriodicSec,,,"1 2 3 4 5 6 7 8 9 10 11 12 13 14 15 16 17 18 19 20 21 22 23 24 25 26 27 28 29 30 31 32 33 34 35 36 37 38 39 40 41 42 43 44 45 46 47 48 49 50","NaN NaN NaN NaN NaN NaN NaN NaN NaN NaN NaN NaN NaN NaN NaN NaN NaN NaN NaN NaN NaN NaN NaN NaN NaN NaN NaN NaN 6.015369789946 6.015369789946 6.015369789946 NaN NaN NaN NaN NaN NaN NaN NaN NaN NaN NaN NaN NaN NaN NaN NaN NaN NaN NaN"
General-0-20251226-15:26:32-111133,vector,AdhocNetwork1.host[12].rl,rlReward,,,"1 2 3 4 5 6 7 8 9 10 11 12 13 14 15 16 17 18 19 20 21 22 23 24 25 26 27 28 29 30 31 32 33 34 35 36 37 38 39 40 41 42 43 44 45 46 47 48 49 50","0.33333333333333 0 0.030478882373928 0.14414574739352 0.035481739419433 0.10480272248401 0.097241131517134 0.05818600936711 0.0092776361429223 0.11918826530471 -0.18178617920431 0.0065490551053904 0.067890792937572 0 0.093711359026633 0.090963570369275 0.039074508166221 0.073135534720232 0.049618459614463 -0.2 0.087655237013617 0 0 0.094647329391674 0.093462162556967 0.036345928691196 0.10705948537983 0.42689219963585 0.3 0.43000705349086 0.42717802005483 0.39367688778987 0.46025526101811 0.40346989124596 0.35421665243949 0.39483189089244 0.40365428440465 0.33932894752945 0.43895258780166 0.34583710254722 0.38694847946212 0.3 0.35512593735897 0.3815662388876 0.39922836952338 0.34408225684336 0.3 0.4114591283073 0.39748990565808 0.46522734094588"
General-0-20251226-15:26:32-111133,vector,AdhocNetwork1.host[13].app[1],e2eDelayPeriodicSec,,,"1 2 3 4 5 6 7 8 9 10 11 12 13 14 15 16 17 18 19 20 21 22 23 24 25 26 27 28 29 30 31 32 33 34 35 36 37 38 39 40 41 42 43 44 45 46 47 48 49 50","NaN NaN NaN NaN NaN NaN NaN 0.023292838354 0.023292838354 0.023292838354 NaN NaN NaN NaN 0.013983014748 0.013983014748 0.013983014748 0.006396485998 0.006396485998 0.006396485998 NaN NaN 0.008360025596 0.008360025596 0.008360025596 0.007036621127 0.007036621127 0.007036621127 0.007096676465 0.007096676465 0.007096676465 NaN NaN 0.006376753229 0.006376753229 0.006376753229 0.012761673031 0.012761673031 0.012761673031 NaN NaN 0.006876892577 0.006876892577 0.006876892577 NaN NaN NaN NaN 0.006997017892 0.006997017892"
General-0-20251226-15:26:32-111133,vector,AdhocNetwork1.host[13].rl,rlReward,,,"1 2 3 4 5 6 7 8 9 10 11 12 13 14 15 16 17 18 19 20 21 22 23 24 25 26 27 28 29 30 31 32 33 34 35 36 37 38 39 40 41 42 43 44 45 46 47 48 49 50","0.33333333333333 0 0.008650171067836 0.75455305366508 0.013282470598402 0.16116722026595 0.074502531160524 -0.65805140618938 -0.66666666666667 -0.58351670242064 0.039449998920901 0.72020111332539 0.1095684971278 0.20487422738828 0.13507937752262 0.1973136343622 0.21351139060449 0.24067420549976 0.18265108567642 0.056683099357224 0.26403813771494 0.27589436682276 -0.19439138205206 0.19202338030999 0.65985846189114 -0.036864454400637 0.24762513395624 0.041632133368461 -0.48954227013167 -0.5 -0.52712187050992 0.057151819597878 0.15884057007885 0.21917424171969 0.16305323055037 0.14795668067186 0.24825786013993 0.61688908421978 0.68261109219826 0.6311648315866 0.029709124012387 0.60632963996239 0.26450445785899 0.004624512933538 0.25800638910881 0.24341743268073 0.1 0.14651056178159 0.1433048621654 0.28382202293462"
General-0-20251226-15:26:32-111133,vector,AdhocNetwork1.host[14].app[1],e2eDelayPeriodicSec,,,"1 2 3 4 5 6 7 8 9 10 11 12 13 14 15 16 17 18 19 20 21 22 23 24 25 26 27 28 29 30 31 32 33 34 35 36 37 38 39 40 41 42 43 44 45 46 47 48 49 50","NaN NaN NaN NaN NaN NaN NaN NaN NaN NaN NaN NaN NaN NaN NaN NaN NaN NaN NaN NaN NaN NaN NaN NaN NaN NaN NaN NaN NaN NaN NaN NaN NaN NaN NaN NaN NaN NaN NaN NaN NaN NaN NaN NaN NaN NaN NaN NaN NaN NaN"
General-0-20251226-15:26:32-111133,vector,AdhocNetwork1.host[14].rl,rlReward,,,"1 2 3 4 5 6 7 8 9 10 11 12 13 14 15 16 17 18 19 20 21 22 23 24 25 26 27 28 29 30 31 32 33 34 35 36 37 38 39 40 41 42 43 44 45 46 47 48 49 50","0.33333333333333 0 0.31336980955402 0.74593464801575 0.047189027030007 -0.6348936879836 -0.57206122374257 -0.59189207831536 -0.66666666666667 -0.57962642172368 -0.57201938715821 0.15314600638382 0.28551469304945 0.28028572060653 0.3558388568618 0.69591948353164 -0.059904861235911 -0.1161760532285 -0.081807497706637 -0.0804090029919 -0.09267500818415 -0.05157734705763 -0.13110478943502 -0.14054460605251 -0.044208512302263 -0.069376239094562 -0.15679619030732 0.19382725128428 0.22181894175261 0.014133001450468 0.36961440046717 0.24784034279536 0.3707356276439 0.21438121444325 0.21671943340123 0.14587047571649 0.22251194184907 0.26623814321632 0.24554295788618 0.61311168413555 0.23492981624269 0.16874064881148 0.23094494024708 0.19028787909497 0.12789010473652 0.17037895426591 0.10655243638808 0.10362185607017 0.23717571526646 0.27684242125857"
General-0-20251226-15:26:32-111133,vector,AdhocNetwork1.host[15].app[1],e2eDelayPeriodicSec,,,"1 2 3 4 5 6 7 8 9 10 11 12 13 14 15 16 17 18 19 20 21 22 23 24 25 26 27 28 29 30 31 32 33 34 35 36 37 38 39 40 41 42 43 44 45 46 47 48 49 50","NaN NaN NaN NaN NaN NaN NaN NaN NaN NaN NaN NaN NaN NaN NaN NaN NaN NaN NaN NaN NaN NaN NaN NaN NaN NaN NaN NaN NaN NaN NaN NaN NaN NaN NaN NaN NaN NaN NaN NaN NaN NaN NaN NaN NaN NaN NaN NaN NaN NaN"
General-0-20251226-15:26:32-111133,vector,AdhocNetwork1.host[15].rl,rlReward,,,"1 2 3 4 5 6 7 8 9 10 11 12 13 14 15 16 17 18 19 20 21 22 23 24 25 26 27 28 29 30 31 32 33 34 35 36 37 38 39 40 41 42 43 44 45 46 47 48 49 50","0.33333333333333 0 0 0.7775702301413 -0.51334085319626 -0.58463898652663 -0.59498385496216 -0.66666666666667 -0.63342685506981 -0.61599903283726 -0.47882294298713 0.072012885469874 0.11848725661842 0 0.26217604683083 -0.19852391932287 0.33565829083504 0.07578386260943 0.27236021221488 0.25279258382592 0.22573666035375 0.28184286089259 0.36741416848991 0.33707475973919 0.28544410943268 0.23659686466359 0.071604912044829 -0.083989925759652 -0.026755982621415 -0.09747297130132 -0.38037239495622 0.21156803406932 0.17455716844415 0.12859146576633 0.10577922230609 0.1 0.22857746854866 -0.3489782701182 -0.44108015125823 -0.45967001580812 -0.40708546702892 0.1 0.3 0.33093174422726 0.360239965836 0.3495364331129 0.3 0.30646961593099 0.42951885500678 0.40056929668732"
General-0-20251226-15:26:32-111133,vector,AdhocNetwork1.host[16].app[1],e2eDelayPeriodicSec,,,"1 2 3 4 5 6 7 8 9 10 11 12 13 14 15 16 17 18 19 20 21 22 23 24 25 26 27 28 29 30 31 32 33 34 35 36 37 38 39 40 41 42 43 44 45 46 47 48 49 50","NaN NaN NaN NaN NaN NaN NaN NaN NaN NaN NaN NaN NaN NaN 12.361535075349 12.361535075349 12.361535075349 NaN NaN NaN NaN NaN NaN NaN NaN NaN NaN NaN NaN NaN NaN NaN NaN NaN NaN NaN NaN NaN NaN NaN NaN NaN NaN NaN NaN NaN NaN NaN NaN NaN"
General-0-20251226-15:26:32-111133,vector,AdhocNetwork1.host[16].rl,rlReward,,,"1 2 3 4 5 6 7 8 9 10 11 12 13 14 15 16 17 18 19 20 21 22 23 24 25 26 27 28 29 30 31 32 33 34 35 36 37 38 39 40 41 42 43 44 45 46 47 48 49 50","0.33333333333333 0 0 0.042197984900026 -0.69713725643957 -0.5 0.28715861092326 0.26149568465707 -0.6 -0.44550752423103 -0.4665318422707 0.049144956397172 0.13315915100685 0.14038646209118 0.19414190632853 0.10231046955352 0.13999399926934 0.13101863048405 0.13549376690081 0.15868357003555 0.14948182236475 0.1676813491492 0.14324846113285 -0.52389802926226 -0.37995261247506 -0.48170401443221 -0.53355529932485 -0.47283370067177 -0.19791868752904 -0.46121092905363 -0.46346841637568 0.48705033412081 0.41175055686802 0.47952336838661 0.47952336838662 0.48705033412081 0.48705033412081 0.48328685125372 0.41175055686804 0.48705033412081 0.48328685125371 0.48705033412081 0.48705033412081 0.48705033412081 0.48705033412081 0.41175055686802 0.4870503341208 0.20783370457868 0.48705033412073 0.48705033412081"
General-0-20251226-15:26:32-111133,vector,AdhocNetwork1.host[17].app[1],e2eDelayPeriodicSec,,,"1 2 3 4 5 6 7 8 9 10 11 12 13 14 15 16 17 18 19 20 21 22 23 24 25 26 27 28 29 30 31 32 33 34 35 36 37 38 39 40 41 42 43 44 45 46 47 48 49 50","NaN NaN NaN NaN NaN NaN NaN NaN NaN NaN NaN NaN NaN NaN NaN NaN NaN NaN NaN NaN NaN NaN NaN NaN NaN NaN NaN NaN NaN NaN NaN NaN NaN NaN NaN NaN NaN NaN NaN NaN NaN NaN NaN NaN NaN NaN NaN NaN NaN NaN"
General-0-20251226-15:26:32-111133,vector,AdhocNetwork1.host[17].rl,rlReward,,,"1 2 3 4 5 6 7 8 9 10 11 12 13 14 15 16 17 18 19 20 21 22 23 24 25 26 27 28 29 30 31 32 33 34 35 36 37 38 39 40 41 42 43 44 45 46 47 48 49 50","0.33333333333333 0 0.069156187502324 0.049464530156656 0 0.04279247341934 0.055627637389676 0.084881115084756 0.020042785846888 0.041729249132239 0.00089473046836014 0 0.08559761728449 0.080996160887018 0 0.033099022589127 0.38606798817368 0.28059988197009 0.33858048349495 0.41125499525091 0.38489850303217 0.39022203675323 0.77880042122251 0.71163135480709 -0.63516882759686 -0.7 -0.64263391174068 -0.60578682269227 -0.62597948951624 -0.68712328490835 -0.48617276877341 0.35838850148861 0.44164764041162 0.34038014063181 0.38451866769713 0.40190633802649 0.3906077032142 0.39861833122008 0.41646932850201 0.72767208955835 0.80926336025419 0.7845343457761 0.072230146915596 0.39137632923722 0.38968085711102 0.33309169427212 0.3 0.35085526853562 0.34541373212606 0.10811165067763"
General-0-20251226-15:26:32-111133,vector,AdhocNetwork1.host[18].app[1],e2eDelayPeriodicSec,,,"1 2 3 4 5 6 7 8 9 10 11 12 13 14 15 16 17 18 19 20 21 22 23 24 25 26 27 28 29 30 31 32 33 34 35 36 37 38 39 40 41 42 43 44 45 46 47 48 49 50","NaN NaN NaN NaN NaN NaN NaN NaN NaN NaN NaN NaN NaN NaN NaN NaN NaN 9.02858914193 9.02858914193 9.02858914193 0.012999387662 0.012999387662 0.012999387662 NaN NaN NaN NaN NaN 3.033154800356 3.033154800356 3.033154800356 NaN NaN NaN NaN NaN NaN NaN NaN NaN NaN NaN NaN 3.016741193269 3.016741193269 3.016741193269 NaN NaN NaN NaN"
General-0-20251226-15:26:32-111133,vector,AdhocNetwork1.host[18].rl,rlReward,,,"1 2 3 4 5 6 7 8 9 10 11 12 13 14 15 16 17 18 19 20 21 22 23 24 25 26 27 28 29 30 31 32 33 34 35 36 37 38 39 40 41 42 43 44 45 46 47 48 49 50","0.33333333333333 0 0 0.75411143027899 0.076239318314862 0.053795555953777 0.032517768925278 0.054732870042735 0 0.070004836970301 -0.57011340974831 0.31303520894345 0.12250219361214 0.1217159271287 0.051870004663729 0.33067523017036 0.11490508853963 0.090110995740945 0.11055758654011 0.13148137318522 0.13089960828121 0.068504623803893 0.094983593422971 0.050735667174878 0.80318857772699 0.11194205980957 0.25339055399512 0.12417562412796 -0.55949088968618 -0.56707174056246 -0.57793707253712 0.14995618686375 0.12432478114524 0.092381134840203 0.13535541684791 0.10938799965544 0.12460880239193 0.43531384688287 0.45006810232793 0.40767759210125 0.4141930293066 0.38236806929063 0.43975029848199 -0.55332513282684 -0.54344288277828 -0.51731453701823 -0.60196797745609 -0.37042348899702 -0.40601946330873 0.15025595761116"
General-0-20251226-15:26:32-111133,vector,AdhocNetwork1.host[19].app[1],e2eDelayPeriodicSec,,,"1 2 3 4 5 6 7 8 9 10 11 12 13 14 15 16 17 18 19 20 21 22 23 24 25 26 27 28 29 30 31 32 33 34 35 36 37 38 39 40 41 42 43 44 45 46 47 48 49 50","NaN NaN NaN NaN NaN NaN NaN NaN NaN NaN NaN NaN NaN NaN NaN NaN NaN NaN NaN NaN NaN NaN NaN NaN NaN NaN NaN NaN NaN NaN NaN NaN NaN NaN NaN NaN NaN NaN NaN NaN NaN NaN NaN NaN NaN NaN NaN NaN NaN NaN"
General-0-20251226-15:26:32-111133,vector,AdhocNetwork1.host[19].rl,rlReward,,,"1 2 3 4 5 6 7 8 9 10 11 12 13 14 15 16 17 18 19 20 21 22 23 24 25 26 27 28 29 30 31 32 33 34 35 36 37 38 39 40 41 42 43 44 45 46 47 48 49 50","0.33333333333333 0 0.042325905289712 0.71083775432697 0.75502029920476 0.095780116436099 0.034664808881661 0.23522414898836 0.03870905749955 0.066146663945837 0.73601716942936 0.16536226576966 -0.0088597039910608 -0.66296815555593 -0.64550038728741 -0.66666666666667 0.095069552196389 0.015049360597064 -0.017112735872897 0.013705704294592 -0.37105957816468 0.058292024546759 -0.1104361119423 0.049295700198491 0.15969599021135 0.046407630060048 -0.41090800225462 0.056081959992116 -0.55297461635234 -0.4311349170646 -0.63941313040313 0.21964507535962 0.088640967611478 -0.15580616717762 0.22510734035329 0.36856720476907 0.32711804458002 0.062583243299488 0.27531624879619 0.16552688003162 0.09122968542565 -0.14673243284173 0.196762992475 0.38989606552561 0.32731243389278 -0.23438928059919 0.0030878948361624 -0.64015660615759 -0.32251159234378 -0.59224569171719"
General-0-20251226-15:26:32-111133,vector,AdhocNetwork1.host[20].app[1],e2eDelayPeriodicSec,,,"1 2 3 4 5 6 7 8 9 10 11 12 13 14 15 16 17 18 19 20 21 22 23 24 25 26 27 28 29 30 31 32 33 34 35 36 37 38 39 40 41 42 43 44 45 46 47 48 49 50","NaN NaN NaN NaN NaN NaN NaN NaN NaN NaN NaN NaN NaN NaN NaN NaN NaN NaN NaN NaN NaN NaN NaN 9.35947315789 9.35947315789 9.35947315789 NaN NaN NaN 3.037325126899 3.037325126899 3.037325126899 NaN NaN NaN NaN NaN NaN NaN NaN NaN NaN NaN NaN NaN NaN NaN NaN NaN NaN"
General-0-20251226-15:26:32-111133,vector,AdhocNetwork1.host[20].rl,rlReward,,,"1 2 3 4 5 6 7 8 9 10 11 12 13 14 15 16 17 18 19 20 21 22 23 24 25 26 27 28 29 30 31 32 33 34 35 36 37 38 39 40 41 42 43 44 45 46 47 48 49 50","0.33333333333333 0 0.011965236010308 0.67683138378811 0.011806869176134 0.023243269998719 0.023661413299658 0.7065557141906 0.66666666666667 0.76312902604245 0.095676285367474 -0.15367124697145 0.10432312928866 0.24817848149543 0 -0.1292609630558 -0.56137908822118 -0.24716180476125 0.092912122452011 -0.57061815389333 -0.61349898013263 0.10888835092624 0.076358943240873 0.027751906873997 0.064936858701893 -0.64470286961075 -0.63298897813221 -0.59739117157242 -0.60689631871438 -0.66666666666667 -0.5672585807689 0.10329638979023 -0.082340802510299 0.094196360285195 0.093518556201576 0.03823422417958 0.10008065785261 0.11309240014635 0.029229514317398 0.063103034112842 -0.57246799447997 0.13522444225995 0.1 0.19157642870371 0.20627439954564 0.60380228016732 0.5 0.56041852512105 0.18857374303577 0.10288938557435"
General-0-20251226-15:26:32-111133,vector,AdhocNetwork1.host[21].app[1],e2eDelayPeriodicSec,,,"1 2 3 4 5 6 7 8 9 10 11 12 13 14 15 16 17 18 19 20 21 22 23 24 25 26 27 28 29 30 31 32 33 34 35 36 37 38 39 40 41 42 43 44 45 46 47 48 49 50","NaN NaN NaN NaN NaN NaN NaN NaN NaN NaN NaN NaN NaN NaN NaN NaN NaN NaN NaN NaN NaN NaN NaN NaN NaN NaN NaN NaN NaN NaN NaN NaN NaN NaN NaN NaN NaN NaN NaN NaN NaN NaN NaN NaN NaN NaN NaN NaN NaN NaN"
General-0-20251226-15:26:32-111133,vector,AdhocNetwork1.host[21].rl,rlReward,,,"1 2 3 4 5 6 7 8 9 10 11 12 13 14 15 16 17 18 19 20 21 22 23 24 25 26 27 28 29 30 31 32 33 34 35 36 37 38 39 40 41 42 43 44 45 46 47 48 49 50","0.33333333333333 0 0.033462642688477 0.12076423395895 0.039152667592678 0.76179479043489 0.080517079403499 0.23868235511057 0.016537703860649 0.086432317294586 -0.6 0.03169351000594 0.09049931895682 0.053641985440938 0.053426810136261 0.049613316285014 0.054556437669546 0.079623973992898 0.086161098267476 0.0054927853576547 0.092980626783093 0.094310517679167 0.1 0.061404252777529 0.11226204714954 0.04341897438414 0.10281573689646 0.11572150420341 0 0.07860983707019 0.10469939507193 0.072611238320301 0.080553273169558 0.089656998811151 0.041169066784017 0.060101319052958 -0.16068425404019 0.041139926687105 0.090385889879183 0.04101662016306 0.017628988759591 0 0.76343131671386 0.77648764283623 0.087217559174979 0.073477733268609 0 0.083084012287033 -0.54436457613371 -0.61881076499741"
General-0-20251226-15:26:32-111133,vector,AdhocNetwork1.host[22].app[1],e2eDelayPeriodicSec,,,"1 2 3 4 5 6 7 8 9 10 11 12 13 14 15 16 17 18 19 20 21 22 23 24 25 26 27 28 29 30 31 32 33 34 35 36 37 38 39 40 41 42 43 44 45 46 47 48 49 50","NaN NaN NaN NaN NaN NaN NaN NaN NaN NaN NaN NaN NaN NaN NaN NaN NaN NaN NaN NaN NaN NaN NaN NaN NaN NaN NaN NaN NaN NaN NaN NaN NaN NaN NaN NaN NaN NaN NaN NaN NaN NaN NaN NaN NaN NaN NaN NaN NaN NaN"
General-0-20251226-15:26:32-111133,vector,AdhocNetwork1.host[22].rl,rlReward,,,"1 2 3 4 5 6 7 8 9 10 11 12 13 14 15 16 17 18 19 20 21 22 23 24 25 26 27 28 29 30 31 32 33 34 35 36 37 38 39 40 41 42 43 44 45 46 47 48 49 50","0.33333333333333 0 0 0.11935640831381 0.077048110561009 0.11971356017464 0.088990458199078 0.067853839553209 0.015347777529364 0.11439062910225 -0.62889561277421 0.020795564053076 0.27382708309207 0.0654143399678 0.37782394532974 0.35926381130881 0.36393068396189 0.3624365386533 0.35739472567695 0.35135844915446 -0.23167075147596 0.74511760369292 0.069519767539282 0.31380478333259 0.37180493366926 0.32823390077691 -0.26905503813293 -0.21687503022971 -0.27718057603269 0.057885208873109 0.042316879176604 0.38748431674813 0.063237723216333 -0.21471110673882 0.087147171094398 0.2918467720724 0.32371641504009 0.32490867722009 -0.43609836918224 -0.47579108229153 -0.4837130986386 -0.14997013784489 -0.054252374391013 -0.015275221617044 0.10174622208438 0.12453202175872 0.068582032147574 -0.40535021637196 -0.54717181244527 0.34909514030172"
General-0-20251226-15:26:32-111133,vector,AdhocNetwork1.host[23].app[1],e2eDelayPeriodicSec,,,"1 2 3 4 5 6 7 8 9 10 11 12 13 14 15 16 17 18 19 20 21 22 23 24 25 26 27 28 29 30 31 32 33 34 35 36 37 38 39 40 41 42 43 44 45 46 47 48 49 50","NaN 0.014123525002 0.014123525002 0.014123525002 NaN 0.006176470101 0.006176470101 0.006176470101 NaN NaN 0.0072164842 0.0072164842 0.0072164842 0.006936494687 0.006936494687 0.006936494687 NaN 0.007556508574 0.007556508574 0.007556508574 NaN 0.0066365197 0.0066365197 0.0066365197 NaN 0.00703653481 0.00703653481 0.00703653481 NaN NaN NaN NaN NaN NaN NaN NaN NaN NaN NaN NaN NaN NaN NaN NaN NaN NaN NaN NaN NaN NaN"
General-0-20251226-15:26:32-111133,vector,AdhocNetwork1.host[23].rl,rlReward,,,"1 2 3 4 5 6 7 8 9 10 11 12 13 14 15 16 17 18 19 20 21 22 23 24 25 26 27 28 29 30 31 32 33 34 35 36 37 38 39 40 41 42 43 44 45 46 47 48 49 50","0.33333333333333 0 0.05651210791253 0.12323758188207 0.72271675007474 0.08277113619823 -0.11616525230905 -0.13083494423226 0.046127915011413 0.106302575864 0.0082082898736792 0.049285713944484 0.10260044324122 0.048174000816362 0.047082887961396 0.029809155482323 0.044026058661219 0.07462229305664 0.05293927620225 0.037006909386884 0.097819898282514 0.057258848319035 0 0.043634915800343 0.097553848627254 0.018165146117167 0.026008796515237 0.32696883395652 0 0.03705594686032 0.05791054448116 0.035316002722895 0.36821150178025 0.053411141198438 0.30411662896285 0.033654378869579 0.043573613588451 0.029753675542575 0.070606362809632 0.032055614682084 0 0 0.017315148589957 0 0.12353866068785 0 0 -0.65168178697265 -0.6389353358906 -0.62980799814578"
General-0-20251226-15:26:32-111133,vector,AdhocNetwork1.host[24].app[1],e2eDelayPeriodicSec,,,"1 2 3 4 5 6 7 8 9 10 11 12 13 14 15 16 17 18 19 20 21 22 23 24 25 26 27 28 29 30 31 32 33 34 35 36 37 38 39 40 41 42 43 44 45 46 47 48 49 50","NaN NaN NaN NaN NaN NaN NaN NaN 0.029310316954 0.029310316954 0.029310316954 NaN NaN NaN NaN 0.018976931136 0.018976931136 0.018976931136 NaN NaN NaN NaN NaN NaN NaN NaN NaN NaN NaN NaN 0.007357451738 0.007357451738 0.007357451738 NaN NaN NaN NaN NaN NaN NaN NaN NaN NaN 0.006437316664 0.006437316664 0.006437316664 NaN NaN NaN NaN"
General-0-20251226-15:26:32-111133,vector,AdhocNetwork1.host[24].rl,rlReward,,,"1 2 3 4 5 6 7 8 9 10 11 12 13 14 15 16 17 18 19 20 21 22 23 24 25 26 27 28 29 30 31 32 33 34 35 36 37 38 39 40 41 42 43 44 45 46 47 48 49 50","0.33333333333333 0 0.0031490892176013 0.71212320339415 0.081850204392633 0.095010201919648 0.023753646810083 0.086474118131075 0.013032211002959 0.067315647109142 -0.11644953963203 0.040991406869471 0.076343003092121 0.044128445591481 -0.63873264492237 -0.5 -0.47236048536025 -0.58702048761634 -0.5817988676916 0.03552776852459 0.10901361458607 0.7419391924471 0.72164804352056 0.76179693333594 0.74616922046988 0.75142393779066 -0.57377337948056 -0.60271852546241 -0.58943734984397 -0.65721195165939 -0.62446938980816 0.01920594209654 0.031542056468035 0 0.020004778921415 0 0.35185070034947 0.11053168162153 0.10935562317575 0.046347727017944 0.067049393879973 0.039392376149151 0.1021522461772 0.0097130197765976 0.027807964233197 0.060055278018164 0.044590024590327 0.067433682700376 0.10500218546331 0.1530249911314"
General-1-20251226-15:26:32-111134,vector,AdhocNetwork1.host[0].app[1],e2eDelayPeriodicSec,,,"1 2 3 4 5 6 7 8 9 10 11 12 13 14 15 16 17 18 19 20 21 22 23 24 25 26 27 28 29 30 31 32 33 34 35 36 37 38 39 40 41 42 43 44 45 46 47 48 49 50","NaN NaN NaN NaN NaN NaN NaN NaN NaN NaN NaN NaN NaN NaN NaN NaN NaN NaN NaN NaN NaN NaN NaN NaN NaN NaN NaN NaN NaN NaN NaN NaN NaN NaN NaN NaN NaN NaN NaN NaN NaN NaN NaN NaN NaN NaN NaN NaN NaN NaN"
General-1-20251226-15:26:32-111134,vector,AdhocNetwork1.host[0].rl,rlReward,,,"1 2 3 4 5 6 7 8 9 10 11 12 13 14 15 16 17 18 19 20 21 22 23 24 25 26 27 28 29 30 31 32 33 34 35 36 37 38 39 40 41 42 43 44 45 46 47 48 49 50","0.33333333333333 0 0.029440662466755 0.11082360343457 0.068040259039943 0.029969839051861 0.75362808799827 0.019929737153811 0.065538072563079 0.094463729948139 0.043690526266547 0.051902892226143 0.093887288814016 0.066556853203555 -0.1039494742861 0.075666221266799 0 0.056566852560818 0.029699072725847 1.1147722040528e-05 0.05343423077659 0.073501821046151 0.026767423831546 0.68487941441296 0.062540759482287 0.057473735904376 0.042688945589107 0.38883604986327 0.38636005415586 0.35907588194583 0.39245613575842 0.38346020599707 0.36796549054007 -0.56520491564585 -0.55808868399138 -0.56885014592439 -0.56317921423311 -0.54201493498059 -0.55904206076004 -0.54905039819284 -0.53983820060393 -0.058317878966991 0.10148785596895 0.12315910446182 0.39877396664569 0.41285281004285 0.38178195961451 0.36202608226811 0.4147510739346 0.40018879014971"
General-1-20251226-15:26:32-111134,vector,AdhocNetwork1.host[1].app[1],e2eDelayPeriodicSec,,,"1 2 3 4 5 6 7 8 9 10 11 12 13 14 15 16 17 18 19 20 21 22 23 24 25 26 27 28 29 30 31 32 33 34 35 36 37 38 39 40 41 42 43 44 45 46 47 48 49 50","NaN NaN NaN NaN 0.012147402234 0.012147402234 0.012147402234 NaN 0.006476141914 0.006476141914 0.006476141914 NaN NaN 0.006796468161 0.006796468161 0.006796468161 NaN 0.010525532638 0.010525532638 0.010525532638 NaN 0.006457217011 0.006457217011 0.006457217011 0.007217535988 0.007217535988 0.007217535988 NaN 0.007058012657 0.007058012657 0.007058012657 NaN NaN NaN NaN NaN NaN NaN NaN NaN NaN NaN NaN NaN NaN NaN NaN NaN NaN NaN"
General-1-20251226-15:26:32-111134,vector,AdhocNetwork1.host[1].rl,rlReward,,,"1 2 3 4 5 6 7 8 9 10 11 12 13 14 15 16 17 18 19 20 21 22 23 24 25 26 27 28 29 30 31 32 33 34 35 36 37 38 39 40 41 42 43 44 45 46 47 48 49 50","0.33333333333333 0 0.038062656906715 0.39014544291918 0.0068308715568071 0.096905844057583 0.13944757123714 0.0928917924746 0.055004352155796 0.14730351063178 0.079552120179375 0.092822060064392 0.12185838476803 0.20617538610477 0.085932785722544 -0.078530957725647 0.015722927977568 0.078544051238022 0.046681974666969 0.31165568453092 0.72054688471074 0.037881923987039 0 0.041244452173868 0 0 0.044816575591402 0.072739031526843 0.026484872515312 0.041521951690964 0.098063867169044 0.70383378111574 0.77469608829694 0.13315220268552 -0.63064694173042 -0.63760442452217 -0.65731930764279 -0.66666666666667 -0.61219250604364 -0.5571130588968 -0.65014173519559 0.099486455801422 -0.57332704374078 -0.48622553999052 -0.63894052129805 -0.60078808459794 -0.66666666666667 -0.46669370547914 -0.57744421659764 0.27042429468154"
General-1-20251226-15:26:32-111134,vector,AdhocNetwork1.host[2].app[1],e2eDelayPeriodicSec,,,"1 2 3 4 5 6 7 8 9 10 11 12 13 14 15 16 17 18 19 20 21 22 23 24 25 26 27 28 29 30 31 32 33 34 35 36 37 38 39 40 41 42 43 44 45 46 47 48 49 50","NaN NaN NaN NaN NaN NaN NaN NaN NaN NaN NaN NaN NaN NaN NaN NaN NaN NaN NaN NaN NaN NaN NaN NaN NaN NaN NaN NaN NaN NaN NaN NaN NaN NaN NaN NaN NaN NaN NaN NaN NaN NaN NaN NaN NaN NaN NaN NaN NaN NaN"
General-1-20251226-15:26:32-111134,vector,AdhocNetwork1.host[2].rl,rlReward,,,"1 2 3 4 5 6 7 8 9 10 11 12 13 14 15 16 17 18 19 20 21 22 23 24 25 26 27 28 29 30 31 32 33 34 35 36 37 38 39 40 41 42 43 44 45 46 47 48 49 50","0.33333333333333 0 0.32087085319448 0.20664857114931 0.3379284630542 0.73868068828218 0.37950183593603 0.35031298935615 0.37291801495252 0.78861903233124 0.7 0.3835316173047 0.37821722288111 0.41956399497581 0.79518838850724 -0.63074184004591 -0.59031940922066 -0.58213710863019 -0.64902705830579 -0.42347680053419 -0.50214112971753 -0.6438759140456 -0.63167286531595 -0.43725090734522 0.22633836139722 -0.57275129244604 -0.65162942420972 -0.39733592097348 -0.55783130799091 -0.66666666666667 -0.231984518051 0.68258126639666 0.78764199156821 -0.46477855901538 -0.40614127926687 -0.56705106192198 0.0012327373399472 0.32423139571983 0.0095028349805384 -0.5903421275834 -0.5 0.0051054564599134 0.3789087817458 -0.080216020831695 0.3 0.34727750201884 0.33394378986471 0.76222092297728 -0.20575858099524 -0.21261768039651"
General-1-20251226-15:26:32-111134,vector,AdhocNetwork1.host[3].app[1],e2eDelayPeriodicSec,,,"1 2 3 4 5 6 7 8 9 10 11 12 13 14 15 16 17 18 19 20 21 22 23 24 25 26 27 28 29 30 31 32 33 34 35 36 37 38 39 40 41 42 43 44 45 46 47 48 49 50","NaN NaN NaN NaN NaN NaN NaN NaN NaN NaN NaN NaN NaN NaN NaN NaN NaN NaN NaN NaN NaN NaN NaN NaN NaN NaN NaN NaN NaN NaN NaN NaN NaN NaN NaN NaN NaN NaN NaN NaN NaN NaN NaN NaN NaN NaN NaN NaN NaN NaN"
General-1-20251226-15:26:32-111134,vector,AdhocNetwork1.host[3].rl,rlReward,,,"1 2 3 4 5 6 7 8 9 10 11 12 13 14 15 16 17 18 19 20 21 22 23 24 25 26 27 28 29 30 31 32 33 34 35 36 37 38 39 40 41 42 43 44 45 46 47 48 49 50","0.33333333333333 0 0 0.64239579950394 0.22116392214924 0.053657888423888 0.24439415060676 0.65446807873702 0.66685917440629 0.72741713059832 0.66244175439012 0.63050909975308 0.70965204785069 0.2850314405739 -0.36517714684004 -0.38316221629934 0.03302642667839 -0.5 -0.37285192291506 -0.39682209368101 -0.42236576489791 0.13556182899847 0.16455056393459 0.31916273789619 0.55066501917215 0.20578459819789 -0.075802772788323 -0.03736384628739 0.036206762569063 -0.018704733409292 -0.40641535566175 0.25193750310738 0.18613762160624 0.25835849679076 0.20126732217683 -0.021036246190453 0.04754418411978 -0.60247864374133 -0.44443835929239 -0.33962324388033 -0.3946188027853 0.58510088235658 0.62810852581117 0.06008272899701 -0.034321941669321 0.080796449602474 -0.36836471024248 -0.44985650583541 -0.39465945433344 -0.35125096137638"
General-1-20251226-15:26:32-111134,vector,AdhocNetwork1.host[4].app[1],e2eDelayPeriodicSec,,,"1 2 3 4 5 6 7 8 9 10 11 12 13 14 15 16 17 18 19 20 21 22 23 24 25 26 27 28 29 30 31 32 33 34 35 36 37 38 39 40 41 42 43 44 45 46 47 48 49 50","NaN NaN NaN NaN NaN NaN NaN NaN NaN NaN NaN NaN NaN NaN NaN NaN NaN NaN NaN NaN NaN NaN NaN NaN NaN NaN NaN NaN NaN NaN NaN NaN NaN NaN NaN NaN NaN NaN NaN NaN NaN NaN NaN NaN NaN NaN NaN NaN NaN NaN"
General-1-20251226-15:26:32-111134,vector,AdhocNetwork1.host[4].rl,rlReward,,,"1 2 3 4 5 6 7 8 9 10 11 12 13 14 15 16 17 18 19 20 21 22 23 24 25 26 27 28 29 30 31 32 33 34 35 36 37 38 39 40 41 42 43 44 45 46 47 48 49 50","0.33333333333333 0 0 0.079839209647063 -0.64934398765854 -0.66666666666667 -0.60679146040626 -0.43269195084956 -0.58105261343293 -0.58826995229242 -0.60255824964685 0.10901431774543 -0.54785849761927 -0.62291108081536 -0.64364411852697 -0.39259853893931 -0.41856251578381 -0.63116233125779 -0.5762461022563 -0.44211674100923 -0.63477317746288 0.058294815560749 -0.13764479602258 0.1 0.021678629712493 -0.14391089263238 0.30569163854 0.19428110208463 0.10705461173367 0.13787498544903 0.38666454227793 0.080840050159117 0.16622814790503 -0.63958555496781 -0.4157614062497 -0.66666666666667 -0.50712308342896 -0.35147379201683 -0.68859120100436 -0.61552933686091 -0.36488477469679 -0.12119630224699 0.046673339879286 0.63329170437837 0.31593514256965 0.08111069138696 0.31842707493442 0.3 -0.64848742021246 -0.64385622584709"
General-1-20251226-15:26:32-111134,vector,AdhocNetwork1.host[5].app[1],e2eDelayPeriodicSec,,,"1 2 3 4 5 6 7 8 9 10 11 12 13 14 15 16 17 18 19 20 21 22 23 24 25 26 27 28 29 30 31 32 33 34 35 36 37 38 39 40 41 42 43 44 45 46 47 48 49 50","NaN NaN NaN NaN NaN NaN NaN NaN NaN NaN NaN NaN NaN NaN NaN NaN NaN NaN NaN NaN NaN NaN NaN NaN NaN NaN NaN NaN NaN 0.013197903536 0.013197903536 0.013197903536 NaN NaN NaN NaN NaN NaN NaN NaN NaN NaN NaN NaN NaN NaN NaN NaN NaN NaN"
General-1-20251226-15:26:32-111134,vector,AdhocNetwork1.host[5].rl,rlReward,,,"1 2 3 4 5 6 7 8 9 10 11 12 13 14 15 16 17 18 19 20 21 22 23 24 25 26 27 28 29 30 31 32 33 34 35 36 37 38 39 40 41 42 43 44 45 46 47 48 49 50","0.33333333333333 0 0.044353013420945 0.076982280722701 0.02087535856537 0 0.091834315823613 0.049452287051335 0 0.1034178936915 0.054160488491951 0 0.085946340913515 0.082906024684976 0.10607970698893 0.059935004124336 0.074890225611046 0.33222283220894 0.32733480879262 0.34102451314158 0.37688161179719 0.30586156239618 0.34203390788072 0.33277107708598 0.3 0.30687300048644 -0.69762558182842 -0.61934732309795 -0.61244098601387 -0.66661693342534 -0.6635432565642 -0.15023502441777 0.3 0.090562670188508 0.78674476402978 0.35652053007362 0.35326100224324 0.35605091245879 0.3736341126562 0.36579632290202 0.36005897687701 0.78556374676992 0.72282212450955 0.79238212671416 0.28040260584723 -0.64322419941166 -0.68024882059523 -0.69168935859469 -0.60449256868496 -0.62756779927191"
General-1-20251226-15:26:32-111134,vector,AdhocNetwork1.host[6].app[1],e2eDelayPeriodicSec,,,"1 2 3 4 5 6 7 8 9 10 11 12 13 14 15 16 17 18 19 20 21 22 23 24 25 26 27 28 29 30 31 32 33 34 35 36 37 38 39 40 41 42 43 44 45 46 47 48 49 50","NaN NaN NaN NaN NaN NaN NaN NaN NaN NaN NaN NaN NaN NaN NaN NaN NaN NaN NaN NaN NaN NaN NaN NaN NaN NaN NaN NaN NaN NaN NaN NaN NaN NaN NaN NaN NaN NaN NaN NaN NaN NaN NaN NaN NaN NaN NaN NaN NaN NaN"
General-1-20251226-15:26:32-111134,vector,AdhocNetwork1.host[6].rl,rlReward,,,"1 2 3 4 5 6 7 8 9 10 11 12 13 14 15 16 17 18 19 20 21 22 23 24 25 26 27 28 29 30 31 32 33 34 35 36 37 38 39 40 41 42 43 44 45 46 47 48 49 50","0.33333333333333 0 0.03236621006814 -0.094299085056021 0.022711125547694 0.0049606602789173 -0.55515746723751 -0.61126980838931 -0.63418825060814 -0.28498486718781 -0.62860921450296 -0.084793140867933 0.78811717139075 -0.066258686534271 0.22828107848731 0.12261769076745 -0.37776674263476 -0.46033630293373 -0.56511650247936 -0.016906310507718 -0.22160595200318 0.7560192185617 0.22139005134041 -0.65747221074877 -0.57940678721552 -0.42781582187483 -0.58797235169326 -0.61143775630698 -0.1 -0.25528126228433 0.092312838738541 0.15173722754596 0.084046060194768 -0.06771256988416 0.0052820612882054 -0.45650486543502 -0.63663189162438 -0.63272185559056 0.27820351332911 0.30617556692129 -0.44386732262533 0.036582681377955 0.36289982591924 0.1 0.06933413318968 -0.077185691792727 0.017925046419673 -0.079555355604174 -0.22556422745545 -0.5238563831327"
General-1-20251226-15:26:32-111134,vector,AdhocNetwork1.host[7].app[1],e2eDelayPeriodicSec,,,"1 2 3 4 5 6 7 8 9 10 11 12 13 14 15 16 17 18 19 20 21 22 23 24 25 26 27 28 29 30 31 32 33 34 35 36 37 38 39 40 41 42 43 44 45 46 47 48 49 50","NaN NaN NaN NaN NaN NaN NaN NaN NaN NaN NaN NaN NaN NaN NaN NaN NaN NaN NaN NaN NaN NaN NaN NaN NaN NaN NaN NaN NaN NaN NaN NaN NaN NaN NaN NaN NaN NaN NaN NaN NaN NaN NaN NaN NaN NaN NaN NaN NaN NaN"
General-1-20251226-15:26:32-111134,vector,AdhocNetwork1.host[7].rl,rlReward,,,"1 2 3 4 5 6 7 8 9 10 11 12 13 14 15 16 17 18 19 20 21 22 23 24 25 26 27 28 29 30 31 32 33 34 35 36 37 38 39 40 41 42 43 44 45 46 47 48 49 50","0.33333333333333 0 0 0.08806231739476 0.0060966617608731 0.0063957330376218 0.11438969632708 0.096703028005837 0 0.16014949166698 0.12198249237818 0.090239472728316 0.13104177295649 0.12119332435005 0.073581075914557 0.13114401387961 0.10418036131072 -0.605983728333 -0.58052646200391 -0.59680030427469 -0.5 -0.10474552690802 0.10540987787242 0 0.045840433664559 0.73770289301763 0.661283126191 -0.10171383943169 -0.094872059164322 -0.12660521078081 -0.066996730852825 -0.17884043645127 -0.070737260836438 -0.032905257781821 0.3131337055532 -0.51718722125903 -0.57358328178315 -0.44081291974625 -0.5004450993599 -0.5887036073798 -0.45496960598032 -0.096430614611774 -0.072089029585361 -0.5514247655858 -0.52670442587383 -0.43800855446413 -0.61910673751024 -0.51757058250449 -0.28290584224821 -0.60623532003723"
General-1-20251226-15:26:32-111134,vector,AdhocNetwork1.host[8].app[1],e2eDelayPeriodicSec,,,"1 2 3 4 5 6 7 8 9 10 11 12 13 14 15 16 17 18 19 20 21 22 23 24 25 26 27 28 29 30 31 32 33 34 35 36 37 38 39 40 41 42 43 44 45 46 47 48 49 50","NaN NaN NaN NaN NaN NaN NaN NaN NaN NaN NaN NaN NaN NaN NaN NaN NaN NaN NaN NaN NaN NaN NaN NaN NaN NaN NaN NaN NaN NaN NaN NaN NaN NaN NaN NaN NaN NaN NaN NaN NaN NaN NaN NaN NaN NaN 0.013595754675 0.013595754675 0.013595754675 NaN"
General-1-20251226-15:26:32-111134,vector,AdhocNetwork1.host[8].rl,rlReward,,,"1 2 3 4 5 6 7 8 9 10 11 12 13 14 15 16 17 18 19 20 21 22 23 24 25 26 27 28 29 30 31 32 33 34 35 36 37 38 39 40 41 42 43 44 45 46 47 48 49 50","0.33333333333333 0 0.037411605005338 0.094886426620019 0.028379424346338 0.087872858590172 0.1174771644277 0.06849536779191 0.051290595172175 0.13899253811363 0.082757970025377 0.19591864190808 0.12520453114841 0.074383277322423 0.10160026476234 0.073507167547844 0.24504463726076 0.018655665877128 0.11756172799855 0.20260683973496 0.61613320440313 0.6460371239318 -0.45724544563503 -0.5 -0.43116999011507 -0.5 -0.36590919345421 -0.41295709155312 -0.41928851526654 -0.30717861269609 -0.51636955127894 0.11067551349006 0.14071333154347 0.1557215865065 0.21626266335818 0.20147907342664 0.72857811424129 0.76091323049053 0.76561250893198 0.79626660871764 0.091706370795239 0.75789135357034 0.78511822711025 0.084269980468808 -0.57375813210979 -0.28286006932432 -0.63464439158975 0.079695701635605 0.15214133704726 0.061943596440532"
General-1-20251226-15:26:32-111134,vector,AdhocNetwork1.host[9].app[1],e2eDelayPeriodicSec,,,"1 2 3 4 5 6 7 8 9 10 11 12 13 14 15 16 17 18 19 20 21 22 23 24 25 26 27 28 29 30 31 32 33 34 35 36 37 38 39 40 41 42 43 44 45 46 47 48 49 50","NaN NaN NaN NaN NaN NaN NaN NaN NaN NaN 0.016685581457 0.016685581457 0.016685581457 NaN NaN NaN NaN NaN NaN NaN NaN NaN NaN NaN NaN NaN NaN NaN NaN NaN NaN NaN NaN NaN NaN NaN NaN NaN NaN NaN NaN NaN NaN NaN NaN NaN NaN NaN NaN NaN"
General-1-20251226-15:26:32-111134,vector,AdhocNetwork1.host[9].rl,rlReward,,,"1 2 3 4 5 6 7 8 9 10 11 12 13 14 15 16 17 18 19 20 21 22 23 24 25 26 27 28 29 30 31 32 33 34 35 36 37 38 39 40 41 42 43 44 45 46 47 48 49 50","0.33333333333333 0 0.046024309932081 0.69069376672557 0.043551891741395 0.043182134547512 0.010995860574409 0.040124458479114 0.027417439209625 0.35874609857051 0 0.027928312553039 -0.61846070788727 -0.61357793649276 -0.64111832719615 -0.65548692594356 0.024766622442136 -0.3 0.005207341518203 -0.25479687416403 0 -0.7 -0.39896991127488 -0.58084562192411 -0.66666666666667 -0.60884801797487 -0.64814814491791 -0.5 -0.65912972978573 -0.54033002837947 -0.61788163679153 0.054767101279388 0.13079722414966 0.31901550285111 0.3 0.015712676083158 -0.093845156783806 0.27903242598409 0.24369718467609 0.095545082443514 0.36831812683936 0.21620356813333 -0.1250173495257 0.73600003436842 0.64664826921081 -0.31591490914298 -0.38607448073243 -0.40012648259045 -0.57501942645872 -0.61534045396001"
General-1-20251226-15:26:32-111134,vector,AdhocNetwork1.host[10].app[1],e2eDelayPeriodicSec,,,"1 2 3 4 5 6 7 8 9 10 11 12 13 14 15 16 17 18 19 20 21 22 23 24 25 26 27 28 29 30 31 32 33 34 35 36 37 38 39 40 41 42 43 44 45 46 47 48 49 50","NaN NaN NaN NaN NaN NaN NaN NaN NaN NaN NaN NaN NaN NaN NaN NaN NaN NaN NaN NaN NaN NaN NaN NaN NaN NaN NaN NaN NaN NaN NaN NaN NaN NaN NaN NaN NaN NaN NaN NaN NaN NaN NaN NaN NaN NaN NaN NaN NaN NaN"
General-1-20251226-15:26:32-111134,vector,AdhocNetwork1.host[10].rl,rlReward,,,"1 2 3 4 5 6 7 8 9 10 11 12 13 14 15 16 17 18 19 20 21 22 23 24 25 26 27 28 29 30 31 32 33 34 35 36 37 38 39 40 41 42 43 44 45 46 47 48 49 50","0.33333333333333 0 0.018506866569475 0.76139060116653 0.69497971847693 0.7223543587844 0.7537473067566 0.74057344064573 -0.66666666666667 -0.53507407236664 -0.63002994769696 0.017245523448359 0.054496970639641 0.097035782460449 0.05092714594989 -0.10903351314752 0.063487621899211 0.71955192837961 0.75928783861181 0.74370405345593 -0.3 0.38364943390775 0.32628487636662 0.3 0.34864114518313 0.33631717960704 -0.29672021063895 -0.65019511550135 -0.61999267844705 -0.64086910148933 -0.49997101612745 0.3401910866787 0.37708105177661 0.41749972206095 0.37252252769396 -0.25417302514183 -0.23541365461403 -0.58773377440128 -0.62447051039879 -0.62650840281541 -0.19177713828577 0.78381664365198 0.758782695489 0.083686362703558 0.39541237366379 0.43295257160022 0.12408776877787 0.38347197043509 0.42811759235677 0.43282129735656"
General-1-20251226-15:26:32-111134,vector,AdhocNetwork1.host[11].app[1],e2eDelayPeriodicSec,,,"1 2 3 4 5 6 7 8 9 10 11 12 13 14 15 16 17 18 19 20 21 22 23 24 25 26 27 28 29 30 31 32 33 34 35 36 37 38 39 40 41 42 43 44 45 46 47 48 49 50","NaN NaN NaN NaN NaN NaN NaN NaN NaN NaN NaN NaN NaN NaN NaN NaN NaN NaN NaN NaN NaN NaN NaN NaN NaN 0.025613403332 0.025613403332 0.025613403332 NaN NaN NaN NaN NaN NaN NaN NaN NaN NaN NaN NaN NaN NaN NaN NaN NaN NaN NaN NaN NaN NaN"
General-1-20251226-15:26:32-111134,vector,AdhocNetwork1.host[11].rl,rlReward,,,"1 2 3 4 5 6 7 8 9 10 11 12 13 14 15 16 17 18 19 20 21 22 23 24 25 26 27 28 29 30 31 32 33 34 35 36 37 38 39 40 41 42 43 44 45 46 47 48 49 50","0.33333333333333 0 0.012860841193 0.064186073770966 0.047949641949123 0.065942458608022 -0.1077678784836 0.032063274898922 0.03460357491932 0.082288687606013 0 0.037999861031585 0.23550748371512 0.23923894339002 0.19848482970766 0.19493582045822 0.20817935337639 0.19030496332611 0.21138581324239 0.19543494756561 0.14063641852256 0.1803071029006 0.19765898561972 0.031817149401494 0.1 0.1391186767403 0.17789735822223 0.17031644356982 0.19118502252266 0.13399721403433 0.15736796033052 0.17404621894825 0.15679040294419 0.18052110229516 0.12064613117609 0.1 0.12241676426042 0.20609989466528 0.13016939057577 0.10672823885845 0.17836046555529 0.13605759859149 0.1 0.1 0.1 0.17760783170119 0.1 0.5 0.23487647497945 0.25083670958394"
General-1-20251226-15:26:32-111134,vector,AdhocNetwork1.host[12].app[1],e2eDelayPeriodicSec,,,"1 2 3 4 5 6 7 8 9 10 11 12 13 14 15 16 17 18 19 20 21 22 23 24 25 26 27 28 29 30 31 32 33 34 35 36 37 38 39 40 41 42 43 44 45 46 47 48 49 50","NaN NaN NaN NaN NaN NaN NaN NaN NaN NaN NaN NaN NaN NaN NaN NaN NaN NaN NaN NaN NaN NaN NaN NaN NaN NaN NaN NaN NaN NaN NaN NaN NaN NaN NaN NaN NaN NaN NaN NaN NaN NaN NaN NaN NaN NaN NaN NaN NaN NaN"
General-1-20251226-15:26:32-111134,vector,AdhocNetwork1.host[12].rl,rlReward,,,"1 2 3 4 5 6 7 8 9 10 11 12 13 14 15 16 17 18 19 20 21 22 23 24 25 26 27 28 29 30 31 32 33 34 35 36 37 38 39 40 41 42 43 44 45 46 47 48 49 50","0.33333333333333 0 0.079385784278249 0.0966214989692 0.38528363549888 0.089829337787548 0.09779002199905 0.051093779625051 0.067408423221836 0.084059876397815 0.045789028752585 0.058498435119041 0.06565563867699 0.22871899138877 0.082891353367965 0.072922510134066 0.065071377162113 0.36016649072976 0.35107108551669 0.32288631003567 0.37460221803117 0.36710865640712 0.057013723504488 0.036531920573136 0.061273677314958 0.049096120777317 0.0073291553231844 0.3652294845119 0.35406602722682 0.3 0.37113920958994 0.3729849717306 0.35505255431501 0.3778388156117 0.34785722109409 0.37652304342328 -0.65045419147158 -0.60758159402639 -0.47808093087252 -0.5990960249163 -0.61965721160601 0.38726179089905 0.38726179089905 0.38034278839391 0.39418079340418 0.40109979590932 0.37446816362539 0.35790863310142 0.39365860453588 0.37148861537671"
General-1-20251226-15:26:32-111134,vector,AdhocNetwork1.host[13].app[1],e2eDelayPeriodicSec,,,"1 2 3 4 5 6 7 8 9 10 11 12 13 14 15 16 17 18 19 20 21 22 23 24 25 26 27 28 29 30 31 32 33 34 35 36 37 38 39 40 41 42 43 44 45 46 47 48 49 50","NaN NaN NaN NaN NaN NaN NaN NaN NaN NaN NaN NaN NaN NaN NaN NaN NaN NaN NaN NaN NaN NaN 0.012838765147 0.012838765147 0.012838765147 NaN NaN NaN NaN NaN NaN NaN NaN NaN NaN NaN NaN NaN NaN NaN NaN NaN NaN NaN NaN NaN NaN NaN NaN NaN"
General-1-20251226-15:26:32-111134,vector,AdhocNetwork1.host[13].rl,rlReward,,,"1 2 3 4 5 6 7 8 9 10 11 12 13 14 15 16 17 18 19 20 21 22 23 24 25 26 27 28 29 30 31 32 33 34 35 36 37 38 39 40 41 42 43 44 45 46 47 48 49 50","0.33333333333333 0 0.049038536262559 0.10078423717455 0.067062963715462 0.089049893770164 0.088422584386989 0.072434673775668 0.096088313535536 0.13059266153456 0.064634394149322 -0.10062025524457 0.088448061876432 0.0049797965192814 0.10030611949498 0.059162780390823 0 0.034000799959944 0.0050004994435964 0 0.21554445825556 0.090004907371373 0 0.093423242787208 0.055729135162709 0.16853509556019 0.28824793629068 0.31034528522516 0.25992078702793 -0.32141122281688 -0.34528742703731 0.28483344885322 0.44517786624783 0.36489174898129 0.29433953849433 0.31393426086673 0.33017721900285 0.27452215686927 0.28794255249814 -0.25791335436417 -0.31021434130621 0.33232361114361 -0.27560591966868 -0.31516861933977 -0.27605737072012 -0.2821977637659 -0.32624541063863 -0.34521871660312 -0.23616363163471 -0.52168417176846"
General-1-20251226-15:26:32-111134,vector,AdhocNetwork1.host[14].app[1],e2eDelayPeriodicSec,,,"1 2 3 4 5 6 7 8 9 10 11 12 13 14 15 16 17 18 19 20 21 22 23 24 25 26 27 28 29 30 31 32 33 34 35 36 37 38 39 40 41 42 43 44 45 46 47 48 49 50","NaN 0.011390228159 0.011390228159 0.011390228159 0.009549059044 0.009549059044 0.009549059044 0.006237846192 0.006237846192 0.006237846192 NaN NaN 0.007097727259 0.007097727259 0.007097727259 NaN 0.006797628001 0.006797628001 0.006797628001 NaN 0.006877557457 0.006877557457 0.006877557457 NaN 0.00747747921 0.00747747921 0.00747747921 NaN NaN NaN NaN NaN NaN NaN NaN 0.006697348234 0.006697348234 0.006697348234 NaN NaN 0.006497324323 0.006497324323 0.006497324323 NaN 0.006637321364 0.006637321364 0.006637321364 NaN NaN 0.007337338193"
General-1-20251226-15:26:32-111134,vector,AdhocNetwork1.host[14].rl,rlReward,,,"1 2 3 4 5 6 7 8 9 10 11 12 13 14 15 16 17 18 19 20 21 22 23 24 25 26 27 28 29 30 31 32 33 34 35 36 37 38 39 40 41 42 43 44 45 46 47 48 49 50","0.33333333333333 0 0 0.11207515812597 0.056141798414046 0.1242488276109 0.16300317429657 0.079887260192694 0.11014214419367 0.17544935217992 0.10939594108537 0.11346288310243 0.13149418026253 0.15847438134785 0.12211899768986 0.14460135543584 0.14756906333695 0.076900693110428 0.14678833807313 0.14145421454391 0.065672932099202 0.39479053647238 0.12295165882257 0.093755933009634 -0.57796155088478 -0.6269136745249 -0.56646899387526 -0.5446848971941 -0.53459311449722 -0.54071195600364 -0.58093751870708 0.13248055813383 0.81656011780727 0.84396996906082 0.81578385650564 -0.23890452991375 -0.62697241468223 -0.58580296321336 -0.7 -0.5851641080719 -0.68244711398078 0.33626314758532 0.3810000782605 0.79664132609088 -0.28690915904205 -0.18376698969588 -0.22988302341976 -0.66666666666667 -0.5431200822554 -0.29736575098137"
General-1-20251226-15:26:32-111134,vector,AdhocNetwork1.host[15].app[1],e2eDelayPeriodicSec,,,"1 2 3 4 5 6 7 8 9 10 11 12 13 14 15 16 17 18 19 20 21 22 23 24 25 26 27 28 29 30 31 32 33 34 35 36 37 38 39 40 41 42 43 44 45 46 47 48 49 50","NaN NaN NaN NaN NaN NaN NaN NaN NaN NaN NaN NaN NaN 3.017783474933 3.017783474933 3.017783474933 0.012978221985 0.012978221985 0.012978221985 NaN NaN 0.013097736545 0.013097736545 0.013097736545 0.01207460703 0.01207460703 0.01207460703 NaN NaN NaN 3.005701068762 3.005701068762 3.005701068762 NaN 0.006637564368 0.006637564368 0.006637564368 NaN NaN NaN NaN NaN 3.006916409511 3.006916409511 3.006916409511 NaN 0.006696156737 0.006696156737 0.006696156737 0.006576467964"
General-1-20251226-15:26:32-111134,vector,AdhocNetwork1.host[15].rl,rlReward,,,"1 2 3 4 5 6 7 8 9 10 11 12 13 14 15 16 17 18 19 20 21 22 23 24 25 26 27 28 29 30 31 32 33 34 35 36 37 38 39 40 41 42 43 44 45 46 47 48 49 50","0.33333333333333 0 0 0.70864475402212 0.3419963359839 0.067649104118934 0.11047379133367 0.079969900649408 0.044399275005533 0.12035360086358 0.031942862956952 0.020909891167443 0.08872825970135 0.059108138765012 0.023787936633851 0.025891598192011 -0.60839239925811 -0.66666666666667 -0.57142560102133 -0.60958427427908 -0.64131741004681 0 0.66666666666667 0.72166586588212 0.332966012977 0.3 0.34330394884251 0.34623257852733 0.35163564009618 0.40864589554032 -0.6199744089351 0.3 -0.067235792119943 0.38684641278783 -0.087282486977041 0.3 0.40661574806522 0.4061471850046 0.1 0.41602662282932 0.82012659431029 -0.22165448770436 -0.20772732676671 -0.17506704260044 -0.62927004750729 -0.56945568522712 -0.63781420662 -0.26493258017318 -0.19917574127673 -0.18245975497561"
General-1-20251226-15:26:32-111134,vector,AdhocNetwork1.host[16].app[1],e2eDelayPeriodicSec,,,"1 2 3 4 5 6 7 8 9 10 11 12 13 14 15 16 17 18 19 20 21 22 23 24 25 26 27 28 29 30 31 32 33 34 35 36 37 38 39 40 41 42 43 44 45 46 47 48 49 50","NaN NaN NaN NaN NaN NaN NaN NaN NaN NaN NaN NaN NaN NaN NaN NaN NaN NaN NaN NaN NaN NaN NaN NaN NaN NaN NaN NaN NaN NaN NaN NaN NaN NaN NaN NaN NaN NaN NaN NaN NaN NaN NaN NaN NaN NaN NaN NaN NaN NaN"
General-1-20251226-15:26:32-111134,vector,AdhocNetwork1.host[16].rl,rlReward,,,"1 2 3 4 5 6 7 8 9 10 11 12 13 14 15 16 17 18 19 20 21 22 23 24 25 26 27 28 29 30 31 32 33 34 35 36 37 38 39 40 41 42 43 44 45 46 47 48 49 50","0.33333333333333 0 0.020081339662169 0.047184434619708 0 0.044981987557083 0.19584692177419 0.022441409432352 -0.66666666666667 -0.57965863837945 -0.42671849644133 0.30316306057957 -0.66932624285091 -0.51027250964463 -0.59725082642394 -0.66266304410862 -0.7 -0.3876544463424 -0.61321446229277 -0.41010149680425 -0.61177732262153 -0.1328088792025 0.17618542030053 0 -0.16295251377443 0.16865221316358 0.3 0.07490012984274 0.2297310095407 -0.156873823254 -0.59615286201667 0.21126166250167 0.3364973500812 -0.39844612079576 -0.62555880100164 -0.053865479093048 -0.51505818030987 -0.50345725641355 -0.66666666666667 0.0044966413724372 -0.39150298174538 0.31023039131247 0.03312499845619 0.18765390182891 0.3 0.21147743158094 -0.64737720417923 -0.6 -0.59915540806196 -0.43766646833586"
General-1-20251226-15:26:32-111134,vector,AdhocNetwork1.host[17].app[1],e2eDelayPeriodicSec,,,"1 2 3 4 5 6 7 8 9 10 11 12 13 14 15 16 17 18 19 20 21 22 23 24 25 26 27 28 29 30 31 32 33 34 35 36 37 38 39 40 41 42 43 44 45 46 47 48 49 50","NaN NaN NaN NaN NaN NaN NaN NaN NaN NaN NaN NaN NaN NaN NaN NaN NaN NaN NaN NaN NaN NaN NaN NaN NaN NaN NaN NaN NaN NaN NaN NaN NaN NaN NaN NaN NaN NaN NaN NaN NaN NaN NaN NaN NaN NaN NaN NaN NaN NaN"
General-1-20251226-15:26:32-111134,vector,AdhocNetwork1.host[17].rl,rlReward,,,"1 2 3 4 5 6 7 8 9 10 11 12 13 14 15 16 17 18 19 20 21 22 23 24 25 26 27 28 29 30 31 32 33 34 35 36 37 38 39 40 41 42 43 44 45 46 47 48 49 50","0.33333333333333 0 0 0.08803161769822 0.03164358271658 0.14054147775349 0.16107450965035 0.074513033070225 0.14348230435077 0.17874956616784 -0.22985172841429 0.79773711336577 0.15637558725012 0.13144147076449 0.14109813752379 0.13878144126735 0.099606819753964 0.066729414864083 0.79071089390931 0.070799263729732 -0.65248296666146 0.0856272076712 0.043638895423817 0.74932465451843 0.6333569120156 0.029606545787766 -0.58276194168217 -0.58149500010901 -0.61178814118854 -0.34484724822356 -0.54284731209913 -0.59118149429974 -0.55763420951959 -0.53228504604931 0.04841876195397 0.07651028682897 0.10012471952915 -0.60062031829384 -0.044967865418615 0.063491801034435 -0.012347267293492 0.75489914216681 0.62629571221576 0.056512707154461 0.15694151215201 -0.23242583814563 -0.47150609286707 -0.62546029088253 -0.58777504949502 -0.40350738675478"
General-1-20251226-15:26:32-111134,vector,AdhocNetwork1.host[18].app[1],e2eDelayPeriodicSec,,,"1 2 3 4 5 6 7 8 9 10 11 12 13 14 15 16 17 18 19 20 21 22 23 24 25 26 27 28 29 30 31 32 33 34 35 36 37 38 39 40 41 42 43 44 45 46 47 48 49 50","NaN NaN NaN NaN NaN 3.031994887755 3.031994887755 3.031994887755 NaN NaN NaN NaN NaN NaN NaN NaN NaN NaN NaN NaN NaN NaN NaN NaN NaN NaN NaN 0.013716610499 0.013716610499 0.013716610499 NaN NaN NaN NaN NaN NaN NaN NaN NaN NaN 9.015932387839 9.015932387839 9.015932387839 NaN NaN NaN NaN NaN NaN NaN"
General-1-20251226-15:26:32-111134,vector,AdhocNetwork1.host[18].rl,rlReward,,,"1 2 3 4 5 6 7 8 9 10 11 12 13 14 15 16 17 18 19 20 21 22 23 24 25 26 27 28 29 30 31 32 33 34 35 36 37 38 39 40 41 42 43 44 45 46 47 48 49 50","0.33333333333333 0 0.0015999274926864 0.067810107645642 0.03802511301594 0.12506616622247 0.12885400792724 0.030828721653276 0.12491266736246 0.16186822486392 0.038167043172349 0.099959456399444 0.13805958013329 0.11637974318189 0.11195979280607 0.40347524431787 0.37492179798347 0.40310757178813 0.41530274818778 0.39055753115275 0.39770564805766 0.41202608796372 0.78573222642779 0.37509314958087 -0.059274706429566 0.39963790248253 -0.62794295466008 -0.58326100926931 -0.6166953427034 -0.20497247849136 -0.57492031942024 0.34751206483574 0.42692510067667 -0.027291644883893 0.35499556275731 0.39076107229055 0.38323694912763 -0.60349142571011 -0.60060983222544 -0.58907156933818 -0.24704525260448 0.39748498385377 0.38766501452121 0.33976805928391 0.37666081006346 0.41418863421632 0.35603412721109 0.38614170033974 0.43100795517825 0.38421841066488"
General-1-20251226-15:26:32-111134,vector,AdhocNetwork1.host[19].app[1],e2eDelayPeriodicSec,,,"1 2 3 4 5 6 7 8 9 10 11 12 13 14 15 16 17 18 19 20 21 22 23 24 25 26 27 28 29 30 31 32 33 34 35 36 37 38 39 40 41 42 43 44 45 46 47 48 49 50","NaN NaN NaN NaN NaN NaN NaN NaN NaN NaN NaN NaN NaN NaN NaN NaN NaN NaN NaN NaN NaN NaN NaN NaN NaN NaN NaN NaN NaN NaN NaN NaN NaN NaN NaN NaN NaN NaN NaN NaN NaN NaN NaN NaN NaN NaN NaN NaN NaN NaN"
General-1-20251226-15:26:32-111134,vector,AdhocNetwork1.host[19].rl,rlReward,,,"1 2 3 4 5 6 7 8 9 10 11 12 13 14 15 16 17 18 19 20 21 22 23 24 25 26 27 28 29 30 31 32 33 34 35 36 37 38 39 40 41 42 43 44 45 46 47 48 49 50","0.33333333333333 0 0 0.062190462316657 0.00077700523469321 0 0.15917520742706 0.10418892959456 0.061103982690988 0.17027940049156 0.09391215076041 0.089370582373341 0.15196908268077 0.12005486532764 0.06025502217867 0.14583896298475 0.11505068219652 0.14581646422033 0.14492124716339 0.09517667995346 0.11780303247399 0.42597757666154 0.40792966952419 0.37476150064886 0.097366200391364 0.38293457112889 0.3493319631424 0.37819655095367 0.39514638106728 0.40110738725571 0.40878023568879 0.41637007052615 0.42855149093064 0.43731945912509 0.40587797619651 0.40672093341835 0.40428718675833 0.42409860321218 0.40669937492376 0.41689986848458 0.41166616739086 0.41294835245651 0.4074921800008 0.4066264347704 0.40284581344579 0.40025505552422 0.38407954365009 0.37228423982214 -0.58936189619355 -0.58932214931822"
General-1-20251226-15:26:32-111134,vector,AdhocNetwork1.host[20].app[1],e2eDelayPeriodicSec,,,"1 2 3 4 5 6 7 8 9 10 11 12 13 14 15 16 17 18 19 20 21 22 23 24 25 26 27 28 29 30 31 32 33 34 35 36 37 38 39 40 41 42 43 44 45 46 47 48 49 50","NaN NaN NaN NaN 0.018758635996 0.018758635996 0.018758635996 NaN 0.013136943392 0.013136943392 0.013136943392 NaN NaN NaN NaN NaN NaN NaN NaN NaN 0.013397991408 0.013397991408 0.013397991408 0.013378153668 0.013378153668 0.013378153668 NaN NaN NaN NaN NaN 3.345762266056 3.345762266056 3.345762266056 NaN 0.016244808045 0.016244808045 0.016244808045 NaN NaN NaN NaN NaN NaN NaN NaN NaN NaN NaN NaN"
General-1-20251226-15:26:32-111134,vector,AdhocNetwork1.host[20].rl,rlReward,,,"1 2 3 4 5 6 7 8 9 10 11 12 13 14 15 16 17 18 19 20 21 22 23 24 25 26 27 28 29 30 31 32 33 34 35 36 37 38 39 40 41 42 43 44 45 46 47 48 49 50","0.33333333333333 0 0 0.082749629509906 0.031764068417136 -0.65731442469804 -0.57262111258813 -0.48787116263131 -0.7 -0.31224894429043 -0.66666666666667 0.038310881978782 0.24962575730991 0.27149493151069 0.13782879527658 0.094823690716086 0.22725799292476 -0.38786085606277 -0.48560407260312 -0.37802616835729 -0.49541686873311 0.37167096062571 0.029810099856013 0.1 -0.62866138502406 -0.6257050528587 -0.08443288581604 0.26341281332154 -0.051755509337697 -0.65036466230318 -0.38171134004203 0.31532681923786 -0.14219797334353 0.11227311329459 0.18074549901392 -0.29121850913544 -0.031429456741212 0.29858346821804 0.021237958742358 -0.36782148930383 -0.7 -0.17118470384719 0.73251262240712 0.75445124598461 0.016246761995751 0.03852278847482 0.24555524956637 -0.3 -0.34334423818841 -0.50773773091094"
General-1-20251226-15:26:32-111134,vector,AdhocNetwork1.host[21].app[1],e2eDelayPeriodicSec,,,"1 2 3 4 5 6 7 8 9 10 11 12 13 14 15 16 17 18 19 20 21 22 23 24 25 26 27 28 29 30 31 32 33 34 35 36 37 38 39 40 41 42 43 44 45 46 47 48 49 50","NaN NaN NaN NaN NaN NaN NaN NaN NaN NaN NaN NaN NaN NaN NaN NaN NaN NaN NaN NaN NaN NaN NaN NaN NaN NaN NaN NaN NaN NaN NaN NaN NaN NaN NaN NaN NaN NaN NaN NaN NaN NaN NaN NaN NaN NaN NaN NaN NaN NaN"
General-1-20251226-15:26:32-111134,vector,AdhocNetwork1.host[21].rl,rlReward,,,"1 2 3 4 5 6 7 8 9 10 11 12 13 14 15 16 17 18 19 20 21 22 23 24 25 26 27 28 29 30 31 32 33 34 35 36 37 38 39 40 41 42 43 44 45 46 47 48 49 50","0.33333333333333 0 0 0.033192236454474 0.0017924359286888 0 0.03713911875407 0 0 0.042151574563033 0.047468091460818 0.13649651012548 0.14209491540568 0.19659251872385 0.16376704023722 0.16569345134788 0.10851020431062 0.15077055923879 0.14716546033122 0.15104989404527 0.14787166690916 0.12814950317288 0.12759148654744 0.1 -0.5 -0.43167080860012 -0.49814455801771 -0.42718936305025 -0.59676986452684 -0.5 -0.40460728322937 0.58651206717663 0.10186179044374 0.32208272564193 0.3 0.3 -0.66857131098759 -0.6174905856896 -0.3 0.29741319720387 -0.22820722342947 -0.6 -0.6838596442426 -0.51628895978146 -0.66666666666667 -0.2683558856125 -0.33151756840795 -0.65423654419851 -0.56020439714486 -0.31143794394743"
General-1-20251226-15:26:32-111134,vector,AdhocNetwork1.host[22].app[1],e2eDelayPeriodicSec,,,"1 2 3 4 5 6 7 8 9 10 11 12 13 14 15 16 17 18 19 20 21 22 23 24 25 26 27 28 29 30 31 32 33 34 35 36 37 38 39 40 41 42 43 44 45 46 47 48 49 50","NaN NaN NaN NaN NaN NaN NaN NaN NaN NaN 0.019592225503 0.019592225503 0.019592225503 NaN NaN NaN NaN NaN NaN NaN NaN NaN NaN NaN NaN NaN NaN NaN NaN NaN NaN NaN NaN NaN NaN NaN NaN NaN NaN NaN NaN NaN NaN NaN NaN NaN NaN NaN NaN NaN"
General-1-20251226-15:26:32-111134,vector,AdhocNetwork1.host[22].rl,rlReward,,,"1 2 3 4 5 6 7 8 9 10 11 12 13 14 15 16 17 18 19 20 21 22 23 24 25 26 27 28 29 30 31 32 33 34 35 36 37 38 39 40 41 42 43 44 45 46 47 48 49 50","0.33333333333333 0 0.10642396079118 0.26786105183675 0.10425430784423 0.1113607579161 0.11300043254814 0.087475765359487 0.084580751463567 0.11245390021971 0.011769785726577 -0.11588282628637 0.37464703903285 0.38608299957793 0.38362383252836 0.37575229452375 0.36308788028528 0.37565394447564 0.36714588282426 -0.63965505876723 -0.61053510321088 0.39075607940437 -0.50679077876753 -0.58251269265088 -0.57409287989605 -0.56124937017636 -0.40728794705538 -0.55892660778025 -0.60463255406308 -0.43322733583479 -0.35037946462671 0.40071663110209 0.37317140174593 0.39888799822884 0.37022012717208 0.37612267631972 0.34894767090071 0.40446720920635 0.78069184733074 0.11880733854424 0.38315251480493 0.39139086931774 0.39464681787727 0.38702286174963 0.39764238675431 0.40489760341504 0.39089761337811 0.34304083941085 0.25514513330048 -0.65631911889721"
General-1-20251226-15:26:32-111134,vector,AdhocNetwork1.host[23].app[1],e2eDelayPeriodicSec,,,"1 2 3 4 5 6 7 8 9 10 11 12 13 14 15 16 17 18 19 20 21 22 23 24 25 26 27 28 29 30 31 32 33 34 35 36 37 38 39 40 41 42 43 44 45 46 47 48 49 50","NaN NaN NaN NaN NaN NaN NaN NaN NaN NaN NaN NaN NaN NaN NaN 10.469937024012 10.469937024012 10.469937024012 NaN NaN NaN NaN NaN NaN NaN NaN NaN NaN NaN NaN NaN NaN NaN NaN NaN NaN NaN NaN NaN NaN NaN NaN NaN NaN NaN NaN NaN NaN NaN NaN"
General-1-20251226-15:26:32-111134,vector,AdhocNetwork1.host[23].rl,rlReward,,,"1 2 3 4 5 6 7 8 9 10 11 12 13 14 15 16 17 18 19 20 21 22 23 24 25 26 27 28 29 30 31 32 33 34 35 36 37 38 39 40 41 42 43 44 45 46 47 48 49 50","0.33333333333333 0 0.3 0.14633200502156 -0.53038153319692 -0.57858147944005 -0.55982504298126 -0.27924162137775 -0.59686455305013 -0.38146577701389 -0.56399850270611 0.06415473664364 0.34856129401146 0.45532769506715 0.64060949623376 0.73102958376002 -0.29553535768584 -0.42342139109936 -0.35193777732885 -0.2889162769004 -0.33204109587794 0.14051522205111 0.20129393389762 0.22600840229041 0.28149743935046 -0.30220459497186 -0.6 -0.34251200678836 -0.62910685724913 -0.34857874259384 -0.32096464854598 0.064752508316688 0.41195674194199 0.4490326979344 0.2439258425409 0.067513482384888 0.26233381789024 -0.05249409877522 0.28122618903596 0.15058257723781 0.35360050697821 0.24336641695639 0.42747698224695 0.38648645168278 0.43207094320508 0.42287345086807 0.39292565974122 0.38678523743806 0.44638786874302 0.42086093683144"
General-1-20251226-15:26:32-111134,vector,AdhocNetwork1.host[24].app[1],e2eDelayPeriodicSec,,,"1 2 3 4 5 6 7 8 9 10 11 12 13 14 15 16 17 18 19 20 21 22 23 24 25 26 27 28 29 30 31 32 33 34 35 36 37 38 39 40 41 42 43 44 45 46 47 48 49 50","NaN NaN NaN NaN NaN NaN NaN NaN NaN NaN NaN NaN NaN NaN NaN NaN NaN NaN NaN NaN NaN NaN NaN NaN NaN NaN NaN NaN NaN NaN NaN NaN NaN NaN NaN NaN NaN NaN NaN NaN NaN NaN NaN NaN NaN NaN NaN 0.019435841384 0.019435841384 0.019435841384"
General-1-20251226-15:26:32-111134,vector,AdhocNetwork1.host[24].rl,rlReward,,,"1 2 3 4 5 6 7 8 9 10 11 12 13 14 15 16 17 18 19 20 21 22 23 24 25 26 27 28 29 30 31 32 33 34 35 36 37 38 39 40 41 42 43 44 45 46 47 48 49 50","0.33333333333333 0 0.063586430656551 0.42026001976382 0.07554837691811 0.10683965335393 0.13083650546579 0.07051220165921 0.068305458709018 0.30649112551757 0.059119127936398 0.057304566551703 -0.57457542395655 0.089961124980753 -0.20696250014551 -0.61166709942229 -0.60599762623733 -0.42144254485091 -0.61853911481956 -0.7 -0.40296899914124 0.05870097525999 -0.2 0.050955278947804 0.16010567894509 0.015862723987113 0.30966085240143 0.22199102497335 -0.57080579473846 -0.62067522651311 -0.500264180607 -0.06238873692248 -0.62859171841256 -0.56286667866219 -0.47883279777822 -0.1 0.080138047360967 -0.26208362221314 0.05674279285015 0.30853377716989 -0.45032014320749 0.69884004466229 0.76176248833046 0.63848903557069 0.687488003866 0.64648456953731 0.66666666666667 0.67713969246783 0.74919834860814 -0.50546503550137"
General-2-20251226-15:26:32-111135,vector,AdhocNetwork1.host[0].app[1],e2eDelayPeriodicSec,,,"1 2 3 4 5 6 7 8 9 10 11 12 13 14 15 16 17 18 19 20 21 22 23 24 25 26 27 28 29 30 31 32 33 34 35 36 37 38 39 40 41 42 43 44 45 46 47 48 49 50","NaN NaN NaN NaN NaN NaN NaN NaN NaN NaN NaN NaN NaN NaN NaN NaN NaN NaN NaN NaN NaN NaN NaN NaN NaN NaN NaN NaN NaN 3.023275175574 3.023275175574 3.023275175574 NaN NaN NaN NaN NaN NaN NaN NaN NaN NaN NaN NaN NaN NaN NaN NaN NaN NaN"
General-2-20251226-15:26:32-111135,vector,AdhocNetwork1.host[0].rl,rlReward,,,"1 2 3 4 5 6 7 8 9 10 11 12 13 14 15 16 17 18 19 20 21 22 23 24 25 26 27 28 29 30 31 32 33 34 35 36 37 38 39 40 41 42 43 44 45 46 47 48 49 50","0.33333333333333 0 0.057696263599461 0.10234972254832 0.050687846077656 0.06546724590744 0.081153850916585 -0.14256844544619 0.0036680437535898 0.73259075707155 0.67916635037376 0.68096739865575 0.022078206388896 0 0.087801939699038 -0.58971008479327 -0.65663427578572 -0.61155105190949 -0.66666666666667 -0.60557948120396 -0.53402730215499 0.097988893480342 0.0971617545454 0.34620638710952 0.37517630651561 0.35080310759497 0.35497683353224 -0.6018174173722 -0.62431233666104 -0.64796237660551 -0.21439733143545 0.3527878740905 0.39768995540739 0.34690117063742 0.35359916828099 0.35850654294089 0.34311176278843 0.3 0.41036355103603 0.4198495520855 0.3631491531238 0.34170840795065 -0.601120570827 -0.65485363773119 -0.60232457965432 -0.64640445557881 -0.7 -0.62010264823915 -0.60085268871068 -0.65945610532024"
General-2-20251226-15:26:32-111135,vector,AdhocNetwork1.host[1].app[1],e2eDelayPeriodicSec,,,"1 2 3 4 5 6 7 8 9 10 11 12 13 14 15 16 17 18 19 20 21 22 23 24 25 26 27 28 29 30 31 32 33 34 35 36 37 38 39 40 41 42 43 44 45 46 47 48 49 50","NaN NaN NaN NaN NaN NaN NaN NaN NaN NaN NaN NaN NaN NaN NaN NaN NaN NaN NaN NaN NaN NaN NaN NaN NaN NaN NaN NaN NaN NaN NaN NaN NaN NaN NaN NaN NaN NaN NaN NaN NaN NaN NaN NaN NaN NaN NaN NaN NaN NaN"
General-2-20251226-15:26:32-111135,vector,AdhocNetwork1.host[1].rl,rlReward,,,"1 2 3 4 5 6 7 8 9 10 11 12 13 14 15 16 17 18 19 20 21 22 23 24 25 26 27 28 29 30 31 32 33 34 35 36 37 38 39 40 41 42 43 44 45 46 47 48 49 50","0.33333333333333 0 0 0.066904362051663 0.043971906207431 0.045010796045713 0.051968941787797 0.050091327985496 0.027974998782674 0.056492140438211 0.012140680331473 0.029397147344654 0.30088021410871 0.30907899988648 0.3213319471493 0.34705881627356 0.33955596550287 0.3160735251062 0.32178909922412 0.32171918016068 0.3 0.3210502550258 0.31370726767619 0 0.3857036916103 0.37635335514689 0.36431218256467 0.40847865907445 0.38952153375677 0.35124290320831 0.38162949441952 -0.60806697085289 -0.63320148582421 -0.62120463669793 -0.64054635373003 -0.68814514445869 -0.63169263073671 -0.62410960465373 -0.62485702462511 -0.22067253678403 -0.64407702049023 -0.085830904732266 0.40196217242697 0.40480266402696 0.372245468803 0.38809608239719 0.31222170826823 0.32204428451905 0.77445399989023 -0.6427553172143"
General-2-20251226-15:26:32-111135,vector,AdhocNetwork1.host[2].app[1],e2eDelayPeriodicSec,,,"1 2 3 4 5 6 7 8 9 10 11 12 13 14 15 16 17 18 19 20 21 22 23 24 25 26 27 28 29 30 31 32 33 34 35 36 37 38 39 40 41 42 43 44 45 46 47 48 49 50","NaN NaN NaN NaN NaN NaN NaN NaN NaN NaN NaN NaN NaN NaN NaN NaN NaN NaN NaN NaN NaN NaN NaN NaN NaN NaN NaN NaN NaN NaN NaN NaN NaN NaN NaN NaN NaN NaN NaN NaN NaN NaN NaN NaN NaN NaN NaN NaN NaN NaN"
General-2-20251226-15:26:32-111135,vector,AdhocNetwork1.host[2].rl,rlReward,,,"1 2 3 4 5 6 7 8 9 10 11 12 13 14 15 16 17 18 19 20 21 22 23 24 25 26 27 28 29 30 31 32 33 34 35 36 37 38 39 40 41 42 43 44 45 46 47 48 49 50","0.33333333333333 0 0.031301229508528 0.025367431795041 0.69768516614209 0.71960591970261 0.66666666666667 0.035907213140283 0.033564779013832 0 0.012042014233616 0.74086571222347 0 0 0.069923983080817 -0.64567674397984 -0.66666666666667 -0.32791515239804 -0.66666666666667 -0.58813568434906 -0.44525946274994 0.089839201372194 0.058486728764275 0.076404917453537 -0.13141068367988 0.035424364215649 0.069696636687155 0.089214434569657 0.051534425132525 0 0.045732120222031 0.040181961218134 0.10410515432204 0.052738731220688 0.082742057141329 0.04531635441405 0.067172640637016 0.044970421463741 0.085783008927469 0.13782410648341 0.076432404742643 0.10675543652118 0.091798011154937 0.065639437504724 0.011562170457773 0.36770048924433 0 0.077182128784062 0.11099198409975 0"
General-2-20251226-15:26:32-111135,vector,AdhocNetwork1.host[3].app[1],e2eDelayPeriodicSec,,,"1 2 3 4 5 6 7 8 9 10 11 12 13 14 15 16 17 18 19 20 21 22 23 24 25 26 27 28 29 30 31 32 33 34 35 36 37 38 39 40 41 42 43 44 45 46 47 48 49 50","NaN NaN NaN NaN NaN NaN NaN NaN NaN NaN NaN NaN NaN NaN NaN NaN NaN NaN NaN NaN NaN NaN NaN NaN NaN NaN NaN NaN NaN NaN NaN NaN NaN NaN NaN NaN NaN NaN NaN NaN NaN NaN NaN NaN NaN NaN 0.007164775603 0.007164775603 0.007164775603 NaN"
General-2-20251226-15:26:32-111135,vector,AdhocNetwork1.host[3].rl,rlReward,,,"1 2 3 4 5 6 7 8 9 10 11 12 13 14 15 16 17 18 19 20 21 22 23 24 25 26 27 28 29 30 31 32 33 34 35 36 37 38 39 40 41 42 43 44 45 46 47 48 49 50","0.33333333333333 0 0.024225516109071 0.05803969956735 0.0059149189588385 0.017906979395483 0.048416721869759 0.043591797148673 0.027990830466218 0.05169434549343 0 0.07840982396069 0.031456902838154 0.035403497203443 0.37859294204565 0.35328417296784 0.36898562786232 0.35707909772693 0.33529869293227 0.33523423730376 0.36196893773626 0.33723249712942 0.34720124214051 0.3 0.30392192122422 0.32768702710416 0.35923504520689 0.37236298529669 0.35640874074661 0.33356688812666 0.31675368771397 0.36220539514187 0.37707178413791 0.3 0.37653754464634 0.025281839137699 0.3199692232916 0.36073632933548 0.37641799244945 0.33626979734734 0.33781245401549 0.36373460540335 0.34621434587962 0.37866330566232 0.33915634869151 0.30599620458902 0.3 0.35311249396646 0.36191838211157 0.052044683456379"
General-2-20251226-15:26:32-111135,vector,AdhocNetwork1.host[4].app[1],e2eDelayPeriodicSec,,,"1 2 3 4 5 6 7 8 9 10 11 12 13 14 15 16 17 18 19 20 21 22 23 24 25 26 27 28 29 30 31 32 33 34 35 36 37 38 39 40 41 42 43 44 45 46 47 48 49 50","NaN NaN NaN NaN NaN NaN NaN NaN NaN NaN NaN NaN NaN NaN NaN NaN NaN NaN NaN NaN NaN NaN NaN NaN NaN NaN NaN NaN NaN NaN NaN NaN NaN NaN NaN NaN NaN NaN NaN NaN NaN NaN NaN NaN NaN NaN NaN NaN NaN NaN"
General-2-20251226-15:26:32-111135,vector,AdhocNetwork1.host[4].rl,rlReward,,,"1 2 3 4 5 6 7 8 9 10 11 12 13 14 15 16 17 18 19 20 21 22 23 24 25 26 27 28 29 30 31 32 33 34 35 36 37 38 39 40 41 42 43 44 45 46 47 48 49 50","0.33333333333333 0 0.015457643560574 0.060534307700535 0.045890343476364 0.70121157758412 0.66666666666667 0.69981525087013 0.76833821282084 0.10384529045274 0 0.79907576945843 0.13205304283218 0.0023003979806424 0.11837860815849 0.14031865805907 0.10908433097562 0.14254920412151 0.10316094906547 -0.56340519300221 -0.57310563392675 -0.32386822705017 0.31667092050929 -0.48971206585198 -0.47913112602751 -0.53472398465699 0.126352441346 0.11558539050275 0.07884691730815 -0.036922073846567 -0.5917643780334 0.10666191195628 -0.085205424467629 0.080003889903056 0.12305146284445 0.10959570939361 0.13437282131592 0.11080657761057 0.1540020582371 -0.50354298267462 -0.53800973977024 0.1596664082359 0.1780916915513 0.15040780464853 0.15555466151228 0.17049261838109 0.10671772294337 -0.55686083506174 -0.49797837216967 -0.50567119436936"
General-2-20251226-15:26:32-111135,vector,AdhocNetwork1.host[5].app[1],e2eDelayPeriodicSec,,,"1 2 3 4 5 6 7 8 9 10 11 12 13 14 15 16 17 18 19 20 21 22 23 24 25 26 27 28 29 30 31 32 33 34 35 36 37 38 39 40 41 42 43 44 45 46 47 48 49 50","NaN NaN NaN NaN NaN NaN NaN NaN NaN NaN NaN NaN NaN NaN NaN NaN NaN NaN NaN NaN NaN NaN NaN NaN NaN NaN NaN NaN NaN NaN NaN NaN NaN NaN NaN NaN NaN NaN NaN NaN NaN NaN NaN NaN NaN NaN NaN NaN NaN NaN"
General-2-20251226-15:26:32-111135,vector,AdhocNetwork1.host[5].rl,rlReward,,,"1 2 3 4 5 6 7 8 9 10 11 12 13 14 15 16 17 18 19 20 21 22 23 24 25 26 27 28 29 30 31 32 33 34 35 36 37 38 39 40 41 42 43 44 45 46 47 48 49 50","0.33333333333333 0 0 0.0032575826381709 0.041453548837108 0.3 0 0.063859703709869 0.32988674690235 0.32094165885118 0.3 0.39169162374094 0.3 0.3 -0.01599897206471 0.36920284416038 0.43910525297119 -0.019297217440786 0.37496058589795 0.38901873507239 0.15181096288929 0.30403347935127 0.39212100811906 0.36068236989281 0.35121399602146 0.33794635091913 0.41928083551211 0.3 0.40689297220364 0.42537971353115 0.43614098855415 0.38779922641352 0.43007521042533 0.36078453114616 0.35214720153413 -0.08152506762515 0.38595638802287 0.3850465679855 0.45528564060118 0.43978639862195 0.42544538422859 0.36942368239734 0.45953949784846 0.38912058667872 0.41217933428364 0.40552131534109 0.73705529146429 0.24509405679378 0.42666459754399 0.39051825310759"
General-2-20251226-15:26:32-111135,vector,AdhocNetwork1.host[6].app[1],e2eDelayPeriodicSec,,,"1 2 3 4 5 6 7 8 9 10 11 12 13 14 15 16 17 18 19 20 21 22 23 24 25 26 27 28 29 30 31 32 33 34 35 36 37 38 39 40 41 42 43 44 45 46 47 48 49 50","NaN NaN NaN NaN NaN NaN NaN NaN NaN NaN NaN NaN NaN NaN NaN NaN NaN NaN NaN NaN NaN NaN NaN NaN NaN NaN NaN NaN NaN NaN NaN NaN NaN NaN NaN NaN NaN NaN NaN NaN NaN NaN NaN NaN NaN NaN NaN NaN NaN NaN"
General-2-20251226-15:26:32-111135,vector,AdhocNetwork1.host[6].rl,rlReward,,,"1 2 3 4 5 6 7 8 9 10 11 12 13 14 15 16 17 18 19 20 21 22 23 24 25 26 27 28 29 30 31 32 33 34 35 36 37 38 39 40 41 42 43 44 45 46 47 48 49 50","0.33333333333333 0.3 0.058151911531099 0.080795322167754 0.70236840343641 0.71460842737695 0.034035921690293 0 0.039084386453666 0.033812057657596 0 0.72599965133102 0.053308101837793 0 0.096245232359748 -0.55423385958689 -0.59932149573742 -0.59789769698629 -0.57107715013013 -0.59499390612635 -0.5923382931289 0.078982548964892 0.067546935333528 0.71533932867848 0.065832252505816 0.051556814500516 -0.57666998731592 -0.5548532604671 -0.59113568077887 -0.56333341116756 -0.55182588372258 -0.086374538092454 0.80834356976225 0.064090544051253 0.11689074434483 0.072626900688321 -0.57483668880462 -0.5385572866888 -0.52183632489015 -0.59959566812488 -0.56427839699879 0.30492065602109 0.3251118205616 0.29809282550903 0.69930736596019 -0.31747370500481 -0.41892822980798 -0.4084620854238 -0.54531964113461 -0.39619605912488"
General-2-20251226-15:26:32-111135,vector,AdhocNetwork1.host[7].app[1],e2eDelayPeriodicSec,,,"1 2 3 4 5 6 7 8 9 10 11 12 13 14 15 16 17 18 19 20 21 22 23 24 25 26 27 28 29 30 31 32 33 34 35 36 37 38 39 40 41 42 43 44 45 46 47 48 49 50","NaN NaN NaN NaN NaN NaN NaN NaN NaN NaN NaN NaN NaN NaN NaN NaN NaN NaN NaN NaN NaN NaN NaN NaN NaN NaN NaN NaN NaN NaN NaN NaN NaN NaN NaN NaN NaN NaN NaN NaN NaN NaN NaN NaN NaN NaN NaN NaN NaN NaN"
General-2-20251226-15:26:32-111135,vector,AdhocNetwork1.host[7].rl,rlReward,,,"1 2 3 4 5 6 7 8 9 10 11 12 13 14 15 16 17 18 19 20 21 22 23 24 25 26 27 28 29 30 31 32 33 34 35 36 37 38 39 40 41 42 43 44 45 46 47 48 49 50","0.33333333333333 0 0.0014884171632054 0.022877841995703 0.0013282824434482 0.022877841995608 0.02035000087911 0 0.053649597267516 0.049265492645291 -0.19746773559511 0.040558307840338 0.33935527665455 0.3 0.35842100573966 0.36606217171838 0.32884482995713 0.33368946247574 0.3 0.3072683579812 0.33747420051154 0.33212838805128 0.3 0.3 0.32344158005318 0.3 0.33816201450942 0.33797292915103 0.31382494475256 0.30927892460056 0.31970242537317 0.046485821108213 0.31498309923394 0.3 0.72585702553503 0.3 0.33715110213125 0.02253496931051 0.38422818897193 0.3820602536248 -0.63378972194128 0.3 0.38934036273101 0.3949217279737 0.36058645598827 0.36764419931758 0.31540449588943 0.30662191740598 0.33087675658994 0.1"
General-2-20251226-15:26:32-111135,vector,AdhocNetwork1.host[8].app[1],e2eDelayPeriodicSec,,,"1 2 3 4 5 6 7 8 9 10 11 12 13 14 15 16 17 18 19 20 21 22 23 24 25 26 27 28 29 30 31 32 33 34 35 36 37 38 39 40 41 42 43 44 45 46 47 48 49 50","NaN NaN NaN NaN NaN NaN NaN NaN NaN NaN NaN NaN NaN NaN NaN NaN NaN NaN NaN NaN NaN NaN NaN NaN NaN NaN NaN NaN NaN NaN NaN NaN NaN NaN NaN NaN NaN NaN NaN NaN NaN NaN NaN NaN NaN NaN NaN NaN NaN NaN"
General-2-20251226-15:26:32-111135,vector,AdhocNetwork1.host[8].rl,rlReward,,,"1 2 3 4 5 6 7 8 9 10 11 12 13 14 15 16 17 18 19 20 21 22 23 24 25 26 27 28 29 30 31 32 33 34 35 36 37 38 39 40 41 42 43 44 45 46 47 48 49 50","0.33333333333333 0 0.073275785005377 0.080724828321037 0.02624685120639 0.085445028744486 0.075749645482315 0.056681024004926 0 0.043597671248914 0 0.050047749037069 0 0 0.07812103340747 0.063896772158379 0.071925601002434 0.016185744326919 0 0.3 0.39648175142783 0.34796234112602 0.34907565902534 0.73150040785712 -0.25262098883002 -0.68539433306473 -0.61906659034515 -0.62870431547396 -0.66844086507809 -0.3 -0.25549436898537 0.7 0.36406660786465 0.017927308921112 0.31209339449768 0.31571232802342 0.32369695570426 0.3 0.36013970166906 0.77785212617873 -0.60657932674032 0.37492015456756 0.3915919805809 0.34223465346081 0.30436546843612 0.34216400327593 0.3 0.35345755917813 0.40556858473489 0.32408410438055"
General-2-20251226-15:26:32-111135,vector,AdhocNetwork1.host[9].app[1],e2eDelayPeriodicSec,,,"1 2 3 4 5 6 7 8 9 10 11 12 13 14 15 16 17 18 19 20 21 22 23 24 25 26 27 28 29 30 31 32 33 34 35 36 37 38 39 40 41 42 43 44 45 46 47 48 49 50","NaN NaN NaN NaN NaN NaN NaN NaN NaN NaN NaN NaN NaN NaN NaN NaN NaN NaN NaN NaN NaN NaN NaN NaN NaN NaN NaN NaN NaN NaN NaN NaN NaN NaN NaN NaN NaN NaN NaN NaN NaN NaN NaN NaN NaN NaN NaN NaN NaN NaN"
General-2-20251226-15:26:32-111135,vector,AdhocNetwork1.host[9].rl,rlReward,,,"1 2 3 4 5 6 7 8 9 10 11 12 13 14 15 16 17 18 19 20 21 22 23 24 25 26 27 28 29 30 31 32 33 34 35 36 37 38 39 40 41 42 43 44 45 46 47 48 49 50","0.33333333333333 0.3 0.013677647615132 -0.17005269629943 0.036923744217245 0.027465434018639 0.68004114875689 0 0.013369138359387 0.013093989809071 0.015297183751901 0.035147195588781 0.024120592698911 0.015297183751842 0.011580174901724 0.030989624007411 0.009483133430571 0.005230389920313 -0.2 0.012544950197382 0.022433546244839 0.010631421560253 0 0 0 0.0043151104028694 0.054864855693335 0.0098014431826402 0.1 -0.16388001431619 0.018557907225993 0.0084928485079898 0.058185889920164 0.30513497031696 0.30401045394891 0.3 0.3137193993087 0.3 0.37920156785597 0.35544072798497 0.32199909932555 0.36595857500571 0.37108720654053 0.34203245024755 0.3486247595254 0.3228991592155 0.3 0.30799515130561 0.36837620374096 0.3"
General-2-20251226-15:26:32-111135,vector,AdhocNetwork1.host[10].app[1],e2eDelayPeriodicSec,,,"1 2 3 4 5 6 7 8 9 10 11 12 13 14 15 16 17 18 19 20 21 22 23 24 25 26 27 28 29 30 31 32 33 34 35 36 37 38 39 40 41 42 43 44 45 46 47 48 49 50","NaN NaN NaN NaN NaN NaN NaN 0.007017194674 0.007017194674 0.007017194674 0.006756974659 0.006756974659 0.006756974659 NaN 0.007116776864 0.007116776864 0.007116776864 0.006776684479 0.006776684479 0.006776684479 NaN NaN NaN NaN 0.006656864616 0.006656864616 0.006656864616 NaN 0.0066571221 0.0066571221 0.0066571221 NaN 0.00731741205 0.00731741205 0.00731741205 NaN NaN NaN NaN NaN NaN NaN NaN NaN NaN NaN NaN NaN NaN NaN"
General-2-20251226-15:26:32-111135,vector,AdhocNetwork1.host[10].rl,rlReward,,,"1 2 3 4 5 6 7 8 9 10 11 12 13 14 15 16 17 18 19 20 21 22 23 24 25 26 27 28 29 30 31 32 33 34 35 36 37 38 39 40 41 42 43 44 45 46 47 48 49 50","0.33333333333333 0 0.088452095477007 0.17361839758292 0.086866751490695 0.093185474611189 0.017469050820484 0 0.35161539898421 0.0057650343468285 0 0.095267212043369 0.080676092356569 0.055682646915009 0.35401817730328 0.33693940546687 0.3120374705504 0.76711777417953 0.70483711797439 -0.68511217346713 -0.6283457696257 0.3 0.3 0.32169430712545 0.3 0.36042535162675 0.39788872587585 0.40766991547019 0.36256572526234 0.3423158269406 0.39202422156275 0.3390816829903 0.41905308605227 0.7355635942548 -0.63538339980919 -0.666001897799 -0.5 -0.63069547177859 -0.60955487563813 -0.61123572368251 -0.64397404823758 0.41394742450589 0.38897126509229 0.36233306223266 0.37908014131461 0.33648857912011 0.1816840623784 0.37341810752399 0.26353777347592 -0.2"
General-2-20251226-15:26:32-111135,vector,AdhocNetwork1.host[11].app[1],e2eDelayPeriodicSec,,,"1 2 3 4 5 6 7 8 9 10 11 12 13 14 15 16 17 18 19 20 21 22 23 24 25 26 27 28 29 30 31 32 33 34 35 36 37 38 39 40 41 42 43 44 45 46 47 48 49 50","NaN NaN NaN NaN NaN NaN NaN NaN NaN NaN NaN NaN NaN NaN NaN NaN NaN NaN NaN NaN NaN NaN NaN NaN NaN NaN NaN NaN NaN NaN NaN NaN NaN NaN NaN NaN NaN NaN NaN NaN NaN NaN NaN NaN NaN NaN NaN NaN NaN NaN"
General-2-20251226-15:26:32-111135,vector,AdhocNetwork1.host[11].rl,rlReward,,,"1 2 3 4 5 6 7 8 9 10 11 12 13 14 15 16 17 18 19 20 21 22 23 24 25 26 27 28 29 30 31 32 33 34 35 36 37 38 39 40 41 42 43 44 45 46 47 48 49 50","0.33333333333333 0 0 0.031256553763441 0.68908587480465 0.67120360444738 -0.6 -0.48381351409254 -0.62386384884876 -0.49357568832961 -0.55382157990541 -0.10179306160222 -0.13305697876294 0.3 0.33476351414814 -0.12492671745906 0.069083404412837 0.10600448509033 0.67447045470254 0.77330913936758 0.77204841171833 0.022127878326021 0.088104149725801 0.047345815206748 -0.66666666666667 -0.59866501832704 -0.56917282345599 -0.64369850434444 -0.5935307339332 -0.60505574636087 -0.66377152327196 0.30377256670783 0.34614812255809 0.3 0.73585583976047 0.34271008770794 0.31145531608898 0.35449404458885 0.4153514876348 0.057228880047064 -0.073274334215806 -0.23025843482295 -0.61022554222811 -0.59830040834594 -0.60802013268121 -0.63962076497246 -0.28643011035265 -0.27857919789306 -0.67166200677538 -0.7"
General-2-20251226-15:26:32-111135,vector,AdhocNetwork1.host[12].app[1],e2eDelayPeriodicSec,,,"1 2 3 4 5 6 7 8 9 10 11 12 13 14 15 16 17 18 19 20 21 22 23 24 25 26 27 28 29 30 31 32 33 34 35 36 37 38 39 40 41 42 43 44 45 46 47 48 49 50","NaN NaN NaN NaN NaN NaN NaN NaN NaN NaN NaN NaN NaN NaN NaN NaN NaN NaN NaN NaN NaN NaN NaN NaN NaN NaN NaN NaN NaN NaN NaN NaN NaN NaN NaN NaN NaN NaN NaN NaN NaN NaN NaN NaN NaN NaN NaN NaN NaN NaN"
General-2-20251226-15:26:32-111135,vector,AdhocNetwork1.host[12].rl,rlReward,,,"1 2 3 4 5 6 7 8 9 10 11 12 13 14 15 16 17 18 19 20 21 22 23 24 25 26 27 28 29 30 31 32 33 34 35 36 37 38 39 40 41 42 43 44 45 46 47 48 49 50","0.33333333333333 0 0 0.074188319470872 0.059147515865843 0.031041881248551 0.072407792791194 -0.59755093841795 -0.6245876659698 -0.63756475897767 -0.47686333287007 -0.16043781092417 0 0.0084941440512063 -0.14025946375003 0.036846675992144 0.041538844850915 -0.19267871970579 0.11127653718804 0.026299296323594 0.33675129207481 0.057844362009056 -0.13026751119022 0.1 0.053106680829641 0.34822285292147 0.041608622969696 -0.070086634965185 0.21746737104272 0.3 0.36036674907049 0.36626792208995 0.33561128117609 0.3 0.76354415358857 0.7 0.74866672546253 -0.23741519323553 -0.65648605551458 -0.58206928517665 -0.63382757242749 0.1726814453848 0.62875084570211 0.037328641471175 -0.42370629148716 -0.38733029423772 -0.46207362858108 -0.089526147684625 0.089922327044842 -0.66201612498029"
General-2-20251226-15:26:32-111135,vector,AdhocNetwork1.host[13].app[1],e2eDelayPeriodicSec,,,"1 2 3 4 5 6 7 8 9 10 11 12 13 14 15 16 17 18 19 20 21 22 23 24 25 26 27 28 29 30 31 32 33 34 35 36 37 38 39 40 41 42 43 44 45 46 47 48 49 50","NaN NaN NaN NaN NaN NaN NaN NaN NaN NaN NaN NaN NaN 0.013635255582 0.013635255582 0.013635255582 NaN NaN NaN NaN NaN NaN NaN NaN NaN NaN NaN NaN NaN NaN NaN NaN NaN NaN 9.009216833934 9.009216833934 9.009216833934 NaN NaN 0.006498303992 0.006498303992 0.006498303992 NaN NaN NaN NaN NaN NaN NaN NaN"
General-2-20251226-15:26:32-111135,vector,AdhocNetwork1.host[13].rl,rlReward,,,"1 2 3 4 5 6 7 8 9 10 11 12 13 14 15 16 17 18 19 20 21 22 23 24 25 26 27 28 29 30 31 32 33 34 35 36 37 38 39 40 41 42 43 44 45 46 47 48 49 50","0.33333333333333 0 0.010955603081023 0.67813847241648 0.71903627050378 -0.62902855905139 -0.66666666666667 -0.61889917066035 -0.62476864588236 -0.68506709354497 -0.6 0.074063833834891 0 0 0.74137967523248 0.50996009905773 0.18970953034575 0.20923513249796 0.1 0.59642380809394 0.0048976332441541 0.5 0.62505511125986 -0.40907770533769 -0.66666666666667 -0.63042191681069 -0.22635792636447 -0.43924885488456 -0.50082767705576 -0.64065915380965 -0.032480764773761 0.71189827489482 0.11831084314847 0.2126960531835 0.32052638076649 0.23337741426472 -0.57044614040831 -0.50300025859701 -0.46183008378356 -0.56702871076841 -0.64582732998091 0.26436066872132 -0.12940331754913 0.24948540043737 0.2543790806152 -0.16658922759627 0.043984343481101 0.19889821702759 0.18133345850265 0.1"
General-2-20251226-15:26:32-111135,vector,AdhocNetwork1.host[14].app[1],e2eDelayPeriodicSec,,,"1 2 3 4 5 6 7 8 9 10 11 12 13 14 15 16 17 18 19 20 21 22 23 24 25 26 27 28 29 30 31 32 33 34 35 36 37 38 39 40 41 42 43 44 45 46 47 48 49 50","NaN NaN NaN NaN NaN NaN NaN NaN NaN NaN NaN NaN NaN NaN NaN NaN NaN NaN NaN NaN NaN NaN NaN NaN NaN NaN NaN NaN NaN NaN NaN NaN NaN NaN NaN NaN NaN NaN NaN NaN NaN NaN NaN NaN NaN NaN NaN NaN NaN NaN"
General-2-20251226-15:26:32-111135,vector,AdhocNetwork1.host[14].rl,rlReward,,,"1 2 3 4 5 6 7 8 9 10 11 12 13 14 15 16 17 18 19 20 21 22 23 24 25 26 27 28 29 30 31 32 33 34 35 36 37 38 39 40 41 42 43 44 45 46 47 48 49 50","0.33333333333333 0 0.0078306952821698 0.016800871740167 0.0099874303377085 0 0.039420744989094 0.059882073951367 0.02992808929624 -0.3 0 0.76969244514717 0.67455299963555 0.66666666666667 0.1273910644696 0.068181881660424 -0.44893949833093 -0.44802401369297 -0.61228322382979 -0.57370848537927 -0.53247088029938 0.057540518778426 0.097260713597471 0.057257587491649 0.048152512441861 0.19573288341999 0.090445618499905 0.074783550476481 0.24139314848764 0.18105792365938 0.19180723455097 0.64397103526106 0.068929535181352 -0.48519273333682 -0.33908897214267 -0.39258467456425 -0.45646235237895 -0.6327708486996 -0.31048759784884 -0.38907083947931 -0.37239249965569 0.21064790143632 0.10690729163494 0.075768824968521 0.092396778186923 0.07611071319387 0.021669071027289 0.041014041843163 0.082771977003605 0.33489187483505"
General-2-20251226-15:26:32-111135,vector,AdhocNetwork1.host[15].app[1],e2eDelayPeriodicSec,,,"1 2 3 4 5 6 7 8 9 10 11 12 13 14 15 16 17 18 19 20 21 22 23 24 25 26 27 28 29 30 31 32 33 34 35 36 37 38 39 40 41 42 43 44 45 46 47 48 49 50","NaN NaN NaN NaN NaN NaN NaN NaN NaN NaN NaN NaN NaN NaN NaN NaN NaN NaN NaN NaN NaN NaN NaN NaN NaN NaN NaN NaN NaN NaN NaN NaN NaN NaN NaN NaN NaN NaN NaN NaN NaN NaN NaN NaN NaN NaN NaN NaN NaN NaN"
General-2-20251226-15:26:32-111135,vector,AdhocNetwork1.host[15].rl,rlReward,,,"1 2 3 4 5 6 7 8 9 10 11 12 13 14 15 16 17 18 19 20 21 22 23 24 25 26 27 28 29 30 31 32 33 34 35 36 37 38 39 40 41 42 43 44 45 46 47 48 49 50","0.33333333333333 0 0.041867565347599 0.072234945899495 0.045350597728513 0.052406480972147 0.076032430449885 0.072145733766343 0.048754805786308 0.060833252879824 0.048217560272539 0.3571169918053 0.35493106305932 0.35374648343926 0.069472921627328 0.36725757426645 0.31918110690645 0.37124692584877 0.31574802400645 0.32278208848973 0.34798661222559 0.31290466589114 0.3 0.30738371291922 0.11123593048754 0.3 0.32589294296948 0.34958855250368 0.3 0.3 0.33020113239947 0.31644799448128 0.3578628514075 0.3 0.3 0.31481463362919 0.31726859002126 0.3 0.35109454177695 0.3767978515262 0.31211932797216 0.33852816998858 0.3630218878435 0.3017586775678 0.3043391696229 0.30410002158412 0.3 0.35193124998383 0.3763945845672 -0.3"
General-2-20251226-15:26:32-111135,vector,AdhocNetwork1.host[16].app[1],e2eDelayPeriodicSec,,,"1 2 3 4 5 6 7 8 9 10 11 12 13 14 15 16 17 18 19 20 21 22 23 24 25 26 27 28 29 30 31 32 33 34 35 36 37 38 39 40 41 42 43 44 45 46 47 48 49 50","NaN NaN NaN NaN NaN NaN NaN NaN NaN NaN NaN NaN NaN NaN NaN NaN NaN NaN NaN NaN NaN NaN NaN NaN NaN NaN NaN NaN NaN NaN NaN NaN NaN NaN NaN NaN NaN NaN NaN NaN NaN NaN NaN NaN NaN NaN NaN NaN NaN NaN"
General-2-20251226-15:26:32-111135,vector,AdhocNetwork1.host[16].rl,rlReward,,,"1 2 3 4 5 6 7 8 9 10 11 12 13 14 15 16 17 18 19 20 21 22 23 24 25 26 27 28 29 30 31 32 33 34 35 36 37 38 39 40 41 42 43 44 45 46 47 48 49 50","0.33333333333333 0 0.0084099966646684 0.039053106918083 0.040828375876522 0.046024755195669 0.03329407087576 0.6668670403829 -0.66666666666667 -0.66666666666667 -0.65275074770729 -0.134198454252 0.3 0.3 0.39142912209303 0.33388112143921 0.38019634046135 0.22155868769912 0.30325887661511 -0.13503928445788 0.35662783819173 0.3 0.30482926438844 0.3 0.3 0.33810314043649 0.36052471978874 0.016905847267814 0.34669008342681 0.3 0.34107630413397 0.38301108978507 0.37625789838757 0.3 0.31333970609269 0.34825839984139 0.35473552115841 -0.093319288559386 -0.19988629850331 -0.20357492576281 -0.60925871932154 0.41910182344083 0.39856236350987 0.42579952943659 -0.1977276041338 -0.2142779439687 -0.22634913849984 -0.23571706982235 -0.62155961765255 -0.62670053975264"
General-2-20251226-15:26:32-111135,vector,AdhocNetwork1.host[17].app[1],e2eDelayPeriodicSec,,,"1 2 3 4 5 6 7 8 9 10 11 12 13 14 15 16 17 18 19 20 21 22 23 24 25 26 27 28 29 30 31 32 33 34 35 36 37 38 39 40 41 42 43 44 45 46 47 48 49 50","NaN NaN NaN NaN NaN NaN NaN NaN NaN NaN NaN NaN NaN NaN NaN NaN NaN NaN NaN NaN NaN NaN NaN NaN NaN NaN NaN NaN NaN NaN NaN NaN NaN NaN NaN NaN NaN NaN NaN NaN NaN NaN NaN NaN NaN NaN NaN NaN NaN NaN"
General-2-20251226-15:26:32-111135,vector,AdhocNetwork1.host[17].rl,rlReward,,,"1 2 3 4 5 6 7 8 9 10 11 12 13 14 15 16 17 18 19 20 21 22 23 24 25 26 27 28 29 30 31 32 33 34 35 36 37 38 39 40 41 42 43 44 45 46 47 48 49 50","0.33333333333333 -0.2 0.31882636093709 0.70911567446341 0.065709828746045 0.053767172028584 -0.15241467115682 0.042857310169327 0.0088970969375032 0.024704867430842 0.014808019007394 0.73034581575258 0 -0.66315766354609 -0.54555327057004 -0.6035249033078 -0.6102337420648 -0.60322835906022 -0.64113887994213 -0.57495882190867 0.11102626315422 0.015769239253283 -0.60135825150078 -0.62405776683093 -0.66666666666667 0.074850436480099 0.097595849521756 -0.65340084409063 -0.026392410685403 -0.38111991942976 -0.55666536480262 -0.14701481371584 0.11460840384657 0.011074861656913 0.093999661386694 0.036827121690948 0.01494823847062 -0.114190093641 0.11173270527605 0.19911388025864 0.23890658054165 0.28978550028178 0.24583672958803 0.42810914955854 0.41026346200796 0.23788929578184 -0.14204372954652 0.23877569751748 0.26717757080288 0.23038484955977"
General-2-20251226-15:26:32-111135,vector,AdhocNetwork1.host[18].app[1],e2eDelayPeriodicSec,,,"1 2 3 4 5 6 7 8 9 10 11 12 13 14 15 16 17 18 19 20 21 22 23 24 25 26 27 28 29 30 31 32 33 34 35 36 37 38 39 40 41 42 43 44 45 46 47 48 49 50","NaN NaN NaN NaN NaN NaN 0.014628930139 0.014628930139 0.014628930139 0.01393507603 0.01393507603 0.01393507603 0.013556270894 0.013556270894 0.013556270894 NaN NaN 0.013034740864 0.013034740864 0.013034740864 NaN NaN NaN NaN NaN NaN NaN NaN NaN NaN NaN NaN NaN NaN NaN NaN NaN NaN NaN NaN NaN NaN NaN NaN 24.010156554109 24.010156554109 24.010156554109 NaN 0.008383076752 0.008383076752"
General-2-20251226-15:26:32-111135,vector,AdhocNetwork1.host[18].rl,rlReward,,,"1 2 3 4 5 6 7 8 9 10 11 12 13 14 15 16 17 18 19 20 21 22 23 24 25 26 27 28 29 30 31 32 33 34 35 36 37 38 39 40 41 42 43 44 45 46 47 48 49 50","0.33333333333333 0.3 0.0043628960338634 0.67695929385278 0.70826000846258 0.68658102167464 0 0.091539114325177 0.085133220496502 0.040873773283011 0 0.78976998661765 0.71482273201692 0.66666666666667 0.78152244455041 0.03945038792801 0.090519498715648 -0.59253086270118 -0.64552061857786 -0.58342937590675 0.10413684472602 0 0.082354696175296 -0.61594401038388 -0.66666666666667 -0.58684994596581 0.092425967549406 -0.61100035121252 -0.65961843391854 -0.59700211987968 -0.65163833781015 0 0.1063667117849 -0.2 0.043790225921828 -0.13609016556182 0.043005445439045 0.11325002467995 0.14616057993275 0.10409037414978 0.098143465225829 0.80019225881539 0.77078135857743 0.80046081842531 0.80416335154662 0.063550275323243 0.035283314795371 0.092395331644116 0.079686891690527 0.028114780027187"
General-2-20251226-15:26:32-111135,vector,AdhocNetwork1.host[19].app[1],e2eDelayPeriodicSec,,,"1 2 3 4 5 6 7 8 9 10 11 12 13 14 15 16 17 18 19 20 21 22 23 24 25 26 27 28 29 30 31 32 33 34 35 36 37 38 39 40 41 42 43 44 45 46 47 48 49 50","NaN NaN NaN NaN NaN NaN NaN NaN NaN NaN NaN NaN NaN NaN NaN NaN NaN NaN NaN NaN NaN NaN NaN NaN NaN NaN NaN NaN NaN NaN NaN NaN NaN NaN NaN NaN NaN NaN NaN NaN NaN NaN NaN NaN NaN NaN NaN NaN NaN NaN"
General-2-20251226-15:26:32-111135,vector,AdhocNetwork1.host[19].rl,rlReward,,,"1 2 3 4 5 6 7 8 9 10 11 12 13 14 15 16 17 18 19 20 21 22 23 24 25 26 27 28 29 30 31 32 33 34 35 36 37 38 39 40 41 42 43 44 45 46 47 48 49 50","0.33333333333333 0 0 0.057698353163625 -0.6403506920681 -0.63159734669759 -0.66383100827297 -0.44306948050857 -0.58606808874073 -0.64123848688334 -0.65343787791807 0.14707862538018 -0.16047506688609 0.33145900660235 0.040156617890229 0.17885233455483 0.14507464274855 -0.65713575040054 -0.49685845682331 -0.63776323744227 -0.55978235329827 0.12547951204822 0 0.1 0.33263914935992 0.54914156752106 0.13453292774678 0.19246092616877 0.16433823619644 0.1 0.33795315506692 -0.11770511541582 0.23121534959435 0.16336862044134 0.19280554243081 0.15905926456099 0.18043951590172 0.14781759110526 0.17252825140669 0.26262422474578 0.21132198574322 0.3703162245939 0.24995884106033 0.22515354934705 0.19220631581446 0.20443999817696 0.1 0.32660562286148 0.232099530296 -0.15636731397448"
General-2-20251226-15:26:32-111135,vector,AdhocNetwork1.host[20].app[1],e2eDelayPeriodicSec,,,"1 2 3 4 5 6 7 8 9 10 11 12 13 14 15 16 17 18 19 20 21 22 23 24 25 26 27 28 29 30 31 32 33 34 35 36 37 38 39 40 41 42 43 44 45 46 47 48 49 50","NaN NaN NaN NaN NaN NaN NaN NaN NaN NaN NaN NaN NaN NaN NaN NaN NaN NaN NaN NaN NaN NaN NaN NaN NaN NaN NaN NaN NaN NaN NaN NaN 3.028146337315 3.028146337315 3.028146337315 NaN NaN NaN NaN NaN NaN NaN NaN NaN NaN NaN NaN NaN NaN NaN"
General-2-20251226-15:26:32-111135,vector,AdhocNetwork1.host[20].rl,rlReward,,,"1 2 3 4 5 6 7 8 9 10 11 12 13 14 15 16 17 18 19 20 21 22 23 24 25 26 27 28 29 30 31 32 33 34 35 36 37 38 39 40 41 42 43 44 45 46 47 48 49 50","0.33333333333333 0 0.058750742578911 0.08519561561056 0 0.074524928030787 0.21467204056682 0 0.057972780110752 0.075264142733094 0.042221347195059 0.050703871603973 0.1519577688137 0 0.36665727549802 0.37209199472075 0.33426815830097 0.74261440922394 -0.3 -0.3 -0.26171913144397 0.73183241908518 0.70270683508947 0.3 0.32877128801218 0.3 0.3553197478476 0.34849489911366 0.1 0.3 0.33965188762486 0.3 0.3 0.31292950998672 0.30541841665223 0.3 0.36576842561468 0.31776697826715 0.40123576576363 0.27872734773465 0.068623237138911 -0.68745019749369 -0.59489696822301 -0.69000660024001 -0.63500911074103 -0.7 -0.7 -0.66939417859371 -0.61328830481551 -0.7"
General-2-20251226-15:26:32-111135,vector,AdhocNetwork1.host[21].app[1],e2eDelayPeriodicSec,,,"1 2 3 4 5 6 7 8 9 10 11 12 13 14 15 16 17 18 19 20 21 22 23 24 25 26 27 28 29 30 31 32 33 34 35 36 37 38 39 40 41 42 43 44 45 46 47 48 49 50","NaN NaN NaN NaN NaN NaN NaN NaN NaN NaN NaN NaN NaN NaN NaN NaN NaN NaN NaN NaN NaN NaN NaN NaN NaN NaN NaN NaN NaN NaN NaN NaN NaN NaN NaN NaN NaN NaN NaN NaN NaN NaN NaN NaN NaN NaN NaN NaN NaN NaN"
General-2-20251226-15:26:32-111135,vector,AdhocNetwork1.host[21].rl,rlReward,,,"1 2 3 4 5 6 7 8 9 10 11 12 13 14 15 16 17 18 19 20 21 22 23 24 25 26 27 28 29 30 31 32 33 34 35 36 37 38 39 40 41 42 43 44 45 46 47 48 49 50","0.33333333333333 0 0 0.096788611497247 0.051425347046244 0.091073303882874 0.033327341243536 -0.63378356918025 -0.62284599551196 -0.58980577858601 -0.66666666666667 0.38599774004545 0.36673263462707 -0.67882727145452 -0.59240807523653 -0.59460525443509 -0.36286017179306 -0.6320915246263 -0.63066999558621 -0.52791841828033 -0.49282185174562 0.027898687805418 -0.1095433874819 0 0.32701537928414 0.017779497535268 0.11004310248432 -0.089785367448115 0.04092723236552 0.31083645467652 -0.19327239010861 0.1942221142786 0.10756326925389 0.3 0.26740937267977 0 0.34518941308255 -0.074322891792701 0.28821444208449 0.1 0.019317053994911 0.22974963344925 0.10850731403537 0.33829766208335 0.088859672023672 -0.2 0.23131686628166 0.19405826452322 0.1781480877948 0.1"
General-2-20251226-15:26:32-111135,vector,AdhocNetwork1.host[22].app[1],e2eDelayPeriodicSec,,,"1 2 3 4 5 6 7 8 9 10 11 12 13 14 15 16 17 18 19 20 21 22 23 24 25 26 27 28 29 30 31 32 33 34 35 36 37 38 39 40 41 42 43 44 45 46 47 48 49 50","NaN NaN NaN NaN NaN NaN NaN NaN NaN NaN NaN NaN NaN NaN NaN NaN NaN NaN NaN NaN NaN NaN NaN NaN NaN NaN NaN NaN NaN NaN NaN NaN NaN NaN NaN NaN NaN NaN NaN NaN NaN NaN NaN NaN NaN NaN NaN NaN NaN NaN"
General-2-20251226-15:26:32-111135,vector,AdhocNetwork1.host[22].rl,rlReward,,,"1 2 3 4 5 6 7 8 9 10 11 12 13 14 15 16 17 18 19 20 21 22 23 24 25 26 27 28 29 30 31 32 33 34 35 36 37 38 39 40 41 42 43 44 45 46 47 48 49 50","0.33333333333333 0 0.0048435175905835 0.079339604026201 -0.61297876752629 -0.64496973636015 -0.65015494306142 -0.46855510176971 -0.6 -0.60216808379973 -0.63473228241448 0.13468529985249 0.6 0 0.10289958325435 0.11989367219866 0.4077426292526 -0.082498852786985 0.21192551066562 -0.5942143358479 -0.60645566049467 0.18911055212438 -0.0047935097406288 -0.46178177439361 -0.50217299225578 -0.34404876266904 -0.55566103041118 -0.30986775790157 -0.53216536112162 -0.46943266019516 -0.5901035483064 0.30869103073886 0.31377672692947 0.29639641835505 0.3174787289105 0.25900169998148 0.66967210137236 0.6544413607133 0.73907230842446 0.73682093791127 0.12893828086392 0.70493703815849 0.35206369759221 0.33154599675812 0.27716525136774 0.27615935672065 -0.45627950976053 -0.478739179379 -0.3447016546888 -0.68435521792084"
General-2-20251226-15:26:32-111135,vector,AdhocNetwork1.host[23].app[1],e2eDelayPeriodicSec,,,"1 2 3 4 5 6 7 8 9 10 11 12 13 14 15 16 17 18 19 20 21 22 23 24 25 26 27 28 29 30 31 32 33 34 35 36 37 38 39 40 41 42 43 44 45 46 47 48 49 50","NaN NaN NaN NaN NaN NaN NaN NaN NaN NaN NaN NaN NaN NaN NaN NaN NaN NaN NaN NaN NaN NaN NaN NaN NaN NaN NaN NaN NaN NaN NaN NaN NaN NaN NaN NaN NaN NaN NaN NaN NaN NaN NaN NaN NaN NaN NaN NaN NaN NaN"
General-2-20251226-15:26:32-111135,vector,AdhocNetwork1.host[23].rl,rlReward,,,"1 2 3 4 5 6 7 8 9 10 11 12 13 14 15 16 17 18 19 20 21 22 23 24 25 26 27 28 29 30 31 32 33 34 35 36 37 38 39 40 41 42 43 44 45 46 47 48 49 50","0.33333333333333 0 0.018387738254929 0.69422221456031 0.70460284673594 0.69705600091308 -0.66666666666667 -0.66666666666667 -0.6343862569127 -0.6267516094524 -0.6218627670419 0.070545378843297 0.024065846468361 0.0062372893177779 0.073285729348717 0.055207970066989 0.026791521017033 0.068544496899242 0.32618488759782 0.35281633893752 0.35969289075607 0.32589219187711 0.011533040853178 0.1 0.33297847170136 0.30060959731313 0.32616533424723 0.33077283780467 0.3 -0.2 0.3 0.3 0.070867221804209 0.30823140996964 -0.2 0 0.3 0.3 0.45184789657884 0.35697394807713 0.83065832654935 0.83103169724779 -0.57869471056953 -0.50271472262768 -0.59412978833517 -0.67455355387074 -0.6456322281068 -0.63132804301074 -0.61946003030478 -0.68899396232492"
General-2-20251226-15:26:32-111135,vector,AdhocNetwork1.host[24].app[1],e2eDelayPeriodicSec,,,"1 2 3 4 5 6 7 8 9 10 11 12 13 14 15 16 17 18 19 20 21 22 23 24 25 26 27 28 29 30 31 32 33 34 35 36 37 38 39 40 41 42 43 44 45 46 47 48 49 50","NaN NaN NaN NaN NaN NaN NaN NaN NaN NaN NaN NaN NaN NaN NaN NaN NaN NaN NaN NaN NaN NaN NaN NaN NaN NaN NaN NaN NaN NaN NaN NaN NaN NaN NaN NaN NaN NaN NaN NaN NaN NaN NaN NaN NaN NaN NaN NaN NaN NaN"
General-2-20251226-15:26:32-111135,vector,AdhocNetwork1.host[24].rl,rlReward,,,"1 2 3 4 5 6 7 8 9 10 11 12 13 14 15 16 17 18 19 20 21 22 23 24 25 26 27 28 29 30 31 32 33 34 35 36 37 38 39 40 41 42 43 44 45 46 47 48 49 50","0.33333333333333 0 0 0.020825520638053 0.020825520638018 0.010412760319009 0.020825520638053 0.018912972824358 0.0088339708492706 0.019231730793243 0.019231730793174 0.31788232205801 0.12932573314335 0.31730855771398 0.3 0.32716698801242 0.3257418895129 0.32577542124237 0.324116648508 0.32574146759043 0.31701316120379 0.3170466929332 0.3 0.3 0.34553550601984 0.34481061263069 0.34584950689235 0.35825074612583 0.054026055695175 0.3019423195392 0.30285830487396 0.34115025987317 0.34414311807334 -0.2 0.33923641592171 0.3 0.31119805675536 0.11947300215982 0.33692786177106 0.36139956803447 0.33217254087585 0.31582444947052 0.35868235749702 0.3475303448015 0.3 0.30340679030061 0.3 0.31236112805059 0.33945887275271 0.32275952868037"
General-3-20251226-15:26:32-111137,vector,AdhocNetwork1.host[0].app[1],e2eDelayPeriodicSec,,,"1 2 3 4 5 6 7 8 9 10 11 12 13 14 15 16 17 18 19 20 21 22 23 24 25 26 27 28 29 30 31 32 33 34 35 36 37 38 39 40 41 42 43 44 45 46 47 48 49 50","NaN NaN NaN NaN NaN NaN NaN NaN NaN NaN NaN NaN NaN NaN NaN NaN NaN NaN NaN NaN NaN NaN NaN NaN NaN NaN NaN NaN NaN NaN NaN NaN NaN NaN NaN NaN NaN NaN NaN NaN NaN NaN NaN NaN NaN NaN NaN NaN NaN NaN"
General-3-20251226-15:26:32-111137,vector,AdhocNetwork1.host[0].rl,rlReward,,,"1 2 3 4 5 6 7 8 9 10 11 12 13 14 15 16 17 18 19 20 21 22 23 24 25 26 27 28 29 30 31 32 33 34 35 36 37 38 39 40 41 42 43 44 45 46 47 48 49 50","0.33333333333333 0 0.032956900667541 0.72087066271433 0.75426440806251 0.69536315486239 -0.65880599825622 -0.62168548229928 -0.6 -0.66376106304005 -0.62932481913196 0.017436367539643 0.055634081482617 0 0.081634788714434 -0.2 0.098363250273369 0.16946785437557 0.047459541020774 -0.031030552377399 0.15847833172158 0.79340355619349 0.78616863869114 0.80022677720012 -0.61071623828172 -0.53017127979031 -0.54844578224301 -0.54957305650789 -0.54096173640287 -0.60904429462766 -0.56767800482833 0.14745472000066 0.43730769529028 0.78248829714738 0.84748649938544 0.83414921923847 -0.59566377245885 -0.61536230106237 -0.56263127004358 -0.57408825452913 -0.56784809066579 0.42621530745021 0.39198238386492 0.43789147533662 0.43684886633648 0.39444164455744 0.43327127452989 0.38689342718089 0.42558089606579 0.42808813371455"
General-3-20251226-15:26:32-111137,vector,AdhocNetwork1.host[1].app[1],e2eDelayPeriodicSec,,,"1 2 3 4 5 6 7 8 9 10 11 12 13 14 15 16 17 18 19 20 21 22 23 24 25 26 27 28 29 30 31 32 33 34 35 36 37 38 39 40 41 42 43 44 45 46 47 48 49 50","NaN NaN NaN NaN NaN NaN NaN NaN NaN NaN NaN NaN NaN NaN NaN NaN NaN NaN NaN NaN NaN NaN NaN NaN NaN NaN NaN NaN NaN NaN NaN NaN NaN NaN NaN NaN NaN NaN NaN NaN NaN NaN NaN NaN NaN NaN NaN NaN NaN NaN"
General-3-20251226-15:26:32-111137,vector,AdhocNetwork1.host[1].rl,rlReward,,,"1 2 3 4 5 6 7 8 9 10 11 12 13 14 15 16 17 18 19 20 21 22 23 24 25 26 27 28 29 30 31 32 33 34 35 36 37 38 39 40 41 42 43 44 45 46 47 48 49 50","0.33333333333333 0 0.05966367302808 0.74927542528879 0.77775056701648 0.74374293498743 0.22791635887629 -0.26315831525799 -0.068547267655149 -0.3 -0.24938982250247 0.73106939053316 0.35575815304814 -0.26434445245975 0.030257799010078 -0.27045368174687 -0.21908969695346 -0.22957126306165 -0.69591254987949 -0.66261323751869 -0.61541585794529 -0.67711950180617 -0.3 -0.29512632228191 -0.3 -0.28552898115934 -0.28519408701618 -0.66666666666667 -0.6856582608681 -0.64970020413641 -0.52740923217289 0.7570311703333 0.7382924976599 0.67514296898445 0.71852421299807 0.69031223691262 0.66666666666667 0.70283453489295 0.78670935654851 0.068157880462358 0.077809256735801 0.057683221440324 0.66666666666667 0.77033291963679 0.084148449599161 0.3 0.39777512738077 0.76550052711317 0.37600275410811 -0.63432933310884"
General-3-20251226-15:26:32-111137,vector,AdhocNetwork1.host[2].app[1],e2eDelayPeriodicSec,,,"1 2 3 4 5 6 7 8 9 10 11 12 13 14 15 16 17 18 19 20 21 22 23 24 25 26 27 28 29 30 31 32 33 34 35 36 37 38 39 40 41 42 43 44 45 46 47 48 49 50","NaN NaN NaN NaN NaN NaN NaN NaN NaN NaN NaN NaN NaN NaN NaN NaN NaN NaN NaN NaN NaN NaN NaN NaN NaN NaN NaN NaN NaN NaN NaN NaN NaN NaN NaN NaN NaN NaN NaN NaN NaN NaN NaN NaN NaN NaN NaN NaN NaN NaN"
General-3-20251226-15:26:32-111137,vector,AdhocNetwork1.host[2].rl,rlReward,,,"1 2 3 4 5 6 7 8 9 10 11 12 13 14 15 16 17 18 19 20 21 22 23 24 25 26 27 28 29 30 31 32 33 34 35 36 37 38 39 40 41 42 43 44 45 46 47 48 49 50","0.33333333333333 0 0.046959033979014 0.34467098620699 0.30669456922181 0 0.024167839200631 0.014390340234013 -0.66666666666667 -0.66051482562503 -0.66689411055269 0.1 0.20425133090924 0.16118536459415 0.19397950384915 0.10680066472684 0.15376842204373 0.51026854645278 0.1 0.1910952212466 -0.49898248861724 0.5 0.5 -0.072714534855497 -0.5 -0.47997604355259 -0.44167157897867 -0.090574796115499 -0.056962307403176 -0.08263478110883 -0.2918170893156 0.5579310883567 0.13166440695064 -0.5 -0.5 -0.45985308583319 -0.48152265012306 -0.43455471296251 -0.35205881264475 -0.41015730864379 -0.35297560363369 0.21420904233996 0 0.26537425642157 0.30562992267658 0.35253078384908 0.096696996851995 0.23312334879078 0.76247300625217 0.6816476110935"
General-3-20251226-15:26:32-111137,vector,AdhocNetwork1.host[3].app[1],e2eDelayPeriodicSec,,,"1 2 3 4 5 6 7 8 9 10 11 12 13 14 15 16 17 18 19 20 21 22 23 24 25 26 27 28 29 30 31 32 33 34 35 36 37 38 39 40 41 42 43 44 45 46 47 48 49 50","NaN NaN NaN NaN NaN NaN NaN NaN NaN NaN NaN NaN NaN NaN NaN NaN NaN NaN NaN NaN NaN NaN NaN NaN NaN NaN NaN NaN NaN NaN NaN NaN NaN NaN NaN NaN NaN NaN NaN NaN NaN NaN NaN NaN NaN NaN NaN NaN NaN NaN"
General-3-20251226-15:26:32-111137,vector,AdhocNetwork1.host[3].rl,rlReward,,,"1 2 3 4 5 6 7 8 9 10 11 12 13 14 15 16 17 18 19 20 21 22 23 24 25 26 27 28 29 30 31 32 33 34 35 36 37 38 39 40 41 42 43 44 45 46 47 48 49 50","0.33333333333333 0 0.11231668913941 0.70379455745138 0.66024091570655 -0.4789861525171 -0.5226403113953 -0.56038297769492 -0.57511476858315 -0.54389638139406 -0.50917395375949 0.68046966738068 0.0046899046158079 0.040226163637262 0.082085674091839 0 0.059502911743286 -0.63063622663968 0.017937325149122 0.2 0.085610013393828 0.66666666666667 0.72310285145477 0.31765238853287 0.1 -0.23518811514103 -0.24344413397955 -0.23653846587733 -0.24704583053109 -0.6458466852488 -0.68185620986795 0.39372930170179 0.80260774762334 0.73629588614828 0.41828017379564 0.41731604685128 0.31025983742315 0.40121668403746 0.42853254149533 0.39577812009543 0.42742956412886 0.41971755183077 0.32933574586377 0.4230259051144 -0.53222107141464 -0.63463749935556 -0.38486141041308 -0.559323901635 -0.34665894080977 -0.53880004957146"
General-3-20251226-15:26:32-111137,vector,AdhocNetwork1.host[4].app[1],e2eDelayPeriodicSec,,,"1 2 3 4 5 6 7 8 9 10 11 12 13 14 15 16 17 18 19 20 21 22 23 24 25 26 27 28 29 30 31 32 33 34 35 36 37 38 39 40 41 42 43 44 45 46 47 48 49 50","NaN NaN NaN NaN NaN NaN NaN NaN NaN NaN NaN NaN NaN NaN NaN NaN NaN NaN NaN NaN NaN NaN NaN NaN NaN NaN NaN NaN NaN NaN NaN NaN NaN NaN NaN NaN NaN NaN NaN NaN NaN NaN NaN NaN NaN NaN NaN NaN NaN NaN"
General-3-20251226-15:26:32-111137,vector,AdhocNetwork1.host[4].rl,rlReward,,,"1 2 3 4 5 6 7 8 9 10 11 12 13 14 15 16 17 18 19 20 21 22 23 24 25 26 27 28 29 30 31 32 33 34 35 36 37 38 39 40 41 42 43 44 45 46 47 48 49 50","0.33333333333333 0 0.018329999293773 0.1083828250195 0.070310603648547 0.062060353144858 0.085112234171639 0.033213909876686 0.029524480814112 0.087425336230546 0.022487445527954 0.043758592178617 0.10303624622233 0.043520908053878 0.75036884290481 0.049320396323161 0.058930517004691 0.052170843574894 0.040962047240368 -0.13747037041845 0.065259730761162 0.05408969304098 0.3 -0.66666666666667 -0.65497723813579 -0.7 -0.57928087372636 -0.66666666666667 -0.49068030792209 -0.61118427590379 -0.68380340182699 0.027201034860647 -0.14577921663689 0 0.088457907031599 -0.11709270139566 0.3 0.14606297318544 0.098320632639277 -0.097808536739723 0.078084045268421 0.37666375952573 0.017398030168041 0.29566380884055 -0.10449738109586 0.10398634518129 0.070736806910863 0.67379090912155 -0.2017476487607 -0.39842268206608"
General-3-20251226-15:26:32-111137,vector,AdhocNetwork1.host[5].app[1],e2eDelayPeriodicSec,,,"1 2 3 4 5 6 7 8 9 10 11 12 13 14 15 16 17 18 19 20 21 22 23 24 25 26 27 28 29 30 31 32 33 34 35 36 37 38 39 40 41 42 43 44 45 46 47 48 49 50","NaN NaN NaN NaN NaN NaN NaN NaN NaN NaN NaN NaN NaN NaN NaN NaN NaN NaN NaN NaN NaN NaN NaN NaN NaN NaN NaN NaN NaN NaN NaN NaN NaN NaN NaN NaN NaN NaN NaN NaN NaN NaN NaN NaN NaN NaN NaN NaN NaN NaN"
General-3-20251226-15:26:32-111137,vector,AdhocNetwork1.host[5].rl,rlReward,,,"1 2 3 4 5 6 7 8 9 10 11 12 13 14 15 16 17 18 19 20 21 22 23 24 25 26 27 28 29 30 31 32 33 34 35 36 37 38 39 40 41 42 43 44 45 46 47 48 49 50","0.33333333333333 0 0.11829972276374 0.1745769276085 0.14072398301595 0.034114614564533 0.19085881189928 0.057536935720423 0.16710479267422 0.056241527578494 0.013862728510121 0.011765138138136 0.048143030986934 0.047602226661608 0.043462764553886 0.044934573303312 0.70332231575429 -0.19449755681345 0.044842585256339 0.042634872132275 0.030560629354029 0.046038429865389 0.014455145642 0 0.04508352897143 0.058549254785098 0.002274964174052 0.012847336871712 0.035498091024887 0 0.34308860355556 -0.59643905469628 -0.61704012861359 -0.38319070596977 -0.58171027995504 -0.6627550780423 -0.59988128024708 -0.67164544360074 -0.60060665454381 -0.3671562049157 -0.59164118262206 -0.1917930888282 0.020702567673855 0.19238836669463 0.35650150059321 0.0084796638758388 -0.19930139539832 0.1 0.065448115808719 0.35837508772531"
General-3-20251226-15:26:32-111137,vector,AdhocNetwork1.host[6].app[1],e2eDelayPeriodicSec,,,"1 2 3 4 5 6 7 8 9 10 11 12 13 14 15 16 17 18 19 20 21 22 23 24 25 26 27 28 29 30 31 32 33 34 35 36 37 38 39 40 41 42 43 44 45 46 47 48 49 50","NaN 0.011963344062 0.011963344062 0.011963344062 NaN 0.006977759087 0.006977759087 0.006977759087 NaN 0.00635807788 0.00635807788 0.00635807788 NaN NaN NaN NaN NaN NaN NaN 0.013155795391 0.013155795391 0.013155795391 NaN NaN NaN NaN NaN NaN NaN NaN NaN NaN NaN NaN NaN NaN NaN NaN NaN NaN NaN NaN NaN NaN NaN NaN NaN NaN NaN NaN"
General-3-20251226-15:26:32-111137,vector,AdhocNetwork1.host[6].rl,rlReward,,,"1 2 3 4 5 6 7 8 9 10 11 12 13 14 15 16 17 18 19 20 21 22 23 24 25 26 27 28 29 30 31 32 33 34 35 36 37 38 39 40 41 42 43 44 45 46 47 48 49 50","0.33333333333333 0 0.028391319514372 0.77377778119043 0.77571286549973 0.010186585903532 0.0074149461114649 0.059664260075001 0 -0.63414967193921 -0.62215239458319 0.00045560771679798 0.081189344407313 0.056444148064535 0.0072694980236439 0.038700734581125 0.37376063225686 0.0069838853077029 0.044039494440685 0.020231258670884 -0.66666666666667 0.019506572409996 0.013499070160882 -0.2 0.026881107282713 0.70781579799028 0.72028387221954 0.67548967686742 0.75976729427747 0.55416216073379 0.70775586014718 0.75151582366693 0.073685416993709 0.097092629744188 0.12872869649485 0.09861276709139 0.096569347563118 0.11235329983761 0.25892597720354 0.42244731484306 0.42237851080344 0.39292613245632 0.34858665254687 0.42145860611412 0.39260848019139 0.37934639267912 -0.62199611540341 -0.65923447008145 -0.58730296171067 -0.58109707595504"
General-3-20251226-15:26:32-111137,vector,AdhocNetwork1.host[7].app[1],e2eDelayPeriodicSec,,,"1 2 3 4 5 6 7 8 9 10 11 12 13 14 15 16 17 18 19 20 21 22 23 24 25 26 27 28 29 30 31 32 33 34 35 36 37 38 39 40 41 42 43 44 45 46 47 48 49 50","NaN 0.011322580789 0.011322580789 0.011322580789 NaN NaN NaN NaN 0.00695795132 0.00695795132 0.00695795132 0.00695782767 0.00695782767 0.00695782767 NaN NaN 0.006617658589 0.006617658589 0.006617658589 0.006617544874 0.006617544874 0.006617544874 NaN 0.006937381861 0.006937381861 0.006937381861 NaN NaN NaN NaN NaN NaN 3.006137014689 3.006137014689 3.006137014689 NaN 0.006856946125 0.006856946125 0.006856946125 NaN NaN NaN 0.007436758155 0.007436758155 0.007436758155 NaN NaN 0.010621812969 0.010621812969 0.010621812969"
General-3-20251226-15:26:32-111137,vector,AdhocNetwork1.host[7].rl,rlReward,,,"1 2 3 4 5 6 7 8 9 10 11 12 13 14 15 16 17 18 19 20 21 22 23 24 25 26 27 28 29 30 31 32 33 34 35 36 37 38 39 40 41 42 43 44 45 46 47 48 49 50","0.33333333333333 0 0.13099022984275 0.038085657230294 0.076298188226415 0.12880750399695 0.11168651765202 0.080796435103649 0.055102634240939 0.11129857483879 0.10615349954449 0.10352868424835 0.3580725019299 0.1165481323911 0.11782501417426 0.039507790876619 0.073928884979919 0.068436032033049 0.059369848771476 0.045157983094578 0.11504736975692 0.19552072280906 0.034865729484792 -0.65578923678726 -0.66666666666667 -0.60424824830751 -0.64168059784351 -0.61861584219731 -0.58089112525047 -0.40558664801048 -0.7 -0.084386059062744 0.076259818933299 0.10534432465346 0.10839552089307 -0.066867292909534 0.30769203519872 0.37495852828744 0.2498607860276 0.060254437702095 0.64879956367655 0.041418638536244 -0.5 -0.33320846667631 -0.60554253120713 -0.55520386791824 -0.44514864543034 -0.66666666666667 -0.3816201953666 -0.5498607240206"
General-3-20251226-15:26:32-111137,vector,AdhocNetwork1.host[8].app[1],e2eDelayPeriodicSec,,,"1 2 3 4 5 6 7 8 9 10 11 12 13 14 15 16 17 18 19 20 21 22 23 24 25 26 27 28 29 30 31 32 33 34 35 36 37 38 39 40 41 42 43 44 45 46 47 48 49 50","NaN NaN NaN NaN NaN NaN NaN NaN NaN NaN NaN NaN NaN NaN NaN NaN NaN NaN NaN NaN NaN NaN NaN NaN NaN 3.02415740905 3.02415740905 3.02415740905 NaN NaN NaN NaN 3.025075210234 3.025075210234 3.025075210234 NaN NaN NaN NaN 3.008862803368 3.008862803368 3.008862803368 NaN 0.006477831466 0.006477831466 0.006477831466 0.006897673671 0.006897673671 0.006897673671 NaN"
General-3-20251226-15:26:32-111137,vector,AdhocNetwork1.host[8].rl,rlReward,,,"1 2 3 4 5 6 7 8 9 10 11 12 13 14 15 16 17 18 19 20 21 22 23 24 25 26 27 28 29 30 31 32 33 34 35 36 37 38 39 40 41 42 43 44 45 46 47 48 49 50","0.33333333333333 0 0.11863244832827 0.759530165255 0.71899377752361 -0.55485924302874 0.067988642115849 0.061240896210754 -0.56306342427078 -0.58320105655422 -0.55578447708333 0.10179914207157 0.070507016900788 0.10466085669324 0.11509067886369 0.030147672827931 0.072873857581112 -0.61679650258805 -0.59443771248309 -0.57447746790528 -0.58672173350978 0.15971255517046 0.1 0.10386380514273 0.57022864957301 0.59938392621531 -0.40567273358716 -0.44330846791632 -0.42349401373957 -0.46941381967679 -0.070632388998486 0.21000245182752 0.14941590893987 0.11107384173359 0.66499761070325 -0.12204562119447 0.2 -0.53846314160887 -0.49699963855116 -0.56119638294334 -0.52111370841248 0.0454458102969 0.7 0.75496908435559 0.32291219975492 0.30785282309751 0.35833383883458 0.3 0.76695195460857 0.77563656312454"
General-3-20251226-15:26:32-111137,vector,AdhocNetwork1.host[9].app[1],e2eDelayPeriodicSec,,,"1 2 3 4 5 6 7 8 9 10 11 12 13 14 15 16 17 18 19 20 21 22 23 24 25 26 27 28 29 30 31 32 33 34 35 36 37 38 39 40 41 42 43 44 45 46 47 48 49 50","NaN NaN NaN NaN NaN NaN NaN NaN NaN NaN NaN NaN NaN NaN NaN NaN NaN NaN NaN NaN NaN NaN NaN NaN NaN NaN NaN NaN NaN NaN NaN NaN NaN NaN NaN NaN NaN NaN NaN NaN NaN NaN NaN NaN NaN NaN NaN NaN NaN NaN"
General-3-20251226-15:26:32-111137,vector,AdhocNetwork1.host[9].rl,rlReward,,,"1 2 3 4 5 6 7 8 9 10 11 12 13 14 15 16 17 18 19 20 21 22 23 24 25 26 27 28 29 30 31 32 33 34 35 36 37 38 39 40 41 42 43 44 45 46 47 48 49 50","0.33333333333333 0.3 0.077437998548773 0.12701031780977 0.12619630767132 0.094434446237814 0.072645172542862 0.077818140656874 0.34342157382719 0.096649910947601 0.072324035289045 0.068371338913299 0.11088330159508 0.092241636965994 -0.61915678026055 -0.5696930378958 -0.36089695700486 -0.58245346850688 0.086603471858379 0.057856042479034 -0.22215722689234 -0.61496658068314 -0.6823823025927 -0.66666666666667 0.10403315329523 -0.25506153574888 -0.52417114255445 -0.59064126857904 -0.64736244683396 -0.63422712147322 0.0027279907996114 0.058083529881142 0.36105918729712 -0.1089372917261 0.075352994706485 0.20057147445056 0.044489861900398 -0.2 0.37337424142606 0.23015508860996 0.16289903737819 0.71115757019414 0.1 0.023321254145649 -0.083713708799169 -0.3 -0.076454373701065 0.0265064114443 -0.3877463570752 -0.7"
General-3-20251226-15:26:32-111137,vector,AdhocNetwork1.host[10].app[1],e2eDelayPeriodicSec,,,"1 2 3 4 5 6 7 8 9 10 11 12 13 14 15 16 17 18 19 20 21 22 23 24 25 26 27 28 29 30 31 32 33 34 35 36 37 38 39 40 41 42 43 44 45 46 47 48 49 50","NaN NaN NaN NaN NaN NaN NaN NaN NaN NaN NaN NaN NaN NaN NaN NaN NaN NaN NaN NaN NaN NaN NaN NaN NaN NaN NaN NaN NaN NaN NaN NaN NaN NaN NaN NaN NaN NaN NaN NaN NaN NaN NaN NaN NaN NaN NaN NaN NaN NaN"
General-3-20251226-15:26:32-111137,vector,AdhocNetwork1.host[10].rl,rlReward,,,"1 2 3 4 5 6 7 8 9 10 11 12 13 14 15 16 17 18 19 20 21 22 23 24 25 26 27 28 29 30 31 32 33 34 35 36 37 38 39 40 41 42 43 44 45 46 47 48 49 50","0.33333333333333 0 0.014728019299884 0.046854638883282 0.069522789870361 0.016008756657482 0.0065042977399123 0.052444240034728 0.0051284069423899 -0.64618955966132 -0.63365570378683 0.30417851599177 0.3432052670411 0.32277539729504 0.19241453800591 0.3 0.35211280904381 0.33017090009671 0.3 0.35728996456835 0.37328316160523 0.32286023489615 -0.7 -0.65799810126302 -0.68067371567862 -0.66084680490262 -0.64172690183679 -0.7 -0.63724303648134 -0.62836624459188 -0.26483272217426 0.78965405952586 -0.64295915133349 -0.69968528994451 -0.60827887728994 -0.65104365967113 -0.7 -0.41386872768034 -0.60396342338192 -0.56126483273282 -0.60553562142136 0.1 0.3 0.29073392640665 0.056960250783103 0.1 0.27924454391759 0.18247236913152 0.20006543093192 0.33042240424775"
General-3-20251226-15:26:32-111137,vector,AdhocNetwork1.host[11].app[1],e2eDelayPeriodicSec,,,"1 2 3 4 5 6 7 8 9 10 11 12 13 14 15 16 17 18 19 20 21 22 23 24 25 26 27 28 29 30 31 32 33 34 35 36 37 38 39 40 41 42 43 44 45 46 47 48 49 50","NaN NaN NaN NaN NaN NaN NaN NaN NaN NaN NaN NaN NaN NaN NaN NaN NaN NaN NaN NaN NaN NaN NaN NaN NaN NaN NaN NaN NaN NaN NaN NaN NaN NaN NaN NaN NaN NaN NaN NaN NaN NaN NaN NaN NaN NaN NaN NaN NaN NaN"
General-3-20251226-15:26:32-111137,vector,AdhocNetwork1.host[11].rl,rlReward,,,"1 2 3 4 5 6 7 8 9 10 11 12 13 14 15 16 17 18 19 20 21 22 23 24 25 26 27 28 29 30 31 32 33 34 35 36 37 38 39 40 41 42 43 44 45 46 47 48 49 50","0.33333333333333 0 0.076903431301352 0.8018005218303 0.37360654911991 0.10547075973361 -0.045532122277282 0.077509869373446 0.091112823186681 0.10414082357005 0.071130054896986 0.073974371615447 0.10624433005459 -0.57370211436652 -0.55833865672156 0.12803275663317 -0.57135047281738 -0.61709135583617 -0.57165786273994 -0.58758628814346 -0.55399162209649 0.079891027083927 0.046788431995508 0.67136506791758 0.078258215656723 0.038418808769372 0.35560035384064 -0.38863015516983 -0.63360834413833 -0.63001342330855 -0.57889453302229 0.015756281949411 0.34159875976241 0.022595143882917 0.7 0.7 0.73183663658075 0.73265268714199 0.76083880610364 0.7557078030209 0.60107903198589 0.37260378512767 0.33368634415458 0.34285647836098 0.34220084576799 0.3 0.34884625308333 0.3 0.38466574418614 0.35064722346506"
General-3-20251226-15:26:32-111137,vector,AdhocNetwork1.host[12].app[1],e2eDelayPeriodicSec,,,"1 2 3 4 5 6 7 8 9 10 11 12 13 14 15 16 17 18 19 20 21 22 23 24 25 26 27 28 29 30 31 32 33 34 35 36 37 38 39 40 41 42 43 44 45 46 47 48 49 50","NaN NaN NaN NaN NaN NaN NaN NaN NaN NaN NaN NaN NaN NaN NaN NaN NaN NaN NaN NaN NaN NaN NaN NaN NaN NaN NaN NaN NaN NaN NaN NaN NaN NaN NaN NaN NaN NaN NaN NaN NaN NaN NaN NaN NaN NaN NaN NaN NaN NaN"
General-3-20251226-15:26:32-111137,vector,AdhocNetwork1.host[12].rl,rlReward,,,"1 2 3 4 5 6 7 8 9 10 11 12 13 14 15 16 17 18 19 20 21 22 23 24 25 26 27 28 29 30 31 32 33 34 35 36 37 38 39 40 41 42 43 44 45 46 47 48 49 50","0.33333333333333 0 0.056424800654571 0.052303087031531 0.025325574298723 0.040884769795701 0 0.029181429112193 0.089945080414384 0.065376361679784 0.10507233272184 0.078545432131542 0.06936908905077 0.10229819033499 0.10831932447292 -0.65675763063545 -0.60543297275861 0.012502361252247 -0.54039161502082 -0.65930067220311 -0.33903332289883 0 0.052100238569501 0.050974241364289 0.16817068729083 0.085901813909356 0.22779302927748 0.056198930963934 0.27854348480012 0.23333603955184 0.24160348168891 0.22577565727056 0.11131494086096 0.1602401402209 0.19564726906002 0.1778047769609 0.11854940087771 0.1 0.24286970443151 0.30328666440718 0.31500427277756 -0.11859210641205 0.1 0.32844383167116 0.35650568957707 0.22305645427446 0.35325348794955 0.25819259249738 0.26338967806235 0.25898583573661"
General-3-20251226-15:26:32-111137,vector,AdhocNetwork1.host[13].app[1],e2eDelayPeriodicSec,,,"1 2 3 4 5 6 7 8 9 10 11 12 13 14 15 16 17 18 19 20 21 22 23 24 25 26 27 28 29 30 31 32 33 34 35 36 37 38 39 40 41 42 43 44 45 46 47 48 49 50","NaN NaN NaN NaN NaN NaN NaN NaN NaN NaN NaN NaN NaN NaN NaN NaN NaN NaN NaN NaN NaN NaN NaN NaN NaN NaN NaN NaN NaN NaN NaN NaN NaN NaN NaN NaN NaN NaN NaN NaN NaN NaN NaN NaN NaN NaN NaN NaN NaN NaN"
General-3-20251226-15:26:32-111137,vector,AdhocNetwork1.host[13].rl,rlReward,,,"1 2 3 4 5 6 7 8 9 10 11 12 13 14 15 16 17 18 19 20 21 22 23 24 25 26 27 28 29 30 31 32 33 34 35 36 37 38 39 40 41 42 43 44 45 46 47 48 49 50","0.33333333333333 0 0.085254129140142 0.11112037571526 0.025924747479807 0.015592254037914 0.38674928889329 0.066567801489228 0.063674824985112 0.11393937759137 -0.59015421541887 0.056813519730539 0.11946157080368 0.092315367138348 0.087650600127963 -0.46304377759041 -0.55505723585553 -0.62395373296901 -0.6080517166598 -0.32972207496455 -0.48121658315164 0.41470939435733 0.10502029641349 -0.20455198664218 -0.17319831485021 -0.18524488643171 -0.59966701050295 -0.30042695666125 -0.52951636503902 -0.42920657619937 -0.64400643271512 0.0716025337101 0.056947519955482 0.057364698539917 0.36741161154037 -0.65345577793138 -0.59370404632397 -0.66666666666667 -0.7 -0.1 -0.61234299671396 0.3 0 -0.088344526333821 0.15321402463777 0 0.37263917818789 0 0.1691957104259 0.32721551980342"
General-3-20251226-15:26:32-111137,vector,AdhocNetwork1.host[14].app[1],e2eDelayPeriodicSec,,,"1 2 3 4 5 6 7 8 9 10 11 12 13 14 15 16 17 18 19 20 21 22 23 24 25 26 27 28 29 30 31 32 33 34 35 36 37 38 39 40 41 42 43 44 45 46 47 48 49 50","NaN NaN NaN NaN NaN NaN NaN NaN NaN NaN NaN NaN NaN NaN NaN NaN NaN NaN NaN NaN NaN NaN NaN NaN NaN NaN NaN NaN NaN NaN NaN NaN NaN NaN NaN NaN NaN NaN NaN NaN NaN NaN NaN NaN NaN NaN NaN NaN NaN NaN"
General-3-20251226-15:26:32-111137,vector,AdhocNetwork1.host[14].rl,rlReward,,,"1 2 3 4 5 6 7 8 9 10 11 12 13 14 15 16 17 18 19 20 21 22 23 24 25 26 27 28 29 30 31 32 33 34 35 36 37 38 39 40 41 42 43 44 45 46 47 48 49 50","0.33333333333333 0 -0.64367357374899 -0.57633933263759 -0.59215505667599 -0.40401258132672 -0.5087039942183 -0.60230001819827 -0.52842647623412 -0.37143463132182 -0.5533857595075 0.35537084248291 0.42306093950376 0.37871143874992 0.41322487577941 0.38013693170367 0.38757650480165 0.40276142990875 0.39418695538675 0.11460443398253 0.40749115633677 0.40472077686166 -0.68885680059299 -0.65666172856412 -0.6246689883865 -0.68478663524554 -0.63393075749409 -0.65164620131972 -0.65921202733052 -0.6758153940043 0.059527959678768 -0.24156763239365 0.083684328894905 -0.24188178496614 -0.62442847670503 -0.28119418895735 -0.1 -0.3 -0.42975687373219 -0.29931185271784 -0.60489752433953 0.096700522576104 0.33765989764434 0.19392997565557 -0.10685698185027 0.32882456356516 0.11560760206382 0.60072845038099 0.3985770584285 0.15090922579635"
General-3-20251226-15:26:32-111137,vector,AdhocNetwork1.host[15].app[1],e2eDelayPeriodicSec,,,"1 2 3 4 5 6 7 8 9 10 11 12 13 14 15 16 17 18 19 20 21 22 23 24 25 26 27 28 29 30 31 32 33 34 35 36 37 38 39 40 41 42 43 44 45 46 47 48 49 50","NaN NaN NaN NaN NaN NaN NaN NaN NaN NaN NaN NaN NaN NaN NaN NaN NaN NaN NaN NaN NaN NaN NaN NaN NaN NaN NaN NaN NaN NaN NaN NaN NaN NaN NaN NaN NaN NaN NaN NaN NaN NaN NaN NaN NaN NaN NaN NaN NaN NaN"
General-3-20251226-15:26:32-111137,vector,AdhocNetwork1.host[15].rl,rlReward,,,"1 2 3 4 5 6 7 8 9 10 11 12 13 14 15 16 17 18 19 20 21 22 23 24 25 26 27 28 29 30 31 32 33 34 35 36 37 38 39 40 41 42 43 44 45 46 47 48 49 50","0.33333333333333 0 0.093631655819569 0.70829270647817 0.72813684770668 -0.58022224194607 -0.66666666666667 -0.6057424781443 -0.57666848022878 -0.63040100363284 -0.58842442053114 0.096762388151858 0.3 0.37493154543532 0.40197001087538 0.33852596609944 0.40100825723447 0.36765182938419 0.33879337694002 0.3758965746626 0.40231416250515 -0.16054962549115 0.0050116427191557 0.32159217584766 0.31431504816788 0.35803595632467 0.34995514257567 -0.28848748832948 -0.2784833955853 -0.26477117721808 -0.3 0.77564782076553 -0.23844287753162 -0.29932616928871 -0.21739882977385 -0.2407050252273 -0.3 -0.62917447377969 -0.54696304135838 -0.63736646960899 -0.22944191981805 0.77411057849587 0.6 0.79369806457045 0.37696980333761 0.33655669090059 0.37894466159335 0.33365088724901 0.34201079406765 0.37143032972124"
General-3-20251226-15:26:32-111137,vector,AdhocNetwork1.host[16].app[1],e2eDelayPeriodicSec,,,"1 2 3 4 5 6 7 8 9 10 11 12 13 14 15 16 17 18 19 20 21 22 23 24 25 26 27 28 29 30 31 32 33 34 35 36 37 38 39 40 41 42 43 44 45 46 47 48 49 50","NaN NaN NaN NaN NaN NaN NaN NaN NaN NaN NaN NaN NaN NaN NaN NaN NaN NaN NaN NaN NaN NaN NaN NaN NaN NaN NaN NaN NaN NaN NaN NaN NaN NaN NaN NaN NaN NaN NaN NaN NaN NaN NaN NaN NaN NaN NaN NaN NaN NaN"
General-3-20251226-15:26:32-111137,vector,AdhocNetwork1.host[16].rl,rlReward,,,"1 2 3 4 5 6 7 8 9 10 11 12 13 14 15 16 17 18 19 20 21 22 23 24 25 26 27 28 29 30 31 32 33 34 35 36 37 38 39 40 41 42 43 44 45 46 47 48 49 50","0.33333333333333 0 0 0.019475991233228 0.013599571627779 0.002296274158235 0 0.024074118965546 0.01309479844342 0.02907248555004 0.014992791039255 0.31854474807874 0.3274649277429 0.30665117519326 0.3 0.31879433476934 0.31930854083035 0.30661549844383 0.3 0.31991164080958 0.31903832323027 0.32795849172909 0.3 0.3 0.34214545336531 -0.16161101480591 0.30339293827478 0.33839813074762 0.34411403908699 0.3 0.3 0.33340954969547 0.3 0.31505061872627 0.34959262263645 0.72071426289888 0.31436768074732 0.3 0.30082580484213 0.3183837388333 0.010136839576508 0.3 0.31886268088099 0.39329030473027 0.35259225336318 0.041181220454799 0.77495623115722 0.3 0.38211684358887 0.38459462975036"
General-3-20251226-15:26:32-111137,vector,AdhocNetwork1.host[17].app[1],e2eDelayPeriodicSec,,,"1 2 3 4 5 6 7 8 9 10 11 12 13 14 15 16 17 18 19 20 21 22 23 24 25 26 27 28 29 30 31 32 33 34 35 36 37 38 39 40 41 42 43 44 45 46 47 48 49 50","NaN NaN NaN NaN NaN NaN NaN NaN NaN NaN NaN NaN NaN NaN NaN NaN NaN NaN NaN NaN NaN NaN NaN NaN NaN NaN NaN NaN NaN NaN NaN NaN NaN NaN NaN NaN NaN NaN NaN NaN NaN NaN NaN NaN NaN NaN NaN NaN NaN NaN"
General-3-20251226-15:26:32-111137,vector,AdhocNetwork1.host[17].rl,rlReward,,,"1 2 3 4 5 6 7 8 9 10 11 12 13 14 15 16 17 18 19 20 21 22 23 24 25 26 27 28 29 30 31 32 33 34 35 36 37 38 39 40 41 42 43 44 45 46 47 48 49 50","0.33333333333333 0 0.018436452746982 0.097101235409359 0.072578380256564 0.05655465737312 0.086203862556324 0.054656415481728 0 0.059796368800581 0 0.026313907520247 0.053798419650959 0.052111705612767 0.052187145746023 0.012011386176601 0.020399935344394 0 0.3 0.31040880296137 0.32621974017866 0.050859790934582 0.3 -0.2 0.35136484858918 0.35665447941351 0.34983884901401 0.35619284492681 0.33408750359015 0.33796050964513 0.33229617945703 0.081259391535269 0.36170819615566 0.309297002368 0.35418026521819 0.37995075149061 0.31667631380004 0.048747836051668 0.36924432946675 0.33166774471987 0.33550696373153 0.31839955886813 0.3 0.38004442857499 0.40429637389 0.37322278307888 0.34331427465152 0.34370783197526 0.40624701346763 0.41988871718689"
General-3-20251226-15:26:32-111137,vector,AdhocNetwork1.host[18].app[1],e2eDelayPeriodicSec,,,"1 2 3 4 5 6 7 8 9 10 11 12 13 14 15 16 17 18 19 20 21 22 23 24 25 26 27 28 29 30 31 32 33 34 35 36 37 38 39 40 41 42 43 44 45 46 47 48 49 50","NaN NaN NaN NaN NaN NaN NaN NaN NaN NaN NaN NaN NaN NaN NaN NaN NaN NaN NaN NaN NaN NaN NaN NaN NaN NaN NaN NaN NaN NaN NaN NaN NaN NaN NaN NaN NaN NaN NaN NaN NaN NaN NaN NaN NaN NaN NaN NaN NaN NaN"
General-3-20251226-15:26:32-111137,vector,AdhocNetwork1.host[18].rl,rlReward,,,"1 2 3 4 5 6 7 8 9 10 11 12 13 14 15 16 17 18 19 20 21 22 23 24 25 26 27 28 29 30 31 32 33 34 35 36 37 38 39 40 41 42 43 44 45 46 47 48 49 50","0.33333333333333 0 0.060853456300428 0.14099687965516 0.10234767593898 0.091492072604611 0.1029396854442 0.053999039487761 -0.12313425462982 0.10362788153755 0.078857784024698 0.065671357087022 0.13461384643667 0.12156477092547 0.09881955402771 0.14877536385694 0.13362732046631 0.11000847255311 0.1315621832267 0.12062210442351 0.12648177511804 0.12396479197769 0.086655686737746 0.026883309809851 0.13719762253124 0.099219339738543 0.10741732666438 0.13628309988829 0.14466275056632 0.077090557359996 0.097634690430218 -0.073801243435314 0.09675794507939 0.10803742298205 0.10253035497075 0.065007067226053 0.070191004863782 0.071690974474646 0.073665218680563 0.09106774973372 0.10032711520624 0.051399179960381 0.026775883979863 0.046025661022206 0.048182138873905 0.011216211844769 0 0 0.076389273593609 0.021540665609872"
General-3-20251226-15:26:32-111137,vector,AdhocNetwork1.host[19].app[1],e2eDelayPeriodicSec,,,"1 2 3 4 5 6 7 8 9 10 11 12 13 14 15 16 17 18 19 20 21 22 23 24 25 26 27 28 29 30 31 32 33 34 35 36 37 38 39 40 41 42 43 44 45 46 47 48 49 50","NaN NaN NaN NaN NaN NaN NaN NaN NaN NaN 0.011650863326 0.011650863326 0.011650863326 0.007137509463 0.007137509463 0.007137509463 NaN NaN 0.006157667128 0.006157667128 0.006157667128 NaN NaN 0.006837979804 0.006837979804 0.006837979804 0.006338266808 0.006338266808 0.006338266808 NaN NaN NaN NaN NaN NaN NaN NaN NaN NaN NaN NaN NaN NaN NaN NaN NaN NaN NaN NaN NaN"
General-3-20251226-15:26:32-111137,vector,AdhocNetwork1.host[19].rl,rlReward,,,"1 2 3 4 5 6 7 8 9 10 11 12 13 14 15 16 17 18 19 20 21 22 23 24 25 26 27 28 29 30 31 32 33 34 35 36 37 38 39 40 41 42 43 44 45 46 47 48 49 50","0.33333333333333 0 0 0.71498265744845 0.71978352231901 0.039674934338935 0.043733080981048 0.06058514353579 0.018701313546907 0.039382473688452 0.013508296383539 0.028739526813521 0.34585679697691 0.060094845932486 0.033921311678548 0.0046410288854458 0.07577131855125 0.065430181149282 0.017250388292831 0.022050072207545 0.014845747757615 0.054032783690219 0.033072456746448 0.66666666666667 0.10532673671152 0.11460467582538 -0.55519437877714 -0.60483801332344 -0.52725203088783 -0.54733419719431 -0.54908305822575 0.13737556545673 0.13758857295551 0.16678719452247 0.17619426374984 0.1394517081853 0.16859637995466 0.14932986926832 0.15356881957126 0.18009190761994 0.17122745070937 0.15441532424367 0.80820530200517 0.16458092020534 0.1642106586615 0.14584782919089 0.13537271210904 0.095731067886881 0.14871053987974 0.081932861515064"
General-3-20251226-15:26:32-111137,vector,AdhocNetwork1.host[20].app[1],e2eDelayPeriodicSec,,,"1 2 3 4 5 6 7 8 9 10 11 12 13 14 15 16 17 18 19 20 21 22 23 24 25 26 27 28 29 30 31 32 33 34 35 36 37 38 39 40 41 42 43 44 45 46 47 48 49 50","NaN NaN NaN NaN NaN NaN NaN NaN NaN NaN NaN NaN NaN NaN NaN NaN NaN NaN NaN NaN NaN NaN NaN NaN NaN NaN NaN NaN NaN NaN NaN NaN NaN NaN NaN NaN NaN NaN NaN NaN NaN NaN NaN NaN NaN NaN NaN NaN NaN NaN"
General-3-20251226-15:26:32-111137,vector,AdhocNetwork1.host[20].rl,rlReward,,,"1 2 3 4 5 6 7 8 9 10 11 12 13 14 15 16 17 18 19 20 21 22 23 24 25 26 27 28 29 30 31 32 33 34 35 36 37 38 39 40 41 42 43 44 45 46 47 48 49 50","0.33333333333333 0 0.083418536250718 0.091448690958403 0.053060803125375 0.0016604247788687 0.089008531164523 0.02962757079346 -0.66666666666667 -0.62151885761131 -0.61672371677015 -0.3 -0.41322294071353 -0.6525719806027 -0.53652391461161 -0.57110676716526 -0.61727682600868 -0.44953770575049 -0.52681935979414 -0.59104460862777 -0.62416271799267 0.00020128917315759 0.30368888848913 0.5 0.64118918692774 0.66395251661294 -0.26622749052796 -0.38315704011079 -0.37522407738767 -0.59617367024842 -0.45053748718951 -0.7 -0.6039709369484 -0.39319667562401 0.24931917737333 -0.66666666666667 -0.7 -0.3276217876278 -0.43019780736216 -0.60610129735288 -0.32588979564875 -0.037940151376945 0.36145352333217 -0.021832173497926 -0.035589994983911 0.1432030451262 0.098280512491885 0.35188964319415 0.3226100992747 0.093935709042732"
General-3-20251226-15:26:32-111137,vector,AdhocNetwork1.host[21].app[1],e2eDelayPeriodicSec,,,"1 2 3 4 5 6 7 8 9 10 11 12 13 14 15 16 17 18 19 20 21 22 23 24 25 26 27 28 29 30 31 32 33 34 35 36 37 38 39 40 41 42 43 44 45 46 47 48 49 50","NaN NaN NaN NaN 3.02373511141 3.02373511141 3.02373511141 NaN NaN NaN NaN NaN NaN NaN NaN NaN NaN NaN NaN NaN NaN NaN NaN NaN NaN NaN NaN 3.014697669797 3.014697669797 3.014697669797 NaN NaN NaN NaN 0.009546851678 0.009546851678 0.009546851678 NaN 0.009279587238 0.009279587238 0.009279587238 NaN 0.006717621952 0.006717621952 0.006717621952 NaN NaN NaN NaN NaN"
General-3-20251226-15:26:32-111137,vector,AdhocNetwork1.host[21].rl,rlReward,,,"1 2 3 4 5 6 7 8 9 10 11 12 13 14 15 16 17 18 19 20 21 22 23 24 25 26 27 28 29 30 31 32 33 34 35 36 37 38 39 40 41 42 43 44 45 46 47 48 49 50","0.33333333333333 0 0.40938193719064 0.4047926631335 0.3838666238392 0.40766262577838 0.38742321096293 0.3555086038859 -0.19877717860213 -0.21368434060537 -0.19167903630727 0.39572880176075 0.37834655950151 0.40174435781869 0.40799992465318 0.35399691066028 -0.61465038086866 -0.62433759108114 -0.35321895246274 -0.62117367789756 -0.19462414717622 0.33656161263 0.32259111913098 0.30605230002007 0.31291791102584 -0.14528536280289 -0.26114491529111 -0.098145820590784 -0.29143334193782 -0.7 -0.7 0.076654427152735 0.030749152545641 -0.26844269415126 -0.22713094871239 -0.61662949576299 -0.68868134997677 -0.7 -0.5937711567985 -0.63197810193323 -0.5973131348153 0.38242246741384 0.3 0.34445822065171 0.39231689796837 0.3130579472929 0.38827043959809 0.33479144069783 0.38556748054948 0.38186472767869"
General-3-20251226-15:26:32-111137,vector,AdhocNetwork1.host[22].app[1],e2eDelayPeriodicSec,,,"1 2 3 4 5 6 7 8 9 10 11 12 13 14 15 16 17 18 19 20 21 22 23 24 25 26 27 28 29 30 31 32 33 34 35 36 37 38 39 40 41 42 43 44 45 46 47 48 49 50","NaN NaN NaN NaN NaN NaN NaN NaN NaN NaN NaN NaN NaN NaN NaN NaN NaN NaN NaN NaN NaN NaN NaN NaN NaN NaN NaN NaN NaN NaN NaN NaN NaN NaN NaN NaN NaN NaN NaN NaN NaN NaN NaN NaN NaN NaN NaN NaN NaN NaN"
General-3-20251226-15:26:32-111137,vector,AdhocNetwork1.host[22].rl,rlReward,,,"1 2 3 4 5 6 7 8 9 10 11 12 13 14 15 16 17 18 19 20 21 22 23 24 25 26 27 28 29 30 31 32 33 34 35 36 37 38 39 40 41 42 43 44 45 46 47 48 49 50","0.33333333333333 0 0.020614031905956 0.76033852119383 0.72962617551649 -0.64820766143297 -0.61110806140259 -0.61338834778362 -0.62178353856533 -0.6125975670512 -0.66546406901069 0 0.40178229208204 0.38429825974734 0.36353438270653 0.40465893342902 0.39419294062783 0.35988714783177 0.38137151731501 0.78992313797844 0.37409893234592 0.36765818276874 0.35696448584618 0.31142773794562 0.39012951143568 0.37705713458029 -0.64775917349846 -0.61363142543567 -0.57958455111739 -0.66587892415931 -0.64098954070825 0.30982512240803 0.067066430283097 0.32814267881504 0.3013416211457 0.3 0.33450744220811 0.41121687083123 0.40294361106323 0.42711766410625 0.43754841887103 0.424331597424 0.41340977742511 0.43928634001287 0.42544923804752 0.41674002105984 0.4203560712722 0.36800713178993 0.41746544167498 0.41510202876685"
General-3-20251226-15:26:32-111137,vector,AdhocNetwork1.host[23].app[1],e2eDelayPeriodicSec,,,"1 2 3 4 5 6 7 8 9 10 11 12 13 14 15 16 17 18 19 20 21 22 23 24 25 26 27 28 29 30 31 32 33 34 35 36 37 38 39 40 41 42 43 44 45 46 47 48 49 50","NaN NaN NaN NaN 3.01233274532 3.01233274532 3.01233274532 NaN 0.006896620133 0.006896620133 0.006896620133 NaN NaN 0.00625703558 0.00625703558 0.00625703558 0.006717391004 0.006717391004 0.006717391004 NaN NaN NaN NaN 0.011198408048 0.011198408048 0.011198408048 NaN NaN NaN NaN NaN 3.01188799351 3.01188799351 3.01188799351 NaN 0.013837681488 0.013837681488 0.013837681488 NaN NaN NaN NaN NaN NaN NaN NaN NaN NaN NaN NaN"
General-3-20251226-15:26:32-111137,vector,AdhocNetwork1.host[23].rl,rlReward,,,"1 2 3 4 5 6 7 8 9 10 11 12 13 14 15 16 17 18 19 20 21 22 23 24 25 26 27 28 29 30 31 32 33 34 35 36 37 38 39 40 41 42 43 44 45 46 47 48 49 50","0.33333333333333 0 0.13218882824779 0.7933059126304 0.70252255740216 0.797818022742 0.069704377107728 -0.60500026316477 -0.45033362591138 -0.57303268966219 -0.60495350425812 0.2746537039016 0.28693398963301 0.044319417442498 0.11597894270343 -0.63609854768316 -0.57907821791557 -0.60403095478933 -0.58213804436242 -0.60884316894985 -0.54461479558784 0.061693765472398 0.0043576332713027 0.029433162451658 -0.64504495392428 -0.63750921168163 -0.66666666666667 -0.66666666666667 -0.56868771613987 -0.65852398565307 -0.44982960222508 0.044378588614541 0.058755726700197 0.19174107689823 -0.12745904383 0.063436287818982 0.32397243568638 0.12105417833614 0.10332716376396 -0.36767621909685 -0.52624335935947 0.33813348518643 0 0.39044698279591 0.35285377968996 0.3 0.40942445757924 0.33203454369903 0.36896665388096 0.3660172190984"
General-3-20251226-15:26:32-111137,vector,AdhocNetwork1.host[24].app[1],e2eDelayPeriodicSec,,,"1 2 3 4 5 6 7 8 9 10 11 12 13 14 15 16 17 18 19 20 21 22 23 24 25 26 27 28 29 30 31 32 33 34 35 36 37 38 39 40 41 42 43 44 45 46 47 48 49 50","NaN NaN NaN NaN NaN NaN NaN NaN NaN NaN NaN NaN NaN NaN NaN NaN NaN NaN NaN NaN NaN NaN NaN NaN NaN NaN NaN NaN NaN NaN NaN NaN NaN NaN NaN NaN NaN NaN NaN NaN NaN NaN NaN NaN NaN NaN NaN NaN NaN 0.019416172893"
General-3-20251226-15:26:32-111137,vector,AdhocNetwork1.host[24].rl,rlReward,,,"1 2 3 4 5 6 7 8 9 10 11 12 13 14 15 16 17 18 19 20 21 22 23 24 25 26 27 28 29 30 31 32 33 34 35 36 37 38 39 40 41 42 43 44 45 46 47 48 49 50","0.33333333333333 0 0.12172978982218 0.10850834859097 0.098230298766776 0.034458577839689 0.10316487023364 0.07852686767461 0 0.04215104420882 0.066799958869603 0.00037323050178745 0.11254264989874 0.10039995796815 0.078148105153898 0.076968653957434 -0.56419150683081 -0.58047627312054 -0.55463100397262 -0.34544810607724 -0.63082576372188 -0.041979154714379 0.096127698593606 0.16799087605423 -0.03950583117187 0.14888582646852 0.26020497185895 0.30560291665985 0.30845576458615 0.26007708844448 0.30334917594407 0.32070097578697 0.71606980824599 0.34541012434427 0.34657092662736 0.31738835945337 0.34625544464681 0.3196756421616 0.31383912767831 0.35019873863667 0.33978795561434 0.30902794680162 0.32448682302551 0.33119092751762 0.33142751900987 0.30682974285358 0.28702549343703 0.22388628379605 0.29632958418916 0.24834582625047"
General-4-20251226-15:26:32-111136,vector,AdhocNetwork1.host[0].app[1],e2eDelayPeriodicSec,,,"1 2 3 4 5 6 7 8 9 10 11 12 13 14 15 16 17 18 19 20 21 22 23 24 25 26 27 28 29 30 31 32 33 34 35 36 37 38 39 40 41 42 43 44 45 46 47 48 49 50","NaN NaN NaN NaN NaN NaN NaN NaN NaN NaN NaN NaN NaN NaN NaN NaN NaN NaN NaN NaN NaN 12.86112273273 12.86112273273 12.86112273273 NaN NaN NaN NaN NaN NaN NaN NaN NaN NaN NaN NaN NaN NaN NaN NaN NaN NaN NaN NaN NaN NaN NaN NaN NaN NaN"
General-4-20251226-15:26:32-111136,vector,AdhocNetwork1.host[0].rl,rlReward,,,"1 2 3 4 5 6 7 8 9 10 11 12 13 14 15 16 17 18 19 20 21 22 23 24 25 26 27 28 29 30 31 32 33 34 35 36 37 38 39 40 41 42 43 44 45 46 47 48 49 50","0.33333333333333 0 0.3 0.38158529439527 0.37284056691354 0.39051699094386 0.35946327511016 0.38191987889516 -0.26269859943126 -0.21011450645587 -0.20606320080292 -0.63387431330678 -0.5342287158593 -0.54846462469596 -0.21981176467965 -0.0052407755295024 0.33468349811995 -0.50638625825538 -0.43841757183977 -0.36304803333715 -0.44471041718479 0.11325961131211 0.39503194333295 0.32034748471593 0.40197258157719 0.4039557169599 0.38708764429682 0.37716067787708 0.40137402347929 0.71484890214314 0.81520823034105 0.32173284254241 0.31490606077792 0.34978767202093 0.35033587666119 0.76549663076941 0.7806234318634 0.34092490145375 0.30841729760859 0.38361172534465 0.39819940067492 0.31673693680904 0.35280809891112 0.34291316132526 -0.68050678004897 -0.64505103439725 -0.67974844178591 -0.7 -0.5825848610891 -0.57010022673992"
General-4-20251226-15:26:32-111136,vector,AdhocNetwork1.host[1].app[1],e2eDelayPeriodicSec,,,"1 2 3 4 5 6 7 8 9 10 11 12 13 14 15 16 17 18 19 20 21 22 23 24 25 26 27 28 29 30 31 32 33 34 35 36 37 38 39 40 41 42 43 44 45 46 47 48 49 50","NaN NaN NaN NaN NaN NaN NaN NaN NaN NaN NaN NaN NaN NaN NaN NaN 6.013785198795 6.013785198795 6.013785198795 NaN NaN NaN NaN NaN NaN NaN NaN NaN NaN NaN NaN NaN NaN NaN NaN NaN NaN NaN NaN NaN NaN NaN NaN NaN NaN NaN NaN NaN NaN NaN"
General-4-20251226-15:26:32-111136,vector,AdhocNetwork1.host[1].rl,rlReward,,,"1 2 3 4 5 6 7 8 9 10 11 12 13 14 15 16 17 18 19 20 21 22 23 24 25 26 27 28 29 30 31 32 33 34 35 36 37 38 39 40 41 42 43 44 45 46 47 48 49 50","0.33333333333333 0 0 -0.2 0 0.014615725416019 0.010673233713751 0.0046915856508635 0.037631394140211 0.00023644626372937 0 0.077290998094507 0.34708264909488 0.35607279292842 0.3 0.30808775749853 0.31276253299994 0.32911344385642 0.3702928713143 0.35605120381907 0.35145518287091 0.3 0.30664069845984 0.3 0.30460970069554 0.34561141283741 0.32263007932929 -0.67207564114358 -0.69912198869487 -0.7 -0.62527042567761 0.31630528963361 0.3 0.32838212550396 0.36011568759551 0.36513327329621 0.34474601021871 0.39797640054811 0.36909000883352 -0.6677996230736 -0.6407187330422 0.36787709434651 0.3 0.36316510120439 0.32376242558043 0.3 0.34138617615075 0.71612050172377 -0.7 -0.66305341917264"
General-4-20251226-15:26:32-111136,vector,AdhocNetwork1.host[2].app[1],e2eDelayPeriodicSec,,,"1 2 3 4 5 6 7 8 9 10 11 12 13 14 15 16 17 18 19 20 21 22 23 24 25 26 27 28 29 30 31 32 33 34 35 36 37 38 39 40 41 42 43 44 45 46 47 48 49 50","NaN NaN NaN NaN NaN NaN NaN NaN NaN NaN NaN NaN NaN NaN NaN NaN NaN NaN NaN NaN NaN NaN NaN NaN NaN NaN NaN NaN NaN NaN NaN NaN NaN NaN NaN NaN NaN NaN NaN NaN NaN NaN NaN NaN NaN NaN NaN NaN NaN NaN"
General-4-20251226-15:26:32-111136,vector,AdhocNetwork1.host[2].rl,rlReward,,,"1 2 3 4 5 6 7 8 9 10 11 12 13 14 15 16 17 18 19 20 21 22 23 24 25 26 27 28 29 30 31 32 33 34 35 36 37 38 39 40 41 42 43 44 45 46 47 48 49 50","0.33333333333333 0 0 0.7155242136738 0.726006186762 -0.64208878587356 -0.66951125490537 -0.63563532981291 -0.7 -0.69785815313292 -0.61060530058729 0.35798338662211 0.081709085364383 0.77676350181729 0.66298823054421 0.62490209366702 0.640108198583 0.65159125196758 0.70493785860915 0.71321686642528 -0.29544004381384 0.30747016048712 -0.056306254368274 0.093338514502755 0.32614917680227 0.13535145812766 0.13109312620675 0.15103632475835 0.14414218895791 0.10029919096124 0.15609048030603 0.1485626450129 0.13244416065809 0.13908352996208 0.15796817569222 0.16407445056403 0.15056732263601 0.15904345561107 0.15915282506254 0.14799714059248 0.16626183967579 0.15379372173871 0.14176308162398 0.16046525852968 0.14307551509103 0.14887209623724 0.13159043555477 0.12979420308419 0.1546686773834 0.44924192566809"
General-4-20251226-15:26:32-111136,vector,AdhocNetwork1.host[3].app[1],e2eDelayPeriodicSec,,,"1 2 3 4 5 6 7 8 9 10 11 12 13 14 15 16 17 18 19 20 21 22 23 24 25 26 27 28 29 30 31 32 33 34 35 36 37 38 39 40 41 42 43 44 45 46 47 48 49 50","NaN NaN NaN NaN NaN NaN NaN NaN NaN NaN NaN NaN NaN NaN NaN NaN NaN NaN NaN NaN NaN NaN NaN NaN NaN NaN NaN NaN NaN NaN NaN NaN NaN NaN NaN NaN NaN NaN NaN NaN NaN NaN NaN NaN NaN NaN NaN NaN NaN NaN"
General-4-20251226-15:26:32-111136,vector,AdhocNetwork1.host[3].rl,rlReward,,,"1 2 3 4 5 6 7 8 9 10 11 12 13 14 15 16 17 18 19 20 21 22 23 24 25 26 27 28 29 30 31 32 33 34 35 36 37 38 39 40 41 42 43 44 45 46 47 48 49 50","0.33333333333333 0 0 0.069121112134826 -0.66666666666667 0.056097682863123 -0.36273439849906 -0.58696446883151 -0.65836024763556 0.30530086491691 -0.47816655710222 -0.12334326976542 -0.049935802788602 0.066522977078475 -0.50953941778441 -0.57866721168931 -0.40190649145331 -0.59485868387348 -0.483220657037 -0.62066290467405 -0.59921000077854 0.24903885386104 0.28209643270041 0.22093013525371 0.29766946271641 -0.42156422329986 -0.64014816790796 -0.65246682920523 -0.5119830669868 -0.5 -0.52184073874118 0.076797509330844 -0.053508765489441 0.31986418070565 0.31155124391463 -0.57079222435757 -0.45045820137288 -0.57230917815242 -0.49855701096487 -0.46039102511384 -0.52947115704078 0.23206457650855 0.091050884429155 0.26728748468825 0.15101302832477 0.66931744497342 0.25157352784924 0.16479329700549 0.19876416993192 0.25516531284193"
General-4-20251226-15:26:32-111136,vector,AdhocNetwork1.host[4].app[1],e2eDelayPeriodicSec,,,"1 2 3 4 5 6 7 8 9 10 11 12 13 14 15 16 17 18 19 20 21 22 23 24 25 26 27 28 29 30 31 32 33 34 35 36 37 38 39 40 41 42 43 44 45 46 47 48 49 50","NaN NaN NaN NaN NaN NaN NaN NaN NaN NaN NaN NaN NaN NaN NaN NaN NaN NaN NaN NaN NaN NaN NaN NaN NaN NaN NaN NaN NaN NaN NaN NaN NaN NaN NaN NaN NaN NaN NaN NaN NaN NaN NaN NaN NaN NaN NaN NaN NaN NaN"
General-4-20251226-15:26:32-111136,vector,AdhocNetwork1.host[4].rl,rlReward,,,"1 2 3 4 5 6 7 8 9 10 11 12 13 14 15 16 17 18 19 20 21 22 23 24 25 26 27 28 29 30 31 32 33 34 35 36 37 38 39 40 41 42 43 44 45 46 47 48 49 50","0.33333333333333 0 0.10101769216546 0.17346093910883 0.021584637915761 0.066183105276978 0.057250051003797 0 0.069420183927128 -0.64751353777024 -0.66666666666667 0.17604692688702 0.20852894224939 0.20203976500136 0.5118628567446 -0.66666666666667 -0.5 -0.402285314742 -0.306267763228 -0.40120898788182 -0.34706968377105 0.31894061689273 0.1534440356386 0.30045490532094 0.3 0.33442247998699 0.31592066513612 0.41082899132726 0.36141063955418 0.3 0.14670958054287 0.41434433435688 0.31378698938561 0.30217292767794 0.33138135042133 0.34655018291782 0.32942679310076 0.38446344925484 0.35132377501243 0.30820060640898 0.35618733754147 0.30756791828113 0.3 0.34638857573874 0.32051178451123 0.3 0.33639997711195 0.3 0.1 0.36898451023856"
General-4-20251226-15:26:32-111136,vector,AdhocNetwork1.host[5].app[1],e2eDelayPeriodicSec,,,"1 2 3 4 5 6 7 8 9 10 11 12 13 14 15 16 17 18 19 20 21 22 23 24 25 26 27 28 29 30 31 32 33 34 35 36 37 38 39 40 41 42 43 44 45 46 47 48 49 50","NaN NaN NaN NaN NaN NaN NaN NaN NaN NaN NaN NaN NaN NaN NaN NaN NaN NaN NaN NaN NaN NaN NaN NaN NaN NaN NaN NaN NaN NaN NaN NaN NaN NaN NaN NaN NaN NaN NaN NaN NaN NaN NaN NaN NaN NaN NaN NaN NaN NaN"
General-4-20251226-15:26:32-111136,vector,AdhocNetwork1.host[5].rl,rlReward,,,"1 2 3 4 5 6 7 8 9 10 11 12 13 14 15 16 17 18 19 20 21 22 23 24 25 26 27 28 29 30 31 32 33 34 35 36 37 38 39 40 41 42 43 44 45 46 47 48 49 50","0.33333333333333 0 0.035407360859267 0.06833659944175 0.03963769987887 0.045681411548161 0.069016420997273 0.012643730135458 0.030795176314194 0.068756707066377 0.054905349691895 0.023953907559975 0.063625656372275 0.066107076356483 0 0.038849796819201 0.065199058842013 -0.3 0.03714931752359 -0.51716588249857 -0.64724520560244 0.1 0.1 0.1 0.089021429829594 0.23288911730531 0.14057187220308 0.26588462966568 0.23939463660542 0.15978904515674 -0.39583871882164 0.63685195860266 0.57243743442389 0.617219226037 0.044220939929925 -0.2401280703137 -0.37672143118663 -0.34093784808014 -0.64548301571708 -0.62670893404151 -0.32390842277391 0.15140335955622 0.19770719539083 -0.36138508311652 -0.42319828413492 -0.49635872359602 -0.41789403886523 -0.091781695215949 0.25281694030324 0.045919811640985"
General-4-20251226-15:26:32-111136,vector,AdhocNetwork1.host[6].app[1],e2eDelayPeriodicSec,,,"1 2 3 4 5 6 7 8 9 10 11 12 13 14 15 16 17 18 19 20 21 22 23 24 25 26 27 28 29 30 31 32 33 34 35 36 37 38 39 40 41 42 43 44 45 46 47 48 49 50","NaN NaN NaN NaN NaN NaN NaN NaN NaN NaN NaN NaN NaN NaN NaN NaN NaN NaN NaN NaN NaN NaN NaN NaN NaN NaN NaN NaN NaN NaN NaN NaN NaN NaN NaN NaN NaN NaN NaN NaN NaN NaN NaN NaN NaN NaN NaN NaN NaN NaN"
General-4-20251226-15:26:32-111136,vector,AdhocNetwork1.host[6].rl,rlReward,,,"1 2 3 4 5 6 7 8 9 10 11 12 13 14 15 16 17 18 19 20 21 22 23 24 25 26 27 28 29 30 31 32 33 34 35 36 37 38 39 40 41 42 43 44 45 46 47 48 49 50","0.33333333333333 0 0.021504061817979 0.02126920207359 0 0.046867837840455 0.027766304330283 0.032858472842186 0.036318742375066 0.052774981608256 0.073196142246586 -0.58719691965415 -0.6801178544845 -0.37890404511414 -0.59409816566751 0.052490899484902 -0.59517798612217 -0.65841062693422 -0.61347398894348 -0.40597696761814 -0.59401999012197 -0.2 0.33354345580218 0 0.17559874882419 0.38300344785085 0.054140362068057 0.36181224823519 0.76473838693534 -0.69004694829862 -0.69493268682507 0.35351674915479 -0.2 0.3 0.17468804903816 -0.64150155710199 -0.5 -0.59030445184092 -0.67147645764712 -0.6 -0.58486815838342 -0.25578892919817 -0.5 -0.64083162312368 -0.66666666666667 -0.7 -0.41680695148589 -0.6 -0.60567589877619 -0.59567022045531"
General-4-20251226-15:26:32-111136,vector,AdhocNetwork1.host[7].app[1],e2eDelayPeriodicSec,,,"1 2 3 4 5 6 7 8 9 10 11 12 13 14 15 16 17 18 19 20 21 22 23 24 25 26 27 28 29 30 31 32 33 34 35 36 37 38 39 40 41 42 43 44 45 46 47 48 49 50","NaN NaN NaN NaN NaN NaN NaN NaN NaN NaN NaN NaN NaN NaN NaN NaN NaN NaN NaN NaN NaN NaN NaN NaN NaN NaN NaN NaN NaN NaN NaN NaN NaN NaN NaN NaN NaN NaN NaN NaN NaN NaN NaN NaN NaN NaN NaN NaN NaN NaN"
General-4-20251226-15:26:32-111136,vector,AdhocNetwork1.host[7].rl,rlReward,,,"1 2 3 4 5 6 7 8 9 10 11 12 13 14 15 16 17 18 19 20 21 22 23 24 25 26 27 28 29 30 31 32 33 34 35 36 37 38 39 40 41 42 43 44 45 46 47 48 49 50","0.33333333333333 0 0.082087156071692 0.7649039950596 0.095725021258372 0.047462295478722 0.098711812178942 0.7655458147464 -0.61524291593286 -0.53623176007501 -0.595871248887 0.041172998053348 0.42145762236515 0.074221655208649 0.044124601641164 0.11757585105832 0.080061619088403 0.070682661424167 0.1004989579521 0.12829595768483 0.092717810662953 0.095664429123829 0.034103439057442 0.039669178671645 0.10479438220932 0.086081198509283 0.051343421960056 0.075334692882721 0.055958706097887 0.041279544959183 0.11832428121286 0.040708977383931 0.061950544138486 0.061161331292428 0.096161610098907 0.12095912342746 0.092792626843834 0.10579113529989 0.029867136577771 0.10110887989067 0.12190897840081 0.023183593348282 0.030053270262313 0.082555083886889 0 0.08777982537905 0.04626031032494 0 0.13542721692582 0.13214554779005"
General-4-20251226-15:26:32-111136,vector,AdhocNetwork1.host[8].app[1],e2eDelayPeriodicSec,,,"1 2 3 4 5 6 7 8 9 10 11 12 13 14 15 16 17 18 19 20 21 22 23 24 25 26 27 28 29 30 31 32 33 34 35 36 37 38 39 40 41 42 43 44 45 46 47 48 49 50","NaN NaN NaN NaN NaN NaN NaN NaN NaN NaN NaN NaN NaN NaN NaN NaN NaN NaN NaN NaN NaN NaN NaN NaN NaN NaN NaN NaN NaN NaN NaN NaN NaN NaN NaN NaN NaN NaN NaN NaN NaN NaN NaN NaN NaN NaN NaN NaN NaN NaN"
General-4-20251226-15:26:32-111136,vector,AdhocNetwork1.host[8].rl,rlReward,,,"1 2 3 4 5 6 7 8 9 10 11 12 13 14 15 16 17 18 19 20 21 22 23 24 25 26 27 28 29 30 31 32 33 34 35 36 37 38 39 40 41 42 43 44 45 46 47 48 49 50","0.33333333333333 0 -0.2 0.043902744144509 0.09010247389337 0.070501382744373 0.40109733352316 0.38944684153219 0.36999817518421 0.40255724931732 0.12266990155323 0.055692434033989 -0.56582545746903 -0.5406416910549 -0.58061434821746 -0.5894842311069 -0.45830718481653 -0.54205722635724 -0.5663416961699 -0.28734524393753 -0.29216820833631 0.088174082225482 0.76406835968529 0.73087416641026 0.77110089258984 -0.60984041408583 -0.65555935344164 -0.58806034925911 -0.64211465821483 -0.65373760640636 -0.62808715538571 -0.10382358732726 0.209811862281 0.035722848609605 0.36781650676906 0.16698137585905 0.021726889447161 -0.14334105265838 0.1 0.32012066170179 0.24435876712555 0.010995334689265 0.33268862028359 0.1 -0.13885161106346 0.1 0.15176191620813 0.66666666666667 0.59142814092982 0.032271287614703"
General-4-20251226-15:26:32-111136,vector,AdhocNetwork1.host[9].app[1],e2eDelayPeriodicSec,,,"1 2 3 4 5 6 7 8 9 10 11 12 13 14 15 16 17 18 19 20 21 22 23 24 25 26 27 28 29 30 31 32 33 34 35 36 37 38 39 40 41 42 43 44 45 46 47 48 49 50","NaN NaN NaN NaN NaN NaN NaN NaN NaN NaN NaN NaN NaN NaN NaN NaN NaN NaN NaN NaN NaN NaN NaN NaN NaN NaN NaN NaN NaN NaN NaN NaN NaN NaN NaN NaN NaN NaN NaN NaN NaN NaN NaN NaN NaN NaN NaN NaN NaN NaN"
General-4-20251226-15:26:32-111136,vector,AdhocNetwork1.host[9].rl,rlReward,,,"1 2 3 4 5 6 7 8 9 10 11 12 13 14 15 16 17 18 19 20 21 22 23 24 25 26 27 28 29 30 31 32 33 34 35 36 37 38 39 40 41 42 43 44 45 46 47 48 49 50","0.33333333333333 0 0.07314158694155 0.11735738443471 0.082192613706212 -0.58091617825401 -0.54877856480862 -0.60635837453393 -0.61747599090931 -0.35097964522922 -0.51048489523745 0.080025386270543 0.11137409520874 0.21808005074356 0.078590871791359 -0.12105703762962 -0.025570455989425 0.089277199032466 -0.20339184610045 -0.014923652289948 -0.58559529181601 0.2056541290868 0.1 -0.13202764091723 -0.63306617310366 -0.46421238572302 -0.69492258134122 -0.38770982446857 -0.63485776063466 -0.53751511870074 -0.32935065506979 0.074264287001564 0.34732393050312 0.26153148838422 -0.4799078240193 -0.34947611859344 -0.58859039171327 -0.31448645390286 -0.6101127712667 -0.68272978806388 -0.35245246818529 0.7162861423988 0.74361921013246 0.14054830176662 -0.53128346181045 -0.66933831586923 -0.5 -0.66351447207464 -0.59364456629677 -0.38516692566228"
General-4-20251226-15:26:32-111136,vector,AdhocNetwork1.host[10].app[1],e2eDelayPeriodicSec,,,"1 2 3 4 5 6 7 8 9 10 11 12 13 14 15 16 17 18 19 20 21 22 23 24 25 26 27 28 29 30 31 32 33 34 35 36 37 38 39 40 41 42 43 44 45 46 47 48 49 50","NaN 0.013698690478 0.013698690478 0.013698690478 NaN 0.013174678058 0.013174678058 0.013174678058 NaN NaN NaN NaN NaN NaN NaN NaN NaN NaN NaN 9.006014180357 9.006014180357 9.006014180357 0.006498110559 0.006498110559 0.006498110559 NaN 0.007658024929 0.007658024929 0.007658024929 NaN 0.006197958855 0.006197958855 0.006197958855 0.007337912972 0.007337912972 0.007337912972 NaN 0.006737867933 0.006737867933 0.006737867933 NaN NaN 0.006197734003 0.006197734003 0.006197734003 NaN NaN NaN NaN NaN"
General-4-20251226-15:26:32-111136,vector,AdhocNetwork1.host[10].rl,rlReward,,,"1 2 3 4 5 6 7 8 9 10 11 12 13 14 15 16 17 18 19 20 21 22 23 24 25 26 27 28 29 30 31 32 33 34 35 36 37 38 39 40 41 42 43 44 45 46 47 48 49 50","0.33333333333333 0 0 0.093718253682549 -0.63996218353144 -0.59218797788566 -0.22733528626548 0.083213651161467 0.010129200649853 -0.51107071772602 -0.57582159580785 0.19490906493327 0.23644959846657 -0.44792979370263 -0.41392190150435 -0.37726533213079 -0.63320692221236 -0.60432992887081 0.089364196027147 0.26747485044654 0.11413491349132 0.24698198048238 0.29951586080813 -0.697008904139 -0.48753760696698 -0.35682568213293 -0.55693389465349 -0.34359772865696 0.35834884252257 -0.68314095253919 -0.42043491517991 0.21682209012661 0.095368394821617 -0.066184713689791 0.26192767201392 -0.047389846530094 0.28252085214146 0.13573286305536 -0.088970048593268 0.30203681748613 0.72546751059388 -0.078744112316078 -0.59095332408038 -0.37090324697723 -0.40300535124702 -0.45808232225898 0.08925555434617 -0.3 -0.31265687715241 -0.31131246163761"
General-4-20251226-15:26:32-111136,vector,AdhocNetwork1.host[11].app[1],e2eDelayPeriodicSec,,,"1 2 3 4 5 6 7 8 9 10 11 12 13 14 15 16 17 18 19 20 21 22 23 24 25 26 27 28 29 30 31 32 33 34 35 36 37 38 39 40 41 42 43 44 45 46 47 48 49 50","NaN NaN NaN NaN NaN NaN NaN NaN NaN NaN NaN NaN NaN NaN NaN NaN NaN NaN NaN NaN NaN NaN 0.013441551213 0.013441551213 0.013441551213 NaN NaN NaN 3.007117010306 3.007117010306 3.007117010306 NaN NaN NaN NaN NaN NaN NaN NaN 0.006996532647 0.006996532647 0.006996532647 0.007656538342 0.007656538342 0.007656538342 NaN 0.006836689653 0.006836689653 0.006836689653 0.006496876986"
General-4-20251226-15:26:32-111136,vector,AdhocNetwork1.host[11].rl,rlReward,,,"1 2 3 4 5 6 7 8 9 10 11 12 13 14 15 16 17 18 19 20 21 22 23 24 25 26 27 28 29 30 31 32 33 34 35 36 37 38 39 40 41 42 43 44 45 46 47 48 49 50","0.33333333333333 0 0 0.12298468392196 0.054534170678589 0.29422340948807 0.13827369857066 0.044133062974121 0.10923924226983 0.11910038720249 0.087294844953016 0.097590000914418 -0.54995278401455 -0.56717000179968 -0.6553676746219 -0.33980595972586 0.062089824779617 0.075865421205807 0.12285335034676 -0.60805402586497 -0.30781831827622 0.098504925390733 0.04161662991598 0.22510733127152 -0.61856432173382 -0.39529118829316 -0.34327381424904 -0.53150643430183 -0.59502297699545 -0.37265760159627 -0.56458446991555 0.12566342111447 -0.10342970286547 0.081739094128878 0.27642873219114 0.12522570514877 0.11334143401059 0.40441659152616 0.26635759920614 -0.09545692107106 0.30715486757274 0.081076862892355 0.23818900161067 0.081879241363485 0.22644382544813 -0.062900620607286 0.24847924566648 0.0090367654471211 0.24106842265986 0.24763287559057"
General-4-20251226-15:26:32-111136,vector,AdhocNetwork1.host[12].app[1],e2eDelayPeriodicSec,,,"1 2 3 4 5 6 7 8 9 10 11 12 13 14 15 16 17 18 19 20 21 22 23 24 25 26 27 28 29 30 31 32 33 34 35 36 37 38 39 40 41 42 43 44 45 46 47 48 49 50","NaN NaN NaN NaN NaN NaN 0.013015765985 0.013015765985 0.013015765985 NaN 0.013416636569 0.013416636569 0.013416636569 NaN NaN 0.009880277895 0.009880277895 0.009880277895 NaN NaN NaN NaN NaN NaN NaN 0.006937725877 0.006937725877 0.006937725877 NaN 0.006557573313 0.006557573313 0.006557573313 NaN NaN NaN NaN NaN NaN NaN NaN NaN NaN NaN 9.006937189456 9.006937189456 9.006937189456 NaN NaN 0.006817311601 0.006817311601"
General-4-20251226-15:26:32-111136,vector,AdhocNetwork1.host[12].rl,rlReward,,,"1 2 3 4 5 6 7 8 9 10 11 12 13 14 15 16 17 18 19 20 21 22 23 24 25 26 27 28 29 30 31 32 33 34 35 36 37 38 39 40 41 42 43 44 45 46 47 48 49 50","0.33333333333333 0 0.0055605591395795 0.70032279533423 0.00075530135854557 0.044257439539493 0 0 0.082515789719202 0.048586426457497 0 0.075474653739431 0.068754556419062 0.085482209286946 0.020443608506088 0 0.059188870640512 -0.092161799927634 0.10651468659879 0.087490058434086 0.08833512271867 0.043813138181469 0.0037570241730407 0.0052312093198357 0.021072379412065 0.054490829286645 0 0.042671047160897 0 0 0.10945848204488 0.067534351858363 0.035344660630953 0.023823844206966 0.069524750270524 0.053829687940226 0.045394526450049 0.10019565073267 0.045245525561189 0.0011813215564128 0.059486122792571 0.070071316711251 -0.1954064965991 0.03002440235058 0 0.032955158270782 0.033268800360109 0 -0.67586956630538 -0.48503559019741"
General-4-20251226-15:26:32-111136,vector,AdhocNetwork1.host[13].app[1],e2eDelayPeriodicSec,,,"1 2 3 4 5 6 7 8 9 10 11 12 13 14 15 16 17 18 19 20 21 22 23 24 25 26 27 28 29 30 31 32 33 34 35 36 37 38 39 40 41 42 43 44 45 46 47 48 49 50","NaN NaN NaN NaN NaN NaN NaN NaN NaN NaN NaN NaN NaN NaN NaN NaN NaN NaN NaN NaN NaN NaN NaN NaN NaN NaN NaN NaN NaN NaN NaN NaN NaN NaN NaN NaN NaN NaN NaN NaN NaN NaN NaN NaN NaN NaN NaN NaN NaN NaN"
General-4-20251226-15:26:32-111136,vector,AdhocNetwork1.host[13].rl,rlReward,,,"1 2 3 4 5 6 7 8 9 10 11 12 13 14 15 16 17 18 19 20 21 22 23 24 25 26 27 28 29 30 31 32 33 34 35 36 37 38 39 40 41 42 43 44 45 46 47 48 49 50","0.33333333333333 0 0 0.0025038832718663 0.096017183246815 0.40239872630779 0.37878747523756 0.37158491862767 0.06834118063021 0.35537788672159 0.76648510398127 -0.6003829117634 -0.57562781175426 -0.55405071449166 -0.6128867009242 -0.67714896866649 -0.36359657405308 -0.52272469880311 -0.38183795503827 -0.56498833683372 0.089565361859869 -0.16842633610399 0.04439106600217 0.3 0.3417166702481 0.17723867724901 -0.12256742039412 0.36751050325012 0.09450173402691 0.12681583293471 0.39251569237337 0.07560923725806 0.35061397347828 0.36808286815376 0.40095058053239 -0.19080537589907 -0.21899994894349 -0.59620232334826 -0.61017924690407 -0.59713164010515 -0.56981535703227 0.40125564408083 -0.61338368218465 -0.58056568697771 -0.59600552666977 -0.54106015484573 -0.34913079558178 -0.63398212664826 -0.44125597314685 -0.57419048513961"
General-4-20251226-15:26:32-111136,vector,AdhocNetwork1.host[14].app[1],e2eDelayPeriodicSec,,,"1 2 3 4 5 6 7 8 9 10 11 12 13 14 15 16 17 18 19 20 21 22 23 24 25 26 27 28 29 30 31 32 33 34 35 36 37 38 39 40 41 42 43 44 45 46 47 48 49 50","NaN NaN NaN NaN 3.016381401251 3.016381401251 3.016381401251 NaN 0.006456398535 0.006456398535 0.006456398535 0.006916367468 0.006916367468 0.006916367468 0.006256355895 0.006256355895 0.006256355895 NaN NaN 0.006596376771 0.006596376771 0.006596376771 NaN 0.007156421939 0.007156421939 0.007156421939 NaN 0.006876486687 0.006876486687 0.006876486687 0.006716549283 0.006716549283 0.006716549283 NaN 0.007116630938 0.007116630938 0.007116630938 NaN NaN NaN NaN 3.008581648628 3.008581648628 3.008581648628 0.006676850043 0.006676850043 0.006676850043 NaN NaN NaN"
General-4-20251226-15:26:32-111136,vector,AdhocNetwork1.host[14].rl,rlReward,,,"1 2 3 4 5 6 7 8 9 10 11 12 13 14 15 16 17 18 19 20 21 22 23 24 25 26 27 28 29 30 31 32 33 34 35 36 37 38 39 40 41 42 43 44 45 46 47 48 49 50","0.33333333333333 0 0.3577905204836 0.10434887227165 0.07561680908774 0.0568957934345 -0.092280440664336 0.073913731587174 0.13117436215474 0.027089429906913 0.12319113531244 0.021046736247731 0.067477229080371 0.070698108002025 0.086473525648629 0.069327850898745 -0.57551485520266 -0.63920705777644 -0.57843894080727 -0.62253000254946 -0.3978999284918 0.38202665473745 0.66666666666667 0.77403328867361 0.75766434577522 -0.21220200539048 -0.61877399622968 -0.57174799198875 -0.60479304539623 -0.63926555201756 -0.57390168289993 0.34629340903184 0.40072560607089 -0.059434936391969 0.24986931280882 0.38885704956865 0.78790333299395 -0.2269510259556 0.0091893845512809 -0.55380781385559 -0.47629822529739 0.35893974831577 0.35765922031887 0.025344681820361 0.05123914530613 -0.028049157073828 -0.69344056937244 -0.64622833434677 -0.41282356287429 -0.27902922956597"
General-4-20251226-15:26:32-111136,vector,AdhocNetwork1.host[15].app[1],e2eDelayPeriodicSec,,,"1 2 3 4 5 6 7 8 9 10 11 12 13 14 15 16 17 18 19 20 21 22 23 24 25 26 27 28 29 30 31 32 33 34 35 36 37 38 39 40 41 42 43 44 45 46 47 48 49 50","NaN NaN NaN NaN 0.029378826586 0.029378826586 0.029378826586 0.007016364951 0.007016364951 0.007016364951 NaN NaN 0.006756228201 0.006756228201 0.006756228201 NaN NaN 0.006156757389 0.006156757389 0.006156757389 0.006597152847 0.006597152847 0.006597152847 NaN 0.007157500697 0.007157500697 0.007157500697 NaN 0.006877670058 0.006877670058 0.006877670058 NaN 0.006537703748 0.006537703748 0.006537703748 NaN 0.006817735863 0.006817735863 0.006817735863 NaN NaN 0.006357770133 0.006357770133 0.006357770133 NaN NaN 0.006317817336 0.006317817336 0.006317817336 NaN"
General-4-20251226-15:26:32-111136,vector,AdhocNetwork1.host[15].rl,rlReward,,,"1 2 3 4 5 6 7 8 9 10 11 12 13 14 15 16 17 18 19 20 21 22 23 24 25 26 27 28 29 30 31 32 33 34 35 36 37 38 39 40 41 42 43 44 45 46 47 48 49 50","0.33333333333333 0.3 0 0.041201918443403 0 0.07072258858396 0.13191432276033 0 0.043084734248572 0.053890360908775 0.1072872929328 0 0.42128186886197 0.83607146848472 -0.19391139988967 -0.19395360048963 -0.2021528149148 0.078131679824594 -0.16213776076934 -0.17108153194982 -0.60480263072315 0.36397432216236 0.36871377030912 0.3 0.41556612601369 0.84118989593845 0.3805456065547 0.4565208826251 0.13145399105224 0.35571594311265 0.43441392584655 0.44397569549856 0.4099402388495 0.80954785457661 0.81642221884557 -0.047420684779399 0.42940659915928 0.42564972079931 -0.61010959775515 -0.56603990771634 -0.57844683503074 0.17498048220785 0.41043099886036 0.42383884215154 0.35903485622845 0.41522663107809 0.402585050239 0.30806593269083 0.40777418101849 0.39736096820787"
General-4-20251226-15:26:32-111136,vector,AdhocNetwork1.host[16].app[1],e2eDelayPeriodicSec,,,"1 2 3 4 5 6 7 8 9 10 11 12 13 14 15 16 17 18 19 20 21 22 23 24 25 26 27 28 29 30 31 32 33 34 35 36 37 38 39 40 41 42 43 44 45 46 47 48 49 50","NaN NaN NaN NaN NaN NaN NaN NaN NaN NaN NaN NaN NaN NaN NaN NaN NaN 6.02593428423 6.02593428423 6.02593428423 NaN NaN NaN NaN NaN NaN NaN NaN NaN NaN NaN NaN NaN NaN NaN NaN 0.0070379165 0.0070379165 0.0070379165 NaN NaN 0.006897468623 0.006897468623 0.006897468623 NaN 0.00615740983 0.00615740983 0.00615740983 NaN 0.009939761159"
General-4-20251226-15:26:32-111136,vector,AdhocNetwork1.host[16].rl,rlReward,,,"1 2 3 4 5 6 7 8 9 10 11 12 13 14 15 16 17 18 19 20 21 22 23 24 25 26 27 28 29 30 31 32 33 34 35 36 37 38 39 40 41 42 43 44 45 46 47 48 49 50","0.33333333333333 0 0.026118876959638 0.053187780206673 0.062492516694709 -0.63535342791633 -0.60951260702383 -0.68527885398881 -0.5 -0.51464720865634 -0.60207140551136 0 -0.087771185773542 0.089549514778642 0.10611510234004 0.69356309613854 0.37275721297521 0.11309011986742 0.088429659581939 -0.1031805428971 0.35201109326083 0.01791013758216 0.10596203221767 0.3 0.76608396945078 0.37859595639719 -0.6969884593569 -0.41228822084495 -0.23374415571811 -0.29350345376824 -0.21005447623223 -0.23827796507943 -0.27942823639417 0.061558744750162 -0.22542810324118 -0.6166314169858 -0.52345392180143 -0.41691237784387 -0.68285436172476 -0.58297876189486 -0.59605436604483 0.0081395079039125 0.19467467596804 0.20563517668359 -0.16423052673232 0.072501467832645 0.3094696943358 0 0.12127842681927 0.41629143278003"
General-4-20251226-15:26:32-111136,vector,AdhocNetwork1.host[17].app[1],e2eDelayPeriodicSec,,,"1 2 3 4 5 6 7 8 9 10 11 12 13 14 15 16 17 18 19 20 21 22 23 24 25 26 27 28 29 30 31 32 33 34 35 36 37 38 39 40 41 42 43 44 45 46 47 48 49 50","NaN NaN NaN NaN NaN NaN NaN NaN NaN NaN NaN NaN NaN NaN NaN NaN NaN 3.017300694611 3.017300694611 3.017300694611 NaN 0.019474413011 0.019474413011 0.019474413011 NaN NaN NaN NaN NaN NaN NaN NaN NaN NaN NaN NaN NaN NaN NaN NaN NaN NaN NaN NaN NaN NaN NaN 13.666745377936 13.666745377936 13.666745377936"
General-4-20251226-15:26:32-111136,vector,AdhocNetwork1.host[17].rl,rlReward,,,"1 2 3 4 5 6 7 8 9 10 11 12 13 14 15 16 17 18 19 20 21 22 23 24 25 26 27 28 29 30 31 32 33 34 35 36 37 38 39 40 41 42 43 44 45 46 47 48 49 50","0.33333333333333 0 0.030766437108357 0.030492056132265 0 0.06929275221613 0.064911448377415 0.026463358204417 0.0017341474288002 0.069455449287562 0.066512537471582 0.074891793712911 0.66666666666667 0.078699915542377 0.033173634898106 0.059833270493095 0.021424795956565 0.74071628376943 -0.64615007952257 -0.68834433249556 -0.63679669825196 0.5 0.35112452814145 0.13257824841066 0.1064664260216 0.22858672774593 -0.41108081963473 -0.55752937886487 -0.36765675061514 -0.64221184551675 -0.59166012583674 0.19731891434138 0.16285891837825 0.17338370937972 0.1 0.13271615450628 0.13708612924154 0.17488294491964 0.12259476305273 0.17558424139819 0.21476359700992 0.19032499125254 0.1 0.18627727951338 0.17724673423143 0.15557502456025 0.18997249130395 0.13868053983141 0.027734893625022 0.36044164024954"
General-4-20251226-15:26:32-111136,vector,AdhocNetwork1.host[18].app[1],e2eDelayPeriodicSec,,,"1 2 3 4 5 6 7 8 9 10 11 12 13 14 15 16 17 18 19 20 21 22 23 24 25 26 27 28 29 30 31 32 33 34 35 36 37 38 39 40 41 42 43 44 45 46 47 48 49 50","NaN NaN NaN NaN NaN NaN NaN NaN NaN NaN NaN NaN NaN NaN NaN NaN NaN NaN NaN NaN NaN NaN NaN NaN NaN NaN NaN NaN NaN NaN NaN NaN NaN NaN NaN NaN NaN NaN NaN NaN NaN NaN NaN NaN NaN NaN NaN NaN NaN NaN"
General-4-20251226-15:26:32-111136,vector,AdhocNetwork1.host[18].rl,rlReward,,,"1 2 3 4 5 6 7 8 9 10 11 12 13 14 15 16 17 18 19 20 21 22 23 24 25 26 27 28 29 30 31 32 33 34 35 36 37 38 39 40 41 42 43 44 45 46 47 48 49 50","0.33333333333333 0 0.065981152037444 0.75313664116694 -0.65064105962461 -0.61035616916609 -0.62505098061097 0 -0.56196115868446 -0.64226571197452 -0.5 -0.076292292067981 -0.052305211151593 0.088340448282644 -0.12268181608468 0.091776929415704 -0.13006525794026 0.26413285988354 0.13209313810585 -0.10580116948856 0.23483027785392 0.38080496662099 0.12960364136581 0.043993508328049 -0.10088544483049 0.35202413936512 0.20475450196337 0.11461595869339 0.1864558908539 0.17657374846216 0.28447002926734 0.19868686472384 0.12967456377535 0.21193140333744 0.16607818396795 0.23020679587245 0.2342188568826 0.20825954142981 0.2111863155142 0.21882001473783 0.19956522109699 0.21942442285299 0.17666335677167 0.035764665174297 0.16746234696 0.19420473904116 0.021037105938673 0.11148746381675 0.15120224878544 0.1"
General-4-20251226-15:26:32-111136,vector,AdhocNetwork1.host[19].app[1],e2eDelayPeriodicSec,,,"1 2 3 4 5 6 7 8 9 10 11 12 13 14 15 16 17 18 19 20 21 22 23 24 25 26 27 28 29 30 31 32 33 34 35 36 37 38 39 40 41 42 43 44 45 46 47 48 49 50","NaN NaN NaN NaN NaN NaN NaN NaN NaN NaN NaN NaN NaN NaN NaN NaN NaN NaN NaN NaN NaN NaN 0.012398303759 0.012398303759 0.012398303759 0.006878147301 0.006878147301 0.006878147301 NaN NaN NaN 3.007336526732 3.007336526732 3.007336526732 NaN NaN 0.006697167932 0.006697167932 0.006697167932 0.009842192341 0.009842192341 0.009842192341 NaN 0.006716551773 0.006716551773 0.006716551773 0.008559258043 0.008559258043 0.008559258043 NaN"
General-4-20251226-15:26:32-111136,vector,AdhocNetwork1.host[19].rl,rlReward,,,"1 2 3 4 5 6 7 8 9 10 11 12 13 14 15 16 17 18 19 20 21 22 23 24 25 26 27 28 29 30 31 32 33 34 35 36 37 38 39 40 41 42 43 44 45 46 47 48 49 50","0.33333333333333 0 0 0 0.10690534525822 0.11117029041604 0.083184205829229 0.054653684305797 0 0.031029972671993 0.096696826432328 0.028036344064166 0.058227090150384 0.097185997059452 0.041300519158199 -0.66666666666667 0.11824011732726 -0.62551504353706 -0.63520812020974 -0.35704871537097 -0.5039924520744 0.027671606002559 0.0066883425792796 0 0.3340895157936 0.051218109068749 0.1 0.084297015045014 0.065084473391869 0.26207151042291 0.068229450448478 0.64476915843537 0.57867253807692 -0.022652202206044 0.060334983644713 -0.46638144261517 -0.47675840699479 -0.59937595107519 -0.35876626103127 -0.45505680363316 -0.30810235592511 0.26052874666978 0.18049505901673 -0.12365135601425 0.75831191224592 0.043396309757838 0.068058988957354 -0.18057014617465 0.069759216316565 0.11961521260703"
General-4-20251226-15:26:32-111136,vector,AdhocNetwork1.host[20].app[1],e2eDelayPeriodicSec,,,"1 2 3 4 5 6 7 8 9 10 11 12 13 14 15 16 17 18 19 20 21 22 23 24 25 26 27 28 29 30 31 32 33 34 35 36 37 38 39 40 41 42 43 44 45 46 47 48 49 50","NaN NaN NaN NaN NaN NaN NaN NaN NaN NaN NaN NaN NaN NaN NaN NaN NaN NaN NaN NaN NaN NaN NaN NaN NaN NaN NaN NaN NaN NaN NaN NaN NaN NaN NaN NaN NaN NaN NaN NaN NaN 12.017314573224 12.017314573224 12.017314573224 NaN NaN NaN NaN NaN NaN"
General-4-20251226-15:26:32-111136,vector,AdhocNetwork1.host[20].rl,rlReward,,,"1 2 3 4 5 6 7 8 9 10 11 12 13 14 15 16 17 18 19 20 21 22 23 24 25 26 27 28 29 30 31 32 33 34 35 36 37 38 39 40 41 42 43 44 45 46 47 48 49 50","0.33333333333333 0 0.071716684468933 0.054704724298479 0.083416929983167 -0.59239990727037 0.080901070891772 -0.22409941591133 -0.64908498294797 -0.63429701827843 -0.36980649499092 -0.13847158703724 0.069790183925189 0.1001379986931 -0.55783830718635 -0.66666666666667 -0.30557836612385 -0.56767000365393 -0.48559626229635 -0.54192609171182 -0.62826477459702 0.20178989254223 0.046148435648019 -0.036039150174896 -0.57365233260575 -0.59628048563633 -0.41951673301713 -0.63632460284911 -0.61218233742517 -0.45866589038866 -0.51678360864838 0.055588755627242 0.20831026372271 0.33124172882711 0.11221900154845 -0.1007126076056 0.1665170453707 0.77210608083549 -0.25422058139431 -0.055749310800562 0.096570070580796 0.13419796692196 -0.1 -0.57036122737663 -0.6360228338531 -0.7 -0.39843298768932 -0.66666666666667 -0.58508231062601 -0.39595822420315"
General-4-20251226-15:26:32-111136,vector,AdhocNetwork1.host[21].app[1],e2eDelayPeriodicSec,,,"1 2 3 4 5 6 7 8 9 10 11 12 13 14 15 16 17 18 19 20 21 22 23 24 25 26 27 28 29 30 31 32 33 34 35 36 37 38 39 40 41 42 43 44 45 46 47 48 49 50","NaN 0 0 0 NaN 0 0 0 NaN 0 0 0 NaN 0 0 0 NaN 0 0 0 0 0 0 NaN NaN 0 0 0 0 0 0 NaN 0 0 0 NaN NaN 0 0 0 NaN 0 0 0 NaN NaN 0 0 0 NaN"
General-4-20251226-15:26:32-111136,vector,AdhocNetwork1.host[21].rl,rlReward,,,"1 2 3 4 5 6 7 8 9 10 11 12 13 14 15 16 17 18 19 20 21 22 23 24 25 26 27 28 29 30 31 32 33 34 35 36 37 38 39 40 41 42 43 44 45 46 47 48 49 50","0.33333333333333 0 0 0.11830012487535 -0.59826474445838 0.10347223841004 -0.56927551868785 -0.57958483782306 -0.35459178078115 -0.47302728573808 -0.5257687279989 0.087243901477612 -0.2978066265772 -0.54897925574712 -0.464003452045 -0.5751662350443 -0.59951592954537 -0.5432515448356 -0.27010274882369 -0.53648584550415 -0.58439879607097 -0.028568264730589 0.69072400557347 0.076591961061912 0.29482672854175 0.30689589531707 0.10607042903213 0.16191110692855 -0.02796017469566 0.087804977647849 0.1693230995412 0.15017517623175 0.096006274755472 0.13179337951964 0.15863740176395 0.14506109016917 0.75535363453717 -0.2253140620048 -0.2636857253082 -0.25003470691934 -0.22260882124106 0.363159747822 0.16511246824455 0.35050568352859 0.34168671737771 0.18020629340309 0.37553353124703 0.3516987084446 0.1950035307665 0.20311298478082"
General-4-20251226-15:26:32-111136,vector,AdhocNetwork1.host[22].app[1],e2eDelayPeriodicSec,,,"1 2 3 4 5 6 7 8 9 10 11 12 13 14 15 16 17 18 19 20 21 22 23 24 25 26 27 28 29 30 31 32 33 34 35 36 37 38 39 40 41 42 43 44 45 46 47 48 49 50","NaN NaN NaN NaN 0.012276361013 0.012276361013 0.012276361013 0.006797139144 0.006797139144 0.006797139144 NaN 0.007357279318 0.007357279318 0.007357279318 NaN 0.006757409862 0.006757409862 0.006757409862 NaN 0.006497528104 0.006497528104 0.006497528104 NaN NaN 0.007137685243 0.007137685243 0.007137685243 0.006277800967 0.006277800967 0.006277800967 NaN NaN NaN NaN 3.006334055601 3.006334055601 3.006334055601 NaN NaN NaN NaN NaN NaN NaN NaN NaN NaN NaN NaN NaN"
General-4-20251226-15:26:32-111136,vector,AdhocNetwork1.host[22].rl,rlReward,,,"1 2 3 4 5 6 7 8 9 10 11 12 13 14 15 16 17 18 19 20 21 22 23 24 25 26 27 28 29 30 31 32 33 34 35 36 37 38 39 40 41 42 43 44 45 46 47 48 49 50","0.33333333333333 0 0.040403044114838 0.03981470906836 0.0077328711790799 0.06533318152267 0.040770484767885 0.045284494602936 0 0.065244549613834 0.084391374954664 0.38167743003495 0.30529803208834 0.38276179860239 0.36296899983041 0.3584756362168 0.32996668121373 0.36500124068663 0.35907912381527 0.32239302757013 0.37580948547676 0.3 0.36607221690916 0.34651932421598 0.31934066398966 0.39961279876757 0.38973202933505 0.35827932440426 0.40663504856777 0.35759875889661 0.36778774934795 0.38700138181036 0.35051869784481 0.37788553890341 0.35211029415229 0.34869073387802 0.34912837958716 0.37627649013927 0.30494604181069 0.3 0.36442862825343 0.36797851161335 0.3 0.36571949592791 0.34368273232674 0.3 0.32376342468442 0.3 0.3 0.35711965256034"
General-4-20251226-15:26:32-111136,vector,AdhocNetwork1.host[23].app[1],e2eDelayPeriodicSec,,,"1 2 3 4 5 6 7 8 9 10 11 12 13 14 15 16 17 18 19 20 21 22 23 24 25 26 27 28 29 30 31 32 33 34 35 36 37 38 39 40 41 42 43 44 45 46 47 48 49 50","NaN NaN NaN NaN NaN NaN NaN NaN NaN NaN NaN NaN NaN NaN NaN NaN NaN NaN NaN NaN NaN NaN NaN NaN NaN NaN NaN NaN NaN NaN NaN NaN NaN NaN NaN NaN NaN NaN NaN NaN NaN NaN NaN NaN NaN NaN NaN NaN NaN NaN"
General-4-20251226-15:26:32-111136,vector,AdhocNetwork1.host[23].rl,rlReward,,,"1 2 3 4 5 6 7 8 9 10 11 12 13 14 15 16 17 18 19 20 21 22 23 24 25 26 27 28 29 30 31 32 33 34 35 36 37 38 39 40 41 42 43 44 45 46 47 48 49 50","0.33333333333333 0 0.039240173945242 0.033990036378371 0.016670622637113 0.050771241749862 0.035021273512574 0.038639363315897 0.03711693083642 0.045358750531222 0.08321135344431 0.068160330810003 0.060408674589269 0.091658536035609 0.1 0.039699464771238 0.22167664071832 0.1074312661335 0.16918424565506 0.19409472617877 0.21518757178035 0.1 0.20531543221681 0.14652668507669 0.3481885848925 0.38909472175911 0.36431416270707 0.3796311062395 0.39172532418617 0.36046001629365 0.36268097915084 0.093890390811967 0.36520788545154 0.36936973034188 0.36012107957811 0.38148758441167 0.30861204492588 0.37606999926599 0.31388057642781 0.31488745545533 0.33344399142286 0.3468305051789 0.3 0.31665099599319 0.043965555938164 0.31389784146603 0.3 0.3 0.32686157434881 0.33527563043542"
General-4-20251226-15:26:32-111136,vector,AdhocNetwork1.host[24].app[1],e2eDelayPeriodicSec,,,"1 2 3 4 5 6 7 8 9 10 11 12 13 14 15 16 17 18 19 20 21 22 23 24 25 26 27 28 29 30 31 32 33 34 35 36 37 38 39 40 41 42 43 44 45 46 47 48 49 50","NaN 0.012233244478 0.012233244478 0.012233244478 0.00627619414 0.00627619414 0.00627619414 NaN NaN 0.006636625013 0.006636625013 0.006636625013 NaN 0.006636944126 0.006636944126 0.006636944126 NaN NaN 0.007097379365 0.007097379365 0.007097379365 NaN 0.006757774131 0.006757774131 0.006757774131 0.006258085522 0.006258085522 0.006258085522 NaN NaN NaN NaN NaN NaN NaN NaN NaN NaN NaN NaN NaN NaN NaN NaN NaN NaN NaN NaN NaN NaN"
General-4-20251226-15:26:32-111136,vector,AdhocNetwork1.host[24].rl,rlReward,,,"1 2 3 4 5 6 7 8 9 10 11 12 13 14 15 16 17 18 19 20 21 22 23 24 25 26 27 28 29 30 31 32 33 34 35 36 37 38 39 40 41 42 43 44 45 46 47 48 49 50","0.33333333333333 0 0.038547360759626 0.094063450674265 0.080418207864448 0.016302447607387 0.094599541733067 0.089258600389598 0.052669736978023 0.091717276718209 0.047952505345303 0.035230253960929 0.10386518784793 0.051824553576428 0.033781350638716 0.089509458205949 0.24938417634494 0.060419891388093 0.065182586162527 0.090913532248247 0.34194137703684 0.069413827783344 0.1 0.30404212869478 -0.25566393172259 -0.24838294255449 -0.3 -0.017861356928816 -0.37031935263403 -0.65700139907884 -0.54692659008218 -0.32920423355487 -0.63680416510691 -0.62140934266721 -0.42921468548219 -0.5219321041342 -0.59519304696362 -0.28426204162917 -0.53234516223608 -0.54723168265921 -0.27473592660912 0.42190383154988 0.071056176886637 0.25350709210627 -0.062890373550387 0.11295825877522 0.20832868124053 0.085058045610941 0.27689368713387 0.28372836594593"
